Data;Ordem de Venda;Cliente ID;Produto SKU;Qtde;Vencimento;Pagamento;Previsão de Entrega;Entrega Efetiva
2022-01-03 00:00:00;SO519345;C0019;VS005;703;2022-03-07 00:00:00;2022-03-13 00:00:00;2022-01-07 00:00:00;2022-01-13 00:00:00
2022-01-03 00:00:00;SO112796;C0015;AL001;469;2022-02-14 00:00:00;2022-02-12 00:00:00;2022-01-07 00:00:00;2022-01-05 00:00:00
2022-01-03 00:00:00;SO875169;C0028;CT001;592;2022-01-17 00:00:00;2022-01-27 00:00:00;2022-01-11 00:00:00;2022-01-21 00:00:00
2022-01-03 00:00:00;SO162262;C0027;AS005;471;2022-02-14 00:00:00;2022-02-09 00:00:00;2022-01-11 00:00:00;2022-01-06 00:00:00
2022-01-03 00:00:00;SO519345;C0019;CS001;353;2022-03-07 00:00:00;2022-03-04 00:00:00;2022-01-07 00:00:00;2022-01-04 00:00:00
2022-01-03 00:00:00;SO162262;C0027;CT001;589;2022-02-14 00:00:00;2022-02-20 00:00:00;2022-01-11 00:00:00;2022-01-17 00:00:00
2022-01-03 00:00:00;SO875169;C0028;VS005;869;2022-01-17 00:00:00;2022-01-20 00:00:00;2022-01-11 00:00:00;2022-01-14 00:00:00
2022-01-03 00:00:00;SO112796;C0015;AS002;675;2022-02-14 00:00:00;2022-02-22 00:00:00;2022-01-07 00:00:00;2022-01-15 00:00:00
2022-01-03 00:00:00;SO162262;C0027;CS002;841;2022-02-14 00:00:00;2022-02-17 00:00:00;2022-01-11 00:00:00;2022-01-14 00:00:00
2022-01-03 00:00:00;SO875169;C0028;CT003;835;2022-01-17 00:00:00;2022-01-21 00:00:00;2022-01-11 00:00:00;2022-01-15 00:00:00
2022-01-03 00:00:00;SO875169;C0028;AS005;991;2022-01-17 00:00:00;2022-01-27 00:00:00;2022-01-11 00:00:00;2022-01-21 00:00:00
2022-01-03 00:00:00;SO875169;C0028;VS002;951;2022-01-17 00:00:00;2022-01-24 00:00:00;2022-01-11 00:00:00;2022-01-18 00:00:00
2022-01-03 00:00:00;SO112796;C0015;CT001;1072;2022-02-14 00:00:00;2022-02-12 00:00:00;2022-01-07 00:00:00;2022-01-05 00:00:00
2022-01-03 00:00:00;SO112796;C0015;CS001;745;2022-02-14 00:00:00;2022-02-24 00:00:00;2022-01-07 00:00:00;2022-01-17 00:00:00
2022-01-03 00:00:00;SO875169;C0028;CS003;854;2022-01-17 00:00:00;2022-01-25 00:00:00;2022-01-11 00:00:00;2022-01-19 00:00:00
2022-01-04 00:00:00;SO698277;C0001;VS002;921;2022-02-01 00:00:00;2022-02-08 00:00:00;2022-01-06 00:00:00;2022-01-13 00:00:00
2022-01-04 00:00:00;SO572616;C0023;AT002;690;2022-02-08 00:00:00;2022-01-30 00:00:00;2022-01-08 00:00:00;2021-12-30 00:00:00
2022-01-04 00:00:00;SO943722;C0006;CS001;946;2022-03-08 00:00:00;2022-03-03 00:00:00;2022-01-06 00:00:00;2022-01-01 00:00:00
2022-01-04 00:00:00;SO572616;C0023;AL002;726;2022-02-08 00:00:00;2022-01-30 00:00:00;2022-01-08 00:00:00;2021-12-30 00:00:00
2022-01-04 00:00:00;SO572616;C0023;CS001;547;2022-02-08 00:00:00;2022-01-30 00:00:00;2022-01-08 00:00:00;2021-12-30 00:00:00
2022-01-04 00:00:00;SO698277;C0001;CT001;575;2022-02-01 00:00:00;2022-01-28 00:00:00;2022-01-06 00:00:00;2022-01-02 00:00:00
2022-01-04 00:00:00;SO943722;C0006;AS004;879;2022-03-08 00:00:00;2022-03-14 00:00:00;2022-01-06 00:00:00;2022-01-12 00:00:00
2022-01-04 00:00:00;SO572616;C0023;AL001;860;2022-02-08 00:00:00;2022-02-11 00:00:00;2022-01-08 00:00:00;2022-01-11 00:00:00
2022-01-04 00:00:00;SO572616;C0023;CS002;389;2022-02-08 00:00:00;2022-02-14 00:00:00;2022-01-08 00:00:00;2022-01-14 00:00:00
2022-01-04 00:00:00;SO943722;C0006;VS005;778;2022-03-08 00:00:00;2022-02-28 00:00:00;2022-01-06 00:00:00;2021-12-29 00:00:00
2022-01-04 00:00:00;SO572616;C0023;AS004;887;2022-02-08 00:00:00;2022-02-17 00:00:00;2022-01-08 00:00:00;2022-01-17 00:00:00
2022-01-04 00:00:00;SO572616;C0023;VS005;642;2022-02-08 00:00:00;2022-01-30 00:00:00;2022-01-08 00:00:00;2021-12-30 00:00:00
2022-01-04 00:00:00;SO572616;C0023;AS005;354;2022-02-08 00:00:00;2022-02-16 00:00:00;2022-01-08 00:00:00;2022-01-16 00:00:00
2022-01-04 00:00:00;SO698277;C0001;AL001;961;2022-02-01 00:00:00;2022-01-25 00:00:00;2022-01-06 00:00:00;2021-12-30 00:00:00
2022-01-04 00:00:00;SO698277;C0001;VS005;509;2022-02-01 00:00:00;2022-01-27 00:00:00;2022-01-06 00:00:00;2022-01-01 00:00:00
2022-01-04 00:00:00;SO943722;C0006;AS005;418;2022-03-08 00:00:00;2022-03-16 00:00:00;2022-01-06 00:00:00;2022-01-14 00:00:00
2022-01-04 00:00:00;SO943722;C0006;AL001;662;2022-03-08 00:00:00;2022-03-06 00:00:00;2022-01-06 00:00:00;2022-01-04 00:00:00
2022-01-04 00:00:00;SO943722;C0006;CT003;987;2022-03-08 00:00:00;2022-02-26 00:00:00;2022-01-06 00:00:00;2021-12-27 00:00:00
2022-01-04 00:00:00;SO698277;C0001;CS002;395;2022-02-01 00:00:00;2022-02-07 00:00:00;2022-01-06 00:00:00;2022-01-12 00:00:00
2022-01-05 00:00:00;SO983603;C0017;AS005;1024;2022-03-02 00:00:00;2022-03-10 00:00:00;2022-01-09 00:00:00;2022-01-17 00:00:00
2022-01-05 00:00:00;SO350918;C0009;VS002;592;2022-01-19 00:00:00;2022-01-28 00:00:00;2022-01-08 00:00:00;2022-01-17 00:00:00
2022-01-05 00:00:00;SO596156;C0022;AL001;1135;2022-02-16 00:00:00;2022-02-20 00:00:00;2022-01-09 00:00:00;2022-01-13 00:00:00
2022-01-05 00:00:00;SO479548;C0015;CS001;648;2022-02-16 00:00:00;2022-02-11 00:00:00;2022-01-09 00:00:00;2022-01-04 00:00:00
2022-01-05 00:00:00;SO350918;C0009;AS004;305;2022-01-19 00:00:00;2022-01-22 00:00:00;2022-01-08 00:00:00;2022-01-11 00:00:00
2022-01-05 00:00:00;SO350918;C0009;AL001;906;2022-01-19 00:00:00;2022-01-09 00:00:00;2022-01-08 00:00:00;2021-12-29 00:00:00
2022-01-05 00:00:00;SO983603;C0017;AS002;1029;2022-03-02 00:00:00;2022-03-12 00:00:00;2022-01-09 00:00:00;2022-01-19 00:00:00
2022-01-05 00:00:00;SO596156;C0022;AL002;662;2022-02-16 00:00:00;2022-02-20 00:00:00;2022-01-09 00:00:00;2022-01-13 00:00:00
2022-01-05 00:00:00;SO596156;C0022;VS002;505;2022-02-16 00:00:00;2022-02-22 00:00:00;2022-01-09 00:00:00;2022-01-15 00:00:00
2022-01-05 00:00:00;SO350918;C0009;AS002;1054;2022-01-19 00:00:00;2022-01-11 00:00:00;2022-01-08 00:00:00;2021-12-31 00:00:00
2022-01-05 00:00:00;SO479548;C0015;VS005;872;2022-02-16 00:00:00;2022-02-16 00:00:00;2022-01-09 00:00:00;2022-01-09 00:00:00
2022-01-05 00:00:00;SO479548;C0015;AT002;951;2022-02-16 00:00:00;2022-02-18 00:00:00;2022-01-09 00:00:00;2022-01-11 00:00:00
2022-01-05 00:00:00;SO596156;C0022;CT001;400;2022-02-16 00:00:00;2022-02-22 00:00:00;2022-01-09 00:00:00;2022-01-15 00:00:00
2022-01-05 00:00:00;SO983603;C0017;CS002;707;2022-03-02 00:00:00;2022-03-05 00:00:00;2022-01-09 00:00:00;2022-01-12 00:00:00
2022-01-05 00:00:00;SO983603;C0017;CS001;478;2022-03-02 00:00:00;2022-03-05 00:00:00;2022-01-09 00:00:00;2022-01-12 00:00:00
2022-01-05 00:00:00;SO479548;C0015;AL002;862;2022-02-16 00:00:00;2022-02-13 00:00:00;2022-01-09 00:00:00;2022-01-06 00:00:00
2022-01-06 00:00:00;SO161372;C0018;AL002;930;2022-03-10 00:00:00;2022-03-14 00:00:00;2022-01-10 00:00:00;2022-01-14 00:00:00
2022-01-06 00:00:00;SO825195;C0011;AS002;523;2022-02-10 00:00:00;2022-02-14 00:00:00;2022-01-09 00:00:00;2022-01-13 00:00:00
2022-01-06 00:00:00;SO161372;C0018;AS002;294;2022-03-10 00:00:00;2022-03-11 00:00:00;2022-01-10 00:00:00;2022-01-11 00:00:00
2022-01-06 00:00:00;SO161372;C0018;AS004;781;2022-03-10 00:00:00;2022-03-03 00:00:00;2022-01-10 00:00:00;2022-01-03 00:00:00
2022-01-06 00:00:00;SO825195;C0011;VS005;1325;2022-02-10 00:00:00;2022-02-07 00:00:00;2022-01-09 00:00:00;2022-01-06 00:00:00
2022-01-06 00:00:00;SO825195;C0011;AL002;998;2022-02-10 00:00:00;2022-02-04 00:00:00;2022-01-09 00:00:00;2022-01-03 00:00:00
2022-01-06 00:00:00;SO825195;C0011;AT002;740;2022-02-10 00:00:00;2022-02-11 00:00:00;2022-01-09 00:00:00;2022-01-10 00:00:00
2022-01-06 00:00:00;SO161372;C0018;CS003;532;2022-03-10 00:00:00;2022-02-28 00:00:00;2022-01-10 00:00:00;2021-12-31 00:00:00
2022-01-06 00:00:00;SO161372;C0018;AT002;593;2022-03-10 00:00:00;2022-03-04 00:00:00;2022-01-10 00:00:00;2022-01-04 00:00:00
2022-01-06 00:00:00;SO161372;C0018;VS002;428;2022-03-10 00:00:00;2022-03-17 00:00:00;2022-01-10 00:00:00;2022-01-17 00:00:00
2022-01-06 00:00:00;SO161372;C0018;CT001;340;2022-03-10 00:00:00;2022-03-18 00:00:00;2022-01-10 00:00:00;2022-01-18 00:00:00
2022-01-06 00:00:00;SO161372;C0018;AS005;492;2022-03-10 00:00:00;2022-03-09 00:00:00;2022-01-10 00:00:00;2022-01-09 00:00:00
2022-01-06 00:00:00;SO825195;C0011;CS002;1062;2022-02-10 00:00:00;2022-02-18 00:00:00;2022-01-09 00:00:00;2022-01-17 00:00:00
2022-01-06 00:00:00;SO161372;C0018;CS002;917;2022-03-10 00:00:00;2022-03-11 00:00:00;2022-01-10 00:00:00;2022-01-11 00:00:00
2022-01-06 00:00:00;SO161372;C0018;CT003;968;2022-03-10 00:00:00;2022-03-04 00:00:00;2022-01-10 00:00:00;2022-01-04 00:00:00
2022-01-06 00:00:00;SO825195;C0011;AS004;1011;2022-02-10 00:00:00;2022-02-04 00:00:00;2022-01-09 00:00:00;2022-01-03 00:00:00
2022-01-06 00:00:00;SO161372;C0018;CS001;624;2022-03-10 00:00:00;2022-03-13 00:00:00;2022-01-10 00:00:00;2022-01-13 00:00:00
2022-01-07 00:00:00;SO669367;C0030;AS004;388;2022-03-11 00:00:00;2022-03-19 00:00:00;2022-01-15 00:00:00;2022-01-23 00:00:00
2022-01-07 00:00:00;SO633212;C0028;VS002;489;2022-01-21 00:00:00;2022-01-21 00:00:00;2022-01-15 00:00:00;2022-01-15 00:00:00
2022-01-07 00:00:00;SO935265;C0005;AL001;649;2022-03-04 00:00:00;2022-02-28 00:00:00;2022-01-09 00:00:00;2022-01-05 00:00:00
2022-01-07 00:00:00;SO633212;C0028;CT001;723;2022-01-21 00:00:00;2022-01-17 00:00:00;2022-01-15 00:00:00;2022-01-11 00:00:00
2022-01-07 00:00:00;SO935265;C0005;CT003;951;2022-03-04 00:00:00;2022-03-12 00:00:00;2022-01-09 00:00:00;2022-01-17 00:00:00
2022-01-07 00:00:00;SO669367;C0030;CS003;668;2022-03-11 00:00:00;2022-03-18 00:00:00;2022-01-15 00:00:00;2022-01-22 00:00:00
2022-01-07 00:00:00;SO669367;C0030;VS002;1097;2022-03-11 00:00:00;2022-03-09 00:00:00;2022-01-15 00:00:00;2022-01-13 00:00:00
2022-01-07 00:00:00;SO935265;C0005;AS004;633;2022-03-04 00:00:00;2022-02-23 00:00:00;2022-01-09 00:00:00;2021-12-31 00:00:00
2022-01-07 00:00:00;SO669367;C0030;VS005;450;2022-03-11 00:00:00;2022-03-16 00:00:00;2022-01-15 00:00:00;2022-01-20 00:00:00
2022-01-07 00:00:00;SO633212;C0028;AL002;381;2022-01-21 00:00:00;2022-01-12 00:00:00;2022-01-15 00:00:00;2022-01-06 00:00:00
2022-01-07 00:00:00;SO669367;C0030;CS002;789;2022-03-11 00:00:00;2022-03-20 00:00:00;2022-01-15 00:00:00;2022-01-24 00:00:00
2022-01-07 00:00:00;SO633212;C0028;VS005;869;2022-01-21 00:00:00;2022-01-29 00:00:00;2022-01-15 00:00:00;2022-01-23 00:00:00
2022-01-07 00:00:00;SO669367;C0030;CT003;514;2022-03-11 00:00:00;2022-03-05 00:00:00;2022-01-15 00:00:00;2022-01-09 00:00:00
2022-01-07 00:00:00;SO669367;C0030;AL002;1039;2022-03-11 00:00:00;2022-03-17 00:00:00;2022-01-15 00:00:00;2022-01-21 00:00:00
2022-01-07 00:00:00;SO935265;C0005;AS005;1114;2022-03-04 00:00:00;2022-03-01 00:00:00;2022-01-09 00:00:00;2022-01-06 00:00:00
2022-01-07 00:00:00;SO633212;C0028;CS003;634;2022-01-21 00:00:00;2022-01-20 00:00:00;2022-01-15 00:00:00;2022-01-14 00:00:00
2022-01-07 00:00:00;SO669367;C0030;AS002;666;2022-03-11 00:00:00;2022-03-01 00:00:00;2022-01-15 00:00:00;2022-01-05 00:00:00
2022-01-07 00:00:00;SO935265;C0005;CS003;576;2022-03-04 00:00:00;2022-03-05 00:00:00;2022-01-09 00:00:00;2022-01-10 00:00:00
2022-01-07 00:00:00;SO669367;C0030;CS001;854;2022-03-11 00:00:00;2022-03-05 00:00:00;2022-01-15 00:00:00;2022-01-09 00:00:00
2022-01-07 00:00:00;SO633212;C0028;AS002;1202;2022-01-21 00:00:00;2022-01-20 00:00:00;2022-01-15 00:00:00;2022-01-14 00:00:00
2022-01-10 00:00:00;SO571223;C0026;AS002;527;2022-02-14 00:00:00;2022-02-14 00:00:00;2022-01-18 00:00:00;2022-01-18 00:00:00
2022-01-10 00:00:00;SO321677;C0006;CS002;1050;2022-03-14 00:00:00;2022-03-10 00:00:00;2022-01-12 00:00:00;2022-01-08 00:00:00
2022-01-10 00:00:00;SO533698;C0013;AS004;483;2022-02-07 00:00:00;2022-02-05 00:00:00;2022-01-14 00:00:00;2022-01-12 00:00:00
2022-01-10 00:00:00;SO764677;C0018;CT003;496;2022-03-14 00:00:00;2022-03-18 00:00:00;2022-01-14 00:00:00;2022-01-18 00:00:00
2022-01-10 00:00:00;SO571223;C0026;VS005;996;2022-02-14 00:00:00;2022-02-18 00:00:00;2022-01-18 00:00:00;2022-01-22 00:00:00
2022-01-10 00:00:00;SO533698;C0013;AS005;873;2022-02-07 00:00:00;2022-01-29 00:00:00;2022-01-14 00:00:00;2022-01-05 00:00:00
2022-01-10 00:00:00;SO533698;C0013;AT002;887;2022-02-07 00:00:00;2022-02-10 00:00:00;2022-01-14 00:00:00;2022-01-17 00:00:00
2022-01-10 00:00:00;SO321677;C0006;AL002;673;2022-03-14 00:00:00;2022-03-21 00:00:00;2022-01-12 00:00:00;2022-01-19 00:00:00
2022-01-10 00:00:00;SO533698;C0013;CS002;882;2022-02-07 00:00:00;2022-01-29 00:00:00;2022-01-14 00:00:00;2022-01-05 00:00:00
2022-01-10 00:00:00;SO533698;C0013;AL002;826;2022-02-07 00:00:00;2022-01-29 00:00:00;2022-01-14 00:00:00;2022-01-05 00:00:00
2022-01-10 00:00:00;SO533698;C0013;AL001;409;2022-02-07 00:00:00;2022-02-17 00:00:00;2022-01-14 00:00:00;2022-01-24 00:00:00
2022-01-10 00:00:00;SO321677;C0006;VS005;772;2022-03-14 00:00:00;2022-03-22 00:00:00;2022-01-12 00:00:00;2022-01-20 00:00:00
2022-01-10 00:00:00;SO764677;C0018;CS003;562;2022-03-14 00:00:00;2022-03-13 00:00:00;2022-01-14 00:00:00;2022-01-13 00:00:00
2022-01-10 00:00:00;SO571223;C0026;AS005;445;2022-02-14 00:00:00;2022-02-18 00:00:00;2022-01-18 00:00:00;2022-01-22 00:00:00
2022-01-10 00:00:00;SO321677;C0006;AS005;711;2022-03-14 00:00:00;2022-03-06 00:00:00;2022-01-12 00:00:00;2022-01-04 00:00:00
2022-01-10 00:00:00;SO533698;C0013;AS002;750;2022-02-07 00:00:00;2022-02-13 00:00:00;2022-01-14 00:00:00;2022-01-20 00:00:00
2022-01-10 00:00:00;SO321677;C0006;AS004;848;2022-03-14 00:00:00;2022-03-18 00:00:00;2022-01-12 00:00:00;2022-01-16 00:00:00
2022-01-11 00:00:00;SO251902;C0021;AL001;931;2022-01-25 00:00:00;2022-01-16 00:00:00;2022-01-15 00:00:00;2022-01-06 00:00:00
2022-01-11 00:00:00;SO675288;C0005;CS002;573;2022-03-08 00:00:00;2022-03-07 00:00:00;2022-01-13 00:00:00;2022-01-12 00:00:00
2022-01-11 00:00:00;SO251902;C0021;VS005;909;2022-01-25 00:00:00;2022-01-16 00:00:00;2022-01-15 00:00:00;2022-01-06 00:00:00
2022-01-11 00:00:00;SO251902;C0021;AS005;936;2022-01-25 00:00:00;2022-01-27 00:00:00;2022-01-15 00:00:00;2022-01-17 00:00:00
2022-01-11 00:00:00;SO675288;C0005;VS002;776;2022-03-08 00:00:00;2022-03-06 00:00:00;2022-01-13 00:00:00;2022-01-11 00:00:00
2022-01-11 00:00:00;SO675288;C0005;AL001;785;2022-03-08 00:00:00;2022-03-13 00:00:00;2022-01-13 00:00:00;2022-01-18 00:00:00
2022-01-11 00:00:00;SO675288;C0005;AT002;624;2022-03-08 00:00:00;2022-03-06 00:00:00;2022-01-13 00:00:00;2022-01-11 00:00:00
2022-01-11 00:00:00;SO251902;C0021;AS002;1013;2022-01-25 00:00:00;2022-02-01 00:00:00;2022-01-15 00:00:00;2022-01-22 00:00:00
2022-01-11 00:00:00;SO675288;C0005;CT003;942;2022-03-08 00:00:00;2022-03-04 00:00:00;2022-01-13 00:00:00;2022-01-09 00:00:00
2022-01-11 00:00:00;SO251902;C0021;CS001;641;2022-01-25 00:00:00;2022-01-24 00:00:00;2022-01-15 00:00:00;2022-01-14 00:00:00
2022-01-11 00:00:00;SO675288;C0005;AL002;814;2022-03-08 00:00:00;2022-03-08 00:00:00;2022-01-13 00:00:00;2022-01-13 00:00:00
2022-01-11 00:00:00;SO675288;C0005;CS001;1208;2022-03-08 00:00:00;2022-03-10 00:00:00;2022-01-13 00:00:00;2022-01-15 00:00:00
2022-01-11 00:00:00;SO251902;C0021;AT002;457;2022-01-25 00:00:00;2022-01-24 00:00:00;2022-01-15 00:00:00;2022-01-14 00:00:00
2022-01-11 00:00:00;SO251902;C0021;AS004;534;2022-01-25 00:00:00;2022-01-18 00:00:00;2022-01-15 00:00:00;2022-01-08 00:00:00
2022-01-11 00:00:00;SO675288;C0005;AS002;917;2022-03-08 00:00:00;2022-03-07 00:00:00;2022-01-13 00:00:00;2022-01-12 00:00:00
2022-01-11 00:00:00;SO675288;C0005;AS005;1179;2022-03-08 00:00:00;2022-03-07 00:00:00;2022-01-13 00:00:00;2022-01-12 00:00:00
2022-01-11 00:00:00;SO251902;C0021;CS002;1127;2022-01-25 00:00:00;2022-01-28 00:00:00;2022-01-15 00:00:00;2022-01-18 00:00:00
2022-01-11 00:00:00;SO251902;C0021;VS002;889;2022-01-25 00:00:00;2022-01-19 00:00:00;2022-01-15 00:00:00;2022-01-09 00:00:00
2022-01-11 00:00:00;SO251902;C0021;CT001;996;2022-01-25 00:00:00;2022-01-25 00:00:00;2022-01-15 00:00:00;2022-01-15 00:00:00
2022-01-11 00:00:00;SO251902;C0021;AL002;371;2022-01-25 00:00:00;2022-01-24 00:00:00;2022-01-15 00:00:00;2022-01-14 00:00:00
2022-01-12 00:00:00;SO744909;C0001;AL002;1074;2022-02-09 00:00:00;2022-02-19 00:00:00;2022-01-14 00:00:00;2022-01-24 00:00:00
2022-01-12 00:00:00;SO328211;C0012;AT002;364;2022-02-09 00:00:00;2022-02-19 00:00:00;2022-01-15 00:00:00;2022-01-25 00:00:00
2022-01-12 00:00:00;SO328211;C0012;AS004;475;2022-02-09 00:00:00;2022-02-17 00:00:00;2022-01-15 00:00:00;2022-01-23 00:00:00
2022-01-12 00:00:00;SO328211;C0012;AL001;946;2022-02-09 00:00:00;2022-02-07 00:00:00;2022-01-15 00:00:00;2022-01-13 00:00:00
2022-01-12 00:00:00;SO744909;C0001;CT001;364;2022-02-09 00:00:00;2022-02-10 00:00:00;2022-01-14 00:00:00;2022-01-15 00:00:00
2022-01-12 00:00:00;SO744909;C0001;AS002;680;2022-02-09 00:00:00;2022-02-09 00:00:00;2022-01-14 00:00:00;2022-01-14 00:00:00
2022-01-12 00:00:00;SO328211;C0012;VS002;633;2022-02-09 00:00:00;2022-02-19 00:00:00;2022-01-15 00:00:00;2022-01-25 00:00:00
2022-01-12 00:00:00;SO328211;C0012;AS002;759;2022-02-09 00:00:00;2022-02-03 00:00:00;2022-01-15 00:00:00;2022-01-09 00:00:00
2022-01-12 00:00:00;SO328211;C0012;CT001;1013;2022-02-09 00:00:00;2022-01-31 00:00:00;2022-01-15 00:00:00;2022-01-06 00:00:00
2022-01-12 00:00:00;SO744909;C0001;AS005;922;2022-02-09 00:00:00;2022-02-17 00:00:00;2022-01-14 00:00:00;2022-01-22 00:00:00
2022-01-12 00:00:00;SO328211;C0012;CS002;785;2022-02-09 00:00:00;2022-02-18 00:00:00;2022-01-15 00:00:00;2022-01-24 00:00:00
2022-01-12 00:00:00;SO744909;C0001;VS005;626;2022-02-09 00:00:00;2022-01-31 00:00:00;2022-01-14 00:00:00;2022-01-05 00:00:00
2022-01-12 00:00:00;SO328211;C0012;AS005;391;2022-02-09 00:00:00;2022-01-30 00:00:00;2022-01-15 00:00:00;2022-01-05 00:00:00
2022-01-12 00:00:00;SO744909;C0001;CS001;613;2022-02-09 00:00:00;2022-02-17 00:00:00;2022-01-14 00:00:00;2022-01-22 00:00:00
2022-01-12 00:00:00;SO744909;C0001;AT002;837;2022-02-09 00:00:00;2022-02-12 00:00:00;2022-01-14 00:00:00;2022-01-17 00:00:00
2022-01-12 00:00:00;SO328211;C0012;VS005;717;2022-02-09 00:00:00;2022-02-12 00:00:00;2022-01-15 00:00:00;2022-01-18 00:00:00
2022-01-12 00:00:00;SO744909;C0001;CS003;349;2022-02-09 00:00:00;2022-01-30 00:00:00;2022-01-14 00:00:00;2022-01-04 00:00:00
2022-01-12 00:00:00;SO744909;C0001;CS002;589;2022-02-09 00:00:00;2022-02-19 00:00:00;2022-01-14 00:00:00;2022-01-24 00:00:00
2022-01-12 00:00:00;SO744909;C0001;AL001;409;2022-02-09 00:00:00;2022-02-11 00:00:00;2022-01-14 00:00:00;2022-01-16 00:00:00
2022-01-12 00:00:00;SO328211;C0012;AL002;793;2022-02-09 00:00:00;2022-01-31 00:00:00;2022-01-15 00:00:00;2022-01-06 00:00:00
2022-01-13 00:00:00;SO307167;C0030;AT002;320;2022-03-17 00:00:00;2022-03-15 00:00:00;2022-01-21 00:00:00;2022-01-19 00:00:00
2022-01-13 00:00:00;SO892243;C0020;AL002;889;2022-03-10 00:00:00;2022-03-07 00:00:00;2022-01-17 00:00:00;2022-01-14 00:00:00
2022-01-13 00:00:00;SO791700;C0005;CS001;882;2022-03-10 00:00:00;2022-03-06 00:00:00;2022-01-15 00:00:00;2022-01-11 00:00:00
2022-01-13 00:00:00;SO996216;C0028;VS005;1069;2022-01-27 00:00:00;2022-01-31 00:00:00;2022-01-21 00:00:00;2022-01-25 00:00:00
2022-01-13 00:00:00;SO307167;C0030;AS002;356;2022-03-17 00:00:00;2022-03-14 00:00:00;2022-01-21 00:00:00;2022-01-18 00:00:00
2022-01-13 00:00:00;SO307167;C0030;CS002;1003;2022-03-17 00:00:00;2022-03-20 00:00:00;2022-01-21 00:00:00;2022-01-24 00:00:00
2022-01-13 00:00:00;SO791700;C0005;CS002;1129;2022-03-10 00:00:00;2022-03-10 00:00:00;2022-01-15 00:00:00;2022-01-15 00:00:00
2022-01-13 00:00:00;SO892243;C0020;AS002;623;2022-03-10 00:00:00;2022-03-13 00:00:00;2022-01-17 00:00:00;2022-01-20 00:00:00
2022-01-13 00:00:00;SO892243;C0020;CT001;639;2022-03-10 00:00:00;2022-03-07 00:00:00;2022-01-17 00:00:00;2022-01-14 00:00:00
2022-01-13 00:00:00;SO307167;C0030;CT003;838;2022-03-17 00:00:00;2022-03-13 00:00:00;2022-01-21 00:00:00;2022-01-17 00:00:00
2022-01-13 00:00:00;SO996216;C0028;AL002;949;2022-01-27 00:00:00;2022-01-20 00:00:00;2022-01-21 00:00:00;2022-01-14 00:00:00
2022-01-13 00:00:00;SO791700;C0005;AS005;1142;2022-03-10 00:00:00;2022-03-08 00:00:00;2022-01-15 00:00:00;2022-01-13 00:00:00
2022-01-13 00:00:00;SO892243;C0020;CT003;847;2022-03-10 00:00:00;2022-03-07 00:00:00;2022-01-17 00:00:00;2022-01-14 00:00:00
2022-01-13 00:00:00;SO791700;C0005;VS002;855;2022-03-10 00:00:00;2022-03-10 00:00:00;2022-01-15 00:00:00;2022-01-15 00:00:00
2022-01-13 00:00:00;SO307167;C0030;AS004;705;2022-03-17 00:00:00;2022-03-25 00:00:00;2022-01-21 00:00:00;2022-01-29 00:00:00
2022-01-14 00:00:00;SO158168;C0022;CS002;546;2022-02-25 00:00:00;2022-03-02 00:00:00;2022-01-18 00:00:00;2022-01-23 00:00:00
2022-01-14 00:00:00;SO410962;C0010;AL001;1138;2022-02-25 00:00:00;2022-02-27 00:00:00;2022-01-17 00:00:00;2022-01-19 00:00:00
2022-01-14 00:00:00;SO128502;C0017;AL001;825;2022-03-11 00:00:00;2022-03-21 00:00:00;2022-01-18 00:00:00;2022-01-28 00:00:00
2022-01-14 00:00:00;SO410962;C0010;CS002;873;2022-02-25 00:00:00;2022-02-22 00:00:00;2022-01-17 00:00:00;2022-01-14 00:00:00
2022-01-14 00:00:00;SO158168;C0022;AL001;1043;2022-02-25 00:00:00;2022-02-25 00:00:00;2022-01-18 00:00:00;2022-01-18 00:00:00
2022-01-14 00:00:00;SO158168;C0022;AS004;1141;2022-02-25 00:00:00;2022-03-04 00:00:00;2022-01-18 00:00:00;2022-01-25 00:00:00
2022-01-14 00:00:00;SO158168;C0022;VS005;780;2022-02-25 00:00:00;2022-02-24 00:00:00;2022-01-18 00:00:00;2022-01-17 00:00:00
2022-01-14 00:00:00;SO128502;C0017;AS005;673;2022-03-11 00:00:00;2022-03-14 00:00:00;2022-01-18 00:00:00;2022-01-21 00:00:00
2022-01-14 00:00:00;SO128502;C0017;AT002;922;2022-03-11 00:00:00;2022-03-13 00:00:00;2022-01-18 00:00:00;2022-01-20 00:00:00
2022-01-14 00:00:00;SO410962;C0010;CT001;555;2022-02-25 00:00:00;2022-03-03 00:00:00;2022-01-17 00:00:00;2022-01-23 00:00:00
2022-01-14 00:00:00;SO410962;C0010;CS003;921;2022-02-25 00:00:00;2022-02-19 00:00:00;2022-01-17 00:00:00;2022-01-11 00:00:00
2022-01-14 00:00:00;SO158168;C0022;CS003;675;2022-02-25 00:00:00;2022-03-05 00:00:00;2022-01-18 00:00:00;2022-01-26 00:00:00
2022-01-17 00:00:00;SO370428;C0007;AS002;552;2022-03-21 00:00:00;2022-03-24 00:00:00;2022-01-20 00:00:00;2022-01-23 00:00:00
2022-01-17 00:00:00;SO639003;C0002;AT002;523;2022-02-21 00:00:00;2022-02-25 00:00:00;2022-01-19 00:00:00;2022-01-23 00:00:00
2022-01-17 00:00:00;SO370428;C0007;VS005;845;2022-03-21 00:00:00;2022-03-21 00:00:00;2022-01-20 00:00:00;2022-01-20 00:00:00
2022-01-17 00:00:00;SO639003;C0002;AS004;906;2022-02-21 00:00:00;2022-03-03 00:00:00;2022-01-19 00:00:00;2022-01-29 00:00:00
2022-01-17 00:00:00;SO370428;C0007;VS002;578;2022-03-21 00:00:00;2022-03-30 00:00:00;2022-01-20 00:00:00;2022-01-29 00:00:00
2022-01-17 00:00:00;SO639003;C0002;VS002;635;2022-02-21 00:00:00;2022-02-13 00:00:00;2022-01-19 00:00:00;2022-01-11 00:00:00
2022-01-17 00:00:00;SO639003;C0002;CS003;878;2022-02-21 00:00:00;2022-02-14 00:00:00;2022-01-19 00:00:00;2022-01-12 00:00:00
2022-01-17 00:00:00;SO370428;C0007;AS004;869;2022-03-21 00:00:00;2022-03-28 00:00:00;2022-01-20 00:00:00;2022-01-27 00:00:00
2022-01-17 00:00:00;SO370428;C0007;CS002;699;2022-03-21 00:00:00;2022-03-12 00:00:00;2022-01-20 00:00:00;2022-01-11 00:00:00
2022-01-17 00:00:00;SO639003;C0002;AL001;999;2022-02-21 00:00:00;2022-02-20 00:00:00;2022-01-19 00:00:00;2022-01-18 00:00:00
2022-01-17 00:00:00;SO370428;C0007;AS005;636;2022-03-21 00:00:00;2022-03-15 00:00:00;2022-01-20 00:00:00;2022-01-14 00:00:00
2022-01-17 00:00:00;SO370428;C0007;CT001;746;2022-03-21 00:00:00;2022-03-19 00:00:00;2022-01-20 00:00:00;2022-01-18 00:00:00
2022-01-17 00:00:00;SO370428;C0007;CS001;770;2022-03-21 00:00:00;2022-03-29 00:00:00;2022-01-20 00:00:00;2022-01-28 00:00:00
2022-01-17 00:00:00;SO639003;C0002;AL002;1122;2022-02-21 00:00:00;2022-02-25 00:00:00;2022-01-19 00:00:00;2022-01-23 00:00:00
2022-01-17 00:00:00;SO370428;C0007;AL002;418;2022-03-21 00:00:00;2022-03-27 00:00:00;2022-01-20 00:00:00;2022-01-26 00:00:00
2022-01-17 00:00:00;SO370428;C0007;CS003;917;2022-03-21 00:00:00;2022-03-29 00:00:00;2022-01-20 00:00:00;2022-01-28 00:00:00
2022-01-18 00:00:00;SO724001;C0012;CS003;1063;2022-02-15 00:00:00;2022-02-16 00:00:00;2022-01-21 00:00:00;2022-01-22 00:00:00
2022-01-18 00:00:00;SO706660;C0003;CT001;721;2022-03-01 00:00:00;2022-03-05 00:00:00;2022-01-20 00:00:00;2022-01-24 00:00:00
2022-01-18 00:00:00;SO583019;C0013;VS005;957;2022-02-15 00:00:00;2022-02-07 00:00:00;2022-01-22 00:00:00;2022-01-14 00:00:00
2022-01-18 00:00:00;SO996019;C0030;CT003;772;2022-03-22 00:00:00;2022-03-25 00:00:00;2022-01-26 00:00:00;2022-01-29 00:00:00
2022-01-18 00:00:00;SO724001;C0012;VS002;356;2022-02-15 00:00:00;2022-02-12 00:00:00;2022-01-21 00:00:00;2022-01-18 00:00:00
2022-01-18 00:00:00;SO706660;C0003;AS005;690;2022-03-01 00:00:00;2022-03-08 00:00:00;2022-01-20 00:00:00;2022-01-27 00:00:00
2022-01-18 00:00:00;SO996019;C0030;VS005;407;2022-03-22 00:00:00;2022-03-21 00:00:00;2022-01-26 00:00:00;2022-01-25 00:00:00
2022-01-18 00:00:00;SO724001;C0012;AS004;540;2022-02-15 00:00:00;2022-02-20 00:00:00;2022-01-21 00:00:00;2022-01-26 00:00:00
2022-01-18 00:00:00;SO706660;C0003;AL002;462;2022-03-01 00:00:00;2022-03-08 00:00:00;2022-01-20 00:00:00;2022-01-27 00:00:00
2022-01-18 00:00:00;SO706660;C0003;AL001;902;2022-03-01 00:00:00;2022-02-26 00:00:00;2022-01-20 00:00:00;2022-01-17 00:00:00
2022-01-18 00:00:00;SO996019;C0030;AL002;335;2022-03-22 00:00:00;2022-03-12 00:00:00;2022-01-26 00:00:00;2022-01-16 00:00:00
2022-01-18 00:00:00;SO583019;C0013;CT003;1067;2022-02-15 00:00:00;2022-02-21 00:00:00;2022-01-22 00:00:00;2022-01-28 00:00:00
2022-01-18 00:00:00;SO583019;C0013;AT002;647;2022-02-15 00:00:00;2022-02-12 00:00:00;2022-01-22 00:00:00;2022-01-19 00:00:00
2022-01-18 00:00:00;SO724001;C0012;CS002;349;2022-02-15 00:00:00;2022-02-13 00:00:00;2022-01-21 00:00:00;2022-01-19 00:00:00
2022-01-18 00:00:00;SO996019;C0030;CS003;709;2022-03-22 00:00:00;2022-03-27 00:00:00;2022-01-26 00:00:00;2022-01-31 00:00:00
2022-01-18 00:00:00;SO724001;C0012;CS001;907;2022-02-15 00:00:00;2022-02-21 00:00:00;2022-01-21 00:00:00;2022-01-27 00:00:00
2022-01-18 00:00:00;SO996019;C0030;AS004;1016;2022-03-22 00:00:00;2022-03-14 00:00:00;2022-01-26 00:00:00;2022-01-18 00:00:00
2022-01-18 00:00:00;SO996019;C0030;VS002;593;2022-03-22 00:00:00;2022-03-20 00:00:00;2022-01-26 00:00:00;2022-01-24 00:00:00
2022-01-18 00:00:00;SO706660;C0003;VS005;630;2022-03-01 00:00:00;2022-03-07 00:00:00;2022-01-20 00:00:00;2022-01-26 00:00:00
2022-01-18 00:00:00;SO996019;C0030;CS002;328;2022-03-22 00:00:00;2022-03-31 00:00:00;2022-01-26 00:00:00;2022-02-04 00:00:00
2022-01-19 00:00:00;SO715334;C0029;VS002;350;2022-03-16 00:00:00;2022-03-10 00:00:00;2022-01-27 00:00:00;2022-01-21 00:00:00
2022-01-19 00:00:00;SO886305;C0017;AS005;1298;2022-03-16 00:00:00;2022-03-21 00:00:00;2022-01-23 00:00:00;2022-01-28 00:00:00
2022-01-19 00:00:00;SO715334;C0029;AL002;736;2022-03-16 00:00:00;2022-03-26 00:00:00;2022-01-27 00:00:00;2022-02-06 00:00:00
2022-01-19 00:00:00;SO715334;C0029;AL001;308;2022-03-16 00:00:00;2022-03-23 00:00:00;2022-01-27 00:00:00;2022-02-03 00:00:00
2022-01-19 00:00:00;SO715334;C0029;CS003;968;2022-03-16 00:00:00;2022-03-18 00:00:00;2022-01-27 00:00:00;2022-01-29 00:00:00
2022-01-19 00:00:00;SO886305;C0017;CT003;1185;2022-03-16 00:00:00;2022-03-13 00:00:00;2022-01-23 00:00:00;2022-01-20 00:00:00
2022-01-19 00:00:00;SO886305;C0017;CT001;554;2022-03-16 00:00:00;2022-03-24 00:00:00;2022-01-23 00:00:00;2022-01-31 00:00:00
2022-01-19 00:00:00;SO886305;C0017;AS002;450;2022-03-16 00:00:00;2022-03-19 00:00:00;2022-01-23 00:00:00;2022-01-26 00:00:00
2022-01-19 00:00:00;SO886305;C0017;AT002;273;2022-03-16 00:00:00;2022-03-08 00:00:00;2022-01-23 00:00:00;2022-01-15 00:00:00
2022-01-19 00:00:00;SO715334;C0029;VS005;351;2022-03-16 00:00:00;2022-03-11 00:00:00;2022-01-27 00:00:00;2022-01-22 00:00:00
2022-01-19 00:00:00;SO886305;C0017;AS004;419;2022-03-16 00:00:00;2022-03-16 00:00:00;2022-01-23 00:00:00;2022-01-23 00:00:00
2022-01-19 00:00:00;SO886305;C0017;AL001;357;2022-03-16 00:00:00;2022-03-21 00:00:00;2022-01-23 00:00:00;2022-01-28 00:00:00
2022-01-19 00:00:00;SO715334;C0029;AS002;630;2022-03-16 00:00:00;2022-03-09 00:00:00;2022-01-27 00:00:00;2022-01-20 00:00:00
2022-01-19 00:00:00;SO715334;C0029;CT003;889;2022-03-16 00:00:00;2022-03-24 00:00:00;2022-01-27 00:00:00;2022-02-04 00:00:00
2022-01-19 00:00:00;SO886305;C0017;AL002;840;2022-03-16 00:00:00;2022-03-08 00:00:00;2022-01-23 00:00:00;2022-01-15 00:00:00
2022-01-19 00:00:00;SO886305;C0017;CS001;808;2022-03-16 00:00:00;2022-03-17 00:00:00;2022-01-23 00:00:00;2022-01-24 00:00:00
2022-01-19 00:00:00;SO715334;C0029;AT002;505;2022-03-16 00:00:00;2022-03-07 00:00:00;2022-01-27 00:00:00;2022-01-18 00:00:00
2022-01-20 00:00:00;SO409431;C0008;CS002;749;2022-03-17 00:00:00;2022-03-26 00:00:00;2022-01-23 00:00:00;2022-02-01 00:00:00
2022-01-20 00:00:00;SO214769;C0006;VS005;579;2022-03-24 00:00:00;2022-03-23 00:00:00;2022-01-22 00:00:00;2022-01-21 00:00:00
2022-01-20 00:00:00;SO409431;C0008;AT002;1134;2022-03-17 00:00:00;2022-03-12 00:00:00;2022-01-23 00:00:00;2022-01-18 00:00:00
2022-01-20 00:00:00;SO409431;C0008;CS001;313;2022-03-17 00:00:00;2022-03-23 00:00:00;2022-01-23 00:00:00;2022-01-29 00:00:00
2022-01-20 00:00:00;SO214769;C0006;AL002;1029;2022-03-24 00:00:00;2022-03-31 00:00:00;2022-01-22 00:00:00;2022-01-29 00:00:00
2022-01-20 00:00:00;SO409431;C0008;AS002;494;2022-03-17 00:00:00;2022-03-25 00:00:00;2022-01-23 00:00:00;2022-01-31 00:00:00
2022-01-20 00:00:00;SO214769;C0006;AS005;293;2022-03-24 00:00:00;2022-03-30 00:00:00;2022-01-22 00:00:00;2022-01-28 00:00:00
2022-01-20 00:00:00;SO214769;C0006;CT001;655;2022-03-24 00:00:00;2022-03-29 00:00:00;2022-01-22 00:00:00;2022-01-27 00:00:00
2022-01-20 00:00:00;SO214769;C0006;AL001;1221;2022-03-24 00:00:00;2022-03-14 00:00:00;2022-01-22 00:00:00;2022-01-12 00:00:00
2022-01-20 00:00:00;SO214769;C0006;CS002;763;2022-03-24 00:00:00;2022-03-14 00:00:00;2022-01-22 00:00:00;2022-01-12 00:00:00
2022-01-20 00:00:00;SO409431;C0008;AS005;848;2022-03-17 00:00:00;2022-03-24 00:00:00;2022-01-23 00:00:00;2022-01-30 00:00:00
2022-01-20 00:00:00;SO409431;C0008;CT001;937;2022-03-17 00:00:00;2022-03-24 00:00:00;2022-01-23 00:00:00;2022-01-30 00:00:00
2022-01-20 00:00:00;SO214769;C0006;AS002;486;2022-03-24 00:00:00;2022-04-01 00:00:00;2022-01-22 00:00:00;2022-01-30 00:00:00
2022-01-20 00:00:00;SO409431;C0008;VS005;326;2022-03-17 00:00:00;2022-03-21 00:00:00;2022-01-23 00:00:00;2022-01-27 00:00:00
2022-01-20 00:00:00;SO409431;C0008;AS004;620;2022-03-17 00:00:00;2022-03-07 00:00:00;2022-01-23 00:00:00;2022-01-13 00:00:00
2022-01-20 00:00:00;SO409431;C0008;AL002;585;2022-03-17 00:00:00;2022-03-23 00:00:00;2022-01-23 00:00:00;2022-01-29 00:00:00
2022-01-20 00:00:00;SO214769;C0006;AT002;731;2022-03-24 00:00:00;2022-03-24 00:00:00;2022-01-22 00:00:00;2022-01-22 00:00:00
2022-01-20 00:00:00;SO214769;C0006;CT003;370;2022-03-24 00:00:00;2022-03-26 00:00:00;2022-01-22 00:00:00;2022-01-24 00:00:00
2022-01-21 00:00:00;SO219775;C0011;CT003;526;2022-02-25 00:00:00;2022-02-27 00:00:00;2022-01-24 00:00:00;2022-01-26 00:00:00
2022-01-21 00:00:00;SO266764;C0020;AL002;547;2022-03-18 00:00:00;2022-03-23 00:00:00;2022-01-25 00:00:00;2022-01-30 00:00:00
2022-01-21 00:00:00;SO920473;C0028;AL002;838;2022-02-04 00:00:00;2022-01-28 00:00:00;2022-01-29 00:00:00;2022-01-22 00:00:00
2022-01-21 00:00:00;SO219775;C0011;AL002;811;2022-02-25 00:00:00;2022-02-17 00:00:00;2022-01-24 00:00:00;2022-01-16 00:00:00
2022-01-21 00:00:00;SO920473;C0028;CS003;646;2022-02-04 00:00:00;2022-01-25 00:00:00;2022-01-29 00:00:00;2022-01-19 00:00:00
2022-01-21 00:00:00;SO266764;C0020;VS005;819;2022-03-18 00:00:00;2022-03-20 00:00:00;2022-01-25 00:00:00;2022-01-27 00:00:00
2022-01-21 00:00:00;SO266764;C0020;CS003;740;2022-03-18 00:00:00;2022-03-26 00:00:00;2022-01-25 00:00:00;2022-02-02 00:00:00
2022-01-21 00:00:00;SO920473;C0028;VS005;847;2022-02-04 00:00:00;2022-01-27 00:00:00;2022-01-29 00:00:00;2022-01-21 00:00:00
2022-01-21 00:00:00;SO920473;C0028;AS005;1021;2022-02-04 00:00:00;2022-02-04 00:00:00;2022-01-29 00:00:00;2022-01-29 00:00:00
2022-01-21 00:00:00;SO266764;C0020;CS001;808;2022-03-18 00:00:00;2022-03-13 00:00:00;2022-01-25 00:00:00;2022-01-20 00:00:00
2022-01-21 00:00:00;SO920473;C0028;CS002;1053;2022-02-04 00:00:00;2022-02-06 00:00:00;2022-01-29 00:00:00;2022-01-31 00:00:00
2022-01-21 00:00:00;SO219775;C0011;CT001;479;2022-02-25 00:00:00;2022-02-21 00:00:00;2022-01-24 00:00:00;2022-01-20 00:00:00
2022-01-21 00:00:00;SO920473;C0028;AS004;920;2022-02-04 00:00:00;2022-02-10 00:00:00;2022-01-29 00:00:00;2022-02-04 00:00:00
2022-01-21 00:00:00;SO920473;C0028;CT001;840;2022-02-04 00:00:00;2022-01-28 00:00:00;2022-01-29 00:00:00;2022-01-22 00:00:00
2022-01-24 00:00:00;SO345370;C0013;CS002;1209;2022-02-21 00:00:00;2022-03-01 00:00:00;2022-01-28 00:00:00;2022-02-05 00:00:00
2022-01-24 00:00:00;SO192690;C0021;AS005;818;2022-02-07 00:00:00;2022-01-29 00:00:00;2022-01-28 00:00:00;2022-01-19 00:00:00
2022-01-24 00:00:00;SO345370;C0013;CT001;593;2022-02-21 00:00:00;2022-02-23 00:00:00;2022-01-28 00:00:00;2022-01-30 00:00:00
2022-01-24 00:00:00;SO345370;C0013;AS005;1118;2022-02-21 00:00:00;2022-02-18 00:00:00;2022-01-28 00:00:00;2022-01-25 00:00:00
2022-01-24 00:00:00;SO192690;C0021;AS004;1011;2022-02-07 00:00:00;2022-02-14 00:00:00;2022-01-28 00:00:00;2022-02-04 00:00:00
2022-01-24 00:00:00;SO192690;C0021;CT003;315;2022-02-07 00:00:00;2022-02-07 00:00:00;2022-01-28 00:00:00;2022-01-28 00:00:00
2022-01-24 00:00:00;SO192690;C0021;AT002;616;2022-02-07 00:00:00;2022-02-05 00:00:00;2022-01-28 00:00:00;2022-01-26 00:00:00
2022-01-24 00:00:00;SO345370;C0013;CS001;725;2022-02-21 00:00:00;2022-02-27 00:00:00;2022-01-28 00:00:00;2022-02-03 00:00:00
2022-01-24 00:00:00;SO345370;C0013;VS005;333;2022-02-21 00:00:00;2022-02-21 00:00:00;2022-01-28 00:00:00;2022-01-28 00:00:00
2022-01-24 00:00:00;SO345370;C0013;AL001;362;2022-02-21 00:00:00;2022-02-13 00:00:00;2022-01-28 00:00:00;2022-01-20 00:00:00
2022-01-24 00:00:00;SO345370;C0013;AL002;803;2022-02-21 00:00:00;2022-02-14 00:00:00;2022-01-28 00:00:00;2022-01-21 00:00:00
2022-01-24 00:00:00;SO345370;C0013;AS002;564;2022-02-21 00:00:00;2022-03-03 00:00:00;2022-01-28 00:00:00;2022-02-07 00:00:00
2022-01-24 00:00:00;SO192690;C0021;AS002;1025;2022-02-07 00:00:00;2022-02-07 00:00:00;2022-01-28 00:00:00;2022-01-28 00:00:00
2022-01-24 00:00:00;SO345370;C0013;CS003;550;2022-02-21 00:00:00;2022-02-11 00:00:00;2022-01-28 00:00:00;2022-01-18 00:00:00
2022-01-24 00:00:00;SO192690;C0021;VS002;657;2022-02-07 00:00:00;2022-01-31 00:00:00;2022-01-28 00:00:00;2022-01-21 00:00:00
2022-01-24 00:00:00;SO192690;C0021;CS003;661;2022-02-07 00:00:00;2022-02-17 00:00:00;2022-01-28 00:00:00;2022-02-07 00:00:00
2022-01-24 00:00:00;SO345370;C0013;AS004;445;2022-02-21 00:00:00;2022-02-20 00:00:00;2022-01-28 00:00:00;2022-01-27 00:00:00
2022-01-24 00:00:00;SO192690;C0021;CT001;947;2022-02-07 00:00:00;2022-02-01 00:00:00;2022-01-28 00:00:00;2022-01-22 00:00:00
2022-01-25 00:00:00;SO676415;C0009;CT003;842;2022-02-08 00:00:00;2022-02-01 00:00:00;2022-01-28 00:00:00;2022-01-21 00:00:00
2022-01-25 00:00:00;SO737440;C0004;CT003;303;2022-02-08 00:00:00;2022-02-12 00:00:00;2022-01-27 00:00:00;2022-01-31 00:00:00
2022-01-25 00:00:00;SO628792;C0029;AT002;589;2022-03-22 00:00:00;2022-03-16 00:00:00;2022-02-02 00:00:00;2022-01-27 00:00:00
2022-01-25 00:00:00;SO628792;C0029;AS002;851;2022-03-22 00:00:00;2022-03-18 00:00:00;2022-02-02 00:00:00;2022-01-29 00:00:00
2022-01-25 00:00:00;SO676415;C0009;CS003;305;2022-02-08 00:00:00;2022-02-08 00:00:00;2022-01-28 00:00:00;2022-01-28 00:00:00
2022-01-25 00:00:00;SO676415;C0009;AT002;457;2022-02-08 00:00:00;2022-02-15 00:00:00;2022-01-28 00:00:00;2022-02-04 00:00:00
2022-01-25 00:00:00;SO628792;C0029;CS002;718;2022-03-22 00:00:00;2022-04-01 00:00:00;2022-02-02 00:00:00;2022-02-12 00:00:00
2022-01-25 00:00:00;SO676415;C0009;CS002;744;2022-02-08 00:00:00;2022-02-05 00:00:00;2022-01-28 00:00:00;2022-01-25 00:00:00
2022-01-25 00:00:00;SO737440;C0004;CS002;801;2022-02-08 00:00:00;2022-02-13 00:00:00;2022-01-27 00:00:00;2022-02-01 00:00:00
2022-01-25 00:00:00;SO737440;C0004;AS004;688;2022-02-08 00:00:00;2022-02-12 00:00:00;2022-01-27 00:00:00;2022-01-31 00:00:00
2022-01-25 00:00:00;SO676415;C0009;AL001;623;2022-02-08 00:00:00;2022-02-04 00:00:00;2022-01-28 00:00:00;2022-01-24 00:00:00
2022-01-25 00:00:00;SO628792;C0029;CT001;279;2022-03-22 00:00:00;2022-03-13 00:00:00;2022-02-02 00:00:00;2022-01-24 00:00:00
2022-01-25 00:00:00;SO676415;C0009;VS002;507;2022-02-08 00:00:00;2022-01-29 00:00:00;2022-01-28 00:00:00;2022-01-18 00:00:00
2022-01-25 00:00:00;SO737440;C0004;AT002;1250;2022-02-08 00:00:00;2022-02-15 00:00:00;2022-01-27 00:00:00;2022-02-03 00:00:00
2022-01-25 00:00:00;SO676415;C0009;AS005;341;2022-02-08 00:00:00;2022-02-10 00:00:00;2022-01-28 00:00:00;2022-01-30 00:00:00
2022-01-25 00:00:00;SO628792;C0029;AL001;505;2022-03-22 00:00:00;2022-03-26 00:00:00;2022-02-02 00:00:00;2022-02-06 00:00:00
2022-01-25 00:00:00;SO628792;C0029;VS002;1106;2022-03-22 00:00:00;2022-03-28 00:00:00;2022-02-02 00:00:00;2022-02-08 00:00:00
2022-01-25 00:00:00;SO737440;C0004;CS003;544;2022-02-08 00:00:00;2022-02-18 00:00:00;2022-01-27 00:00:00;2022-02-06 00:00:00
2022-01-26 00:00:00;SO122974;C0012;VS002;774;2022-02-23 00:00:00;2022-02-24 00:00:00;2022-01-29 00:00:00;2022-01-30 00:00:00
2022-01-26 00:00:00;SO918883;C0013;CT001;511;2022-02-23 00:00:00;2022-02-25 00:00:00;2022-01-30 00:00:00;2022-02-01 00:00:00
2022-01-26 00:00:00;SO837856;C0026;AL002;835;2022-03-02 00:00:00;2022-03-01 00:00:00;2022-02-03 00:00:00;2022-02-02 00:00:00
2022-01-26 00:00:00;SO918883;C0013;AL002;647;2022-02-23 00:00:00;2022-02-28 00:00:00;2022-01-30 00:00:00;2022-02-04 00:00:00
2022-01-26 00:00:00;SO918883;C0013;CT003;617;2022-02-23 00:00:00;2022-02-14 00:00:00;2022-01-30 00:00:00;2022-01-21 00:00:00
2022-01-26 00:00:00;SO918883;C0013;AL001;840;2022-02-23 00:00:00;2022-02-24 00:00:00;2022-01-30 00:00:00;2022-01-31 00:00:00
2022-01-26 00:00:00;SO837856;C0026;AL001;450;2022-03-02 00:00:00;2022-03-07 00:00:00;2022-02-03 00:00:00;2022-02-08 00:00:00
2022-01-26 00:00:00;SO837856;C0026;CS001;414;2022-03-02 00:00:00;2022-02-20 00:00:00;2022-02-03 00:00:00;2022-01-24 00:00:00
2022-01-26 00:00:00;SO918883;C0013;CS001;1022;2022-02-23 00:00:00;2022-02-17 00:00:00;2022-01-30 00:00:00;2022-01-24 00:00:00
2022-01-26 00:00:00;SO918883;C0013;AS004;924;2022-02-23 00:00:00;2022-02-20 00:00:00;2022-01-30 00:00:00;2022-01-27 00:00:00
2022-01-26 00:00:00;SO122974;C0012;VS005;709;2022-02-23 00:00:00;2022-02-19 00:00:00;2022-01-29 00:00:00;2022-01-25 00:00:00
2022-01-26 00:00:00;SO122974;C0012;CS001;936;2022-02-23 00:00:00;2022-02-18 00:00:00;2022-01-29 00:00:00;2022-01-24 00:00:00
2022-01-27 00:00:00;SO916597;C0028;CT003;780;2022-02-10 00:00:00;2022-02-04 00:00:00;2022-02-04 00:00:00;2022-01-29 00:00:00
2022-01-27 00:00:00;SO894360;C0001;AL001;833;2022-02-24 00:00:00;2022-02-28 00:00:00;2022-01-29 00:00:00;2022-02-02 00:00:00
2022-01-27 00:00:00;SO443915;C0016;CS003;573;2022-02-10 00:00:00;2022-02-14 00:00:00;2022-01-31 00:00:00;2022-02-04 00:00:00
2022-01-27 00:00:00;SO940949;C0013;CS001;956;2022-02-24 00:00:00;2022-03-05 00:00:00;2022-01-31 00:00:00;2022-02-09 00:00:00
2022-01-27 00:00:00;SO940949;C0013;CT003;848;2022-02-24 00:00:00;2022-02-19 00:00:00;2022-01-31 00:00:00;2022-01-26 00:00:00
2022-01-27 00:00:00;SO894360;C0001;AS002;496;2022-02-24 00:00:00;2022-03-01 00:00:00;2022-01-29 00:00:00;2022-02-03 00:00:00
2022-01-27 00:00:00;SO443915;C0016;CS001;1023;2022-02-10 00:00:00;2022-02-20 00:00:00;2022-01-31 00:00:00;2022-02-10 00:00:00
2022-01-27 00:00:00;SO894360;C0001;VS002;503;2022-02-24 00:00:00;2022-03-02 00:00:00;2022-01-29 00:00:00;2022-02-04 00:00:00
2022-01-27 00:00:00;SO940949;C0013;AT002;810;2022-02-24 00:00:00;2022-03-03 00:00:00;2022-01-31 00:00:00;2022-02-07 00:00:00
2022-01-27 00:00:00;SO940949;C0013;AS002;647;2022-02-24 00:00:00;2022-03-02 00:00:00;2022-01-31 00:00:00;2022-02-06 00:00:00
2022-01-27 00:00:00;SO916597;C0028;AT002;837;2022-02-10 00:00:00;2022-02-15 00:00:00;2022-02-04 00:00:00;2022-02-09 00:00:00
2022-01-27 00:00:00;SO443915;C0016;VS005;657;2022-02-10 00:00:00;2022-02-19 00:00:00;2022-01-31 00:00:00;2022-02-09 00:00:00
2022-01-27 00:00:00;SO443915;C0016;CS002;603;2022-02-10 00:00:00;2022-02-19 00:00:00;2022-01-31 00:00:00;2022-02-09 00:00:00
2022-01-27 00:00:00;SO940949;C0013;CS002;641;2022-02-24 00:00:00;2022-02-19 00:00:00;2022-01-31 00:00:00;2022-01-26 00:00:00
2022-01-27 00:00:00;SO940949;C0013;VS005;865;2022-02-24 00:00:00;2022-02-26 00:00:00;2022-01-31 00:00:00;2022-02-02 00:00:00
2022-01-28 00:00:00;SO680195;C0013;CS001;1076;2022-02-25 00:00:00;2022-02-24 00:00:00;2022-02-01 00:00:00;2022-01-31 00:00:00
2022-01-28 00:00:00;SO968393;C0018;CS003;585;2022-04-01 00:00:00;2022-03-30 00:00:00;2022-02-01 00:00:00;2022-01-30 00:00:00
2022-01-28 00:00:00;SO680195;C0013;AL002;1118;2022-02-25 00:00:00;2022-03-05 00:00:00;2022-02-01 00:00:00;2022-02-09 00:00:00
2022-01-28 00:00:00;SO680195;C0013;AS002;989;2022-02-25 00:00:00;2022-02-26 00:00:00;2022-02-01 00:00:00;2022-02-02 00:00:00
2022-01-28 00:00:00;SO968393;C0018;CT001;310;2022-04-01 00:00:00;2022-04-11 00:00:00;2022-02-01 00:00:00;2022-02-11 00:00:00
2022-01-28 00:00:00;SO968393;C0018;CS002;1257;2022-04-01 00:00:00;2022-04-09 00:00:00;2022-02-01 00:00:00;2022-02-09 00:00:00
2022-01-28 00:00:00;SO968393;C0018;AS005;1058;2022-04-01 00:00:00;2022-03-23 00:00:00;2022-02-01 00:00:00;2022-01-23 00:00:00
2022-01-28 00:00:00;SO680195;C0013;AT002;948;2022-02-25 00:00:00;2022-03-05 00:00:00;2022-02-01 00:00:00;2022-02-09 00:00:00
2022-01-28 00:00:00;SO680195;C0013;CT001;823;2022-02-25 00:00:00;2022-03-04 00:00:00;2022-02-01 00:00:00;2022-02-08 00:00:00
2022-01-28 00:00:00;SO968393;C0018;VS005;395;2022-04-01 00:00:00;2022-03-25 00:00:00;2022-02-01 00:00:00;2022-01-25 00:00:00
2022-01-28 00:00:00;SO680195;C0013;VS002;938;2022-02-25 00:00:00;2022-03-04 00:00:00;2022-02-01 00:00:00;2022-02-08 00:00:00
2022-01-28 00:00:00;SO680195;C0013;AS004;512;2022-02-25 00:00:00;2022-02-24 00:00:00;2022-02-01 00:00:00;2022-01-31 00:00:00
2022-01-28 00:00:00;SO680195;C0013;VS005;878;2022-02-25 00:00:00;2022-02-19 00:00:00;2022-02-01 00:00:00;2022-01-26 00:00:00
2022-01-28 00:00:00;SO680195;C0013;AS005;421;2022-02-25 00:00:00;2022-03-07 00:00:00;2022-02-01 00:00:00;2022-02-11 00:00:00
2022-01-28 00:00:00;SO968393;C0018;AL001;731;2022-04-01 00:00:00;2022-03-22 00:00:00;2022-02-01 00:00:00;2022-01-22 00:00:00
2022-01-28 00:00:00;SO968393;C0018;AT002;503;2022-04-01 00:00:00;2022-04-05 00:00:00;2022-02-01 00:00:00;2022-02-05 00:00:00
2022-01-28 00:00:00;SO968393;C0018;AL002;859;2022-04-01 00:00:00;2022-04-06 00:00:00;2022-02-01 00:00:00;2022-02-06 00:00:00
2022-01-28 00:00:00;SO968393;C0018;CT003;609;2022-04-01 00:00:00;2022-04-04 00:00:00;2022-02-01 00:00:00;2022-02-04 00:00:00
2022-01-28 00:00:00;SO680195;C0013;CT003;1197;2022-02-25 00:00:00;2022-03-05 00:00:00;2022-02-01 00:00:00;2022-02-09 00:00:00
2022-01-31 00:00:00;SO652691;C0014;AL002;521;2022-03-07 00:00:00;2022-03-06 00:00:00;2022-02-04 00:00:00;2022-02-03 00:00:00
2022-01-31 00:00:00;SO338522;C0015;VS005;948;2022-03-14 00:00:00;2022-03-17 00:00:00;2022-02-04 00:00:00;2022-02-07 00:00:00
2022-01-31 00:00:00;SO493062;C0020;VS002;1131;2022-03-28 00:00:00;2022-03-28 00:00:00;2022-02-04 00:00:00;2022-02-04 00:00:00
2022-01-31 00:00:00;SO690192;C0004;CS001;845;2022-02-14 00:00:00;2022-02-16 00:00:00;2022-02-02 00:00:00;2022-02-04 00:00:00
2022-01-31 00:00:00;SO652691;C0014;AL001;831;2022-03-07 00:00:00;2022-02-28 00:00:00;2022-02-04 00:00:00;2022-01-28 00:00:00
2022-01-31 00:00:00;SO493062;C0020;AT002;800;2022-03-28 00:00:00;2022-03-18 00:00:00;2022-02-04 00:00:00;2022-01-25 00:00:00
2022-01-31 00:00:00;SO690192;C0004;AL001;610;2022-02-14 00:00:00;2022-02-14 00:00:00;2022-02-02 00:00:00;2022-02-02 00:00:00
2022-01-31 00:00:00;SO690192;C0004;AT002;507;2022-02-14 00:00:00;2022-02-07 00:00:00;2022-02-02 00:00:00;2022-01-26 00:00:00
2022-01-31 00:00:00;SO690192;C0004;AS004;521;2022-02-14 00:00:00;2022-02-08 00:00:00;2022-02-02 00:00:00;2022-01-27 00:00:00
2022-01-31 00:00:00;SO690192;C0004;AL002;520;2022-02-14 00:00:00;2022-02-09 00:00:00;2022-02-02 00:00:00;2022-01-28 00:00:00
2022-01-31 00:00:00;SO652691;C0014;AT002;689;2022-03-07 00:00:00;2022-03-11 00:00:00;2022-02-04 00:00:00;2022-02-08 00:00:00
2022-01-31 00:00:00;SO493062;C0020;AS004;656;2022-03-28 00:00:00;2022-04-07 00:00:00;2022-02-04 00:00:00;2022-02-14 00:00:00
2022-01-31 00:00:00;SO338522;C0015;AS004;853;2022-03-14 00:00:00;2022-03-15 00:00:00;2022-02-04 00:00:00;2022-02-05 00:00:00
2022-01-31 00:00:00;SO338522;C0015;AL001;649;2022-03-14 00:00:00;2022-03-21 00:00:00;2022-02-04 00:00:00;2022-02-11 00:00:00
2022-01-31 00:00:00;SO652691;C0014;CT001;927;2022-03-07 00:00:00;2022-03-11 00:00:00;2022-02-04 00:00:00;2022-02-08 00:00:00
2022-01-31 00:00:00;SO652691;C0014;AS002;1074;2022-03-07 00:00:00;2022-03-15 00:00:00;2022-02-04 00:00:00;2022-02-12 00:00:00
2022-02-01 00:00:00;SO635772;C0028;VS002;513;2022-02-15 00:00:00;2022-02-07 00:00:00;2022-02-09 00:00:00;2022-02-01 00:00:00
2022-02-01 00:00:00;SO531228;C0004;CT003;1182;2022-02-15 00:00:00;2022-02-12 00:00:00;2022-02-03 00:00:00;2022-01-31 00:00:00
2022-02-01 00:00:00;SO132405;C0017;CL001;791;2022-03-29 00:00:00;2022-04-02 00:00:00;2022-02-05 00:00:00;2022-02-09 00:00:00
2022-02-01 00:00:00;SO635772;C0028;AS002;903;2022-02-15 00:00:00;2022-02-08 00:00:00;2022-02-09 00:00:00;2022-02-02 00:00:00
2022-02-01 00:00:00;SO531228;C0004;AT001;641;2022-02-15 00:00:00;2022-02-25 00:00:00;2022-02-03 00:00:00;2022-02-13 00:00:00
2022-02-01 00:00:00;SO132405;C0017;AS005;820;2022-03-29 00:00:00;2022-04-05 00:00:00;2022-02-05 00:00:00;2022-02-12 00:00:00
2022-02-01 00:00:00;SO531228;C0004;AS005;521;2022-02-15 00:00:00;2022-02-14 00:00:00;2022-02-03 00:00:00;2022-02-02 00:00:00
2022-02-01 00:00:00;SO635772;C0028;AS004;550;2022-02-15 00:00:00;2022-02-08 00:00:00;2022-02-09 00:00:00;2022-02-02 00:00:00
2022-02-01 00:00:00;SO132405;C0017;CT003;1042;2022-03-29 00:00:00;2022-03-25 00:00:00;2022-02-05 00:00:00;2022-02-01 00:00:00
2022-02-01 00:00:00;SO635772;C0028;AL001;841;2022-02-15 00:00:00;2022-02-19 00:00:00;2022-02-09 00:00:00;2022-02-13 00:00:00
2022-02-01 00:00:00;SO635772;C0028;VS001;1144;2022-02-15 00:00:00;2022-02-11 00:00:00;2022-02-09 00:00:00;2022-02-05 00:00:00
2022-02-01 00:00:00;SO531228;C0004;AS001;394;2022-02-15 00:00:00;2022-02-12 00:00:00;2022-02-03 00:00:00;2022-01-31 00:00:00
2022-02-01 00:00:00;SO531228;C0004;CT001;854;2022-02-15 00:00:00;2022-02-20 00:00:00;2022-02-03 00:00:00;2022-02-08 00:00:00
2022-02-01 00:00:00;SO531228;C0004;VS003;1042;2022-02-15 00:00:00;2022-02-22 00:00:00;2022-02-03 00:00:00;2022-02-10 00:00:00
2022-02-01 00:00:00;SO132405;C0017;AS003;626;2022-03-29 00:00:00;2022-03-19 00:00:00;2022-02-05 00:00:00;2022-01-26 00:00:00
2022-02-01 00:00:00;SO132405;C0017;CS003;990;2022-03-29 00:00:00;2022-03-20 00:00:00;2022-02-05 00:00:00;2022-01-27 00:00:00
2022-02-01 00:00:00;SO531228;C0004;CS003;517;2022-02-15 00:00:00;2022-02-05 00:00:00;2022-02-03 00:00:00;2022-01-24 00:00:00
2022-02-01 00:00:00;SO132405;C0017;VS003;826;2022-03-29 00:00:00;2022-03-27 00:00:00;2022-02-05 00:00:00;2022-02-03 00:00:00
2022-02-01 00:00:00;SO635772;C0028;AS005;935;2022-02-15 00:00:00;2022-02-17 00:00:00;2022-02-09 00:00:00;2022-02-11 00:00:00
2022-02-01 00:00:00;SO635772;C0028;CT003;962;2022-02-15 00:00:00;2022-02-14 00:00:00;2022-02-09 00:00:00;2022-02-08 00:00:00
2022-02-02 00:00:00;SO881776;C0026;VS005;607;2022-03-09 00:00:00;2022-03-02 00:00:00;2022-02-10 00:00:00;2022-02-03 00:00:00
2022-02-02 00:00:00;SO136058;C0012;AS005;743;2022-03-02 00:00:00;2022-02-25 00:00:00;2022-02-05 00:00:00;2022-01-31 00:00:00
2022-02-02 00:00:00;SO116221;C0022;AL002;273;2022-03-16 00:00:00;2022-03-17 00:00:00;2022-02-06 00:00:00;2022-02-07 00:00:00
2022-02-02 00:00:00;SO116221;C0022;VS001;587;2022-03-16 00:00:00;2022-03-24 00:00:00;2022-02-06 00:00:00;2022-02-14 00:00:00
2022-02-02 00:00:00;SO116221;C0022;VS005;385;2022-03-16 00:00:00;2022-03-17 00:00:00;2022-02-06 00:00:00;2022-02-07 00:00:00
2022-02-02 00:00:00;SO881776;C0026;VS003;1047;2022-03-09 00:00:00;2022-03-08 00:00:00;2022-02-10 00:00:00;2022-02-09 00:00:00
2022-02-02 00:00:00;SO116221;C0022;AS004;711;2022-03-16 00:00:00;2022-03-07 00:00:00;2022-02-06 00:00:00;2022-01-28 00:00:00
2022-02-02 00:00:00;SO881776;C0026;AS002;975;2022-03-09 00:00:00;2022-03-13 00:00:00;2022-02-10 00:00:00;2022-02-14 00:00:00
2022-02-02 00:00:00;SO136058;C0012;AS003;528;2022-03-02 00:00:00;2022-02-28 00:00:00;2022-02-05 00:00:00;2022-02-03 00:00:00
2022-02-02 00:00:00;SO116221;C0022;CS003;1049;2022-03-16 00:00:00;2022-03-14 00:00:00;2022-02-06 00:00:00;2022-02-04 00:00:00
2022-02-02 00:00:00;SO136058;C0012;VS005;800;2022-03-02 00:00:00;2022-03-09 00:00:00;2022-02-05 00:00:00;2022-02-12 00:00:00
2022-02-02 00:00:00;SO116221;C0022;AS001;1161;2022-03-16 00:00:00;2022-03-21 00:00:00;2022-02-06 00:00:00;2022-02-11 00:00:00
2022-02-02 00:00:00;SO881776;C0026;AL001;740;2022-03-09 00:00:00;2022-03-16 00:00:00;2022-02-10 00:00:00;2022-02-17 00:00:00
2022-02-02 00:00:00;SO116221;C0022;AS003;1091;2022-03-16 00:00:00;2022-03-19 00:00:00;2022-02-06 00:00:00;2022-02-09 00:00:00
2022-02-02 00:00:00;SO136058;C0012;CT003;462;2022-03-02 00:00:00;2022-03-10 00:00:00;2022-02-05 00:00:00;2022-02-13 00:00:00
2022-02-02 00:00:00;SO136058;C0012;VS003;1190;2022-03-02 00:00:00;2022-03-07 00:00:00;2022-02-05 00:00:00;2022-02-10 00:00:00
2022-02-02 00:00:00;SO881776;C0026;AS001;951;2022-03-09 00:00:00;2022-03-15 00:00:00;2022-02-10 00:00:00;2022-02-16 00:00:00
2022-02-02 00:00:00;SO881776;C0026;AS005;533;2022-03-09 00:00:00;2022-03-18 00:00:00;2022-02-10 00:00:00;2022-02-19 00:00:00
2022-02-02 00:00:00;SO881776;C0026;CT001;658;2022-03-09 00:00:00;2022-03-15 00:00:00;2022-02-10 00:00:00;2022-02-16 00:00:00
2022-02-02 00:00:00;SO116221;C0022;VS003;658;2022-03-16 00:00:00;2022-03-18 00:00:00;2022-02-06 00:00:00;2022-02-08 00:00:00
2022-02-03 00:00:00;SO146706;C0016;AS004;1126;2022-02-17 00:00:00;2022-02-12 00:00:00;2022-02-07 00:00:00;2022-02-02 00:00:00
2022-02-03 00:00:00;SO175576;C0017;VS002;972;2022-03-31 00:00:00;2022-03-21 00:00:00;2022-02-07 00:00:00;2022-01-28 00:00:00
2022-02-03 00:00:00;SO266993;C0008;AL001;674;2022-03-31 00:00:00;2022-03-28 00:00:00;2022-02-06 00:00:00;2022-02-03 00:00:00
2022-02-03 00:00:00;SO266993;C0008;CS002;644;2022-03-31 00:00:00;2022-04-10 00:00:00;2022-02-06 00:00:00;2022-02-16 00:00:00
2022-02-03 00:00:00;SO175576;C0017;CS002;551;2022-03-31 00:00:00;2022-03-31 00:00:00;2022-02-07 00:00:00;2022-02-07 00:00:00
2022-02-03 00:00:00;SO146706;C0016;VS005;813;2022-02-17 00:00:00;2022-02-13 00:00:00;2022-02-07 00:00:00;2022-02-03 00:00:00
2022-02-03 00:00:00;SO175576;C0017;AS005;1138;2022-03-31 00:00:00;2022-03-23 00:00:00;2022-02-07 00:00:00;2022-01-30 00:00:00
2022-02-03 00:00:00;SO266993;C0008;AT001;902;2022-03-31 00:00:00;2022-04-04 00:00:00;2022-02-06 00:00:00;2022-02-10 00:00:00
2022-02-03 00:00:00;SO146706;C0016;CT003;712;2022-02-17 00:00:00;2022-02-12 00:00:00;2022-02-07 00:00:00;2022-02-02 00:00:00
2022-02-03 00:00:00;SO266993;C0008;AL002;756;2022-03-31 00:00:00;2022-04-09 00:00:00;2022-02-06 00:00:00;2022-02-15 00:00:00
2022-02-03 00:00:00;SO175576;C0017;AS004;579;2022-03-31 00:00:00;2022-03-21 00:00:00;2022-02-07 00:00:00;2022-01-28 00:00:00
2022-02-03 00:00:00;SO146706;C0016;AL002;807;2022-02-17 00:00:00;2022-02-13 00:00:00;2022-02-07 00:00:00;2022-02-03 00:00:00
2022-02-04 00:00:00;SO518479;C0004;AS003;451;2022-02-18 00:00:00;2022-02-18 00:00:00;2022-02-06 00:00:00;2022-02-06 00:00:00
2022-02-04 00:00:00;SO920774;C0006;CL002;465;2022-04-08 00:00:00;2022-04-17 00:00:00;2022-02-06 00:00:00;2022-02-15 00:00:00
2022-02-04 00:00:00;SO920774;C0006;AS003;608;2022-04-08 00:00:00;2022-04-09 00:00:00;2022-02-06 00:00:00;2022-02-07 00:00:00
2022-02-04 00:00:00;SO518479;C0004;CL001;398;2022-02-18 00:00:00;2022-02-17 00:00:00;2022-02-06 00:00:00;2022-02-05 00:00:00
2022-02-04 00:00:00;SO920774;C0006;VS005;463;2022-04-08 00:00:00;2022-04-04 00:00:00;2022-02-06 00:00:00;2022-02-02 00:00:00
2022-02-04 00:00:00;SO920774;C0006;VS003;753;2022-04-08 00:00:00;2022-04-14 00:00:00;2022-02-06 00:00:00;2022-02-12 00:00:00
2022-02-04 00:00:00;SO920774;C0006;AS001;443;2022-04-08 00:00:00;2022-04-18 00:00:00;2022-02-06 00:00:00;2022-02-16 00:00:00
2022-02-04 00:00:00;SO920774;C0006;AS004;691;2022-04-08 00:00:00;2022-04-06 00:00:00;2022-02-06 00:00:00;2022-02-04 00:00:00
2022-02-04 00:00:00;SO920774;C0006;AL002;425;2022-04-08 00:00:00;2022-04-13 00:00:00;2022-02-06 00:00:00;2022-02-11 00:00:00
2022-02-04 00:00:00;SO518479;C0004;AT001;832;2022-02-18 00:00:00;2022-02-21 00:00:00;2022-02-06 00:00:00;2022-02-09 00:00:00
2022-02-04 00:00:00;SO518479;C0004;CS003;414;2022-02-18 00:00:00;2022-02-11 00:00:00;2022-02-06 00:00:00;2022-01-30 00:00:00
2022-02-04 00:00:00;SO920774;C0006;CT003;422;2022-04-08 00:00:00;2022-04-08 00:00:00;2022-02-06 00:00:00;2022-02-06 00:00:00
2022-02-04 00:00:00;SO518479;C0004;AS001;1137;2022-02-18 00:00:00;2022-02-25 00:00:00;2022-02-06 00:00:00;2022-02-13 00:00:00
2022-02-04 00:00:00;SO920774;C0006;CS003;716;2022-04-08 00:00:00;2022-04-04 00:00:00;2022-02-06 00:00:00;2022-02-02 00:00:00
2022-02-04 00:00:00;SO518479;C0004;CL002;607;2022-02-18 00:00:00;2022-02-21 00:00:00;2022-02-06 00:00:00;2022-02-09 00:00:00
2022-02-07 00:00:00;SO426588;C0018;CS003;493;2022-04-11 00:00:00;2022-04-10 00:00:00;2022-02-11 00:00:00;2022-02-10 00:00:00
2022-02-07 00:00:00;SO911280;C0016;AS002;742;2022-02-21 00:00:00;2022-02-19 00:00:00;2022-02-11 00:00:00;2022-02-09 00:00:00
2022-02-07 00:00:00;SO426588;C0018;CT003;1028;2022-04-11 00:00:00;2022-04-06 00:00:00;2022-02-11 00:00:00;2022-02-06 00:00:00
2022-02-07 00:00:00;SO911280;C0016;AL002;707;2022-02-21 00:00:00;2022-02-12 00:00:00;2022-02-11 00:00:00;2022-02-02 00:00:00
2022-02-07 00:00:00;SO426588;C0018;CS002;383;2022-04-11 00:00:00;2022-04-04 00:00:00;2022-02-11 00:00:00;2022-02-04 00:00:00
2022-02-07 00:00:00;SO911280;C0016;VS005;603;2022-02-21 00:00:00;2022-02-28 00:00:00;2022-02-11 00:00:00;2022-02-18 00:00:00
2022-02-07 00:00:00;SO911280;C0016;CL002;695;2022-02-21 00:00:00;2022-02-15 00:00:00;2022-02-11 00:00:00;2022-02-05 00:00:00
2022-02-07 00:00:00;SO426588;C0018;VS003;769;2022-04-11 00:00:00;2022-04-03 00:00:00;2022-02-11 00:00:00;2022-02-03 00:00:00
2022-02-07 00:00:00;SO426588;C0018;CL002;514;2022-04-11 00:00:00;2022-04-19 00:00:00;2022-02-11 00:00:00;2022-02-19 00:00:00
2022-02-07 00:00:00;SO426588;C0018;AT001;500;2022-04-11 00:00:00;2022-04-17 00:00:00;2022-02-11 00:00:00;2022-02-17 00:00:00
2022-02-07 00:00:00;SO911280;C0016;CS003;1081;2022-02-21 00:00:00;2022-02-25 00:00:00;2022-02-11 00:00:00;2022-02-15 00:00:00
2022-02-07 00:00:00;SO911280;C0016;AT001;450;2022-02-21 00:00:00;2022-02-27 00:00:00;2022-02-11 00:00:00;2022-02-17 00:00:00
2022-02-07 00:00:00;SO426588;C0018;AS005;285;2022-04-11 00:00:00;2022-04-16 00:00:00;2022-02-11 00:00:00;2022-02-16 00:00:00
2022-02-07 00:00:00;SO426588;C0018;VS005;677;2022-04-11 00:00:00;2022-04-21 00:00:00;2022-02-11 00:00:00;2022-02-21 00:00:00
2022-02-07 00:00:00;SO911280;C0016;VS002;574;2022-02-21 00:00:00;2022-02-21 00:00:00;2022-02-11 00:00:00;2022-02-11 00:00:00
2022-02-07 00:00:00;SO426588;C0018;AS002;995;2022-04-11 00:00:00;2022-04-03 00:00:00;2022-02-11 00:00:00;2022-02-03 00:00:00
2022-02-08 00:00:00;SO179005;C0001;CL001;408;2022-03-08 00:00:00;2022-03-10 00:00:00;2022-02-10 00:00:00;2022-02-12 00:00:00
2022-02-08 00:00:00;SO580239;C0030;CL002;815;2022-04-12 00:00:00;2022-04-19 00:00:00;2022-02-16 00:00:00;2022-02-23 00:00:00
2022-02-08 00:00:00;SO144733;C0004;CT001;1270;2022-02-22 00:00:00;2022-02-14 00:00:00;2022-02-10 00:00:00;2022-02-02 00:00:00
2022-02-08 00:00:00;SO580239;C0030;VS001;661;2022-04-12 00:00:00;2022-04-16 00:00:00;2022-02-16 00:00:00;2022-02-20 00:00:00
2022-02-08 00:00:00;SO580239;C0030;AS002;1330;2022-04-12 00:00:00;2022-04-07 00:00:00;2022-02-16 00:00:00;2022-02-11 00:00:00
2022-02-08 00:00:00;SO144733;C0004;AS001;732;2022-02-22 00:00:00;2022-02-23 00:00:00;2022-02-10 00:00:00;2022-02-11 00:00:00
2022-02-08 00:00:00;SO179005;C0001;AL002;456;2022-03-08 00:00:00;2022-03-10 00:00:00;2022-02-10 00:00:00;2022-02-12 00:00:00
2022-02-08 00:00:00;SO580239;C0030;AL001;493;2022-04-12 00:00:00;2022-04-13 00:00:00;2022-02-16 00:00:00;2022-02-17 00:00:00
2022-02-08 00:00:00;SO179005;C0001;CT003;931;2022-03-08 00:00:00;2022-02-26 00:00:00;2022-02-10 00:00:00;2022-01-31 00:00:00
2022-02-08 00:00:00;SO144733;C0004;VS002;478;2022-02-22 00:00:00;2022-02-16 00:00:00;2022-02-10 00:00:00;2022-02-04 00:00:00
2022-02-08 00:00:00;SO179005;C0001;AS003;601;2022-03-08 00:00:00;2022-03-10 00:00:00;2022-02-10 00:00:00;2022-02-12 00:00:00
2022-02-08 00:00:00;SO144733;C0004;CT003;1176;2022-02-22 00:00:00;2022-02-28 00:00:00;2022-02-10 00:00:00;2022-02-16 00:00:00
2022-02-08 00:00:00;SO580239;C0030;VS003;958;2022-04-12 00:00:00;2022-04-20 00:00:00;2022-02-16 00:00:00;2022-02-24 00:00:00
2022-02-08 00:00:00;SO144733;C0004;AL002;593;2022-02-22 00:00:00;2022-02-28 00:00:00;2022-02-10 00:00:00;2022-02-16 00:00:00
2022-02-08 00:00:00;SO580239;C0030;VS005;517;2022-04-12 00:00:00;2022-04-09 00:00:00;2022-02-16 00:00:00;2022-02-13 00:00:00
2022-02-08 00:00:00;SO144733;C0004;CS003;376;2022-02-22 00:00:00;2022-02-25 00:00:00;2022-02-10 00:00:00;2022-02-13 00:00:00
2022-02-08 00:00:00;SO179005;C0001;AS002;464;2022-03-08 00:00:00;2022-03-03 00:00:00;2022-02-10 00:00:00;2022-02-05 00:00:00
2022-02-09 00:00:00;SO168581;C0017;CS002;610;2022-04-06 00:00:00;2022-03-30 00:00:00;2022-02-13 00:00:00;2022-02-06 00:00:00
2022-02-09 00:00:00;SO939738;C0010;AS001;814;2022-03-23 00:00:00;2022-04-02 00:00:00;2022-02-12 00:00:00;2022-02-22 00:00:00
2022-02-09 00:00:00;SO430814;C0024;AS005;831;2022-03-09 00:00:00;2022-03-02 00:00:00;2022-02-13 00:00:00;2022-02-06 00:00:00
2022-02-09 00:00:00;SO168581;C0017;CL002;820;2022-04-06 00:00:00;2022-04-03 00:00:00;2022-02-13 00:00:00;2022-02-10 00:00:00
2022-02-09 00:00:00;SO939738;C0010;CT001;808;2022-03-23 00:00:00;2022-03-29 00:00:00;2022-02-12 00:00:00;2022-02-18 00:00:00
2022-02-09 00:00:00;SO168581;C0017;VS005;841;2022-04-06 00:00:00;2022-04-07 00:00:00;2022-02-13 00:00:00;2022-02-14 00:00:00
2022-02-09 00:00:00;SO430814;C0024;AL001;412;2022-03-09 00:00:00;2022-03-14 00:00:00;2022-02-13 00:00:00;2022-02-18 00:00:00
2022-02-09 00:00:00;SO168581;C0017;AS001;1074;2022-04-06 00:00:00;2022-04-14 00:00:00;2022-02-13 00:00:00;2022-02-21 00:00:00
2022-02-09 00:00:00;SO168581;C0017;CT001;258;2022-04-06 00:00:00;2022-03-31 00:00:00;2022-02-13 00:00:00;2022-02-07 00:00:00
2022-02-09 00:00:00;SO939738;C0010;VS003;798;2022-03-23 00:00:00;2022-03-21 00:00:00;2022-02-12 00:00:00;2022-02-10 00:00:00
2022-02-09 00:00:00;SO168581;C0017;AL001;1005;2022-04-06 00:00:00;2022-03-27 00:00:00;2022-02-13 00:00:00;2022-02-03 00:00:00
2022-02-09 00:00:00;SO430814;C0024;CL002;439;2022-03-09 00:00:00;2022-03-05 00:00:00;2022-02-13 00:00:00;2022-02-09 00:00:00
2022-02-09 00:00:00;SO430814;C0024;AS002;838;2022-03-09 00:00:00;2022-03-04 00:00:00;2022-02-13 00:00:00;2022-02-08 00:00:00
2022-02-09 00:00:00;SO168581;C0017;VS002;935;2022-04-06 00:00:00;2022-04-13 00:00:00;2022-02-13 00:00:00;2022-02-20 00:00:00
2022-02-09 00:00:00;SO168581;C0017;AS004;586;2022-04-06 00:00:00;2022-03-28 00:00:00;2022-02-13 00:00:00;2022-02-04 00:00:00
2022-02-09 00:00:00;SO168581;C0017;CS003;866;2022-04-06 00:00:00;2022-04-07 00:00:00;2022-02-13 00:00:00;2022-02-14 00:00:00
2022-02-09 00:00:00;SO430814;C0024;VS005;470;2022-03-09 00:00:00;2022-03-14 00:00:00;2022-02-13 00:00:00;2022-02-18 00:00:00
2022-02-09 00:00:00;SO430814;C0024;AS003;996;2022-03-09 00:00:00;2022-03-19 00:00:00;2022-02-13 00:00:00;2022-02-23 00:00:00
2022-02-09 00:00:00;SO430814;C0024;CS002;408;2022-03-09 00:00:00;2022-03-09 00:00:00;2022-02-13 00:00:00;2022-02-13 00:00:00
2022-02-09 00:00:00;SO168581;C0017;AS002;602;2022-04-06 00:00:00;2022-04-10 00:00:00;2022-02-13 00:00:00;2022-02-17 00:00:00
2022-02-10 00:00:00;SO550935;C0004;AS001;605;2022-02-24 00:00:00;2022-02-21 00:00:00;2022-02-12 00:00:00;2022-02-09 00:00:00
2022-02-10 00:00:00;SO829641;C0006;CL002;1106;2022-04-14 00:00:00;2022-04-12 00:00:00;2022-02-12 00:00:00;2022-02-10 00:00:00
2022-02-10 00:00:00;SO550935;C0004;VS001;897;2022-02-24 00:00:00;2022-03-04 00:00:00;2022-02-12 00:00:00;2022-02-20 00:00:00
2022-02-10 00:00:00;SO550935;C0004;CL002;1282;2022-02-24 00:00:00;2022-03-02 00:00:00;2022-02-12 00:00:00;2022-02-18 00:00:00
2022-02-10 00:00:00;SO829641;C0006;AT001;678;2022-04-14 00:00:00;2022-04-14 00:00:00;2022-02-12 00:00:00;2022-02-12 00:00:00
2022-02-10 00:00:00;SO829641;C0006;VS002;453;2022-04-14 00:00:00;2022-04-08 00:00:00;2022-02-12 00:00:00;2022-02-06 00:00:00
2022-02-10 00:00:00;SO550935;C0004;CT001;935;2022-02-24 00:00:00;2022-02-19 00:00:00;2022-02-12 00:00:00;2022-02-07 00:00:00
2022-02-10 00:00:00;SO550935;C0004;AS002;314;2022-02-24 00:00:00;2022-02-26 00:00:00;2022-02-12 00:00:00;2022-02-14 00:00:00
2022-02-10 00:00:00;SO829641;C0006;CL001;732;2022-04-14 00:00:00;2022-04-20 00:00:00;2022-02-12 00:00:00;2022-02-18 00:00:00
2022-02-10 00:00:00;SO829641;C0006;AS002;439;2022-04-14 00:00:00;2022-04-15 00:00:00;2022-02-12 00:00:00;2022-02-13 00:00:00
2022-02-10 00:00:00;SO550935;C0004;VS005;490;2022-02-24 00:00:00;2022-03-05 00:00:00;2022-02-12 00:00:00;2022-02-21 00:00:00
2022-02-10 00:00:00;SO829641;C0006;AS001;1193;2022-04-14 00:00:00;2022-04-24 00:00:00;2022-02-12 00:00:00;2022-02-22 00:00:00
2022-02-10 00:00:00;SO829641;C0006;VS005;1306;2022-04-14 00:00:00;2022-04-20 00:00:00;2022-02-12 00:00:00;2022-02-18 00:00:00
2022-02-10 00:00:00;SO550935;C0004;AS004;339;2022-02-24 00:00:00;2022-02-16 00:00:00;2022-02-12 00:00:00;2022-02-04 00:00:00
2022-02-10 00:00:00;SO829641;C0006;AS005;505;2022-04-14 00:00:00;2022-04-07 00:00:00;2022-02-12 00:00:00;2022-02-05 00:00:00
2022-02-10 00:00:00;SO829641;C0006;AL002;594;2022-04-14 00:00:00;2022-04-11 00:00:00;2022-02-12 00:00:00;2022-02-09 00:00:00
2022-02-10 00:00:00;SO550935;C0004;CS002;980;2022-02-24 00:00:00;2022-03-01 00:00:00;2022-02-12 00:00:00;2022-02-17 00:00:00
2022-02-10 00:00:00;SO550935;C0004;AS005;397;2022-02-24 00:00:00;2022-02-23 00:00:00;2022-02-12 00:00:00;2022-02-11 00:00:00
2022-02-11 00:00:00;SO858510;C0005;VS005;316;2022-04-08 00:00:00;2022-04-17 00:00:00;2022-02-13 00:00:00;2022-02-22 00:00:00
2022-02-11 00:00:00;SO833218;C0006;AL001;318;2022-04-15 00:00:00;2022-04-11 00:00:00;2022-02-13 00:00:00;2022-02-09 00:00:00
2022-02-11 00:00:00;SO441153;C0021;AS005;658;2022-02-25 00:00:00;2022-03-06 00:00:00;2022-02-15 00:00:00;2022-02-24 00:00:00
2022-02-11 00:00:00;SO767760;C0014;AS001;895;2022-03-18 00:00:00;2022-03-14 00:00:00;2022-02-15 00:00:00;2022-02-11 00:00:00
2022-02-11 00:00:00;SO858510;C0005;CT003;656;2022-04-08 00:00:00;2022-04-13 00:00:00;2022-02-13 00:00:00;2022-02-18 00:00:00
2022-02-11 00:00:00;SO833218;C0006;CL002;763;2022-04-15 00:00:00;2022-04-11 00:00:00;2022-02-13 00:00:00;2022-02-09 00:00:00
2022-02-11 00:00:00;SO441153;C0021;VS005;876;2022-02-25 00:00:00;2022-03-07 00:00:00;2022-02-15 00:00:00;2022-02-25 00:00:00
2022-02-11 00:00:00;SO767760;C0014;AL001;478;2022-03-18 00:00:00;2022-03-23 00:00:00;2022-02-15 00:00:00;2022-02-20 00:00:00
2022-02-11 00:00:00;SO767760;C0014;AS005;452;2022-03-18 00:00:00;2022-03-14 00:00:00;2022-02-15 00:00:00;2022-02-11 00:00:00
2022-02-11 00:00:00;SO767760;C0014;CT001;723;2022-03-18 00:00:00;2022-03-08 00:00:00;2022-02-15 00:00:00;2022-02-05 00:00:00
2022-02-11 00:00:00;SO767760;C0014;AL002;797;2022-03-18 00:00:00;2022-03-08 00:00:00;2022-02-15 00:00:00;2022-02-05 00:00:00
2022-02-11 00:00:00;SO833218;C0006;VS002;902;2022-04-15 00:00:00;2022-04-10 00:00:00;2022-02-13 00:00:00;2022-02-08 00:00:00
2022-02-11 00:00:00;SO767760;C0014;AT001;994;2022-03-18 00:00:00;2022-03-11 00:00:00;2022-02-15 00:00:00;2022-02-08 00:00:00
2022-02-11 00:00:00;SO833218;C0006;AS002;633;2022-04-15 00:00:00;2022-04-20 00:00:00;2022-02-13 00:00:00;2022-02-18 00:00:00
2022-02-11 00:00:00;SO858510;C0005;AL002;1046;2022-04-08 00:00:00;2022-03-29 00:00:00;2022-02-13 00:00:00;2022-02-03 00:00:00
2022-02-14 00:00:00;SO966746;C0017;AS003;417;2022-04-11 00:00:00;2022-04-09 00:00:00;2022-02-18 00:00:00;2022-02-16 00:00:00
2022-02-14 00:00:00;SO105365;C0011;VS002;716;2022-03-21 00:00:00;2022-03-23 00:00:00;2022-02-17 00:00:00;2022-02-19 00:00:00
2022-02-14 00:00:00;SO105365;C0011;CS002;656;2022-03-21 00:00:00;2022-03-23 00:00:00;2022-02-17 00:00:00;2022-02-19 00:00:00
2022-02-14 00:00:00;SO105365;C0011;CT003;579;2022-03-21 00:00:00;2022-03-11 00:00:00;2022-02-17 00:00:00;2022-02-07 00:00:00
2022-02-14 00:00:00;SO966746;C0017;CS003;692;2022-04-11 00:00:00;2022-04-20 00:00:00;2022-02-18 00:00:00;2022-02-27 00:00:00
2022-02-14 00:00:00;SO966746;C0017;VS001;513;2022-04-11 00:00:00;2022-04-14 00:00:00;2022-02-18 00:00:00;2022-02-21 00:00:00
2022-02-14 00:00:00;SO105365;C0011;AS001;963;2022-03-21 00:00:00;2022-03-31 00:00:00;2022-02-17 00:00:00;2022-02-27 00:00:00
2022-02-14 00:00:00;SO105365;C0011;CL001;370;2022-03-21 00:00:00;2022-03-24 00:00:00;2022-02-17 00:00:00;2022-02-20 00:00:00
2022-02-14 00:00:00;SO105365;C0011;AL001;415;2022-03-21 00:00:00;2022-03-16 00:00:00;2022-02-17 00:00:00;2022-02-12 00:00:00
2022-02-14 00:00:00;SO966746;C0017;AS002;428;2022-04-11 00:00:00;2022-04-19 00:00:00;2022-02-18 00:00:00;2022-02-26 00:00:00
2022-02-14 00:00:00;SO966746;C0017;VS002;678;2022-04-11 00:00:00;2022-04-13 00:00:00;2022-02-18 00:00:00;2022-02-20 00:00:00
2022-02-14 00:00:00;SO966746;C0017;AL001;567;2022-04-11 00:00:00;2022-04-02 00:00:00;2022-02-18 00:00:00;2022-02-09 00:00:00
2022-02-14 00:00:00;SO966746;C0017;CL002;943;2022-04-11 00:00:00;2022-04-20 00:00:00;2022-02-18 00:00:00;2022-02-27 00:00:00
2022-02-14 00:00:00;SO105365;C0011;AS002;792;2022-03-21 00:00:00;2022-03-30 00:00:00;2022-02-17 00:00:00;2022-02-26 00:00:00
2022-02-14 00:00:00;SO966746;C0017;CL001;490;2022-04-11 00:00:00;2022-04-15 00:00:00;2022-02-18 00:00:00;2022-02-22 00:00:00
2022-02-15 00:00:00;SO666951;C0018;CT003;1004;2022-04-19 00:00:00;2022-04-21 00:00:00;2022-02-19 00:00:00;2022-02-21 00:00:00
2022-02-15 00:00:00;SO475244;C0026;AL001;817;2022-03-22 00:00:00;2022-03-21 00:00:00;2022-02-23 00:00:00;2022-02-22 00:00:00
2022-02-15 00:00:00;SO9000067;C0028;AS001;602;2022-03-01 00:00:00;2022-03-03 00:00:00;2022-02-23 00:00:00;2022-02-25 00:00:00
2022-02-15 00:00:00;SO9000067;C0028;VS002;681;2022-03-01 00:00:00;2022-02-19 00:00:00;2022-02-23 00:00:00;2022-02-13 00:00:00
2022-02-15 00:00:00;SO9000067;C0028;VS005;691;2022-03-01 00:00:00;2022-03-06 00:00:00;2022-02-23 00:00:00;2022-02-28 00:00:00
2022-02-15 00:00:00;SO666951;C0018;AL002;397;2022-04-19 00:00:00;2022-04-27 00:00:00;2022-02-19 00:00:00;2022-02-27 00:00:00
2022-02-15 00:00:00;SO475244;C0026;CL001;521;2022-03-22 00:00:00;2022-03-13 00:00:00;2022-02-23 00:00:00;2022-02-14 00:00:00
2022-02-15 00:00:00;SO475244;C0026;CS003;688;2022-03-22 00:00:00;2022-03-31 00:00:00;2022-02-23 00:00:00;2022-03-04 00:00:00
2022-02-15 00:00:00;SO475244;C0026;VS002;800;2022-03-22 00:00:00;2022-04-01 00:00:00;2022-02-23 00:00:00;2022-03-05 00:00:00
2022-02-15 00:00:00;SO475244;C0026;AS001;1134;2022-03-22 00:00:00;2022-03-31 00:00:00;2022-02-23 00:00:00;2022-03-04 00:00:00
2022-02-15 00:00:00;SO9000067;C0028;AT001;663;2022-03-01 00:00:00;2022-02-22 00:00:00;2022-02-23 00:00:00;2022-02-16 00:00:00
2022-02-15 00:00:00;SO666951;C0018;VS002;769;2022-04-19 00:00:00;2022-04-14 00:00:00;2022-02-19 00:00:00;2022-02-14 00:00:00
2022-02-16 00:00:00;SO658206;C0015;VS003;501;2022-03-30 00:00:00;2022-03-31 00:00:00;2022-02-20 00:00:00;2022-02-21 00:00:00
2022-02-16 00:00:00;SO717491;C0029;VS003;426;2022-04-13 00:00:00;2022-04-11 00:00:00;2022-02-24 00:00:00;2022-02-22 00:00:00
2022-02-16 00:00:00;SO734523;C0006;AT001;649;2022-04-20 00:00:00;2022-04-12 00:00:00;2022-02-18 00:00:00;2022-02-10 00:00:00
2022-02-16 00:00:00;SO734523;C0006;VS001;240;2022-04-20 00:00:00;2022-04-29 00:00:00;2022-02-18 00:00:00;2022-02-27 00:00:00
2022-02-16 00:00:00;SO734523;C0006;AS003;787;2022-04-20 00:00:00;2022-04-13 00:00:00;2022-02-18 00:00:00;2022-02-11 00:00:00
2022-02-16 00:00:00;SO734523;C0006;AS004;941;2022-04-20 00:00:00;2022-04-28 00:00:00;2022-02-18 00:00:00;2022-02-26 00:00:00
2022-02-16 00:00:00;SO717491;C0029;VS001;669;2022-04-13 00:00:00;2022-04-05 00:00:00;2022-02-24 00:00:00;2022-02-16 00:00:00
2022-02-16 00:00:00;SO658206;C0015;VS005;873;2022-03-30 00:00:00;2022-04-08 00:00:00;2022-02-20 00:00:00;2022-03-01 00:00:00
2022-02-16 00:00:00;SO734523;C0006;VS002;369;2022-04-20 00:00:00;2022-04-23 00:00:00;2022-02-18 00:00:00;2022-02-21 00:00:00
2022-02-16 00:00:00;SO734523;C0006;AS002;948;2022-04-20 00:00:00;2022-04-24 00:00:00;2022-02-18 00:00:00;2022-02-22 00:00:00
2022-02-16 00:00:00;SO734523;C0006;AS001;540;2022-04-20 00:00:00;2022-04-30 00:00:00;2022-02-18 00:00:00;2022-02-28 00:00:00
2022-02-16 00:00:00;SO658206;C0015;AT001;847;2022-03-30 00:00:00;2022-04-04 00:00:00;2022-02-20 00:00:00;2022-02-25 00:00:00
2022-02-16 00:00:00;SO717491;C0029;AT001;572;2022-04-13 00:00:00;2022-04-19 00:00:00;2022-02-24 00:00:00;2022-03-02 00:00:00
2022-02-16 00:00:00;SO717491;C0029;CT003;712;2022-04-13 00:00:00;2022-04-20 00:00:00;2022-02-24 00:00:00;2022-03-03 00:00:00
2022-02-16 00:00:00;SO658206;C0015;AS003;634;2022-03-30 00:00:00;2022-03-26 00:00:00;2022-02-20 00:00:00;2022-02-16 00:00:00
2022-02-17 00:00:00;SO301083;C0008;CT003;404;2022-04-14 00:00:00;2022-04-19 00:00:00;2022-02-20 00:00:00;2022-02-25 00:00:00
2022-02-17 00:00:00;SO711545;C0015;CL001;837;2022-03-31 00:00:00;2022-04-03 00:00:00;2022-02-21 00:00:00;2022-02-24 00:00:00
2022-02-17 00:00:00;SO301083;C0008;CL001;1043;2022-04-14 00:00:00;2022-04-13 00:00:00;2022-02-20 00:00:00;2022-02-19 00:00:00
2022-02-17 00:00:00;SO711545;C0015;CS002;697;2022-03-31 00:00:00;2022-03-21 00:00:00;2022-02-21 00:00:00;2022-02-11 00:00:00
2022-02-17 00:00:00;SO301083;C0008;AT001;478;2022-04-14 00:00:00;2022-04-19 00:00:00;2022-02-20 00:00:00;2022-02-25 00:00:00
2022-02-17 00:00:00;SO711545;C0015;AL001;702;2022-03-31 00:00:00;2022-03-25 00:00:00;2022-02-21 00:00:00;2022-02-15 00:00:00
2022-02-17 00:00:00;SO711545;C0015;AS003;896;2022-03-31 00:00:00;2022-03-21 00:00:00;2022-02-21 00:00:00;2022-02-11 00:00:00
2022-02-17 00:00:00;SO711545;C0015;AS001;594;2022-03-31 00:00:00;2022-03-26 00:00:00;2022-02-21 00:00:00;2022-02-16 00:00:00
2022-02-17 00:00:00;SO711545;C0015;AS004;1091;2022-03-31 00:00:00;2022-04-09 00:00:00;2022-02-21 00:00:00;2022-03-02 00:00:00
2022-02-17 00:00:00;SO711545;C0015;AT001;517;2022-03-31 00:00:00;2022-04-02 00:00:00;2022-02-21 00:00:00;2022-02-23 00:00:00
2022-02-17 00:00:00;SO711545;C0015;VS005;411;2022-03-31 00:00:00;2022-03-31 00:00:00;2022-02-21 00:00:00;2022-02-21 00:00:00
2022-02-17 00:00:00;SO711545;C0015;CT003;307;2022-03-31 00:00:00;2022-03-26 00:00:00;2022-02-21 00:00:00;2022-02-16 00:00:00
2022-02-17 00:00:00;SO711545;C0015;AS005;837;2022-03-31 00:00:00;2022-03-22 00:00:00;2022-02-21 00:00:00;2022-02-12 00:00:00
2022-02-17 00:00:00;SO711545;C0015;CS003;533;2022-03-31 00:00:00;2022-03-21 00:00:00;2022-02-21 00:00:00;2022-02-11 00:00:00
2022-02-17 00:00:00;SO711545;C0015;AL002;1234;2022-03-31 00:00:00;2022-03-26 00:00:00;2022-02-21 00:00:00;2022-02-16 00:00:00
2022-02-17 00:00:00;SO301083;C0008;AS005;546;2022-04-14 00:00:00;2022-04-07 00:00:00;2022-02-20 00:00:00;2022-02-13 00:00:00
2022-02-17 00:00:00;SO301083;C0008;CS003;894;2022-04-14 00:00:00;2022-04-10 00:00:00;2022-02-20 00:00:00;2022-02-16 00:00:00
2022-02-17 00:00:00;SO711545;C0015;VS001;907;2022-03-31 00:00:00;2022-04-09 00:00:00;2022-02-21 00:00:00;2022-03-02 00:00:00
2022-02-17 00:00:00;SO301083;C0008;CL002;710;2022-04-14 00:00:00;2022-04-05 00:00:00;2022-02-20 00:00:00;2022-02-11 00:00:00
2022-02-17 00:00:00;SO301083;C0008;AS004;950;2022-04-14 00:00:00;2022-04-14 00:00:00;2022-02-20 00:00:00;2022-02-20 00:00:00
2022-02-18 00:00:00;SO9000040;C0019;CL001;838;2022-04-22 00:00:00;2022-04-12 00:00:00;2022-02-22 00:00:00;2022-02-12 00:00:00
2022-02-18 00:00:00;SO657803;C0020;VS003;562;2022-04-15 00:00:00;2022-04-24 00:00:00;2022-02-22 00:00:00;2022-03-03 00:00:00
2022-02-18 00:00:00;SO588561;C0001;CL001;621;2022-03-18 00:00:00;2022-03-13 00:00:00;2022-02-20 00:00:00;2022-02-15 00:00:00
2022-02-18 00:00:00;SO842980;C0028;VS002;707;2022-03-04 00:00:00;2022-03-02 00:00:00;2022-02-26 00:00:00;2022-02-24 00:00:00
2022-02-18 00:00:00;SO588561;C0001;AL002;581;2022-03-18 00:00:00;2022-03-10 00:00:00;2022-02-20 00:00:00;2022-02-12 00:00:00
2022-02-18 00:00:00;SO9000040;C0019;AS002;726;2022-04-22 00:00:00;2022-04-20 00:00:00;2022-02-22 00:00:00;2022-02-20 00:00:00
2022-02-18 00:00:00;SO9000040;C0019;AT001;1081;2022-04-22 00:00:00;2022-04-16 00:00:00;2022-02-22 00:00:00;2022-02-16 00:00:00
2022-02-18 00:00:00;SO588561;C0001;CL002;598;2022-03-18 00:00:00;2022-03-28 00:00:00;2022-02-20 00:00:00;2022-03-02 00:00:00
2022-02-18 00:00:00;SO9000040;C0019;AS005;565;2022-04-22 00:00:00;2022-04-22 00:00:00;2022-02-22 00:00:00;2022-02-22 00:00:00
2022-02-18 00:00:00;SO588561;C0001;CT001;658;2022-03-18 00:00:00;2022-03-09 00:00:00;2022-02-20 00:00:00;2022-02-11 00:00:00
2022-02-18 00:00:00;SO842980;C0028;CT001;841;2022-03-04 00:00:00;2022-03-04 00:00:00;2022-02-26 00:00:00;2022-02-26 00:00:00
2022-02-18 00:00:00;SO842980;C0028;VS001;1104;2022-03-04 00:00:00;2022-03-07 00:00:00;2022-02-26 00:00:00;2022-03-01 00:00:00
2022-02-18 00:00:00;SO842980;C0028;CT003;1054;2022-03-04 00:00:00;2022-03-06 00:00:00;2022-02-26 00:00:00;2022-02-28 00:00:00
2022-02-18 00:00:00;SO9000040;C0019;CL002;490;2022-04-22 00:00:00;2022-04-14 00:00:00;2022-02-22 00:00:00;2022-02-14 00:00:00
2022-02-18 00:00:00;SO9000040;C0019;AL002;676;2022-04-22 00:00:00;2022-05-02 00:00:00;2022-02-22 00:00:00;2022-03-04 00:00:00
2022-02-18 00:00:00;SO842980;C0028;AS002;483;2022-03-04 00:00:00;2022-03-09 00:00:00;2022-02-26 00:00:00;2022-03-03 00:00:00
2022-02-18 00:00:00;SO657803;C0020;AS004;1031;2022-04-15 00:00:00;2022-04-10 00:00:00;2022-02-22 00:00:00;2022-02-17 00:00:00
2022-02-21 00:00:00;SO338292;C0009;VS005;457;2022-03-07 00:00:00;2022-03-17 00:00:00;2022-02-24 00:00:00;2022-03-06 00:00:00
2022-02-21 00:00:00;SO147677;C0017;VS005;1021;2022-04-18 00:00:00;2022-04-14 00:00:00;2022-02-25 00:00:00;2022-02-21 00:00:00
2022-02-21 00:00:00;SO347487;C0004;AT001;421;2022-03-07 00:00:00;2022-03-17 00:00:00;2022-02-23 00:00:00;2022-03-05 00:00:00
2022-02-21 00:00:00;SO881138;C0003;AS005;516;2022-04-04 00:00:00;2022-04-06 00:00:00;2022-02-23 00:00:00;2022-02-25 00:00:00
2022-02-21 00:00:00;SO147677;C0017;CT001;237;2022-04-18 00:00:00;2022-04-14 00:00:00;2022-02-25 00:00:00;2022-02-21 00:00:00
2022-02-21 00:00:00;SO881138;C0003;AL002;633;2022-04-04 00:00:00;2022-03-27 00:00:00;2022-02-23 00:00:00;2022-02-15 00:00:00
2022-02-21 00:00:00;SO338292;C0009;AS005;934;2022-03-07 00:00:00;2022-02-25 00:00:00;2022-02-24 00:00:00;2022-02-14 00:00:00
2022-02-21 00:00:00;SO881138;C0003;AL001;294;2022-04-04 00:00:00;2022-03-27 00:00:00;2022-02-23 00:00:00;2022-02-15 00:00:00
2022-02-21 00:00:00;SO338292;C0009;CS003;1139;2022-03-07 00:00:00;2022-03-14 00:00:00;2022-02-24 00:00:00;2022-03-03 00:00:00
2022-02-21 00:00:00;SO347487;C0004;AS003;1144;2022-03-07 00:00:00;2022-03-12 00:00:00;2022-02-23 00:00:00;2022-02-28 00:00:00
2022-02-21 00:00:00;SO347487;C0004;CT003;353;2022-03-07 00:00:00;2022-03-05 00:00:00;2022-02-23 00:00:00;2022-02-21 00:00:00
2022-02-21 00:00:00;SO881138;C0003;VS003;374;2022-04-04 00:00:00;2022-03-27 00:00:00;2022-02-23 00:00:00;2022-02-15 00:00:00
2022-02-21 00:00:00;SO881138;C0003;VS005;960;2022-04-04 00:00:00;2022-03-25 00:00:00;2022-02-23 00:00:00;2022-02-13 00:00:00
2022-02-21 00:00:00;SO881138;C0003;AS004;886;2022-04-04 00:00:00;2022-04-09 00:00:00;2022-02-23 00:00:00;2022-02-28 00:00:00
2022-02-21 00:00:00;SO338292;C0009;AL001;956;2022-03-07 00:00:00;2022-03-11 00:00:00;2022-02-24 00:00:00;2022-02-28 00:00:00
2022-02-21 00:00:00;SO338292;C0009;CL002;1050;2022-03-07 00:00:00;2022-03-14 00:00:00;2022-02-24 00:00:00;2022-03-03 00:00:00
2022-02-22 00:00:00;SO573659;C0019;VS005;964;2022-04-26 00:00:00;2022-04-29 00:00:00;2022-02-26 00:00:00;2022-03-01 00:00:00
2022-02-22 00:00:00;SO974378;C0025;AS004;835;2022-03-22 00:00:00;2022-03-15 00:00:00;2022-03-02 00:00:00;2022-02-23 00:00:00
2022-02-22 00:00:00;SO974378;C0025;VS003;318;2022-03-22 00:00:00;2022-03-30 00:00:00;2022-03-02 00:00:00;2022-03-10 00:00:00
2022-02-22 00:00:00;SO974378;C0025;CL002;791;2022-03-22 00:00:00;2022-04-01 00:00:00;2022-03-02 00:00:00;2022-03-12 00:00:00
2022-02-22 00:00:00;SO974378;C0025;VS005;723;2022-03-22 00:00:00;2022-03-19 00:00:00;2022-03-02 00:00:00;2022-02-27 00:00:00
2022-02-22 00:00:00;SO974378;C0025;AS005;624;2022-03-22 00:00:00;2022-04-01 00:00:00;2022-03-02 00:00:00;2022-03-12 00:00:00
2022-02-22 00:00:00;SO573659;C0019;AL001;434;2022-04-26 00:00:00;2022-04-17 00:00:00;2022-02-26 00:00:00;2022-02-17 00:00:00
2022-02-22 00:00:00;SO573659;C0019;AL002;321;2022-04-26 00:00:00;2022-05-05 00:00:00;2022-02-26 00:00:00;2022-03-07 00:00:00
2022-02-22 00:00:00;SO974378;C0025;AT001;885;2022-03-22 00:00:00;2022-03-16 00:00:00;2022-03-02 00:00:00;2022-02-24 00:00:00
2022-02-22 00:00:00;SO573659;C0019;CL001;923;2022-04-26 00:00:00;2022-05-03 00:00:00;2022-02-26 00:00:00;2022-03-05 00:00:00
2022-02-22 00:00:00;SO974378;C0025;AS003;456;2022-03-22 00:00:00;2022-03-21 00:00:00;2022-03-02 00:00:00;2022-03-01 00:00:00
2022-02-22 00:00:00;SO573659;C0019;AT001;487;2022-04-26 00:00:00;2022-04-30 00:00:00;2022-02-26 00:00:00;2022-03-02 00:00:00
2022-02-23 00:00:00;SO959494;C0016;CL002;407;2022-03-09 00:00:00;2022-03-04 00:00:00;2022-02-27 00:00:00;2022-02-22 00:00:00
2022-02-23 00:00:00;SO913262;C0007;CT001;1230;2022-04-27 00:00:00;2022-04-20 00:00:00;2022-02-26 00:00:00;2022-02-19 00:00:00
2022-02-23 00:00:00;SO948966;C0024;CS003;1047;2022-03-23 00:00:00;2022-03-22 00:00:00;2022-02-27 00:00:00;2022-02-26 00:00:00
2022-02-23 00:00:00;SO913262;C0007;VS005;793;2022-04-27 00:00:00;2022-04-30 00:00:00;2022-02-26 00:00:00;2022-03-01 00:00:00
2022-02-23 00:00:00;SO913262;C0007;AS003;1247;2022-04-27 00:00:00;2022-04-18 00:00:00;2022-02-26 00:00:00;2022-02-17 00:00:00
2022-02-23 00:00:00;SO913262;C0007;CT003;943;2022-04-27 00:00:00;2022-04-20 00:00:00;2022-02-26 00:00:00;2022-02-19 00:00:00
2022-02-23 00:00:00;SO948966;C0024;VS002;1107;2022-03-23 00:00:00;2022-03-29 00:00:00;2022-02-27 00:00:00;2022-03-05 00:00:00
2022-02-23 00:00:00;SO959494;C0016;VS005;892;2022-03-09 00:00:00;2022-03-11 00:00:00;2022-02-27 00:00:00;2022-03-01 00:00:00
2022-02-23 00:00:00;SO913262;C0007;AS001;1168;2022-04-27 00:00:00;2022-04-26 00:00:00;2022-02-26 00:00:00;2022-02-25 00:00:00
2022-02-23 00:00:00;SO913262;C0007;VS002;1049;2022-04-27 00:00:00;2022-04-25 00:00:00;2022-02-26 00:00:00;2022-02-24 00:00:00
2022-02-23 00:00:00;SO948966;C0024;CL001;599;2022-03-23 00:00:00;2022-03-15 00:00:00;2022-02-27 00:00:00;2022-02-19 00:00:00
2022-02-23 00:00:00;SO959494;C0016;AS005;938;2022-03-09 00:00:00;2022-03-07 00:00:00;2022-02-27 00:00:00;2022-02-25 00:00:00
2022-02-23 00:00:00;SO913262;C0007;CS002;965;2022-04-27 00:00:00;2022-05-06 00:00:00;2022-02-26 00:00:00;2022-03-07 00:00:00
2022-02-23 00:00:00;SO913262;C0007;AT001;831;2022-04-27 00:00:00;2022-04-22 00:00:00;2022-02-26 00:00:00;2022-02-21 00:00:00
2022-02-23 00:00:00;SO948966;C0024;AL001;609;2022-03-23 00:00:00;2022-03-30 00:00:00;2022-02-27 00:00:00;2022-03-06 00:00:00
2022-02-23 00:00:00;SO948966;C0024;VS005;803;2022-03-23 00:00:00;2022-03-25 00:00:00;2022-02-27 00:00:00;2022-03-01 00:00:00
2022-02-23 00:00:00;SO959494;C0016;AS002;542;2022-03-09 00:00:00;2022-02-28 00:00:00;2022-02-27 00:00:00;2022-02-18 00:00:00
2022-02-23 00:00:00;SO959494;C0016;AS003;762;2022-03-09 00:00:00;2022-03-17 00:00:00;2022-02-27 00:00:00;2022-03-07 00:00:00
2022-02-23 00:00:00;SO948966;C0024;VS001;378;2022-03-23 00:00:00;2022-03-25 00:00:00;2022-02-27 00:00:00;2022-03-01 00:00:00
2022-02-23 00:00:00;SO959494;C0016;AS004;387;2022-03-09 00:00:00;2022-03-16 00:00:00;2022-02-27 00:00:00;2022-03-06 00:00:00
2022-02-24 00:00:00;SO856727;C0028;AS001;603;2022-03-10 00:00:00;2022-03-09 00:00:00;2022-03-04 00:00:00;2022-03-03 00:00:00
2022-02-24 00:00:00;SO167740;C0020;VS003;695;2022-04-21 00:00:00;2022-04-19 00:00:00;2022-02-28 00:00:00;2022-02-26 00:00:00
2022-02-24 00:00:00;SO653750;C0007;AS002;1275;2022-04-28 00:00:00;2022-04-19 00:00:00;2022-02-27 00:00:00;2022-02-18 00:00:00
2022-02-24 00:00:00;SO653750;C0007;VS002;402;2022-04-28 00:00:00;2022-05-08 00:00:00;2022-02-27 00:00:00;2022-03-09 00:00:00
2022-02-24 00:00:00;SO653750;C0007;AL002;1010;2022-04-28 00:00:00;2022-05-05 00:00:00;2022-02-27 00:00:00;2022-03-06 00:00:00
2022-02-24 00:00:00;SO167740;C0020;CS002;984;2022-04-21 00:00:00;2022-04-15 00:00:00;2022-02-28 00:00:00;2022-02-22 00:00:00
2022-02-24 00:00:00;SO653750;C0007;AS005;609;2022-04-28 00:00:00;2022-04-23 00:00:00;2022-02-27 00:00:00;2022-02-22 00:00:00
2022-02-24 00:00:00;SO856727;C0028;VS002;500;2022-03-10 00:00:00;2022-03-09 00:00:00;2022-03-04 00:00:00;2022-03-03 00:00:00
2022-02-24 00:00:00;SO856727;C0028;AL002;499;2022-03-10 00:00:00;2022-03-03 00:00:00;2022-03-04 00:00:00;2022-02-25 00:00:00
2022-02-24 00:00:00;SO856727;C0028;AS003;350;2022-03-10 00:00:00;2022-03-07 00:00:00;2022-03-04 00:00:00;2022-03-01 00:00:00
2022-02-24 00:00:00;SO856727;C0028;CL001;844;2022-03-10 00:00:00;2022-03-05 00:00:00;2022-03-04 00:00:00;2022-02-27 00:00:00
2022-02-24 00:00:00;SO167740;C0020;CT001;994;2022-04-21 00:00:00;2022-04-11 00:00:00;2022-02-28 00:00:00;2022-02-18 00:00:00
2022-02-24 00:00:00;SO167740;C0020;CS003;482;2022-04-21 00:00:00;2022-04-12 00:00:00;2022-02-28 00:00:00;2022-02-19 00:00:00
2022-02-24 00:00:00;SO653750;C0007;CL002;1083;2022-04-28 00:00:00;2022-04-24 00:00:00;2022-02-27 00:00:00;2022-02-23 00:00:00
2022-02-25 00:00:00;SO192668;C0019;CS002;928;2022-04-29 00:00:00;2022-04-28 00:00:00;2022-03-01 00:00:00;2022-02-28 00:00:00
2022-02-25 00:00:00;SO794834;C0024;AS004;575;2022-03-25 00:00:00;2022-03-21 00:00:00;2022-03-01 00:00:00;2022-02-25 00:00:00
2022-02-25 00:00:00;SO794834;C0024;AL002;353;2022-03-25 00:00:00;2022-03-30 00:00:00;2022-03-01 00:00:00;2022-03-06 00:00:00
2022-02-25 00:00:00;SO192668;C0019;AS002;457;2022-04-29 00:00:00;2022-05-03 00:00:00;2022-03-01 00:00:00;2022-03-05 00:00:00
2022-02-25 00:00:00;SO794834;C0024;CS002;356;2022-03-25 00:00:00;2022-03-17 00:00:00;2022-03-01 00:00:00;2022-02-21 00:00:00
2022-02-25 00:00:00;SO192668;C0019;VS001;661;2022-04-29 00:00:00;2022-05-04 00:00:00;2022-03-01 00:00:00;2022-03-06 00:00:00
2022-02-25 00:00:00;SO794834;C0024;AS002;848;2022-03-25 00:00:00;2022-03-26 00:00:00;2022-03-01 00:00:00;2022-03-02 00:00:00
2022-02-25 00:00:00;SO192668;C0019;AL001;505;2022-04-29 00:00:00;2022-04-27 00:00:00;2022-03-01 00:00:00;2022-02-27 00:00:00
2022-02-25 00:00:00;SO794834;C0024;VS003;431;2022-03-25 00:00:00;2022-03-30 00:00:00;2022-03-01 00:00:00;2022-03-06 00:00:00
2022-02-25 00:00:00;SO794834;C0024;VS002;300;2022-03-25 00:00:00;2022-03-20 00:00:00;2022-03-01 00:00:00;2022-02-24 00:00:00
2022-02-25 00:00:00;SO192668;C0019;VS002;678;2022-04-29 00:00:00;2022-04-25 00:00:00;2022-03-01 00:00:00;2022-02-25 00:00:00
2022-02-25 00:00:00;SO192668;C0019;CT001;1008;2022-04-29 00:00:00;2022-04-27 00:00:00;2022-03-01 00:00:00;2022-02-27 00:00:00
2022-02-25 00:00:00;SO794834;C0024;AS001;516;2022-03-25 00:00:00;2022-03-23 00:00:00;2022-03-01 00:00:00;2022-02-27 00:00:00
2022-02-25 00:00:00;SO794834;C0024;CT001;1054;2022-03-25 00:00:00;2022-03-22 00:00:00;2022-03-01 00:00:00;2022-02-26 00:00:00
2022-02-25 00:00:00;SO192668;C0019;AT001;1318;2022-04-29 00:00:00;2022-05-03 00:00:00;2022-03-01 00:00:00;2022-03-05 00:00:00
2022-02-25 00:00:00;SO794834;C0024;CL001;703;2022-03-25 00:00:00;2022-04-01 00:00:00;2022-03-01 00:00:00;2022-03-08 00:00:00
2022-02-25 00:00:00;SO192668;C0019;AS004;640;2022-04-29 00:00:00;2022-04-27 00:00:00;2022-03-01 00:00:00;2022-02-27 00:00:00
2022-02-25 00:00:00;SO794834;C0024;CS003;448;2022-03-25 00:00:00;2022-03-31 00:00:00;2022-03-01 00:00:00;2022-03-07 00:00:00
2022-02-25 00:00:00;SO794834;C0024;AS005;537;2022-03-25 00:00:00;2022-04-04 00:00:00;2022-03-01 00:00:00;2022-03-11 00:00:00
2022-02-28 00:00:00;SO958452;C0021;AS003;717;2022-03-14 00:00:00;2022-03-08 00:00:00;2022-03-04 00:00:00;2022-02-26 00:00:00
2022-02-28 00:00:00;SO890335;C0013;AT001;531;2022-03-28 00:00:00;2022-03-23 00:00:00;2022-03-04 00:00:00;2022-02-27 00:00:00
2022-02-28 00:00:00;SO608106;C0023;VS003;721;2022-04-04 00:00:00;2022-04-11 00:00:00;2022-03-04 00:00:00;2022-03-11 00:00:00
2022-02-28 00:00:00;SO890335;C0013;CL001;847;2022-03-28 00:00:00;2022-03-18 00:00:00;2022-03-04 00:00:00;2022-02-22 00:00:00
2022-02-28 00:00:00;SO890335;C0013;VS002;780;2022-03-28 00:00:00;2022-04-01 00:00:00;2022-03-04 00:00:00;2022-03-08 00:00:00
2022-02-28 00:00:00;SO608106;C0023;AT001;610;2022-04-04 00:00:00;2022-04-13 00:00:00;2022-03-04 00:00:00;2022-03-13 00:00:00
2022-02-28 00:00:00;SO890335;C0013;AS005;517;2022-03-28 00:00:00;2022-03-26 00:00:00;2022-03-04 00:00:00;2022-03-02 00:00:00
2022-02-28 00:00:00;SO608106;C0023;AS005;415;2022-04-04 00:00:00;2022-03-25 00:00:00;2022-03-04 00:00:00;2022-02-22 00:00:00
2022-02-28 00:00:00;SO608106;C0023;CL001;514;2022-04-04 00:00:00;2022-04-05 00:00:00;2022-03-04 00:00:00;2022-03-05 00:00:00
2022-02-28 00:00:00;SO608106;C0023;AL001;476;2022-04-04 00:00:00;2022-04-01 00:00:00;2022-03-04 00:00:00;2022-03-01 00:00:00
2022-02-28 00:00:00;SO890335;C0013;AS003;733;2022-03-28 00:00:00;2022-03-21 00:00:00;2022-03-04 00:00:00;2022-02-25 00:00:00
2022-02-28 00:00:00;SO608106;C0023;AS003;682;2022-04-04 00:00:00;2022-04-09 00:00:00;2022-03-04 00:00:00;2022-03-09 00:00:00
2022-03-01 00:00:00;SO486423;C0022;AT001;617;2022-04-12 00:00:00;2022-04-10 00:00:00;2022-03-05 00:00:00;2022-03-03 00:00:00
2022-03-01 00:00:00;SO781750;C0012;CS003;657;2022-03-29 00:00:00;2022-03-20 00:00:00;2022-03-04 00:00:00;2022-02-23 00:00:00
2022-03-01 00:00:00;SO939379;C0007;AT002;832;2022-05-03 00:00:00;2022-05-11 00:00:00;2022-03-04 00:00:00;2022-03-12 00:00:00
2022-03-01 00:00:00;SO486423;C0022;AT002;823;2022-04-12 00:00:00;2022-04-12 00:00:00;2022-03-05 00:00:00;2022-03-05 00:00:00
2022-03-01 00:00:00;SO486423;C0022;CL001;316;2022-04-12 00:00:00;2022-04-12 00:00:00;2022-03-05 00:00:00;2022-03-05 00:00:00
2022-03-01 00:00:00;SO781750;C0012;CS002;1090;2022-03-29 00:00:00;2022-03-26 00:00:00;2022-03-04 00:00:00;2022-03-01 00:00:00
2022-03-01 00:00:00;SO486423;C0022;CS001;1025;2022-04-12 00:00:00;2022-04-19 00:00:00;2022-03-05 00:00:00;2022-03-12 00:00:00
2022-03-01 00:00:00;SO486423;C0022;CS003;644;2022-04-12 00:00:00;2022-04-06 00:00:00;2022-03-05 00:00:00;2022-02-27 00:00:00
2022-03-01 00:00:00;SO486423;C0022;VS001;908;2022-04-12 00:00:00;2022-04-15 00:00:00;2022-03-05 00:00:00;2022-03-08 00:00:00
2022-03-01 00:00:00;SO781750;C0012;AS005;820;2022-03-29 00:00:00;2022-04-04 00:00:00;2022-03-04 00:00:00;2022-03-10 00:00:00
2022-03-01 00:00:00;SO939379;C0007;AS003;796;2022-05-03 00:00:00;2022-05-06 00:00:00;2022-03-04 00:00:00;2022-03-07 00:00:00
2022-03-01 00:00:00;SO486423;C0022;VS004;656;2022-04-12 00:00:00;2022-04-14 00:00:00;2022-03-05 00:00:00;2022-03-07 00:00:00
2022-03-01 00:00:00;SO781750;C0012;AT001;731;2022-03-29 00:00:00;2022-03-28 00:00:00;2022-03-04 00:00:00;2022-03-03 00:00:00
2022-03-01 00:00:00;SO939379;C0007;VS004;913;2022-05-03 00:00:00;2022-05-09 00:00:00;2022-03-04 00:00:00;2022-03-10 00:00:00
2022-03-02 00:00:00;SO366436;C0003;VS002;990;2022-04-13 00:00:00;2022-04-18 00:00:00;2022-03-04 00:00:00;2022-03-09 00:00:00
2022-03-02 00:00:00;SO115229;C0013;CT001;387;2022-03-30 00:00:00;2022-03-28 00:00:00;2022-03-06 00:00:00;2022-03-04 00:00:00
2022-03-02 00:00:00;SO366436;C0003;CS002;852;2022-04-13 00:00:00;2022-04-04 00:00:00;2022-03-04 00:00:00;2022-02-23 00:00:00
2022-03-02 00:00:00;SO115229;C0013;VS002;428;2022-03-30 00:00:00;2022-04-04 00:00:00;2022-03-06 00:00:00;2022-03-11 00:00:00
2022-03-02 00:00:00;SO115229;C0013;AT001;997;2022-03-30 00:00:00;2022-03-22 00:00:00;2022-03-06 00:00:00;2022-02-26 00:00:00
2022-03-02 00:00:00;SO115229;C0013;CS004;446;2022-03-30 00:00:00;2022-03-27 00:00:00;2022-03-06 00:00:00;2022-03-03 00:00:00
2022-03-02 00:00:00;SO115229;C0013;CL001;683;2022-03-30 00:00:00;2022-04-02 00:00:00;2022-03-06 00:00:00;2022-03-09 00:00:00
2022-03-02 00:00:00;SO366436;C0003;AS003;814;2022-04-13 00:00:00;2022-04-07 00:00:00;2022-03-04 00:00:00;2022-02-26 00:00:00
2022-03-02 00:00:00;SO366436;C0003;VS004;316;2022-04-13 00:00:00;2022-04-07 00:00:00;2022-03-04 00:00:00;2022-02-26 00:00:00
2022-03-02 00:00:00;SO115229;C0013;CL002;985;2022-03-30 00:00:00;2022-03-24 00:00:00;2022-03-06 00:00:00;2022-02-28 00:00:00
2022-03-02 00:00:00;SO115229;C0013;VS001;1064;2022-03-30 00:00:00;2022-03-25 00:00:00;2022-03-06 00:00:00;2022-03-01 00:00:00
2022-03-02 00:00:00;SO366436;C0003;AT002;1156;2022-04-13 00:00:00;2022-04-10 00:00:00;2022-03-04 00:00:00;2022-03-01 00:00:00
2022-03-02 00:00:00;SO366436;C0003;AS005;667;2022-04-13 00:00:00;2022-04-17 00:00:00;2022-03-04 00:00:00;2022-03-08 00:00:00
2022-03-02 00:00:00;SO366436;C0003;VS001;567;2022-04-13 00:00:00;2022-04-08 00:00:00;2022-03-04 00:00:00;2022-02-27 00:00:00
2022-03-03 00:00:00;SO594032;C0015;AT001;749;2022-04-14 00:00:00;2022-04-11 00:00:00;2022-03-07 00:00:00;2022-03-04 00:00:00
2022-03-03 00:00:00;SO653298;C0007;VS002;968;2022-05-05 00:00:00;2022-05-05 00:00:00;2022-03-06 00:00:00;2022-03-06 00:00:00
2022-03-03 00:00:00;SO946819;C0011;VS001;1106;2022-04-07 00:00:00;2022-04-17 00:00:00;2022-03-06 00:00:00;2022-03-16 00:00:00
2022-03-03 00:00:00;SO657120;C0014;CS002;397;2022-04-07 00:00:00;2022-03-29 00:00:00;2022-03-07 00:00:00;2022-02-26 00:00:00
2022-03-03 00:00:00;SO657120;C0014;CS001;855;2022-04-07 00:00:00;2022-04-14 00:00:00;2022-03-07 00:00:00;2022-03-14 00:00:00
2022-03-03 00:00:00;SO657120;C0014;AT002;506;2022-04-07 00:00:00;2022-04-02 00:00:00;2022-03-07 00:00:00;2022-03-02 00:00:00
2022-03-03 00:00:00;SO594032;C0015;AS001;881;2022-04-14 00:00:00;2022-04-16 00:00:00;2022-03-07 00:00:00;2022-03-09 00:00:00
2022-03-03 00:00:00;SO594032;C0015;CS001;943;2022-04-14 00:00:00;2022-04-16 00:00:00;2022-03-07 00:00:00;2022-03-09 00:00:00
2022-03-03 00:00:00;SO946819;C0011;CT001;1056;2022-04-07 00:00:00;2022-04-05 00:00:00;2022-03-06 00:00:00;2022-03-04 00:00:00
2022-03-03 00:00:00;SO653298;C0007;CL002;1163;2022-05-05 00:00:00;2022-05-10 00:00:00;2022-03-06 00:00:00;2022-03-11 00:00:00
2022-03-03 00:00:00;SO657120;C0014;AS005;592;2022-04-07 00:00:00;2022-04-09 00:00:00;2022-03-07 00:00:00;2022-03-09 00:00:00
2022-03-03 00:00:00;SO594032;C0015;VS002;895;2022-04-14 00:00:00;2022-04-12 00:00:00;2022-03-07 00:00:00;2022-03-05 00:00:00
2022-03-03 00:00:00;SO657120;C0014;VS002;568;2022-04-07 00:00:00;2022-03-28 00:00:00;2022-03-07 00:00:00;2022-02-25 00:00:00
2022-03-03 00:00:00;SO946819;C0011;CS002;592;2022-04-07 00:00:00;2022-04-05 00:00:00;2022-03-06 00:00:00;2022-03-04 00:00:00
2022-03-03 00:00:00;SO653298;C0007;AT001;748;2022-05-05 00:00:00;2022-05-02 00:00:00;2022-03-06 00:00:00;2022-03-03 00:00:00
2022-03-03 00:00:00;SO594032;C0015;CL001;498;2022-04-14 00:00:00;2022-04-07 00:00:00;2022-03-07 00:00:00;2022-02-28 00:00:00
2022-03-03 00:00:00;SO657120;C0014;AT001;1111;2022-04-07 00:00:00;2022-04-02 00:00:00;2022-03-07 00:00:00;2022-03-02 00:00:00
2022-03-03 00:00:00;SO657120;C0014;VS004;1025;2022-04-07 00:00:00;2022-04-02 00:00:00;2022-03-07 00:00:00;2022-03-02 00:00:00
2022-03-04 00:00:00;SO550433;C0028;VS004;792;2022-03-18 00:00:00;2022-03-18 00:00:00;2022-03-12 00:00:00;2022-03-12 00:00:00
2022-03-04 00:00:00;SO429909;C0006;VS002;312;2022-05-06 00:00:00;2022-04-29 00:00:00;2022-03-06 00:00:00;2022-02-27 00:00:00
2022-03-04 00:00:00;SO750728;C0029;AS005;484;2022-04-29 00:00:00;2022-04-24 00:00:00;2022-03-12 00:00:00;2022-03-07 00:00:00
2022-03-04 00:00:00;SO550433;C0028;CS004;716;2022-03-18 00:00:00;2022-03-09 00:00:00;2022-03-12 00:00:00;2022-03-03 00:00:00
2022-03-04 00:00:00;SO550433;C0028;CT001;1156;2022-03-18 00:00:00;2022-03-24 00:00:00;2022-03-12 00:00:00;2022-03-18 00:00:00
2022-03-04 00:00:00;SO550433;C0028;CS002;542;2022-03-18 00:00:00;2022-03-09 00:00:00;2022-03-12 00:00:00;2022-03-03 00:00:00
2022-03-04 00:00:00;SO550433;C0028;CS003;955;2022-03-18 00:00:00;2022-03-11 00:00:00;2022-03-12 00:00:00;2022-03-05 00:00:00
2022-03-04 00:00:00;SO750728;C0029;AS001;905;2022-04-29 00:00:00;2022-04-25 00:00:00;2022-03-12 00:00:00;2022-03-08 00:00:00
2022-03-04 00:00:00;SO750728;C0029;CS002;609;2022-04-29 00:00:00;2022-04-25 00:00:00;2022-03-12 00:00:00;2022-03-08 00:00:00
2022-03-04 00:00:00;SO750728;C0029;CS003;373;2022-04-29 00:00:00;2022-04-23 00:00:00;2022-03-12 00:00:00;2022-03-06 00:00:00
2022-03-04 00:00:00;SO429909;C0006;CT001;568;2022-05-06 00:00:00;2022-05-09 00:00:00;2022-03-06 00:00:00;2022-03-09 00:00:00
2022-03-04 00:00:00;SO750728;C0029;VS002;1054;2022-04-29 00:00:00;2022-05-02 00:00:00;2022-03-12 00:00:00;2022-03-15 00:00:00
2022-03-04 00:00:00;SO550433;C0028;AS005;879;2022-03-18 00:00:00;2022-03-28 00:00:00;2022-03-12 00:00:00;2022-03-22 00:00:00
2022-03-07 00:00:00;SO282233;C0016;VS004;883;2022-03-21 00:00:00;2022-03-29 00:00:00;2022-03-11 00:00:00;2022-03-19 00:00:00
2022-03-07 00:00:00;SO978064;C0017;VS004;373;2022-05-02 00:00:00;2022-05-02 00:00:00;2022-03-11 00:00:00;2022-03-11 00:00:00
2022-03-07 00:00:00;SO182544;C0006;CS003;674;2022-05-09 00:00:00;2022-05-07 00:00:00;2022-03-09 00:00:00;2022-03-07 00:00:00
2022-03-07 00:00:00;SO282233;C0016;CS004;668;2022-03-21 00:00:00;2022-03-27 00:00:00;2022-03-11 00:00:00;2022-03-17 00:00:00
2022-03-07 00:00:00;SO282233;C0016;CS003;635;2022-03-21 00:00:00;2022-03-20 00:00:00;2022-03-11 00:00:00;2022-03-10 00:00:00
2022-03-07 00:00:00;SO182544;C0006;CS002;895;2022-05-09 00:00:00;2022-05-15 00:00:00;2022-03-09 00:00:00;2022-03-15 00:00:00
2022-03-07 00:00:00;SO182544;C0006;VS004;866;2022-05-09 00:00:00;2022-05-17 00:00:00;2022-03-09 00:00:00;2022-03-17 00:00:00
2022-03-07 00:00:00;SO182544;C0006;AT001;1085;2022-05-09 00:00:00;2022-05-04 00:00:00;2022-03-09 00:00:00;2022-03-04 00:00:00
2022-03-07 00:00:00;SO978064;C0017;CL001;882;2022-05-02 00:00:00;2022-05-09 00:00:00;2022-03-11 00:00:00;2022-03-18 00:00:00
2022-03-07 00:00:00;SO182544;C0006;VS002;1003;2022-05-09 00:00:00;2022-05-01 00:00:00;2022-03-09 00:00:00;2022-03-01 00:00:00
2022-03-07 00:00:00;SO282233;C0016;CL002;464;2022-03-21 00:00:00;2022-03-15 00:00:00;2022-03-11 00:00:00;2022-03-05 00:00:00
2022-03-07 00:00:00;SO182544;C0006;CL001;571;2022-05-09 00:00:00;2022-05-10 00:00:00;2022-03-09 00:00:00;2022-03-10 00:00:00
2022-03-07 00:00:00;SO978064;C0017;AS003;699;2022-05-02 00:00:00;2022-05-08 00:00:00;2022-03-11 00:00:00;2022-03-17 00:00:00
2022-03-07 00:00:00;SO282233;C0016;AS001;587;2022-03-21 00:00:00;2022-03-29 00:00:00;2022-03-11 00:00:00;2022-03-19 00:00:00
2022-03-07 00:00:00;SO978064;C0017;AT001;778;2022-05-02 00:00:00;2022-05-04 00:00:00;2022-03-11 00:00:00;2022-03-13 00:00:00
2022-03-07 00:00:00;SO182544;C0006;CL002;274;2022-05-09 00:00:00;2022-04-30 00:00:00;2022-03-09 00:00:00;2022-02-28 00:00:00
2022-03-07 00:00:00;SO282233;C0016;CS002;479;2022-03-21 00:00:00;2022-03-20 00:00:00;2022-03-11 00:00:00;2022-03-10 00:00:00
2022-03-07 00:00:00;SO282233;C0016;AS005;895;2022-03-21 00:00:00;2022-03-15 00:00:00;2022-03-11 00:00:00;2022-03-05 00:00:00
2022-03-08 00:00:00;SO916833;C0018;AT001;839;2022-05-10 00:00:00;2022-05-05 00:00:00;2022-03-12 00:00:00;2022-03-07 00:00:00
2022-03-08 00:00:00;SO948540;C0017;AT001;954;2022-05-03 00:00:00;2022-05-12 00:00:00;2022-03-12 00:00:00;2022-03-21 00:00:00
2022-03-08 00:00:00;SO863942;C0009;CL001;575;2022-03-22 00:00:00;2022-03-14 00:00:00;2022-03-11 00:00:00;2022-03-03 00:00:00
2022-03-08 00:00:00;SO194619;C0010;CS002;315;2022-04-19 00:00:00;2022-04-28 00:00:00;2022-03-11 00:00:00;2022-03-20 00:00:00
2022-03-08 00:00:00;SO863942;C0009;CL002;486;2022-03-22 00:00:00;2022-03-24 00:00:00;2022-03-11 00:00:00;2022-03-13 00:00:00
2022-03-08 00:00:00;SO863942;C0009;AT001;913;2022-03-22 00:00:00;2022-03-19 00:00:00;2022-03-11 00:00:00;2022-03-08 00:00:00
2022-03-08 00:00:00;SO863942;C0009;VS004;640;2022-03-22 00:00:00;2022-03-28 00:00:00;2022-03-11 00:00:00;2022-03-17 00:00:00
2022-03-08 00:00:00;SO916833;C0018;CL001;680;2022-05-10 00:00:00;2022-05-11 00:00:00;2022-03-12 00:00:00;2022-03-13 00:00:00
2022-03-08 00:00:00;SO916833;C0018;CS002;485;2022-05-10 00:00:00;2022-05-17 00:00:00;2022-03-12 00:00:00;2022-03-19 00:00:00
2022-03-08 00:00:00;SO916833;C0018;CL002;678;2022-05-10 00:00:00;2022-05-06 00:00:00;2022-03-12 00:00:00;2022-03-08 00:00:00
2022-03-08 00:00:00;SO948540;C0017;VS002;477;2022-05-03 00:00:00;2022-05-10 00:00:00;2022-03-12 00:00:00;2022-03-19 00:00:00
2022-03-08 00:00:00;SO948540;C0017;AT002;997;2022-05-03 00:00:00;2022-05-04 00:00:00;2022-03-12 00:00:00;2022-03-13 00:00:00
2022-03-08 00:00:00;SO863942;C0009;AT002;886;2022-03-22 00:00:00;2022-03-23 00:00:00;2022-03-11 00:00:00;2022-03-12 00:00:00
2022-03-08 00:00:00;SO863942;C0009;VS001;1049;2022-03-22 00:00:00;2022-03-27 00:00:00;2022-03-11 00:00:00;2022-03-16 00:00:00
2022-03-08 00:00:00;SO194619;C0010;VS004;732;2022-04-19 00:00:00;2022-04-27 00:00:00;2022-03-11 00:00:00;2022-03-19 00:00:00
2022-03-08 00:00:00;SO194619;C0010;CS003;614;2022-04-19 00:00:00;2022-04-18 00:00:00;2022-03-11 00:00:00;2022-03-10 00:00:00
2022-03-09 00:00:00;SO553697;C0010;CL002;938;2022-04-20 00:00:00;2022-04-19 00:00:00;2022-03-12 00:00:00;2022-03-11 00:00:00
2022-03-09 00:00:00;SO911187;C0020;AT001;1197;2022-05-04 00:00:00;2022-05-02 00:00:00;2022-03-13 00:00:00;2022-03-11 00:00:00
2022-03-09 00:00:00;SO438345;C0025;CL001;872;2022-04-06 00:00:00;2022-03-27 00:00:00;2022-03-17 00:00:00;2022-03-07 00:00:00
2022-03-09 00:00:00;SO675876;C0007;VS004;922;2022-05-11 00:00:00;2022-05-11 00:00:00;2022-03-12 00:00:00;2022-03-12 00:00:00
2022-03-09 00:00:00;SO911187;C0020;AT002;408;2022-05-04 00:00:00;2022-05-04 00:00:00;2022-03-13 00:00:00;2022-03-13 00:00:00
2022-03-09 00:00:00;SO911187;C0020;AS005;530;2022-05-04 00:00:00;2022-04-25 00:00:00;2022-03-13 00:00:00;2022-03-04 00:00:00
2022-03-09 00:00:00;SO553697;C0010;AT001;835;2022-04-20 00:00:00;2022-04-26 00:00:00;2022-03-12 00:00:00;2022-03-18 00:00:00
2022-03-09 00:00:00;SO553697;C0010;CS004;471;2022-04-20 00:00:00;2022-04-25 00:00:00;2022-03-12 00:00:00;2022-03-17 00:00:00
2022-03-09 00:00:00;SO911187;C0020;CL001;853;2022-05-04 00:00:00;2022-05-08 00:00:00;2022-03-13 00:00:00;2022-03-17 00:00:00
2022-03-09 00:00:00;SO553697;C0010;CT001;1006;2022-04-20 00:00:00;2022-04-17 00:00:00;2022-03-12 00:00:00;2022-03-09 00:00:00
2022-03-09 00:00:00;SO553697;C0010;CS001;692;2022-04-20 00:00:00;2022-04-29 00:00:00;2022-03-12 00:00:00;2022-03-21 00:00:00
2022-03-09 00:00:00;SO911187;C0020;VS001;371;2022-05-04 00:00:00;2022-05-01 00:00:00;2022-03-13 00:00:00;2022-03-10 00:00:00
2022-03-09 00:00:00;SO911187;C0020;AS001;755;2022-05-04 00:00:00;2022-04-25 00:00:00;2022-03-13 00:00:00;2022-03-04 00:00:00
2022-03-09 00:00:00;SO675876;C0007;VS002;760;2022-05-11 00:00:00;2022-05-14 00:00:00;2022-03-12 00:00:00;2022-03-15 00:00:00
2022-03-09 00:00:00;SO911187;C0020;CS002;616;2022-05-04 00:00:00;2022-04-26 00:00:00;2022-03-13 00:00:00;2022-03-05 00:00:00
2022-03-09 00:00:00;SO675876;C0007;AT002;434;2022-05-11 00:00:00;2022-05-06 00:00:00;2022-03-12 00:00:00;2022-03-07 00:00:00
2022-03-10 00:00:00;SO242295;C0020;AS001;1002;2022-05-05 00:00:00;2022-05-11 00:00:00;2022-03-14 00:00:00;2022-03-20 00:00:00
2022-03-10 00:00:00;SO142219;C0008;VS002;710;2022-05-05 00:00:00;2022-05-07 00:00:00;2022-03-13 00:00:00;2022-03-15 00:00:00
2022-03-10 00:00:00;SO242295;C0020;CS004;559;2022-05-05 00:00:00;2022-04-26 00:00:00;2022-03-14 00:00:00;2022-03-05 00:00:00
2022-03-10 00:00:00;SO142219;C0008;VS004;634;2022-05-05 00:00:00;2022-05-03 00:00:00;2022-03-13 00:00:00;2022-03-11 00:00:00
2022-03-10 00:00:00;SO142219;C0008;CT001;812;2022-05-05 00:00:00;2022-05-05 00:00:00;2022-03-13 00:00:00;2022-03-13 00:00:00
2022-03-10 00:00:00;SO142219;C0008;CS002;397;2022-05-05 00:00:00;2022-05-12 00:00:00;2022-03-13 00:00:00;2022-03-20 00:00:00
2022-03-10 00:00:00;SO242295;C0020;CT001;778;2022-05-05 00:00:00;2022-05-12 00:00:00;2022-03-14 00:00:00;2022-03-21 00:00:00
2022-03-10 00:00:00;SO142219;C0008;AT001;385;2022-05-05 00:00:00;2022-05-14 00:00:00;2022-03-13 00:00:00;2022-03-22 00:00:00
2022-03-10 00:00:00;SO142219;C0008;AS005;641;2022-05-05 00:00:00;2022-05-04 00:00:00;2022-03-13 00:00:00;2022-03-12 00:00:00
2022-03-10 00:00:00;SO242295;C0020;AT002;797;2022-05-05 00:00:00;2022-05-08 00:00:00;2022-03-14 00:00:00;2022-03-17 00:00:00
2022-03-10 00:00:00;SO142219;C0008;CS003;1004;2022-05-05 00:00:00;2022-05-13 00:00:00;2022-03-13 00:00:00;2022-03-21 00:00:00
2022-03-10 00:00:00;SO242295;C0020;CS001;666;2022-05-05 00:00:00;2022-04-29 00:00:00;2022-03-14 00:00:00;2022-03-08 00:00:00
2022-03-10 00:00:00;SO142219;C0008;CL001;964;2022-05-05 00:00:00;2022-04-27 00:00:00;2022-03-13 00:00:00;2022-03-05 00:00:00
2022-03-10 00:00:00;SO242295;C0020;AS005;430;2022-05-05 00:00:00;2022-05-04 00:00:00;2022-03-14 00:00:00;2022-03-13 00:00:00
2022-03-10 00:00:00;SO142219;C0008;AT002;919;2022-05-05 00:00:00;2022-05-15 00:00:00;2022-03-13 00:00:00;2022-03-23 00:00:00
2022-03-10 00:00:00;SO142219;C0008;CL002;1070;2022-05-05 00:00:00;2022-05-12 00:00:00;2022-03-13 00:00:00;2022-03-20 00:00:00
2022-03-10 00:00:00;SO242295;C0020;CL002;910;2022-05-05 00:00:00;2022-05-06 00:00:00;2022-03-14 00:00:00;2022-03-15 00:00:00
2022-03-11 00:00:00;SO142731;C0018;VS004;1231;2022-05-13 00:00:00;2022-05-20 00:00:00;2022-03-15 00:00:00;2022-03-22 00:00:00
2022-03-11 00:00:00;SO474551;C0024;CT001;832;2022-04-08 00:00:00;2022-04-17 00:00:00;2022-03-15 00:00:00;2022-03-24 00:00:00
2022-03-11 00:00:00;SO189443;C0006;CT001;921;2022-05-13 00:00:00;2022-05-04 00:00:00;2022-03-13 00:00:00;2022-03-04 00:00:00
2022-03-11 00:00:00;SO474551;C0024;CS003;670;2022-04-08 00:00:00;2022-04-03 00:00:00;2022-03-15 00:00:00;2022-03-10 00:00:00
2022-03-11 00:00:00;SO474551;C0024;CS004;429;2022-04-08 00:00:00;2022-04-15 00:00:00;2022-03-15 00:00:00;2022-03-22 00:00:00
2022-03-11 00:00:00;SO189443;C0006;AT001;774;2022-05-13 00:00:00;2022-05-10 00:00:00;2022-03-13 00:00:00;2022-03-10 00:00:00
2022-03-11 00:00:00;SO474551;C0024;VS004;1019;2022-04-08 00:00:00;2022-04-13 00:00:00;2022-03-15 00:00:00;2022-03-20 00:00:00
2022-03-11 00:00:00;SO189443;C0006;VS002;254;2022-05-13 00:00:00;2022-05-15 00:00:00;2022-03-13 00:00:00;2022-03-15 00:00:00
2022-03-11 00:00:00;SO189443;C0006;CS004;928;2022-05-13 00:00:00;2022-05-11 00:00:00;2022-03-13 00:00:00;2022-03-11 00:00:00
2022-03-11 00:00:00;SO189443;C0006;CS003;356;2022-05-13 00:00:00;2022-05-10 00:00:00;2022-03-13 00:00:00;2022-03-10 00:00:00
2022-03-11 00:00:00;SO142731;C0018;CS002;505;2022-05-13 00:00:00;2022-05-19 00:00:00;2022-03-15 00:00:00;2022-03-21 00:00:00
2022-03-11 00:00:00;SO189443;C0006;CS001;414;2022-05-13 00:00:00;2022-05-09 00:00:00;2022-03-13 00:00:00;2022-03-09 00:00:00
2022-03-11 00:00:00;SO142731;C0018;VS002;710;2022-05-13 00:00:00;2022-05-11 00:00:00;2022-03-15 00:00:00;2022-03-13 00:00:00
2022-03-14 00:00:00;SO727811;C0005;AS001;462;2022-05-09 00:00:00;2022-05-02 00:00:00;2022-03-16 00:00:00;2022-03-09 00:00:00
2022-03-14 00:00:00;SO778594;C0012;CL002;869;2022-04-11 00:00:00;2022-04-19 00:00:00;2022-03-17 00:00:00;2022-03-25 00:00:00
2022-03-14 00:00:00;SO727811;C0005;AS003;709;2022-05-09 00:00:00;2022-05-08 00:00:00;2022-03-16 00:00:00;2022-03-15 00:00:00
2022-03-14 00:00:00;SO727811;C0005;AS005;382;2022-05-09 00:00:00;2022-04-30 00:00:00;2022-03-16 00:00:00;2022-03-07 00:00:00
2022-03-14 00:00:00;SO778594;C0012;AT002;532;2022-04-11 00:00:00;2022-04-10 00:00:00;2022-03-17 00:00:00;2022-03-16 00:00:00
2022-03-14 00:00:00;SO778594;C0012;CL001;828;2022-04-11 00:00:00;2022-04-02 00:00:00;2022-03-17 00:00:00;2022-03-08 00:00:00
2022-03-14 00:00:00;SO778594;C0012;CS003;431;2022-04-11 00:00:00;2022-04-14 00:00:00;2022-03-17 00:00:00;2022-03-20 00:00:00
2022-03-14 00:00:00;SO778594;C0012;CS001;948;2022-04-11 00:00:00;2022-04-18 00:00:00;2022-03-17 00:00:00;2022-03-24 00:00:00
2022-03-14 00:00:00;SO778594;C0012;AS001;695;2022-04-11 00:00:00;2022-04-19 00:00:00;2022-03-17 00:00:00;2022-03-25 00:00:00
2022-03-14 00:00:00;SO727811;C0005;VS004;321;2022-05-09 00:00:00;2022-05-03 00:00:00;2022-03-16 00:00:00;2022-03-10 00:00:00
2022-03-14 00:00:00;SO778594;C0012;CT001;799;2022-04-11 00:00:00;2022-04-01 00:00:00;2022-03-17 00:00:00;2022-03-07 00:00:00
2022-03-14 00:00:00;SO727811;C0005;CS001;423;2022-05-09 00:00:00;2022-05-15 00:00:00;2022-03-16 00:00:00;2022-03-22 00:00:00
2022-03-14 00:00:00;SO727811;C0005;CL001;1091;2022-05-09 00:00:00;2022-04-30 00:00:00;2022-03-16 00:00:00;2022-03-07 00:00:00
2022-03-14 00:00:00;SO778594;C0012;VS002;1023;2022-04-11 00:00:00;2022-04-21 00:00:00;2022-03-17 00:00:00;2022-03-27 00:00:00
2022-03-14 00:00:00;SO778594;C0012;VS004;510;2022-04-11 00:00:00;2022-04-09 00:00:00;2022-03-17 00:00:00;2022-03-15 00:00:00
2022-03-15 00:00:00;SO940101;C0021;VS001;599;2022-03-29 00:00:00;2022-04-02 00:00:00;2022-03-19 00:00:00;2022-03-23 00:00:00
2022-03-15 00:00:00;SO811728;C0027;VS002;1121;2022-04-26 00:00:00;2022-04-28 00:00:00;2022-03-23 00:00:00;2022-03-25 00:00:00
2022-03-15 00:00:00;SO146991;C0005;CS004;814;2022-05-10 00:00:00;2022-05-01 00:00:00;2022-03-17 00:00:00;2022-03-08 00:00:00
2022-03-15 00:00:00;SO811728;C0027;AT001;830;2022-04-26 00:00:00;2022-04-21 00:00:00;2022-03-23 00:00:00;2022-03-18 00:00:00
2022-03-15 00:00:00;SO811728;C0027;VS001;289;2022-04-26 00:00:00;2022-05-06 00:00:00;2022-03-23 00:00:00;2022-04-02 00:00:00
2022-03-15 00:00:00;SO940101;C0021;AS003;895;2022-03-29 00:00:00;2022-03-24 00:00:00;2022-03-19 00:00:00;2022-03-14 00:00:00
2022-03-15 00:00:00;SO146991;C0005;AS001;661;2022-05-10 00:00:00;2022-05-12 00:00:00;2022-03-17 00:00:00;2022-03-19 00:00:00
2022-03-15 00:00:00;SO811728;C0027;CS003;864;2022-04-26 00:00:00;2022-05-04 00:00:00;2022-03-23 00:00:00;2022-03-31 00:00:00
2022-03-15 00:00:00;SO811728;C0027;AS001;813;2022-04-26 00:00:00;2022-05-05 00:00:00;2022-03-23 00:00:00;2022-04-01 00:00:00
2022-03-15 00:00:00;SO811728;C0027;CS004;396;2022-04-26 00:00:00;2022-04-23 00:00:00;2022-03-23 00:00:00;2022-03-20 00:00:00
2022-03-15 00:00:00;SO146991;C0005;VS004;964;2022-05-10 00:00:00;2022-05-14 00:00:00;2022-03-17 00:00:00;2022-03-21 00:00:00
2022-03-15 00:00:00;SO146991;C0005;AT002;640;2022-05-10 00:00:00;2022-05-08 00:00:00;2022-03-17 00:00:00;2022-03-15 00:00:00
2022-03-15 00:00:00;SO811728;C0027;VS004;908;2022-04-26 00:00:00;2022-04-25 00:00:00;2022-03-23 00:00:00;2022-03-22 00:00:00
2022-03-15 00:00:00;SO811728;C0027;CS002;389;2022-04-26 00:00:00;2022-04-19 00:00:00;2022-03-23 00:00:00;2022-03-16 00:00:00
2022-03-15 00:00:00;SO146991;C0005;AT001;774;2022-05-10 00:00:00;2022-05-11 00:00:00;2022-03-17 00:00:00;2022-03-18 00:00:00
2022-03-15 00:00:00;SO146991;C0005;CS002;521;2022-05-10 00:00:00;2022-05-18 00:00:00;2022-03-17 00:00:00;2022-03-25 00:00:00
2022-03-15 00:00:00;SO940101;C0021;AT001;650;2022-03-29 00:00:00;2022-03-30 00:00:00;2022-03-19 00:00:00;2022-03-20 00:00:00
2022-03-15 00:00:00;SO940101;C0021;VS002;258;2022-03-29 00:00:00;2022-04-08 00:00:00;2022-03-19 00:00:00;2022-03-29 00:00:00
2022-03-16 00:00:00;SO756473;C0022;CT001;1064;2022-04-27 00:00:00;2022-05-07 00:00:00;2022-03-20 00:00:00;2022-03-30 00:00:00
2022-03-16 00:00:00;SO638694;C0005;AT002;592;2022-05-11 00:00:00;2022-05-09 00:00:00;2022-03-18 00:00:00;2022-03-16 00:00:00
2022-03-16 00:00:00;SO200919;C0002;AS003;867;2022-04-20 00:00:00;2022-04-23 00:00:00;2022-03-18 00:00:00;2022-03-21 00:00:00
2022-03-16 00:00:00;SO563825;C0006;VS004;663;2022-05-18 00:00:00;2022-05-10 00:00:00;2022-03-18 00:00:00;2022-03-10 00:00:00
2022-03-16 00:00:00;SO563825;C0006;CS001;946;2022-05-18 00:00:00;2022-05-27 00:00:00;2022-03-18 00:00:00;2022-03-27 00:00:00
2022-03-16 00:00:00;SO756473;C0022;AT002;1331;2022-04-27 00:00:00;2022-04-30 00:00:00;2022-03-20 00:00:00;2022-03-23 00:00:00
2022-03-16 00:00:00;SO638694;C0005;VS002;778;2022-05-11 00:00:00;2022-05-09 00:00:00;2022-03-18 00:00:00;2022-03-16 00:00:00
2022-03-16 00:00:00;SO563825;C0006;VS001;312;2022-05-18 00:00:00;2022-05-27 00:00:00;2022-03-18 00:00:00;2022-03-27 00:00:00
2022-03-16 00:00:00;SO563825;C0006;CS004;412;2022-05-18 00:00:00;2022-05-20 00:00:00;2022-03-18 00:00:00;2022-03-20 00:00:00
2022-03-16 00:00:00;SO638694;C0005;AS003;994;2022-05-11 00:00:00;2022-05-15 00:00:00;2022-03-18 00:00:00;2022-03-22 00:00:00
2022-03-16 00:00:00;SO563825;C0006;AS005;789;2022-05-18 00:00:00;2022-05-23 00:00:00;2022-03-18 00:00:00;2022-03-23 00:00:00
2022-03-16 00:00:00;SO756473;C0022;CS002;1090;2022-04-27 00:00:00;2022-04-23 00:00:00;2022-03-20 00:00:00;2022-03-16 00:00:00
2022-03-16 00:00:00;SO638694;C0005;AT001;919;2022-05-11 00:00:00;2022-05-15 00:00:00;2022-03-18 00:00:00;2022-03-22 00:00:00
2022-03-17 00:00:00;SO233699;C0005;AT002;588;2022-05-12 00:00:00;2022-05-12 00:00:00;2022-03-19 00:00:00;2022-03-19 00:00:00
2022-03-17 00:00:00;SO836509;C0015;CL001;887;2022-04-28 00:00:00;2022-04-29 00:00:00;2022-03-21 00:00:00;2022-03-22 00:00:00
2022-03-17 00:00:00;SO836509;C0015;VS004;380;2022-04-28 00:00:00;2022-04-27 00:00:00;2022-03-21 00:00:00;2022-03-20 00:00:00
2022-03-17 00:00:00;SO836509;C0015;CL002;744;2022-04-28 00:00:00;2022-05-01 00:00:00;2022-03-21 00:00:00;2022-03-24 00:00:00
2022-03-17 00:00:00;SO836509;C0015;AT002;896;2022-04-28 00:00:00;2022-04-27 00:00:00;2022-03-21 00:00:00;2022-03-20 00:00:00
2022-03-17 00:00:00;SO233699;C0005;AS003;874;2022-05-12 00:00:00;2022-05-06 00:00:00;2022-03-19 00:00:00;2022-03-13 00:00:00
2022-03-17 00:00:00;SO836509;C0015;AS003;658;2022-04-28 00:00:00;2022-04-18 00:00:00;2022-03-21 00:00:00;2022-03-11 00:00:00
2022-03-17 00:00:00;SO233699;C0005;AS001;774;2022-05-12 00:00:00;2022-05-03 00:00:00;2022-03-19 00:00:00;2022-03-10 00:00:00
2022-03-17 00:00:00;SO233699;C0005;VS004;316;2022-05-12 00:00:00;2022-05-20 00:00:00;2022-03-19 00:00:00;2022-03-27 00:00:00
2022-03-17 00:00:00;SO836509;C0015;AT001;772;2022-04-28 00:00:00;2022-04-26 00:00:00;2022-03-21 00:00:00;2022-03-19 00:00:00
2022-03-17 00:00:00;SO836509;C0015;VS002;608;2022-04-28 00:00:00;2022-04-29 00:00:00;2022-03-21 00:00:00;2022-03-22 00:00:00
2022-03-17 00:00:00;SO836509;C0015;AS001;756;2022-04-28 00:00:00;2022-05-08 00:00:00;2022-03-21 00:00:00;2022-03-31 00:00:00
2022-03-17 00:00:00;SO836509;C0015;CS001;764;2022-04-28 00:00:00;2022-04-22 00:00:00;2022-03-21 00:00:00;2022-03-15 00:00:00
2022-03-17 00:00:00;SO836509;C0015;CT001;832;2022-04-28 00:00:00;2022-04-30 00:00:00;2022-03-21 00:00:00;2022-03-23 00:00:00
2022-03-17 00:00:00;SO233699;C0005;CS003;791;2022-05-12 00:00:00;2022-05-18 00:00:00;2022-03-19 00:00:00;2022-03-25 00:00:00
2022-03-17 00:00:00;SO233699;C0005;CS002;1174;2022-05-12 00:00:00;2022-05-10 00:00:00;2022-03-19 00:00:00;2022-03-17 00:00:00
2022-03-17 00:00:00;SO836509;C0015;CS002;697;2022-04-28 00:00:00;2022-04-24 00:00:00;2022-03-21 00:00:00;2022-03-17 00:00:00
2022-03-18 00:00:00;SO923477;C0028;CS003;1070;2022-04-01 00:00:00;2022-04-11 00:00:00;2022-03-26 00:00:00;2022-04-05 00:00:00
2022-03-18 00:00:00;SO933682;C0004;AS005;615;2022-04-01 00:00:00;2022-03-31 00:00:00;2022-03-20 00:00:00;2022-03-19 00:00:00
2022-03-18 00:00:00;SO334904;C0026;AT002;496;2022-04-22 00:00:00;2022-04-16 00:00:00;2022-03-26 00:00:00;2022-03-20 00:00:00
2022-03-18 00:00:00;SO933682;C0004;CL002;1084;2022-04-01 00:00:00;2022-03-22 00:00:00;2022-03-20 00:00:00;2022-03-10 00:00:00
2022-03-18 00:00:00;SO334904;C0026;CS002;705;2022-04-22 00:00:00;2022-04-18 00:00:00;2022-03-26 00:00:00;2022-03-22 00:00:00
2022-03-18 00:00:00;SO334904;C0026;CS004;316;2022-04-22 00:00:00;2022-04-12 00:00:00;2022-03-26 00:00:00;2022-03-16 00:00:00
2022-03-18 00:00:00;SO923477;C0028;CL002;826;2022-04-01 00:00:00;2022-04-02 00:00:00;2022-03-26 00:00:00;2022-03-27 00:00:00
2022-03-18 00:00:00;SO933682;C0004;AT001;1036;2022-04-01 00:00:00;2022-04-10 00:00:00;2022-03-20 00:00:00;2022-03-29 00:00:00
2022-03-18 00:00:00;SO923477;C0028;AT001;696;2022-04-01 00:00:00;2022-03-23 00:00:00;2022-03-26 00:00:00;2022-03-17 00:00:00
2022-03-18 00:00:00;SO923477;C0028;VS001;996;2022-04-01 00:00:00;2022-03-28 00:00:00;2022-03-26 00:00:00;2022-03-22 00:00:00
2022-03-18 00:00:00;SO933682;C0004;AT002;431;2022-04-01 00:00:00;2022-04-07 00:00:00;2022-03-20 00:00:00;2022-03-26 00:00:00
2022-03-18 00:00:00;SO334904;C0026;AS003;943;2022-04-22 00:00:00;2022-04-27 00:00:00;2022-03-26 00:00:00;2022-03-31 00:00:00
2022-03-18 00:00:00;SO334904;C0026;CL001;931;2022-04-22 00:00:00;2022-04-18 00:00:00;2022-03-26 00:00:00;2022-03-22 00:00:00
2022-03-21 00:00:00;SO769738;C0022;CL001;948;2022-05-02 00:00:00;2022-04-25 00:00:00;2022-03-25 00:00:00;2022-03-18 00:00:00
2022-03-21 00:00:00;SO201216;C0004;VS004;680;2022-04-04 00:00:00;2022-03-25 00:00:00;2022-03-23 00:00:00;2022-03-13 00:00:00
2022-03-21 00:00:00;SO443723;C0019;CS001;439;2022-05-23 00:00:00;2022-05-21 00:00:00;2022-03-25 00:00:00;2022-03-23 00:00:00
2022-03-21 00:00:00;SO165961;C0003;CS004;668;2022-05-02 00:00:00;2022-05-01 00:00:00;2022-03-23 00:00:00;2022-03-22 00:00:00
2022-03-21 00:00:00;SO769738;C0022;AS005;632;2022-05-02 00:00:00;2022-05-11 00:00:00;2022-03-25 00:00:00;2022-04-03 00:00:00
2022-03-21 00:00:00;SO443723;C0019;CL002;594;2022-05-23 00:00:00;2022-05-23 00:00:00;2022-03-25 00:00:00;2022-03-25 00:00:00
2022-03-21 00:00:00;SO165961;C0003;VS001;493;2022-05-02 00:00:00;2022-05-05 00:00:00;2022-03-23 00:00:00;2022-03-26 00:00:00
2022-03-21 00:00:00;SO201216;C0004;AS001;675;2022-04-04 00:00:00;2022-03-28 00:00:00;2022-03-23 00:00:00;2022-03-16 00:00:00
2022-03-21 00:00:00;SO165961;C0003;AS003;489;2022-05-02 00:00:00;2022-05-05 00:00:00;2022-03-23 00:00:00;2022-03-26 00:00:00
2022-03-21 00:00:00;SO165961;C0003;CS003;587;2022-05-02 00:00:00;2022-05-10 00:00:00;2022-03-23 00:00:00;2022-03-31 00:00:00
2022-03-21 00:00:00;SO769738;C0022;VS001;1053;2022-05-02 00:00:00;2022-05-12 00:00:00;2022-03-25 00:00:00;2022-04-04 00:00:00
2022-03-21 00:00:00;SO201216;C0004;AS005;1137;2022-04-04 00:00:00;2022-04-12 00:00:00;2022-03-23 00:00:00;2022-03-31 00:00:00
2022-03-21 00:00:00;SO201216;C0004;CT001;469;2022-04-04 00:00:00;2022-04-09 00:00:00;2022-03-23 00:00:00;2022-03-28 00:00:00
2022-03-21 00:00:00;SO201216;C0004;CS002;458;2022-04-04 00:00:00;2022-03-28 00:00:00;2022-03-23 00:00:00;2022-03-16 00:00:00
2022-03-21 00:00:00;SO769738;C0022;CS002;402;2022-05-02 00:00:00;2022-05-02 00:00:00;2022-03-25 00:00:00;2022-03-25 00:00:00
2022-03-21 00:00:00;SO769738;C0022;CL002;705;2022-05-02 00:00:00;2022-05-02 00:00:00;2022-03-25 00:00:00;2022-03-25 00:00:00
2022-03-21 00:00:00;SO769738;C0022;CS003;801;2022-05-02 00:00:00;2022-05-11 00:00:00;2022-03-25 00:00:00;2022-04-03 00:00:00
2022-03-21 00:00:00;SO165961;C0003;AS005;464;2022-05-02 00:00:00;2022-04-28 00:00:00;2022-03-23 00:00:00;2022-03-19 00:00:00
2022-03-21 00:00:00;SO769738;C0022;AT001;432;2022-05-02 00:00:00;2022-05-06 00:00:00;2022-03-25 00:00:00;2022-03-29 00:00:00
2022-03-22 00:00:00;SO541954;C0026;CT001;366;2022-04-26 00:00:00;2022-04-21 00:00:00;2022-03-30 00:00:00;2022-03-25 00:00:00
2022-03-22 00:00:00;SO658013;C0021;CT001;1073;2022-04-05 00:00:00;2022-04-04 00:00:00;2022-03-26 00:00:00;2022-03-25 00:00:00
2022-03-22 00:00:00;SO541538;C0007;AS001;1125;2022-05-24 00:00:00;2022-06-02 00:00:00;2022-03-25 00:00:00;2022-04-03 00:00:00
2022-03-22 00:00:00;SO658013;C0021;VS001;676;2022-04-05 00:00:00;2022-04-14 00:00:00;2022-03-26 00:00:00;2022-04-04 00:00:00
2022-03-22 00:00:00;SO541954;C0026;CL002;1189;2022-04-26 00:00:00;2022-04-19 00:00:00;2022-03-30 00:00:00;2022-03-23 00:00:00
2022-03-22 00:00:00;SO658013;C0021;CL002;483;2022-04-05 00:00:00;2022-04-10 00:00:00;2022-03-26 00:00:00;2022-03-31 00:00:00
2022-03-22 00:00:00;SO541538;C0007;VS004;798;2022-05-24 00:00:00;2022-05-30 00:00:00;2022-03-25 00:00:00;2022-03-31 00:00:00
2022-03-22 00:00:00;SO658013;C0021;CL001;267;2022-04-05 00:00:00;2022-03-27 00:00:00;2022-03-26 00:00:00;2022-03-17 00:00:00
2022-03-22 00:00:00;SO658013;C0021;AS005;950;2022-04-05 00:00:00;2022-04-02 00:00:00;2022-03-26 00:00:00;2022-03-23 00:00:00
2022-03-22 00:00:00;SO541538;C0007;CT001;486;2022-05-24 00:00:00;2022-05-14 00:00:00;2022-03-25 00:00:00;2022-03-15 00:00:00
2022-03-22 00:00:00;SO658013;C0021;VS002;773;2022-04-05 00:00:00;2022-04-08 00:00:00;2022-03-26 00:00:00;2022-03-29 00:00:00
2022-03-22 00:00:00;SO541538;C0007;CL002;704;2022-05-24 00:00:00;2022-05-27 00:00:00;2022-03-25 00:00:00;2022-03-28 00:00:00
2022-03-22 00:00:00;SO541954;C0026;CL001;448;2022-04-26 00:00:00;2022-04-28 00:00:00;2022-03-30 00:00:00;2022-04-01 00:00:00
2022-03-22 00:00:00;SO541538;C0007;CS004;606;2022-05-24 00:00:00;2022-05-21 00:00:00;2022-03-25 00:00:00;2022-03-22 00:00:00
2022-03-22 00:00:00;SO658013;C0021;AT001;299;2022-04-05 00:00:00;2022-04-08 00:00:00;2022-03-26 00:00:00;2022-03-29 00:00:00
2022-03-22 00:00:00;SO541954;C0026;CS002;832;2022-04-26 00:00:00;2022-04-20 00:00:00;2022-03-30 00:00:00;2022-03-24 00:00:00
2022-03-22 00:00:00;SO541538;C0007;CS002;958;2022-05-24 00:00:00;2022-05-31 00:00:00;2022-03-25 00:00:00;2022-04-01 00:00:00
2022-03-22 00:00:00;SO658013;C0021;VS004;497;2022-04-05 00:00:00;2022-03-26 00:00:00;2022-03-26 00:00:00;2022-03-16 00:00:00
2022-03-22 00:00:00;SO541954;C0026;AT001;302;2022-04-26 00:00:00;2022-04-27 00:00:00;2022-03-30 00:00:00;2022-03-31 00:00:00
2022-03-23 00:00:00;SO332003;C0021;CS003;396;2022-04-06 00:00:00;2022-04-16 00:00:00;2022-03-27 00:00:00;2022-04-06 00:00:00
2022-03-23 00:00:00;SO432052;C0018;CS001;1064;2022-05-25 00:00:00;2022-05-27 00:00:00;2022-03-27 00:00:00;2022-03-29 00:00:00
2022-03-23 00:00:00;SO787491;C0005;CS002;667;2022-05-18 00:00:00;2022-05-28 00:00:00;2022-03-25 00:00:00;2022-04-04 00:00:00
2022-03-23 00:00:00;SO959101;C0016;AT002;772;2022-04-06 00:00:00;2022-04-15 00:00:00;2022-03-27 00:00:00;2022-04-05 00:00:00
2022-03-23 00:00:00;SO432052;C0018;CL001;1029;2022-05-25 00:00:00;2022-05-23 00:00:00;2022-03-27 00:00:00;2022-03-25 00:00:00
2022-03-23 00:00:00;SO332003;C0021;CL001;558;2022-04-06 00:00:00;2022-04-13 00:00:00;2022-03-27 00:00:00;2022-04-03 00:00:00
2022-03-23 00:00:00;SO787491;C0005;CT001;769;2022-05-18 00:00:00;2022-05-16 00:00:00;2022-03-25 00:00:00;2022-03-23 00:00:00
2022-03-23 00:00:00;SO787491;C0005;CS004;432;2022-05-18 00:00:00;2022-05-20 00:00:00;2022-03-25 00:00:00;2022-03-27 00:00:00
2022-03-23 00:00:00;SO787491;C0005;VS001;633;2022-05-18 00:00:00;2022-05-19 00:00:00;2022-03-25 00:00:00;2022-03-26 00:00:00
2022-03-23 00:00:00;SO432052;C0018;AT002;996;2022-05-25 00:00:00;2022-05-23 00:00:00;2022-03-27 00:00:00;2022-03-25 00:00:00
2022-03-23 00:00:00;SO332003;C0021;CS004;1073;2022-04-06 00:00:00;2022-04-03 00:00:00;2022-03-27 00:00:00;2022-03-24 00:00:00
2022-03-23 00:00:00;SO432052;C0018;AS003;475;2022-05-25 00:00:00;2022-05-29 00:00:00;2022-03-27 00:00:00;2022-03-31 00:00:00
2022-03-23 00:00:00;SO959101;C0016;CL002;492;2022-04-06 00:00:00;2022-04-09 00:00:00;2022-03-27 00:00:00;2022-03-30 00:00:00
2022-03-23 00:00:00;SO432052;C0018;CS003;398;2022-05-25 00:00:00;2022-05-29 00:00:00;2022-03-27 00:00:00;2022-03-31 00:00:00
2022-03-23 00:00:00;SO332003;C0021;AT002;350;2022-04-06 00:00:00;2022-04-07 00:00:00;2022-03-27 00:00:00;2022-03-28 00:00:00
2022-03-23 00:00:00;SO959101;C0016;CS002;662;2022-04-06 00:00:00;2022-04-01 00:00:00;2022-03-27 00:00:00;2022-03-22 00:00:00
2022-03-24 00:00:00;SO680389;C0014;CS004;733;2022-04-28 00:00:00;2022-05-08 00:00:00;2022-03-28 00:00:00;2022-04-07 00:00:00
2022-03-24 00:00:00;SO787738;C0012;AT002;948;2022-04-21 00:00:00;2022-04-29 00:00:00;2022-03-27 00:00:00;2022-04-04 00:00:00
2022-03-24 00:00:00;SO787738;C0012;VS001;875;2022-04-21 00:00:00;2022-04-15 00:00:00;2022-03-27 00:00:00;2022-03-21 00:00:00
2022-03-24 00:00:00;SO680389;C0014;CL001;954;2022-04-28 00:00:00;2022-04-26 00:00:00;2022-03-28 00:00:00;2022-03-26 00:00:00
2022-03-24 00:00:00;SO787738;C0012;VS002;728;2022-04-21 00:00:00;2022-04-22 00:00:00;2022-03-27 00:00:00;2022-03-28 00:00:00
2022-03-24 00:00:00;SO680389;C0014;AT001;944;2022-04-28 00:00:00;2022-04-19 00:00:00;2022-03-28 00:00:00;2022-03-19 00:00:00
2022-03-24 00:00:00;SO787738;C0012;CL002;1199;2022-04-21 00:00:00;2022-04-13 00:00:00;2022-03-27 00:00:00;2022-03-19 00:00:00
2022-03-24 00:00:00;SO787738;C0012;CS003;1008;2022-04-21 00:00:00;2022-04-12 00:00:00;2022-03-27 00:00:00;2022-03-18 00:00:00
2022-03-24 00:00:00;SO680389;C0014;AT002;589;2022-04-28 00:00:00;2022-04-29 00:00:00;2022-03-28 00:00:00;2022-03-29 00:00:00
2022-03-24 00:00:00;SO680389;C0014;VS002;1220;2022-04-28 00:00:00;2022-05-01 00:00:00;2022-03-28 00:00:00;2022-03-31 00:00:00
2022-03-24 00:00:00;SO680389;C0014;CS001;516;2022-04-28 00:00:00;2022-05-08 00:00:00;2022-03-28 00:00:00;2022-04-07 00:00:00
2022-03-24 00:00:00;SO680389;C0014;CT001;703;2022-04-28 00:00:00;2022-05-01 00:00:00;2022-03-28 00:00:00;2022-03-31 00:00:00
2022-03-24 00:00:00;SO787738;C0012;AS001;432;2022-04-21 00:00:00;2022-04-27 00:00:00;2022-03-27 00:00:00;2022-04-02 00:00:00
2022-03-24 00:00:00;SO787738;C0012;AT001;1165;2022-04-21 00:00:00;2022-04-25 00:00:00;2022-03-27 00:00:00;2022-03-31 00:00:00
2022-03-24 00:00:00;SO787738;C0012;CS002;627;2022-04-21 00:00:00;2022-04-21 00:00:00;2022-03-27 00:00:00;2022-03-27 00:00:00
2022-03-24 00:00:00;SO680389;C0014;VS004;291;2022-04-28 00:00:00;2022-05-02 00:00:00;2022-03-28 00:00:00;2022-04-01 00:00:00
2022-03-24 00:00:00;SO787738;C0012;VS004;674;2022-04-21 00:00:00;2022-04-12 00:00:00;2022-03-27 00:00:00;2022-03-18 00:00:00
2022-03-25 00:00:00;SO864532;C0019;CL002;439;2022-05-27 00:00:00;2022-05-18 00:00:00;2022-03-29 00:00:00;2022-03-20 00:00:00
2022-03-25 00:00:00;SO921486;C0023;CS002;1091;2022-04-29 00:00:00;2022-05-07 00:00:00;2022-03-29 00:00:00;2022-04-06 00:00:00
2022-03-25 00:00:00;SO424405;C0022;AS001;901;2022-05-06 00:00:00;2022-05-16 00:00:00;2022-03-29 00:00:00;2022-04-08 00:00:00
2022-03-25 00:00:00;SO905875;C0026;AT002;1003;2022-04-29 00:00:00;2022-05-07 00:00:00;2022-04-02 00:00:00;2022-04-10 00:00:00
2022-03-25 00:00:00;SO864532;C0019;AT002;960;2022-05-27 00:00:00;2022-06-05 00:00:00;2022-03-29 00:00:00;2022-04-07 00:00:00
2022-03-25 00:00:00;SO905875;C0026;CS004;936;2022-04-29 00:00:00;2022-04-30 00:00:00;2022-04-02 00:00:00;2022-04-03 00:00:00
2022-03-25 00:00:00;SO905875;C0026;AT001;913;2022-04-29 00:00:00;2022-05-05 00:00:00;2022-04-02 00:00:00;2022-04-08 00:00:00
2022-03-25 00:00:00;SO905875;C0026;AS003;1072;2022-04-29 00:00:00;2022-05-01 00:00:00;2022-04-02 00:00:00;2022-04-04 00:00:00
2022-03-25 00:00:00;SO864532;C0019;VS001;639;2022-05-27 00:00:00;2022-05-28 00:00:00;2022-03-29 00:00:00;2022-03-30 00:00:00
2022-03-25 00:00:00;SO864532;C0019;VS002;592;2022-05-27 00:00:00;2022-06-03 00:00:00;2022-03-29 00:00:00;2022-04-05 00:00:00
2022-03-25 00:00:00;SO424405;C0022;AS003;722;2022-05-06 00:00:00;2022-05-09 00:00:00;2022-03-29 00:00:00;2022-04-01 00:00:00
2022-03-25 00:00:00;SO424405;C0022;CL001;984;2022-05-06 00:00:00;2022-05-16 00:00:00;2022-03-29 00:00:00;2022-04-08 00:00:00
2022-03-25 00:00:00;SO424405;C0022;CL002;593;2022-05-06 00:00:00;2022-05-14 00:00:00;2022-03-29 00:00:00;2022-04-06 00:00:00
2022-03-25 00:00:00;SO864532;C0019;VS004;892;2022-05-27 00:00:00;2022-05-31 00:00:00;2022-03-29 00:00:00;2022-04-02 00:00:00
2022-03-25 00:00:00;SO424405;C0022;VS002;548;2022-05-06 00:00:00;2022-04-26 00:00:00;2022-03-29 00:00:00;2022-03-19 00:00:00
2022-03-25 00:00:00;SO905875;C0026;CT001;774;2022-04-29 00:00:00;2022-04-28 00:00:00;2022-04-02 00:00:00;2022-04-01 00:00:00
2022-03-25 00:00:00;SO864532;C0019;CL001;526;2022-05-27 00:00:00;2022-06-06 00:00:00;2022-03-29 00:00:00;2022-04-08 00:00:00
2022-03-28 00:00:00;SO628195;C0029;CS004;847;2022-05-23 00:00:00;2022-05-25 00:00:00;2022-04-05 00:00:00;2022-04-07 00:00:00
2022-03-28 00:00:00;SO446959;C0005;AS001;859;2022-05-23 00:00:00;2022-05-27 00:00:00;2022-03-30 00:00:00;2022-04-03 00:00:00
2022-03-28 00:00:00;SO446959;C0005;CL002;534;2022-05-23 00:00:00;2022-05-19 00:00:00;2022-03-30 00:00:00;2022-03-26 00:00:00
2022-03-28 00:00:00;SO628195;C0029;VS002;1043;2022-05-23 00:00:00;2022-05-17 00:00:00;2022-04-05 00:00:00;2022-03-30 00:00:00
2022-03-28 00:00:00;SO446959;C0005;AS005;999;2022-05-23 00:00:00;2022-05-14 00:00:00;2022-03-30 00:00:00;2022-03-21 00:00:00
2022-03-28 00:00:00;SO628195;C0029;CL001;660;2022-05-23 00:00:00;2022-05-19 00:00:00;2022-04-05 00:00:00;2022-04-01 00:00:00
2022-03-28 00:00:00;SO446959;C0005;CS004;1201;2022-05-23 00:00:00;2022-05-13 00:00:00;2022-03-30 00:00:00;2022-03-20 00:00:00
2022-03-28 00:00:00;SO446959;C0005;AS003;764;2022-05-23 00:00:00;2022-05-29 00:00:00;2022-03-30 00:00:00;2022-04-05 00:00:00
2022-03-28 00:00:00;SO628195;C0029;AS003;544;2022-05-23 00:00:00;2022-05-30 00:00:00;2022-04-05 00:00:00;2022-04-12 00:00:00
2022-03-28 00:00:00;SO628195;C0029;VS001;589;2022-05-23 00:00:00;2022-05-15 00:00:00;2022-04-05 00:00:00;2022-03-28 00:00:00
2022-03-28 00:00:00;SO446959;C0005;VS004;865;2022-05-23 00:00:00;2022-05-29 00:00:00;2022-03-30 00:00:00;2022-04-05 00:00:00
2022-03-28 00:00:00;SO446959;C0005;VS002;614;2022-05-23 00:00:00;2022-05-21 00:00:00;2022-03-30 00:00:00;2022-03-28 00:00:00
2022-03-28 00:00:00;SO628195;C0029;CS001;615;2022-05-23 00:00:00;2022-05-15 00:00:00;2022-04-05 00:00:00;2022-03-28 00:00:00
2022-03-28 00:00:00;SO446959;C0005;CL001;692;2022-05-23 00:00:00;2022-05-21 00:00:00;2022-03-30 00:00:00;2022-03-28 00:00:00
2022-03-28 00:00:00;SO446959;C0005;AT002;1276;2022-05-23 00:00:00;2022-05-17 00:00:00;2022-03-30 00:00:00;2022-03-24 00:00:00
2022-03-29 00:00:00;SO549012;C0004;CS001;561;2022-04-12 00:00:00;2022-04-22 00:00:00;2022-03-31 00:00:00;2022-04-10 00:00:00
2022-03-29 00:00:00;SO115818;C0010;CL001;675;2022-05-10 00:00:00;2022-05-07 00:00:00;2022-04-01 00:00:00;2022-03-29 00:00:00
2022-03-29 00:00:00;SO987096;C0015;AS005;1251;2022-05-10 00:00:00;2022-05-10 00:00:00;2022-04-02 00:00:00;2022-04-02 00:00:00
2022-03-29 00:00:00;SO987096;C0015;AS001;1009;2022-05-10 00:00:00;2022-05-09 00:00:00;2022-04-02 00:00:00;2022-04-01 00:00:00
2022-03-29 00:00:00;SO549012;C0004;AT001;1110;2022-04-12 00:00:00;2022-04-07 00:00:00;2022-03-31 00:00:00;2022-03-26 00:00:00
2022-03-29 00:00:00;SO987096;C0015;CL001;635;2022-05-10 00:00:00;2022-05-16 00:00:00;2022-04-02 00:00:00;2022-04-08 00:00:00
2022-03-29 00:00:00;SO115818;C0010;VS004;676;2022-05-10 00:00:00;2022-05-14 00:00:00;2022-04-01 00:00:00;2022-04-05 00:00:00
2022-03-29 00:00:00;SO115818;C0010;AS003;1064;2022-05-10 00:00:00;2022-05-07 00:00:00;2022-04-01 00:00:00;2022-03-29 00:00:00
2022-03-29 00:00:00;SO549012;C0004;CS002;778;2022-04-12 00:00:00;2022-04-04 00:00:00;2022-03-31 00:00:00;2022-03-23 00:00:00
2022-03-29 00:00:00;SO549012;C0004;CL002;858;2022-04-12 00:00:00;2022-04-11 00:00:00;2022-03-31 00:00:00;2022-03-30 00:00:00
2022-03-29 00:00:00;SO987096;C0015;CL002;989;2022-05-10 00:00:00;2022-05-03 00:00:00;2022-04-02 00:00:00;2022-03-26 00:00:00
2022-03-29 00:00:00;SO549012;C0004;AS003;1012;2022-04-12 00:00:00;2022-04-14 00:00:00;2022-03-31 00:00:00;2022-04-02 00:00:00
2022-03-29 00:00:00;SO987096;C0015;AT002;661;2022-05-10 00:00:00;2022-05-14 00:00:00;2022-04-02 00:00:00;2022-04-06 00:00:00
2022-03-29 00:00:00;SO115818;C0010;CT001;360;2022-05-10 00:00:00;2022-05-11 00:00:00;2022-04-01 00:00:00;2022-04-02 00:00:00
2022-03-29 00:00:00;SO987096;C0015;AT001;717;2022-05-10 00:00:00;2022-04-30 00:00:00;2022-04-02 00:00:00;2022-03-23 00:00:00
2022-03-29 00:00:00;SO549012;C0004;CS003;1006;2022-04-12 00:00:00;2022-04-20 00:00:00;2022-03-31 00:00:00;2022-04-08 00:00:00
2022-03-30 00:00:00;SO530178;C0006;CL001;514;2022-06-01 00:00:00;2022-06-05 00:00:00;2022-04-01 00:00:00;2022-04-05 00:00:00
2022-03-30 00:00:00;SO738417;C0022;AS005;289;2022-05-11 00:00:00;2022-05-10 00:00:00;2022-04-03 00:00:00;2022-04-02 00:00:00
2022-03-30 00:00:00;SO871386;C0021;CT001;320;2022-04-13 00:00:00;2022-04-18 00:00:00;2022-04-03 00:00:00;2022-04-08 00:00:00
2022-03-30 00:00:00;SO482914;C0005;CS004;1064;2022-05-25 00:00:00;2022-05-27 00:00:00;2022-04-01 00:00:00;2022-04-03 00:00:00
2022-03-30 00:00:00;SO871386;C0021;CS001;452;2022-04-13 00:00:00;2022-04-18 00:00:00;2022-04-03 00:00:00;2022-04-08 00:00:00
2022-03-30 00:00:00;SO530178;C0006;AT002;325;2022-06-01 00:00:00;2022-06-09 00:00:00;2022-04-01 00:00:00;2022-04-09 00:00:00
2022-03-30 00:00:00;SO871386;C0021;AS001;303;2022-04-13 00:00:00;2022-04-07 00:00:00;2022-04-03 00:00:00;2022-03-28 00:00:00
2022-03-30 00:00:00;SO871386;C0021;CS004;885;2022-04-13 00:00:00;2022-04-11 00:00:00;2022-04-03 00:00:00;2022-04-01 00:00:00
2022-03-30 00:00:00;SO738417;C0022;CT001;626;2022-05-11 00:00:00;2022-05-12 00:00:00;2022-04-03 00:00:00;2022-04-04 00:00:00
2022-03-30 00:00:00;SO738417;C0022;CS003;348;2022-05-11 00:00:00;2022-05-11 00:00:00;2022-04-03 00:00:00;2022-04-03 00:00:00
2022-03-30 00:00:00;SO738417;C0022;VS004;548;2022-05-11 00:00:00;2022-05-02 00:00:00;2022-04-03 00:00:00;2022-03-25 00:00:00
2022-03-30 00:00:00;SO530178;C0006;AS001;575;2022-06-01 00:00:00;2022-05-30 00:00:00;2022-04-01 00:00:00;2022-03-30 00:00:00
2022-03-30 00:00:00;SO871386;C0021;VS001;687;2022-04-13 00:00:00;2022-04-23 00:00:00;2022-04-03 00:00:00;2022-04-13 00:00:00
2022-03-30 00:00:00;SO871386;C0021;VS004;486;2022-04-13 00:00:00;2022-04-13 00:00:00;2022-04-03 00:00:00;2022-04-03 00:00:00
2022-03-30 00:00:00;SO530178;C0006;CT001;886;2022-06-01 00:00:00;2022-05-31 00:00:00;2022-04-01 00:00:00;2022-03-31 00:00:00
2022-03-30 00:00:00;SO738417;C0022;CS002;571;2022-05-11 00:00:00;2022-05-06 00:00:00;2022-04-03 00:00:00;2022-03-29 00:00:00
2022-03-30 00:00:00;SO530178;C0006;VS004;930;2022-06-01 00:00:00;2022-05-31 00:00:00;2022-04-01 00:00:00;2022-03-31 00:00:00
2022-03-30 00:00:00;SO482914;C0005;AT002;637;2022-05-25 00:00:00;2022-05-29 00:00:00;2022-04-01 00:00:00;2022-04-05 00:00:00
2022-03-30 00:00:00;SO482914;C0005;CS002;396;2022-05-25 00:00:00;2022-05-21 00:00:00;2022-04-01 00:00:00;2022-03-28 00:00:00
2022-03-30 00:00:00;SO482914;C0005;CS001;364;2022-05-25 00:00:00;2022-05-18 00:00:00;2022-04-01 00:00:00;2022-03-25 00:00:00
2022-03-31 00:00:00;SO831362;C0009;CL002;581;2022-04-14 00:00:00;2022-04-12 00:00:00;2022-04-03 00:00:00;2022-04-01 00:00:00
2022-03-31 00:00:00;SO857849;C0012;CS004;334;2022-04-28 00:00:00;2022-04-28 00:00:00;2022-04-03 00:00:00;2022-04-03 00:00:00
2022-03-31 00:00:00;SO253722;C0014;AT001;666;2022-05-05 00:00:00;2022-04-30 00:00:00;2022-04-04 00:00:00;2022-03-30 00:00:00
2022-03-31 00:00:00;SO824897;C0025;CL001;1073;2022-04-28 00:00:00;2022-04-23 00:00:00;2022-04-08 00:00:00;2022-04-03 00:00:00
2022-03-31 00:00:00;SO857849;C0012;CS003;935;2022-04-28 00:00:00;2022-04-21 00:00:00;2022-04-03 00:00:00;2022-03-27 00:00:00
2022-03-31 00:00:00;SO857849;C0012;AS001;1056;2022-04-28 00:00:00;2022-05-04 00:00:00;2022-04-03 00:00:00;2022-04-09 00:00:00
2022-03-31 00:00:00;SO831362;C0009;AS005;360;2022-04-14 00:00:00;2022-04-22 00:00:00;2022-04-03 00:00:00;2022-04-11 00:00:00
2022-03-31 00:00:00;SO253722;C0014;VS001;411;2022-05-05 00:00:00;2022-05-10 00:00:00;2022-04-04 00:00:00;2022-04-09 00:00:00
2022-03-31 00:00:00;SO857849;C0012;VS004;1079;2022-04-28 00:00:00;2022-05-08 00:00:00;2022-04-03 00:00:00;2022-04-13 00:00:00
2022-03-31 00:00:00;SO824897;C0025;AS005;1204;2022-04-28 00:00:00;2022-04-20 00:00:00;2022-04-08 00:00:00;2022-03-31 00:00:00
2022-03-31 00:00:00;SO831362;C0009;CT001;1050;2022-04-14 00:00:00;2022-04-08 00:00:00;2022-04-03 00:00:00;2022-03-28 00:00:00
2022-03-31 00:00:00;SO857849;C0012;CT001;546;2022-04-28 00:00:00;2022-04-19 00:00:00;2022-04-03 00:00:00;2022-03-25 00:00:00
2022-03-31 00:00:00;SO824897;C0025;CL002;1092;2022-04-28 00:00:00;2022-05-02 00:00:00;2022-04-08 00:00:00;2022-04-12 00:00:00
2022-03-31 00:00:00;SO831362;C0009;VS004;946;2022-04-14 00:00:00;2022-04-16 00:00:00;2022-04-03 00:00:00;2022-04-05 00:00:00
2022-03-31 00:00:00;SO857849;C0012;CS001;895;2022-04-28 00:00:00;2022-04-29 00:00:00;2022-04-03 00:00:00;2022-04-04 00:00:00
2022-03-31 00:00:00;SO253722;C0014;VS002;586;2022-05-05 00:00:00;2022-05-02 00:00:00;2022-04-04 00:00:00;2022-04-01 00:00:00
2022-03-31 00:00:00;SO824897;C0025;AT001;887;2022-04-28 00:00:00;2022-05-02 00:00:00;2022-04-08 00:00:00;2022-04-12 00:00:00
2022-03-31 00:00:00;SO857849;C0012;AS005;876;2022-04-28 00:00:00;2022-05-05 00:00:00;2022-04-03 00:00:00;2022-04-10 00:00:00
2022-04-01 00:00:00;SO396012;C0007;CL002;1149;2022-06-03 00:00:00;2022-05-25 00:00:00;2022-04-04 00:00:00;2022-03-26 00:00:00
2022-04-01 00:00:00;SO976492;C0010;AS001;1002;2022-05-13 00:00:00;2022-05-12 00:00:00;2022-04-04 00:00:00;2022-04-03 00:00:00
2022-04-01 00:00:00;SO749233;C0021;CS002;394;2022-04-15 00:00:00;2022-04-10 00:00:00;2022-04-05 00:00:00;2022-03-31 00:00:00
2022-04-01 00:00:00;SO615662;C0020;AL001;901;2022-05-27 00:00:00;2022-05-21 00:00:00;2022-04-05 00:00:00;2022-03-30 00:00:00
2022-04-01 00:00:00;SO396012;C0007;CT003;861;2022-06-03 00:00:00;2022-06-01 00:00:00;2022-04-04 00:00:00;2022-04-02 00:00:00
2022-04-01 00:00:00;SO976492;C0010;CS001;640;2022-05-13 00:00:00;2022-05-05 00:00:00;2022-04-04 00:00:00;2022-03-27 00:00:00
2022-04-01 00:00:00;SO396012;C0007;CS001;764;2022-06-03 00:00:00;2022-06-06 00:00:00;2022-04-04 00:00:00;2022-04-07 00:00:00
2022-04-01 00:00:00;SO396012;C0007;CS002;909;2022-06-03 00:00:00;2022-06-12 00:00:00;2022-04-04 00:00:00;2022-04-13 00:00:00
2022-04-01 00:00:00;SO976492;C0010;CT001;596;2022-05-13 00:00:00;2022-05-06 00:00:00;2022-04-04 00:00:00;2022-03-28 00:00:00
2022-04-01 00:00:00;SO749233;C0021;VS004;662;2022-04-15 00:00:00;2022-04-14 00:00:00;2022-04-05 00:00:00;2022-04-04 00:00:00
2022-04-01 00:00:00;SO396012;C0007;CT002;814;2022-06-03 00:00:00;2022-06-02 00:00:00;2022-04-04 00:00:00;2022-04-03 00:00:00
2022-04-01 00:00:00;SO396012;C0007;VS001;718;2022-06-03 00:00:00;2022-06-01 00:00:00;2022-04-04 00:00:00;2022-04-02 00:00:00
2022-04-01 00:00:00;SO749233;C0021;VS002;467;2022-04-15 00:00:00;2022-04-18 00:00:00;2022-04-05 00:00:00;2022-04-08 00:00:00
2022-04-01 00:00:00;SO976492;C0010;VS001;1337;2022-05-13 00:00:00;2022-05-18 00:00:00;2022-04-04 00:00:00;2022-04-09 00:00:00
2022-04-01 00:00:00;SO615662;C0020;VS005;583;2022-05-27 00:00:00;2022-06-03 00:00:00;2022-04-05 00:00:00;2022-04-12 00:00:00
2022-04-01 00:00:00;SO615662;C0020;AT001;437;2022-05-27 00:00:00;2022-05-30 00:00:00;2022-04-05 00:00:00;2022-04-08 00:00:00
2022-04-01 00:00:00;SO615662;C0020;CT001;451;2022-05-27 00:00:00;2022-05-29 00:00:00;2022-04-05 00:00:00;2022-04-07 00:00:00
2022-04-04 00:00:00;SO539875;C0008;AS005;783;2022-05-30 00:00:00;2022-06-03 00:00:00;2022-04-07 00:00:00;2022-04-11 00:00:00
2022-04-04 00:00:00;SO233469;C0010;VS004;530;2022-05-16 00:00:00;2022-05-08 00:00:00;2022-04-07 00:00:00;2022-03-30 00:00:00
2022-04-04 00:00:00;SO863772;C0022;AL002;391;2022-05-16 00:00:00;2022-05-21 00:00:00;2022-04-08 00:00:00;2022-04-13 00:00:00
2022-04-04 00:00:00;SO539875;C0008;CL001;879;2022-05-30 00:00:00;2022-05-26 00:00:00;2022-04-07 00:00:00;2022-04-03 00:00:00
2022-04-04 00:00:00;SO233469;C0010;AS001;605;2022-05-16 00:00:00;2022-05-09 00:00:00;2022-04-07 00:00:00;2022-03-31 00:00:00
2022-04-04 00:00:00;SO863772;C0022;CL001;921;2022-05-16 00:00:00;2022-05-17 00:00:00;2022-04-08 00:00:00;2022-04-09 00:00:00
2022-04-04 00:00:00;SO233469;C0010;CS001;889;2022-05-16 00:00:00;2022-05-21 00:00:00;2022-04-07 00:00:00;2022-04-12 00:00:00
2022-04-04 00:00:00;SO863772;C0022;CS001;946;2022-05-16 00:00:00;2022-05-22 00:00:00;2022-04-08 00:00:00;2022-04-14 00:00:00
2022-04-04 00:00:00;SO539875;C0008;VS005;786;2022-05-30 00:00:00;2022-06-07 00:00:00;2022-04-07 00:00:00;2022-04-15 00:00:00
2022-04-04 00:00:00;SO233469;C0010;CL002;892;2022-05-16 00:00:00;2022-05-21 00:00:00;2022-04-07 00:00:00;2022-04-12 00:00:00
2022-04-04 00:00:00;SO539875;C0008;CS002;987;2022-05-30 00:00:00;2022-05-22 00:00:00;2022-04-07 00:00:00;2022-03-30 00:00:00
2022-04-04 00:00:00;SO233469;C0010;VS001;1147;2022-05-16 00:00:00;2022-05-26 00:00:00;2022-04-07 00:00:00;2022-04-17 00:00:00
2022-04-04 00:00:00;SO539875;C0008;AS002;487;2022-05-30 00:00:00;2022-06-05 00:00:00;2022-04-07 00:00:00;2022-04-13 00:00:00
2022-04-04 00:00:00;SO863772;C0022;CT001;717;2022-05-16 00:00:00;2022-05-19 00:00:00;2022-04-08 00:00:00;2022-04-11 00:00:00
2022-04-04 00:00:00;SO863772;C0022;VS004;808;2022-05-16 00:00:00;2022-05-11 00:00:00;2022-04-08 00:00:00;2022-04-03 00:00:00
2022-04-04 00:00:00;SO539875;C0008;AS001;424;2022-05-30 00:00:00;2022-05-28 00:00:00;2022-04-07 00:00:00;2022-04-05 00:00:00
2022-04-05 00:00:00;SO759496;C0027;VS004;784;2022-05-17 00:00:00;2022-05-24 00:00:00;2022-04-13 00:00:00;2022-04-20 00:00:00
2022-04-05 00:00:00;SO871021;C0002;AT002;763;2022-05-10 00:00:00;2022-05-05 00:00:00;2022-04-07 00:00:00;2022-04-02 00:00:00
2022-04-05 00:00:00;SO627807;C0028;AT002;828;2022-04-19 00:00:00;2022-04-29 00:00:00;2022-04-13 00:00:00;2022-04-23 00:00:00
2022-04-05 00:00:00;SO871021;C0002;CS003;580;2022-05-10 00:00:00;2022-05-04 00:00:00;2022-04-07 00:00:00;2022-04-01 00:00:00
2022-04-05 00:00:00;SO871021;C0002;AL002;374;2022-05-10 00:00:00;2022-05-06 00:00:00;2022-04-07 00:00:00;2022-04-03 00:00:00
2022-04-05 00:00:00;SO627807;C0028;CT003;907;2022-04-19 00:00:00;2022-04-09 00:00:00;2022-04-13 00:00:00;2022-04-03 00:00:00
2022-04-05 00:00:00;SO871021;C0002;VS002;949;2022-05-10 00:00:00;2022-05-20 00:00:00;2022-04-07 00:00:00;2022-04-17 00:00:00
2022-04-05 00:00:00;SO871021;C0002;AS005;743;2022-05-10 00:00:00;2022-05-20 00:00:00;2022-04-07 00:00:00;2022-04-17 00:00:00
2022-04-05 00:00:00;SO759496;C0027;CT002;1140;2022-05-17 00:00:00;2022-05-13 00:00:00;2022-04-13 00:00:00;2022-04-09 00:00:00
2022-04-05 00:00:00;SO871021;C0002;CT001;967;2022-05-10 00:00:00;2022-05-11 00:00:00;2022-04-07 00:00:00;2022-04-08 00:00:00
2022-04-05 00:00:00;SO627807;C0028;AS003;243;2022-04-19 00:00:00;2022-04-25 00:00:00;2022-04-13 00:00:00;2022-04-19 00:00:00
2022-04-05 00:00:00;SO871021;C0002;AL001;1024;2022-05-10 00:00:00;2022-05-07 00:00:00;2022-04-07 00:00:00;2022-04-04 00:00:00
2022-04-05 00:00:00;SO759496;C0027;AT001;588;2022-05-17 00:00:00;2022-05-08 00:00:00;2022-04-13 00:00:00;2022-04-04 00:00:00
2022-04-06 00:00:00;SO632627;C0006;AS003;709;2022-06-08 00:00:00;2022-06-17 00:00:00;2022-04-08 00:00:00;2022-04-17 00:00:00
2022-04-06 00:00:00;SO970285;C0005;AS001;663;2022-06-01 00:00:00;2022-06-01 00:00:00;2022-04-08 00:00:00;2022-04-08 00:00:00
2022-04-06 00:00:00;SO105085;C0014;AT001;360;2022-05-11 00:00:00;2022-05-17 00:00:00;2022-04-10 00:00:00;2022-04-16 00:00:00
2022-04-06 00:00:00;SO800829;C0011;AS003;776;2022-05-11 00:00:00;2022-05-06 00:00:00;2022-04-09 00:00:00;2022-04-04 00:00:00
2022-04-06 00:00:00;SO632627;C0006;AL001;692;2022-06-08 00:00:00;2022-06-11 00:00:00;2022-04-08 00:00:00;2022-04-11 00:00:00
2022-04-06 00:00:00;SO105085;C0014;CT001;573;2022-05-11 00:00:00;2022-05-21 00:00:00;2022-04-10 00:00:00;2022-04-20 00:00:00
2022-04-06 00:00:00;SO105085;C0014;AL001;483;2022-05-11 00:00:00;2022-05-19 00:00:00;2022-04-10 00:00:00;2022-04-18 00:00:00
2022-04-06 00:00:00;SO632627;C0006;CL001;616;2022-06-08 00:00:00;2022-06-08 00:00:00;2022-04-08 00:00:00;2022-04-08 00:00:00
2022-04-06 00:00:00;SO970285;C0005;CS001;750;2022-06-01 00:00:00;2022-06-11 00:00:00;2022-04-08 00:00:00;2022-04-18 00:00:00
2022-04-06 00:00:00;SO800829;C0011;AS005;818;2022-05-11 00:00:00;2022-05-20 00:00:00;2022-04-09 00:00:00;2022-04-18 00:00:00
2022-04-06 00:00:00;SO970285;C0005;CL002;673;2022-06-01 00:00:00;2022-06-09 00:00:00;2022-04-08 00:00:00;2022-04-16 00:00:00
2022-04-06 00:00:00;SO970285;C0005;AL001;1004;2022-06-01 00:00:00;2022-05-26 00:00:00;2022-04-08 00:00:00;2022-04-02 00:00:00
2022-04-06 00:00:00;SO632627;C0006;VS002;339;2022-06-08 00:00:00;2022-06-07 00:00:00;2022-04-08 00:00:00;2022-04-07 00:00:00
2022-04-06 00:00:00;SO632627;C0006;CS003;599;2022-06-08 00:00:00;2022-06-05 00:00:00;2022-04-08 00:00:00;2022-04-05 00:00:00
2022-04-06 00:00:00;SO632627;C0006;AT002;369;2022-06-08 00:00:00;2022-06-13 00:00:00;2022-04-08 00:00:00;2022-04-13 00:00:00
2022-04-06 00:00:00;SO970285;C0005;AS003;409;2022-06-01 00:00:00;2022-05-25 00:00:00;2022-04-08 00:00:00;2022-04-01 00:00:00
2022-04-06 00:00:00;SO105085;C0014;CS001;933;2022-05-11 00:00:00;2022-05-16 00:00:00;2022-04-10 00:00:00;2022-04-15 00:00:00
2022-04-06 00:00:00;SO800829;C0011;VS002;1291;2022-05-11 00:00:00;2022-05-09 00:00:00;2022-04-09 00:00:00;2022-04-07 00:00:00
2022-04-06 00:00:00;SO800829;C0011;AT001;626;2022-05-11 00:00:00;2022-05-13 00:00:00;2022-04-09 00:00:00;2022-04-11 00:00:00
2022-04-07 00:00:00;SO175882;C0013;AL001;457;2022-05-05 00:00:00;2022-04-26 00:00:00;2022-04-11 00:00:00;2022-04-02 00:00:00
2022-04-07 00:00:00;SO467614;C0017;AS002;1166;2022-06-02 00:00:00;2022-05-24 00:00:00;2022-04-11 00:00:00;2022-04-02 00:00:00
2022-04-07 00:00:00;SO898635;C0003;VS005;805;2022-05-19 00:00:00;2022-05-29 00:00:00;2022-04-09 00:00:00;2022-04-19 00:00:00
2022-04-07 00:00:00;SO558658;C0022;CS002;395;2022-05-19 00:00:00;2022-05-16 00:00:00;2022-04-11 00:00:00;2022-04-08 00:00:00
2022-04-07 00:00:00;SO175882;C0013;CS001;696;2022-05-05 00:00:00;2022-05-12 00:00:00;2022-04-11 00:00:00;2022-04-18 00:00:00
2022-04-07 00:00:00;SO898635;C0003;VS001;922;2022-05-19 00:00:00;2022-05-15 00:00:00;2022-04-09 00:00:00;2022-04-05 00:00:00
2022-04-07 00:00:00;SO467614;C0017;AT001;702;2022-06-02 00:00:00;2022-06-03 00:00:00;2022-04-11 00:00:00;2022-04-12 00:00:00
2022-04-07 00:00:00;SO558658;C0022;CT002;981;2022-05-19 00:00:00;2022-05-21 00:00:00;2022-04-11 00:00:00;2022-04-13 00:00:00
2022-04-07 00:00:00;SO175882;C0013;AS003;565;2022-05-05 00:00:00;2022-04-26 00:00:00;2022-04-11 00:00:00;2022-04-02 00:00:00
2022-04-07 00:00:00;SO558658;C0022;AS005;1161;2022-05-19 00:00:00;2022-05-24 00:00:00;2022-04-11 00:00:00;2022-04-16 00:00:00
2022-04-07 00:00:00;SO558658;C0022;AL001;688;2022-05-19 00:00:00;2022-05-12 00:00:00;2022-04-11 00:00:00;2022-04-04 00:00:00
2022-04-07 00:00:00;SO467614;C0017;AS005;729;2022-06-02 00:00:00;2022-06-05 00:00:00;2022-04-11 00:00:00;2022-04-14 00:00:00
2022-04-07 00:00:00;SO175882;C0013;VS004;460;2022-05-05 00:00:00;2022-05-15 00:00:00;2022-04-11 00:00:00;2022-04-21 00:00:00
2022-04-07 00:00:00;SO467614;C0017;VS004;826;2022-06-02 00:00:00;2022-05-27 00:00:00;2022-04-11 00:00:00;2022-04-05 00:00:00
2022-04-07 00:00:00;SO467614;C0017;AL002;1346;2022-06-02 00:00:00;2022-05-31 00:00:00;2022-04-11 00:00:00;2022-04-09 00:00:00
2022-04-07 00:00:00;SO467614;C0017;CS003;917;2022-06-02 00:00:00;2022-05-28 00:00:00;2022-04-11 00:00:00;2022-04-06 00:00:00
2022-04-07 00:00:00;SO467614;C0017;CL001;752;2022-06-02 00:00:00;2022-06-12 00:00:00;2022-04-11 00:00:00;2022-04-21 00:00:00
2022-04-07 00:00:00;SO175882;C0013;AL002;383;2022-05-05 00:00:00;2022-05-02 00:00:00;2022-04-11 00:00:00;2022-04-08 00:00:00
2022-04-08 00:00:00;SO557206;C0004;VS002;492;2022-04-22 00:00:00;2022-04-15 00:00:00;2022-04-10 00:00:00;2022-04-03 00:00:00
2022-04-08 00:00:00;SO658691;C0020;AL001;362;2022-06-03 00:00:00;2022-05-27 00:00:00;2022-04-12 00:00:00;2022-04-05 00:00:00
2022-04-08 00:00:00;SO564979;C0025;CL001;1096;2022-05-06 00:00:00;2022-05-14 00:00:00;2022-04-16 00:00:00;2022-04-24 00:00:00
2022-04-08 00:00:00;SO557206;C0004;CS001;1224;2022-04-22 00:00:00;2022-04-15 00:00:00;2022-04-10 00:00:00;2022-04-03 00:00:00
2022-04-08 00:00:00;SO564979;C0025;AL002;987;2022-05-06 00:00:00;2022-05-12 00:00:00;2022-04-16 00:00:00;2022-04-22 00:00:00
2022-04-08 00:00:00;SO557206;C0004;CT002;1043;2022-04-22 00:00:00;2022-04-22 00:00:00;2022-04-10 00:00:00;2022-04-10 00:00:00
2022-04-08 00:00:00;SO557206;C0004;CT001;783;2022-04-22 00:00:00;2022-04-22 00:00:00;2022-04-10 00:00:00;2022-04-10 00:00:00
2022-04-08 00:00:00;SO557206;C0004;CS002;737;2022-04-22 00:00:00;2022-04-30 00:00:00;2022-04-10 00:00:00;2022-04-18 00:00:00
2022-04-08 00:00:00;SO564979;C0025;AL001;680;2022-05-06 00:00:00;2022-05-16 00:00:00;2022-04-16 00:00:00;2022-04-26 00:00:00
2022-04-08 00:00:00;SO557206;C0004;AS005;482;2022-04-22 00:00:00;2022-04-17 00:00:00;2022-04-10 00:00:00;2022-04-05 00:00:00
2022-04-08 00:00:00;SO557206;C0004;VS001;605;2022-04-22 00:00:00;2022-04-24 00:00:00;2022-04-10 00:00:00;2022-04-12 00:00:00
2022-04-08 00:00:00;SO658691;C0020;CT001;554;2022-06-03 00:00:00;2022-05-24 00:00:00;2022-04-12 00:00:00;2022-04-02 00:00:00
2022-04-08 00:00:00;SO658691;C0020;CL002;472;2022-06-03 00:00:00;2022-06-02 00:00:00;2022-04-12 00:00:00;2022-04-11 00:00:00
2022-04-08 00:00:00;SO564979;C0025;CS003;641;2022-05-06 00:00:00;2022-05-06 00:00:00;2022-04-16 00:00:00;2022-04-16 00:00:00
2022-04-11 00:00:00;SO969540;C0021;CT001;763;2022-04-25 00:00:00;2022-05-04 00:00:00;2022-04-15 00:00:00;2022-04-24 00:00:00
2022-04-11 00:00:00;SO617029;C0005;VS004;486;2022-06-06 00:00:00;2022-06-11 00:00:00;2022-04-13 00:00:00;2022-04-18 00:00:00
2022-04-11 00:00:00;SO617029;C0005;CS001;534;2022-06-06 00:00:00;2022-06-08 00:00:00;2022-04-13 00:00:00;2022-04-15 00:00:00
2022-04-11 00:00:00;SO617029;C0005;AS001;731;2022-06-06 00:00:00;2022-06-13 00:00:00;2022-04-13 00:00:00;2022-04-20 00:00:00
2022-04-11 00:00:00;SO969540;C0021;AL002;769;2022-04-25 00:00:00;2022-04-20 00:00:00;2022-04-15 00:00:00;2022-04-10 00:00:00
2022-04-11 00:00:00;SO969540;C0021;CL002;274;2022-04-25 00:00:00;2022-04-25 00:00:00;2022-04-15 00:00:00;2022-04-15 00:00:00
2022-04-11 00:00:00;SO617029;C0005;AS003;464;2022-06-06 00:00:00;2022-06-10 00:00:00;2022-04-13 00:00:00;2022-04-17 00:00:00
2022-04-11 00:00:00;SO969540;C0021;AT001;977;2022-04-25 00:00:00;2022-05-01 00:00:00;2022-04-15 00:00:00;2022-04-21 00:00:00
2022-04-11 00:00:00;SO969540;C0021;AS001;722;2022-04-25 00:00:00;2022-04-19 00:00:00;2022-04-15 00:00:00;2022-04-09 00:00:00
2022-04-11 00:00:00;SO969540;C0021;CL001;832;2022-04-25 00:00:00;2022-04-26 00:00:00;2022-04-15 00:00:00;2022-04-16 00:00:00
2022-04-11 00:00:00;SO617029;C0005;AT001;684;2022-06-06 00:00:00;2022-06-10 00:00:00;2022-04-13 00:00:00;2022-04-17 00:00:00
2022-04-11 00:00:00;SO617029;C0005;CT001;565;2022-06-06 00:00:00;2022-06-14 00:00:00;2022-04-13 00:00:00;2022-04-21 00:00:00
2022-04-12 00:00:00;SO353197;C0016;AL001;444;2022-04-26 00:00:00;2022-04-20 00:00:00;2022-04-16 00:00:00;2022-04-10 00:00:00
2022-04-12 00:00:00;SO534844;C0013;CL002;1222;2022-05-10 00:00:00;2022-05-04 00:00:00;2022-04-16 00:00:00;2022-04-10 00:00:00
2022-04-12 00:00:00;SO353197;C0016;CT001;551;2022-04-26 00:00:00;2022-04-20 00:00:00;2022-04-16 00:00:00;2022-04-10 00:00:00
2022-04-12 00:00:00;SO534844;C0013;AS005;1207;2022-05-10 00:00:00;2022-05-20 00:00:00;2022-04-16 00:00:00;2022-04-26 00:00:00
2022-04-12 00:00:00;SO534844;C0013;CT003;391;2022-05-10 00:00:00;2022-05-20 00:00:00;2022-04-16 00:00:00;2022-04-26 00:00:00
2022-04-12 00:00:00;SO353197;C0016;VS001;516;2022-04-26 00:00:00;2022-05-03 00:00:00;2022-04-16 00:00:00;2022-04-23 00:00:00
2022-04-12 00:00:00;SO353197;C0016;CT002;1196;2022-04-26 00:00:00;2022-05-06 00:00:00;2022-04-16 00:00:00;2022-04-26 00:00:00
2022-04-12 00:00:00;SO353197;C0016;AS002;575;2022-04-26 00:00:00;2022-04-18 00:00:00;2022-04-16 00:00:00;2022-04-08 00:00:00
2022-04-12 00:00:00;SO353197;C0016;AL002;906;2022-04-26 00:00:00;2022-04-21 00:00:00;2022-04-16 00:00:00;2022-04-11 00:00:00
2022-04-12 00:00:00;SO353197;C0016;AS005;969;2022-04-26 00:00:00;2022-05-05 00:00:00;2022-04-16 00:00:00;2022-04-25 00:00:00
2022-04-12 00:00:00;SO353197;C0016;VS002;1032;2022-04-26 00:00:00;2022-04-20 00:00:00;2022-04-16 00:00:00;2022-04-10 00:00:00
2022-04-12 00:00:00;SO534844;C0013;CS003;814;2022-05-10 00:00:00;2022-04-30 00:00:00;2022-04-16 00:00:00;2022-04-06 00:00:00
2022-04-12 00:00:00;SO534844;C0013;CL001;1063;2022-05-10 00:00:00;2022-05-06 00:00:00;2022-04-16 00:00:00;2022-04-12 00:00:00
2022-04-12 00:00:00;SO534844;C0013;CS001;960;2022-05-10 00:00:00;2022-05-12 00:00:00;2022-04-16 00:00:00;2022-04-18 00:00:00
2022-04-12 00:00:00;SO353197;C0016;CL001;395;2022-04-26 00:00:00;2022-04-21 00:00:00;2022-04-16 00:00:00;2022-04-11 00:00:00
2022-04-12 00:00:00;SO353197;C0016;CS001;803;2022-04-26 00:00:00;2022-04-30 00:00:00;2022-04-16 00:00:00;2022-04-20 00:00:00
2022-04-12 00:00:00;SO534844;C0013;AL002;394;2022-05-10 00:00:00;2022-05-09 00:00:00;2022-04-16 00:00:00;2022-04-15 00:00:00
2022-04-12 00:00:00;SO353197;C0016;AS001;418;2022-04-26 00:00:00;2022-04-27 00:00:00;2022-04-16 00:00:00;2022-04-17 00:00:00
2022-04-13 00:00:00;SO350674;C0030;CS003;772;2022-06-15 00:00:00;2022-06-25 00:00:00;2022-04-21 00:00:00;2022-05-01 00:00:00
2022-04-13 00:00:00;SO461327;C0021;VS005;465;2022-04-27 00:00:00;2022-04-17 00:00:00;2022-04-17 00:00:00;2022-04-07 00:00:00
2022-04-13 00:00:00;SO157377;C0019;AL002;437;2022-06-15 00:00:00;2022-06-06 00:00:00;2022-04-17 00:00:00;2022-04-08 00:00:00
2022-04-13 00:00:00;SO594750;C0015;CL001;717;2022-05-25 00:00:00;2022-05-18 00:00:00;2022-04-17 00:00:00;2022-04-10 00:00:00
2022-04-13 00:00:00;SO157377;C0019;AS002;548;2022-06-15 00:00:00;2022-06-11 00:00:00;2022-04-17 00:00:00;2022-04-13 00:00:00
2022-04-13 00:00:00;SO461327;C0021;CL002;752;2022-04-27 00:00:00;2022-04-30 00:00:00;2022-04-17 00:00:00;2022-04-20 00:00:00
2022-04-13 00:00:00;SO594750;C0015;AS003;432;2022-05-25 00:00:00;2022-06-02 00:00:00;2022-04-17 00:00:00;2022-04-25 00:00:00
2022-04-13 00:00:00;SO350674;C0030;AT001;902;2022-06-15 00:00:00;2022-06-22 00:00:00;2022-04-21 00:00:00;2022-04-28 00:00:00
2022-04-13 00:00:00;SO594750;C0015;AS002;883;2022-05-25 00:00:00;2022-05-24 00:00:00;2022-04-17 00:00:00;2022-04-16 00:00:00
2022-04-13 00:00:00;SO594750;C0015;AL002;296;2022-05-25 00:00:00;2022-05-24 00:00:00;2022-04-17 00:00:00;2022-04-16 00:00:00
2022-04-13 00:00:00;SO157377;C0019;CT002;1015;2022-06-15 00:00:00;2022-06-06 00:00:00;2022-04-17 00:00:00;2022-04-08 00:00:00
2022-04-13 00:00:00;SO594750;C0015;AT002;771;2022-05-25 00:00:00;2022-05-15 00:00:00;2022-04-17 00:00:00;2022-04-07 00:00:00
2022-04-13 00:00:00;SO461327;C0021;AL002;890;2022-04-27 00:00:00;2022-04-27 00:00:00;2022-04-17 00:00:00;2022-04-17 00:00:00
2022-04-13 00:00:00;SO594750;C0015;CL002;1040;2022-05-25 00:00:00;2022-05-29 00:00:00;2022-04-17 00:00:00;2022-04-21 00:00:00
2022-04-14 00:00:00;SO394014;C0016;VS004;815;2022-04-28 00:00:00;2022-04-23 00:00:00;2022-04-18 00:00:00;2022-04-13 00:00:00
2022-04-14 00:00:00;SO708888;C0003;CS002;486;2022-05-26 00:00:00;2022-05-25 00:00:00;2022-04-16 00:00:00;2022-04-15 00:00:00
2022-04-14 00:00:00;SO394014;C0016;AL002;974;2022-04-28 00:00:00;2022-05-02 00:00:00;2022-04-18 00:00:00;2022-04-22 00:00:00
2022-04-14 00:00:00;SO708888;C0003;VS001;763;2022-05-26 00:00:00;2022-05-28 00:00:00;2022-04-16 00:00:00;2022-04-18 00:00:00
2022-04-14 00:00:00;SO394014;C0016;CT001;872;2022-04-28 00:00:00;2022-05-03 00:00:00;2022-04-18 00:00:00;2022-04-23 00:00:00
2022-04-14 00:00:00;SO394014;C0016;AL001;805;2022-04-28 00:00:00;2022-05-02 00:00:00;2022-04-18 00:00:00;2022-04-22 00:00:00
2022-04-14 00:00:00;SO394014;C0016;CT003;841;2022-04-28 00:00:00;2022-04-18 00:00:00;2022-04-18 00:00:00;2022-04-08 00:00:00
2022-04-14 00:00:00;SO394014;C0016;CS001;348;2022-04-28 00:00:00;2022-04-30 00:00:00;2022-04-18 00:00:00;2022-04-20 00:00:00
2022-04-14 00:00:00;SO394014;C0016;CL002;936;2022-04-28 00:00:00;2022-04-18 00:00:00;2022-04-18 00:00:00;2022-04-08 00:00:00
2022-04-14 00:00:00;SO708888;C0003;CT001;799;2022-05-26 00:00:00;2022-05-31 00:00:00;2022-04-16 00:00:00;2022-04-21 00:00:00
2022-04-14 00:00:00;SO708888;C0003;CS001;296;2022-05-26 00:00:00;2022-05-21 00:00:00;2022-04-16 00:00:00;2022-04-11 00:00:00
2022-04-14 00:00:00;SO394014;C0016;AT001;733;2022-04-28 00:00:00;2022-04-22 00:00:00;2022-04-18 00:00:00;2022-04-12 00:00:00
2022-04-14 00:00:00;SO394014;C0016;VS005;846;2022-04-28 00:00:00;2022-04-29 00:00:00;2022-04-18 00:00:00;2022-04-19 00:00:00
2022-04-14 00:00:00;SO394014;C0016;AS003;444;2022-04-28 00:00:00;2022-04-24 00:00:00;2022-04-18 00:00:00;2022-04-14 00:00:00
2022-04-14 00:00:00;SO394014;C0016;VS001;394;2022-04-28 00:00:00;2022-04-18 00:00:00;2022-04-18 00:00:00;2022-04-08 00:00:00
2022-04-14 00:00:00;SO394014;C0016;CS002;431;2022-04-28 00:00:00;2022-05-01 00:00:00;2022-04-18 00:00:00;2022-04-21 00:00:00
2022-04-14 00:00:00;SO394014;C0016;CS003;446;2022-04-28 00:00:00;2022-05-02 00:00:00;2022-04-18 00:00:00;2022-04-22 00:00:00
2022-04-14 00:00:00;SO394014;C0016;VS002;902;2022-04-28 00:00:00;2022-05-02 00:00:00;2022-04-18 00:00:00;2022-04-22 00:00:00
2022-04-14 00:00:00;SO708888;C0003;AT002;506;2022-05-26 00:00:00;2022-06-01 00:00:00;2022-04-16 00:00:00;2022-04-22 00:00:00
2022-04-14 00:00:00;SO708888;C0003;AS003;767;2022-05-26 00:00:00;2022-05-28 00:00:00;2022-04-16 00:00:00;2022-04-18 00:00:00
2022-04-15 00:00:00;SO324743;C0001;CS001;339;2022-05-13 00:00:00;2022-05-19 00:00:00;2022-04-17 00:00:00;2022-04-23 00:00:00
2022-04-15 00:00:00;SO160169;C0028;CT001;398;2022-04-29 00:00:00;2022-05-06 00:00:00;2022-04-23 00:00:00;2022-04-30 00:00:00
2022-04-15 00:00:00;SO324743;C0001;AT002;537;2022-05-13 00:00:00;2022-05-21 00:00:00;2022-04-17 00:00:00;2022-04-25 00:00:00
2022-04-15 00:00:00;SO324743;C0001;CS002;849;2022-05-13 00:00:00;2022-05-15 00:00:00;2022-04-17 00:00:00;2022-04-19 00:00:00
2022-04-15 00:00:00;SO160169;C0028;AS001;596;2022-04-29 00:00:00;2022-05-09 00:00:00;2022-04-23 00:00:00;2022-05-03 00:00:00
2022-04-15 00:00:00;SO324743;C0001;CL002;575;2022-05-13 00:00:00;2022-05-03 00:00:00;2022-04-17 00:00:00;2022-04-07 00:00:00
2022-04-15 00:00:00;SO324743;C0001;AT001;897;2022-05-13 00:00:00;2022-05-18 00:00:00;2022-04-17 00:00:00;2022-04-22 00:00:00
2022-04-15 00:00:00;SO324743;C0001;CS003;974;2022-05-13 00:00:00;2022-05-04 00:00:00;2022-04-17 00:00:00;2022-04-08 00:00:00
2022-04-15 00:00:00;SO160169;C0028;VS005;446;2022-04-29 00:00:00;2022-05-09 00:00:00;2022-04-23 00:00:00;2022-05-03 00:00:00
2022-04-15 00:00:00;SO160169;C0028;AS003;593;2022-04-29 00:00:00;2022-04-21 00:00:00;2022-04-23 00:00:00;2022-04-15 00:00:00
2022-04-15 00:00:00;SO160169;C0028;CT003;949;2022-04-29 00:00:00;2022-04-26 00:00:00;2022-04-23 00:00:00;2022-04-20 00:00:00
2022-04-15 00:00:00;SO324743;C0001;CT001;646;2022-05-13 00:00:00;2022-05-14 00:00:00;2022-04-17 00:00:00;2022-04-18 00:00:00
2022-04-15 00:00:00;SO324743;C0001;AS001;990;2022-05-13 00:00:00;2022-05-13 00:00:00;2022-04-17 00:00:00;2022-04-17 00:00:00
2022-04-15 00:00:00;SO160169;C0028;AL002;1241;2022-04-29 00:00:00;2022-04-28 00:00:00;2022-04-23 00:00:00;2022-04-22 00:00:00
2022-04-15 00:00:00;SO160169;C0028;VS002;405;2022-04-29 00:00:00;2022-04-19 00:00:00;2022-04-23 00:00:00;2022-04-13 00:00:00
2022-04-15 00:00:00;SO324743;C0001;CT002;1054;2022-05-13 00:00:00;2022-05-15 00:00:00;2022-04-17 00:00:00;2022-04-19 00:00:00
2022-04-18 00:00:00;SO713776;C0029;CT002;797;2022-06-13 00:00:00;2022-06-07 00:00:00;2022-04-26 00:00:00;2022-04-20 00:00:00
2022-04-18 00:00:00;SO944547;C0027;AL001;695;2022-05-30 00:00:00;2022-06-01 00:00:00;2022-04-26 00:00:00;2022-04-28 00:00:00
2022-04-18 00:00:00;SO788563;C0002;VS004;707;2022-05-23 00:00:00;2022-05-26 00:00:00;2022-04-20 00:00:00;2022-04-23 00:00:00
2022-04-18 00:00:00;SO713776;C0029;VS002;758;2022-06-13 00:00:00;2022-06-05 00:00:00;2022-04-26 00:00:00;2022-04-18 00:00:00
2022-04-18 00:00:00;SO944547;C0027;CS001;387;2022-05-30 00:00:00;2022-05-21 00:00:00;2022-04-26 00:00:00;2022-04-17 00:00:00
2022-04-18 00:00:00;SO944547;C0027;AL002;1008;2022-05-30 00:00:00;2022-05-31 00:00:00;2022-04-26 00:00:00;2022-04-27 00:00:00
2022-04-18 00:00:00;SO788563;C0002;AT001;1249;2022-05-23 00:00:00;2022-05-24 00:00:00;2022-04-20 00:00:00;2022-04-21 00:00:00
2022-04-18 00:00:00;SO944547;C0027;CT002;632;2022-05-30 00:00:00;2022-05-27 00:00:00;2022-04-26 00:00:00;2022-04-23 00:00:00
2022-04-18 00:00:00;SO944547;C0027;VS005;465;2022-05-30 00:00:00;2022-06-07 00:00:00;2022-04-26 00:00:00;2022-05-04 00:00:00
2022-04-18 00:00:00;SO713776;C0029;AL002;255;2022-06-13 00:00:00;2022-06-23 00:00:00;2022-04-26 00:00:00;2022-05-06 00:00:00
2022-04-18 00:00:00;SO944547;C0027;AT001;486;2022-05-30 00:00:00;2022-06-04 00:00:00;2022-04-26 00:00:00;2022-05-01 00:00:00
2022-04-18 00:00:00;SO713776;C0029;AS001;983;2022-06-13 00:00:00;2022-06-06 00:00:00;2022-04-26 00:00:00;2022-04-19 00:00:00
2022-04-18 00:00:00;SO788563;C0002;CT001;605;2022-05-23 00:00:00;2022-05-18 00:00:00;2022-04-20 00:00:00;2022-04-15 00:00:00
2022-04-18 00:00:00;SO788563;C0002;AT002;525;2022-05-23 00:00:00;2022-05-17 00:00:00;2022-04-20 00:00:00;2022-04-14 00:00:00
2022-04-18 00:00:00;SO713776;C0029;CS001;779;2022-06-13 00:00:00;2022-06-07 00:00:00;2022-04-26 00:00:00;2022-04-20 00:00:00
2022-04-18 00:00:00;SO713776;C0029;CT003;1002;2022-06-13 00:00:00;2022-06-07 00:00:00;2022-04-26 00:00:00;2022-04-20 00:00:00
2022-04-18 00:00:00;SO788563;C0002;AL002;531;2022-05-23 00:00:00;2022-05-23 00:00:00;2022-04-20 00:00:00;2022-04-20 00:00:00
2022-04-18 00:00:00;SO788563;C0002;CT002;298;2022-05-23 00:00:00;2022-05-15 00:00:00;2022-04-20 00:00:00;2022-04-12 00:00:00
2022-04-19 00:00:00;SO820973;C0003;CS001;1078;2022-05-31 00:00:00;2022-05-28 00:00:00;2022-04-21 00:00:00;2022-04-18 00:00:00
2022-04-19 00:00:00;SO231500;C0025;AT001;1242;2022-05-17 00:00:00;2022-05-25 00:00:00;2022-04-27 00:00:00;2022-05-05 00:00:00
2022-04-19 00:00:00;SO820973;C0003;CL001;786;2022-05-31 00:00:00;2022-05-21 00:00:00;2022-04-21 00:00:00;2022-04-11 00:00:00
2022-04-19 00:00:00;SO231500;C0025;AL001;743;2022-05-17 00:00:00;2022-05-19 00:00:00;2022-04-27 00:00:00;2022-04-29 00:00:00
2022-04-19 00:00:00;SO231500;C0025;CS003;845;2022-05-17 00:00:00;2022-05-27 00:00:00;2022-04-27 00:00:00;2022-05-07 00:00:00
2022-04-19 00:00:00;SO820973;C0003;AS002;981;2022-05-31 00:00:00;2022-06-07 00:00:00;2022-04-21 00:00:00;2022-04-28 00:00:00
2022-04-19 00:00:00;SO820973;C0003;VS002;518;2022-05-31 00:00:00;2022-05-29 00:00:00;2022-04-21 00:00:00;2022-04-19 00:00:00
2022-04-19 00:00:00;SO820973;C0003;CT003;453;2022-05-31 00:00:00;2022-05-24 00:00:00;2022-04-21 00:00:00;2022-04-14 00:00:00
2022-04-19 00:00:00;SO820973;C0003;VS005;309;2022-05-31 00:00:00;2022-05-21 00:00:00;2022-04-21 00:00:00;2022-04-11 00:00:00
2022-04-19 00:00:00;SO231500;C0025;CT003;826;2022-05-17 00:00:00;2022-05-22 00:00:00;2022-04-27 00:00:00;2022-05-02 00:00:00
2022-04-19 00:00:00;SO820973;C0003;CS003;571;2022-05-31 00:00:00;2022-05-21 00:00:00;2022-04-21 00:00:00;2022-04-11 00:00:00
2022-04-19 00:00:00;SO820973;C0003;CS002;1222;2022-05-31 00:00:00;2022-05-24 00:00:00;2022-04-21 00:00:00;2022-04-14 00:00:00
2022-04-19 00:00:00;SO231500;C0025;AL002;436;2022-05-17 00:00:00;2022-05-25 00:00:00;2022-04-27 00:00:00;2022-05-05 00:00:00
2022-04-19 00:00:00;SO820973;C0003;CL002;1012;2022-05-31 00:00:00;2022-05-24 00:00:00;2022-04-21 00:00:00;2022-04-14 00:00:00
2022-04-19 00:00:00;SO820973;C0003;AS005;1112;2022-05-31 00:00:00;2022-05-22 00:00:00;2022-04-21 00:00:00;2022-04-12 00:00:00
2022-04-19 00:00:00;SO231500;C0025;CT001;957;2022-05-17 00:00:00;2022-05-22 00:00:00;2022-04-27 00:00:00;2022-05-02 00:00:00
2022-04-19 00:00:00;SO231500;C0025;VS001;609;2022-05-17 00:00:00;2022-05-17 00:00:00;2022-04-27 00:00:00;2022-04-27 00:00:00
2022-04-19 00:00:00;SO231500;C0025;CT002;321;2022-05-17 00:00:00;2022-05-24 00:00:00;2022-04-27 00:00:00;2022-05-04 00:00:00
2022-04-19 00:00:00;SO231500;C0025;CS002;861;2022-05-17 00:00:00;2022-05-12 00:00:00;2022-04-27 00:00:00;2022-04-22 00:00:00
2022-04-20 00:00:00;SO651349;C0008;AS003;763;2022-06-15 00:00:00;2022-06-16 00:00:00;2022-04-23 00:00:00;2022-04-24 00:00:00
2022-04-20 00:00:00;SO988208;C0027;AS003;748;2022-06-01 00:00:00;2022-06-08 00:00:00;2022-04-28 00:00:00;2022-05-05 00:00:00
2022-04-20 00:00:00;SO775428;C0006;AS002;745;2022-06-22 00:00:00;2022-06-21 00:00:00;2022-04-22 00:00:00;2022-04-21 00:00:00
2022-04-20 00:00:00;SO775428;C0006;AL001;998;2022-06-22 00:00:00;2022-06-27 00:00:00;2022-04-22 00:00:00;2022-04-27 00:00:00
2022-04-20 00:00:00;SO775428;C0006;CL002;1156;2022-06-22 00:00:00;2022-06-22 00:00:00;2022-04-22 00:00:00;2022-04-22 00:00:00
2022-04-20 00:00:00;SO988208;C0027;AL002;837;2022-06-01 00:00:00;2022-05-22 00:00:00;2022-04-28 00:00:00;2022-04-18 00:00:00
2022-04-20 00:00:00;SO988208;C0027;AT001;411;2022-06-01 00:00:00;2022-06-10 00:00:00;2022-04-28 00:00:00;2022-05-07 00:00:00
2022-04-20 00:00:00;SO651349;C0008;CL002;923;2022-06-15 00:00:00;2022-06-19 00:00:00;2022-04-23 00:00:00;2022-04-27 00:00:00
2022-04-20 00:00:00;SO651349;C0008;CT003;408;2022-06-15 00:00:00;2022-06-09 00:00:00;2022-04-23 00:00:00;2022-04-17 00:00:00
2022-04-20 00:00:00;SO775428;C0006;VS004;649;2022-06-22 00:00:00;2022-06-27 00:00:00;2022-04-22 00:00:00;2022-04-27 00:00:00
2022-04-20 00:00:00;SO988208;C0027;VS001;378;2022-06-01 00:00:00;2022-06-01 00:00:00;2022-04-28 00:00:00;2022-04-28 00:00:00
2022-04-20 00:00:00;SO988208;C0027;CT003;310;2022-06-01 00:00:00;2022-06-11 00:00:00;2022-04-28 00:00:00;2022-05-08 00:00:00
2022-04-20 00:00:00;SO651349;C0008;VS002;803;2022-06-15 00:00:00;2022-06-10 00:00:00;2022-04-23 00:00:00;2022-04-18 00:00:00
2022-04-21 00:00:00;SO939015;C0029;VS002;983;2022-06-16 00:00:00;2022-06-15 00:00:00;2022-04-29 00:00:00;2022-04-28 00:00:00
2022-04-21 00:00:00;SO693731;C0012;VS001;674;2022-05-19 00:00:00;2022-05-12 00:00:00;2022-04-24 00:00:00;2022-04-17 00:00:00
2022-04-21 00:00:00;SO122565;C0026;CT002;731;2022-05-26 00:00:00;2022-06-02 00:00:00;2022-04-29 00:00:00;2022-05-06 00:00:00
2022-04-21 00:00:00;SO226609;C0028;VS004;872;2022-05-05 00:00:00;2022-05-01 00:00:00;2022-04-29 00:00:00;2022-04-25 00:00:00
2022-04-21 00:00:00;SO939015;C0029;AS003;984;2022-06-16 00:00:00;2022-06-18 00:00:00;2022-04-29 00:00:00;2022-05-01 00:00:00
2022-04-21 00:00:00;SO693731;C0012;AS003;774;2022-05-19 00:00:00;2022-05-12 00:00:00;2022-04-24 00:00:00;2022-04-17 00:00:00
2022-04-21 00:00:00;SO122565;C0026;VS001;613;2022-05-26 00:00:00;2022-05-30 00:00:00;2022-04-29 00:00:00;2022-05-03 00:00:00
2022-04-21 00:00:00;SO939015;C0029;AS001;535;2022-06-16 00:00:00;2022-06-09 00:00:00;2022-04-29 00:00:00;2022-04-22 00:00:00
2022-04-21 00:00:00;SO693731;C0012;CS003;472;2022-05-19 00:00:00;2022-05-10 00:00:00;2022-04-24 00:00:00;2022-04-15 00:00:00
2022-04-21 00:00:00;SO226609;C0028;VS005;868;2022-05-05 00:00:00;2022-05-01 00:00:00;2022-04-29 00:00:00;2022-04-25 00:00:00
2022-04-21 00:00:00;SO693731;C0012;CL001;328;2022-05-19 00:00:00;2022-05-19 00:00:00;2022-04-24 00:00:00;2022-04-24 00:00:00
2022-04-21 00:00:00;SO226609;C0028;CL001;343;2022-05-05 00:00:00;2022-05-13 00:00:00;2022-04-29 00:00:00;2022-05-07 00:00:00
2022-04-21 00:00:00;SO122565;C0026;AL001;777;2022-05-26 00:00:00;2022-05-31 00:00:00;2022-04-29 00:00:00;2022-05-04 00:00:00
2022-04-22 00:00:00;SO290148;C0012;AS002;840;2022-05-20 00:00:00;2022-05-14 00:00:00;2022-04-25 00:00:00;2022-04-19 00:00:00
2022-04-22 00:00:00;SO814811;C0018;AT001;962;2022-06-24 00:00:00;2022-06-29 00:00:00;2022-04-26 00:00:00;2022-05-01 00:00:00
2022-04-22 00:00:00;SO814811;C0018;AL001;430;2022-06-24 00:00:00;2022-07-02 00:00:00;2022-04-26 00:00:00;2022-05-04 00:00:00
2022-04-22 00:00:00;SO290148;C0012;CT001;349;2022-05-20 00:00:00;2022-05-16 00:00:00;2022-04-25 00:00:00;2022-04-21 00:00:00
2022-04-22 00:00:00;SO814811;C0018;CS002;535;2022-06-24 00:00:00;2022-06-16 00:00:00;2022-04-26 00:00:00;2022-04-18 00:00:00
2022-04-22 00:00:00;SO290148;C0012;CL001;606;2022-05-20 00:00:00;2022-05-16 00:00:00;2022-04-25 00:00:00;2022-04-21 00:00:00
2022-04-22 00:00:00;SO290148;C0012;AS003;760;2022-05-20 00:00:00;2022-05-29 00:00:00;2022-04-25 00:00:00;2022-05-04 00:00:00
2022-04-22 00:00:00;SO290148;C0012;AS005;643;2022-05-20 00:00:00;2022-05-26 00:00:00;2022-04-25 00:00:00;2022-05-01 00:00:00
2022-04-22 00:00:00;SO814811;C0018;VS001;772;2022-06-24 00:00:00;2022-06-20 00:00:00;2022-04-26 00:00:00;2022-04-22 00:00:00
2022-04-22 00:00:00;SO814811;C0018;VS002;512;2022-06-24 00:00:00;2022-06-14 00:00:00;2022-04-26 00:00:00;2022-04-16 00:00:00
2022-04-22 00:00:00;SO290148;C0012;CS001;1125;2022-05-20 00:00:00;2022-05-22 00:00:00;2022-04-25 00:00:00;2022-04-27 00:00:00
2022-04-22 00:00:00;SO814811;C0018;CS003;339;2022-06-24 00:00:00;2022-07-03 00:00:00;2022-04-26 00:00:00;2022-05-05 00:00:00
2022-04-22 00:00:00;SO290148;C0012;CT003;294;2022-05-20 00:00:00;2022-05-11 00:00:00;2022-04-25 00:00:00;2022-04-16 00:00:00
2022-04-22 00:00:00;SO290148;C0012;AL002;969;2022-05-20 00:00:00;2022-05-11 00:00:00;2022-04-25 00:00:00;2022-04-16 00:00:00
2022-04-22 00:00:00;SO290148;C0012;AT002;943;2022-05-20 00:00:00;2022-05-20 00:00:00;2022-04-25 00:00:00;2022-04-25 00:00:00
2022-04-22 00:00:00;SO290148;C0012;CT002;902;2022-05-20 00:00:00;2022-05-15 00:00:00;2022-04-25 00:00:00;2022-04-20 00:00:00
2022-04-22 00:00:00;SO290148;C0012;AS001;1046;2022-05-20 00:00:00;2022-05-13 00:00:00;2022-04-25 00:00:00;2022-04-18 00:00:00
2022-04-22 00:00:00;SO814811;C0018;AT002;374;2022-06-24 00:00:00;2022-06-28 00:00:00;2022-04-26 00:00:00;2022-04-30 00:00:00
2022-04-22 00:00:00;SO814811;C0018;CS001;475;2022-06-24 00:00:00;2022-06-26 00:00:00;2022-04-26 00:00:00;2022-04-28 00:00:00
2022-04-25 00:00:00;SO705142;C0004;CL001;942;2022-05-09 00:00:00;2022-05-17 00:00:00;2022-04-27 00:00:00;2022-05-05 00:00:00
2022-04-25 00:00:00;SO363926;C0011;AT002;801;2022-05-30 00:00:00;2022-05-26 00:00:00;2022-04-28 00:00:00;2022-04-24 00:00:00
2022-04-25 00:00:00;SO705142;C0004;AT001;360;2022-05-09 00:00:00;2022-05-04 00:00:00;2022-04-27 00:00:00;2022-04-22 00:00:00
2022-04-25 00:00:00;SO705142;C0004;CS002;869;2022-05-09 00:00:00;2022-05-02 00:00:00;2022-04-27 00:00:00;2022-04-20 00:00:00
2022-04-25 00:00:00;SO705142;C0004;VS004;767;2022-05-09 00:00:00;2022-05-16 00:00:00;2022-04-27 00:00:00;2022-05-04 00:00:00
2022-04-25 00:00:00;SO705142;C0004;AS001;581;2022-05-09 00:00:00;2022-05-10 00:00:00;2022-04-27 00:00:00;2022-04-28 00:00:00
2022-04-25 00:00:00;SO705142;C0004;VS002;1079;2022-05-09 00:00:00;2022-05-11 00:00:00;2022-04-27 00:00:00;2022-04-29 00:00:00
2022-04-25 00:00:00;SO363926;C0011;CT002;882;2022-05-30 00:00:00;2022-06-07 00:00:00;2022-04-28 00:00:00;2022-05-06 00:00:00
2022-04-25 00:00:00;SO705142;C0004;AS003;575;2022-05-09 00:00:00;2022-05-16 00:00:00;2022-04-27 00:00:00;2022-05-04 00:00:00
2022-04-25 00:00:00;SO705142;C0004;AS002;845;2022-05-09 00:00:00;2022-05-13 00:00:00;2022-04-27 00:00:00;2022-05-01 00:00:00
2022-04-25 00:00:00;SO705142;C0004;CS001;325;2022-05-09 00:00:00;2022-05-03 00:00:00;2022-04-27 00:00:00;2022-04-21 00:00:00
2022-04-25 00:00:00;SO705142;C0004;VS001;561;2022-05-09 00:00:00;2022-05-05 00:00:00;2022-04-27 00:00:00;2022-04-23 00:00:00
2022-04-25 00:00:00;SO363926;C0011;VS004;439;2022-05-30 00:00:00;2022-05-25 00:00:00;2022-04-28 00:00:00;2022-04-23 00:00:00
2022-04-25 00:00:00;SO705142;C0004;CT001;442;2022-05-09 00:00:00;2022-05-13 00:00:00;2022-04-27 00:00:00;2022-05-01 00:00:00
2022-04-25 00:00:00;SO705142;C0004;CS003;849;2022-05-09 00:00:00;2022-05-01 00:00:00;2022-04-27 00:00:00;2022-04-19 00:00:00
2022-04-25 00:00:00;SO705142;C0004;CT003;1016;2022-05-09 00:00:00;2022-05-02 00:00:00;2022-04-27 00:00:00;2022-04-20 00:00:00
2022-04-25 00:00:00;SO705142;C0004;AT002;667;2022-05-09 00:00:00;2022-04-30 00:00:00;2022-04-27 00:00:00;2022-04-18 00:00:00
2022-04-26 00:00:00;SO707089;C0008;AS001;553;2022-06-21 00:00:00;2022-06-16 00:00:00;2022-04-29 00:00:00;2022-04-24 00:00:00
2022-04-26 00:00:00;SO484069;C0021;CL001;920;2022-05-10 00:00:00;2022-05-16 00:00:00;2022-04-30 00:00:00;2022-05-06 00:00:00
2022-04-26 00:00:00;SO484069;C0021;AT002;759;2022-05-10 00:00:00;2022-05-15 00:00:00;2022-04-30 00:00:00;2022-05-05 00:00:00
2022-04-26 00:00:00;SO484069;C0021;CT003;483;2022-05-10 00:00:00;2022-05-18 00:00:00;2022-04-30 00:00:00;2022-05-08 00:00:00
2022-04-26 00:00:00;SO484069;C0021;AS001;839;2022-05-10 00:00:00;2022-04-30 00:00:00;2022-04-30 00:00:00;2022-04-20 00:00:00
2022-04-26 00:00:00;SO484069;C0021;AL002;903;2022-05-10 00:00:00;2022-05-08 00:00:00;2022-04-30 00:00:00;2022-04-28 00:00:00
2022-04-26 00:00:00;SO707089;C0008;CS001;1254;2022-06-21 00:00:00;2022-06-14 00:00:00;2022-04-29 00:00:00;2022-04-22 00:00:00
2022-04-26 00:00:00;SO707089;C0008;CS002;715;2022-06-21 00:00:00;2022-06-20 00:00:00;2022-04-29 00:00:00;2022-04-28 00:00:00
2022-04-26 00:00:00;SO484069;C0021;CS001;654;2022-05-10 00:00:00;2022-05-12 00:00:00;2022-04-30 00:00:00;2022-05-02 00:00:00
2022-04-26 00:00:00;SO484069;C0021;VS005;554;2022-05-10 00:00:00;2022-05-02 00:00:00;2022-04-30 00:00:00;2022-04-22 00:00:00
2022-04-26 00:00:00;SO707089;C0008;AT001;855;2022-06-21 00:00:00;2022-06-15 00:00:00;2022-04-29 00:00:00;2022-04-23 00:00:00
2022-04-26 00:00:00;SO707089;C0008;CL002;603;2022-06-21 00:00:00;2022-06-23 00:00:00;2022-04-29 00:00:00;2022-05-01 00:00:00
2022-04-26 00:00:00;SO484069;C0021;AL001;1234;2022-05-10 00:00:00;2022-05-07 00:00:00;2022-04-30 00:00:00;2022-04-27 00:00:00
2022-04-26 00:00:00;SO707089;C0008;AL002;497;2022-06-21 00:00:00;2022-06-22 00:00:00;2022-04-29 00:00:00;2022-04-30 00:00:00
2022-04-26 00:00:00;SO484069;C0021;CT002;1035;2022-05-10 00:00:00;2022-05-02 00:00:00;2022-04-30 00:00:00;2022-04-22 00:00:00
2022-04-26 00:00:00;SO484069;C0021;VS004;688;2022-05-10 00:00:00;2022-05-18 00:00:00;2022-04-30 00:00:00;2022-05-08 00:00:00
2022-04-26 00:00:00;SO707089;C0008;AS003;1022;2022-06-21 00:00:00;2022-06-28 00:00:00;2022-04-29 00:00:00;2022-05-06 00:00:00
2022-04-26 00:00:00;SO707089;C0008;CT001;682;2022-06-21 00:00:00;2022-06-22 00:00:00;2022-04-29 00:00:00;2022-04-30 00:00:00
2022-04-26 00:00:00;SO484069;C0021;AT001;717;2022-05-10 00:00:00;2022-05-19 00:00:00;2022-04-30 00:00:00;2022-05-09 00:00:00
2022-04-27 00:00:00;SO159014;C0019;CT002;882;2022-06-29 00:00:00;2022-06-26 00:00:00;2022-05-01 00:00:00;2022-04-28 00:00:00
2022-04-27 00:00:00;SO433596;C0005;CT002;812;2022-06-22 00:00:00;2022-06-24 00:00:00;2022-04-29 00:00:00;2022-05-01 00:00:00
2022-04-27 00:00:00;SO113657;C0015;AS003;903;2022-06-08 00:00:00;2022-06-02 00:00:00;2022-05-01 00:00:00;2022-04-25 00:00:00
2022-04-27 00:00:00;SO109647;C0009;AT002;432;2022-05-11 00:00:00;2022-05-14 00:00:00;2022-04-30 00:00:00;2022-05-03 00:00:00
2022-04-27 00:00:00;SO109647;C0009;CL002;503;2022-05-11 00:00:00;2022-05-04 00:00:00;2022-04-30 00:00:00;2022-04-23 00:00:00
2022-04-27 00:00:00;SO159014;C0019;AT001;656;2022-06-29 00:00:00;2022-06-19 00:00:00;2022-05-01 00:00:00;2022-04-21 00:00:00
2022-04-27 00:00:00;SO433596;C0005;AS001;868;2022-06-22 00:00:00;2022-06-27 00:00:00;2022-04-29 00:00:00;2022-05-04 00:00:00
2022-04-27 00:00:00;SO159014;C0019;AS005;814;2022-06-29 00:00:00;2022-06-24 00:00:00;2022-05-01 00:00:00;2022-04-26 00:00:00
2022-04-27 00:00:00;SO109647;C0009;AS002;528;2022-05-11 00:00:00;2022-05-17 00:00:00;2022-04-30 00:00:00;2022-05-06 00:00:00
2022-04-27 00:00:00;SO113657;C0015;AS001;888;2022-06-08 00:00:00;2022-06-17 00:00:00;2022-05-01 00:00:00;2022-05-10 00:00:00
2022-04-27 00:00:00;SO433596;C0005;CS003;1211;2022-06-22 00:00:00;2022-06-15 00:00:00;2022-04-29 00:00:00;2022-04-22 00:00:00
2022-04-27 00:00:00;SO433596;C0005;CT001;888;2022-06-22 00:00:00;2022-06-13 00:00:00;2022-04-29 00:00:00;2022-04-20 00:00:00
2022-04-27 00:00:00;SO159014;C0019;CS003;484;2022-06-29 00:00:00;2022-07-06 00:00:00;2022-05-01 00:00:00;2022-05-08 00:00:00
2022-04-27 00:00:00;SO159014;C0019;VS001;970;2022-06-29 00:00:00;2022-06-26 00:00:00;2022-05-01 00:00:00;2022-04-28 00:00:00
2022-04-28 00:00:00;SO201303;C0014;VS005;648;2022-06-02 00:00:00;2022-05-27 00:00:00;2022-05-02 00:00:00;2022-04-26 00:00:00
2022-04-28 00:00:00;SO521318;C0023;AS002;1105;2022-06-02 00:00:00;2022-06-01 00:00:00;2022-05-02 00:00:00;2022-05-01 00:00:00
2022-04-28 00:00:00;SO546274;C0013;CS003;968;2022-05-26 00:00:00;2022-05-31 00:00:00;2022-05-02 00:00:00;2022-05-07 00:00:00
2022-04-28 00:00:00;SO950108;C0015;AS005;941;2022-06-09 00:00:00;2022-06-08 00:00:00;2022-05-02 00:00:00;2022-05-01 00:00:00
2022-04-28 00:00:00;SO546274;C0013;CT003;692;2022-05-26 00:00:00;2022-05-28 00:00:00;2022-05-02 00:00:00;2022-05-04 00:00:00
2022-04-28 00:00:00;SO201303;C0014;CT001;1049;2022-06-02 00:00:00;2022-06-07 00:00:00;2022-05-02 00:00:00;2022-05-07 00:00:00
2022-04-28 00:00:00;SO546274;C0013;AS003;609;2022-05-26 00:00:00;2022-06-05 00:00:00;2022-05-02 00:00:00;2022-05-12 00:00:00
2022-04-28 00:00:00;SO521318;C0023;AS003;1309;2022-06-02 00:00:00;2022-05-25 00:00:00;2022-05-02 00:00:00;2022-04-24 00:00:00
2022-04-28 00:00:00;SO521318;C0023;VS005;643;2022-06-02 00:00:00;2022-06-12 00:00:00;2022-05-02 00:00:00;2022-05-12 00:00:00
2022-04-28 00:00:00;SO546274;C0013;CL001;1201;2022-05-26 00:00:00;2022-05-31 00:00:00;2022-05-02 00:00:00;2022-05-07 00:00:00
2022-04-28 00:00:00;SO546274;C0013;AT002;903;2022-05-26 00:00:00;2022-06-05 00:00:00;2022-05-02 00:00:00;2022-05-12 00:00:00
2022-04-28 00:00:00;SO950108;C0015;CS001;1002;2022-06-09 00:00:00;2022-05-30 00:00:00;2022-05-02 00:00:00;2022-04-22 00:00:00
2022-04-28 00:00:00;SO546274;C0013;AL002;928;2022-05-26 00:00:00;2022-05-29 00:00:00;2022-05-02 00:00:00;2022-05-05 00:00:00
2022-04-28 00:00:00;SO521318;C0023;AS001;544;2022-06-02 00:00:00;2022-06-03 00:00:00;2022-05-02 00:00:00;2022-05-03 00:00:00
2022-04-29 00:00:00;SO752026;C0001;AT002;1032;2022-05-27 00:00:00;2022-06-01 00:00:00;2022-05-01 00:00:00;2022-05-06 00:00:00
2022-04-29 00:00:00;SO655651;C0013;CS003;346;2022-05-27 00:00:00;2022-06-03 00:00:00;2022-05-03 00:00:00;2022-05-10 00:00:00
2022-04-29 00:00:00;SO351631;C0009;CT001;397;2022-05-13 00:00:00;2022-05-22 00:00:00;2022-05-02 00:00:00;2022-05-11 00:00:00
2022-04-29 00:00:00;SO655651;C0013;AS003;651;2022-05-27 00:00:00;2022-05-27 00:00:00;2022-05-03 00:00:00;2022-05-03 00:00:00
2022-04-29 00:00:00;SO655651;C0013;CL001;1045;2022-05-27 00:00:00;2022-05-20 00:00:00;2022-05-03 00:00:00;2022-04-26 00:00:00
2022-04-29 00:00:00;SO752026;C0001;VS002;353;2022-05-27 00:00:00;2022-05-22 00:00:00;2022-05-01 00:00:00;2022-04-26 00:00:00
2022-04-29 00:00:00;SO655651;C0013;AS001;957;2022-05-27 00:00:00;2022-05-18 00:00:00;2022-05-03 00:00:00;2022-04-24 00:00:00
2022-04-29 00:00:00;SO655651;C0013;AL002;999;2022-05-27 00:00:00;2022-05-28 00:00:00;2022-05-03 00:00:00;2022-05-04 00:00:00
2022-04-29 00:00:00;SO752026;C0001;AT001;1054;2022-05-27 00:00:00;2022-05-17 00:00:00;2022-05-01 00:00:00;2022-04-21 00:00:00
2022-04-29 00:00:00;SO351631;C0009;AS001;1078;2022-05-13 00:00:00;2022-05-14 00:00:00;2022-05-02 00:00:00;2022-05-03 00:00:00
2022-04-29 00:00:00;SO752026;C0001;VS001;310;2022-05-27 00:00:00;2022-05-18 00:00:00;2022-05-01 00:00:00;2022-04-22 00:00:00
2022-04-29 00:00:00;SO655651;C0013;CT001;1028;2022-05-27 00:00:00;2022-06-06 00:00:00;2022-05-03 00:00:00;2022-05-13 00:00:00
2022-05-02 00:00:00;SO486359;C0018;AL001;1121;2022-07-04 00:00:00;2022-06-28 00:00:00;2022-05-06 00:00:00;2022-04-30 00:00:00
2022-05-02 00:00:00;SO221052;C0025;CT001;1060;2022-05-30 00:00:00;2022-06-01 00:00:00;2022-05-10 00:00:00;2022-05-12 00:00:00
2022-05-02 00:00:00;SO800309;C0016;VS001;871;2022-05-16 00:00:00;2022-05-07 00:00:00;2022-05-06 00:00:00;2022-04-27 00:00:00
2022-05-02 00:00:00;SO800309;C0016;AS005;356;2022-05-16 00:00:00;2022-05-18 00:00:00;2022-05-06 00:00:00;2022-05-08 00:00:00
2022-05-02 00:00:00;SO221052;C0025;AS001;521;2022-05-30 00:00:00;2022-05-28 00:00:00;2022-05-10 00:00:00;2022-05-08 00:00:00
2022-05-02 00:00:00;SO800309;C0016;AT001;426;2022-05-16 00:00:00;2022-05-13 00:00:00;2022-05-06 00:00:00;2022-05-03 00:00:00
2022-05-02 00:00:00;SO221052;C0025;CT002;854;2022-05-30 00:00:00;2022-06-03 00:00:00;2022-05-10 00:00:00;2022-05-14 00:00:00
2022-05-02 00:00:00;SO221052;C0025;AT002;1076;2022-05-30 00:00:00;2022-06-03 00:00:00;2022-05-10 00:00:00;2022-05-14 00:00:00
2022-05-02 00:00:00;SO221052;C0025;AL001;725;2022-05-30 00:00:00;2022-05-25 00:00:00;2022-05-10 00:00:00;2022-05-05 00:00:00
2022-05-02 00:00:00;SO486359;C0018;CS002;723;2022-07-04 00:00:00;2022-06-24 00:00:00;2022-05-06 00:00:00;2022-04-26 00:00:00
2022-05-02 00:00:00;SO486359;C0018;AS002;535;2022-07-04 00:00:00;2022-07-03 00:00:00;2022-05-06 00:00:00;2022-05-05 00:00:00
2022-05-02 00:00:00;SO800309;C0016;CT001;286;2022-05-16 00:00:00;2022-05-26 00:00:00;2022-05-06 00:00:00;2022-05-16 00:00:00
2022-05-02 00:00:00;SO221052;C0025;VS004;407;2022-05-30 00:00:00;2022-05-26 00:00:00;2022-05-10 00:00:00;2022-05-06 00:00:00
2022-05-02 00:00:00;SO221052;C0025;VS001;995;2022-05-30 00:00:00;2022-05-25 00:00:00;2022-05-10 00:00:00;2022-05-05 00:00:00
2022-05-02 00:00:00;SO800309;C0016;AS003;680;2022-05-16 00:00:00;2022-05-18 00:00:00;2022-05-06 00:00:00;2022-05-08 00:00:00
2022-05-03 00:00:00;SO726017;C0022;CL002;917;2022-06-14 00:00:00;2022-06-15 00:00:00;2022-05-07 00:00:00;2022-05-08 00:00:00
2022-05-03 00:00:00;SO717835;C0028;VS001;750;2022-05-17 00:00:00;2022-05-26 00:00:00;2022-05-11 00:00:00;2022-05-20 00:00:00
2022-05-03 00:00:00;SO523650;C0029;VS005;1013;2022-06-28 00:00:00;2022-06-21 00:00:00;2022-05-11 00:00:00;2022-05-04 00:00:00
2022-05-03 00:00:00;SO993802;C0026;AS005;787;2022-06-07 00:00:00;2022-06-04 00:00:00;2022-05-11 00:00:00;2022-05-08 00:00:00
2022-05-03 00:00:00;SO993802;C0026;CL002;286;2022-06-07 00:00:00;2022-06-10 00:00:00;2022-05-11 00:00:00;2022-05-14 00:00:00
2022-05-03 00:00:00;SO993802;C0026;CT002;552;2022-06-07 00:00:00;2022-06-17 00:00:00;2022-05-11 00:00:00;2022-05-21 00:00:00
2022-05-03 00:00:00;SO993802;C0026;AS003;817;2022-06-07 00:00:00;2022-06-17 00:00:00;2022-05-11 00:00:00;2022-05-21 00:00:00
2022-05-03 00:00:00;SO993802;C0026;VS001;288;2022-06-07 00:00:00;2022-06-07 00:00:00;2022-05-11 00:00:00;2022-05-11 00:00:00
2022-05-03 00:00:00;SO523650;C0029;CL002;520;2022-06-28 00:00:00;2022-07-04 00:00:00;2022-05-11 00:00:00;2022-05-17 00:00:00
2022-05-03 00:00:00;SO726017;C0022;AS001;450;2022-06-14 00:00:00;2022-06-05 00:00:00;2022-05-07 00:00:00;2022-04-28 00:00:00
2022-05-03 00:00:00;SO523650;C0029;AL002;333;2022-06-28 00:00:00;2022-06-21 00:00:00;2022-05-11 00:00:00;2022-05-04 00:00:00
2022-05-03 00:00:00;SO523650;C0029;AS002;1038;2022-06-28 00:00:00;2022-07-07 00:00:00;2022-05-11 00:00:00;2022-05-20 00:00:00
2022-05-03 00:00:00;SO717835;C0028;VS005;310;2022-05-17 00:00:00;2022-05-13 00:00:00;2022-05-11 00:00:00;2022-05-07 00:00:00
2022-05-03 00:00:00;SO993802;C0026;CS003;861;2022-06-07 00:00:00;2022-06-04 00:00:00;2022-05-11 00:00:00;2022-05-08 00:00:00
2022-05-03 00:00:00;SO993802;C0026;VS002;1067;2022-06-07 00:00:00;2022-05-30 00:00:00;2022-05-11 00:00:00;2022-05-03 00:00:00
2022-05-04 00:00:00;SO432527;C0012;CT002;370;2022-06-01 00:00:00;2022-05-23 00:00:00;2022-05-07 00:00:00;2022-04-28 00:00:00
2022-05-04 00:00:00;SO136386;C0017;AL001;671;2022-06-29 00:00:00;2022-06-26 00:00:00;2022-05-08 00:00:00;2022-05-05 00:00:00
2022-05-04 00:00:00;SO136386;C0017;AS001;330;2022-06-29 00:00:00;2022-06-28 00:00:00;2022-05-08 00:00:00;2022-05-07 00:00:00
2022-05-04 00:00:00;SO136386;C0017;CS002;837;2022-06-29 00:00:00;2022-06-21 00:00:00;2022-05-08 00:00:00;2022-04-30 00:00:00
2022-05-04 00:00:00;SO136386;C0017;CL001;1145;2022-06-29 00:00:00;2022-07-03 00:00:00;2022-05-08 00:00:00;2022-05-12 00:00:00
2022-05-04 00:00:00;SO432527;C0012;CL002;535;2022-06-01 00:00:00;2022-05-23 00:00:00;2022-05-07 00:00:00;2022-04-28 00:00:00
2022-05-04 00:00:00;SO136386;C0017;CT002;564;2022-06-29 00:00:00;2022-07-09 00:00:00;2022-05-08 00:00:00;2022-05-18 00:00:00
2022-05-04 00:00:00;SO136386;C0017;AT001;920;2022-06-29 00:00:00;2022-06-27 00:00:00;2022-05-08 00:00:00;2022-05-06 00:00:00
2022-05-04 00:00:00;SO432527;C0012;VS001;271;2022-06-01 00:00:00;2022-06-10 00:00:00;2022-05-07 00:00:00;2022-05-16 00:00:00
2022-05-04 00:00:00;SO136386;C0017;CS003;1111;2022-06-29 00:00:00;2022-06-21 00:00:00;2022-05-08 00:00:00;2022-04-30 00:00:00
2022-05-04 00:00:00;SO432527;C0012;VS002;651;2022-06-01 00:00:00;2022-06-03 00:00:00;2022-05-07 00:00:00;2022-05-09 00:00:00
2022-05-04 00:00:00;SO432527;C0012;VS005;1045;2022-06-01 00:00:00;2022-05-26 00:00:00;2022-05-07 00:00:00;2022-05-01 00:00:00
2022-05-04 00:00:00;SO432527;C0012;AT002;753;2022-06-01 00:00:00;2022-06-06 00:00:00;2022-05-07 00:00:00;2022-05-12 00:00:00
2022-05-05 00:00:00;SO294689;C0023;AL001;444;2022-06-09 00:00:00;2022-06-09 00:00:00;2022-05-09 00:00:00;2022-05-09 00:00:00
2022-05-05 00:00:00;SO101826;C0012;VS001;627;2022-06-02 00:00:00;2022-05-25 00:00:00;2022-05-08 00:00:00;2022-04-30 00:00:00
2022-05-05 00:00:00;SO630899;C0028;VS004;464;2022-05-19 00:00:00;2022-05-09 00:00:00;2022-05-13 00:00:00;2022-05-03 00:00:00
2022-05-05 00:00:00;SO294689;C0023;VS001;758;2022-06-09 00:00:00;2022-06-12 00:00:00;2022-05-09 00:00:00;2022-05-12 00:00:00
2022-05-05 00:00:00;SO630899;C0028;CL001;519;2022-05-19 00:00:00;2022-05-26 00:00:00;2022-05-13 00:00:00;2022-05-20 00:00:00
2022-05-05 00:00:00;SO101826;C0012;CS003;779;2022-06-02 00:00:00;2022-05-28 00:00:00;2022-05-08 00:00:00;2022-05-03 00:00:00
2022-05-05 00:00:00;SO101826;C0012;CS002;710;2022-06-02 00:00:00;2022-05-28 00:00:00;2022-05-08 00:00:00;2022-05-03 00:00:00
2022-05-05 00:00:00;SO101826;C0012;AL002;815;2022-06-02 00:00:00;2022-05-28 00:00:00;2022-05-08 00:00:00;2022-05-03 00:00:00
2022-05-05 00:00:00;SO101826;C0012;AS002;735;2022-06-02 00:00:00;2022-06-04 00:00:00;2022-05-08 00:00:00;2022-05-10 00:00:00
2022-05-05 00:00:00;SO294689;C0023;CL001;565;2022-06-09 00:00:00;2022-06-08 00:00:00;2022-05-09 00:00:00;2022-05-08 00:00:00
2022-05-05 00:00:00;SO101826;C0012;AT001;637;2022-06-02 00:00:00;2022-05-31 00:00:00;2022-05-08 00:00:00;2022-05-06 00:00:00
2022-05-05 00:00:00;SO294689;C0023;VS004;876;2022-06-09 00:00:00;2022-06-02 00:00:00;2022-05-09 00:00:00;2022-05-02 00:00:00
2022-05-05 00:00:00;SO630899;C0028;AS005;378;2022-05-19 00:00:00;2022-05-10 00:00:00;2022-05-13 00:00:00;2022-05-04 00:00:00
2022-05-05 00:00:00;SO630899;C0028;AS001;475;2022-05-19 00:00:00;2022-05-24 00:00:00;2022-05-13 00:00:00;2022-05-18 00:00:00
2022-05-06 00:00:00;SO362453;C0028;VS005;825;2022-05-20 00:00:00;2022-05-11 00:00:00;2022-05-14 00:00:00;2022-05-05 00:00:00
2022-05-06 00:00:00;SO332372;C0007;AS004;725;2022-07-08 00:00:00;2022-07-02 00:00:00;2022-05-09 00:00:00;2022-05-03 00:00:00
2022-05-06 00:00:00;SO332372;C0007;CS002;799;2022-07-08 00:00:00;2022-07-06 00:00:00;2022-05-09 00:00:00;2022-05-07 00:00:00
2022-05-06 00:00:00;SO362453;C0028;AS005;784;2022-05-20 00:00:00;2022-05-24 00:00:00;2022-05-14 00:00:00;2022-05-18 00:00:00
2022-05-06 00:00:00;SO362453;C0028;VS002;938;2022-05-20 00:00:00;2022-05-19 00:00:00;2022-05-14 00:00:00;2022-05-13 00:00:00
2022-05-06 00:00:00;SO332372;C0007;AL002;511;2022-07-08 00:00:00;2022-07-01 00:00:00;2022-05-09 00:00:00;2022-05-02 00:00:00
2022-05-06 00:00:00;SO362453;C0028;AL001;398;2022-05-20 00:00:00;2022-05-20 00:00:00;2022-05-14 00:00:00;2022-05-14 00:00:00
2022-05-06 00:00:00;SO362453;C0028;AS003;807;2022-05-20 00:00:00;2022-05-24 00:00:00;2022-05-14 00:00:00;2022-05-18 00:00:00
2022-05-06 00:00:00;SO362453;C0028;CS002;402;2022-05-20 00:00:00;2022-05-25 00:00:00;2022-05-14 00:00:00;2022-05-19 00:00:00
2022-05-06 00:00:00;SO362453;C0028;AS004;493;2022-05-20 00:00:00;2022-05-17 00:00:00;2022-05-14 00:00:00;2022-05-11 00:00:00
2022-05-06 00:00:00;SO362453;C0028;CL002;895;2022-05-20 00:00:00;2022-05-11 00:00:00;2022-05-14 00:00:00;2022-05-05 00:00:00
2022-05-06 00:00:00;SO362453;C0028;AT001;893;2022-05-20 00:00:00;2022-05-19 00:00:00;2022-05-14 00:00:00;2022-05-13 00:00:00
2022-05-06 00:00:00;SO332372;C0007;AL001;732;2022-07-08 00:00:00;2022-07-03 00:00:00;2022-05-09 00:00:00;2022-05-04 00:00:00
2022-05-09 00:00:00;SO764211;C0018;AS005;533;2022-07-11 00:00:00;2022-07-17 00:00:00;2022-05-13 00:00:00;2022-05-19 00:00:00
2022-05-09 00:00:00;SO249617;C0024;AS002;840;2022-06-06 00:00:00;2022-05-27 00:00:00;2022-05-13 00:00:00;2022-05-03 00:00:00
2022-05-09 00:00:00;SO120340;C0028;AS002;783;2022-05-23 00:00:00;2022-05-19 00:00:00;2022-05-17 00:00:00;2022-05-13 00:00:00
2022-05-09 00:00:00;SO284725;C0022;AS003;566;2022-06-20 00:00:00;2022-06-26 00:00:00;2022-05-13 00:00:00;2022-05-19 00:00:00
2022-05-09 00:00:00;SO284725;C0022;AS005;814;2022-06-20 00:00:00;2022-06-12 00:00:00;2022-05-13 00:00:00;2022-05-05 00:00:00
2022-05-09 00:00:00;SO120340;C0028;CS002;1013;2022-05-23 00:00:00;2022-05-18 00:00:00;2022-05-17 00:00:00;2022-05-12 00:00:00
2022-05-09 00:00:00;SO284725;C0022;CT001;458;2022-06-20 00:00:00;2022-06-10 00:00:00;2022-05-13 00:00:00;2022-05-03 00:00:00
2022-05-09 00:00:00;SO120340;C0028;CS003;541;2022-05-23 00:00:00;2022-05-16 00:00:00;2022-05-17 00:00:00;2022-05-10 00:00:00
2022-05-09 00:00:00;SO120340;C0028;VS005;619;2022-05-23 00:00:00;2022-05-27 00:00:00;2022-05-17 00:00:00;2022-05-21 00:00:00
2022-05-09 00:00:00;SO284725;C0022;CS003;790;2022-06-20 00:00:00;2022-06-18 00:00:00;2022-05-13 00:00:00;2022-05-11 00:00:00
2022-05-09 00:00:00;SO249617;C0024;AL001;962;2022-06-06 00:00:00;2022-06-14 00:00:00;2022-05-13 00:00:00;2022-05-21 00:00:00
2022-05-09 00:00:00;SO120340;C0028;CL002;1018;2022-05-23 00:00:00;2022-05-28 00:00:00;2022-05-17 00:00:00;2022-05-22 00:00:00
2022-05-10 00:00:00;SO891651;C0009;AS005;981;2022-05-24 00:00:00;2022-05-26 00:00:00;2022-05-13 00:00:00;2022-05-15 00:00:00
2022-05-10 00:00:00;SO767405;C0023;VS004;833;2022-06-14 00:00:00;2022-06-17 00:00:00;2022-05-14 00:00:00;2022-05-17 00:00:00
2022-05-10 00:00:00;SO627891;C0022;AS004;924;2022-06-21 00:00:00;2022-06-11 00:00:00;2022-05-14 00:00:00;2022-05-04 00:00:00
2022-05-10 00:00:00;SO141292;C0002;CT002;990;2022-06-14 00:00:00;2022-06-13 00:00:00;2022-05-12 00:00:00;2022-05-11 00:00:00
2022-05-10 00:00:00;SO767405;C0023;CL001;647;2022-06-14 00:00:00;2022-06-07 00:00:00;2022-05-14 00:00:00;2022-05-07 00:00:00
2022-05-10 00:00:00;SO141292;C0002;VS002;759;2022-06-14 00:00:00;2022-06-09 00:00:00;2022-05-12 00:00:00;2022-05-07 00:00:00
2022-05-10 00:00:00;SO627891;C0022;AS005;416;2022-06-21 00:00:00;2022-06-15 00:00:00;2022-05-14 00:00:00;2022-05-08 00:00:00
2022-05-10 00:00:00;SO141292;C0002;AS003;962;2022-06-14 00:00:00;2022-06-06 00:00:00;2022-05-12 00:00:00;2022-05-04 00:00:00
2022-05-10 00:00:00;SO627891;C0022;AS001;389;2022-06-21 00:00:00;2022-06-24 00:00:00;2022-05-14 00:00:00;2022-05-17 00:00:00
2022-05-10 00:00:00;SO767405;C0023;VS005;1056;2022-06-14 00:00:00;2022-06-23 00:00:00;2022-05-14 00:00:00;2022-05-23 00:00:00
2022-05-10 00:00:00;SO141292;C0002;CS002;598;2022-06-14 00:00:00;2022-06-23 00:00:00;2022-05-12 00:00:00;2022-05-21 00:00:00
2022-05-10 00:00:00;SO891651;C0009;AL002;551;2022-05-24 00:00:00;2022-05-30 00:00:00;2022-05-13 00:00:00;2022-05-19 00:00:00
2022-05-10 00:00:00;SO141292;C0002;AT002;871;2022-06-14 00:00:00;2022-06-05 00:00:00;2022-05-12 00:00:00;2022-05-03 00:00:00
2022-05-11 00:00:00;SO951062;C0022;AT001;943;2022-06-22 00:00:00;2022-07-01 00:00:00;2022-05-15 00:00:00;2022-05-24 00:00:00
2022-05-11 00:00:00;SO431188;C0028;AS005;975;2022-05-25 00:00:00;2022-05-25 00:00:00;2022-05-19 00:00:00;2022-05-19 00:00:00
2022-05-11 00:00:00;SO431188;C0028;CL002;1017;2022-05-25 00:00:00;2022-05-21 00:00:00;2022-05-19 00:00:00;2022-05-15 00:00:00
2022-05-11 00:00:00;SO951062;C0022;AS003;602;2022-06-22 00:00:00;2022-06-14 00:00:00;2022-05-15 00:00:00;2022-05-07 00:00:00
2022-05-11 00:00:00;SO951062;C0022;CL001;1049;2022-06-22 00:00:00;2022-06-29 00:00:00;2022-05-15 00:00:00;2022-05-22 00:00:00
2022-05-11 00:00:00;SO951062;C0022;CS002;936;2022-06-22 00:00:00;2022-06-24 00:00:00;2022-05-15 00:00:00;2022-05-17 00:00:00
2022-05-11 00:00:00;SO951062;C0022;CL002;765;2022-06-22 00:00:00;2022-06-23 00:00:00;2022-05-15 00:00:00;2022-05-16 00:00:00
2022-05-11 00:00:00;SO951062;C0022;CT002;467;2022-06-22 00:00:00;2022-06-22 00:00:00;2022-05-15 00:00:00;2022-05-15 00:00:00
2022-05-11 00:00:00;SO951062;C0022;AS002;574;2022-06-22 00:00:00;2022-06-24 00:00:00;2022-05-15 00:00:00;2022-05-17 00:00:00
2022-05-11 00:00:00;SO951062;C0022;CT001;333;2022-06-22 00:00:00;2022-06-25 00:00:00;2022-05-15 00:00:00;2022-05-18 00:00:00
2022-05-11 00:00:00;SO951062;C0022;VS002;723;2022-06-22 00:00:00;2022-06-15 00:00:00;2022-05-15 00:00:00;2022-05-08 00:00:00
2022-05-11 00:00:00;SO951062;C0022;VS005;705;2022-06-22 00:00:00;2022-06-15 00:00:00;2022-05-15 00:00:00;2022-05-08 00:00:00
2022-05-11 00:00:00;SO951062;C0022;AS001;831;2022-06-22 00:00:00;2022-06-30 00:00:00;2022-05-15 00:00:00;2022-05-23 00:00:00
2022-05-12 00:00:00;SO956381;C0012;CT002;990;2022-06-09 00:00:00;2022-06-02 00:00:00;2022-05-15 00:00:00;2022-05-08 00:00:00
2022-05-12 00:00:00;SO266865;C0029;AS004;446;2022-07-07 00:00:00;2022-06-28 00:00:00;2022-05-20 00:00:00;2022-05-11 00:00:00
2022-05-12 00:00:00;SO287172;C0006;CL002;983;2022-07-14 00:00:00;2022-07-07 00:00:00;2022-05-14 00:00:00;2022-05-07 00:00:00
2022-05-12 00:00:00;SO689014;C0019;CT002;599;2022-07-14 00:00:00;2022-07-07 00:00:00;2022-05-16 00:00:00;2022-05-09 00:00:00
2022-05-12 00:00:00;SO266865;C0029;AT002;612;2022-07-07 00:00:00;2022-07-14 00:00:00;2022-05-20 00:00:00;2022-05-27 00:00:00
2022-05-12 00:00:00;SO266865;C0029;CS003;675;2022-07-07 00:00:00;2022-07-07 00:00:00;2022-05-20 00:00:00;2022-05-20 00:00:00
2022-05-12 00:00:00;SO287172;C0006;VS005;961;2022-07-14 00:00:00;2022-07-19 00:00:00;2022-05-14 00:00:00;2022-05-19 00:00:00
2022-05-12 00:00:00;SO956381;C0012;CS002;425;2022-06-09 00:00:00;2022-06-15 00:00:00;2022-05-15 00:00:00;2022-05-21 00:00:00
2022-05-12 00:00:00;SO956381;C0012;AS004;923;2022-06-09 00:00:00;2022-06-18 00:00:00;2022-05-15 00:00:00;2022-05-24 00:00:00
2022-05-12 00:00:00;SO287172;C0006;VS004;284;2022-07-14 00:00:00;2022-07-23 00:00:00;2022-05-14 00:00:00;2022-05-23 00:00:00
2022-05-12 00:00:00;SO287172;C0006;AT001;510;2022-07-14 00:00:00;2022-07-17 00:00:00;2022-05-14 00:00:00;2022-05-17 00:00:00
2022-05-12 00:00:00;SO956381;C0012;AS005;523;2022-06-09 00:00:00;2022-06-11 00:00:00;2022-05-15 00:00:00;2022-05-17 00:00:00
2022-05-12 00:00:00;SO287172;C0006;VS002;381;2022-07-14 00:00:00;2022-07-13 00:00:00;2022-05-14 00:00:00;2022-05-13 00:00:00
2022-05-12 00:00:00;SO287172;C0006;CS003;676;2022-07-14 00:00:00;2022-07-12 00:00:00;2022-05-14 00:00:00;2022-05-12 00:00:00
2022-05-12 00:00:00;SO266865;C0029;CT002;434;2022-07-07 00:00:00;2022-07-17 00:00:00;2022-05-20 00:00:00;2022-05-30 00:00:00
2022-05-12 00:00:00;SO266865;C0029;AS002;425;2022-07-07 00:00:00;2022-07-06 00:00:00;2022-05-20 00:00:00;2022-05-19 00:00:00
2022-05-12 00:00:00;SO266865;C0029;AL002;1035;2022-07-07 00:00:00;2022-07-08 00:00:00;2022-05-20 00:00:00;2022-05-21 00:00:00
2022-05-13 00:00:00;SO961017;C0010;AS002;1208;2022-06-24 00:00:00;2022-06-29 00:00:00;2022-05-16 00:00:00;2022-05-21 00:00:00
2022-05-13 00:00:00;SO575656;C0004;CS003;949;2022-05-27 00:00:00;2022-05-20 00:00:00;2022-05-15 00:00:00;2022-05-08 00:00:00
2022-05-13 00:00:00;SO918869;C0012;AT001;445;2022-06-10 00:00:00;2022-06-04 00:00:00;2022-05-16 00:00:00;2022-05-10 00:00:00
2022-05-13 00:00:00;SO216304;C0001;AS002;954;2022-06-10 00:00:00;2022-06-04 00:00:00;2022-05-15 00:00:00;2022-05-09 00:00:00
2022-05-13 00:00:00;SO575656;C0004;VS004;942;2022-05-27 00:00:00;2022-05-30 00:00:00;2022-05-15 00:00:00;2022-05-18 00:00:00
2022-05-13 00:00:00;SO216304;C0001;CL001;938;2022-06-10 00:00:00;2022-06-20 00:00:00;2022-05-15 00:00:00;2022-05-25 00:00:00
2022-05-13 00:00:00;SO961017;C0010;AT002;531;2022-06-24 00:00:00;2022-06-22 00:00:00;2022-05-16 00:00:00;2022-05-14 00:00:00
2022-05-13 00:00:00;SO216304;C0001;VS001;853;2022-06-10 00:00:00;2022-05-31 00:00:00;2022-05-15 00:00:00;2022-05-05 00:00:00
2022-05-13 00:00:00;SO216304;C0001;AT001;869;2022-06-10 00:00:00;2022-06-19 00:00:00;2022-05-15 00:00:00;2022-05-24 00:00:00
2022-05-13 00:00:00;SO575656;C0004;VS001;580;2022-05-27 00:00:00;2022-05-18 00:00:00;2022-05-15 00:00:00;2022-05-06 00:00:00
2022-05-13 00:00:00;SO961017;C0010;CL002;473;2022-06-24 00:00:00;2022-07-04 00:00:00;2022-05-16 00:00:00;2022-05-26 00:00:00
2022-05-13 00:00:00;SO918869;C0012;VS005;1022;2022-06-10 00:00:00;2022-06-03 00:00:00;2022-05-16 00:00:00;2022-05-09 00:00:00
2022-05-13 00:00:00;SO216304;C0001;AS003;1065;2022-06-10 00:00:00;2022-06-19 00:00:00;2022-05-15 00:00:00;2022-05-24 00:00:00
2022-05-16 00:00:00;SO256049;C0026;AL002;817;2022-06-20 00:00:00;2022-06-17 00:00:00;2022-05-24 00:00:00;2022-05-21 00:00:00
2022-05-16 00:00:00;SO437944;C0002;CS003;699;2022-06-20 00:00:00;2022-06-27 00:00:00;2022-05-18 00:00:00;2022-05-25 00:00:00
2022-05-16 00:00:00;SO673967;C0011;VS004;917;2022-06-20 00:00:00;2022-06-15 00:00:00;2022-05-19 00:00:00;2022-05-14 00:00:00
2022-05-16 00:00:00;SO871525;C0014;AS002;878;2022-06-20 00:00:00;2022-06-26 00:00:00;2022-05-20 00:00:00;2022-05-26 00:00:00
2022-05-16 00:00:00;SO871525;C0014;CL001;565;2022-06-20 00:00:00;2022-06-29 00:00:00;2022-05-20 00:00:00;2022-05-29 00:00:00
2022-05-16 00:00:00;SO256049;C0026;AT001;294;2022-06-20 00:00:00;2022-06-22 00:00:00;2022-05-24 00:00:00;2022-05-26 00:00:00
2022-05-16 00:00:00;SO871525;C0014;VS004;619;2022-06-20 00:00:00;2022-06-30 00:00:00;2022-05-20 00:00:00;2022-05-30 00:00:00
2022-05-16 00:00:00;SO437944;C0002;AL002;1040;2022-06-20 00:00:00;2022-06-26 00:00:00;2022-05-18 00:00:00;2022-05-24 00:00:00
2022-05-16 00:00:00;SO256049;C0026;AS002;438;2022-06-20 00:00:00;2022-06-13 00:00:00;2022-05-24 00:00:00;2022-05-17 00:00:00
2022-05-16 00:00:00;SO673967;C0011;CS003;349;2022-06-20 00:00:00;2022-06-11 00:00:00;2022-05-19 00:00:00;2022-05-10 00:00:00
2022-05-16 00:00:00;SO256049;C0026;CS003;1031;2022-06-20 00:00:00;2022-06-21 00:00:00;2022-05-24 00:00:00;2022-05-25 00:00:00
2022-05-16 00:00:00;SO871525;C0014;VS005;1029;2022-06-20 00:00:00;2022-06-18 00:00:00;2022-05-20 00:00:00;2022-05-18 00:00:00
2022-05-16 00:00:00;SO256049;C0026;CS002;455;2022-06-20 00:00:00;2022-06-26 00:00:00;2022-05-24 00:00:00;2022-05-30 00:00:00
2022-05-16 00:00:00;SO256049;C0026;AS003;1149;2022-06-20 00:00:00;2022-06-12 00:00:00;2022-05-24 00:00:00;2022-05-16 00:00:00
2022-05-16 00:00:00;SO437944;C0002;CT001;931;2022-06-20 00:00:00;2022-06-20 00:00:00;2022-05-18 00:00:00;2022-05-18 00:00:00
2022-05-16 00:00:00;SO437944;C0002;AT002;646;2022-06-20 00:00:00;2022-06-23 00:00:00;2022-05-18 00:00:00;2022-05-21 00:00:00
2022-05-16 00:00:00;SO256049;C0026;VS004;854;2022-06-20 00:00:00;2022-06-18 00:00:00;2022-05-24 00:00:00;2022-05-22 00:00:00
2022-05-17 00:00:00;SO793730;C0025;VS001;799;2022-06-14 00:00:00;2022-06-05 00:00:00;2022-05-25 00:00:00;2022-05-16 00:00:00
2022-05-17 00:00:00;SO640386;C0020;AS002;997;2022-07-12 00:00:00;2022-07-22 00:00:00;2022-05-21 00:00:00;2022-05-31 00:00:00
2022-05-17 00:00:00;SO103533;C0021;CT001;521;2022-05-31 00:00:00;2022-06-02 00:00:00;2022-05-21 00:00:00;2022-05-23 00:00:00
2022-05-17 00:00:00;SO103533;C0021;AS001;456;2022-05-31 00:00:00;2022-05-31 00:00:00;2022-05-21 00:00:00;2022-05-21 00:00:00
2022-05-17 00:00:00;SO103533;C0021;AT001;1298;2022-05-31 00:00:00;2022-06-01 00:00:00;2022-05-21 00:00:00;2022-05-22 00:00:00
2022-05-17 00:00:00;SO793730;C0025;CL002;1081;2022-06-14 00:00:00;2022-06-09 00:00:00;2022-05-25 00:00:00;2022-05-20 00:00:00
2022-05-17 00:00:00;SO103533;C0021;CL001;310;2022-05-31 00:00:00;2022-06-02 00:00:00;2022-05-21 00:00:00;2022-05-23 00:00:00
2022-05-17 00:00:00;SO640386;C0020;CS002;426;2022-07-12 00:00:00;2022-07-05 00:00:00;2022-05-21 00:00:00;2022-05-14 00:00:00
2022-05-17 00:00:00;SO103533;C0021;AS002;565;2022-05-31 00:00:00;2022-06-01 00:00:00;2022-05-21 00:00:00;2022-05-22 00:00:00
2022-05-17 00:00:00;SO793730;C0025;VS002;1013;2022-06-14 00:00:00;2022-06-12 00:00:00;2022-05-25 00:00:00;2022-05-23 00:00:00
2022-05-17 00:00:00;SO103533;C0021;AL001;396;2022-05-31 00:00:00;2022-06-02 00:00:00;2022-05-21 00:00:00;2022-05-23 00:00:00
2022-05-17 00:00:00;SO640386;C0020;AS003;951;2022-07-12 00:00:00;2022-07-03 00:00:00;2022-05-21 00:00:00;2022-05-12 00:00:00
2022-05-17 00:00:00;SO793730;C0025;AT002;356;2022-06-14 00:00:00;2022-06-08 00:00:00;2022-05-25 00:00:00;2022-05-19 00:00:00
2022-05-17 00:00:00;SO103533;C0021;VS001;948;2022-05-31 00:00:00;2022-05-28 00:00:00;2022-05-21 00:00:00;2022-05-18 00:00:00
2022-05-17 00:00:00;SO640386;C0020;AL002;560;2022-07-12 00:00:00;2022-07-20 00:00:00;2022-05-21 00:00:00;2022-05-29 00:00:00
2022-05-18 00:00:00;SO819261;C0027;CL002;321;2022-06-29 00:00:00;2022-06-30 00:00:00;2022-05-26 00:00:00;2022-05-27 00:00:00
2022-05-18 00:00:00;SO593203;C0019;VS002;540;2022-07-20 00:00:00;2022-07-23 00:00:00;2022-05-22 00:00:00;2022-05-25 00:00:00
2022-05-18 00:00:00;SO479490;C0011;VS005;872;2022-06-22 00:00:00;2022-06-15 00:00:00;2022-05-21 00:00:00;2022-05-14 00:00:00
2022-05-18 00:00:00;SO819261;C0027;AS005;1005;2022-06-29 00:00:00;2022-07-02 00:00:00;2022-05-26 00:00:00;2022-05-29 00:00:00
2022-05-18 00:00:00;SO479490;C0011;CS002;416;2022-06-22 00:00:00;2022-06-15 00:00:00;2022-05-21 00:00:00;2022-05-14 00:00:00
2022-05-18 00:00:00;SO593203;C0019;CS003;363;2022-07-20 00:00:00;2022-07-22 00:00:00;2022-05-22 00:00:00;2022-05-24 00:00:00
2022-05-18 00:00:00;SO479490;C0011;AS003;717;2022-06-22 00:00:00;2022-06-28 00:00:00;2022-05-21 00:00:00;2022-05-27 00:00:00
2022-05-18 00:00:00;SO593203;C0019;VS004;593;2022-07-20 00:00:00;2022-07-21 00:00:00;2022-05-22 00:00:00;2022-05-23 00:00:00
2022-05-18 00:00:00;SO819261;C0027;VS005;1051;2022-06-29 00:00:00;2022-07-06 00:00:00;2022-05-26 00:00:00;2022-06-02 00:00:00
2022-05-18 00:00:00;SO479490;C0011;AT002;466;2022-06-22 00:00:00;2022-06-29 00:00:00;2022-05-21 00:00:00;2022-05-28 00:00:00
2022-05-18 00:00:00;SO593203;C0019;AS004;540;2022-07-20 00:00:00;2022-07-29 00:00:00;2022-05-22 00:00:00;2022-05-31 00:00:00
2022-05-18 00:00:00;SO819261;C0027;AS002;1086;2022-06-29 00:00:00;2022-06-20 00:00:00;2022-05-26 00:00:00;2022-05-17 00:00:00
2022-05-18 00:00:00;SO593203;C0019;AL002;670;2022-07-20 00:00:00;2022-07-27 00:00:00;2022-05-22 00:00:00;2022-05-29 00:00:00
2022-05-18 00:00:00;SO593203;C0019;CS002;600;2022-07-20 00:00:00;2022-07-24 00:00:00;2022-05-22 00:00:00;2022-05-26 00:00:00
2022-05-18 00:00:00;SO819261;C0027;AS003;964;2022-06-29 00:00:00;2022-06-28 00:00:00;2022-05-26 00:00:00;2022-05-25 00:00:00
2022-05-18 00:00:00;SO819261;C0027;CS003;748;2022-06-29 00:00:00;2022-07-06 00:00:00;2022-05-26 00:00:00;2022-06-02 00:00:00
2022-05-18 00:00:00;SO593203;C0019;AL001;944;2022-07-20 00:00:00;2022-07-29 00:00:00;2022-05-22 00:00:00;2022-05-31 00:00:00
2022-05-18 00:00:00;SO819261;C0027;CT002;889;2022-06-29 00:00:00;2022-06-24 00:00:00;2022-05-26 00:00:00;2022-05-21 00:00:00
2022-05-18 00:00:00;SO593203;C0019;AS001;1148;2022-07-20 00:00:00;2022-07-16 00:00:00;2022-05-22 00:00:00;2022-05-18 00:00:00
2022-05-19 00:00:00;SO541484;C0028;AT001;814;2022-06-02 00:00:00;2022-06-02 00:00:00;2022-05-27 00:00:00;2022-05-27 00:00:00
2022-05-19 00:00:00;SO384049;C0001;VS004;815;2022-06-16 00:00:00;2022-06-12 00:00:00;2022-05-21 00:00:00;2022-05-17 00:00:00
2022-05-19 00:00:00;SO384049;C0001;VS002;1053;2022-06-16 00:00:00;2022-06-18 00:00:00;2022-05-21 00:00:00;2022-05-23 00:00:00
2022-05-19 00:00:00;SO541484;C0028;AT002;341;2022-06-02 00:00:00;2022-05-23 00:00:00;2022-05-27 00:00:00;2022-05-17 00:00:00
2022-05-19 00:00:00;SO541484;C0028;AS003;1024;2022-06-02 00:00:00;2022-05-25 00:00:00;2022-05-27 00:00:00;2022-05-19 00:00:00
2022-05-19 00:00:00;SO541484;C0028;VS001;828;2022-06-02 00:00:00;2022-05-27 00:00:00;2022-05-27 00:00:00;2022-05-21 00:00:00
2022-05-19 00:00:00;SO541484;C0028;CT002;264;2022-06-02 00:00:00;2022-05-27 00:00:00;2022-05-27 00:00:00;2022-05-21 00:00:00
2022-05-19 00:00:00;SO541484;C0028;CS002;349;2022-06-02 00:00:00;2022-06-08 00:00:00;2022-05-27 00:00:00;2022-06-02 00:00:00
2022-05-19 00:00:00;SO541484;C0028;AS005;443;2022-06-02 00:00:00;2022-05-25 00:00:00;2022-05-27 00:00:00;2022-05-19 00:00:00
2022-05-19 00:00:00;SO384049;C0001;AS005;744;2022-06-16 00:00:00;2022-06-19 00:00:00;2022-05-21 00:00:00;2022-05-24 00:00:00
2022-05-19 00:00:00;SO541484;C0028;AS004;745;2022-06-02 00:00:00;2022-05-23 00:00:00;2022-05-27 00:00:00;2022-05-17 00:00:00
2022-05-19 00:00:00;SO541484;C0028;AS001;772;2022-06-02 00:00:00;2022-05-28 00:00:00;2022-05-27 00:00:00;2022-05-22 00:00:00
2022-05-19 00:00:00;SO541484;C0028;AL001;531;2022-06-02 00:00:00;2022-06-11 00:00:00;2022-05-27 00:00:00;2022-06-05 00:00:00
2022-05-19 00:00:00;SO384049;C0001;AS004;830;2022-06-16 00:00:00;2022-06-10 00:00:00;2022-05-21 00:00:00;2022-05-15 00:00:00
2022-05-19 00:00:00;SO541484;C0028;AL002;560;2022-06-02 00:00:00;2022-06-01 00:00:00;2022-05-27 00:00:00;2022-05-26 00:00:00
2022-05-20 00:00:00;SO276360;C0018;AS004;922;2022-07-22 00:00:00;2022-07-23 00:00:00;2022-05-24 00:00:00;2022-05-25 00:00:00
2022-05-20 00:00:00;SO951781;C0023;AL001;435;2022-06-24 00:00:00;2022-07-04 00:00:00;2022-05-24 00:00:00;2022-06-03 00:00:00
2022-05-20 00:00:00;SO276360;C0018;CT002;1154;2022-07-22 00:00:00;2022-07-24 00:00:00;2022-05-24 00:00:00;2022-05-26 00:00:00
2022-05-20 00:00:00;SO276360;C0018;VS004;908;2022-07-22 00:00:00;2022-08-01 00:00:00;2022-05-24 00:00:00;2022-06-03 00:00:00
2022-05-20 00:00:00;SO276360;C0018;AS005;354;2022-07-22 00:00:00;2022-07-17 00:00:00;2022-05-24 00:00:00;2022-05-19 00:00:00
2022-05-20 00:00:00;SO951781;C0023;AS002;647;2022-06-24 00:00:00;2022-06-17 00:00:00;2022-05-24 00:00:00;2022-05-17 00:00:00
2022-05-20 00:00:00;SO276360;C0018;VS005;462;2022-07-22 00:00:00;2022-07-27 00:00:00;2022-05-24 00:00:00;2022-05-29 00:00:00
2022-05-20 00:00:00;SO951781;C0023;VS002;1008;2022-06-24 00:00:00;2022-06-30 00:00:00;2022-05-24 00:00:00;2022-05-30 00:00:00
2022-05-20 00:00:00;SO951781;C0023;AS004;876;2022-06-24 00:00:00;2022-06-19 00:00:00;2022-05-24 00:00:00;2022-05-19 00:00:00
2022-05-20 00:00:00;SO951781;C0023;AS003;293;2022-06-24 00:00:00;2022-06-14 00:00:00;2022-05-24 00:00:00;2022-05-14 00:00:00
2022-05-20 00:00:00;SO276360;C0018;CS002;970;2022-07-22 00:00:00;2022-07-13 00:00:00;2022-05-24 00:00:00;2022-05-15 00:00:00
2022-05-20 00:00:00;SO276360;C0018;CS003;833;2022-07-22 00:00:00;2022-07-21 00:00:00;2022-05-24 00:00:00;2022-05-23 00:00:00
2022-05-23 00:00:00;SO618156;C0018;CS003;971;2022-07-25 00:00:00;2022-07-30 00:00:00;2022-05-27 00:00:00;2022-06-01 00:00:00
2022-05-23 00:00:00;SO979488;C0021;AL001;824;2022-06-06 00:00:00;2022-06-09 00:00:00;2022-05-27 00:00:00;2022-05-30 00:00:00
2022-05-23 00:00:00;SO648278;C0001;CS003;1159;2022-06-20 00:00:00;2022-06-26 00:00:00;2022-05-25 00:00:00;2022-05-31 00:00:00
2022-05-23 00:00:00;SO245267;C0010;VS004;903;2022-07-04 00:00:00;2022-06-27 00:00:00;2022-05-26 00:00:00;2022-05-19 00:00:00
2022-05-23 00:00:00;SO618156;C0018;AS002;1018;2022-07-25 00:00:00;2022-07-29 00:00:00;2022-05-27 00:00:00;2022-05-31 00:00:00
2022-05-23 00:00:00;SO245267;C0010;AT002;748;2022-07-04 00:00:00;2022-07-05 00:00:00;2022-05-26 00:00:00;2022-05-27 00:00:00
2022-05-23 00:00:00;SO979488;C0021;VS002;824;2022-06-06 00:00:00;2022-06-01 00:00:00;2022-05-27 00:00:00;2022-05-22 00:00:00
2022-05-23 00:00:00;SO648278;C0001;AS003;588;2022-06-20 00:00:00;2022-06-24 00:00:00;2022-05-25 00:00:00;2022-05-29 00:00:00
2022-05-23 00:00:00;SO618156;C0018;CL001;398;2022-07-25 00:00:00;2022-07-26 00:00:00;2022-05-27 00:00:00;2022-05-28 00:00:00
2022-05-23 00:00:00;SO648278;C0001;CL001;576;2022-06-20 00:00:00;2022-06-12 00:00:00;2022-05-25 00:00:00;2022-05-17 00:00:00
2022-05-23 00:00:00;SO618156;C0018;VS002;832;2022-07-25 00:00:00;2022-08-01 00:00:00;2022-05-27 00:00:00;2022-06-03 00:00:00
2022-05-23 00:00:00;SO979488;C0021;AS004;905;2022-06-06 00:00:00;2022-06-10 00:00:00;2022-05-27 00:00:00;2022-05-31 00:00:00
2022-05-23 00:00:00;SO979488;C0021;VS004;329;2022-06-06 00:00:00;2022-06-02 00:00:00;2022-05-27 00:00:00;2022-05-23 00:00:00
2022-05-23 00:00:00;SO618156;C0018;AT001;1087;2022-07-25 00:00:00;2022-07-20 00:00:00;2022-05-27 00:00:00;2022-05-22 00:00:00
2022-05-23 00:00:00;SO245267;C0010;AL002;396;2022-07-04 00:00:00;2022-06-27 00:00:00;2022-05-26 00:00:00;2022-05-19 00:00:00
2022-05-23 00:00:00;SO245267;C0010;CL001;888;2022-07-04 00:00:00;2022-06-27 00:00:00;2022-05-26 00:00:00;2022-05-19 00:00:00
2022-05-23 00:00:00;SO648278;C0001;AS002;422;2022-06-20 00:00:00;2022-06-22 00:00:00;2022-05-25 00:00:00;2022-05-27 00:00:00
2022-05-23 00:00:00;SO618156;C0018;AS005;393;2022-07-25 00:00:00;2022-07-29 00:00:00;2022-05-27 00:00:00;2022-05-31 00:00:00
2022-05-24 00:00:00;SO174817;C0029;VS001;662;2022-07-19 00:00:00;2022-07-18 00:00:00;2022-06-01 00:00:00;2022-05-31 00:00:00
2022-05-24 00:00:00;SO133123;C0026;CL001;893;2022-06-28 00:00:00;2022-07-02 00:00:00;2022-06-01 00:00:00;2022-06-05 00:00:00
2022-05-24 00:00:00;SO819001;C0017;VS004;883;2022-07-19 00:00:00;2022-07-10 00:00:00;2022-05-28 00:00:00;2022-05-19 00:00:00
2022-05-24 00:00:00;SO755651;C0013;AS001;494;2022-06-21 00:00:00;2022-06-19 00:00:00;2022-05-28 00:00:00;2022-05-26 00:00:00
2022-05-24 00:00:00;SO133123;C0026;CS003;1145;2022-06-28 00:00:00;2022-06-18 00:00:00;2022-06-01 00:00:00;2022-05-22 00:00:00
2022-05-24 00:00:00;SO174817;C0029;CT002;779;2022-07-19 00:00:00;2022-07-19 00:00:00;2022-06-01 00:00:00;2022-06-01 00:00:00
2022-05-24 00:00:00;SO819001;C0017;AS003;444;2022-07-19 00:00:00;2022-07-09 00:00:00;2022-05-28 00:00:00;2022-05-18 00:00:00
2022-05-24 00:00:00;SO755651;C0013;CS003;492;2022-06-21 00:00:00;2022-06-24 00:00:00;2022-05-28 00:00:00;2022-05-31 00:00:00
2022-05-24 00:00:00;SO755651;C0013;AS002;400;2022-06-21 00:00:00;2022-06-16 00:00:00;2022-05-28 00:00:00;2022-05-23 00:00:00
2022-05-24 00:00:00;SO819001;C0017;AS005;934;2022-07-19 00:00:00;2022-07-16 00:00:00;2022-05-28 00:00:00;2022-05-25 00:00:00
2022-05-24 00:00:00;SO174817;C0029;VS002;344;2022-07-19 00:00:00;2022-07-11 00:00:00;2022-06-01 00:00:00;2022-05-24 00:00:00
2022-05-24 00:00:00;SO819001;C0017;VS005;1204;2022-07-19 00:00:00;2022-07-19 00:00:00;2022-05-28 00:00:00;2022-05-28 00:00:00
2022-05-24 00:00:00;SO819001;C0017;AS002;804;2022-07-19 00:00:00;2022-07-12 00:00:00;2022-05-28 00:00:00;2022-05-21 00:00:00
2022-05-24 00:00:00;SO755651;C0013;AT002;1106;2022-06-21 00:00:00;2022-06-17 00:00:00;2022-05-28 00:00:00;2022-05-24 00:00:00
2022-05-24 00:00:00;SO755651;C0013;VS005;678;2022-06-21 00:00:00;2022-06-19 00:00:00;2022-05-28 00:00:00;2022-05-26 00:00:00
2022-05-25 00:00:00;SO704250;C0008;AS001;853;2022-07-20 00:00:00;2022-07-22 00:00:00;2022-05-28 00:00:00;2022-05-30 00:00:00
2022-05-25 00:00:00;SO862081;C0004;CL002;755;2022-06-08 00:00:00;2022-06-16 00:00:00;2022-05-27 00:00:00;2022-06-04 00:00:00
2022-05-25 00:00:00;SO862081;C0004;CS003;487;2022-06-08 00:00:00;2022-06-09 00:00:00;2022-05-27 00:00:00;2022-05-28 00:00:00
2022-05-25 00:00:00;SO704250;C0008;AS003;664;2022-07-20 00:00:00;2022-07-21 00:00:00;2022-05-28 00:00:00;2022-05-29 00:00:00
2022-05-25 00:00:00;SO862081;C0004;CT002;1011;2022-06-08 00:00:00;2022-06-05 00:00:00;2022-05-27 00:00:00;2022-05-24 00:00:00
2022-05-25 00:00:00;SO704250;C0008;VS004;902;2022-07-20 00:00:00;2022-07-23 00:00:00;2022-05-28 00:00:00;2022-05-31 00:00:00
2022-05-25 00:00:00;SO704250;C0008;CL001;1233;2022-07-20 00:00:00;2022-07-15 00:00:00;2022-05-28 00:00:00;2022-05-23 00:00:00
2022-05-25 00:00:00;SO704250;C0008;AS004;751;2022-07-20 00:00:00;2022-07-19 00:00:00;2022-05-28 00:00:00;2022-05-27 00:00:00
2022-05-25 00:00:00;SO704250;C0008;VS001;575;2022-07-20 00:00:00;2022-07-30 00:00:00;2022-05-28 00:00:00;2022-06-07 00:00:00
2022-05-25 00:00:00;SO704250;C0008;AL002;598;2022-07-20 00:00:00;2022-07-16 00:00:00;2022-05-28 00:00:00;2022-05-24 00:00:00
2022-05-25 00:00:00;SO704250;C0008;CS002;470;2022-07-20 00:00:00;2022-07-22 00:00:00;2022-05-28 00:00:00;2022-05-30 00:00:00
2022-05-25 00:00:00;SO704250;C0008;AT001;1105;2022-07-20 00:00:00;2022-07-14 00:00:00;2022-05-28 00:00:00;2022-05-22 00:00:00
2022-05-25 00:00:00;SO862081;C0004;CT001;883;2022-06-08 00:00:00;2022-06-04 00:00:00;2022-05-27 00:00:00;2022-05-23 00:00:00
2022-05-25 00:00:00;SO862081;C0004;AS003;491;2022-06-08 00:00:00;2022-06-15 00:00:00;2022-05-27 00:00:00;2022-06-03 00:00:00
2022-05-25 00:00:00;SO704250;C0008;CL002;723;2022-07-20 00:00:00;2022-07-18 00:00:00;2022-05-28 00:00:00;2022-05-26 00:00:00
2022-05-25 00:00:00;SO704250;C0008;CS003;778;2022-07-20 00:00:00;2022-07-30 00:00:00;2022-05-28 00:00:00;2022-06-07 00:00:00
2022-05-25 00:00:00;SO862081;C0004;AS001;824;2022-06-08 00:00:00;2022-06-05 00:00:00;2022-05-27 00:00:00;2022-05-24 00:00:00
2022-05-25 00:00:00;SO704250;C0008;AL001;589;2022-07-20 00:00:00;2022-07-22 00:00:00;2022-05-28 00:00:00;2022-05-30 00:00:00
2022-05-25 00:00:00;SO862081;C0004;AS002;689;2022-06-08 00:00:00;2022-06-06 00:00:00;2022-05-27 00:00:00;2022-05-25 00:00:00
2022-05-26 00:00:00;SO448284;C0014;AS001;783;2022-06-30 00:00:00;2022-07-05 00:00:00;2022-05-30 00:00:00;2022-06-04 00:00:00
2022-05-26 00:00:00;SO596481;C0001;VS005;1207;2022-06-23 00:00:00;2022-06-25 00:00:00;2022-05-28 00:00:00;2022-05-30 00:00:00
2022-05-26 00:00:00;SO596481;C0001;CS003;862;2022-06-23 00:00:00;2022-06-16 00:00:00;2022-05-28 00:00:00;2022-05-21 00:00:00
2022-05-26 00:00:00;SO596481;C0001;VS002;301;2022-06-23 00:00:00;2022-06-25 00:00:00;2022-05-28 00:00:00;2022-05-30 00:00:00
2022-05-26 00:00:00;SO596481;C0001;AL001;483;2022-06-23 00:00:00;2022-06-30 00:00:00;2022-05-28 00:00:00;2022-06-04 00:00:00
2022-05-26 00:00:00;SO596481;C0001;CL001;409;2022-06-23 00:00:00;2022-06-21 00:00:00;2022-05-28 00:00:00;2022-05-26 00:00:00
2022-05-26 00:00:00;SO448284;C0014;AS002;493;2022-06-30 00:00:00;2022-07-01 00:00:00;2022-05-30 00:00:00;2022-05-31 00:00:00
2022-05-26 00:00:00;SO448284;C0014;CT001;1182;2022-06-30 00:00:00;2022-06-22 00:00:00;2022-05-30 00:00:00;2022-05-22 00:00:00
2022-05-26 00:00:00;SO448284;C0014;AT002;390;2022-06-30 00:00:00;2022-06-23 00:00:00;2022-05-30 00:00:00;2022-05-23 00:00:00
2022-05-26 00:00:00;SO596481;C0001;AT002;545;2022-06-23 00:00:00;2022-06-24 00:00:00;2022-05-28 00:00:00;2022-05-29 00:00:00
2022-05-26 00:00:00;SO596481;C0001;AL002;294;2022-06-23 00:00:00;2022-06-26 00:00:00;2022-05-28 00:00:00;2022-05-31 00:00:00
2022-05-26 00:00:00;SO596481;C0001;AS001;658;2022-06-23 00:00:00;2022-06-15 00:00:00;2022-05-28 00:00:00;2022-05-20 00:00:00
2022-05-27 00:00:00;SO382567;C0018;VS001;715;2022-07-29 00:00:00;2022-07-26 00:00:00;2022-05-31 00:00:00;2022-05-28 00:00:00
2022-05-27 00:00:00;SO342062;C0007;AL001;1042;2022-07-29 00:00:00;2022-08-08 00:00:00;2022-05-30 00:00:00;2022-06-09 00:00:00
2022-05-27 00:00:00;SO382567;C0018;VS004;873;2022-07-29 00:00:00;2022-08-02 00:00:00;2022-05-31 00:00:00;2022-06-04 00:00:00
2022-05-27 00:00:00;SO342062;C0007;AS004;984;2022-07-29 00:00:00;2022-07-29 00:00:00;2022-05-30 00:00:00;2022-05-30 00:00:00
2022-05-27 00:00:00;SO342062;C0007;AS003;950;2022-07-29 00:00:00;2022-07-20 00:00:00;2022-05-30 00:00:00;2022-05-21 00:00:00
2022-05-27 00:00:00;SO342062;C0007;AS002;1115;2022-07-29 00:00:00;2022-08-08 00:00:00;2022-05-30 00:00:00;2022-06-09 00:00:00
2022-05-27 00:00:00;SO382567;C0018;AT002;971;2022-07-29 00:00:00;2022-07-25 00:00:00;2022-05-31 00:00:00;2022-05-27 00:00:00
2022-05-27 00:00:00;SO342062;C0007;AL002;879;2022-07-29 00:00:00;2022-08-08 00:00:00;2022-05-30 00:00:00;2022-06-09 00:00:00
2022-05-27 00:00:00;SO342062;C0007;CS003;460;2022-07-29 00:00:00;2022-07-27 00:00:00;2022-05-30 00:00:00;2022-05-28 00:00:00
2022-05-27 00:00:00;SO382567;C0018;AS005;575;2022-07-29 00:00:00;2022-08-02 00:00:00;2022-05-31 00:00:00;2022-06-04 00:00:00
2022-05-27 00:00:00;SO342062;C0007;VS002;497;2022-07-29 00:00:00;2022-07-23 00:00:00;2022-05-30 00:00:00;2022-05-24 00:00:00
2022-05-27 00:00:00;SO382567;C0018;CS003;1096;2022-07-29 00:00:00;2022-07-29 00:00:00;2022-05-31 00:00:00;2022-05-31 00:00:00
2022-05-27 00:00:00;SO342062;C0007;AS001;779;2022-07-29 00:00:00;2022-08-04 00:00:00;2022-05-30 00:00:00;2022-06-05 00:00:00
2022-05-30 00:00:00;SO402830;C0001;AS005;964;2022-06-27 00:00:00;2022-07-01 00:00:00;2022-06-01 00:00:00;2022-06-05 00:00:00
2022-05-30 00:00:00;SO515287;C0002;AT002;995;2022-07-04 00:00:00;2022-07-11 00:00:00;2022-06-01 00:00:00;2022-06-08 00:00:00
2022-05-30 00:00:00;SO411568;C0019;AT002;1331;2022-08-01 00:00:00;2022-08-05 00:00:00;2022-06-03 00:00:00;2022-06-07 00:00:00
2022-05-30 00:00:00;SO411568;C0019;AS004;506;2022-08-01 00:00:00;2022-08-10 00:00:00;2022-06-03 00:00:00;2022-06-12 00:00:00
2022-05-30 00:00:00;SO515287;C0002;CT001;493;2022-07-04 00:00:00;2022-06-26 00:00:00;2022-06-01 00:00:00;2022-05-24 00:00:00
2022-05-30 00:00:00;SO515287;C0002;AS003;1114;2022-07-04 00:00:00;2022-06-30 00:00:00;2022-06-01 00:00:00;2022-05-28 00:00:00
2022-05-30 00:00:00;SO411568;C0019;VS002;710;2022-08-01 00:00:00;2022-07-22 00:00:00;2022-06-03 00:00:00;2022-05-24 00:00:00
2022-05-30 00:00:00;SO402830;C0001;CT001;1013;2022-06-27 00:00:00;2022-06-29 00:00:00;2022-06-01 00:00:00;2022-06-03 00:00:00
2022-05-30 00:00:00;SO402830;C0001;CL002;964;2022-06-27 00:00:00;2022-06-19 00:00:00;2022-06-01 00:00:00;2022-05-24 00:00:00
2022-05-30 00:00:00;SO515287;C0002;AL002;921;2022-07-04 00:00:00;2022-07-09 00:00:00;2022-06-01 00:00:00;2022-06-06 00:00:00
2022-05-30 00:00:00;SO402830;C0001;AS004;465;2022-06-27 00:00:00;2022-07-03 00:00:00;2022-06-01 00:00:00;2022-06-07 00:00:00
2022-05-30 00:00:00;SO515287;C0002;AS001;1224;2022-07-04 00:00:00;2022-07-08 00:00:00;2022-06-01 00:00:00;2022-06-05 00:00:00
2022-05-30 00:00:00;SO402830;C0001;CS002;1120;2022-06-27 00:00:00;2022-07-04 00:00:00;2022-06-01 00:00:00;2022-06-08 00:00:00
2022-05-31 00:00:00;SO275416;C0017;CT002;974;2022-07-26 00:00:00;2022-07-24 00:00:00;2022-06-04 00:00:00;2022-06-02 00:00:00
2022-05-31 00:00:00;SO312518;C0026;CL001;450;2022-07-05 00:00:00;2022-07-01 00:00:00;2022-06-08 00:00:00;2022-06-04 00:00:00
2022-05-31 00:00:00;SO340059;C0025;CT002;380;2022-06-28 00:00:00;2022-07-04 00:00:00;2022-06-08 00:00:00;2022-06-14 00:00:00
2022-05-31 00:00:00;SO275416;C0017;VS002;675;2022-07-26 00:00:00;2022-07-29 00:00:00;2022-06-04 00:00:00;2022-06-07 00:00:00
2022-05-31 00:00:00;SO340059;C0025;AL002;684;2022-06-28 00:00:00;2022-06-18 00:00:00;2022-06-08 00:00:00;2022-05-29 00:00:00
2022-05-31 00:00:00;SO340059;C0025;CS003;858;2022-06-28 00:00:00;2022-06-19 00:00:00;2022-06-08 00:00:00;2022-05-30 00:00:00
2022-05-31 00:00:00;SO312518;C0026;CT002;394;2022-07-05 00:00:00;2022-07-04 00:00:00;2022-06-08 00:00:00;2022-06-07 00:00:00
2022-05-31 00:00:00;SO340059;C0025;AS002;1019;2022-06-28 00:00:00;2022-07-08 00:00:00;2022-06-08 00:00:00;2022-06-18 00:00:00
2022-05-31 00:00:00;SO275416;C0017;AL002;1050;2022-07-26 00:00:00;2022-08-01 00:00:00;2022-06-04 00:00:00;2022-06-10 00:00:00
2022-05-31 00:00:00;SO340059;C0025;VS004;368;2022-06-28 00:00:00;2022-06-29 00:00:00;2022-06-08 00:00:00;2022-06-09 00:00:00
2022-05-31 00:00:00;SO340059;C0025;CL002;855;2022-06-28 00:00:00;2022-06-25 00:00:00;2022-06-08 00:00:00;2022-06-05 00:00:00
2022-05-31 00:00:00;SO312518;C0026;CS003;561;2022-07-05 00:00:00;2022-07-14 00:00:00;2022-06-08 00:00:00;2022-06-17 00:00:00
2022-05-31 00:00:00;SO312518;C0026;VS005;958;2022-07-05 00:00:00;2022-07-11 00:00:00;2022-06-08 00:00:00;2022-06-14 00:00:00
2022-05-31 00:00:00;SO340059;C0025;CT001;437;2022-06-28 00:00:00;2022-06-29 00:00:00;2022-06-08 00:00:00;2022-06-09 00:00:00
2022-06-01 00:00:00;SO274244;C0008;AT001;510;2022-07-27 00:00:00;2022-08-06 00:00:00;2022-06-04 00:00:00;2022-06-14 00:00:00
2022-06-01 00:00:00;SO227398;C0023;AS002;817;2022-07-06 00:00:00;2022-07-12 00:00:00;2022-06-05 00:00:00;2022-06-11 00:00:00
2022-06-01 00:00:00;SO334748;C0007;CS003;1071;2022-08-03 00:00:00;2022-07-27 00:00:00;2022-06-04 00:00:00;2022-05-28 00:00:00
2022-06-01 00:00:00;SO227398;C0023;AT001;482;2022-07-06 00:00:00;2022-07-07 00:00:00;2022-06-05 00:00:00;2022-06-06 00:00:00
2022-06-01 00:00:00;SO334748;C0007;CT001;962;2022-08-03 00:00:00;2022-08-07 00:00:00;2022-06-04 00:00:00;2022-06-08 00:00:00
2022-06-01 00:00:00;SO334748;C0007;AL001;286;2022-08-03 00:00:00;2022-08-01 00:00:00;2022-06-04 00:00:00;2022-06-02 00:00:00
2022-06-01 00:00:00;SO334748;C0007;CS002;988;2022-08-03 00:00:00;2022-07-26 00:00:00;2022-06-04 00:00:00;2022-05-27 00:00:00
2022-06-01 00:00:00;SO274244;C0008;VS002;1140;2022-07-27 00:00:00;2022-07-26 00:00:00;2022-06-04 00:00:00;2022-06-03 00:00:00
2022-06-01 00:00:00;SO334748;C0007;VS003;707;2022-08-03 00:00:00;2022-08-05 00:00:00;2022-06-04 00:00:00;2022-06-06 00:00:00
2022-06-01 00:00:00;SO334748;C0007;CS004;1078;2022-08-03 00:00:00;2022-08-11 00:00:00;2022-06-04 00:00:00;2022-06-12 00:00:00
2022-06-01 00:00:00;SO274244;C0008;AS004;1088;2022-07-27 00:00:00;2022-08-04 00:00:00;2022-06-04 00:00:00;2022-06-12 00:00:00
2022-06-01 00:00:00;SO227398;C0023;VS003;841;2022-07-06 00:00:00;2022-06-29 00:00:00;2022-06-05 00:00:00;2022-05-29 00:00:00
2022-06-01 00:00:00;SO227398;C0023;VS005;844;2022-07-06 00:00:00;2022-06-30 00:00:00;2022-06-05 00:00:00;2022-05-30 00:00:00
2022-06-01 00:00:00;SO274244;C0008;VS005;1031;2022-07-27 00:00:00;2022-07-18 00:00:00;2022-06-04 00:00:00;2022-05-26 00:00:00
2022-06-01 00:00:00;SO334748;C0007;AL002;517;2022-08-03 00:00:00;2022-08-05 00:00:00;2022-06-04 00:00:00;2022-06-06 00:00:00
2022-06-01 00:00:00;SO227398;C0023;CS003;719;2022-07-06 00:00:00;2022-07-13 00:00:00;2022-06-05 00:00:00;2022-06-12 00:00:00
2022-06-01 00:00:00;SO334748;C0007;AS005;630;2022-08-03 00:00:00;2022-08-05 00:00:00;2022-06-04 00:00:00;2022-06-06 00:00:00
2022-06-01 00:00:00;SO334748;C0007;AT002;385;2022-08-03 00:00:00;2022-08-05 00:00:00;2022-06-04 00:00:00;2022-06-06 00:00:00
2022-06-02 00:00:00;SO576918;C0017;AL001;874;2022-07-28 00:00:00;2022-07-23 00:00:00;2022-06-06 00:00:00;2022-06-01 00:00:00
2022-06-02 00:00:00;SO282940;C0003;VS003;899;2022-07-14 00:00:00;2022-07-13 00:00:00;2022-06-04 00:00:00;2022-06-03 00:00:00
2022-06-02 00:00:00;SO509013;C0007;CS004;647;2022-08-04 00:00:00;2022-07-25 00:00:00;2022-06-05 00:00:00;2022-05-26 00:00:00
2022-06-02 00:00:00;SO938524;C0009;VS003;1050;2022-06-16 00:00:00;2022-06-21 00:00:00;2022-06-05 00:00:00;2022-06-10 00:00:00
2022-06-02 00:00:00;SO576918;C0017;CT001;881;2022-07-28 00:00:00;2022-08-05 00:00:00;2022-06-06 00:00:00;2022-06-14 00:00:00
2022-06-02 00:00:00;SO576918;C0017;VS003;459;2022-07-28 00:00:00;2022-07-20 00:00:00;2022-06-06 00:00:00;2022-05-29 00:00:00
2022-06-02 00:00:00;SO576918;C0017;AS002;1054;2022-07-28 00:00:00;2022-08-03 00:00:00;2022-06-06 00:00:00;2022-06-12 00:00:00
2022-06-02 00:00:00;SO576918;C0017;VS002;359;2022-07-28 00:00:00;2022-08-02 00:00:00;2022-06-06 00:00:00;2022-06-11 00:00:00
2022-06-02 00:00:00;SO938524;C0009;AS001;1172;2022-06-16 00:00:00;2022-06-21 00:00:00;2022-06-05 00:00:00;2022-06-10 00:00:00
2022-06-02 00:00:00;SO509013;C0007;AT001;523;2022-08-04 00:00:00;2022-08-12 00:00:00;2022-06-05 00:00:00;2022-06-13 00:00:00
2022-06-02 00:00:00;SO576918;C0017;AS004;551;2022-07-28 00:00:00;2022-08-01 00:00:00;2022-06-06 00:00:00;2022-06-10 00:00:00
2022-06-02 00:00:00;SO576918;C0017;CS001;956;2022-07-28 00:00:00;2022-08-02 00:00:00;2022-06-06 00:00:00;2022-06-11 00:00:00
2022-06-02 00:00:00;SO576918;C0017;AT002;1022;2022-07-28 00:00:00;2022-07-23 00:00:00;2022-06-06 00:00:00;2022-06-01 00:00:00
2022-06-02 00:00:00;SO282940;C0003;CL002;402;2022-07-14 00:00:00;2022-07-09 00:00:00;2022-06-04 00:00:00;2022-05-30 00:00:00
2022-06-02 00:00:00;SO509013;C0007;AS005;572;2022-08-04 00:00:00;2022-08-12 00:00:00;2022-06-05 00:00:00;2022-06-13 00:00:00
2022-06-02 00:00:00;SO282940;C0003;CT001;825;2022-07-14 00:00:00;2022-07-05 00:00:00;2022-06-04 00:00:00;2022-05-26 00:00:00
2022-06-02 00:00:00;SO282940;C0003;CT003;542;2022-07-14 00:00:00;2022-07-19 00:00:00;2022-06-04 00:00:00;2022-06-09 00:00:00
2022-06-02 00:00:00;SO509013;C0007;CS001;989;2022-08-04 00:00:00;2022-07-26 00:00:00;2022-06-05 00:00:00;2022-05-27 00:00:00
2022-06-03 00:00:00;SO607796;C0028;CS004;786;2022-06-17 00:00:00;2022-06-18 00:00:00;2022-06-11 00:00:00;2022-06-12 00:00:00
2022-06-03 00:00:00;SO199781;C0013;AS002;901;2022-07-01 00:00:00;2022-07-07 00:00:00;2022-06-07 00:00:00;2022-06-13 00:00:00
2022-06-03 00:00:00;SO199781;C0013;AS003;736;2022-07-01 00:00:00;2022-06-21 00:00:00;2022-06-07 00:00:00;2022-05-28 00:00:00
2022-06-03 00:00:00;SO607796;C0028;CS002;817;2022-06-17 00:00:00;2022-06-27 00:00:00;2022-06-11 00:00:00;2022-06-21 00:00:00
2022-06-03 00:00:00;SO607796;C0028;VS002;711;2022-06-17 00:00:00;2022-06-15 00:00:00;2022-06-11 00:00:00;2022-06-09 00:00:00
2022-06-03 00:00:00;SO199781;C0013;VS003;880;2022-07-01 00:00:00;2022-06-27 00:00:00;2022-06-07 00:00:00;2022-06-03 00:00:00
2022-06-03 00:00:00;SO199781;C0013;CL002;824;2022-07-01 00:00:00;2022-07-01 00:00:00;2022-06-07 00:00:00;2022-06-07 00:00:00
2022-06-03 00:00:00;SO199781;C0013;VS002;460;2022-07-01 00:00:00;2022-07-10 00:00:00;2022-06-07 00:00:00;2022-06-16 00:00:00
2022-06-03 00:00:00;SO199781;C0013;CS002;1049;2022-07-01 00:00:00;2022-07-06 00:00:00;2022-06-07 00:00:00;2022-06-12 00:00:00
2022-06-03 00:00:00;SO607796;C0028;AL002;666;2022-06-17 00:00:00;2022-06-23 00:00:00;2022-06-11 00:00:00;2022-06-17 00:00:00
2022-06-03 00:00:00;SO199781;C0013;VS005;421;2022-07-01 00:00:00;2022-07-06 00:00:00;2022-06-07 00:00:00;2022-06-12 00:00:00
2022-06-03 00:00:00;SO607796;C0028;AS003;580;2022-06-17 00:00:00;2022-06-27 00:00:00;2022-06-11 00:00:00;2022-06-21 00:00:00
2022-06-03 00:00:00;SO199781;C0013;VS004;1059;2022-07-01 00:00:00;2022-06-29 00:00:00;2022-06-07 00:00:00;2022-06-05 00:00:00
2022-06-03 00:00:00;SO607796;C0028;VS005;769;2022-06-17 00:00:00;2022-06-16 00:00:00;2022-06-11 00:00:00;2022-06-10 00:00:00
2022-06-03 00:00:00;SO199781;C0013;AS005;393;2022-07-01 00:00:00;2022-06-26 00:00:00;2022-06-07 00:00:00;2022-06-02 00:00:00
2022-06-03 00:00:00;SO199781;C0013;AS004;602;2022-07-01 00:00:00;2022-07-03 00:00:00;2022-06-07 00:00:00;2022-06-09 00:00:00
2022-06-06 00:00:00;SO354587;C0006;CT003;692;2022-08-08 00:00:00;2022-08-09 00:00:00;2022-06-08 00:00:00;2022-06-09 00:00:00
2022-06-06 00:00:00;SO273398;C0030;VS002;459;2022-08-08 00:00:00;2022-08-14 00:00:00;2022-06-14 00:00:00;2022-06-20 00:00:00
2022-06-06 00:00:00;SO710960;C0014;AS001;619;2022-07-11 00:00:00;2022-07-07 00:00:00;2022-06-10 00:00:00;2022-06-06 00:00:00
2022-06-06 00:00:00;SO710960;C0014;CS001;1024;2022-07-11 00:00:00;2022-07-18 00:00:00;2022-06-10 00:00:00;2022-06-17 00:00:00
2022-06-06 00:00:00;SO273398;C0030;AL001;874;2022-08-08 00:00:00;2022-08-18 00:00:00;2022-06-14 00:00:00;2022-06-24 00:00:00
2022-06-06 00:00:00;SO273398;C0030;AS002;408;2022-08-08 00:00:00;2022-08-06 00:00:00;2022-06-14 00:00:00;2022-06-12 00:00:00
2022-06-06 00:00:00;SO710960;C0014;CT001;1052;2022-07-11 00:00:00;2022-07-21 00:00:00;2022-06-10 00:00:00;2022-06-20 00:00:00
2022-06-06 00:00:00;SO354587;C0006;AS005;851;2022-08-08 00:00:00;2022-07-31 00:00:00;2022-06-08 00:00:00;2022-05-31 00:00:00
2022-06-06 00:00:00;SO354587;C0006;AL001;673;2022-08-08 00:00:00;2022-08-06 00:00:00;2022-06-08 00:00:00;2022-06-06 00:00:00
2022-06-06 00:00:00;SO273398;C0030;AS001;1071;2022-08-08 00:00:00;2022-08-11 00:00:00;2022-06-14 00:00:00;2022-06-17 00:00:00
2022-06-06 00:00:00;SO354587;C0006;AS003;1179;2022-08-08 00:00:00;2022-08-13 00:00:00;2022-06-08 00:00:00;2022-06-13 00:00:00
2022-06-06 00:00:00;SO710960;C0014;AS002;818;2022-07-11 00:00:00;2022-07-04 00:00:00;2022-06-10 00:00:00;2022-06-03 00:00:00
2022-06-07 00:00:00;SO336944;C0010;AT002;355;2022-07-19 00:00:00;2022-07-09 00:00:00;2022-06-10 00:00:00;2022-05-31 00:00:00
2022-06-07 00:00:00;SO457165;C0022;CS001;752;2022-07-19 00:00:00;2022-07-15 00:00:00;2022-06-11 00:00:00;2022-06-07 00:00:00
2022-06-07 00:00:00;SO336944;C0010;VS005;417;2022-07-19 00:00:00;2022-07-26 00:00:00;2022-06-10 00:00:00;2022-06-17 00:00:00
2022-06-07 00:00:00;SO336944;C0010;AL002;955;2022-07-19 00:00:00;2022-07-10 00:00:00;2022-06-10 00:00:00;2022-06-01 00:00:00
2022-06-07 00:00:00;SO336944;C0010;AL001;402;2022-07-19 00:00:00;2022-07-23 00:00:00;2022-06-10 00:00:00;2022-06-14 00:00:00
2022-06-07 00:00:00;SO457165;C0022;CS003;562;2022-07-19 00:00:00;2022-07-27 00:00:00;2022-06-11 00:00:00;2022-06-19 00:00:00
2022-06-07 00:00:00;SO457165;C0022;AS004;771;2022-07-19 00:00:00;2022-07-09 00:00:00;2022-06-11 00:00:00;2022-06-01 00:00:00
2022-06-07 00:00:00;SO336944;C0010;VS003;326;2022-07-19 00:00:00;2022-07-27 00:00:00;2022-06-10 00:00:00;2022-06-18 00:00:00
2022-06-07 00:00:00;SO457165;C0022;CT003;542;2022-07-19 00:00:00;2022-07-25 00:00:00;2022-06-11 00:00:00;2022-06-17 00:00:00
2022-06-07 00:00:00;SO457165;C0022;AL002;785;2022-07-19 00:00:00;2022-07-14 00:00:00;2022-06-11 00:00:00;2022-06-06 00:00:00
2022-06-07 00:00:00;SO457165;C0022;CL002;879;2022-07-19 00:00:00;2022-07-09 00:00:00;2022-06-11 00:00:00;2022-06-01 00:00:00
2022-06-07 00:00:00;SO457165;C0022;VS004;1050;2022-07-19 00:00:00;2022-07-10 00:00:00;2022-06-11 00:00:00;2022-06-02 00:00:00
2022-06-07 00:00:00;SO336944;C0010;AS001;380;2022-07-19 00:00:00;2022-07-13 00:00:00;2022-06-10 00:00:00;2022-06-04 00:00:00
2022-06-07 00:00:00;SO336944;C0010;CS004;701;2022-07-19 00:00:00;2022-07-20 00:00:00;2022-06-10 00:00:00;2022-06-11 00:00:00
2022-06-07 00:00:00;SO457165;C0022;AS002;391;2022-07-19 00:00:00;2022-07-10 00:00:00;2022-06-11 00:00:00;2022-06-02 00:00:00
2022-06-08 00:00:00;SO607534;C0019;CT003;402;2022-08-10 00:00:00;2022-08-14 00:00:00;2022-06-12 00:00:00;2022-06-16 00:00:00
2022-06-08 00:00:00;SO990118;C0002;CS002;859;2022-07-13 00:00:00;2022-07-18 00:00:00;2022-06-10 00:00:00;2022-06-15 00:00:00
2022-06-08 00:00:00;SO607534;C0019;VS002;516;2022-08-10 00:00:00;2022-08-10 00:00:00;2022-06-12 00:00:00;2022-06-12 00:00:00
2022-06-08 00:00:00;SO990118;C0002;VS002;763;2022-07-13 00:00:00;2022-07-15 00:00:00;2022-06-10 00:00:00;2022-06-12 00:00:00
2022-06-08 00:00:00;SO607534;C0019;AL001;766;2022-08-10 00:00:00;2022-08-02 00:00:00;2022-06-12 00:00:00;2022-06-04 00:00:00
2022-06-08 00:00:00;SO607534;C0019;CS001;769;2022-08-10 00:00:00;2022-08-18 00:00:00;2022-06-12 00:00:00;2022-06-20 00:00:00
2022-06-08 00:00:00;SO607534;C0019;VS005;942;2022-08-10 00:00:00;2022-08-02 00:00:00;2022-06-12 00:00:00;2022-06-04 00:00:00
2022-06-08 00:00:00;SO990118;C0002;CS001;648;2022-07-13 00:00:00;2022-07-16 00:00:00;2022-06-10 00:00:00;2022-06-13 00:00:00
2022-06-08 00:00:00;SO990118;C0002;CT001;251;2022-07-13 00:00:00;2022-07-08 00:00:00;2022-06-10 00:00:00;2022-06-05 00:00:00
2022-06-08 00:00:00;SO607534;C0019;AT001;609;2022-08-10 00:00:00;2022-08-18 00:00:00;2022-06-12 00:00:00;2022-06-20 00:00:00
2022-06-08 00:00:00;SO990118;C0002;AS002;841;2022-07-13 00:00:00;2022-07-09 00:00:00;2022-06-10 00:00:00;2022-06-06 00:00:00
2022-06-08 00:00:00;SO607534;C0019;AS002;907;2022-08-10 00:00:00;2022-08-12 00:00:00;2022-06-12 00:00:00;2022-06-14 00:00:00
2022-06-08 00:00:00;SO990118;C0002;VS004;332;2022-07-13 00:00:00;2022-07-14 00:00:00;2022-06-10 00:00:00;2022-06-11 00:00:00
2022-06-08 00:00:00;SO607534;C0019;CL002;591;2022-08-10 00:00:00;2022-08-06 00:00:00;2022-06-12 00:00:00;2022-06-08 00:00:00
2022-06-08 00:00:00;SO607534;C0019;AT002;491;2022-08-10 00:00:00;2022-08-18 00:00:00;2022-06-12 00:00:00;2022-06-20 00:00:00
2022-06-08 00:00:00;SO607534;C0019;CS003;496;2022-08-10 00:00:00;2022-08-19 00:00:00;2022-06-12 00:00:00;2022-06-21 00:00:00
2022-06-09 00:00:00;SO758262;C0004;AL001;969;2022-06-23 00:00:00;2022-06-27 00:00:00;2022-06-11 00:00:00;2022-06-15 00:00:00
2022-06-09 00:00:00;SO836934;C0023;AT002;826;2022-07-14 00:00:00;2022-07-17 00:00:00;2022-06-13 00:00:00;2022-06-16 00:00:00
2022-06-09 00:00:00;SO876169;C0013;AS001;462;2022-07-07 00:00:00;2022-06-29 00:00:00;2022-06-13 00:00:00;2022-06-05 00:00:00
2022-06-09 00:00:00;SO565181;C0030;AS004;1044;2022-08-11 00:00:00;2022-08-06 00:00:00;2022-06-17 00:00:00;2022-06-12 00:00:00
2022-06-09 00:00:00;SO758262;C0004;AS005;478;2022-06-23 00:00:00;2022-07-02 00:00:00;2022-06-11 00:00:00;2022-06-20 00:00:00
2022-06-09 00:00:00;SO836934;C0023;VS004;425;2022-07-14 00:00:00;2022-07-12 00:00:00;2022-06-13 00:00:00;2022-06-11 00:00:00
2022-06-09 00:00:00;SO565181;C0030;VS002;1238;2022-08-11 00:00:00;2022-08-04 00:00:00;2022-06-17 00:00:00;2022-06-10 00:00:00
2022-06-09 00:00:00;SO836934;C0023;CT001;930;2022-07-14 00:00:00;2022-07-11 00:00:00;2022-06-13 00:00:00;2022-06-10 00:00:00
2022-06-09 00:00:00;SO836934;C0023;CS003;778;2022-07-14 00:00:00;2022-07-20 00:00:00;2022-06-13 00:00:00;2022-06-19 00:00:00
2022-06-09 00:00:00;SO836934;C0023;AT001;1229;2022-07-14 00:00:00;2022-07-15 00:00:00;2022-06-13 00:00:00;2022-06-14 00:00:00
2022-06-09 00:00:00;SO565181;C0030;VS005;415;2022-08-11 00:00:00;2022-08-03 00:00:00;2022-06-17 00:00:00;2022-06-09 00:00:00
2022-06-09 00:00:00;SO758262;C0004;AT001;868;2022-06-23 00:00:00;2022-06-29 00:00:00;2022-06-11 00:00:00;2022-06-17 00:00:00
2022-06-09 00:00:00;SO565181;C0030;AS002;471;2022-08-11 00:00:00;2022-08-19 00:00:00;2022-06-17 00:00:00;2022-06-25 00:00:00
2022-06-09 00:00:00;SO758262;C0004;AS003;1201;2022-06-23 00:00:00;2022-07-03 00:00:00;2022-06-11 00:00:00;2022-06-21 00:00:00
2022-06-09 00:00:00;SO758262;C0004;AS002;534;2022-06-23 00:00:00;2022-06-25 00:00:00;2022-06-11 00:00:00;2022-06-13 00:00:00
2022-06-09 00:00:00;SO565181;C0030;CS001;452;2022-08-11 00:00:00;2022-08-11 00:00:00;2022-06-17 00:00:00;2022-06-17 00:00:00
2022-06-09 00:00:00;SO876169;C0013;AT002;417;2022-07-07 00:00:00;2022-06-28 00:00:00;2022-06-13 00:00:00;2022-06-04 00:00:00
2022-06-10 00:00:00;SO528956;C0024;CL002;687;2022-07-08 00:00:00;2022-07-16 00:00:00;2022-06-14 00:00:00;2022-06-22 00:00:00
2022-06-10 00:00:00;SO707668;C0029;AS001;521;2022-08-05 00:00:00;2022-07-29 00:00:00;2022-06-18 00:00:00;2022-06-11 00:00:00
2022-06-10 00:00:00;SO472873;C0003;CS004;978;2022-07-22 00:00:00;2022-07-25 00:00:00;2022-06-12 00:00:00;2022-06-15 00:00:00
2022-06-10 00:00:00;SO707668;C0029;CT003;1050;2022-08-05 00:00:00;2022-08-12 00:00:00;2022-06-18 00:00:00;2022-06-25 00:00:00
2022-06-10 00:00:00;SO528956;C0024;AL001;464;2022-07-08 00:00:00;2022-07-05 00:00:00;2022-06-14 00:00:00;2022-06-11 00:00:00
2022-06-10 00:00:00;SO528956;C0024;AT002;661;2022-07-08 00:00:00;2022-07-08 00:00:00;2022-06-14 00:00:00;2022-06-14 00:00:00
2022-06-10 00:00:00;SO707668;C0029;AS002;610;2022-08-05 00:00:00;2022-08-01 00:00:00;2022-06-18 00:00:00;2022-06-14 00:00:00
2022-06-10 00:00:00;SO472873;C0003;AS001;804;2022-07-22 00:00:00;2022-07-18 00:00:00;2022-06-12 00:00:00;2022-06-08 00:00:00
2022-06-10 00:00:00;SO472873;C0003;VS002;409;2022-07-22 00:00:00;2022-07-30 00:00:00;2022-06-12 00:00:00;2022-06-20 00:00:00
2022-06-10 00:00:00;SO472873;C0003;CT001;855;2022-07-22 00:00:00;2022-08-01 00:00:00;2022-06-12 00:00:00;2022-06-22 00:00:00
2022-06-10 00:00:00;SO707668;C0029;VS005;922;2022-08-05 00:00:00;2022-07-27 00:00:00;2022-06-18 00:00:00;2022-06-09 00:00:00
2022-06-10 00:00:00;SO707668;C0029;CS004;581;2022-08-05 00:00:00;2022-08-12 00:00:00;2022-06-18 00:00:00;2022-06-25 00:00:00
2022-06-10 00:00:00;SO707668;C0029;AS004;835;2022-08-05 00:00:00;2022-08-11 00:00:00;2022-06-18 00:00:00;2022-06-24 00:00:00
2022-06-10 00:00:00;SO707668;C0029;VS004;676;2022-08-05 00:00:00;2022-07-26 00:00:00;2022-06-18 00:00:00;2022-06-08 00:00:00
2022-06-10 00:00:00;SO707668;C0029;AT001;895;2022-08-05 00:00:00;2022-08-09 00:00:00;2022-06-18 00:00:00;2022-06-22 00:00:00
2022-06-10 00:00:00;SO707668;C0029;VS003;586;2022-08-05 00:00:00;2022-08-03 00:00:00;2022-06-18 00:00:00;2022-06-16 00:00:00
2022-06-10 00:00:00;SO472873;C0003;VS004;1088;2022-07-22 00:00:00;2022-07-24 00:00:00;2022-06-12 00:00:00;2022-06-14 00:00:00
2022-06-13 00:00:00;SO759406;C0007;AS002;886;2022-08-15 00:00:00;2022-08-08 00:00:00;2022-06-16 00:00:00;2022-06-09 00:00:00
2022-06-13 00:00:00;SO771540;C0012;CL002;512;2022-07-11 00:00:00;2022-07-16 00:00:00;2022-06-16 00:00:00;2022-06-21 00:00:00
2022-06-13 00:00:00;SO787371;C0002;CS003;1100;2022-07-18 00:00:00;2022-07-24 00:00:00;2022-06-15 00:00:00;2022-06-21 00:00:00
2022-06-13 00:00:00;SO771540;C0012;CS003;429;2022-07-11 00:00:00;2022-07-16 00:00:00;2022-06-16 00:00:00;2022-06-21 00:00:00
2022-06-13 00:00:00;SO759406;C0007;CS001;359;2022-08-15 00:00:00;2022-08-12 00:00:00;2022-06-16 00:00:00;2022-06-13 00:00:00
2022-06-13 00:00:00;SO771540;C0012;VS004;644;2022-07-11 00:00:00;2022-07-16 00:00:00;2022-06-16 00:00:00;2022-06-21 00:00:00
2022-06-13 00:00:00;SO771540;C0012;CT001;670;2022-07-11 00:00:00;2022-07-03 00:00:00;2022-06-16 00:00:00;2022-06-08 00:00:00
2022-06-13 00:00:00;SO787371;C0002;VS004;990;2022-07-18 00:00:00;2022-07-15 00:00:00;2022-06-15 00:00:00;2022-06-12 00:00:00
2022-06-13 00:00:00;SO771540;C0012;AL002;560;2022-07-11 00:00:00;2022-07-16 00:00:00;2022-06-16 00:00:00;2022-06-21 00:00:00
2022-06-13 00:00:00;SO771540;C0012;AS002;1168;2022-07-11 00:00:00;2022-07-20 00:00:00;2022-06-16 00:00:00;2022-06-25 00:00:00
2022-06-13 00:00:00;SO787371;C0002;AT002;807;2022-07-18 00:00:00;2022-07-12 00:00:00;2022-06-15 00:00:00;2022-06-09 00:00:00
2022-06-13 00:00:00;SO759406;C0007;AT002;370;2022-08-15 00:00:00;2022-08-15 00:00:00;2022-06-16 00:00:00;2022-06-16 00:00:00
2022-06-14 00:00:00;SO604409;C0002;CS001;575;2022-07-19 00:00:00;2022-07-22 00:00:00;2022-06-16 00:00:00;2022-06-19 00:00:00
2022-06-14 00:00:00;SO504756;C0001;VS004;514;2022-07-12 00:00:00;2022-07-12 00:00:00;2022-06-16 00:00:00;2022-06-16 00:00:00
2022-06-14 00:00:00;SO504756;C0001;VS005;1050;2022-07-12 00:00:00;2022-07-19 00:00:00;2022-06-16 00:00:00;2022-06-23 00:00:00
2022-06-14 00:00:00;SO604409;C0002;CT001;533;2022-07-19 00:00:00;2022-07-28 00:00:00;2022-06-16 00:00:00;2022-06-25 00:00:00
2022-06-14 00:00:00;SO504756;C0001;AL002;627;2022-07-12 00:00:00;2022-07-22 00:00:00;2022-06-16 00:00:00;2022-06-26 00:00:00
2022-06-14 00:00:00;SO504756;C0001;CL002;702;2022-07-12 00:00:00;2022-07-13 00:00:00;2022-06-16 00:00:00;2022-06-17 00:00:00
2022-06-14 00:00:00;SO604409;C0002;AS003;621;2022-07-19 00:00:00;2022-07-16 00:00:00;2022-06-16 00:00:00;2022-06-13 00:00:00
2022-06-14 00:00:00;SO604409;C0002;AL001;810;2022-07-19 00:00:00;2022-07-15 00:00:00;2022-06-16 00:00:00;2022-06-12 00:00:00
2022-06-14 00:00:00;SO604409;C0002;AS004;507;2022-07-19 00:00:00;2022-07-26 00:00:00;2022-06-16 00:00:00;2022-06-23 00:00:00
2022-06-14 00:00:00;SO604409;C0002;VS004;551;2022-07-19 00:00:00;2022-07-10 00:00:00;2022-06-16 00:00:00;2022-06-07 00:00:00
2022-06-14 00:00:00;SO504756;C0001;VS003;733;2022-07-12 00:00:00;2022-07-18 00:00:00;2022-06-16 00:00:00;2022-06-22 00:00:00
2022-06-14 00:00:00;SO504756;C0001;CT001;662;2022-07-12 00:00:00;2022-07-14 00:00:00;2022-06-16 00:00:00;2022-06-18 00:00:00
2022-06-15 00:00:00;SO783394;C0027;AL001;453;2022-07-27 00:00:00;2022-08-01 00:00:00;2022-06-23 00:00:00;2022-06-28 00:00:00
2022-06-15 00:00:00;SO371457;C0028;VS002;360;2022-06-29 00:00:00;2022-07-05 00:00:00;2022-06-23 00:00:00;2022-06-29 00:00:00
2022-06-15 00:00:00;SO783394;C0027;CT001;1026;2022-07-27 00:00:00;2022-07-28 00:00:00;2022-06-23 00:00:00;2022-06-24 00:00:00
2022-06-15 00:00:00;SO783394;C0027;AS004;1054;2022-07-27 00:00:00;2022-07-20 00:00:00;2022-06-23 00:00:00;2022-06-16 00:00:00
2022-06-15 00:00:00;SO783394;C0027;CL002;748;2022-07-27 00:00:00;2022-08-02 00:00:00;2022-06-23 00:00:00;2022-06-29 00:00:00
2022-06-15 00:00:00;SO783394;C0027;AS002;505;2022-07-27 00:00:00;2022-08-04 00:00:00;2022-06-23 00:00:00;2022-07-01 00:00:00
2022-06-15 00:00:00;SO783394;C0027;AT001;859;2022-07-27 00:00:00;2022-07-19 00:00:00;2022-06-23 00:00:00;2022-06-15 00:00:00
2022-06-15 00:00:00;SO371457;C0028;VS005;820;2022-06-29 00:00:00;2022-06-28 00:00:00;2022-06-23 00:00:00;2022-06-22 00:00:00
2022-06-15 00:00:00;SO783394;C0027;AT002;1333;2022-07-27 00:00:00;2022-08-01 00:00:00;2022-06-23 00:00:00;2022-06-28 00:00:00
2022-06-15 00:00:00;SO371457;C0028;VS004;803;2022-06-29 00:00:00;2022-07-08 00:00:00;2022-06-23 00:00:00;2022-07-02 00:00:00
2022-06-15 00:00:00;SO371457;C0028;AT001;805;2022-06-29 00:00:00;2022-07-01 00:00:00;2022-06-23 00:00:00;2022-06-25 00:00:00
2022-06-15 00:00:00;SO783394;C0027;VS002;573;2022-07-27 00:00:00;2022-07-29 00:00:00;2022-06-23 00:00:00;2022-06-25 00:00:00
2022-06-15 00:00:00;SO371457;C0028;CT001;653;2022-06-29 00:00:00;2022-06-23 00:00:00;2022-06-23 00:00:00;2022-06-17 00:00:00
2022-06-15 00:00:00;SO371457;C0028;AS001;416;2022-06-29 00:00:00;2022-06-25 00:00:00;2022-06-23 00:00:00;2022-06-19 00:00:00
2022-06-15 00:00:00;SO371457;C0028;AS004;903;2022-06-29 00:00:00;2022-06-30 00:00:00;2022-06-23 00:00:00;2022-06-24 00:00:00
2022-06-15 00:00:00;SO371457;C0028;CS004;1028;2022-06-29 00:00:00;2022-07-05 00:00:00;2022-06-23 00:00:00;2022-06-29 00:00:00
2022-06-15 00:00:00;SO783394;C0027;CS002;489;2022-07-27 00:00:00;2022-07-17 00:00:00;2022-06-23 00:00:00;2022-06-13 00:00:00
2022-06-15 00:00:00;SO371457;C0028;CS002;885;2022-06-29 00:00:00;2022-06-28 00:00:00;2022-06-23 00:00:00;2022-06-22 00:00:00
2022-06-15 00:00:00;SO783394;C0027;CS004;845;2022-07-27 00:00:00;2022-08-01 00:00:00;2022-06-23 00:00:00;2022-06-28 00:00:00
2022-06-15 00:00:00;SO371457;C0028;AS003;323;2022-06-29 00:00:00;2022-06-22 00:00:00;2022-06-23 00:00:00;2022-06-16 00:00:00
2022-06-16 00:00:00;SO849436;C0028;AS004;630;2022-06-30 00:00:00;2022-07-09 00:00:00;2022-06-24 00:00:00;2022-07-03 00:00:00
2022-06-16 00:00:00;SO808408;C0026;AL002;770;2022-07-21 00:00:00;2022-07-27 00:00:00;2022-06-24 00:00:00;2022-06-30 00:00:00
2022-06-16 00:00:00;SO589564;C0012;VS004;902;2022-07-14 00:00:00;2022-07-06 00:00:00;2022-06-19 00:00:00;2022-06-11 00:00:00
2022-06-16 00:00:00;SO178339;C0029;AL002;868;2022-08-11 00:00:00;2022-08-12 00:00:00;2022-06-24 00:00:00;2022-06-25 00:00:00
2022-06-16 00:00:00;SO589564;C0012;CT001;1062;2022-07-14 00:00:00;2022-07-15 00:00:00;2022-06-19 00:00:00;2022-06-20 00:00:00
2022-06-16 00:00:00;SO849436;C0028;CT003;398;2022-06-30 00:00:00;2022-06-30 00:00:00;2022-06-24 00:00:00;2022-06-24 00:00:00
2022-06-16 00:00:00;SO178339;C0029;AS001;678;2022-08-11 00:00:00;2022-08-18 00:00:00;2022-06-24 00:00:00;2022-07-01 00:00:00
2022-06-16 00:00:00;SO178339;C0029;CT001;921;2022-08-11 00:00:00;2022-08-18 00:00:00;2022-06-24 00:00:00;2022-07-01 00:00:00
2022-06-16 00:00:00;SO849436;C0028;CT001;438;2022-06-30 00:00:00;2022-06-22 00:00:00;2022-06-24 00:00:00;2022-06-16 00:00:00
2022-06-16 00:00:00;SO808408;C0026;CT001;783;2022-07-21 00:00:00;2022-07-18 00:00:00;2022-06-24 00:00:00;2022-06-21 00:00:00
2022-06-16 00:00:00;SO589564;C0012;CL002;717;2022-07-14 00:00:00;2022-07-19 00:00:00;2022-06-19 00:00:00;2022-06-24 00:00:00
2022-06-16 00:00:00;SO178339;C0029;AL001;878;2022-08-11 00:00:00;2022-08-02 00:00:00;2022-06-24 00:00:00;2022-06-15 00:00:00
2022-06-16 00:00:00;SO808408;C0026;AS002;907;2022-07-21 00:00:00;2022-07-14 00:00:00;2022-06-24 00:00:00;2022-06-17 00:00:00
2022-06-16 00:00:00;SO589564;C0012;AS002;1002;2022-07-14 00:00:00;2022-07-05 00:00:00;2022-06-19 00:00:00;2022-06-10 00:00:00
2022-06-16 00:00:00;SO808408;C0026;CS004;696;2022-07-21 00:00:00;2022-07-31 00:00:00;2022-06-24 00:00:00;2022-07-04 00:00:00
2022-06-16 00:00:00;SO808408;C0026;AT001;576;2022-07-21 00:00:00;2022-07-18 00:00:00;2022-06-24 00:00:00;2022-06-21 00:00:00
2022-06-16 00:00:00;SO849436;C0028;VS002;681;2022-06-30 00:00:00;2022-06-27 00:00:00;2022-06-24 00:00:00;2022-06-21 00:00:00
2022-06-16 00:00:00;SO808408;C0026;CT003;432;2022-07-21 00:00:00;2022-07-15 00:00:00;2022-06-24 00:00:00;2022-06-18 00:00:00
2022-06-16 00:00:00;SO808408;C0026;VS003;1100;2022-07-21 00:00:00;2022-07-19 00:00:00;2022-06-24 00:00:00;2022-06-22 00:00:00
2022-06-17 00:00:00;SO320308;C0017;CS001;579;2022-08-12 00:00:00;2022-08-19 00:00:00;2022-06-21 00:00:00;2022-06-28 00:00:00
2022-06-17 00:00:00;SO573292;C0007;AL001;847;2022-08-19 00:00:00;2022-08-20 00:00:00;2022-06-20 00:00:00;2022-06-21 00:00:00
2022-06-17 00:00:00;SO320308;C0017;CT003;364;2022-08-12 00:00:00;2022-08-22 00:00:00;2022-06-21 00:00:00;2022-07-01 00:00:00
2022-06-17 00:00:00;SO573292;C0007;VS002;591;2022-08-19 00:00:00;2022-08-25 00:00:00;2022-06-20 00:00:00;2022-06-26 00:00:00
2022-06-17 00:00:00;SO573292;C0007;VS005;890;2022-08-19 00:00:00;2022-08-12 00:00:00;2022-06-20 00:00:00;2022-06-13 00:00:00
2022-06-17 00:00:00;SO320308;C0017;VS005;567;2022-08-12 00:00:00;2022-08-03 00:00:00;2022-06-21 00:00:00;2022-06-12 00:00:00
2022-06-17 00:00:00;SO320308;C0017;AS005;777;2022-08-12 00:00:00;2022-08-15 00:00:00;2022-06-21 00:00:00;2022-06-24 00:00:00
2022-06-17 00:00:00;SO320308;C0017;VS002;1146;2022-08-12 00:00:00;2022-08-07 00:00:00;2022-06-21 00:00:00;2022-06-16 00:00:00
2022-06-17 00:00:00;SO320308;C0017;VS004;594;2022-08-12 00:00:00;2022-08-20 00:00:00;2022-06-21 00:00:00;2022-06-29 00:00:00
2022-06-17 00:00:00;SO320308;C0017;AT001;796;2022-08-12 00:00:00;2022-08-14 00:00:00;2022-06-21 00:00:00;2022-06-23 00:00:00
2022-06-17 00:00:00;SO320308;C0017;AS003;725;2022-08-12 00:00:00;2022-08-17 00:00:00;2022-06-21 00:00:00;2022-06-26 00:00:00
2022-06-17 00:00:00;SO573292;C0007;AT002;567;2022-08-19 00:00:00;2022-08-13 00:00:00;2022-06-20 00:00:00;2022-06-14 00:00:00
2022-06-20 00:00:00;SO356194;C0003;CT003;750;2022-08-01 00:00:00;2022-07-22 00:00:00;2022-06-22 00:00:00;2022-06-12 00:00:00
2022-06-20 00:00:00;SO809977;C0005;VS004;1137;2022-08-15 00:00:00;2022-08-18 00:00:00;2022-06-22 00:00:00;2022-06-25 00:00:00
2022-06-20 00:00:00;SO809977;C0005;VS002;653;2022-08-15 00:00:00;2022-08-11 00:00:00;2022-06-22 00:00:00;2022-06-18 00:00:00
2022-06-20 00:00:00;SO356194;C0003;CL002;769;2022-08-01 00:00:00;2022-07-30 00:00:00;2022-06-22 00:00:00;2022-06-20 00:00:00
2022-06-20 00:00:00;SO356194;C0003;CT001;491;2022-08-01 00:00:00;2022-08-06 00:00:00;2022-06-22 00:00:00;2022-06-27 00:00:00
2022-06-20 00:00:00;SO809977;C0005;AL002;696;2022-08-15 00:00:00;2022-08-11 00:00:00;2022-06-22 00:00:00;2022-06-18 00:00:00
2022-06-20 00:00:00;SO356194;C0003;AS005;539;2022-08-01 00:00:00;2022-07-30 00:00:00;2022-06-22 00:00:00;2022-06-20 00:00:00
2022-06-20 00:00:00;SO809977;C0005;AS004;633;2022-08-15 00:00:00;2022-08-09 00:00:00;2022-06-22 00:00:00;2022-06-16 00:00:00
2022-06-20 00:00:00;SO809977;C0005;CS004;833;2022-08-15 00:00:00;2022-08-08 00:00:00;2022-06-22 00:00:00;2022-06-15 00:00:00
2022-06-20 00:00:00;SO356194;C0003;CS003;886;2022-08-01 00:00:00;2022-07-23 00:00:00;2022-06-22 00:00:00;2022-06-13 00:00:00
2022-06-20 00:00:00;SO809977;C0005;VS003;1094;2022-08-15 00:00:00;2022-08-21 00:00:00;2022-06-22 00:00:00;2022-06-28 00:00:00
2022-06-20 00:00:00;SO356194;C0003;AS002;948;2022-08-01 00:00:00;2022-07-29 00:00:00;2022-06-22 00:00:00;2022-06-19 00:00:00
2022-06-20 00:00:00;SO356194;C0003;AS003;976;2022-08-01 00:00:00;2022-08-10 00:00:00;2022-06-22 00:00:00;2022-07-01 00:00:00
2022-06-21 00:00:00;SO983724;C0009;VS003;726;2022-07-05 00:00:00;2022-07-09 00:00:00;2022-06-24 00:00:00;2022-06-28 00:00:00
2022-06-21 00:00:00;SO536843;C0014;AS002;699;2022-07-26 00:00:00;2022-07-28 00:00:00;2022-06-25 00:00:00;2022-06-27 00:00:00
2022-06-21 00:00:00;SO983724;C0009;CS002;953;2022-07-05 00:00:00;2022-07-02 00:00:00;2022-06-24 00:00:00;2022-06-21 00:00:00
2022-06-21 00:00:00;SO536843;C0014;CS004;830;2022-07-26 00:00:00;2022-07-26 00:00:00;2022-06-25 00:00:00;2022-06-25 00:00:00
2022-06-21 00:00:00;SO536843;C0014;AT002;383;2022-07-26 00:00:00;2022-07-29 00:00:00;2022-06-25 00:00:00;2022-06-28 00:00:00
2022-06-21 00:00:00;SO536843;C0014;AT001;1118;2022-07-26 00:00:00;2022-07-17 00:00:00;2022-06-25 00:00:00;2022-06-16 00:00:00
2022-06-21 00:00:00;SO536843;C0014;AS005;738;2022-07-26 00:00:00;2022-08-02 00:00:00;2022-06-25 00:00:00;2022-07-02 00:00:00
2022-06-21 00:00:00;SO983724;C0009;CL002;612;2022-07-05 00:00:00;2022-06-30 00:00:00;2022-06-24 00:00:00;2022-06-19 00:00:00
2022-06-21 00:00:00;SO983724;C0009;AT002;730;2022-07-05 00:00:00;2022-07-03 00:00:00;2022-06-24 00:00:00;2022-06-22 00:00:00
2022-06-21 00:00:00;SO536843;C0014;VS005;520;2022-07-26 00:00:00;2022-07-18 00:00:00;2022-06-25 00:00:00;2022-06-17 00:00:00
2022-06-21 00:00:00;SO983724;C0009;VS004;465;2022-07-05 00:00:00;2022-07-11 00:00:00;2022-06-24 00:00:00;2022-06-30 00:00:00
2022-06-21 00:00:00;SO536843;C0014;CS002;601;2022-07-26 00:00:00;2022-08-01 00:00:00;2022-06-25 00:00:00;2022-07-01 00:00:00
2022-06-21 00:00:00;SO536843;C0014;VS002;342;2022-07-26 00:00:00;2022-07-29 00:00:00;2022-06-25 00:00:00;2022-06-28 00:00:00
2022-06-21 00:00:00;SO536843;C0014;VS004;812;2022-07-26 00:00:00;2022-08-02 00:00:00;2022-06-25 00:00:00;2022-07-02 00:00:00
2022-06-21 00:00:00;SO536843;C0014;CS001;853;2022-07-26 00:00:00;2022-07-29 00:00:00;2022-06-25 00:00:00;2022-06-28 00:00:00
2022-06-21 00:00:00;SO983724;C0009;AT001;934;2022-07-05 00:00:00;2022-07-08 00:00:00;2022-06-24 00:00:00;2022-06-27 00:00:00
2022-06-22 00:00:00;SO532468;C0007;AS003;417;2022-08-24 00:00:00;2022-09-02 00:00:00;2022-06-25 00:00:00;2022-07-04 00:00:00
2022-06-22 00:00:00;SO763766;C0006;AS002;1270;2022-08-24 00:00:00;2022-08-27 00:00:00;2022-06-24 00:00:00;2022-06-27 00:00:00
2022-06-22 00:00:00;SO580483;C0025;AS001;748;2022-07-20 00:00:00;2022-07-22 00:00:00;2022-06-30 00:00:00;2022-07-02 00:00:00
2022-06-22 00:00:00;SO216561;C0013;AL002;616;2022-07-20 00:00:00;2022-07-11 00:00:00;2022-06-26 00:00:00;2022-06-17 00:00:00
2022-06-22 00:00:00;SO763766;C0006;AL002;948;2022-08-24 00:00:00;2022-08-25 00:00:00;2022-06-24 00:00:00;2022-06-25 00:00:00
2022-06-22 00:00:00;SO763766;C0006;CS003;569;2022-08-24 00:00:00;2022-08-31 00:00:00;2022-06-24 00:00:00;2022-07-01 00:00:00
2022-06-22 00:00:00;SO216561;C0013;VS003;1045;2022-07-20 00:00:00;2022-07-16 00:00:00;2022-06-26 00:00:00;2022-06-22 00:00:00
2022-06-22 00:00:00;SO532468;C0007;AL002;647;2022-08-24 00:00:00;2022-08-27 00:00:00;2022-06-25 00:00:00;2022-06-28 00:00:00
2022-06-22 00:00:00;SO763766;C0006;CL002;728;2022-08-24 00:00:00;2022-08-24 00:00:00;2022-06-24 00:00:00;2022-06-24 00:00:00
2022-06-22 00:00:00;SO763766;C0006;CS004;1060;2022-08-24 00:00:00;2022-08-24 00:00:00;2022-06-24 00:00:00;2022-06-24 00:00:00
2022-06-22 00:00:00;SO763766;C0006;CS002;849;2022-08-24 00:00:00;2022-08-16 00:00:00;2022-06-24 00:00:00;2022-06-16 00:00:00
2022-06-22 00:00:00;SO216561;C0013;AS004;1008;2022-07-20 00:00:00;2022-07-16 00:00:00;2022-06-26 00:00:00;2022-06-22 00:00:00
2022-06-23 00:00:00;SO329855;C0008;AS004;1131;2022-08-18 00:00:00;2022-08-24 00:00:00;2022-06-26 00:00:00;2022-07-02 00:00:00
2022-06-23 00:00:00;SO638117;C0003;VS002;806;2022-08-04 00:00:00;2022-07-31 00:00:00;2022-06-25 00:00:00;2022-06-21 00:00:00
2022-06-23 00:00:00;SO638117;C0003;CT001;1230;2022-08-04 00:00:00;2022-08-12 00:00:00;2022-06-25 00:00:00;2022-07-03 00:00:00
2022-06-23 00:00:00;SO329855;C0008;CT001;511;2022-08-18 00:00:00;2022-08-28 00:00:00;2022-06-26 00:00:00;2022-07-06 00:00:00
2022-06-23 00:00:00;SO638117;C0003;AS002;458;2022-08-04 00:00:00;2022-08-14 00:00:00;2022-06-25 00:00:00;2022-07-05 00:00:00
2022-06-23 00:00:00;SO638117;C0003;AT002;640;2022-08-04 00:00:00;2022-07-27 00:00:00;2022-06-25 00:00:00;2022-06-17 00:00:00
2022-06-23 00:00:00;SO329855;C0008;CS002;598;2022-08-18 00:00:00;2022-08-13 00:00:00;2022-06-26 00:00:00;2022-06-21 00:00:00
2022-06-23 00:00:00;SO329855;C0008;CS004;924;2022-08-18 00:00:00;2022-08-10 00:00:00;2022-06-26 00:00:00;2022-06-18 00:00:00
2022-06-23 00:00:00;SO329855;C0008;CL002;1050;2022-08-18 00:00:00;2022-08-11 00:00:00;2022-06-26 00:00:00;2022-06-19 00:00:00
2022-06-23 00:00:00;SO329855;C0008;AL002;603;2022-08-18 00:00:00;2022-08-27 00:00:00;2022-06-26 00:00:00;2022-07-05 00:00:00
2022-06-23 00:00:00;SO329855;C0008;AS001;562;2022-08-18 00:00:00;2022-08-14 00:00:00;2022-06-26 00:00:00;2022-06-22 00:00:00
2022-06-23 00:00:00;SO329855;C0008;VS004;247;2022-08-18 00:00:00;2022-08-15 00:00:00;2022-06-26 00:00:00;2022-06-23 00:00:00
2022-06-23 00:00:00;SO638117;C0003;CS004;874;2022-08-04 00:00:00;2022-08-04 00:00:00;2022-06-25 00:00:00;2022-06-25 00:00:00
2022-06-23 00:00:00;SO329855;C0008;VS005;881;2022-08-18 00:00:00;2022-08-10 00:00:00;2022-06-26 00:00:00;2022-06-18 00:00:00
2022-06-23 00:00:00;SO329855;C0008;CT003;812;2022-08-18 00:00:00;2022-08-26 00:00:00;2022-06-26 00:00:00;2022-07-04 00:00:00
2022-06-23 00:00:00;SO329855;C0008;CS001;943;2022-08-18 00:00:00;2022-08-19 00:00:00;2022-06-26 00:00:00;2022-06-27 00:00:00
2022-06-23 00:00:00;SO638117;C0003;AS004;824;2022-08-04 00:00:00;2022-07-30 00:00:00;2022-06-25 00:00:00;2022-06-20 00:00:00
2022-06-23 00:00:00;SO638117;C0003;AL001;453;2022-08-04 00:00:00;2022-08-13 00:00:00;2022-06-25 00:00:00;2022-07-04 00:00:00
2022-06-23 00:00:00;SO329855;C0008;AL001;587;2022-08-18 00:00:00;2022-08-09 00:00:00;2022-06-26 00:00:00;2022-06-17 00:00:00
2022-06-24 00:00:00;SO228635;C0002;CS002;846;2022-07-29 00:00:00;2022-07-25 00:00:00;2022-06-26 00:00:00;2022-06-22 00:00:00
2022-06-24 00:00:00;SO564077;C0013;AS001;1110;2022-07-22 00:00:00;2022-07-20 00:00:00;2022-06-28 00:00:00;2022-06-26 00:00:00
2022-06-24 00:00:00;SO564077;C0013;AL001;797;2022-07-22 00:00:00;2022-07-25 00:00:00;2022-06-28 00:00:00;2022-07-01 00:00:00
2022-06-24 00:00:00;SO228635;C0002;CT003;917;2022-07-29 00:00:00;2022-08-08 00:00:00;2022-06-26 00:00:00;2022-07-06 00:00:00
2022-06-24 00:00:00;SO228635;C0002;AT001;819;2022-07-29 00:00:00;2022-07-27 00:00:00;2022-06-26 00:00:00;2022-06-24 00:00:00
2022-06-24 00:00:00;SO564077;C0013;CL002;401;2022-07-22 00:00:00;2022-07-30 00:00:00;2022-06-28 00:00:00;2022-07-06 00:00:00
2022-06-24 00:00:00;SO228635;C0002;AS005;1183;2022-07-29 00:00:00;2022-07-25 00:00:00;2022-06-26 00:00:00;2022-06-22 00:00:00
2022-06-24 00:00:00;SO564077;C0013;CS002;772;2022-07-22 00:00:00;2022-07-25 00:00:00;2022-06-28 00:00:00;2022-07-01 00:00:00
2022-06-24 00:00:00;SO228635;C0002;CS003;940;2022-07-29 00:00:00;2022-08-08 00:00:00;2022-06-26 00:00:00;2022-07-06 00:00:00
2022-06-24 00:00:00;SO564077;C0013;AS002;890;2022-07-22 00:00:00;2022-08-01 00:00:00;2022-06-28 00:00:00;2022-07-08 00:00:00
2022-06-24 00:00:00;SO564077;C0013;CT001;1026;2022-07-22 00:00:00;2022-07-12 00:00:00;2022-06-28 00:00:00;2022-06-18 00:00:00
2022-06-24 00:00:00;SO228635;C0002;VS003;418;2022-07-29 00:00:00;2022-07-25 00:00:00;2022-06-26 00:00:00;2022-06-22 00:00:00
2022-06-24 00:00:00;SO564077;C0013;CT003;601;2022-07-22 00:00:00;2022-07-15 00:00:00;2022-06-28 00:00:00;2022-06-21 00:00:00
2022-06-24 00:00:00;SO564077;C0013;AL002;1110;2022-07-22 00:00:00;2022-07-22 00:00:00;2022-06-28 00:00:00;2022-06-28 00:00:00
2022-06-24 00:00:00;SO564077;C0013;AT001;596;2022-07-22 00:00:00;2022-07-31 00:00:00;2022-06-28 00:00:00;2022-07-07 00:00:00
2022-06-27 00:00:00;SO902939;C0026;AS001;752;2022-08-01 00:00:00;2022-08-10 00:00:00;2022-07-05 00:00:00;2022-07-14 00:00:00
2022-06-27 00:00:00;SO330346;C0004;CL002;990;2022-07-11 00:00:00;2022-07-13 00:00:00;2022-06-29 00:00:00;2022-07-01 00:00:00
2022-06-27 00:00:00;SO818532;C0013;VS002;334;2022-07-25 00:00:00;2022-07-30 00:00:00;2022-07-01 00:00:00;2022-07-06 00:00:00
2022-06-27 00:00:00;SO330346;C0004;AT001;1029;2022-07-11 00:00:00;2022-07-13 00:00:00;2022-06-29 00:00:00;2022-07-01 00:00:00
2022-06-27 00:00:00;SO330346;C0004;AS002;664;2022-07-11 00:00:00;2022-07-21 00:00:00;2022-06-29 00:00:00;2022-07-09 00:00:00
2022-06-27 00:00:00;SO330346;C0004;CS002;778;2022-07-11 00:00:00;2022-07-19 00:00:00;2022-06-29 00:00:00;2022-07-07 00:00:00
2022-06-27 00:00:00;SO818532;C0013;AL002;793;2022-07-25 00:00:00;2022-07-18 00:00:00;2022-07-01 00:00:00;2022-06-24 00:00:00
2022-06-27 00:00:00;SO818532;C0013;VS005;1137;2022-07-25 00:00:00;2022-07-28 00:00:00;2022-07-01 00:00:00;2022-07-04 00:00:00
2022-06-27 00:00:00;SO902939;C0026;VS004;933;2022-08-01 00:00:00;2022-07-31 00:00:00;2022-07-05 00:00:00;2022-07-04 00:00:00
2022-06-27 00:00:00;SO818532;C0013;CT003;266;2022-07-25 00:00:00;2022-07-15 00:00:00;2022-07-01 00:00:00;2022-06-21 00:00:00
2022-06-27 00:00:00;SO330346;C0004;AL001;662;2022-07-11 00:00:00;2022-07-10 00:00:00;2022-06-29 00:00:00;2022-06-28 00:00:00
2022-06-27 00:00:00;SO902939;C0026;VS003;956;2022-08-01 00:00:00;2022-07-31 00:00:00;2022-07-05 00:00:00;2022-07-04 00:00:00
2022-06-27 00:00:00;SO818532;C0013;AS005;1084;2022-07-25 00:00:00;2022-07-27 00:00:00;2022-07-01 00:00:00;2022-07-03 00:00:00
2022-06-27 00:00:00;SO902939;C0026;CL002;389;2022-08-01 00:00:00;2022-07-24 00:00:00;2022-07-05 00:00:00;2022-06-27 00:00:00
2022-06-28 00:00:00;SO930277;C0024;CL002;382;2022-07-26 00:00:00;2022-07-27 00:00:00;2022-07-02 00:00:00;2022-07-03 00:00:00
2022-06-28 00:00:00;SO493538;C0001;AS004;1011;2022-07-26 00:00:00;2022-07-17 00:00:00;2022-06-30 00:00:00;2022-06-21 00:00:00
2022-06-28 00:00:00;SO930277;C0024;AL002;493;2022-07-26 00:00:00;2022-07-17 00:00:00;2022-07-02 00:00:00;2022-06-23 00:00:00
2022-06-28 00:00:00;SO930277;C0024;AT001;364;2022-07-26 00:00:00;2022-07-24 00:00:00;2022-07-02 00:00:00;2022-06-30 00:00:00
2022-06-28 00:00:00;SO930277;C0024;AS001;696;2022-07-26 00:00:00;2022-07-27 00:00:00;2022-07-02 00:00:00;2022-07-03 00:00:00
2022-06-28 00:00:00;SO930277;C0024;VS005;1016;2022-07-26 00:00:00;2022-07-19 00:00:00;2022-07-02 00:00:00;2022-06-25 00:00:00
2022-06-28 00:00:00;SO493538;C0001;VS005;533;2022-07-26 00:00:00;2022-07-23 00:00:00;2022-06-30 00:00:00;2022-06-27 00:00:00
2022-06-28 00:00:00;SO493538;C0001;CS004;377;2022-07-26 00:00:00;2022-07-30 00:00:00;2022-06-30 00:00:00;2022-07-04 00:00:00
2022-06-28 00:00:00;SO930277;C0024;AT002;478;2022-07-26 00:00:00;2022-07-28 00:00:00;2022-07-02 00:00:00;2022-07-04 00:00:00
2022-06-28 00:00:00;SO930277;C0024;AS004;667;2022-07-26 00:00:00;2022-07-25 00:00:00;2022-07-02 00:00:00;2022-07-01 00:00:00
2022-06-28 00:00:00;SO493538;C0001;CS002;561;2022-07-26 00:00:00;2022-07-22 00:00:00;2022-06-30 00:00:00;2022-06-26 00:00:00
2022-06-28 00:00:00;SO930277;C0024;CT003;1096;2022-07-26 00:00:00;2022-08-01 00:00:00;2022-07-02 00:00:00;2022-07-08 00:00:00
2022-06-28 00:00:00;SO930277;C0024;CS004;465;2022-07-26 00:00:00;2022-07-19 00:00:00;2022-07-02 00:00:00;2022-06-25 00:00:00
2022-06-29 00:00:00;SO151955;C0026;CS004;929;2022-08-03 00:00:00;2022-07-25 00:00:00;2022-07-07 00:00:00;2022-06-28 00:00:00
2022-06-29 00:00:00;SO913211;C0009;AS003;430;2022-07-13 00:00:00;2022-07-11 00:00:00;2022-07-02 00:00:00;2022-06-30 00:00:00
2022-06-29 00:00:00;SO979305;C0020;VS005;275;2022-08-24 00:00:00;2022-08-14 00:00:00;2022-07-03 00:00:00;2022-06-23 00:00:00
2022-06-29 00:00:00;SO913211;C0009;AL002;581;2022-07-13 00:00:00;2022-07-15 00:00:00;2022-07-02 00:00:00;2022-07-04 00:00:00
2022-06-29 00:00:00;SO913211;C0009;CS003;366;2022-07-13 00:00:00;2022-07-18 00:00:00;2022-07-02 00:00:00;2022-07-07 00:00:00
2022-06-29 00:00:00;SO979305;C0020;AS001;670;2022-08-24 00:00:00;2022-08-18 00:00:00;2022-07-03 00:00:00;2022-06-27 00:00:00
2022-06-29 00:00:00;SO913211;C0009;AL001;568;2022-07-13 00:00:00;2022-07-16 00:00:00;2022-07-02 00:00:00;2022-07-05 00:00:00
2022-06-29 00:00:00;SO151955;C0026;AL002;1071;2022-08-03 00:00:00;2022-08-10 00:00:00;2022-07-07 00:00:00;2022-07-14 00:00:00
2022-06-29 00:00:00;SO979305;C0020;CS003;330;2022-08-24 00:00:00;2022-08-19 00:00:00;2022-07-03 00:00:00;2022-06-28 00:00:00
2022-06-29 00:00:00;SO913211;C0009;AS002;1134;2022-07-13 00:00:00;2022-07-18 00:00:00;2022-07-02 00:00:00;2022-07-07 00:00:00
2022-06-29 00:00:00;SO979305;C0020;CS001;601;2022-08-24 00:00:00;2022-09-02 00:00:00;2022-07-03 00:00:00;2022-07-12 00:00:00
2022-06-29 00:00:00;SO913211;C0009;VS005;620;2022-07-13 00:00:00;2022-07-16 00:00:00;2022-07-02 00:00:00;2022-07-05 00:00:00
2022-06-29 00:00:00;SO151955;C0026;AT002;422;2022-08-03 00:00:00;2022-07-25 00:00:00;2022-07-07 00:00:00;2022-06-28 00:00:00
2022-06-29 00:00:00;SO151955;C0026;CL002;1059;2022-08-03 00:00:00;2022-07-24 00:00:00;2022-07-07 00:00:00;2022-06-27 00:00:00
2022-06-29 00:00:00;SO979305;C0020;AS003;470;2022-08-24 00:00:00;2022-08-19 00:00:00;2022-07-03 00:00:00;2022-06-28 00:00:00
2022-06-29 00:00:00;SO979305;C0020;CT003;957;2022-08-24 00:00:00;2022-09-02 00:00:00;2022-07-03 00:00:00;2022-07-12 00:00:00
2022-06-29 00:00:00;SO913211;C0009;VS003;930;2022-07-13 00:00:00;2022-07-03 00:00:00;2022-07-02 00:00:00;2022-06-22 00:00:00
2022-06-29 00:00:00;SO979305;C0020;AS004;542;2022-08-24 00:00:00;2022-08-22 00:00:00;2022-07-03 00:00:00;2022-07-01 00:00:00
2022-06-29 00:00:00;SO151955;C0026;VS002;699;2022-08-03 00:00:00;2022-07-26 00:00:00;2022-07-07 00:00:00;2022-06-29 00:00:00
2022-06-29 00:00:00;SO913211;C0009;VS004;599;2022-07-13 00:00:00;2022-07-09 00:00:00;2022-07-02 00:00:00;2022-06-28 00:00:00
2022-06-30 00:00:00;SO637845;C0001;VS005;987;2022-07-28 00:00:00;2022-08-07 00:00:00;2022-07-02 00:00:00;2022-07-12 00:00:00
2022-06-30 00:00:00;SO673853;C0005;CS003;890;2022-08-25 00:00:00;2022-08-30 00:00:00;2022-07-02 00:00:00;2022-07-07 00:00:00
2022-06-30 00:00:00;SO158024;C0017;AS003;291;2022-08-25 00:00:00;2022-08-29 00:00:00;2022-07-04 00:00:00;2022-07-08 00:00:00
2022-06-30 00:00:00;SO673853;C0005;AT002;621;2022-08-25 00:00:00;2022-09-01 00:00:00;2022-07-02 00:00:00;2022-07-09 00:00:00
2022-06-30 00:00:00;SO637845;C0001;VS004;873;2022-07-28 00:00:00;2022-07-28 00:00:00;2022-07-02 00:00:00;2022-07-02 00:00:00
2022-06-30 00:00:00;SO637845;C0001;VS003;997;2022-07-28 00:00:00;2022-07-31 00:00:00;2022-07-02 00:00:00;2022-07-05 00:00:00
2022-06-30 00:00:00;SO158024;C0017;AL001;404;2022-08-25 00:00:00;2022-08-25 00:00:00;2022-07-04 00:00:00;2022-07-04 00:00:00
2022-06-30 00:00:00;SO637845;C0001;CS002;1103;2022-07-28 00:00:00;2022-07-28 00:00:00;2022-07-02 00:00:00;2022-07-02 00:00:00
2022-06-30 00:00:00;SO673853;C0005;VS005;906;2022-08-25 00:00:00;2022-08-26 00:00:00;2022-07-02 00:00:00;2022-07-03 00:00:00
2022-06-30 00:00:00;SO158024;C0017;CS001;520;2022-08-25 00:00:00;2022-08-21 00:00:00;2022-07-04 00:00:00;2022-06-30 00:00:00
2022-06-30 00:00:00;SO673853;C0005;CT003;632;2022-08-25 00:00:00;2022-08-21 00:00:00;2022-07-02 00:00:00;2022-06-28 00:00:00
2022-06-30 00:00:00;SO637845;C0001;AS003;1033;2022-07-28 00:00:00;2022-08-01 00:00:00;2022-07-02 00:00:00;2022-07-06 00:00:00
2022-06-30 00:00:00;SO158024;C0017;CT001;568;2022-08-25 00:00:00;2022-08-17 00:00:00;2022-07-04 00:00:00;2022-06-26 00:00:00
2022-07-01 00:00:00;SO990361;C0004;CT003;532;2022-07-15 00:00:00;2022-07-21 00:00:00;2022-07-03 00:00:00;2022-07-09 00:00:00
2022-07-01 00:00:00;SO371914;C0016;CT001;702;2022-07-15 00:00:00;2022-07-23 00:00:00;2022-07-05 00:00:00;2022-07-13 00:00:00
2022-07-01 00:00:00;SO518444;C0017;CS001;428;2022-08-26 00:00:00;2022-08-25 00:00:00;2022-07-05 00:00:00;2022-07-04 00:00:00
2022-07-01 00:00:00;SO518444;C0017;AS004;354;2022-08-26 00:00:00;2022-09-04 00:00:00;2022-07-05 00:00:00;2022-07-14 00:00:00
2022-07-01 00:00:00;SO371914;C0016;AS003;579;2022-07-15 00:00:00;2022-07-06 00:00:00;2022-07-05 00:00:00;2022-06-26 00:00:00
2022-07-01 00:00:00;SO518444;C0017;CS003;367;2022-08-26 00:00:00;2022-08-25 00:00:00;2022-07-05 00:00:00;2022-07-04 00:00:00
2022-07-01 00:00:00;SO371914;C0016;VS004;1069;2022-07-15 00:00:00;2022-07-11 00:00:00;2022-07-05 00:00:00;2022-07-01 00:00:00
2022-07-01 00:00:00;SO990361;C0004;AS003;1032;2022-07-15 00:00:00;2022-07-07 00:00:00;2022-07-03 00:00:00;2022-06-25 00:00:00
2022-07-01 00:00:00;SO518444;C0017;AL002;861;2022-08-26 00:00:00;2022-08-22 00:00:00;2022-07-05 00:00:00;2022-07-01 00:00:00
2022-07-01 00:00:00;SO371914;C0016;AL002;830;2022-07-15 00:00:00;2022-07-07 00:00:00;2022-07-05 00:00:00;2022-06-27 00:00:00
2022-07-01 00:00:00;SO990361;C0004;AT001;463;2022-07-15 00:00:00;2022-07-21 00:00:00;2022-07-03 00:00:00;2022-07-09 00:00:00
2022-07-01 00:00:00;SO371914;C0016;AS001;463;2022-07-15 00:00:00;2022-07-06 00:00:00;2022-07-05 00:00:00;2022-06-26 00:00:00
2022-07-01 00:00:00;SO371914;C0016;AS004;905;2022-07-15 00:00:00;2022-07-08 00:00:00;2022-07-05 00:00:00;2022-06-28 00:00:00
2022-07-01 00:00:00;SO371914;C0016;CS003;976;2022-07-15 00:00:00;2022-07-09 00:00:00;2022-07-05 00:00:00;2022-06-29 00:00:00
2022-07-01 00:00:00;SO371914;C0016;CS001;602;2022-07-15 00:00:00;2022-07-15 00:00:00;2022-07-05 00:00:00;2022-07-05 00:00:00
2022-07-04 00:00:00;SO389541;C0008;AL002;450;2022-08-29 00:00:00;2022-09-04 00:00:00;2022-07-07 00:00:00;2022-07-13 00:00:00
2022-07-04 00:00:00;SO607651;C0007;AS004;814;2022-09-05 00:00:00;2022-08-27 00:00:00;2022-07-07 00:00:00;2022-06-28 00:00:00
2022-07-04 00:00:00;SO433000;C0004;AL002;489;2022-07-18 00:00:00;2022-07-11 00:00:00;2022-07-06 00:00:00;2022-06-29 00:00:00
2022-07-04 00:00:00;SO200977;C0013;AS003;1019;2022-08-01 00:00:00;2022-07-29 00:00:00;2022-07-08 00:00:00;2022-07-05 00:00:00
2022-07-04 00:00:00;SO433000;C0004;AS001;683;2022-07-18 00:00:00;2022-07-15 00:00:00;2022-07-06 00:00:00;2022-07-03 00:00:00
2022-07-04 00:00:00;SO389541;C0008;CT003;1030;2022-08-29 00:00:00;2022-08-28 00:00:00;2022-07-07 00:00:00;2022-07-06 00:00:00
2022-07-04 00:00:00;SO200977;C0013;VS005;695;2022-08-01 00:00:00;2022-08-04 00:00:00;2022-07-08 00:00:00;2022-07-11 00:00:00
2022-07-04 00:00:00;SO389541;C0008;AS001;332;2022-08-29 00:00:00;2022-09-05 00:00:00;2022-07-07 00:00:00;2022-07-14 00:00:00
2022-07-04 00:00:00;SO389541;C0008;CS001;838;2022-08-29 00:00:00;2022-08-27 00:00:00;2022-07-07 00:00:00;2022-07-05 00:00:00
2022-07-04 00:00:00;SO607651;C0007;VS003;530;2022-09-05 00:00:00;2022-08-31 00:00:00;2022-07-07 00:00:00;2022-07-02 00:00:00
2022-07-04 00:00:00;SO433000;C0004;AS003;430;2022-07-18 00:00:00;2022-07-09 00:00:00;2022-07-06 00:00:00;2022-06-27 00:00:00
2022-07-04 00:00:00;SO607651;C0007;AS003;943;2022-09-05 00:00:00;2022-09-11 00:00:00;2022-07-07 00:00:00;2022-07-13 00:00:00
2022-07-04 00:00:00;SO389541;C0008;AT001;574;2022-08-29 00:00:00;2022-09-07 00:00:00;2022-07-07 00:00:00;2022-07-16 00:00:00
2022-07-04 00:00:00;SO433000;C0004;AS002;446;2022-07-18 00:00:00;2022-07-14 00:00:00;2022-07-06 00:00:00;2022-07-02 00:00:00
2022-07-04 00:00:00;SO200977;C0013;AL002;777;2022-08-01 00:00:00;2022-08-05 00:00:00;2022-07-08 00:00:00;2022-07-12 00:00:00
2022-07-04 00:00:00;SO433000;C0004;CS003;955;2022-07-18 00:00:00;2022-07-28 00:00:00;2022-07-06 00:00:00;2022-07-16 00:00:00
2022-07-04 00:00:00;SO433000;C0004;AT001;839;2022-07-18 00:00:00;2022-07-09 00:00:00;2022-07-06 00:00:00;2022-06-27 00:00:00
2022-07-04 00:00:00;SO200977;C0013;VS003;423;2022-08-01 00:00:00;2022-07-31 00:00:00;2022-07-08 00:00:00;2022-07-07 00:00:00
2022-07-05 00:00:00;SO629527;C0015;VS003;519;2022-08-16 00:00:00;2022-08-11 00:00:00;2022-07-09 00:00:00;2022-07-04 00:00:00
2022-07-05 00:00:00;SO789112;C0007;CS001;831;2022-09-06 00:00:00;2022-09-14 00:00:00;2022-07-08 00:00:00;2022-07-16 00:00:00
2022-07-05 00:00:00;SO445409;C0013;CT001;557;2022-08-02 00:00:00;2022-08-09 00:00:00;2022-07-09 00:00:00;2022-07-16 00:00:00
2022-07-05 00:00:00;SO799050;C0005;AS003;464;2022-08-30 00:00:00;2022-09-07 00:00:00;2022-07-07 00:00:00;2022-07-15 00:00:00
2022-07-05 00:00:00;SO629527;C0015;CS003;389;2022-08-16 00:00:00;2022-08-19 00:00:00;2022-07-09 00:00:00;2022-07-12 00:00:00
2022-07-05 00:00:00;SO789112;C0007;VS004;864;2022-09-06 00:00:00;2022-09-16 00:00:00;2022-07-08 00:00:00;2022-07-18 00:00:00
2022-07-05 00:00:00;SO445409;C0013;CS001;559;2022-08-02 00:00:00;2022-07-24 00:00:00;2022-07-09 00:00:00;2022-06-30 00:00:00
2022-07-05 00:00:00;SO629527;C0015;CS001;574;2022-08-16 00:00:00;2022-08-13 00:00:00;2022-07-09 00:00:00;2022-07-06 00:00:00
2022-07-05 00:00:00;SO445409;C0013;CS003;718;2022-08-02 00:00:00;2022-08-04 00:00:00;2022-07-09 00:00:00;2022-07-11 00:00:00
2022-07-05 00:00:00;SO789112;C0007;AL002;949;2022-09-06 00:00:00;2022-09-12 00:00:00;2022-07-08 00:00:00;2022-07-14 00:00:00
2022-07-05 00:00:00;SO445409;C0013;VS005;1193;2022-08-02 00:00:00;2022-08-02 00:00:00;2022-07-09 00:00:00;2022-07-09 00:00:00
2022-07-05 00:00:00;SO789112;C0007;AT001;1030;2022-09-06 00:00:00;2022-09-11 00:00:00;2022-07-08 00:00:00;2022-07-13 00:00:00
2022-07-06 00:00:00;SO439588;C0016;CS001;758;2022-07-20 00:00:00;2022-07-14 00:00:00;2022-07-10 00:00:00;2022-07-04 00:00:00
2022-07-06 00:00:00;SO598026;C0012;VS005;935;2022-08-03 00:00:00;2022-07-24 00:00:00;2022-07-09 00:00:00;2022-06-29 00:00:00
2022-07-06 00:00:00;SO110240;C0021;CT003;360;2022-07-20 00:00:00;2022-07-18 00:00:00;2022-07-10 00:00:00;2022-07-08 00:00:00
2022-07-06 00:00:00;SO508701;C0028;AT001;448;2022-07-20 00:00:00;2022-07-18 00:00:00;2022-07-14 00:00:00;2022-07-12 00:00:00
2022-07-06 00:00:00;SO598026;C0012;CT001;1021;2022-08-03 00:00:00;2022-08-13 00:00:00;2022-07-09 00:00:00;2022-07-19 00:00:00
2022-07-06 00:00:00;SO439588;C0016;AS002;398;2022-07-20 00:00:00;2022-07-20 00:00:00;2022-07-10 00:00:00;2022-07-10 00:00:00
2022-07-06 00:00:00;SO598026;C0012;AL002;992;2022-08-03 00:00:00;2022-08-01 00:00:00;2022-07-09 00:00:00;2022-07-07 00:00:00
2022-07-06 00:00:00;SO439588;C0016;VS004;1012;2022-07-20 00:00:00;2022-07-15 00:00:00;2022-07-10 00:00:00;2022-07-05 00:00:00
2022-07-06 00:00:00;SO508701;C0028;CS001;435;2022-07-20 00:00:00;2022-07-13 00:00:00;2022-07-14 00:00:00;2022-07-07 00:00:00
2022-07-06 00:00:00;SO110240;C0021;AS002;619;2022-07-20 00:00:00;2022-07-25 00:00:00;2022-07-10 00:00:00;2022-07-15 00:00:00
2022-07-06 00:00:00;SO439588;C0016;AL002;366;2022-07-20 00:00:00;2022-07-19 00:00:00;2022-07-10 00:00:00;2022-07-09 00:00:00
2022-07-06 00:00:00;SO598026;C0012;CS001;943;2022-08-03 00:00:00;2022-08-03 00:00:00;2022-07-09 00:00:00;2022-07-09 00:00:00
2022-07-06 00:00:00;SO508701;C0028;AS001;442;2022-07-20 00:00:00;2022-07-23 00:00:00;2022-07-14 00:00:00;2022-07-17 00:00:00
2022-07-06 00:00:00;SO110240;C0021;VS004;300;2022-07-20 00:00:00;2022-07-27 00:00:00;2022-07-10 00:00:00;2022-07-17 00:00:00
2022-07-06 00:00:00;SO110240;C0021;AS001;341;2022-07-20 00:00:00;2022-07-15 00:00:00;2022-07-10 00:00:00;2022-07-05 00:00:00
2022-07-06 00:00:00;SO508701;C0028;CT001;491;2022-07-20 00:00:00;2022-07-23 00:00:00;2022-07-14 00:00:00;2022-07-17 00:00:00
2022-07-06 00:00:00;SO598026;C0012;VS003;935;2022-08-03 00:00:00;2022-07-28 00:00:00;2022-07-09 00:00:00;2022-07-03 00:00:00
2022-07-07 00:00:00;SO709710;C0030;AS001;1077;2022-09-08 00:00:00;2022-09-13 00:00:00;2022-07-15 00:00:00;2022-07-20 00:00:00
2022-07-07 00:00:00;SO611261;C0018;AS001;620;2022-09-08 00:00:00;2022-09-03 00:00:00;2022-07-11 00:00:00;2022-07-06 00:00:00
2022-07-07 00:00:00;SO861691;C0019;CT003;626;2022-09-08 00:00:00;2022-09-09 00:00:00;2022-07-11 00:00:00;2022-07-12 00:00:00
2022-07-07 00:00:00;SO698243;C0011;AS001;991;2022-08-11 00:00:00;2022-08-14 00:00:00;2022-07-10 00:00:00;2022-07-13 00:00:00
2022-07-07 00:00:00;SO698243;C0011;CS003;938;2022-08-11 00:00:00;2022-08-01 00:00:00;2022-07-10 00:00:00;2022-06-30 00:00:00
2022-07-07 00:00:00;SO611261;C0018;AS004;619;2022-09-08 00:00:00;2022-09-16 00:00:00;2022-07-11 00:00:00;2022-07-19 00:00:00
2022-07-07 00:00:00;SO611261;C0018;AS003;855;2022-09-08 00:00:00;2022-09-05 00:00:00;2022-07-11 00:00:00;2022-07-08 00:00:00
2022-07-07 00:00:00;SO698243;C0011;AL002;389;2022-08-11 00:00:00;2022-08-08 00:00:00;2022-07-10 00:00:00;2022-07-07 00:00:00
2022-07-07 00:00:00;SO611261;C0018;AL002;464;2022-09-08 00:00:00;2022-09-06 00:00:00;2022-07-11 00:00:00;2022-07-09 00:00:00
2022-07-07 00:00:00;SO698243;C0011;AS003;897;2022-08-11 00:00:00;2022-08-06 00:00:00;2022-07-10 00:00:00;2022-07-05 00:00:00
2022-07-07 00:00:00;SO611261;C0018;CT003;1125;2022-09-08 00:00:00;2022-09-14 00:00:00;2022-07-11 00:00:00;2022-07-17 00:00:00
2022-07-07 00:00:00;SO698243;C0011;CT003;844;2022-08-11 00:00:00;2022-08-16 00:00:00;2022-07-10 00:00:00;2022-07-15 00:00:00
2022-07-07 00:00:00;SO861691;C0019;AT001;1079;2022-09-08 00:00:00;2022-08-31 00:00:00;2022-07-11 00:00:00;2022-07-03 00:00:00
2022-07-07 00:00:00;SO861691;C0019;AS001;909;2022-09-08 00:00:00;2022-09-05 00:00:00;2022-07-11 00:00:00;2022-07-08 00:00:00
2022-07-07 00:00:00;SO861691;C0019;VS005;480;2022-09-08 00:00:00;2022-09-11 00:00:00;2022-07-11 00:00:00;2022-07-14 00:00:00
2022-07-08 00:00:00;SO371442;C0011;AS002;781;2022-08-12 00:00:00;2022-08-11 00:00:00;2022-07-11 00:00:00;2022-07-10 00:00:00
2022-07-08 00:00:00;SO890109;C0030;AS001;1131;2022-09-09 00:00:00;2022-09-14 00:00:00;2022-07-16 00:00:00;2022-07-21 00:00:00
2022-07-08 00:00:00;SO890109;C0030;AS002;1202;2022-09-09 00:00:00;2022-09-16 00:00:00;2022-07-16 00:00:00;2022-07-23 00:00:00
2022-07-08 00:00:00;SO890109;C0030;AL002;616;2022-09-09 00:00:00;2022-09-06 00:00:00;2022-07-16 00:00:00;2022-07-13 00:00:00
2022-07-08 00:00:00;SO890109;C0030;VS004;873;2022-09-09 00:00:00;2022-09-13 00:00:00;2022-07-16 00:00:00;2022-07-20 00:00:00
2022-07-08 00:00:00;SO890109;C0030;CS001;279;2022-09-09 00:00:00;2022-09-08 00:00:00;2022-07-16 00:00:00;2022-07-15 00:00:00
2022-07-08 00:00:00;SO371442;C0011;AL002;310;2022-08-12 00:00:00;2022-08-18 00:00:00;2022-07-11 00:00:00;2022-07-17 00:00:00
2022-07-08 00:00:00;SO371442;C0011;VS004;470;2022-08-12 00:00:00;2022-08-08 00:00:00;2022-07-11 00:00:00;2022-07-07 00:00:00
2022-07-08 00:00:00;SO890109;C0030;VS005;407;2022-09-09 00:00:00;2022-09-02 00:00:00;2022-07-16 00:00:00;2022-07-09 00:00:00
2022-07-08 00:00:00;SO371442;C0011;AS004;571;2022-08-12 00:00:00;2022-08-16 00:00:00;2022-07-11 00:00:00;2022-07-15 00:00:00
2022-07-08 00:00:00;SO371442;C0011;CT001;794;2022-08-12 00:00:00;2022-08-13 00:00:00;2022-07-11 00:00:00;2022-07-12 00:00:00
2022-07-08 00:00:00;SO890109;C0030;AS003;585;2022-09-09 00:00:00;2022-09-06 00:00:00;2022-07-16 00:00:00;2022-07-13 00:00:00
2022-07-08 00:00:00;SO890109;C0030;VS003;651;2022-09-09 00:00:00;2022-09-01 00:00:00;2022-07-16 00:00:00;2022-07-08 00:00:00
2022-07-08 00:00:00;SO371442;C0011;VS005;970;2022-08-12 00:00:00;2022-08-22 00:00:00;2022-07-11 00:00:00;2022-07-21 00:00:00
2022-07-08 00:00:00;SO371442;C0011;AS001;480;2022-08-12 00:00:00;2022-08-17 00:00:00;2022-07-11 00:00:00;2022-07-16 00:00:00
2022-07-08 00:00:00;SO371442;C0011;AT001;695;2022-08-12 00:00:00;2022-08-21 00:00:00;2022-07-11 00:00:00;2022-07-20 00:00:00
2022-07-11 00:00:00;SO295884;C0013;CT001;361;2022-08-08 00:00:00;2022-08-13 00:00:00;2022-07-15 00:00:00;2022-07-20 00:00:00
2022-07-11 00:00:00;SO687504;C0026;AS001;380;2022-08-15 00:00:00;2022-08-21 00:00:00;2022-07-19 00:00:00;2022-07-25 00:00:00
2022-07-11 00:00:00;SO699054;C0029;AS002;776;2022-09-05 00:00:00;2022-08-28 00:00:00;2022-07-19 00:00:00;2022-07-11 00:00:00
2022-07-11 00:00:00;SO295884;C0013;AS001;558;2022-08-08 00:00:00;2022-08-07 00:00:00;2022-07-15 00:00:00;2022-07-14 00:00:00
2022-07-11 00:00:00;SO687504;C0026;AL002;350;2022-08-15 00:00:00;2022-08-17 00:00:00;2022-07-19 00:00:00;2022-07-21 00:00:00
2022-07-11 00:00:00;SO699054;C0029;CS001;421;2022-09-05 00:00:00;2022-09-15 00:00:00;2022-07-19 00:00:00;2022-07-29 00:00:00
2022-07-11 00:00:00;SO687504;C0026;VS003;1179;2022-08-15 00:00:00;2022-08-12 00:00:00;2022-07-19 00:00:00;2022-07-16 00:00:00
2022-07-11 00:00:00;SO295884;C0013;AT001;1189;2022-08-08 00:00:00;2022-08-09 00:00:00;2022-07-15 00:00:00;2022-07-16 00:00:00
2022-07-11 00:00:00;SO295884;C0013;AL002;552;2022-08-08 00:00:00;2022-08-08 00:00:00;2022-07-15 00:00:00;2022-07-15 00:00:00
2022-07-11 00:00:00;SO687504;C0026;CS001;647;2022-08-15 00:00:00;2022-08-11 00:00:00;2022-07-19 00:00:00;2022-07-15 00:00:00
2022-07-11 00:00:00;SO687504;C0026;VS005;627;2022-08-15 00:00:00;2022-08-17 00:00:00;2022-07-19 00:00:00;2022-07-21 00:00:00
2022-07-11 00:00:00;SO295884;C0013;AS002;1126;2022-08-08 00:00:00;2022-08-14 00:00:00;2022-07-15 00:00:00;2022-07-21 00:00:00
2022-07-11 00:00:00;SO699054;C0029;CT003;621;2022-09-05 00:00:00;2022-09-10 00:00:00;2022-07-19 00:00:00;2022-07-24 00:00:00
2022-07-11 00:00:00;SO699054;C0029;VS005;984;2022-09-05 00:00:00;2022-09-10 00:00:00;2022-07-19 00:00:00;2022-07-24 00:00:00
2022-07-11 00:00:00;SO687504;C0026;CT003;525;2022-08-15 00:00:00;2022-08-24 00:00:00;2022-07-19 00:00:00;2022-07-28 00:00:00
2022-07-11 00:00:00;SO295884;C0013;VS004;272;2022-08-08 00:00:00;2022-08-03 00:00:00;2022-07-15 00:00:00;2022-07-10 00:00:00
2022-07-12 00:00:00;SO891425;C0022;AS004;596;2022-08-23 00:00:00;2022-08-16 00:00:00;2022-07-16 00:00:00;2022-07-09 00:00:00
2022-07-12 00:00:00;SO548370;C0020;AS002;701;2022-09-06 00:00:00;2022-08-29 00:00:00;2022-07-16 00:00:00;2022-07-08 00:00:00
2022-07-12 00:00:00;SO454471;C0014;AS001;930;2022-08-16 00:00:00;2022-08-16 00:00:00;2022-07-16 00:00:00;2022-07-16 00:00:00
2022-07-12 00:00:00;SO423978;C0007;AS001;975;2022-09-13 00:00:00;2022-09-14 00:00:00;2022-07-15 00:00:00;2022-07-16 00:00:00
2022-07-12 00:00:00;SO423978;C0007;VS004;460;2022-09-13 00:00:00;2022-09-20 00:00:00;2022-07-15 00:00:00;2022-07-22 00:00:00
2022-07-12 00:00:00;SO423978;C0007;AS004;943;2022-09-13 00:00:00;2022-09-21 00:00:00;2022-07-15 00:00:00;2022-07-23 00:00:00
2022-07-12 00:00:00;SO423978;C0007;AL002;683;2022-09-13 00:00:00;2022-09-06 00:00:00;2022-07-15 00:00:00;2022-07-08 00:00:00
2022-07-12 00:00:00;SO423978;C0007;CS003;696;2022-09-13 00:00:00;2022-09-09 00:00:00;2022-07-15 00:00:00;2022-07-11 00:00:00
2022-07-12 00:00:00;SO454471;C0014;CS003;581;2022-08-16 00:00:00;2022-08-24 00:00:00;2022-07-16 00:00:00;2022-07-24 00:00:00
2022-07-12 00:00:00;SO891425;C0022;VS004;957;2022-08-23 00:00:00;2022-08-21 00:00:00;2022-07-16 00:00:00;2022-07-14 00:00:00
2022-07-12 00:00:00;SO454471;C0014;AS003;833;2022-08-16 00:00:00;2022-08-17 00:00:00;2022-07-16 00:00:00;2022-07-17 00:00:00
2022-07-12 00:00:00;SO454471;C0014;VS005;301;2022-08-16 00:00:00;2022-08-20 00:00:00;2022-07-16 00:00:00;2022-07-20 00:00:00
2022-07-12 00:00:00;SO423978;C0007;VS003;435;2022-09-13 00:00:00;2022-09-09 00:00:00;2022-07-15 00:00:00;2022-07-11 00:00:00
2022-07-12 00:00:00;SO548370;C0020;AS004;902;2022-09-06 00:00:00;2022-09-12 00:00:00;2022-07-16 00:00:00;2022-07-22 00:00:00
2022-07-12 00:00:00;SO548370;C0020;VS003;827;2022-09-06 00:00:00;2022-09-05 00:00:00;2022-07-16 00:00:00;2022-07-15 00:00:00
2022-07-12 00:00:00;SO454471;C0014;AL002;921;2022-08-16 00:00:00;2022-08-14 00:00:00;2022-07-16 00:00:00;2022-07-14 00:00:00
2022-07-12 00:00:00;SO423978;C0007;AT001;885;2022-09-13 00:00:00;2022-09-05 00:00:00;2022-07-15 00:00:00;2022-07-07 00:00:00
2022-07-13 00:00:00;SO118668;C0025;VS003;735;2022-08-10 00:00:00;2022-08-02 00:00:00;2022-07-21 00:00:00;2022-07-13 00:00:00
2022-07-13 00:00:00;SO255035;C0018;VS003;284;2022-09-14 00:00:00;2022-09-13 00:00:00;2022-07-17 00:00:00;2022-07-16 00:00:00
2022-07-13 00:00:00;SO955859;C0013;AS003;1065;2022-08-10 00:00:00;2022-08-05 00:00:00;2022-07-17 00:00:00;2022-07-12 00:00:00
2022-07-13 00:00:00;SO255035;C0018;VS004;649;2022-09-14 00:00:00;2022-09-23 00:00:00;2022-07-17 00:00:00;2022-07-26 00:00:00
2022-07-13 00:00:00;SO955859;C0013;VS004;948;2022-08-10 00:00:00;2022-08-08 00:00:00;2022-07-17 00:00:00;2022-07-15 00:00:00
2022-07-13 00:00:00;SO955859;C0013;AS001;1019;2022-08-10 00:00:00;2022-07-31 00:00:00;2022-07-17 00:00:00;2022-07-07 00:00:00
2022-07-13 00:00:00;SO955859;C0013;CT003;845;2022-08-10 00:00:00;2022-08-20 00:00:00;2022-07-17 00:00:00;2022-07-27 00:00:00
2022-07-13 00:00:00;SO118668;C0025;AS001;1043;2022-08-10 00:00:00;2022-08-16 00:00:00;2022-07-21 00:00:00;2022-07-27 00:00:00
2022-07-13 00:00:00;SO255035;C0018;VS005;519;2022-09-14 00:00:00;2022-09-24 00:00:00;2022-07-17 00:00:00;2022-07-27 00:00:00
2022-07-13 00:00:00;SO955859;C0013;CT001;990;2022-08-10 00:00:00;2022-08-07 00:00:00;2022-07-17 00:00:00;2022-07-14 00:00:00
2022-07-13 00:00:00;SO955859;C0013;VS005;752;2022-08-10 00:00:00;2022-08-18 00:00:00;2022-07-17 00:00:00;2022-07-25 00:00:00
2022-07-13 00:00:00;SO118668;C0025;CS001;1032;2022-08-10 00:00:00;2022-08-06 00:00:00;2022-07-21 00:00:00;2022-07-17 00:00:00
2022-07-13 00:00:00;SO955859;C0013;CS001;831;2022-08-10 00:00:00;2022-08-07 00:00:00;2022-07-17 00:00:00;2022-07-14 00:00:00
2022-07-13 00:00:00;SO255035;C0018;CT003;861;2022-09-14 00:00:00;2022-09-07 00:00:00;2022-07-17 00:00:00;2022-07-10 00:00:00
2022-07-13 00:00:00;SO255035;C0018;AS002;721;2022-09-14 00:00:00;2022-09-11 00:00:00;2022-07-17 00:00:00;2022-07-14 00:00:00
2022-07-13 00:00:00;SO118668;C0025;AS002;600;2022-08-10 00:00:00;2022-08-05 00:00:00;2022-07-21 00:00:00;2022-07-16 00:00:00
2022-07-13 00:00:00;SO255035;C0018;AS001;432;2022-09-14 00:00:00;2022-09-05 00:00:00;2022-07-17 00:00:00;2022-07-08 00:00:00
2022-07-13 00:00:00;SO255035;C0018;CS003;384;2022-09-14 00:00:00;2022-09-24 00:00:00;2022-07-17 00:00:00;2022-07-27 00:00:00
2022-07-13 00:00:00;SO118668;C0025;CT001;780;2022-08-10 00:00:00;2022-08-16 00:00:00;2022-07-21 00:00:00;2022-07-27 00:00:00
2022-07-13 00:00:00;SO955859;C0013;AT001;318;2022-08-10 00:00:00;2022-08-01 00:00:00;2022-07-17 00:00:00;2022-07-08 00:00:00
2022-07-14 00:00:00;SO527461;C0016;CS001;432;2022-07-28 00:00:00;2022-07-27 00:00:00;2022-07-18 00:00:00;2022-07-17 00:00:00
2022-07-14 00:00:00;SO150714;C0004;AS003;1331;2022-07-28 00:00:00;2022-08-05 00:00:00;2022-07-16 00:00:00;2022-07-24 00:00:00
2022-07-14 00:00:00;SO527461;C0016;AT001;279;2022-07-28 00:00:00;2022-07-26 00:00:00;2022-07-18 00:00:00;2022-07-16 00:00:00
2022-07-14 00:00:00;SO150714;C0004;AT001;1006;2022-07-28 00:00:00;2022-08-07 00:00:00;2022-07-16 00:00:00;2022-07-26 00:00:00
2022-07-14 00:00:00;SO150714;C0004;AS004;594;2022-07-28 00:00:00;2022-07-28 00:00:00;2022-07-16 00:00:00;2022-07-16 00:00:00
2022-07-14 00:00:00;SO150714;C0004;VS005;970;2022-07-28 00:00:00;2022-07-25 00:00:00;2022-07-16 00:00:00;2022-07-13 00:00:00
2022-07-14 00:00:00;SO150714;C0004;AS001;696;2022-07-28 00:00:00;2022-07-24 00:00:00;2022-07-16 00:00:00;2022-07-12 00:00:00
2022-07-14 00:00:00;SO527461;C0016;CS003;437;2022-07-28 00:00:00;2022-08-04 00:00:00;2022-07-18 00:00:00;2022-07-25 00:00:00
2022-07-14 00:00:00;SO527461;C0016;AS003;596;2022-07-28 00:00:00;2022-07-18 00:00:00;2022-07-18 00:00:00;2022-07-08 00:00:00
2022-07-14 00:00:00;SO150714;C0004;AL002;677;2022-07-28 00:00:00;2022-07-18 00:00:00;2022-07-16 00:00:00;2022-07-06 00:00:00
2022-07-14 00:00:00;SO150714;C0004;CT003;582;2022-07-28 00:00:00;2022-07-18 00:00:00;2022-07-16 00:00:00;2022-07-06 00:00:00
2022-07-14 00:00:00;SO527461;C0016;CT001;1024;2022-07-28 00:00:00;2022-07-25 00:00:00;2022-07-18 00:00:00;2022-07-15 00:00:00
2022-07-15 00:00:00;SO820184;C0007;CT003;423;2022-09-16 00:00:00;2022-09-12 00:00:00;2022-07-18 00:00:00;2022-07-14 00:00:00
2022-07-15 00:00:00;SO205605;C0005;VS003;798;2022-09-09 00:00:00;2022-09-06 00:00:00;2022-07-17 00:00:00;2022-07-14 00:00:00
2022-07-15 00:00:00;SO641865;C0024;VS004;722;2022-08-12 00:00:00;2022-08-16 00:00:00;2022-07-19 00:00:00;2022-07-23 00:00:00
2022-07-15 00:00:00;SO641865;C0024;AT001;906;2022-08-12 00:00:00;2022-08-09 00:00:00;2022-07-19 00:00:00;2022-07-16 00:00:00
2022-07-15 00:00:00;SO641865;C0024;VS003;1120;2022-08-12 00:00:00;2022-08-19 00:00:00;2022-07-19 00:00:00;2022-07-26 00:00:00
2022-07-15 00:00:00;SO641865;C0024;AS003;355;2022-08-12 00:00:00;2022-08-06 00:00:00;2022-07-19 00:00:00;2022-07-13 00:00:00
2022-07-15 00:00:00;SO641865;C0024;AS001;288;2022-08-12 00:00:00;2022-08-03 00:00:00;2022-07-19 00:00:00;2022-07-10 00:00:00
2022-07-15 00:00:00;SO641865;C0024;CS001;598;2022-08-12 00:00:00;2022-08-11 00:00:00;2022-07-19 00:00:00;2022-07-18 00:00:00
2022-07-15 00:00:00;SO641865;C0024;CS003;596;2022-08-12 00:00:00;2022-08-14 00:00:00;2022-07-19 00:00:00;2022-07-21 00:00:00
2022-07-15 00:00:00;SO820184;C0007;VS004;560;2022-09-16 00:00:00;2022-09-22 00:00:00;2022-07-18 00:00:00;2022-07-24 00:00:00
2022-07-15 00:00:00;SO820184;C0007;CT001;913;2022-09-16 00:00:00;2022-09-15 00:00:00;2022-07-18 00:00:00;2022-07-17 00:00:00
2022-07-15 00:00:00;SO820184;C0007;AS003;560;2022-09-16 00:00:00;2022-09-11 00:00:00;2022-07-18 00:00:00;2022-07-13 00:00:00
2022-07-15 00:00:00;SO641865;C0024;AS004;318;2022-08-12 00:00:00;2022-08-05 00:00:00;2022-07-19 00:00:00;2022-07-12 00:00:00
2022-07-15 00:00:00;SO205605;C0005;CT003;458;2022-09-09 00:00:00;2022-08-30 00:00:00;2022-07-17 00:00:00;2022-07-07 00:00:00
2022-07-15 00:00:00;SO820184;C0007;AT001;393;2022-09-16 00:00:00;2022-09-25 00:00:00;2022-07-18 00:00:00;2022-07-27 00:00:00
2022-07-15 00:00:00;SO820184;C0007;CS001;886;2022-09-16 00:00:00;2022-09-08 00:00:00;2022-07-18 00:00:00;2022-07-10 00:00:00
2022-07-15 00:00:00;SO820184;C0007;AL002;876;2022-09-16 00:00:00;2022-09-23 00:00:00;2022-07-18 00:00:00;2022-07-25 00:00:00
2022-07-18 00:00:00;SO951078;C0018;AS003;361;2022-09-19 00:00:00;2022-09-13 00:00:00;2022-07-22 00:00:00;2022-07-16 00:00:00
2022-07-18 00:00:00;SO796659;C0003;AS003;493;2022-08-29 00:00:00;2022-09-02 00:00:00;2022-07-20 00:00:00;2022-07-24 00:00:00
2022-07-18 00:00:00;SO951078;C0018;CS003;1152;2022-09-19 00:00:00;2022-09-21 00:00:00;2022-07-22 00:00:00;2022-07-24 00:00:00
2022-07-18 00:00:00;SO796659;C0003;CS003;996;2022-08-29 00:00:00;2022-08-21 00:00:00;2022-07-20 00:00:00;2022-07-12 00:00:00
2022-07-18 00:00:00;SO951078;C0018;AS002;667;2022-09-19 00:00:00;2022-09-20 00:00:00;2022-07-22 00:00:00;2022-07-23 00:00:00
2022-07-18 00:00:00;SO796659;C0003;AL002;607;2022-08-29 00:00:00;2022-09-06 00:00:00;2022-07-20 00:00:00;2022-07-28 00:00:00
2022-07-18 00:00:00;SO951078;C0018;VS005;735;2022-09-19 00:00:00;2022-09-21 00:00:00;2022-07-22 00:00:00;2022-07-24 00:00:00
2022-07-18 00:00:00;SO796659;C0003;AS002;896;2022-08-29 00:00:00;2022-08-27 00:00:00;2022-07-20 00:00:00;2022-07-18 00:00:00
2022-07-18 00:00:00;SO796659;C0003;AS001;927;2022-08-29 00:00:00;2022-09-08 00:00:00;2022-07-20 00:00:00;2022-07-30 00:00:00
2022-07-18 00:00:00;SO796659;C0003;CS001;913;2022-08-29 00:00:00;2022-08-23 00:00:00;2022-07-20 00:00:00;2022-07-14 00:00:00
2022-07-18 00:00:00;SO796659;C0003;AS004;395;2022-08-29 00:00:00;2022-08-21 00:00:00;2022-07-20 00:00:00;2022-07-12 00:00:00
2022-07-18 00:00:00;SO796659;C0003;VS003;814;2022-08-29 00:00:00;2022-08-25 00:00:00;2022-07-20 00:00:00;2022-07-16 00:00:00
2022-07-18 00:00:00;SO796659;C0003;CT001;1079;2022-08-29 00:00:00;2022-08-31 00:00:00;2022-07-20 00:00:00;2022-07-22 00:00:00
2022-07-18 00:00:00;SO796659;C0003;VS004;1100;2022-08-29 00:00:00;2022-08-25 00:00:00;2022-07-20 00:00:00;2022-07-16 00:00:00
2022-07-19 00:00:00;SO100796;C0016;AS004;1052;2022-08-02 00:00:00;2022-08-11 00:00:00;2022-07-23 00:00:00;2022-08-01 00:00:00
2022-07-19 00:00:00;SO757394;C0004;AS002;411;2022-08-02 00:00:00;2022-08-06 00:00:00;2022-07-21 00:00:00;2022-07-25 00:00:00
2022-07-19 00:00:00;SO413236;C0014;CT003;930;2022-08-23 00:00:00;2022-08-31 00:00:00;2022-07-23 00:00:00;2022-07-31 00:00:00
2022-07-19 00:00:00;SO413236;C0014;AS004;885;2022-08-23 00:00:00;2022-08-21 00:00:00;2022-07-23 00:00:00;2022-07-21 00:00:00
2022-07-19 00:00:00;SO100796;C0016;VS005;460;2022-08-02 00:00:00;2022-08-06 00:00:00;2022-07-23 00:00:00;2022-07-27 00:00:00
2022-07-19 00:00:00;SO413236;C0014;VS003;951;2022-08-23 00:00:00;2022-08-17 00:00:00;2022-07-23 00:00:00;2022-07-17 00:00:00
2022-07-19 00:00:00;SO100796;C0016;CT003;1053;2022-08-02 00:00:00;2022-07-25 00:00:00;2022-07-23 00:00:00;2022-07-15 00:00:00
2022-07-19 00:00:00;SO413236;C0014;CS003;523;2022-08-23 00:00:00;2022-08-14 00:00:00;2022-07-23 00:00:00;2022-07-14 00:00:00
2022-07-19 00:00:00;SO100796;C0016;AS003;719;2022-08-02 00:00:00;2022-07-27 00:00:00;2022-07-23 00:00:00;2022-07-17 00:00:00
2022-07-19 00:00:00;SO413236;C0014;CS001;861;2022-08-23 00:00:00;2022-08-15 00:00:00;2022-07-23 00:00:00;2022-07-15 00:00:00
2022-07-19 00:00:00;SO413236;C0014;VS004;960;2022-08-23 00:00:00;2022-08-22 00:00:00;2022-07-23 00:00:00;2022-07-22 00:00:00
2022-07-19 00:00:00;SO100796;C0016;CS001;729;2022-08-02 00:00:00;2022-08-02 00:00:00;2022-07-23 00:00:00;2022-07-23 00:00:00
2022-07-19 00:00:00;SO413236;C0014;AS003;866;2022-08-23 00:00:00;2022-08-15 00:00:00;2022-07-23 00:00:00;2022-07-15 00:00:00
2022-07-20 00:00:00;SO425040;C0022;AT001;444;2022-08-31 00:00:00;2022-09-02 00:00:00;2022-07-24 00:00:00;2022-07-26 00:00:00
2022-07-20 00:00:00;SO729564;C0025;AS004;758;2022-08-17 00:00:00;2022-08-24 00:00:00;2022-07-28 00:00:00;2022-08-04 00:00:00
2022-07-20 00:00:00;SO107994;C0012;CS001;984;2022-08-17 00:00:00;2022-08-09 00:00:00;2022-07-23 00:00:00;2022-07-15 00:00:00
2022-07-20 00:00:00;SO821176;C0019;AL002;509;2022-09-21 00:00:00;2022-10-01 00:00:00;2022-07-24 00:00:00;2022-08-03 00:00:00
2022-07-20 00:00:00;SO729564;C0025;AS002;589;2022-08-17 00:00:00;2022-08-26 00:00:00;2022-07-28 00:00:00;2022-08-06 00:00:00
2022-07-20 00:00:00;SO821176;C0019;AT001;582;2022-09-21 00:00:00;2022-09-16 00:00:00;2022-07-24 00:00:00;2022-07-19 00:00:00
2022-07-20 00:00:00;SO107994;C0012;VS003;380;2022-08-17 00:00:00;2022-08-19 00:00:00;2022-07-23 00:00:00;2022-07-25 00:00:00
2022-07-20 00:00:00;SO821176;C0019;VS004;715;2022-09-21 00:00:00;2022-09-28 00:00:00;2022-07-24 00:00:00;2022-07-31 00:00:00
2022-07-20 00:00:00;SO729564;C0025;AT001;336;2022-08-17 00:00:00;2022-08-23 00:00:00;2022-07-28 00:00:00;2022-08-03 00:00:00
2022-07-20 00:00:00;SO821176;C0019;CT001;856;2022-09-21 00:00:00;2022-09-21 00:00:00;2022-07-24 00:00:00;2022-07-24 00:00:00
2022-07-20 00:00:00;SO729564;C0025;AS003;576;2022-08-17 00:00:00;2022-08-15 00:00:00;2022-07-28 00:00:00;2022-07-26 00:00:00
2022-07-20 00:00:00;SO107994;C0012;CS003;792;2022-08-17 00:00:00;2022-08-07 00:00:00;2022-07-23 00:00:00;2022-07-13 00:00:00
2022-07-20 00:00:00;SO729564;C0025;CT003;972;2022-08-17 00:00:00;2022-08-15 00:00:00;2022-07-28 00:00:00;2022-07-26 00:00:00
2022-07-20 00:00:00;SO729564;C0025;CS001;438;2022-08-17 00:00:00;2022-08-27 00:00:00;2022-07-28 00:00:00;2022-08-07 00:00:00
2022-07-20 00:00:00;SO107994;C0012;CT001;478;2022-08-17 00:00:00;2022-08-13 00:00:00;2022-07-23 00:00:00;2022-07-19 00:00:00
2022-07-20 00:00:00;SO107994;C0012;VS005;275;2022-08-17 00:00:00;2022-08-20 00:00:00;2022-07-23 00:00:00;2022-07-26 00:00:00
2022-07-20 00:00:00;SO821176;C0019;VS005;1059;2022-09-21 00:00:00;2022-09-16 00:00:00;2022-07-24 00:00:00;2022-07-19 00:00:00
2022-07-20 00:00:00;SO107994;C0012;AL002;1062;2022-08-17 00:00:00;2022-08-25 00:00:00;2022-07-23 00:00:00;2022-07-31 00:00:00
2022-07-20 00:00:00;SO729564;C0025;AL002;955;2022-08-17 00:00:00;2022-08-08 00:00:00;2022-07-28 00:00:00;2022-07-19 00:00:00
2022-07-20 00:00:00;SO107994;C0012;AS004;780;2022-08-17 00:00:00;2022-08-19 00:00:00;2022-07-23 00:00:00;2022-07-25 00:00:00
2022-07-21 00:00:00;SO455881;C0010;AS004;675;2022-09-01 00:00:00;2022-09-09 00:00:00;2022-07-24 00:00:00;2022-08-01 00:00:00
2022-07-21 00:00:00;SO780387;C0027;CS001;1114;2022-09-01 00:00:00;2022-09-04 00:00:00;2022-07-29 00:00:00;2022-08-01 00:00:00
2022-07-21 00:00:00;SO374705;C0025;AS001;575;2022-08-18 00:00:00;2022-08-09 00:00:00;2022-07-29 00:00:00;2022-07-20 00:00:00
2022-07-21 00:00:00;SO374705;C0025;CS003;560;2022-08-18 00:00:00;2022-08-26 00:00:00;2022-07-29 00:00:00;2022-08-06 00:00:00
2022-07-21 00:00:00;SO455881;C0010;CT001;594;2022-09-01 00:00:00;2022-09-04 00:00:00;2022-07-24 00:00:00;2022-07-27 00:00:00
2022-07-21 00:00:00;SO374705;C0025;VS004;596;2022-08-18 00:00:00;2022-08-25 00:00:00;2022-07-29 00:00:00;2022-08-05 00:00:00
2022-07-21 00:00:00;SO780387;C0027;CS003;589;2022-09-01 00:00:00;2022-09-09 00:00:00;2022-07-29 00:00:00;2022-08-06 00:00:00
2022-07-21 00:00:00;SO780387;C0027;AS002;770;2022-09-01 00:00:00;2022-08-30 00:00:00;2022-07-29 00:00:00;2022-07-27 00:00:00
2022-07-21 00:00:00;SO374705;C0025;AS003;663;2022-08-18 00:00:00;2022-08-18 00:00:00;2022-07-29 00:00:00;2022-07-29 00:00:00
2022-07-21 00:00:00;SO455881;C0010;CS001;496;2022-09-01 00:00:00;2022-09-05 00:00:00;2022-07-24 00:00:00;2022-07-28 00:00:00
2022-07-21 00:00:00;SO780387;C0027;VS003;887;2022-09-01 00:00:00;2022-09-02 00:00:00;2022-07-29 00:00:00;2022-07-30 00:00:00
2022-07-21 00:00:00;SO780387;C0027;AL002;465;2022-09-01 00:00:00;2022-09-02 00:00:00;2022-07-29 00:00:00;2022-07-30 00:00:00
2022-07-21 00:00:00;SO455881;C0010;VS004;865;2022-09-01 00:00:00;2022-08-28 00:00:00;2022-07-24 00:00:00;2022-07-20 00:00:00
2022-07-21 00:00:00;SO780387;C0027;AS001;450;2022-09-01 00:00:00;2022-08-30 00:00:00;2022-07-29 00:00:00;2022-07-27 00:00:00
2022-07-21 00:00:00;SO780387;C0027;AS003;661;2022-09-01 00:00:00;2022-08-29 00:00:00;2022-07-29 00:00:00;2022-07-26 00:00:00
2022-07-21 00:00:00;SO780387;C0027;CT001;466;2022-09-01 00:00:00;2022-08-26 00:00:00;2022-07-29 00:00:00;2022-07-23 00:00:00
2022-07-21 00:00:00;SO780387;C0027;AS004;981;2022-09-01 00:00:00;2022-09-07 00:00:00;2022-07-29 00:00:00;2022-08-04 00:00:00
2022-07-21 00:00:00;SO374705;C0025;VS003;1308;2022-08-18 00:00:00;2022-08-19 00:00:00;2022-07-29 00:00:00;2022-07-30 00:00:00
2022-07-21 00:00:00;SO455881;C0010;AS001;630;2022-09-01 00:00:00;2022-09-04 00:00:00;2022-07-24 00:00:00;2022-07-27 00:00:00
2022-07-22 00:00:00;SO330789;C0012;AT001;748;2022-08-19 00:00:00;2022-08-17 00:00:00;2022-07-25 00:00:00;2022-07-23 00:00:00
2022-07-22 00:00:00;SO159142;C0003;AT001;653;2022-09-02 00:00:00;2022-08-30 00:00:00;2022-07-24 00:00:00;2022-07-21 00:00:00
2022-07-22 00:00:00;SO362576;C0026;AS004;892;2022-08-26 00:00:00;2022-08-30 00:00:00;2022-07-30 00:00:00;2022-08-03 00:00:00
2022-07-22 00:00:00;SO237742;C0019;AS001;1050;2022-09-23 00:00:00;2022-09-26 00:00:00;2022-07-26 00:00:00;2022-07-29 00:00:00
2022-07-22 00:00:00;SO330789;C0012;VS005;466;2022-08-19 00:00:00;2022-08-15 00:00:00;2022-07-25 00:00:00;2022-07-21 00:00:00
2022-07-22 00:00:00;SO362576;C0026;AL002;572;2022-08-26 00:00:00;2022-09-02 00:00:00;2022-07-30 00:00:00;2022-08-06 00:00:00
2022-07-22 00:00:00;SO362576;C0026;CS003;442;2022-08-26 00:00:00;2022-08-17 00:00:00;2022-07-30 00:00:00;2022-07-21 00:00:00
2022-07-22 00:00:00;SO330789;C0012;CS003;882;2022-08-19 00:00:00;2022-08-11 00:00:00;2022-07-25 00:00:00;2022-07-17 00:00:00
2022-07-22 00:00:00;SO362576;C0026;AT001;656;2022-08-26 00:00:00;2022-09-01 00:00:00;2022-07-30 00:00:00;2022-08-05 00:00:00
2022-07-22 00:00:00;SO237742;C0019;AS002;690;2022-09-23 00:00:00;2022-10-03 00:00:00;2022-07-26 00:00:00;2022-08-05 00:00:00
2022-07-22 00:00:00;SO159142;C0003;CS001;482;2022-09-02 00:00:00;2022-08-31 00:00:00;2022-07-24 00:00:00;2022-07-22 00:00:00
2022-07-22 00:00:00;SO330789;C0012;CT001;1008;2022-08-19 00:00:00;2022-08-25 00:00:00;2022-07-25 00:00:00;2022-07-31 00:00:00
2022-07-22 00:00:00;SO330789;C0012;VS003;464;2022-08-19 00:00:00;2022-08-29 00:00:00;2022-07-25 00:00:00;2022-08-04 00:00:00
2022-07-22 00:00:00;SO330789;C0012;AS004;1033;2022-08-19 00:00:00;2022-08-11 00:00:00;2022-07-25 00:00:00;2022-07-17 00:00:00
2022-07-22 00:00:00;SO159142;C0003;AS001;482;2022-09-02 00:00:00;2022-08-24 00:00:00;2022-07-24 00:00:00;2022-07-15 00:00:00
2022-07-22 00:00:00;SO159142;C0003;AS004;774;2022-09-02 00:00:00;2022-09-07 00:00:00;2022-07-24 00:00:00;2022-07-29 00:00:00
2022-07-22 00:00:00;SO237742;C0019;VS003;745;2022-09-23 00:00:00;2022-10-01 00:00:00;2022-07-26 00:00:00;2022-08-03 00:00:00
2022-07-22 00:00:00;SO237742;C0019;AT001;847;2022-09-23 00:00:00;2022-09-21 00:00:00;2022-07-26 00:00:00;2022-07-24 00:00:00
2022-07-25 00:00:00;SO548836;C0019;CS003;1006;2022-09-26 00:00:00;2022-09-22 00:00:00;2022-07-29 00:00:00;2022-07-25 00:00:00
2022-07-25 00:00:00;SO125852;C0016;VS005;600;2022-08-08 00:00:00;2022-08-03 00:00:00;2022-07-29 00:00:00;2022-07-24 00:00:00
2022-07-25 00:00:00;SO344196;C0023;AT001;821;2022-08-29 00:00:00;2022-09-06 00:00:00;2022-07-29 00:00:00;2022-08-06 00:00:00
2022-07-25 00:00:00;SO727518;C0022;CT001;861;2022-09-05 00:00:00;2022-08-31 00:00:00;2022-07-29 00:00:00;2022-07-24 00:00:00
2022-07-25 00:00:00;SO727518;C0022;AT001;737;2022-09-05 00:00:00;2022-09-13 00:00:00;2022-07-29 00:00:00;2022-08-06 00:00:00
2022-07-25 00:00:00;SO125852;C0016;CT001;861;2022-08-08 00:00:00;2022-08-11 00:00:00;2022-07-29 00:00:00;2022-08-01 00:00:00
2022-07-25 00:00:00;SO548836;C0019;AS003;819;2022-09-26 00:00:00;2022-09-18 00:00:00;2022-07-29 00:00:00;2022-07-21 00:00:00
2022-07-25 00:00:00;SO548836;C0019;AL002;475;2022-09-26 00:00:00;2022-09-27 00:00:00;2022-07-29 00:00:00;2022-07-30 00:00:00
2022-07-25 00:00:00;SO727518;C0022;AS003;533;2022-09-05 00:00:00;2022-09-13 00:00:00;2022-07-29 00:00:00;2022-08-06 00:00:00
2022-07-25 00:00:00;SO548836;C0019;VS003;832;2022-09-26 00:00:00;2022-10-04 00:00:00;2022-07-29 00:00:00;2022-08-06 00:00:00
2022-07-25 00:00:00;SO344196;C0023;CT003;688;2022-08-29 00:00:00;2022-08-19 00:00:00;2022-07-29 00:00:00;2022-07-19 00:00:00
2022-07-25 00:00:00;SO727518;C0022;VS003;402;2022-09-05 00:00:00;2022-09-07 00:00:00;2022-07-29 00:00:00;2022-07-31 00:00:00
2022-07-25 00:00:00;SO125852;C0016;VS004;729;2022-08-08 00:00:00;2022-07-30 00:00:00;2022-07-29 00:00:00;2022-07-20 00:00:00
2022-07-25 00:00:00;SO344196;C0023;CS001;452;2022-08-29 00:00:00;2022-08-26 00:00:00;2022-07-29 00:00:00;2022-07-26 00:00:00
2022-07-25 00:00:00;SO727518;C0022;AL002;998;2022-09-05 00:00:00;2022-08-30 00:00:00;2022-07-29 00:00:00;2022-07-23 00:00:00
2022-07-25 00:00:00;SO548836;C0019;CT003;658;2022-09-26 00:00:00;2022-10-02 00:00:00;2022-07-29 00:00:00;2022-08-04 00:00:00
2022-07-25 00:00:00;SO548836;C0019;AS002;1276;2022-09-26 00:00:00;2022-09-17 00:00:00;2022-07-29 00:00:00;2022-07-20 00:00:00
2022-07-25 00:00:00;SO344196;C0023;AS004;681;2022-08-29 00:00:00;2022-09-05 00:00:00;2022-07-29 00:00:00;2022-08-05 00:00:00
2022-07-25 00:00:00;SO548836;C0019;AT001;926;2022-09-26 00:00:00;2022-10-02 00:00:00;2022-07-29 00:00:00;2022-08-04 00:00:00
2022-07-25 00:00:00;SO344196;C0023;AS002;1085;2022-08-29 00:00:00;2022-08-23 00:00:00;2022-07-29 00:00:00;2022-07-23 00:00:00
2022-07-26 00:00:00;SO222598;C0003;VS004;875;2022-09-06 00:00:00;2022-08-27 00:00:00;2022-07-28 00:00:00;2022-07-18 00:00:00
2022-07-26 00:00:00;SO675022;C0022;AL002;873;2022-09-06 00:00:00;2022-09-09 00:00:00;2022-07-30 00:00:00;2022-08-02 00:00:00
2022-07-26 00:00:00;SO246561;C0027;CT003;867;2022-09-06 00:00:00;2022-09-10 00:00:00;2022-08-03 00:00:00;2022-08-07 00:00:00
2022-07-26 00:00:00;SO371966;C0002;CS003;605;2022-08-30 00:00:00;2022-08-25 00:00:00;2022-07-28 00:00:00;2022-07-23 00:00:00
2022-07-26 00:00:00;SO371966;C0002;AT001;991;2022-08-30 00:00:00;2022-08-29 00:00:00;2022-07-28 00:00:00;2022-07-27 00:00:00
2022-07-26 00:00:00;SO371966;C0002;VS005;755;2022-08-30 00:00:00;2022-08-21 00:00:00;2022-07-28 00:00:00;2022-07-19 00:00:00
2022-07-26 00:00:00;SO371966;C0002;VS004;398;2022-08-30 00:00:00;2022-08-22 00:00:00;2022-07-28 00:00:00;2022-07-20 00:00:00
2022-07-26 00:00:00;SO222598;C0003;CT001;1021;2022-09-06 00:00:00;2022-09-11 00:00:00;2022-07-28 00:00:00;2022-08-02 00:00:00
2022-07-26 00:00:00;SO246561;C0027;CT001;767;2022-09-06 00:00:00;2022-09-15 00:00:00;2022-08-03 00:00:00;2022-08-12 00:00:00
2022-07-26 00:00:00;SO371966;C0002;CS001;919;2022-08-30 00:00:00;2022-09-04 00:00:00;2022-07-28 00:00:00;2022-08-02 00:00:00
2022-07-26 00:00:00;SO246561;C0027;AS003;931;2022-09-06 00:00:00;2022-09-07 00:00:00;2022-08-03 00:00:00;2022-08-04 00:00:00
2022-07-26 00:00:00;SO675022;C0022;VS005;582;2022-09-06 00:00:00;2022-09-15 00:00:00;2022-07-30 00:00:00;2022-08-08 00:00:00
2022-07-26 00:00:00;SO222598;C0003;VS003;388;2022-09-06 00:00:00;2022-09-02 00:00:00;2022-07-28 00:00:00;2022-07-24 00:00:00
2022-07-26 00:00:00;SO246561;C0027;VS003;921;2022-09-06 00:00:00;2022-09-09 00:00:00;2022-08-03 00:00:00;2022-08-06 00:00:00
2022-07-26 00:00:00;SO222598;C0003;AL002;535;2022-09-06 00:00:00;2022-09-16 00:00:00;2022-07-28 00:00:00;2022-08-07 00:00:00
2022-07-26 00:00:00;SO246561;C0027;AL002;978;2022-09-06 00:00:00;2022-08-27 00:00:00;2022-08-03 00:00:00;2022-07-24 00:00:00
2022-07-26 00:00:00;SO371966;C0002;AS002;709;2022-08-30 00:00:00;2022-08-25 00:00:00;2022-07-28 00:00:00;2022-07-23 00:00:00
2022-07-26 00:00:00;SO371966;C0002;AS003;735;2022-08-30 00:00:00;2022-08-20 00:00:00;2022-07-28 00:00:00;2022-07-18 00:00:00
2022-07-26 00:00:00;SO675022;C0022;AS003;760;2022-09-06 00:00:00;2022-08-31 00:00:00;2022-07-30 00:00:00;2022-07-24 00:00:00
2022-07-27 00:00:00;SO305991;C0004;AS003;1185;2022-08-10 00:00:00;2022-08-18 00:00:00;2022-07-29 00:00:00;2022-08-06 00:00:00
2022-07-27 00:00:00;SO9000062;C0025;AT001;587;2022-08-24 00:00:00;2022-08-23 00:00:00;2022-08-04 00:00:00;2022-08-03 00:00:00
2022-07-27 00:00:00;SO305991;C0004;VS005;376;2022-08-10 00:00:00;2022-08-19 00:00:00;2022-07-29 00:00:00;2022-08-07 00:00:00
2022-07-27 00:00:00;SO305991;C0004;VS003;592;2022-08-10 00:00:00;2022-08-20 00:00:00;2022-07-29 00:00:00;2022-08-08 00:00:00
2022-07-27 00:00:00;SO9000062;C0025;VS004;910;2022-08-24 00:00:00;2022-08-23 00:00:00;2022-08-04 00:00:00;2022-08-03 00:00:00
2022-07-27 00:00:00;SO9000062;C0025;CS001;287;2022-08-24 00:00:00;2022-08-20 00:00:00;2022-08-04 00:00:00;2022-07-31 00:00:00
2022-07-27 00:00:00;SO9000062;C0025;CS003;853;2022-08-24 00:00:00;2022-08-24 00:00:00;2022-08-04 00:00:00;2022-08-04 00:00:00
2022-07-27 00:00:00;SO9000062;C0025;AS002;1193;2022-08-24 00:00:00;2022-08-15 00:00:00;2022-08-04 00:00:00;2022-07-26 00:00:00
2022-07-27 00:00:00;SO9000062;C0025;CT001;375;2022-08-24 00:00:00;2022-08-20 00:00:00;2022-08-04 00:00:00;2022-07-31 00:00:00
2022-07-27 00:00:00;SO305991;C0004;CS001;987;2022-08-10 00:00:00;2022-08-18 00:00:00;2022-07-29 00:00:00;2022-08-06 00:00:00
2022-07-27 00:00:00;SO9000062;C0025;VS003;1097;2022-08-24 00:00:00;2022-08-30 00:00:00;2022-08-04 00:00:00;2022-08-10 00:00:00
2022-07-27 00:00:00;SO305991;C0004;AS004;860;2022-08-10 00:00:00;2022-08-13 00:00:00;2022-07-29 00:00:00;2022-08-01 00:00:00
2022-07-27 00:00:00;SO9000062;C0025;CT003;1005;2022-08-24 00:00:00;2022-08-18 00:00:00;2022-08-04 00:00:00;2022-07-29 00:00:00
2022-07-27 00:00:00;SO305991;C0004;AT001;437;2022-08-10 00:00:00;2022-08-16 00:00:00;2022-07-29 00:00:00;2022-08-04 00:00:00
2022-07-27 00:00:00;SO9000062;C0025;AS003;709;2022-08-24 00:00:00;2022-08-19 00:00:00;2022-08-04 00:00:00;2022-07-30 00:00:00
2022-07-27 00:00:00;SO9000062;C0025;VS005;807;2022-08-24 00:00:00;2022-08-24 00:00:00;2022-08-04 00:00:00;2022-08-04 00:00:00
2022-07-27 00:00:00;SO305991;C0004;AS002;266;2022-08-10 00:00:00;2022-08-19 00:00:00;2022-07-29 00:00:00;2022-08-07 00:00:00
2022-07-27 00:00:00;SO305991;C0004;AL002;1199;2022-08-10 00:00:00;2022-08-06 00:00:00;2022-07-29 00:00:00;2022-07-25 00:00:00
2022-07-27 00:00:00;SO9000062;C0025;AS004;722;2022-08-24 00:00:00;2022-08-27 00:00:00;2022-08-04 00:00:00;2022-08-07 00:00:00
2022-07-28 00:00:00;SO182310;C0007;AS002;580;2022-09-29 00:00:00;2022-09-21 00:00:00;2022-07-31 00:00:00;2022-07-23 00:00:00
2022-07-28 00:00:00;SO344680;C0005;AS004;403;2022-09-22 00:00:00;2022-09-21 00:00:00;2022-07-30 00:00:00;2022-07-29 00:00:00
2022-07-28 00:00:00;SO191960;C0004;AS002;1274;2022-08-11 00:00:00;2022-08-17 00:00:00;2022-07-30 00:00:00;2022-08-05 00:00:00
2022-07-28 00:00:00;SO344680;C0005;VS004;1052;2022-09-22 00:00:00;2022-09-24 00:00:00;2022-07-30 00:00:00;2022-08-01 00:00:00
2022-07-28 00:00:00;SO182310;C0007;VS003;852;2022-09-29 00:00:00;2022-10-03 00:00:00;2022-07-31 00:00:00;2022-08-04 00:00:00
2022-07-28 00:00:00;SO182310;C0007;VS004;405;2022-09-29 00:00:00;2022-09-28 00:00:00;2022-07-31 00:00:00;2022-07-30 00:00:00
2022-07-28 00:00:00;SO182310;C0007;AS003;421;2022-09-29 00:00:00;2022-09-20 00:00:00;2022-07-31 00:00:00;2022-07-22 00:00:00
2022-07-28 00:00:00;SO191960;C0004;CS001;1197;2022-08-11 00:00:00;2022-08-08 00:00:00;2022-07-30 00:00:00;2022-07-27 00:00:00
2022-07-28 00:00:00;SO191960;C0004;AS001;668;2022-08-11 00:00:00;2022-08-19 00:00:00;2022-07-30 00:00:00;2022-08-07 00:00:00
2022-07-28 00:00:00;SO344680;C0005;AS001;478;2022-09-22 00:00:00;2022-09-29 00:00:00;2022-07-30 00:00:00;2022-08-06 00:00:00
2022-07-28 00:00:00;SO344680;C0005;AT001;833;2022-09-22 00:00:00;2022-09-23 00:00:00;2022-07-30 00:00:00;2022-07-31 00:00:00
2022-07-28 00:00:00;SO182310;C0007;CT001;848;2022-09-29 00:00:00;2022-09-19 00:00:00;2022-07-31 00:00:00;2022-07-21 00:00:00
2022-07-28 00:00:00;SO182310;C0007;AS004;882;2022-09-29 00:00:00;2022-09-29 00:00:00;2022-07-31 00:00:00;2022-07-31 00:00:00
2022-07-28 00:00:00;SO191960;C0004;CS003;841;2022-08-11 00:00:00;2022-08-10 00:00:00;2022-07-30 00:00:00;2022-07-29 00:00:00
2022-07-28 00:00:00;SO344680;C0005;VS005;503;2022-09-22 00:00:00;2022-10-02 00:00:00;2022-07-30 00:00:00;2022-08-09 00:00:00
2022-07-28 00:00:00;SO191960;C0004;AS003;654;2022-08-11 00:00:00;2022-08-20 00:00:00;2022-07-30 00:00:00;2022-08-08 00:00:00
2022-07-28 00:00:00;SO182310;C0007;VS005;1032;2022-09-29 00:00:00;2022-10-05 00:00:00;2022-07-31 00:00:00;2022-08-06 00:00:00
2022-07-28 00:00:00;SO344680;C0005;VS003;1211;2022-09-22 00:00:00;2022-10-01 00:00:00;2022-07-30 00:00:00;2022-08-08 00:00:00
2022-07-29 00:00:00;SO546008;C0004;VS005;764;2022-08-12 00:00:00;2022-08-10 00:00:00;2022-07-31 00:00:00;2022-07-29 00:00:00
2022-07-29 00:00:00;SO513254;C0015;AS004;561;2022-09-09 00:00:00;2022-09-19 00:00:00;2022-08-02 00:00:00;2022-08-12 00:00:00
2022-07-29 00:00:00;SO319404;C0006;AS004;644;2022-09-30 00:00:00;2022-09-22 00:00:00;2022-07-31 00:00:00;2022-07-23 00:00:00
2022-07-29 00:00:00;SO360410;C0008;AS003;1209;2022-09-23 00:00:00;2022-09-28 00:00:00;2022-08-01 00:00:00;2022-08-06 00:00:00
2022-07-29 00:00:00;SO513254;C0015;VS003;571;2022-09-09 00:00:00;2022-09-06 00:00:00;2022-08-02 00:00:00;2022-07-30 00:00:00
2022-07-29 00:00:00;SO513254;C0015;VS005;477;2022-09-09 00:00:00;2022-09-12 00:00:00;2022-08-02 00:00:00;2022-08-05 00:00:00
2022-07-29 00:00:00;SO360410;C0008;VS005;711;2022-09-23 00:00:00;2022-10-03 00:00:00;2022-08-01 00:00:00;2022-08-11 00:00:00
2022-07-29 00:00:00;SO546008;C0004;AS004;465;2022-08-12 00:00:00;2022-08-03 00:00:00;2022-07-31 00:00:00;2022-07-22 00:00:00
2022-07-29 00:00:00;SO513254;C0015;CT001;805;2022-09-09 00:00:00;2022-09-12 00:00:00;2022-08-02 00:00:00;2022-08-05 00:00:00
2022-07-29 00:00:00;SO546008;C0004;AL002;1044;2022-08-12 00:00:00;2022-08-09 00:00:00;2022-07-31 00:00:00;2022-07-28 00:00:00
2022-07-29 00:00:00;SO319404;C0006;CT001;702;2022-09-30 00:00:00;2022-09-21 00:00:00;2022-07-31 00:00:00;2022-07-22 00:00:00
2022-07-29 00:00:00;SO546008;C0004;CS001;988;2022-08-12 00:00:00;2022-08-19 00:00:00;2022-07-31 00:00:00;2022-08-07 00:00:00
2022-07-29 00:00:00;SO513254;C0015;CS001;501;2022-09-09 00:00:00;2022-09-12 00:00:00;2022-08-02 00:00:00;2022-08-05 00:00:00
2022-08-01 00:00:00;SO185840;C0013;AS001;978;2022-08-29 00:00:00;2022-08-24 00:00:00;2022-08-05 00:00:00;2022-07-31 00:00:00
2022-08-01 00:00:00;SO144053;C0012;AL002;766;2022-08-29 00:00:00;2022-08-22 00:00:00;2022-08-04 00:00:00;2022-07-28 00:00:00
2022-08-01 00:00:00;SO306201;C0005;VS002;624;2022-09-26 00:00:00;2022-09-17 00:00:00;2022-08-03 00:00:00;2022-07-25 00:00:00
2022-08-01 00:00:00;SO306201;C0005;VS003;252;2022-09-26 00:00:00;2022-09-25 00:00:00;2022-08-03 00:00:00;2022-08-02 00:00:00
2022-08-01 00:00:00;SO185840;C0013;VS003;559;2022-08-29 00:00:00;2022-08-19 00:00:00;2022-08-05 00:00:00;2022-07-26 00:00:00
2022-08-01 00:00:00;SO144053;C0012;AL001;964;2022-08-29 00:00:00;2022-08-21 00:00:00;2022-08-04 00:00:00;2022-07-27 00:00:00
2022-08-01 00:00:00;SO306201;C0005;VS001;968;2022-09-26 00:00:00;2022-09-25 00:00:00;2022-08-03 00:00:00;2022-08-02 00:00:00
2022-08-01 00:00:00;SO144053;C0012;CT001;403;2022-08-29 00:00:00;2022-08-22 00:00:00;2022-08-04 00:00:00;2022-07-28 00:00:00
2022-08-01 00:00:00;SO185840;C0013;AT001;542;2022-08-29 00:00:00;2022-09-08 00:00:00;2022-08-05 00:00:00;2022-08-15 00:00:00
2022-08-01 00:00:00;SO185840;C0013;AL002;1022;2022-08-29 00:00:00;2022-09-08 00:00:00;2022-08-05 00:00:00;2022-08-15 00:00:00
2022-08-01 00:00:00;SO306201;C0005;CS002;616;2022-09-26 00:00:00;2022-09-22 00:00:00;2022-08-03 00:00:00;2022-07-30 00:00:00
2022-08-01 00:00:00;SO144053;C0012;AS003;902;2022-08-29 00:00:00;2022-09-01 00:00:00;2022-08-04 00:00:00;2022-08-07 00:00:00
2022-08-01 00:00:00;SO306201;C0005;AT001;493;2022-09-26 00:00:00;2022-09-22 00:00:00;2022-08-03 00:00:00;2022-07-30 00:00:00
2022-08-01 00:00:00;SO185840;C0013;CS003;862;2022-08-29 00:00:00;2022-08-24 00:00:00;2022-08-05 00:00:00;2022-07-31 00:00:00
2022-08-01 00:00:00;SO306201;C0005;AL001;1052;2022-09-26 00:00:00;2022-09-24 00:00:00;2022-08-03 00:00:00;2022-08-01 00:00:00
2022-08-01 00:00:00;SO185840;C0013;CL001;907;2022-08-29 00:00:00;2022-08-28 00:00:00;2022-08-05 00:00:00;2022-08-04 00:00:00
2022-08-02 00:00:00;SO351121;C0007;VS002;701;2022-10-04 00:00:00;2022-10-07 00:00:00;2022-08-05 00:00:00;2022-08-08 00:00:00
2022-08-02 00:00:00;SO720708;C0018;CT003;558;2022-10-04 00:00:00;2022-10-04 00:00:00;2022-08-06 00:00:00;2022-08-06 00:00:00
2022-08-02 00:00:00;SO409008;C0013;CL002;997;2022-08-30 00:00:00;2022-09-08 00:00:00;2022-08-06 00:00:00;2022-08-15 00:00:00
2022-08-02 00:00:00;SO804259;C0002;AS003;817;2022-09-06 00:00:00;2022-09-01 00:00:00;2022-08-04 00:00:00;2022-07-30 00:00:00
2022-08-02 00:00:00;SO804259;C0002;CL002;489;2022-09-06 00:00:00;2022-08-28 00:00:00;2022-08-04 00:00:00;2022-07-26 00:00:00
2022-08-02 00:00:00;SO351121;C0007;AS001;1110;2022-10-04 00:00:00;2022-10-10 00:00:00;2022-08-05 00:00:00;2022-08-11 00:00:00
2022-08-02 00:00:00;SO720708;C0018;AS003;861;2022-10-04 00:00:00;2022-09-26 00:00:00;2022-08-06 00:00:00;2022-07-29 00:00:00
2022-08-02 00:00:00;SO409008;C0013;CS004;1079;2022-08-30 00:00:00;2022-08-21 00:00:00;2022-08-06 00:00:00;2022-07-28 00:00:00
2022-08-02 00:00:00;SO804259;C0002;CL001;717;2022-09-06 00:00:00;2022-08-27 00:00:00;2022-08-04 00:00:00;2022-07-25 00:00:00
2022-08-02 00:00:00;SO409008;C0013;VS005;370;2022-08-30 00:00:00;2022-08-24 00:00:00;2022-08-06 00:00:00;2022-07-31 00:00:00
2022-08-02 00:00:00;SO720708;C0018;CL001;745;2022-10-04 00:00:00;2022-10-14 00:00:00;2022-08-06 00:00:00;2022-08-16 00:00:00
2022-08-02 00:00:00;SO720708;C0018;CL002;450;2022-10-04 00:00:00;2022-10-14 00:00:00;2022-08-06 00:00:00;2022-08-16 00:00:00
2022-08-02 00:00:00;SO409008;C0013;AT001;1183;2022-08-30 00:00:00;2022-08-24 00:00:00;2022-08-06 00:00:00;2022-07-31 00:00:00
2022-08-02 00:00:00;SO720708;C0018;CS001;844;2022-10-04 00:00:00;2022-09-28 00:00:00;2022-08-06 00:00:00;2022-07-31 00:00:00
2022-08-03 00:00:00;SO534435;C0017;AS004;542;2022-09-28 00:00:00;2022-09-18 00:00:00;2022-08-07 00:00:00;2022-07-28 00:00:00
2022-08-03 00:00:00;SO262378;C0005;CL002;847;2022-09-28 00:00:00;2022-09-18 00:00:00;2022-08-05 00:00:00;2022-07-26 00:00:00
2022-08-03 00:00:00;SO534435;C0017;AT002;437;2022-09-28 00:00:00;2022-09-21 00:00:00;2022-08-07 00:00:00;2022-07-31 00:00:00
2022-08-03 00:00:00;SO534435;C0017;CT003;524;2022-09-28 00:00:00;2022-09-21 00:00:00;2022-08-07 00:00:00;2022-07-31 00:00:00
2022-08-03 00:00:00;SO262378;C0005;AS004;1024;2022-09-28 00:00:00;2022-09-27 00:00:00;2022-08-05 00:00:00;2022-08-04 00:00:00
2022-08-03 00:00:00;SO534435;C0017;AS001;510;2022-09-28 00:00:00;2022-09-27 00:00:00;2022-08-07 00:00:00;2022-08-06 00:00:00
2022-08-03 00:00:00;SO262378;C0005;AS002;1031;2022-09-28 00:00:00;2022-09-29 00:00:00;2022-08-05 00:00:00;2022-08-06 00:00:00
2022-08-03 00:00:00;SO534435;C0017;AS005;644;2022-09-28 00:00:00;2022-09-19 00:00:00;2022-08-07 00:00:00;2022-07-29 00:00:00
2022-08-03 00:00:00;SO262378;C0005;VS004;1033;2022-09-28 00:00:00;2022-10-05 00:00:00;2022-08-05 00:00:00;2022-08-12 00:00:00
2022-08-03 00:00:00;SO262378;C0005;CS004;861;2022-09-28 00:00:00;2022-10-02 00:00:00;2022-08-05 00:00:00;2022-08-09 00:00:00
2022-08-03 00:00:00;SO262378;C0005;CT002;790;2022-09-28 00:00:00;2022-09-28 00:00:00;2022-08-05 00:00:00;2022-08-05 00:00:00
2022-08-03 00:00:00;SO262378;C0005;VS002;746;2022-09-28 00:00:00;2022-09-30 00:00:00;2022-08-05 00:00:00;2022-08-07 00:00:00
2022-08-03 00:00:00;SO534435;C0017;AT001;889;2022-09-28 00:00:00;2022-10-07 00:00:00;2022-08-07 00:00:00;2022-08-16 00:00:00
2022-08-03 00:00:00;SO534435;C0017;VS004;752;2022-09-28 00:00:00;2022-10-07 00:00:00;2022-08-07 00:00:00;2022-08-16 00:00:00
2022-08-03 00:00:00;SO534435;C0017;VS001;1087;2022-09-28 00:00:00;2022-09-22 00:00:00;2022-08-07 00:00:00;2022-08-01 00:00:00
2022-08-03 00:00:00;SO534435;C0017;CL001;534;2022-09-28 00:00:00;2022-09-28 00:00:00;2022-08-07 00:00:00;2022-08-07 00:00:00
2022-08-04 00:00:00;SO697903;C0027;AT001;711;2022-09-15 00:00:00;2022-09-23 00:00:00;2022-08-12 00:00:00;2022-08-20 00:00:00
2022-08-04 00:00:00;SO464723;C0012;AS003;917;2022-09-01 00:00:00;2022-08-28 00:00:00;2022-08-07 00:00:00;2022-08-03 00:00:00
2022-08-04 00:00:00;SO117559;C0022;CS002;906;2022-09-15 00:00:00;2022-09-16 00:00:00;2022-08-08 00:00:00;2022-08-09 00:00:00
2022-08-04 00:00:00;SO464723;C0012;CT002;999;2022-09-01 00:00:00;2022-09-09 00:00:00;2022-08-07 00:00:00;2022-08-15 00:00:00
2022-08-04 00:00:00;SO464723;C0012;AS004;1029;2022-09-01 00:00:00;2022-09-08 00:00:00;2022-08-07 00:00:00;2022-08-14 00:00:00
2022-08-04 00:00:00;SO697903;C0027;CS002;648;2022-09-15 00:00:00;2022-09-09 00:00:00;2022-08-12 00:00:00;2022-08-06 00:00:00
2022-08-04 00:00:00;SO697903;C0027;CS001;770;2022-09-15 00:00:00;2022-09-14 00:00:00;2022-08-12 00:00:00;2022-08-11 00:00:00
2022-08-04 00:00:00;SO117559;C0022;CL002;510;2022-09-15 00:00:00;2022-09-11 00:00:00;2022-08-08 00:00:00;2022-08-04 00:00:00
2022-08-04 00:00:00;SO697903;C0027;AS005;776;2022-09-15 00:00:00;2022-09-24 00:00:00;2022-08-12 00:00:00;2022-08-21 00:00:00
2022-08-04 00:00:00;SO464723;C0012;AS005;325;2022-09-01 00:00:00;2022-09-09 00:00:00;2022-08-07 00:00:00;2022-08-15 00:00:00
2022-08-04 00:00:00;SO464723;C0012;VS002;1114;2022-09-01 00:00:00;2022-08-27 00:00:00;2022-08-07 00:00:00;2022-08-02 00:00:00
2022-08-04 00:00:00;SO117559;C0022;CT001;459;2022-09-15 00:00:00;2022-09-07 00:00:00;2022-08-08 00:00:00;2022-07-31 00:00:00
2022-08-04 00:00:00;SO464723;C0012;CL002;1138;2022-09-01 00:00:00;2022-09-11 00:00:00;2022-08-07 00:00:00;2022-08-17 00:00:00
2022-08-04 00:00:00;SO697903;C0027;CT001;930;2022-09-15 00:00:00;2022-09-10 00:00:00;2022-08-12 00:00:00;2022-08-07 00:00:00
2022-08-04 00:00:00;SO464723;C0012;AS001;473;2022-09-01 00:00:00;2022-08-30 00:00:00;2022-08-07 00:00:00;2022-08-05 00:00:00
2022-08-04 00:00:00;SO117559;C0022;VS002;936;2022-09-15 00:00:00;2022-09-11 00:00:00;2022-08-08 00:00:00;2022-08-04 00:00:00
2022-08-04 00:00:00;SO464723;C0012;CT001;561;2022-09-01 00:00:00;2022-08-27 00:00:00;2022-08-07 00:00:00;2022-08-02 00:00:00
2022-08-04 00:00:00;SO697903;C0027;CT003;354;2022-09-15 00:00:00;2022-09-23 00:00:00;2022-08-12 00:00:00;2022-08-20 00:00:00
2022-08-04 00:00:00;SO117559;C0022;CT003;444;2022-09-15 00:00:00;2022-09-10 00:00:00;2022-08-08 00:00:00;2022-08-03 00:00:00
2022-08-04 00:00:00;SO697903;C0027;VS004;702;2022-09-15 00:00:00;2022-09-24 00:00:00;2022-08-12 00:00:00;2022-08-21 00:00:00
2022-08-05 00:00:00;SO322153;C0016;AL002;594;2022-08-19 00:00:00;2022-08-18 00:00:00;2022-08-09 00:00:00;2022-08-08 00:00:00
2022-08-05 00:00:00;SO569839;C0013;AS003;664;2022-09-02 00:00:00;2022-08-31 00:00:00;2022-08-09 00:00:00;2022-08-07 00:00:00
2022-08-05 00:00:00;SO322153;C0016;CT001;378;2022-08-19 00:00:00;2022-08-10 00:00:00;2022-08-09 00:00:00;2022-07-31 00:00:00
2022-08-05 00:00:00;SO569839;C0013;VS002;656;2022-09-02 00:00:00;2022-09-03 00:00:00;2022-08-09 00:00:00;2022-08-10 00:00:00
2022-08-05 00:00:00;SO569839;C0013;AS002;875;2022-09-02 00:00:00;2022-08-24 00:00:00;2022-08-09 00:00:00;2022-07-31 00:00:00
2022-08-05 00:00:00;SO569839;C0013;AT002;415;2022-09-02 00:00:00;2022-08-24 00:00:00;2022-08-09 00:00:00;2022-07-31 00:00:00
2022-08-05 00:00:00;SO569839;C0013;VS004;381;2022-09-02 00:00:00;2022-09-05 00:00:00;2022-08-09 00:00:00;2022-08-12 00:00:00
2022-08-05 00:00:00;SO322153;C0016;CT003;306;2022-08-19 00:00:00;2022-08-24 00:00:00;2022-08-09 00:00:00;2022-08-14 00:00:00
2022-08-05 00:00:00;SO322153;C0016;AT002;596;2022-08-19 00:00:00;2022-08-28 00:00:00;2022-08-09 00:00:00;2022-08-18 00:00:00
2022-08-05 00:00:00;SO569839;C0013;CS001;1088;2022-09-02 00:00:00;2022-09-08 00:00:00;2022-08-09 00:00:00;2022-08-15 00:00:00
2022-08-05 00:00:00;SO569839;C0013;CL002;714;2022-09-02 00:00:00;2022-08-25 00:00:00;2022-08-09 00:00:00;2022-08-01 00:00:00
2022-08-05 00:00:00;SO569839;C0013;CT003;797;2022-09-02 00:00:00;2022-08-27 00:00:00;2022-08-09 00:00:00;2022-08-03 00:00:00
2022-08-08 00:00:00;SO314322;C0018;VS005;557;2022-10-10 00:00:00;2022-10-19 00:00:00;2022-08-12 00:00:00;2022-08-21 00:00:00
2022-08-08 00:00:00;SO292773;C0003;CL002;803;2022-09-19 00:00:00;2022-09-18 00:00:00;2022-08-10 00:00:00;2022-08-09 00:00:00
2022-08-08 00:00:00;SO809662;C0005;AL001;664;2022-10-03 00:00:00;2022-09-28 00:00:00;2022-08-10 00:00:00;2022-08-05 00:00:00
2022-08-08 00:00:00;SO314322;C0018;AL001;478;2022-10-10 00:00:00;2022-10-06 00:00:00;2022-08-12 00:00:00;2022-08-08 00:00:00
2022-08-08 00:00:00;SO292773;C0003;VS005;430;2022-09-19 00:00:00;2022-09-27 00:00:00;2022-08-10 00:00:00;2022-08-18 00:00:00
2022-08-08 00:00:00;SO809662;C0005;CT001;308;2022-10-03 00:00:00;2022-10-02 00:00:00;2022-08-10 00:00:00;2022-08-09 00:00:00
2022-08-08 00:00:00;SO292773;C0003;AT002;592;2022-09-19 00:00:00;2022-09-18 00:00:00;2022-08-10 00:00:00;2022-08-09 00:00:00
2022-08-08 00:00:00;SO809662;C0005;AS003;1019;2022-10-03 00:00:00;2022-09-28 00:00:00;2022-08-10 00:00:00;2022-08-05 00:00:00
2022-08-08 00:00:00;SO809662;C0005;AL002;957;2022-10-03 00:00:00;2022-10-06 00:00:00;2022-08-10 00:00:00;2022-08-13 00:00:00
2022-08-08 00:00:00;SO809662;C0005;VS005;599;2022-10-03 00:00:00;2022-10-13 00:00:00;2022-08-10 00:00:00;2022-08-20 00:00:00
2022-08-08 00:00:00;SO292773;C0003;CS002;755;2022-09-19 00:00:00;2022-09-26 00:00:00;2022-08-10 00:00:00;2022-08-17 00:00:00
2022-08-08 00:00:00;SO314322;C0018;CL002;772;2022-10-10 00:00:00;2022-09-30 00:00:00;2022-08-12 00:00:00;2022-08-02 00:00:00
2022-08-08 00:00:00;SO809662;C0005;AS004;328;2022-10-03 00:00:00;2022-10-08 00:00:00;2022-08-10 00:00:00;2022-08-15 00:00:00
2022-08-08 00:00:00;SO292773;C0003;AT001;858;2022-09-19 00:00:00;2022-09-12 00:00:00;2022-08-10 00:00:00;2022-08-03 00:00:00
2022-08-09 00:00:00;SO126078;C0001;VS001;548;2022-09-06 00:00:00;2022-09-14 00:00:00;2022-08-11 00:00:00;2022-08-19 00:00:00
2022-08-09 00:00:00;SO303418;C0022;CT002;793;2022-09-20 00:00:00;2022-09-10 00:00:00;2022-08-13 00:00:00;2022-08-03 00:00:00
2022-08-09 00:00:00;SO126078;C0001;VS005;1119;2022-09-06 00:00:00;2022-09-01 00:00:00;2022-08-11 00:00:00;2022-08-06 00:00:00
2022-08-09 00:00:00;SO303418;C0022;VS005;465;2022-09-20 00:00:00;2022-09-27 00:00:00;2022-08-13 00:00:00;2022-08-20 00:00:00
2022-08-09 00:00:00;SO126078;C0001;CT001;430;2022-09-06 00:00:00;2022-09-14 00:00:00;2022-08-11 00:00:00;2022-08-19 00:00:00
2022-08-09 00:00:00;SO303418;C0022;CS002;583;2022-09-20 00:00:00;2022-09-16 00:00:00;2022-08-13 00:00:00;2022-08-09 00:00:00
2022-08-09 00:00:00;SO126078;C0001;AS004;860;2022-09-06 00:00:00;2022-09-16 00:00:00;2022-08-11 00:00:00;2022-08-21 00:00:00
2022-08-09 00:00:00;SO126078;C0001;CS004;1012;2022-09-06 00:00:00;2022-09-13 00:00:00;2022-08-11 00:00:00;2022-08-18 00:00:00
2022-08-09 00:00:00;SO126078;C0001;CL002;1064;2022-09-06 00:00:00;2022-09-01 00:00:00;2022-08-11 00:00:00;2022-08-06 00:00:00
2022-08-09 00:00:00;SO303418;C0022;VS001;491;2022-09-20 00:00:00;2022-09-25 00:00:00;2022-08-13 00:00:00;2022-08-18 00:00:00
2022-08-09 00:00:00;SO126078;C0001;CS001;878;2022-09-06 00:00:00;2022-09-06 00:00:00;2022-08-11 00:00:00;2022-08-11 00:00:00
2022-08-09 00:00:00;SO303418;C0022;VS003;1002;2022-09-20 00:00:00;2022-09-28 00:00:00;2022-08-13 00:00:00;2022-08-21 00:00:00
2022-08-09 00:00:00;SO303418;C0022;AT002;593;2022-09-20 00:00:00;2022-09-15 00:00:00;2022-08-13 00:00:00;2022-08-08 00:00:00
2022-08-09 00:00:00;SO303418;C0022;AT001;895;2022-09-20 00:00:00;2022-09-19 00:00:00;2022-08-13 00:00:00;2022-08-12 00:00:00
2022-08-09 00:00:00;SO126078;C0001;VS002;696;2022-09-06 00:00:00;2022-09-08 00:00:00;2022-08-11 00:00:00;2022-08-13 00:00:00
2022-08-09 00:00:00;SO126078;C0001;CS003;451;2022-09-06 00:00:00;2022-09-13 00:00:00;2022-08-11 00:00:00;2022-08-18 00:00:00
2022-08-09 00:00:00;SO303418;C0022;AS005;460;2022-09-20 00:00:00;2022-09-27 00:00:00;2022-08-13 00:00:00;2022-08-20 00:00:00
2022-08-10 00:00:00;SO454591;C0006;AS005;1080;2022-10-12 00:00:00;2022-10-09 00:00:00;2022-08-12 00:00:00;2022-08-09 00:00:00
2022-08-10 00:00:00;SO287290;C0005;AT001;779;2022-10-05 00:00:00;2022-10-11 00:00:00;2022-08-12 00:00:00;2022-08-18 00:00:00
2022-08-10 00:00:00;SO454591;C0006;CL001;790;2022-10-12 00:00:00;2022-10-11 00:00:00;2022-08-12 00:00:00;2022-08-11 00:00:00
2022-08-10 00:00:00;SO454591;C0006;AS003;646;2022-10-12 00:00:00;2022-10-11 00:00:00;2022-08-12 00:00:00;2022-08-11 00:00:00
2022-08-10 00:00:00;SO454591;C0006;AT002;504;2022-10-12 00:00:00;2022-10-13 00:00:00;2022-08-12 00:00:00;2022-08-13 00:00:00
2022-08-10 00:00:00;SO454591;C0006;CT001;794;2022-10-12 00:00:00;2022-10-20 00:00:00;2022-08-12 00:00:00;2022-08-20 00:00:00
2022-08-10 00:00:00;SO454591;C0006;VS003;409;2022-10-12 00:00:00;2022-10-18 00:00:00;2022-08-12 00:00:00;2022-08-18 00:00:00
2022-08-10 00:00:00;SO454591;C0006;VS005;262;2022-10-12 00:00:00;2022-10-07 00:00:00;2022-08-12 00:00:00;2022-08-07 00:00:00
2022-08-10 00:00:00;SO454591;C0006;AS004;375;2022-10-12 00:00:00;2022-10-04 00:00:00;2022-08-12 00:00:00;2022-08-04 00:00:00
2022-08-10 00:00:00;SO287290;C0005;VS002;1025;2022-10-05 00:00:00;2022-10-12 00:00:00;2022-08-12 00:00:00;2022-08-19 00:00:00
2022-08-10 00:00:00;SO454591;C0006;VS001;530;2022-10-12 00:00:00;2022-10-10 00:00:00;2022-08-12 00:00:00;2022-08-10 00:00:00
2022-08-10 00:00:00;SO454591;C0006;AL002;711;2022-10-12 00:00:00;2022-10-10 00:00:00;2022-08-12 00:00:00;2022-08-10 00:00:00
2022-08-10 00:00:00;SO287290;C0005;AL002;569;2022-10-05 00:00:00;2022-10-01 00:00:00;2022-08-12 00:00:00;2022-08-08 00:00:00
2022-08-10 00:00:00;SO287290;C0005;AS003;630;2022-10-05 00:00:00;2022-09-25 00:00:00;2022-08-12 00:00:00;2022-08-02 00:00:00
2022-08-10 00:00:00;SO454591;C0006;AL001;467;2022-10-12 00:00:00;2022-10-21 00:00:00;2022-08-12 00:00:00;2022-08-21 00:00:00
2022-08-10 00:00:00;SO454591;C0006;CL002;1044;2022-10-12 00:00:00;2022-10-03 00:00:00;2022-08-12 00:00:00;2022-08-03 00:00:00
2022-08-10 00:00:00;SO454591;C0006;AT001;928;2022-10-12 00:00:00;2022-10-09 00:00:00;2022-08-12 00:00:00;2022-08-09 00:00:00
2022-08-10 00:00:00;SO454591;C0006;CS004;1135;2022-10-12 00:00:00;2022-10-10 00:00:00;2022-08-12 00:00:00;2022-08-10 00:00:00
2022-08-11 00:00:00;SO877605;C0013;AS002;467;2022-09-08 00:00:00;2022-09-03 00:00:00;2022-08-15 00:00:00;2022-08-10 00:00:00
2022-08-11 00:00:00;SO698928;C0010;VS002;328;2022-09-22 00:00:00;2022-09-20 00:00:00;2022-08-14 00:00:00;2022-08-12 00:00:00
2022-08-11 00:00:00;SO951905;C0021;AL001;1208;2022-08-25 00:00:00;2022-09-02 00:00:00;2022-08-15 00:00:00;2022-08-23 00:00:00
2022-08-11 00:00:00;SO854629;C0001;CS003;621;2022-09-08 00:00:00;2022-09-04 00:00:00;2022-08-13 00:00:00;2022-08-09 00:00:00
2022-08-11 00:00:00;SO854629;C0001;AS002;721;2022-09-08 00:00:00;2022-09-16 00:00:00;2022-08-13 00:00:00;2022-08-21 00:00:00
2022-08-11 00:00:00;SO854629;C0001;AS003;965;2022-09-08 00:00:00;2022-09-08 00:00:00;2022-08-13 00:00:00;2022-08-13 00:00:00
2022-08-11 00:00:00;SO854629;C0001;CT001;778;2022-09-08 00:00:00;2022-09-01 00:00:00;2022-08-13 00:00:00;2022-08-06 00:00:00
2022-08-11 00:00:00;SO854629;C0001;VS002;769;2022-09-08 00:00:00;2022-09-08 00:00:00;2022-08-13 00:00:00;2022-08-13 00:00:00
2022-08-11 00:00:00;SO951905;C0021;VS003;749;2022-08-25 00:00:00;2022-08-30 00:00:00;2022-08-15 00:00:00;2022-08-20 00:00:00
2022-08-11 00:00:00;SO854629;C0001;CS002;1052;2022-09-08 00:00:00;2022-09-16 00:00:00;2022-08-13 00:00:00;2022-08-21 00:00:00
2022-08-11 00:00:00;SO698928;C0010;VS003;471;2022-09-22 00:00:00;2022-09-16 00:00:00;2022-08-14 00:00:00;2022-08-08 00:00:00
2022-08-11 00:00:00;SO854629;C0001;AT002;332;2022-09-08 00:00:00;2022-08-31 00:00:00;2022-08-13 00:00:00;2022-08-05 00:00:00
2022-08-11 00:00:00;SO698928;C0010;CS002;1005;2022-09-22 00:00:00;2022-09-13 00:00:00;2022-08-14 00:00:00;2022-08-05 00:00:00
2022-08-11 00:00:00;SO854629;C0001;AS004;511;2022-09-08 00:00:00;2022-08-31 00:00:00;2022-08-13 00:00:00;2022-08-05 00:00:00
2022-08-11 00:00:00;SO877605;C0013;AS003;624;2022-09-08 00:00:00;2022-09-02 00:00:00;2022-08-15 00:00:00;2022-08-09 00:00:00
2022-08-11 00:00:00;SO854629;C0001;AS005;790;2022-09-08 00:00:00;2022-08-30 00:00:00;2022-08-13 00:00:00;2022-08-04 00:00:00
2022-08-11 00:00:00;SO951905;C0021;AT002;639;2022-08-25 00:00:00;2022-08-19 00:00:00;2022-08-15 00:00:00;2022-08-09 00:00:00
2022-08-11 00:00:00;SO877605;C0013;AL001;1203;2022-09-08 00:00:00;2022-09-01 00:00:00;2022-08-15 00:00:00;2022-08-08 00:00:00
2022-08-11 00:00:00;SO698928;C0010;AS003;1292;2022-09-22 00:00:00;2022-09-18 00:00:00;2022-08-14 00:00:00;2022-08-10 00:00:00
2022-08-11 00:00:00;SO951905;C0021;AL002;483;2022-08-25 00:00:00;2022-08-28 00:00:00;2022-08-15 00:00:00;2022-08-18 00:00:00
2022-08-12 00:00:00;SO791376;C0016;CS003;381;2022-08-26 00:00:00;2022-08-27 00:00:00;2022-08-16 00:00:00;2022-08-17 00:00:00
2022-08-12 00:00:00;SO336441;C0030;AT001;985;2022-10-14 00:00:00;2022-10-14 00:00:00;2022-08-20 00:00:00;2022-08-20 00:00:00
2022-08-12 00:00:00;SO336441;C0030;CS002;840;2022-10-14 00:00:00;2022-10-23 00:00:00;2022-08-20 00:00:00;2022-08-29 00:00:00
2022-08-12 00:00:00;SO791376;C0016;AL001;738;2022-08-26 00:00:00;2022-08-27 00:00:00;2022-08-16 00:00:00;2022-08-17 00:00:00
2022-08-12 00:00:00;SO791376;C0016;AS001;1008;2022-08-26 00:00:00;2022-08-27 00:00:00;2022-08-16 00:00:00;2022-08-17 00:00:00
2022-08-12 00:00:00;SO791376;C0016;VS001;815;2022-08-26 00:00:00;2022-08-17 00:00:00;2022-08-16 00:00:00;2022-08-07 00:00:00
2022-08-12 00:00:00;SO791376;C0016;AS003;417;2022-08-26 00:00:00;2022-09-01 00:00:00;2022-08-16 00:00:00;2022-08-22 00:00:00
2022-08-12 00:00:00;SO791376;C0016;CS001;880;2022-08-26 00:00:00;2022-09-04 00:00:00;2022-08-16 00:00:00;2022-08-25 00:00:00
2022-08-12 00:00:00;SO336441;C0030;CT003;486;2022-10-14 00:00:00;2022-10-19 00:00:00;2022-08-20 00:00:00;2022-08-25 00:00:00
2022-08-12 00:00:00;SO791376;C0016;AS005;490;2022-08-26 00:00:00;2022-08-28 00:00:00;2022-08-16 00:00:00;2022-08-18 00:00:00
2022-08-12 00:00:00;SO791376;C0016;CL001;954;2022-08-26 00:00:00;2022-09-02 00:00:00;2022-08-16 00:00:00;2022-08-23 00:00:00
2022-08-12 00:00:00;SO791376;C0016;CS002;465;2022-08-26 00:00:00;2022-08-25 00:00:00;2022-08-16 00:00:00;2022-08-15 00:00:00
2022-08-12 00:00:00;SO791376;C0016;CL002;606;2022-08-26 00:00:00;2022-08-24 00:00:00;2022-08-16 00:00:00;2022-08-14 00:00:00
2022-08-12 00:00:00;SO791376;C0016;VS005;1118;2022-08-26 00:00:00;2022-09-03 00:00:00;2022-08-16 00:00:00;2022-08-24 00:00:00
2022-08-12 00:00:00;SO791376;C0016;CS004;651;2022-08-26 00:00:00;2022-09-03 00:00:00;2022-08-16 00:00:00;2022-08-24 00:00:00
2022-08-12 00:00:00;SO791376;C0016;AT002;464;2022-08-26 00:00:00;2022-08-27 00:00:00;2022-08-16 00:00:00;2022-08-17 00:00:00
2022-08-12 00:00:00;SO791376;C0016;CT001;479;2022-08-26 00:00:00;2022-09-01 00:00:00;2022-08-16 00:00:00;2022-08-22 00:00:00
2022-08-15 00:00:00;SO794655;C0025;CS003;482;2022-09-12 00:00:00;2022-09-02 00:00:00;2022-08-23 00:00:00;2022-08-13 00:00:00
2022-08-15 00:00:00;SO225581;C0008;CS003;1054;2022-10-10 00:00:00;2022-10-13 00:00:00;2022-08-18 00:00:00;2022-08-21 00:00:00
2022-08-15 00:00:00;SO794655;C0025;CT003;778;2022-09-12 00:00:00;2022-09-04 00:00:00;2022-08-23 00:00:00;2022-08-15 00:00:00
2022-08-15 00:00:00;SO794655;C0025;AL001;882;2022-09-12 00:00:00;2022-09-08 00:00:00;2022-08-23 00:00:00;2022-08-19 00:00:00
2022-08-15 00:00:00;SO794655;C0025;CL002;1038;2022-09-12 00:00:00;2022-09-09 00:00:00;2022-08-23 00:00:00;2022-08-20 00:00:00
2022-08-15 00:00:00;SO225581;C0008;CL002;1131;2022-10-10 00:00:00;2022-10-13 00:00:00;2022-08-18 00:00:00;2022-08-21 00:00:00
2022-08-15 00:00:00;SO225581;C0008;AS003;830;2022-10-10 00:00:00;2022-10-11 00:00:00;2022-08-18 00:00:00;2022-08-19 00:00:00
2022-08-15 00:00:00;SO225581;C0008;AS001;321;2022-10-10 00:00:00;2022-10-16 00:00:00;2022-08-18 00:00:00;2022-08-24 00:00:00
2022-08-15 00:00:00;SO794655;C0025;AS001;724;2022-09-12 00:00:00;2022-09-13 00:00:00;2022-08-23 00:00:00;2022-08-24 00:00:00
2022-08-15 00:00:00;SO794655;C0025;AS004;882;2022-09-12 00:00:00;2022-09-14 00:00:00;2022-08-23 00:00:00;2022-08-25 00:00:00
2022-08-15 00:00:00;SO794655;C0025;VS001;971;2022-09-12 00:00:00;2022-09-10 00:00:00;2022-08-23 00:00:00;2022-08-21 00:00:00
2022-08-15 00:00:00;SO225581;C0008;CT003;715;2022-10-10 00:00:00;2022-10-08 00:00:00;2022-08-18 00:00:00;2022-08-16 00:00:00
2022-08-15 00:00:00;SO225581;C0008;VS001;764;2022-10-10 00:00:00;2022-10-07 00:00:00;2022-08-18 00:00:00;2022-08-15 00:00:00
2022-08-15 00:00:00;SO225581;C0008;AT001;837;2022-10-10 00:00:00;2022-10-15 00:00:00;2022-08-18 00:00:00;2022-08-23 00:00:00
2022-08-15 00:00:00;SO794655;C0025;AS002;764;2022-09-12 00:00:00;2022-09-13 00:00:00;2022-08-23 00:00:00;2022-08-24 00:00:00
2022-08-15 00:00:00;SO225581;C0008;AS005;991;2022-10-10 00:00:00;2022-10-19 00:00:00;2022-08-18 00:00:00;2022-08-27 00:00:00
2022-08-15 00:00:00;SO794655;C0025;CL001;818;2022-09-12 00:00:00;2022-09-08 00:00:00;2022-08-23 00:00:00;2022-08-19 00:00:00
2022-08-15 00:00:00;SO225581;C0008;CS002;931;2022-10-10 00:00:00;2022-10-09 00:00:00;2022-08-18 00:00:00;2022-08-17 00:00:00
2022-08-15 00:00:00;SO225581;C0008;CS001;489;2022-10-10 00:00:00;2022-10-12 00:00:00;2022-08-18 00:00:00;2022-08-20 00:00:00
2022-08-15 00:00:00;SO794655;C0025;AS005;551;2022-09-12 00:00:00;2022-09-04 00:00:00;2022-08-23 00:00:00;2022-08-15 00:00:00
2022-08-16 00:00:00;SO533007;C0011;CL002;1235;2022-09-20 00:00:00;2022-09-28 00:00:00;2022-08-19 00:00:00;2022-08-27 00:00:00
2022-08-16 00:00:00;SO189917;C0014;AT001;1152;2022-09-20 00:00:00;2022-09-29 00:00:00;2022-08-20 00:00:00;2022-08-29 00:00:00
2022-08-16 00:00:00;SO533007;C0011;AT002;694;2022-09-20 00:00:00;2022-09-16 00:00:00;2022-08-19 00:00:00;2022-08-15 00:00:00
2022-08-16 00:00:00;SO189917;C0014;AS002;852;2022-09-20 00:00:00;2022-09-17 00:00:00;2022-08-20 00:00:00;2022-08-17 00:00:00
2022-08-16 00:00:00;SO533007;C0011;CS004;656;2022-09-20 00:00:00;2022-09-10 00:00:00;2022-08-19 00:00:00;2022-08-09 00:00:00
2022-08-16 00:00:00;SO533007;C0011;VS003;812;2022-09-20 00:00:00;2022-09-25 00:00:00;2022-08-19 00:00:00;2022-08-24 00:00:00
2022-08-16 00:00:00;SO533007;C0011;CS001;1080;2022-09-20 00:00:00;2022-09-29 00:00:00;2022-08-19 00:00:00;2022-08-28 00:00:00
2022-08-16 00:00:00;SO189917;C0014;CL001;561;2022-09-20 00:00:00;2022-09-13 00:00:00;2022-08-20 00:00:00;2022-08-13 00:00:00
2022-08-16 00:00:00;SO189917;C0014;AL002;537;2022-09-20 00:00:00;2022-09-18 00:00:00;2022-08-20 00:00:00;2022-08-18 00:00:00
2022-08-16 00:00:00;SO533007;C0011;AS002;1080;2022-09-20 00:00:00;2022-09-14 00:00:00;2022-08-19 00:00:00;2022-08-13 00:00:00
2022-08-16 00:00:00;SO189917;C0014;CS002;717;2022-09-20 00:00:00;2022-09-13 00:00:00;2022-08-20 00:00:00;2022-08-13 00:00:00
2022-08-16 00:00:00;SO533007;C0011;AS005;503;2022-09-20 00:00:00;2022-09-19 00:00:00;2022-08-19 00:00:00;2022-08-18 00:00:00
2022-08-16 00:00:00;SO189917;C0014;AL001;681;2022-09-20 00:00:00;2022-09-21 00:00:00;2022-08-20 00:00:00;2022-08-21 00:00:00
2022-08-16 00:00:00;SO189917;C0014;AS001;367;2022-09-20 00:00:00;2022-09-14 00:00:00;2022-08-20 00:00:00;2022-08-14 00:00:00
2022-08-17 00:00:00;SO967852;C0020;AT002;854;2022-10-12 00:00:00;2022-10-08 00:00:00;2022-08-21 00:00:00;2022-08-17 00:00:00
2022-08-17 00:00:00;SO264387;C0010;AL002;599;2022-09-28 00:00:00;2022-09-30 00:00:00;2022-08-20 00:00:00;2022-08-22 00:00:00
2022-08-17 00:00:00;SO971878;C0006;AL001;599;2022-10-19 00:00:00;2022-10-17 00:00:00;2022-08-19 00:00:00;2022-08-17 00:00:00
2022-08-17 00:00:00;SO971878;C0006;AS005;851;2022-10-19 00:00:00;2022-10-27 00:00:00;2022-08-19 00:00:00;2022-08-27 00:00:00
2022-08-17 00:00:00;SO967852;C0020;VS004;930;2022-10-12 00:00:00;2022-10-20 00:00:00;2022-08-21 00:00:00;2022-08-29 00:00:00
2022-08-17 00:00:00;SO971878;C0006;VS003;357;2022-10-19 00:00:00;2022-10-26 00:00:00;2022-08-19 00:00:00;2022-08-26 00:00:00
2022-08-17 00:00:00;SO264387;C0010;AS005;678;2022-09-28 00:00:00;2022-10-03 00:00:00;2022-08-20 00:00:00;2022-08-25 00:00:00
2022-08-17 00:00:00;SO971878;C0006;CS003;771;2022-10-19 00:00:00;2022-10-29 00:00:00;2022-08-19 00:00:00;2022-08-29 00:00:00
2022-08-17 00:00:00;SO264387;C0010;CT002;434;2022-09-28 00:00:00;2022-09-30 00:00:00;2022-08-20 00:00:00;2022-08-22 00:00:00
2022-08-17 00:00:00;SO971878;C0006;VS002;334;2022-10-19 00:00:00;2022-10-11 00:00:00;2022-08-19 00:00:00;2022-08-11 00:00:00
2022-08-17 00:00:00;SO971878;C0006;AS004;824;2022-10-19 00:00:00;2022-10-29 00:00:00;2022-08-19 00:00:00;2022-08-29 00:00:00
2022-08-17 00:00:00;SO264387;C0010;CS003;553;2022-09-28 00:00:00;2022-09-24 00:00:00;2022-08-20 00:00:00;2022-08-16 00:00:00
2022-08-18 00:00:00;SO390301;C0014;CL001;651;2022-09-22 00:00:00;2022-09-26 00:00:00;2022-08-22 00:00:00;2022-08-26 00:00:00
2022-08-18 00:00:00;SO281190;C0011;CS004;922;2022-09-22 00:00:00;2022-09-25 00:00:00;2022-08-21 00:00:00;2022-08-24 00:00:00
2022-08-18 00:00:00;SO789779;C0022;AL002;773;2022-09-29 00:00:00;2022-09-21 00:00:00;2022-08-22 00:00:00;2022-08-14 00:00:00
2022-08-18 00:00:00;SO390301;C0014;AL002;568;2022-09-22 00:00:00;2022-09-24 00:00:00;2022-08-22 00:00:00;2022-08-24 00:00:00
2022-08-18 00:00:00;SO390301;C0014;CT003;900;2022-09-22 00:00:00;2022-09-26 00:00:00;2022-08-22 00:00:00;2022-08-26 00:00:00
2022-08-18 00:00:00;SO789779;C0022;CS004;954;2022-09-29 00:00:00;2022-09-24 00:00:00;2022-08-22 00:00:00;2022-08-17 00:00:00
2022-08-18 00:00:00;SO390301;C0014;CS001;648;2022-09-22 00:00:00;2022-09-30 00:00:00;2022-08-22 00:00:00;2022-08-30 00:00:00
2022-08-18 00:00:00;SO281190;C0011;VS002;818;2022-09-22 00:00:00;2022-09-27 00:00:00;2022-08-21 00:00:00;2022-08-26 00:00:00
2022-08-18 00:00:00;SO390301;C0014;CT001;648;2022-09-22 00:00:00;2022-09-18 00:00:00;2022-08-22 00:00:00;2022-08-18 00:00:00
2022-08-18 00:00:00;SO789779;C0022;AS001;569;2022-09-29 00:00:00;2022-10-05 00:00:00;2022-08-22 00:00:00;2022-08-28 00:00:00
2022-08-18 00:00:00;SO281190;C0011;AL001;748;2022-09-22 00:00:00;2022-09-29 00:00:00;2022-08-21 00:00:00;2022-08-28 00:00:00
2022-08-18 00:00:00;SO281190;C0011;CL002;396;2022-09-22 00:00:00;2022-09-19 00:00:00;2022-08-21 00:00:00;2022-08-18 00:00:00
2022-08-18 00:00:00;SO390301;C0014;VS003;419;2022-09-22 00:00:00;2022-09-20 00:00:00;2022-08-22 00:00:00;2022-08-20 00:00:00
2022-08-18 00:00:00;SO789779;C0022;AT002;1221;2022-09-29 00:00:00;2022-09-27 00:00:00;2022-08-22 00:00:00;2022-08-20 00:00:00
2022-08-18 00:00:00;SO789779;C0022;CS001;743;2022-09-29 00:00:00;2022-09-22 00:00:00;2022-08-22 00:00:00;2022-08-15 00:00:00
2022-08-18 00:00:00;SO789779;C0022;AS002;512;2022-09-29 00:00:00;2022-09-25 00:00:00;2022-08-22 00:00:00;2022-08-18 00:00:00
2022-08-19 00:00:00;SO567389;C0004;AS001;1040;2022-09-02 00:00:00;2022-09-03 00:00:00;2022-08-21 00:00:00;2022-08-22 00:00:00
2022-08-19 00:00:00;SO355372;C0001;AL002;808;2022-09-16 00:00:00;2022-09-20 00:00:00;2022-08-21 00:00:00;2022-08-25 00:00:00
2022-08-19 00:00:00;SO355372;C0001;VS001;946;2022-09-16 00:00:00;2022-09-09 00:00:00;2022-08-21 00:00:00;2022-08-14 00:00:00
2022-08-19 00:00:00;SO567389;C0004;AS005;784;2022-09-02 00:00:00;2022-09-04 00:00:00;2022-08-21 00:00:00;2022-08-23 00:00:00
2022-08-19 00:00:00;SO567389;C0004;CS002;723;2022-09-02 00:00:00;2022-08-23 00:00:00;2022-08-21 00:00:00;2022-08-11 00:00:00
2022-08-19 00:00:00;SO567389;C0004;AS002;557;2022-09-02 00:00:00;2022-08-24 00:00:00;2022-08-21 00:00:00;2022-08-12 00:00:00
2022-08-19 00:00:00;SO355372;C0001;VS005;599;2022-09-16 00:00:00;2022-09-06 00:00:00;2022-08-21 00:00:00;2022-08-11 00:00:00
2022-08-19 00:00:00;SO567389;C0004;AS003;873;2022-09-02 00:00:00;2022-09-08 00:00:00;2022-08-21 00:00:00;2022-08-27 00:00:00
2022-08-19 00:00:00;SO355372;C0001;AS001;523;2022-09-16 00:00:00;2022-09-25 00:00:00;2022-08-21 00:00:00;2022-08-30 00:00:00
2022-08-19 00:00:00;SO567389;C0004;VS004;865;2022-09-02 00:00:00;2022-09-10 00:00:00;2022-08-21 00:00:00;2022-08-29 00:00:00
2022-08-19 00:00:00;SO355372;C0001;CS003;635;2022-09-16 00:00:00;2022-09-09 00:00:00;2022-08-21 00:00:00;2022-08-14 00:00:00
2022-08-19 00:00:00;SO567389;C0004;VS005;1093;2022-09-02 00:00:00;2022-08-31 00:00:00;2022-08-21 00:00:00;2022-08-19 00:00:00
2022-08-22 00:00:00;SO318797;C0003;AL001;646;2022-10-03 00:00:00;2022-09-25 00:00:00;2022-08-24 00:00:00;2022-08-16 00:00:00
2022-08-22 00:00:00;SO894994;C0029;CT003;892;2022-10-17 00:00:00;2022-10-08 00:00:00;2022-08-30 00:00:00;2022-08-21 00:00:00
2022-08-22 00:00:00;SO531665;C0030;CL002;660;2022-10-24 00:00:00;2022-10-24 00:00:00;2022-08-30 00:00:00;2022-08-30 00:00:00
2022-08-22 00:00:00;SO404880;C0001;AT001;928;2022-09-19 00:00:00;2022-09-22 00:00:00;2022-08-24 00:00:00;2022-08-27 00:00:00
2022-08-22 00:00:00;SO531665;C0030;AS004;650;2022-10-24 00:00:00;2022-10-25 00:00:00;2022-08-30 00:00:00;2022-08-31 00:00:00
2022-08-22 00:00:00;SO318797;C0003;CT003;712;2022-10-03 00:00:00;2022-10-10 00:00:00;2022-08-24 00:00:00;2022-08-31 00:00:00
2022-08-22 00:00:00;SO318797;C0003;AT002;964;2022-10-03 00:00:00;2022-09-28 00:00:00;2022-08-24 00:00:00;2022-08-19 00:00:00
2022-08-22 00:00:00;SO318797;C0003;CS003;680;2022-10-03 00:00:00;2022-09-30 00:00:00;2022-08-24 00:00:00;2022-08-21 00:00:00
2022-08-22 00:00:00;SO531665;C0030;AS002;553;2022-10-24 00:00:00;2022-10-27 00:00:00;2022-08-30 00:00:00;2022-09-02 00:00:00
2022-08-22 00:00:00;SO894994;C0029;AS001;560;2022-10-17 00:00:00;2022-10-21 00:00:00;2022-08-30 00:00:00;2022-09-03 00:00:00
2022-08-22 00:00:00;SO531665;C0030;CT002;1024;2022-10-24 00:00:00;2022-10-19 00:00:00;2022-08-30 00:00:00;2022-08-25 00:00:00
2022-08-22 00:00:00;SO318797;C0003;VS001;615;2022-10-03 00:00:00;2022-10-07 00:00:00;2022-08-24 00:00:00;2022-08-28 00:00:00
2022-08-23 00:00:00;SO538528;C0018;CT001;999;2022-10-25 00:00:00;2022-10-27 00:00:00;2022-08-27 00:00:00;2022-08-29 00:00:00
2022-08-23 00:00:00;SO616742;C0024;VS004;1145;2022-09-20 00:00:00;2022-09-15 00:00:00;2022-08-27 00:00:00;2022-08-22 00:00:00
2022-08-23 00:00:00;SO616742;C0024;CT001;708;2022-09-20 00:00:00;2022-09-14 00:00:00;2022-08-27 00:00:00;2022-08-21 00:00:00
2022-08-23 00:00:00;SO616742;C0024;AS003;425;2022-09-20 00:00:00;2022-09-21 00:00:00;2022-08-27 00:00:00;2022-08-28 00:00:00
2022-08-23 00:00:00;SO538528;C0018;AS001;405;2022-10-25 00:00:00;2022-11-03 00:00:00;2022-08-27 00:00:00;2022-09-05 00:00:00
2022-08-23 00:00:00;SO616742;C0024;CL001;497;2022-09-20 00:00:00;2022-09-24 00:00:00;2022-08-27 00:00:00;2022-08-31 00:00:00
2022-08-23 00:00:00;SO538528;C0018;AT001;676;2022-10-25 00:00:00;2022-10-22 00:00:00;2022-08-27 00:00:00;2022-08-24 00:00:00
2022-08-23 00:00:00;SO616742;C0024;VS005;710;2022-09-20 00:00:00;2022-09-24 00:00:00;2022-08-27 00:00:00;2022-08-31 00:00:00
2022-08-23 00:00:00;SO538528;C0018;VS005;780;2022-10-25 00:00:00;2022-10-20 00:00:00;2022-08-27 00:00:00;2022-08-22 00:00:00
2022-08-23 00:00:00;SO616742;C0024;AT001;490;2022-09-20 00:00:00;2022-09-17 00:00:00;2022-08-27 00:00:00;2022-08-24 00:00:00
2022-08-23 00:00:00;SO538528;C0018;AS002;791;2022-10-25 00:00:00;2022-10-26 00:00:00;2022-08-27 00:00:00;2022-08-28 00:00:00
2022-08-23 00:00:00;SO616742;C0024;AS005;714;2022-09-20 00:00:00;2022-09-10 00:00:00;2022-08-27 00:00:00;2022-08-17 00:00:00
2022-08-23 00:00:00;SO538528;C0018;AS005;398;2022-10-25 00:00:00;2022-11-02 00:00:00;2022-08-27 00:00:00;2022-09-04 00:00:00
2022-08-23 00:00:00;SO538528;C0018;CL001;651;2022-10-25 00:00:00;2022-10-15 00:00:00;2022-08-27 00:00:00;2022-08-17 00:00:00
2022-08-24 00:00:00;SO699117;C0017;CT003;333;2022-10-19 00:00:00;2022-10-26 00:00:00;2022-08-28 00:00:00;2022-09-04 00:00:00
2022-08-24 00:00:00;SO982752;C0019;CT001;818;2022-10-26 00:00:00;2022-11-03 00:00:00;2022-08-28 00:00:00;2022-09-05 00:00:00
2022-08-24 00:00:00;SO135097;C0021;AS003;1142;2022-09-07 00:00:00;2022-09-08 00:00:00;2022-08-28 00:00:00;2022-08-29 00:00:00
2022-08-24 00:00:00;SO949780;C0028;AS001;528;2022-09-07 00:00:00;2022-09-01 00:00:00;2022-09-01 00:00:00;2022-08-26 00:00:00
2022-08-24 00:00:00;SO135097;C0021;VS003;832;2022-09-07 00:00:00;2022-09-01 00:00:00;2022-08-28 00:00:00;2022-08-22 00:00:00
2022-08-24 00:00:00;SO135097;C0021;CS003;784;2022-09-07 00:00:00;2022-08-31 00:00:00;2022-08-28 00:00:00;2022-08-21 00:00:00
2022-08-24 00:00:00;SO949780;C0028;VS001;901;2022-09-07 00:00:00;2022-09-10 00:00:00;2022-09-01 00:00:00;2022-09-04 00:00:00
2022-08-24 00:00:00;SO699117;C0017;AT001;895;2022-10-19 00:00:00;2022-10-16 00:00:00;2022-08-28 00:00:00;2022-08-25 00:00:00
2022-08-24 00:00:00;SO982752;C0019;CL001;988;2022-10-26 00:00:00;2022-10-17 00:00:00;2022-08-28 00:00:00;2022-08-19 00:00:00
2022-08-24 00:00:00;SO699117;C0017;CL001;444;2022-10-19 00:00:00;2022-10-14 00:00:00;2022-08-28 00:00:00;2022-08-23 00:00:00
2022-08-24 00:00:00;SO949780;C0028;VS004;460;2022-09-07 00:00:00;2022-09-12 00:00:00;2022-09-01 00:00:00;2022-09-06 00:00:00
2022-08-24 00:00:00;SO949780;C0028;CL001;514;2022-09-07 00:00:00;2022-09-04 00:00:00;2022-09-01 00:00:00;2022-08-29 00:00:00
2022-08-24 00:00:00;SO699117;C0017;CT001;1039;2022-10-19 00:00:00;2022-10-26 00:00:00;2022-08-28 00:00:00;2022-09-04 00:00:00
2022-08-24 00:00:00;SO949780;C0028;AL002;714;2022-09-07 00:00:00;2022-09-08 00:00:00;2022-09-01 00:00:00;2022-09-02 00:00:00
2022-08-24 00:00:00;SO949780;C0028;AS005;667;2022-09-07 00:00:00;2022-08-29 00:00:00;2022-09-01 00:00:00;2022-08-23 00:00:00
2022-08-24 00:00:00;SO135097;C0021;AL001;620;2022-09-07 00:00:00;2022-08-30 00:00:00;2022-08-28 00:00:00;2022-08-20 00:00:00
2022-08-24 00:00:00;SO982752;C0019;CT003;983;2022-10-26 00:00:00;2022-10-27 00:00:00;2022-08-28 00:00:00;2022-08-29 00:00:00
2022-08-24 00:00:00;SO135097;C0021;VS005;1304;2022-09-07 00:00:00;2022-09-13 00:00:00;2022-08-28 00:00:00;2022-09-03 00:00:00
2022-08-24 00:00:00;SO135097;C0021;VS001;1255;2022-09-07 00:00:00;2022-09-06 00:00:00;2022-08-28 00:00:00;2022-08-27 00:00:00
2022-08-25 00:00:00;SO352938;C0029;CL002;576;2022-10-20 00:00:00;2022-10-11 00:00:00;2022-09-02 00:00:00;2022-08-24 00:00:00
2022-08-25 00:00:00;SO357966;C0007;VS005;1224;2022-10-27 00:00:00;2022-10-25 00:00:00;2022-08-28 00:00:00;2022-08-26 00:00:00
2022-08-25 00:00:00;SO480622;C0028;CL002;677;2022-09-08 00:00:00;2022-09-07 00:00:00;2022-09-02 00:00:00;2022-09-01 00:00:00
2022-08-25 00:00:00;SO469532;C0025;AT001;542;2022-09-22 00:00:00;2022-09-12 00:00:00;2022-09-02 00:00:00;2022-08-23 00:00:00
2022-08-25 00:00:00;SO469532;C0025;AT002;1270;2022-09-22 00:00:00;2022-09-22 00:00:00;2022-09-02 00:00:00;2022-09-02 00:00:00
2022-08-25 00:00:00;SO480622;C0028;AT001;933;2022-09-08 00:00:00;2022-09-06 00:00:00;2022-09-02 00:00:00;2022-08-31 00:00:00
2022-08-25 00:00:00;SO357966;C0007;CL002;880;2022-10-27 00:00:00;2022-10-20 00:00:00;2022-08-28 00:00:00;2022-08-21 00:00:00
2022-08-25 00:00:00;SO357966;C0007;AT002;841;2022-10-27 00:00:00;2022-10-27 00:00:00;2022-08-28 00:00:00;2022-08-28 00:00:00
2022-08-25 00:00:00;SO480622;C0028;CT001;1050;2022-09-08 00:00:00;2022-09-12 00:00:00;2022-09-02 00:00:00;2022-09-06 00:00:00
2022-08-25 00:00:00;SO357966;C0007;CS003;951;2022-10-27 00:00:00;2022-10-18 00:00:00;2022-08-28 00:00:00;2022-08-19 00:00:00
2022-08-25 00:00:00;SO352938;C0029;AS003;503;2022-10-20 00:00:00;2022-10-20 00:00:00;2022-09-02 00:00:00;2022-09-02 00:00:00
2022-08-25 00:00:00;SO480622;C0028;AL001;902;2022-09-08 00:00:00;2022-09-18 00:00:00;2022-09-02 00:00:00;2022-09-12 00:00:00
2022-08-26 00:00:00;SO744238;C0007;AT001;987;2022-10-28 00:00:00;2022-11-01 00:00:00;2022-08-29 00:00:00;2022-09-02 00:00:00
2022-08-26 00:00:00;SO520536;C0016;AS005;835;2022-09-09 00:00:00;2022-09-03 00:00:00;2022-08-30 00:00:00;2022-08-24 00:00:00
2022-08-26 00:00:00;SO546326;C0020;AS002;1099;2022-10-21 00:00:00;2022-10-29 00:00:00;2022-08-30 00:00:00;2022-09-07 00:00:00
2022-08-26 00:00:00;SO546326;C0020;CT003;635;2022-10-21 00:00:00;2022-10-13 00:00:00;2022-08-30 00:00:00;2022-08-22 00:00:00
2022-08-26 00:00:00;SO546326;C0020;VS005;1083;2022-10-21 00:00:00;2022-10-15 00:00:00;2022-08-30 00:00:00;2022-08-24 00:00:00
2022-08-26 00:00:00;SO546326;C0020;CS002;1186;2022-10-21 00:00:00;2022-10-18 00:00:00;2022-08-30 00:00:00;2022-08-27 00:00:00
2022-08-26 00:00:00;SO744238;C0007;AL001;931;2022-10-28 00:00:00;2022-11-06 00:00:00;2022-08-29 00:00:00;2022-09-07 00:00:00
2022-08-26 00:00:00;SO520536;C0016;CT002;312;2022-09-09 00:00:00;2022-09-18 00:00:00;2022-08-30 00:00:00;2022-09-08 00:00:00
2022-08-26 00:00:00;SO744238;C0007;AS004;773;2022-10-28 00:00:00;2022-10-28 00:00:00;2022-08-29 00:00:00;2022-08-29 00:00:00
2022-08-26 00:00:00;SO520536;C0016;CS003;376;2022-09-09 00:00:00;2022-09-09 00:00:00;2022-08-30 00:00:00;2022-08-30 00:00:00
2022-08-26 00:00:00;SO520536;C0016;AS001;803;2022-09-09 00:00:00;2022-09-11 00:00:00;2022-08-30 00:00:00;2022-09-01 00:00:00
2022-08-26 00:00:00;SO744238;C0007;VS005;687;2022-10-28 00:00:00;2022-10-28 00:00:00;2022-08-29 00:00:00;2022-08-29 00:00:00
2022-08-26 00:00:00;SO744238;C0007;CT002;1079;2022-10-28 00:00:00;2022-11-01 00:00:00;2022-08-29 00:00:00;2022-09-02 00:00:00
2022-08-26 00:00:00;SO520536;C0016;CT001;687;2022-09-09 00:00:00;2022-08-30 00:00:00;2022-08-30 00:00:00;2022-08-20 00:00:00
2022-08-29 00:00:00;SO456232;C0018;CT001;609;2022-10-31 00:00:00;2022-11-04 00:00:00;2022-09-02 00:00:00;2022-09-06 00:00:00
2022-08-29 00:00:00;SO371141;C0004;VS003;923;2022-09-12 00:00:00;2022-09-08 00:00:00;2022-08-31 00:00:00;2022-08-27 00:00:00
2022-08-29 00:00:00;SO456232;C0018;AL002;712;2022-10-31 00:00:00;2022-11-10 00:00:00;2022-09-02 00:00:00;2022-09-12 00:00:00
2022-08-29 00:00:00;SO456232;C0018;CS001;730;2022-10-31 00:00:00;2022-10-30 00:00:00;2022-09-02 00:00:00;2022-09-01 00:00:00
2022-08-29 00:00:00;SO371141;C0004;CS001;608;2022-09-12 00:00:00;2022-09-07 00:00:00;2022-08-31 00:00:00;2022-08-26 00:00:00
2022-08-29 00:00:00;SO371141;C0004;CT001;491;2022-09-12 00:00:00;2022-09-20 00:00:00;2022-08-31 00:00:00;2022-09-08 00:00:00
2022-08-29 00:00:00;SO456232;C0018;CS004;381;2022-10-31 00:00:00;2022-11-06 00:00:00;2022-09-02 00:00:00;2022-09-08 00:00:00
2022-08-29 00:00:00;SO456232;C0018;AS001;398;2022-10-31 00:00:00;2022-11-06 00:00:00;2022-09-02 00:00:00;2022-09-08 00:00:00
2022-08-29 00:00:00;SO371141;C0004;CT003;762;2022-09-12 00:00:00;2022-09-04 00:00:00;2022-08-31 00:00:00;2022-08-23 00:00:00
2022-08-29 00:00:00;SO456232;C0018;CS002;948;2022-10-31 00:00:00;2022-11-05 00:00:00;2022-09-02 00:00:00;2022-09-07 00:00:00
2022-08-29 00:00:00;SO456232;C0018;VS004;305;2022-10-31 00:00:00;2022-11-05 00:00:00;2022-09-02 00:00:00;2022-09-07 00:00:00
2022-08-29 00:00:00;SO456232;C0018;AS004;373;2022-10-31 00:00:00;2022-11-10 00:00:00;2022-09-02 00:00:00;2022-09-12 00:00:00
2022-08-29 00:00:00;SO371141;C0004;CS004;343;2022-09-12 00:00:00;2022-09-03 00:00:00;2022-08-31 00:00:00;2022-08-22 00:00:00
2022-08-29 00:00:00;SO456232;C0018;VS001;506;2022-10-31 00:00:00;2022-10-23 00:00:00;2022-09-02 00:00:00;2022-08-25 00:00:00
2022-08-29 00:00:00;SO456232;C0018;CL002;417;2022-10-31 00:00:00;2022-11-06 00:00:00;2022-09-02 00:00:00;2022-09-08 00:00:00
2022-08-29 00:00:00;SO371141;C0004;AL002;1086;2022-09-12 00:00:00;2022-09-14 00:00:00;2022-08-31 00:00:00;2022-09-02 00:00:00
2022-08-29 00:00:00;SO371141;C0004;AS002;999;2022-09-12 00:00:00;2022-09-02 00:00:00;2022-08-31 00:00:00;2022-08-21 00:00:00
2022-08-29 00:00:00;SO371141;C0004;CL001;697;2022-09-12 00:00:00;2022-09-12 00:00:00;2022-08-31 00:00:00;2022-08-31 00:00:00
2022-08-29 00:00:00;SO371141;C0004;AT002;978;2022-09-12 00:00:00;2022-09-06 00:00:00;2022-08-31 00:00:00;2022-08-25 00:00:00
2022-08-30 00:00:00;SO199039;C0018;AT002;873;2022-11-01 00:00:00;2022-10-30 00:00:00;2022-09-03 00:00:00;2022-09-01 00:00:00
2022-08-30 00:00:00;SO745471;C0013;VS004;587;2022-09-27 00:00:00;2022-09-21 00:00:00;2022-09-03 00:00:00;2022-08-28 00:00:00
2022-08-30 00:00:00;SO199039;C0018;CT003;855;2022-11-01 00:00:00;2022-10-30 00:00:00;2022-09-03 00:00:00;2022-09-01 00:00:00
2022-08-30 00:00:00;SO199039;C0018;VS003;998;2022-11-01 00:00:00;2022-11-11 00:00:00;2022-09-03 00:00:00;2022-09-13 00:00:00
2022-08-30 00:00:00;SO199039;C0018;VS004;931;2022-11-01 00:00:00;2022-10-31 00:00:00;2022-09-03 00:00:00;2022-09-02 00:00:00
2022-08-30 00:00:00;SO199039;C0018;AL002;874;2022-11-01 00:00:00;2022-10-26 00:00:00;2022-09-03 00:00:00;2022-08-28 00:00:00
2022-08-30 00:00:00;SO199039;C0018;VS005;868;2022-11-01 00:00:00;2022-11-08 00:00:00;2022-09-03 00:00:00;2022-09-10 00:00:00
2022-08-30 00:00:00;SO745471;C0013;CS004;673;2022-09-27 00:00:00;2022-09-17 00:00:00;2022-09-03 00:00:00;2022-08-24 00:00:00
2022-08-30 00:00:00;SO199039;C0018;VS002;728;2022-11-01 00:00:00;2022-10-26 00:00:00;2022-09-03 00:00:00;2022-08-28 00:00:00
2022-08-30 00:00:00;SO199039;C0018;CL001;786;2022-11-01 00:00:00;2022-11-08 00:00:00;2022-09-03 00:00:00;2022-09-10 00:00:00
2022-08-30 00:00:00;SO199039;C0018;CS004;364;2022-11-01 00:00:00;2022-10-28 00:00:00;2022-09-03 00:00:00;2022-08-30 00:00:00
2022-08-30 00:00:00;SO199039;C0018;AS004;942;2022-11-01 00:00:00;2022-11-04 00:00:00;2022-09-03 00:00:00;2022-09-06 00:00:00
2022-08-30 00:00:00;SO199039;C0018;VS001;858;2022-11-01 00:00:00;2022-11-07 00:00:00;2022-09-03 00:00:00;2022-09-09 00:00:00
2022-08-30 00:00:00;SO745471;C0013;AS003;689;2022-09-27 00:00:00;2022-10-04 00:00:00;2022-09-03 00:00:00;2022-09-10 00:00:00
2022-08-30 00:00:00;SO745471;C0013;CT003;354;2022-09-27 00:00:00;2022-09-21 00:00:00;2022-09-03 00:00:00;2022-08-28 00:00:00
2022-08-30 00:00:00;SO199039;C0018;CS002;369;2022-11-01 00:00:00;2022-10-31 00:00:00;2022-09-03 00:00:00;2022-09-02 00:00:00
2022-08-30 00:00:00;SO745471;C0013;AS002;878;2022-09-27 00:00:00;2022-09-30 00:00:00;2022-09-03 00:00:00;2022-09-06 00:00:00
2022-08-30 00:00:00;SO199039;C0018;CL002;742;2022-11-01 00:00:00;2022-10-24 00:00:00;2022-09-03 00:00:00;2022-08-26 00:00:00
2022-08-30 00:00:00;SO745471;C0013;CS001;1073;2022-09-27 00:00:00;2022-09-29 00:00:00;2022-09-03 00:00:00;2022-09-05 00:00:00
2022-08-30 00:00:00;SO199039;C0018;AS002;269;2022-11-01 00:00:00;2022-10-29 00:00:00;2022-09-03 00:00:00;2022-08-31 00:00:00
2022-08-31 00:00:00;SO815870;C0024;CS001;731;2022-09-28 00:00:00;2022-10-03 00:00:00;2022-09-04 00:00:00;2022-09-09 00:00:00
2022-08-31 00:00:00;SO337232;C0023;AS004;807;2022-10-05 00:00:00;2022-10-15 00:00:00;2022-09-04 00:00:00;2022-09-14 00:00:00
2022-08-31 00:00:00;SO815870;C0024;CL002;1186;2022-09-28 00:00:00;2022-09-21 00:00:00;2022-09-04 00:00:00;2022-08-28 00:00:00
2022-08-31 00:00:00;SO815870;C0024;AS004;938;2022-09-28 00:00:00;2022-09-18 00:00:00;2022-09-04 00:00:00;2022-08-25 00:00:00
2022-08-31 00:00:00;SO337232;C0023;AL001;499;2022-10-05 00:00:00;2022-09-25 00:00:00;2022-09-04 00:00:00;2022-08-25 00:00:00
2022-08-31 00:00:00;SO815870;C0024;AT002;395;2022-09-28 00:00:00;2022-10-06 00:00:00;2022-09-04 00:00:00;2022-09-12 00:00:00
2022-08-31 00:00:00;SO815870;C0024;VS002;568;2022-09-28 00:00:00;2022-09-18 00:00:00;2022-09-04 00:00:00;2022-08-25 00:00:00
2022-08-31 00:00:00;SO337232;C0023;CT002;871;2022-10-05 00:00:00;2022-10-01 00:00:00;2022-09-04 00:00:00;2022-08-31 00:00:00
2022-08-31 00:00:00;SO337232;C0023;VS001;776;2022-10-05 00:00:00;2022-10-11 00:00:00;2022-09-04 00:00:00;2022-09-10 00:00:00
2022-08-31 00:00:00;SO337232;C0023;VS004;595;2022-10-05 00:00:00;2022-10-14 00:00:00;2022-09-04 00:00:00;2022-09-13 00:00:00
2022-08-31 00:00:00;SO815870;C0024;CL001;890;2022-09-28 00:00:00;2022-09-25 00:00:00;2022-09-04 00:00:00;2022-09-01 00:00:00
2022-08-31 00:00:00;SO815870;C0024;VS004;840;2022-09-28 00:00:00;2022-09-27 00:00:00;2022-09-04 00:00:00;2022-09-03 00:00:00
2022-08-31 00:00:00;SO337232;C0023;AS001;535;2022-10-05 00:00:00;2022-09-30 00:00:00;2022-09-04 00:00:00;2022-08-30 00:00:00
2022-08-31 00:00:00;SO815870;C0024;CT001;731;2022-09-28 00:00:00;2022-10-03 00:00:00;2022-09-04 00:00:00;2022-09-09 00:00:00
2022-09-01 00:00:00;SO272977;C0023;VS001;1131;2022-10-06 00:00:00;2022-10-04 00:00:00;2022-09-05 00:00:00;2022-09-03 00:00:00
2022-09-01 00:00:00;SO530750;C0026;AS005;501;2022-10-06 00:00:00;2022-10-13 00:00:00;2022-09-09 00:00:00;2022-09-16 00:00:00
2022-09-01 00:00:00;SO530750;C0026;CS004;971;2022-10-06 00:00:00;2022-10-03 00:00:00;2022-09-09 00:00:00;2022-09-06 00:00:00
2022-09-01 00:00:00;SO530750;C0026;CT002;759;2022-10-06 00:00:00;2022-09-29 00:00:00;2022-09-09 00:00:00;2022-09-02 00:00:00
2022-09-01 00:00:00;SO272977;C0023;CT003;1080;2022-10-06 00:00:00;2022-10-02 00:00:00;2022-09-05 00:00:00;2022-09-01 00:00:00
2022-09-01 00:00:00;SO272977;C0023;VS005;718;2022-10-06 00:00:00;2022-09-26 00:00:00;2022-09-05 00:00:00;2022-08-26 00:00:00
2022-09-01 00:00:00;SO272977;C0023;AS002;786;2022-10-06 00:00:00;2022-10-05 00:00:00;2022-09-05 00:00:00;2022-09-04 00:00:00
2022-09-01 00:00:00;SO272977;C0023;AS005;1097;2022-10-06 00:00:00;2022-10-13 00:00:00;2022-09-05 00:00:00;2022-09-12 00:00:00
2022-09-01 00:00:00;SO530750;C0026;VS004;760;2022-10-06 00:00:00;2022-09-28 00:00:00;2022-09-09 00:00:00;2022-09-01 00:00:00
2022-09-01 00:00:00;SO530750;C0026;CL001;762;2022-10-06 00:00:00;2022-09-26 00:00:00;2022-09-09 00:00:00;2022-08-30 00:00:00
2022-09-01 00:00:00;SO272977;C0023;CS002;769;2022-10-06 00:00:00;2022-10-04 00:00:00;2022-09-05 00:00:00;2022-09-03 00:00:00
2022-09-01 00:00:00;SO530750;C0026;AL002;790;2022-10-06 00:00:00;2022-10-09 00:00:00;2022-09-09 00:00:00;2022-09-12 00:00:00
2022-09-01 00:00:00;SO530750;C0026;VS001;1086;2022-10-06 00:00:00;2022-10-01 00:00:00;2022-09-09 00:00:00;2022-09-04 00:00:00
2022-09-01 00:00:00;SO272977;C0023;AL002;385;2022-10-06 00:00:00;2022-10-14 00:00:00;2022-09-05 00:00:00;2022-09-13 00:00:00
2022-09-01 00:00:00;SO272977;C0023;AL001;971;2022-10-06 00:00:00;2022-10-13 00:00:00;2022-09-05 00:00:00;2022-09-12 00:00:00
2022-09-02 00:00:00;SO418809;C0026;CS002;1178;2022-10-07 00:00:00;2022-09-27 00:00:00;2022-09-10 00:00:00;2022-08-31 00:00:00
2022-09-02 00:00:00;SO439107;C0001;CL002;922;2022-09-30 00:00:00;2022-09-29 00:00:00;2022-09-04 00:00:00;2022-09-03 00:00:00
2022-09-02 00:00:00;SO546329;C0004;VS001;954;2022-09-16 00:00:00;2022-09-25 00:00:00;2022-09-04 00:00:00;2022-09-13 00:00:00
2022-09-02 00:00:00;SO418809;C0026;AS004;823;2022-10-07 00:00:00;2022-10-14 00:00:00;2022-09-10 00:00:00;2022-09-17 00:00:00
2022-09-02 00:00:00;SO439107;C0001;VS001;920;2022-09-30 00:00:00;2022-09-23 00:00:00;2022-09-04 00:00:00;2022-08-28 00:00:00
2022-09-02 00:00:00;SO546329;C0004;AS003;609;2022-09-16 00:00:00;2022-09-13 00:00:00;2022-09-04 00:00:00;2022-09-01 00:00:00
2022-09-02 00:00:00;SO418809;C0026;VS002;992;2022-10-07 00:00:00;2022-10-10 00:00:00;2022-09-10 00:00:00;2022-09-13 00:00:00
2022-09-02 00:00:00;SO439107;C0001;CS002;275;2022-09-30 00:00:00;2022-09-28 00:00:00;2022-09-04 00:00:00;2022-09-02 00:00:00
2022-09-02 00:00:00;SO418809;C0026;AL002;472;2022-10-07 00:00:00;2022-10-16 00:00:00;2022-09-10 00:00:00;2022-09-19 00:00:00
2022-09-02 00:00:00;SO418809;C0026;AT001;905;2022-10-07 00:00:00;2022-10-15 00:00:00;2022-09-10 00:00:00;2022-09-18 00:00:00
2022-09-02 00:00:00;SO546329;C0004;VS002;658;2022-09-16 00:00:00;2022-09-20 00:00:00;2022-09-04 00:00:00;2022-09-08 00:00:00
2022-09-02 00:00:00;SO439107;C0001;CL001;738;2022-09-30 00:00:00;2022-09-26 00:00:00;2022-09-04 00:00:00;2022-08-31 00:00:00
2022-09-02 00:00:00;SO418809;C0026;VS003;485;2022-10-07 00:00:00;2022-09-30 00:00:00;2022-09-10 00:00:00;2022-09-03 00:00:00
2022-09-02 00:00:00;SO439107;C0001;AS001;950;2022-09-30 00:00:00;2022-10-04 00:00:00;2022-09-04 00:00:00;2022-09-08 00:00:00
2022-09-02 00:00:00;SO546329;C0004;CS002;964;2022-09-16 00:00:00;2022-09-11 00:00:00;2022-09-04 00:00:00;2022-08-30 00:00:00
2022-09-02 00:00:00;SO418809;C0026;VS004;463;2022-10-07 00:00:00;2022-09-28 00:00:00;2022-09-10 00:00:00;2022-09-01 00:00:00
2022-09-02 00:00:00;SO418809;C0026;CL001;976;2022-10-07 00:00:00;2022-10-17 00:00:00;2022-09-10 00:00:00;2022-09-20 00:00:00
2022-09-02 00:00:00;SO439107;C0001;CT003;1183;2022-09-30 00:00:00;2022-09-30 00:00:00;2022-09-04 00:00:00;2022-09-04 00:00:00
2022-09-02 00:00:00;SO546329;C0004;AL002;903;2022-09-16 00:00:00;2022-09-16 00:00:00;2022-09-04 00:00:00;2022-09-04 00:00:00
2022-09-02 00:00:00;SO546329;C0004;CL001;348;2022-09-16 00:00:00;2022-09-24 00:00:00;2022-09-04 00:00:00;2022-09-12 00:00:00
2022-09-05 00:00:00;SO275651;C0010;CS004;271;2022-10-17 00:00:00;2022-10-07 00:00:00;2022-09-08 00:00:00;2022-08-29 00:00:00
2022-09-05 00:00:00;SO610949;C0005;CT003;1147;2022-10-31 00:00:00;2022-10-27 00:00:00;2022-09-07 00:00:00;2022-09-03 00:00:00
2022-09-05 00:00:00;SO340819;C0022;VS001;393;2022-10-17 00:00:00;2022-10-09 00:00:00;2022-09-09 00:00:00;2022-09-01 00:00:00
2022-09-05 00:00:00;SO772384;C0015;CS001;437;2022-10-17 00:00:00;2022-10-23 00:00:00;2022-09-09 00:00:00;2022-09-15 00:00:00
2022-09-05 00:00:00;SO275651;C0010;AS002;791;2022-10-17 00:00:00;2022-10-26 00:00:00;2022-09-08 00:00:00;2022-09-17 00:00:00
2022-09-05 00:00:00;SO340819;C0022;CL001;1160;2022-10-17 00:00:00;2022-10-17 00:00:00;2022-09-09 00:00:00;2022-09-09 00:00:00
2022-09-05 00:00:00;SO275651;C0010;VS001;953;2022-10-17 00:00:00;2022-10-08 00:00:00;2022-09-08 00:00:00;2022-08-30 00:00:00
2022-09-05 00:00:00;SO340819;C0022;AS003;821;2022-10-17 00:00:00;2022-10-20 00:00:00;2022-09-09 00:00:00;2022-09-12 00:00:00
2022-09-05 00:00:00;SO340819;C0022;VS005;1062;2022-10-17 00:00:00;2022-10-09 00:00:00;2022-09-09 00:00:00;2022-09-01 00:00:00
2022-09-05 00:00:00;SO772384;C0015;VS003;463;2022-10-17 00:00:00;2022-10-24 00:00:00;2022-09-09 00:00:00;2022-09-16 00:00:00
2022-09-05 00:00:00;SO275651;C0010;AL001;830;2022-10-17 00:00:00;2022-10-13 00:00:00;2022-09-08 00:00:00;2022-09-04 00:00:00
2022-09-05 00:00:00;SO275651;C0010;AT001;486;2022-10-17 00:00:00;2022-10-07 00:00:00;2022-09-08 00:00:00;2022-08-29 00:00:00
2022-09-05 00:00:00;SO340819;C0022;AS004;418;2022-10-17 00:00:00;2022-10-08 00:00:00;2022-09-09 00:00:00;2022-08-31 00:00:00
2022-09-06 00:00:00;SO929760;C0027;AS004;781;2022-10-18 00:00:00;2022-10-18 00:00:00;2022-09-14 00:00:00;2022-09-14 00:00:00
2022-09-06 00:00:00;SO707552;C0014;VS002;1069;2022-10-11 00:00:00;2022-10-16 00:00:00;2022-09-10 00:00:00;2022-09-15 00:00:00
2022-09-06 00:00:00;SO929760;C0027;CL001;658;2022-10-18 00:00:00;2022-10-13 00:00:00;2022-09-14 00:00:00;2022-09-09 00:00:00
2022-09-06 00:00:00;SO929760;C0027;AS005;940;2022-10-18 00:00:00;2022-10-11 00:00:00;2022-09-14 00:00:00;2022-09-07 00:00:00
2022-09-06 00:00:00;SO707552;C0014;AL002;552;2022-10-11 00:00:00;2022-10-15 00:00:00;2022-09-10 00:00:00;2022-09-14 00:00:00
2022-09-06 00:00:00;SO707552;C0014;CL002;455;2022-10-11 00:00:00;2022-10-09 00:00:00;2022-09-10 00:00:00;2022-09-08 00:00:00
2022-09-06 00:00:00;SO929760;C0027;AL001;1131;2022-10-18 00:00:00;2022-10-23 00:00:00;2022-09-14 00:00:00;2022-09-19 00:00:00
2022-09-06 00:00:00;SO707552;C0014;AS004;443;2022-10-11 00:00:00;2022-10-15 00:00:00;2022-09-10 00:00:00;2022-09-14 00:00:00
2022-09-06 00:00:00;SO707552;C0014;AT002;641;2022-10-11 00:00:00;2022-10-09 00:00:00;2022-09-10 00:00:00;2022-09-08 00:00:00
2022-09-06 00:00:00;SO929760;C0027;VS005;496;2022-10-18 00:00:00;2022-10-15 00:00:00;2022-09-14 00:00:00;2022-09-11 00:00:00
2022-09-06 00:00:00;SO929760;C0027;CT002;1005;2022-10-18 00:00:00;2022-10-10 00:00:00;2022-09-14 00:00:00;2022-09-06 00:00:00
2022-09-06 00:00:00;SO929760;C0027;CL002;401;2022-10-18 00:00:00;2022-10-22 00:00:00;2022-09-14 00:00:00;2022-09-18 00:00:00
2022-09-06 00:00:00;SO929760;C0027;VS001;613;2022-10-18 00:00:00;2022-10-21 00:00:00;2022-09-14 00:00:00;2022-09-17 00:00:00
2022-09-06 00:00:00;SO929760;C0027;AS003;644;2022-10-18 00:00:00;2022-10-26 00:00:00;2022-09-14 00:00:00;2022-09-22 00:00:00
2022-09-06 00:00:00;SO707552;C0014;AL001;920;2022-10-11 00:00:00;2022-10-19 00:00:00;2022-09-10 00:00:00;2022-09-18 00:00:00
2022-09-06 00:00:00;SO707552;C0014;AS003;855;2022-10-11 00:00:00;2022-10-17 00:00:00;2022-09-10 00:00:00;2022-09-16 00:00:00
2022-09-06 00:00:00;SO929760;C0027;AT002;1281;2022-10-18 00:00:00;2022-10-10 00:00:00;2022-09-14 00:00:00;2022-09-06 00:00:00
2022-09-06 00:00:00;SO707552;C0014;CS004;630;2022-10-11 00:00:00;2022-10-02 00:00:00;2022-09-10 00:00:00;2022-09-01 00:00:00
2022-09-07 00:00:00;SO232803;C0013;CT003;1024;2022-10-05 00:00:00;2022-10-02 00:00:00;2022-09-11 00:00:00;2022-09-08 00:00:00
2022-09-07 00:00:00;SO835503;C0018;CL002;872;2022-11-09 00:00:00;2022-11-17 00:00:00;2022-09-11 00:00:00;2022-09-19 00:00:00
2022-09-07 00:00:00;SO516833;C0025;VS001;723;2022-10-05 00:00:00;2022-09-30 00:00:00;2022-09-15 00:00:00;2022-09-10 00:00:00
2022-09-07 00:00:00;SO683830;C0003;VS002;1033;2022-10-19 00:00:00;2022-10-25 00:00:00;2022-09-09 00:00:00;2022-09-15 00:00:00
2022-09-07 00:00:00;SO683830;C0003;VS004;312;2022-10-19 00:00:00;2022-10-25 00:00:00;2022-09-09 00:00:00;2022-09-15 00:00:00
2022-09-07 00:00:00;SO232803;C0013;CS003;892;2022-10-05 00:00:00;2022-10-09 00:00:00;2022-09-11 00:00:00;2022-09-15 00:00:00
2022-09-07 00:00:00;SO516833;C0025;AS004;542;2022-10-05 00:00:00;2022-10-05 00:00:00;2022-09-15 00:00:00;2022-09-15 00:00:00
2022-09-07 00:00:00;SO683830;C0003;CL002;294;2022-10-19 00:00:00;2022-10-26 00:00:00;2022-09-09 00:00:00;2022-09-16 00:00:00
2022-09-07 00:00:00;SO516833;C0025;CS003;875;2022-10-05 00:00:00;2022-10-07 00:00:00;2022-09-15 00:00:00;2022-09-17 00:00:00
2022-09-07 00:00:00;SO683830;C0003;AS004;1148;2022-10-19 00:00:00;2022-10-16 00:00:00;2022-09-09 00:00:00;2022-09-06 00:00:00
2022-09-07 00:00:00;SO232803;C0013;AS005;752;2022-10-05 00:00:00;2022-10-05 00:00:00;2022-09-11 00:00:00;2022-09-11 00:00:00
2022-09-07 00:00:00;SO683830;C0003;VS001;933;2022-10-19 00:00:00;2022-10-28 00:00:00;2022-09-09 00:00:00;2022-09-18 00:00:00
2022-09-07 00:00:00;SO683830;C0003;CT003;280;2022-10-19 00:00:00;2022-10-27 00:00:00;2022-09-09 00:00:00;2022-09-17 00:00:00
2022-09-07 00:00:00;SO683830;C0003;CL001;876;2022-10-19 00:00:00;2022-10-10 00:00:00;2022-09-09 00:00:00;2022-08-31 00:00:00
2022-09-07 00:00:00;SO835503;C0018;VS005;920;2022-11-09 00:00:00;2022-11-12 00:00:00;2022-09-11 00:00:00;2022-09-14 00:00:00
2022-09-07 00:00:00;SO835503;C0018;AS003;1204;2022-11-09 00:00:00;2022-11-18 00:00:00;2022-09-11 00:00:00;2022-09-20 00:00:00
2022-09-07 00:00:00;SO835503;C0018;VS001;1049;2022-11-09 00:00:00;2022-11-14 00:00:00;2022-09-11 00:00:00;2022-09-16 00:00:00
2022-09-07 00:00:00;SO835503;C0018;CT003;1189;2022-11-09 00:00:00;2022-11-04 00:00:00;2022-09-11 00:00:00;2022-09-06 00:00:00
2022-09-08 00:00:00;SO918655;C0010;CL001;712;2022-10-20 00:00:00;2022-10-19 00:00:00;2022-09-11 00:00:00;2022-09-10 00:00:00
2022-09-08 00:00:00;SO894058;C0016;CL002;601;2022-09-22 00:00:00;2022-09-15 00:00:00;2022-09-12 00:00:00;2022-09-05 00:00:00
2022-09-08 00:00:00;SO219464;C0014;AS002;971;2022-10-13 00:00:00;2022-10-08 00:00:00;2022-09-12 00:00:00;2022-09-07 00:00:00
2022-09-08 00:00:00;SO894058;C0016;CS002;653;2022-09-22 00:00:00;2022-09-16 00:00:00;2022-09-12 00:00:00;2022-09-06 00:00:00
2022-09-08 00:00:00;SO894058;C0016;CT002;900;2022-09-22 00:00:00;2022-09-13 00:00:00;2022-09-12 00:00:00;2022-09-03 00:00:00
2022-09-08 00:00:00;SO219464;C0014;AS005;977;2022-10-13 00:00:00;2022-10-19 00:00:00;2022-09-12 00:00:00;2022-09-18 00:00:00
2022-09-08 00:00:00;SO918655;C0010;CS003;661;2022-10-20 00:00:00;2022-10-10 00:00:00;2022-09-11 00:00:00;2022-09-01 00:00:00
2022-09-08 00:00:00;SO918655;C0010;AT002;1016;2022-10-20 00:00:00;2022-10-28 00:00:00;2022-09-11 00:00:00;2022-09-19 00:00:00
2022-09-08 00:00:00;SO918655;C0010;VS004;428;2022-10-20 00:00:00;2022-10-10 00:00:00;2022-09-11 00:00:00;2022-09-01 00:00:00
2022-09-08 00:00:00;SO219464;C0014;CT002;815;2022-10-13 00:00:00;2022-10-21 00:00:00;2022-09-12 00:00:00;2022-09-20 00:00:00
2022-09-08 00:00:00;SO219464;C0014;AL001;711;2022-10-13 00:00:00;2022-10-21 00:00:00;2022-09-12 00:00:00;2022-09-20 00:00:00
2022-09-08 00:00:00;SO918655;C0010;CS004;371;2022-10-20 00:00:00;2022-10-22 00:00:00;2022-09-11 00:00:00;2022-09-13 00:00:00
2022-09-08 00:00:00;SO918655;C0010;VS002;326;2022-10-20 00:00:00;2022-10-19 00:00:00;2022-09-11 00:00:00;2022-09-10 00:00:00
2022-09-08 00:00:00;SO918655;C0010;AL001;803;2022-10-20 00:00:00;2022-10-12 00:00:00;2022-09-11 00:00:00;2022-09-03 00:00:00
2022-09-08 00:00:00;SO918655;C0010;CT003;296;2022-10-20 00:00:00;2022-10-10 00:00:00;2022-09-11 00:00:00;2022-09-01 00:00:00
2022-09-08 00:00:00;SO219464;C0014;AT002;1121;2022-10-13 00:00:00;2022-10-12 00:00:00;2022-09-12 00:00:00;2022-09-11 00:00:00
2022-09-09 00:00:00;SO277831;C0003;AS004;289;2022-10-21 00:00:00;2022-10-19 00:00:00;2022-09-11 00:00:00;2022-09-09 00:00:00
2022-09-09 00:00:00;SO197438;C0005;CT002;615;2022-11-04 00:00:00;2022-11-03 00:00:00;2022-09-11 00:00:00;2022-09-10 00:00:00
2022-09-09 00:00:00;SO197426;C0007;AS003;930;2022-11-11 00:00:00;2022-11-07 00:00:00;2022-09-12 00:00:00;2022-09-08 00:00:00
2022-09-09 00:00:00;SO197438;C0005;AS001;752;2022-11-04 00:00:00;2022-10-28 00:00:00;2022-09-11 00:00:00;2022-09-04 00:00:00
2022-09-09 00:00:00;SO197438;C0005;AT002;421;2022-11-04 00:00:00;2022-11-03 00:00:00;2022-09-11 00:00:00;2022-09-10 00:00:00
2022-09-09 00:00:00;SO197438;C0005;AS002;695;2022-11-04 00:00:00;2022-11-07 00:00:00;2022-09-11 00:00:00;2022-09-14 00:00:00
2022-09-09 00:00:00;SO277831;C0003;AL002;1275;2022-10-21 00:00:00;2022-10-27 00:00:00;2022-09-11 00:00:00;2022-09-17 00:00:00
2022-09-09 00:00:00;SO197438;C0005;VS003;820;2022-11-04 00:00:00;2022-11-14 00:00:00;2022-09-11 00:00:00;2022-09-21 00:00:00
2022-09-09 00:00:00;SO277831;C0003;CS001;742;2022-10-21 00:00:00;2022-10-30 00:00:00;2022-09-11 00:00:00;2022-09-20 00:00:00
2022-09-09 00:00:00;SO277831;C0003;CT002;827;2022-10-21 00:00:00;2022-10-18 00:00:00;2022-09-11 00:00:00;2022-09-08 00:00:00
2022-09-09 00:00:00;SO197438;C0005;CS001;371;2022-11-04 00:00:00;2022-10-25 00:00:00;2022-09-11 00:00:00;2022-09-01 00:00:00
2022-09-09 00:00:00;SO277831;C0003;CT003;990;2022-10-21 00:00:00;2022-10-19 00:00:00;2022-09-11 00:00:00;2022-09-09 00:00:00
2022-09-12 00:00:00;SO197747;C0004;VS003;377;2022-09-26 00:00:00;2022-09-23 00:00:00;2022-09-14 00:00:00;2022-09-11 00:00:00
2022-09-12 00:00:00;SO985636;C0001;CS004;471;2022-10-10 00:00:00;2022-10-11 00:00:00;2022-09-14 00:00:00;2022-09-15 00:00:00
2022-09-12 00:00:00;SO684523;C0028;CS003;710;2022-09-26 00:00:00;2022-09-16 00:00:00;2022-09-20 00:00:00;2022-09-10 00:00:00
2022-09-12 00:00:00;SO197747;C0004;CS001;989;2022-09-26 00:00:00;2022-10-04 00:00:00;2022-09-14 00:00:00;2022-09-22 00:00:00
2022-09-12 00:00:00;SO985636;C0001;CS003;493;2022-10-10 00:00:00;2022-10-12 00:00:00;2022-09-14 00:00:00;2022-09-16 00:00:00
2022-09-12 00:00:00;SO985636;C0001;CL002;435;2022-10-10 00:00:00;2022-10-01 00:00:00;2022-09-14 00:00:00;2022-09-05 00:00:00
2022-09-12 00:00:00;SO684523;C0028;VS003;439;2022-09-26 00:00:00;2022-10-01 00:00:00;2022-09-20 00:00:00;2022-09-25 00:00:00
2022-09-12 00:00:00;SO197747;C0004;CT002;787;2022-09-26 00:00:00;2022-10-01 00:00:00;2022-09-14 00:00:00;2022-09-19 00:00:00
2022-09-12 00:00:00;SO985636;C0001;AL002;948;2022-10-10 00:00:00;2022-10-08 00:00:00;2022-09-14 00:00:00;2022-09-12 00:00:00
2022-09-12 00:00:00;SO197747;C0004;AS005;384;2022-09-26 00:00:00;2022-10-04 00:00:00;2022-09-14 00:00:00;2022-09-22 00:00:00
2022-09-12 00:00:00;SO197747;C0004;CL001;1044;2022-09-26 00:00:00;2022-09-30 00:00:00;2022-09-14 00:00:00;2022-09-18 00:00:00
2022-09-12 00:00:00;SO197747;C0004;CS002;646;2022-09-26 00:00:00;2022-09-24 00:00:00;2022-09-14 00:00:00;2022-09-12 00:00:00
2022-09-13 00:00:00;SO893857;C0005;CS001;323;2022-11-08 00:00:00;2022-11-12 00:00:00;2022-09-15 00:00:00;2022-09-19 00:00:00
2022-09-13 00:00:00;SO416620;C0025;VS005;348;2022-10-11 00:00:00;2022-10-08 00:00:00;2022-09-21 00:00:00;2022-09-18 00:00:00
2022-09-13 00:00:00;SO893857;C0005;AT002;826;2022-11-08 00:00:00;2022-11-12 00:00:00;2022-09-15 00:00:00;2022-09-19 00:00:00
2022-09-13 00:00:00;SO893857;C0005;CL002;656;2022-11-08 00:00:00;2022-11-07 00:00:00;2022-09-15 00:00:00;2022-09-14 00:00:00
2022-09-13 00:00:00;SO893857;C0005;VS001;695;2022-11-08 00:00:00;2022-11-04 00:00:00;2022-09-15 00:00:00;2022-09-11 00:00:00
2022-09-13 00:00:00;SO416620;C0025;AS005;1030;2022-10-11 00:00:00;2022-10-12 00:00:00;2022-09-21 00:00:00;2022-09-22 00:00:00
2022-09-13 00:00:00;SO893857;C0005;CS004;814;2022-11-08 00:00:00;2022-11-16 00:00:00;2022-09-15 00:00:00;2022-09-23 00:00:00
2022-09-13 00:00:00;SO893857;C0005;CS003;1017;2022-11-08 00:00:00;2022-11-03 00:00:00;2022-09-15 00:00:00;2022-09-10 00:00:00
2022-09-13 00:00:00;SO893857;C0005;AS002;513;2022-11-08 00:00:00;2022-10-31 00:00:00;2022-09-15 00:00:00;2022-09-07 00:00:00
2022-09-13 00:00:00;SO893857;C0005;VS002;1294;2022-11-08 00:00:00;2022-11-11 00:00:00;2022-09-15 00:00:00;2022-09-18 00:00:00
2022-09-13 00:00:00;SO893857;C0005;AS001;662;2022-11-08 00:00:00;2022-11-13 00:00:00;2022-09-15 00:00:00;2022-09-20 00:00:00
2022-09-13 00:00:00;SO893857;C0005;AL001;388;2022-11-08 00:00:00;2022-11-14 00:00:00;2022-09-15 00:00:00;2022-09-21 00:00:00
2022-09-13 00:00:00;SO416620;C0025;CT003;1172;2022-10-11 00:00:00;2022-10-09 00:00:00;2022-09-21 00:00:00;2022-09-19 00:00:00
2022-09-13 00:00:00;SO416620;C0025;AL002;984;2022-10-11 00:00:00;2022-10-03 00:00:00;2022-09-21 00:00:00;2022-09-13 00:00:00
2022-09-13 00:00:00;SO416620;C0025;CS003;698;2022-10-11 00:00:00;2022-10-15 00:00:00;2022-09-21 00:00:00;2022-09-25 00:00:00
2022-09-13 00:00:00;SO893857;C0005;VS005;1106;2022-11-08 00:00:00;2022-11-18 00:00:00;2022-09-15 00:00:00;2022-09-25 00:00:00
2022-09-14 00:00:00;SO148662;C0027;VS002;649;2022-10-26 00:00:00;2022-10-20 00:00:00;2022-09-22 00:00:00;2022-09-16 00:00:00
2022-09-14 00:00:00;SO465386;C0015;AS004;976;2022-10-26 00:00:00;2022-10-29 00:00:00;2022-09-18 00:00:00;2022-09-21 00:00:00
2022-09-14 00:00:00;SO363434;C0026;AS001;582;2022-10-19 00:00:00;2022-10-16 00:00:00;2022-09-22 00:00:00;2022-09-19 00:00:00
2022-09-14 00:00:00;SO465386;C0015;CT003;776;2022-10-26 00:00:00;2022-10-21 00:00:00;2022-09-18 00:00:00;2022-09-13 00:00:00
2022-09-14 00:00:00;SO148662;C0027;CS002;321;2022-10-26 00:00:00;2022-10-25 00:00:00;2022-09-22 00:00:00;2022-09-21 00:00:00
2022-09-14 00:00:00;SO363434;C0026;AL001;701;2022-10-19 00:00:00;2022-10-16 00:00:00;2022-09-22 00:00:00;2022-09-19 00:00:00
2022-09-14 00:00:00;SO465386;C0015;AS005;1330;2022-10-26 00:00:00;2022-10-26 00:00:00;2022-09-18 00:00:00;2022-09-18 00:00:00
2022-09-14 00:00:00;SO363434;C0026;AL002;655;2022-10-19 00:00:00;2022-10-13 00:00:00;2022-09-22 00:00:00;2022-09-16 00:00:00
2022-09-14 00:00:00;SO148662;C0027;VS004;994;2022-10-26 00:00:00;2022-10-26 00:00:00;2022-09-22 00:00:00;2022-09-22 00:00:00
2022-09-14 00:00:00;SO148662;C0027;CS004;464;2022-10-26 00:00:00;2022-10-17 00:00:00;2022-09-22 00:00:00;2022-09-13 00:00:00
2022-09-14 00:00:00;SO465386;C0015;AS003;1053;2022-10-26 00:00:00;2022-10-25 00:00:00;2022-09-18 00:00:00;2022-09-17 00:00:00
2022-09-14 00:00:00;SO363434;C0026;AT002;1276;2022-10-19 00:00:00;2022-10-21 00:00:00;2022-09-22 00:00:00;2022-09-24 00:00:00
2022-09-14 00:00:00;SO148662;C0027;AS003;974;2022-10-26 00:00:00;2022-10-28 00:00:00;2022-09-22 00:00:00;2022-09-24 00:00:00
2022-09-14 00:00:00;SO465386;C0015;CL001;732;2022-10-26 00:00:00;2022-11-03 00:00:00;2022-09-18 00:00:00;2022-09-26 00:00:00
2022-09-14 00:00:00;SO363434;C0026;CT002;909;2022-10-19 00:00:00;2022-10-29 00:00:00;2022-09-22 00:00:00;2022-10-02 00:00:00
2022-09-14 00:00:00;SO465386;C0015;AS001;475;2022-10-26 00:00:00;2022-10-23 00:00:00;2022-09-18 00:00:00;2022-09-15 00:00:00
2022-09-15 00:00:00;SO731197;C0018;AS004;445;2022-11-17 00:00:00;2022-11-07 00:00:00;2022-09-19 00:00:00;2022-09-09 00:00:00
2022-09-15 00:00:00;SO461454;C0025;AS002;814;2022-10-13 00:00:00;2022-10-04 00:00:00;2022-09-23 00:00:00;2022-09-14 00:00:00
2022-09-15 00:00:00;SO870375;C0006;CS004;892;2022-11-17 00:00:00;2022-11-24 00:00:00;2022-09-17 00:00:00;2022-09-24 00:00:00
2022-09-15 00:00:00;SO119811;C0017;AL001;944;2022-11-10 00:00:00;2022-11-17 00:00:00;2022-09-19 00:00:00;2022-09-26 00:00:00
2022-09-15 00:00:00;SO461454;C0025;CT003;949;2022-10-13 00:00:00;2022-10-22 00:00:00;2022-09-23 00:00:00;2022-10-02 00:00:00
2022-09-15 00:00:00;SO119811;C0017;AS003;663;2022-11-10 00:00:00;2022-11-19 00:00:00;2022-09-19 00:00:00;2022-09-28 00:00:00
2022-09-15 00:00:00;SO119811;C0017;CT003;992;2022-11-10 00:00:00;2022-11-12 00:00:00;2022-09-19 00:00:00;2022-09-21 00:00:00
2022-09-15 00:00:00;SO870375;C0006;AT001;847;2022-11-17 00:00:00;2022-11-13 00:00:00;2022-09-17 00:00:00;2022-09-13 00:00:00
2022-09-15 00:00:00;SO870375;C0006;CT003;783;2022-11-17 00:00:00;2022-11-14 00:00:00;2022-09-17 00:00:00;2022-09-14 00:00:00
2022-09-15 00:00:00;SO870375;C0006;AL001;1045;2022-11-17 00:00:00;2022-11-10 00:00:00;2022-09-17 00:00:00;2022-09-10 00:00:00
2022-09-15 00:00:00;SO870375;C0006;AS005;562;2022-11-17 00:00:00;2022-11-21 00:00:00;2022-09-17 00:00:00;2022-09-21 00:00:00
2022-09-15 00:00:00;SO870375;C0006;CS001;475;2022-11-17 00:00:00;2022-11-09 00:00:00;2022-09-17 00:00:00;2022-09-09 00:00:00
2022-09-15 00:00:00;SO731197;C0018;CL002;310;2022-11-17 00:00:00;2022-11-09 00:00:00;2022-09-19 00:00:00;2022-09-11 00:00:00
2022-09-15 00:00:00;SO870375;C0006;CS003;1025;2022-11-17 00:00:00;2022-11-10 00:00:00;2022-09-17 00:00:00;2022-09-10 00:00:00
2022-09-15 00:00:00;SO731197;C0018;CL001;395;2022-11-17 00:00:00;2022-11-07 00:00:00;2022-09-19 00:00:00;2022-09-09 00:00:00
2022-09-15 00:00:00;SO731197;C0018;AS002;664;2022-11-17 00:00:00;2022-11-22 00:00:00;2022-09-19 00:00:00;2022-09-24 00:00:00
2022-09-15 00:00:00;SO870375;C0006;CL002;483;2022-11-17 00:00:00;2022-11-27 00:00:00;2022-09-17 00:00:00;2022-09-27 00:00:00
2022-09-16 00:00:00;SO638319;C0021;AS003;1158;2022-09-30 00:00:00;2022-10-08 00:00:00;2022-09-20 00:00:00;2022-09-28 00:00:00
2022-09-16 00:00:00;SO318101;C0014;CS001;610;2022-10-21 00:00:00;2022-10-24 00:00:00;2022-09-20 00:00:00;2022-09-23 00:00:00
2022-09-16 00:00:00;SO638319;C0021;VS004;546;2022-09-30 00:00:00;2022-09-24 00:00:00;2022-09-20 00:00:00;2022-09-14 00:00:00
2022-09-16 00:00:00;SO638319;C0021;CT003;472;2022-09-30 00:00:00;2022-10-06 00:00:00;2022-09-20 00:00:00;2022-09-26 00:00:00
2022-09-16 00:00:00;SO318101;C0014;CS004;424;2022-10-21 00:00:00;2022-10-11 00:00:00;2022-09-20 00:00:00;2022-09-10 00:00:00
2022-09-16 00:00:00;SO638319;C0021;CL002;1141;2022-09-30 00:00:00;2022-09-29 00:00:00;2022-09-20 00:00:00;2022-09-19 00:00:00
2022-09-16 00:00:00;SO638319;C0021;AT002;840;2022-09-30 00:00:00;2022-09-20 00:00:00;2022-09-20 00:00:00;2022-09-10 00:00:00
2022-09-16 00:00:00;SO318101;C0014;AS001;635;2022-10-21 00:00:00;2022-10-11 00:00:00;2022-09-20 00:00:00;2022-09-10 00:00:00
2022-09-16 00:00:00;SO638319;C0021;CS004;924;2022-09-30 00:00:00;2022-09-24 00:00:00;2022-09-20 00:00:00;2022-09-14 00:00:00
2022-09-16 00:00:00;SO638319;C0021;AS002;471;2022-09-30 00:00:00;2022-10-05 00:00:00;2022-09-20 00:00:00;2022-09-25 00:00:00
2022-09-16 00:00:00;SO638319;C0021;CS001;885;2022-09-30 00:00:00;2022-09-23 00:00:00;2022-09-20 00:00:00;2022-09-13 00:00:00
2022-09-16 00:00:00;SO318101;C0014;AS005;663;2022-10-21 00:00:00;2022-10-31 00:00:00;2022-09-20 00:00:00;2022-09-30 00:00:00
2022-09-16 00:00:00;SO638319;C0021;AT001;1002;2022-09-30 00:00:00;2022-09-21 00:00:00;2022-09-20 00:00:00;2022-09-11 00:00:00
2022-09-16 00:00:00;SO638319;C0021;AL001;599;2022-09-30 00:00:00;2022-10-10 00:00:00;2022-09-20 00:00:00;2022-09-30 00:00:00
2022-09-16 00:00:00;SO318101;C0014;VS002;716;2022-10-21 00:00:00;2022-10-18 00:00:00;2022-09-20 00:00:00;2022-09-17 00:00:00
2022-09-16 00:00:00;SO318101;C0014;CL002;254;2022-10-21 00:00:00;2022-10-18 00:00:00;2022-09-20 00:00:00;2022-09-17 00:00:00
2022-09-16 00:00:00;SO318101;C0014;VS001;398;2022-10-21 00:00:00;2022-10-20 00:00:00;2022-09-20 00:00:00;2022-09-19 00:00:00
2022-09-16 00:00:00;SO318101;C0014;AL002;881;2022-10-21 00:00:00;2022-10-26 00:00:00;2022-09-20 00:00:00;2022-09-25 00:00:00
2022-09-19 00:00:00;SO886812;C0009;AS005;948;2022-10-03 00:00:00;2022-10-13 00:00:00;2022-09-22 00:00:00;2022-10-02 00:00:00
2022-09-19 00:00:00;SO633227;C0020;CT002;431;2022-11-14 00:00:00;2022-11-10 00:00:00;2022-09-23 00:00:00;2022-09-19 00:00:00
2022-09-19 00:00:00;SO114780;C0025;CS002;1044;2022-10-17 00:00:00;2022-10-07 00:00:00;2022-09-27 00:00:00;2022-09-17 00:00:00
2022-09-19 00:00:00;SO282819;C0008;CS002;728;2022-11-14 00:00:00;2022-11-22 00:00:00;2022-09-22 00:00:00;2022-09-30 00:00:00
2022-09-19 00:00:00;SO282819;C0008;CT002;683;2022-11-14 00:00:00;2022-11-09 00:00:00;2022-09-22 00:00:00;2022-09-17 00:00:00
2022-09-19 00:00:00;SO633227;C0020;CS003;813;2022-11-14 00:00:00;2022-11-09 00:00:00;2022-09-23 00:00:00;2022-09-18 00:00:00
2022-09-19 00:00:00;SO633227;C0020;AS005;376;2022-11-14 00:00:00;2022-11-04 00:00:00;2022-09-23 00:00:00;2022-09-13 00:00:00
2022-09-19 00:00:00;SO886812;C0009;CL002;1088;2022-10-03 00:00:00;2022-10-10 00:00:00;2022-09-22 00:00:00;2022-09-29 00:00:00
2022-09-19 00:00:00;SO114780;C0025;AS004;634;2022-10-17 00:00:00;2022-10-11 00:00:00;2022-09-27 00:00:00;2022-09-21 00:00:00
2022-09-19 00:00:00;SO282819;C0008;VS002;971;2022-11-14 00:00:00;2022-11-10 00:00:00;2022-09-22 00:00:00;2022-09-18 00:00:00
2022-09-19 00:00:00;SO282819;C0008;AS004;646;2022-11-14 00:00:00;2022-11-19 00:00:00;2022-09-22 00:00:00;2022-09-27 00:00:00
2022-09-19 00:00:00;SO114780;C0025;CS004;325;2022-10-17 00:00:00;2022-10-17 00:00:00;2022-09-27 00:00:00;2022-09-27 00:00:00
2022-09-19 00:00:00;SO282819;C0008;AS001;510;2022-11-14 00:00:00;2022-11-19 00:00:00;2022-09-22 00:00:00;2022-09-27 00:00:00
2022-09-19 00:00:00;SO114780;C0025;VS003;309;2022-10-17 00:00:00;2022-10-22 00:00:00;2022-09-27 00:00:00;2022-10-02 00:00:00
2022-09-19 00:00:00;SO282819;C0008;AL001;483;2022-11-14 00:00:00;2022-11-20 00:00:00;2022-09-22 00:00:00;2022-09-28 00:00:00
2022-09-19 00:00:00;SO633227;C0020;VS002;682;2022-11-14 00:00:00;2022-11-22 00:00:00;2022-09-23 00:00:00;2022-10-01 00:00:00
2022-09-19 00:00:00;SO633227;C0020;AS004;616;2022-11-14 00:00:00;2022-11-09 00:00:00;2022-09-23 00:00:00;2022-09-18 00:00:00
2022-09-19 00:00:00;SO886812;C0009;CS002;690;2022-10-03 00:00:00;2022-09-23 00:00:00;2022-09-22 00:00:00;2022-09-12 00:00:00
2022-09-19 00:00:00;SO633227;C0020;AL002;396;2022-11-14 00:00:00;2022-11-21 00:00:00;2022-09-23 00:00:00;2022-09-30 00:00:00
2022-09-20 00:00:00;SO419900;C0008;CL001;711;2022-11-15 00:00:00;2022-11-25 00:00:00;2022-09-23 00:00:00;2022-10-03 00:00:00
2022-09-20 00:00:00;SO9000020;C0021;VS005;500;2022-10-04 00:00:00;2022-10-08 00:00:00;2022-09-24 00:00:00;2022-09-28 00:00:00
2022-09-20 00:00:00;SO620806;C0023;CL001;803;2022-10-25 00:00:00;2022-10-27 00:00:00;2022-09-24 00:00:00;2022-09-26 00:00:00
2022-09-20 00:00:00;SO717188;C0030;VS003;698;2022-11-22 00:00:00;2022-11-19 00:00:00;2022-09-28 00:00:00;2022-09-25 00:00:00
2022-09-20 00:00:00;SO620806;C0023;CS003;1160;2022-10-25 00:00:00;2022-10-17 00:00:00;2022-09-24 00:00:00;2022-09-16 00:00:00
2022-09-20 00:00:00;SO620806;C0023;AL001;681;2022-10-25 00:00:00;2022-10-16 00:00:00;2022-09-24 00:00:00;2022-09-15 00:00:00
2022-09-20 00:00:00;SO717188;C0030;AS002;947;2022-11-22 00:00:00;2022-11-25 00:00:00;2022-09-28 00:00:00;2022-10-01 00:00:00
2022-09-20 00:00:00;SO419900;C0008;VS004;751;2022-11-15 00:00:00;2022-11-25 00:00:00;2022-09-23 00:00:00;2022-10-03 00:00:00
2022-09-20 00:00:00;SO419900;C0008;AS004;351;2022-11-15 00:00:00;2022-11-14 00:00:00;2022-09-23 00:00:00;2022-09-22 00:00:00
2022-09-20 00:00:00;SO419900;C0008;CS001;532;2022-11-15 00:00:00;2022-11-22 00:00:00;2022-09-23 00:00:00;2022-09-30 00:00:00
2022-09-20 00:00:00;SO419900;C0008;CS003;1081;2022-11-15 00:00:00;2022-11-15 00:00:00;2022-09-23 00:00:00;2022-09-23 00:00:00
2022-09-20 00:00:00;SO419900;C0008;AS003;725;2022-11-15 00:00:00;2022-11-25 00:00:00;2022-09-23 00:00:00;2022-10-03 00:00:00
2022-09-20 00:00:00;SO419900;C0008;VS005;402;2022-11-15 00:00:00;2022-11-24 00:00:00;2022-09-23 00:00:00;2022-10-02 00:00:00
2022-09-20 00:00:00;SO717188;C0030;CS003;912;2022-11-22 00:00:00;2022-12-01 00:00:00;2022-09-28 00:00:00;2022-10-07 00:00:00
2022-09-20 00:00:00;SO717188;C0030;AS003;791;2022-11-22 00:00:00;2022-11-17 00:00:00;2022-09-28 00:00:00;2022-09-23 00:00:00
2022-09-20 00:00:00;SO419900;C0008;VS003;887;2022-11-15 00:00:00;2022-11-14 00:00:00;2022-09-23 00:00:00;2022-09-22 00:00:00
2022-09-20 00:00:00;SO717188;C0030;CT002;690;2022-11-22 00:00:00;2022-11-14 00:00:00;2022-09-28 00:00:00;2022-09-20 00:00:00
2022-09-20 00:00:00;SO9000020;C0021;VS001;701;2022-10-04 00:00:00;2022-09-24 00:00:00;2022-09-24 00:00:00;2022-09-14 00:00:00
2022-09-20 00:00:00;SO717188;C0030;VS002;1242;2022-11-22 00:00:00;2022-12-02 00:00:00;2022-09-28 00:00:00;2022-10-08 00:00:00
2022-09-21 00:00:00;SO145035;C0006;CL002;940;2022-11-23 00:00:00;2022-11-15 00:00:00;2022-09-23 00:00:00;2022-09-15 00:00:00
2022-09-21 00:00:00;SO596139;C0017;AS002;596;2022-11-16 00:00:00;2022-11-17 00:00:00;2022-09-25 00:00:00;2022-09-26 00:00:00
2022-09-21 00:00:00;SO596139;C0017;VS003;1137;2022-11-16 00:00:00;2022-11-25 00:00:00;2022-09-25 00:00:00;2022-10-04 00:00:00
2022-09-21 00:00:00;SO596139;C0017;VS005;859;2022-11-16 00:00:00;2022-11-26 00:00:00;2022-09-25 00:00:00;2022-10-05 00:00:00
2022-09-21 00:00:00;SO596139;C0017;CT002;971;2022-11-16 00:00:00;2022-11-06 00:00:00;2022-09-25 00:00:00;2022-09-15 00:00:00
2022-09-21 00:00:00;SO596139;C0017;CL001;520;2022-11-16 00:00:00;2022-11-15 00:00:00;2022-09-25 00:00:00;2022-09-24 00:00:00
2022-09-21 00:00:00;SO596139;C0017;VS002;792;2022-11-16 00:00:00;2022-11-14 00:00:00;2022-09-25 00:00:00;2022-09-23 00:00:00
2022-09-21 00:00:00;SO145035;C0006;CS004;1217;2022-11-23 00:00:00;2022-12-03 00:00:00;2022-09-23 00:00:00;2022-10-03 00:00:00
2022-09-21 00:00:00;SO145035;C0006;CT003;651;2022-11-23 00:00:00;2022-11-15 00:00:00;2022-09-23 00:00:00;2022-09-15 00:00:00
2022-09-21 00:00:00;SO145035;C0006;AS003;411;2022-11-23 00:00:00;2022-11-28 00:00:00;2022-09-23 00:00:00;2022-09-28 00:00:00
2022-09-21 00:00:00;SO145035;C0006;CS002;1088;2022-11-23 00:00:00;2022-11-29 00:00:00;2022-09-23 00:00:00;2022-09-29 00:00:00
2022-09-21 00:00:00;SO596139;C0017;AS001;550;2022-11-16 00:00:00;2022-11-07 00:00:00;2022-09-25 00:00:00;2022-09-16 00:00:00
2022-09-21 00:00:00;SO145035;C0006;AL001;445;2022-11-23 00:00:00;2022-11-27 00:00:00;2022-09-23 00:00:00;2022-09-27 00:00:00
2022-09-21 00:00:00;SO596139;C0017;VS001;1183;2022-11-16 00:00:00;2022-11-12 00:00:00;2022-09-25 00:00:00;2022-09-21 00:00:00
2022-09-21 00:00:00;SO145035;C0006;VS003;969;2022-11-23 00:00:00;2022-11-25 00:00:00;2022-09-23 00:00:00;2022-09-25 00:00:00
2022-09-22 00:00:00;SO462037;C0011;AS003;892;2022-10-27 00:00:00;2022-10-24 00:00:00;2022-09-25 00:00:00;2022-09-22 00:00:00
2022-09-22 00:00:00;SO960438;C0010;AS002;861;2022-11-03 00:00:00;2022-11-03 00:00:00;2022-09-25 00:00:00;2022-09-25 00:00:00
2022-09-22 00:00:00;SO960438;C0010;CL001;1008;2022-11-03 00:00:00;2022-11-04 00:00:00;2022-09-25 00:00:00;2022-09-26 00:00:00
2022-09-22 00:00:00;SO462037;C0011;CL002;949;2022-10-27 00:00:00;2022-10-25 00:00:00;2022-09-25 00:00:00;2022-09-23 00:00:00
2022-09-22 00:00:00;SO960438;C0010;AS005;322;2022-11-03 00:00:00;2022-11-10 00:00:00;2022-09-25 00:00:00;2022-10-02 00:00:00
2022-09-22 00:00:00;SO960438;C0010;AT002;678;2022-11-03 00:00:00;2022-11-10 00:00:00;2022-09-25 00:00:00;2022-10-02 00:00:00
2022-09-22 00:00:00;SO960438;C0010;AS004;722;2022-11-03 00:00:00;2022-11-12 00:00:00;2022-09-25 00:00:00;2022-10-04 00:00:00
2022-09-22 00:00:00;SO960438;C0010;AS003;750;2022-11-03 00:00:00;2022-11-09 00:00:00;2022-09-25 00:00:00;2022-10-01 00:00:00
2022-09-22 00:00:00;SO462037;C0011;CS002;709;2022-10-27 00:00:00;2022-10-31 00:00:00;2022-09-25 00:00:00;2022-09-29 00:00:00
2022-09-22 00:00:00;SO960438;C0010;VS005;248;2022-11-03 00:00:00;2022-11-01 00:00:00;2022-09-25 00:00:00;2022-09-23 00:00:00
2022-09-22 00:00:00;SO960438;C0010;AT001;820;2022-11-03 00:00:00;2022-11-10 00:00:00;2022-09-25 00:00:00;2022-10-02 00:00:00
2022-09-22 00:00:00;SO462037;C0011;AS001;860;2022-10-27 00:00:00;2022-10-25 00:00:00;2022-09-25 00:00:00;2022-09-23 00:00:00
2022-09-22 00:00:00;SO960438;C0010;CT002;422;2022-11-03 00:00:00;2022-11-07 00:00:00;2022-09-25 00:00:00;2022-09-29 00:00:00
2022-09-22 00:00:00;SO960438;C0010;CS002;704;2022-11-03 00:00:00;2022-11-05 00:00:00;2022-09-25 00:00:00;2022-09-27 00:00:00
2022-09-22 00:00:00;SO960438;C0010;CL002;670;2022-11-03 00:00:00;2022-11-01 00:00:00;2022-09-25 00:00:00;2022-09-23 00:00:00
2022-09-22 00:00:00;SO462037;C0011;AS005;697;2022-10-27 00:00:00;2022-10-30 00:00:00;2022-09-25 00:00:00;2022-09-28 00:00:00
2022-09-23 00:00:00;SO410067;C0026;AS004;330;2022-10-28 00:00:00;2022-10-18 00:00:00;2022-10-01 00:00:00;2022-09-21 00:00:00
2022-09-23 00:00:00;SO524341;C0013;CL002;895;2022-10-21 00:00:00;2022-10-19 00:00:00;2022-09-27 00:00:00;2022-09-25 00:00:00
2022-09-23 00:00:00;SO540788;C0027;CS002;989;2022-11-04 00:00:00;2022-10-25 00:00:00;2022-10-01 00:00:00;2022-09-21 00:00:00
2022-09-23 00:00:00;SO855176;C0029;VS005;824;2022-11-18 00:00:00;2022-11-20 00:00:00;2022-10-01 00:00:00;2022-10-03 00:00:00
2022-09-23 00:00:00;SO524341;C0013;VS002;1154;2022-10-21 00:00:00;2022-10-17 00:00:00;2022-09-27 00:00:00;2022-09-23 00:00:00
2022-09-23 00:00:00;SO524341;C0013;CT003;1059;2022-10-21 00:00:00;2022-10-31 00:00:00;2022-09-27 00:00:00;2022-10-07 00:00:00
2022-09-23 00:00:00;SO524341;C0013;AS005;774;2022-10-21 00:00:00;2022-10-28 00:00:00;2022-09-27 00:00:00;2022-10-04 00:00:00
2022-09-23 00:00:00;SO855176;C0029;VS001;743;2022-11-18 00:00:00;2022-11-26 00:00:00;2022-10-01 00:00:00;2022-10-09 00:00:00
2022-09-23 00:00:00;SO855176;C0029;AS003;1036;2022-11-18 00:00:00;2022-11-23 00:00:00;2022-10-01 00:00:00;2022-10-06 00:00:00
2022-09-23 00:00:00;SO855176;C0029;CS001;968;2022-11-18 00:00:00;2022-11-27 00:00:00;2022-10-01 00:00:00;2022-10-10 00:00:00
2022-09-23 00:00:00;SO410067;C0026;CL002;762;2022-10-28 00:00:00;2022-11-07 00:00:00;2022-10-01 00:00:00;2022-10-11 00:00:00
2022-09-23 00:00:00;SO855176;C0029;CS003;1187;2022-11-18 00:00:00;2022-11-08 00:00:00;2022-10-01 00:00:00;2022-09-21 00:00:00
2022-09-23 00:00:00;SO410067;C0026;AT001;640;2022-10-28 00:00:00;2022-11-07 00:00:00;2022-10-01 00:00:00;2022-10-11 00:00:00
2022-09-23 00:00:00;SO410067;C0026;VS002;826;2022-10-28 00:00:00;2022-11-02 00:00:00;2022-10-01 00:00:00;2022-10-06 00:00:00
2022-09-23 00:00:00;SO410067;C0026;AS005;610;2022-10-28 00:00:00;2022-11-04 00:00:00;2022-10-01 00:00:00;2022-10-08 00:00:00
2022-09-26 00:00:00;SO249848;C0024;VS002;351;2022-10-24 00:00:00;2022-10-14 00:00:00;2022-09-30 00:00:00;2022-09-20 00:00:00
2022-09-26 00:00:00;SO160296;C0015;AT001;1199;2022-11-07 00:00:00;2022-11-03 00:00:00;2022-09-30 00:00:00;2022-09-26 00:00:00
2022-09-26 00:00:00;SO935086;C0013;AS005;805;2022-10-24 00:00:00;2022-11-01 00:00:00;2022-09-30 00:00:00;2022-10-08 00:00:00
2022-09-26 00:00:00;SO935086;C0013;VS005;504;2022-10-24 00:00:00;2022-11-01 00:00:00;2022-09-30 00:00:00;2022-10-08 00:00:00
2022-09-26 00:00:00;SO160296;C0015;AS005;661;2022-11-07 00:00:00;2022-11-07 00:00:00;2022-09-30 00:00:00;2022-09-30 00:00:00
2022-09-26 00:00:00;SO935086;C0013;VS003;657;2022-10-24 00:00:00;2022-10-14 00:00:00;2022-09-30 00:00:00;2022-09-20 00:00:00
2022-09-26 00:00:00;SO935086;C0013;AT001;1208;2022-10-24 00:00:00;2022-10-27 00:00:00;2022-09-30 00:00:00;2022-10-03 00:00:00
2022-09-26 00:00:00;SO249848;C0024;AS002;825;2022-10-24 00:00:00;2022-10-19 00:00:00;2022-09-30 00:00:00;2022-09-25 00:00:00
2022-09-26 00:00:00;SO249848;C0024;AT002;719;2022-10-24 00:00:00;2022-10-27 00:00:00;2022-09-30 00:00:00;2022-10-03 00:00:00
2022-09-26 00:00:00;SO249848;C0024;AS004;732;2022-10-24 00:00:00;2022-10-18 00:00:00;2022-09-30 00:00:00;2022-09-24 00:00:00
2022-09-26 00:00:00;SO160296;C0015;VS004;929;2022-11-07 00:00:00;2022-11-02 00:00:00;2022-09-30 00:00:00;2022-09-25 00:00:00
2022-09-26 00:00:00;SO935086;C0013;AS004;642;2022-10-24 00:00:00;2022-10-29 00:00:00;2022-09-30 00:00:00;2022-10-05 00:00:00
2022-09-26 00:00:00;SO249848;C0024;AS003;798;2022-10-24 00:00:00;2022-10-24 00:00:00;2022-09-30 00:00:00;2022-09-30 00:00:00
2022-09-27 00:00:00;SO878963;C0004;AL001;471;2022-10-11 00:00:00;2022-10-15 00:00:00;2022-09-29 00:00:00;2022-10-03 00:00:00
2022-09-27 00:00:00;SO786275;C0015;AL002;492;2022-11-08 00:00:00;2022-10-31 00:00:00;2022-10-01 00:00:00;2022-09-23 00:00:00
2022-09-27 00:00:00;SO899472;C0009;VS005;866;2022-10-11 00:00:00;2022-10-08 00:00:00;2022-09-30 00:00:00;2022-09-27 00:00:00
2022-09-27 00:00:00;SO878963;C0004;AS005;294;2022-10-11 00:00:00;2022-10-21 00:00:00;2022-09-29 00:00:00;2022-10-09 00:00:00
2022-09-27 00:00:00;SO899472;C0009;VS004;1161;2022-10-11 00:00:00;2022-10-10 00:00:00;2022-09-30 00:00:00;2022-09-29 00:00:00
2022-09-27 00:00:00;SO899472;C0009;CL001;542;2022-10-11 00:00:00;2022-10-14 00:00:00;2022-09-30 00:00:00;2022-10-03 00:00:00
2022-09-27 00:00:00;SO899472;C0009;VS001;557;2022-10-11 00:00:00;2022-10-10 00:00:00;2022-09-30 00:00:00;2022-09-29 00:00:00
2022-09-27 00:00:00;SO878963;C0004;CL001;405;2022-10-11 00:00:00;2022-10-01 00:00:00;2022-09-29 00:00:00;2022-09-19 00:00:00
2022-09-27 00:00:00;SO786275;C0015;AS003;459;2022-11-08 00:00:00;2022-11-08 00:00:00;2022-10-01 00:00:00;2022-10-01 00:00:00
2022-09-27 00:00:00;SO878963;C0004;VS004;840;2022-10-11 00:00:00;2022-10-11 00:00:00;2022-09-29 00:00:00;2022-09-29 00:00:00
2022-09-27 00:00:00;SO786275;C0015;AT001;719;2022-11-08 00:00:00;2022-11-11 00:00:00;2022-10-01 00:00:00;2022-10-04 00:00:00
2022-09-27 00:00:00;SO786275;C0015;VS003;896;2022-11-08 00:00:00;2022-11-17 00:00:00;2022-10-01 00:00:00;2022-10-10 00:00:00
2022-09-27 00:00:00;SO878963;C0004;VS001;614;2022-10-11 00:00:00;2022-10-03 00:00:00;2022-09-29 00:00:00;2022-09-21 00:00:00
2022-09-27 00:00:00;SO878963;C0004;CL002;677;2022-10-11 00:00:00;2022-10-01 00:00:00;2022-09-29 00:00:00;2022-09-19 00:00:00
2022-09-28 00:00:00;SO519588;C0011;CS003;1295;2022-11-02 00:00:00;2022-11-07 00:00:00;2022-10-01 00:00:00;2022-10-06 00:00:00
2022-09-28 00:00:00;SO956921;C0018;AT002;606;2022-11-30 00:00:00;2022-11-21 00:00:00;2022-10-02 00:00:00;2022-09-23 00:00:00
2022-09-28 00:00:00;SO909373;C0016;AL001;1049;2022-10-12 00:00:00;2022-10-20 00:00:00;2022-10-02 00:00:00;2022-10-10 00:00:00
2022-09-28 00:00:00;SO909373;C0016;AS003;651;2022-10-12 00:00:00;2022-10-06 00:00:00;2022-10-02 00:00:00;2022-09-26 00:00:00
2022-09-28 00:00:00;SO956921;C0018;CT002;931;2022-11-30 00:00:00;2022-12-04 00:00:00;2022-10-02 00:00:00;2022-10-06 00:00:00
2022-09-28 00:00:00;SO956921;C0018;AL002;807;2022-11-30 00:00:00;2022-11-26 00:00:00;2022-10-02 00:00:00;2022-09-28 00:00:00
2022-09-28 00:00:00;SO956921;C0018;AS005;1002;2022-11-30 00:00:00;2022-11-29 00:00:00;2022-10-02 00:00:00;2022-10-01 00:00:00
2022-09-28 00:00:00;SO956921;C0018;AS002;411;2022-11-30 00:00:00;2022-11-28 00:00:00;2022-10-02 00:00:00;2022-09-30 00:00:00
2022-09-28 00:00:00;SO956921;C0018;AS001;838;2022-11-30 00:00:00;2022-12-07 00:00:00;2022-10-02 00:00:00;2022-10-09 00:00:00
2022-09-28 00:00:00;SO519588;C0011;AL002;471;2022-11-02 00:00:00;2022-11-02 00:00:00;2022-10-01 00:00:00;2022-10-01 00:00:00
2022-09-28 00:00:00;SO956921;C0018;CL001;650;2022-11-30 00:00:00;2022-11-29 00:00:00;2022-10-02 00:00:00;2022-10-01 00:00:00
2022-09-28 00:00:00;SO909373;C0016;CT002;591;2022-10-12 00:00:00;2022-10-17 00:00:00;2022-10-02 00:00:00;2022-10-07 00:00:00
2022-09-28 00:00:00;SO909373;C0016;AS005;608;2022-10-12 00:00:00;2022-10-21 00:00:00;2022-10-02 00:00:00;2022-10-11 00:00:00
2022-09-28 00:00:00;SO519588;C0011;CS001;998;2022-11-02 00:00:00;2022-10-26 00:00:00;2022-10-01 00:00:00;2022-09-24 00:00:00
2022-09-28 00:00:00;SO956921;C0018;CS004;453;2022-11-30 00:00:00;2022-12-03 00:00:00;2022-10-02 00:00:00;2022-10-05 00:00:00
2022-09-29 00:00:00;SO702824;C0015;AT002;694;2022-11-10 00:00:00;2022-11-14 00:00:00;2022-10-03 00:00:00;2022-10-07 00:00:00
2022-09-29 00:00:00;SO558477;C0025;AS001;1031;2022-10-27 00:00:00;2022-10-24 00:00:00;2022-10-07 00:00:00;2022-10-04 00:00:00
2022-09-29 00:00:00;SO558477;C0025;CT002;752;2022-10-27 00:00:00;2022-10-28 00:00:00;2022-10-07 00:00:00;2022-10-08 00:00:00
2022-09-29 00:00:00;SO558477;C0025;VS001;647;2022-10-27 00:00:00;2022-10-19 00:00:00;2022-10-07 00:00:00;2022-09-29 00:00:00
2022-09-29 00:00:00;SO558477;C0025;CS003;449;2022-10-27 00:00:00;2022-10-30 00:00:00;2022-10-07 00:00:00;2022-10-10 00:00:00
2022-09-29 00:00:00;SO558477;C0025;VS004;814;2022-10-27 00:00:00;2022-10-19 00:00:00;2022-10-07 00:00:00;2022-09-29 00:00:00
2022-09-29 00:00:00;SO702824;C0015;AT001;692;2022-11-10 00:00:00;2022-11-05 00:00:00;2022-10-03 00:00:00;2022-09-28 00:00:00
2022-09-29 00:00:00;SO702824;C0015;CS004;381;2022-11-10 00:00:00;2022-11-12 00:00:00;2022-10-03 00:00:00;2022-10-05 00:00:00
2022-09-29 00:00:00;SO558477;C0025;CS001;1096;2022-10-27 00:00:00;2022-10-26 00:00:00;2022-10-07 00:00:00;2022-10-06 00:00:00
2022-09-29 00:00:00;SO558477;C0025;VS003;909;2022-10-27 00:00:00;2022-11-02 00:00:00;2022-10-07 00:00:00;2022-10-13 00:00:00
2022-09-29 00:00:00;SO558477;C0025;CL002;421;2022-10-27 00:00:00;2022-10-23 00:00:00;2022-10-07 00:00:00;2022-10-03 00:00:00
2022-09-29 00:00:00;SO558477;C0025;AS004;971;2022-10-27 00:00:00;2022-10-27 00:00:00;2022-10-07 00:00:00;2022-10-07 00:00:00
2022-09-29 00:00:00;SO558477;C0025;AS005;493;2022-10-27 00:00:00;2022-10-20 00:00:00;2022-10-07 00:00:00;2022-09-30 00:00:00
2022-09-29 00:00:00;SO702824;C0015;AL002;384;2022-11-10 00:00:00;2022-11-10 00:00:00;2022-10-03 00:00:00;2022-10-03 00:00:00
2022-09-30 00:00:00;SO287260;C0020;AS003;909;2022-11-25 00:00:00;2022-11-18 00:00:00;2022-10-04 00:00:00;2022-09-27 00:00:00
2022-09-30 00:00:00;SO894239;C0005;CL002;703;2022-11-25 00:00:00;2022-11-30 00:00:00;2022-10-02 00:00:00;2022-10-07 00:00:00
2022-09-30 00:00:00;SO486749;C0017;CL002;1079;2022-11-25 00:00:00;2022-11-29 00:00:00;2022-10-04 00:00:00;2022-10-08 00:00:00
2022-09-30 00:00:00;SO486749;C0017;AS001;820;2022-11-25 00:00:00;2022-11-30 00:00:00;2022-10-04 00:00:00;2022-10-09 00:00:00
2022-09-30 00:00:00;SO894239;C0005;CS001;983;2022-11-25 00:00:00;2022-12-04 00:00:00;2022-10-02 00:00:00;2022-10-11 00:00:00
2022-09-30 00:00:00;SO486749;C0017;AT002;1145;2022-11-25 00:00:00;2022-11-15 00:00:00;2022-10-04 00:00:00;2022-09-24 00:00:00
2022-09-30 00:00:00;SO486749;C0017;VS001;889;2022-11-25 00:00:00;2022-11-27 00:00:00;2022-10-04 00:00:00;2022-10-06 00:00:00
2022-09-30 00:00:00;SO486749;C0017;CS004;769;2022-11-25 00:00:00;2022-11-24 00:00:00;2022-10-04 00:00:00;2022-10-03 00:00:00
2022-09-30 00:00:00;SO287260;C0020;AT002;787;2022-11-25 00:00:00;2022-11-19 00:00:00;2022-10-04 00:00:00;2022-09-28 00:00:00
2022-09-30 00:00:00;SO894239;C0005;AL001;603;2022-11-25 00:00:00;2022-11-25 00:00:00;2022-10-02 00:00:00;2022-10-02 00:00:00
2022-09-30 00:00:00;SO287260;C0020;CS004;544;2022-11-25 00:00:00;2022-11-22 00:00:00;2022-10-04 00:00:00;2022-10-01 00:00:00
2022-09-30 00:00:00;SO894239;C0005;AT002;722;2022-11-25 00:00:00;2022-11-30 00:00:00;2022-10-02 00:00:00;2022-10-07 00:00:00
2022-09-30 00:00:00;SO287260;C0020;AL001;401;2022-11-25 00:00:00;2022-11-24 00:00:00;2022-10-04 00:00:00;2022-10-03 00:00:00
2022-09-30 00:00:00;SO486749;C0017;VS005;1167;2022-11-25 00:00:00;2022-11-19 00:00:00;2022-10-04 00:00:00;2022-09-28 00:00:00
2022-09-30 00:00:00;SO287260;C0020;AT001;864;2022-11-25 00:00:00;2022-11-26 00:00:00;2022-10-04 00:00:00;2022-10-05 00:00:00
2022-09-30 00:00:00;SO894239;C0005;AS005;376;2022-11-25 00:00:00;2022-11-17 00:00:00;2022-10-02 00:00:00;2022-09-24 00:00:00
2022-09-30 00:00:00;SO287260;C0020;AL002;1173;2022-11-25 00:00:00;2022-11-24 00:00:00;2022-10-04 00:00:00;2022-10-03 00:00:00
2022-09-30 00:00:00;SO894239;C0005;CS002;517;2022-11-25 00:00:00;2022-11-21 00:00:00;2022-10-02 00:00:00;2022-09-28 00:00:00
2022-09-30 00:00:00;SO486749;C0017;AS003;312;2022-11-25 00:00:00;2022-11-29 00:00:00;2022-10-04 00:00:00;2022-10-08 00:00:00
2022-10-03 00:00:00;SO624715;C0009;VS003;462;2022-10-17 00:00:00;2022-10-09 00:00:00;2022-10-06 00:00:00;2022-09-28 00:00:00
2022-10-03 00:00:00;SO740951;C0020;VS005;729;2022-11-28 00:00:00;2022-12-06 00:00:00;2022-10-07 00:00:00;2022-10-15 00:00:00
2022-10-03 00:00:00;SO603115;C0027;CS001;675;2022-11-14 00:00:00;2022-11-05 00:00:00;2022-10-11 00:00:00;2022-10-02 00:00:00
2022-10-03 00:00:00;SO603115;C0027;CL002;516;2022-11-14 00:00:00;2022-11-12 00:00:00;2022-10-11 00:00:00;2022-10-09 00:00:00
2022-10-03 00:00:00;SO624715;C0009;CT003;912;2022-10-17 00:00:00;2022-10-26 00:00:00;2022-10-06 00:00:00;2022-10-15 00:00:00
2022-10-03 00:00:00;SO740951;C0020;VS001;981;2022-11-28 00:00:00;2022-11-21 00:00:00;2022-10-07 00:00:00;2022-09-30 00:00:00
2022-10-03 00:00:00;SO603115;C0027;AL002;396;2022-11-14 00:00:00;2022-11-04 00:00:00;2022-10-11 00:00:00;2022-10-01 00:00:00
2022-10-03 00:00:00;SO740951;C0020;VS002;687;2022-11-28 00:00:00;2022-12-03 00:00:00;2022-10-07 00:00:00;2022-10-12 00:00:00
2022-10-03 00:00:00;SO603115;C0027;CT001;842;2022-11-14 00:00:00;2022-11-15 00:00:00;2022-10-11 00:00:00;2022-10-12 00:00:00
2022-10-03 00:00:00;SO624715;C0009;CT001;804;2022-10-17 00:00:00;2022-10-20 00:00:00;2022-10-06 00:00:00;2022-10-09 00:00:00
2022-10-03 00:00:00;SO740951;C0020;CS003;671;2022-11-28 00:00:00;2022-12-06 00:00:00;2022-10-07 00:00:00;2022-10-15 00:00:00
2022-10-03 00:00:00;SO740951;C0020;CT001;749;2022-11-28 00:00:00;2022-12-05 00:00:00;2022-10-07 00:00:00;2022-10-14 00:00:00
2022-10-03 00:00:00;SO740951;C0020;AL002;710;2022-11-28 00:00:00;2022-11-22 00:00:00;2022-10-07 00:00:00;2022-10-01 00:00:00
2022-10-03 00:00:00;SO740951;C0020;AS004;752;2022-11-28 00:00:00;2022-11-23 00:00:00;2022-10-07 00:00:00;2022-10-02 00:00:00
2022-10-03 00:00:00;SO603115;C0027;AS002;752;2022-11-14 00:00:00;2022-11-14 00:00:00;2022-10-11 00:00:00;2022-10-11 00:00:00
2022-10-03 00:00:00;SO740951;C0020;VS004;446;2022-11-28 00:00:00;2022-12-06 00:00:00;2022-10-07 00:00:00;2022-10-15 00:00:00
2022-10-03 00:00:00;SO603115;C0027;VS001;799;2022-11-14 00:00:00;2022-11-16 00:00:00;2022-10-11 00:00:00;2022-10-13 00:00:00
2022-10-03 00:00:00;SO740951;C0020;AS003;781;2022-11-28 00:00:00;2022-11-20 00:00:00;2022-10-07 00:00:00;2022-09-29 00:00:00
2022-10-03 00:00:00;SO740951;C0020;VS003;692;2022-11-28 00:00:00;2022-11-27 00:00:00;2022-10-07 00:00:00;2022-10-06 00:00:00
2022-10-03 00:00:00;SO740951;C0020;CS002;442;2022-11-28 00:00:00;2022-11-19 00:00:00;2022-10-07 00:00:00;2022-09-28 00:00:00
2022-10-04 00:00:00;SO253752;C0021;VS001;301;2022-10-18 00:00:00;2022-10-11 00:00:00;2022-10-08 00:00:00;2022-10-01 00:00:00
2022-10-04 00:00:00;SO697992;C0026;CT002;874;2022-11-08 00:00:00;2022-11-11 00:00:00;2022-10-12 00:00:00;2022-10-15 00:00:00
2022-10-04 00:00:00;SO253752;C0021;VS003;620;2022-10-18 00:00:00;2022-10-18 00:00:00;2022-10-08 00:00:00;2022-10-08 00:00:00
2022-10-04 00:00:00;SO697992;C0026;AL002;648;2022-11-08 00:00:00;2022-10-29 00:00:00;2022-10-12 00:00:00;2022-10-02 00:00:00
2022-10-04 00:00:00;SO697992;C0026;CT003;355;2022-11-08 00:00:00;2022-11-01 00:00:00;2022-10-12 00:00:00;2022-10-05 00:00:00
2022-10-04 00:00:00;SO697992;C0026;AT002;958;2022-11-08 00:00:00;2022-11-01 00:00:00;2022-10-12 00:00:00;2022-10-05 00:00:00
2022-10-04 00:00:00;SO253752;C0021;AS004;367;2022-10-18 00:00:00;2022-10-13 00:00:00;2022-10-08 00:00:00;2022-10-03 00:00:00
2022-10-04 00:00:00;SO253752;C0021;VS002;698;2022-10-18 00:00:00;2022-10-14 00:00:00;2022-10-08 00:00:00;2022-10-04 00:00:00
2022-10-04 00:00:00;SO697992;C0026;VS005;663;2022-11-08 00:00:00;2022-11-12 00:00:00;2022-10-12 00:00:00;2022-10-16 00:00:00
2022-10-04 00:00:00;SO253752;C0021;CT003;416;2022-10-18 00:00:00;2022-10-12 00:00:00;2022-10-08 00:00:00;2022-10-02 00:00:00
2022-10-04 00:00:00;SO253752;C0021;AS002;423;2022-10-18 00:00:00;2022-10-14 00:00:00;2022-10-08 00:00:00;2022-10-04 00:00:00
2022-10-04 00:00:00;SO697992;C0026;AS003;410;2022-11-08 00:00:00;2022-11-12 00:00:00;2022-10-12 00:00:00;2022-10-16 00:00:00
2022-10-04 00:00:00;SO253752;C0021;VS004;1036;2022-10-18 00:00:00;2022-10-11 00:00:00;2022-10-08 00:00:00;2022-10-01 00:00:00
2022-10-04 00:00:00;SO697992;C0026;VS002;360;2022-11-08 00:00:00;2022-10-31 00:00:00;2022-10-12 00:00:00;2022-10-04 00:00:00
2022-10-04 00:00:00;SO697992;C0026;CS002;464;2022-11-08 00:00:00;2022-11-18 00:00:00;2022-10-12 00:00:00;2022-10-22 00:00:00
2022-10-04 00:00:00;SO253752;C0021;CT001;780;2022-10-18 00:00:00;2022-10-21 00:00:00;2022-10-08 00:00:00;2022-10-11 00:00:00
2022-10-04 00:00:00;SO253752;C0021;CS001;316;2022-10-18 00:00:00;2022-10-19 00:00:00;2022-10-08 00:00:00;2022-10-09 00:00:00
2022-10-04 00:00:00;SO253752;C0021;AT002;664;2022-10-18 00:00:00;2022-10-16 00:00:00;2022-10-08 00:00:00;2022-10-06 00:00:00
2022-10-04 00:00:00;SO697992;C0026;AS004;749;2022-11-08 00:00:00;2022-11-13 00:00:00;2022-10-12 00:00:00;2022-10-17 00:00:00
2022-10-05 00:00:00;SO602626;C0030;VS001;657;2022-12-07 00:00:00;2022-12-03 00:00:00;2022-10-13 00:00:00;2022-10-09 00:00:00
2022-10-05 00:00:00;SO662129;C0005;AS003;409;2022-11-30 00:00:00;2022-12-04 00:00:00;2022-10-07 00:00:00;2022-10-11 00:00:00
2022-10-05 00:00:00;SO602626;C0030;VS004;762;2022-12-07 00:00:00;2022-11-29 00:00:00;2022-10-13 00:00:00;2022-10-05 00:00:00
2022-10-05 00:00:00;SO662129;C0005;AS004;680;2022-11-30 00:00:00;2022-11-28 00:00:00;2022-10-07 00:00:00;2022-10-05 00:00:00
2022-10-05 00:00:00;SO602626;C0030;AT002;321;2022-12-07 00:00:00;2022-12-05 00:00:00;2022-10-13 00:00:00;2022-10-11 00:00:00
2022-10-05 00:00:00;SO602626;C0030;CS003;315;2022-12-07 00:00:00;2022-12-08 00:00:00;2022-10-13 00:00:00;2022-10-14 00:00:00
2022-10-05 00:00:00;SO662129;C0005;AS002;1203;2022-11-30 00:00:00;2022-11-26 00:00:00;2022-10-07 00:00:00;2022-10-03 00:00:00
2022-10-05 00:00:00;SO662129;C0005;VS001;388;2022-11-30 00:00:00;2022-11-20 00:00:00;2022-10-07 00:00:00;2022-09-27 00:00:00
2022-10-05 00:00:00;SO662129;C0005;CS003;1156;2022-11-30 00:00:00;2022-11-20 00:00:00;2022-10-07 00:00:00;2022-09-27 00:00:00
2022-10-05 00:00:00;SO662129;C0005;VS003;794;2022-11-30 00:00:00;2022-12-03 00:00:00;2022-10-07 00:00:00;2022-10-10 00:00:00
2022-10-05 00:00:00;SO662129;C0005;CS002;464;2022-11-30 00:00:00;2022-12-07 00:00:00;2022-10-07 00:00:00;2022-10-14 00:00:00
2022-10-05 00:00:00;SO602626;C0030;VS005;512;2022-12-07 00:00:00;2022-12-13 00:00:00;2022-10-13 00:00:00;2022-10-19 00:00:00
2022-10-05 00:00:00;SO602626;C0030;CL002;407;2022-12-07 00:00:00;2022-12-12 00:00:00;2022-10-13 00:00:00;2022-10-18 00:00:00
2022-10-05 00:00:00;SO662129;C0005;CT003;1264;2022-11-30 00:00:00;2022-11-24 00:00:00;2022-10-07 00:00:00;2022-10-01 00:00:00
2022-10-05 00:00:00;SO662129;C0005;VS005;828;2022-11-30 00:00:00;2022-11-26 00:00:00;2022-10-07 00:00:00;2022-10-03 00:00:00
2022-10-05 00:00:00;SO662129;C0005;CT002;414;2022-11-30 00:00:00;2022-12-07 00:00:00;2022-10-07 00:00:00;2022-10-14 00:00:00
2022-10-06 00:00:00;SO391562;C0028;AS004;321;2022-10-20 00:00:00;2022-10-19 00:00:00;2022-10-14 00:00:00;2022-10-13 00:00:00
2022-10-06 00:00:00;SO186696;C0022;VS004;1304;2022-11-17 00:00:00;2022-11-19 00:00:00;2022-10-10 00:00:00;2022-10-12 00:00:00
2022-10-06 00:00:00;SO166712;C0012;AS002;948;2022-11-03 00:00:00;2022-11-01 00:00:00;2022-10-09 00:00:00;2022-10-07 00:00:00
2022-10-06 00:00:00;SO302692;C0013;VS003;874;2022-11-03 00:00:00;2022-11-11 00:00:00;2022-10-10 00:00:00;2022-10-18 00:00:00
2022-10-06 00:00:00;SO186696;C0022;CS003;308;2022-11-17 00:00:00;2022-11-21 00:00:00;2022-10-10 00:00:00;2022-10-14 00:00:00
2022-10-06 00:00:00;SO302692;C0013;CL002;367;2022-11-03 00:00:00;2022-10-24 00:00:00;2022-10-10 00:00:00;2022-09-30 00:00:00
2022-10-06 00:00:00;SO166712;C0012;CL002;610;2022-11-03 00:00:00;2022-10-30 00:00:00;2022-10-09 00:00:00;2022-10-05 00:00:00
2022-10-06 00:00:00;SO391562;C0028;VS005;985;2022-10-20 00:00:00;2022-10-27 00:00:00;2022-10-14 00:00:00;2022-10-21 00:00:00
2022-10-06 00:00:00;SO186696;C0022;VS001;869;2022-11-17 00:00:00;2022-11-21 00:00:00;2022-10-10 00:00:00;2022-10-14 00:00:00
2022-10-06 00:00:00;SO391562;C0028;VS004;614;2022-10-20 00:00:00;2022-10-14 00:00:00;2022-10-14 00:00:00;2022-10-08 00:00:00
2022-10-06 00:00:00;SO186696;C0022;AS004;442;2022-11-17 00:00:00;2022-11-26 00:00:00;2022-10-10 00:00:00;2022-10-19 00:00:00
2022-10-06 00:00:00;SO302692;C0013;VS002;1104;2022-11-03 00:00:00;2022-10-25 00:00:00;2022-10-10 00:00:00;2022-10-01 00:00:00
2022-10-06 00:00:00;SO391562;C0028;VS003;774;2022-10-20 00:00:00;2022-10-29 00:00:00;2022-10-14 00:00:00;2022-10-23 00:00:00
2022-10-07 00:00:00;SO522630;C0014;AS001;719;2022-11-11 00:00:00;2022-11-18 00:00:00;2022-10-11 00:00:00;2022-10-18 00:00:00
2022-10-07 00:00:00;SO706498;C0001;AS002;1193;2022-11-04 00:00:00;2022-11-03 00:00:00;2022-10-09 00:00:00;2022-10-08 00:00:00
2022-10-07 00:00:00;SO648193;C0003;CL002;1009;2022-11-18 00:00:00;2022-11-23 00:00:00;2022-10-09 00:00:00;2022-10-14 00:00:00
2022-10-07 00:00:00;SO151231;C0029;CS003;532;2022-12-02 00:00:00;2022-11-25 00:00:00;2022-10-15 00:00:00;2022-10-08 00:00:00
2022-10-07 00:00:00;SO151231;C0029;VS003;942;2022-12-02 00:00:00;2022-11-22 00:00:00;2022-10-15 00:00:00;2022-10-05 00:00:00
2022-10-07 00:00:00;SO151231;C0029;CT001;1011;2022-12-02 00:00:00;2022-12-09 00:00:00;2022-10-15 00:00:00;2022-10-22 00:00:00
2022-10-07 00:00:00;SO151231;C0029;VS002;1127;2022-12-02 00:00:00;2022-11-22 00:00:00;2022-10-15 00:00:00;2022-10-05 00:00:00
2022-10-07 00:00:00;SO522630;C0014;VS002;796;2022-11-11 00:00:00;2022-11-16 00:00:00;2022-10-11 00:00:00;2022-10-16 00:00:00
2022-10-07 00:00:00;SO706498;C0001;VS001;415;2022-11-04 00:00:00;2022-11-07 00:00:00;2022-10-09 00:00:00;2022-10-12 00:00:00
2022-10-07 00:00:00;SO648193;C0003;CT003;774;2022-11-18 00:00:00;2022-11-16 00:00:00;2022-10-09 00:00:00;2022-10-07 00:00:00
2022-10-07 00:00:00;SO706498;C0001;VS003;856;2022-11-04 00:00:00;2022-11-06 00:00:00;2022-10-09 00:00:00;2022-10-11 00:00:00
2022-10-07 00:00:00;SO706498;C0001;CT002;793;2022-11-04 00:00:00;2022-11-11 00:00:00;2022-10-09 00:00:00;2022-10-16 00:00:00
2022-10-07 00:00:00;SO522630;C0014;CT001;878;2022-11-11 00:00:00;2022-11-11 00:00:00;2022-10-11 00:00:00;2022-10-11 00:00:00
2022-10-07 00:00:00;SO522630;C0014;AL002;599;2022-11-11 00:00:00;2022-11-16 00:00:00;2022-10-11 00:00:00;2022-10-16 00:00:00
2022-10-07 00:00:00;SO706498;C0001;CS002;532;2022-11-04 00:00:00;2022-11-11 00:00:00;2022-10-09 00:00:00;2022-10-16 00:00:00
2022-10-07 00:00:00;SO706498;C0001;CT001;785;2022-11-04 00:00:00;2022-10-26 00:00:00;2022-10-09 00:00:00;2022-09-30 00:00:00
2022-10-07 00:00:00;SO522630;C0014;VS005;869;2022-11-11 00:00:00;2022-11-10 00:00:00;2022-10-11 00:00:00;2022-10-10 00:00:00
2022-10-07 00:00:00;SO648193;C0003;AS005;1078;2022-11-18 00:00:00;2022-11-12 00:00:00;2022-10-09 00:00:00;2022-10-03 00:00:00
2022-10-07 00:00:00;SO522630;C0014;VS003;769;2022-11-11 00:00:00;2022-11-18 00:00:00;2022-10-11 00:00:00;2022-10-18 00:00:00
2022-10-10 00:00:00;SO642212;C0013;VS002;760;2022-11-07 00:00:00;2022-11-13 00:00:00;2022-10-14 00:00:00;2022-10-20 00:00:00
2022-10-10 00:00:00;SO215020;C0015;VS004;434;2022-11-21 00:00:00;2022-11-20 00:00:00;2022-10-14 00:00:00;2022-10-13 00:00:00
2022-10-10 00:00:00;SO810636;C0011;CS002;875;2022-11-14 00:00:00;2022-11-04 00:00:00;2022-10-13 00:00:00;2022-10-03 00:00:00
2022-10-10 00:00:00;SO232379;C0016;AS004;774;2022-10-24 00:00:00;2022-11-01 00:00:00;2022-10-14 00:00:00;2022-10-22 00:00:00
2022-10-10 00:00:00;SO810636;C0011;VS004;1016;2022-11-14 00:00:00;2022-11-12 00:00:00;2022-10-13 00:00:00;2022-10-11 00:00:00
2022-10-10 00:00:00;SO215020;C0015;AL002;1264;2022-11-21 00:00:00;2022-11-17 00:00:00;2022-10-14 00:00:00;2022-10-10 00:00:00
2022-10-10 00:00:00;SO232379;C0016;AS003;408;2022-10-24 00:00:00;2022-10-14 00:00:00;2022-10-14 00:00:00;2022-10-04 00:00:00
2022-10-10 00:00:00;SO642212;C0013;AS001;357;2022-11-07 00:00:00;2022-11-15 00:00:00;2022-10-14 00:00:00;2022-10-22 00:00:00
2022-10-10 00:00:00;SO642212;C0013;AT002;480;2022-11-07 00:00:00;2022-10-31 00:00:00;2022-10-14 00:00:00;2022-10-07 00:00:00
2022-10-10 00:00:00;SO215020;C0015;CS002;675;2022-11-21 00:00:00;2022-11-29 00:00:00;2022-10-14 00:00:00;2022-10-22 00:00:00
2022-10-10 00:00:00;SO232379;C0016;CL002;531;2022-10-24 00:00:00;2022-10-17 00:00:00;2022-10-14 00:00:00;2022-10-07 00:00:00
2022-10-10 00:00:00;SO215020;C0015;VS002;776;2022-11-21 00:00:00;2022-11-11 00:00:00;2022-10-14 00:00:00;2022-10-04 00:00:00
2022-10-10 00:00:00;SO642212;C0013;CL002;895;2022-11-07 00:00:00;2022-10-28 00:00:00;2022-10-14 00:00:00;2022-10-04 00:00:00
2022-10-10 00:00:00;SO232379;C0016;CS002;1019;2022-10-24 00:00:00;2022-10-26 00:00:00;2022-10-14 00:00:00;2022-10-16 00:00:00
2022-10-10 00:00:00;SO215020;C0015;AS001;1036;2022-11-21 00:00:00;2022-11-19 00:00:00;2022-10-14 00:00:00;2022-10-12 00:00:00
2022-10-10 00:00:00;SO642212;C0013;CS001;841;2022-11-07 00:00:00;2022-11-15 00:00:00;2022-10-14 00:00:00;2022-10-22 00:00:00
2022-10-11 00:00:00;SO405054;C0020;CT003;279;2022-12-06 00:00:00;2022-12-02 00:00:00;2022-10-15 00:00:00;2022-10-11 00:00:00
2022-10-11 00:00:00;SO855986;C0028;CS003;1066;2022-10-25 00:00:00;2022-10-21 00:00:00;2022-10-19 00:00:00;2022-10-15 00:00:00
2022-10-11 00:00:00;SO883850;C0016;AL002;1032;2022-10-25 00:00:00;2022-11-03 00:00:00;2022-10-15 00:00:00;2022-10-24 00:00:00
2022-10-11 00:00:00;SO405054;C0020;CL002;922;2022-12-06 00:00:00;2022-12-03 00:00:00;2022-10-15 00:00:00;2022-10-12 00:00:00
2022-10-11 00:00:00;SO855986;C0028;CT003;1192;2022-10-25 00:00:00;2022-10-31 00:00:00;2022-10-19 00:00:00;2022-10-25 00:00:00
2022-10-11 00:00:00;SO883850;C0016;AS003;548;2022-10-25 00:00:00;2022-10-25 00:00:00;2022-10-15 00:00:00;2022-10-15 00:00:00
2022-10-11 00:00:00;SO883850;C0016;CS002;1060;2022-10-25 00:00:00;2022-10-18 00:00:00;2022-10-15 00:00:00;2022-10-08 00:00:00
2022-10-11 00:00:00;SO883850;C0016;VS001;821;2022-10-25 00:00:00;2022-11-03 00:00:00;2022-10-15 00:00:00;2022-10-24 00:00:00
2022-10-11 00:00:00;SO405054;C0020;AT002;683;2022-12-06 00:00:00;2022-12-06 00:00:00;2022-10-15 00:00:00;2022-10-15 00:00:00
2022-10-11 00:00:00;SO883850;C0016;CS001;1054;2022-10-25 00:00:00;2022-10-28 00:00:00;2022-10-15 00:00:00;2022-10-18 00:00:00
2022-10-11 00:00:00;SO405054;C0020;VS001;298;2022-12-06 00:00:00;2022-12-14 00:00:00;2022-10-15 00:00:00;2022-10-23 00:00:00
2022-10-11 00:00:00;SO405054;C0020;AS003;712;2022-12-06 00:00:00;2022-12-13 00:00:00;2022-10-15 00:00:00;2022-10-22 00:00:00
2022-10-11 00:00:00;SO883850;C0016;VS004;721;2022-10-25 00:00:00;2022-11-01 00:00:00;2022-10-15 00:00:00;2022-10-22 00:00:00
2022-10-11 00:00:00;SO405054;C0020;CS002;749;2022-12-06 00:00:00;2022-12-15 00:00:00;2022-10-15 00:00:00;2022-10-24 00:00:00
2022-10-11 00:00:00;SO405054;C0020;AS001;1145;2022-12-06 00:00:00;2022-12-09 00:00:00;2022-10-15 00:00:00;2022-10-18 00:00:00
2022-10-11 00:00:00;SO405054;C0020;VS004;764;2022-12-06 00:00:00;2022-12-14 00:00:00;2022-10-15 00:00:00;2022-10-23 00:00:00
2022-10-11 00:00:00;SO855986;C0028;VS003;733;2022-10-25 00:00:00;2022-10-20 00:00:00;2022-10-19 00:00:00;2022-10-14 00:00:00
2022-10-11 00:00:00;SO855986;C0028;AS003;404;2022-10-25 00:00:00;2022-10-21 00:00:00;2022-10-19 00:00:00;2022-10-15 00:00:00
2022-10-11 00:00:00;SO855986;C0028;CT001;944;2022-10-25 00:00:00;2022-10-23 00:00:00;2022-10-19 00:00:00;2022-10-17 00:00:00
2022-10-11 00:00:00;SO883850;C0016;CT001;1043;2022-10-25 00:00:00;2022-11-01 00:00:00;2022-10-15 00:00:00;2022-10-22 00:00:00
2022-10-12 00:00:00;SO890281;C0006;VS001;707;2022-12-14 00:00:00;2022-12-11 00:00:00;2022-10-14 00:00:00;2022-10-11 00:00:00
2022-10-12 00:00:00;SO219609;C0012;AL002;899;2022-11-09 00:00:00;2022-11-02 00:00:00;2022-10-15 00:00:00;2022-10-08 00:00:00
2022-10-12 00:00:00;SO986361;C0022;CL002;803;2022-11-23 00:00:00;2022-11-24 00:00:00;2022-10-16 00:00:00;2022-10-17 00:00:00
2022-10-12 00:00:00;SO219609;C0012;CS001;414;2022-11-09 00:00:00;2022-11-14 00:00:00;2022-10-15 00:00:00;2022-10-20 00:00:00
2022-10-12 00:00:00;SO986361;C0022;CS001;881;2022-11-23 00:00:00;2022-11-14 00:00:00;2022-10-16 00:00:00;2022-10-07 00:00:00
2022-10-12 00:00:00;SO219609;C0012;CT002;834;2022-11-09 00:00:00;2022-11-15 00:00:00;2022-10-15 00:00:00;2022-10-21 00:00:00
2022-10-12 00:00:00;SO219609;C0012;CS003;383;2022-11-09 00:00:00;2022-10-31 00:00:00;2022-10-15 00:00:00;2022-10-06 00:00:00
2022-10-12 00:00:00;SO986361;C0022;CT001;1006;2022-11-23 00:00:00;2022-11-22 00:00:00;2022-10-16 00:00:00;2022-10-15 00:00:00
2022-10-12 00:00:00;SO219609;C0012;AS002;1108;2022-11-09 00:00:00;2022-11-16 00:00:00;2022-10-15 00:00:00;2022-10-22 00:00:00
2022-10-12 00:00:00;SO890281;C0006;AS004;548;2022-12-14 00:00:00;2022-12-04 00:00:00;2022-10-14 00:00:00;2022-10-04 00:00:00
2022-10-12 00:00:00;SO890281;C0006;VS005;535;2022-12-14 00:00:00;2022-12-22 00:00:00;2022-10-14 00:00:00;2022-10-22 00:00:00
2022-10-12 00:00:00;SO219609;C0012;CT003;958;2022-11-09 00:00:00;2022-11-07 00:00:00;2022-10-15 00:00:00;2022-10-13 00:00:00
2022-10-12 00:00:00;SO986361;C0022;AL002;707;2022-11-23 00:00:00;2022-11-28 00:00:00;2022-10-16 00:00:00;2022-10-21 00:00:00
2022-10-12 00:00:00;SO986361;C0022;VS001;901;2022-11-23 00:00:00;2022-11-30 00:00:00;2022-10-16 00:00:00;2022-10-23 00:00:00
2022-10-12 00:00:00;SO219609;C0012;VS004;818;2022-11-09 00:00:00;2022-11-13 00:00:00;2022-10-15 00:00:00;2022-10-19 00:00:00
2022-10-12 00:00:00;SO219609;C0012;AT002;530;2022-11-09 00:00:00;2022-11-11 00:00:00;2022-10-15 00:00:00;2022-10-17 00:00:00
2022-10-12 00:00:00;SO986361;C0022;AS003;752;2022-11-23 00:00:00;2022-11-17 00:00:00;2022-10-16 00:00:00;2022-10-10 00:00:00
2022-10-13 00:00:00;SO160134;C0005;VS005;854;2022-12-08 00:00:00;2022-12-13 00:00:00;2022-10-15 00:00:00;2022-10-20 00:00:00
2022-10-13 00:00:00;SO474158;C0019;VS001;627;2022-12-15 00:00:00;2022-12-25 00:00:00;2022-10-17 00:00:00;2022-10-27 00:00:00
2022-10-13 00:00:00;SO160134;C0005;VS004;391;2022-12-08 00:00:00;2022-12-13 00:00:00;2022-10-15 00:00:00;2022-10-20 00:00:00
2022-10-13 00:00:00;SO160134;C0005;CT001;602;2022-12-08 00:00:00;2022-12-09 00:00:00;2022-10-15 00:00:00;2022-10-16 00:00:00
2022-10-13 00:00:00;SO160134;C0005;AS002;598;2022-12-08 00:00:00;2022-12-10 00:00:00;2022-10-15 00:00:00;2022-10-17 00:00:00
2022-10-13 00:00:00;SO160134;C0005;AL002;1001;2022-12-08 00:00:00;2022-11-30 00:00:00;2022-10-15 00:00:00;2022-10-07 00:00:00
2022-10-13 00:00:00;SO160134;C0005;AS004;588;2022-12-08 00:00:00;2022-11-30 00:00:00;2022-10-15 00:00:00;2022-10-07 00:00:00
2022-10-13 00:00:00;SO474158;C0019;CT002;1098;2022-12-15 00:00:00;2022-12-20 00:00:00;2022-10-17 00:00:00;2022-10-22 00:00:00
2022-10-13 00:00:00;SO160134;C0005;AS001;353;2022-12-08 00:00:00;2022-12-15 00:00:00;2022-10-15 00:00:00;2022-10-22 00:00:00
2022-10-13 00:00:00;SO474158;C0019;AS004;473;2022-12-15 00:00:00;2022-12-23 00:00:00;2022-10-17 00:00:00;2022-10-25 00:00:00
2022-10-13 00:00:00;SO160134;C0005;CS002;730;2022-12-08 00:00:00;2022-12-06 00:00:00;2022-10-15 00:00:00;2022-10-13 00:00:00
2022-10-13 00:00:00;SO160134;C0005;VS002;905;2022-12-08 00:00:00;2022-12-12 00:00:00;2022-10-15 00:00:00;2022-10-19 00:00:00
2022-10-13 00:00:00;SO474158;C0019;VS002;279;2022-12-15 00:00:00;2022-12-10 00:00:00;2022-10-17 00:00:00;2022-10-12 00:00:00
2022-10-13 00:00:00;SO160134;C0005;CS001;703;2022-12-08 00:00:00;2022-12-05 00:00:00;2022-10-15 00:00:00;2022-10-12 00:00:00
2022-10-13 00:00:00;SO474158;C0019;AT002;983;2022-12-15 00:00:00;2022-12-25 00:00:00;2022-10-17 00:00:00;2022-10-27 00:00:00
2022-10-13 00:00:00;SO474158;C0019;AS005;962;2022-12-15 00:00:00;2022-12-09 00:00:00;2022-10-17 00:00:00;2022-10-11 00:00:00
2022-10-13 00:00:00;SO160134;C0005;CT002;1261;2022-12-08 00:00:00;2022-12-01 00:00:00;2022-10-15 00:00:00;2022-10-08 00:00:00
2022-10-13 00:00:00;SO474158;C0019;CS003;803;2022-12-15 00:00:00;2022-12-21 00:00:00;2022-10-17 00:00:00;2022-10-23 00:00:00
2022-10-14 00:00:00;SO312231;C0014;AS005;981;2022-11-18 00:00:00;2022-11-19 00:00:00;2022-10-18 00:00:00;2022-10-19 00:00:00
2022-10-14 00:00:00;SO460107;C0023;VS004;418;2022-11-18 00:00:00;2022-11-27 00:00:00;2022-10-18 00:00:00;2022-10-27 00:00:00
2022-10-14 00:00:00;SO250738;C0021;CS003;879;2022-10-28 00:00:00;2022-11-03 00:00:00;2022-10-18 00:00:00;2022-10-24 00:00:00
2022-10-14 00:00:00;SO323780;C0005;CS003;953;2022-12-09 00:00:00;2022-12-04 00:00:00;2022-10-16 00:00:00;2022-10-11 00:00:00
2022-10-14 00:00:00;SO312231;C0014;CT003;946;2022-11-18 00:00:00;2022-11-21 00:00:00;2022-10-18 00:00:00;2022-10-21 00:00:00
2022-10-14 00:00:00;SO323780;C0005;AS003;726;2022-12-09 00:00:00;2022-12-15 00:00:00;2022-10-16 00:00:00;2022-10-22 00:00:00
2022-10-14 00:00:00;SO323780;C0005;VS001;627;2022-12-09 00:00:00;2022-12-17 00:00:00;2022-10-16 00:00:00;2022-10-24 00:00:00
2022-10-14 00:00:00;SO460107;C0023;VS005;694;2022-11-18 00:00:00;2022-11-19 00:00:00;2022-10-18 00:00:00;2022-10-19 00:00:00
2022-10-14 00:00:00;SO312231;C0014;AS003;622;2022-11-18 00:00:00;2022-11-14 00:00:00;2022-10-18 00:00:00;2022-10-14 00:00:00
2022-10-14 00:00:00;SO460107;C0023;VS002;990;2022-11-18 00:00:00;2022-11-24 00:00:00;2022-10-18 00:00:00;2022-10-24 00:00:00
2022-10-14 00:00:00;SO460107;C0023;AS005;985;2022-11-18 00:00:00;2022-11-23 00:00:00;2022-10-18 00:00:00;2022-10-23 00:00:00
2022-10-14 00:00:00;SO460107;C0023;AS002;498;2022-11-18 00:00:00;2022-11-13 00:00:00;2022-10-18 00:00:00;2022-10-13 00:00:00
2022-10-14 00:00:00;SO250738;C0021;AS005;1072;2022-10-28 00:00:00;2022-10-26 00:00:00;2022-10-18 00:00:00;2022-10-16 00:00:00
2022-10-14 00:00:00;SO460107;C0023;VS003;845;2022-11-18 00:00:00;2022-11-19 00:00:00;2022-10-18 00:00:00;2022-10-19 00:00:00
2022-10-17 00:00:00;SO678816;C0019;AT002;780;2022-12-19 00:00:00;2022-12-13 00:00:00;2022-10-21 00:00:00;2022-10-15 00:00:00
2022-10-17 00:00:00;SO735363;C0005;AS002;716;2022-12-12 00:00:00;2022-12-18 00:00:00;2022-10-19 00:00:00;2022-10-25 00:00:00
2022-10-17 00:00:00;SO456296;C0015;VS001;1190;2022-11-28 00:00:00;2022-11-30 00:00:00;2022-10-21 00:00:00;2022-10-23 00:00:00
2022-10-17 00:00:00;SO976928;C0003;AS001;657;2022-11-28 00:00:00;2022-11-29 00:00:00;2022-10-19 00:00:00;2022-10-20 00:00:00
2022-10-17 00:00:00;SO735363;C0005;CT002;690;2022-12-12 00:00:00;2022-12-05 00:00:00;2022-10-19 00:00:00;2022-10-12 00:00:00
2022-10-17 00:00:00;SO735363;C0005;VS002;494;2022-12-12 00:00:00;2022-12-04 00:00:00;2022-10-19 00:00:00;2022-10-11 00:00:00
2022-10-17 00:00:00;SO456296;C0015;AS004;845;2022-11-28 00:00:00;2022-11-30 00:00:00;2022-10-21 00:00:00;2022-10-23 00:00:00
2022-10-17 00:00:00;SO735363;C0005;AS003;644;2022-12-12 00:00:00;2022-12-04 00:00:00;2022-10-19 00:00:00;2022-10-11 00:00:00
2022-10-17 00:00:00;SO678816;C0019;VS004;833;2022-12-19 00:00:00;2022-12-20 00:00:00;2022-10-21 00:00:00;2022-10-22 00:00:00
2022-10-17 00:00:00;SO735363;C0005;AS001;422;2022-12-12 00:00:00;2022-12-05 00:00:00;2022-10-19 00:00:00;2022-10-12 00:00:00
2022-10-17 00:00:00;SO735363;C0005;CT003;467;2022-12-12 00:00:00;2022-12-06 00:00:00;2022-10-19 00:00:00;2022-10-13 00:00:00
2022-10-17 00:00:00;SO678816;C0019;VS002;370;2022-12-19 00:00:00;2022-12-16 00:00:00;2022-10-21 00:00:00;2022-10-18 00:00:00
2022-10-17 00:00:00;SO678816;C0019;AS004;330;2022-12-19 00:00:00;2022-12-09 00:00:00;2022-10-21 00:00:00;2022-10-11 00:00:00
2022-10-17 00:00:00;SO456296;C0015;CT002;1170;2022-11-28 00:00:00;2022-11-19 00:00:00;2022-10-21 00:00:00;2022-10-12 00:00:00
2022-10-17 00:00:00;SO976928;C0003;AS003;996;2022-11-28 00:00:00;2022-11-20 00:00:00;2022-10-19 00:00:00;2022-10-11 00:00:00
2022-10-17 00:00:00;SO735363;C0005;VS004;1005;2022-12-12 00:00:00;2022-12-21 00:00:00;2022-10-19 00:00:00;2022-10-28 00:00:00
2022-10-17 00:00:00;SO678816;C0019;CS003;841;2022-12-19 00:00:00;2022-12-21 00:00:00;2022-10-21 00:00:00;2022-10-23 00:00:00
2022-10-17 00:00:00;SO456296;C0015;AS003;620;2022-11-28 00:00:00;2022-12-08 00:00:00;2022-10-21 00:00:00;2022-10-31 00:00:00
2022-10-18 00:00:00;SO311228;C0002;CT002;431;2022-11-22 00:00:00;2022-11-20 00:00:00;2022-10-20 00:00:00;2022-10-18 00:00:00
2022-10-18 00:00:00;SO669298;C0009;CS003;425;2022-11-01 00:00:00;2022-11-09 00:00:00;2022-10-21 00:00:00;2022-10-29 00:00:00
2022-10-18 00:00:00;SO669298;C0009;AS004;1005;2022-11-01 00:00:00;2022-10-30 00:00:00;2022-10-21 00:00:00;2022-10-19 00:00:00
2022-10-18 00:00:00;SO669298;C0009;VS002;1217;2022-11-01 00:00:00;2022-10-24 00:00:00;2022-10-21 00:00:00;2022-10-13 00:00:00
2022-10-18 00:00:00;SO311228;C0002;AS003;483;2022-11-22 00:00:00;2022-11-25 00:00:00;2022-10-20 00:00:00;2022-10-23 00:00:00
2022-10-18 00:00:00;SO311228;C0002;AL002;767;2022-11-22 00:00:00;2022-11-15 00:00:00;2022-10-20 00:00:00;2022-10-13 00:00:00
2022-10-18 00:00:00;SO669298;C0009;CT003;446;2022-11-01 00:00:00;2022-10-24 00:00:00;2022-10-21 00:00:00;2022-10-13 00:00:00
2022-10-18 00:00:00;SO311228;C0002;CT001;823;2022-11-22 00:00:00;2022-11-30 00:00:00;2022-10-20 00:00:00;2022-10-28 00:00:00
2022-10-18 00:00:00;SO311228;C0002;CS002;587;2022-11-22 00:00:00;2022-11-20 00:00:00;2022-10-20 00:00:00;2022-10-18 00:00:00
2022-10-18 00:00:00;SO669298;C0009;VS004;1193;2022-11-01 00:00:00;2022-10-28 00:00:00;2022-10-21 00:00:00;2022-10-17 00:00:00
2022-10-18 00:00:00;SO311228;C0002;CL002;762;2022-11-22 00:00:00;2022-11-29 00:00:00;2022-10-20 00:00:00;2022-10-27 00:00:00
2022-10-18 00:00:00;SO311228;C0002;CS001;983;2022-11-22 00:00:00;2022-12-01 00:00:00;2022-10-20 00:00:00;2022-10-29 00:00:00
2022-10-18 00:00:00;SO669298;C0009;CS002;477;2022-11-01 00:00:00;2022-10-30 00:00:00;2022-10-21 00:00:00;2022-10-19 00:00:00
2022-10-18 00:00:00;SO311228;C0002;VS001;851;2022-11-22 00:00:00;2022-11-21 00:00:00;2022-10-20 00:00:00;2022-10-19 00:00:00
2022-10-18 00:00:00;SO311228;C0002;AS004;841;2022-11-22 00:00:00;2022-11-29 00:00:00;2022-10-20 00:00:00;2022-10-27 00:00:00
2022-10-18 00:00:00;SO669298;C0009;AS005;917;2022-11-01 00:00:00;2022-10-29 00:00:00;2022-10-21 00:00:00;2022-10-18 00:00:00
2022-10-19 00:00:00;SO956693;C0026;AS005;329;2022-11-23 00:00:00;2022-11-18 00:00:00;2022-10-27 00:00:00;2022-10-22 00:00:00
2022-10-19 00:00:00;SO447422;C0010;CT003;872;2022-11-30 00:00:00;2022-11-24 00:00:00;2022-10-22 00:00:00;2022-10-16 00:00:00
2022-10-19 00:00:00;SO374450;C0021;VS002;781;2022-11-02 00:00:00;2022-11-08 00:00:00;2022-10-23 00:00:00;2022-10-29 00:00:00
2022-10-19 00:00:00;SO452690;C0018;VS003;1064;2022-12-21 00:00:00;2022-12-23 00:00:00;2022-10-23 00:00:00;2022-10-25 00:00:00
2022-10-19 00:00:00;SO374450;C0021;AT002;811;2022-11-02 00:00:00;2022-10-31 00:00:00;2022-10-23 00:00:00;2022-10-21 00:00:00
2022-10-19 00:00:00;SO447422;C0010;AS003;852;2022-11-30 00:00:00;2022-12-08 00:00:00;2022-10-22 00:00:00;2022-10-30 00:00:00
2022-10-19 00:00:00;SO956693;C0026;CS001;814;2022-11-23 00:00:00;2022-11-17 00:00:00;2022-10-27 00:00:00;2022-10-21 00:00:00
2022-10-19 00:00:00;SO447422;C0010;AT002;581;2022-11-30 00:00:00;2022-12-10 00:00:00;2022-10-22 00:00:00;2022-11-01 00:00:00
2022-10-19 00:00:00;SO447422;C0010;VS001;280;2022-11-30 00:00:00;2022-11-21 00:00:00;2022-10-22 00:00:00;2022-10-13 00:00:00
2022-10-19 00:00:00;SO956693;C0026;AT002;989;2022-11-23 00:00:00;2022-11-22 00:00:00;2022-10-27 00:00:00;2022-10-26 00:00:00
2022-10-19 00:00:00;SO447422;C0010;CL002;1161;2022-11-30 00:00:00;2022-12-07 00:00:00;2022-10-22 00:00:00;2022-10-29 00:00:00
2022-10-19 00:00:00;SO374450;C0021;CS002;763;2022-11-02 00:00:00;2022-10-26 00:00:00;2022-10-23 00:00:00;2022-10-16 00:00:00
2022-10-19 00:00:00;SO447422;C0010;CS001;448;2022-11-30 00:00:00;2022-11-30 00:00:00;2022-10-22 00:00:00;2022-10-22 00:00:00
2022-10-19 00:00:00;SO452690;C0018;CS003;790;2022-12-21 00:00:00;2022-12-30 00:00:00;2022-10-23 00:00:00;2022-11-01 00:00:00
2022-10-19 00:00:00;SO452690;C0018;AS004;1135;2022-12-21 00:00:00;2022-12-16 00:00:00;2022-10-23 00:00:00;2022-10-18 00:00:00
2022-10-19 00:00:00;SO452690;C0018;AS001;1260;2022-12-21 00:00:00;2022-12-14 00:00:00;2022-10-23 00:00:00;2022-10-16 00:00:00
2022-10-19 00:00:00;SO452690;C0018;VS002;949;2022-12-21 00:00:00;2022-12-25 00:00:00;2022-10-23 00:00:00;2022-10-27 00:00:00
2022-10-19 00:00:00;SO447422;C0010;AS002;524;2022-11-30 00:00:00;2022-11-23 00:00:00;2022-10-22 00:00:00;2022-10-15 00:00:00
2022-10-19 00:00:00;SO452690;C0018;VS005;667;2022-12-21 00:00:00;2022-12-20 00:00:00;2022-10-23 00:00:00;2022-10-22 00:00:00
2022-10-19 00:00:00;SO956693;C0026;CS002;717;2022-11-23 00:00:00;2022-11-24 00:00:00;2022-10-27 00:00:00;2022-10-28 00:00:00
2022-10-20 00:00:00;SO236632;C0016;VS004;825;2022-11-03 00:00:00;2022-11-12 00:00:00;2022-10-24 00:00:00;2022-11-02 00:00:00
2022-10-20 00:00:00;SO496406;C0024;CT003;480;2022-11-17 00:00:00;2022-11-22 00:00:00;2022-10-24 00:00:00;2022-10-29 00:00:00
2022-10-20 00:00:00;SO730236;C0030;AL002;667;2022-12-22 00:00:00;2022-12-14 00:00:00;2022-10-28 00:00:00;2022-10-20 00:00:00
2022-10-20 00:00:00;SO730236;C0030;CT001;446;2022-12-22 00:00:00;2022-12-20 00:00:00;2022-10-28 00:00:00;2022-10-26 00:00:00
2022-10-20 00:00:00;SO496406;C0024;VS002;650;2022-11-17 00:00:00;2022-11-13 00:00:00;2022-10-24 00:00:00;2022-10-20 00:00:00
2022-10-20 00:00:00;SO236632;C0016;AS003;1022;2022-11-03 00:00:00;2022-10-25 00:00:00;2022-10-24 00:00:00;2022-10-15 00:00:00
2022-10-20 00:00:00;SO730236;C0030;CT002;1319;2022-12-22 00:00:00;2022-12-26 00:00:00;2022-10-28 00:00:00;2022-11-01 00:00:00
2022-10-20 00:00:00;SO236632;C0016;VS001;571;2022-11-03 00:00:00;2022-11-06 00:00:00;2022-10-24 00:00:00;2022-10-27 00:00:00
2022-10-20 00:00:00;SO496406;C0024;AS003;894;2022-11-17 00:00:00;2022-11-15 00:00:00;2022-10-24 00:00:00;2022-10-22 00:00:00
2022-10-20 00:00:00;SO236632;C0016;CS003;662;2022-11-03 00:00:00;2022-11-07 00:00:00;2022-10-24 00:00:00;2022-10-28 00:00:00
2022-10-20 00:00:00;SO496406;C0024;AS001;1056;2022-11-17 00:00:00;2022-11-24 00:00:00;2022-10-24 00:00:00;2022-10-31 00:00:00
2022-10-20 00:00:00;SO236632;C0016;VS005;438;2022-11-03 00:00:00;2022-11-05 00:00:00;2022-10-24 00:00:00;2022-10-26 00:00:00
2022-10-20 00:00:00;SO496406;C0024;CL002;705;2022-11-17 00:00:00;2022-11-22 00:00:00;2022-10-24 00:00:00;2022-10-29 00:00:00
2022-10-20 00:00:00;SO236632;C0016;AT002;1162;2022-11-03 00:00:00;2022-11-11 00:00:00;2022-10-24 00:00:00;2022-11-01 00:00:00
2022-10-21 00:00:00;SO340460;C0002;VS002;376;2022-11-25 00:00:00;2022-11-23 00:00:00;2022-10-23 00:00:00;2022-10-21 00:00:00
2022-10-21 00:00:00;SO200834;C0007;CT002;1035;2022-12-23 00:00:00;2022-12-24 00:00:00;2022-10-24 00:00:00;2022-10-25 00:00:00
2022-10-21 00:00:00;SO933115;C0023;CT002;1071;2022-11-25 00:00:00;2022-12-02 00:00:00;2022-10-25 00:00:00;2022-11-01 00:00:00
2022-10-21 00:00:00;SO340460;C0002;CT003;840;2022-11-25 00:00:00;2022-11-23 00:00:00;2022-10-23 00:00:00;2022-10-21 00:00:00
2022-10-21 00:00:00;SO340460;C0002;AT002;917;2022-11-25 00:00:00;2022-12-04 00:00:00;2022-10-23 00:00:00;2022-11-01 00:00:00
2022-10-21 00:00:00;SO340460;C0002;AS002;924;2022-11-25 00:00:00;2022-12-05 00:00:00;2022-10-23 00:00:00;2022-11-02 00:00:00
2022-10-21 00:00:00;SO200834;C0007;AS001;909;2022-12-23 00:00:00;2022-12-26 00:00:00;2022-10-24 00:00:00;2022-10-27 00:00:00
2022-10-21 00:00:00;SO200834;C0007;CS003;280;2022-12-23 00:00:00;2022-12-30 00:00:00;2022-10-24 00:00:00;2022-10-31 00:00:00
2022-10-21 00:00:00;SO200834;C0007;CT001;579;2022-12-23 00:00:00;2022-12-29 00:00:00;2022-10-24 00:00:00;2022-10-30 00:00:00
2022-10-21 00:00:00;SO933115;C0023;VS001;866;2022-11-25 00:00:00;2022-11-28 00:00:00;2022-10-25 00:00:00;2022-10-28 00:00:00
2022-10-21 00:00:00;SO933115;C0023;CL002;722;2022-11-25 00:00:00;2022-12-04 00:00:00;2022-10-25 00:00:00;2022-11-03 00:00:00
2022-10-21 00:00:00;SO200834;C0007;VS003;662;2022-12-23 00:00:00;2022-12-18 00:00:00;2022-10-24 00:00:00;2022-10-19 00:00:00
2022-10-21 00:00:00;SO340460;C0002;VS001;971;2022-11-25 00:00:00;2022-12-04 00:00:00;2022-10-23 00:00:00;2022-11-01 00:00:00
2022-10-24 00:00:00;SO361036;C0022;AS005;1131;2022-12-05 00:00:00;2022-11-30 00:00:00;2022-10-28 00:00:00;2022-10-23 00:00:00
2022-10-24 00:00:00;SO841199;C0001;AS002;1132;2022-11-21 00:00:00;2022-11-13 00:00:00;2022-10-26 00:00:00;2022-10-18 00:00:00
2022-10-24 00:00:00;SO281766;C0010;VS004;355;2022-12-05 00:00:00;2022-12-12 00:00:00;2022-10-27 00:00:00;2022-11-03 00:00:00
2022-10-24 00:00:00;SO667269;C0024;AS005;353;2022-11-21 00:00:00;2022-11-27 00:00:00;2022-10-28 00:00:00;2022-11-03 00:00:00
2022-10-24 00:00:00;SO841199;C0001;VS001;551;2022-11-21 00:00:00;2022-12-01 00:00:00;2022-10-26 00:00:00;2022-11-05 00:00:00
2022-10-24 00:00:00;SO281766;C0010;CS003;748;2022-12-05 00:00:00;2022-12-01 00:00:00;2022-10-27 00:00:00;2022-10-23 00:00:00
2022-10-24 00:00:00;SO841199;C0001;CS001;787;2022-11-21 00:00:00;2022-11-16 00:00:00;2022-10-26 00:00:00;2022-10-21 00:00:00
2022-10-24 00:00:00;SO841199;C0001;VS004;815;2022-11-21 00:00:00;2022-11-18 00:00:00;2022-10-26 00:00:00;2022-10-23 00:00:00
2022-10-24 00:00:00;SO841199;C0001;VS002;490;2022-11-21 00:00:00;2022-11-29 00:00:00;2022-10-26 00:00:00;2022-11-03 00:00:00
2022-10-24 00:00:00;SO667269;C0024;VS005;578;2022-11-21 00:00:00;2022-11-12 00:00:00;2022-10-28 00:00:00;2022-10-19 00:00:00
2022-10-24 00:00:00;SO361036;C0022;AS002;941;2022-12-05 00:00:00;2022-12-04 00:00:00;2022-10-28 00:00:00;2022-10-27 00:00:00
2022-10-24 00:00:00;SO841199;C0001;AT002;796;2022-11-21 00:00:00;2022-11-11 00:00:00;2022-10-26 00:00:00;2022-10-16 00:00:00
2022-10-24 00:00:00;SO281766;C0010;AS005;851;2022-12-05 00:00:00;2022-12-08 00:00:00;2022-10-27 00:00:00;2022-10-30 00:00:00
2022-10-25 00:00:00;SO592048;C0018;CL002;998;2022-12-27 00:00:00;2022-12-20 00:00:00;2022-10-29 00:00:00;2022-10-22 00:00:00
2022-10-25 00:00:00;SO256303;C0022;CS003;509;2022-12-06 00:00:00;2022-12-05 00:00:00;2022-10-29 00:00:00;2022-10-28 00:00:00
2022-10-25 00:00:00;SO418911;C0005;AS002;1141;2022-12-20 00:00:00;2022-12-10 00:00:00;2022-10-27 00:00:00;2022-10-17 00:00:00
2022-10-25 00:00:00;SO418911;C0005;CS002;475;2022-12-20 00:00:00;2022-12-18 00:00:00;2022-10-27 00:00:00;2022-10-25 00:00:00
2022-10-25 00:00:00;SO418911;C0005;VS001;1008;2022-12-20 00:00:00;2022-12-20 00:00:00;2022-10-27 00:00:00;2022-10-27 00:00:00
2022-10-25 00:00:00;SO592048;C0018;CT001;506;2022-12-27 00:00:00;2022-12-26 00:00:00;2022-10-29 00:00:00;2022-10-28 00:00:00
2022-10-25 00:00:00;SO592048;C0018;AL002;405;2022-12-27 00:00:00;2023-01-04 00:00:00;2022-10-29 00:00:00;2022-11-06 00:00:00
2022-10-25 00:00:00;SO418911;C0005;AS001;523;2022-12-20 00:00:00;2022-12-10 00:00:00;2022-10-27 00:00:00;2022-10-17 00:00:00
2022-10-25 00:00:00;SO592048;C0018;AS004;906;2022-12-27 00:00:00;2023-01-04 00:00:00;2022-10-29 00:00:00;2022-11-06 00:00:00
2022-10-25 00:00:00;SO592048;C0018;VS001;511;2022-12-27 00:00:00;2022-12-25 00:00:00;2022-10-29 00:00:00;2022-10-27 00:00:00
2022-10-25 00:00:00;SO592048;C0018;AS001;514;2022-12-27 00:00:00;2022-12-19 00:00:00;2022-10-29 00:00:00;2022-10-21 00:00:00
2022-10-25 00:00:00;SO592048;C0018;AS005;901;2022-12-27 00:00:00;2023-01-02 00:00:00;2022-10-29 00:00:00;2022-11-04 00:00:00
2022-10-25 00:00:00;SO256303;C0022;AS004;906;2022-12-06 00:00:00;2022-11-26 00:00:00;2022-10-29 00:00:00;2022-10-19 00:00:00
2022-10-25 00:00:00;SO592048;C0018;VS002;385;2022-12-27 00:00:00;2022-12-18 00:00:00;2022-10-29 00:00:00;2022-10-20 00:00:00
2022-10-25 00:00:00;SO418911;C0005;CS001;832;2022-12-20 00:00:00;2022-12-27 00:00:00;2022-10-27 00:00:00;2022-11-03 00:00:00
2022-10-25 00:00:00;SO256303;C0022;CS002;344;2022-12-06 00:00:00;2022-12-08 00:00:00;2022-10-29 00:00:00;2022-10-31 00:00:00
2022-10-25 00:00:00;SO256303;C0022;AL002;309;2022-12-06 00:00:00;2022-12-06 00:00:00;2022-10-29 00:00:00;2022-10-29 00:00:00
2022-10-25 00:00:00;SO592048;C0018;CS001;1146;2022-12-27 00:00:00;2022-12-24 00:00:00;2022-10-29 00:00:00;2022-10-26 00:00:00
2022-10-25 00:00:00;SO256303;C0022;AT002;1019;2022-12-06 00:00:00;2022-12-11 00:00:00;2022-10-29 00:00:00;2022-11-03 00:00:00
2022-10-26 00:00:00;SO570328;C0030;CL002;990;2022-12-28 00:00:00;2022-12-23 00:00:00;2022-11-03 00:00:00;2022-10-29 00:00:00
2022-10-26 00:00:00;SO772767;C0004;CT002;456;2022-11-09 00:00:00;2022-11-08 00:00:00;2022-10-28 00:00:00;2022-10-27 00:00:00
2022-10-26 00:00:00;SO592914;C0008;VS005;456;2022-12-21 00:00:00;2022-12-24 00:00:00;2022-10-29 00:00:00;2022-11-01 00:00:00
2022-10-26 00:00:00;SO772767;C0004;VS001;388;2022-11-09 00:00:00;2022-11-11 00:00:00;2022-10-28 00:00:00;2022-10-30 00:00:00
2022-10-26 00:00:00;SO772767;C0004;CT001;494;2022-11-09 00:00:00;2022-11-14 00:00:00;2022-10-28 00:00:00;2022-11-02 00:00:00
2022-10-26 00:00:00;SO570328;C0030;AS005;711;2022-12-28 00:00:00;2022-12-30 00:00:00;2022-11-03 00:00:00;2022-11-05 00:00:00
2022-10-26 00:00:00;SO570328;C0030;CS001;922;2022-12-28 00:00:00;2023-01-04 00:00:00;2022-11-03 00:00:00;2022-11-10 00:00:00
2022-10-26 00:00:00;SO592914;C0008;AS005;574;2022-12-21 00:00:00;2022-12-23 00:00:00;2022-10-29 00:00:00;2022-10-31 00:00:00
2022-10-26 00:00:00;SO592914;C0008;VS003;472;2022-12-21 00:00:00;2022-12-11 00:00:00;2022-10-29 00:00:00;2022-10-19 00:00:00
2022-10-26 00:00:00;SO592914;C0008;VS004;393;2022-12-21 00:00:00;2022-12-11 00:00:00;2022-10-29 00:00:00;2022-10-19 00:00:00
2022-10-26 00:00:00;SO592914;C0008;CT002;744;2022-12-21 00:00:00;2022-12-31 00:00:00;2022-10-29 00:00:00;2022-11-08 00:00:00
2022-10-26 00:00:00;SO772767;C0004;AT002;464;2022-11-09 00:00:00;2022-11-11 00:00:00;2022-10-28 00:00:00;2022-10-30 00:00:00
2022-10-26 00:00:00;SO570328;C0030;CS003;586;2022-12-28 00:00:00;2022-12-29 00:00:00;2022-11-03 00:00:00;2022-11-04 00:00:00
2022-10-26 00:00:00;SO772767;C0004;VS004;608;2022-11-09 00:00:00;2022-11-16 00:00:00;2022-10-28 00:00:00;2022-11-04 00:00:00
2022-10-27 00:00:00;SO805309;C0017;CS002;589;2022-12-22 00:00:00;2022-12-17 00:00:00;2022-10-31 00:00:00;2022-10-26 00:00:00
2022-10-27 00:00:00;SO823813;C0004;CT001;434;2022-11-10 00:00:00;2022-11-12 00:00:00;2022-10-29 00:00:00;2022-10-31 00:00:00
2022-10-27 00:00:00;SO805309;C0017;CL002;479;2022-12-22 00:00:00;2022-12-12 00:00:00;2022-10-31 00:00:00;2022-10-21 00:00:00
2022-10-27 00:00:00;SO805309;C0017;AS005;336;2022-12-22 00:00:00;2022-12-24 00:00:00;2022-10-31 00:00:00;2022-11-02 00:00:00
2022-10-27 00:00:00;SO805309;C0017;CS003;848;2022-12-22 00:00:00;2022-12-17 00:00:00;2022-10-31 00:00:00;2022-10-26 00:00:00
2022-10-27 00:00:00;SO823813;C0004;VS001;1195;2022-11-10 00:00:00;2022-11-07 00:00:00;2022-10-29 00:00:00;2022-10-26 00:00:00
2022-10-27 00:00:00;SO823813;C0004;CS002;526;2022-11-10 00:00:00;2022-11-13 00:00:00;2022-10-29 00:00:00;2022-11-01 00:00:00
2022-10-27 00:00:00;SO805309;C0017;AS004;1030;2022-12-22 00:00:00;2022-12-29 00:00:00;2022-10-31 00:00:00;2022-11-07 00:00:00
2022-10-27 00:00:00;SO823813;C0004;AT002;796;2022-11-10 00:00:00;2022-11-18 00:00:00;2022-10-29 00:00:00;2022-11-06 00:00:00
2022-10-27 00:00:00;SO805309;C0017;VS004;984;2022-12-22 00:00:00;2022-12-12 00:00:00;2022-10-31 00:00:00;2022-10-21 00:00:00
2022-10-27 00:00:00;SO805309;C0017;VS003;497;2022-12-22 00:00:00;2022-12-19 00:00:00;2022-10-31 00:00:00;2022-10-28 00:00:00
2022-10-27 00:00:00;SO823813;C0004;VS005;804;2022-11-10 00:00:00;2022-11-08 00:00:00;2022-10-29 00:00:00;2022-10-27 00:00:00
2022-10-27 00:00:00;SO823813;C0004;AL002;811;2022-11-10 00:00:00;2022-11-10 00:00:00;2022-10-29 00:00:00;2022-10-29 00:00:00
2022-10-27 00:00:00;SO805309;C0017;AT002;511;2022-12-22 00:00:00;2022-12-31 00:00:00;2022-10-31 00:00:00;2022-11-09 00:00:00
2022-10-28 00:00:00;SO734247;C0024;AS003;503;2022-11-25 00:00:00;2022-12-05 00:00:00;2022-11-01 00:00:00;2022-11-11 00:00:00
2022-10-28 00:00:00;SO894081;C0025;AS005;518;2022-11-25 00:00:00;2022-11-30 00:00:00;2022-11-05 00:00:00;2022-11-10 00:00:00
2022-10-28 00:00:00;SO894081;C0025;VS004;723;2022-11-25 00:00:00;2022-12-05 00:00:00;2022-11-05 00:00:00;2022-11-15 00:00:00
2022-10-28 00:00:00;SO734247;C0024;CT002;585;2022-11-25 00:00:00;2022-11-18 00:00:00;2022-11-01 00:00:00;2022-10-25 00:00:00
2022-10-28 00:00:00;SO734247;C0024;AS002;435;2022-11-25 00:00:00;2022-12-04 00:00:00;2022-11-01 00:00:00;2022-11-10 00:00:00
2022-10-28 00:00:00;SO734247;C0024;AS005;1090;2022-11-25 00:00:00;2022-11-15 00:00:00;2022-11-01 00:00:00;2022-10-22 00:00:00
2022-10-28 00:00:00;SO894081;C0025;CT002;280;2022-11-25 00:00:00;2022-11-24 00:00:00;2022-11-05 00:00:00;2022-11-04 00:00:00
2022-10-28 00:00:00;SO894081;C0025;VS005;404;2022-11-25 00:00:00;2022-11-24 00:00:00;2022-11-05 00:00:00;2022-11-04 00:00:00
2022-10-28 00:00:00;SO734247;C0024;AT002;448;2022-11-25 00:00:00;2022-11-26 00:00:00;2022-11-01 00:00:00;2022-11-02 00:00:00
2022-10-28 00:00:00;SO894081;C0025;CS001;1045;2022-11-25 00:00:00;2022-11-26 00:00:00;2022-11-05 00:00:00;2022-11-06 00:00:00
2022-10-28 00:00:00;SO734247;C0024;CT003;547;2022-11-25 00:00:00;2022-11-17 00:00:00;2022-11-01 00:00:00;2022-10-24 00:00:00
2022-10-28 00:00:00;SO894081;C0025;VS001;779;2022-11-25 00:00:00;2022-11-27 00:00:00;2022-11-05 00:00:00;2022-11-07 00:00:00
2022-10-31 00:00:00;SO601913;C0005;VS002;292;2022-12-26 00:00:00;2023-01-02 00:00:00;2022-11-02 00:00:00;2022-11-09 00:00:00
2022-10-31 00:00:00;SO571427;C0024;AS001;759;2022-11-28 00:00:00;2022-11-23 00:00:00;2022-11-04 00:00:00;2022-10-30 00:00:00
2022-10-31 00:00:00;SO235638;C0026;CS003;320;2022-12-05 00:00:00;2022-11-26 00:00:00;2022-11-08 00:00:00;2022-10-30 00:00:00
2022-10-31 00:00:00;SO255891;C0001;VS002;429;2022-11-28 00:00:00;2022-11-29 00:00:00;2022-11-02 00:00:00;2022-11-03 00:00:00
2022-10-31 00:00:00;SO235638;C0026;VS001;585;2022-12-05 00:00:00;2022-12-07 00:00:00;2022-11-08 00:00:00;2022-11-10 00:00:00
2022-10-31 00:00:00;SO235638;C0026;AS001;376;2022-12-05 00:00:00;2022-12-06 00:00:00;2022-11-08 00:00:00;2022-11-09 00:00:00
2022-10-31 00:00:00;SO255891;C0001;VS001;871;2022-11-28 00:00:00;2022-12-04 00:00:00;2022-11-02 00:00:00;2022-11-08 00:00:00
2022-10-31 00:00:00;SO571427;C0024;CS001;673;2022-11-28 00:00:00;2022-11-24 00:00:00;2022-11-04 00:00:00;2022-10-31 00:00:00
2022-10-31 00:00:00;SO235638;C0026;AS005;974;2022-12-05 00:00:00;2022-12-09 00:00:00;2022-11-08 00:00:00;2022-11-12 00:00:00
2022-10-31 00:00:00;SO235638;C0026;AS002;1065;2022-12-05 00:00:00;2022-12-09 00:00:00;2022-11-08 00:00:00;2022-11-12 00:00:00
2022-10-31 00:00:00;SO235638;C0026;VS002;961;2022-12-05 00:00:00;2022-12-01 00:00:00;2022-11-08 00:00:00;2022-11-04 00:00:00
2022-10-31 00:00:00;SO235638;C0026;CT003;523;2022-12-05 00:00:00;2022-12-02 00:00:00;2022-11-08 00:00:00;2022-11-05 00:00:00
2022-10-31 00:00:00;SO235638;C0026;AS004;1088;2022-12-05 00:00:00;2022-12-05 00:00:00;2022-11-08 00:00:00;2022-11-08 00:00:00
2022-11-01 00:00:00;SO203870;C0014;AL001;938;2022-12-06 00:00:00;2022-11-27 00:00:00;2022-11-05 00:00:00;2022-10-27 00:00:00
2022-11-01 00:00:00;SO886914;C0028;CS001;653;2022-11-15 00:00:00;2022-11-07 00:00:00;2022-11-09 00:00:00;2022-11-01 00:00:00
2022-11-01 00:00:00;SO753237;C0004;AS002;426;2022-11-15 00:00:00;2022-11-17 00:00:00;2022-11-03 00:00:00;2022-11-05 00:00:00
2022-11-01 00:00:00;SO203870;C0014;CL002;541;2022-12-06 00:00:00;2022-12-04 00:00:00;2022-11-05 00:00:00;2022-11-03 00:00:00
2022-11-01 00:00:00;SO886914;C0028;AT002;446;2022-11-15 00:00:00;2022-11-20 00:00:00;2022-11-09 00:00:00;2022-11-14 00:00:00
2022-11-01 00:00:00;SO886914;C0028;VS003;575;2022-11-15 00:00:00;2022-11-13 00:00:00;2022-11-09 00:00:00;2022-11-07 00:00:00
2022-11-01 00:00:00;SO753237;C0004;CS004;1118;2022-11-15 00:00:00;2022-11-18 00:00:00;2022-11-03 00:00:00;2022-11-06 00:00:00
2022-11-01 00:00:00;SO753237;C0004;CL001;840;2022-11-15 00:00:00;2022-11-11 00:00:00;2022-11-03 00:00:00;2022-10-30 00:00:00
2022-11-01 00:00:00;SO203870;C0014;CS003;895;2022-12-06 00:00:00;2022-12-13 00:00:00;2022-11-05 00:00:00;2022-11-12 00:00:00
2022-11-01 00:00:00;SO203870;C0014;VS004;927;2022-12-06 00:00:00;2022-12-10 00:00:00;2022-11-05 00:00:00;2022-11-09 00:00:00
2022-11-01 00:00:00;SO753237;C0004;VS002;552;2022-11-15 00:00:00;2022-11-13 00:00:00;2022-11-03 00:00:00;2022-11-01 00:00:00
2022-11-01 00:00:00;SO203870;C0014;VS003;388;2022-12-06 00:00:00;2022-11-30 00:00:00;2022-11-05 00:00:00;2022-10-30 00:00:00
2022-11-01 00:00:00;SO753237;C0004;AL001;819;2022-11-15 00:00:00;2022-11-09 00:00:00;2022-11-03 00:00:00;2022-10-28 00:00:00
2022-11-01 00:00:00;SO886914;C0028;AS003;796;2022-11-15 00:00:00;2022-11-18 00:00:00;2022-11-09 00:00:00;2022-11-12 00:00:00
2022-11-02 00:00:00;SO109566;C0005;VS002;594;2022-12-28 00:00:00;2022-12-22 00:00:00;2022-11-04 00:00:00;2022-10-29 00:00:00
2022-11-02 00:00:00;SO434656;C0022;CS004;445;2022-12-14 00:00:00;2022-12-09 00:00:00;2022-11-06 00:00:00;2022-11-01 00:00:00
2022-11-02 00:00:00;SO680016;C0015;AL001;876;2022-12-14 00:00:00;2022-12-14 00:00:00;2022-11-06 00:00:00;2022-11-06 00:00:00
2022-11-02 00:00:00;SO109566;C0005;VS005;1013;2022-12-28 00:00:00;2023-01-01 00:00:00;2022-11-04 00:00:00;2022-11-08 00:00:00
2022-11-02 00:00:00;SO434656;C0022;VS001;777;2022-12-14 00:00:00;2022-12-16 00:00:00;2022-11-06 00:00:00;2022-11-08 00:00:00
2022-11-02 00:00:00;SO109566;C0005;VS003;862;2022-12-28 00:00:00;2022-12-28 00:00:00;2022-11-04 00:00:00;2022-11-04 00:00:00
2022-11-02 00:00:00;SO680016;C0015;VS004;786;2022-12-14 00:00:00;2022-12-20 00:00:00;2022-11-06 00:00:00;2022-11-12 00:00:00
2022-11-02 00:00:00;SO434656;C0022;AS002;551;2022-12-14 00:00:00;2022-12-12 00:00:00;2022-11-06 00:00:00;2022-11-04 00:00:00
2022-11-02 00:00:00;SO109566;C0005;VS001;532;2022-12-28 00:00:00;2022-12-24 00:00:00;2022-11-04 00:00:00;2022-10-31 00:00:00
2022-11-02 00:00:00;SO434656;C0022;AS004;1180;2022-12-14 00:00:00;2022-12-12 00:00:00;2022-11-06 00:00:00;2022-11-04 00:00:00
2022-11-02 00:00:00;SO680016;C0015;CS004;596;2022-12-14 00:00:00;2022-12-10 00:00:00;2022-11-06 00:00:00;2022-11-02 00:00:00
2022-11-02 00:00:00;SO680016;C0015;CT002;1127;2022-12-14 00:00:00;2022-12-18 00:00:00;2022-11-06 00:00:00;2022-11-10 00:00:00
2022-11-02 00:00:00;SO109566;C0005;VS004;697;2022-12-28 00:00:00;2023-01-02 00:00:00;2022-11-04 00:00:00;2022-11-09 00:00:00
2022-11-02 00:00:00;SO434656;C0022;CT002;879;2022-12-14 00:00:00;2022-12-23 00:00:00;2022-11-06 00:00:00;2022-11-15 00:00:00
2022-11-02 00:00:00;SO109566;C0005;AL002;794;2022-12-28 00:00:00;2022-12-19 00:00:00;2022-11-04 00:00:00;2022-10-26 00:00:00
2022-11-02 00:00:00;SO680016;C0015;CS003;313;2022-12-14 00:00:00;2022-12-21 00:00:00;2022-11-06 00:00:00;2022-11-13 00:00:00
2022-11-02 00:00:00;SO680016;C0015;CT003;710;2022-12-14 00:00:00;2022-12-24 00:00:00;2022-11-06 00:00:00;2022-11-16 00:00:00
2022-11-02 00:00:00;SO434656;C0022;AS003;452;2022-12-14 00:00:00;2022-12-21 00:00:00;2022-11-06 00:00:00;2022-11-13 00:00:00
2022-11-02 00:00:00;SO434656;C0022;AT002;603;2022-12-14 00:00:00;2022-12-24 00:00:00;2022-11-06 00:00:00;2022-11-16 00:00:00
2022-11-02 00:00:00;SO109566;C0005;CS002;378;2022-12-28 00:00:00;2022-12-31 00:00:00;2022-11-04 00:00:00;2022-11-07 00:00:00
2022-11-03 00:00:00;SO315432;C0012;AT002;501;2022-12-01 00:00:00;2022-12-06 00:00:00;2022-11-06 00:00:00;2022-11-11 00:00:00
2022-11-03 00:00:00;SO318540;C0019;CT003;551;2023-01-05 00:00:00;2023-01-01 00:00:00;2022-11-07 00:00:00;2022-11-03 00:00:00
2022-11-03 00:00:00;SO318540;C0019;VS001;873;2023-01-05 00:00:00;2023-01-14 00:00:00;2022-11-07 00:00:00;2022-11-16 00:00:00
2022-11-03 00:00:00;SO318540;C0019;CL002;1066;2023-01-05 00:00:00;2022-12-30 00:00:00;2022-11-07 00:00:00;2022-11-01 00:00:00
2022-11-03 00:00:00;SO318540;C0019;AT002;639;2023-01-05 00:00:00;2023-01-04 00:00:00;2022-11-07 00:00:00;2022-11-06 00:00:00
2022-11-03 00:00:00;SO315432;C0012;VS004;425;2022-12-01 00:00:00;2022-11-29 00:00:00;2022-11-06 00:00:00;2022-11-04 00:00:00
2022-11-03 00:00:00;SO315432;C0012;CS001;445;2022-12-01 00:00:00;2022-12-04 00:00:00;2022-11-06 00:00:00;2022-11-09 00:00:00
2022-11-03 00:00:00;SO318540;C0019;AL002;1230;2023-01-05 00:00:00;2023-01-01 00:00:00;2022-11-07 00:00:00;2022-11-03 00:00:00
2022-11-03 00:00:00;SO318540;C0019;CS001;527;2023-01-05 00:00:00;2023-01-11 00:00:00;2022-11-07 00:00:00;2022-11-13 00:00:00
2022-11-03 00:00:00;SO318540;C0019;AL001;609;2023-01-05 00:00:00;2023-01-10 00:00:00;2022-11-07 00:00:00;2022-11-12 00:00:00
2022-11-03 00:00:00;SO318540;C0019;VS003;1165;2023-01-05 00:00:00;2023-01-01 00:00:00;2022-11-07 00:00:00;2022-11-03 00:00:00
2022-11-03 00:00:00;SO318540;C0019;CL001;806;2023-01-05 00:00:00;2023-01-06 00:00:00;2022-11-07 00:00:00;2022-11-08 00:00:00
2022-11-03 00:00:00;SO318540;C0019;CS004;1176;2023-01-05 00:00:00;2023-01-08 00:00:00;2022-11-07 00:00:00;2022-11-10 00:00:00
2022-11-03 00:00:00;SO315432;C0012;VS005;780;2022-12-01 00:00:00;2022-11-25 00:00:00;2022-11-06 00:00:00;2022-10-31 00:00:00
2022-11-03 00:00:00;SO315432;C0012;VS002;1070;2022-12-01 00:00:00;2022-12-03 00:00:00;2022-11-06 00:00:00;2022-11-08 00:00:00
2022-11-03 00:00:00;SO315432;C0012;AS003;465;2022-12-01 00:00:00;2022-12-04 00:00:00;2022-11-06 00:00:00;2022-11-09 00:00:00
2022-11-04 00:00:00;SO468531;C0019;CS004;407;2023-01-06 00:00:00;2023-01-11 00:00:00;2022-11-08 00:00:00;2022-11-13 00:00:00
2022-11-04 00:00:00;SO711404;C0022;CS004;1114;2022-12-16 00:00:00;2022-12-10 00:00:00;2022-11-08 00:00:00;2022-11-02 00:00:00
2022-11-04 00:00:00;SO965827;C0027;CS002;1077;2022-12-16 00:00:00;2022-12-16 00:00:00;2022-11-12 00:00:00;2022-11-12 00:00:00
2022-11-04 00:00:00;SO316946;C0009;AL001;753;2022-11-18 00:00:00;2022-11-14 00:00:00;2022-11-07 00:00:00;2022-11-03 00:00:00
2022-11-04 00:00:00;SO965827;C0027;AS004;871;2022-12-16 00:00:00;2022-12-12 00:00:00;2022-11-12 00:00:00;2022-11-08 00:00:00
2022-11-04 00:00:00;SO468531;C0019;CS002;491;2023-01-06 00:00:00;2023-01-14 00:00:00;2022-11-08 00:00:00;2022-11-16 00:00:00
2022-11-04 00:00:00;SO316946;C0009;CL002;701;2022-11-18 00:00:00;2022-11-20 00:00:00;2022-11-07 00:00:00;2022-11-09 00:00:00
2022-11-04 00:00:00;SO316946;C0009;AL002;1035;2022-11-18 00:00:00;2022-11-19 00:00:00;2022-11-07 00:00:00;2022-11-08 00:00:00
2022-11-04 00:00:00;SO468531;C0019;AT002;355;2023-01-06 00:00:00;2023-01-05 00:00:00;2022-11-08 00:00:00;2022-11-07 00:00:00
2022-11-04 00:00:00;SO711404;C0022;AL002;785;2022-12-16 00:00:00;2022-12-18 00:00:00;2022-11-08 00:00:00;2022-11-10 00:00:00
2022-11-04 00:00:00;SO711404;C0022;CT001;718;2022-12-16 00:00:00;2022-12-20 00:00:00;2022-11-08 00:00:00;2022-11-12 00:00:00
2022-11-04 00:00:00;SO711404;C0022;AS003;656;2022-12-16 00:00:00;2022-12-26 00:00:00;2022-11-08 00:00:00;2022-11-18 00:00:00
2022-11-07 00:00:00;SO177052;C0005;AS003;374;2023-01-02 00:00:00;2022-12-26 00:00:00;2022-11-09 00:00:00;2022-11-02 00:00:00
2022-11-07 00:00:00;SO227382;C0007;CL001;525;2023-01-09 00:00:00;2023-01-01 00:00:00;2022-11-10 00:00:00;2022-11-02 00:00:00
2022-11-07 00:00:00;SO227382;C0007;VS004;547;2023-01-09 00:00:00;2022-12-31 00:00:00;2022-11-10 00:00:00;2022-11-01 00:00:00
2022-11-07 00:00:00;SO177052;C0005;VS004;630;2023-01-02 00:00:00;2023-01-01 00:00:00;2022-11-09 00:00:00;2022-11-08 00:00:00
2022-11-07 00:00:00;SO177052;C0005;CS002;398;2023-01-02 00:00:00;2022-12-25 00:00:00;2022-11-09 00:00:00;2022-11-01 00:00:00
2022-11-07 00:00:00;SO177052;C0005;CS004;1024;2023-01-02 00:00:00;2022-12-23 00:00:00;2022-11-09 00:00:00;2022-10-30 00:00:00
2022-11-07 00:00:00;SO227382;C0007;VS001;559;2023-01-09 00:00:00;2023-01-04 00:00:00;2022-11-10 00:00:00;2022-11-05 00:00:00
2022-11-07 00:00:00;SO227382;C0007;CS002;378;2023-01-09 00:00:00;2023-01-11 00:00:00;2022-11-10 00:00:00;2022-11-12 00:00:00
2022-11-07 00:00:00;SO177052;C0005;VS001;926;2023-01-02 00:00:00;2022-12-27 00:00:00;2022-11-09 00:00:00;2022-11-03 00:00:00
2022-11-07 00:00:00;SO177052;C0005;AS004;1106;2023-01-02 00:00:00;2023-01-06 00:00:00;2022-11-09 00:00:00;2022-11-13 00:00:00
2022-11-07 00:00:00;SO177052;C0005;VS002;1149;2023-01-02 00:00:00;2023-01-01 00:00:00;2022-11-09 00:00:00;2022-11-08 00:00:00
2022-11-07 00:00:00;SO177052;C0005;VS005;664;2023-01-02 00:00:00;2022-12-29 00:00:00;2022-11-09 00:00:00;2022-11-05 00:00:00
2022-11-07 00:00:00;SO177052;C0005;CT001;407;2023-01-02 00:00:00;2022-12-30 00:00:00;2022-11-09 00:00:00;2022-11-06 00:00:00
2022-11-07 00:00:00;SO227382;C0007;CS003;471;2023-01-09 00:00:00;2023-01-05 00:00:00;2022-11-10 00:00:00;2022-11-06 00:00:00
2022-11-08 00:00:00;SO430957;C0008;AL001;509;2023-01-03 00:00:00;2023-01-06 00:00:00;2022-11-11 00:00:00;2022-11-14 00:00:00
2022-11-08 00:00:00;SO340674;C0018;AT002;969;2023-01-10 00:00:00;2023-01-07 00:00:00;2022-11-12 00:00:00;2022-11-09 00:00:00
2022-11-08 00:00:00;SO340674;C0018;VS001;451;2023-01-10 00:00:00;2023-01-05 00:00:00;2022-11-12 00:00:00;2022-11-07 00:00:00
2022-11-08 00:00:00;SO430957;C0008;CT001;695;2023-01-03 00:00:00;2022-12-27 00:00:00;2022-11-11 00:00:00;2022-11-04 00:00:00
2022-11-08 00:00:00;SO340674;C0018;CL001;882;2023-01-10 00:00:00;2023-01-12 00:00:00;2022-11-12 00:00:00;2022-11-14 00:00:00
2022-11-08 00:00:00;SO340674;C0018;AS003;591;2023-01-10 00:00:00;2023-01-18 00:00:00;2022-11-12 00:00:00;2022-11-20 00:00:00
2022-11-08 00:00:00;SO430957;C0008;AT002;375;2023-01-03 00:00:00;2022-12-27 00:00:00;2022-11-11 00:00:00;2022-11-04 00:00:00
2022-11-08 00:00:00;SO340674;C0018;CS001;616;2023-01-10 00:00:00;2023-01-16 00:00:00;2022-11-12 00:00:00;2022-11-18 00:00:00
2022-11-08 00:00:00;SO430957;C0008;CS001;641;2023-01-03 00:00:00;2023-01-02 00:00:00;2022-11-11 00:00:00;2022-11-10 00:00:00
2022-11-08 00:00:00;SO430957;C0008;VS001;542;2023-01-03 00:00:00;2022-12-29 00:00:00;2022-11-11 00:00:00;2022-11-06 00:00:00
2022-11-08 00:00:00;SO430957;C0008;CS002;1062;2023-01-03 00:00:00;2023-01-12 00:00:00;2022-11-11 00:00:00;2022-11-20 00:00:00
2022-11-08 00:00:00;SO340674;C0018;AS004;922;2023-01-10 00:00:00;2023-01-20 00:00:00;2022-11-12 00:00:00;2022-11-22 00:00:00
2022-11-08 00:00:00;SO340674;C0018;CS003;557;2023-01-10 00:00:00;2023-01-09 00:00:00;2022-11-12 00:00:00;2022-11-11 00:00:00
2022-11-08 00:00:00;SO340674;C0018;AS002;391;2023-01-10 00:00:00;2023-01-05 00:00:00;2022-11-12 00:00:00;2022-11-07 00:00:00
2022-11-08 00:00:00;SO340674;C0018;AL002;725;2023-01-10 00:00:00;2023-01-10 00:00:00;2022-11-12 00:00:00;2022-11-12 00:00:00
2022-11-08 00:00:00;SO430957;C0008;VS003;916;2023-01-03 00:00:00;2023-01-11 00:00:00;2022-11-11 00:00:00;2022-11-19 00:00:00
2022-11-09 00:00:00;SO251029;C0010;CT003;1051;2022-12-21 00:00:00;2022-12-20 00:00:00;2022-11-12 00:00:00;2022-11-11 00:00:00
2022-11-09 00:00:00;SO647926;C0004;VS002;778;2022-11-23 00:00:00;2022-11-30 00:00:00;2022-11-11 00:00:00;2022-11-18 00:00:00
2022-11-09 00:00:00;SO471070;C0029;VS003;731;2023-01-04 00:00:00;2023-01-01 00:00:00;2022-11-17 00:00:00;2022-11-14 00:00:00
2022-11-09 00:00:00;SO355272;C0030;VS002;752;2023-01-11 00:00:00;2023-01-07 00:00:00;2022-11-17 00:00:00;2022-11-13 00:00:00
2022-11-09 00:00:00;SO647926;C0004;AS003;815;2022-11-23 00:00:00;2022-12-01 00:00:00;2022-11-11 00:00:00;2022-11-19 00:00:00
2022-11-09 00:00:00;SO355272;C0030;CS002;1091;2023-01-11 00:00:00;2023-01-17 00:00:00;2022-11-17 00:00:00;2022-11-23 00:00:00
2022-11-09 00:00:00;SO471070;C0029;CL001;480;2023-01-04 00:00:00;2023-01-03 00:00:00;2022-11-17 00:00:00;2022-11-16 00:00:00
2022-11-09 00:00:00;SO251029;C0010;CL002;579;2022-12-21 00:00:00;2022-12-16 00:00:00;2022-11-12 00:00:00;2022-11-07 00:00:00
2022-11-09 00:00:00;SO647926;C0004;CT001;417;2022-11-23 00:00:00;2022-11-19 00:00:00;2022-11-11 00:00:00;2022-11-07 00:00:00
2022-11-09 00:00:00;SO251029;C0010;VS004;909;2022-12-21 00:00:00;2022-12-26 00:00:00;2022-11-12 00:00:00;2022-11-17 00:00:00
2022-11-09 00:00:00;SO355272;C0030;AS002;610;2023-01-11 00:00:00;2023-01-16 00:00:00;2022-11-17 00:00:00;2022-11-22 00:00:00
2022-11-09 00:00:00;SO647926;C0004;CS003;950;2022-11-23 00:00:00;2022-11-24 00:00:00;2022-11-11 00:00:00;2022-11-12 00:00:00
2022-11-09 00:00:00;SO647926;C0004;AS004;824;2022-11-23 00:00:00;2022-11-18 00:00:00;2022-11-11 00:00:00;2022-11-06 00:00:00
2022-11-10 00:00:00;SO173582;C0016;VS003;1110;2022-11-24 00:00:00;2022-11-25 00:00:00;2022-11-14 00:00:00;2022-11-15 00:00:00
2022-11-10 00:00:00;SO577570;C0002;CT002;244;2022-12-15 00:00:00;2022-12-12 00:00:00;2022-11-12 00:00:00;2022-11-09 00:00:00
2022-11-10 00:00:00;SO753200;C0007;AL002;404;2023-01-12 00:00:00;2023-01-14 00:00:00;2022-11-13 00:00:00;2022-11-15 00:00:00
2022-11-10 00:00:00;SO609659;C0011;VS003;848;2022-12-15 00:00:00;2022-12-24 00:00:00;2022-11-13 00:00:00;2022-11-22 00:00:00
2022-11-10 00:00:00;SO577570;C0002;CS001;452;2022-12-15 00:00:00;2022-12-13 00:00:00;2022-11-12 00:00:00;2022-11-10 00:00:00
2022-11-10 00:00:00;SO753200;C0007;VS001;852;2023-01-12 00:00:00;2023-01-04 00:00:00;2022-11-13 00:00:00;2022-11-05 00:00:00
2022-11-10 00:00:00;SO577570;C0002;AL001;961;2022-12-15 00:00:00;2022-12-15 00:00:00;2022-11-12 00:00:00;2022-11-12 00:00:00
2022-11-10 00:00:00;SO173582;C0016;AL002;715;2022-11-24 00:00:00;2022-11-16 00:00:00;2022-11-14 00:00:00;2022-11-06 00:00:00
2022-11-10 00:00:00;SO173582;C0016;CT003;833;2022-11-24 00:00:00;2022-11-27 00:00:00;2022-11-14 00:00:00;2022-11-17 00:00:00
2022-11-10 00:00:00;SO577570;C0002;VS004;1111;2022-12-15 00:00:00;2022-12-20 00:00:00;2022-11-12 00:00:00;2022-11-17 00:00:00
2022-11-10 00:00:00;SO753200;C0007;CS003;915;2023-01-12 00:00:00;2023-01-04 00:00:00;2022-11-13 00:00:00;2022-11-05 00:00:00
2022-11-10 00:00:00;SO173582;C0016;CT002;327;2022-11-24 00:00:00;2022-11-22 00:00:00;2022-11-14 00:00:00;2022-11-12 00:00:00
2022-11-11 00:00:00;SO712730;C0017;CS003;432;2023-01-06 00:00:00;2022-12-30 00:00:00;2022-11-15 00:00:00;2022-11-08 00:00:00
2022-11-11 00:00:00;SO193740;C0021;CS004;1057;2022-11-25 00:00:00;2022-12-03 00:00:00;2022-11-15 00:00:00;2022-11-23 00:00:00
2022-11-11 00:00:00;SO743498;C0003;AS003;485;2022-12-23 00:00:00;2022-12-13 00:00:00;2022-11-13 00:00:00;2022-11-03 00:00:00
2022-11-11 00:00:00;SO564961;C0024;CS003;874;2022-12-09 00:00:00;2022-12-11 00:00:00;2022-11-15 00:00:00;2022-11-17 00:00:00
2022-11-11 00:00:00;SO743498;C0003;CT003;435;2022-12-23 00:00:00;2023-01-01 00:00:00;2022-11-13 00:00:00;2022-11-22 00:00:00
2022-11-11 00:00:00;SO712730;C0017;CT002;382;2023-01-06 00:00:00;2023-01-15 00:00:00;2022-11-15 00:00:00;2022-11-24 00:00:00
2022-11-11 00:00:00;SO564961;C0024;VS005;1111;2022-12-09 00:00:00;2022-12-07 00:00:00;2022-11-15 00:00:00;2022-11-13 00:00:00
2022-11-11 00:00:00;SO193740;C0021;CS003;466;2022-11-25 00:00:00;2022-12-04 00:00:00;2022-11-15 00:00:00;2022-11-24 00:00:00
2022-11-11 00:00:00;SO712730;C0017;VS002;1238;2023-01-06 00:00:00;2023-01-14 00:00:00;2022-11-15 00:00:00;2022-11-23 00:00:00
2022-11-11 00:00:00;SO712730;C0017;CS001;1289;2023-01-06 00:00:00;2023-01-15 00:00:00;2022-11-15 00:00:00;2022-11-24 00:00:00
2022-11-11 00:00:00;SO564961;C0024;CS004;545;2022-12-09 00:00:00;2022-12-19 00:00:00;2022-11-15 00:00:00;2022-11-25 00:00:00
2022-11-11 00:00:00;SO564961;C0024;AL002;711;2022-12-09 00:00:00;2022-12-02 00:00:00;2022-11-15 00:00:00;2022-11-08 00:00:00
2022-11-11 00:00:00;SO712730;C0017;AS004;796;2023-01-06 00:00:00;2023-01-11 00:00:00;2022-11-15 00:00:00;2022-11-20 00:00:00
2022-11-11 00:00:00;SO193740;C0021;VS004;1004;2022-11-25 00:00:00;2022-12-04 00:00:00;2022-11-15 00:00:00;2022-11-24 00:00:00
2022-11-11 00:00:00;SO564961;C0024;CL001;752;2022-12-09 00:00:00;2022-12-14 00:00:00;2022-11-15 00:00:00;2022-11-20 00:00:00
2022-11-14 00:00:00;SO991671;C0008;VS003;601;2023-01-09 00:00:00;2023-01-19 00:00:00;2022-11-17 00:00:00;2022-11-27 00:00:00
2022-11-14 00:00:00;SO752797;C0025;VS005;305;2022-12-12 00:00:00;2022-12-13 00:00:00;2022-11-22 00:00:00;2022-11-23 00:00:00
2022-11-14 00:00:00;SO223506;C0018;CS001;532;2023-01-16 00:00:00;2023-01-15 00:00:00;2022-11-18 00:00:00;2022-11-17 00:00:00
2022-11-14 00:00:00;SO727625;C0010;AS002;851;2022-12-26 00:00:00;2022-12-24 00:00:00;2022-11-17 00:00:00;2022-11-15 00:00:00
2022-11-14 00:00:00;SO223506;C0018;VS005;890;2023-01-16 00:00:00;2023-01-12 00:00:00;2022-11-18 00:00:00;2022-11-14 00:00:00
2022-11-14 00:00:00;SO991671;C0008;AS004;730;2023-01-09 00:00:00;2023-01-07 00:00:00;2022-11-17 00:00:00;2022-11-15 00:00:00
2022-11-14 00:00:00;SO991671;C0008;CS002;902;2023-01-09 00:00:00;2023-01-13 00:00:00;2022-11-17 00:00:00;2022-11-21 00:00:00
2022-11-14 00:00:00;SO752797;C0025;AS003;793;2022-12-12 00:00:00;2022-12-18 00:00:00;2022-11-22 00:00:00;2022-11-28 00:00:00
2022-11-14 00:00:00;SO752797;C0025;VS004;784;2022-12-12 00:00:00;2022-12-15 00:00:00;2022-11-22 00:00:00;2022-11-25 00:00:00
2022-11-14 00:00:00;SO991671;C0008;VS001;985;2023-01-09 00:00:00;2023-01-07 00:00:00;2022-11-17 00:00:00;2022-11-15 00:00:00
2022-11-14 00:00:00;SO752797;C0025;AS002;875;2022-12-12 00:00:00;2022-12-15 00:00:00;2022-11-22 00:00:00;2022-11-25 00:00:00
2022-11-14 00:00:00;SO752797;C0025;CS001;878;2022-12-12 00:00:00;2022-12-16 00:00:00;2022-11-22 00:00:00;2022-11-26 00:00:00
2022-11-14 00:00:00;SO752797;C0025;AS004;1149;2022-12-12 00:00:00;2022-12-19 00:00:00;2022-11-22 00:00:00;2022-11-29 00:00:00
2022-11-14 00:00:00;SO991671;C0008;VS005;466;2023-01-09 00:00:00;2023-01-08 00:00:00;2022-11-17 00:00:00;2022-11-16 00:00:00
2022-11-14 00:00:00;SO991671;C0008;CT003;1223;2023-01-09 00:00:00;2023-01-01 00:00:00;2022-11-17 00:00:00;2022-11-09 00:00:00
2022-11-14 00:00:00;SO752797;C0025;AT002;743;2022-12-12 00:00:00;2022-12-04 00:00:00;2022-11-22 00:00:00;2022-11-14 00:00:00
2022-11-15 00:00:00;SO170907;C0008;CL001;428;2023-01-10 00:00:00;2023-01-02 00:00:00;2022-11-18 00:00:00;2022-11-10 00:00:00
2022-11-15 00:00:00;SO200953;C0004;CL002;913;2022-11-29 00:00:00;2022-12-01 00:00:00;2022-11-17 00:00:00;2022-11-19 00:00:00
2022-11-15 00:00:00;SO784147;C0009;VS003;1108;2022-11-29 00:00:00;2022-12-09 00:00:00;2022-11-18 00:00:00;2022-11-28 00:00:00
2022-11-15 00:00:00;SO200953;C0004;CS001;470;2022-11-29 00:00:00;2022-12-09 00:00:00;2022-11-17 00:00:00;2022-11-27 00:00:00
2022-11-15 00:00:00;SO784147;C0009;VS002;1005;2022-11-29 00:00:00;2022-12-05 00:00:00;2022-11-18 00:00:00;2022-11-24 00:00:00
2022-11-15 00:00:00;SO170907;C0008;AS004;540;2023-01-10 00:00:00;2023-01-07 00:00:00;2022-11-18 00:00:00;2022-11-15 00:00:00
2022-11-15 00:00:00;SO200953;C0004;AS004;497;2022-11-29 00:00:00;2022-12-07 00:00:00;2022-11-17 00:00:00;2022-11-25 00:00:00
2022-11-15 00:00:00;SO784147;C0009;CS002;719;2022-11-29 00:00:00;2022-12-04 00:00:00;2022-11-18 00:00:00;2022-11-23 00:00:00
2022-11-15 00:00:00;SO200953;C0004;CT002;1031;2022-11-29 00:00:00;2022-12-02 00:00:00;2022-11-17 00:00:00;2022-11-20 00:00:00
2022-11-15 00:00:00;SO784147;C0009;AS004;917;2022-11-29 00:00:00;2022-12-04 00:00:00;2022-11-18 00:00:00;2022-11-23 00:00:00
2022-11-15 00:00:00;SO784147;C0009;CL002;429;2022-11-29 00:00:00;2022-11-28 00:00:00;2022-11-18 00:00:00;2022-11-17 00:00:00
2022-11-15 00:00:00;SO200953;C0004;CT001;368;2022-11-29 00:00:00;2022-12-04 00:00:00;2022-11-17 00:00:00;2022-11-22 00:00:00
2022-11-15 00:00:00;SO170907;C0008;VS002;483;2023-01-10 00:00:00;2023-01-09 00:00:00;2022-11-18 00:00:00;2022-11-17 00:00:00
2022-11-15 00:00:00;SO200953;C0004;AT002;681;2022-11-29 00:00:00;2022-11-23 00:00:00;2022-11-17 00:00:00;2022-11-11 00:00:00
2022-11-15 00:00:00;SO784147;C0009;CT002;937;2022-11-29 00:00:00;2022-11-28 00:00:00;2022-11-18 00:00:00;2022-11-17 00:00:00
2022-11-15 00:00:00;SO200953;C0004;CS003;893;2022-11-29 00:00:00;2022-12-04 00:00:00;2022-11-17 00:00:00;2022-11-22 00:00:00
2022-11-15 00:00:00;SO200953;C0004;AS002;500;2022-11-29 00:00:00;2022-12-03 00:00:00;2022-11-17 00:00:00;2022-11-21 00:00:00
2022-11-16 00:00:00;SO360385;C0024;CS003;811;2022-12-14 00:00:00;2022-12-09 00:00:00;2022-11-20 00:00:00;2022-11-15 00:00:00
2022-11-16 00:00:00;SO594483;C0022;CL001;373;2022-12-28 00:00:00;2022-12-22 00:00:00;2022-11-20 00:00:00;2022-11-14 00:00:00
2022-11-16 00:00:00;SO272182;C0028;CT002;808;2022-11-30 00:00:00;2022-12-04 00:00:00;2022-11-24 00:00:00;2022-11-28 00:00:00
2022-11-16 00:00:00;SO272182;C0028;CL001;578;2022-11-30 00:00:00;2022-11-28 00:00:00;2022-11-24 00:00:00;2022-11-22 00:00:00
2022-11-16 00:00:00;SO272182;C0028;VS005;620;2022-11-30 00:00:00;2022-11-26 00:00:00;2022-11-24 00:00:00;2022-11-20 00:00:00
2022-11-16 00:00:00;SO272182;C0028;VS002;923;2022-11-30 00:00:00;2022-11-24 00:00:00;2022-11-24 00:00:00;2022-11-18 00:00:00
2022-11-16 00:00:00;SO272182;C0028;CT001;389;2022-11-30 00:00:00;2022-11-27 00:00:00;2022-11-24 00:00:00;2022-11-21 00:00:00
2022-11-16 00:00:00;SO360385;C0024;AL002;1097;2022-12-14 00:00:00;2022-12-09 00:00:00;2022-11-20 00:00:00;2022-11-15 00:00:00
2022-11-16 00:00:00;SO272182;C0028;VS001;634;2022-11-30 00:00:00;2022-12-07 00:00:00;2022-11-24 00:00:00;2022-12-01 00:00:00
2022-11-16 00:00:00;SO594483;C0022;CT003;541;2022-12-28 00:00:00;2022-12-31 00:00:00;2022-11-20 00:00:00;2022-11-23 00:00:00
2022-11-16 00:00:00;SO272182;C0028;VS004;350;2022-11-30 00:00:00;2022-11-30 00:00:00;2022-11-24 00:00:00;2022-11-24 00:00:00
2022-11-16 00:00:00;SO594483;C0022;AT002;608;2022-12-28 00:00:00;2023-01-03 00:00:00;2022-11-20 00:00:00;2022-11-26 00:00:00
2022-11-16 00:00:00;SO360385;C0024;AS003;726;2022-12-14 00:00:00;2022-12-14 00:00:00;2022-11-20 00:00:00;2022-11-20 00:00:00
2022-11-16 00:00:00;SO360385;C0024;AT002;458;2022-12-14 00:00:00;2022-12-14 00:00:00;2022-11-20 00:00:00;2022-11-20 00:00:00
2022-11-17 00:00:00;SO629620;C0021;VS002;409;2022-12-01 00:00:00;2022-11-24 00:00:00;2022-11-21 00:00:00;2022-11-14 00:00:00
2022-11-17 00:00:00;SO668128;C0006;CT003;537;2023-01-19 00:00:00;2023-01-18 00:00:00;2022-11-19 00:00:00;2022-11-18 00:00:00
2022-11-17 00:00:00;SO629620;C0021;VS001;794;2022-12-01 00:00:00;2022-12-02 00:00:00;2022-11-21 00:00:00;2022-11-22 00:00:00
2022-11-17 00:00:00;SO668128;C0006;AS002;879;2023-01-19 00:00:00;2023-01-17 00:00:00;2022-11-19 00:00:00;2022-11-17 00:00:00
2022-11-17 00:00:00;SO629620;C0021;CT001;900;2022-12-01 00:00:00;2022-12-01 00:00:00;2022-11-21 00:00:00;2022-11-21 00:00:00
2022-11-17 00:00:00;SO668128;C0006;VS001;871;2023-01-19 00:00:00;2023-01-29 00:00:00;2022-11-19 00:00:00;2022-11-29 00:00:00
2022-11-17 00:00:00;SO668128;C0006;AT002;608;2023-01-19 00:00:00;2023-01-29 00:00:00;2022-11-19 00:00:00;2022-11-29 00:00:00
2022-11-17 00:00:00;SO668128;C0006;CS004;564;2023-01-19 00:00:00;2023-01-18 00:00:00;2022-11-19 00:00:00;2022-11-18 00:00:00
2022-11-17 00:00:00;SO668128;C0006;AL002;951;2023-01-19 00:00:00;2023-01-24 00:00:00;2022-11-19 00:00:00;2022-11-24 00:00:00
2022-11-17 00:00:00;SO668128;C0006;VS005;1029;2023-01-19 00:00:00;2023-01-11 00:00:00;2022-11-19 00:00:00;2022-11-11 00:00:00
2022-11-17 00:00:00;SO668128;C0006;VS002;1180;2023-01-19 00:00:00;2023-01-17 00:00:00;2022-11-19 00:00:00;2022-11-17 00:00:00
2022-11-17 00:00:00;SO629620;C0021;CL001;1258;2022-12-01 00:00:00;2022-12-07 00:00:00;2022-11-21 00:00:00;2022-11-27 00:00:00
2022-11-17 00:00:00;SO629620;C0021;AS004;924;2022-12-01 00:00:00;2022-11-28 00:00:00;2022-11-21 00:00:00;2022-11-18 00:00:00
2022-11-17 00:00:00;SO668128;C0006;VS004;498;2023-01-19 00:00:00;2023-01-18 00:00:00;2022-11-19 00:00:00;2022-11-18 00:00:00
2022-11-18 00:00:00;SO182876;C0012;AT002;729;2022-12-16 00:00:00;2022-12-22 00:00:00;2022-11-21 00:00:00;2022-11-27 00:00:00
2022-11-18 00:00:00;SO957545;C0009;VS004;888;2022-12-02 00:00:00;2022-11-23 00:00:00;2022-11-21 00:00:00;2022-11-12 00:00:00
2022-11-18 00:00:00;SO272961;C0014;CL002;494;2022-12-23 00:00:00;2023-01-01 00:00:00;2022-11-22 00:00:00;2022-12-01 00:00:00
2022-11-18 00:00:00;SO957545;C0009;VS003;469;2022-12-02 00:00:00;2022-11-27 00:00:00;2022-11-21 00:00:00;2022-11-16 00:00:00
2022-11-18 00:00:00;SO957545;C0009;AS002;606;2022-12-02 00:00:00;2022-11-23 00:00:00;2022-11-21 00:00:00;2022-11-12 00:00:00
2022-11-18 00:00:00;SO957545;C0009;VS002;710;2022-12-02 00:00:00;2022-12-10 00:00:00;2022-11-21 00:00:00;2022-11-29 00:00:00
2022-11-18 00:00:00;SO957545;C0009;AS004;1249;2022-12-02 00:00:00;2022-12-12 00:00:00;2022-11-21 00:00:00;2022-12-01 00:00:00
2022-11-18 00:00:00;SO272961;C0014;VS002;759;2022-12-23 00:00:00;2022-12-21 00:00:00;2022-11-22 00:00:00;2022-11-20 00:00:00
2022-11-18 00:00:00;SO272961;C0014;CS001;595;2022-12-23 00:00:00;2022-12-21 00:00:00;2022-11-22 00:00:00;2022-11-20 00:00:00
2022-11-18 00:00:00;SO182876;C0012;CS003;924;2022-12-16 00:00:00;2022-12-23 00:00:00;2022-11-21 00:00:00;2022-11-28 00:00:00
2022-11-18 00:00:00;SO272961;C0014;VS004;514;2022-12-23 00:00:00;2022-12-26 00:00:00;2022-11-22 00:00:00;2022-11-25 00:00:00
2022-11-18 00:00:00;SO272961;C0014;AS004;435;2022-12-23 00:00:00;2023-01-01 00:00:00;2022-11-22 00:00:00;2022-12-01 00:00:00
2022-11-18 00:00:00;SO182876;C0012;AL001;803;2022-12-16 00:00:00;2022-12-22 00:00:00;2022-11-21 00:00:00;2022-11-27 00:00:00
2022-11-21 00:00:00;SO488401;C0013;VS003;705;2022-12-19 00:00:00;2022-12-10 00:00:00;2022-11-25 00:00:00;2022-11-16 00:00:00
2022-11-21 00:00:00;SO311505;C0025;VS004;262;2022-12-19 00:00:00;2022-12-13 00:00:00;2022-11-29 00:00:00;2022-11-23 00:00:00
2022-11-21 00:00:00;SO488401;C0013;CS004;763;2022-12-19 00:00:00;2022-12-29 00:00:00;2022-11-25 00:00:00;2022-12-05 00:00:00
2022-11-21 00:00:00;SO311505;C0025;AS003;537;2022-12-19 00:00:00;2022-12-24 00:00:00;2022-11-29 00:00:00;2022-12-04 00:00:00
2022-11-21 00:00:00;SO488401;C0013;AL002;622;2022-12-19 00:00:00;2022-12-12 00:00:00;2022-11-25 00:00:00;2022-11-18 00:00:00
2022-11-21 00:00:00;SO311505;C0025;CS003;1209;2022-12-19 00:00:00;2022-12-15 00:00:00;2022-11-29 00:00:00;2022-11-25 00:00:00
2022-11-21 00:00:00;SO311505;C0025;VS005;974;2022-12-19 00:00:00;2022-12-19 00:00:00;2022-11-29 00:00:00;2022-11-29 00:00:00
2022-11-21 00:00:00;SO488401;C0013;CL001;715;2022-12-19 00:00:00;2022-12-29 00:00:00;2022-11-25 00:00:00;2022-12-05 00:00:00
2022-11-21 00:00:00;SO311505;C0025;CT003;412;2022-12-19 00:00:00;2022-12-13 00:00:00;2022-11-29 00:00:00;2022-11-23 00:00:00
2022-11-21 00:00:00;SO488401;C0013;CT001;644;2022-12-19 00:00:00;2022-12-25 00:00:00;2022-11-25 00:00:00;2022-12-01 00:00:00
2022-11-21 00:00:00;SO311505;C0025;VS001;489;2022-12-19 00:00:00;2022-12-23 00:00:00;2022-11-29 00:00:00;2022-12-03 00:00:00
2022-11-21 00:00:00;SO488401;C0013;CS001;422;2022-12-19 00:00:00;2022-12-16 00:00:00;2022-11-25 00:00:00;2022-11-22 00:00:00
2022-11-21 00:00:00;SO311505;C0025;AS002;680;2022-12-19 00:00:00;2022-12-14 00:00:00;2022-11-29 00:00:00;2022-11-24 00:00:00
2022-11-21 00:00:00;SO488401;C0013;AT002;984;2022-12-19 00:00:00;2022-12-19 00:00:00;2022-11-25 00:00:00;2022-11-25 00:00:00
2022-11-21 00:00:00;SO488401;C0013;VS001;1056;2022-12-19 00:00:00;2022-12-12 00:00:00;2022-11-25 00:00:00;2022-11-18 00:00:00
2022-11-21 00:00:00;SO311505;C0025;CS004;838;2022-12-19 00:00:00;2022-12-13 00:00:00;2022-11-29 00:00:00;2022-11-23 00:00:00
2022-11-22 00:00:00;SO735617;C0025;CT001;840;2022-12-20 00:00:00;2022-12-28 00:00:00;2022-11-30 00:00:00;2022-12-08 00:00:00
2022-11-22 00:00:00;SO9000027;C0009;CS002;479;2022-12-06 00:00:00;2022-12-09 00:00:00;2022-11-25 00:00:00;2022-11-28 00:00:00
2022-11-22 00:00:00;SO735617;C0025;AL001;910;2022-12-20 00:00:00;2022-12-28 00:00:00;2022-11-30 00:00:00;2022-12-08 00:00:00
2022-11-22 00:00:00;SO735617;C0025;AS002;711;2022-12-20 00:00:00;2022-12-23 00:00:00;2022-11-30 00:00:00;2022-12-03 00:00:00
2022-11-22 00:00:00;SO735617;C0025;AL002;1257;2022-12-20 00:00:00;2022-12-13 00:00:00;2022-11-30 00:00:00;2022-11-23 00:00:00
2022-11-22 00:00:00;SO735617;C0025;AS004;411;2022-12-20 00:00:00;2022-12-12 00:00:00;2022-11-30 00:00:00;2022-11-22 00:00:00
2022-11-22 00:00:00;SO9000027;C0009;AS002;404;2022-12-06 00:00:00;2022-12-14 00:00:00;2022-11-25 00:00:00;2022-12-03 00:00:00
2022-11-22 00:00:00;SO735617;C0025;CS004;491;2022-12-20 00:00:00;2022-12-23 00:00:00;2022-11-30 00:00:00;2022-12-03 00:00:00
2022-11-22 00:00:00;SO735617;C0025;VS004;1176;2022-12-20 00:00:00;2022-12-10 00:00:00;2022-11-30 00:00:00;2022-11-20 00:00:00
2022-11-22 00:00:00;SO9000027;C0009;CT002;374;2022-12-06 00:00:00;2022-11-26 00:00:00;2022-11-25 00:00:00;2022-11-15 00:00:00
2022-11-22 00:00:00;SO9000027;C0009;VS005;491;2022-12-06 00:00:00;2022-12-09 00:00:00;2022-11-25 00:00:00;2022-11-28 00:00:00
2022-11-22 00:00:00;SO735617;C0025;CL001;500;2022-12-20 00:00:00;2022-12-24 00:00:00;2022-11-30 00:00:00;2022-12-04 00:00:00
2022-11-22 00:00:00;SO735617;C0025;AT002;642;2022-12-20 00:00:00;2022-12-23 00:00:00;2022-11-30 00:00:00;2022-12-03 00:00:00
2022-11-22 00:00:00;SO735617;C0025;CT002;567;2022-12-20 00:00:00;2022-12-22 00:00:00;2022-11-30 00:00:00;2022-12-02 00:00:00
2022-11-22 00:00:00;SO9000027;C0009;AS003;866;2022-12-06 00:00:00;2022-12-01 00:00:00;2022-11-25 00:00:00;2022-11-20 00:00:00
2022-11-22 00:00:00;SO735617;C0025;CS001;635;2022-12-20 00:00:00;2022-12-30 00:00:00;2022-11-30 00:00:00;2022-12-10 00:00:00
2022-11-22 00:00:00;SO735617;C0025;VS001;889;2022-12-20 00:00:00;2022-12-18 00:00:00;2022-11-30 00:00:00;2022-11-28 00:00:00
2022-11-22 00:00:00;SO9000027;C0009;VS003;935;2022-12-06 00:00:00;2022-12-15 00:00:00;2022-11-25 00:00:00;2022-12-04 00:00:00
2022-11-22 00:00:00;SO9000027;C0009;VS001;778;2022-12-06 00:00:00;2022-11-29 00:00:00;2022-11-25 00:00:00;2022-11-18 00:00:00
2022-11-23 00:00:00;SO575297;C0003;AS002;779;2023-01-04 00:00:00;2022-12-25 00:00:00;2022-11-25 00:00:00;2022-11-15 00:00:00
2022-11-23 00:00:00;SO302067;C0016;AS002;772;2022-12-07 00:00:00;2022-12-02 00:00:00;2022-11-27 00:00:00;2022-11-22 00:00:00
2022-11-23 00:00:00;SO575297;C0003;CL001;479;2023-01-04 00:00:00;2023-01-14 00:00:00;2022-11-25 00:00:00;2022-12-05 00:00:00
2022-11-23 00:00:00;SO302067;C0016;VS005;862;2022-12-07 00:00:00;2022-12-17 00:00:00;2022-11-27 00:00:00;2022-12-07 00:00:00
2022-11-23 00:00:00;SO575297;C0003;AL002;660;2023-01-04 00:00:00;2022-12-31 00:00:00;2022-11-25 00:00:00;2022-11-21 00:00:00
2022-11-23 00:00:00;SO302067;C0016;CL002;428;2022-12-07 00:00:00;2022-12-05 00:00:00;2022-11-27 00:00:00;2022-11-25 00:00:00
2022-11-23 00:00:00;SO302067;C0016;AT002;862;2022-12-07 00:00:00;2022-12-05 00:00:00;2022-11-27 00:00:00;2022-11-25 00:00:00
2022-11-23 00:00:00;SO575297;C0003;AL001;273;2023-01-04 00:00:00;2022-12-29 00:00:00;2022-11-25 00:00:00;2022-11-19 00:00:00
2022-11-23 00:00:00;SO302067;C0016;VS003;682;2022-12-07 00:00:00;2022-12-01 00:00:00;2022-11-27 00:00:00;2022-11-21 00:00:00
2022-11-23 00:00:00;SO575297;C0003;CT001;920;2023-01-04 00:00:00;2023-01-08 00:00:00;2022-11-25 00:00:00;2022-11-29 00:00:00
2022-11-23 00:00:00;SO575297;C0003;CT003;965;2023-01-04 00:00:00;2023-01-04 00:00:00;2022-11-25 00:00:00;2022-11-25 00:00:00
2022-11-23 00:00:00;SO575297;C0003;CS003;1058;2023-01-04 00:00:00;2022-12-29 00:00:00;2022-11-25 00:00:00;2022-11-19 00:00:00
2022-11-23 00:00:00;SO575297;C0003;AS003;408;2023-01-04 00:00:00;2023-01-11 00:00:00;2022-11-25 00:00:00;2022-12-02 00:00:00
2022-11-23 00:00:00;SO575297;C0003;VS001;1161;2023-01-04 00:00:00;2022-12-29 00:00:00;2022-11-25 00:00:00;2022-11-19 00:00:00
2022-11-23 00:00:00;SO302067;C0016;VS001;554;2022-12-07 00:00:00;2022-11-27 00:00:00;2022-11-27 00:00:00;2022-11-17 00:00:00
2022-11-23 00:00:00;SO575297;C0003;CT002;807;2023-01-04 00:00:00;2023-01-04 00:00:00;2022-11-25 00:00:00;2022-11-25 00:00:00
2022-11-24 00:00:00;SO773105;C0009;CS002;480;2022-12-08 00:00:00;2022-12-01 00:00:00;2022-11-27 00:00:00;2022-11-20 00:00:00
2022-11-24 00:00:00;SO563795;C0005;CS002;1004;2023-01-19 00:00:00;2023-01-11 00:00:00;2022-11-26 00:00:00;2022-11-18 00:00:00
2022-11-24 00:00:00;SO800994;C0004;AS002;996;2022-12-08 00:00:00;2022-12-16 00:00:00;2022-11-26 00:00:00;2022-12-04 00:00:00
2022-11-24 00:00:00;SO650572;C0021;AS003;479;2022-12-08 00:00:00;2022-11-28 00:00:00;2022-11-28 00:00:00;2022-11-18 00:00:00
2022-11-24 00:00:00;SO773105;C0009;CS001;750;2022-12-08 00:00:00;2022-12-15 00:00:00;2022-11-27 00:00:00;2022-12-04 00:00:00
2022-11-24 00:00:00;SO563795;C0005;CS004;914;2023-01-19 00:00:00;2023-01-25 00:00:00;2022-11-26 00:00:00;2022-12-02 00:00:00
2022-11-24 00:00:00;SO563795;C0005;VS005;908;2023-01-19 00:00:00;2023-01-22 00:00:00;2022-11-26 00:00:00;2022-11-29 00:00:00
2022-11-24 00:00:00;SO650572;C0021;CS004;414;2022-12-08 00:00:00;2022-12-07 00:00:00;2022-11-28 00:00:00;2022-11-27 00:00:00
2022-11-24 00:00:00;SO650572;C0021;CT002;876;2022-12-08 00:00:00;2022-12-06 00:00:00;2022-11-28 00:00:00;2022-11-26 00:00:00
2022-11-24 00:00:00;SO563795;C0005;CL002;772;2023-01-19 00:00:00;2023-01-10 00:00:00;2022-11-26 00:00:00;2022-11-17 00:00:00
2022-11-24 00:00:00;SO773105;C0009;AL002;770;2022-12-08 00:00:00;2022-12-01 00:00:00;2022-11-27 00:00:00;2022-11-20 00:00:00
2022-11-24 00:00:00;SO650572;C0021;CL001;941;2022-12-08 00:00:00;2022-12-17 00:00:00;2022-11-28 00:00:00;2022-12-07 00:00:00
2022-11-24 00:00:00;SO650572;C0021;VS001;957;2022-12-08 00:00:00;2022-12-12 00:00:00;2022-11-28 00:00:00;2022-12-02 00:00:00
2022-11-24 00:00:00;SO773105;C0009;CL001;1106;2022-12-08 00:00:00;2022-12-05 00:00:00;2022-11-27 00:00:00;2022-11-24 00:00:00
2022-11-24 00:00:00;SO650572;C0021;VS003;403;2022-12-08 00:00:00;2022-12-10 00:00:00;2022-11-28 00:00:00;2022-11-30 00:00:00
2022-11-24 00:00:00;SO650572;C0021;AT002;540;2022-12-08 00:00:00;2022-12-04 00:00:00;2022-11-28 00:00:00;2022-11-24 00:00:00
2022-11-24 00:00:00;SO650572;C0021;CS002;491;2022-12-08 00:00:00;2022-12-16 00:00:00;2022-11-28 00:00:00;2022-12-06 00:00:00
2022-11-25 00:00:00;SO856698;C0020;CT001;1108;2023-01-20 00:00:00;2023-01-17 00:00:00;2022-11-29 00:00:00;2022-11-26 00:00:00
2022-11-25 00:00:00;SO677736;C0030;AS003;514;2023-01-27 00:00:00;2023-02-03 00:00:00;2022-12-03 00:00:00;2022-12-10 00:00:00
2022-11-25 00:00:00;SO388127;C0019;VS003;869;2023-01-27 00:00:00;2023-01-31 00:00:00;2022-11-29 00:00:00;2022-12-03 00:00:00
2022-11-25 00:00:00;SO254098;C0015;CT001;486;2023-01-06 00:00:00;2023-01-16 00:00:00;2022-11-29 00:00:00;2022-12-09 00:00:00
2022-11-25 00:00:00;SO677736;C0030;CT002;830;2023-01-27 00:00:00;2023-02-03 00:00:00;2022-12-03 00:00:00;2022-12-10 00:00:00
2022-11-25 00:00:00;SO388127;C0019;VS004;341;2023-01-27 00:00:00;2023-01-29 00:00:00;2022-11-29 00:00:00;2022-12-01 00:00:00
2022-11-25 00:00:00;SO388127;C0019;AS003;380;2023-01-27 00:00:00;2023-02-03 00:00:00;2022-11-29 00:00:00;2022-12-06 00:00:00
2022-11-25 00:00:00;SO677736;C0030;AL001;1054;2023-01-27 00:00:00;2023-01-25 00:00:00;2022-12-03 00:00:00;2022-12-01 00:00:00
2022-11-25 00:00:00;SO856698;C0020;AT002;353;2023-01-20 00:00:00;2023-01-11 00:00:00;2022-11-29 00:00:00;2022-11-20 00:00:00
2022-11-25 00:00:00;SO254098;C0015;CT003;687;2023-01-06 00:00:00;2023-01-06 00:00:00;2022-11-29 00:00:00;2022-11-29 00:00:00
2022-11-25 00:00:00;SO388127;C0019;CS002;1106;2023-01-27 00:00:00;2023-01-22 00:00:00;2022-11-29 00:00:00;2022-11-24 00:00:00
2022-11-25 00:00:00;SO254098;C0015;CL002;910;2023-01-06 00:00:00;2023-01-14 00:00:00;2022-11-29 00:00:00;2022-12-07 00:00:00
2022-11-25 00:00:00;SO677736;C0030;CS001;251;2023-01-27 00:00:00;2023-02-02 00:00:00;2022-12-03 00:00:00;2022-12-09 00:00:00
2022-11-25 00:00:00;SO677736;C0030;VS005;714;2023-01-27 00:00:00;2023-01-29 00:00:00;2022-12-03 00:00:00;2022-12-05 00:00:00
2022-11-25 00:00:00;SO677736;C0030;CS003;624;2023-01-27 00:00:00;2023-01-27 00:00:00;2022-12-03 00:00:00;2022-12-03 00:00:00
2022-11-25 00:00:00;SO856698;C0020;AL002;273;2023-01-20 00:00:00;2023-01-14 00:00:00;2022-11-29 00:00:00;2022-11-23 00:00:00
2022-11-25 00:00:00;SO254098;C0015;VS005;521;2023-01-06 00:00:00;2023-01-01 00:00:00;2022-11-29 00:00:00;2022-11-24 00:00:00
2022-11-28 00:00:00;SO426644;C0024;CT001;938;2022-12-26 00:00:00;2022-12-30 00:00:00;2022-12-02 00:00:00;2022-12-06 00:00:00
2022-11-28 00:00:00;SO429804;C0009;VS005;545;2022-12-12 00:00:00;2022-12-13 00:00:00;2022-12-01 00:00:00;2022-12-02 00:00:00
2022-11-28 00:00:00;SO332847;C0019;CT001;355;2023-01-30 00:00:00;2023-02-06 00:00:00;2022-12-02 00:00:00;2022-12-09 00:00:00
2022-11-28 00:00:00;SO509655;C0008;VS005;1063;2023-01-23 00:00:00;2023-01-24 00:00:00;2022-12-01 00:00:00;2022-12-02 00:00:00
2022-11-28 00:00:00;SO332847;C0019;AL001;978;2023-01-30 00:00:00;2023-02-08 00:00:00;2022-12-02 00:00:00;2022-12-11 00:00:00
2022-11-28 00:00:00;SO426644;C0024;CT002;999;2022-12-26 00:00:00;2023-01-04 00:00:00;2022-12-02 00:00:00;2022-12-11 00:00:00
2022-11-28 00:00:00;SO332847;C0019;CS004;1040;2023-01-30 00:00:00;2023-02-04 00:00:00;2022-12-02 00:00:00;2022-12-07 00:00:00
2022-11-28 00:00:00;SO332847;C0019;CS003;791;2023-01-30 00:00:00;2023-01-20 00:00:00;2022-12-02 00:00:00;2022-11-22 00:00:00
2022-11-28 00:00:00;SO332847;C0019;AT002;265;2023-01-30 00:00:00;2023-02-08 00:00:00;2022-12-02 00:00:00;2022-12-11 00:00:00
2022-11-28 00:00:00;SO426644;C0024;VS003;957;2022-12-26 00:00:00;2022-12-27 00:00:00;2022-12-02 00:00:00;2022-12-03 00:00:00
2022-11-28 00:00:00;SO426644;C0024;VS004;916;2022-12-26 00:00:00;2022-12-22 00:00:00;2022-12-02 00:00:00;2022-11-28 00:00:00
2022-11-28 00:00:00;SO426644;C0024;CS004;745;2022-12-26 00:00:00;2023-01-05 00:00:00;2022-12-02 00:00:00;2022-12-12 00:00:00
2022-11-28 00:00:00;SO332847;C0019;CL001;537;2023-01-30 00:00:00;2023-02-01 00:00:00;2022-12-02 00:00:00;2022-12-04 00:00:00
2022-11-28 00:00:00;SO426644;C0024;AS002;783;2022-12-26 00:00:00;2022-12-17 00:00:00;2022-12-02 00:00:00;2022-11-23 00:00:00
2022-11-29 00:00:00;SO934612;C0025;CS002;489;2022-12-27 00:00:00;2022-12-18 00:00:00;2022-12-07 00:00:00;2022-11-28 00:00:00
2022-11-29 00:00:00;SO793564;C0015;AT002;448;2023-01-10 00:00:00;2023-01-12 00:00:00;2022-12-03 00:00:00;2022-12-05 00:00:00
2022-11-29 00:00:00;SO793564;C0015;AS002;1151;2023-01-10 00:00:00;2023-01-01 00:00:00;2022-12-03 00:00:00;2022-11-24 00:00:00
2022-11-29 00:00:00;SO793564;C0015;CS002;575;2023-01-10 00:00:00;2023-01-05 00:00:00;2022-12-03 00:00:00;2022-11-28 00:00:00
2022-11-29 00:00:00;SO793564;C0015;AS004;247;2023-01-10 00:00:00;2023-01-15 00:00:00;2022-12-03 00:00:00;2022-12-08 00:00:00
2022-11-29 00:00:00;SO793564;C0015;CL002;864;2023-01-10 00:00:00;2023-01-10 00:00:00;2022-12-03 00:00:00;2022-12-03 00:00:00
2022-11-29 00:00:00;SO934612;C0025;CT002;651;2022-12-27 00:00:00;2023-01-05 00:00:00;2022-12-07 00:00:00;2022-12-16 00:00:00
2022-11-29 00:00:00;SO934612;C0025;VS002;729;2022-12-27 00:00:00;2022-12-22 00:00:00;2022-12-07 00:00:00;2022-12-02 00:00:00
2022-11-29 00:00:00;SO934612;C0025;CL002;789;2022-12-27 00:00:00;2023-01-02 00:00:00;2022-12-07 00:00:00;2022-12-13 00:00:00
2022-11-29 00:00:00;SO934612;C0025;VS003;748;2022-12-27 00:00:00;2022-12-18 00:00:00;2022-12-07 00:00:00;2022-11-28 00:00:00
2022-11-29 00:00:00;SO793564;C0015;CL001;568;2023-01-10 00:00:00;2023-01-07 00:00:00;2022-12-03 00:00:00;2022-11-30 00:00:00
2022-11-29 00:00:00;SO793564;C0015;CT003;750;2023-01-10 00:00:00;2023-01-12 00:00:00;2022-12-03 00:00:00;2022-12-05 00:00:00
2022-11-29 00:00:00;SO793564;C0015;CS003;376;2023-01-10 00:00:00;2022-12-31 00:00:00;2022-12-03 00:00:00;2022-11-23 00:00:00
2022-11-29 00:00:00;SO793564;C0015;AL001;494;2023-01-10 00:00:00;2023-01-08 00:00:00;2022-12-03 00:00:00;2022-12-01 00:00:00
2022-11-29 00:00:00;SO934612;C0025;VS005;834;2022-12-27 00:00:00;2022-12-28 00:00:00;2022-12-07 00:00:00;2022-12-08 00:00:00
2022-11-29 00:00:00;SO934612;C0025;CS003;651;2022-12-27 00:00:00;2022-12-22 00:00:00;2022-12-07 00:00:00;2022-12-02 00:00:00
2022-11-29 00:00:00;SO793564;C0015;AL002;860;2023-01-10 00:00:00;2023-01-09 00:00:00;2022-12-03 00:00:00;2022-12-02 00:00:00
2022-11-29 00:00:00;SO793564;C0015;VS001;880;2023-01-10 00:00:00;2023-01-02 00:00:00;2022-12-03 00:00:00;2022-11-25 00:00:00
2022-11-29 00:00:00;SO793564;C0015;VS002;1037;2023-01-10 00:00:00;2023-01-09 00:00:00;2022-12-03 00:00:00;2022-12-02 00:00:00
2022-11-30 00:00:00;SO418172;C0013;CS004;732;2022-12-28 00:00:00;2022-12-28 00:00:00;2022-12-04 00:00:00;2022-12-04 00:00:00
2022-11-30 00:00:00;SO570598;C0024;CT002;531;2022-12-28 00:00:00;2023-01-01 00:00:00;2022-12-04 00:00:00;2022-12-08 00:00:00
2022-11-30 00:00:00;SO418172;C0013;VS003;1070;2022-12-28 00:00:00;2022-12-28 00:00:00;2022-12-04 00:00:00;2022-12-04 00:00:00
2022-11-30 00:00:00;SO418172;C0013;VS005;520;2022-12-28 00:00:00;2022-12-18 00:00:00;2022-12-04 00:00:00;2022-11-24 00:00:00
2022-11-30 00:00:00;SO418172;C0013;CT001;1016;2022-12-28 00:00:00;2022-12-28 00:00:00;2022-12-04 00:00:00;2022-12-04 00:00:00
2022-11-30 00:00:00;SO570598;C0024;VS003;882;2022-12-28 00:00:00;2022-12-27 00:00:00;2022-12-04 00:00:00;2022-12-03 00:00:00
2022-11-30 00:00:00;SO418172;C0013;VS002;796;2022-12-28 00:00:00;2022-12-28 00:00:00;2022-12-04 00:00:00;2022-12-04 00:00:00
2022-11-30 00:00:00;SO570598;C0024;CS003;890;2022-12-28 00:00:00;2022-12-25 00:00:00;2022-12-04 00:00:00;2022-12-01 00:00:00
2022-11-30 00:00:00;SO570598;C0024;CS004;342;2022-12-28 00:00:00;2023-01-03 00:00:00;2022-12-04 00:00:00;2022-12-10 00:00:00
2022-11-30 00:00:00;SO418172;C0013;CS001;641;2022-12-28 00:00:00;2022-12-26 00:00:00;2022-12-04 00:00:00;2022-12-02 00:00:00
2022-11-30 00:00:00;SO570598;C0024;VS004;562;2022-12-28 00:00:00;2022-12-26 00:00:00;2022-12-04 00:00:00;2022-12-02 00:00:00
2022-11-30 00:00:00;SO570598;C0024;CL002;964;2022-12-28 00:00:00;2022-12-27 00:00:00;2022-12-04 00:00:00;2022-12-03 00:00:00
2022-11-30 00:00:00;SO418172;C0013;AS003;572;2022-12-28 00:00:00;2022-12-30 00:00:00;2022-12-04 00:00:00;2022-12-06 00:00:00
2022-11-30 00:00:00;SO418172;C0013;AT002;753;2022-12-28 00:00:00;2022-12-25 00:00:00;2022-12-04 00:00:00;2022-12-01 00:00:00
2022-11-30 00:00:00;SO418172;C0013;VS001;312;2022-12-28 00:00:00;2023-01-07 00:00:00;2022-12-04 00:00:00;2022-12-14 00:00:00
2022-11-30 00:00:00;SO418172;C0013;VS004;434;2022-12-28 00:00:00;2022-12-20 00:00:00;2022-12-04 00:00:00;2022-11-26 00:00:00
2022-12-01 00:00:00;SO381529;C0017;VS001;892;2023-01-26 00:00:00;2023-01-22 00:00:00;2022-12-05 00:00:00;2022-12-01 00:00:00
2022-12-01 00:00:00;SO150559;C0005;AS002;953;2023-01-26 00:00:00;2023-01-16 00:00:00;2022-12-03 00:00:00;2022-11-23 00:00:00
2022-12-01 00:00:00;SO381529;C0017;CT002;847;2023-01-26 00:00:00;2023-01-19 00:00:00;2022-12-05 00:00:00;2022-11-28 00:00:00
2022-12-01 00:00:00;SO150559;C0005;AL001;956;2023-01-26 00:00:00;2023-01-18 00:00:00;2022-12-03 00:00:00;2022-11-25 00:00:00
2022-12-01 00:00:00;SO381529;C0017;CS003;988;2023-01-26 00:00:00;2023-01-29 00:00:00;2022-12-05 00:00:00;2022-12-08 00:00:00
2022-12-01 00:00:00;SO150559;C0005;AS005;497;2023-01-26 00:00:00;2023-01-27 00:00:00;2022-12-03 00:00:00;2022-12-04 00:00:00
2022-12-01 00:00:00;SO381529;C0017;CS001;1001;2023-01-26 00:00:00;2023-01-30 00:00:00;2022-12-05 00:00:00;2022-12-09 00:00:00
2022-12-01 00:00:00;SO150559;C0005;CL002;446;2023-01-26 00:00:00;2023-01-21 00:00:00;2022-12-03 00:00:00;2022-11-28 00:00:00
2022-12-01 00:00:00;SO381529;C0017;AT002;1211;2023-01-26 00:00:00;2023-02-01 00:00:00;2022-12-05 00:00:00;2022-12-11 00:00:00
2022-12-01 00:00:00;SO381529;C0017;AL001;594;2023-01-26 00:00:00;2023-01-29 00:00:00;2022-12-05 00:00:00;2022-12-08 00:00:00
2022-12-01 00:00:00;SO150559;C0005;CS003;624;2023-01-26 00:00:00;2023-01-24 00:00:00;2022-12-03 00:00:00;2022-12-01 00:00:00
2022-12-01 00:00:00;SO150559;C0005;CS004;1069;2023-01-26 00:00:00;2023-02-02 00:00:00;2022-12-03 00:00:00;2022-12-10 00:00:00
2022-12-01 00:00:00;SO381529;C0017;CS002;1176;2023-01-26 00:00:00;2023-02-03 00:00:00;2022-12-05 00:00:00;2022-12-13 00:00:00
2022-12-01 00:00:00;SO381529;C0017;VS004;779;2023-01-26 00:00:00;2023-02-04 00:00:00;2022-12-05 00:00:00;2022-12-14 00:00:00
2022-12-01 00:00:00;SO150559;C0005;CT003;712;2023-01-26 00:00:00;2023-01-27 00:00:00;2022-12-03 00:00:00;2022-12-04 00:00:00
2022-12-02 00:00:00;SO965483;C0014;AS004;792;2023-01-06 00:00:00;2022-12-30 00:00:00;2022-12-06 00:00:00;2022-11-29 00:00:00
2022-12-02 00:00:00;SO531178;C0021;VS002;927;2022-12-16 00:00:00;2022-12-19 00:00:00;2022-12-06 00:00:00;2022-12-09 00:00:00
2022-12-02 00:00:00;SO965483;C0014;CL001;759;2023-01-06 00:00:00;2022-12-28 00:00:00;2022-12-06 00:00:00;2022-11-27 00:00:00
2022-12-02 00:00:00;SO531178;C0021;CS004;571;2022-12-16 00:00:00;2022-12-12 00:00:00;2022-12-06 00:00:00;2022-12-02 00:00:00
2022-12-02 00:00:00;SO531178;C0021;AT002;661;2022-12-16 00:00:00;2022-12-14 00:00:00;2022-12-06 00:00:00;2022-12-04 00:00:00
2022-12-02 00:00:00;SO531178;C0021;AS004;755;2022-12-16 00:00:00;2022-12-08 00:00:00;2022-12-06 00:00:00;2022-11-28 00:00:00
2022-12-02 00:00:00;SO531178;C0021;CS001;902;2022-12-16 00:00:00;2022-12-08 00:00:00;2022-12-06 00:00:00;2022-11-28 00:00:00
2022-12-02 00:00:00;SO965483;C0014;AL001;667;2023-01-06 00:00:00;2023-01-05 00:00:00;2022-12-06 00:00:00;2022-12-05 00:00:00
2022-12-02 00:00:00;SO965483;C0014;CS002;818;2023-01-06 00:00:00;2023-01-16 00:00:00;2022-12-06 00:00:00;2022-12-16 00:00:00
2022-12-02 00:00:00;SO531178;C0021;VS001;938;2022-12-16 00:00:00;2022-12-25 00:00:00;2022-12-06 00:00:00;2022-12-15 00:00:00
2022-12-02 00:00:00;SO965483;C0014;CS001;709;2023-01-06 00:00:00;2023-01-05 00:00:00;2022-12-06 00:00:00;2022-12-05 00:00:00
2022-12-02 00:00:00;SO531178;C0021;AS005;689;2022-12-16 00:00:00;2022-12-24 00:00:00;2022-12-06 00:00:00;2022-12-14 00:00:00
2022-12-02 00:00:00;SO965483;C0014;AL002;978;2023-01-06 00:00:00;2022-12-28 00:00:00;2022-12-06 00:00:00;2022-11-27 00:00:00
2022-12-02 00:00:00;SO965483;C0014;CT002;532;2023-01-06 00:00:00;2022-12-31 00:00:00;2022-12-06 00:00:00;2022-11-30 00:00:00
2022-12-02 00:00:00;SO965483;C0014;CT003;282;2023-01-06 00:00:00;2023-01-06 00:00:00;2022-12-06 00:00:00;2022-12-06 00:00:00
2022-12-02 00:00:00;SO965483;C0014;CS004;682;2023-01-06 00:00:00;2022-12-30 00:00:00;2022-12-06 00:00:00;2022-11-29 00:00:00
2022-12-02 00:00:00;SO965483;C0014;VS002;292;2023-01-06 00:00:00;2022-12-31 00:00:00;2022-12-06 00:00:00;2022-11-30 00:00:00
2022-12-02 00:00:00;SO531178;C0021;AL001;687;2022-12-16 00:00:00;2022-12-11 00:00:00;2022-12-06 00:00:00;2022-12-01 00:00:00
2022-12-02 00:00:00;SO531178;C0021;AL002;607;2022-12-16 00:00:00;2022-12-24 00:00:00;2022-12-06 00:00:00;2022-12-14 00:00:00
2022-12-02 00:00:00;SO531178;C0021;AS002;385;2022-12-16 00:00:00;2022-12-19 00:00:00;2022-12-06 00:00:00;2022-12-09 00:00:00
2022-12-05 00:00:00;SO563801;C0017;VS004;838;2023-01-30 00:00:00;2023-02-09 00:00:00;2022-12-09 00:00:00;2022-12-19 00:00:00
2022-12-05 00:00:00;SO120529;C0001;AS004;848;2023-01-02 00:00:00;2023-01-07 00:00:00;2022-12-07 00:00:00;2022-12-12 00:00:00
2022-12-05 00:00:00;SO938639;C0023;AL002;531;2023-01-09 00:00:00;2023-01-01 00:00:00;2022-12-09 00:00:00;2022-12-01 00:00:00
2022-12-05 00:00:00;SO116504;C0009;CT003;664;2022-12-19 00:00:00;2022-12-18 00:00:00;2022-12-08 00:00:00;2022-12-07 00:00:00
2022-12-05 00:00:00;SO116504;C0009;AS002;330;2022-12-19 00:00:00;2022-12-24 00:00:00;2022-12-08 00:00:00;2022-12-13 00:00:00
2022-12-05 00:00:00;SO120529;C0001;CS001;969;2023-01-02 00:00:00;2023-01-09 00:00:00;2022-12-07 00:00:00;2022-12-14 00:00:00
2022-12-05 00:00:00;SO938639;C0023;CS003;432;2023-01-09 00:00:00;2023-01-09 00:00:00;2022-12-09 00:00:00;2022-12-09 00:00:00
2022-12-05 00:00:00;SO116504;C0009;AL001;237;2022-12-19 00:00:00;2022-12-17 00:00:00;2022-12-08 00:00:00;2022-12-06 00:00:00
2022-12-05 00:00:00;SO120529;C0001;CL001;814;2023-01-02 00:00:00;2023-01-05 00:00:00;2022-12-07 00:00:00;2022-12-10 00:00:00
2022-12-05 00:00:00;SO116504;C0009;CS002;456;2022-12-19 00:00:00;2022-12-10 00:00:00;2022-12-08 00:00:00;2022-11-29 00:00:00
2022-12-05 00:00:00;SO116504;C0009;CL001;1174;2022-12-19 00:00:00;2022-12-22 00:00:00;2022-12-08 00:00:00;2022-12-11 00:00:00
2022-12-05 00:00:00;SO120529;C0001;VS002;1114;2023-01-02 00:00:00;2023-01-05 00:00:00;2022-12-07 00:00:00;2022-12-10 00:00:00
2022-12-05 00:00:00;SO563801;C0017;CT003;818;2023-01-30 00:00:00;2023-02-01 00:00:00;2022-12-09 00:00:00;2022-12-11 00:00:00
2022-12-05 00:00:00;SO938639;C0023;AL001;869;2023-01-09 00:00:00;2023-01-10 00:00:00;2022-12-09 00:00:00;2022-12-10 00:00:00
2022-12-05 00:00:00;SO116504;C0009;CL002;654;2022-12-19 00:00:00;2022-12-26 00:00:00;2022-12-08 00:00:00;2022-12-15 00:00:00
2022-12-06 00:00:00;SO181140;C0020;AS005;342;2023-01-31 00:00:00;2023-01-29 00:00:00;2022-12-10 00:00:00;2022-12-08 00:00:00
2022-12-06 00:00:00;SO741938;C0002;AS005;825;2023-01-10 00:00:00;2023-01-05 00:00:00;2022-12-08 00:00:00;2022-12-03 00:00:00
2022-12-06 00:00:00;SO181140;C0020;CT003;621;2023-01-31 00:00:00;2023-01-25 00:00:00;2022-12-10 00:00:00;2022-12-04 00:00:00
2022-12-06 00:00:00;SO741938;C0002;CT002;687;2023-01-10 00:00:00;2023-01-07 00:00:00;2022-12-08 00:00:00;2022-12-05 00:00:00
2022-12-06 00:00:00;SO181140;C0020;CL002;389;2023-01-31 00:00:00;2023-01-27 00:00:00;2022-12-10 00:00:00;2022-12-06 00:00:00
2022-12-06 00:00:00;SO741938;C0002;CT003;490;2023-01-10 00:00:00;2023-01-09 00:00:00;2022-12-08 00:00:00;2022-12-07 00:00:00
2022-12-06 00:00:00;SO181140;C0020;CS002;821;2023-01-31 00:00:00;2023-02-06 00:00:00;2022-12-10 00:00:00;2022-12-16 00:00:00
2022-12-06 00:00:00;SO181140;C0020;AT002;534;2023-01-31 00:00:00;2023-01-24 00:00:00;2022-12-10 00:00:00;2022-12-03 00:00:00
2022-12-06 00:00:00;SO181140;C0020;CS003;882;2023-01-31 00:00:00;2023-02-09 00:00:00;2022-12-10 00:00:00;2022-12-19 00:00:00
2022-12-06 00:00:00;SO181140;C0020;VS001;494;2023-01-31 00:00:00;2023-01-30 00:00:00;2022-12-10 00:00:00;2022-12-09 00:00:00
2022-12-06 00:00:00;SO741938;C0002;CS001;467;2023-01-10 00:00:00;2023-01-19 00:00:00;2022-12-08 00:00:00;2022-12-17 00:00:00
2022-12-06 00:00:00;SO741938;C0002;VS001;614;2023-01-10 00:00:00;2023-01-04 00:00:00;2022-12-08 00:00:00;2022-12-02 00:00:00
2022-12-06 00:00:00;SO741938;C0002;VS004;355;2023-01-10 00:00:00;2023-01-14 00:00:00;2022-12-08 00:00:00;2022-12-12 00:00:00
2022-12-06 00:00:00;SO741938;C0002;CS004;849;2023-01-10 00:00:00;2023-01-17 00:00:00;2022-12-08 00:00:00;2022-12-15 00:00:00
2022-12-06 00:00:00;SO181140;C0020;CS004;639;2023-01-31 00:00:00;2023-01-26 00:00:00;2022-12-10 00:00:00;2022-12-05 00:00:00
2022-12-06 00:00:00;SO741938;C0002;CL002;961;2023-01-10 00:00:00;2023-01-17 00:00:00;2022-12-08 00:00:00;2022-12-15 00:00:00
2022-12-06 00:00:00;SO741938;C0002;AL001;1032;2023-01-10 00:00:00;2023-01-07 00:00:00;2022-12-08 00:00:00;2022-12-05 00:00:00
2022-12-06 00:00:00;SO181140;C0020;VS004;1067;2023-01-31 00:00:00;2023-01-25 00:00:00;2022-12-10 00:00:00;2022-12-04 00:00:00
2022-12-06 00:00:00;SO181140;C0020;AL002;774;2023-01-31 00:00:00;2023-01-29 00:00:00;2022-12-10 00:00:00;2022-12-08 00:00:00
2022-12-06 00:00:00;SO741938;C0002;AT002;917;2023-01-10 00:00:00;2023-01-09 00:00:00;2022-12-08 00:00:00;2022-12-07 00:00:00
2022-12-07 00:00:00;SO643768;C0023;AS005;383;2023-01-11 00:00:00;2023-01-16 00:00:00;2022-12-11 00:00:00;2022-12-16 00:00:00
2022-12-07 00:00:00;SO872195;C0016;CS001;1004;2022-12-21 00:00:00;2022-12-24 00:00:00;2022-12-11 00:00:00;2022-12-14 00:00:00
2022-12-07 00:00:00;SO872195;C0016;VS004;632;2022-12-21 00:00:00;2022-12-22 00:00:00;2022-12-11 00:00:00;2022-12-12 00:00:00
2022-12-07 00:00:00;SO872195;C0016;AS005;322;2022-12-21 00:00:00;2022-12-14 00:00:00;2022-12-11 00:00:00;2022-12-04 00:00:00
2022-12-07 00:00:00;SO872195;C0016;AS002;583;2022-12-21 00:00:00;2022-12-28 00:00:00;2022-12-11 00:00:00;2022-12-18 00:00:00
2022-12-07 00:00:00;SO872195;C0016;CS002;681;2022-12-21 00:00:00;2022-12-12 00:00:00;2022-12-11 00:00:00;2022-12-02 00:00:00
2022-12-07 00:00:00;SO872195;C0016;AL002;955;2022-12-21 00:00:00;2022-12-11 00:00:00;2022-12-11 00:00:00;2022-12-01 00:00:00
2022-12-07 00:00:00;SO872195;C0016;CL002;627;2022-12-21 00:00:00;2022-12-17 00:00:00;2022-12-11 00:00:00;2022-12-07 00:00:00
2022-12-07 00:00:00;SO643768;C0023;CL001;845;2023-01-11 00:00:00;2023-01-14 00:00:00;2022-12-11 00:00:00;2022-12-14 00:00:00
2022-12-07 00:00:00;SO872195;C0016;CS003;1141;2022-12-21 00:00:00;2022-12-27 00:00:00;2022-12-11 00:00:00;2022-12-17 00:00:00
2022-12-07 00:00:00;SO872195;C0016;VS001;471;2022-12-21 00:00:00;2022-12-16 00:00:00;2022-12-11 00:00:00;2022-12-06 00:00:00
2022-12-07 00:00:00;SO643768;C0023;CL002;395;2023-01-11 00:00:00;2023-01-02 00:00:00;2022-12-11 00:00:00;2022-12-02 00:00:00
2022-12-07 00:00:00;SO643768;C0023;CT003;517;2023-01-11 00:00:00;2023-01-13 00:00:00;2022-12-11 00:00:00;2022-12-13 00:00:00
2022-12-07 00:00:00;SO872195;C0016;AS004;799;2022-12-21 00:00:00;2022-12-11 00:00:00;2022-12-11 00:00:00;2022-12-01 00:00:00
2022-12-07 00:00:00;SO872195;C0016;CT003;950;2022-12-21 00:00:00;2022-12-24 00:00:00;2022-12-11 00:00:00;2022-12-14 00:00:00
2022-12-08 00:00:00;SO368136;C0015;CL002;514;2023-01-19 00:00:00;2023-01-15 00:00:00;2022-12-12 00:00:00;2022-12-08 00:00:00
2022-12-08 00:00:00;SO835566;C0026;CS001;606;2023-01-12 00:00:00;2023-01-18 00:00:00;2022-12-16 00:00:00;2022-12-22 00:00:00
2022-12-08 00:00:00;SO835566;C0026;VS001;967;2023-01-12 00:00:00;2023-01-13 00:00:00;2022-12-16 00:00:00;2022-12-17 00:00:00
2022-12-08 00:00:00;SO368136;C0015;AL001;783;2023-01-19 00:00:00;2023-01-29 00:00:00;2022-12-12 00:00:00;2022-12-22 00:00:00
2022-12-08 00:00:00;SO835566;C0026;CS003;606;2023-01-12 00:00:00;2023-01-05 00:00:00;2022-12-16 00:00:00;2022-12-09 00:00:00
2022-12-08 00:00:00;SO835566;C0026;CL002;712;2023-01-12 00:00:00;2023-01-16 00:00:00;2022-12-16 00:00:00;2022-12-20 00:00:00
2022-12-08 00:00:00;SO368136;C0015;CL001;366;2023-01-19 00:00:00;2023-01-16 00:00:00;2022-12-12 00:00:00;2022-12-09 00:00:00
2022-12-08 00:00:00;SO368136;C0015;AS004;1167;2023-01-19 00:00:00;2023-01-18 00:00:00;2022-12-12 00:00:00;2022-12-11 00:00:00
2022-12-08 00:00:00;SO368136;C0015;VS004;356;2023-01-19 00:00:00;2023-01-10 00:00:00;2022-12-12 00:00:00;2022-12-03 00:00:00
2022-12-08 00:00:00;SO368136;C0015;VS001;1096;2023-01-19 00:00:00;2023-01-10 00:00:00;2022-12-12 00:00:00;2022-12-03 00:00:00
2022-12-08 00:00:00;SO368136;C0015;CS002;587;2023-01-19 00:00:00;2023-01-26 00:00:00;2022-12-12 00:00:00;2022-12-19 00:00:00
2022-12-08 00:00:00;SO835566;C0026;AT002;465;2023-01-12 00:00:00;2023-01-22 00:00:00;2022-12-16 00:00:00;2022-12-26 00:00:00
2022-12-08 00:00:00;SO835566;C0026;CL001;1076;2023-01-12 00:00:00;2023-01-13 00:00:00;2022-12-16 00:00:00;2022-12-17 00:00:00
2022-12-08 00:00:00;SO368136;C0015;AS002;810;2023-01-19 00:00:00;2023-01-29 00:00:00;2022-12-12 00:00:00;2022-12-22 00:00:00
2022-12-09 00:00:00;SO384058;C0022;VS002;828;2023-01-20 00:00:00;2023-01-25 00:00:00;2022-12-13 00:00:00;2022-12-18 00:00:00
2022-12-09 00:00:00;SO610670;C0012;CT003;847;2023-01-06 00:00:00;2023-01-09 00:00:00;2022-12-12 00:00:00;2022-12-15 00:00:00
2022-12-09 00:00:00;SO945684;C0007;VS002;457;2023-02-10 00:00:00;2023-02-19 00:00:00;2022-12-12 00:00:00;2022-12-21 00:00:00
2022-12-09 00:00:00;SO945684;C0007;CL002;1008;2023-02-10 00:00:00;2023-02-15 00:00:00;2022-12-12 00:00:00;2022-12-17 00:00:00
2022-12-09 00:00:00;SO384058;C0022;AS005;635;2023-01-20 00:00:00;2023-01-13 00:00:00;2022-12-13 00:00:00;2022-12-06 00:00:00
2022-12-09 00:00:00;SO384058;C0022;AL002;675;2023-01-20 00:00:00;2023-01-12 00:00:00;2022-12-13 00:00:00;2022-12-05 00:00:00
2022-12-09 00:00:00;SO610670;C0012;AL002;940;2023-01-06 00:00:00;2023-01-09 00:00:00;2022-12-12 00:00:00;2022-12-15 00:00:00
2022-12-09 00:00:00;SO384058;C0022;CT003;658;2023-01-20 00:00:00;2023-01-21 00:00:00;2022-12-13 00:00:00;2022-12-14 00:00:00
2022-12-09 00:00:00;SO384058;C0022;AL001;1194;2023-01-20 00:00:00;2023-01-14 00:00:00;2022-12-13 00:00:00;2022-12-07 00:00:00
2022-12-09 00:00:00;SO384058;C0022;CL002;1036;2023-01-20 00:00:00;2023-01-16 00:00:00;2022-12-13 00:00:00;2022-12-09 00:00:00
2022-12-09 00:00:00;SO610670;C0012;CS004;969;2023-01-06 00:00:00;2023-01-16 00:00:00;2022-12-12 00:00:00;2022-12-22 00:00:00
2022-12-09 00:00:00;SO945684;C0007;AS004;613;2023-02-10 00:00:00;2023-02-08 00:00:00;2022-12-12 00:00:00;2022-12-10 00:00:00
2022-12-09 00:00:00;SO384058;C0022;CS002;414;2023-01-20 00:00:00;2023-01-17 00:00:00;2022-12-13 00:00:00;2022-12-10 00:00:00
2022-12-09 00:00:00;SO384058;C0022;CL001;940;2023-01-20 00:00:00;2023-01-10 00:00:00;2022-12-13 00:00:00;2022-12-03 00:00:00
2022-12-12 00:00:00;SO308563;C0025;VS004;367;2023-01-09 00:00:00;2022-12-30 00:00:00;2022-12-20 00:00:00;2022-12-10 00:00:00
2022-12-12 00:00:00;SO220925;C0022;CS003;348;2023-01-23 00:00:00;2023-01-18 00:00:00;2022-12-16 00:00:00;2022-12-11 00:00:00
2022-12-12 00:00:00;SO591522;C0011;CL001;849;2023-01-16 00:00:00;2023-01-20 00:00:00;2022-12-15 00:00:00;2022-12-19 00:00:00
2022-12-12 00:00:00;SO591522;C0011;AS005;908;2023-01-16 00:00:00;2023-01-08 00:00:00;2022-12-15 00:00:00;2022-12-07 00:00:00
2022-12-12 00:00:00;SO308563;C0025;CS004;718;2023-01-09 00:00:00;2022-12-30 00:00:00;2022-12-20 00:00:00;2022-12-10 00:00:00
2022-12-12 00:00:00;SO591522;C0011;VS004;1120;2023-01-16 00:00:00;2023-01-07 00:00:00;2022-12-15 00:00:00;2022-12-06 00:00:00
2022-12-12 00:00:00;SO220925;C0022;CS004;630;2023-01-23 00:00:00;2023-01-27 00:00:00;2022-12-16 00:00:00;2022-12-20 00:00:00
2022-12-12 00:00:00;SO220925;C0022;AS004;796;2023-01-23 00:00:00;2023-01-31 00:00:00;2022-12-16 00:00:00;2022-12-24 00:00:00
2022-12-12 00:00:00;SO591522;C0011;CS003;766;2023-01-16 00:00:00;2023-01-18 00:00:00;2022-12-15 00:00:00;2022-12-17 00:00:00
2022-12-12 00:00:00;SO591522;C0011;CL002;661;2023-01-16 00:00:00;2023-01-08 00:00:00;2022-12-15 00:00:00;2022-12-07 00:00:00
2022-12-12 00:00:00;SO308563;C0025;AL001;799;2023-01-09 00:00:00;2023-01-07 00:00:00;2022-12-20 00:00:00;2022-12-18 00:00:00
2022-12-12 00:00:00;SO308563;C0025;VS002;772;2023-01-09 00:00:00;2023-01-06 00:00:00;2022-12-20 00:00:00;2022-12-17 00:00:00
2022-12-12 00:00:00;SO591522;C0011;VS002;778;2023-01-16 00:00:00;2023-01-19 00:00:00;2022-12-15 00:00:00;2022-12-18 00:00:00
2022-12-12 00:00:00;SO591522;C0011;CS001;516;2023-01-16 00:00:00;2023-01-19 00:00:00;2022-12-15 00:00:00;2022-12-18 00:00:00
2022-12-12 00:00:00;SO220925;C0022;CS001;648;2023-01-23 00:00:00;2023-02-02 00:00:00;2022-12-16 00:00:00;2022-12-26 00:00:00
2022-12-12 00:00:00;SO220925;C0022;AT002;1073;2023-01-23 00:00:00;2023-01-20 00:00:00;2022-12-16 00:00:00;2022-12-13 00:00:00
2022-12-12 00:00:00;SO308563;C0025;CS002;831;2023-01-09 00:00:00;2023-01-02 00:00:00;2022-12-20 00:00:00;2022-12-13 00:00:00
2022-12-12 00:00:00;SO591522;C0011;CS004;565;2023-01-16 00:00:00;2023-01-19 00:00:00;2022-12-15 00:00:00;2022-12-18 00:00:00
2022-12-13 00:00:00;SO606716;C0022;AS002;881;2023-01-24 00:00:00;2023-01-20 00:00:00;2022-12-17 00:00:00;2022-12-13 00:00:00
2022-12-13 00:00:00;SO213890;C0014;AS002;828;2023-01-17 00:00:00;2023-01-11 00:00:00;2022-12-17 00:00:00;2022-12-11 00:00:00
2022-12-13 00:00:00;SO213890;C0014;CS003;896;2023-01-17 00:00:00;2023-01-23 00:00:00;2022-12-17 00:00:00;2022-12-23 00:00:00
2022-12-13 00:00:00;SO213890;C0014;AS004;771;2023-01-17 00:00:00;2023-01-13 00:00:00;2022-12-17 00:00:00;2022-12-13 00:00:00
2022-12-13 00:00:00;SO213890;C0014;AL002;1134;2023-01-17 00:00:00;2023-01-12 00:00:00;2022-12-17 00:00:00;2022-12-12 00:00:00
2022-12-13 00:00:00;SO213890;C0014;AS005;387;2023-01-17 00:00:00;2023-01-12 00:00:00;2022-12-17 00:00:00;2022-12-12 00:00:00
2022-12-13 00:00:00;SO213890;C0014;VS001;718;2023-01-17 00:00:00;2023-01-07 00:00:00;2022-12-17 00:00:00;2022-12-07 00:00:00
2022-12-13 00:00:00;SO213890;C0014;VS002;527;2023-01-17 00:00:00;2023-01-11 00:00:00;2022-12-17 00:00:00;2022-12-11 00:00:00
2022-12-13 00:00:00;SO606716;C0022;CT003;992;2023-01-24 00:00:00;2023-01-28 00:00:00;2022-12-17 00:00:00;2022-12-21 00:00:00
2022-12-13 00:00:00;SO606716;C0022;AT002;1016;2023-01-24 00:00:00;2023-01-20 00:00:00;2022-12-17 00:00:00;2022-12-13 00:00:00
2022-12-13 00:00:00;SO606716;C0022;VS004;583;2023-01-24 00:00:00;2023-01-30 00:00:00;2022-12-17 00:00:00;2022-12-23 00:00:00
2022-12-13 00:00:00;SO606716;C0022;CS003;238;2023-01-24 00:00:00;2023-01-14 00:00:00;2022-12-17 00:00:00;2022-12-07 00:00:00
2022-12-14 00:00:00;SO646378;C0014;CT003;471;2023-01-18 00:00:00;2023-01-12 00:00:00;2022-12-18 00:00:00;2022-12-12 00:00:00
2022-12-14 00:00:00;SO699224;C0005;AL002;594;2023-02-08 00:00:00;2023-02-06 00:00:00;2022-12-16 00:00:00;2022-12-14 00:00:00
2022-12-14 00:00:00;SO254880;C0017;AL001;1019;2023-02-08 00:00:00;2023-01-30 00:00:00;2022-12-18 00:00:00;2022-12-09 00:00:00
2022-12-14 00:00:00;SO254880;C0017;CS004;1028;2023-02-08 00:00:00;2023-02-18 00:00:00;2022-12-18 00:00:00;2022-12-28 00:00:00
2022-12-14 00:00:00;SO699224;C0005;AS004;434;2023-02-08 00:00:00;2023-02-01 00:00:00;2022-12-16 00:00:00;2022-12-09 00:00:00
2022-12-14 00:00:00;SO646378;C0014;CS002;1138;2023-01-18 00:00:00;2023-01-13 00:00:00;2022-12-18 00:00:00;2022-12-13 00:00:00
2022-12-14 00:00:00;SO646378;C0014;AS002;624;2023-01-18 00:00:00;2023-01-09 00:00:00;2022-12-18 00:00:00;2022-12-09 00:00:00
2022-12-14 00:00:00;SO699224;C0005;CS002;853;2023-02-08 00:00:00;2023-02-09 00:00:00;2022-12-16 00:00:00;2022-12-17 00:00:00
2022-12-14 00:00:00;SO254880;C0017;AT002;1053;2023-02-08 00:00:00;2023-02-09 00:00:00;2022-12-18 00:00:00;2022-12-19 00:00:00
2022-12-14 00:00:00;SO646378;C0014;AL001;847;2023-01-18 00:00:00;2023-01-26 00:00:00;2022-12-18 00:00:00;2022-12-26 00:00:00
2022-12-14 00:00:00;SO254880;C0017;CS001;639;2023-02-08 00:00:00;2023-02-02 00:00:00;2022-12-18 00:00:00;2022-12-12 00:00:00
2022-12-14 00:00:00;SO646378;C0014;CL001;1245;2023-01-18 00:00:00;2023-01-26 00:00:00;2022-12-18 00:00:00;2022-12-26 00:00:00
2022-12-14 00:00:00;SO699224;C0005;AS002;566;2023-02-08 00:00:00;2023-02-17 00:00:00;2022-12-16 00:00:00;2022-12-25 00:00:00
2022-12-15 00:00:00;SO542964;C0027;VS001;562;2023-01-26 00:00:00;2023-01-30 00:00:00;2022-12-23 00:00:00;2022-12-27 00:00:00
2022-12-15 00:00:00;SO390234;C0025;AL001;921;2023-01-12 00:00:00;2023-01-09 00:00:00;2022-12-23 00:00:00;2022-12-20 00:00:00
2022-12-15 00:00:00;SO542964;C0027;CS003;712;2023-01-26 00:00:00;2023-01-25 00:00:00;2022-12-23 00:00:00;2022-12-22 00:00:00
2022-12-15 00:00:00;SO390234;C0025;AL002;307;2023-01-12 00:00:00;2023-01-21 00:00:00;2022-12-23 00:00:00;2023-01-01 00:00:00
2022-12-15 00:00:00;SO390234;C0025;AS004;524;2023-01-12 00:00:00;2023-01-02 00:00:00;2022-12-23 00:00:00;2022-12-13 00:00:00
2022-12-15 00:00:00;SO390234;C0025;CT003;491;2023-01-12 00:00:00;2023-01-17 00:00:00;2022-12-23 00:00:00;2022-12-28 00:00:00
2022-12-15 00:00:00;SO390234;C0025;CL002;649;2023-01-12 00:00:00;2023-01-04 00:00:00;2022-12-23 00:00:00;2022-12-15 00:00:00
2022-12-15 00:00:00;SO390234;C0025;CS002;1004;2023-01-12 00:00:00;2023-01-07 00:00:00;2022-12-23 00:00:00;2022-12-18 00:00:00
2022-12-15 00:00:00;SO542964;C0027;AS002;457;2023-01-26 00:00:00;2023-02-05 00:00:00;2022-12-23 00:00:00;2023-01-02 00:00:00
2022-12-15 00:00:00;SO542964;C0027;AS005;732;2023-01-26 00:00:00;2023-01-23 00:00:00;2022-12-23 00:00:00;2022-12-20 00:00:00
2022-12-15 00:00:00;SO390234;C0025;AT002;823;2023-01-12 00:00:00;2023-01-07 00:00:00;2022-12-23 00:00:00;2022-12-18 00:00:00
2022-12-15 00:00:00;SO542964;C0027;CT003;978;2023-01-26 00:00:00;2023-01-18 00:00:00;2022-12-23 00:00:00;2022-12-15 00:00:00
2022-12-15 00:00:00;SO542964;C0027;VS004;1005;2023-01-26 00:00:00;2023-01-28 00:00:00;2022-12-23 00:00:00;2022-12-25 00:00:00
2022-12-15 00:00:00;SO542964;C0027;CS004;711;2023-01-26 00:00:00;2023-02-01 00:00:00;2022-12-23 00:00:00;2022-12-29 00:00:00
2022-12-15 00:00:00;SO390234;C0025;AS005;452;2023-01-12 00:00:00;2023-01-10 00:00:00;2022-12-23 00:00:00;2022-12-21 00:00:00
2022-12-15 00:00:00;SO542964;C0027;AS004;964;2023-01-26 00:00:00;2023-01-31 00:00:00;2022-12-23 00:00:00;2022-12-28 00:00:00
2022-12-15 00:00:00;SO542964;C0027;CL001;612;2023-01-26 00:00:00;2023-01-25 00:00:00;2022-12-23 00:00:00;2022-12-22 00:00:00
2022-12-15 00:00:00;SO542964;C0027;AL001;540;2023-01-26 00:00:00;2023-02-03 00:00:00;2022-12-23 00:00:00;2022-12-31 00:00:00
2022-12-15 00:00:00;SO542964;C0027;AL002;644;2023-01-26 00:00:00;2023-02-04 00:00:00;2022-12-23 00:00:00;2023-01-01 00:00:00
2022-12-15 00:00:00;SO390234;C0025;CS003;457;2023-01-12 00:00:00;2023-01-05 00:00:00;2022-12-23 00:00:00;2022-12-16 00:00:00
2022-12-16 00:00:00;SO164855;C0009;CS004;673;2022-12-30 00:00:00;2023-01-06 00:00:00;2022-12-19 00:00:00;2022-12-26 00:00:00
2022-12-16 00:00:00;SO850143;C0015;AL001;391;2023-01-27 00:00:00;2023-01-30 00:00:00;2022-12-20 00:00:00;2022-12-23 00:00:00
2022-12-16 00:00:00;SO532803;C0002;VS002;355;2023-01-20 00:00:00;2023-01-13 00:00:00;2022-12-18 00:00:00;2022-12-11 00:00:00
2022-12-16 00:00:00;SO532803;C0002;AS005;769;2023-01-20 00:00:00;2023-01-11 00:00:00;2022-12-18 00:00:00;2022-12-09 00:00:00
2022-12-16 00:00:00;SO532803;C0002;AT002;1059;2023-01-20 00:00:00;2023-01-24 00:00:00;2022-12-18 00:00:00;2022-12-22 00:00:00
2022-12-16 00:00:00;SO164855;C0009;AS002;649;2022-12-30 00:00:00;2022-12-31 00:00:00;2022-12-19 00:00:00;2022-12-20 00:00:00
2022-12-16 00:00:00;SO532803;C0002;CS001;684;2023-01-20 00:00:00;2023-01-30 00:00:00;2022-12-18 00:00:00;2022-12-28 00:00:00
2022-12-16 00:00:00;SO850143;C0015;VS001;695;2023-01-27 00:00:00;2023-01-31 00:00:00;2022-12-20 00:00:00;2022-12-24 00:00:00
2022-12-16 00:00:00;SO164855;C0009;VS002;492;2022-12-30 00:00:00;2023-01-04 00:00:00;2022-12-19 00:00:00;2022-12-24 00:00:00
2022-12-16 00:00:00;SO532803;C0002;CT002;478;2023-01-20 00:00:00;2023-01-25 00:00:00;2022-12-18 00:00:00;2022-12-23 00:00:00
2022-12-16 00:00:00;SO850143;C0015;AS004;356;2023-01-27 00:00:00;2023-02-01 00:00:00;2022-12-20 00:00:00;2022-12-25 00:00:00
2022-12-16 00:00:00;SO532803;C0002;CL001;920;2023-01-20 00:00:00;2023-01-19 00:00:00;2022-12-18 00:00:00;2022-12-17 00:00:00
2022-12-16 00:00:00;SO164855;C0009;CL001;848;2022-12-30 00:00:00;2022-12-26 00:00:00;2022-12-19 00:00:00;2022-12-15 00:00:00
2022-12-16 00:00:00;SO164855;C0009;CT003;527;2022-12-30 00:00:00;2022-12-30 00:00:00;2022-12-19 00:00:00;2022-12-19 00:00:00
2022-12-16 00:00:00;SO532803;C0002;CL002;1022;2023-01-20 00:00:00;2023-01-23 00:00:00;2022-12-18 00:00:00;2022-12-21 00:00:00
2022-12-19 00:00:00;SO111639;C0016;CS004;847;2023-01-02 00:00:00;2022-12-28 00:00:00;2022-12-23 00:00:00;2022-12-18 00:00:00
2022-12-19 00:00:00;SO603711;C0004;CT002;305;2023-01-02 00:00:00;2022-12-26 00:00:00;2022-12-21 00:00:00;2022-12-14 00:00:00
2022-12-19 00:00:00;SO892303;C0015;AS002;356;2023-01-30 00:00:00;2023-01-30 00:00:00;2022-12-23 00:00:00;2022-12-23 00:00:00
2022-12-19 00:00:00;SO111639;C0016;AS002;623;2023-01-02 00:00:00;2023-01-02 00:00:00;2022-12-23 00:00:00;2022-12-23 00:00:00
2022-12-19 00:00:00;SO603711;C0004;AS002;572;2023-01-02 00:00:00;2023-01-11 00:00:00;2022-12-21 00:00:00;2022-12-30 00:00:00
2022-12-19 00:00:00;SO892303;C0015;AL001;1141;2023-01-30 00:00:00;2023-02-08 00:00:00;2022-12-23 00:00:00;2023-01-01 00:00:00
2022-12-19 00:00:00;SO892303;C0015;CS004;548;2023-01-30 00:00:00;2023-02-03 00:00:00;2022-12-23 00:00:00;2022-12-27 00:00:00
2022-12-19 00:00:00;SO111639;C0016;VS002;1091;2023-01-02 00:00:00;2022-12-29 00:00:00;2022-12-23 00:00:00;2022-12-19 00:00:00
2022-12-19 00:00:00;SO603711;C0004;VS004;600;2023-01-02 00:00:00;2023-01-03 00:00:00;2022-12-21 00:00:00;2022-12-22 00:00:00
2022-12-19 00:00:00;SO892303;C0015;CT002;612;2023-01-30 00:00:00;2023-02-08 00:00:00;2022-12-23 00:00:00;2023-01-01 00:00:00
2022-12-19 00:00:00;SO111639;C0016;CL001;936;2023-01-02 00:00:00;2023-01-04 00:00:00;2022-12-23 00:00:00;2022-12-25 00:00:00
2022-12-19 00:00:00;SO603711;C0004;CL001;1194;2023-01-02 00:00:00;2023-01-09 00:00:00;2022-12-21 00:00:00;2022-12-28 00:00:00
2022-12-19 00:00:00;SO892303;C0015;VS001;1114;2023-01-30 00:00:00;2023-01-21 00:00:00;2022-12-23 00:00:00;2022-12-14 00:00:00
2022-12-19 00:00:00;SO111639;C0016;CS002;240;2023-01-02 00:00:00;2022-12-23 00:00:00;2022-12-23 00:00:00;2022-12-13 00:00:00
2022-12-20 00:00:00;SO342585;C0017;AT002;803;2023-02-14 00:00:00;2023-02-20 00:00:00;2022-12-24 00:00:00;2022-12-30 00:00:00
2022-12-20 00:00:00;SO171158;C0029;CS003;1036;2023-02-14 00:00:00;2023-02-10 00:00:00;2022-12-28 00:00:00;2022-12-24 00:00:00
2022-12-20 00:00:00;SO603097;C0026;CT002;956;2023-01-24 00:00:00;2023-01-26 00:00:00;2022-12-28 00:00:00;2022-12-30 00:00:00
2022-12-20 00:00:00;SO567331;C0027;CS001;1168;2023-01-31 00:00:00;2023-02-07 00:00:00;2022-12-28 00:00:00;2023-01-04 00:00:00
2022-12-20 00:00:00;SO603097;C0026;CS001;840;2023-01-24 00:00:00;2023-01-25 00:00:00;2022-12-28 00:00:00;2022-12-29 00:00:00
2022-12-20 00:00:00;SO342585;C0017;AS005;746;2023-02-14 00:00:00;2023-02-04 00:00:00;2022-12-24 00:00:00;2022-12-14 00:00:00
2022-12-20 00:00:00;SO342585;C0017;AS004;381;2023-02-14 00:00:00;2023-02-24 00:00:00;2022-12-24 00:00:00;2023-01-03 00:00:00
2022-12-20 00:00:00;SO567331;C0027;CL001;915;2023-01-31 00:00:00;2023-01-26 00:00:00;2022-12-28 00:00:00;2022-12-23 00:00:00
2022-12-20 00:00:00;SO171158;C0029;AS004;798;2023-02-14 00:00:00;2023-02-10 00:00:00;2022-12-28 00:00:00;2022-12-24 00:00:00
2022-12-20 00:00:00;SO567331;C0027;AS004;671;2023-01-31 00:00:00;2023-01-22 00:00:00;2022-12-28 00:00:00;2022-12-19 00:00:00
2022-12-20 00:00:00;SO603097;C0026;CS004;1073;2023-01-24 00:00:00;2023-01-24 00:00:00;2022-12-28 00:00:00;2022-12-28 00:00:00
2022-12-20 00:00:00;SO171158;C0029;AS005;1207;2023-02-14 00:00:00;2023-02-23 00:00:00;2022-12-28 00:00:00;2023-01-06 00:00:00
2022-12-20 00:00:00;SO567331;C0027;CL002;824;2023-01-31 00:00:00;2023-02-06 00:00:00;2022-12-28 00:00:00;2023-01-03 00:00:00
2022-12-21 00:00:00;SO780173;C0025;VS004;425;2023-01-18 00:00:00;2023-01-23 00:00:00;2022-12-29 00:00:00;2023-01-03 00:00:00
2022-12-21 00:00:00;SO564199;C0030;CS001;581;2023-02-22 00:00:00;2023-03-04 00:00:00;2022-12-29 00:00:00;2023-01-08 00:00:00
2022-12-21 00:00:00;SO897823;C0020;CT003;722;2023-02-15 00:00:00;2023-02-22 00:00:00;2022-12-25 00:00:00;2023-01-01 00:00:00
2022-12-21 00:00:00;SO897823;C0020;CS004;469;2023-02-15 00:00:00;2023-02-15 00:00:00;2022-12-25 00:00:00;2022-12-25 00:00:00
2022-12-21 00:00:00;SO897823;C0020;AS002;616;2023-02-15 00:00:00;2023-02-11 00:00:00;2022-12-25 00:00:00;2022-12-21 00:00:00
2022-12-21 00:00:00;SO897823;C0020;CL002;602;2023-02-15 00:00:00;2023-02-25 00:00:00;2022-12-25 00:00:00;2023-01-04 00:00:00
2022-12-21 00:00:00;SO897823;C0020;CT002;643;2023-02-15 00:00:00;2023-02-14 00:00:00;2022-12-25 00:00:00;2022-12-24 00:00:00
2022-12-21 00:00:00;SO897823;C0020;AL001;881;2023-02-15 00:00:00;2023-02-22 00:00:00;2022-12-25 00:00:00;2023-01-01 00:00:00
2022-12-21 00:00:00;SO564199;C0030;AL001;808;2023-02-22 00:00:00;2023-02-15 00:00:00;2022-12-29 00:00:00;2022-12-22 00:00:00
2022-12-21 00:00:00;SO897823;C0020;AT002;314;2023-02-15 00:00:00;2023-02-23 00:00:00;2022-12-25 00:00:00;2023-01-02 00:00:00
2022-12-21 00:00:00;SO897823;C0020;VS001;789;2023-02-15 00:00:00;2023-02-10 00:00:00;2022-12-25 00:00:00;2022-12-20 00:00:00
2022-12-21 00:00:00;SO780173;C0025;CS004;895;2023-01-18 00:00:00;2023-01-20 00:00:00;2022-12-29 00:00:00;2022-12-31 00:00:00
2022-12-21 00:00:00;SO780173;C0025;CL001;1149;2023-01-18 00:00:00;2023-01-13 00:00:00;2022-12-29 00:00:00;2022-12-24 00:00:00
2022-12-21 00:00:00;SO780173;C0025;AT002;609;2023-01-18 00:00:00;2023-01-23 00:00:00;2022-12-29 00:00:00;2023-01-03 00:00:00
2022-12-21 00:00:00;SO780173;C0025;AS004;876;2023-01-18 00:00:00;2023-01-16 00:00:00;2022-12-29 00:00:00;2022-12-27 00:00:00
2022-12-21 00:00:00;SO897823;C0020;AS005;762;2023-02-15 00:00:00;2023-02-18 00:00:00;2022-12-25 00:00:00;2022-12-28 00:00:00
2022-12-21 00:00:00;SO564199;C0030;VS001;423;2023-02-22 00:00:00;2023-02-15 00:00:00;2022-12-29 00:00:00;2022-12-22 00:00:00
2022-12-22 00:00:00;SO736772;C0003;VS001;1042;2023-02-02 00:00:00;2023-02-05 00:00:00;2022-12-24 00:00:00;2022-12-27 00:00:00
2022-12-22 00:00:00;SO558505;C0029;AS004;520;2023-02-16 00:00:00;2023-02-25 00:00:00;2022-12-30 00:00:00;2023-01-08 00:00:00
2022-12-22 00:00:00;SO736772;C0003;AT002;308;2023-02-02 00:00:00;2023-01-26 00:00:00;2022-12-24 00:00:00;2022-12-17 00:00:00
2022-12-22 00:00:00;SO558505;C0029;CS003;1146;2023-02-16 00:00:00;2023-02-16 00:00:00;2022-12-30 00:00:00;2022-12-30 00:00:00
2022-12-22 00:00:00;SO736772;C0003;CS001;491;2023-02-02 00:00:00;2023-02-07 00:00:00;2022-12-24 00:00:00;2022-12-29 00:00:00
2022-12-22 00:00:00;SO736772;C0003;CL001;950;2023-02-02 00:00:00;2023-02-04 00:00:00;2022-12-24 00:00:00;2022-12-26 00:00:00
2022-12-22 00:00:00;SO736772;C0003;CS002;1046;2023-02-02 00:00:00;2023-02-04 00:00:00;2022-12-24 00:00:00;2022-12-26 00:00:00
2022-12-22 00:00:00;SO736772;C0003;CS003;997;2023-02-02 00:00:00;2023-02-06 00:00:00;2022-12-24 00:00:00;2022-12-28 00:00:00
2022-12-22 00:00:00;SO558505;C0029;AL002;748;2023-02-16 00:00:00;2023-02-08 00:00:00;2022-12-30 00:00:00;2022-12-22 00:00:00
2022-12-22 00:00:00;SO736772;C0003;CS004;504;2023-02-02 00:00:00;2023-01-27 00:00:00;2022-12-24 00:00:00;2022-12-18 00:00:00
2022-12-22 00:00:00;SO558505;C0029;VS004;562;2023-02-16 00:00:00;2023-02-15 00:00:00;2022-12-30 00:00:00;2022-12-29 00:00:00
2022-12-22 00:00:00;SO558505;C0029;AL001;1018;2023-02-16 00:00:00;2023-02-13 00:00:00;2022-12-30 00:00:00;2022-12-27 00:00:00
2022-12-22 00:00:00;SO558505;C0029;CL001;1119;2023-02-16 00:00:00;2023-02-12 00:00:00;2022-12-30 00:00:00;2022-12-26 00:00:00
2022-12-22 00:00:00;SO558505;C0029;CT003;934;2023-02-16 00:00:00;2023-02-19 00:00:00;2022-12-30 00:00:00;2023-01-02 00:00:00
2022-12-22 00:00:00;SO736772;C0003;AL002;728;2023-02-02 00:00:00;2023-02-12 00:00:00;2022-12-24 00:00:00;2023-01-03 00:00:00
2022-12-22 00:00:00;SO558505;C0029;CS001;771;2023-02-16 00:00:00;2023-02-22 00:00:00;2022-12-30 00:00:00;2023-01-05 00:00:00
2022-12-23 00:00:00;SO301520;C0003;CS004;581;2023-02-03 00:00:00;2023-01-25 00:00:00;2022-12-25 00:00:00;2022-12-16 00:00:00
2022-12-23 00:00:00;SO539843;C0006;CS001;1056;2023-02-24 00:00:00;2023-02-21 00:00:00;2022-12-25 00:00:00;2022-12-22 00:00:00
2022-12-23 00:00:00;SO322026;C0008;VS002;852;2023-02-17 00:00:00;2023-02-08 00:00:00;2022-12-26 00:00:00;2022-12-17 00:00:00
2022-12-23 00:00:00;SO374700;C0002;VS002;431;2023-01-27 00:00:00;2023-01-25 00:00:00;2022-12-25 00:00:00;2022-12-23 00:00:00
2022-12-23 00:00:00;SO301520;C0003;CT003;516;2023-02-03 00:00:00;2023-02-02 00:00:00;2022-12-25 00:00:00;2022-12-24 00:00:00
2022-12-23 00:00:00;SO301520;C0003;VS001;1111;2023-02-03 00:00:00;2023-01-26 00:00:00;2022-12-25 00:00:00;2022-12-17 00:00:00
2022-12-23 00:00:00;SO539843;C0006;CL001;566;2023-02-24 00:00:00;2023-02-17 00:00:00;2022-12-25 00:00:00;2022-12-18 00:00:00
2022-12-23 00:00:00;SO539843;C0006;AL001;839;2023-02-24 00:00:00;2023-02-23 00:00:00;2022-12-25 00:00:00;2022-12-24 00:00:00
2022-12-23 00:00:00;SO322026;C0008;AL001;710;2023-02-17 00:00:00;2023-02-10 00:00:00;2022-12-26 00:00:00;2022-12-19 00:00:00
2022-12-23 00:00:00;SO539843;C0006;VS002;1032;2023-02-24 00:00:00;2023-03-06 00:00:00;2022-12-25 00:00:00;2023-01-04 00:00:00
2022-12-23 00:00:00;SO301520;C0003;AS005;722;2023-02-03 00:00:00;2023-02-10 00:00:00;2022-12-25 00:00:00;2023-01-01 00:00:00
2022-12-23 00:00:00;SO374700;C0002;AS002;674;2023-01-27 00:00:00;2023-01-21 00:00:00;2022-12-25 00:00:00;2022-12-19 00:00:00
2022-12-23 00:00:00;SO322026;C0008;CT003;971;2023-02-17 00:00:00;2023-02-26 00:00:00;2022-12-26 00:00:00;2023-01-04 00:00:00
2022-12-23 00:00:00;SO322026;C0008;AS004;582;2023-02-17 00:00:00;2023-02-07 00:00:00;2022-12-26 00:00:00;2022-12-16 00:00:00
2022-12-23 00:00:00;SO539843;C0006;AS004;592;2023-02-24 00:00:00;2023-02-17 00:00:00;2022-12-25 00:00:00;2022-12-18 00:00:00
2022-12-23 00:00:00;SO539843;C0006;CS002;510;2023-02-24 00:00:00;2023-03-06 00:00:00;2022-12-25 00:00:00;2023-01-04 00:00:00
2022-12-26 00:00:00;SO475316;C0017;CT003;1028;2023-02-20 00:00:00;2023-03-01 00:00:00;2022-12-30 00:00:00;2023-01-08 00:00:00
2022-12-26 00:00:00;SO401087;C0002;VS001;837;2023-01-30 00:00:00;2023-01-30 00:00:00;2022-12-28 00:00:00;2022-12-28 00:00:00
2022-12-26 00:00:00;SO340162;C0028;AL002;446;2023-01-09 00:00:00;2023-01-17 00:00:00;2023-01-03 00:00:00;2023-01-11 00:00:00
2022-12-26 00:00:00;SO401087;C0002;CS002;1028;2023-01-30 00:00:00;2023-02-03 00:00:00;2022-12-28 00:00:00;2023-01-01 00:00:00
2022-12-26 00:00:00;SO401087;C0002;AL002;1097;2023-01-30 00:00:00;2023-02-05 00:00:00;2022-12-28 00:00:00;2023-01-03 00:00:00
2022-12-26 00:00:00;SO475316;C0017;AT002;643;2023-02-20 00:00:00;2023-02-13 00:00:00;2022-12-30 00:00:00;2022-12-23 00:00:00
2022-12-26 00:00:00;SO401087;C0002;AT002;650;2023-01-30 00:00:00;2023-01-31 00:00:00;2022-12-28 00:00:00;2022-12-29 00:00:00
2022-12-26 00:00:00;SO401087;C0002;AL001;929;2023-01-30 00:00:00;2023-02-03 00:00:00;2022-12-28 00:00:00;2023-01-01 00:00:00
2022-12-26 00:00:00;SO401087;C0002;AS005;996;2023-01-30 00:00:00;2023-01-23 00:00:00;2022-12-28 00:00:00;2022-12-21 00:00:00
2022-12-26 00:00:00;SO340162;C0028;CS002;750;2023-01-09 00:00:00;2023-01-15 00:00:00;2023-01-03 00:00:00;2023-01-09 00:00:00
2022-12-26 00:00:00;SO401087;C0002;CL001;473;2023-01-30 00:00:00;2023-02-02 00:00:00;2022-12-28 00:00:00;2022-12-31 00:00:00
2022-12-26 00:00:00;SO475316;C0017;CS003;717;2023-02-20 00:00:00;2023-02-23 00:00:00;2022-12-30 00:00:00;2023-01-02 00:00:00
2022-12-26 00:00:00;SO401087;C0002;CS001;800;2023-01-30 00:00:00;2023-01-21 00:00:00;2022-12-28 00:00:00;2022-12-19 00:00:00
2022-12-26 00:00:00;SO401087;C0002;AS002;1029;2023-01-30 00:00:00;2023-01-30 00:00:00;2022-12-28 00:00:00;2022-12-28 00:00:00
2022-12-26 00:00:00;SO475316;C0017;CL001;767;2023-02-20 00:00:00;2023-02-20 00:00:00;2022-12-30 00:00:00;2022-12-30 00:00:00
2022-12-26 00:00:00;SO401087;C0002;VS002;977;2023-01-30 00:00:00;2023-01-21 00:00:00;2022-12-28 00:00:00;2022-12-19 00:00:00
2022-12-26 00:00:00;SO340162;C0028;CT002;1142;2023-01-09 00:00:00;2023-01-16 00:00:00;2023-01-03 00:00:00;2023-01-10 00:00:00
2022-12-26 00:00:00;SO340162;C0028;VS001;1008;2023-01-09 00:00:00;2023-01-17 00:00:00;2023-01-03 00:00:00;2023-01-11 00:00:00
2022-12-26 00:00:00;SO340162;C0028;CL001;621;2023-01-09 00:00:00;2023-01-03 00:00:00;2023-01-03 00:00:00;2022-12-28 00:00:00
2022-12-26 00:00:00;SO475316;C0017;AL002;946;2023-02-20 00:00:00;2023-02-16 00:00:00;2022-12-30 00:00:00;2022-12-26 00:00:00
2022-12-27 00:00:00;SO556907;C0028;CL001;825;2023-01-10 00:00:00;2023-01-05 00:00:00;2023-01-04 00:00:00;2022-12-30 00:00:00
2022-12-27 00:00:00;SO881144;C0018;AS002;766;2023-02-28 00:00:00;2023-03-04 00:00:00;2022-12-31 00:00:00;2023-01-04 00:00:00
2022-12-27 00:00:00;SO881144;C0018;CT003;471;2023-02-28 00:00:00;2023-02-23 00:00:00;2022-12-31 00:00:00;2022-12-26 00:00:00
2022-12-27 00:00:00;SO556907;C0028;AS005;972;2023-01-10 00:00:00;2023-01-16 00:00:00;2023-01-04 00:00:00;2023-01-10 00:00:00
2022-12-27 00:00:00;SO556907;C0028;CS004;1114;2023-01-10 00:00:00;2023-01-11 00:00:00;2023-01-04 00:00:00;2023-01-05 00:00:00
2022-12-27 00:00:00;SO556907;C0028;AS002;922;2023-01-10 00:00:00;2023-01-02 00:00:00;2023-01-04 00:00:00;2022-12-27 00:00:00
2022-12-27 00:00:00;SO881144;C0018;AS005;518;2023-02-28 00:00:00;2023-02-25 00:00:00;2022-12-31 00:00:00;2022-12-28 00:00:00
2022-12-27 00:00:00;SO556907;C0028;CT002;334;2023-01-10 00:00:00;2023-01-12 00:00:00;2023-01-04 00:00:00;2023-01-06 00:00:00
2022-12-27 00:00:00;SO556907;C0028;AL002;682;2023-01-10 00:00:00;2023-01-11 00:00:00;2023-01-04 00:00:00;2023-01-05 00:00:00
2022-12-27 00:00:00;SO556907;C0028;CS001;1031;2023-01-10 00:00:00;2023-01-07 00:00:00;2023-01-04 00:00:00;2023-01-01 00:00:00
2022-12-27 00:00:00;SO556907;C0028;CT003;656;2023-01-10 00:00:00;2023-01-17 00:00:00;2023-01-04 00:00:00;2023-01-11 00:00:00
2022-12-27 00:00:00;SO556907;C0028;CS003;593;2023-01-10 00:00:00;2023-01-20 00:00:00;2023-01-04 00:00:00;2023-01-14 00:00:00
2022-12-27 00:00:00;SO881144;C0018;AL002;774;2023-02-28 00:00:00;2023-02-24 00:00:00;2022-12-31 00:00:00;2022-12-27 00:00:00
2022-12-27 00:00:00;SO881144;C0018;VS001;641;2023-02-28 00:00:00;2023-03-08 00:00:00;2022-12-31 00:00:00;2023-01-08 00:00:00
2022-12-27 00:00:00;SO556907;C0028;VS002;480;2023-01-10 00:00:00;2023-01-14 00:00:00;2023-01-04 00:00:00;2023-01-08 00:00:00
2022-12-27 00:00:00;SO556907;C0028;VS004;316;2023-01-10 00:00:00;2023-01-10 00:00:00;2023-01-04 00:00:00;2023-01-04 00:00:00
2022-12-27 00:00:00;SO881144;C0018;VS004;328;2023-02-28 00:00:00;2023-02-28 00:00:00;2022-12-31 00:00:00;2022-12-31 00:00:00
2022-12-27 00:00:00;SO556907;C0028;AS004;589;2023-01-10 00:00:00;2023-01-02 00:00:00;2023-01-04 00:00:00;2022-12-27 00:00:00
2022-12-27 00:00:00;SO881144;C0018;CT002;600;2023-02-28 00:00:00;2023-02-25 00:00:00;2022-12-31 00:00:00;2022-12-28 00:00:00
2022-12-28 00:00:00;SO315578;C0001;CL002;497;2023-01-25 00:00:00;2023-01-25 00:00:00;2022-12-30 00:00:00;2022-12-30 00:00:00
2022-12-28 00:00:00;SO278317;C0007;CS002;530;2023-03-01 00:00:00;2023-03-02 00:00:00;2022-12-31 00:00:00;2023-01-01 00:00:00
2022-12-28 00:00:00;SO387509;C0019;AS005;840;2023-03-01 00:00:00;2023-02-25 00:00:00;2023-01-01 00:00:00;2022-12-28 00:00:00
2022-12-28 00:00:00;SO445650;C0004;AL002;689;2023-01-11 00:00:00;2023-01-05 00:00:00;2022-12-30 00:00:00;2022-12-24 00:00:00
2022-12-28 00:00:00;SO445650;C0004;AS002;602;2023-01-11 00:00:00;2023-01-08 00:00:00;2022-12-30 00:00:00;2022-12-27 00:00:00
2022-12-28 00:00:00;SO278317;C0007;AL002;343;2023-03-01 00:00:00;2023-02-20 00:00:00;2022-12-31 00:00:00;2022-12-22 00:00:00
2022-12-28 00:00:00;SO387509;C0019;AS004;628;2023-03-01 00:00:00;2023-03-10 00:00:00;2023-01-01 00:00:00;2023-01-10 00:00:00
2022-12-28 00:00:00;SO315578;C0001;CS003;873;2023-01-25 00:00:00;2023-02-02 00:00:00;2022-12-30 00:00:00;2023-01-07 00:00:00
2022-12-28 00:00:00;SO387509;C0019;AL002;942;2023-03-01 00:00:00;2023-02-27 00:00:00;2023-01-01 00:00:00;2022-12-30 00:00:00
2022-12-28 00:00:00;SO445650;C0004;AT002;398;2023-01-11 00:00:00;2023-01-20 00:00:00;2022-12-30 00:00:00;2023-01-08 00:00:00
2022-12-28 00:00:00;SO278317;C0007;VS004;535;2023-03-01 00:00:00;2023-03-02 00:00:00;2022-12-31 00:00:00;2023-01-01 00:00:00
2022-12-28 00:00:00;SO387509;C0019;CT002;814;2023-03-01 00:00:00;2023-03-08 00:00:00;2023-01-01 00:00:00;2023-01-08 00:00:00
2022-12-28 00:00:00;SO387509;C0019;VS001;562;2023-03-01 00:00:00;2023-03-10 00:00:00;2023-01-01 00:00:00;2023-01-10 00:00:00
2022-12-28 00:00:00;SO278317;C0007;CL002;382;2023-03-01 00:00:00;2023-02-19 00:00:00;2022-12-31 00:00:00;2022-12-21 00:00:00
2022-12-28 00:00:00;SO278317;C0007;CT003;568;2023-03-01 00:00:00;2023-02-25 00:00:00;2022-12-31 00:00:00;2022-12-27 00:00:00
2022-12-28 00:00:00;SO315578;C0001;CT003;1045;2023-01-25 00:00:00;2023-01-18 00:00:00;2022-12-30 00:00:00;2022-12-23 00:00:00
2022-12-28 00:00:00;SO445650;C0004;CS003;1083;2023-01-11 00:00:00;2023-01-04 00:00:00;2022-12-30 00:00:00;2022-12-23 00:00:00
2022-12-28 00:00:00;SO278317;C0007;AS002;733;2023-03-01 00:00:00;2023-02-25 00:00:00;2022-12-31 00:00:00;2022-12-27 00:00:00
2022-12-29 00:00:00;SO316684;C0028;AT002;803;2023-01-12 00:00:00;2023-01-09 00:00:00;2023-01-06 00:00:00;2023-01-03 00:00:00
2022-12-29 00:00:00;SO676616;C0022;CT003;889;2023-02-09 00:00:00;2023-02-07 00:00:00;2023-01-02 00:00:00;2022-12-31 00:00:00
2022-12-29 00:00:00;SO316684;C0028;CS002;359;2023-01-12 00:00:00;2023-01-05 00:00:00;2023-01-06 00:00:00;2022-12-30 00:00:00
2022-12-29 00:00:00;SO316684;C0028;VS002;810;2023-01-12 00:00:00;2023-01-12 00:00:00;2023-01-06 00:00:00;2023-01-06 00:00:00
2022-12-29 00:00:00;SO316684;C0028;VS001;948;2023-01-12 00:00:00;2023-01-11 00:00:00;2023-01-06 00:00:00;2023-01-05 00:00:00
2022-12-29 00:00:00;SO676616;C0022;AS004;609;2023-02-09 00:00:00;2023-02-08 00:00:00;2023-01-02 00:00:00;2023-01-01 00:00:00
2022-12-29 00:00:00;SO316684;C0028;AS004;866;2023-01-12 00:00:00;2023-01-18 00:00:00;2023-01-06 00:00:00;2023-01-12 00:00:00
2022-12-29 00:00:00;SO316684;C0028;CS003;1141;2023-01-12 00:00:00;2023-01-22 00:00:00;2023-01-06 00:00:00;2023-01-16 00:00:00
2022-12-29 00:00:00;SO316684;C0028;AL002;818;2023-01-12 00:00:00;2023-01-07 00:00:00;2023-01-06 00:00:00;2023-01-01 00:00:00
2022-12-29 00:00:00;SO316684;C0028;AS002;640;2023-01-12 00:00:00;2023-01-09 00:00:00;2023-01-06 00:00:00;2023-01-03 00:00:00
2022-12-29 00:00:00;SO676616;C0022;CS004;437;2023-02-09 00:00:00;2023-02-19 00:00:00;2023-01-02 00:00:00;2023-01-12 00:00:00
2022-12-29 00:00:00;SO676616;C0022;CS003;796;2023-02-09 00:00:00;2023-02-16 00:00:00;2023-01-02 00:00:00;2023-01-09 00:00:00
2022-12-29 00:00:00;SO316684;C0028;AL001;553;2023-01-12 00:00:00;2023-01-09 00:00:00;2023-01-06 00:00:00;2023-01-03 00:00:00
2022-12-29 00:00:00;SO676616;C0022;AT002;793;2023-02-09 00:00:00;2023-02-15 00:00:00;2023-01-02 00:00:00;2023-01-08 00:00:00
2022-12-29 00:00:00;SO316684;C0028;CL002;366;2023-01-12 00:00:00;2023-01-13 00:00:00;2023-01-06 00:00:00;2023-01-07 00:00:00
2022-12-29 00:00:00;SO676616;C0022;CL002;656;2023-02-09 00:00:00;2023-02-06 00:00:00;2023-01-02 00:00:00;2022-12-30 00:00:00
2022-12-29 00:00:00;SO676616;C0022;CT002;1038;2023-02-09 00:00:00;2023-02-15 00:00:00;2023-01-02 00:00:00;2023-01-08 00:00:00
2022-12-29 00:00:00;SO316684;C0028;VS004;833;2023-01-12 00:00:00;2023-01-14 00:00:00;2023-01-06 00:00:00;2023-01-08 00:00:00
2022-12-30 00:00:00;SO749319;C0016;CL002;818;2023-01-13 00:00:00;2023-01-08 00:00:00;2023-01-03 00:00:00;2022-12-29 00:00:00
2022-12-30 00:00:00;SO538478;C0028;CL001;560;2023-01-13 00:00:00;2023-01-21 00:00:00;2023-01-07 00:00:00;2023-01-15 00:00:00
2022-12-30 00:00:00;SO105104;C0005;VS001;579;2023-02-24 00:00:00;2023-03-06 00:00:00;2023-01-01 00:00:00;2023-01-11 00:00:00
2022-12-30 00:00:00;SO790692;C0024;CL002;750;2023-01-27 00:00:00;2023-01-25 00:00:00;2023-01-03 00:00:00;2023-01-01 00:00:00
2022-12-30 00:00:00;SO749319;C0016;AT002;1132;2023-01-13 00:00:00;2023-01-06 00:00:00;2023-01-03 00:00:00;2022-12-27 00:00:00
2022-12-30 00:00:00;SO790692;C0024;VS004;1209;2023-01-27 00:00:00;2023-01-31 00:00:00;2023-01-03 00:00:00;2023-01-07 00:00:00
2022-12-30 00:00:00;SO105104;C0005;CT002;294;2023-02-24 00:00:00;2023-03-05 00:00:00;2023-01-01 00:00:00;2023-01-10 00:00:00
2022-12-30 00:00:00;SO538478;C0028;VS004;327;2023-01-13 00:00:00;2023-01-22 00:00:00;2023-01-07 00:00:00;2023-01-16 00:00:00
2022-12-30 00:00:00;SO538478;C0028;AS002;1254;2023-01-13 00:00:00;2023-01-12 00:00:00;2023-01-07 00:00:00;2023-01-06 00:00:00
2022-12-30 00:00:00;SO790692;C0024;AL002;415;2023-01-27 00:00:00;2023-01-21 00:00:00;2023-01-03 00:00:00;2022-12-28 00:00:00
2022-12-30 00:00:00;SO749319;C0016;AS004;1078;2023-01-13 00:00:00;2023-01-13 00:00:00;2023-01-03 00:00:00;2023-01-03 00:00:00
2022-12-30 00:00:00;SO790692;C0024;VS002;902;2023-01-27 00:00:00;2023-02-04 00:00:00;2023-01-03 00:00:00;2023-01-11 00:00:00
2022-12-30 00:00:00;SO749319;C0016;AL002;262;2023-01-13 00:00:00;2023-01-14 00:00:00;2023-01-03 00:00:00;2023-01-04 00:00:00
2022-12-30 00:00:00;SO538478;C0028;CS001;1219;2023-01-13 00:00:00;2023-01-05 00:00:00;2023-01-07 00:00:00;2022-12-30 00:00:00
2022-12-30 00:00:00;SO790692;C0024;AS005;288;2023-01-27 00:00:00;2023-01-17 00:00:00;2023-01-03 00:00:00;2022-12-24 00:00:00
