Data;Ordem de Venda;Cliente ID;Produto SKU;Qtde;Vencimento;Pagamento;Previsão de Entrega;Entrega Efetiva
2025-01-01 00:00:00;SO531822;C0025;CL001;409;2025-01-29 00:00:00;2025-02-01 00:00:00;2025-01-09 00:00:00;2025-01-12 00:00:00
2025-01-01 00:00:00;SO242608;C0006;CS002;885;2025-03-05 00:00:00;2025-03-15 00:00:00;2025-01-03 00:00:00;2025-01-13 00:00:00
2025-01-01 00:00:00;SO546046;C0024;CT001;474;2025-01-29 00:00:00;2025-02-07 00:00:00;2025-01-05 00:00:00;2025-01-14 00:00:00
2025-01-01 00:00:00;SO467923;C0023;AS005;1177;2025-02-05 00:00:00;2025-02-13 00:00:00;2025-01-05 00:00:00;2025-01-13 00:00:00
2025-01-01 00:00:00;SO242608;C0006;AS004;936;2025-03-05 00:00:00;2025-02-24 00:00:00;2025-01-03 00:00:00;2024-12-25 00:00:00
2025-01-01 00:00:00;SO546046;C0024;AL001;928;2025-01-29 00:00:00;2025-02-03 00:00:00;2025-01-05 00:00:00;2025-01-10 00:00:00
2025-01-01 00:00:00;SO467923;C0023;CS001;850;2025-02-05 00:00:00;2025-02-02 00:00:00;2025-01-05 00:00:00;2025-01-02 00:00:00
2025-01-01 00:00:00;SO467923;C0023;AS001;834;2025-02-05 00:00:00;2025-02-08 00:00:00;2025-01-05 00:00:00;2025-01-08 00:00:00
2025-01-01 00:00:00;SO467923;C0023;CT002;551;2025-02-05 00:00:00;2025-01-26 00:00:00;2025-01-05 00:00:00;2024-12-26 00:00:00
2025-01-01 00:00:00;SO467923;C0023;AT002;908;2025-02-05 00:00:00;2025-02-03 00:00:00;2025-01-05 00:00:00;2025-01-03 00:00:00
2025-01-01 00:00:00;SO242608;C0006;VS005;753;2025-03-05 00:00:00;2025-03-08 00:00:00;2025-01-03 00:00:00;2025-01-06 00:00:00
2025-01-01 00:00:00;SO531822;C0025;AL001;628;2025-01-29 00:00:00;2025-01-27 00:00:00;2025-01-09 00:00:00;2025-01-07 00:00:00
2025-01-01 00:00:00;SO531822;C0025;CT002;1017;2025-01-29 00:00:00;2025-02-06 00:00:00;2025-01-09 00:00:00;2025-01-17 00:00:00
2025-01-01 00:00:00;SO546046;C0024;CS002;1028;2025-01-29 00:00:00;2025-02-06 00:00:00;2025-01-05 00:00:00;2025-01-13 00:00:00
2025-01-01 00:00:00;SO546046;C0024;VS005;783;2025-01-29 00:00:00;2025-01-27 00:00:00;2025-01-05 00:00:00;2025-01-03 00:00:00
2025-01-01 00:00:00;SO546046;C0024;AS004;696;2025-01-29 00:00:00;2025-01-21 00:00:00;2025-01-05 00:00:00;2024-12-28 00:00:00
2025-01-01 00:00:00;SO467923;C0023;CT001;361;2025-02-05 00:00:00;2025-02-10 00:00:00;2025-01-05 00:00:00;2025-01-10 00:00:00
2025-01-01 00:00:00;SO242608;C0006;AT002;451;2025-03-05 00:00:00;2025-02-27 00:00:00;2025-01-03 00:00:00;2024-12-28 00:00:00
2025-01-01 00:00:00;SO467923;C0023;CS002;392;2025-02-05 00:00:00;2025-02-11 00:00:00;2025-01-05 00:00:00;2025-01-11 00:00:00
2025-01-01 00:00:00;SO242608;C0006;CS003;454;2025-03-05 00:00:00;2025-03-13 00:00:00;2025-01-03 00:00:00;2025-01-11 00:00:00
2025-01-02 00:00:00;SO312235;C0028;VS005;339;2025-01-16 00:00:00;2025-01-26 00:00:00;2025-01-10 00:00:00;2025-01-20 00:00:00
2025-01-02 00:00:00;SO132594;C0006;VS003;623;2025-03-06 00:00:00;2025-03-07 00:00:00;2025-01-04 00:00:00;2025-01-05 00:00:00
2025-01-02 00:00:00;SO113328;C0013;CS002;893;2025-01-30 00:00:00;2025-02-01 00:00:00;2025-01-06 00:00:00;2025-01-08 00:00:00
2025-01-02 00:00:00;SO250628;C0015;AL001;316;2025-02-13 00:00:00;2025-02-03 00:00:00;2025-01-06 00:00:00;2024-12-27 00:00:00
2025-01-02 00:00:00;SO312235;C0028;CS002;899;2025-01-16 00:00:00;2025-01-14 00:00:00;2025-01-10 00:00:00;2025-01-08 00:00:00
2025-01-02 00:00:00;SO132594;C0006;AS004;349;2025-03-06 00:00:00;2025-03-07 00:00:00;2025-01-04 00:00:00;2025-01-05 00:00:00
2025-01-02 00:00:00;SO250628;C0015;CT002;893;2025-02-13 00:00:00;2025-02-12 00:00:00;2025-01-06 00:00:00;2025-01-05 00:00:00
2025-01-02 00:00:00;SO312235;C0028;AS004;956;2025-01-16 00:00:00;2025-01-18 00:00:00;2025-01-10 00:00:00;2025-01-12 00:00:00
2025-01-02 00:00:00;SO132594;C0006;CT002;368;2025-03-06 00:00:00;2025-03-09 00:00:00;2025-01-04 00:00:00;2025-01-07 00:00:00
2025-01-02 00:00:00;SO132594;C0006;CS001;952;2025-03-06 00:00:00;2025-02-26 00:00:00;2025-01-04 00:00:00;2024-12-27 00:00:00
2025-01-02 00:00:00;SO132594;C0006;AL001;988;2025-03-06 00:00:00;2025-03-16 00:00:00;2025-01-04 00:00:00;2025-01-14 00:00:00
2025-01-02 00:00:00;SO250628;C0015;AT002;956;2025-02-13 00:00:00;2025-02-06 00:00:00;2025-01-06 00:00:00;2024-12-30 00:00:00
2025-01-02 00:00:00;SO250628;C0015;CS001;408;2025-02-13 00:00:00;2025-02-13 00:00:00;2025-01-06 00:00:00;2025-01-06 00:00:00
2025-01-02 00:00:00;SO132594;C0006;AT002;936;2025-03-06 00:00:00;2025-03-07 00:00:00;2025-01-04 00:00:00;2025-01-05 00:00:00
2025-01-02 00:00:00;SO113328;C0013;CL001;532;2025-01-30 00:00:00;2025-01-27 00:00:00;2025-01-06 00:00:00;2025-01-03 00:00:00
2025-01-02 00:00:00;SO132594;C0006;AS002;914;2025-03-06 00:00:00;2025-03-09 00:00:00;2025-01-04 00:00:00;2025-01-07 00:00:00
2025-01-02 00:00:00;SO113328;C0013;CS003;935;2025-01-30 00:00:00;2025-01-25 00:00:00;2025-01-06 00:00:00;2025-01-01 00:00:00
2025-01-02 00:00:00;SO312235;C0028;AS001;1000;2025-01-16 00:00:00;2025-01-08 00:00:00;2025-01-10 00:00:00;2025-01-02 00:00:00
2025-01-02 00:00:00;SO132594;C0006;CL001;1155;2025-03-06 00:00:00;2025-03-05 00:00:00;2025-01-04 00:00:00;2025-01-03 00:00:00
2025-01-02 00:00:00;SO132594;C0006;CT001;938;2025-03-06 00:00:00;2025-03-16 00:00:00;2025-01-04 00:00:00;2025-01-14 00:00:00
2025-01-03 00:00:00;SO653138;C0008;CS002;1117;2025-02-28 00:00:00;2025-03-10 00:00:00;2025-01-06 00:00:00;2025-01-16 00:00:00
2025-01-03 00:00:00;SO905127;C0018;AL001;557;2025-03-07 00:00:00;2025-03-15 00:00:00;2025-01-07 00:00:00;2025-01-15 00:00:00
2025-01-03 00:00:00;SO653138;C0008;AL001;993;2025-02-28 00:00:00;2025-02-19 00:00:00;2025-01-06 00:00:00;2024-12-28 00:00:00
2025-01-03 00:00:00;SO905127;C0018;CS003;855;2025-03-07 00:00:00;2025-02-26 00:00:00;2025-01-07 00:00:00;2024-12-29 00:00:00
2025-01-03 00:00:00;SO653138;C0008;CT001;499;2025-02-28 00:00:00;2025-03-09 00:00:00;2025-01-06 00:00:00;2025-01-15 00:00:00
2025-01-03 00:00:00;SO905127;C0018;CT002;981;2025-03-07 00:00:00;2025-03-17 00:00:00;2025-01-07 00:00:00;2025-01-17 00:00:00
2025-01-03 00:00:00;SO905127;C0018;CS001;550;2025-03-07 00:00:00;2025-03-13 00:00:00;2025-01-07 00:00:00;2025-01-13 00:00:00
2025-01-03 00:00:00;SO653138;C0008;AS004;465;2025-02-28 00:00:00;2025-03-10 00:00:00;2025-01-06 00:00:00;2025-01-16 00:00:00
2025-01-03 00:00:00;SO653138;C0008;CT002;857;2025-02-28 00:00:00;2025-02-19 00:00:00;2025-01-06 00:00:00;2024-12-28 00:00:00
2025-01-03 00:00:00;SO905127;C0018;AS005;383;2025-03-07 00:00:00;2025-03-16 00:00:00;2025-01-07 00:00:00;2025-01-16 00:00:00
2025-01-03 00:00:00;SO905127;C0018;CT001;901;2025-03-07 00:00:00;2025-03-08 00:00:00;2025-01-07 00:00:00;2025-01-08 00:00:00
2025-01-03 00:00:00;SO905127;C0018;CL001;361;2025-03-07 00:00:00;2025-02-26 00:00:00;2025-01-07 00:00:00;2024-12-29 00:00:00
2025-01-06 00:00:00;SO155422;C0019;CT002;684;2025-03-10 00:00:00;2025-03-06 00:00:00;2025-01-10 00:00:00;2025-01-06 00:00:00
2025-01-06 00:00:00;SO204718;C0005;AS001;1141;2025-03-03 00:00:00;2025-03-01 00:00:00;2025-01-08 00:00:00;2025-01-06 00:00:00
2025-01-06 00:00:00;SO366651;C0015;CS002;1048;2025-02-17 00:00:00;2025-02-13 00:00:00;2025-01-10 00:00:00;2025-01-06 00:00:00
2025-01-06 00:00:00;SO615671;C0009;AT002;424;2025-01-20 00:00:00;2025-01-22 00:00:00;2025-01-09 00:00:00;2025-01-11 00:00:00
2025-01-06 00:00:00;SO615671;C0009;CL001;1087;2025-01-20 00:00:00;2025-01-23 00:00:00;2025-01-09 00:00:00;2025-01-12 00:00:00
2025-01-06 00:00:00;SO366651;C0015;VS005;372;2025-02-17 00:00:00;2025-02-13 00:00:00;2025-01-10 00:00:00;2025-01-06 00:00:00
2025-01-06 00:00:00;SO615671;C0009;AS001;599;2025-01-20 00:00:00;2025-01-24 00:00:00;2025-01-09 00:00:00;2025-01-13 00:00:00
2025-01-06 00:00:00;SO155422;C0019;AL001;985;2025-03-10 00:00:00;2025-03-19 00:00:00;2025-01-10 00:00:00;2025-01-19 00:00:00
2025-01-06 00:00:00;SO204718;C0005;CS002;996;2025-03-03 00:00:00;2025-03-09 00:00:00;2025-01-08 00:00:00;2025-01-14 00:00:00
2025-01-06 00:00:00;SO155422;C0019;CS003;859;2025-03-10 00:00:00;2025-03-18 00:00:00;2025-01-10 00:00:00;2025-01-18 00:00:00
2025-01-06 00:00:00;SO155422;C0019;AS005;947;2025-03-10 00:00:00;2025-03-07 00:00:00;2025-01-10 00:00:00;2025-01-07 00:00:00
2025-01-06 00:00:00;SO155422;C0019;VS005;635;2025-03-10 00:00:00;2025-03-01 00:00:00;2025-01-10 00:00:00;2025-01-01 00:00:00
2025-01-06 00:00:00;SO204718;C0005;VS003;795;2025-03-03 00:00:00;2025-03-03 00:00:00;2025-01-08 00:00:00;2025-01-08 00:00:00
2025-01-06 00:00:00;SO204718;C0005;AL001;704;2025-03-03 00:00:00;2025-03-04 00:00:00;2025-01-08 00:00:00;2025-01-09 00:00:00
2025-01-06 00:00:00;SO155422;C0019;CL001;668;2025-03-10 00:00:00;2025-03-05 00:00:00;2025-01-10 00:00:00;2025-01-05 00:00:00
2025-01-06 00:00:00;SO204718;C0005;VS005;947;2025-03-03 00:00:00;2025-02-25 00:00:00;2025-01-08 00:00:00;2025-01-02 00:00:00
2025-01-07 00:00:00;SO610561;C0003;CT002;1211;2025-02-18 00:00:00;2025-02-16 00:00:00;2025-01-09 00:00:00;2025-01-07 00:00:00
2025-01-07 00:00:00;SO543878;C0007;VS005;707;2025-03-11 00:00:00;2025-03-21 00:00:00;2025-01-10 00:00:00;2025-01-20 00:00:00
2025-01-07 00:00:00;SO594911;C0014;CS002;1026;2025-02-11 00:00:00;2025-02-16 00:00:00;2025-01-11 00:00:00;2025-01-16 00:00:00
2025-01-07 00:00:00;SO203550;C0006;CT002;555;2025-03-11 00:00:00;2025-03-01 00:00:00;2025-01-09 00:00:00;2024-12-30 00:00:00
2025-01-07 00:00:00;SO543878;C0007;AS001;707;2025-03-11 00:00:00;2025-03-05 00:00:00;2025-01-10 00:00:00;2025-01-04 00:00:00
2025-01-07 00:00:00;SO594911;C0014;AS001;535;2025-02-11 00:00:00;2025-02-13 00:00:00;2025-01-11 00:00:00;2025-01-13 00:00:00
2025-01-07 00:00:00;SO610561;C0003;CL001;487;2025-02-18 00:00:00;2025-02-12 00:00:00;2025-01-09 00:00:00;2025-01-03 00:00:00
2025-01-07 00:00:00;SO543878;C0007;CT001;480;2025-03-11 00:00:00;2025-03-13 00:00:00;2025-01-10 00:00:00;2025-01-12 00:00:00
2025-01-07 00:00:00;SO203550;C0006;AS004;905;2025-03-11 00:00:00;2025-03-02 00:00:00;2025-01-09 00:00:00;2024-12-31 00:00:00
2025-01-07 00:00:00;SO543878;C0007;CT002;474;2025-03-11 00:00:00;2025-03-11 00:00:00;2025-01-10 00:00:00;2025-01-10 00:00:00
2025-01-07 00:00:00;SO543878;C0007;CS001;865;2025-03-11 00:00:00;2025-03-18 00:00:00;2025-01-10 00:00:00;2025-01-17 00:00:00
2025-01-07 00:00:00;SO543878;C0007;CS003;643;2025-03-11 00:00:00;2025-03-21 00:00:00;2025-01-10 00:00:00;2025-01-20 00:00:00
2025-01-07 00:00:00;SO543878;C0007;CS002;1018;2025-03-11 00:00:00;2025-03-16 00:00:00;2025-01-10 00:00:00;2025-01-15 00:00:00
2025-01-07 00:00:00;SO543878;C0007;AL001;664;2025-03-11 00:00:00;2025-03-03 00:00:00;2025-01-10 00:00:00;2025-01-02 00:00:00
2025-01-07 00:00:00;SO594911;C0014;AT002;623;2025-02-11 00:00:00;2025-02-02 00:00:00;2025-01-11 00:00:00;2025-01-02 00:00:00
2025-01-07 00:00:00;SO594911;C0014;AL001;880;2025-02-11 00:00:00;2025-02-05 00:00:00;2025-01-11 00:00:00;2025-01-05 00:00:00
2025-01-08 00:00:00;SO393603;C0026;AS005;645;2025-02-12 00:00:00;2025-02-15 00:00:00;2025-01-16 00:00:00;2025-01-19 00:00:00
2025-01-08 00:00:00;SO128725;C0005;AS004;1175;2025-03-05 00:00:00;2025-02-24 00:00:00;2025-01-10 00:00:00;2025-01-01 00:00:00
2025-01-08 00:00:00;SO128725;C0005;AL001;750;2025-03-05 00:00:00;2025-03-03 00:00:00;2025-01-10 00:00:00;2025-01-08 00:00:00
2025-01-08 00:00:00;SO393603;C0026;VS005;1016;2025-02-12 00:00:00;2025-02-13 00:00:00;2025-01-16 00:00:00;2025-01-17 00:00:00
2025-01-08 00:00:00;SO393603;C0026;VS003;746;2025-02-12 00:00:00;2025-02-18 00:00:00;2025-01-16 00:00:00;2025-01-22 00:00:00
2025-01-08 00:00:00;SO393603;C0026;CT002;624;2025-02-12 00:00:00;2025-02-04 00:00:00;2025-01-16 00:00:00;2025-01-08 00:00:00
2025-01-08 00:00:00;SO128725;C0005;AS005;431;2025-03-05 00:00:00;2025-03-11 00:00:00;2025-01-10 00:00:00;2025-01-16 00:00:00
2025-01-08 00:00:00;SO393603;C0026;CS003;551;2025-02-12 00:00:00;2025-02-09 00:00:00;2025-01-16 00:00:00;2025-01-13 00:00:00
2025-01-08 00:00:00;SO128725;C0005;CT001;454;2025-03-05 00:00:00;2025-02-23 00:00:00;2025-01-10 00:00:00;2024-12-31 00:00:00
2025-01-08 00:00:00;SO128725;C0005;VS005;761;2025-03-05 00:00:00;2025-03-08 00:00:00;2025-01-10 00:00:00;2025-01-13 00:00:00
2025-01-08 00:00:00;SO393603;C0026;CS001;765;2025-02-12 00:00:00;2025-02-20 00:00:00;2025-01-16 00:00:00;2025-01-24 00:00:00
2025-01-08 00:00:00;SO393603;C0026;CS002;577;2025-02-12 00:00:00;2025-02-14 00:00:00;2025-01-16 00:00:00;2025-01-18 00:00:00
2025-01-08 00:00:00;SO393603;C0026;AL001;512;2025-02-12 00:00:00;2025-02-18 00:00:00;2025-01-16 00:00:00;2025-01-22 00:00:00
2025-01-08 00:00:00;SO393603;C0026;AT002;1256;2025-02-12 00:00:00;2025-02-12 00:00:00;2025-01-16 00:00:00;2025-01-16 00:00:00
2025-01-08 00:00:00;SO393603;C0026;CT001;980;2025-02-12 00:00:00;2025-02-11 00:00:00;2025-01-16 00:00:00;2025-01-15 00:00:00
2025-01-08 00:00:00;SO393603;C0026;CL001;326;2025-02-12 00:00:00;2025-02-20 00:00:00;2025-01-16 00:00:00;2025-01-24 00:00:00
2025-01-08 00:00:00;SO128725;C0005;VS003;1041;2025-03-05 00:00:00;2025-03-12 00:00:00;2025-01-10 00:00:00;2025-01-17 00:00:00
2025-01-08 00:00:00;SO393603;C0026;AS001;928;2025-02-12 00:00:00;2025-02-14 00:00:00;2025-01-16 00:00:00;2025-01-18 00:00:00
2025-01-08 00:00:00;SO393603;C0026;AS004;1185;2025-02-12 00:00:00;2025-02-16 00:00:00;2025-01-16 00:00:00;2025-01-20 00:00:00
2025-01-09 00:00:00;SO559660;C0016;CL001;865;2025-01-23 00:00:00;2025-01-20 00:00:00;2025-01-13 00:00:00;2025-01-10 00:00:00
2025-01-09 00:00:00;SO567412;C0007;AS002;540;2025-03-13 00:00:00;2025-03-23 00:00:00;2025-01-12 00:00:00;2025-01-22 00:00:00
2025-01-09 00:00:00;SO925980;C0028;AT002;625;2025-01-23 00:00:00;2025-01-24 00:00:00;2025-01-17 00:00:00;2025-01-18 00:00:00
2025-01-09 00:00:00;SO599160;C0014;AS005;699;2025-02-13 00:00:00;2025-02-18 00:00:00;2025-01-13 00:00:00;2025-01-18 00:00:00
2025-01-09 00:00:00;SO567412;C0007;AS005;409;2025-03-13 00:00:00;2025-03-20 00:00:00;2025-01-12 00:00:00;2025-01-19 00:00:00
2025-01-09 00:00:00;SO925980;C0028;CS001;882;2025-01-23 00:00:00;2025-01-14 00:00:00;2025-01-17 00:00:00;2025-01-08 00:00:00
2025-01-09 00:00:00;SO559660;C0016;AT002;950;2025-01-23 00:00:00;2025-01-17 00:00:00;2025-01-13 00:00:00;2025-01-07 00:00:00
2025-01-09 00:00:00;SO599160;C0014;VS005;546;2025-02-13 00:00:00;2025-02-16 00:00:00;2025-01-13 00:00:00;2025-01-16 00:00:00
2025-01-09 00:00:00;SO559660;C0016;CS001;1133;2025-01-23 00:00:00;2025-01-17 00:00:00;2025-01-13 00:00:00;2025-01-07 00:00:00
2025-01-09 00:00:00;SO599160;C0014;VS003;749;2025-02-13 00:00:00;2025-02-22 00:00:00;2025-01-13 00:00:00;2025-01-22 00:00:00
2025-01-09 00:00:00;SO559660;C0016;CT001;1131;2025-01-23 00:00:00;2025-01-17 00:00:00;2025-01-13 00:00:00;2025-01-07 00:00:00
2025-01-09 00:00:00;SO559660;C0016;VS005;1146;2025-01-23 00:00:00;2025-01-25 00:00:00;2025-01-13 00:00:00;2025-01-15 00:00:00
2025-01-09 00:00:00;SO599160;C0014;CT001;521;2025-02-13 00:00:00;2025-02-16 00:00:00;2025-01-13 00:00:00;2025-01-16 00:00:00
2025-01-09 00:00:00;SO567412;C0007;CS002;654;2025-03-13 00:00:00;2025-03-08 00:00:00;2025-01-12 00:00:00;2025-01-07 00:00:00
2025-01-09 00:00:00;SO559660;C0016;CS003;640;2025-01-23 00:00:00;2025-01-21 00:00:00;2025-01-13 00:00:00;2025-01-11 00:00:00
2025-01-09 00:00:00;SO567412;C0007;CT001;1011;2025-03-13 00:00:00;2025-03-14 00:00:00;2025-01-12 00:00:00;2025-01-13 00:00:00
2025-01-09 00:00:00;SO599160;C0014;CL001;341;2025-02-13 00:00:00;2025-02-19 00:00:00;2025-01-13 00:00:00;2025-01-19 00:00:00
2025-01-09 00:00:00;SO599160;C0014;AT002;792;2025-02-13 00:00:00;2025-02-05 00:00:00;2025-01-13 00:00:00;2025-01-05 00:00:00
2025-01-09 00:00:00;SO599160;C0014;AS002;1182;2025-02-13 00:00:00;2025-02-08 00:00:00;2025-01-13 00:00:00;2025-01-08 00:00:00
2025-01-09 00:00:00;SO925980;C0028;AS001;1068;2025-01-23 00:00:00;2025-01-27 00:00:00;2025-01-17 00:00:00;2025-01-21 00:00:00
2025-01-10 00:00:00;SO383418;C0026;CS003;829;2025-02-14 00:00:00;2025-02-10 00:00:00;2025-01-18 00:00:00;2025-01-14 00:00:00
2025-01-10 00:00:00;SO564680;C0018;CS001;348;2025-03-14 00:00:00;2025-03-20 00:00:00;2025-01-14 00:00:00;2025-01-20 00:00:00
2025-01-10 00:00:00;SO564680;C0018;CT002;413;2025-03-14 00:00:00;2025-03-21 00:00:00;2025-01-14 00:00:00;2025-01-21 00:00:00
2025-01-10 00:00:00;SO564680;C0018;CL001;489;2025-03-14 00:00:00;2025-03-18 00:00:00;2025-01-14 00:00:00;2025-01-18 00:00:00
2025-01-10 00:00:00;SO383418;C0026;AS005;979;2025-02-14 00:00:00;2025-02-15 00:00:00;2025-01-18 00:00:00;2025-01-19 00:00:00
2025-01-10 00:00:00;SO564680;C0018;AS001;606;2025-03-14 00:00:00;2025-03-19 00:00:00;2025-01-14 00:00:00;2025-01-19 00:00:00
2025-01-10 00:00:00;SO564680;C0018;AS005;1063;2025-03-14 00:00:00;2025-03-08 00:00:00;2025-01-14 00:00:00;2025-01-08 00:00:00
2025-01-10 00:00:00;SO383418;C0026;VS003;910;2025-02-14 00:00:00;2025-02-06 00:00:00;2025-01-18 00:00:00;2025-01-10 00:00:00
2025-01-10 00:00:00;SO564680;C0018;AT002;1207;2025-03-14 00:00:00;2025-03-15 00:00:00;2025-01-14 00:00:00;2025-01-15 00:00:00
2025-01-10 00:00:00;SO564680;C0018;VS005;654;2025-03-14 00:00:00;2025-03-05 00:00:00;2025-01-14 00:00:00;2025-01-05 00:00:00
2025-01-10 00:00:00;SO564680;C0018;AL001;642;2025-03-14 00:00:00;2025-03-22 00:00:00;2025-01-14 00:00:00;2025-01-22 00:00:00
2025-01-10 00:00:00;SO564680;C0018;VS003;1092;2025-03-14 00:00:00;2025-03-20 00:00:00;2025-01-14 00:00:00;2025-01-20 00:00:00
2025-01-10 00:00:00;SO564680;C0018;CS002;412;2025-03-14 00:00:00;2025-03-10 00:00:00;2025-01-14 00:00:00;2025-01-10 00:00:00
2025-01-10 00:00:00;SO564680;C0018;AS004;671;2025-03-14 00:00:00;2025-03-18 00:00:00;2025-01-14 00:00:00;2025-01-18 00:00:00
2025-01-10 00:00:00;SO564680;C0018;CT001;628;2025-03-14 00:00:00;2025-03-17 00:00:00;2025-01-14 00:00:00;2025-01-17 00:00:00
2025-01-10 00:00:00;SO383418;C0026;CT001;977;2025-02-14 00:00:00;2025-02-23 00:00:00;2025-01-18 00:00:00;2025-01-27 00:00:00
2025-01-10 00:00:00;SO383418;C0026;CT002;888;2025-02-14 00:00:00;2025-02-23 00:00:00;2025-01-18 00:00:00;2025-01-27 00:00:00
2025-01-13 00:00:00;SO742883;C0006;AS005;878;2025-03-17 00:00:00;2025-03-16 00:00:00;2025-01-15 00:00:00;2025-01-14 00:00:00
2025-01-13 00:00:00;SO790702;C0026;CL001;499;2025-02-17 00:00:00;2025-02-21 00:00:00;2025-01-21 00:00:00;2025-01-25 00:00:00
2025-01-13 00:00:00;SO603485;C0018;AS004;1054;2025-03-17 00:00:00;2025-03-26 00:00:00;2025-01-17 00:00:00;2025-01-26 00:00:00
2025-01-13 00:00:00;SO603485;C0018;CS001;831;2025-03-17 00:00:00;2025-03-25 00:00:00;2025-01-17 00:00:00;2025-01-25 00:00:00
2025-01-13 00:00:00;SO742883;C0006;CS003;1194;2025-03-17 00:00:00;2025-03-26 00:00:00;2025-01-15 00:00:00;2025-01-24 00:00:00
2025-01-13 00:00:00;SO790702;C0026;CS002;394;2025-02-17 00:00:00;2025-02-26 00:00:00;2025-01-21 00:00:00;2025-01-30 00:00:00
2025-01-13 00:00:00;SO790702;C0026;AL001;751;2025-02-17 00:00:00;2025-02-08 00:00:00;2025-01-21 00:00:00;2025-01-12 00:00:00
2025-01-13 00:00:00;SO742883;C0006;CS001;533;2025-03-17 00:00:00;2025-03-19 00:00:00;2025-01-15 00:00:00;2025-01-17 00:00:00
2025-01-13 00:00:00;SO790702;C0026;CS003;663;2025-02-17 00:00:00;2025-02-12 00:00:00;2025-01-21 00:00:00;2025-01-16 00:00:00
2025-01-13 00:00:00;SO603485;C0018;VS003;310;2025-03-17 00:00:00;2025-03-24 00:00:00;2025-01-17 00:00:00;2025-01-24 00:00:00
2025-01-13 00:00:00;SO790702;C0026;CT001;495;2025-02-17 00:00:00;2025-02-21 00:00:00;2025-01-21 00:00:00;2025-01-25 00:00:00
2025-01-13 00:00:00;SO790702;C0026;AS002;531;2025-02-17 00:00:00;2025-02-19 00:00:00;2025-01-21 00:00:00;2025-01-23 00:00:00
2025-01-13 00:00:00;SO603485;C0018;AS002;954;2025-03-17 00:00:00;2025-03-27 00:00:00;2025-01-17 00:00:00;2025-01-27 00:00:00
2025-01-13 00:00:00;SO603485;C0018;AS005;1296;2025-03-17 00:00:00;2025-03-13 00:00:00;2025-01-17 00:00:00;2025-01-13 00:00:00
2025-01-13 00:00:00;SO603485;C0018;AT002;923;2025-03-17 00:00:00;2025-03-09 00:00:00;2025-01-17 00:00:00;2025-01-09 00:00:00
2025-01-13 00:00:00;SO742883;C0006;AT002;1088;2025-03-17 00:00:00;2025-03-24 00:00:00;2025-01-15 00:00:00;2025-01-22 00:00:00
2025-01-14 00:00:00;SO536712;C0008;AT002;858;2025-03-11 00:00:00;2025-03-06 00:00:00;2025-01-17 00:00:00;2025-01-12 00:00:00
2025-01-14 00:00:00;SO636978;C0015;CS001;669;2025-02-25 00:00:00;2025-03-04 00:00:00;2025-01-18 00:00:00;2025-01-25 00:00:00
2025-01-14 00:00:00;SO396956;C0005;CT001;819;2025-03-11 00:00:00;2025-03-07 00:00:00;2025-01-16 00:00:00;2025-01-12 00:00:00
2025-01-14 00:00:00;SO396956;C0005;AS001;734;2025-03-11 00:00:00;2025-03-21 00:00:00;2025-01-16 00:00:00;2025-01-26 00:00:00
2025-01-14 00:00:00;SO536712;C0008;AS001;980;2025-03-11 00:00:00;2025-03-15 00:00:00;2025-01-17 00:00:00;2025-01-21 00:00:00
2025-01-14 00:00:00;SO396956;C0005;CS001;666;2025-03-11 00:00:00;2025-03-20 00:00:00;2025-01-16 00:00:00;2025-01-25 00:00:00
2025-01-14 00:00:00;SO396956;C0005;CS002;1110;2025-03-11 00:00:00;2025-03-11 00:00:00;2025-01-16 00:00:00;2025-01-16 00:00:00
2025-01-14 00:00:00;SO636978;C0015;AS002;1219;2025-02-25 00:00:00;2025-02-19 00:00:00;2025-01-18 00:00:00;2025-01-12 00:00:00
2025-01-14 00:00:00;SO636978;C0015;CT002;373;2025-02-25 00:00:00;2025-02-16 00:00:00;2025-01-18 00:00:00;2025-01-09 00:00:00
2025-01-14 00:00:00;SO396956;C0005;CT002;719;2025-03-11 00:00:00;2025-03-11 00:00:00;2025-01-16 00:00:00;2025-01-16 00:00:00
2025-01-14 00:00:00;SO396956;C0005;AT002;711;2025-03-11 00:00:00;2025-03-08 00:00:00;2025-01-16 00:00:00;2025-01-13 00:00:00
2025-01-14 00:00:00;SO396956;C0005;VS005;568;2025-03-11 00:00:00;2025-03-14 00:00:00;2025-01-16 00:00:00;2025-01-19 00:00:00
2025-01-15 00:00:00;SO730519;C0011;VS005;484;2025-02-19 00:00:00;2025-02-15 00:00:00;2025-01-18 00:00:00;2025-01-14 00:00:00
2025-01-15 00:00:00;SO270041;C0009;AS005;894;2025-01-29 00:00:00;2025-01-30 00:00:00;2025-01-18 00:00:00;2025-01-19 00:00:00
2025-01-15 00:00:00;SO734719;C0023;CS002;564;2025-02-19 00:00:00;2025-02-26 00:00:00;2025-01-19 00:00:00;2025-01-26 00:00:00
2025-01-15 00:00:00;SO270041;C0009;AL001;639;2025-01-29 00:00:00;2025-01-22 00:00:00;2025-01-18 00:00:00;2025-01-11 00:00:00
2025-01-15 00:00:00;SO270041;C0009;VS005;770;2025-01-29 00:00:00;2025-01-31 00:00:00;2025-01-18 00:00:00;2025-01-20 00:00:00
2025-01-15 00:00:00;SO270041;C0009;AT002;1171;2025-01-29 00:00:00;2025-01-27 00:00:00;2025-01-18 00:00:00;2025-01-16 00:00:00
2025-01-15 00:00:00;SO734719;C0023;CS001;942;2025-02-19 00:00:00;2025-02-10 00:00:00;2025-01-19 00:00:00;2025-01-10 00:00:00
2025-01-15 00:00:00;SO734719;C0023;AT002;425;2025-02-19 00:00:00;2025-02-28 00:00:00;2025-01-19 00:00:00;2025-01-28 00:00:00
2025-01-15 00:00:00;SO734719;C0023;AL001;387;2025-02-19 00:00:00;2025-02-28 00:00:00;2025-01-19 00:00:00;2025-01-28 00:00:00
2025-01-15 00:00:00;SO730519;C0011;CL001;581;2025-02-19 00:00:00;2025-02-24 00:00:00;2025-01-18 00:00:00;2025-01-23 00:00:00
2025-01-15 00:00:00;SO734719;C0023;CT001;601;2025-02-19 00:00:00;2025-02-19 00:00:00;2025-01-19 00:00:00;2025-01-19 00:00:00
2025-01-15 00:00:00;SO730519;C0011;CS001;525;2025-02-19 00:00:00;2025-02-14 00:00:00;2025-01-18 00:00:00;2025-01-13 00:00:00
2025-01-15 00:00:00;SO270041;C0009;CT001;419;2025-01-29 00:00:00;2025-02-08 00:00:00;2025-01-18 00:00:00;2025-01-28 00:00:00
2025-01-15 00:00:00;SO270041;C0009;CT002;847;2025-01-29 00:00:00;2025-01-31 00:00:00;2025-01-18 00:00:00;2025-01-20 00:00:00
2025-01-15 00:00:00;SO730519;C0011;CS002;292;2025-02-19 00:00:00;2025-02-12 00:00:00;2025-01-18 00:00:00;2025-01-11 00:00:00
2025-01-15 00:00:00;SO270041;C0009;VS003;744;2025-01-29 00:00:00;2025-02-08 00:00:00;2025-01-18 00:00:00;2025-01-28 00:00:00
2025-01-15 00:00:00;SO270041;C0009;CL001;571;2025-01-29 00:00:00;2025-01-23 00:00:00;2025-01-18 00:00:00;2025-01-12 00:00:00
2025-01-15 00:00:00;SO270041;C0009;CS003;670;2025-01-29 00:00:00;2025-02-03 00:00:00;2025-01-18 00:00:00;2025-01-23 00:00:00
2025-01-16 00:00:00;SO906738;C0002;CL001;679;2025-02-20 00:00:00;2025-02-12 00:00:00;2025-01-18 00:00:00;2025-01-10 00:00:00
2025-01-16 00:00:00;SO319075;C0001;VS005;868;2025-02-13 00:00:00;2025-02-21 00:00:00;2025-01-18 00:00:00;2025-01-26 00:00:00
2025-01-16 00:00:00;SO906738;C0002;AL001;854;2025-02-20 00:00:00;2025-02-23 00:00:00;2025-01-18 00:00:00;2025-01-21 00:00:00
2025-01-16 00:00:00;SO319075;C0001;CS002;1151;2025-02-13 00:00:00;2025-02-15 00:00:00;2025-01-18 00:00:00;2025-01-20 00:00:00
2025-01-16 00:00:00;SO906738;C0002;CT002;1248;2025-02-20 00:00:00;2025-02-24 00:00:00;2025-01-18 00:00:00;2025-01-22 00:00:00
2025-01-16 00:00:00;SO906738;C0002;AS004;726;2025-02-20 00:00:00;2025-02-14 00:00:00;2025-01-18 00:00:00;2025-01-12 00:00:00
2025-01-16 00:00:00;SO319075;C0001;CT002;632;2025-02-13 00:00:00;2025-02-09 00:00:00;2025-01-18 00:00:00;2025-01-14 00:00:00
2025-01-16 00:00:00;SO906738;C0002;VS003;440;2025-02-20 00:00:00;2025-02-26 00:00:00;2025-01-18 00:00:00;2025-01-24 00:00:00
2025-01-16 00:00:00;SO319075;C0001;CS003;433;2025-02-13 00:00:00;2025-02-13 00:00:00;2025-01-18 00:00:00;2025-01-18 00:00:00
2025-01-16 00:00:00;SO906738;C0002;VS005;423;2025-02-20 00:00:00;2025-02-21 00:00:00;2025-01-18 00:00:00;2025-01-19 00:00:00
2025-01-16 00:00:00;SO319075;C0001;AL001;317;2025-02-13 00:00:00;2025-02-17 00:00:00;2025-01-18 00:00:00;2025-01-22 00:00:00
2025-01-16 00:00:00;SO319075;C0001;AT002;1235;2025-02-13 00:00:00;2025-02-07 00:00:00;2025-01-18 00:00:00;2025-01-12 00:00:00
2025-01-16 00:00:00;SO319075;C0001;VS003;928;2025-02-13 00:00:00;2025-02-18 00:00:00;2025-01-18 00:00:00;2025-01-23 00:00:00
2025-01-16 00:00:00;SO906738;C0002;AS001;966;2025-02-20 00:00:00;2025-02-18 00:00:00;2025-01-18 00:00:00;2025-01-16 00:00:00
2025-01-16 00:00:00;SO319075;C0001;AS004;482;2025-02-13 00:00:00;2025-02-12 00:00:00;2025-01-18 00:00:00;2025-01-17 00:00:00
2025-01-16 00:00:00;SO906738;C0002;CT001;766;2025-02-20 00:00:00;2025-02-12 00:00:00;2025-01-18 00:00:00;2025-01-10 00:00:00
2025-01-16 00:00:00;SO906738;C0002;CS002;533;2025-02-20 00:00:00;2025-03-02 00:00:00;2025-01-18 00:00:00;2025-01-28 00:00:00
2025-01-16 00:00:00;SO906738;C0002;CS003;506;2025-02-20 00:00:00;2025-02-21 00:00:00;2025-01-18 00:00:00;2025-01-19 00:00:00
2025-01-17 00:00:00;SO785949;C0030;CT001;465;2025-03-21 00:00:00;2025-03-29 00:00:00;2025-01-25 00:00:00;2025-02-02 00:00:00
2025-01-17 00:00:00;SO703857;C0019;CS001;931;2025-03-21 00:00:00;2025-03-25 00:00:00;2025-01-21 00:00:00;2025-01-25 00:00:00
2025-01-17 00:00:00;SO908925;C0014;AS004;480;2025-02-21 00:00:00;2025-02-25 00:00:00;2025-01-21 00:00:00;2025-01-25 00:00:00
2025-01-17 00:00:00;SO352384;C0003;CT002;1118;2025-02-28 00:00:00;2025-02-27 00:00:00;2025-01-19 00:00:00;2025-01-18 00:00:00
2025-01-17 00:00:00;SO908925;C0014;CT002;1148;2025-02-21 00:00:00;2025-02-16 00:00:00;2025-01-21 00:00:00;2025-01-16 00:00:00
2025-01-17 00:00:00;SO352384;C0003;CT001;1180;2025-02-28 00:00:00;2025-03-02 00:00:00;2025-01-19 00:00:00;2025-01-21 00:00:00
2025-01-17 00:00:00;SO352384;C0003;VS003;1054;2025-02-28 00:00:00;2025-03-07 00:00:00;2025-01-19 00:00:00;2025-01-26 00:00:00
2025-01-17 00:00:00;SO785949;C0030;VS005;392;2025-03-21 00:00:00;2025-03-25 00:00:00;2025-01-25 00:00:00;2025-01-29 00:00:00
2025-01-17 00:00:00;SO352384;C0003;AS002;384;2025-02-28 00:00:00;2025-03-05 00:00:00;2025-01-19 00:00:00;2025-01-24 00:00:00
2025-01-17 00:00:00;SO703857;C0019;AL001;510;2025-03-21 00:00:00;2025-03-29 00:00:00;2025-01-21 00:00:00;2025-01-29 00:00:00
2025-01-17 00:00:00;SO352384;C0003;AS001;768;2025-02-28 00:00:00;2025-03-05 00:00:00;2025-01-19 00:00:00;2025-01-24 00:00:00
2025-01-17 00:00:00;SO908925;C0014;VS003;1041;2025-02-21 00:00:00;2025-03-01 00:00:00;2025-01-21 00:00:00;2025-01-29 00:00:00
2025-01-17 00:00:00;SO352384;C0003;CS002;1124;2025-02-28 00:00:00;2025-02-18 00:00:00;2025-01-19 00:00:00;2025-01-09 00:00:00
2025-01-17 00:00:00;SO352384;C0003;CS003;583;2025-02-28 00:00:00;2025-02-28 00:00:00;2025-01-19 00:00:00;2025-01-19 00:00:00
2025-01-17 00:00:00;SO908925;C0014;AS001;1054;2025-02-21 00:00:00;2025-02-24 00:00:00;2025-01-21 00:00:00;2025-01-24 00:00:00
2025-01-17 00:00:00;SO908925;C0014;CS001;977;2025-02-21 00:00:00;2025-02-12 00:00:00;2025-01-21 00:00:00;2025-01-12 00:00:00
2025-01-17 00:00:00;SO908925;C0014;AS002;329;2025-02-21 00:00:00;2025-02-17 00:00:00;2025-01-21 00:00:00;2025-01-17 00:00:00
2025-01-17 00:00:00;SO352384;C0003;AS005;1107;2025-02-28 00:00:00;2025-02-18 00:00:00;2025-01-19 00:00:00;2025-01-09 00:00:00
2025-01-17 00:00:00;SO785949;C0030;AS005;933;2025-03-21 00:00:00;2025-03-15 00:00:00;2025-01-25 00:00:00;2025-01-19 00:00:00
2025-01-17 00:00:00;SO703857;C0019;AS004;320;2025-03-21 00:00:00;2025-03-29 00:00:00;2025-01-21 00:00:00;2025-01-29 00:00:00
2025-01-20 00:00:00;SO720028;C0028;AS005;1069;2025-02-03 00:00:00;2025-02-13 00:00:00;2025-01-28 00:00:00;2025-02-07 00:00:00
2025-01-20 00:00:00;SO984551;C0016;AT002;633;2025-02-03 00:00:00;2025-02-11 00:00:00;2025-01-24 00:00:00;2025-02-01 00:00:00
2025-01-20 00:00:00;SO302165;C0024;AS002;939;2025-02-17 00:00:00;2025-02-12 00:00:00;2025-01-24 00:00:00;2025-01-19 00:00:00
2025-01-20 00:00:00;SO210253;C0009;AS004;985;2025-02-03 00:00:00;2025-01-27 00:00:00;2025-01-23 00:00:00;2025-01-16 00:00:00
2025-01-20 00:00:00;SO984551;C0016;CT001;312;2025-02-03 00:00:00;2025-01-24 00:00:00;2025-01-24 00:00:00;2025-01-14 00:00:00
2025-01-20 00:00:00;SO984551;C0016;CL001;729;2025-02-03 00:00:00;2025-01-31 00:00:00;2025-01-24 00:00:00;2025-01-21 00:00:00
2025-01-20 00:00:00;SO302165;C0024;AS001;964;2025-02-17 00:00:00;2025-02-10 00:00:00;2025-01-24 00:00:00;2025-01-17 00:00:00
2025-01-20 00:00:00;SO720028;C0028;AS004;551;2025-02-03 00:00:00;2025-01-31 00:00:00;2025-01-28 00:00:00;2025-01-25 00:00:00
2025-01-20 00:00:00;SO302165;C0024;AS004;568;2025-02-17 00:00:00;2025-02-08 00:00:00;2025-01-24 00:00:00;2025-01-15 00:00:00
2025-01-20 00:00:00;SO210253;C0009;CS001;665;2025-02-03 00:00:00;2025-01-28 00:00:00;2025-01-23 00:00:00;2025-01-17 00:00:00
2025-01-20 00:00:00;SO984551;C0016;AL001;915;2025-02-03 00:00:00;2025-02-09 00:00:00;2025-01-24 00:00:00;2025-01-30 00:00:00
2025-01-20 00:00:00;SO984551;C0016;CT002;832;2025-02-03 00:00:00;2025-02-06 00:00:00;2025-01-24 00:00:00;2025-01-27 00:00:00
2025-01-20 00:00:00;SO302165;C0024;AL001;461;2025-02-17 00:00:00;2025-02-09 00:00:00;2025-01-24 00:00:00;2025-01-16 00:00:00
2025-01-21 00:00:00;SO213559;C0008;CS002;888;2025-03-18 00:00:00;2025-03-25 00:00:00;2025-01-24 00:00:00;2025-01-31 00:00:00
2025-01-21 00:00:00;SO863558;C0010;AS001;283;2025-03-04 00:00:00;2025-03-10 00:00:00;2025-01-24 00:00:00;2025-01-30 00:00:00
2025-01-21 00:00:00;SO221709;C0020;AS004;954;2025-03-18 00:00:00;2025-03-14 00:00:00;2025-01-25 00:00:00;2025-01-21 00:00:00
2025-01-21 00:00:00;SO213559;C0008;AS002;1094;2025-03-18 00:00:00;2025-03-25 00:00:00;2025-01-24 00:00:00;2025-01-31 00:00:00
2025-01-21 00:00:00;SO863558;C0010;AS002;1278;2025-03-04 00:00:00;2025-02-24 00:00:00;2025-01-24 00:00:00;2025-01-16 00:00:00
2025-01-21 00:00:00;SO221709;C0020;AS005;701;2025-03-18 00:00:00;2025-03-24 00:00:00;2025-01-25 00:00:00;2025-01-31 00:00:00
2025-01-21 00:00:00;SO213559;C0008;CT002;1415;2025-03-18 00:00:00;2025-03-12 00:00:00;2025-01-24 00:00:00;2025-01-18 00:00:00
2025-01-21 00:00:00;SO221709;C0020;AL001;366;2025-03-18 00:00:00;2025-03-22 00:00:00;2025-01-25 00:00:00;2025-01-29 00:00:00
2025-01-21 00:00:00;SO863558;C0010;CS001;945;2025-03-04 00:00:00;2025-03-14 00:00:00;2025-01-24 00:00:00;2025-02-03 00:00:00
2025-01-21 00:00:00;SO863558;C0010;AL001;480;2025-03-04 00:00:00;2025-03-13 00:00:00;2025-01-24 00:00:00;2025-02-02 00:00:00
2025-01-21 00:00:00;SO213559;C0008;CL001;928;2025-03-18 00:00:00;2025-03-20 00:00:00;2025-01-24 00:00:00;2025-01-26 00:00:00
2025-01-21 00:00:00;SO221709;C0020;CS001;1043;2025-03-18 00:00:00;2025-03-13 00:00:00;2025-01-25 00:00:00;2025-01-20 00:00:00
2025-01-22 00:00:00;SO644675;C0009;AL001;1105;2025-02-05 00:00:00;2025-01-30 00:00:00;2025-01-25 00:00:00;2025-01-19 00:00:00
2025-01-22 00:00:00;SO180845;C0006;CS001;826;2025-03-26 00:00:00;2025-03-25 00:00:00;2025-01-24 00:00:00;2025-01-23 00:00:00
2025-01-22 00:00:00;SO644675;C0009;CT002;436;2025-02-05 00:00:00;2025-01-31 00:00:00;2025-01-25 00:00:00;2025-01-20 00:00:00
2025-01-22 00:00:00;SO180845;C0006;CT001;1330;2025-03-26 00:00:00;2025-03-22 00:00:00;2025-01-24 00:00:00;2025-01-20 00:00:00
2025-01-22 00:00:00;SO644675;C0009;AS004;1013;2025-02-05 00:00:00;2025-02-12 00:00:00;2025-01-25 00:00:00;2025-02-01 00:00:00
2025-01-22 00:00:00;SO644675;C0009;AS001;582;2025-02-05 00:00:00;2025-02-13 00:00:00;2025-01-25 00:00:00;2025-02-02 00:00:00
2025-01-22 00:00:00;SO180845;C0006;VS003;474;2025-03-26 00:00:00;2025-03-25 00:00:00;2025-01-24 00:00:00;2025-01-23 00:00:00
2025-01-22 00:00:00;SO180845;C0006;CS003;773;2025-03-26 00:00:00;2025-03-17 00:00:00;2025-01-24 00:00:00;2025-01-15 00:00:00
2025-01-22 00:00:00;SO644675;C0009;VS003;403;2025-02-05 00:00:00;2025-02-15 00:00:00;2025-01-25 00:00:00;2025-02-04 00:00:00
2025-01-22 00:00:00;SO644675;C0009;CT001;712;2025-02-05 00:00:00;2025-02-06 00:00:00;2025-01-25 00:00:00;2025-01-26 00:00:00
2025-01-22 00:00:00;SO644675;C0009;CS002;946;2025-02-05 00:00:00;2025-01-31 00:00:00;2025-01-25 00:00:00;2025-01-20 00:00:00
2025-01-22 00:00:00;SO180845;C0006;AS001;363;2025-03-26 00:00:00;2025-03-30 00:00:00;2025-01-24 00:00:00;2025-01-28 00:00:00
2025-01-22 00:00:00;SO180845;C0006;CS002;1175;2025-03-26 00:00:00;2025-03-30 00:00:00;2025-01-24 00:00:00;2025-01-28 00:00:00
2025-01-22 00:00:00;SO644675;C0009;CS001;399;2025-02-05 00:00:00;2025-01-30 00:00:00;2025-01-25 00:00:00;2025-01-19 00:00:00
2025-01-22 00:00:00;SO644675;C0009;AS005;653;2025-02-05 00:00:00;2025-01-30 00:00:00;2025-01-25 00:00:00;2025-01-19 00:00:00
2025-01-22 00:00:00;SO644675;C0009;CL001;1205;2025-02-05 00:00:00;2025-02-05 00:00:00;2025-01-25 00:00:00;2025-01-25 00:00:00
2025-01-22 00:00:00;SO180845;C0006;CT002;494;2025-03-26 00:00:00;2025-04-04 00:00:00;2025-01-24 00:00:00;2025-02-02 00:00:00
2025-01-22 00:00:00;SO644675;C0009;AS002;974;2025-02-05 00:00:00;2025-02-13 00:00:00;2025-01-25 00:00:00;2025-02-02 00:00:00
2025-01-22 00:00:00;SO644675;C0009;AT002;873;2025-02-05 00:00:00;2025-02-14 00:00:00;2025-01-25 00:00:00;2025-02-03 00:00:00
2025-01-23 00:00:00;SO110207;C0008;AS001;484;2025-03-20 00:00:00;2025-03-13 00:00:00;2025-01-26 00:00:00;2025-01-19 00:00:00
2025-01-23 00:00:00;SO693976;C0003;CS001;998;2025-03-06 00:00:00;2025-03-03 00:00:00;2025-01-25 00:00:00;2025-01-22 00:00:00
2025-01-23 00:00:00;SO173919;C0002;VS005;854;2025-02-27 00:00:00;2025-03-08 00:00:00;2025-01-25 00:00:00;2025-02-03 00:00:00
2025-01-23 00:00:00;SO173919;C0002;AS005;1020;2025-02-27 00:00:00;2025-03-03 00:00:00;2025-01-25 00:00:00;2025-01-29 00:00:00
2025-01-23 00:00:00;SO110207;C0008;CL001;506;2025-03-20 00:00:00;2025-03-27 00:00:00;2025-01-26 00:00:00;2025-02-02 00:00:00
2025-01-23 00:00:00;SO173919;C0002;CT002;487;2025-02-27 00:00:00;2025-02-20 00:00:00;2025-01-25 00:00:00;2025-01-18 00:00:00
2025-01-23 00:00:00;SO110207;C0008;CS002;584;2025-03-20 00:00:00;2025-03-24 00:00:00;2025-01-26 00:00:00;2025-01-30 00:00:00
2025-01-23 00:00:00;SO173919;C0002;AS004;849;2025-02-27 00:00:00;2025-02-22 00:00:00;2025-01-25 00:00:00;2025-01-20 00:00:00
2025-01-23 00:00:00;SO173919;C0002;AL001;737;2025-02-27 00:00:00;2025-02-18 00:00:00;2025-01-25 00:00:00;2025-01-16 00:00:00
2025-01-23 00:00:00;SO173919;C0002;CL001;1206;2025-02-27 00:00:00;2025-02-27 00:00:00;2025-01-25 00:00:00;2025-01-25 00:00:00
2025-01-23 00:00:00;SO173919;C0002;CS001;573;2025-02-27 00:00:00;2025-02-20 00:00:00;2025-01-25 00:00:00;2025-01-18 00:00:00
2025-01-23 00:00:00;SO693976;C0003;AS002;1284;2025-03-06 00:00:00;2025-02-25 00:00:00;2025-01-25 00:00:00;2025-01-16 00:00:00
2025-01-23 00:00:00;SO173919;C0002;AS002;1051;2025-02-27 00:00:00;2025-02-25 00:00:00;2025-01-25 00:00:00;2025-01-23 00:00:00
2025-01-24 00:00:00;SO555980;C0003;VS003;531;2025-03-07 00:00:00;2025-03-12 00:00:00;2025-01-26 00:00:00;2025-01-31 00:00:00
2025-01-24 00:00:00;SO400471;C0020;CL001;1077;2025-03-21 00:00:00;2025-03-30 00:00:00;2025-01-28 00:00:00;2025-02-06 00:00:00
2025-01-24 00:00:00;SO428415;C0013;CS002;918;2025-02-21 00:00:00;2025-03-03 00:00:00;2025-01-28 00:00:00;2025-02-07 00:00:00
2025-01-24 00:00:00;SO721753;C0017;AS002;976;2025-03-21 00:00:00;2025-03-25 00:00:00;2025-01-28 00:00:00;2025-02-01 00:00:00
2025-01-24 00:00:00;SO400471;C0020;AS005;338;2025-03-21 00:00:00;2025-03-30 00:00:00;2025-01-28 00:00:00;2025-02-06 00:00:00
2025-01-24 00:00:00;SO555980;C0003;CS003;1023;2025-03-07 00:00:00;2025-03-14 00:00:00;2025-01-26 00:00:00;2025-02-02 00:00:00
2025-01-24 00:00:00;SO555980;C0003;CS002;344;2025-03-07 00:00:00;2025-03-15 00:00:00;2025-01-26 00:00:00;2025-02-03 00:00:00
2025-01-24 00:00:00;SO555980;C0003;AS005;346;2025-03-07 00:00:00;2025-03-04 00:00:00;2025-01-26 00:00:00;2025-01-23 00:00:00
2025-01-24 00:00:00;SO555980;C0003;AS001;1292;2025-03-07 00:00:00;2025-03-17 00:00:00;2025-01-26 00:00:00;2025-02-05 00:00:00
2025-01-24 00:00:00;SO400471;C0020;CT002;1141;2025-03-21 00:00:00;2025-03-15 00:00:00;2025-01-28 00:00:00;2025-01-22 00:00:00
2025-01-24 00:00:00;SO721753;C0017;CL001;1262;2025-03-21 00:00:00;2025-03-24 00:00:00;2025-01-28 00:00:00;2025-01-31 00:00:00
2025-01-24 00:00:00;SO428415;C0013;CT002;403;2025-02-21 00:00:00;2025-03-03 00:00:00;2025-01-28 00:00:00;2025-02-07 00:00:00
2025-01-24 00:00:00;SO721753;C0017;AS001;521;2025-03-21 00:00:00;2025-03-31 00:00:00;2025-01-28 00:00:00;2025-02-07 00:00:00
2025-01-24 00:00:00;SO721753;C0017;CS003;725;2025-03-21 00:00:00;2025-03-15 00:00:00;2025-01-28 00:00:00;2025-01-22 00:00:00
2025-01-24 00:00:00;SO555980;C0003;AS004;695;2025-03-07 00:00:00;2025-03-06 00:00:00;2025-01-26 00:00:00;2025-01-25 00:00:00
2025-01-24 00:00:00;SO400471;C0020;CT001;1246;2025-03-21 00:00:00;2025-03-24 00:00:00;2025-01-28 00:00:00;2025-01-31 00:00:00
2025-01-24 00:00:00;SO400471;C0020;AT002;281;2025-03-21 00:00:00;2025-03-13 00:00:00;2025-01-28 00:00:00;2025-01-20 00:00:00
2025-01-24 00:00:00;SO555980;C0003;CS001;652;2025-03-07 00:00:00;2025-03-04 00:00:00;2025-01-26 00:00:00;2025-01-23 00:00:00
2025-01-24 00:00:00;SO555980;C0003;AS002;475;2025-03-07 00:00:00;2025-03-16 00:00:00;2025-01-26 00:00:00;2025-02-04 00:00:00
2025-01-27 00:00:00;SO120664;C0024;VS005;944;2025-02-24 00:00:00;2025-03-01 00:00:00;2025-01-31 00:00:00;2025-02-05 00:00:00
2025-01-27 00:00:00;SO248386;C0027;CS003;1021;2025-03-10 00:00:00;2025-03-05 00:00:00;2025-02-04 00:00:00;2025-01-30 00:00:00
2025-01-27 00:00:00;SO820566;C0023;CS001;790;2025-03-03 00:00:00;2025-03-09 00:00:00;2025-01-31 00:00:00;2025-02-06 00:00:00
2025-01-27 00:00:00;SO194059;C0002;VS005;625;2025-03-03 00:00:00;2025-03-01 00:00:00;2025-01-29 00:00:00;2025-01-27 00:00:00
2025-01-27 00:00:00;SO120664;C0024;AS004;1109;2025-02-24 00:00:00;2025-02-27 00:00:00;2025-01-31 00:00:00;2025-02-03 00:00:00
2025-01-27 00:00:00;SO248386;C0027;AS001;814;2025-03-10 00:00:00;2025-03-13 00:00:00;2025-02-04 00:00:00;2025-02-07 00:00:00
2025-01-27 00:00:00;SO820566;C0023;CL001;1136;2025-03-03 00:00:00;2025-02-25 00:00:00;2025-01-31 00:00:00;2025-01-25 00:00:00
2025-01-27 00:00:00;SO248386;C0027;CS002;790;2025-03-10 00:00:00;2025-03-16 00:00:00;2025-02-04 00:00:00;2025-02-10 00:00:00
2025-01-27 00:00:00;SO248386;C0027;CL001;782;2025-03-10 00:00:00;2025-02-28 00:00:00;2025-02-04 00:00:00;2025-01-25 00:00:00
2025-01-27 00:00:00;SO120664;C0024;AL001;793;2025-02-24 00:00:00;2025-03-06 00:00:00;2025-01-31 00:00:00;2025-02-10 00:00:00
2025-01-27 00:00:00;SO820566;C0023;AS001;974;2025-03-03 00:00:00;2025-03-12 00:00:00;2025-01-31 00:00:00;2025-02-09 00:00:00
2025-01-27 00:00:00;SO120664;C0024;AS002;1016;2025-02-24 00:00:00;2025-02-24 00:00:00;2025-01-31 00:00:00;2025-01-31 00:00:00
2025-01-27 00:00:00;SO120664;C0024;VS003;908;2025-02-24 00:00:00;2025-02-26 00:00:00;2025-01-31 00:00:00;2025-02-02 00:00:00
2025-01-27 00:00:00;SO120664;C0024;CT002;1227;2025-02-24 00:00:00;2025-02-25 00:00:00;2025-01-31 00:00:00;2025-02-01 00:00:00
2025-01-28 00:00:00;SO903215;C0002;AT002;1002;2025-03-04 00:00:00;2025-03-01 00:00:00;2025-01-30 00:00:00;2025-01-27 00:00:00
2025-01-28 00:00:00;SO693043;C0017;CL001;358;2025-03-25 00:00:00;2025-04-01 00:00:00;2025-02-01 00:00:00;2025-02-08 00:00:00
2025-01-28 00:00:00;SO693043;C0017;AS005;725;2025-03-25 00:00:00;2025-04-01 00:00:00;2025-02-01 00:00:00;2025-02-08 00:00:00
2025-01-28 00:00:00;SO693043;C0017;VS003;420;2025-03-25 00:00:00;2025-03-18 00:00:00;2025-02-01 00:00:00;2025-01-25 00:00:00
2025-01-28 00:00:00;SO903215;C0002;AS001;910;2025-03-04 00:00:00;2025-03-05 00:00:00;2025-01-30 00:00:00;2025-01-31 00:00:00
2025-01-28 00:00:00;SO903215;C0002;CT001;878;2025-03-04 00:00:00;2025-03-04 00:00:00;2025-01-30 00:00:00;2025-01-30 00:00:00
2025-01-28 00:00:00;SO903215;C0002;CS002;633;2025-03-04 00:00:00;2025-02-27 00:00:00;2025-01-30 00:00:00;2025-01-25 00:00:00
2025-01-28 00:00:00;SO693043;C0017;CT001;423;2025-03-25 00:00:00;2025-03-25 00:00:00;2025-02-01 00:00:00;2025-02-01 00:00:00
2025-01-28 00:00:00;SO903215;C0002;AL001;1062;2025-03-04 00:00:00;2025-02-23 00:00:00;2025-01-30 00:00:00;2025-01-21 00:00:00
2025-01-28 00:00:00;SO903215;C0002;VS005;855;2025-03-04 00:00:00;2025-03-11 00:00:00;2025-01-30 00:00:00;2025-02-06 00:00:00
2025-01-28 00:00:00;SO693043;C0017;AL001;991;2025-03-25 00:00:00;2025-04-04 00:00:00;2025-02-01 00:00:00;2025-02-11 00:00:00
2025-01-28 00:00:00;SO903215;C0002;CS003;889;2025-03-04 00:00:00;2025-03-01 00:00:00;2025-01-30 00:00:00;2025-01-27 00:00:00
2025-01-28 00:00:00;SO693043;C0017;CS001;1125;2025-03-25 00:00:00;2025-04-04 00:00:00;2025-02-01 00:00:00;2025-02-11 00:00:00
2025-01-28 00:00:00;SO693043;C0017;AS002;553;2025-03-25 00:00:00;2025-03-16 00:00:00;2025-02-01 00:00:00;2025-01-23 00:00:00
2025-01-28 00:00:00;SO903215;C0002;AS002;1033;2025-03-04 00:00:00;2025-03-02 00:00:00;2025-01-30 00:00:00;2025-01-28 00:00:00
2025-01-28 00:00:00;SO903215;C0002;CS001;942;2025-03-04 00:00:00;2025-03-02 00:00:00;2025-01-30 00:00:00;2025-01-28 00:00:00
2025-01-28 00:00:00;SO693043;C0017;CT002;756;2025-03-25 00:00:00;2025-03-31 00:00:00;2025-02-01 00:00:00;2025-02-07 00:00:00
2025-01-28 00:00:00;SO903215;C0002;CT002;1020;2025-03-04 00:00:00;2025-03-05 00:00:00;2025-01-30 00:00:00;2025-01-31 00:00:00
2025-01-28 00:00:00;SO693043;C0017;CS003;849;2025-03-25 00:00:00;2025-03-31 00:00:00;2025-02-01 00:00:00;2025-02-07 00:00:00
2025-01-29 00:00:00;SO855406;C0029;CL001;353;2025-03-26 00:00:00;2025-03-23 00:00:00;2025-02-06 00:00:00;2025-02-03 00:00:00
2025-01-29 00:00:00;SO544347;C0019;AS005;1271;2025-04-02 00:00:00;2025-04-09 00:00:00;2025-02-02 00:00:00;2025-02-09 00:00:00
2025-01-29 00:00:00;SO544347;C0019;CT002;691;2025-04-02 00:00:00;2025-04-05 00:00:00;2025-02-02 00:00:00;2025-02-05 00:00:00
2025-01-29 00:00:00;SO855406;C0029;AS001;721;2025-03-26 00:00:00;2025-03-21 00:00:00;2025-02-06 00:00:00;2025-02-01 00:00:00
2025-01-29 00:00:00;SO855406;C0029;CS003;668;2025-03-26 00:00:00;2025-04-03 00:00:00;2025-02-06 00:00:00;2025-02-14 00:00:00
2025-01-29 00:00:00;SO855406;C0029;CS001;382;2025-03-26 00:00:00;2025-04-03 00:00:00;2025-02-06 00:00:00;2025-02-14 00:00:00
2025-01-29 00:00:00;SO544347;C0019;CL001;1066;2025-04-02 00:00:00;2025-04-03 00:00:00;2025-02-02 00:00:00;2025-02-03 00:00:00
2025-01-29 00:00:00;SO855406;C0029;AL001;351;2025-03-26 00:00:00;2025-03-18 00:00:00;2025-02-06 00:00:00;2025-01-29 00:00:00
2025-01-29 00:00:00;SO855406;C0029;AS004;560;2025-03-26 00:00:00;2025-03-17 00:00:00;2025-02-06 00:00:00;2025-01-28 00:00:00
2025-01-29 00:00:00;SO544347;C0019;VS003;632;2025-04-02 00:00:00;2025-03-23 00:00:00;2025-02-02 00:00:00;2025-01-23 00:00:00
2025-01-29 00:00:00;SO855406;C0029;CS002;864;2025-03-26 00:00:00;2025-03-22 00:00:00;2025-02-06 00:00:00;2025-02-02 00:00:00
2025-01-29 00:00:00;SO855406;C0029;AS002;617;2025-03-26 00:00:00;2025-03-28 00:00:00;2025-02-06 00:00:00;2025-02-08 00:00:00
2025-01-30 00:00:00;SO886317;C0027;VS005;668;2025-03-13 00:00:00;2025-03-04 00:00:00;2025-02-07 00:00:00;2025-01-29 00:00:00
2025-01-30 00:00:00;SO163582;C0030;AS005;490;2025-04-03 00:00:00;2025-04-07 00:00:00;2025-02-07 00:00:00;2025-02-11 00:00:00
2025-01-30 00:00:00;SO886317;C0027;AS005;654;2025-03-13 00:00:00;2025-03-18 00:00:00;2025-02-07 00:00:00;2025-02-12 00:00:00
2025-01-30 00:00:00;SO886317;C0027;AT002;1087;2025-03-13 00:00:00;2025-03-04 00:00:00;2025-02-07 00:00:00;2025-01-29 00:00:00
2025-01-30 00:00:00;SO163582;C0030;VS005;1069;2025-04-03 00:00:00;2025-04-05 00:00:00;2025-02-07 00:00:00;2025-02-09 00:00:00
2025-01-30 00:00:00;SO163582;C0030;AS004;906;2025-04-03 00:00:00;2025-04-13 00:00:00;2025-02-07 00:00:00;2025-02-17 00:00:00
2025-01-30 00:00:00;SO163582;C0030;VS003;906;2025-04-03 00:00:00;2025-04-04 00:00:00;2025-02-07 00:00:00;2025-02-08 00:00:00
2025-01-30 00:00:00;SO886317;C0027;AS001;826;2025-03-13 00:00:00;2025-03-15 00:00:00;2025-02-07 00:00:00;2025-02-09 00:00:00
2025-01-30 00:00:00;SO886317;C0027;CL001;581;2025-03-13 00:00:00;2025-03-13 00:00:00;2025-02-07 00:00:00;2025-02-07 00:00:00
2025-01-30 00:00:00;SO886317;C0027;VS003;812;2025-03-13 00:00:00;2025-03-03 00:00:00;2025-02-07 00:00:00;2025-01-28 00:00:00
2025-01-30 00:00:00;SO163582;C0030;AS002;715;2025-04-03 00:00:00;2025-04-02 00:00:00;2025-02-07 00:00:00;2025-02-06 00:00:00
2025-01-30 00:00:00;SO886317;C0027;AS004;955;2025-03-13 00:00:00;2025-03-19 00:00:00;2025-02-07 00:00:00;2025-02-13 00:00:00
2025-01-30 00:00:00;SO163582;C0030;CL001;1072;2025-04-03 00:00:00;2025-03-31 00:00:00;2025-02-07 00:00:00;2025-02-04 00:00:00
2025-01-30 00:00:00;SO163582;C0030;AT002;1082;2025-04-03 00:00:00;2025-03-26 00:00:00;2025-02-07 00:00:00;2025-01-30 00:00:00
2025-01-30 00:00:00;SO886317;C0027;AL001;487;2025-03-13 00:00:00;2025-03-22 00:00:00;2025-02-07 00:00:00;2025-02-16 00:00:00
2025-01-30 00:00:00;SO886317;C0027;CS001;628;2025-03-13 00:00:00;2025-03-10 00:00:00;2025-02-07 00:00:00;2025-02-04 00:00:00
2025-01-30 00:00:00;SO163582;C0030;CS003;849;2025-04-03 00:00:00;2025-03-31 00:00:00;2025-02-07 00:00:00;2025-02-04 00:00:00
2025-01-30 00:00:00;SO163582;C0030;CS002;790;2025-04-03 00:00:00;2025-04-05 00:00:00;2025-02-07 00:00:00;2025-02-09 00:00:00
2025-01-30 00:00:00;SO163582;C0030;AL001;783;2025-04-03 00:00:00;2025-03-30 00:00:00;2025-02-07 00:00:00;2025-02-03 00:00:00
2025-01-31 00:00:00;SO547702;C0023;AS002;930;2025-03-07 00:00:00;2025-03-12 00:00:00;2025-02-04 00:00:00;2025-02-09 00:00:00
2025-01-31 00:00:00;SO846645;C0029;CS003;465;2025-03-28 00:00:00;2025-03-22 00:00:00;2025-02-08 00:00:00;2025-02-02 00:00:00
2025-01-31 00:00:00;SO398075;C0018;AL001;703;2025-04-04 00:00:00;2025-04-13 00:00:00;2025-02-04 00:00:00;2025-02-13 00:00:00
2025-01-31 00:00:00;SO768516;C0019;VS005;911;2025-04-04 00:00:00;2025-04-04 00:00:00;2025-02-04 00:00:00;2025-02-04 00:00:00
2025-01-31 00:00:00;SO768516;C0019;AS005;1146;2025-04-04 00:00:00;2025-04-06 00:00:00;2025-02-04 00:00:00;2025-02-06 00:00:00
2025-01-31 00:00:00;SO768516;C0019;CL001;910;2025-04-04 00:00:00;2025-04-02 00:00:00;2025-02-04 00:00:00;2025-02-02 00:00:00
2025-01-31 00:00:00;SO768516;C0019;AS001;637;2025-04-04 00:00:00;2025-04-07 00:00:00;2025-02-04 00:00:00;2025-02-07 00:00:00
2025-01-31 00:00:00;SO768516;C0019;AL001;945;2025-04-04 00:00:00;2025-04-09 00:00:00;2025-02-04 00:00:00;2025-02-09 00:00:00
2025-01-31 00:00:00;SO846645;C0029;AS002;481;2025-03-28 00:00:00;2025-03-29 00:00:00;2025-02-08 00:00:00;2025-02-09 00:00:00
2025-01-31 00:00:00;SO768516;C0019;CS002;844;2025-04-04 00:00:00;2025-03-25 00:00:00;2025-02-04 00:00:00;2025-01-25 00:00:00
2025-01-31 00:00:00;SO768516;C0019;AT002;988;2025-04-04 00:00:00;2025-03-25 00:00:00;2025-02-04 00:00:00;2025-01-25 00:00:00
2025-01-31 00:00:00;SO846645;C0029;AS001;688;2025-03-28 00:00:00;2025-03-30 00:00:00;2025-02-08 00:00:00;2025-02-10 00:00:00
2025-01-31 00:00:00;SO398075;C0018;CS002;1054;2025-04-04 00:00:00;2025-03-26 00:00:00;2025-02-04 00:00:00;2025-01-26 00:00:00
2025-01-31 00:00:00;SO398075;C0018;CS001;1177;2025-04-04 00:00:00;2025-03-28 00:00:00;2025-02-04 00:00:00;2025-01-28 00:00:00
2025-01-31 00:00:00;SO398075;C0018;AS004;1179;2025-04-04 00:00:00;2025-04-02 00:00:00;2025-02-04 00:00:00;2025-02-02 00:00:00
2025-02-03 00:00:00;SO744477;C0007;AS005;760;2025-04-07 00:00:00;2025-03-30 00:00:00;2025-02-06 00:00:00;2025-01-29 00:00:00
2025-02-03 00:00:00;SO113123;C0006;CL001;1228;2025-04-07 00:00:00;2025-04-06 00:00:00;2025-02-05 00:00:00;2025-02-04 00:00:00
2025-02-03 00:00:00;SO523613;C0023;AT001;499;2025-03-10 00:00:00;2025-03-17 00:00:00;2025-02-07 00:00:00;2025-02-14 00:00:00
2025-02-03 00:00:00;SO942656;C0013;AL002;967;2025-03-03 00:00:00;2025-03-11 00:00:00;2025-02-07 00:00:00;2025-02-15 00:00:00
2025-02-03 00:00:00;SO113123;C0006;CT001;977;2025-04-07 00:00:00;2025-04-09 00:00:00;2025-02-05 00:00:00;2025-02-07 00:00:00
2025-02-03 00:00:00;SO744477;C0007;AS003;377;2025-04-07 00:00:00;2025-03-30 00:00:00;2025-02-06 00:00:00;2025-01-29 00:00:00
2025-02-03 00:00:00;SO744477;C0007;AT001;670;2025-04-07 00:00:00;2025-04-05 00:00:00;2025-02-06 00:00:00;2025-02-04 00:00:00
2025-02-03 00:00:00;SO113123;C0006;AT002;959;2025-04-07 00:00:00;2025-04-11 00:00:00;2025-02-05 00:00:00;2025-02-09 00:00:00
2025-02-03 00:00:00;SO744477;C0007;AS001;1369;2025-04-07 00:00:00;2025-04-02 00:00:00;2025-02-06 00:00:00;2025-02-01 00:00:00
2025-02-03 00:00:00;SO523613;C0023;CT002;1155;2025-03-10 00:00:00;2025-03-02 00:00:00;2025-02-07 00:00:00;2025-01-30 00:00:00
2025-02-03 00:00:00;SO942656;C0013;CL002;634;2025-03-03 00:00:00;2025-02-22 00:00:00;2025-02-07 00:00:00;2025-01-29 00:00:00
2025-02-03 00:00:00;SO744477;C0007;AS002;729;2025-04-07 00:00:00;2025-04-12 00:00:00;2025-02-06 00:00:00;2025-02-11 00:00:00
2025-02-03 00:00:00;SO744477;C0007;CL001;749;2025-04-07 00:00:00;2025-03-28 00:00:00;2025-02-06 00:00:00;2025-01-27 00:00:00
2025-02-03 00:00:00;SO113123;C0006;AT001;653;2025-04-07 00:00:00;2025-03-31 00:00:00;2025-02-05 00:00:00;2025-01-29 00:00:00
2025-02-03 00:00:00;SO113123;C0006;CT003;1361;2025-04-07 00:00:00;2025-04-08 00:00:00;2025-02-05 00:00:00;2025-02-06 00:00:00
2025-02-03 00:00:00;SO942656;C0013;CS001;398;2025-03-03 00:00:00;2025-03-10 00:00:00;2025-02-07 00:00:00;2025-02-14 00:00:00
2025-02-03 00:00:00;SO113123;C0006;CT002;685;2025-04-07 00:00:00;2025-04-04 00:00:00;2025-02-05 00:00:00;2025-02-02 00:00:00
2025-02-03 00:00:00;SO744477;C0007;VS003;547;2025-04-07 00:00:00;2025-04-10 00:00:00;2025-02-06 00:00:00;2025-02-09 00:00:00
2025-02-03 00:00:00;SO113123;C0006;AS003;1072;2025-04-07 00:00:00;2025-04-03 00:00:00;2025-02-05 00:00:00;2025-02-01 00:00:00
2025-02-03 00:00:00;SO942656;C0013;VS001;988;2025-03-03 00:00:00;2025-03-03 00:00:00;2025-02-07 00:00:00;2025-02-07 00:00:00
2025-02-04 00:00:00;SO496893;C0025;AS004;951;2025-03-04 00:00:00;2025-03-11 00:00:00;2025-02-12 00:00:00;2025-02-19 00:00:00
2025-02-04 00:00:00;SO202806;C0012;CT002;920;2025-03-04 00:00:00;2025-02-24 00:00:00;2025-02-07 00:00:00;2025-01-30 00:00:00
2025-02-04 00:00:00;SO997623;C0029;CL001;1256;2025-04-01 00:00:00;2025-03-27 00:00:00;2025-02-12 00:00:00;2025-02-07 00:00:00
2025-02-04 00:00:00;SO727692;C0020;AL001;819;2025-04-01 00:00:00;2025-04-09 00:00:00;2025-02-08 00:00:00;2025-02-16 00:00:00
2025-02-04 00:00:00;SO997623;C0029;VS004;537;2025-04-01 00:00:00;2025-03-28 00:00:00;2025-02-12 00:00:00;2025-02-08 00:00:00
2025-02-04 00:00:00;SO202806;C0012;VS001;711;2025-03-04 00:00:00;2025-03-08 00:00:00;2025-02-07 00:00:00;2025-02-11 00:00:00
2025-02-04 00:00:00;SO997623;C0029;AS004;1041;2025-04-01 00:00:00;2025-04-02 00:00:00;2025-02-12 00:00:00;2025-02-13 00:00:00
2025-02-04 00:00:00;SO496893;C0025;VS004;460;2025-03-04 00:00:00;2025-03-07 00:00:00;2025-02-12 00:00:00;2025-02-15 00:00:00
2025-02-04 00:00:00;SO727692;C0020;CT001;1032;2025-04-01 00:00:00;2025-04-02 00:00:00;2025-02-08 00:00:00;2025-02-09 00:00:00
2025-02-04 00:00:00;SO727692;C0020;CL002;751;2025-04-01 00:00:00;2025-03-23 00:00:00;2025-02-08 00:00:00;2025-01-30 00:00:00
2025-02-04 00:00:00;SO202806;C0012;VS005;440;2025-03-04 00:00:00;2025-03-02 00:00:00;2025-02-07 00:00:00;2025-02-05 00:00:00
2025-02-04 00:00:00;SO997623;C0029;CT003;464;2025-04-01 00:00:00;2025-03-28 00:00:00;2025-02-12 00:00:00;2025-02-08 00:00:00
2025-02-04 00:00:00;SO202806;C0012;VS004;816;2025-03-04 00:00:00;2025-03-09 00:00:00;2025-02-07 00:00:00;2025-02-12 00:00:00
2025-02-04 00:00:00;SO997623;C0029;AS001;797;2025-04-01 00:00:00;2025-03-30 00:00:00;2025-02-12 00:00:00;2025-02-10 00:00:00
2025-02-04 00:00:00;SO727692;C0020;CL001;684;2025-04-01 00:00:00;2025-03-29 00:00:00;2025-02-08 00:00:00;2025-02-05 00:00:00
2025-02-04 00:00:00;SO997623;C0029;AT002;1146;2025-04-01 00:00:00;2025-03-31 00:00:00;2025-02-12 00:00:00;2025-02-11 00:00:00
2025-02-04 00:00:00;SO202806;C0012;AS004;479;2025-03-04 00:00:00;2025-03-06 00:00:00;2025-02-07 00:00:00;2025-02-09 00:00:00
2025-02-04 00:00:00;SO496893;C0025;AS002;650;2025-03-04 00:00:00;2025-03-07 00:00:00;2025-02-12 00:00:00;2025-02-15 00:00:00
2025-02-05 00:00:00;SO183559;C0002;AT001;422;2025-03-12 00:00:00;2025-03-04 00:00:00;2025-02-07 00:00:00;2025-01-30 00:00:00
2025-02-05 00:00:00;SO611796;C0021;AS005;444;2025-02-19 00:00:00;2025-02-22 00:00:00;2025-02-09 00:00:00;2025-02-12 00:00:00
2025-02-05 00:00:00;SO183559;C0002;CS003;901;2025-03-12 00:00:00;2025-03-21 00:00:00;2025-02-07 00:00:00;2025-02-16 00:00:00
2025-02-05 00:00:00;SO183559;C0002;AS004;837;2025-03-12 00:00:00;2025-03-12 00:00:00;2025-02-07 00:00:00;2025-02-07 00:00:00
2025-02-05 00:00:00;SO183559;C0002;CT002;813;2025-03-12 00:00:00;2025-03-03 00:00:00;2025-02-07 00:00:00;2025-01-29 00:00:00
2025-02-05 00:00:00;SO183559;C0002;AS005;586;2025-03-12 00:00:00;2025-03-03 00:00:00;2025-02-07 00:00:00;2025-01-29 00:00:00
2025-02-05 00:00:00;SO611796;C0021;CT002;1119;2025-02-19 00:00:00;2025-02-19 00:00:00;2025-02-09 00:00:00;2025-02-09 00:00:00
2025-02-05 00:00:00;SO611796;C0021;AT001;939;2025-02-19 00:00:00;2025-02-12 00:00:00;2025-02-09 00:00:00;2025-02-02 00:00:00
2025-02-05 00:00:00;SO611796;C0021;VS004;1112;2025-02-19 00:00:00;2025-02-22 00:00:00;2025-02-09 00:00:00;2025-02-12 00:00:00
2025-02-05 00:00:00;SO183559;C0002;AT002;1158;2025-03-12 00:00:00;2025-03-02 00:00:00;2025-02-07 00:00:00;2025-01-28 00:00:00
2025-02-05 00:00:00;SO183559;C0002;CT003;761;2025-03-12 00:00:00;2025-03-04 00:00:00;2025-02-07 00:00:00;2025-01-30 00:00:00
2025-02-05 00:00:00;SO183559;C0002;CT001;740;2025-03-12 00:00:00;2025-03-16 00:00:00;2025-02-07 00:00:00;2025-02-11 00:00:00
2025-02-06 00:00:00;SO253098;C0013;CS003;1143;2025-03-06 00:00:00;2025-03-05 00:00:00;2025-02-10 00:00:00;2025-02-09 00:00:00
2025-02-06 00:00:00;SO776855;C0023;VS001;890;2025-03-13 00:00:00;2025-03-09 00:00:00;2025-02-10 00:00:00;2025-02-06 00:00:00
2025-02-06 00:00:00;SO878252;C0001;VS005;397;2025-03-06 00:00:00;2025-03-16 00:00:00;2025-02-08 00:00:00;2025-02-18 00:00:00
2025-02-06 00:00:00;SO878252;C0001;AT001;297;2025-03-06 00:00:00;2025-02-25 00:00:00;2025-02-08 00:00:00;2025-01-30 00:00:00
2025-02-06 00:00:00;SO776855;C0023;AS005;1051;2025-03-13 00:00:00;2025-03-08 00:00:00;2025-02-10 00:00:00;2025-02-05 00:00:00
2025-02-06 00:00:00;SO253098;C0013;CT003;1277;2025-03-06 00:00:00;2025-03-14 00:00:00;2025-02-10 00:00:00;2025-02-18 00:00:00
2025-02-06 00:00:00;SO878252;C0001;CS001;623;2025-03-06 00:00:00;2025-03-04 00:00:00;2025-02-08 00:00:00;2025-02-06 00:00:00
2025-02-06 00:00:00;SO253098;C0013;CS002;714;2025-03-06 00:00:00;2025-03-13 00:00:00;2025-02-10 00:00:00;2025-02-17 00:00:00
2025-02-06 00:00:00;SO776855;C0023;AT002;771;2025-03-13 00:00:00;2025-03-10 00:00:00;2025-02-10 00:00:00;2025-02-07 00:00:00
2025-02-06 00:00:00;SO878252;C0001;CL001;1257;2025-03-06 00:00:00;2025-03-01 00:00:00;2025-02-08 00:00:00;2025-02-03 00:00:00
2025-02-06 00:00:00;SO776855;C0023;AS001;601;2025-03-13 00:00:00;2025-03-03 00:00:00;2025-02-10 00:00:00;2025-01-31 00:00:00
2025-02-06 00:00:00;SO253098;C0013;CS001;964;2025-03-06 00:00:00;2025-03-08 00:00:00;2025-02-10 00:00:00;2025-02-12 00:00:00
2025-02-07 00:00:00;SO766347;C0019;CT002;463;2025-04-11 00:00:00;2025-04-03 00:00:00;2025-02-11 00:00:00;2025-02-03 00:00:00
2025-02-07 00:00:00;SO304180;C0021;AS004;758;2025-02-21 00:00:00;2025-02-21 00:00:00;2025-02-11 00:00:00;2025-02-11 00:00:00
2025-02-07 00:00:00;SO436525;C0027;AT001;517;2025-03-21 00:00:00;2025-03-22 00:00:00;2025-02-15 00:00:00;2025-02-16 00:00:00
2025-02-07 00:00:00;SO304180;C0021;CL002;753;2025-02-21 00:00:00;2025-02-22 00:00:00;2025-02-11 00:00:00;2025-02-12 00:00:00
2025-02-07 00:00:00;SO766347;C0019;AS004;440;2025-04-11 00:00:00;2025-04-20 00:00:00;2025-02-11 00:00:00;2025-02-20 00:00:00
2025-02-07 00:00:00;SO304180;C0021;VS005;558;2025-02-21 00:00:00;2025-02-25 00:00:00;2025-02-11 00:00:00;2025-02-15 00:00:00
2025-02-07 00:00:00;SO304180;C0021;CT001;730;2025-02-21 00:00:00;2025-03-03 00:00:00;2025-02-11 00:00:00;2025-02-21 00:00:00
2025-02-07 00:00:00;SO304180;C0021;VS004;829;2025-02-21 00:00:00;2025-02-22 00:00:00;2025-02-11 00:00:00;2025-02-12 00:00:00
2025-02-07 00:00:00;SO304180;C0021;CS003;1008;2025-02-21 00:00:00;2025-02-25 00:00:00;2025-02-11 00:00:00;2025-02-15 00:00:00
2025-02-07 00:00:00;SO304180;C0021;CT003;705;2025-02-21 00:00:00;2025-02-24 00:00:00;2025-02-11 00:00:00;2025-02-14 00:00:00
2025-02-07 00:00:00;SO766347;C0019;AT001;690;2025-04-11 00:00:00;2025-04-19 00:00:00;2025-02-11 00:00:00;2025-02-19 00:00:00
2025-02-07 00:00:00;SO436525;C0027;CL001;1251;2025-03-21 00:00:00;2025-03-12 00:00:00;2025-02-15 00:00:00;2025-02-06 00:00:00
2025-02-07 00:00:00;SO766347;C0019;VS004;942;2025-04-11 00:00:00;2025-04-07 00:00:00;2025-02-11 00:00:00;2025-02-07 00:00:00
2025-02-07 00:00:00;SO436525;C0027;CT001;1098;2025-03-21 00:00:00;2025-03-15 00:00:00;2025-02-15 00:00:00;2025-02-09 00:00:00
2025-02-07 00:00:00;SO766347;C0019;VS001;1175;2025-04-11 00:00:00;2025-04-11 00:00:00;2025-02-11 00:00:00;2025-02-11 00:00:00
2025-02-07 00:00:00;SO436525;C0027;CS002;996;2025-03-21 00:00:00;2025-03-30 00:00:00;2025-02-15 00:00:00;2025-02-24 00:00:00
2025-02-07 00:00:00;SO304180;C0021;AT001;883;2025-02-21 00:00:00;2025-02-21 00:00:00;2025-02-11 00:00:00;2025-02-11 00:00:00
2025-02-07 00:00:00;SO304180;C0021;AS002;1104;2025-02-21 00:00:00;2025-03-02 00:00:00;2025-02-11 00:00:00;2025-02-20 00:00:00
2025-02-10 00:00:00;SO671531;C0012;CL001;643;2025-03-10 00:00:00;2025-03-18 00:00:00;2025-02-13 00:00:00;2025-02-21 00:00:00
2025-02-10 00:00:00;SO106654;C0002;CS001;312;2025-03-17 00:00:00;2025-03-26 00:00:00;2025-02-12 00:00:00;2025-02-21 00:00:00
2025-02-10 00:00:00;SO852685;C0030;AT002;426;2025-04-14 00:00:00;2025-04-22 00:00:00;2025-02-18 00:00:00;2025-02-26 00:00:00
2025-02-10 00:00:00;SO376468;C0015;AS004;802;2025-03-24 00:00:00;2025-03-18 00:00:00;2025-02-14 00:00:00;2025-02-08 00:00:00
2025-02-10 00:00:00;SO106654;C0002;CT001;832;2025-03-17 00:00:00;2025-03-24 00:00:00;2025-02-12 00:00:00;2025-02-19 00:00:00
2025-02-10 00:00:00;SO671531;C0012;AT001;1017;2025-03-10 00:00:00;2025-03-01 00:00:00;2025-02-13 00:00:00;2025-02-04 00:00:00
2025-02-10 00:00:00;SO852685;C0030;VS001;869;2025-04-14 00:00:00;2025-04-16 00:00:00;2025-02-18 00:00:00;2025-02-20 00:00:00
2025-02-10 00:00:00;SO376468;C0015;CS001;348;2025-03-24 00:00:00;2025-03-24 00:00:00;2025-02-14 00:00:00;2025-02-14 00:00:00
2025-02-10 00:00:00;SO852685;C0030;AS004;438;2025-04-14 00:00:00;2025-04-20 00:00:00;2025-02-18 00:00:00;2025-02-24 00:00:00
2025-02-10 00:00:00;SO106654;C0002;CL001;609;2025-03-17 00:00:00;2025-03-19 00:00:00;2025-02-12 00:00:00;2025-02-14 00:00:00
2025-02-10 00:00:00;SO376468;C0015;VS005;516;2025-03-24 00:00:00;2025-03-21 00:00:00;2025-02-14 00:00:00;2025-02-11 00:00:00
2025-02-10 00:00:00;SO376468;C0015;AT002;746;2025-03-24 00:00:00;2025-03-18 00:00:00;2025-02-14 00:00:00;2025-02-08 00:00:00
2025-02-10 00:00:00;SO852685;C0030;AS002;356;2025-04-14 00:00:00;2025-04-24 00:00:00;2025-02-18 00:00:00;2025-02-28 00:00:00
2025-02-10 00:00:00;SO671531;C0012;CT002;905;2025-03-10 00:00:00;2025-03-13 00:00:00;2025-02-13 00:00:00;2025-02-16 00:00:00
2025-02-10 00:00:00;SO106654;C0002;VS005;415;2025-03-17 00:00:00;2025-03-13 00:00:00;2025-02-12 00:00:00;2025-02-08 00:00:00
2025-02-10 00:00:00;SO671531;C0012;CT003;803;2025-03-10 00:00:00;2025-03-13 00:00:00;2025-02-13 00:00:00;2025-02-16 00:00:00
2025-02-10 00:00:00;SO671531;C0012;CL002;669;2025-03-10 00:00:00;2025-03-17 00:00:00;2025-02-13 00:00:00;2025-02-20 00:00:00
2025-02-10 00:00:00;SO106654;C0002;AS001;929;2025-03-17 00:00:00;2025-03-27 00:00:00;2025-02-12 00:00:00;2025-02-22 00:00:00
2025-02-11 00:00:00;SO477611;C0004;VS003;489;2025-02-25 00:00:00;2025-02-23 00:00:00;2025-02-13 00:00:00;2025-02-11 00:00:00
2025-02-11 00:00:00;SO188073;C0026;AS004;1108;2025-03-18 00:00:00;2025-03-19 00:00:00;2025-02-19 00:00:00;2025-02-20 00:00:00
2025-02-11 00:00:00;SO188073;C0026;VS005;925;2025-03-18 00:00:00;2025-03-16 00:00:00;2025-02-19 00:00:00;2025-02-17 00:00:00
2025-02-11 00:00:00;SO188073;C0026;CS003;382;2025-03-18 00:00:00;2025-03-19 00:00:00;2025-02-19 00:00:00;2025-02-20 00:00:00
2025-02-11 00:00:00;SO477611;C0004;AT002;822;2025-02-25 00:00:00;2025-02-23 00:00:00;2025-02-13 00:00:00;2025-02-11 00:00:00
2025-02-11 00:00:00;SO188073;C0026;AL002;1095;2025-03-18 00:00:00;2025-03-23 00:00:00;2025-02-19 00:00:00;2025-02-24 00:00:00
2025-02-11 00:00:00;SO188073;C0026;AS002;906;2025-03-18 00:00:00;2025-03-11 00:00:00;2025-02-19 00:00:00;2025-02-12 00:00:00
2025-02-11 00:00:00;SO188073;C0026;VS003;546;2025-03-18 00:00:00;2025-03-13 00:00:00;2025-02-19 00:00:00;2025-02-14 00:00:00
2025-02-11 00:00:00;SO188073;C0026;CS002;492;2025-03-18 00:00:00;2025-03-20 00:00:00;2025-02-19 00:00:00;2025-02-21 00:00:00
2025-02-11 00:00:00;SO477611;C0004;AS002;709;2025-02-25 00:00:00;2025-02-26 00:00:00;2025-02-13 00:00:00;2025-02-14 00:00:00
2025-02-11 00:00:00;SO188073;C0026;VS004;384;2025-03-18 00:00:00;2025-03-17 00:00:00;2025-02-19 00:00:00;2025-02-18 00:00:00
2025-02-11 00:00:00;SO188073;C0026;CS001;998;2025-03-18 00:00:00;2025-03-22 00:00:00;2025-02-19 00:00:00;2025-02-23 00:00:00
2025-02-11 00:00:00;SO188073;C0026;CL001;520;2025-03-18 00:00:00;2025-03-12 00:00:00;2025-02-19 00:00:00;2025-02-13 00:00:00
2025-02-11 00:00:00;SO477611;C0004;CT001;502;2025-02-25 00:00:00;2025-02-27 00:00:00;2025-02-13 00:00:00;2025-02-15 00:00:00
2025-02-11 00:00:00;SO188073;C0026;AS001;450;2025-03-18 00:00:00;2025-03-15 00:00:00;2025-02-19 00:00:00;2025-02-16 00:00:00
2025-02-12 00:00:00;SO865517;C0004;CT001;458;2025-02-26 00:00:00;2025-03-03 00:00:00;2025-02-14 00:00:00;2025-02-19 00:00:00
2025-02-12 00:00:00;SO308389;C0003;AS001;941;2025-03-26 00:00:00;2025-04-05 00:00:00;2025-02-14 00:00:00;2025-02-24 00:00:00
2025-02-12 00:00:00;SO562438;C0016;AS001;1059;2025-02-26 00:00:00;2025-02-19 00:00:00;2025-02-16 00:00:00;2025-02-09 00:00:00
2025-02-12 00:00:00;SO562438;C0016;CT001;301;2025-02-26 00:00:00;2025-02-26 00:00:00;2025-02-16 00:00:00;2025-02-16 00:00:00
2025-02-12 00:00:00;SO308389;C0003;AS004;634;2025-03-26 00:00:00;2025-04-04 00:00:00;2025-02-14 00:00:00;2025-02-23 00:00:00
2025-02-12 00:00:00;SO562438;C0016;VS005;438;2025-02-26 00:00:00;2025-03-04 00:00:00;2025-02-16 00:00:00;2025-02-22 00:00:00
2025-02-12 00:00:00;SO308389;C0003;CT003;1260;2025-03-26 00:00:00;2025-03-24 00:00:00;2025-02-14 00:00:00;2025-02-12 00:00:00
2025-02-12 00:00:00;SO308389;C0003;AS003;536;2025-03-26 00:00:00;2025-03-28 00:00:00;2025-02-14 00:00:00;2025-02-16 00:00:00
2025-02-12 00:00:00;SO865517;C0004;VS001;633;2025-02-26 00:00:00;2025-03-08 00:00:00;2025-02-14 00:00:00;2025-02-24 00:00:00
2025-02-12 00:00:00;SO562438;C0016;AL001;849;2025-02-26 00:00:00;2025-02-25 00:00:00;2025-02-16 00:00:00;2025-02-15 00:00:00
2025-02-12 00:00:00;SO865517;C0004;AS001;1099;2025-02-26 00:00:00;2025-02-24 00:00:00;2025-02-14 00:00:00;2025-02-12 00:00:00
2025-02-12 00:00:00;SO308389;C0003;AL001;1169;2025-03-26 00:00:00;2025-03-21 00:00:00;2025-02-14 00:00:00;2025-02-09 00:00:00
2025-02-12 00:00:00;SO562438;C0016;VS001;438;2025-02-26 00:00:00;2025-03-08 00:00:00;2025-02-16 00:00:00;2025-02-26 00:00:00
2025-02-13 00:00:00;SO397610;C0010;AS002;321;2025-03-27 00:00:00;2025-03-17 00:00:00;2025-02-16 00:00:00;2025-02-06 00:00:00
2025-02-13 00:00:00;SO741774;C0016;AS001;842;2025-02-27 00:00:00;2025-03-06 00:00:00;2025-02-17 00:00:00;2025-02-24 00:00:00
2025-02-13 00:00:00;SO409799;C0027;AT001;823;2025-03-27 00:00:00;2025-03-22 00:00:00;2025-02-21 00:00:00;2025-02-16 00:00:00
2025-02-13 00:00:00;SO741774;C0016;CS001;1038;2025-02-27 00:00:00;2025-02-19 00:00:00;2025-02-17 00:00:00;2025-02-09 00:00:00
2025-02-13 00:00:00;SO409799;C0027;CT001;875;2025-03-27 00:00:00;2025-03-28 00:00:00;2025-02-21 00:00:00;2025-02-22 00:00:00
2025-02-13 00:00:00;SO409799;C0027;AS003;1051;2025-03-27 00:00:00;2025-04-06 00:00:00;2025-02-21 00:00:00;2025-03-03 00:00:00
2025-02-13 00:00:00;SO741774;C0016;CS003;700;2025-02-27 00:00:00;2025-03-07 00:00:00;2025-02-17 00:00:00;2025-02-25 00:00:00
2025-02-13 00:00:00;SO741774;C0016;VS004;1052;2025-02-27 00:00:00;2025-02-18 00:00:00;2025-02-17 00:00:00;2025-02-08 00:00:00
2025-02-13 00:00:00;SO741774;C0016;CL002;538;2025-02-27 00:00:00;2025-03-04 00:00:00;2025-02-17 00:00:00;2025-02-22 00:00:00
2025-02-13 00:00:00;SO397610;C0010;VS001;436;2025-03-27 00:00:00;2025-04-05 00:00:00;2025-02-16 00:00:00;2025-02-25 00:00:00
2025-02-13 00:00:00;SO741774;C0016;CT003;440;2025-02-27 00:00:00;2025-02-25 00:00:00;2025-02-17 00:00:00;2025-02-15 00:00:00
2025-02-13 00:00:00;SO741774;C0016;VS003;553;2025-02-27 00:00:00;2025-03-02 00:00:00;2025-02-17 00:00:00;2025-02-20 00:00:00
2025-02-14 00:00:00;SO219634;C0024;CT002;465;2025-03-14 00:00:00;2025-03-11 00:00:00;2025-02-18 00:00:00;2025-02-15 00:00:00
2025-02-14 00:00:00;SO144560;C0010;AS002;591;2025-03-28 00:00:00;2025-03-21 00:00:00;2025-02-17 00:00:00;2025-02-10 00:00:00
2025-02-14 00:00:00;SO219634;C0024;VS005;463;2025-03-14 00:00:00;2025-03-12 00:00:00;2025-02-18 00:00:00;2025-02-16 00:00:00
2025-02-14 00:00:00;SO219634;C0024;AS004;596;2025-03-14 00:00:00;2025-03-16 00:00:00;2025-02-18 00:00:00;2025-02-20 00:00:00
2025-02-14 00:00:00;SO219634;C0024;CS002;569;2025-03-14 00:00:00;2025-03-05 00:00:00;2025-02-18 00:00:00;2025-02-09 00:00:00
2025-02-14 00:00:00;SO144560;C0010;CT002;1108;2025-03-28 00:00:00;2025-03-26 00:00:00;2025-02-17 00:00:00;2025-02-15 00:00:00
2025-02-14 00:00:00;SO219634;C0024;VS001;848;2025-03-14 00:00:00;2025-03-15 00:00:00;2025-02-18 00:00:00;2025-02-19 00:00:00
2025-02-14 00:00:00;SO144560;C0010;AL001;836;2025-03-28 00:00:00;2025-04-04 00:00:00;2025-02-17 00:00:00;2025-02-24 00:00:00
2025-02-14 00:00:00;SO144560;C0010;VS003;579;2025-03-28 00:00:00;2025-03-21 00:00:00;2025-02-17 00:00:00;2025-02-10 00:00:00
2025-02-14 00:00:00;SO144560;C0010;CL001;474;2025-03-28 00:00:00;2025-03-24 00:00:00;2025-02-17 00:00:00;2025-02-13 00:00:00
2025-02-14 00:00:00;SO219634;C0024;CT003;351;2025-03-14 00:00:00;2025-03-07 00:00:00;2025-02-18 00:00:00;2025-02-11 00:00:00
2025-02-14 00:00:00;SO219634;C0024;CL001;885;2025-03-14 00:00:00;2025-03-20 00:00:00;2025-02-18 00:00:00;2025-02-24 00:00:00
2025-02-14 00:00:00;SO219634;C0024;AL001;1150;2025-03-14 00:00:00;2025-03-14 00:00:00;2025-02-18 00:00:00;2025-02-18 00:00:00
2025-02-14 00:00:00;SO219634;C0024;AT001;827;2025-03-14 00:00:00;2025-03-19 00:00:00;2025-02-18 00:00:00;2025-02-23 00:00:00
2025-02-14 00:00:00;SO144560;C0010;CS001;706;2025-03-28 00:00:00;2025-04-02 00:00:00;2025-02-17 00:00:00;2025-02-22 00:00:00
2025-02-14 00:00:00;SO219634;C0024;VS003;807;2025-03-14 00:00:00;2025-03-11 00:00:00;2025-02-18 00:00:00;2025-02-15 00:00:00
2025-02-14 00:00:00;SO144560;C0010;AS001;576;2025-03-28 00:00:00;2025-04-03 00:00:00;2025-02-17 00:00:00;2025-02-23 00:00:00
2025-02-14 00:00:00;SO219634;C0024;AS001;433;2025-03-14 00:00:00;2025-03-20 00:00:00;2025-02-18 00:00:00;2025-02-24 00:00:00
2025-02-14 00:00:00;SO144560;C0010;AS003;1160;2025-03-28 00:00:00;2025-04-02 00:00:00;2025-02-17 00:00:00;2025-02-22 00:00:00
2025-02-17 00:00:00;SO679184;C0007;VS001;425;2025-04-21 00:00:00;2025-04-23 00:00:00;2025-02-20 00:00:00;2025-02-22 00:00:00
2025-02-17 00:00:00;SO872067;C0008;CT003;976;2025-04-14 00:00:00;2025-04-18 00:00:00;2025-02-20 00:00:00;2025-02-24 00:00:00
2025-02-17 00:00:00;SO872067;C0008;AL002;1021;2025-04-14 00:00:00;2025-04-12 00:00:00;2025-02-20 00:00:00;2025-02-18 00:00:00
2025-02-17 00:00:00;SO872067;C0008;AT001;588;2025-04-14 00:00:00;2025-04-08 00:00:00;2025-02-20 00:00:00;2025-02-14 00:00:00
2025-02-17 00:00:00;SO872067;C0008;CL001;451;2025-04-14 00:00:00;2025-04-05 00:00:00;2025-02-20 00:00:00;2025-02-11 00:00:00
2025-02-17 00:00:00;SO872067;C0008;CS001;404;2025-04-14 00:00:00;2025-04-22 00:00:00;2025-02-20 00:00:00;2025-02-28 00:00:00
2025-02-17 00:00:00;SO679184;C0007;CL001;930;2025-04-21 00:00:00;2025-04-17 00:00:00;2025-02-20 00:00:00;2025-02-16 00:00:00
2025-02-17 00:00:00;SO872067;C0008;AS001;283;2025-04-14 00:00:00;2025-04-21 00:00:00;2025-02-20 00:00:00;2025-02-27 00:00:00
2025-02-17 00:00:00;SO872067;C0008;AS004;1098;2025-04-14 00:00:00;2025-04-19 00:00:00;2025-02-20 00:00:00;2025-02-25 00:00:00
2025-02-17 00:00:00;SO872067;C0008;AL001;463;2025-04-14 00:00:00;2025-04-23 00:00:00;2025-02-20 00:00:00;2025-03-01 00:00:00
2025-02-17 00:00:00;SO872067;C0008;CS002;935;2025-04-14 00:00:00;2025-04-11 00:00:00;2025-02-20 00:00:00;2025-02-17 00:00:00
2025-02-17 00:00:00;SO679184;C0007;CS003;354;2025-04-21 00:00:00;2025-04-22 00:00:00;2025-02-20 00:00:00;2025-02-21 00:00:00
2025-02-17 00:00:00;SO679184;C0007;AS004;412;2025-04-21 00:00:00;2025-04-23 00:00:00;2025-02-20 00:00:00;2025-02-22 00:00:00
2025-02-17 00:00:00;SO872067;C0008;VS001;1082;2025-04-14 00:00:00;2025-04-23 00:00:00;2025-02-20 00:00:00;2025-03-01 00:00:00
2025-02-17 00:00:00;SO872067;C0008;AT002;633;2025-04-14 00:00:00;2025-04-17 00:00:00;2025-02-20 00:00:00;2025-02-23 00:00:00
2025-02-17 00:00:00;SO679184;C0007;CT002;1037;2025-04-21 00:00:00;2025-04-15 00:00:00;2025-02-20 00:00:00;2025-02-14 00:00:00
2025-02-17 00:00:00;SO679184;C0007;AT002;638;2025-04-21 00:00:00;2025-04-27 00:00:00;2025-02-20 00:00:00;2025-02-26 00:00:00
2025-02-17 00:00:00;SO679184;C0007;AL002;650;2025-04-21 00:00:00;2025-04-30 00:00:00;2025-02-20 00:00:00;2025-03-01 00:00:00
2025-02-17 00:00:00;SO679184;C0007;AT001;496;2025-04-21 00:00:00;2025-04-14 00:00:00;2025-02-20 00:00:00;2025-02-13 00:00:00
2025-02-17 00:00:00;SO679184;C0007;CS001;597;2025-04-21 00:00:00;2025-04-23 00:00:00;2025-02-20 00:00:00;2025-02-22 00:00:00
2025-02-18 00:00:00;SO264869;C0008;AT001;558;2025-04-15 00:00:00;2025-04-06 00:00:00;2025-02-21 00:00:00;2025-02-12 00:00:00
2025-02-18 00:00:00;SO904526;C0005;CS001;617;2025-04-15 00:00:00;2025-04-19 00:00:00;2025-02-20 00:00:00;2025-02-24 00:00:00
2025-02-18 00:00:00;SO738492;C0021;AS002;642;2025-03-04 00:00:00;2025-03-03 00:00:00;2025-02-22 00:00:00;2025-02-21 00:00:00
2025-02-18 00:00:00;SO676453;C0002;CL002;1141;2025-03-25 00:00:00;2025-03-24 00:00:00;2025-02-20 00:00:00;2025-02-19 00:00:00
2025-02-18 00:00:00;SO676453;C0002;AL001;913;2025-03-25 00:00:00;2025-03-26 00:00:00;2025-02-20 00:00:00;2025-02-21 00:00:00
2025-02-18 00:00:00;SO264869;C0008;AT002;699;2025-04-15 00:00:00;2025-04-10 00:00:00;2025-02-21 00:00:00;2025-02-16 00:00:00
2025-02-18 00:00:00;SO264869;C0008;CL001;650;2025-04-15 00:00:00;2025-04-09 00:00:00;2025-02-21 00:00:00;2025-02-15 00:00:00
2025-02-18 00:00:00;SO676453;C0002;AT002;1005;2025-03-25 00:00:00;2025-03-24 00:00:00;2025-02-20 00:00:00;2025-02-19 00:00:00
2025-02-18 00:00:00;SO904526;C0005;CT003;1076;2025-04-15 00:00:00;2025-04-10 00:00:00;2025-02-20 00:00:00;2025-02-15 00:00:00
2025-02-18 00:00:00;SO738492;C0021;CS001;1082;2025-03-04 00:00:00;2025-03-12 00:00:00;2025-02-22 00:00:00;2025-03-02 00:00:00
2025-02-18 00:00:00;SO738492;C0021;CS003;1332;2025-03-04 00:00:00;2025-02-25 00:00:00;2025-02-22 00:00:00;2025-02-15 00:00:00
2025-02-18 00:00:00;SO676453;C0002;AS001;1358;2025-03-25 00:00:00;2025-03-22 00:00:00;2025-02-20 00:00:00;2025-02-17 00:00:00
2025-02-19 00:00:00;SO651435;C0006;AL001;630;2025-04-23 00:00:00;2025-04-24 00:00:00;2025-02-21 00:00:00;2025-02-22 00:00:00
2025-02-19 00:00:00;SO596928;C0011;CL002;569;2025-03-26 00:00:00;2025-04-04 00:00:00;2025-02-22 00:00:00;2025-03-03 00:00:00
2025-02-19 00:00:00;SO768233;C0009;VS001;930;2025-03-05 00:00:00;2025-03-06 00:00:00;2025-02-22 00:00:00;2025-02-23 00:00:00
2025-02-19 00:00:00;SO596928;C0011;VS003;512;2025-03-26 00:00:00;2025-03-25 00:00:00;2025-02-22 00:00:00;2025-02-21 00:00:00
2025-02-19 00:00:00;SO651435;C0006;CT003;954;2025-04-23 00:00:00;2025-04-16 00:00:00;2025-02-21 00:00:00;2025-02-14 00:00:00
2025-02-19 00:00:00;SO596928;C0011;AS001;1128;2025-03-26 00:00:00;2025-03-25 00:00:00;2025-02-22 00:00:00;2025-02-21 00:00:00
2025-02-19 00:00:00;SO596928;C0011;AS005;985;2025-03-26 00:00:00;2025-04-02 00:00:00;2025-02-22 00:00:00;2025-03-01 00:00:00
2025-02-19 00:00:00;SO596928;C0011;VS004;771;2025-03-26 00:00:00;2025-04-04 00:00:00;2025-02-22 00:00:00;2025-03-03 00:00:00
2025-02-19 00:00:00;SO596928;C0011;CS001;969;2025-03-26 00:00:00;2025-03-25 00:00:00;2025-02-22 00:00:00;2025-02-21 00:00:00
2025-02-19 00:00:00;SO596928;C0011;CT001;864;2025-03-26 00:00:00;2025-04-01 00:00:00;2025-02-22 00:00:00;2025-02-28 00:00:00
2025-02-19 00:00:00;SO768233;C0009;CT001;928;2025-03-05 00:00:00;2025-03-05 00:00:00;2025-02-22 00:00:00;2025-02-22 00:00:00
2025-02-19 00:00:00;SO596928;C0011;VS001;1066;2025-03-26 00:00:00;2025-03-23 00:00:00;2025-02-22 00:00:00;2025-02-19 00:00:00
2025-02-19 00:00:00;SO596928;C0011;AS004;1134;2025-03-26 00:00:00;2025-03-23 00:00:00;2025-02-22 00:00:00;2025-02-19 00:00:00
2025-02-19 00:00:00;SO596928;C0011;AT001;573;2025-03-26 00:00:00;2025-04-01 00:00:00;2025-02-22 00:00:00;2025-02-28 00:00:00
2025-02-19 00:00:00;SO651435;C0006;AS005;1370;2025-04-23 00:00:00;2025-04-24 00:00:00;2025-02-21 00:00:00;2025-02-22 00:00:00
2025-02-19 00:00:00;SO596928;C0011;CT002;1037;2025-03-26 00:00:00;2025-03-19 00:00:00;2025-02-22 00:00:00;2025-02-15 00:00:00
2025-02-20 00:00:00;SO351431;C0003;VS001;460;2025-04-03 00:00:00;2025-04-02 00:00:00;2025-02-22 00:00:00;2025-02-21 00:00:00
2025-02-20 00:00:00;SO776598;C0015;VS004;706;2025-04-03 00:00:00;2025-04-10 00:00:00;2025-02-24 00:00:00;2025-03-03 00:00:00
2025-02-20 00:00:00;SO505953;C0001;AL002;1186;2025-03-20 00:00:00;2025-03-13 00:00:00;2025-02-22 00:00:00;2025-02-15 00:00:00
2025-02-20 00:00:00;SO351431;C0003;VS004;1205;2025-04-03 00:00:00;2025-04-12 00:00:00;2025-02-22 00:00:00;2025-03-03 00:00:00
2025-02-20 00:00:00;SO776598;C0015;CT002;1257;2025-04-03 00:00:00;2025-03-28 00:00:00;2025-02-24 00:00:00;2025-02-18 00:00:00
2025-02-20 00:00:00;SO505953;C0001;AS005;331;2025-03-20 00:00:00;2025-03-16 00:00:00;2025-02-22 00:00:00;2025-02-18 00:00:00
2025-02-20 00:00:00;SO776598;C0015;AS001;933;2025-04-03 00:00:00;2025-04-09 00:00:00;2025-02-24 00:00:00;2025-03-02 00:00:00
2025-02-20 00:00:00;SO505953;C0001;AT001;714;2025-03-20 00:00:00;2025-03-30 00:00:00;2025-02-22 00:00:00;2025-03-04 00:00:00
2025-02-20 00:00:00;SO351431;C0003;AL001;657;2025-04-03 00:00:00;2025-03-27 00:00:00;2025-02-22 00:00:00;2025-02-15 00:00:00
2025-02-20 00:00:00;SO505953;C0001;AS003;952;2025-03-20 00:00:00;2025-03-29 00:00:00;2025-02-22 00:00:00;2025-03-03 00:00:00
2025-02-20 00:00:00;SO505953;C0001;AS001;891;2025-03-20 00:00:00;2025-03-11 00:00:00;2025-02-22 00:00:00;2025-02-13 00:00:00
2025-02-20 00:00:00;SO505953;C0001;VS003;450;2025-03-20 00:00:00;2025-03-28 00:00:00;2025-02-22 00:00:00;2025-03-02 00:00:00
2025-02-21 00:00:00;SO905870;C0022;AS003;1094;2025-04-04 00:00:00;2025-04-05 00:00:00;2025-02-25 00:00:00;2025-02-26 00:00:00
2025-02-21 00:00:00;SO9000076;C0020;AS004;1042;2025-04-18 00:00:00;2025-04-24 00:00:00;2025-02-25 00:00:00;2025-03-03 00:00:00
2025-02-21 00:00:00;SO367755;C0015;AS004;752;2025-04-04 00:00:00;2025-04-06 00:00:00;2025-02-25 00:00:00;2025-02-27 00:00:00
2025-02-21 00:00:00;SO195027;C0029;AL002;857;2025-04-18 00:00:00;2025-04-10 00:00:00;2025-03-01 00:00:00;2025-02-21 00:00:00
2025-02-21 00:00:00;SO9000076;C0020;AT001;710;2025-04-18 00:00:00;2025-04-22 00:00:00;2025-02-25 00:00:00;2025-03-01 00:00:00
2025-02-21 00:00:00;SO195027;C0029;AS002;592;2025-04-18 00:00:00;2025-04-08 00:00:00;2025-03-01 00:00:00;2025-02-19 00:00:00
2025-02-21 00:00:00;SO367755;C0015;AL001;909;2025-04-04 00:00:00;2025-04-03 00:00:00;2025-02-25 00:00:00;2025-02-24 00:00:00
2025-02-21 00:00:00;SO9000076;C0020;CT001;891;2025-04-18 00:00:00;2025-04-21 00:00:00;2025-02-25 00:00:00;2025-02-28 00:00:00
2025-02-21 00:00:00;SO367755;C0015;CT001;959;2025-04-04 00:00:00;2025-03-31 00:00:00;2025-02-25 00:00:00;2025-02-21 00:00:00
2025-02-21 00:00:00;SO9000076;C0020;VS003;456;2025-04-18 00:00:00;2025-04-08 00:00:00;2025-02-25 00:00:00;2025-02-15 00:00:00
2025-02-21 00:00:00;SO905870;C0022;CS002;1309;2025-04-04 00:00:00;2025-04-07 00:00:00;2025-02-25 00:00:00;2025-02-28 00:00:00
2025-02-21 00:00:00;SO195027;C0029;CS003;1160;2025-04-18 00:00:00;2025-04-23 00:00:00;2025-03-01 00:00:00;2025-03-06 00:00:00
2025-02-21 00:00:00;SO905870;C0022;AL002;1072;2025-04-04 00:00:00;2025-04-14 00:00:00;2025-02-25 00:00:00;2025-03-07 00:00:00
2025-02-21 00:00:00;SO905870;C0022;AL001;765;2025-04-04 00:00:00;2025-04-01 00:00:00;2025-02-25 00:00:00;2025-02-22 00:00:00
2025-02-21 00:00:00;SO905870;C0022;AS002;434;2025-04-04 00:00:00;2025-03-30 00:00:00;2025-02-25 00:00:00;2025-02-20 00:00:00
2025-02-21 00:00:00;SO905870;C0022;CS003;564;2025-04-04 00:00:00;2025-03-31 00:00:00;2025-02-25 00:00:00;2025-02-21 00:00:00
2025-02-21 00:00:00;SO905870;C0022;VS001;1066;2025-04-04 00:00:00;2025-03-26 00:00:00;2025-02-25 00:00:00;2025-02-16 00:00:00
2025-02-21 00:00:00;SO195027;C0029;AS005;731;2025-04-18 00:00:00;2025-04-09 00:00:00;2025-03-01 00:00:00;2025-02-20 00:00:00
2025-02-21 00:00:00;SO367755;C0015;VS004;1130;2025-04-04 00:00:00;2025-03-25 00:00:00;2025-02-25 00:00:00;2025-02-15 00:00:00
2025-02-24 00:00:00;SO309631;C0014;CT002;930;2025-03-31 00:00:00;2025-04-03 00:00:00;2025-02-28 00:00:00;2025-03-03 00:00:00
2025-02-24 00:00:00;SO636113;C0028;CT002;526;2025-03-10 00:00:00;2025-03-07 00:00:00;2025-03-04 00:00:00;2025-03-01 00:00:00
2025-02-24 00:00:00;SO559323;C0020;CT003;1108;2025-04-21 00:00:00;2025-04-22 00:00:00;2025-02-28 00:00:00;2025-03-01 00:00:00
2025-02-24 00:00:00;SO389150;C0029;AS005;577;2025-04-21 00:00:00;2025-05-01 00:00:00;2025-03-04 00:00:00;2025-03-14 00:00:00
2025-02-24 00:00:00;SO389150;C0029;AT001;1272;2025-04-21 00:00:00;2025-04-19 00:00:00;2025-03-04 00:00:00;2025-03-02 00:00:00
2025-02-24 00:00:00;SO559323;C0020;AT001;1212;2025-04-21 00:00:00;2025-04-20 00:00:00;2025-02-28 00:00:00;2025-02-27 00:00:00
2025-02-24 00:00:00;SO559323;C0020;AL002;591;2025-04-21 00:00:00;2025-04-11 00:00:00;2025-02-28 00:00:00;2025-02-18 00:00:00
2025-02-24 00:00:00;SO309631;C0014;VS004;1153;2025-03-31 00:00:00;2025-03-28 00:00:00;2025-02-28 00:00:00;2025-02-25 00:00:00
2025-02-24 00:00:00;SO389150;C0029;CL002;729;2025-04-21 00:00:00;2025-04-17 00:00:00;2025-03-04 00:00:00;2025-02-28 00:00:00
2025-02-24 00:00:00;SO636113;C0028;CL001;852;2025-03-10 00:00:00;2025-03-04 00:00:00;2025-03-04 00:00:00;2025-02-26 00:00:00
2025-02-24 00:00:00;SO636113;C0028;AS005;531;2025-03-10 00:00:00;2025-03-15 00:00:00;2025-03-04 00:00:00;2025-03-09 00:00:00
2025-02-24 00:00:00;SO309631;C0014;VS005;981;2025-03-31 00:00:00;2025-03-24 00:00:00;2025-02-28 00:00:00;2025-02-21 00:00:00
2025-02-24 00:00:00;SO389150;C0029;VS003;412;2025-04-21 00:00:00;2025-04-25 00:00:00;2025-03-04 00:00:00;2025-03-08 00:00:00
2025-02-24 00:00:00;SO559323;C0020;CS003;404;2025-04-21 00:00:00;2025-04-24 00:00:00;2025-02-28 00:00:00;2025-03-03 00:00:00
2025-02-24 00:00:00;SO389150;C0029;CS003;1204;2025-04-21 00:00:00;2025-04-28 00:00:00;2025-03-04 00:00:00;2025-03-11 00:00:00
2025-02-24 00:00:00;SO636113;C0028;AT002;390;2025-03-10 00:00:00;2025-03-01 00:00:00;2025-03-04 00:00:00;2025-02-23 00:00:00
2025-02-24 00:00:00;SO636113;C0028;VS003;393;2025-03-10 00:00:00;2025-03-18 00:00:00;2025-03-04 00:00:00;2025-03-12 00:00:00
2025-02-24 00:00:00;SO309631;C0014;AS003;587;2025-03-31 00:00:00;2025-04-07 00:00:00;2025-02-28 00:00:00;2025-03-07 00:00:00
2025-02-25 00:00:00;SO586509;C0026;AT002;875;2025-04-01 00:00:00;2025-04-05 00:00:00;2025-03-05 00:00:00;2025-03-09 00:00:00
2025-02-25 00:00:00;SO857216;C0025;VS003;901;2025-03-25 00:00:00;2025-03-21 00:00:00;2025-03-05 00:00:00;2025-03-01 00:00:00
2025-02-25 00:00:00;SO857216;C0025;AL002;1017;2025-03-25 00:00:00;2025-03-31 00:00:00;2025-03-05 00:00:00;2025-03-11 00:00:00
2025-02-25 00:00:00;SO586509;C0026;AS004;596;2025-04-01 00:00:00;2025-03-30 00:00:00;2025-03-05 00:00:00;2025-03-03 00:00:00
2025-02-25 00:00:00;SO586509;C0026;AL002;914;2025-04-01 00:00:00;2025-03-22 00:00:00;2025-03-05 00:00:00;2025-02-23 00:00:00
2025-02-25 00:00:00;SO586509;C0026;CS001;573;2025-04-01 00:00:00;2025-03-25 00:00:00;2025-03-05 00:00:00;2025-02-26 00:00:00
2025-02-25 00:00:00;SO586509;C0026;AT001;673;2025-04-01 00:00:00;2025-03-23 00:00:00;2025-03-05 00:00:00;2025-02-24 00:00:00
2025-02-25 00:00:00;SO857216;C0025;CL002;603;2025-03-25 00:00:00;2025-03-27 00:00:00;2025-03-05 00:00:00;2025-03-07 00:00:00
2025-02-25 00:00:00;SO857216;C0025;AT001;868;2025-03-25 00:00:00;2025-03-21 00:00:00;2025-03-05 00:00:00;2025-03-01 00:00:00
2025-02-25 00:00:00;SO857216;C0025;CS003;681;2025-03-25 00:00:00;2025-04-04 00:00:00;2025-03-05 00:00:00;2025-03-15 00:00:00
2025-02-25 00:00:00;SO857216;C0025;CT002;882;2025-03-25 00:00:00;2025-03-31 00:00:00;2025-03-05 00:00:00;2025-03-11 00:00:00
2025-02-25 00:00:00;SO857216;C0025;VS005;772;2025-03-25 00:00:00;2025-03-17 00:00:00;2025-03-05 00:00:00;2025-02-25 00:00:00
2025-02-25 00:00:00;SO586509;C0026;AS002;1069;2025-04-01 00:00:00;2025-03-27 00:00:00;2025-03-05 00:00:00;2025-02-28 00:00:00
2025-02-25 00:00:00;SO586509;C0026;CS003;389;2025-04-01 00:00:00;2025-04-11 00:00:00;2025-03-05 00:00:00;2025-03-15 00:00:00
2025-02-25 00:00:00;SO857216;C0025;AS002;730;2025-03-25 00:00:00;2025-03-30 00:00:00;2025-03-05 00:00:00;2025-03-10 00:00:00
2025-02-25 00:00:00;SO857216;C0025;AT002;465;2025-03-25 00:00:00;2025-03-23 00:00:00;2025-03-05 00:00:00;2025-03-03 00:00:00
2025-02-25 00:00:00;SO586509;C0026;AS001;1076;2025-04-01 00:00:00;2025-04-02 00:00:00;2025-03-05 00:00:00;2025-03-06 00:00:00
2025-02-25 00:00:00;SO857216;C0025;AS001;758;2025-03-25 00:00:00;2025-03-18 00:00:00;2025-03-05 00:00:00;2025-02-26 00:00:00
2025-02-25 00:00:00;SO586509;C0026;CT002;655;2025-04-01 00:00:00;2025-03-22 00:00:00;2025-03-05 00:00:00;2025-02-23 00:00:00
2025-02-26 00:00:00;SO418621;C0027;AL002;608;2025-04-09 00:00:00;2025-04-06 00:00:00;2025-03-06 00:00:00;2025-03-03 00:00:00
2025-02-26 00:00:00;SO366995;C0019;CT002;353;2025-04-30 00:00:00;2025-04-27 00:00:00;2025-03-02 00:00:00;2025-02-27 00:00:00
2025-02-26 00:00:00;SO841245;C0006;VS005;1036;2025-04-30 00:00:00;2025-05-06 00:00:00;2025-02-28 00:00:00;2025-03-06 00:00:00
2025-02-26 00:00:00;SO418621;C0027;AL001;532;2025-04-09 00:00:00;2025-04-10 00:00:00;2025-03-06 00:00:00;2025-03-07 00:00:00
2025-02-26 00:00:00;SO841245;C0006;AS005;1076;2025-04-30 00:00:00;2025-05-09 00:00:00;2025-02-28 00:00:00;2025-03-09 00:00:00
2025-02-26 00:00:00;SO841245;C0006;VS001;826;2025-04-30 00:00:00;2025-05-10 00:00:00;2025-02-28 00:00:00;2025-03-10 00:00:00
2025-02-26 00:00:00;SO366995;C0019;VS004;1093;2025-04-30 00:00:00;2025-05-01 00:00:00;2025-03-02 00:00:00;2025-03-03 00:00:00
2025-02-26 00:00:00;SO366995;C0019;CL002;465;2025-04-30 00:00:00;2025-05-09 00:00:00;2025-03-02 00:00:00;2025-03-11 00:00:00
2025-02-26 00:00:00;SO366995;C0019;AS003;1302;2025-04-30 00:00:00;2025-04-25 00:00:00;2025-03-02 00:00:00;2025-02-25 00:00:00
2025-02-26 00:00:00;SO418621;C0027;VS003;608;2025-04-09 00:00:00;2025-04-11 00:00:00;2025-03-06 00:00:00;2025-03-08 00:00:00
2025-02-26 00:00:00;SO418621;C0027;CT003;587;2025-04-09 00:00:00;2025-04-16 00:00:00;2025-03-06 00:00:00;2025-03-13 00:00:00
2025-02-26 00:00:00;SO841245;C0006;CT001;532;2025-04-30 00:00:00;2025-05-09 00:00:00;2025-02-28 00:00:00;2025-03-09 00:00:00
2025-02-26 00:00:00;SO366995;C0019;AL002;444;2025-04-30 00:00:00;2025-05-01 00:00:00;2025-03-02 00:00:00;2025-03-03 00:00:00
2025-02-26 00:00:00;SO418621;C0027;AS004;930;2025-04-09 00:00:00;2025-04-19 00:00:00;2025-03-06 00:00:00;2025-03-16 00:00:00
2025-02-26 00:00:00;SO418621;C0027;CL002;787;2025-04-09 00:00:00;2025-04-16 00:00:00;2025-03-06 00:00:00;2025-03-13 00:00:00
2025-02-26 00:00:00;SO366995;C0019;AS002;910;2025-04-30 00:00:00;2025-05-03 00:00:00;2025-03-02 00:00:00;2025-03-05 00:00:00
2025-02-26 00:00:00;SO366995;C0019;VS005;456;2025-04-30 00:00:00;2025-04-22 00:00:00;2025-03-02 00:00:00;2025-02-22 00:00:00
2025-02-26 00:00:00;SO841245;C0006;CT003;390;2025-04-30 00:00:00;2025-05-07 00:00:00;2025-02-28 00:00:00;2025-03-07 00:00:00
2025-02-26 00:00:00;SO841245;C0006;CT002;1095;2025-04-30 00:00:00;2025-04-30 00:00:00;2025-02-28 00:00:00;2025-02-28 00:00:00
2025-02-26 00:00:00;SO841245;C0006;CL002;607;2025-04-30 00:00:00;2025-05-06 00:00:00;2025-02-28 00:00:00;2025-03-06 00:00:00
2025-02-27 00:00:00;SO538345;C0008;CS002;1122;2025-04-24 00:00:00;2025-05-04 00:00:00;2025-03-02 00:00:00;2025-03-12 00:00:00
2025-02-27 00:00:00;SO782327;C0020;VS003;661;2025-04-24 00:00:00;2025-04-29 00:00:00;2025-03-03 00:00:00;2025-03-08 00:00:00
2025-02-27 00:00:00;SO538345;C0008;AL002;957;2025-04-24 00:00:00;2025-04-28 00:00:00;2025-03-02 00:00:00;2025-03-06 00:00:00
2025-02-27 00:00:00;SO538345;C0008;AS005;747;2025-04-24 00:00:00;2025-04-30 00:00:00;2025-03-02 00:00:00;2025-03-08 00:00:00
2025-02-27 00:00:00;SO782327;C0020;AS001;1247;2025-04-24 00:00:00;2025-05-02 00:00:00;2025-03-03 00:00:00;2025-03-11 00:00:00
2025-02-27 00:00:00;SO782327;C0020;CS003;563;2025-04-24 00:00:00;2025-05-02 00:00:00;2025-03-03 00:00:00;2025-03-11 00:00:00
2025-02-27 00:00:00;SO538345;C0008;CL001;780;2025-04-24 00:00:00;2025-04-26 00:00:00;2025-03-02 00:00:00;2025-03-04 00:00:00
2025-02-27 00:00:00;SO538345;C0008;AS001;1042;2025-04-24 00:00:00;2025-04-19 00:00:00;2025-03-02 00:00:00;2025-02-25 00:00:00
2025-02-27 00:00:00;SO538345;C0008;VS003;640;2025-04-24 00:00:00;2025-04-15 00:00:00;2025-03-02 00:00:00;2025-02-21 00:00:00
2025-02-27 00:00:00;SO782327;C0020;AS002;1129;2025-04-24 00:00:00;2025-04-17 00:00:00;2025-03-03 00:00:00;2025-02-24 00:00:00
2025-02-27 00:00:00;SO782327;C0020;AT001;1154;2025-04-24 00:00:00;2025-04-14 00:00:00;2025-03-03 00:00:00;2025-02-21 00:00:00
2025-02-27 00:00:00;SO782327;C0020;CT001;1163;2025-04-24 00:00:00;2025-05-04 00:00:00;2025-03-03 00:00:00;2025-03-13 00:00:00
2025-02-27 00:00:00;SO782327;C0020;CL001;689;2025-04-24 00:00:00;2025-04-27 00:00:00;2025-03-03 00:00:00;2025-03-06 00:00:00
2025-02-27 00:00:00;SO538345;C0008;AS002;909;2025-04-24 00:00:00;2025-04-22 00:00:00;2025-03-02 00:00:00;2025-02-28 00:00:00
2025-02-27 00:00:00;SO782327;C0020;AS005;1057;2025-04-24 00:00:00;2025-04-20 00:00:00;2025-03-03 00:00:00;2025-02-27 00:00:00
2025-02-27 00:00:00;SO782327;C0020;AS003;325;2025-04-24 00:00:00;2025-04-23 00:00:00;2025-03-03 00:00:00;2025-03-02 00:00:00
2025-02-27 00:00:00;SO538345;C0008;CT002;811;2025-04-24 00:00:00;2025-04-25 00:00:00;2025-03-02 00:00:00;2025-03-03 00:00:00
2025-02-27 00:00:00;SO538345;C0008;CT003;1119;2025-04-24 00:00:00;2025-04-30 00:00:00;2025-03-02 00:00:00;2025-03-08 00:00:00
2025-02-27 00:00:00;SO782327;C0020;CS001;1177;2025-04-24 00:00:00;2025-04-23 00:00:00;2025-03-03 00:00:00;2025-03-02 00:00:00
2025-02-27 00:00:00;SO538345;C0008;VS005;1041;2025-04-24 00:00:00;2025-04-29 00:00:00;2025-03-02 00:00:00;2025-03-07 00:00:00
2025-02-28 00:00:00;SO448869;C0009;CS001;924;2025-03-14 00:00:00;2025-03-10 00:00:00;2025-03-03 00:00:00;2025-02-27 00:00:00
2025-02-28 00:00:00;SO450912;C0013;AL002;1049;2025-03-28 00:00:00;2025-03-26 00:00:00;2025-03-04 00:00:00;2025-03-02 00:00:00
2025-02-28 00:00:00;SO964006;C0008;AS005;1175;2025-04-25 00:00:00;2025-05-01 00:00:00;2025-03-03 00:00:00;2025-03-09 00:00:00
2025-02-28 00:00:00;SO339499;C0020;CT002;566;2025-04-25 00:00:00;2025-04-27 00:00:00;2025-03-04 00:00:00;2025-03-06 00:00:00
2025-02-28 00:00:00;SO450912;C0013;AS004;722;2025-03-28 00:00:00;2025-03-22 00:00:00;2025-03-04 00:00:00;2025-02-26 00:00:00
2025-02-28 00:00:00;SO339499;C0020;AS003;1031;2025-04-25 00:00:00;2025-04-29 00:00:00;2025-03-04 00:00:00;2025-03-08 00:00:00
2025-02-28 00:00:00;SO448869;C0009;AS003;1343;2025-03-14 00:00:00;2025-03-22 00:00:00;2025-03-03 00:00:00;2025-03-11 00:00:00
2025-02-28 00:00:00;SO448869;C0009;AL001;353;2025-03-14 00:00:00;2025-03-21 00:00:00;2025-03-03 00:00:00;2025-03-10 00:00:00
2025-02-28 00:00:00;SO448869;C0009;AL002;940;2025-03-14 00:00:00;2025-03-23 00:00:00;2025-03-03 00:00:00;2025-03-12 00:00:00
2025-02-28 00:00:00;SO964006;C0008;CT001;712;2025-04-25 00:00:00;2025-04-24 00:00:00;2025-03-03 00:00:00;2025-03-02 00:00:00
2025-02-28 00:00:00;SO964006;C0008;AT001;956;2025-04-25 00:00:00;2025-04-15 00:00:00;2025-03-03 00:00:00;2025-02-21 00:00:00
2025-02-28 00:00:00;SO339499;C0020;CS001;736;2025-04-25 00:00:00;2025-04-24 00:00:00;2025-03-04 00:00:00;2025-03-03 00:00:00
2025-02-28 00:00:00;SO448869;C0009;VS001;1098;2025-03-14 00:00:00;2025-03-18 00:00:00;2025-03-03 00:00:00;2025-03-07 00:00:00
2025-02-28 00:00:00;SO448869;C0009;CT003;1150;2025-03-14 00:00:00;2025-03-17 00:00:00;2025-03-03 00:00:00;2025-03-06 00:00:00
2025-02-28 00:00:00;SO450912;C0013;CL002;1061;2025-03-28 00:00:00;2025-03-27 00:00:00;2025-03-04 00:00:00;2025-03-03 00:00:00
2025-02-28 00:00:00;SO448869;C0009;CL002;338;2025-03-14 00:00:00;2025-03-13 00:00:00;2025-03-03 00:00:00;2025-03-02 00:00:00
2025-02-28 00:00:00;SO448869;C0009;AS005;814;2025-03-14 00:00:00;2025-03-24 00:00:00;2025-03-03 00:00:00;2025-03-13 00:00:00
2025-02-28 00:00:00;SO448869;C0009;AT001;775;2025-03-14 00:00:00;2025-03-04 00:00:00;2025-03-03 00:00:00;2025-02-21 00:00:00
2025-02-28 00:00:00;SO448869;C0009;CL001;715;2025-03-14 00:00:00;2025-03-21 00:00:00;2025-03-03 00:00:00;2025-03-10 00:00:00
2025-02-28 00:00:00;SO339499;C0020;AS002;874;2025-04-25 00:00:00;2025-05-05 00:00:00;2025-03-04 00:00:00;2025-03-14 00:00:00
2025-03-03 00:00:00;SO354210;C0006;CT001;1119;2025-05-05 00:00:00;2025-04-26 00:00:00;2025-03-05 00:00:00;2025-02-24 00:00:00
2025-03-03 00:00:00;SO633713;C0026;AS005;817;2025-04-07 00:00:00;2025-03-31 00:00:00;2025-03-11 00:00:00;2025-03-04 00:00:00
2025-03-03 00:00:00;SO594138;C0013;AS002;566;2025-03-31 00:00:00;2025-03-31 00:00:00;2025-03-07 00:00:00;2025-03-07 00:00:00
2025-03-03 00:00:00;SO950966;C0030;VS005;659;2025-05-05 00:00:00;2025-05-10 00:00:00;2025-03-11 00:00:00;2025-03-16 00:00:00
2025-03-03 00:00:00;SO633713;C0026;AS004;394;2025-04-07 00:00:00;2025-04-08 00:00:00;2025-03-11 00:00:00;2025-03-12 00:00:00
2025-03-03 00:00:00;SO950966;C0030;CT002;472;2025-05-05 00:00:00;2025-04-26 00:00:00;2025-03-11 00:00:00;2025-03-02 00:00:00
2025-03-03 00:00:00;SO594138;C0013;AS004;744;2025-03-31 00:00:00;2025-04-04 00:00:00;2025-03-07 00:00:00;2025-03-11 00:00:00
2025-03-03 00:00:00;SO354210;C0006;CT003;914;2025-05-05 00:00:00;2025-05-15 00:00:00;2025-03-05 00:00:00;2025-03-15 00:00:00
2025-03-03 00:00:00;SO594138;C0013;AT002;556;2025-03-31 00:00:00;2025-04-08 00:00:00;2025-03-07 00:00:00;2025-03-15 00:00:00
2025-03-03 00:00:00;SO594138;C0013;CT001;507;2025-03-31 00:00:00;2025-03-23 00:00:00;2025-03-07 00:00:00;2025-02-27 00:00:00
2025-03-03 00:00:00;SO950966;C0030;CS002;1174;2025-05-05 00:00:00;2025-05-07 00:00:00;2025-03-11 00:00:00;2025-03-13 00:00:00
2025-03-03 00:00:00;SO633713;C0026;VS004;446;2025-04-07 00:00:00;2025-04-10 00:00:00;2025-03-11 00:00:00;2025-03-14 00:00:00
2025-03-03 00:00:00;SO950966;C0030;CS003;521;2025-05-05 00:00:00;2025-05-02 00:00:00;2025-03-11 00:00:00;2025-03-08 00:00:00
2025-03-03 00:00:00;SO354210;C0006;AS002;823;2025-05-05 00:00:00;2025-05-12 00:00:00;2025-03-05 00:00:00;2025-03-12 00:00:00
2025-03-03 00:00:00;SO950966;C0030;CT003;1049;2025-05-05 00:00:00;2025-04-26 00:00:00;2025-03-11 00:00:00;2025-03-02 00:00:00
2025-03-03 00:00:00;SO633713;C0026;CT003;791;2025-04-07 00:00:00;2025-03-29 00:00:00;2025-03-11 00:00:00;2025-03-02 00:00:00
2025-03-04 00:00:00;SO432800;C0019;AT001;1306;2025-05-06 00:00:00;2025-05-01 00:00:00;2025-03-08 00:00:00;2025-03-03 00:00:00
2025-03-04 00:00:00;SO729863;C0021;AT002;471;2025-03-18 00:00:00;2025-03-22 00:00:00;2025-03-08 00:00:00;2025-03-12 00:00:00
2025-03-04 00:00:00;SO729863;C0021;VS004;1214;2025-03-18 00:00:00;2025-03-13 00:00:00;2025-03-08 00:00:00;2025-03-03 00:00:00
2025-03-04 00:00:00;SO432800;C0019;CS002;934;2025-05-06 00:00:00;2025-05-05 00:00:00;2025-03-08 00:00:00;2025-03-07 00:00:00
2025-03-04 00:00:00;SO729863;C0021;CT002;765;2025-03-18 00:00:00;2025-03-16 00:00:00;2025-03-08 00:00:00;2025-03-06 00:00:00
2025-03-04 00:00:00;SO729863;C0021;AT001;471;2025-03-18 00:00:00;2025-03-13 00:00:00;2025-03-08 00:00:00;2025-03-03 00:00:00
2025-03-04 00:00:00;SO432800;C0019;CT001;1095;2025-05-06 00:00:00;2025-05-10 00:00:00;2025-03-08 00:00:00;2025-03-12 00:00:00
2025-03-04 00:00:00;SO432800;C0019;CS003;517;2025-05-06 00:00:00;2025-04-27 00:00:00;2025-03-08 00:00:00;2025-02-27 00:00:00
2025-03-04 00:00:00;SO432800;C0019;CT003;632;2025-05-06 00:00:00;2025-05-09 00:00:00;2025-03-08 00:00:00;2025-03-11 00:00:00
2025-03-04 00:00:00;SO729863;C0021;AS001;775;2025-03-18 00:00:00;2025-03-11 00:00:00;2025-03-08 00:00:00;2025-03-01 00:00:00
2025-03-04 00:00:00;SO432800;C0019;AS004;755;2025-05-06 00:00:00;2025-05-06 00:00:00;2025-03-08 00:00:00;2025-03-08 00:00:00
2025-03-04 00:00:00;SO729863;C0021;CS003;770;2025-03-18 00:00:00;2025-03-17 00:00:00;2025-03-08 00:00:00;2025-03-07 00:00:00
2025-03-04 00:00:00;SO432800;C0019;AS001;607;2025-05-06 00:00:00;2025-05-12 00:00:00;2025-03-08 00:00:00;2025-03-14 00:00:00
2025-03-04 00:00:00;SO729863;C0021;CT003;740;2025-03-18 00:00:00;2025-03-28 00:00:00;2025-03-08 00:00:00;2025-03-18 00:00:00
2025-03-04 00:00:00;SO432800;C0019;VS004;511;2025-05-06 00:00:00;2025-04-29 00:00:00;2025-03-08 00:00:00;2025-03-01 00:00:00
2025-03-04 00:00:00;SO432800;C0019;CS004;1202;2025-05-06 00:00:00;2025-05-13 00:00:00;2025-03-08 00:00:00;2025-03-15 00:00:00
2025-03-04 00:00:00;SO432800;C0019;AT002;785;2025-05-06 00:00:00;2025-04-26 00:00:00;2025-03-08 00:00:00;2025-02-26 00:00:00
2025-03-04 00:00:00;SO729863;C0021;CS004;752;2025-03-18 00:00:00;2025-03-08 00:00:00;2025-03-08 00:00:00;2025-02-26 00:00:00
2025-03-05 00:00:00;SO9000077;C0017;VS005;525;2025-04-30 00:00:00;2025-04-22 00:00:00;2025-03-09 00:00:00;2025-03-01 00:00:00
2025-03-05 00:00:00;SO930138;C0024;CT003;1103;2025-04-02 00:00:00;2025-04-01 00:00:00;2025-03-09 00:00:00;2025-03-08 00:00:00
2025-03-05 00:00:00;SO672832;C0020;CS004;761;2025-04-30 00:00:00;2025-04-24 00:00:00;2025-03-09 00:00:00;2025-03-03 00:00:00
2025-03-05 00:00:00;SO9000077;C0017;CS002;849;2025-04-30 00:00:00;2025-05-09 00:00:00;2025-03-09 00:00:00;2025-03-18 00:00:00
2025-03-05 00:00:00;SO9000077;C0017;CL002;1036;2025-04-30 00:00:00;2025-05-01 00:00:00;2025-03-09 00:00:00;2025-03-10 00:00:00
2025-03-05 00:00:00;SO9000077;C0017;CT001;869;2025-04-30 00:00:00;2025-04-27 00:00:00;2025-03-09 00:00:00;2025-03-06 00:00:00
2025-03-05 00:00:00;SO9000077;C0017;VS004;778;2025-04-30 00:00:00;2025-05-03 00:00:00;2025-03-09 00:00:00;2025-03-12 00:00:00
2025-03-05 00:00:00;SO672832;C0020;VS004;749;2025-04-30 00:00:00;2025-04-25 00:00:00;2025-03-09 00:00:00;2025-03-04 00:00:00
2025-03-05 00:00:00;SO9000077;C0017;CT003;1134;2025-04-30 00:00:00;2025-04-26 00:00:00;2025-03-09 00:00:00;2025-03-05 00:00:00
2025-03-05 00:00:00;SO930138;C0024;AS005;959;2025-04-02 00:00:00;2025-04-11 00:00:00;2025-03-09 00:00:00;2025-03-18 00:00:00
2025-03-05 00:00:00;SO930138;C0024;CS001;562;2025-04-02 00:00:00;2025-04-09 00:00:00;2025-03-09 00:00:00;2025-03-16 00:00:00
2025-03-05 00:00:00;SO9000077;C0017;CS003;845;2025-04-30 00:00:00;2025-05-07 00:00:00;2025-03-09 00:00:00;2025-03-16 00:00:00
2025-03-05 00:00:00;SO930138;C0024;CS004;726;2025-04-02 00:00:00;2025-04-04 00:00:00;2025-03-09 00:00:00;2025-03-11 00:00:00
2025-03-05 00:00:00;SO672832;C0020;AT002;389;2025-04-30 00:00:00;2025-04-29 00:00:00;2025-03-09 00:00:00;2025-03-08 00:00:00
2025-03-06 00:00:00;SO790851;C0024;CS003;891;2025-04-03 00:00:00;2025-03-24 00:00:00;2025-03-10 00:00:00;2025-02-28 00:00:00
2025-03-06 00:00:00;SO218965;C0026;CT001;896;2025-04-10 00:00:00;2025-04-04 00:00:00;2025-03-14 00:00:00;2025-03-08 00:00:00
2025-03-06 00:00:00;SO790851;C0024;CL002;1276;2025-04-03 00:00:00;2025-03-26 00:00:00;2025-03-10 00:00:00;2025-03-02 00:00:00
2025-03-06 00:00:00;SO218965;C0026;CS001;527;2025-04-10 00:00:00;2025-04-05 00:00:00;2025-03-14 00:00:00;2025-03-09 00:00:00
2025-03-06 00:00:00;SO218965;C0026;AS005;459;2025-04-10 00:00:00;2025-04-13 00:00:00;2025-03-14 00:00:00;2025-03-17 00:00:00
2025-03-06 00:00:00;SO218965;C0026;AS002;967;2025-04-10 00:00:00;2025-04-15 00:00:00;2025-03-14 00:00:00;2025-03-19 00:00:00
2025-03-06 00:00:00;SO790851;C0024;VS005;1266;2025-04-03 00:00:00;2025-04-06 00:00:00;2025-03-10 00:00:00;2025-03-13 00:00:00
2025-03-06 00:00:00;SO218965;C0026;VS005;954;2025-04-10 00:00:00;2025-04-08 00:00:00;2025-03-14 00:00:00;2025-03-12 00:00:00
2025-03-06 00:00:00;SO218965;C0026;AT002;504;2025-04-10 00:00:00;2025-04-11 00:00:00;2025-03-14 00:00:00;2025-03-15 00:00:00
2025-03-06 00:00:00;SO218965;C0026;AT001;686;2025-04-10 00:00:00;2025-04-13 00:00:00;2025-03-14 00:00:00;2025-03-17 00:00:00
2025-03-06 00:00:00;SO218965;C0026;CS004;860;2025-04-10 00:00:00;2025-04-11 00:00:00;2025-03-14 00:00:00;2025-03-15 00:00:00
2025-03-06 00:00:00;SO790851;C0024;CT002;521;2025-04-03 00:00:00;2025-04-07 00:00:00;2025-03-10 00:00:00;2025-03-14 00:00:00
2025-03-06 00:00:00;SO218965;C0026;CS003;410;2025-04-10 00:00:00;2025-04-01 00:00:00;2025-03-14 00:00:00;2025-03-05 00:00:00
2025-03-06 00:00:00;SO790851;C0024;CS004;760;2025-04-03 00:00:00;2025-03-30 00:00:00;2025-03-10 00:00:00;2025-03-06 00:00:00
2025-03-06 00:00:00;SO218965;C0026;CT003;1113;2025-04-10 00:00:00;2025-04-01 00:00:00;2025-03-14 00:00:00;2025-03-05 00:00:00
2025-03-06 00:00:00;SO790851;C0024;CS001;739;2025-04-03 00:00:00;2025-04-11 00:00:00;2025-03-10 00:00:00;2025-03-18 00:00:00
2025-03-06 00:00:00;SO790851;C0024;CT001;449;2025-04-03 00:00:00;2025-03-29 00:00:00;2025-03-10 00:00:00;2025-03-05 00:00:00
2025-03-06 00:00:00;SO218965;C0026;AS004;780;2025-04-10 00:00:00;2025-04-10 00:00:00;2025-03-14 00:00:00;2025-03-14 00:00:00
2025-03-06 00:00:00;SO790851;C0024;CS002;909;2025-04-03 00:00:00;2025-04-10 00:00:00;2025-03-10 00:00:00;2025-03-17 00:00:00
2025-03-07 00:00:00;SO128186;C0023;VS004;387;2025-04-11 00:00:00;2025-04-14 00:00:00;2025-03-11 00:00:00;2025-03-14 00:00:00
2025-03-07 00:00:00;SO779665;C0029;CT001;877;2025-05-02 00:00:00;2025-05-03 00:00:00;2025-03-15 00:00:00;2025-03-16 00:00:00
2025-03-07 00:00:00;SO779665;C0029;CS003;675;2025-05-02 00:00:00;2025-05-08 00:00:00;2025-03-15 00:00:00;2025-03-21 00:00:00
2025-03-07 00:00:00;SO128186;C0023;AS002;1104;2025-04-11 00:00:00;2025-04-07 00:00:00;2025-03-11 00:00:00;2025-03-07 00:00:00
2025-03-07 00:00:00;SO779665;C0029;CL002;678;2025-05-02 00:00:00;2025-05-09 00:00:00;2025-03-15 00:00:00;2025-03-22 00:00:00
2025-03-07 00:00:00;SO779665;C0029;CT003;1093;2025-05-02 00:00:00;2025-05-05 00:00:00;2025-03-15 00:00:00;2025-03-18 00:00:00
2025-03-07 00:00:00;SO128186;C0023;AS004;578;2025-04-11 00:00:00;2025-04-04 00:00:00;2025-03-11 00:00:00;2025-03-04 00:00:00
2025-03-07 00:00:00;SO128186;C0023;CT003;997;2025-04-11 00:00:00;2025-04-07 00:00:00;2025-03-11 00:00:00;2025-03-07 00:00:00
2025-03-07 00:00:00;SO128186;C0023;CT002;762;2025-04-11 00:00:00;2025-04-15 00:00:00;2025-03-11 00:00:00;2025-03-15 00:00:00
2025-03-07 00:00:00;SO128186;C0023;CL002;431;2025-04-11 00:00:00;2025-04-12 00:00:00;2025-03-11 00:00:00;2025-03-12 00:00:00
2025-03-07 00:00:00;SO779665;C0029;CS002;1098;2025-05-02 00:00:00;2025-05-02 00:00:00;2025-03-15 00:00:00;2025-03-15 00:00:00
2025-03-07 00:00:00;SO128186;C0023;CS002;1179;2025-04-11 00:00:00;2025-04-18 00:00:00;2025-03-11 00:00:00;2025-03-18 00:00:00
2025-03-07 00:00:00;SO128186;C0023;AT001;624;2025-04-11 00:00:00;2025-04-11 00:00:00;2025-03-11 00:00:00;2025-03-11 00:00:00
2025-03-10 00:00:00;SO352279;C0017;VS005;1021;2025-05-05 00:00:00;2025-05-08 00:00:00;2025-03-14 00:00:00;2025-03-17 00:00:00
2025-03-10 00:00:00;SO941952;C0011;CS002;1131;2025-04-14 00:00:00;2025-04-13 00:00:00;2025-03-13 00:00:00;2025-03-12 00:00:00
2025-03-10 00:00:00;SO905452;C0027;CT002;898;2025-04-21 00:00:00;2025-04-21 00:00:00;2025-03-18 00:00:00;2025-03-18 00:00:00
2025-03-10 00:00:00;SO905452;C0027;AS001;408;2025-04-21 00:00:00;2025-04-20 00:00:00;2025-03-18 00:00:00;2025-03-17 00:00:00
2025-03-10 00:00:00;SO941952;C0011;VS005;1340;2025-04-14 00:00:00;2025-04-07 00:00:00;2025-03-13 00:00:00;2025-03-06 00:00:00
2025-03-10 00:00:00;SO352279;C0017;CS001;767;2025-05-05 00:00:00;2025-05-09 00:00:00;2025-03-14 00:00:00;2025-03-18 00:00:00
2025-03-10 00:00:00;SO352279;C0017;CL002;628;2025-05-05 00:00:00;2025-05-10 00:00:00;2025-03-14 00:00:00;2025-03-19 00:00:00
2025-03-10 00:00:00;SO905452;C0027;VS005;538;2025-04-21 00:00:00;2025-04-17 00:00:00;2025-03-18 00:00:00;2025-03-14 00:00:00
2025-03-10 00:00:00;SO905452;C0027;AS002;811;2025-04-21 00:00:00;2025-04-18 00:00:00;2025-03-18 00:00:00;2025-03-15 00:00:00
2025-03-10 00:00:00;SO352279;C0017;AS005;1107;2025-05-05 00:00:00;2025-04-25 00:00:00;2025-03-14 00:00:00;2025-03-04 00:00:00
2025-03-10 00:00:00;SO352279;C0017;AT002;1187;2025-05-05 00:00:00;2025-05-04 00:00:00;2025-03-14 00:00:00;2025-03-13 00:00:00
2025-03-10 00:00:00;SO941952;C0011;CT002;459;2025-04-14 00:00:00;2025-04-04 00:00:00;2025-03-13 00:00:00;2025-03-03 00:00:00
2025-03-10 00:00:00;SO352279;C0017;AS002;657;2025-05-05 00:00:00;2025-05-10 00:00:00;2025-03-14 00:00:00;2025-03-19 00:00:00
2025-03-10 00:00:00;SO352279;C0017;AT001;538;2025-05-05 00:00:00;2025-05-11 00:00:00;2025-03-14 00:00:00;2025-03-20 00:00:00
2025-03-10 00:00:00;SO352279;C0017;AS001;477;2025-05-05 00:00:00;2025-05-06 00:00:00;2025-03-14 00:00:00;2025-03-15 00:00:00
2025-03-10 00:00:00;SO941952;C0011;AT002;582;2025-04-14 00:00:00;2025-04-14 00:00:00;2025-03-13 00:00:00;2025-03-13 00:00:00
2025-03-11 00:00:00;SO465520;C0012;AS004;926;2025-04-08 00:00:00;2025-04-03 00:00:00;2025-03-14 00:00:00;2025-03-09 00:00:00
2025-03-11 00:00:00;SO931558;C0025;CL002;878;2025-04-08 00:00:00;2025-04-16 00:00:00;2025-03-19 00:00:00;2025-03-27 00:00:00
2025-03-11 00:00:00;SO465520;C0012;CS003;436;2025-04-08 00:00:00;2025-04-18 00:00:00;2025-03-14 00:00:00;2025-03-24 00:00:00
2025-03-11 00:00:00;SO931558;C0025;CT003;1415;2025-04-08 00:00:00;2025-04-06 00:00:00;2025-03-19 00:00:00;2025-03-17 00:00:00
2025-03-11 00:00:00;SO465520;C0012;CT002;775;2025-04-08 00:00:00;2025-04-11 00:00:00;2025-03-14 00:00:00;2025-03-17 00:00:00
2025-03-11 00:00:00;SO465520;C0012;CL002;1072;2025-04-08 00:00:00;2025-04-16 00:00:00;2025-03-14 00:00:00;2025-03-22 00:00:00
2025-03-11 00:00:00;SO931558;C0025;AS004;352;2025-04-08 00:00:00;2025-04-06 00:00:00;2025-03-19 00:00:00;2025-03-17 00:00:00
2025-03-11 00:00:00;SO465520;C0012;AS002;739;2025-04-08 00:00:00;2025-04-07 00:00:00;2025-03-14 00:00:00;2025-03-13 00:00:00
2025-03-11 00:00:00;SO465520;C0012;CS002;279;2025-04-08 00:00:00;2025-04-04 00:00:00;2025-03-14 00:00:00;2025-03-10 00:00:00
2025-03-11 00:00:00;SO931558;C0025;CS004;655;2025-04-08 00:00:00;2025-04-13 00:00:00;2025-03-19 00:00:00;2025-03-24 00:00:00
2025-03-11 00:00:00;SO465520;C0012;VS005;458;2025-04-08 00:00:00;2025-04-16 00:00:00;2025-03-14 00:00:00;2025-03-22 00:00:00
2025-03-11 00:00:00;SO931558;C0025;CS002;813;2025-04-08 00:00:00;2025-04-01 00:00:00;2025-03-19 00:00:00;2025-03-12 00:00:00
2025-03-11 00:00:00;SO465520;C0012;AS005;329;2025-04-08 00:00:00;2025-03-29 00:00:00;2025-03-14 00:00:00;2025-03-04 00:00:00
2025-03-11 00:00:00;SO931558;C0025;CT001;955;2025-04-08 00:00:00;2025-03-30 00:00:00;2025-03-19 00:00:00;2025-03-10 00:00:00
2025-03-11 00:00:00;SO931558;C0025;CT002;1383;2025-04-08 00:00:00;2025-04-16 00:00:00;2025-03-19 00:00:00;2025-03-27 00:00:00
2025-03-11 00:00:00;SO465520;C0012;CS001;538;2025-04-08 00:00:00;2025-04-09 00:00:00;2025-03-14 00:00:00;2025-03-15 00:00:00
2025-03-11 00:00:00;SO931558;C0025;AS001;1078;2025-04-08 00:00:00;2025-04-09 00:00:00;2025-03-19 00:00:00;2025-03-20 00:00:00
2025-03-11 00:00:00;SO931558;C0025;AS005;512;2025-04-08 00:00:00;2025-04-10 00:00:00;2025-03-19 00:00:00;2025-03-21 00:00:00
2025-03-11 00:00:00;SO931558;C0025;AS002;896;2025-04-08 00:00:00;2025-04-05 00:00:00;2025-03-19 00:00:00;2025-03-16 00:00:00
2025-03-12 00:00:00;SO987539;C0005;AS002;1358;2025-05-07 00:00:00;2025-05-14 00:00:00;2025-03-14 00:00:00;2025-03-21 00:00:00
2025-03-12 00:00:00;SO780615;C0008;CT003;817;2025-05-07 00:00:00;2025-05-05 00:00:00;2025-03-15 00:00:00;2025-03-13 00:00:00
2025-03-12 00:00:00;SO121403;C0004;CT003;1094;2025-03-26 00:00:00;2025-04-02 00:00:00;2025-03-14 00:00:00;2025-03-21 00:00:00
2025-03-12 00:00:00;SO121403;C0004;AS001;1030;2025-03-26 00:00:00;2025-03-18 00:00:00;2025-03-14 00:00:00;2025-03-06 00:00:00
2025-03-12 00:00:00;SO121403;C0004;AT002;1092;2025-03-26 00:00:00;2025-03-30 00:00:00;2025-03-14 00:00:00;2025-03-18 00:00:00
2025-03-12 00:00:00;SO780615;C0008;VS004;1195;2025-05-07 00:00:00;2025-05-16 00:00:00;2025-03-15 00:00:00;2025-03-24 00:00:00
2025-03-12 00:00:00;SO121403;C0004;CS001;685;2025-03-26 00:00:00;2025-03-22 00:00:00;2025-03-14 00:00:00;2025-03-10 00:00:00
2025-03-12 00:00:00;SO121403;C0004;VS005;663;2025-03-26 00:00:00;2025-04-01 00:00:00;2025-03-14 00:00:00;2025-03-20 00:00:00
2025-03-12 00:00:00;SO780615;C0008;CT001;739;2025-05-07 00:00:00;2025-05-08 00:00:00;2025-03-15 00:00:00;2025-03-16 00:00:00
2025-03-12 00:00:00;SO780615;C0008;AS001;724;2025-05-07 00:00:00;2025-05-15 00:00:00;2025-03-15 00:00:00;2025-03-23 00:00:00
2025-03-12 00:00:00;SO987539;C0005;CS002;684;2025-05-07 00:00:00;2025-05-05 00:00:00;2025-03-14 00:00:00;2025-03-12 00:00:00
2025-03-12 00:00:00;SO987539;C0005;AS005;705;2025-05-07 00:00:00;2025-04-30 00:00:00;2025-03-14 00:00:00;2025-03-07 00:00:00
2025-03-12 00:00:00;SO780615;C0008;VS005;796;2025-05-07 00:00:00;2025-05-14 00:00:00;2025-03-15 00:00:00;2025-03-22 00:00:00
2025-03-12 00:00:00;SO121403;C0004;AT001;715;2025-03-26 00:00:00;2025-03-27 00:00:00;2025-03-14 00:00:00;2025-03-15 00:00:00
2025-03-12 00:00:00;SO780615;C0008;CL002;576;2025-05-07 00:00:00;2025-05-09 00:00:00;2025-03-15 00:00:00;2025-03-17 00:00:00
2025-03-12 00:00:00;SO121403;C0004;CS004;577;2025-03-26 00:00:00;2025-03-23 00:00:00;2025-03-14 00:00:00;2025-03-11 00:00:00
2025-03-12 00:00:00;SO121403;C0004;CL002;542;2025-03-26 00:00:00;2025-03-26 00:00:00;2025-03-14 00:00:00;2025-03-14 00:00:00
2025-03-12 00:00:00;SO780615;C0008;CT002;977;2025-05-07 00:00:00;2025-04-27 00:00:00;2025-03-15 00:00:00;2025-03-05 00:00:00
2025-03-13 00:00:00;SO273450;C0008;VS004;525;2025-05-08 00:00:00;2025-05-02 00:00:00;2025-03-16 00:00:00;2025-03-10 00:00:00
2025-03-13 00:00:00;SO159611;C0005;CT001;905;2025-05-08 00:00:00;2025-05-04 00:00:00;2025-03-15 00:00:00;2025-03-11 00:00:00
2025-03-13 00:00:00;SO916991;C0015;AS001;1150;2025-04-24 00:00:00;2025-05-01 00:00:00;2025-03-17 00:00:00;2025-03-24 00:00:00
2025-03-13 00:00:00;SO273450;C0008;CS004;762;2025-05-08 00:00:00;2025-05-01 00:00:00;2025-03-16 00:00:00;2025-03-09 00:00:00
2025-03-13 00:00:00;SO273450;C0008;CT003;408;2025-05-08 00:00:00;2025-05-17 00:00:00;2025-03-16 00:00:00;2025-03-25 00:00:00
2025-03-13 00:00:00;SO273450;C0008;AS001;571;2025-05-08 00:00:00;2025-05-11 00:00:00;2025-03-16 00:00:00;2025-03-19 00:00:00
2025-03-13 00:00:00;SO159611;C0005;AS002;1130;2025-05-08 00:00:00;2025-05-06 00:00:00;2025-03-15 00:00:00;2025-03-13 00:00:00
2025-03-13 00:00:00;SO159611;C0005;AT001;387;2025-05-08 00:00:00;2025-05-09 00:00:00;2025-03-15 00:00:00;2025-03-16 00:00:00
2025-03-13 00:00:00;SO916991;C0015;AS002;525;2025-04-24 00:00:00;2025-04-22 00:00:00;2025-03-17 00:00:00;2025-03-15 00:00:00
2025-03-13 00:00:00;SO159611;C0005;CT003;966;2025-05-08 00:00:00;2025-05-08 00:00:00;2025-03-15 00:00:00;2025-03-15 00:00:00
2025-03-13 00:00:00;SO159611;C0005;CS003;706;2025-05-08 00:00:00;2025-05-13 00:00:00;2025-03-15 00:00:00;2025-03-20 00:00:00
2025-03-13 00:00:00;SO273450;C0008;VS005;1182;2025-05-08 00:00:00;2025-05-08 00:00:00;2025-03-16 00:00:00;2025-03-16 00:00:00
2025-03-13 00:00:00;SO159611;C0005;CT002;941;2025-05-08 00:00:00;2025-05-06 00:00:00;2025-03-15 00:00:00;2025-03-13 00:00:00
2025-03-13 00:00:00;SO916991;C0015;CS001;1252;2025-04-24 00:00:00;2025-04-26 00:00:00;2025-03-17 00:00:00;2025-03-19 00:00:00
2025-03-13 00:00:00;SO916991;C0015;VS005;707;2025-04-24 00:00:00;2025-04-19 00:00:00;2025-03-17 00:00:00;2025-03-12 00:00:00
2025-03-13 00:00:00;SO273450;C0008;AS004;1160;2025-05-08 00:00:00;2025-05-06 00:00:00;2025-03-16 00:00:00;2025-03-14 00:00:00
2025-03-13 00:00:00;SO159611;C0005;VS005;919;2025-05-08 00:00:00;2025-05-15 00:00:00;2025-03-15 00:00:00;2025-03-22 00:00:00
2025-03-13 00:00:00;SO159611;C0005;AS004;1110;2025-05-08 00:00:00;2025-05-15 00:00:00;2025-03-15 00:00:00;2025-03-22 00:00:00
2025-03-13 00:00:00;SO273450;C0008;CS001;1079;2025-05-08 00:00:00;2025-05-14 00:00:00;2025-03-16 00:00:00;2025-03-22 00:00:00
2025-03-13 00:00:00;SO159611;C0005;CL002;500;2025-05-08 00:00:00;2025-05-17 00:00:00;2025-03-15 00:00:00;2025-03-24 00:00:00
2025-03-14 00:00:00;SO529618;C0025;CT003;961;2025-04-11 00:00:00;2025-04-12 00:00:00;2025-03-22 00:00:00;2025-03-23 00:00:00
2025-03-14 00:00:00;SO929836;C0028;AS001;979;2025-03-28 00:00:00;2025-03-29 00:00:00;2025-03-22 00:00:00;2025-03-23 00:00:00
2025-03-14 00:00:00;SO215883;C0002;CT003;342;2025-04-18 00:00:00;2025-04-18 00:00:00;2025-03-16 00:00:00;2025-03-16 00:00:00
2025-03-14 00:00:00;SO529618;C0025;CT001;484;2025-04-11 00:00:00;2025-04-16 00:00:00;2025-03-22 00:00:00;2025-03-27 00:00:00
2025-03-14 00:00:00;SO929836;C0028;CS001;578;2025-03-28 00:00:00;2025-03-20 00:00:00;2025-03-22 00:00:00;2025-03-14 00:00:00
2025-03-14 00:00:00;SO529618;C0025;CS003;863;2025-04-11 00:00:00;2025-04-09 00:00:00;2025-03-22 00:00:00;2025-03-20 00:00:00
2025-03-14 00:00:00;SO529618;C0025;VS005;509;2025-04-11 00:00:00;2025-04-17 00:00:00;2025-03-22 00:00:00;2025-03-28 00:00:00
2025-03-14 00:00:00;SO215883;C0002;CS002;750;2025-04-18 00:00:00;2025-04-09 00:00:00;2025-03-16 00:00:00;2025-03-07 00:00:00
2025-03-14 00:00:00;SO529618;C0025;CL002;369;2025-04-11 00:00:00;2025-04-07 00:00:00;2025-03-22 00:00:00;2025-03-18 00:00:00
2025-03-14 00:00:00;SO929836;C0028;VS005;512;2025-03-28 00:00:00;2025-03-24 00:00:00;2025-03-22 00:00:00;2025-03-18 00:00:00
2025-03-14 00:00:00;SO215883;C0002;CL002;1053;2025-04-18 00:00:00;2025-04-08 00:00:00;2025-03-16 00:00:00;2025-03-06 00:00:00
2025-03-14 00:00:00;SO215883;C0002;VS005;1076;2025-04-18 00:00:00;2025-04-10 00:00:00;2025-03-16 00:00:00;2025-03-08 00:00:00
2025-03-14 00:00:00;SO529618;C0025;AS001;1130;2025-04-11 00:00:00;2025-04-05 00:00:00;2025-03-22 00:00:00;2025-03-16 00:00:00
2025-03-14 00:00:00;SO929836;C0028;CL002;1058;2025-03-28 00:00:00;2025-03-21 00:00:00;2025-03-22 00:00:00;2025-03-15 00:00:00
2025-03-14 00:00:00;SO929836;C0028;CT001;1174;2025-03-28 00:00:00;2025-03-24 00:00:00;2025-03-22 00:00:00;2025-03-18 00:00:00
2025-03-14 00:00:00;SO529618;C0025;AS005;440;2025-04-11 00:00:00;2025-04-16 00:00:00;2025-03-22 00:00:00;2025-03-27 00:00:00
2025-03-14 00:00:00;SO929836;C0028;AS005;1160;2025-03-28 00:00:00;2025-03-19 00:00:00;2025-03-22 00:00:00;2025-03-13 00:00:00
2025-03-14 00:00:00;SO215883;C0002;AS002;742;2025-04-18 00:00:00;2025-04-15 00:00:00;2025-03-16 00:00:00;2025-03-13 00:00:00
2025-03-17 00:00:00;SO800977;C0012;AS001;1207;2025-04-14 00:00:00;2025-04-08 00:00:00;2025-03-20 00:00:00;2025-03-14 00:00:00
2025-03-17 00:00:00;SO811324;C0023;AT001;475;2025-04-21 00:00:00;2025-04-29 00:00:00;2025-03-21 00:00:00;2025-03-29 00:00:00
2025-03-17 00:00:00;SO379592;C0005;AS004;630;2025-05-12 00:00:00;2025-05-13 00:00:00;2025-03-19 00:00:00;2025-03-20 00:00:00
2025-03-17 00:00:00;SO811324;C0023;CT001;895;2025-04-21 00:00:00;2025-04-22 00:00:00;2025-03-21 00:00:00;2025-03-22 00:00:00
2025-03-17 00:00:00;SO379592;C0005;AT002;853;2025-05-12 00:00:00;2025-05-20 00:00:00;2025-03-19 00:00:00;2025-03-27 00:00:00
2025-03-17 00:00:00;SO379592;C0005;CL002;627;2025-05-12 00:00:00;2025-05-10 00:00:00;2025-03-19 00:00:00;2025-03-17 00:00:00
2025-03-17 00:00:00;SO811324;C0023;AS005;942;2025-04-21 00:00:00;2025-04-26 00:00:00;2025-03-21 00:00:00;2025-03-26 00:00:00
2025-03-17 00:00:00;SO379592;C0005;CS003;1150;2025-05-12 00:00:00;2025-05-19 00:00:00;2025-03-19 00:00:00;2025-03-26 00:00:00
2025-03-17 00:00:00;SO811324;C0023;AS001;1129;2025-04-21 00:00:00;2025-04-16 00:00:00;2025-03-21 00:00:00;2025-03-16 00:00:00
2025-03-17 00:00:00;SO811324;C0023;CS002;859;2025-04-21 00:00:00;2025-04-19 00:00:00;2025-03-21 00:00:00;2025-03-19 00:00:00
2025-03-17 00:00:00;SO379592;C0005;CT002;925;2025-05-12 00:00:00;2025-05-10 00:00:00;2025-03-19 00:00:00;2025-03-17 00:00:00
2025-03-17 00:00:00;SO800977;C0012;CT002;913;2025-04-14 00:00:00;2025-04-15 00:00:00;2025-03-20 00:00:00;2025-03-21 00:00:00
2025-03-17 00:00:00;SO811324;C0023;AS004;1058;2025-04-21 00:00:00;2025-04-13 00:00:00;2025-03-21 00:00:00;2025-03-13 00:00:00
2025-03-17 00:00:00;SO379592;C0005;CS004;1366;2025-05-12 00:00:00;2025-05-18 00:00:00;2025-03-19 00:00:00;2025-03-25 00:00:00
2025-03-17 00:00:00;SO800977;C0012;AS005;579;2025-04-14 00:00:00;2025-04-06 00:00:00;2025-03-20 00:00:00;2025-03-12 00:00:00
2025-03-17 00:00:00;SO811324;C0023;CT002;676;2025-04-21 00:00:00;2025-04-28 00:00:00;2025-03-21 00:00:00;2025-03-28 00:00:00
2025-03-17 00:00:00;SO800977;C0012;AS004;1274;2025-04-14 00:00:00;2025-04-15 00:00:00;2025-03-20 00:00:00;2025-03-21 00:00:00
2025-03-18 00:00:00;SO727855;C0025;AS005;1080;2025-04-15 00:00:00;2025-04-21 00:00:00;2025-03-26 00:00:00;2025-04-01 00:00:00
2025-03-18 00:00:00;SO629327;C0010;AT001;753;2025-04-29 00:00:00;2025-04-30 00:00:00;2025-03-21 00:00:00;2025-03-22 00:00:00
2025-03-18 00:00:00;SO621071;C0020;AS002;477;2025-05-13 00:00:00;2025-05-07 00:00:00;2025-03-22 00:00:00;2025-03-16 00:00:00
2025-03-18 00:00:00;SO706060;C0014;CT003;1368;2025-04-22 00:00:00;2025-04-16 00:00:00;2025-03-22 00:00:00;2025-03-16 00:00:00
2025-03-18 00:00:00;SO621071;C0020;VS004;338;2025-05-13 00:00:00;2025-05-19 00:00:00;2025-03-22 00:00:00;2025-03-28 00:00:00
2025-03-18 00:00:00;SO621071;C0020;CT001;990;2025-05-13 00:00:00;2025-05-09 00:00:00;2025-03-22 00:00:00;2025-03-18 00:00:00
2025-03-18 00:00:00;SO621071;C0020;CS003;337;2025-05-13 00:00:00;2025-05-09 00:00:00;2025-03-22 00:00:00;2025-03-18 00:00:00
2025-03-18 00:00:00;SO706060;C0014;CS004;514;2025-04-22 00:00:00;2025-04-22 00:00:00;2025-03-22 00:00:00;2025-03-22 00:00:00
2025-03-18 00:00:00;SO629327;C0010;CS002;997;2025-04-29 00:00:00;2025-04-27 00:00:00;2025-03-21 00:00:00;2025-03-19 00:00:00
2025-03-18 00:00:00;SO621071;C0020;VS005;1253;2025-05-13 00:00:00;2025-05-03 00:00:00;2025-03-22 00:00:00;2025-03-12 00:00:00
2025-03-18 00:00:00;SO706060;C0014;CT002;440;2025-04-22 00:00:00;2025-04-21 00:00:00;2025-03-22 00:00:00;2025-03-21 00:00:00
2025-03-18 00:00:00;SO727855;C0025;CT003;1250;2025-04-15 00:00:00;2025-04-08 00:00:00;2025-03-26 00:00:00;2025-03-19 00:00:00
2025-03-18 00:00:00;SO727855;C0025;CS003;466;2025-04-15 00:00:00;2025-04-13 00:00:00;2025-03-26 00:00:00;2025-03-24 00:00:00
2025-03-18 00:00:00;SO629327;C0010;AS002;926;2025-04-29 00:00:00;2025-05-05 00:00:00;2025-03-21 00:00:00;2025-03-27 00:00:00
2025-03-19 00:00:00;SO692185;C0003;VS004;811;2025-04-30 00:00:00;2025-04-26 00:00:00;2025-03-21 00:00:00;2025-03-17 00:00:00
2025-03-19 00:00:00;SO268400;C0021;CS002;496;2025-04-02 00:00:00;2025-03-24 00:00:00;2025-03-23 00:00:00;2025-03-14 00:00:00
2025-03-19 00:00:00;SO255849;C0017;CL002;479;2025-05-14 00:00:00;2025-05-11 00:00:00;2025-03-23 00:00:00;2025-03-20 00:00:00
2025-03-19 00:00:00;SO268400;C0021;AT001;586;2025-04-02 00:00:00;2025-04-01 00:00:00;2025-03-23 00:00:00;2025-03-22 00:00:00
2025-03-19 00:00:00;SO692185;C0003;CS003;872;2025-04-30 00:00:00;2025-05-08 00:00:00;2025-03-21 00:00:00;2025-03-29 00:00:00
2025-03-19 00:00:00;SO268400;C0021;CS003;1181;2025-04-02 00:00:00;2025-03-28 00:00:00;2025-03-23 00:00:00;2025-03-18 00:00:00
2025-03-19 00:00:00;SO268400;C0021;CT003;974;2025-04-02 00:00:00;2025-04-10 00:00:00;2025-03-23 00:00:00;2025-03-31 00:00:00
2025-03-19 00:00:00;SO268400;C0021;CS004;558;2025-04-02 00:00:00;2025-03-28 00:00:00;2025-03-23 00:00:00;2025-03-18 00:00:00
2025-03-19 00:00:00;SO692185;C0003;CT003;814;2025-04-30 00:00:00;2025-04-21 00:00:00;2025-03-21 00:00:00;2025-03-12 00:00:00
2025-03-19 00:00:00;SO255849;C0017;AS001;399;2025-05-14 00:00:00;2025-05-09 00:00:00;2025-03-23 00:00:00;2025-03-18 00:00:00
2025-03-19 00:00:00;SO692185;C0003;CS004;650;2025-04-30 00:00:00;2025-05-04 00:00:00;2025-03-21 00:00:00;2025-03-25 00:00:00
2025-03-19 00:00:00;SO255849;C0017;CS001;660;2025-05-14 00:00:00;2025-05-19 00:00:00;2025-03-23 00:00:00;2025-03-28 00:00:00
2025-03-19 00:00:00;SO692185;C0003;AS001;1002;2025-04-30 00:00:00;2025-04-24 00:00:00;2025-03-21 00:00:00;2025-03-15 00:00:00
2025-03-19 00:00:00;SO268400;C0021;VS004;884;2025-04-02 00:00:00;2025-03-29 00:00:00;2025-03-23 00:00:00;2025-03-19 00:00:00
2025-03-19 00:00:00;SO692185;C0003;AT001;492;2025-04-30 00:00:00;2025-05-06 00:00:00;2025-03-21 00:00:00;2025-03-27 00:00:00
2025-03-19 00:00:00;SO255849;C0017;VS005;479;2025-05-14 00:00:00;2025-05-05 00:00:00;2025-03-23 00:00:00;2025-03-14 00:00:00
2025-03-19 00:00:00;SO692185;C0003;AS005;797;2025-04-30 00:00:00;2025-04-28 00:00:00;2025-03-21 00:00:00;2025-03-19 00:00:00
2025-03-19 00:00:00;SO268400;C0021;CS001;1098;2025-04-02 00:00:00;2025-04-07 00:00:00;2025-03-23 00:00:00;2025-03-28 00:00:00
2025-03-20 00:00:00;SO562275;C0017;AS002;1025;2025-05-15 00:00:00;2025-05-05 00:00:00;2025-03-24 00:00:00;2025-03-14 00:00:00
2025-03-20 00:00:00;SO252295;C0023;CS003;603;2025-04-24 00:00:00;2025-04-20 00:00:00;2025-03-24 00:00:00;2025-03-20 00:00:00
2025-03-20 00:00:00;SO346335;C0005;VS004;804;2025-05-15 00:00:00;2025-05-22 00:00:00;2025-03-22 00:00:00;2025-03-29 00:00:00
2025-03-20 00:00:00;SO562275;C0017;AS004;817;2025-05-15 00:00:00;2025-05-19 00:00:00;2025-03-24 00:00:00;2025-03-28 00:00:00
2025-03-20 00:00:00;SO562275;C0017;CS001;766;2025-05-15 00:00:00;2025-05-18 00:00:00;2025-03-24 00:00:00;2025-03-27 00:00:00
2025-03-20 00:00:00;SO252295;C0023;AS002;1072;2025-04-24 00:00:00;2025-04-23 00:00:00;2025-03-24 00:00:00;2025-03-23 00:00:00
2025-03-20 00:00:00;SO562275;C0017;VS004;440;2025-05-15 00:00:00;2025-05-19 00:00:00;2025-03-24 00:00:00;2025-03-28 00:00:00
2025-03-20 00:00:00;SO562275;C0017;AS005;1046;2025-05-15 00:00:00;2025-05-23 00:00:00;2025-03-24 00:00:00;2025-04-01 00:00:00
2025-03-20 00:00:00;SO252295;C0023;CT001;422;2025-04-24 00:00:00;2025-04-19 00:00:00;2025-03-24 00:00:00;2025-03-19 00:00:00
2025-03-20 00:00:00;SO562275;C0017;CT002;1235;2025-05-15 00:00:00;2025-05-15 00:00:00;2025-03-24 00:00:00;2025-03-24 00:00:00
2025-03-20 00:00:00;SO252295;C0023;AT002;1117;2025-04-24 00:00:00;2025-04-24 00:00:00;2025-03-24 00:00:00;2025-03-24 00:00:00
2025-03-20 00:00:00;SO346335;C0005;VS005;1071;2025-05-15 00:00:00;2025-05-19 00:00:00;2025-03-22 00:00:00;2025-03-26 00:00:00
2025-03-20 00:00:00;SO562275;C0017;CS002;397;2025-05-15 00:00:00;2025-05-14 00:00:00;2025-03-24 00:00:00;2025-03-23 00:00:00
2025-03-20 00:00:00;SO252295;C0023;CS001;933;2025-04-24 00:00:00;2025-04-30 00:00:00;2025-03-24 00:00:00;2025-03-30 00:00:00
2025-03-20 00:00:00;SO346335;C0005;AS001;669;2025-05-15 00:00:00;2025-05-05 00:00:00;2025-03-22 00:00:00;2025-03-12 00:00:00
2025-03-20 00:00:00;SO252295;C0023;VS005;1236;2025-04-24 00:00:00;2025-05-03 00:00:00;2025-03-24 00:00:00;2025-04-02 00:00:00
2025-03-20 00:00:00;SO562275;C0017;CS004;400;2025-05-15 00:00:00;2025-05-16 00:00:00;2025-03-24 00:00:00;2025-03-25 00:00:00
2025-03-21 00:00:00;SO356900;C0030;AS001;659;2025-05-23 00:00:00;2025-05-15 00:00:00;2025-03-29 00:00:00;2025-03-21 00:00:00
2025-03-21 00:00:00;SO760557;C0002;VS004;928;2025-04-25 00:00:00;2025-04-17 00:00:00;2025-03-23 00:00:00;2025-03-15 00:00:00
2025-03-21 00:00:00;SO938164;C0017;CT002;460;2025-05-16 00:00:00;2025-05-15 00:00:00;2025-03-25 00:00:00;2025-03-24 00:00:00
2025-03-21 00:00:00;SO133519;C0014;AT002;1442;2025-04-25 00:00:00;2025-04-29 00:00:00;2025-03-25 00:00:00;2025-03-29 00:00:00
2025-03-21 00:00:00;SO938164;C0017;VS004;724;2025-05-16 00:00:00;2025-05-15 00:00:00;2025-03-25 00:00:00;2025-03-24 00:00:00
2025-03-21 00:00:00;SO938164;C0017;VS005;596;2025-05-16 00:00:00;2025-05-08 00:00:00;2025-03-25 00:00:00;2025-03-17 00:00:00
2025-03-21 00:00:00;SO356900;C0030;AT002;826;2025-05-23 00:00:00;2025-05-17 00:00:00;2025-03-29 00:00:00;2025-03-23 00:00:00
2025-03-21 00:00:00;SO760557;C0002;CS004;1008;2025-04-25 00:00:00;2025-04-26 00:00:00;2025-03-23 00:00:00;2025-03-24 00:00:00
2025-03-21 00:00:00;SO356900;C0030;CS001;625;2025-05-23 00:00:00;2025-05-26 00:00:00;2025-03-29 00:00:00;2025-04-01 00:00:00
2025-03-21 00:00:00;SO356900;C0030;CL002;841;2025-05-23 00:00:00;2025-05-16 00:00:00;2025-03-29 00:00:00;2025-03-22 00:00:00
2025-03-21 00:00:00;SO133519;C0014;CS004;694;2025-04-25 00:00:00;2025-04-19 00:00:00;2025-03-25 00:00:00;2025-03-19 00:00:00
2025-03-21 00:00:00;SO133519;C0014;CT001;1092;2025-04-25 00:00:00;2025-04-23 00:00:00;2025-03-25 00:00:00;2025-03-23 00:00:00
2025-03-21 00:00:00;SO760557;C0002;CT003;548;2025-04-25 00:00:00;2025-04-21 00:00:00;2025-03-23 00:00:00;2025-03-19 00:00:00
2025-03-24 00:00:00;SO260079;C0008;CS001;936;2025-05-19 00:00:00;2025-05-24 00:00:00;2025-03-27 00:00:00;2025-04-01 00:00:00
2025-03-24 00:00:00;SO790318;C0026;CL002;722;2025-04-28 00:00:00;2025-04-18 00:00:00;2025-04-01 00:00:00;2025-03-22 00:00:00
2025-03-24 00:00:00;SO790318;C0026;CT002;1272;2025-04-28 00:00:00;2025-04-20 00:00:00;2025-04-01 00:00:00;2025-03-24 00:00:00
2025-03-24 00:00:00;SO790318;C0026;AT002;576;2025-04-28 00:00:00;2025-04-22 00:00:00;2025-04-01 00:00:00;2025-03-26 00:00:00
2025-03-24 00:00:00;SO790318;C0026;CS002;665;2025-04-28 00:00:00;2025-04-26 00:00:00;2025-04-01 00:00:00;2025-03-30 00:00:00
2025-03-24 00:00:00;SO790318;C0026;CT003;755;2025-04-28 00:00:00;2025-04-28 00:00:00;2025-04-01 00:00:00;2025-04-01 00:00:00
2025-03-24 00:00:00;SO260079;C0008;AS005;914;2025-05-19 00:00:00;2025-05-09 00:00:00;2025-03-27 00:00:00;2025-03-17 00:00:00
2025-03-24 00:00:00;SO790318;C0026;CS001;438;2025-04-28 00:00:00;2025-04-21 00:00:00;2025-04-01 00:00:00;2025-03-25 00:00:00
2025-03-24 00:00:00;SO260079;C0008;AT001;484;2025-05-19 00:00:00;2025-05-25 00:00:00;2025-03-27 00:00:00;2025-04-02 00:00:00
2025-03-24 00:00:00;SO260079;C0008;CS003;834;2025-05-19 00:00:00;2025-05-16 00:00:00;2025-03-27 00:00:00;2025-03-24 00:00:00
2025-03-24 00:00:00;SO790318;C0026;CS004;571;2025-04-28 00:00:00;2025-04-20 00:00:00;2025-04-01 00:00:00;2025-03-24 00:00:00
2025-03-24 00:00:00;SO790318;C0026;AS005;274;2025-04-28 00:00:00;2025-05-03 00:00:00;2025-04-01 00:00:00;2025-04-06 00:00:00
2025-03-24 00:00:00;SO260079;C0008;VS005;726;2025-05-19 00:00:00;2025-05-10 00:00:00;2025-03-27 00:00:00;2025-03-18 00:00:00
2025-03-24 00:00:00;SO260079;C0008;AT002;1076;2025-05-19 00:00:00;2025-05-20 00:00:00;2025-03-27 00:00:00;2025-03-28 00:00:00
2025-03-24 00:00:00;SO790318;C0026;AS001;699;2025-04-28 00:00:00;2025-04-27 00:00:00;2025-04-01 00:00:00;2025-03-31 00:00:00
2025-03-24 00:00:00;SO790318;C0026;AT001;824;2025-04-28 00:00:00;2025-04-27 00:00:00;2025-04-01 00:00:00;2025-03-31 00:00:00
2025-03-24 00:00:00;SO260079;C0008;CT001;610;2025-05-19 00:00:00;2025-05-20 00:00:00;2025-03-27 00:00:00;2025-03-28 00:00:00
2025-03-25 00:00:00;SO551174;C0007;CS002;725;2025-05-27 00:00:00;2025-05-18 00:00:00;2025-03-28 00:00:00;2025-03-19 00:00:00
2025-03-25 00:00:00;SO770172;C0014;AS005;1087;2025-04-29 00:00:00;2025-04-23 00:00:00;2025-03-29 00:00:00;2025-03-23 00:00:00
2025-03-25 00:00:00;SO551174;C0007;CT001;680;2025-05-27 00:00:00;2025-05-21 00:00:00;2025-03-28 00:00:00;2025-03-22 00:00:00
2025-03-25 00:00:00;SO770172;C0014;AT001;647;2025-04-29 00:00:00;2025-04-27 00:00:00;2025-03-29 00:00:00;2025-03-27 00:00:00
2025-03-25 00:00:00;SO551174;C0007;AT001;618;2025-05-27 00:00:00;2025-05-19 00:00:00;2025-03-28 00:00:00;2025-03-20 00:00:00
2025-03-25 00:00:00;SO551174;C0007;CS003;348;2025-05-27 00:00:00;2025-05-19 00:00:00;2025-03-28 00:00:00;2025-03-20 00:00:00
2025-03-25 00:00:00;SO551174;C0007;VS004;817;2025-05-27 00:00:00;2025-06-01 00:00:00;2025-03-28 00:00:00;2025-04-02 00:00:00
2025-03-25 00:00:00;SO770172;C0014;CS002;1288;2025-04-29 00:00:00;2025-05-04 00:00:00;2025-03-29 00:00:00;2025-04-03 00:00:00
2025-03-25 00:00:00;SO551174;C0007;CT002;633;2025-05-27 00:00:00;2025-05-30 00:00:00;2025-03-28 00:00:00;2025-03-31 00:00:00
2025-03-25 00:00:00;SO770172;C0014;CS001;422;2025-04-29 00:00:00;2025-04-24 00:00:00;2025-03-29 00:00:00;2025-03-24 00:00:00
2025-03-25 00:00:00;SO551174;C0007;AS001;1059;2025-05-27 00:00:00;2025-05-30 00:00:00;2025-03-28 00:00:00;2025-03-31 00:00:00
2025-03-25 00:00:00;SO770172;C0014;AS004;852;2025-04-29 00:00:00;2025-04-19 00:00:00;2025-03-29 00:00:00;2025-03-19 00:00:00
2025-03-25 00:00:00;SO551174;C0007;CT003;704;2025-05-27 00:00:00;2025-05-20 00:00:00;2025-03-28 00:00:00;2025-03-21 00:00:00
2025-03-25 00:00:00;SO770172;C0014;CT002;838;2025-04-29 00:00:00;2025-05-01 00:00:00;2025-03-29 00:00:00;2025-03-31 00:00:00
2025-03-25 00:00:00;SO551174;C0007;CS001;358;2025-05-27 00:00:00;2025-06-01 00:00:00;2025-03-28 00:00:00;2025-04-02 00:00:00
2025-03-25 00:00:00;SO551174;C0007;AS004;390;2025-05-27 00:00:00;2025-05-26 00:00:00;2025-03-28 00:00:00;2025-03-27 00:00:00
2025-03-25 00:00:00;SO551174;C0007;CS004;909;2025-05-27 00:00:00;2025-05-26 00:00:00;2025-03-28 00:00:00;2025-03-27 00:00:00
2025-03-25 00:00:00;SO770172;C0014;AS001;500;2025-04-29 00:00:00;2025-05-06 00:00:00;2025-03-29 00:00:00;2025-04-05 00:00:00
2025-03-25 00:00:00;SO551174;C0007;AS005;1085;2025-05-27 00:00:00;2025-05-18 00:00:00;2025-03-28 00:00:00;2025-03-19 00:00:00
2025-03-26 00:00:00;SO636825;C0010;CS004;527;2025-05-07 00:00:00;2025-05-08 00:00:00;2025-03-29 00:00:00;2025-03-30 00:00:00
2025-03-26 00:00:00;SO234583;C0030;CT002;546;2025-05-28 00:00:00;2025-06-07 00:00:00;2025-04-03 00:00:00;2025-04-13 00:00:00
2025-03-26 00:00:00;SO636825;C0010;AT002;755;2025-05-07 00:00:00;2025-05-17 00:00:00;2025-03-29 00:00:00;2025-04-08 00:00:00
2025-03-26 00:00:00;SO636825;C0010;CT002;1006;2025-05-07 00:00:00;2025-04-28 00:00:00;2025-03-29 00:00:00;2025-03-20 00:00:00
2025-03-26 00:00:00;SO636825;C0010;AS005;817;2025-05-07 00:00:00;2025-05-02 00:00:00;2025-03-29 00:00:00;2025-03-24 00:00:00
2025-03-26 00:00:00;SO636825;C0010;CT001;879;2025-05-07 00:00:00;2025-05-01 00:00:00;2025-03-29 00:00:00;2025-03-23 00:00:00
2025-03-26 00:00:00;SO234583;C0030;CL002;688;2025-05-28 00:00:00;2025-05-31 00:00:00;2025-04-03 00:00:00;2025-04-06 00:00:00
2025-03-26 00:00:00;SO636825;C0010;AS004;988;2025-05-07 00:00:00;2025-05-06 00:00:00;2025-03-29 00:00:00;2025-03-28 00:00:00
2025-03-26 00:00:00;SO636825;C0010;AS002;850;2025-05-07 00:00:00;2025-04-27 00:00:00;2025-03-29 00:00:00;2025-03-19 00:00:00
2025-03-26 00:00:00;SO234583;C0030;VS004;675;2025-05-28 00:00:00;2025-05-30 00:00:00;2025-04-03 00:00:00;2025-04-05 00:00:00
2025-03-26 00:00:00;SO636825;C0010;AS001;822;2025-05-07 00:00:00;2025-05-11 00:00:00;2025-03-29 00:00:00;2025-04-02 00:00:00
2025-03-26 00:00:00;SO636825;C0010;CL002;1047;2025-05-07 00:00:00;2025-04-27 00:00:00;2025-03-29 00:00:00;2025-03-19 00:00:00
2025-03-26 00:00:00;SO234583;C0030;CT001;930;2025-05-28 00:00:00;2025-06-04 00:00:00;2025-04-03 00:00:00;2025-04-10 00:00:00
2025-03-26 00:00:00;SO636825;C0010;CS001;1206;2025-05-07 00:00:00;2025-05-13 00:00:00;2025-03-29 00:00:00;2025-04-04 00:00:00
2025-03-26 00:00:00;SO234583;C0030;AT001;1263;2025-05-28 00:00:00;2025-05-22 00:00:00;2025-04-03 00:00:00;2025-03-28 00:00:00
2025-03-26 00:00:00;SO636825;C0010;CS003;579;2025-05-07 00:00:00;2025-05-04 00:00:00;2025-03-29 00:00:00;2025-03-26 00:00:00
2025-03-27 00:00:00;SO876442;C0015;AT001;392;2025-05-08 00:00:00;2025-05-09 00:00:00;2025-03-31 00:00:00;2025-04-01 00:00:00
2025-03-27 00:00:00;SO432535;C0019;AS002;323;2025-05-29 00:00:00;2025-05-23 00:00:00;2025-03-31 00:00:00;2025-03-25 00:00:00
2025-03-27 00:00:00;SO418888;C0025;AS002;860;2025-04-24 00:00:00;2025-04-17 00:00:00;2025-04-04 00:00:00;2025-03-28 00:00:00
2025-03-27 00:00:00;SO704014;C0027;VS005;822;2025-05-08 00:00:00;2025-05-16 00:00:00;2025-04-04 00:00:00;2025-04-12 00:00:00
2025-03-27 00:00:00;SO418888;C0025;VS005;555;2025-04-24 00:00:00;2025-04-16 00:00:00;2025-04-04 00:00:00;2025-03-27 00:00:00
2025-03-27 00:00:00;SO432535;C0019;CL002;694;2025-05-29 00:00:00;2025-05-28 00:00:00;2025-03-31 00:00:00;2025-03-30 00:00:00
2025-03-27 00:00:00;SO432535;C0019;AT002;501;2025-05-29 00:00:00;2025-05-25 00:00:00;2025-03-31 00:00:00;2025-03-27 00:00:00
2025-03-27 00:00:00;SO418888;C0025;CT003;741;2025-04-24 00:00:00;2025-04-15 00:00:00;2025-04-04 00:00:00;2025-03-26 00:00:00
2025-03-27 00:00:00;SO704014;C0027;CS003;507;2025-05-08 00:00:00;2025-05-08 00:00:00;2025-04-04 00:00:00;2025-04-04 00:00:00
2025-03-27 00:00:00;SO876442;C0015;VS004;1100;2025-05-08 00:00:00;2025-05-13 00:00:00;2025-03-31 00:00:00;2025-04-05 00:00:00
2025-03-27 00:00:00;SO876442;C0015;AS002;1049;2025-05-08 00:00:00;2025-05-04 00:00:00;2025-03-31 00:00:00;2025-03-27 00:00:00
2025-03-27 00:00:00;SO704014;C0027;AT002;362;2025-05-08 00:00:00;2025-05-04 00:00:00;2025-04-04 00:00:00;2025-03-31 00:00:00
2025-03-27 00:00:00;SO704014;C0027;CT003;926;2025-05-08 00:00:00;2025-05-09 00:00:00;2025-04-04 00:00:00;2025-04-05 00:00:00
2025-03-27 00:00:00;SO704014;C0027;VS004;908;2025-05-08 00:00:00;2025-05-04 00:00:00;2025-04-04 00:00:00;2025-03-31 00:00:00
2025-03-27 00:00:00;SO432535;C0019;AS004;807;2025-05-29 00:00:00;2025-06-03 00:00:00;2025-03-31 00:00:00;2025-04-05 00:00:00
2025-03-28 00:00:00;SO775132;C0029;AT001;417;2025-05-23 00:00:00;2025-05-26 00:00:00;2025-04-05 00:00:00;2025-04-08 00:00:00
2025-03-28 00:00:00;SO329335;C0004;VS005;511;2025-04-11 00:00:00;2025-04-02 00:00:00;2025-03-30 00:00:00;2025-03-21 00:00:00
2025-03-28 00:00:00;SO329335;C0004;CS004;799;2025-04-11 00:00:00;2025-04-05 00:00:00;2025-03-30 00:00:00;2025-03-24 00:00:00
2025-03-28 00:00:00;SO775132;C0029;AS005;1041;2025-05-23 00:00:00;2025-05-18 00:00:00;2025-04-05 00:00:00;2025-03-31 00:00:00
2025-03-28 00:00:00;SO329335;C0004;CS002;323;2025-04-11 00:00:00;2025-04-17 00:00:00;2025-03-30 00:00:00;2025-04-05 00:00:00
2025-03-28 00:00:00;SO775132;C0029;VS005;1028;2025-05-23 00:00:00;2025-06-02 00:00:00;2025-04-05 00:00:00;2025-04-15 00:00:00
2025-03-28 00:00:00;SO329335;C0004;AT001;954;2025-04-11 00:00:00;2025-04-07 00:00:00;2025-03-30 00:00:00;2025-03-26 00:00:00
2025-03-28 00:00:00;SO775132;C0029;CL002;700;2025-05-23 00:00:00;2025-05-19 00:00:00;2025-04-05 00:00:00;2025-04-01 00:00:00
2025-03-28 00:00:00;SO775132;C0029;CS003;516;2025-05-23 00:00:00;2025-05-22 00:00:00;2025-04-05 00:00:00;2025-04-04 00:00:00
2025-03-28 00:00:00;SO329335;C0004;AS001;853;2025-04-11 00:00:00;2025-04-15 00:00:00;2025-03-30 00:00:00;2025-04-03 00:00:00
2025-03-28 00:00:00;SO329335;C0004;AS002;795;2025-04-11 00:00:00;2025-04-08 00:00:00;2025-03-30 00:00:00;2025-03-27 00:00:00
2025-03-28 00:00:00;SO329335;C0004;CT003;458;2025-04-11 00:00:00;2025-04-14 00:00:00;2025-03-30 00:00:00;2025-04-02 00:00:00
2025-03-31 00:00:00;SO114623;C0005;CS003;550;2025-05-26 00:00:00;2025-05-30 00:00:00;2025-04-02 00:00:00;2025-04-06 00:00:00
2025-03-31 00:00:00;SO174676;C0027;VS005;564;2025-05-12 00:00:00;2025-05-13 00:00:00;2025-04-08 00:00:00;2025-04-09 00:00:00
2025-03-31 00:00:00;SO333839;C0017;CS002;1117;2025-05-26 00:00:00;2025-05-18 00:00:00;2025-04-04 00:00:00;2025-03-27 00:00:00
2025-03-31 00:00:00;SO114623;C0005;AS002;903;2025-05-26 00:00:00;2025-05-18 00:00:00;2025-04-02 00:00:00;2025-03-25 00:00:00
2025-03-31 00:00:00;SO174676;C0027;CL002;1084;2025-05-12 00:00:00;2025-05-09 00:00:00;2025-04-08 00:00:00;2025-04-05 00:00:00
2025-03-31 00:00:00;SO333839;C0017;VS005;767;2025-05-26 00:00:00;2025-06-04 00:00:00;2025-04-04 00:00:00;2025-04-13 00:00:00
2025-03-31 00:00:00;SO174676;C0027;AS001;883;2025-05-12 00:00:00;2025-05-14 00:00:00;2025-04-08 00:00:00;2025-04-10 00:00:00
2025-03-31 00:00:00;SO114623;C0005;CT001;455;2025-05-26 00:00:00;2025-05-16 00:00:00;2025-04-02 00:00:00;2025-03-23 00:00:00
2025-03-31 00:00:00;SO114623;C0005;CT002;947;2025-05-26 00:00:00;2025-05-19 00:00:00;2025-04-02 00:00:00;2025-03-26 00:00:00
2025-03-31 00:00:00;SO174676;C0027;VS004;1199;2025-05-12 00:00:00;2025-05-11 00:00:00;2025-04-08 00:00:00;2025-04-07 00:00:00
2025-03-31 00:00:00;SO114623;C0005;VS004;799;2025-05-26 00:00:00;2025-05-30 00:00:00;2025-04-02 00:00:00;2025-04-06 00:00:00
2025-03-31 00:00:00;SO333839;C0017;AT002;1174;2025-05-26 00:00:00;2025-05-18 00:00:00;2025-04-04 00:00:00;2025-03-27 00:00:00
2025-03-31 00:00:00;SO114623;C0005;AT001;1095;2025-05-26 00:00:00;2025-05-28 00:00:00;2025-04-02 00:00:00;2025-04-04 00:00:00
2025-03-31 00:00:00;SO333839;C0017;CT001;512;2025-05-26 00:00:00;2025-05-31 00:00:00;2025-04-04 00:00:00;2025-04-09 00:00:00
2025-03-31 00:00:00;SO114623;C0005;VS005;873;2025-05-26 00:00:00;2025-05-24 00:00:00;2025-04-02 00:00:00;2025-03-31 00:00:00
2025-03-31 00:00:00;SO174676;C0027;AT001;696;2025-05-12 00:00:00;2025-05-03 00:00:00;2025-04-08 00:00:00;2025-03-30 00:00:00
2025-03-31 00:00:00;SO114623;C0005;CS001;944;2025-05-26 00:00:00;2025-05-22 00:00:00;2025-04-02 00:00:00;2025-03-29 00:00:00
2025-03-31 00:00:00;SO114623;C0005;AS001;1042;2025-05-26 00:00:00;2025-05-30 00:00:00;2025-04-02 00:00:00;2025-04-06 00:00:00
2025-03-31 00:00:00;SO174676;C0027;CS001;1030;2025-05-12 00:00:00;2025-05-12 00:00:00;2025-04-08 00:00:00;2025-04-08 00:00:00
2025-04-01 00:00:00;SO588351;C0029;CT003;470;2025-05-27 00:00:00;2025-05-28 00:00:00;2025-04-09 00:00:00;2025-04-10 00:00:00
2025-04-01 00:00:00;SO882848;C0018;CS003;1098;2025-06-03 00:00:00;2025-05-31 00:00:00;2025-04-05 00:00:00;2025-04-02 00:00:00
2025-04-01 00:00:00;SO831682;C0026;CT001;501;2025-05-06 00:00:00;2025-05-16 00:00:00;2025-04-09 00:00:00;2025-04-19 00:00:00
2025-04-01 00:00:00;SO588351;C0029;AT002;542;2025-05-27 00:00:00;2025-05-25 00:00:00;2025-04-09 00:00:00;2025-04-07 00:00:00
2025-04-01 00:00:00;SO831682;C0026;AS001;688;2025-05-06 00:00:00;2025-04-29 00:00:00;2025-04-09 00:00:00;2025-04-02 00:00:00
2025-04-01 00:00:00;SO882848;C0018;CS001;731;2025-06-03 00:00:00;2025-06-11 00:00:00;2025-04-05 00:00:00;2025-04-13 00:00:00
2025-04-01 00:00:00;SO831682;C0026;AL001;363;2025-05-06 00:00:00;2025-05-07 00:00:00;2025-04-09 00:00:00;2025-04-10 00:00:00
2025-04-01 00:00:00;SO831682;C0026;VS005;512;2025-05-06 00:00:00;2025-05-05 00:00:00;2025-04-09 00:00:00;2025-04-08 00:00:00
2025-04-01 00:00:00;SO588351;C0029;AL001;422;2025-05-27 00:00:00;2025-05-20 00:00:00;2025-04-09 00:00:00;2025-04-02 00:00:00
2025-04-01 00:00:00;SO831682;C0026;AS005;741;2025-05-06 00:00:00;2025-05-11 00:00:00;2025-04-09 00:00:00;2025-04-14 00:00:00
2025-04-01 00:00:00;SO588351;C0029;CS002;515;2025-05-27 00:00:00;2025-05-22 00:00:00;2025-04-09 00:00:00;2025-04-04 00:00:00
2025-04-01 00:00:00;SO882848;C0018;CL002;474;2025-06-03 00:00:00;2025-06-07 00:00:00;2025-04-05 00:00:00;2025-04-09 00:00:00
2025-04-02 00:00:00;SO955095;C0013;VS001;1084;2025-04-30 00:00:00;2025-05-07 00:00:00;2025-04-06 00:00:00;2025-04-13 00:00:00
2025-04-02 00:00:00;SO350594;C0019;AL002;1033;2025-06-04 00:00:00;2025-06-03 00:00:00;2025-04-06 00:00:00;2025-04-05 00:00:00
2025-04-02 00:00:00;SO865800;C0026;CS002;603;2025-05-07 00:00:00;2025-04-29 00:00:00;2025-04-10 00:00:00;2025-04-02 00:00:00
2025-04-02 00:00:00;SO350594;C0019;CT001;637;2025-06-04 00:00:00;2025-06-11 00:00:00;2025-04-06 00:00:00;2025-04-13 00:00:00
2025-04-02 00:00:00;SO350594;C0019;CS003;297;2025-06-04 00:00:00;2025-06-13 00:00:00;2025-04-06 00:00:00;2025-04-15 00:00:00
2025-04-02 00:00:00;SO350594;C0019;VS005;1201;2025-06-04 00:00:00;2025-06-03 00:00:00;2025-04-06 00:00:00;2025-04-05 00:00:00
2025-04-02 00:00:00;SO865800;C0026;CT003;509;2025-05-07 00:00:00;2025-04-30 00:00:00;2025-04-10 00:00:00;2025-04-03 00:00:00
2025-04-02 00:00:00;SO865800;C0026;CT001;836;2025-05-07 00:00:00;2025-04-28 00:00:00;2025-04-10 00:00:00;2025-04-01 00:00:00
2025-04-02 00:00:00;SO955095;C0013;AS004;1118;2025-04-30 00:00:00;2025-04-29 00:00:00;2025-04-06 00:00:00;2025-04-05 00:00:00
2025-04-02 00:00:00;SO955095;C0013;AL002;506;2025-04-30 00:00:00;2025-05-02 00:00:00;2025-04-06 00:00:00;2025-04-08 00:00:00
2025-04-02 00:00:00;SO865800;C0026;AS003;1145;2025-05-07 00:00:00;2025-05-01 00:00:00;2025-04-10 00:00:00;2025-04-04 00:00:00
2025-04-02 00:00:00;SO865800;C0026;VS004;915;2025-05-07 00:00:00;2025-05-15 00:00:00;2025-04-10 00:00:00;2025-04-18 00:00:00
2025-04-02 00:00:00;SO865800;C0026;CS003;752;2025-05-07 00:00:00;2025-05-09 00:00:00;2025-04-10 00:00:00;2025-04-12 00:00:00
2025-04-02 00:00:00;SO955095;C0013;AT001;804;2025-04-30 00:00:00;2025-05-04 00:00:00;2025-04-06 00:00:00;2025-04-10 00:00:00
2025-04-02 00:00:00;SO955095;C0013;AT002;635;2025-04-30 00:00:00;2025-04-30 00:00:00;2025-04-06 00:00:00;2025-04-06 00:00:00
2025-04-02 00:00:00;SO955095;C0013;CS003;891;2025-04-30 00:00:00;2025-05-01 00:00:00;2025-04-06 00:00:00;2025-04-07 00:00:00
2025-04-02 00:00:00;SO350594;C0019;AT001;1197;2025-06-04 00:00:00;2025-05-28 00:00:00;2025-04-06 00:00:00;2025-03-30 00:00:00
2025-04-02 00:00:00;SO350594;C0019;VS001;640;2025-06-04 00:00:00;2025-06-09 00:00:00;2025-04-06 00:00:00;2025-04-11 00:00:00
2025-04-02 00:00:00;SO955095;C0013;CL002;788;2025-04-30 00:00:00;2025-05-07 00:00:00;2025-04-06 00:00:00;2025-04-13 00:00:00
2025-04-03 00:00:00;SO393912;C0003;CT001;353;2025-05-15 00:00:00;2025-05-08 00:00:00;2025-04-05 00:00:00;2025-03-29 00:00:00
2025-04-03 00:00:00;SO893649;C0001;AS005;566;2025-05-01 00:00:00;2025-05-05 00:00:00;2025-04-05 00:00:00;2025-04-09 00:00:00
2025-04-03 00:00:00;SO283761;C0014;AT001;331;2025-05-08 00:00:00;2025-05-03 00:00:00;2025-04-07 00:00:00;2025-04-02 00:00:00
2025-04-03 00:00:00;SO106081;C0008;CL002;392;2025-05-29 00:00:00;2025-05-27 00:00:00;2025-04-06 00:00:00;2025-04-04 00:00:00
2025-04-03 00:00:00;SO893649;C0001;VS005;414;2025-05-01 00:00:00;2025-04-29 00:00:00;2025-04-05 00:00:00;2025-04-03 00:00:00
2025-04-03 00:00:00;SO893649;C0001;AT002;700;2025-05-01 00:00:00;2025-04-24 00:00:00;2025-04-05 00:00:00;2025-03-29 00:00:00
2025-04-03 00:00:00;SO106081;C0008;AL002;933;2025-05-29 00:00:00;2025-06-04 00:00:00;2025-04-06 00:00:00;2025-04-12 00:00:00
2025-04-03 00:00:00;SO893649;C0001;CT003;1154;2025-05-01 00:00:00;2025-05-03 00:00:00;2025-04-05 00:00:00;2025-04-07 00:00:00
2025-04-03 00:00:00;SO283761;C0014;AS004;901;2025-05-08 00:00:00;2025-05-18 00:00:00;2025-04-07 00:00:00;2025-04-17 00:00:00
2025-04-03 00:00:00;SO283761;C0014;CT001;796;2025-05-08 00:00:00;2025-05-10 00:00:00;2025-04-07 00:00:00;2025-04-09 00:00:00
2025-04-03 00:00:00;SO393912;C0003;CS001;1126;2025-05-15 00:00:00;2025-05-19 00:00:00;2025-04-05 00:00:00;2025-04-09 00:00:00
2025-04-03 00:00:00;SO106081;C0008;AS003;494;2025-05-29 00:00:00;2025-06-02 00:00:00;2025-04-06 00:00:00;2025-04-10 00:00:00
2025-04-04 00:00:00;SO457557;C0016;CS001;1094;2025-04-18 00:00:00;2025-04-19 00:00:00;2025-04-08 00:00:00;2025-04-09 00:00:00
2025-04-04 00:00:00;SO884825;C0007;CT001;936;2025-06-06 00:00:00;2025-05-29 00:00:00;2025-04-07 00:00:00;2025-03-30 00:00:00
2025-04-04 00:00:00;SO884825;C0007;AT002;456;2025-06-06 00:00:00;2025-05-30 00:00:00;2025-04-07 00:00:00;2025-03-31 00:00:00
2025-04-04 00:00:00;SO457557;C0016;AS004;701;2025-04-18 00:00:00;2025-04-14 00:00:00;2025-04-08 00:00:00;2025-04-04 00:00:00
2025-04-04 00:00:00;SO884825;C0007;CL001;868;2025-06-06 00:00:00;2025-06-12 00:00:00;2025-04-07 00:00:00;2025-04-13 00:00:00
2025-04-04 00:00:00;SO457557;C0016;CT001;844;2025-04-18 00:00:00;2025-04-21 00:00:00;2025-04-08 00:00:00;2025-04-11 00:00:00
2025-04-04 00:00:00;SO457557;C0016;CT003;693;2025-04-18 00:00:00;2025-04-08 00:00:00;2025-04-08 00:00:00;2025-03-29 00:00:00
2025-04-04 00:00:00;SO457557;C0016;AS002;875;2025-04-18 00:00:00;2025-04-23 00:00:00;2025-04-08 00:00:00;2025-04-13 00:00:00
2025-04-04 00:00:00;SO457557;C0016;AS001;402;2025-04-18 00:00:00;2025-04-21 00:00:00;2025-04-08 00:00:00;2025-04-11 00:00:00
2025-04-04 00:00:00;SO884825;C0007;AS002;413;2025-06-06 00:00:00;2025-06-01 00:00:00;2025-04-07 00:00:00;2025-04-02 00:00:00
2025-04-04 00:00:00;SO884825;C0007;VS001;955;2025-06-06 00:00:00;2025-06-12 00:00:00;2025-04-07 00:00:00;2025-04-13 00:00:00
2025-04-04 00:00:00;SO884825;C0007;AS004;899;2025-06-06 00:00:00;2025-05-30 00:00:00;2025-04-07 00:00:00;2025-03-31 00:00:00
2025-04-04 00:00:00;SO884825;C0007;AL002;1376;2025-06-06 00:00:00;2025-06-11 00:00:00;2025-04-07 00:00:00;2025-04-12 00:00:00
2025-04-04 00:00:00;SO457557;C0016;CS003;579;2025-04-18 00:00:00;2025-04-21 00:00:00;2025-04-08 00:00:00;2025-04-11 00:00:00
2025-04-04 00:00:00;SO884825;C0007;VS005;466;2025-06-06 00:00:00;2025-06-15 00:00:00;2025-04-07 00:00:00;2025-04-16 00:00:00
2025-04-04 00:00:00;SO884825;C0007;CS001;456;2025-06-06 00:00:00;2025-06-02 00:00:00;2025-04-07 00:00:00;2025-04-03 00:00:00
2025-04-04 00:00:00;SO457557;C0016;CS002;705;2025-04-18 00:00:00;2025-04-20 00:00:00;2025-04-08 00:00:00;2025-04-10 00:00:00
2025-04-04 00:00:00;SO884825;C0007;CS003;787;2025-06-06 00:00:00;2025-06-09 00:00:00;2025-04-07 00:00:00;2025-04-10 00:00:00
2025-04-04 00:00:00;SO884825;C0007;AS005;1161;2025-06-06 00:00:00;2025-06-09 00:00:00;2025-04-07 00:00:00;2025-04-10 00:00:00
2025-04-07 00:00:00;SO931081;C0029;AT001;465;2025-06-02 00:00:00;2025-05-24 00:00:00;2025-04-15 00:00:00;2025-04-06 00:00:00
2025-04-07 00:00:00;SO945117;C0013;AL002;824;2025-05-05 00:00:00;2025-05-08 00:00:00;2025-04-11 00:00:00;2025-04-14 00:00:00
2025-04-07 00:00:00;SO945117;C0013;CL002;525;2025-05-05 00:00:00;2025-05-05 00:00:00;2025-04-11 00:00:00;2025-04-11 00:00:00
2025-04-07 00:00:00;SO945117;C0013;CS001;889;2025-05-05 00:00:00;2025-05-04 00:00:00;2025-04-11 00:00:00;2025-04-10 00:00:00
2025-04-07 00:00:00;SO945117;C0013;CL001;761;2025-05-05 00:00:00;2025-05-06 00:00:00;2025-04-11 00:00:00;2025-04-12 00:00:00
2025-04-07 00:00:00;SO931081;C0029;AS005;845;2025-06-02 00:00:00;2025-06-06 00:00:00;2025-04-15 00:00:00;2025-04-19 00:00:00
2025-04-07 00:00:00;SO945117;C0013;AT002;836;2025-05-05 00:00:00;2025-05-02 00:00:00;2025-04-11 00:00:00;2025-04-08 00:00:00
2025-04-07 00:00:00;SO931081;C0029;CL001;497;2025-06-02 00:00:00;2025-05-27 00:00:00;2025-04-15 00:00:00;2025-04-09 00:00:00
2025-04-07 00:00:00;SO931081;C0029;VS004;1145;2025-06-02 00:00:00;2025-05-26 00:00:00;2025-04-15 00:00:00;2025-04-08 00:00:00
2025-04-07 00:00:00;SO945117;C0013;AT001;512;2025-05-05 00:00:00;2025-05-12 00:00:00;2025-04-11 00:00:00;2025-04-18 00:00:00
2025-04-07 00:00:00;SO931081;C0029;AL001;586;2025-06-02 00:00:00;2025-05-25 00:00:00;2025-04-15 00:00:00;2025-04-07 00:00:00
2025-04-07 00:00:00;SO931081;C0029;CL002;864;2025-06-02 00:00:00;2025-05-26 00:00:00;2025-04-15 00:00:00;2025-04-08 00:00:00
2025-04-07 00:00:00;SO931081;C0029;VS005;1056;2025-06-02 00:00:00;2025-06-04 00:00:00;2025-04-15 00:00:00;2025-04-17 00:00:00
2025-04-07 00:00:00;SO945117;C0013;CS003;444;2025-05-05 00:00:00;2025-04-29 00:00:00;2025-04-11 00:00:00;2025-04-05 00:00:00
2025-04-07 00:00:00;SO945117;C0013;VS005;342;2025-05-05 00:00:00;2025-05-07 00:00:00;2025-04-11 00:00:00;2025-04-13 00:00:00
2025-04-07 00:00:00;SO945117;C0013;CT003;1240;2025-05-05 00:00:00;2025-05-10 00:00:00;2025-04-11 00:00:00;2025-04-16 00:00:00
2025-04-07 00:00:00;SO945117;C0013;AS004;1195;2025-05-05 00:00:00;2025-05-05 00:00:00;2025-04-11 00:00:00;2025-04-11 00:00:00
2025-04-07 00:00:00;SO931081;C0029;VS001;546;2025-06-02 00:00:00;2025-06-01 00:00:00;2025-04-15 00:00:00;2025-04-14 00:00:00
2025-04-07 00:00:00;SO945117;C0013;CS002;622;2025-05-05 00:00:00;2025-05-08 00:00:00;2025-04-11 00:00:00;2025-04-14 00:00:00
2025-04-08 00:00:00;SO663086;C0005;VS004;1031;2025-06-03 00:00:00;2025-06-10 00:00:00;2025-04-10 00:00:00;2025-04-17 00:00:00
2025-04-08 00:00:00;SO996007;C0028;AS003;1419;2025-04-22 00:00:00;2025-04-18 00:00:00;2025-04-16 00:00:00;2025-04-12 00:00:00
2025-04-08 00:00:00;SO340413;C0007;CS003;592;2025-06-10 00:00:00;2025-06-10 00:00:00;2025-04-11 00:00:00;2025-04-11 00:00:00
2025-04-08 00:00:00;SO616694;C0012;AS002;923;2025-05-06 00:00:00;2025-04-27 00:00:00;2025-04-11 00:00:00;2025-04-02 00:00:00
2025-04-08 00:00:00;SO663086;C0005;CL002;745;2025-06-03 00:00:00;2025-06-08 00:00:00;2025-04-10 00:00:00;2025-04-15 00:00:00
2025-04-08 00:00:00;SO663086;C0005;AT001;378;2025-06-03 00:00:00;2025-06-10 00:00:00;2025-04-10 00:00:00;2025-04-17 00:00:00
2025-04-08 00:00:00;SO663086;C0005;CS001;965;2025-06-03 00:00:00;2025-05-28 00:00:00;2025-04-10 00:00:00;2025-04-04 00:00:00
2025-04-08 00:00:00;SO996007;C0028;VS001;923;2025-04-22 00:00:00;2025-04-26 00:00:00;2025-04-16 00:00:00;2025-04-20 00:00:00
2025-04-08 00:00:00;SO996007;C0028;CT003;680;2025-04-22 00:00:00;2025-04-14 00:00:00;2025-04-16 00:00:00;2025-04-08 00:00:00
2025-04-08 00:00:00;SO616694;C0012;AS003;926;2025-05-06 00:00:00;2025-05-07 00:00:00;2025-04-11 00:00:00;2025-04-12 00:00:00
2025-04-08 00:00:00;SO340413;C0007;AS004;1063;2025-06-10 00:00:00;2025-06-13 00:00:00;2025-04-11 00:00:00;2025-04-14 00:00:00
2025-04-08 00:00:00;SO616694;C0012;VS005;404;2025-05-06 00:00:00;2025-05-09 00:00:00;2025-04-11 00:00:00;2025-04-14 00:00:00
2025-04-08 00:00:00;SO340413;C0007;CS001;893;2025-06-10 00:00:00;2025-06-17 00:00:00;2025-04-11 00:00:00;2025-04-18 00:00:00
2025-04-08 00:00:00;SO616694;C0012;AS004;869;2025-05-06 00:00:00;2025-05-04 00:00:00;2025-04-11 00:00:00;2025-04-09 00:00:00
2025-04-08 00:00:00;SO340413;C0007;AS002;382;2025-06-10 00:00:00;2025-06-01 00:00:00;2025-04-11 00:00:00;2025-04-02 00:00:00
2025-04-08 00:00:00;SO340413;C0007;CS002;623;2025-06-10 00:00:00;2025-06-06 00:00:00;2025-04-11 00:00:00;2025-04-07 00:00:00
2025-04-08 00:00:00;SO663086;C0005;VS001;1246;2025-06-03 00:00:00;2025-05-29 00:00:00;2025-04-10 00:00:00;2025-04-05 00:00:00
2025-04-08 00:00:00;SO340413;C0007;AS001;1242;2025-06-10 00:00:00;2025-06-17 00:00:00;2025-04-11 00:00:00;2025-04-18 00:00:00
2025-04-09 00:00:00;SO566547;C0014;CS003;938;2025-05-14 00:00:00;2025-05-18 00:00:00;2025-04-13 00:00:00;2025-04-17 00:00:00
2025-04-09 00:00:00;SO413154;C0012;AT002;477;2025-05-07 00:00:00;2025-05-08 00:00:00;2025-04-12 00:00:00;2025-04-13 00:00:00
2025-04-09 00:00:00;SO807752;C0006;CL001;619;2025-06-11 00:00:00;2025-06-03 00:00:00;2025-04-11 00:00:00;2025-04-03 00:00:00
2025-04-09 00:00:00;SO807752;C0006;AT002;1177;2025-06-11 00:00:00;2025-06-03 00:00:00;2025-04-11 00:00:00;2025-04-03 00:00:00
2025-04-09 00:00:00;SO566547;C0014;AS002;609;2025-05-14 00:00:00;2025-05-18 00:00:00;2025-04-13 00:00:00;2025-04-17 00:00:00
2025-04-09 00:00:00;SO566547;C0014;AS004;1098;2025-05-14 00:00:00;2025-05-21 00:00:00;2025-04-13 00:00:00;2025-04-20 00:00:00
2025-04-09 00:00:00;SO807752;C0006;AS005;714;2025-06-11 00:00:00;2025-06-03 00:00:00;2025-04-11 00:00:00;2025-04-03 00:00:00
2025-04-09 00:00:00;SO807752;C0006;CT001;536;2025-06-11 00:00:00;2025-06-12 00:00:00;2025-04-11 00:00:00;2025-04-12 00:00:00
2025-04-09 00:00:00;SO807752;C0006;AS002;1159;2025-06-11 00:00:00;2025-06-06 00:00:00;2025-04-11 00:00:00;2025-04-06 00:00:00
2025-04-09 00:00:00;SO413154;C0012;CL001;369;2025-05-07 00:00:00;2025-05-08 00:00:00;2025-04-12 00:00:00;2025-04-13 00:00:00
2025-04-09 00:00:00;SO413154;C0012;CS002;451;2025-05-07 00:00:00;2025-05-17 00:00:00;2025-04-12 00:00:00;2025-04-22 00:00:00
2025-04-09 00:00:00;SO413154;C0012;AL001;359;2025-05-07 00:00:00;2025-05-09 00:00:00;2025-04-12 00:00:00;2025-04-14 00:00:00
2025-04-09 00:00:00;SO566547;C0014;AS005;936;2025-05-14 00:00:00;2025-05-14 00:00:00;2025-04-13 00:00:00;2025-04-13 00:00:00
2025-04-09 00:00:00;SO413154;C0012;CL002;880;2025-05-07 00:00:00;2025-05-15 00:00:00;2025-04-12 00:00:00;2025-04-20 00:00:00
2025-04-09 00:00:00;SO413154;C0012;VS001;1049;2025-05-07 00:00:00;2025-05-14 00:00:00;2025-04-12 00:00:00;2025-04-19 00:00:00
2025-04-09 00:00:00;SO566547;C0014;AL001;1005;2025-05-14 00:00:00;2025-05-24 00:00:00;2025-04-13 00:00:00;2025-04-23 00:00:00
2025-04-09 00:00:00;SO566547;C0014;VS004;415;2025-05-14 00:00:00;2025-05-10 00:00:00;2025-04-13 00:00:00;2025-04-09 00:00:00
2025-04-10 00:00:00;SO234430;C0015;AS005;761;2025-05-22 00:00:00;2025-06-01 00:00:00;2025-04-14 00:00:00;2025-04-24 00:00:00
2025-04-10 00:00:00;SO259835;C0023;VS005;676;2025-05-15 00:00:00;2025-05-22 00:00:00;2025-04-14 00:00:00;2025-04-21 00:00:00
2025-04-10 00:00:00;SO637531;C0027;CS001;551;2025-05-22 00:00:00;2025-05-21 00:00:00;2025-04-18 00:00:00;2025-04-17 00:00:00
2025-04-10 00:00:00;SO234430;C0015;AS001;688;2025-05-22 00:00:00;2025-05-22 00:00:00;2025-04-14 00:00:00;2025-04-14 00:00:00
2025-04-10 00:00:00;SO637531;C0027;CT001;1129;2025-05-22 00:00:00;2025-05-19 00:00:00;2025-04-18 00:00:00;2025-04-15 00:00:00
2025-04-10 00:00:00;SO234430;C0015;AT001;490;2025-05-22 00:00:00;2025-05-24 00:00:00;2025-04-14 00:00:00;2025-04-16 00:00:00
2025-04-10 00:00:00;SO234430;C0015;CT003;874;2025-05-22 00:00:00;2025-05-23 00:00:00;2025-04-14 00:00:00;2025-04-15 00:00:00
2025-04-10 00:00:00;SO637531;C0027;AS005;1308;2025-05-22 00:00:00;2025-06-01 00:00:00;2025-04-18 00:00:00;2025-04-28 00:00:00
2025-04-10 00:00:00;SO637531;C0027;VS004;1085;2025-05-22 00:00:00;2025-05-15 00:00:00;2025-04-18 00:00:00;2025-04-11 00:00:00
2025-04-10 00:00:00;SO259835;C0023;AS002;864;2025-05-15 00:00:00;2025-05-06 00:00:00;2025-04-14 00:00:00;2025-04-05 00:00:00
2025-04-10 00:00:00;SO637531;C0027;AT001;579;2025-05-22 00:00:00;2025-05-25 00:00:00;2025-04-18 00:00:00;2025-04-21 00:00:00
2025-04-10 00:00:00;SO259835;C0023;AT002;436;2025-05-15 00:00:00;2025-05-16 00:00:00;2025-04-14 00:00:00;2025-04-15 00:00:00
2025-04-10 00:00:00;SO259835;C0023;VS004;867;2025-05-15 00:00:00;2025-05-07 00:00:00;2025-04-14 00:00:00;2025-04-06 00:00:00
2025-04-11 00:00:00;SO191669;C0021;CL001;477;2025-04-25 00:00:00;2025-04-17 00:00:00;2025-04-15 00:00:00;2025-04-07 00:00:00
2025-04-11 00:00:00;SO669288;C0024;AL002;838;2025-05-09 00:00:00;2025-05-03 00:00:00;2025-04-15 00:00:00;2025-04-09 00:00:00
2025-04-11 00:00:00;SO967370;C0016;VS005;484;2025-04-25 00:00:00;2025-05-01 00:00:00;2025-04-15 00:00:00;2025-04-21 00:00:00
2025-04-11 00:00:00;SO548136;C0002;CL001;987;2025-05-16 00:00:00;2025-05-14 00:00:00;2025-04-13 00:00:00;2025-04-11 00:00:00
2025-04-11 00:00:00;SO191669;C0021;VS001;849;2025-04-25 00:00:00;2025-05-03 00:00:00;2025-04-15 00:00:00;2025-04-23 00:00:00
2025-04-11 00:00:00;SO191669;C0021;VS004;591;2025-04-25 00:00:00;2025-04-24 00:00:00;2025-04-15 00:00:00;2025-04-14 00:00:00
2025-04-11 00:00:00;SO967370;C0016;AT001;578;2025-04-25 00:00:00;2025-04-28 00:00:00;2025-04-15 00:00:00;2025-04-18 00:00:00
2025-04-11 00:00:00;SO548136;C0002;AS003;719;2025-05-16 00:00:00;2025-05-06 00:00:00;2025-04-13 00:00:00;2025-04-03 00:00:00
2025-04-11 00:00:00;SO669288;C0024;AT001;1069;2025-05-09 00:00:00;2025-05-03 00:00:00;2025-04-15 00:00:00;2025-04-09 00:00:00
2025-04-11 00:00:00;SO191669;C0021;AL001;433;2025-04-25 00:00:00;2025-04-19 00:00:00;2025-04-15 00:00:00;2025-04-09 00:00:00
2025-04-11 00:00:00;SO548136;C0002;AS004;1013;2025-05-16 00:00:00;2025-05-14 00:00:00;2025-04-13 00:00:00;2025-04-11 00:00:00
2025-04-11 00:00:00;SO669288;C0024;CS003;469;2025-05-09 00:00:00;2025-05-09 00:00:00;2025-04-15 00:00:00;2025-04-15 00:00:00
2025-04-11 00:00:00;SO967370;C0016;CS002;1016;2025-04-25 00:00:00;2025-04-24 00:00:00;2025-04-15 00:00:00;2025-04-14 00:00:00
2025-04-11 00:00:00;SO548136;C0002;VS004;1083;2025-05-16 00:00:00;2025-05-20 00:00:00;2025-04-13 00:00:00;2025-04-17 00:00:00
2025-04-11 00:00:00;SO548136;C0002;AS002;504;2025-05-16 00:00:00;2025-05-11 00:00:00;2025-04-13 00:00:00;2025-04-08 00:00:00
2025-04-11 00:00:00;SO669288;C0024;CL002;944;2025-05-09 00:00:00;2025-05-09 00:00:00;2025-04-15 00:00:00;2025-04-15 00:00:00
2025-04-11 00:00:00;SO967370;C0016;AL001;722;2025-04-25 00:00:00;2025-04-29 00:00:00;2025-04-15 00:00:00;2025-04-19 00:00:00
2025-04-11 00:00:00;SO191669;C0021;AS004;911;2025-04-25 00:00:00;2025-05-05 00:00:00;2025-04-15 00:00:00;2025-04-25 00:00:00
2025-04-11 00:00:00;SO669288;C0024;VS005;635;2025-05-09 00:00:00;2025-05-05 00:00:00;2025-04-15 00:00:00;2025-04-11 00:00:00
2025-04-14 00:00:00;SO757070;C0017;VS004;790;2025-06-09 00:00:00;2025-06-17 00:00:00;2025-04-18 00:00:00;2025-04-26 00:00:00
2025-04-14 00:00:00;SO358369;C0025;CS003;848;2025-05-12 00:00:00;2025-05-12 00:00:00;2025-04-22 00:00:00;2025-04-22 00:00:00
2025-04-14 00:00:00;SO553378;C0019;CT003;499;2025-06-16 00:00:00;2025-06-06 00:00:00;2025-04-18 00:00:00;2025-04-08 00:00:00
2025-04-14 00:00:00;SO553378;C0019;AL001;661;2025-06-16 00:00:00;2025-06-11 00:00:00;2025-04-18 00:00:00;2025-04-13 00:00:00
2025-04-14 00:00:00;SO553378;C0019;AS004;849;2025-06-16 00:00:00;2025-06-19 00:00:00;2025-04-18 00:00:00;2025-04-21 00:00:00
2025-04-14 00:00:00;SO358369;C0025;CS001;822;2025-05-12 00:00:00;2025-05-11 00:00:00;2025-04-22 00:00:00;2025-04-21 00:00:00
2025-04-14 00:00:00;SO553378;C0019;AS001;987;2025-06-16 00:00:00;2025-06-20 00:00:00;2025-04-18 00:00:00;2025-04-22 00:00:00
2025-04-14 00:00:00;SO358369;C0025;AS002;1038;2025-05-12 00:00:00;2025-05-08 00:00:00;2025-04-22 00:00:00;2025-04-18 00:00:00
2025-04-14 00:00:00;SO757070;C0017;CS002;797;2025-06-09 00:00:00;2025-06-02 00:00:00;2025-04-18 00:00:00;2025-04-11 00:00:00
2025-04-14 00:00:00;SO553378;C0019;AS002;1049;2025-06-16 00:00:00;2025-06-22 00:00:00;2025-04-18 00:00:00;2025-04-24 00:00:00
2025-04-14 00:00:00;SO757070;C0017;CS003;597;2025-06-09 00:00:00;2025-06-13 00:00:00;2025-04-18 00:00:00;2025-04-22 00:00:00
2025-04-14 00:00:00;SO757070;C0017;AT002;555;2025-06-09 00:00:00;2025-06-13 00:00:00;2025-04-18 00:00:00;2025-04-22 00:00:00
2025-04-15 00:00:00;SO592888;C0015;CL002;1057;2025-05-27 00:00:00;2025-05-28 00:00:00;2025-04-19 00:00:00;2025-04-20 00:00:00
2025-04-15 00:00:00;SO103765;C0007;AL002;1082;2025-06-17 00:00:00;2025-06-27 00:00:00;2025-04-18 00:00:00;2025-04-28 00:00:00
2025-04-15 00:00:00;SO727338;C0013;CT001;471;2025-05-13 00:00:00;2025-05-14 00:00:00;2025-04-19 00:00:00;2025-04-20 00:00:00
2025-04-15 00:00:00;SO103765;C0007;CS003;1205;2025-06-17 00:00:00;2025-06-19 00:00:00;2025-04-18 00:00:00;2025-04-20 00:00:00
2025-04-15 00:00:00;SO727338;C0013;CL001;993;2025-05-13 00:00:00;2025-05-13 00:00:00;2025-04-19 00:00:00;2025-04-19 00:00:00
2025-04-15 00:00:00;SO727338;C0013;VS001;1034;2025-05-13 00:00:00;2025-05-09 00:00:00;2025-04-19 00:00:00;2025-04-15 00:00:00
2025-04-15 00:00:00;SO592888;C0015;CS002;1399;2025-05-27 00:00:00;2025-05-27 00:00:00;2025-04-19 00:00:00;2025-04-19 00:00:00
2025-04-15 00:00:00;SO727338;C0013;AS004;460;2025-05-13 00:00:00;2025-05-18 00:00:00;2025-04-19 00:00:00;2025-04-24 00:00:00
2025-04-15 00:00:00;SO103765;C0007;AS005;1030;2025-06-17 00:00:00;2025-06-20 00:00:00;2025-04-18 00:00:00;2025-04-21 00:00:00
2025-04-15 00:00:00;SO592888;C0015;CT001;433;2025-05-27 00:00:00;2025-05-23 00:00:00;2025-04-19 00:00:00;2025-04-15 00:00:00
2025-04-15 00:00:00;SO727338;C0013;AL002;896;2025-05-13 00:00:00;2025-05-22 00:00:00;2025-04-19 00:00:00;2025-04-28 00:00:00
2025-04-15 00:00:00;SO727338;C0013;AS003;1187;2025-05-13 00:00:00;2025-05-06 00:00:00;2025-04-19 00:00:00;2025-04-12 00:00:00
2025-04-15 00:00:00;SO592888;C0015;AL001;657;2025-05-27 00:00:00;2025-06-01 00:00:00;2025-04-19 00:00:00;2025-04-24 00:00:00
2025-04-15 00:00:00;SO592888;C0015;AL002;1099;2025-05-27 00:00:00;2025-05-17 00:00:00;2025-04-19 00:00:00;2025-04-09 00:00:00
2025-04-16 00:00:00;SO449974;C0019;VS004;683;2025-06-18 00:00:00;2025-06-16 00:00:00;2025-04-20 00:00:00;2025-04-18 00:00:00
2025-04-16 00:00:00;SO671096;C0012;AS002;916;2025-05-14 00:00:00;2025-05-06 00:00:00;2025-04-19 00:00:00;2025-04-11 00:00:00
2025-04-16 00:00:00;SO415190;C0017;VS004;1071;2025-06-11 00:00:00;2025-06-09 00:00:00;2025-04-20 00:00:00;2025-04-18 00:00:00
2025-04-16 00:00:00;SO415190;C0017;AL002;281;2025-06-11 00:00:00;2025-06-13 00:00:00;2025-04-20 00:00:00;2025-04-22 00:00:00
2025-04-16 00:00:00;SO449974;C0019;AS002;1129;2025-06-18 00:00:00;2025-06-17 00:00:00;2025-04-20 00:00:00;2025-04-19 00:00:00
2025-04-16 00:00:00;SO415190;C0017;CS003;900;2025-06-11 00:00:00;2025-06-09 00:00:00;2025-04-20 00:00:00;2025-04-18 00:00:00
2025-04-16 00:00:00;SO449974;C0019;AS005;1017;2025-06-18 00:00:00;2025-06-21 00:00:00;2025-04-20 00:00:00;2025-04-23 00:00:00
2025-04-16 00:00:00;SO449974;C0019;AS001;1177;2025-06-18 00:00:00;2025-06-11 00:00:00;2025-04-20 00:00:00;2025-04-13 00:00:00
2025-04-16 00:00:00;SO671096;C0012;CT003;895;2025-05-14 00:00:00;2025-05-15 00:00:00;2025-04-19 00:00:00;2025-04-20 00:00:00
2025-04-16 00:00:00;SO671096;C0012;AS004;624;2025-05-14 00:00:00;2025-05-16 00:00:00;2025-04-19 00:00:00;2025-04-21 00:00:00
2025-04-16 00:00:00;SO671096;C0012;CL002;959;2025-05-14 00:00:00;2025-05-19 00:00:00;2025-04-19 00:00:00;2025-04-24 00:00:00
2025-04-16 00:00:00;SO449974;C0019;CS003;952;2025-06-18 00:00:00;2025-06-11 00:00:00;2025-04-20 00:00:00;2025-04-13 00:00:00
2025-04-16 00:00:00;SO415190;C0017;CT003;839;2025-06-11 00:00:00;2025-06-01 00:00:00;2025-04-20 00:00:00;2025-04-10 00:00:00
2025-04-16 00:00:00;SO671096;C0012;VS004;1337;2025-05-14 00:00:00;2025-05-12 00:00:00;2025-04-19 00:00:00;2025-04-17 00:00:00
2025-04-16 00:00:00;SO671096;C0012;VS001;693;2025-05-14 00:00:00;2025-05-13 00:00:00;2025-04-19 00:00:00;2025-04-18 00:00:00
2025-04-16 00:00:00;SO449974;C0019;CL001;872;2025-06-18 00:00:00;2025-06-17 00:00:00;2025-04-20 00:00:00;2025-04-19 00:00:00
2025-04-17 00:00:00;SO834615;C0030;AS001;1248;2025-06-19 00:00:00;2025-06-14 00:00:00;2025-04-25 00:00:00;2025-04-20 00:00:00
2025-04-17 00:00:00;SO615591;C0028;CS001;952;2025-05-01 00:00:00;2025-05-08 00:00:00;2025-04-25 00:00:00;2025-05-02 00:00:00
2025-04-17 00:00:00;SO774419;C0002;AL002;1156;2025-05-22 00:00:00;2025-05-15 00:00:00;2025-04-19 00:00:00;2025-04-12 00:00:00
2025-04-17 00:00:00;SO233504;C0013;AS002;724;2025-05-15 00:00:00;2025-05-14 00:00:00;2025-04-21 00:00:00;2025-04-20 00:00:00
2025-04-17 00:00:00;SO834615;C0030;AT001;1215;2025-06-19 00:00:00;2025-06-17 00:00:00;2025-04-25 00:00:00;2025-04-23 00:00:00
2025-04-17 00:00:00;SO615591;C0028;CL001;657;2025-05-01 00:00:00;2025-04-29 00:00:00;2025-04-25 00:00:00;2025-04-23 00:00:00
2025-04-17 00:00:00;SO834615;C0030;CT001;924;2025-06-19 00:00:00;2025-06-14 00:00:00;2025-04-25 00:00:00;2025-04-20 00:00:00
2025-04-17 00:00:00;SO834615;C0030;AL002;1020;2025-06-19 00:00:00;2025-06-13 00:00:00;2025-04-25 00:00:00;2025-04-19 00:00:00
2025-04-17 00:00:00;SO834615;C0030;CL001;648;2025-06-19 00:00:00;2025-06-13 00:00:00;2025-04-25 00:00:00;2025-04-19 00:00:00
2025-04-17 00:00:00;SO615591;C0028;AL001;511;2025-05-01 00:00:00;2025-04-23 00:00:00;2025-04-25 00:00:00;2025-04-17 00:00:00
2025-04-17 00:00:00;SO834615;C0030;CT003;306;2025-06-19 00:00:00;2025-06-21 00:00:00;2025-04-25 00:00:00;2025-04-27 00:00:00
2025-04-17 00:00:00;SO615591;C0028;AS002;338;2025-05-01 00:00:00;2025-04-24 00:00:00;2025-04-25 00:00:00;2025-04-18 00:00:00
2025-04-17 00:00:00;SO774419;C0002;VS001;694;2025-05-22 00:00:00;2025-05-30 00:00:00;2025-04-19 00:00:00;2025-04-27 00:00:00
2025-04-17 00:00:00;SO615591;C0028;CL002;798;2025-05-01 00:00:00;2025-04-24 00:00:00;2025-04-25 00:00:00;2025-04-18 00:00:00
2025-04-17 00:00:00;SO834615;C0030;AL001;1202;2025-06-19 00:00:00;2025-06-18 00:00:00;2025-04-25 00:00:00;2025-04-24 00:00:00
2025-04-17 00:00:00;SO834615;C0030;VS005;804;2025-06-19 00:00:00;2025-06-22 00:00:00;2025-04-25 00:00:00;2025-04-28 00:00:00
2025-04-18 00:00:00;SO491603;C0030;VS001;1016;2025-06-20 00:00:00;2025-06-18 00:00:00;2025-04-26 00:00:00;2025-04-24 00:00:00
2025-04-18 00:00:00;SO612516;C0028;CS001;1003;2025-05-02 00:00:00;2025-05-04 00:00:00;2025-04-26 00:00:00;2025-04-28 00:00:00
2025-04-18 00:00:00;SO612516;C0028;CL001;1046;2025-05-02 00:00:00;2025-05-07 00:00:00;2025-04-26 00:00:00;2025-05-01 00:00:00
2025-04-18 00:00:00;SO612516;C0028;AS005;712;2025-05-02 00:00:00;2025-05-08 00:00:00;2025-04-26 00:00:00;2025-05-02 00:00:00
2025-04-18 00:00:00;SO491603;C0030;AT001;1037;2025-06-20 00:00:00;2025-06-30 00:00:00;2025-04-26 00:00:00;2025-05-06 00:00:00
2025-04-18 00:00:00;SO612516;C0028;CT003;824;2025-05-02 00:00:00;2025-05-08 00:00:00;2025-04-26 00:00:00;2025-05-02 00:00:00
2025-04-18 00:00:00;SO491603;C0030;AS002;392;2025-06-20 00:00:00;2025-06-30 00:00:00;2025-04-26 00:00:00;2025-05-06 00:00:00
2025-04-18 00:00:00;SO491603;C0030;CT003;716;2025-06-20 00:00:00;2025-06-23 00:00:00;2025-04-26 00:00:00;2025-04-29 00:00:00
2025-04-18 00:00:00;SO491603;C0030;CS001;630;2025-06-20 00:00:00;2025-06-17 00:00:00;2025-04-26 00:00:00;2025-04-23 00:00:00
2025-04-18 00:00:00;SO612516;C0028;AS001;827;2025-05-02 00:00:00;2025-05-10 00:00:00;2025-04-26 00:00:00;2025-05-04 00:00:00
2025-04-18 00:00:00;SO612516;C0028;VS004;610;2025-05-02 00:00:00;2025-04-28 00:00:00;2025-04-26 00:00:00;2025-04-22 00:00:00
2025-04-18 00:00:00;SO612516;C0028;AT002;675;2025-05-02 00:00:00;2025-05-04 00:00:00;2025-04-26 00:00:00;2025-04-28 00:00:00
2025-04-18 00:00:00;SO612516;C0028;AS004;749;2025-05-02 00:00:00;2025-04-26 00:00:00;2025-04-26 00:00:00;2025-04-20 00:00:00
2025-04-21 00:00:00;SO747533;C0010;AL001;956;2025-06-02 00:00:00;2025-05-26 00:00:00;2025-04-24 00:00:00;2025-04-17 00:00:00
2025-04-21 00:00:00;SO753812;C0020;CS003;1098;2025-06-16 00:00:00;2025-06-07 00:00:00;2025-04-25 00:00:00;2025-04-16 00:00:00
2025-04-21 00:00:00;SO360316;C0006;CL001;526;2025-06-23 00:00:00;2025-06-26 00:00:00;2025-04-23 00:00:00;2025-04-26 00:00:00
2025-04-21 00:00:00;SO753812;C0020;CS001;1368;2025-06-16 00:00:00;2025-06-26 00:00:00;2025-04-25 00:00:00;2025-05-05 00:00:00
2025-04-21 00:00:00;SO360316;C0006;AS004;384;2025-06-23 00:00:00;2025-06-25 00:00:00;2025-04-23 00:00:00;2025-04-25 00:00:00
2025-04-21 00:00:00;SO753812;C0020;AL001;1192;2025-06-16 00:00:00;2025-06-09 00:00:00;2025-04-25 00:00:00;2025-04-18 00:00:00
2025-04-21 00:00:00;SO747533;C0010;CS002;1204;2025-06-02 00:00:00;2025-06-05 00:00:00;2025-04-24 00:00:00;2025-04-27 00:00:00
2025-04-21 00:00:00;SO360316;C0006;AS005;515;2025-06-23 00:00:00;2025-06-26 00:00:00;2025-04-23 00:00:00;2025-04-26 00:00:00
2025-04-21 00:00:00;SO360316;C0006;VS004;577;2025-06-23 00:00:00;2025-06-15 00:00:00;2025-04-23 00:00:00;2025-04-15 00:00:00
2025-04-21 00:00:00;SO747533;C0010;AS001;908;2025-06-02 00:00:00;2025-05-27 00:00:00;2025-04-24 00:00:00;2025-04-18 00:00:00
2025-04-21 00:00:00;SO753812;C0020;AS003;954;2025-06-16 00:00:00;2025-06-10 00:00:00;2025-04-25 00:00:00;2025-04-19 00:00:00
2025-04-21 00:00:00;SO360316;C0006;VS005;831;2025-06-23 00:00:00;2025-06-14 00:00:00;2025-04-23 00:00:00;2025-04-14 00:00:00
2025-04-21 00:00:00;SO360316;C0006;CS001;382;2025-06-23 00:00:00;2025-06-30 00:00:00;2025-04-23 00:00:00;2025-04-30 00:00:00
2025-04-21 00:00:00;SO753812;C0020;CL001;865;2025-06-16 00:00:00;2025-06-14 00:00:00;2025-04-25 00:00:00;2025-04-23 00:00:00
2025-04-21 00:00:00;SO360316;C0006;AT002;970;2025-06-23 00:00:00;2025-06-16 00:00:00;2025-04-23 00:00:00;2025-04-16 00:00:00
2025-04-22 00:00:00;SO918349;C0021;AT001;1158;2025-05-06 00:00:00;2025-05-15 00:00:00;2025-04-26 00:00:00;2025-05-05 00:00:00
2025-04-22 00:00:00;SO108774;C0026;CS003;1163;2025-05-27 00:00:00;2025-05-28 00:00:00;2025-04-30 00:00:00;2025-05-01 00:00:00
2025-04-22 00:00:00;SO918349;C0021;VS005;969;2025-05-06 00:00:00;2025-05-10 00:00:00;2025-04-26 00:00:00;2025-04-30 00:00:00
2025-04-22 00:00:00;SO108774;C0026;AL001;506;2025-05-27 00:00:00;2025-05-28 00:00:00;2025-04-30 00:00:00;2025-05-01 00:00:00
2025-04-22 00:00:00;SO918349;C0021;AS004;816;2025-05-06 00:00:00;2025-05-13 00:00:00;2025-04-26 00:00:00;2025-05-03 00:00:00
2025-04-22 00:00:00;SO918349;C0021;CT003;1031;2025-05-06 00:00:00;2025-04-28 00:00:00;2025-04-26 00:00:00;2025-04-18 00:00:00
2025-04-22 00:00:00;SO108774;C0026;AS003;464;2025-05-27 00:00:00;2025-06-01 00:00:00;2025-04-30 00:00:00;2025-05-05 00:00:00
2025-04-22 00:00:00;SO918349;C0021;VS004;663;2025-05-06 00:00:00;2025-04-27 00:00:00;2025-04-26 00:00:00;2025-04-17 00:00:00
2025-04-22 00:00:00;SO108774;C0026;VS001;625;2025-05-27 00:00:00;2025-05-27 00:00:00;2025-04-30 00:00:00;2025-04-30 00:00:00
2025-04-22 00:00:00;SO918349;C0021;AS002;584;2025-05-06 00:00:00;2025-05-11 00:00:00;2025-04-26 00:00:00;2025-05-01 00:00:00
2025-04-22 00:00:00;SO918349;C0021;CS001;674;2025-05-06 00:00:00;2025-05-16 00:00:00;2025-04-26 00:00:00;2025-05-06 00:00:00
2025-04-22 00:00:00;SO918349;C0021;CS003;1342;2025-05-06 00:00:00;2025-05-01 00:00:00;2025-04-26 00:00:00;2025-04-21 00:00:00
2025-04-22 00:00:00;SO918349;C0021;VS001;429;2025-05-06 00:00:00;2025-05-13 00:00:00;2025-04-26 00:00:00;2025-05-03 00:00:00
2025-04-22 00:00:00;SO108774;C0026;AS002;1041;2025-05-27 00:00:00;2025-05-22 00:00:00;2025-04-30 00:00:00;2025-04-25 00:00:00
2025-04-22 00:00:00;SO108774;C0026;AL002;490;2025-05-27 00:00:00;2025-05-23 00:00:00;2025-04-30 00:00:00;2025-04-26 00:00:00
2025-04-22 00:00:00;SO108774;C0026;CS001;413;2025-05-27 00:00:00;2025-06-06 00:00:00;2025-04-30 00:00:00;2025-05-10 00:00:00
2025-04-22 00:00:00;SO918349;C0021;CS002;548;2025-05-06 00:00:00;2025-04-27 00:00:00;2025-04-26 00:00:00;2025-04-17 00:00:00
2025-04-22 00:00:00;SO108774;C0026;AS005;1006;2025-05-27 00:00:00;2025-05-21 00:00:00;2025-04-30 00:00:00;2025-04-24 00:00:00
2025-04-23 00:00:00;SO476407;C0007;AS004;579;2025-06-25 00:00:00;2025-06-27 00:00:00;2025-04-26 00:00:00;2025-04-28 00:00:00
2025-04-23 00:00:00;SO406866;C0019;AT001;1164;2025-06-25 00:00:00;2025-06-29 00:00:00;2025-04-27 00:00:00;2025-05-01 00:00:00
2025-04-23 00:00:00;SO549230;C0003;CT003;669;2025-06-04 00:00:00;2025-06-11 00:00:00;2025-04-25 00:00:00;2025-05-02 00:00:00
2025-04-23 00:00:00;SO406866;C0019;CS003;1094;2025-06-25 00:00:00;2025-06-26 00:00:00;2025-04-27 00:00:00;2025-04-28 00:00:00
2025-04-23 00:00:00;SO406866;C0019;CL002;734;2025-06-25 00:00:00;2025-06-23 00:00:00;2025-04-27 00:00:00;2025-04-25 00:00:00
2025-04-23 00:00:00;SO549230;C0003;AL001;711;2025-06-04 00:00:00;2025-06-13 00:00:00;2025-04-25 00:00:00;2025-05-04 00:00:00
2025-04-23 00:00:00;SO406866;C0019;AL002;746;2025-06-25 00:00:00;2025-06-19 00:00:00;2025-04-27 00:00:00;2025-04-21 00:00:00
2025-04-23 00:00:00;SO406866;C0019;AS005;369;2025-06-25 00:00:00;2025-06-20 00:00:00;2025-04-27 00:00:00;2025-04-22 00:00:00
2025-04-23 00:00:00;SO476407;C0007;AT001;468;2025-06-25 00:00:00;2025-06-21 00:00:00;2025-04-26 00:00:00;2025-04-22 00:00:00
2025-04-23 00:00:00;SO549230;C0003;CL001;1012;2025-06-04 00:00:00;2025-05-30 00:00:00;2025-04-25 00:00:00;2025-04-20 00:00:00
2025-04-23 00:00:00;SO476407;C0007;AS002;378;2025-06-25 00:00:00;2025-07-05 00:00:00;2025-04-26 00:00:00;2025-05-06 00:00:00
2025-04-23 00:00:00;SO476407;C0007;AS001;772;2025-06-25 00:00:00;2025-06-26 00:00:00;2025-04-26 00:00:00;2025-04-27 00:00:00
2025-04-23 00:00:00;SO549230;C0003;VS005;923;2025-06-04 00:00:00;2025-06-14 00:00:00;2025-04-25 00:00:00;2025-05-05 00:00:00
2025-04-23 00:00:00;SO476407;C0007;AL001;744;2025-06-25 00:00:00;2025-06-18 00:00:00;2025-04-26 00:00:00;2025-04-19 00:00:00
2025-04-23 00:00:00;SO549230;C0003;AT001;282;2025-06-04 00:00:00;2025-05-26 00:00:00;2025-04-25 00:00:00;2025-04-16 00:00:00
2025-04-23 00:00:00;SO476407;C0007;CS003;526;2025-06-25 00:00:00;2025-06-19 00:00:00;2025-04-26 00:00:00;2025-04-20 00:00:00
2025-04-23 00:00:00;SO476407;C0007;AL002;992;2025-06-25 00:00:00;2025-06-21 00:00:00;2025-04-26 00:00:00;2025-04-22 00:00:00
2025-04-24 00:00:00;SO989859;C0011;AL001;877;2025-05-29 00:00:00;2025-06-07 00:00:00;2025-04-27 00:00:00;2025-05-06 00:00:00
2025-04-24 00:00:00;SO396980;C0022;AS001;389;2025-06-05 00:00:00;2025-06-02 00:00:00;2025-04-28 00:00:00;2025-04-25 00:00:00
2025-04-24 00:00:00;SO989859;C0011;VS004;737;2025-05-29 00:00:00;2025-05-19 00:00:00;2025-04-27 00:00:00;2025-04-17 00:00:00
2025-04-24 00:00:00;SO989859;C0011;CL002;834;2025-05-29 00:00:00;2025-06-04 00:00:00;2025-04-27 00:00:00;2025-05-03 00:00:00
2025-04-24 00:00:00;SO989859;C0011;AL002;874;2025-05-29 00:00:00;2025-05-20 00:00:00;2025-04-27 00:00:00;2025-04-18 00:00:00
2025-04-24 00:00:00;SO396980;C0022;AS002;819;2025-06-05 00:00:00;2025-06-11 00:00:00;2025-04-28 00:00:00;2025-05-04 00:00:00
2025-04-24 00:00:00;SO396980;C0022;CT003;643;2025-06-05 00:00:00;2025-06-09 00:00:00;2025-04-28 00:00:00;2025-05-02 00:00:00
2025-04-24 00:00:00;SO396980;C0022;VS005;962;2025-06-05 00:00:00;2025-06-06 00:00:00;2025-04-28 00:00:00;2025-04-29 00:00:00
2025-04-24 00:00:00;SO989859;C0011;AS003;1333;2025-05-29 00:00:00;2025-06-08 00:00:00;2025-04-27 00:00:00;2025-05-07 00:00:00
2025-04-24 00:00:00;SO989859;C0011;CT001;614;2025-05-29 00:00:00;2025-06-06 00:00:00;2025-04-27 00:00:00;2025-05-05 00:00:00
2025-04-24 00:00:00;SO396980;C0022;CS001;624;2025-06-05 00:00:00;2025-06-15 00:00:00;2025-04-28 00:00:00;2025-05-08 00:00:00
2025-04-24 00:00:00;SO989859;C0011;CT003;1042;2025-05-29 00:00:00;2025-06-05 00:00:00;2025-04-27 00:00:00;2025-05-04 00:00:00
2025-04-24 00:00:00;SO989859;C0011;CS002;703;2025-05-29 00:00:00;2025-05-21 00:00:00;2025-04-27 00:00:00;2025-04-19 00:00:00
2025-04-24 00:00:00;SO396980;C0022;AT001;526;2025-06-05 00:00:00;2025-06-11 00:00:00;2025-04-28 00:00:00;2025-05-04 00:00:00
2025-04-25 00:00:00;SO737039;C0027;AS003;763;2025-06-06 00:00:00;2025-06-12 00:00:00;2025-05-03 00:00:00;2025-05-09 00:00:00
2025-04-25 00:00:00;SO962949;C0025;CT001;831;2025-05-23 00:00:00;2025-05-29 00:00:00;2025-05-03 00:00:00;2025-05-09 00:00:00
2025-04-25 00:00:00;SO627791;C0026;CL001;739;2025-05-30 00:00:00;2025-06-07 00:00:00;2025-05-03 00:00:00;2025-05-11 00:00:00
2025-04-25 00:00:00;SO948555;C0017;CT001;900;2025-06-20 00:00:00;2025-06-23 00:00:00;2025-04-29 00:00:00;2025-05-02 00:00:00
2025-04-25 00:00:00;SO948555;C0017;VS001;664;2025-06-20 00:00:00;2025-06-30 00:00:00;2025-04-29 00:00:00;2025-05-09 00:00:00
2025-04-25 00:00:00;SO948555;C0017;CS003;537;2025-06-20 00:00:00;2025-06-21 00:00:00;2025-04-29 00:00:00;2025-04-30 00:00:00
2025-04-25 00:00:00;SO737039;C0027;AT001;1012;2025-06-06 00:00:00;2025-06-08 00:00:00;2025-05-03 00:00:00;2025-05-05 00:00:00
2025-04-25 00:00:00;SO627791;C0026;CT001;1085;2025-05-30 00:00:00;2025-05-24 00:00:00;2025-05-03 00:00:00;2025-04-27 00:00:00
2025-04-25 00:00:00;SO737039;C0027;VS005;387;2025-06-06 00:00:00;2025-06-16 00:00:00;2025-05-03 00:00:00;2025-05-13 00:00:00
2025-04-25 00:00:00;SO948555;C0017;AS001;456;2025-06-20 00:00:00;2025-06-27 00:00:00;2025-04-29 00:00:00;2025-05-06 00:00:00
2025-04-25 00:00:00;SO948555;C0017;AS004;1130;2025-06-20 00:00:00;2025-06-25 00:00:00;2025-04-29 00:00:00;2025-05-04 00:00:00
2025-04-25 00:00:00;SO948555;C0017;AL002;558;2025-06-20 00:00:00;2025-06-19 00:00:00;2025-04-29 00:00:00;2025-04-28 00:00:00
2025-04-25 00:00:00;SO627791;C0026;VS005;1020;2025-05-30 00:00:00;2025-05-21 00:00:00;2025-05-03 00:00:00;2025-04-24 00:00:00
2025-04-25 00:00:00;SO627791;C0026;AT002;584;2025-05-30 00:00:00;2025-05-21 00:00:00;2025-05-03 00:00:00;2025-04-24 00:00:00
2025-04-25 00:00:00;SO627791;C0026;AL001;492;2025-05-30 00:00:00;2025-05-22 00:00:00;2025-05-03 00:00:00;2025-04-25 00:00:00
2025-04-25 00:00:00;SO627791;C0026;AS002;758;2025-05-30 00:00:00;2025-06-08 00:00:00;2025-05-03 00:00:00;2025-05-12 00:00:00
2025-04-28 00:00:00;SO403467;C0030;CS001;1146;2025-06-30 00:00:00;2025-06-24 00:00:00;2025-05-06 00:00:00;2025-04-30 00:00:00
2025-04-28 00:00:00;SO203088;C0014;VS004;480;2025-06-02 00:00:00;2025-05-30 00:00:00;2025-05-02 00:00:00;2025-04-29 00:00:00
2025-04-28 00:00:00;SO552553;C0022;VS005;399;2025-06-09 00:00:00;2025-06-16 00:00:00;2025-05-02 00:00:00;2025-05-09 00:00:00
2025-04-28 00:00:00;SO465615;C0004;AL002;645;2025-05-12 00:00:00;2025-05-17 00:00:00;2025-04-30 00:00:00;2025-05-05 00:00:00
2025-04-28 00:00:00;SO203088;C0014;AS005;568;2025-06-02 00:00:00;2025-05-29 00:00:00;2025-05-02 00:00:00;2025-04-28 00:00:00
2025-04-28 00:00:00;SO465615;C0004;CL002;599;2025-05-12 00:00:00;2025-05-11 00:00:00;2025-04-30 00:00:00;2025-04-29 00:00:00
2025-04-28 00:00:00;SO403467;C0030;AS003;936;2025-06-30 00:00:00;2025-07-07 00:00:00;2025-05-06 00:00:00;2025-05-13 00:00:00
2025-04-28 00:00:00;SO552553;C0022;AT002;417;2025-06-09 00:00:00;2025-06-11 00:00:00;2025-05-02 00:00:00;2025-05-04 00:00:00
2025-04-28 00:00:00;SO465615;C0004;AS004;588;2025-05-12 00:00:00;2025-05-13 00:00:00;2025-04-30 00:00:00;2025-05-01 00:00:00
2025-04-28 00:00:00;SO465615;C0004;CS003;811;2025-05-12 00:00:00;2025-05-02 00:00:00;2025-04-30 00:00:00;2025-04-20 00:00:00
2025-04-28 00:00:00;SO403467;C0030;AT001;1058;2025-06-30 00:00:00;2025-07-10 00:00:00;2025-05-06 00:00:00;2025-05-16 00:00:00
2025-04-28 00:00:00;SO203088;C0014;AS004;959;2025-06-02 00:00:00;2025-06-04 00:00:00;2025-05-02 00:00:00;2025-05-04 00:00:00
2025-04-28 00:00:00;SO552553;C0022;CS002;1027;2025-06-09 00:00:00;2025-06-03 00:00:00;2025-05-02 00:00:00;2025-04-26 00:00:00
2025-04-28 00:00:00;SO465615;C0004;CL001;696;2025-05-12 00:00:00;2025-05-20 00:00:00;2025-04-30 00:00:00;2025-05-08 00:00:00
2025-04-29 00:00:00;SO573852;C0013;CT001;331;2025-05-27 00:00:00;2025-06-06 00:00:00;2025-05-03 00:00:00;2025-05-13 00:00:00
2025-04-29 00:00:00;SO884261;C0019;CS001;1168;2025-07-01 00:00:00;2025-07-06 00:00:00;2025-05-03 00:00:00;2025-05-08 00:00:00
2025-04-29 00:00:00;SO573852;C0013;CS002;901;2025-05-27 00:00:00;2025-05-31 00:00:00;2025-05-03 00:00:00;2025-05-07 00:00:00
2025-04-29 00:00:00;SO573852;C0013;CS003;1212;2025-05-27 00:00:00;2025-05-31 00:00:00;2025-05-03 00:00:00;2025-05-07 00:00:00
2025-04-29 00:00:00;SO884261;C0019;AL001;1020;2025-07-01 00:00:00;2025-06-28 00:00:00;2025-05-03 00:00:00;2025-04-30 00:00:00
2025-04-29 00:00:00;SO573852;C0013;VS004;320;2025-05-27 00:00:00;2025-05-21 00:00:00;2025-05-03 00:00:00;2025-04-27 00:00:00
2025-04-29 00:00:00;SO573852;C0013;AS003;1084;2025-05-27 00:00:00;2025-06-06 00:00:00;2025-05-03 00:00:00;2025-05-13 00:00:00
2025-04-29 00:00:00;SO573852;C0013;VS005;1278;2025-05-27 00:00:00;2025-06-04 00:00:00;2025-05-03 00:00:00;2025-05-11 00:00:00
2025-04-29 00:00:00;SO884261;C0019;VS005;1189;2025-07-01 00:00:00;2025-07-09 00:00:00;2025-05-03 00:00:00;2025-05-11 00:00:00
2025-04-29 00:00:00;SO884261;C0019;CL001;588;2025-07-01 00:00:00;2025-07-03 00:00:00;2025-05-03 00:00:00;2025-05-05 00:00:00
2025-04-29 00:00:00;SO884261;C0019;AL002;654;2025-07-01 00:00:00;2025-06-22 00:00:00;2025-05-03 00:00:00;2025-04-24 00:00:00
2025-04-29 00:00:00;SO573852;C0013;AL002;652;2025-05-27 00:00:00;2025-05-22 00:00:00;2025-05-03 00:00:00;2025-04-28 00:00:00
2025-04-29 00:00:00;SO884261;C0019;CS002;1107;2025-07-01 00:00:00;2025-06-28 00:00:00;2025-05-03 00:00:00;2025-04-30 00:00:00
2025-04-29 00:00:00;SO573852;C0013;AL001;883;2025-05-27 00:00:00;2025-06-01 00:00:00;2025-05-03 00:00:00;2025-05-08 00:00:00
2025-04-29 00:00:00;SO884261;C0019;CS003;790;2025-07-01 00:00:00;2025-06-26 00:00:00;2025-05-03 00:00:00;2025-04-28 00:00:00
2025-04-29 00:00:00;SO573852;C0013;CL002;1278;2025-05-27 00:00:00;2025-05-21 00:00:00;2025-05-03 00:00:00;2025-04-27 00:00:00
2025-04-29 00:00:00;SO884261;C0019;VS004;982;2025-07-01 00:00:00;2025-06-27 00:00:00;2025-05-03 00:00:00;2025-04-29 00:00:00
2025-04-29 00:00:00;SO573852;C0013;AS005;906;2025-05-27 00:00:00;2025-06-06 00:00:00;2025-05-03 00:00:00;2025-05-13 00:00:00
2025-04-30 00:00:00;SO118382;C0023;CT003;664;2025-06-04 00:00:00;2025-06-08 00:00:00;2025-05-04 00:00:00;2025-05-08 00:00:00
2025-04-30 00:00:00;SO852821;C0026;AS005;1429;2025-06-04 00:00:00;2025-05-28 00:00:00;2025-05-08 00:00:00;2025-05-01 00:00:00
2025-04-30 00:00:00;SO938864;C0011;AS002;855;2025-06-04 00:00:00;2025-06-13 00:00:00;2025-05-03 00:00:00;2025-05-12 00:00:00
2025-04-30 00:00:00;SO938864;C0011;CS002;970;2025-06-04 00:00:00;2025-06-02 00:00:00;2025-05-03 00:00:00;2025-05-01 00:00:00
2025-04-30 00:00:00;SO938864;C0011;AT001;693;2025-06-04 00:00:00;2025-05-30 00:00:00;2025-05-03 00:00:00;2025-04-28 00:00:00
2025-04-30 00:00:00;SO938864;C0011;CS001;382;2025-06-04 00:00:00;2025-05-28 00:00:00;2025-05-03 00:00:00;2025-04-26 00:00:00
2025-04-30 00:00:00;SO852821;C0026;CL001;650;2025-06-04 00:00:00;2025-06-12 00:00:00;2025-05-08 00:00:00;2025-05-16 00:00:00
2025-04-30 00:00:00;SO118382;C0023;AL002;569;2025-06-04 00:00:00;2025-05-26 00:00:00;2025-05-04 00:00:00;2025-04-25 00:00:00
2025-04-30 00:00:00;SO938864;C0011;AT002;480;2025-06-04 00:00:00;2025-06-06 00:00:00;2025-05-03 00:00:00;2025-05-05 00:00:00
2025-04-30 00:00:00;SO852821;C0026;AS001;543;2025-06-04 00:00:00;2025-06-11 00:00:00;2025-05-08 00:00:00;2025-05-15 00:00:00
2025-04-30 00:00:00;SO938864;C0011;AS004;388;2025-06-04 00:00:00;2025-06-04 00:00:00;2025-05-03 00:00:00;2025-05-03 00:00:00
2025-04-30 00:00:00;SO852821;C0026;CT001;1084;2025-06-04 00:00:00;2025-06-10 00:00:00;2025-05-08 00:00:00;2025-05-14 00:00:00
2025-04-30 00:00:00;SO938864;C0011;VS004;377;2025-06-04 00:00:00;2025-06-10 00:00:00;2025-05-03 00:00:00;2025-05-09 00:00:00
2025-05-01 00:00:00;SO381299;C0028;CS001;1041;2025-05-15 00:00:00;2025-05-17 00:00:00;2025-05-09 00:00:00;2025-05-11 00:00:00
2025-05-01 00:00:00;SO186952;C0024;CS001;1049;2025-05-29 00:00:00;2025-06-01 00:00:00;2025-05-05 00:00:00;2025-05-08 00:00:00
2025-05-01 00:00:00;SO381299;C0028;CL002;868;2025-05-15 00:00:00;2025-05-25 00:00:00;2025-05-09 00:00:00;2025-05-19 00:00:00
2025-05-01 00:00:00;SO186952;C0024;AT001;296;2025-05-29 00:00:00;2025-06-02 00:00:00;2025-05-05 00:00:00;2025-05-09 00:00:00
2025-05-01 00:00:00;SO186952;C0024;AS002;899;2025-05-29 00:00:00;2025-05-20 00:00:00;2025-05-05 00:00:00;2025-04-26 00:00:00
2025-05-01 00:00:00;SO186952;C0024;CL001;607;2025-05-29 00:00:00;2025-05-29 00:00:00;2025-05-05 00:00:00;2025-05-05 00:00:00
2025-05-01 00:00:00;SO186952;C0024;CS003;752;2025-05-29 00:00:00;2025-06-03 00:00:00;2025-05-05 00:00:00;2025-05-10 00:00:00
2025-05-01 00:00:00;SO381299;C0028;VS001;749;2025-05-15 00:00:00;2025-05-12 00:00:00;2025-05-09 00:00:00;2025-05-06 00:00:00
2025-05-01 00:00:00;SO381299;C0028;AT001;619;2025-05-15 00:00:00;2025-05-16 00:00:00;2025-05-09 00:00:00;2025-05-10 00:00:00
2025-05-01 00:00:00;SO381299;C0028;AT002;940;2025-05-15 00:00:00;2025-05-24 00:00:00;2025-05-09 00:00:00;2025-05-18 00:00:00
2025-05-01 00:00:00;SO381299;C0028;AL002;911;2025-05-15 00:00:00;2025-05-25 00:00:00;2025-05-09 00:00:00;2025-05-19 00:00:00
2025-05-01 00:00:00;SO381299;C0028;AS002;721;2025-05-15 00:00:00;2025-05-06 00:00:00;2025-05-09 00:00:00;2025-04-30 00:00:00
2025-05-01 00:00:00;SO381299;C0028;AL001;752;2025-05-15 00:00:00;2025-05-15 00:00:00;2025-05-09 00:00:00;2025-05-09 00:00:00
2025-05-01 00:00:00;SO381299;C0028;VS004;364;2025-05-15 00:00:00;2025-05-17 00:00:00;2025-05-09 00:00:00;2025-05-11 00:00:00
2025-05-01 00:00:00;SO186952;C0024;CL002;443;2025-05-29 00:00:00;2025-05-30 00:00:00;2025-05-05 00:00:00;2025-05-06 00:00:00
2025-05-01 00:00:00;SO186952;C0024;AL001;995;2025-05-29 00:00:00;2025-06-01 00:00:00;2025-05-05 00:00:00;2025-05-08 00:00:00
2025-05-01 00:00:00;SO186952;C0024;CT003;316;2025-05-29 00:00:00;2025-05-21 00:00:00;2025-05-05 00:00:00;2025-04-27 00:00:00
2025-05-02 00:00:00;SO280485;C0028;AS004;780;2025-05-16 00:00:00;2025-05-10 00:00:00;2025-05-10 00:00:00;2025-05-04 00:00:00
2025-05-02 00:00:00;SO774299;C0029;VS001;1016;2025-06-27 00:00:00;2025-06-21 00:00:00;2025-05-10 00:00:00;2025-05-04 00:00:00
2025-05-02 00:00:00;SO471163;C0011;AS004;444;2025-06-06 00:00:00;2025-06-05 00:00:00;2025-05-05 00:00:00;2025-05-04 00:00:00
2025-05-02 00:00:00;SO619708;C0024;AL002;301;2025-05-30 00:00:00;2025-06-04 00:00:00;2025-05-06 00:00:00;2025-05-11 00:00:00
2025-05-02 00:00:00;SO619708;C0024;AS002;1044;2025-05-30 00:00:00;2025-05-27 00:00:00;2025-05-06 00:00:00;2025-05-03 00:00:00
2025-05-02 00:00:00;SO280485;C0028;VS004;1048;2025-05-16 00:00:00;2025-05-26 00:00:00;2025-05-10 00:00:00;2025-05-20 00:00:00
2025-05-02 00:00:00;SO280485;C0028;AS001;945;2025-05-16 00:00:00;2025-05-09 00:00:00;2025-05-10 00:00:00;2025-05-03 00:00:00
2025-05-02 00:00:00;SO774299;C0029;VS004;568;2025-06-27 00:00:00;2025-06-28 00:00:00;2025-05-10 00:00:00;2025-05-11 00:00:00
2025-05-02 00:00:00;SO471163;C0011;VS004;615;2025-06-06 00:00:00;2025-05-29 00:00:00;2025-05-05 00:00:00;2025-04-27 00:00:00
2025-05-02 00:00:00;SO619708;C0024;CL001;379;2025-05-30 00:00:00;2025-06-05 00:00:00;2025-05-06 00:00:00;2025-05-12 00:00:00
2025-05-02 00:00:00;SO471163;C0011;AS002;607;2025-06-06 00:00:00;2025-06-05 00:00:00;2025-05-05 00:00:00;2025-05-04 00:00:00
2025-05-02 00:00:00;SO280485;C0028;VS001;1071;2025-05-16 00:00:00;2025-05-16 00:00:00;2025-05-10 00:00:00;2025-05-10 00:00:00
2025-05-02 00:00:00;SO774299;C0029;CT003;749;2025-06-27 00:00:00;2025-07-02 00:00:00;2025-05-10 00:00:00;2025-05-15 00:00:00
2025-05-05 00:00:00;SO600495;C0018;CS003;385;2025-07-07 00:00:00;2025-07-15 00:00:00;2025-05-09 00:00:00;2025-05-17 00:00:00
2025-05-05 00:00:00;SO229464;C0011;AT002;807;2025-06-09 00:00:00;2025-06-15 00:00:00;2025-05-08 00:00:00;2025-05-14 00:00:00
2025-05-05 00:00:00;SO486249;C0022;AT002;940;2025-06-16 00:00:00;2025-06-26 00:00:00;2025-05-09 00:00:00;2025-05-19 00:00:00
2025-05-05 00:00:00;SO600495;C0018;AS004;368;2025-07-07 00:00:00;2025-07-16 00:00:00;2025-05-09 00:00:00;2025-05-18 00:00:00
2025-05-05 00:00:00;SO600495;C0018;AT002;1017;2025-07-07 00:00:00;2025-06-30 00:00:00;2025-05-09 00:00:00;2025-05-02 00:00:00
2025-05-05 00:00:00;SO229464;C0011;VS004;930;2025-06-09 00:00:00;2025-05-30 00:00:00;2025-05-08 00:00:00;2025-04-28 00:00:00
2025-05-05 00:00:00;SO486249;C0022;AL001;520;2025-06-16 00:00:00;2025-06-20 00:00:00;2025-05-09 00:00:00;2025-05-13 00:00:00
2025-05-05 00:00:00;SO486249;C0022;CL002;911;2025-06-16 00:00:00;2025-06-23 00:00:00;2025-05-09 00:00:00;2025-05-16 00:00:00
2025-05-05 00:00:00;SO229464;C0011;AL001;725;2025-06-09 00:00:00;2025-06-10 00:00:00;2025-05-08 00:00:00;2025-05-09 00:00:00
2025-05-05 00:00:00;SO600495;C0018;VS003;1419;2025-07-07 00:00:00;2025-07-02 00:00:00;2025-05-09 00:00:00;2025-05-04 00:00:00
2025-05-05 00:00:00;SO600495;C0018;AT001;1109;2025-07-07 00:00:00;2025-07-04 00:00:00;2025-05-09 00:00:00;2025-05-06 00:00:00
2025-05-05 00:00:00;SO600495;C0018;AL001;298;2025-07-07 00:00:00;2025-07-07 00:00:00;2025-05-09 00:00:00;2025-05-09 00:00:00
2025-05-05 00:00:00;SO600495;C0018;VS004;486;2025-07-07 00:00:00;2025-07-14 00:00:00;2025-05-09 00:00:00;2025-05-16 00:00:00
2025-05-05 00:00:00;SO486249;C0022;CL001;489;2025-06-16 00:00:00;2025-06-17 00:00:00;2025-05-09 00:00:00;2025-05-10 00:00:00
2025-05-05 00:00:00;SO600495;C0018;CL002;644;2025-07-07 00:00:00;2025-07-04 00:00:00;2025-05-09 00:00:00;2025-05-06 00:00:00
2025-05-05 00:00:00;SO486249;C0022;VS003;1150;2025-06-16 00:00:00;2025-06-12 00:00:00;2025-05-09 00:00:00;2025-05-05 00:00:00
2025-05-05 00:00:00;SO229464;C0011;VS003;838;2025-06-09 00:00:00;2025-06-13 00:00:00;2025-05-08 00:00:00;2025-05-12 00:00:00
2025-05-06 00:00:00;SO432769;C0007;VS001;899;2025-07-08 00:00:00;2025-07-18 00:00:00;2025-05-09 00:00:00;2025-05-19 00:00:00
2025-05-06 00:00:00;SO516839;C0003;AL001;756;2025-06-17 00:00:00;2025-06-17 00:00:00;2025-05-08 00:00:00;2025-05-08 00:00:00
2025-05-06 00:00:00;SO704671;C0019;CS003;944;2025-07-08 00:00:00;2025-07-02 00:00:00;2025-05-10 00:00:00;2025-05-04 00:00:00
2025-05-06 00:00:00;SO432769;C0007;VS004;423;2025-07-08 00:00:00;2025-07-06 00:00:00;2025-05-09 00:00:00;2025-05-07 00:00:00
2025-05-06 00:00:00;SO516839;C0003;AS002;712;2025-06-17 00:00:00;2025-06-20 00:00:00;2025-05-08 00:00:00;2025-05-11 00:00:00
2025-05-06 00:00:00;SO516839;C0003;CL001;638;2025-06-17 00:00:00;2025-06-23 00:00:00;2025-05-08 00:00:00;2025-05-14 00:00:00
2025-05-06 00:00:00;SO704671;C0019;AL001;971;2025-07-08 00:00:00;2025-07-09 00:00:00;2025-05-10 00:00:00;2025-05-11 00:00:00
2025-05-06 00:00:00;SO432769;C0007;VS003;790;2025-07-08 00:00:00;2025-07-02 00:00:00;2025-05-09 00:00:00;2025-05-03 00:00:00
2025-05-06 00:00:00;SO704671;C0019;VS001;996;2025-07-08 00:00:00;2025-07-11 00:00:00;2025-05-10 00:00:00;2025-05-13 00:00:00
2025-05-06 00:00:00;SO432769;C0007;AL002;1126;2025-07-08 00:00:00;2025-07-05 00:00:00;2025-05-09 00:00:00;2025-05-06 00:00:00
2025-05-06 00:00:00;SO704671;C0019;CS001;796;2025-07-08 00:00:00;2025-07-02 00:00:00;2025-05-10 00:00:00;2025-05-04 00:00:00
2025-05-06 00:00:00;SO432769;C0007;CT003;1067;2025-07-08 00:00:00;2025-07-08 00:00:00;2025-05-09 00:00:00;2025-05-09 00:00:00
2025-05-06 00:00:00;SO432769;C0007;CL001;901;2025-07-08 00:00:00;2025-06-30 00:00:00;2025-05-09 00:00:00;2025-05-01 00:00:00
2025-05-06 00:00:00;SO432769;C0007;AS002;993;2025-07-08 00:00:00;2025-07-16 00:00:00;2025-05-09 00:00:00;2025-05-17 00:00:00
2025-05-06 00:00:00;SO704671;C0019;AS004;458;2025-07-08 00:00:00;2025-07-13 00:00:00;2025-05-10 00:00:00;2025-05-15 00:00:00
2025-05-06 00:00:00;SO432769;C0007;CS003;1212;2025-07-08 00:00:00;2025-07-02 00:00:00;2025-05-09 00:00:00;2025-05-03 00:00:00
2025-05-06 00:00:00;SO704671;C0019;VS004;1052;2025-07-08 00:00:00;2025-07-01 00:00:00;2025-05-10 00:00:00;2025-05-03 00:00:00
2025-05-07 00:00:00;SO598655;C0024;AT001;1119;2025-06-04 00:00:00;2025-05-26 00:00:00;2025-05-11 00:00:00;2025-05-02 00:00:00
2025-05-07 00:00:00;SO722727;C0027;AS002;479;2025-06-18 00:00:00;2025-06-13 00:00:00;2025-05-15 00:00:00;2025-05-10 00:00:00
2025-05-07 00:00:00;SO956467;C0008;AT001;436;2025-07-02 00:00:00;2025-07-12 00:00:00;2025-05-10 00:00:00;2025-05-20 00:00:00
2025-05-07 00:00:00;SO118149;C0025;VS001;839;2025-06-04 00:00:00;2025-06-07 00:00:00;2025-05-15 00:00:00;2025-05-18 00:00:00
2025-05-07 00:00:00;SO118149;C0025;CL002;417;2025-06-04 00:00:00;2025-05-26 00:00:00;2025-05-15 00:00:00;2025-05-06 00:00:00
2025-05-07 00:00:00;SO722727;C0027;AL002;831;2025-06-18 00:00:00;2025-06-09 00:00:00;2025-05-15 00:00:00;2025-05-06 00:00:00
2025-05-07 00:00:00;SO598655;C0024;CL001;974;2025-06-04 00:00:00;2025-06-09 00:00:00;2025-05-11 00:00:00;2025-05-16 00:00:00
2025-05-07 00:00:00;SO722727;C0027;VS003;1204;2025-06-18 00:00:00;2025-06-09 00:00:00;2025-05-15 00:00:00;2025-05-06 00:00:00
2025-05-07 00:00:00;SO598655;C0024;AT002;1411;2025-06-04 00:00:00;2025-06-11 00:00:00;2025-05-11 00:00:00;2025-05-18 00:00:00
2025-05-07 00:00:00;SO956467;C0008;CT003;1023;2025-07-02 00:00:00;2025-07-12 00:00:00;2025-05-10 00:00:00;2025-05-20 00:00:00
2025-05-07 00:00:00;SO598655;C0024;AL002;415;2025-06-04 00:00:00;2025-06-10 00:00:00;2025-05-11 00:00:00;2025-05-17 00:00:00
2025-05-07 00:00:00;SO956467;C0008;AL002;395;2025-07-02 00:00:00;2025-07-05 00:00:00;2025-05-10 00:00:00;2025-05-13 00:00:00
2025-05-07 00:00:00;SO598655;C0024;VS003;1197;2025-06-04 00:00:00;2025-06-09 00:00:00;2025-05-11 00:00:00;2025-05-16 00:00:00
2025-05-07 00:00:00;SO598655;C0024;CL002;558;2025-06-04 00:00:00;2025-05-31 00:00:00;2025-05-11 00:00:00;2025-05-07 00:00:00
2025-05-07 00:00:00;SO118149;C0025;AT001;977;2025-06-04 00:00:00;2025-05-29 00:00:00;2025-05-15 00:00:00;2025-05-09 00:00:00
2025-05-08 00:00:00;SO245499;C0017;AS004;712;2025-07-03 00:00:00;2025-07-07 00:00:00;2025-05-12 00:00:00;2025-05-16 00:00:00
2025-05-08 00:00:00;SO921458;C0018;AS002;587;2025-07-10 00:00:00;2025-07-20 00:00:00;2025-05-12 00:00:00;2025-05-22 00:00:00
2025-05-08 00:00:00;SO931963;C0003;AL002;1043;2025-06-19 00:00:00;2025-06-17 00:00:00;2025-05-10 00:00:00;2025-05-08 00:00:00
2025-05-08 00:00:00;SO722800;C0013;VS003;844;2025-06-05 00:00:00;2025-06-08 00:00:00;2025-05-12 00:00:00;2025-05-15 00:00:00
2025-05-08 00:00:00;SO245499;C0017;VS003;791;2025-07-03 00:00:00;2025-06-25 00:00:00;2025-05-12 00:00:00;2025-05-04 00:00:00
2025-05-08 00:00:00;SO245499;C0017;AT002;818;2025-07-03 00:00:00;2025-07-02 00:00:00;2025-05-12 00:00:00;2025-05-11 00:00:00
2025-05-08 00:00:00;SO722800;C0013;VS001;1107;2025-06-05 00:00:00;2025-06-05 00:00:00;2025-05-12 00:00:00;2025-05-12 00:00:00
2025-05-08 00:00:00;SO722800;C0013;AL002;1015;2025-06-05 00:00:00;2025-05-31 00:00:00;2025-05-12 00:00:00;2025-05-07 00:00:00
2025-05-08 00:00:00;SO245499;C0017;VS004;341;2025-07-03 00:00:00;2025-07-07 00:00:00;2025-05-12 00:00:00;2025-05-16 00:00:00
2025-05-08 00:00:00;SO722800;C0013;AS002;1182;2025-06-05 00:00:00;2025-06-12 00:00:00;2025-05-12 00:00:00;2025-05-19 00:00:00
2025-05-08 00:00:00;SO722800;C0013;AT002;464;2025-06-05 00:00:00;2025-06-14 00:00:00;2025-05-12 00:00:00;2025-05-21 00:00:00
2025-05-08 00:00:00;SO931963;C0003;CL002;418;2025-06-19 00:00:00;2025-06-09 00:00:00;2025-05-10 00:00:00;2025-04-30 00:00:00
2025-05-08 00:00:00;SO931963;C0003;AT002;750;2025-06-19 00:00:00;2025-06-09 00:00:00;2025-05-10 00:00:00;2025-04-30 00:00:00
2025-05-08 00:00:00;SO245499;C0017;CL002;523;2025-07-03 00:00:00;2025-07-11 00:00:00;2025-05-12 00:00:00;2025-05-20 00:00:00
2025-05-09 00:00:00;SO617306;C0003;CL002;603;2025-06-20 00:00:00;2025-06-27 00:00:00;2025-05-11 00:00:00;2025-05-18 00:00:00
2025-05-09 00:00:00;SO830085;C0005;AS004;867;2025-07-04 00:00:00;2025-07-06 00:00:00;2025-05-11 00:00:00;2025-05-13 00:00:00
2025-05-09 00:00:00;SO830085;C0005;AS001;1133;2025-07-04 00:00:00;2025-06-30 00:00:00;2025-05-11 00:00:00;2025-05-07 00:00:00
2025-05-09 00:00:00;SO830085;C0005;CL002;596;2025-07-04 00:00:00;2025-06-24 00:00:00;2025-05-11 00:00:00;2025-05-01 00:00:00
2025-05-09 00:00:00;SO617306;C0003;AL001;686;2025-06-20 00:00:00;2025-06-23 00:00:00;2025-05-11 00:00:00;2025-05-14 00:00:00
2025-05-09 00:00:00;SO830085;C0005;AL001;879;2025-07-04 00:00:00;2025-06-25 00:00:00;2025-05-11 00:00:00;2025-05-02 00:00:00
2025-05-09 00:00:00;SO617306;C0003;AT001;1030;2025-06-20 00:00:00;2025-06-17 00:00:00;2025-05-11 00:00:00;2025-05-08 00:00:00
2025-05-09 00:00:00;SO617306;C0003;AL002;574;2025-06-20 00:00:00;2025-06-19 00:00:00;2025-05-11 00:00:00;2025-05-10 00:00:00
2025-05-09 00:00:00;SO830085;C0005;VS003;887;2025-07-04 00:00:00;2025-07-10 00:00:00;2025-05-11 00:00:00;2025-05-17 00:00:00
2025-05-09 00:00:00;SO617306;C0003;VS004;1093;2025-06-20 00:00:00;2025-06-23 00:00:00;2025-05-11 00:00:00;2025-05-14 00:00:00
2025-05-09 00:00:00;SO617306;C0003;AS001;807;2025-06-20 00:00:00;2025-06-10 00:00:00;2025-05-11 00:00:00;2025-05-01 00:00:00
2025-05-09 00:00:00;SO617306;C0003;CL001;1114;2025-06-20 00:00:00;2025-06-12 00:00:00;2025-05-11 00:00:00;2025-05-03 00:00:00
2025-05-09 00:00:00;SO830085;C0005;AL002;526;2025-07-04 00:00:00;2025-06-30 00:00:00;2025-05-11 00:00:00;2025-05-07 00:00:00
2025-05-09 00:00:00;SO830085;C0005;CL001;1119;2025-07-04 00:00:00;2025-06-25 00:00:00;2025-05-11 00:00:00;2025-05-02 00:00:00
2025-05-09 00:00:00;SO830085;C0005;AT002;509;2025-07-04 00:00:00;2025-07-12 00:00:00;2025-05-11 00:00:00;2025-05-19 00:00:00
2025-05-09 00:00:00;SO830085;C0005;VS001;1087;2025-07-04 00:00:00;2025-06-24 00:00:00;2025-05-11 00:00:00;2025-05-01 00:00:00
2025-05-09 00:00:00;SO617306;C0003;AT002;1205;2025-06-20 00:00:00;2025-06-23 00:00:00;2025-05-11 00:00:00;2025-05-14 00:00:00
2025-05-09 00:00:00;SO617306;C0003;CS001;993;2025-06-20 00:00:00;2025-06-29 00:00:00;2025-05-11 00:00:00;2025-05-20 00:00:00
2025-05-09 00:00:00;SO830085;C0005;CT003;1010;2025-07-04 00:00:00;2025-07-01 00:00:00;2025-05-11 00:00:00;2025-05-08 00:00:00
2025-05-12 00:00:00;SO778046;C0027;AL002;979;2025-06-23 00:00:00;2025-06-30 00:00:00;2025-05-20 00:00:00;2025-05-27 00:00:00
2025-05-12 00:00:00;SO272627;C0001;AS002;826;2025-06-09 00:00:00;2025-06-06 00:00:00;2025-05-14 00:00:00;2025-05-11 00:00:00
2025-05-12 00:00:00;SO352126;C0030;AT001;761;2025-07-14 00:00:00;2025-07-18 00:00:00;2025-05-20 00:00:00;2025-05-24 00:00:00
2025-05-12 00:00:00;SO778046;C0027;AS002;710;2025-06-23 00:00:00;2025-06-29 00:00:00;2025-05-20 00:00:00;2025-05-26 00:00:00
2025-05-12 00:00:00;SO778046;C0027;VS004;545;2025-06-23 00:00:00;2025-06-17 00:00:00;2025-05-20 00:00:00;2025-05-14 00:00:00
2025-05-12 00:00:00;SO352126;C0030;CS003;634;2025-07-14 00:00:00;2025-07-11 00:00:00;2025-05-20 00:00:00;2025-05-17 00:00:00
2025-05-12 00:00:00;SO778046;C0027;CS001;1278;2025-06-23 00:00:00;2025-06-26 00:00:00;2025-05-20 00:00:00;2025-05-23 00:00:00
2025-05-12 00:00:00;SO352126;C0030;AS002;510;2025-07-14 00:00:00;2025-07-15 00:00:00;2025-05-20 00:00:00;2025-05-21 00:00:00
2025-05-12 00:00:00;SO272627;C0001;AT001;1192;2025-06-09 00:00:00;2025-06-18 00:00:00;2025-05-14 00:00:00;2025-05-23 00:00:00
2025-05-12 00:00:00;SO352126;C0030;CL001;547;2025-07-14 00:00:00;2025-07-18 00:00:00;2025-05-20 00:00:00;2025-05-24 00:00:00
2025-05-12 00:00:00;SO778046;C0027;CS003;475;2025-06-23 00:00:00;2025-06-21 00:00:00;2025-05-20 00:00:00;2025-05-18 00:00:00
2025-05-12 00:00:00;SO778046;C0027;AS004;945;2025-06-23 00:00:00;2025-06-14 00:00:00;2025-05-20 00:00:00;2025-05-11 00:00:00
2025-05-12 00:00:00;SO352126;C0030;VS001;579;2025-07-14 00:00:00;2025-07-24 00:00:00;2025-05-20 00:00:00;2025-05-30 00:00:00
2025-05-12 00:00:00;SO778046;C0027;AT002;1030;2025-06-23 00:00:00;2025-06-28 00:00:00;2025-05-20 00:00:00;2025-05-25 00:00:00
2025-05-12 00:00:00;SO352126;C0030;AL002;1052;2025-07-14 00:00:00;2025-07-18 00:00:00;2025-05-20 00:00:00;2025-05-24 00:00:00
2025-05-12 00:00:00;SO352126;C0030;VS003;615;2025-07-14 00:00:00;2025-07-12 00:00:00;2025-05-20 00:00:00;2025-05-18 00:00:00
2025-05-12 00:00:00;SO272627;C0001;AT002;752;2025-06-09 00:00:00;2025-06-01 00:00:00;2025-05-14 00:00:00;2025-05-06 00:00:00
2025-05-12 00:00:00;SO272627;C0001;CL002;1033;2025-06-09 00:00:00;2025-06-12 00:00:00;2025-05-14 00:00:00;2025-05-17 00:00:00
2025-05-12 00:00:00;SO352126;C0030;AT002;824;2025-07-14 00:00:00;2025-07-11 00:00:00;2025-05-20 00:00:00;2025-05-17 00:00:00
2025-05-13 00:00:00;SO716958;C0002;VS004;1067;2025-06-17 00:00:00;2025-06-09 00:00:00;2025-05-15 00:00:00;2025-05-07 00:00:00
2025-05-13 00:00:00;SO242272;C0017;VS003;799;2025-07-08 00:00:00;2025-07-12 00:00:00;2025-05-17 00:00:00;2025-05-21 00:00:00
2025-05-13 00:00:00;SO242272;C0017;AS001;721;2025-07-08 00:00:00;2025-07-18 00:00:00;2025-05-17 00:00:00;2025-05-27 00:00:00
2025-05-13 00:00:00;SO242272;C0017;CL001;527;2025-07-08 00:00:00;2025-07-10 00:00:00;2025-05-17 00:00:00;2025-05-19 00:00:00
2025-05-13 00:00:00;SO242272;C0017;CT003;1308;2025-07-08 00:00:00;2025-07-17 00:00:00;2025-05-17 00:00:00;2025-05-26 00:00:00
2025-05-13 00:00:00;SO716958;C0002;VS003;971;2025-06-17 00:00:00;2025-06-11 00:00:00;2025-05-15 00:00:00;2025-05-09 00:00:00
2025-05-13 00:00:00;SO716958;C0002;CL001;657;2025-06-17 00:00:00;2025-06-10 00:00:00;2025-05-15 00:00:00;2025-05-08 00:00:00
2025-05-13 00:00:00;SO716958;C0002;AS001;1384;2025-06-17 00:00:00;2025-06-17 00:00:00;2025-05-15 00:00:00;2025-05-15 00:00:00
2025-05-13 00:00:00;SO242272;C0017;AL002;1143;2025-07-08 00:00:00;2025-07-11 00:00:00;2025-05-17 00:00:00;2025-05-20 00:00:00
2025-05-13 00:00:00;SO716958;C0002;AL001;938;2025-06-17 00:00:00;2025-06-16 00:00:00;2025-05-15 00:00:00;2025-05-14 00:00:00
2025-05-13 00:00:00;SO242272;C0017;AL001;379;2025-07-08 00:00:00;2025-07-01 00:00:00;2025-05-17 00:00:00;2025-05-10 00:00:00
2025-05-13 00:00:00;SO716958;C0002;VS001;516;2025-06-17 00:00:00;2025-06-14 00:00:00;2025-05-15 00:00:00;2025-05-12 00:00:00
2025-05-14 00:00:00;SO790554;C0003;CS001;417;2025-06-25 00:00:00;2025-06-29 00:00:00;2025-05-16 00:00:00;2025-05-20 00:00:00
2025-05-14 00:00:00;SO913093;C0002;AL001;1046;2025-06-18 00:00:00;2025-06-09 00:00:00;2025-05-16 00:00:00;2025-05-07 00:00:00
2025-05-14 00:00:00;SO964261;C0023;VS003;1278;2025-06-18 00:00:00;2025-06-10 00:00:00;2025-05-18 00:00:00;2025-05-10 00:00:00
2025-05-14 00:00:00;SO913093;C0002;CL001;712;2025-06-18 00:00:00;2025-06-15 00:00:00;2025-05-16 00:00:00;2025-05-13 00:00:00
2025-05-14 00:00:00;SO790554;C0003;VS004;412;2025-06-25 00:00:00;2025-06-28 00:00:00;2025-05-16 00:00:00;2025-05-19 00:00:00
2025-05-14 00:00:00;SO790554;C0003;CS003;436;2025-06-25 00:00:00;2025-06-28 00:00:00;2025-05-16 00:00:00;2025-05-19 00:00:00
2025-05-14 00:00:00;SO913093;C0002;AT001;494;2025-06-18 00:00:00;2025-06-11 00:00:00;2025-05-16 00:00:00;2025-05-09 00:00:00
2025-05-14 00:00:00;SO790554;C0003;VS001;675;2025-06-25 00:00:00;2025-07-03 00:00:00;2025-05-16 00:00:00;2025-05-24 00:00:00
2025-05-14 00:00:00;SO790554;C0003;CL002;343;2025-06-25 00:00:00;2025-06-30 00:00:00;2025-05-16 00:00:00;2025-05-21 00:00:00
2025-05-14 00:00:00;SO964261;C0023;AS001;1348;2025-06-18 00:00:00;2025-06-28 00:00:00;2025-05-18 00:00:00;2025-05-28 00:00:00
2025-05-14 00:00:00;SO790554;C0003;CL001;352;2025-06-25 00:00:00;2025-06-29 00:00:00;2025-05-16 00:00:00;2025-05-20 00:00:00
2025-05-14 00:00:00;SO964261;C0023;CS001;935;2025-06-18 00:00:00;2025-06-19 00:00:00;2025-05-18 00:00:00;2025-05-19 00:00:00
2025-05-14 00:00:00;SO913093;C0002;AS002;780;2025-06-18 00:00:00;2025-06-16 00:00:00;2025-05-16 00:00:00;2025-05-14 00:00:00
2025-05-14 00:00:00;SO913093;C0002;AL002;644;2025-06-18 00:00:00;2025-06-18 00:00:00;2025-05-16 00:00:00;2025-05-16 00:00:00
2025-05-14 00:00:00;SO913093;C0002;AS004;436;2025-06-18 00:00:00;2025-06-23 00:00:00;2025-05-16 00:00:00;2025-05-21 00:00:00
2025-05-14 00:00:00;SO790554;C0003;AT002;1033;2025-06-25 00:00:00;2025-06-24 00:00:00;2025-05-16 00:00:00;2025-05-15 00:00:00
2025-05-14 00:00:00;SO913093;C0002;CS001;987;2025-06-18 00:00:00;2025-06-19 00:00:00;2025-05-16 00:00:00;2025-05-17 00:00:00
2025-05-14 00:00:00;SO913093;C0002;CL002;609;2025-06-18 00:00:00;2025-06-14 00:00:00;2025-05-16 00:00:00;2025-05-12 00:00:00
2025-05-14 00:00:00;SO913093;C0002;AS001;703;2025-06-18 00:00:00;2025-06-11 00:00:00;2025-05-16 00:00:00;2025-05-09 00:00:00
2025-05-15 00:00:00;SO687637;C0020;VS003;916;2025-07-10 00:00:00;2025-07-04 00:00:00;2025-05-19 00:00:00;2025-05-13 00:00:00
2025-05-15 00:00:00;SO992008;C0006;AS001;569;2025-07-17 00:00:00;2025-07-21 00:00:00;2025-05-17 00:00:00;2025-05-21 00:00:00
2025-05-15 00:00:00;SO687637;C0020;CS003;634;2025-07-10 00:00:00;2025-07-18 00:00:00;2025-05-19 00:00:00;2025-05-27 00:00:00
2025-05-15 00:00:00;SO992008;C0006;AS004;911;2025-07-17 00:00:00;2025-07-14 00:00:00;2025-05-17 00:00:00;2025-05-14 00:00:00
2025-05-15 00:00:00;SO687637;C0020;AT001;459;2025-07-10 00:00:00;2025-07-13 00:00:00;2025-05-19 00:00:00;2025-05-22 00:00:00
2025-05-15 00:00:00;SO687637;C0020;CT003;712;2025-07-10 00:00:00;2025-07-19 00:00:00;2025-05-19 00:00:00;2025-05-28 00:00:00
2025-05-15 00:00:00;SO687637;C0020;VS001;795;2025-07-10 00:00:00;2025-07-04 00:00:00;2025-05-19 00:00:00;2025-05-13 00:00:00
2025-05-15 00:00:00;SO992008;C0006;VS003;439;2025-07-17 00:00:00;2025-07-09 00:00:00;2025-05-17 00:00:00;2025-05-09 00:00:00
2025-05-15 00:00:00;SO992008;C0006;AS002;916;2025-07-17 00:00:00;2025-07-13 00:00:00;2025-05-17 00:00:00;2025-05-13 00:00:00
2025-05-15 00:00:00;SO687637;C0020;VS004;1231;2025-07-10 00:00:00;2025-07-06 00:00:00;2025-05-19 00:00:00;2025-05-15 00:00:00
2025-05-15 00:00:00;SO687637;C0020;CL002;1099;2025-07-10 00:00:00;2025-07-05 00:00:00;2025-05-19 00:00:00;2025-05-14 00:00:00
2025-05-15 00:00:00;SO992008;C0006;AL001;975;2025-07-17 00:00:00;2025-07-15 00:00:00;2025-05-17 00:00:00;2025-05-15 00:00:00
2025-05-15 00:00:00;SO687637;C0020;AL002;668;2025-07-10 00:00:00;2025-07-10 00:00:00;2025-05-19 00:00:00;2025-05-19 00:00:00
2025-05-15 00:00:00;SO992008;C0006;AT001;900;2025-07-17 00:00:00;2025-07-15 00:00:00;2025-05-17 00:00:00;2025-05-15 00:00:00
2025-05-15 00:00:00;SO687637;C0020;CS001;965;2025-07-10 00:00:00;2025-07-13 00:00:00;2025-05-19 00:00:00;2025-05-22 00:00:00
2025-05-15 00:00:00;SO992008;C0006;CS001;868;2025-07-17 00:00:00;2025-07-08 00:00:00;2025-05-17 00:00:00;2025-05-08 00:00:00
2025-05-15 00:00:00;SO687637;C0020;AS002;956;2025-07-10 00:00:00;2025-07-12 00:00:00;2025-05-19 00:00:00;2025-05-21 00:00:00
2025-05-15 00:00:00;SO687637;C0020;AL001;1182;2025-07-10 00:00:00;2025-07-13 00:00:00;2025-05-19 00:00:00;2025-05-22 00:00:00
2025-05-15 00:00:00;SO687637;C0020;CL001;443;2025-07-10 00:00:00;2025-07-17 00:00:00;2025-05-19 00:00:00;2025-05-26 00:00:00
2025-05-15 00:00:00;SO992008;C0006;CT003;648;2025-07-17 00:00:00;2025-07-25 00:00:00;2025-05-17 00:00:00;2025-05-25 00:00:00
2025-05-16 00:00:00;SO553489;C0005;CS001;572;2025-07-11 00:00:00;2025-07-20 00:00:00;2025-05-18 00:00:00;2025-05-27 00:00:00
2025-05-16 00:00:00;SO389482;C0023;AL001;823;2025-06-20 00:00:00;2025-06-23 00:00:00;2025-05-20 00:00:00;2025-05-23 00:00:00
2025-05-16 00:00:00;SO770850;C0020;AS001;630;2025-07-11 00:00:00;2025-07-09 00:00:00;2025-05-20 00:00:00;2025-05-18 00:00:00
2025-05-16 00:00:00;SO553489;C0005;AL002;787;2025-07-11 00:00:00;2025-07-16 00:00:00;2025-05-18 00:00:00;2025-05-23 00:00:00
2025-05-16 00:00:00;SO770850;C0020;AT002;792;2025-07-11 00:00:00;2025-07-15 00:00:00;2025-05-20 00:00:00;2025-05-24 00:00:00
2025-05-16 00:00:00;SO389482;C0023;CT003;875;2025-06-20 00:00:00;2025-06-17 00:00:00;2025-05-20 00:00:00;2025-05-17 00:00:00
2025-05-16 00:00:00;SO553489;C0005;CL001;479;2025-07-11 00:00:00;2025-07-16 00:00:00;2025-05-18 00:00:00;2025-05-23 00:00:00
2025-05-16 00:00:00;SO553489;C0005;CT003;331;2025-07-11 00:00:00;2025-07-09 00:00:00;2025-05-18 00:00:00;2025-05-16 00:00:00
2025-05-16 00:00:00;SO553489;C0005;VS003;1071;2025-07-11 00:00:00;2025-07-07 00:00:00;2025-05-18 00:00:00;2025-05-14 00:00:00
2025-05-16 00:00:00;SO770850;C0020;CS003;938;2025-07-11 00:00:00;2025-07-03 00:00:00;2025-05-20 00:00:00;2025-05-12 00:00:00
2025-05-16 00:00:00;SO389482;C0023;VS003;901;2025-06-20 00:00:00;2025-06-30 00:00:00;2025-05-20 00:00:00;2025-05-30 00:00:00
2025-05-16 00:00:00;SO553489;C0005;VS001;852;2025-07-11 00:00:00;2025-07-18 00:00:00;2025-05-18 00:00:00;2025-05-25 00:00:00
2025-05-16 00:00:00;SO553489;C0005;CL002;1037;2025-07-11 00:00:00;2025-07-07 00:00:00;2025-05-18 00:00:00;2025-05-14 00:00:00
2025-05-16 00:00:00;SO553489;C0005;AS002;1113;2025-07-11 00:00:00;2025-07-14 00:00:00;2025-05-18 00:00:00;2025-05-21 00:00:00
2025-05-16 00:00:00;SO770850;C0020;AS002;760;2025-07-11 00:00:00;2025-07-06 00:00:00;2025-05-20 00:00:00;2025-05-15 00:00:00
2025-05-16 00:00:00;SO389482;C0023;AT002;550;2025-06-20 00:00:00;2025-06-13 00:00:00;2025-05-20 00:00:00;2025-05-13 00:00:00
2025-05-19 00:00:00;SO820770;C0005;VS003;928;2025-07-14 00:00:00;2025-07-20 00:00:00;2025-05-21 00:00:00;2025-05-27 00:00:00
2025-05-19 00:00:00;SO162084;C0020;VS004;875;2025-07-14 00:00:00;2025-07-20 00:00:00;2025-05-23 00:00:00;2025-05-29 00:00:00
2025-05-19 00:00:00;SO425774;C0019;AL001;859;2025-07-21 00:00:00;2025-07-23 00:00:00;2025-05-23 00:00:00;2025-05-25 00:00:00
2025-05-19 00:00:00;SO396587;C0011;VS004;326;2025-06-23 00:00:00;2025-06-20 00:00:00;2025-05-22 00:00:00;2025-05-19 00:00:00
2025-05-19 00:00:00;SO820770;C0005;AS001;1057;2025-07-14 00:00:00;2025-07-04 00:00:00;2025-05-21 00:00:00;2025-05-11 00:00:00
2025-05-19 00:00:00;SO820770;C0005;AT002;553;2025-07-14 00:00:00;2025-07-15 00:00:00;2025-05-21 00:00:00;2025-05-22 00:00:00
2025-05-19 00:00:00;SO820770;C0005;CT003;883;2025-07-14 00:00:00;2025-07-07 00:00:00;2025-05-21 00:00:00;2025-05-14 00:00:00
2025-05-19 00:00:00;SO162084;C0020;AS002;516;2025-07-14 00:00:00;2025-07-14 00:00:00;2025-05-23 00:00:00;2025-05-23 00:00:00
2025-05-19 00:00:00;SO396587;C0011;CS003;950;2025-06-23 00:00:00;2025-06-18 00:00:00;2025-05-22 00:00:00;2025-05-17 00:00:00
2025-05-19 00:00:00;SO425774;C0019;CL001;352;2025-07-21 00:00:00;2025-07-22 00:00:00;2025-05-23 00:00:00;2025-05-24 00:00:00
2025-05-19 00:00:00;SO425774;C0019;CS003;1058;2025-07-21 00:00:00;2025-07-25 00:00:00;2025-05-23 00:00:00;2025-05-27 00:00:00
2025-05-19 00:00:00;SO162084;C0020;AS001;328;2025-07-14 00:00:00;2025-07-24 00:00:00;2025-05-23 00:00:00;2025-06-02 00:00:00
2025-05-19 00:00:00;SO396587;C0011;AT001;961;2025-06-23 00:00:00;2025-06-29 00:00:00;2025-05-22 00:00:00;2025-05-28 00:00:00
2025-05-19 00:00:00;SO425774;C0019;VS003;822;2025-07-21 00:00:00;2025-07-15 00:00:00;2025-05-23 00:00:00;2025-05-17 00:00:00
2025-05-20 00:00:00;SO939683;C0013;AS002;1236;2025-06-17 00:00:00;2025-06-21 00:00:00;2025-05-24 00:00:00;2025-05-28 00:00:00
2025-05-20 00:00:00;SO177136;C0011;AT002;638;2025-06-24 00:00:00;2025-06-28 00:00:00;2025-05-23 00:00:00;2025-05-27 00:00:00
2025-05-20 00:00:00;SO530929;C0021;CS003;911;2025-06-03 00:00:00;2025-06-11 00:00:00;2025-05-24 00:00:00;2025-06-01 00:00:00
2025-05-20 00:00:00;SO530929;C0021;VS001;428;2025-06-03 00:00:00;2025-06-03 00:00:00;2025-05-24 00:00:00;2025-05-24 00:00:00
2025-05-20 00:00:00;SO530929;C0021;AT002;566;2025-06-03 00:00:00;2025-06-12 00:00:00;2025-05-24 00:00:00;2025-06-02 00:00:00
2025-05-20 00:00:00;SO939683;C0013;VS003;661;2025-06-17 00:00:00;2025-06-17 00:00:00;2025-05-24 00:00:00;2025-05-24 00:00:00
2025-05-20 00:00:00;SO939683;C0013;CL001;950;2025-06-17 00:00:00;2025-06-12 00:00:00;2025-05-24 00:00:00;2025-05-19 00:00:00
2025-05-20 00:00:00;SO939683;C0013;CS003;823;2025-06-17 00:00:00;2025-06-07 00:00:00;2025-05-24 00:00:00;2025-05-14 00:00:00
2025-05-20 00:00:00;SO939683;C0013;CT003;908;2025-06-17 00:00:00;2025-06-19 00:00:00;2025-05-24 00:00:00;2025-05-26 00:00:00
2025-05-20 00:00:00;SO530929;C0021;AS002;834;2025-06-03 00:00:00;2025-06-07 00:00:00;2025-05-24 00:00:00;2025-05-28 00:00:00
2025-05-20 00:00:00;SO530929;C0021;CT003;865;2025-06-03 00:00:00;2025-06-05 00:00:00;2025-05-24 00:00:00;2025-05-26 00:00:00
2025-05-20 00:00:00;SO939683;C0013;AS004;909;2025-06-17 00:00:00;2025-06-12 00:00:00;2025-05-24 00:00:00;2025-05-19 00:00:00
2025-05-20 00:00:00;SO177136;C0011;AT001;562;2025-06-24 00:00:00;2025-06-27 00:00:00;2025-05-23 00:00:00;2025-05-26 00:00:00
2025-05-20 00:00:00;SO177136;C0011;AL001;633;2025-06-24 00:00:00;2025-06-16 00:00:00;2025-05-23 00:00:00;2025-05-15 00:00:00
2025-05-20 00:00:00;SO939683;C0013;VS004;553;2025-06-17 00:00:00;2025-06-22 00:00:00;2025-05-24 00:00:00;2025-05-29 00:00:00
2025-05-20 00:00:00;SO939683;C0013;CL002;633;2025-06-17 00:00:00;2025-06-14 00:00:00;2025-05-24 00:00:00;2025-05-21 00:00:00
2025-05-20 00:00:00;SO530929;C0021;AT001;450;2025-06-03 00:00:00;2025-06-08 00:00:00;2025-05-24 00:00:00;2025-05-29 00:00:00
2025-05-20 00:00:00;SO530929;C0021;VS003;771;2025-06-03 00:00:00;2025-06-03 00:00:00;2025-05-24 00:00:00;2025-05-24 00:00:00
2025-05-20 00:00:00;SO177136;C0011;AS004;1201;2025-06-24 00:00:00;2025-06-15 00:00:00;2025-05-23 00:00:00;2025-05-14 00:00:00
2025-05-21 00:00:00;SO909542;C0003;CT003;591;2025-07-02 00:00:00;2025-06-27 00:00:00;2025-05-23 00:00:00;2025-05-18 00:00:00
2025-05-21 00:00:00;SO908084;C0009;VS001;884;2025-06-04 00:00:00;2025-06-13 00:00:00;2025-05-24 00:00:00;2025-06-02 00:00:00
2025-05-21 00:00:00;SO908084;C0009;CS003;874;2025-06-04 00:00:00;2025-06-04 00:00:00;2025-05-24 00:00:00;2025-05-24 00:00:00
2025-05-21 00:00:00;SO909542;C0003;AT001;925;2025-07-02 00:00:00;2025-06-30 00:00:00;2025-05-23 00:00:00;2025-05-21 00:00:00
2025-05-21 00:00:00;SO908084;C0009;CL001;337;2025-06-04 00:00:00;2025-05-26 00:00:00;2025-05-24 00:00:00;2025-05-15 00:00:00
2025-05-21 00:00:00;SO909542;C0003;CL001;705;2025-07-02 00:00:00;2025-06-24 00:00:00;2025-05-23 00:00:00;2025-05-15 00:00:00
2025-05-21 00:00:00;SO909542;C0003;CL002;459;2025-07-02 00:00:00;2025-06-22 00:00:00;2025-05-23 00:00:00;2025-05-13 00:00:00
2025-05-21 00:00:00;SO909542;C0003;AT002;516;2025-07-02 00:00:00;2025-06-30 00:00:00;2025-05-23 00:00:00;2025-05-21 00:00:00
2025-05-21 00:00:00;SO908084;C0009;AL001;615;2025-06-04 00:00:00;2025-06-13 00:00:00;2025-05-24 00:00:00;2025-06-02 00:00:00
2025-05-21 00:00:00;SO908084;C0009;VS003;1297;2025-06-04 00:00:00;2025-05-27 00:00:00;2025-05-24 00:00:00;2025-05-16 00:00:00
2025-05-21 00:00:00;SO909542;C0003;AS004;551;2025-07-02 00:00:00;2025-07-07 00:00:00;2025-05-23 00:00:00;2025-05-28 00:00:00
2025-05-21 00:00:00;SO908084;C0009;CL002;845;2025-06-04 00:00:00;2025-06-08 00:00:00;2025-05-24 00:00:00;2025-05-28 00:00:00
2025-05-21 00:00:00;SO909542;C0003;CS001;749;2025-07-02 00:00:00;2025-07-07 00:00:00;2025-05-23 00:00:00;2025-05-28 00:00:00
2025-05-21 00:00:00;SO909542;C0003;VS004;1064;2025-07-02 00:00:00;2025-07-12 00:00:00;2025-05-23 00:00:00;2025-06-02 00:00:00
2025-05-21 00:00:00;SO909542;C0003;AS002;857;2025-07-02 00:00:00;2025-06-28 00:00:00;2025-05-23 00:00:00;2025-05-19 00:00:00
2025-05-21 00:00:00;SO908084;C0009;AS001;1389;2025-06-04 00:00:00;2025-06-13 00:00:00;2025-05-24 00:00:00;2025-06-02 00:00:00
2025-05-21 00:00:00;SO908084;C0009;CS001;675;2025-06-04 00:00:00;2025-05-29 00:00:00;2025-05-24 00:00:00;2025-05-18 00:00:00
2025-05-21 00:00:00;SO908084;C0009;AS004;644;2025-06-04 00:00:00;2025-06-09 00:00:00;2025-05-24 00:00:00;2025-05-29 00:00:00
2025-05-22 00:00:00;SO321003;C0025;AL002;664;2025-06-19 00:00:00;2025-06-19 00:00:00;2025-05-30 00:00:00;2025-05-30 00:00:00
2025-05-22 00:00:00;SO441905;C0022;AL002;644;2025-07-03 00:00:00;2025-07-04 00:00:00;2025-05-26 00:00:00;2025-05-27 00:00:00
2025-05-22 00:00:00;SO251552;C0005;AS002;985;2025-07-17 00:00:00;2025-07-13 00:00:00;2025-05-24 00:00:00;2025-05-20 00:00:00
2025-05-22 00:00:00;SO166362;C0020;AS002;633;2025-07-17 00:00:00;2025-07-22 00:00:00;2025-05-26 00:00:00;2025-05-31 00:00:00
2025-05-22 00:00:00;SO251552;C0005;AL002;644;2025-07-17 00:00:00;2025-07-22 00:00:00;2025-05-24 00:00:00;2025-05-29 00:00:00
2025-05-22 00:00:00;SO321003;C0025;AS002;1080;2025-06-19 00:00:00;2025-06-27 00:00:00;2025-05-30 00:00:00;2025-06-07 00:00:00
2025-05-22 00:00:00;SO166362;C0020;VS004;517;2025-07-17 00:00:00;2025-07-27 00:00:00;2025-05-26 00:00:00;2025-06-05 00:00:00
2025-05-22 00:00:00;SO251552;C0005;AS001;375;2025-07-17 00:00:00;2025-07-15 00:00:00;2025-05-24 00:00:00;2025-05-22 00:00:00
2025-05-22 00:00:00;SO251552;C0005;CT003;903;2025-07-17 00:00:00;2025-07-27 00:00:00;2025-05-24 00:00:00;2025-06-03 00:00:00
2025-05-22 00:00:00;SO321003;C0025;CS003;1309;2025-06-19 00:00:00;2025-06-10 00:00:00;2025-05-30 00:00:00;2025-05-21 00:00:00
2025-05-22 00:00:00;SO251552;C0005;VS004;430;2025-07-17 00:00:00;2025-07-27 00:00:00;2025-05-24 00:00:00;2025-06-03 00:00:00
2025-05-22 00:00:00;SO441905;C0022;VS001;354;2025-07-03 00:00:00;2025-06-24 00:00:00;2025-05-26 00:00:00;2025-05-17 00:00:00
2025-05-22 00:00:00;SO441905;C0022;CS003;443;2025-07-03 00:00:00;2025-06-26 00:00:00;2025-05-26 00:00:00;2025-05-19 00:00:00
2025-05-22 00:00:00;SO441905;C0022;CL001;1108;2025-07-03 00:00:00;2025-06-23 00:00:00;2025-05-26 00:00:00;2025-05-16 00:00:00
2025-05-22 00:00:00;SO321003;C0025;CT003;890;2025-06-19 00:00:00;2025-06-12 00:00:00;2025-05-30 00:00:00;2025-05-23 00:00:00
2025-05-22 00:00:00;SO166362;C0020;VS001;419;2025-07-17 00:00:00;2025-07-16 00:00:00;2025-05-26 00:00:00;2025-05-25 00:00:00
2025-05-22 00:00:00;SO441905;C0022;VS003;1113;2025-07-03 00:00:00;2025-07-06 00:00:00;2025-05-26 00:00:00;2025-05-29 00:00:00
2025-05-22 00:00:00;SO166362;C0020;CS003;338;2025-07-17 00:00:00;2025-07-20 00:00:00;2025-05-26 00:00:00;2025-05-29 00:00:00
2025-05-23 00:00:00;SO528222;C0022;CL002;1025;2025-07-04 00:00:00;2025-07-13 00:00:00;2025-05-27 00:00:00;2025-06-05 00:00:00
2025-05-23 00:00:00;SO950720;C0030;CS003;864;2025-07-25 00:00:00;2025-07-21 00:00:00;2025-05-31 00:00:00;2025-05-27 00:00:00
2025-05-23 00:00:00;SO950720;C0030;VS004;373;2025-07-25 00:00:00;2025-08-04 00:00:00;2025-05-31 00:00:00;2025-06-10 00:00:00
2025-05-23 00:00:00;SO950720;C0030;AS002;869;2025-07-25 00:00:00;2025-08-03 00:00:00;2025-05-31 00:00:00;2025-06-09 00:00:00
2025-05-23 00:00:00;SO528222;C0022;VS004;972;2025-07-04 00:00:00;2025-06-30 00:00:00;2025-05-27 00:00:00;2025-05-23 00:00:00
2025-05-23 00:00:00;SO528222;C0022;AS002;959;2025-07-04 00:00:00;2025-07-14 00:00:00;2025-05-27 00:00:00;2025-06-06 00:00:00
2025-05-23 00:00:00;SO528222;C0022;VS003;499;2025-07-04 00:00:00;2025-06-30 00:00:00;2025-05-27 00:00:00;2025-05-23 00:00:00
2025-05-23 00:00:00;SO950720;C0030;AT001;618;2025-07-25 00:00:00;2025-07-16 00:00:00;2025-05-31 00:00:00;2025-05-22 00:00:00
2025-05-23 00:00:00;SO528222;C0022;VS001;1297;2025-07-04 00:00:00;2025-07-13 00:00:00;2025-05-27 00:00:00;2025-06-05 00:00:00
2025-05-23 00:00:00;SO950720;C0030;CL001;1048;2025-07-25 00:00:00;2025-07-24 00:00:00;2025-05-31 00:00:00;2025-05-30 00:00:00
2025-05-23 00:00:00;SO950720;C0030;AL001;1171;2025-07-25 00:00:00;2025-07-25 00:00:00;2025-05-31 00:00:00;2025-05-31 00:00:00
2025-05-23 00:00:00;SO528222;C0022;CT003;417;2025-07-04 00:00:00;2025-07-08 00:00:00;2025-05-27 00:00:00;2025-05-31 00:00:00
2025-05-23 00:00:00;SO528222;C0022;AL002;647;2025-07-04 00:00:00;2025-07-12 00:00:00;2025-05-27 00:00:00;2025-06-04 00:00:00
2025-05-26 00:00:00;SO887856;C0017;AL002;1135;2025-07-21 00:00:00;2025-07-26 00:00:00;2025-05-30 00:00:00;2025-06-04 00:00:00
2025-05-26 00:00:00;SO370879;C0026;AL001;553;2025-06-30 00:00:00;2025-07-06 00:00:00;2025-06-03 00:00:00;2025-06-09 00:00:00
2025-05-26 00:00:00;SO887856;C0017;AS001;935;2025-07-21 00:00:00;2025-07-28 00:00:00;2025-05-30 00:00:00;2025-06-06 00:00:00
2025-05-26 00:00:00;SO887856;C0017;CL001;901;2025-07-21 00:00:00;2025-07-27 00:00:00;2025-05-30 00:00:00;2025-06-05 00:00:00
2025-05-26 00:00:00;SO887856;C0017;CT003;803;2025-07-21 00:00:00;2025-07-28 00:00:00;2025-05-30 00:00:00;2025-06-06 00:00:00
2025-05-26 00:00:00;SO370879;C0026;VS004;618;2025-06-30 00:00:00;2025-06-29 00:00:00;2025-06-03 00:00:00;2025-06-02 00:00:00
2025-05-26 00:00:00;SO370879;C0026;AL002;1042;2025-06-30 00:00:00;2025-06-21 00:00:00;2025-06-03 00:00:00;2025-05-25 00:00:00
2025-05-26 00:00:00;SO370879;C0026;AT002;1008;2025-06-30 00:00:00;2025-06-23 00:00:00;2025-06-03 00:00:00;2025-05-27 00:00:00
2025-05-26 00:00:00;SO370879;C0026;CS003;1090;2025-06-30 00:00:00;2025-06-28 00:00:00;2025-06-03 00:00:00;2025-06-01 00:00:00
2025-05-26 00:00:00;SO887856;C0017;CS003;482;2025-07-21 00:00:00;2025-07-28 00:00:00;2025-05-30 00:00:00;2025-06-06 00:00:00
2025-05-26 00:00:00;SO887856;C0017;VS001;1049;2025-07-21 00:00:00;2025-07-22 00:00:00;2025-05-30 00:00:00;2025-05-31 00:00:00
2025-05-26 00:00:00;SO887856;C0017;VS003;852;2025-07-21 00:00:00;2025-07-21 00:00:00;2025-05-30 00:00:00;2025-05-30 00:00:00
2025-05-26 00:00:00;SO887856;C0017;VS004;890;2025-07-21 00:00:00;2025-07-18 00:00:00;2025-05-30 00:00:00;2025-05-27 00:00:00
2025-05-26 00:00:00;SO887856;C0017;CS001;931;2025-07-21 00:00:00;2025-07-26 00:00:00;2025-05-30 00:00:00;2025-06-04 00:00:00
2025-05-26 00:00:00;SO370879;C0026;AS004;676;2025-06-30 00:00:00;2025-06-28 00:00:00;2025-06-03 00:00:00;2025-06-01 00:00:00
2025-05-26 00:00:00;SO887856;C0017;AL001;1190;2025-07-21 00:00:00;2025-07-26 00:00:00;2025-05-30 00:00:00;2025-06-04 00:00:00
2025-05-27 00:00:00;SO348239;C0007;AS001;997;2025-07-29 00:00:00;2025-08-04 00:00:00;2025-05-30 00:00:00;2025-06-05 00:00:00
2025-05-27 00:00:00;SO418420;C0009;VS001;1098;2025-06-10 00:00:00;2025-06-17 00:00:00;2025-05-30 00:00:00;2025-06-06 00:00:00
2025-05-27 00:00:00;SO587898;C0019;AL002;399;2025-07-29 00:00:00;2025-08-05 00:00:00;2025-05-31 00:00:00;2025-06-07 00:00:00
2025-05-27 00:00:00;SO418420;C0009;CT003;609;2025-06-10 00:00:00;2025-06-10 00:00:00;2025-05-30 00:00:00;2025-05-30 00:00:00
2025-05-27 00:00:00;SO418420;C0009;AS004;873;2025-06-10 00:00:00;2025-06-20 00:00:00;2025-05-30 00:00:00;2025-06-09 00:00:00
2025-05-27 00:00:00;SO587898;C0019;CS001;1307;2025-07-29 00:00:00;2025-07-28 00:00:00;2025-05-31 00:00:00;2025-05-30 00:00:00
2025-05-27 00:00:00;SO587898;C0019;AS001;1076;2025-07-29 00:00:00;2025-08-08 00:00:00;2025-05-31 00:00:00;2025-06-10 00:00:00
2025-05-27 00:00:00;SO587898;C0019;AT002;944;2025-07-29 00:00:00;2025-07-22 00:00:00;2025-05-31 00:00:00;2025-05-24 00:00:00
2025-05-27 00:00:00;SO348239;C0007;AL001;1010;2025-07-29 00:00:00;2025-07-30 00:00:00;2025-05-30 00:00:00;2025-05-31 00:00:00
2025-05-27 00:00:00;SO587898;C0019;AT001;327;2025-07-29 00:00:00;2025-08-07 00:00:00;2025-05-31 00:00:00;2025-06-09 00:00:00
2025-05-27 00:00:00;SO418420;C0009;AT001;587;2025-06-10 00:00:00;2025-06-13 00:00:00;2025-05-30 00:00:00;2025-06-02 00:00:00
2025-05-27 00:00:00;SO348239;C0007;CS001;689;2025-07-29 00:00:00;2025-07-23 00:00:00;2025-05-30 00:00:00;2025-05-24 00:00:00
2025-05-27 00:00:00;SO348239;C0007;AS002;1016;2025-07-29 00:00:00;2025-07-22 00:00:00;2025-05-30 00:00:00;2025-05-23 00:00:00
2025-05-27 00:00:00;SO348239;C0007;CS003;826;2025-07-29 00:00:00;2025-08-03 00:00:00;2025-05-30 00:00:00;2025-06-04 00:00:00
2025-05-27 00:00:00;SO587898;C0019;AS002;1066;2025-07-29 00:00:00;2025-07-23 00:00:00;2025-05-31 00:00:00;2025-05-25 00:00:00
2025-05-27 00:00:00;SO418420;C0009;AL002;553;2025-06-10 00:00:00;2025-06-04 00:00:00;2025-05-30 00:00:00;2025-05-24 00:00:00
2025-05-27 00:00:00;SO348239;C0007;AS004;507;2025-07-29 00:00:00;2025-08-04 00:00:00;2025-05-30 00:00:00;2025-06-05 00:00:00
2025-05-27 00:00:00;SO587898;C0019;CT003;494;2025-07-29 00:00:00;2025-07-28 00:00:00;2025-05-31 00:00:00;2025-05-30 00:00:00
2025-05-28 00:00:00;SO943086;C0005;AS001;540;2025-07-23 00:00:00;2025-07-16 00:00:00;2025-05-30 00:00:00;2025-05-23 00:00:00
2025-05-28 00:00:00;SO163001;C0026;CL001;831;2025-07-02 00:00:00;2025-06-22 00:00:00;2025-06-05 00:00:00;2025-05-26 00:00:00
2025-05-28 00:00:00;SO875841;C0016;AS004;1088;2025-06-11 00:00:00;2025-06-01 00:00:00;2025-06-01 00:00:00;2025-05-22 00:00:00
2025-05-28 00:00:00;SO571770;C0010;VS003;1033;2025-07-09 00:00:00;2025-07-02 00:00:00;2025-05-31 00:00:00;2025-05-24 00:00:00
2025-05-28 00:00:00;SO163001;C0026;VS004;709;2025-07-02 00:00:00;2025-06-22 00:00:00;2025-06-05 00:00:00;2025-05-26 00:00:00
2025-05-28 00:00:00;SO571770;C0010;AS002;903;2025-07-09 00:00:00;2025-07-07 00:00:00;2025-05-31 00:00:00;2025-05-29 00:00:00
2025-05-28 00:00:00;SO943086;C0005;VS004;466;2025-07-23 00:00:00;2025-07-14 00:00:00;2025-05-30 00:00:00;2025-05-21 00:00:00
2025-05-28 00:00:00;SO571770;C0010;CS003;1122;2025-07-09 00:00:00;2025-07-16 00:00:00;2025-05-31 00:00:00;2025-06-07 00:00:00
2025-05-28 00:00:00;SO571770;C0010;CL002;809;2025-07-09 00:00:00;2025-07-11 00:00:00;2025-05-31 00:00:00;2025-06-02 00:00:00
2025-05-28 00:00:00;SO571770;C0010;AL002;1206;2025-07-09 00:00:00;2025-07-09 00:00:00;2025-05-31 00:00:00;2025-05-31 00:00:00
2025-05-28 00:00:00;SO875841;C0016;CT003;337;2025-06-11 00:00:00;2025-06-05 00:00:00;2025-06-01 00:00:00;2025-05-26 00:00:00
2025-05-28 00:00:00;SO163001;C0026;AS004;507;2025-07-02 00:00:00;2025-06-27 00:00:00;2025-06-05 00:00:00;2025-05-31 00:00:00
2025-05-28 00:00:00;SO943086;C0005;CT003;1066;2025-07-23 00:00:00;2025-07-19 00:00:00;2025-05-30 00:00:00;2025-05-26 00:00:00
2025-05-28 00:00:00;SO875841;C0016;AT002;465;2025-06-11 00:00:00;2025-06-18 00:00:00;2025-06-01 00:00:00;2025-06-08 00:00:00
2025-05-28 00:00:00;SO943086;C0005;CS003;988;2025-07-23 00:00:00;2025-07-13 00:00:00;2025-05-30 00:00:00;2025-05-20 00:00:00
2025-05-28 00:00:00;SO943086;C0005;CS001;486;2025-07-23 00:00:00;2025-07-19 00:00:00;2025-05-30 00:00:00;2025-05-26 00:00:00
2025-05-28 00:00:00;SO163001;C0026;AT002;532;2025-07-02 00:00:00;2025-07-01 00:00:00;2025-06-05 00:00:00;2025-06-04 00:00:00
2025-05-28 00:00:00;SO571770;C0010;AT002;518;2025-07-09 00:00:00;2025-07-06 00:00:00;2025-05-31 00:00:00;2025-05-28 00:00:00
2025-05-29 00:00:00;SO566024;C0029;CT003;1023;2025-07-24 00:00:00;2025-07-21 00:00:00;2025-06-06 00:00:00;2025-06-03 00:00:00
2025-05-29 00:00:00;SO564055;C0015;AL001;787;2025-07-10 00:00:00;2025-07-05 00:00:00;2025-06-02 00:00:00;2025-05-28 00:00:00
2025-05-29 00:00:00;SO564055;C0015;AS002;1063;2025-07-10 00:00:00;2025-07-15 00:00:00;2025-06-02 00:00:00;2025-06-07 00:00:00
2025-05-29 00:00:00;SO566024;C0029;CL001;714;2025-07-24 00:00:00;2025-07-21 00:00:00;2025-06-06 00:00:00;2025-06-03 00:00:00
2025-05-29 00:00:00;SO564055;C0015;CL001;592;2025-07-10 00:00:00;2025-07-10 00:00:00;2025-06-02 00:00:00;2025-06-02 00:00:00
2025-05-29 00:00:00;SO564055;C0015;AS004;834;2025-07-10 00:00:00;2025-07-18 00:00:00;2025-06-02 00:00:00;2025-06-10 00:00:00
2025-05-29 00:00:00;SO564055;C0015;AS001;673;2025-07-10 00:00:00;2025-07-07 00:00:00;2025-06-02 00:00:00;2025-05-30 00:00:00
2025-05-29 00:00:00;SO564055;C0015;AL002;867;2025-07-10 00:00:00;2025-07-09 00:00:00;2025-06-02 00:00:00;2025-06-01 00:00:00
2025-05-29 00:00:00;SO564055;C0015;AT002;905;2025-07-10 00:00:00;2025-07-20 00:00:00;2025-06-02 00:00:00;2025-06-12 00:00:00
2025-05-29 00:00:00;SO566024;C0029;AS004;696;2025-07-24 00:00:00;2025-07-30 00:00:00;2025-06-06 00:00:00;2025-06-12 00:00:00
2025-05-29 00:00:00;SO564055;C0015;CS003;587;2025-07-10 00:00:00;2025-07-07 00:00:00;2025-06-02 00:00:00;2025-05-30 00:00:00
2025-05-29 00:00:00;SO566024;C0029;VS004;758;2025-07-24 00:00:00;2025-07-29 00:00:00;2025-06-06 00:00:00;2025-06-11 00:00:00
2025-05-29 00:00:00;SO564055;C0015;VS001;369;2025-07-10 00:00:00;2025-07-09 00:00:00;2025-06-02 00:00:00;2025-06-01 00:00:00
2025-05-29 00:00:00;SO566024;C0029;CS003;1409;2025-07-24 00:00:00;2025-07-21 00:00:00;2025-06-06 00:00:00;2025-06-03 00:00:00
2025-05-29 00:00:00;SO566024;C0029;AL002;688;2025-07-24 00:00:00;2025-07-21 00:00:00;2025-06-06 00:00:00;2025-06-03 00:00:00
2025-05-29 00:00:00;SO564055;C0015;CL002;755;2025-07-10 00:00:00;2025-07-13 00:00:00;2025-06-02 00:00:00;2025-06-05 00:00:00
2025-05-29 00:00:00;SO564055;C0015;CT003;669;2025-07-10 00:00:00;2025-07-15 00:00:00;2025-06-02 00:00:00;2025-06-07 00:00:00
2025-05-29 00:00:00;SO566024;C0029;CS001;1093;2025-07-24 00:00:00;2025-07-23 00:00:00;2025-06-06 00:00:00;2025-06-05 00:00:00
2025-05-29 00:00:00;SO564055;C0015;AT001;796;2025-07-10 00:00:00;2025-07-04 00:00:00;2025-06-02 00:00:00;2025-05-27 00:00:00
2025-05-29 00:00:00;SO566024;C0029;AS002;637;2025-07-24 00:00:00;2025-08-01 00:00:00;2025-06-06 00:00:00;2025-06-14 00:00:00
2025-05-30 00:00:00;SO299079;C0013;CS003;424;2025-06-27 00:00:00;2025-06-19 00:00:00;2025-06-03 00:00:00;2025-05-26 00:00:00
2025-05-30 00:00:00;SO638480;C0022;CT003;792;2025-07-11 00:00:00;2025-07-06 00:00:00;2025-06-03 00:00:00;2025-05-29 00:00:00
2025-05-30 00:00:00;SO638480;C0022;AL002;393;2025-07-11 00:00:00;2025-07-12 00:00:00;2025-06-03 00:00:00;2025-06-04 00:00:00
2025-05-30 00:00:00;SO299079;C0013;AS001;709;2025-06-27 00:00:00;2025-07-03 00:00:00;2025-06-03 00:00:00;2025-06-09 00:00:00
2025-05-30 00:00:00;SO299079;C0013;VS004;988;2025-06-27 00:00:00;2025-06-29 00:00:00;2025-06-03 00:00:00;2025-06-05 00:00:00
2025-05-30 00:00:00;SO299079;C0013;AL001;332;2025-06-27 00:00:00;2025-06-28 00:00:00;2025-06-03 00:00:00;2025-06-04 00:00:00
2025-05-30 00:00:00;SO638480;C0022;CS003;504;2025-07-11 00:00:00;2025-07-14 00:00:00;2025-06-03 00:00:00;2025-06-06 00:00:00
2025-05-30 00:00:00;SO299079;C0013;AL002;599;2025-06-27 00:00:00;2025-06-17 00:00:00;2025-06-03 00:00:00;2025-05-24 00:00:00
2025-05-30 00:00:00;SO638480;C0022;CL001;802;2025-07-11 00:00:00;2025-07-06 00:00:00;2025-06-03 00:00:00;2025-05-29 00:00:00
2025-05-30 00:00:00;SO299079;C0013;CS001;1052;2025-06-27 00:00:00;2025-06-22 00:00:00;2025-06-03 00:00:00;2025-05-29 00:00:00
2025-05-30 00:00:00;SO638480;C0022;AS002;884;2025-07-11 00:00:00;2025-07-03 00:00:00;2025-06-03 00:00:00;2025-05-26 00:00:00
2025-05-30 00:00:00;SO299079;C0013;AT002;959;2025-06-27 00:00:00;2025-06-26 00:00:00;2025-06-03 00:00:00;2025-06-02 00:00:00
2025-05-30 00:00:00;SO299079;C0013;CL001;561;2025-06-27 00:00:00;2025-06-18 00:00:00;2025-06-03 00:00:00;2025-05-25 00:00:00
2025-05-30 00:00:00;SO299079;C0013;AS004;615;2025-06-27 00:00:00;2025-06-23 00:00:00;2025-06-03 00:00:00;2025-05-30 00:00:00
2025-05-30 00:00:00;SO638480;C0022;AT001;811;2025-07-11 00:00:00;2025-07-10 00:00:00;2025-06-03 00:00:00;2025-06-02 00:00:00
2025-05-30 00:00:00;SO638480;C0022;AT002;827;2025-07-11 00:00:00;2025-07-11 00:00:00;2025-06-03 00:00:00;2025-06-03 00:00:00
2025-06-02 00:00:00;SO418043;C0004;AT002;1446;2025-06-16 00:00:00;2025-06-11 00:00:00;2025-06-04 00:00:00;2025-05-30 00:00:00
2025-06-02 00:00:00;SO765794;C0027;CT001;939;2025-07-14 00:00:00;2025-07-11 00:00:00;2025-06-10 00:00:00;2025-06-07 00:00:00
2025-06-02 00:00:00;SO418043;C0004;CT003;974;2025-06-16 00:00:00;2025-06-10 00:00:00;2025-06-04 00:00:00;2025-05-29 00:00:00
2025-06-02 00:00:00;SO765794;C0027;CS003;884;2025-07-14 00:00:00;2025-07-17 00:00:00;2025-06-10 00:00:00;2025-06-13 00:00:00
2025-06-02 00:00:00;SO418043;C0004;AL002;597;2025-06-16 00:00:00;2025-06-20 00:00:00;2025-06-04 00:00:00;2025-06-08 00:00:00
2025-06-02 00:00:00;SO765794;C0027;AS002;515;2025-07-14 00:00:00;2025-07-19 00:00:00;2025-06-10 00:00:00;2025-06-15 00:00:00
2025-06-02 00:00:00;SO765794;C0027;AT002;354;2025-07-14 00:00:00;2025-07-19 00:00:00;2025-06-10 00:00:00;2025-06-15 00:00:00
2025-06-02 00:00:00;SO418043;C0004;AS001;872;2025-06-16 00:00:00;2025-06-18 00:00:00;2025-06-04 00:00:00;2025-06-06 00:00:00
2025-06-02 00:00:00;SO418043;C0004;CT001;351;2025-06-16 00:00:00;2025-06-12 00:00:00;2025-06-04 00:00:00;2025-05-31 00:00:00
2025-06-02 00:00:00;SO418043;C0004;AS003;1177;2025-06-16 00:00:00;2025-06-06 00:00:00;2025-06-04 00:00:00;2025-05-25 00:00:00
2025-06-02 00:00:00;SO418043;C0004;VS001;1069;2025-06-16 00:00:00;2025-06-20 00:00:00;2025-06-04 00:00:00;2025-06-08 00:00:00
2025-06-02 00:00:00;SO418043;C0004;AS005;557;2025-06-16 00:00:00;2025-06-25 00:00:00;2025-06-04 00:00:00;2025-06-13 00:00:00
2025-06-02 00:00:00;SO765794;C0027;AS001;440;2025-07-14 00:00:00;2025-07-23 00:00:00;2025-06-10 00:00:00;2025-06-19 00:00:00
2025-06-03 00:00:00;SO674193;C0024;CS001;782;2025-07-01 00:00:00;2025-06-21 00:00:00;2025-06-07 00:00:00;2025-05-28 00:00:00
2025-06-03 00:00:00;SO862014;C0001;AL002;854;2025-07-01 00:00:00;2025-07-02 00:00:00;2025-06-05 00:00:00;2025-06-06 00:00:00
2025-06-03 00:00:00;SO278330;C0009;CT001;507;2025-06-17 00:00:00;2025-06-07 00:00:00;2025-06-06 00:00:00;2025-05-27 00:00:00
2025-06-03 00:00:00;SO992334;C0026;AS004;1175;2025-07-08 00:00:00;2025-07-08 00:00:00;2025-06-11 00:00:00;2025-06-11 00:00:00
2025-06-03 00:00:00;SO674193;C0024;CL001;1114;2025-07-01 00:00:00;2025-07-11 00:00:00;2025-06-07 00:00:00;2025-06-17 00:00:00
2025-06-03 00:00:00;SO278330;C0009;AT002;623;2025-06-17 00:00:00;2025-06-21 00:00:00;2025-06-06 00:00:00;2025-06-10 00:00:00
2025-06-03 00:00:00;SO862014;C0001;VS005;551;2025-07-01 00:00:00;2025-07-06 00:00:00;2025-06-05 00:00:00;2025-06-10 00:00:00
2025-06-03 00:00:00;SO862014;C0001;CS001;879;2025-07-01 00:00:00;2025-07-05 00:00:00;2025-06-05 00:00:00;2025-06-09 00:00:00
2025-06-03 00:00:00;SO278330;C0009;CS003;515;2025-06-17 00:00:00;2025-06-17 00:00:00;2025-06-06 00:00:00;2025-06-06 00:00:00
2025-06-03 00:00:00;SO278330;C0009;CL001;1012;2025-06-17 00:00:00;2025-06-27 00:00:00;2025-06-06 00:00:00;2025-06-16 00:00:00
2025-06-03 00:00:00;SO862014;C0001;VS003;484;2025-07-01 00:00:00;2025-06-23 00:00:00;2025-06-05 00:00:00;2025-05-28 00:00:00
2025-06-03 00:00:00;SO674193;C0024;VS003;699;2025-07-01 00:00:00;2025-07-10 00:00:00;2025-06-07 00:00:00;2025-06-16 00:00:00
2025-06-03 00:00:00;SO674193;C0024;AS001;828;2025-07-01 00:00:00;2025-07-02 00:00:00;2025-06-07 00:00:00;2025-06-08 00:00:00
2025-06-03 00:00:00;SO278330;C0009;CS001;593;2025-06-17 00:00:00;2025-06-21 00:00:00;2025-06-06 00:00:00;2025-06-10 00:00:00
2025-06-03 00:00:00;SO278330;C0009;VS003;563;2025-06-17 00:00:00;2025-06-09 00:00:00;2025-06-06 00:00:00;2025-05-29 00:00:00
2025-06-03 00:00:00;SO278330;C0009;AS002;495;2025-06-17 00:00:00;2025-06-23 00:00:00;2025-06-06 00:00:00;2025-06-12 00:00:00
2025-06-03 00:00:00;SO674193;C0024;VS001;525;2025-07-01 00:00:00;2025-07-02 00:00:00;2025-06-07 00:00:00;2025-06-08 00:00:00
2025-06-03 00:00:00;SO278330;C0009;AS005;778;2025-06-17 00:00:00;2025-06-17 00:00:00;2025-06-06 00:00:00;2025-06-06 00:00:00
2025-06-04 00:00:00;SO466369;C0016;AS003;589;2025-06-18 00:00:00;2025-06-20 00:00:00;2025-06-08 00:00:00;2025-06-10 00:00:00
2025-06-04 00:00:00;SO310968;C0006;CS004;865;2025-08-06 00:00:00;2025-08-02 00:00:00;2025-06-06 00:00:00;2025-06-02 00:00:00
2025-06-04 00:00:00;SO166488;C0003;AS004;944;2025-07-16 00:00:00;2025-07-24 00:00:00;2025-06-06 00:00:00;2025-06-14 00:00:00
2025-06-04 00:00:00;SO466369;C0016;AT001;1192;2025-06-18 00:00:00;2025-06-10 00:00:00;2025-06-08 00:00:00;2025-05-31 00:00:00
2025-06-04 00:00:00;SO310968;C0006;AT001;1102;2025-08-06 00:00:00;2025-08-03 00:00:00;2025-06-06 00:00:00;2025-06-03 00:00:00
2025-06-04 00:00:00;SO466369;C0016;CT003;521;2025-06-18 00:00:00;2025-06-23 00:00:00;2025-06-08 00:00:00;2025-06-13 00:00:00
2025-06-04 00:00:00;SO166488;C0003;VS005;782;2025-07-16 00:00:00;2025-07-09 00:00:00;2025-06-06 00:00:00;2025-05-30 00:00:00
2025-06-04 00:00:00;SO466369;C0016;VS001;660;2025-06-18 00:00:00;2025-06-16 00:00:00;2025-06-08 00:00:00;2025-06-06 00:00:00
2025-06-04 00:00:00;SO310968;C0006;CL001;802;2025-08-06 00:00:00;2025-08-10 00:00:00;2025-06-06 00:00:00;2025-06-10 00:00:00
2025-06-04 00:00:00;SO466369;C0016;CS001;860;2025-06-18 00:00:00;2025-06-28 00:00:00;2025-06-08 00:00:00;2025-06-18 00:00:00
2025-06-04 00:00:00;SO466369;C0016;AS005;1115;2025-06-18 00:00:00;2025-06-13 00:00:00;2025-06-08 00:00:00;2025-06-03 00:00:00
2025-06-04 00:00:00;SO466369;C0016;AT002;552;2025-06-18 00:00:00;2025-06-12 00:00:00;2025-06-08 00:00:00;2025-06-02 00:00:00
2025-06-04 00:00:00;SO466369;C0016;VS003;809;2025-06-18 00:00:00;2025-06-20 00:00:00;2025-06-08 00:00:00;2025-06-10 00:00:00
2025-06-04 00:00:00;SO310968;C0006;AL002;555;2025-08-06 00:00:00;2025-08-07 00:00:00;2025-06-06 00:00:00;2025-06-07 00:00:00
2025-06-05 00:00:00;SO828069;C0022;VS001;1105;2025-07-17 00:00:00;2025-07-24 00:00:00;2025-06-09 00:00:00;2025-06-16 00:00:00
2025-06-05 00:00:00;SO276047;C0007;AT002;765;2025-08-07 00:00:00;2025-08-09 00:00:00;2025-06-08 00:00:00;2025-06-10 00:00:00
2025-06-05 00:00:00;SO828069;C0022;AS001;1118;2025-07-17 00:00:00;2025-07-13 00:00:00;2025-06-09 00:00:00;2025-06-05 00:00:00
2025-06-05 00:00:00;SO276047;C0007;CT001;397;2025-08-07 00:00:00;2025-08-17 00:00:00;2025-06-08 00:00:00;2025-06-18 00:00:00
2025-06-05 00:00:00;SO276047;C0007;AT001;1026;2025-08-07 00:00:00;2025-07-31 00:00:00;2025-06-08 00:00:00;2025-06-01 00:00:00
2025-06-05 00:00:00;SO276047;C0007;AS003;1156;2025-08-07 00:00:00;2025-08-04 00:00:00;2025-06-08 00:00:00;2025-06-05 00:00:00
2025-06-05 00:00:00;SO828069;C0022;CL002;1210;2025-07-17 00:00:00;2025-07-16 00:00:00;2025-06-09 00:00:00;2025-06-08 00:00:00
2025-06-05 00:00:00;SO828069;C0022;CS002;1098;2025-07-17 00:00:00;2025-07-23 00:00:00;2025-06-09 00:00:00;2025-06-15 00:00:00
2025-06-05 00:00:00;SO828069;C0022;AS003;895;2025-07-17 00:00:00;2025-07-20 00:00:00;2025-06-09 00:00:00;2025-06-12 00:00:00
2025-06-05 00:00:00;SO828069;C0022;CL001;1002;2025-07-17 00:00:00;2025-07-11 00:00:00;2025-06-09 00:00:00;2025-06-03 00:00:00
2025-06-05 00:00:00;SO828069;C0022;CT003;949;2025-07-17 00:00:00;2025-07-09 00:00:00;2025-06-09 00:00:00;2025-06-01 00:00:00
2025-06-05 00:00:00;SO828069;C0022;AT002;809;2025-07-17 00:00:00;2025-07-23 00:00:00;2025-06-09 00:00:00;2025-06-15 00:00:00
2025-06-05 00:00:00;SO276047;C0007;CS001;990;2025-08-07 00:00:00;2025-08-10 00:00:00;2025-06-08 00:00:00;2025-06-11 00:00:00
2025-06-05 00:00:00;SO828069;C0022;AT001;880;2025-07-17 00:00:00;2025-07-27 00:00:00;2025-06-09 00:00:00;2025-06-19 00:00:00
2025-06-05 00:00:00;SO828069;C0022;AL002;664;2025-07-17 00:00:00;2025-07-17 00:00:00;2025-06-09 00:00:00;2025-06-09 00:00:00
2025-06-05 00:00:00;SO828069;C0022;AS002;444;2025-07-17 00:00:00;2025-07-19 00:00:00;2025-06-09 00:00:00;2025-06-11 00:00:00
2025-06-05 00:00:00;SO828069;C0022;AS004;1251;2025-07-17 00:00:00;2025-07-23 00:00:00;2025-06-09 00:00:00;2025-06-15 00:00:00
2025-06-06 00:00:00;SO294086;C0024;AS004;1143;2025-07-04 00:00:00;2025-07-12 00:00:00;2025-06-10 00:00:00;2025-06-18 00:00:00
2025-06-06 00:00:00;SO442848;C0003;CL001;337;2025-07-18 00:00:00;2025-07-12 00:00:00;2025-06-08 00:00:00;2025-06-02 00:00:00
2025-06-06 00:00:00;SO809559;C0011;AS003;301;2025-07-11 00:00:00;2025-07-03 00:00:00;2025-06-09 00:00:00;2025-06-01 00:00:00
2025-06-06 00:00:00;SO568180;C0016;CS002;869;2025-06-20 00:00:00;2025-06-10 00:00:00;2025-06-10 00:00:00;2025-05-31 00:00:00
2025-06-06 00:00:00;SO442848;C0003;VS001;648;2025-07-18 00:00:00;2025-07-18 00:00:00;2025-06-08 00:00:00;2025-06-08 00:00:00
2025-06-06 00:00:00;SO568180;C0016;VS001;826;2025-06-20 00:00:00;2025-06-28 00:00:00;2025-06-10 00:00:00;2025-06-18 00:00:00
2025-06-06 00:00:00;SO568180;C0016;AS005;399;2025-06-20 00:00:00;2025-06-24 00:00:00;2025-06-10 00:00:00;2025-06-14 00:00:00
2025-06-06 00:00:00;SO442848;C0003;AS002;1343;2025-07-18 00:00:00;2025-07-18 00:00:00;2025-06-08 00:00:00;2025-06-08 00:00:00
2025-06-06 00:00:00;SO568180;C0016;CL001;316;2025-06-20 00:00:00;2025-06-13 00:00:00;2025-06-10 00:00:00;2025-06-03 00:00:00
2025-06-06 00:00:00;SO442848;C0003;AS001;985;2025-07-18 00:00:00;2025-07-16 00:00:00;2025-06-08 00:00:00;2025-06-06 00:00:00
2025-06-06 00:00:00;SO294086;C0024;VS005;446;2025-07-04 00:00:00;2025-06-29 00:00:00;2025-06-10 00:00:00;2025-06-05 00:00:00
2025-06-06 00:00:00;SO294086;C0024;AL002;1017;2025-07-04 00:00:00;2025-06-27 00:00:00;2025-06-10 00:00:00;2025-06-03 00:00:00
2025-06-06 00:00:00;SO442848;C0003;CT001;1074;2025-07-18 00:00:00;2025-07-14 00:00:00;2025-06-08 00:00:00;2025-06-04 00:00:00
2025-06-06 00:00:00;SO568180;C0016;CT003;707;2025-06-20 00:00:00;2025-06-13 00:00:00;2025-06-10 00:00:00;2025-06-03 00:00:00
2025-06-06 00:00:00;SO568180;C0016;CS001;1041;2025-06-20 00:00:00;2025-06-10 00:00:00;2025-06-10 00:00:00;2025-05-31 00:00:00
2025-06-06 00:00:00;SO294086;C0024;CL001;863;2025-07-04 00:00:00;2025-07-06 00:00:00;2025-06-10 00:00:00;2025-06-12 00:00:00
2025-06-06 00:00:00;SO294086;C0024;CT003;474;2025-07-04 00:00:00;2025-07-14 00:00:00;2025-06-10 00:00:00;2025-06-20 00:00:00
2025-06-06 00:00:00;SO294086;C0024;CS002;699;2025-07-04 00:00:00;2025-06-24 00:00:00;2025-06-10 00:00:00;2025-05-31 00:00:00
2025-06-06 00:00:00;SO442848;C0003;AT002;634;2025-07-18 00:00:00;2025-07-17 00:00:00;2025-06-08 00:00:00;2025-06-07 00:00:00
2025-06-06 00:00:00;SO568180;C0016;CS004;936;2025-06-20 00:00:00;2025-06-26 00:00:00;2025-06-10 00:00:00;2025-06-16 00:00:00
2025-06-09 00:00:00;SO989763;C0015;CL002;465;2025-07-21 00:00:00;2025-07-15 00:00:00;2025-06-13 00:00:00;2025-06-07 00:00:00
2025-06-09 00:00:00;SO837187;C0003;AS001;579;2025-07-21 00:00:00;2025-07-19 00:00:00;2025-06-11 00:00:00;2025-06-09 00:00:00
2025-06-09 00:00:00;SO247029;C0021;AS001;633;2025-06-23 00:00:00;2025-06-18 00:00:00;2025-06-13 00:00:00;2025-06-08 00:00:00
2025-06-09 00:00:00;SO837187;C0003;VS005;1090;2025-07-21 00:00:00;2025-07-22 00:00:00;2025-06-11 00:00:00;2025-06-12 00:00:00
2025-06-09 00:00:00;SO247029;C0021;CL001;1199;2025-06-23 00:00:00;2025-06-27 00:00:00;2025-06-13 00:00:00;2025-06-17 00:00:00
2025-06-09 00:00:00;SO247029;C0021;CT003;1057;2025-06-23 00:00:00;2025-06-23 00:00:00;2025-06-13 00:00:00;2025-06-13 00:00:00
2025-06-09 00:00:00;SO837187;C0003;CS003;878;2025-07-21 00:00:00;2025-07-31 00:00:00;2025-06-11 00:00:00;2025-06-21 00:00:00
2025-06-09 00:00:00;SO989763;C0015;AS004;1177;2025-07-21 00:00:00;2025-07-17 00:00:00;2025-06-13 00:00:00;2025-06-09 00:00:00
2025-06-09 00:00:00;SO247029;C0021;VS001;576;2025-06-23 00:00:00;2025-06-21 00:00:00;2025-06-13 00:00:00;2025-06-11 00:00:00
2025-06-09 00:00:00;SO837187;C0003;CT003;1131;2025-07-21 00:00:00;2025-07-15 00:00:00;2025-06-11 00:00:00;2025-06-05 00:00:00
2025-06-09 00:00:00;SO247029;C0021;AS003;942;2025-06-23 00:00:00;2025-07-03 00:00:00;2025-06-13 00:00:00;2025-06-23 00:00:00
2025-06-09 00:00:00;SO989763;C0015;CT001;392;2025-07-21 00:00:00;2025-07-16 00:00:00;2025-06-13 00:00:00;2025-06-08 00:00:00
2025-06-09 00:00:00;SO837187;C0003;AS004;1332;2025-07-21 00:00:00;2025-07-26 00:00:00;2025-06-11 00:00:00;2025-06-16 00:00:00
2025-06-09 00:00:00;SO989763;C0015;CS001;1163;2025-07-21 00:00:00;2025-07-19 00:00:00;2025-06-13 00:00:00;2025-06-11 00:00:00
2025-06-09 00:00:00;SO837187;C0003;VS003;782;2025-07-21 00:00:00;2025-07-15 00:00:00;2025-06-11 00:00:00;2025-06-05 00:00:00
2025-06-10 00:00:00;SO780499;C0007;CT001;665;2025-08-12 00:00:00;2025-08-20 00:00:00;2025-06-13 00:00:00;2025-06-21 00:00:00
2025-06-10 00:00:00;SO530861;C0017;CS002;1308;2025-08-05 00:00:00;2025-07-31 00:00:00;2025-06-14 00:00:00;2025-06-09 00:00:00
2025-06-10 00:00:00;SO530861;C0017;CT001;1353;2025-08-05 00:00:00;2025-08-12 00:00:00;2025-06-14 00:00:00;2025-06-21 00:00:00
2025-06-10 00:00:00;SO780499;C0007;AS001;562;2025-08-12 00:00:00;2025-08-09 00:00:00;2025-06-13 00:00:00;2025-06-10 00:00:00
2025-06-10 00:00:00;SO530861;C0017;CS001;545;2025-08-05 00:00:00;2025-08-07 00:00:00;2025-06-14 00:00:00;2025-06-16 00:00:00
2025-06-10 00:00:00;SO530861;C0017;AS002;852;2025-08-05 00:00:00;2025-08-03 00:00:00;2025-06-14 00:00:00;2025-06-12 00:00:00
2025-06-10 00:00:00;SO530861;C0017;VS003;1017;2025-08-05 00:00:00;2025-08-12 00:00:00;2025-06-14 00:00:00;2025-06-21 00:00:00
2025-06-10 00:00:00;SO530861;C0017;CS004;1279;2025-08-05 00:00:00;2025-08-11 00:00:00;2025-06-14 00:00:00;2025-06-20 00:00:00
2025-06-10 00:00:00;SO530861;C0017;CL002;865;2025-08-05 00:00:00;2025-08-04 00:00:00;2025-06-14 00:00:00;2025-06-13 00:00:00
2025-06-10 00:00:00;SO530861;C0017;AS004;729;2025-08-05 00:00:00;2025-08-13 00:00:00;2025-06-14 00:00:00;2025-06-22 00:00:00
2025-06-10 00:00:00;SO780499;C0007;CL002;955;2025-08-12 00:00:00;2025-08-02 00:00:00;2025-06-13 00:00:00;2025-06-03 00:00:00
2025-06-10 00:00:00;SO530861;C0017;AT001;959;2025-08-05 00:00:00;2025-08-15 00:00:00;2025-06-14 00:00:00;2025-06-24 00:00:00
2025-06-10 00:00:00;SO530861;C0017;AS003;465;2025-08-05 00:00:00;2025-08-10 00:00:00;2025-06-14 00:00:00;2025-06-19 00:00:00
2025-06-10 00:00:00;SO780499;C0007;VS003;601;2025-08-12 00:00:00;2025-08-13 00:00:00;2025-06-13 00:00:00;2025-06-14 00:00:00
2025-06-10 00:00:00;SO780499;C0007;CS001;1074;2025-08-12 00:00:00;2025-08-09 00:00:00;2025-06-13 00:00:00;2025-06-10 00:00:00
2025-06-10 00:00:00;SO530861;C0017;CS003;619;2025-08-05 00:00:00;2025-08-03 00:00:00;2025-06-14 00:00:00;2025-06-12 00:00:00
2025-06-11 00:00:00;SO277989;C0014;AT001;553;2025-07-16 00:00:00;2025-07-21 00:00:00;2025-06-15 00:00:00;2025-06-20 00:00:00
2025-06-11 00:00:00;SO571746;C0008;CL001;648;2025-08-06 00:00:00;2025-08-13 00:00:00;2025-06-14 00:00:00;2025-06-21 00:00:00
2025-06-11 00:00:00;SO571746;C0008;CT003;698;2025-08-06 00:00:00;2025-08-05 00:00:00;2025-06-14 00:00:00;2025-06-13 00:00:00
2025-06-11 00:00:00;SO571746;C0008;CL002;813;2025-08-06 00:00:00;2025-07-28 00:00:00;2025-06-14 00:00:00;2025-06-05 00:00:00
2025-06-11 00:00:00;SO277989;C0014;CT001;568;2025-07-16 00:00:00;2025-07-19 00:00:00;2025-06-15 00:00:00;2025-06-18 00:00:00
2025-06-11 00:00:00;SO571746;C0008;CS002;465;2025-08-06 00:00:00;2025-07-31 00:00:00;2025-06-14 00:00:00;2025-06-08 00:00:00
2025-06-11 00:00:00;SO571746;C0008;AS002;607;2025-08-06 00:00:00;2025-07-31 00:00:00;2025-06-14 00:00:00;2025-06-08 00:00:00
2025-06-11 00:00:00;SO571746;C0008;AL002;709;2025-08-06 00:00:00;2025-07-28 00:00:00;2025-06-14 00:00:00;2025-06-05 00:00:00
2025-06-11 00:00:00;SO571746;C0008;CS003;1199;2025-08-06 00:00:00;2025-08-09 00:00:00;2025-06-14 00:00:00;2025-06-17 00:00:00
2025-06-11 00:00:00;SO571746;C0008;VS003;1064;2025-08-06 00:00:00;2025-08-15 00:00:00;2025-06-14 00:00:00;2025-06-23 00:00:00
2025-06-11 00:00:00;SO277989;C0014;AL002;925;2025-07-16 00:00:00;2025-07-08 00:00:00;2025-06-15 00:00:00;2025-06-07 00:00:00
2025-06-11 00:00:00;SO277989;C0014;AS001;1186;2025-07-16 00:00:00;2025-07-24 00:00:00;2025-06-15 00:00:00;2025-06-23 00:00:00
2025-06-11 00:00:00;SO277989;C0014;AT002;904;2025-07-16 00:00:00;2025-07-18 00:00:00;2025-06-15 00:00:00;2025-06-17 00:00:00
2025-06-11 00:00:00;SO571746;C0008;VS001;507;2025-08-06 00:00:00;2025-08-14 00:00:00;2025-06-14 00:00:00;2025-06-22 00:00:00
2025-06-11 00:00:00;SO277989;C0014;CL002;1041;2025-07-16 00:00:00;2025-07-24 00:00:00;2025-06-15 00:00:00;2025-06-23 00:00:00
2025-06-11 00:00:00;SO277989;C0014;CS004;1267;2025-07-16 00:00:00;2025-07-09 00:00:00;2025-06-15 00:00:00;2025-06-08 00:00:00
2025-06-11 00:00:00;SO277989;C0014;CS001;281;2025-07-16 00:00:00;2025-07-13 00:00:00;2025-06-15 00:00:00;2025-06-12 00:00:00
2025-06-11 00:00:00;SO277989;C0014;AS004;829;2025-07-16 00:00:00;2025-07-21 00:00:00;2025-06-15 00:00:00;2025-06-20 00:00:00
2025-06-11 00:00:00;SO571746;C0008;AS003;629;2025-08-06 00:00:00;2025-07-31 00:00:00;2025-06-14 00:00:00;2025-06-08 00:00:00
2025-06-12 00:00:00;SO889506;C0007;VS003;652;2025-08-14 00:00:00;2025-08-09 00:00:00;2025-06-15 00:00:00;2025-06-10 00:00:00
2025-06-12 00:00:00;SO594319;C0006;VS005;915;2025-08-14 00:00:00;2025-08-18 00:00:00;2025-06-14 00:00:00;2025-06-18 00:00:00
2025-06-12 00:00:00;SO267294;C0015;CS004;862;2025-07-24 00:00:00;2025-07-21 00:00:00;2025-06-16 00:00:00;2025-06-13 00:00:00
2025-06-12 00:00:00;SO233763;C0023;AS005;581;2025-07-17 00:00:00;2025-07-22 00:00:00;2025-06-16 00:00:00;2025-06-21 00:00:00
2025-06-12 00:00:00;SO233763;C0023;AS001;874;2025-07-17 00:00:00;2025-07-16 00:00:00;2025-06-16 00:00:00;2025-06-15 00:00:00
2025-06-12 00:00:00;SO267294;C0015;AS005;698;2025-07-24 00:00:00;2025-07-15 00:00:00;2025-06-16 00:00:00;2025-06-07 00:00:00
2025-06-12 00:00:00;SO233763;C0023;AS002;770;2025-07-17 00:00:00;2025-07-09 00:00:00;2025-06-16 00:00:00;2025-06-08 00:00:00
2025-06-12 00:00:00;SO267294;C0015;CT003;587;2025-07-24 00:00:00;2025-07-15 00:00:00;2025-06-16 00:00:00;2025-06-07 00:00:00
2025-06-12 00:00:00;SO267294;C0015;AS001;459;2025-07-24 00:00:00;2025-07-24 00:00:00;2025-06-16 00:00:00;2025-06-16 00:00:00
2025-06-12 00:00:00;SO233763;C0023;CS004;614;2025-07-17 00:00:00;2025-07-14 00:00:00;2025-06-16 00:00:00;2025-06-13 00:00:00
2025-06-12 00:00:00;SO267294;C0015;AT002;1117;2025-07-24 00:00:00;2025-07-24 00:00:00;2025-06-16 00:00:00;2025-06-16 00:00:00
2025-06-12 00:00:00;SO594319;C0006;AS003;1107;2025-08-14 00:00:00;2025-08-18 00:00:00;2025-06-14 00:00:00;2025-06-18 00:00:00
2025-06-13 00:00:00;SO606631;C0001;CT003;821;2025-07-11 00:00:00;2025-07-01 00:00:00;2025-06-15 00:00:00;2025-06-05 00:00:00
2025-06-13 00:00:00;SO788312;C0027;AS004;1317;2025-07-25 00:00:00;2025-07-26 00:00:00;2025-06-21 00:00:00;2025-06-22 00:00:00
2025-06-13 00:00:00;SO788312;C0027;AL002;891;2025-07-25 00:00:00;2025-07-16 00:00:00;2025-06-21 00:00:00;2025-06-12 00:00:00
2025-06-13 00:00:00;SO788312;C0027;CT003;1088;2025-07-25 00:00:00;2025-08-01 00:00:00;2025-06-21 00:00:00;2025-06-28 00:00:00
2025-06-13 00:00:00;SO788312;C0027;CL001;394;2025-07-25 00:00:00;2025-07-19 00:00:00;2025-06-21 00:00:00;2025-06-15 00:00:00
2025-06-13 00:00:00;SO788312;C0027;AT002;782;2025-07-25 00:00:00;2025-07-16 00:00:00;2025-06-21 00:00:00;2025-06-12 00:00:00
2025-06-13 00:00:00;SO788312;C0027;AS005;624;2025-07-25 00:00:00;2025-07-28 00:00:00;2025-06-21 00:00:00;2025-06-24 00:00:00
2025-06-13 00:00:00;SO788312;C0027;VS005;334;2025-07-25 00:00:00;2025-07-30 00:00:00;2025-06-21 00:00:00;2025-06-26 00:00:00
2025-06-13 00:00:00;SO788312;C0027;VS003;747;2025-07-25 00:00:00;2025-08-01 00:00:00;2025-06-21 00:00:00;2025-06-28 00:00:00
2025-06-13 00:00:00;SO606631;C0001;AT002;1311;2025-07-11 00:00:00;2025-07-09 00:00:00;2025-06-15 00:00:00;2025-06-13 00:00:00
2025-06-13 00:00:00;SO606631;C0001;AL002;635;2025-07-11 00:00:00;2025-07-14 00:00:00;2025-06-15 00:00:00;2025-06-18 00:00:00
2025-06-13 00:00:00;SO788312;C0027;VS001;688;2025-07-25 00:00:00;2025-07-28 00:00:00;2025-06-21 00:00:00;2025-06-24 00:00:00
2025-06-13 00:00:00;SO788312;C0027;CS003;712;2025-07-25 00:00:00;2025-07-21 00:00:00;2025-06-21 00:00:00;2025-06-17 00:00:00
2025-06-13 00:00:00;SO788312;C0027;CS002;1051;2025-07-25 00:00:00;2025-07-30 00:00:00;2025-06-21 00:00:00;2025-06-26 00:00:00
2025-06-13 00:00:00;SO788312;C0027;CS004;678;2025-07-25 00:00:00;2025-07-21 00:00:00;2025-06-21 00:00:00;2025-06-17 00:00:00
2025-06-16 00:00:00;SO794147;C0021;CS002;481;2025-06-30 00:00:00;2025-06-24 00:00:00;2025-06-20 00:00:00;2025-06-14 00:00:00
2025-06-16 00:00:00;SO106181;C0026;CL001;901;2025-07-21 00:00:00;2025-07-24 00:00:00;2025-06-24 00:00:00;2025-06-27 00:00:00
2025-06-16 00:00:00;SO864190;C0002;CT003;853;2025-07-21 00:00:00;2025-07-19 00:00:00;2025-06-18 00:00:00;2025-06-16 00:00:00
2025-06-16 00:00:00;SO947983;C0004;AL002;505;2025-06-30 00:00:00;2025-06-23 00:00:00;2025-06-18 00:00:00;2025-06-11 00:00:00
2025-06-16 00:00:00;SO794147;C0021;CT001;1006;2025-06-30 00:00:00;2025-06-26 00:00:00;2025-06-20 00:00:00;2025-06-16 00:00:00
2025-06-16 00:00:00;SO947983;C0004;CS004;653;2025-06-30 00:00:00;2025-06-27 00:00:00;2025-06-18 00:00:00;2025-06-15 00:00:00
2025-06-16 00:00:00;SO794147;C0021;AS003;998;2025-06-30 00:00:00;2025-06-30 00:00:00;2025-06-20 00:00:00;2025-06-20 00:00:00
2025-06-16 00:00:00;SO794147;C0021;CT003;669;2025-06-30 00:00:00;2025-06-25 00:00:00;2025-06-20 00:00:00;2025-06-15 00:00:00
2025-06-16 00:00:00;SO947983;C0004;VS003;1064;2025-06-30 00:00:00;2025-06-28 00:00:00;2025-06-18 00:00:00;2025-06-16 00:00:00
2025-06-16 00:00:00;SO106181;C0026;CS004;1306;2025-07-21 00:00:00;2025-07-11 00:00:00;2025-06-24 00:00:00;2025-06-14 00:00:00
2025-06-16 00:00:00;SO106181;C0026;CS003;670;2025-07-21 00:00:00;2025-07-20 00:00:00;2025-06-24 00:00:00;2025-06-23 00:00:00
2025-06-16 00:00:00;SO794147;C0021;VS001;895;2025-06-30 00:00:00;2025-06-26 00:00:00;2025-06-20 00:00:00;2025-06-16 00:00:00
2025-06-16 00:00:00;SO794147;C0021;CL001;625;2025-06-30 00:00:00;2025-07-01 00:00:00;2025-06-20 00:00:00;2025-06-21 00:00:00
2025-06-16 00:00:00;SO794147;C0021;AL002;1299;2025-06-30 00:00:00;2025-07-04 00:00:00;2025-06-20 00:00:00;2025-06-24 00:00:00
2025-06-16 00:00:00;SO947983;C0004;AS002;541;2025-06-30 00:00:00;2025-06-25 00:00:00;2025-06-18 00:00:00;2025-06-13 00:00:00
2025-06-17 00:00:00;SO285605;C0002;CS002;823;2025-07-22 00:00:00;2025-08-01 00:00:00;2025-06-19 00:00:00;2025-06-29 00:00:00
2025-06-17 00:00:00;SO127938;C0008;CS002;353;2025-08-12 00:00:00;2025-08-05 00:00:00;2025-06-20 00:00:00;2025-06-13 00:00:00
2025-06-17 00:00:00;SO696016;C0028;CS004;1076;2025-07-01 00:00:00;2025-07-02 00:00:00;2025-06-25 00:00:00;2025-06-26 00:00:00
2025-06-17 00:00:00;SO127938;C0008;AS001;821;2025-08-12 00:00:00;2025-08-14 00:00:00;2025-06-20 00:00:00;2025-06-22 00:00:00
2025-06-17 00:00:00;SO127938;C0008;VS005;1266;2025-08-12 00:00:00;2025-08-17 00:00:00;2025-06-20 00:00:00;2025-06-25 00:00:00
2025-06-17 00:00:00;SO127938;C0008;AS002;633;2025-08-12 00:00:00;2025-08-11 00:00:00;2025-06-20 00:00:00;2025-06-19 00:00:00
2025-06-17 00:00:00;SO285605;C0002;CS003;1340;2025-07-22 00:00:00;2025-07-31 00:00:00;2025-06-19 00:00:00;2025-06-28 00:00:00
2025-06-17 00:00:00;SO696016;C0028;CS002;828;2025-07-01 00:00:00;2025-07-08 00:00:00;2025-06-25 00:00:00;2025-07-02 00:00:00
2025-06-17 00:00:00;SO285605;C0002;AS004;351;2025-07-22 00:00:00;2025-07-26 00:00:00;2025-06-19 00:00:00;2025-06-23 00:00:00
2025-06-17 00:00:00;SO696016;C0028;AT001;389;2025-07-01 00:00:00;2025-07-10 00:00:00;2025-06-25 00:00:00;2025-07-04 00:00:00
2025-06-17 00:00:00;SO127938;C0008;CS001;1051;2025-08-12 00:00:00;2025-08-05 00:00:00;2025-06-20 00:00:00;2025-06-13 00:00:00
2025-06-17 00:00:00;SO696016;C0028;VS005;941;2025-07-01 00:00:00;2025-07-02 00:00:00;2025-06-25 00:00:00;2025-06-26 00:00:00
2025-06-17 00:00:00;SO285605;C0002;CS004;858;2025-07-22 00:00:00;2025-08-01 00:00:00;2025-06-19 00:00:00;2025-06-29 00:00:00
2025-06-17 00:00:00;SO696016;C0028;CL002;771;2025-07-01 00:00:00;2025-06-30 00:00:00;2025-06-25 00:00:00;2025-06-24 00:00:00
2025-06-17 00:00:00;SO696016;C0028;CS003;675;2025-07-01 00:00:00;2025-06-23 00:00:00;2025-06-25 00:00:00;2025-06-17 00:00:00
2025-06-17 00:00:00;SO696016;C0028;CS001;847;2025-07-01 00:00:00;2025-07-01 00:00:00;2025-06-25 00:00:00;2025-06-25 00:00:00
2025-06-17 00:00:00;SO285605;C0002;CT003;533;2025-07-22 00:00:00;2025-07-22 00:00:00;2025-06-19 00:00:00;2025-06-19 00:00:00
2025-06-17 00:00:00;SO127938;C0008;CL001;701;2025-08-12 00:00:00;2025-08-15 00:00:00;2025-06-20 00:00:00;2025-06-23 00:00:00
2025-06-17 00:00:00;SO127938;C0008;AT001;492;2025-08-12 00:00:00;2025-08-18 00:00:00;2025-06-20 00:00:00;2025-06-26 00:00:00
2025-06-17 00:00:00;SO285605;C0002;VS003;865;2025-07-22 00:00:00;2025-07-17 00:00:00;2025-06-19 00:00:00;2025-06-14 00:00:00
2025-06-18 00:00:00;SO746998;C0002;AT001;1097;2025-07-23 00:00:00;2025-07-14 00:00:00;2025-06-20 00:00:00;2025-06-11 00:00:00
2025-06-18 00:00:00;SO199279;C0026;VS001;1071;2025-07-23 00:00:00;2025-07-29 00:00:00;2025-06-26 00:00:00;2025-07-02 00:00:00
2025-06-18 00:00:00;SO518916;C0020;AS003;1084;2025-08-13 00:00:00;2025-08-10 00:00:00;2025-06-22 00:00:00;2025-06-19 00:00:00
2025-06-18 00:00:00;SO746998;C0002;VS003;1066;2025-07-23 00:00:00;2025-07-29 00:00:00;2025-06-20 00:00:00;2025-06-26 00:00:00
2025-06-18 00:00:00;SO199279;C0026;VS005;965;2025-07-23 00:00:00;2025-07-29 00:00:00;2025-06-26 00:00:00;2025-07-02 00:00:00
2025-06-18 00:00:00;SO199279;C0026;CS003;936;2025-07-23 00:00:00;2025-07-27 00:00:00;2025-06-26 00:00:00;2025-06-30 00:00:00
2025-06-18 00:00:00;SO746998;C0002;CL001;781;2025-07-23 00:00:00;2025-07-26 00:00:00;2025-06-20 00:00:00;2025-06-23 00:00:00
2025-06-18 00:00:00;SO199279;C0026;CT001;1048;2025-07-23 00:00:00;2025-07-13 00:00:00;2025-06-26 00:00:00;2025-06-16 00:00:00
2025-06-18 00:00:00;SO518916;C0020;CS004;742;2025-08-13 00:00:00;2025-08-19 00:00:00;2025-06-22 00:00:00;2025-06-28 00:00:00
2025-06-18 00:00:00;SO518916;C0020;VS001;472;2025-08-13 00:00:00;2025-08-13 00:00:00;2025-06-22 00:00:00;2025-06-22 00:00:00
2025-06-18 00:00:00;SO199279;C0026;AS001;1012;2025-07-23 00:00:00;2025-07-27 00:00:00;2025-06-26 00:00:00;2025-06-30 00:00:00
2025-06-18 00:00:00;SO518916;C0020;CL002;506;2025-08-13 00:00:00;2025-08-18 00:00:00;2025-06-22 00:00:00;2025-06-27 00:00:00
2025-06-18 00:00:00;SO199279;C0026;AS005;839;2025-07-23 00:00:00;2025-07-19 00:00:00;2025-06-26 00:00:00;2025-06-22 00:00:00
2025-06-18 00:00:00;SO199279;C0026;AS002;375;2025-07-23 00:00:00;2025-07-22 00:00:00;2025-06-26 00:00:00;2025-06-25 00:00:00
2025-06-18 00:00:00;SO746998;C0002;CS002;883;2025-07-23 00:00:00;2025-07-30 00:00:00;2025-06-20 00:00:00;2025-06-27 00:00:00
2025-06-18 00:00:00;SO746998;C0002;AS003;914;2025-07-23 00:00:00;2025-07-25 00:00:00;2025-06-20 00:00:00;2025-06-22 00:00:00
2025-06-18 00:00:00;SO518916;C0020;CT001;414;2025-08-13 00:00:00;2025-08-16 00:00:00;2025-06-22 00:00:00;2025-06-25 00:00:00
2025-06-19 00:00:00;SO560002;C0030;CL001;829;2025-08-21 00:00:00;2025-08-16 00:00:00;2025-06-27 00:00:00;2025-06-22 00:00:00
2025-06-19 00:00:00;SO430864;C0020;CL002;315;2025-08-14 00:00:00;2025-08-12 00:00:00;2025-06-23 00:00:00;2025-06-21 00:00:00
2025-06-19 00:00:00;SO560002;C0030;AS002;461;2025-08-21 00:00:00;2025-08-29 00:00:00;2025-06-27 00:00:00;2025-07-05 00:00:00
2025-06-19 00:00:00;SO560002;C0030;VS005;400;2025-08-21 00:00:00;2025-08-13 00:00:00;2025-06-27 00:00:00;2025-06-19 00:00:00
2025-06-19 00:00:00;SO560002;C0030;AS001;455;2025-08-21 00:00:00;2025-08-16 00:00:00;2025-06-27 00:00:00;2025-06-22 00:00:00
2025-06-19 00:00:00;SO560002;C0030;VS001;776;2025-08-21 00:00:00;2025-08-28 00:00:00;2025-06-27 00:00:00;2025-07-04 00:00:00
2025-06-19 00:00:00;SO430864;C0020;AS004;353;2025-08-14 00:00:00;2025-08-13 00:00:00;2025-06-23 00:00:00;2025-06-22 00:00:00
2025-06-19 00:00:00;SO560002;C0030;AS003;811;2025-08-21 00:00:00;2025-08-28 00:00:00;2025-06-27 00:00:00;2025-07-04 00:00:00
2025-06-19 00:00:00;SO430864;C0020;AL002;852;2025-08-14 00:00:00;2025-08-13 00:00:00;2025-06-23 00:00:00;2025-06-22 00:00:00
2025-06-19 00:00:00;SO430864;C0020;AS002;546;2025-08-14 00:00:00;2025-08-06 00:00:00;2025-06-23 00:00:00;2025-06-15 00:00:00
2025-06-19 00:00:00;SO430864;C0020;CS002;1110;2025-08-14 00:00:00;2025-08-20 00:00:00;2025-06-23 00:00:00;2025-06-29 00:00:00
2025-06-19 00:00:00;SO560002;C0030;CL002;760;2025-08-21 00:00:00;2025-08-16 00:00:00;2025-06-27 00:00:00;2025-06-22 00:00:00
2025-06-19 00:00:00;SO430864;C0020;VS003;715;2025-08-14 00:00:00;2025-08-09 00:00:00;2025-06-23 00:00:00;2025-06-18 00:00:00
2025-06-19 00:00:00;SO430864;C0020;CS001;777;2025-08-14 00:00:00;2025-08-11 00:00:00;2025-06-23 00:00:00;2025-06-20 00:00:00
2025-06-19 00:00:00;SO560002;C0030;AT001;1130;2025-08-21 00:00:00;2025-08-13 00:00:00;2025-06-27 00:00:00;2025-06-19 00:00:00
2025-06-20 00:00:00;SO706316;C0027;AS005;501;2025-08-01 00:00:00;2025-08-10 00:00:00;2025-06-28 00:00:00;2025-07-07 00:00:00
2025-06-20 00:00:00;SO346682;C0021;AT001;465;2025-07-04 00:00:00;2025-06-28 00:00:00;2025-06-24 00:00:00;2025-06-18 00:00:00
2025-06-20 00:00:00;SO368709;C0030;CL001;947;2025-08-22 00:00:00;2025-08-27 00:00:00;2025-06-28 00:00:00;2025-07-03 00:00:00
2025-06-20 00:00:00;SO710707;C0017;CS002;552;2025-08-15 00:00:00;2025-08-17 00:00:00;2025-06-24 00:00:00;2025-06-26 00:00:00
2025-06-20 00:00:00;SO368709;C0030;VS005;664;2025-08-22 00:00:00;2025-08-18 00:00:00;2025-06-28 00:00:00;2025-06-24 00:00:00
2025-06-20 00:00:00;SO706316;C0027;AS002;819;2025-08-01 00:00:00;2025-07-31 00:00:00;2025-06-28 00:00:00;2025-06-27 00:00:00
2025-06-20 00:00:00;SO368709;C0030;CS002;944;2025-08-22 00:00:00;2025-08-22 00:00:00;2025-06-28 00:00:00;2025-06-28 00:00:00
2025-06-20 00:00:00;SO706316;C0027;AT001;574;2025-08-01 00:00:00;2025-08-05 00:00:00;2025-06-28 00:00:00;2025-07-02 00:00:00
2025-06-20 00:00:00;SO346682;C0021;AS004;1094;2025-07-04 00:00:00;2025-06-24 00:00:00;2025-06-24 00:00:00;2025-06-14 00:00:00
2025-06-20 00:00:00;SO706316;C0027;AS003;1078;2025-08-01 00:00:00;2025-07-23 00:00:00;2025-06-28 00:00:00;2025-06-19 00:00:00
2025-06-20 00:00:00;SO346682;C0021;VS005;849;2025-07-04 00:00:00;2025-07-10 00:00:00;2025-06-24 00:00:00;2025-06-30 00:00:00
2025-06-20 00:00:00;SO706316;C0027;AS004;363;2025-08-01 00:00:00;2025-07-31 00:00:00;2025-06-28 00:00:00;2025-06-27 00:00:00
2025-06-20 00:00:00;SO346682;C0021;CS002;400;2025-07-04 00:00:00;2025-07-12 00:00:00;2025-06-24 00:00:00;2025-07-02 00:00:00
2025-06-20 00:00:00;SO368709;C0030;CT001;342;2025-08-22 00:00:00;2025-08-22 00:00:00;2025-06-28 00:00:00;2025-06-28 00:00:00
2025-06-20 00:00:00;SO346682;C0021;AT002;385;2025-07-04 00:00:00;2025-07-04 00:00:00;2025-06-24 00:00:00;2025-06-24 00:00:00
2025-06-23 00:00:00;SO174177;C0020;CT001;690;2025-08-18 00:00:00;2025-08-19 00:00:00;2025-06-27 00:00:00;2025-06-28 00:00:00
2025-06-23 00:00:00;SO211440;C0011;AT002;768;2025-07-28 00:00:00;2025-08-06 00:00:00;2025-06-26 00:00:00;2025-07-05 00:00:00
2025-06-23 00:00:00;SO211440;C0011;CT001;1195;2025-07-28 00:00:00;2025-07-20 00:00:00;2025-06-26 00:00:00;2025-06-18 00:00:00
2025-06-23 00:00:00;SO211440;C0011;CL002;954;2025-07-28 00:00:00;2025-08-03 00:00:00;2025-06-26 00:00:00;2025-07-02 00:00:00
2025-06-23 00:00:00;SO211440;C0011;VS001;806;2025-07-28 00:00:00;2025-08-04 00:00:00;2025-06-26 00:00:00;2025-07-03 00:00:00
2025-06-23 00:00:00;SO211440;C0011;VS003;596;2025-07-28 00:00:00;2025-07-28 00:00:00;2025-06-26 00:00:00;2025-06-26 00:00:00
2025-06-23 00:00:00;SO211440;C0011;CS001;921;2025-07-28 00:00:00;2025-07-27 00:00:00;2025-06-26 00:00:00;2025-06-25 00:00:00
2025-06-23 00:00:00;SO211440;C0011;VS005;576;2025-07-28 00:00:00;2025-08-02 00:00:00;2025-06-26 00:00:00;2025-07-01 00:00:00
2025-06-23 00:00:00;SO174177;C0020;AS005;920;2025-08-18 00:00:00;2025-08-12 00:00:00;2025-06-27 00:00:00;2025-06-21 00:00:00
2025-06-23 00:00:00;SO211440;C0011;AS003;1000;2025-07-28 00:00:00;2025-07-31 00:00:00;2025-06-26 00:00:00;2025-06-29 00:00:00
2025-06-23 00:00:00;SO174177;C0020;VS005;439;2025-08-18 00:00:00;2025-08-09 00:00:00;2025-06-27 00:00:00;2025-06-18 00:00:00
2025-06-23 00:00:00;SO211440;C0011;CL001;471;2025-07-28 00:00:00;2025-08-02 00:00:00;2025-06-26 00:00:00;2025-07-01 00:00:00
2025-06-23 00:00:00;SO211440;C0011;CT003;965;2025-07-28 00:00:00;2025-08-04 00:00:00;2025-06-26 00:00:00;2025-07-03 00:00:00
2025-06-23 00:00:00;SO174177;C0020;AS002;783;2025-08-18 00:00:00;2025-08-25 00:00:00;2025-06-27 00:00:00;2025-07-04 00:00:00
2025-06-23 00:00:00;SO174177;C0020;AT001;767;2025-08-18 00:00:00;2025-08-25 00:00:00;2025-06-27 00:00:00;2025-07-04 00:00:00
2025-06-23 00:00:00;SO211440;C0011;CS002;625;2025-07-28 00:00:00;2025-08-01 00:00:00;2025-06-26 00:00:00;2025-06-30 00:00:00
2025-06-24 00:00:00;SO286457;C0004;AT001;286;2025-07-08 00:00:00;2025-06-28 00:00:00;2025-06-26 00:00:00;2025-06-16 00:00:00
2025-06-24 00:00:00;SO426385;C0010;CT003;705;2025-08-05 00:00:00;2025-08-08 00:00:00;2025-06-27 00:00:00;2025-06-30 00:00:00
2025-06-24 00:00:00;SO426385;C0010;AS001;688;2025-08-05 00:00:00;2025-08-02 00:00:00;2025-06-27 00:00:00;2025-06-24 00:00:00
2025-06-24 00:00:00;SO426385;C0010;VS003;1231;2025-08-05 00:00:00;2025-07-27 00:00:00;2025-06-27 00:00:00;2025-06-18 00:00:00
2025-06-24 00:00:00;SO426385;C0010;AT002;900;2025-08-05 00:00:00;2025-08-06 00:00:00;2025-06-27 00:00:00;2025-06-28 00:00:00
2025-06-24 00:00:00;SO286457;C0004;AS001;394;2025-07-08 00:00:00;2025-07-07 00:00:00;2025-06-26 00:00:00;2025-06-25 00:00:00
2025-06-24 00:00:00;SO286457;C0004;VS003;520;2025-07-08 00:00:00;2025-07-03 00:00:00;2025-06-26 00:00:00;2025-06-21 00:00:00
2025-06-24 00:00:00;SO286457;C0004;CS003;562;2025-07-08 00:00:00;2025-07-10 00:00:00;2025-06-26 00:00:00;2025-06-28 00:00:00
2025-06-24 00:00:00;SO286457;C0004;AT002;407;2025-07-08 00:00:00;2025-06-30 00:00:00;2025-06-26 00:00:00;2025-06-18 00:00:00
2025-06-24 00:00:00;SO286457;C0004;CL001;1028;2025-07-08 00:00:00;2025-07-07 00:00:00;2025-06-26 00:00:00;2025-06-25 00:00:00
2025-06-24 00:00:00;SO426385;C0010;CS002;765;2025-08-05 00:00:00;2025-08-05 00:00:00;2025-06-27 00:00:00;2025-06-27 00:00:00
2025-06-24 00:00:00;SO286457;C0004;VS005;1089;2025-07-08 00:00:00;2025-07-14 00:00:00;2025-06-26 00:00:00;2025-07-02 00:00:00
2025-06-24 00:00:00;SO286457;C0004;AS002;964;2025-07-08 00:00:00;2025-07-17 00:00:00;2025-06-26 00:00:00;2025-07-05 00:00:00
2025-06-24 00:00:00;SO426385;C0010;AS004;388;2025-08-05 00:00:00;2025-07-26 00:00:00;2025-06-27 00:00:00;2025-06-17 00:00:00
2025-06-24 00:00:00;SO426385;C0010;VS005;1039;2025-08-05 00:00:00;2025-08-11 00:00:00;2025-06-27 00:00:00;2025-07-03 00:00:00
2025-06-24 00:00:00;SO426385;C0010;AS003;909;2025-08-05 00:00:00;2025-08-13 00:00:00;2025-06-27 00:00:00;2025-07-05 00:00:00
2025-06-24 00:00:00;SO286457;C0004;CS004;372;2025-07-08 00:00:00;2025-07-14 00:00:00;2025-06-26 00:00:00;2025-07-02 00:00:00
2025-06-24 00:00:00;SO426385;C0010;CS001;706;2025-08-05 00:00:00;2025-08-13 00:00:00;2025-06-27 00:00:00;2025-07-05 00:00:00
2025-06-25 00:00:00;SO475540;C0010;CS001;352;2025-08-06 00:00:00;2025-08-01 00:00:00;2025-06-28 00:00:00;2025-06-23 00:00:00
2025-06-25 00:00:00;SO626167;C0018;CS001;1227;2025-08-27 00:00:00;2025-08-25 00:00:00;2025-06-29 00:00:00;2025-06-27 00:00:00
2025-06-25 00:00:00;SO626167;C0018;AS002;1005;2025-08-27 00:00:00;2025-09-03 00:00:00;2025-06-29 00:00:00;2025-07-06 00:00:00
2025-06-25 00:00:00;SO475540;C0010;VS003;1164;2025-08-06 00:00:00;2025-07-30 00:00:00;2025-06-28 00:00:00;2025-06-21 00:00:00
2025-06-25 00:00:00;SO626167;C0018;VS001;603;2025-08-27 00:00:00;2025-08-20 00:00:00;2025-06-29 00:00:00;2025-06-22 00:00:00
2025-06-25 00:00:00;SO626167;C0018;AL002;901;2025-08-27 00:00:00;2025-09-05 00:00:00;2025-06-29 00:00:00;2025-07-08 00:00:00
2025-06-25 00:00:00;SO626167;C0018;CS002;669;2025-08-27 00:00:00;2025-08-26 00:00:00;2025-06-29 00:00:00;2025-06-28 00:00:00
2025-06-25 00:00:00;SO626167;C0018;AS003;900;2025-08-27 00:00:00;2025-08-21 00:00:00;2025-06-29 00:00:00;2025-06-23 00:00:00
2025-06-25 00:00:00;SO475540;C0010;AL002;995;2025-08-06 00:00:00;2025-08-05 00:00:00;2025-06-28 00:00:00;2025-06-27 00:00:00
2025-06-25 00:00:00;SO475540;C0010;AS005;775;2025-08-06 00:00:00;2025-08-01 00:00:00;2025-06-28 00:00:00;2025-06-23 00:00:00
2025-06-25 00:00:00;SO475540;C0010;CS004;1078;2025-08-06 00:00:00;2025-08-10 00:00:00;2025-06-28 00:00:00;2025-07-02 00:00:00
2025-06-25 00:00:00;SO475540;C0010;CS002;649;2025-08-06 00:00:00;2025-08-09 00:00:00;2025-06-28 00:00:00;2025-07-01 00:00:00
2025-06-25 00:00:00;SO626167;C0018;AS001;985;2025-08-27 00:00:00;2025-08-17 00:00:00;2025-06-29 00:00:00;2025-06-19 00:00:00
2025-06-25 00:00:00;SO475540;C0010;CT001;574;2025-08-06 00:00:00;2025-08-02 00:00:00;2025-06-28 00:00:00;2025-06-24 00:00:00
2025-06-25 00:00:00;SO626167;C0018;CT003;1236;2025-08-27 00:00:00;2025-08-17 00:00:00;2025-06-29 00:00:00;2025-06-19 00:00:00
2025-06-25 00:00:00;SO626167;C0018;AS005;685;2025-08-27 00:00:00;2025-09-03 00:00:00;2025-06-29 00:00:00;2025-07-06 00:00:00
2025-06-25 00:00:00;SO475540;C0010;AS002;900;2025-08-06 00:00:00;2025-08-09 00:00:00;2025-06-28 00:00:00;2025-07-01 00:00:00
2025-06-25 00:00:00;SO475540;C0010;AT001;518;2025-08-06 00:00:00;2025-07-29 00:00:00;2025-06-28 00:00:00;2025-06-20 00:00:00
2025-06-25 00:00:00;SO475540;C0010;AT002;569;2025-08-06 00:00:00;2025-08-01 00:00:00;2025-06-28 00:00:00;2025-06-23 00:00:00
2025-06-26 00:00:00;SO609479;C0009;CS004;753;2025-07-10 00:00:00;2025-07-13 00:00:00;2025-06-29 00:00:00;2025-07-02 00:00:00
2025-06-26 00:00:00;SO737573;C0014;CT003;526;2025-07-31 00:00:00;2025-07-29 00:00:00;2025-06-30 00:00:00;2025-06-28 00:00:00
2025-06-26 00:00:00;SO609479;C0009;CL002;724;2025-07-10 00:00:00;2025-07-15 00:00:00;2025-06-29 00:00:00;2025-07-04 00:00:00
2025-06-26 00:00:00;SO609479;C0009;AS004;928;2025-07-10 00:00:00;2025-07-06 00:00:00;2025-06-29 00:00:00;2025-06-25 00:00:00
2025-06-26 00:00:00;SO737573;C0014;AT002;567;2025-07-31 00:00:00;2025-08-06 00:00:00;2025-06-30 00:00:00;2025-07-06 00:00:00
2025-06-26 00:00:00;SO737573;C0014;CS001;873;2025-07-31 00:00:00;2025-07-31 00:00:00;2025-06-30 00:00:00;2025-06-30 00:00:00
2025-06-26 00:00:00;SO609479;C0009;CS003;403;2025-07-10 00:00:00;2025-07-02 00:00:00;2025-06-29 00:00:00;2025-06-21 00:00:00
2025-06-26 00:00:00;SO609479;C0009;AS002;700;2025-07-10 00:00:00;2025-07-08 00:00:00;2025-06-29 00:00:00;2025-06-27 00:00:00
2025-06-26 00:00:00;SO737573;C0014;CS003;967;2025-07-31 00:00:00;2025-07-27 00:00:00;2025-06-30 00:00:00;2025-06-26 00:00:00
2025-06-26 00:00:00;SO737573;C0014;VS005;1020;2025-07-31 00:00:00;2025-07-21 00:00:00;2025-06-30 00:00:00;2025-06-20 00:00:00
2025-06-26 00:00:00;SO737573;C0014;CS004;407;2025-07-31 00:00:00;2025-07-29 00:00:00;2025-06-30 00:00:00;2025-06-28 00:00:00
2025-06-26 00:00:00;SO609479;C0009;AS001;864;2025-07-10 00:00:00;2025-07-06 00:00:00;2025-06-29 00:00:00;2025-06-25 00:00:00
2025-06-27 00:00:00;SO698206;C0021;VS001;869;2025-07-11 00:00:00;2025-07-17 00:00:00;2025-07-01 00:00:00;2025-07-07 00:00:00
2025-06-27 00:00:00;SO730525;C0005;AL002;486;2025-08-22 00:00:00;2025-08-20 00:00:00;2025-06-29 00:00:00;2025-06-27 00:00:00
2025-06-27 00:00:00;SO890869;C0003;AS003;577;2025-08-08 00:00:00;2025-08-09 00:00:00;2025-06-29 00:00:00;2025-06-30 00:00:00
2025-06-27 00:00:00;SO730525;C0005;VS001;771;2025-08-22 00:00:00;2025-08-23 00:00:00;2025-06-29 00:00:00;2025-06-30 00:00:00
2025-06-27 00:00:00;SO730525;C0005;CS003;959;2025-08-22 00:00:00;2025-09-01 00:00:00;2025-06-29 00:00:00;2025-07-09 00:00:00
2025-06-27 00:00:00;SO890869;C0003;AT001;865;2025-08-08 00:00:00;2025-08-08 00:00:00;2025-06-29 00:00:00;2025-06-29 00:00:00
2025-06-27 00:00:00;SO890869;C0003;CT001;652;2025-08-08 00:00:00;2025-08-02 00:00:00;2025-06-29 00:00:00;2025-06-23 00:00:00
2025-06-27 00:00:00;SO730525;C0005;CL002;859;2025-08-22 00:00:00;2025-08-18 00:00:00;2025-06-29 00:00:00;2025-06-25 00:00:00
2025-06-27 00:00:00;SO730525;C0005;AT002;709;2025-08-22 00:00:00;2025-08-26 00:00:00;2025-06-29 00:00:00;2025-07-03 00:00:00
2025-06-27 00:00:00;SO698206;C0021;CL001;647;2025-07-11 00:00:00;2025-07-20 00:00:00;2025-07-01 00:00:00;2025-07-10 00:00:00
2025-06-27 00:00:00;SO730525;C0005;CT001;807;2025-08-22 00:00:00;2025-08-27 00:00:00;2025-06-29 00:00:00;2025-07-04 00:00:00
2025-06-27 00:00:00;SO698206;C0021;CS004;749;2025-07-11 00:00:00;2025-07-05 00:00:00;2025-07-01 00:00:00;2025-06-25 00:00:00
2025-06-30 00:00:00;SO317041;C0007;CS004;1002;2025-09-01 00:00:00;2025-09-06 00:00:00;2025-07-03 00:00:00;2025-07-08 00:00:00
2025-06-30 00:00:00;SO530246;C0004;AS002;979;2025-07-14 00:00:00;2025-07-09 00:00:00;2025-07-02 00:00:00;2025-06-27 00:00:00
2025-06-30 00:00:00;SO885781;C0008;AS003;1061;2025-08-25 00:00:00;2025-08-21 00:00:00;2025-07-03 00:00:00;2025-06-29 00:00:00
2025-06-30 00:00:00;SO317041;C0007;VS001;632;2025-09-01 00:00:00;2025-09-08 00:00:00;2025-07-03 00:00:00;2025-07-10 00:00:00
2025-06-30 00:00:00;SO885781;C0008;CS002;555;2025-08-25 00:00:00;2025-08-29 00:00:00;2025-07-03 00:00:00;2025-07-07 00:00:00
2025-06-30 00:00:00;SO530246;C0004;AS001;1446;2025-07-14 00:00:00;2025-07-18 00:00:00;2025-07-02 00:00:00;2025-07-06 00:00:00
2025-06-30 00:00:00;SO530246;C0004;AT001;1117;2025-07-14 00:00:00;2025-07-08 00:00:00;2025-07-02 00:00:00;2025-06-26 00:00:00
2025-06-30 00:00:00;SO885781;C0008;AS005;995;2025-08-25 00:00:00;2025-09-01 00:00:00;2025-07-03 00:00:00;2025-07-10 00:00:00
2025-06-30 00:00:00;SO317041;C0007;AT001;729;2025-09-01 00:00:00;2025-09-02 00:00:00;2025-07-03 00:00:00;2025-07-04 00:00:00
2025-06-30 00:00:00;SO530246;C0004;AS003;765;2025-07-14 00:00:00;2025-07-18 00:00:00;2025-07-02 00:00:00;2025-07-06 00:00:00
2025-06-30 00:00:00;SO530246;C0004;VS005;1094;2025-07-14 00:00:00;2025-07-18 00:00:00;2025-07-02 00:00:00;2025-07-06 00:00:00
2025-06-30 00:00:00;SO885781;C0008;AT002;602;2025-08-25 00:00:00;2025-09-01 00:00:00;2025-07-03 00:00:00;2025-07-10 00:00:00
2025-06-30 00:00:00;SO317041;C0007;CT001;1130;2025-09-01 00:00:00;2025-09-02 00:00:00;2025-07-03 00:00:00;2025-07-04 00:00:00
2025-06-30 00:00:00;SO317041;C0007;AS004;850;2025-09-01 00:00:00;2025-09-09 00:00:00;2025-07-03 00:00:00;2025-07-11 00:00:00
2025-06-30 00:00:00;SO885781;C0008;AS002;535;2025-08-25 00:00:00;2025-08-31 00:00:00;2025-07-03 00:00:00;2025-07-09 00:00:00
2025-06-30 00:00:00;SO530246;C0004;AL002;308;2025-07-14 00:00:00;2025-07-17 00:00:00;2025-07-02 00:00:00;2025-07-05 00:00:00
2025-06-30 00:00:00;SO530246;C0004;AT002;512;2025-07-14 00:00:00;2025-07-21 00:00:00;2025-07-02 00:00:00;2025-07-09 00:00:00
2025-06-30 00:00:00;SO885781;C0008;VS001;1022;2025-08-25 00:00:00;2025-08-19 00:00:00;2025-07-03 00:00:00;2025-06-27 00:00:00
2025-06-30 00:00:00;SO530246;C0004;CL001;960;2025-07-14 00:00:00;2025-07-12 00:00:00;2025-07-02 00:00:00;2025-06-30 00:00:00
2025-06-30 00:00:00;SO317041;C0007;CL001;845;2025-09-01 00:00:00;2025-08-23 00:00:00;2025-07-03 00:00:00;2025-06-24 00:00:00
2025-07-01 00:00:00;SO817702;C0023;CL001;750;2025-08-05 00:00:00;2025-07-26 00:00:00;2025-07-05 00:00:00;2025-06-25 00:00:00
2025-07-01 00:00:00;SO537318;C0029;CS001;658;2025-08-26 00:00:00;2025-08-18 00:00:00;2025-07-09 00:00:00;2025-07-01 00:00:00
2025-07-01 00:00:00;SO705217;C0030;CL001;742;2025-09-02 00:00:00;2025-09-05 00:00:00;2025-07-09 00:00:00;2025-07-12 00:00:00
2025-07-01 00:00:00;SO817702;C0023;AS005;531;2025-08-05 00:00:00;2025-08-09 00:00:00;2025-07-05 00:00:00;2025-07-09 00:00:00
2025-07-01 00:00:00;SO817702;C0023;AL002;568;2025-08-05 00:00:00;2025-07-29 00:00:00;2025-07-05 00:00:00;2025-06-28 00:00:00
2025-07-01 00:00:00;SO817702;C0023;AL001;678;2025-08-05 00:00:00;2025-07-26 00:00:00;2025-07-05 00:00:00;2025-06-25 00:00:00
2025-07-01 00:00:00;SO705217;C0030;VS005;617;2025-09-02 00:00:00;2025-09-07 00:00:00;2025-07-09 00:00:00;2025-07-14 00:00:00
2025-07-01 00:00:00;SO537318;C0029;VS001;1170;2025-08-26 00:00:00;2025-09-05 00:00:00;2025-07-09 00:00:00;2025-07-19 00:00:00
2025-07-01 00:00:00;SO537318;C0029;CS003;328;2025-08-26 00:00:00;2025-08-20 00:00:00;2025-07-09 00:00:00;2025-07-03 00:00:00
2025-07-01 00:00:00;SO817702;C0023;VS003;572;2025-08-05 00:00:00;2025-08-04 00:00:00;2025-07-05 00:00:00;2025-07-04 00:00:00
2025-07-01 00:00:00;SO705217;C0030;VS003;877;2025-09-02 00:00:00;2025-09-12 00:00:00;2025-07-09 00:00:00;2025-07-19 00:00:00
2025-07-01 00:00:00;SO705217;C0030;AS003;591;2025-09-02 00:00:00;2025-08-27 00:00:00;2025-07-09 00:00:00;2025-07-03 00:00:00
2025-07-01 00:00:00;SO537318;C0029;CL002;601;2025-08-26 00:00:00;2025-08-28 00:00:00;2025-07-09 00:00:00;2025-07-11 00:00:00
2025-07-01 00:00:00;SO817702;C0023;CS002;374;2025-08-05 00:00:00;2025-08-13 00:00:00;2025-07-05 00:00:00;2025-07-13 00:00:00
2025-07-01 00:00:00;SO705217;C0030;CS001;1068;2025-09-02 00:00:00;2025-08-26 00:00:00;2025-07-09 00:00:00;2025-07-02 00:00:00
2025-07-02 00:00:00;SO550496;C0020;VS003;773;2025-08-27 00:00:00;2025-08-23 00:00:00;2025-07-06 00:00:00;2025-07-02 00:00:00
2025-07-02 00:00:00;SO662655;C0029;AS005;865;2025-08-27 00:00:00;2025-09-03 00:00:00;2025-07-10 00:00:00;2025-07-17 00:00:00
2025-07-02 00:00:00;SO966785;C0010;AL001;516;2025-08-13 00:00:00;2025-08-13 00:00:00;2025-07-05 00:00:00;2025-07-05 00:00:00
2025-07-02 00:00:00;SO662655;C0029;VS001;1092;2025-08-27 00:00:00;2025-08-31 00:00:00;2025-07-10 00:00:00;2025-07-14 00:00:00
2025-07-02 00:00:00;SO966785;C0010;CS002;637;2025-08-13 00:00:00;2025-08-14 00:00:00;2025-07-05 00:00:00;2025-07-06 00:00:00
2025-07-02 00:00:00;SO550496;C0020;VS001;537;2025-08-27 00:00:00;2025-09-05 00:00:00;2025-07-06 00:00:00;2025-07-15 00:00:00
2025-07-02 00:00:00;SO966785;C0010;AS003;715;2025-08-13 00:00:00;2025-08-11 00:00:00;2025-07-05 00:00:00;2025-07-03 00:00:00
2025-07-02 00:00:00;SO550496;C0020;AT001;301;2025-08-27 00:00:00;2025-08-19 00:00:00;2025-07-06 00:00:00;2025-06-28 00:00:00
2025-07-02 00:00:00;SO966785;C0010;VS004;1134;2025-08-13 00:00:00;2025-08-09 00:00:00;2025-07-05 00:00:00;2025-07-01 00:00:00
2025-07-02 00:00:00;SO966785;C0010;CS003;1028;2025-08-13 00:00:00;2025-08-13 00:00:00;2025-07-05 00:00:00;2025-07-05 00:00:00
2025-07-02 00:00:00;SO550496;C0020;AL001;956;2025-08-27 00:00:00;2025-08-20 00:00:00;2025-07-06 00:00:00;2025-06-29 00:00:00
2025-07-02 00:00:00;SO966785;C0010;AT002;485;2025-08-13 00:00:00;2025-08-07 00:00:00;2025-07-05 00:00:00;2025-06-29 00:00:00
2025-07-02 00:00:00;SO662655;C0029;VS002;307;2025-08-27 00:00:00;2025-08-28 00:00:00;2025-07-10 00:00:00;2025-07-11 00:00:00
2025-07-02 00:00:00;SO662655;C0029;VS004;664;2025-08-27 00:00:00;2025-08-24 00:00:00;2025-07-10 00:00:00;2025-07-07 00:00:00
2025-07-02 00:00:00;SO966785;C0010;AS001;967;2025-08-13 00:00:00;2025-08-13 00:00:00;2025-07-05 00:00:00;2025-07-05 00:00:00
2025-07-02 00:00:00;SO550496;C0020;CS001;923;2025-08-27 00:00:00;2025-09-06 00:00:00;2025-07-06 00:00:00;2025-07-16 00:00:00
2025-07-02 00:00:00;SO662655;C0029;CL001;929;2025-08-27 00:00:00;2025-08-31 00:00:00;2025-07-10 00:00:00;2025-07-14 00:00:00
2025-07-02 00:00:00;SO966785;C0010;CL001;889;2025-08-13 00:00:00;2025-08-17 00:00:00;2025-07-05 00:00:00;2025-07-09 00:00:00
2025-07-02 00:00:00;SO550496;C0020;AS003;797;2025-08-27 00:00:00;2025-08-23 00:00:00;2025-07-06 00:00:00;2025-07-02 00:00:00
2025-07-03 00:00:00;SO543420;C0030;VS005;1018;2025-09-04 00:00:00;2025-08-30 00:00:00;2025-07-11 00:00:00;2025-07-06 00:00:00
2025-07-03 00:00:00;SO770501;C0002;CT002;760;2025-08-07 00:00:00;2025-08-06 00:00:00;2025-07-05 00:00:00;2025-07-04 00:00:00
2025-07-03 00:00:00;SO540393;C0007;VS001;453;2025-09-04 00:00:00;2025-09-11 00:00:00;2025-07-06 00:00:00;2025-07-13 00:00:00
2025-07-03 00:00:00;SO337113;C0016;AS005;1094;2025-07-17 00:00:00;2025-07-21 00:00:00;2025-07-07 00:00:00;2025-07-11 00:00:00
2025-07-03 00:00:00;SO770501;C0002;CL002;374;2025-08-07 00:00:00;2025-08-10 00:00:00;2025-07-05 00:00:00;2025-07-08 00:00:00
2025-07-03 00:00:00;SO543420;C0030;VS003;426;2025-09-04 00:00:00;2025-09-04 00:00:00;2025-07-11 00:00:00;2025-07-11 00:00:00
2025-07-03 00:00:00;SO337113;C0016;AS001;537;2025-07-17 00:00:00;2025-07-15 00:00:00;2025-07-07 00:00:00;2025-07-05 00:00:00
2025-07-03 00:00:00;SO543420;C0030;AT001;1227;2025-09-04 00:00:00;2025-09-01 00:00:00;2025-07-11 00:00:00;2025-07-08 00:00:00
2025-07-03 00:00:00;SO540393;C0007;AS005;706;2025-09-04 00:00:00;2025-09-06 00:00:00;2025-07-06 00:00:00;2025-07-08 00:00:00
2025-07-03 00:00:00;SO770501;C0002;AS004;742;2025-08-07 00:00:00;2025-08-13 00:00:00;2025-07-05 00:00:00;2025-07-11 00:00:00
2025-07-03 00:00:00;SO543420;C0030;AS004;931;2025-09-04 00:00:00;2025-08-25 00:00:00;2025-07-11 00:00:00;2025-07-01 00:00:00
2025-07-03 00:00:00;SO770501;C0002;AL002;739;2025-08-07 00:00:00;2025-08-05 00:00:00;2025-07-05 00:00:00;2025-07-03 00:00:00
2025-07-03 00:00:00;SO540393;C0007;AS003;888;2025-09-04 00:00:00;2025-08-31 00:00:00;2025-07-06 00:00:00;2025-07-02 00:00:00
2025-07-03 00:00:00;SO543420;C0030;CT002;592;2025-09-04 00:00:00;2025-09-13 00:00:00;2025-07-11 00:00:00;2025-07-20 00:00:00
2025-07-03 00:00:00;SO540393;C0007;CL001;997;2025-09-04 00:00:00;2025-09-06 00:00:00;2025-07-06 00:00:00;2025-07-08 00:00:00
2025-07-03 00:00:00;SO543420;C0030;CS002;339;2025-09-04 00:00:00;2025-09-03 00:00:00;2025-07-11 00:00:00;2025-07-10 00:00:00
2025-07-03 00:00:00;SO543420;C0030;AT002;845;2025-09-04 00:00:00;2025-08-27 00:00:00;2025-07-11 00:00:00;2025-07-03 00:00:00
2025-07-03 00:00:00;SO337113;C0016;VS001;487;2025-07-17 00:00:00;2025-07-14 00:00:00;2025-07-07 00:00:00;2025-07-04 00:00:00
2025-07-03 00:00:00;SO770501;C0002;AT002;399;2025-08-07 00:00:00;2025-07-29 00:00:00;2025-07-05 00:00:00;2025-06-26 00:00:00
2025-07-03 00:00:00;SO770501;C0002;CS003;1293;2025-08-07 00:00:00;2025-08-16 00:00:00;2025-07-05 00:00:00;2025-07-14 00:00:00
2025-07-04 00:00:00;SO450047;C0008;VS004;1003;2025-08-29 00:00:00;2025-08-22 00:00:00;2025-07-07 00:00:00;2025-06-30 00:00:00
2025-07-04 00:00:00;SO180444;C0019;CT001;858;2025-09-05 00:00:00;2025-09-11 00:00:00;2025-07-08 00:00:00;2025-07-14 00:00:00
2025-07-04 00:00:00;SO450047;C0008;AT002;1130;2025-08-29 00:00:00;2025-08-30 00:00:00;2025-07-07 00:00:00;2025-07-08 00:00:00
2025-07-04 00:00:00;SO180444;C0019;AS004;678;2025-09-05 00:00:00;2025-09-11 00:00:00;2025-07-08 00:00:00;2025-07-14 00:00:00
2025-07-04 00:00:00;SO450047;C0008;CS002;1069;2025-08-29 00:00:00;2025-08-26 00:00:00;2025-07-07 00:00:00;2025-07-04 00:00:00
2025-07-04 00:00:00;SO450047;C0008;AS004;679;2025-08-29 00:00:00;2025-09-01 00:00:00;2025-07-07 00:00:00;2025-07-10 00:00:00
2025-07-04 00:00:00;SO180444;C0019;CS004;1097;2025-09-05 00:00:00;2025-08-30 00:00:00;2025-07-08 00:00:00;2025-07-02 00:00:00
2025-07-04 00:00:00;SO180444;C0019;CS003;572;2025-09-05 00:00:00;2025-09-13 00:00:00;2025-07-08 00:00:00;2025-07-16 00:00:00
2025-07-04 00:00:00;SO450047;C0008;AL001;312;2025-08-29 00:00:00;2025-08-27 00:00:00;2025-07-07 00:00:00;2025-07-05 00:00:00
2025-07-04 00:00:00;SO450047;C0008;AT001;352;2025-08-29 00:00:00;2025-08-21 00:00:00;2025-07-07 00:00:00;2025-06-29 00:00:00
2025-07-04 00:00:00;SO450047;C0008;VS001;720;2025-08-29 00:00:00;2025-08-27 00:00:00;2025-07-07 00:00:00;2025-07-05 00:00:00
2025-07-04 00:00:00;SO450047;C0008;CS003;900;2025-08-29 00:00:00;2025-09-05 00:00:00;2025-07-07 00:00:00;2025-07-14 00:00:00
2025-07-04 00:00:00;SO450047;C0008;CL002;827;2025-08-29 00:00:00;2025-09-06 00:00:00;2025-07-07 00:00:00;2025-07-15 00:00:00
2025-07-04 00:00:00;SO180444;C0019;VS004;1041;2025-09-05 00:00:00;2025-09-10 00:00:00;2025-07-08 00:00:00;2025-07-13 00:00:00
2025-07-04 00:00:00;SO450047;C0008;VS002;977;2025-08-29 00:00:00;2025-08-24 00:00:00;2025-07-07 00:00:00;2025-07-02 00:00:00
2025-07-07 00:00:00;SO797089;C0015;AT002;765;2025-08-18 00:00:00;2025-08-20 00:00:00;2025-07-11 00:00:00;2025-07-13 00:00:00
2025-07-07 00:00:00;SO927905;C0004;CL002;489;2025-07-21 00:00:00;2025-07-19 00:00:00;2025-07-09 00:00:00;2025-07-07 00:00:00
2025-07-07 00:00:00;SO405236;C0023;AL002;1144;2025-08-11 00:00:00;2025-08-11 00:00:00;2025-07-11 00:00:00;2025-07-11 00:00:00
2025-07-07 00:00:00;SO405236;C0023;CL002;578;2025-08-11 00:00:00;2025-08-18 00:00:00;2025-07-11 00:00:00;2025-07-18 00:00:00
2025-07-07 00:00:00;SO927905;C0004;CT001;506;2025-07-21 00:00:00;2025-07-27 00:00:00;2025-07-09 00:00:00;2025-07-15 00:00:00
2025-07-07 00:00:00;SO797089;C0015;AS004;992;2025-08-18 00:00:00;2025-08-26 00:00:00;2025-07-11 00:00:00;2025-07-19 00:00:00
2025-07-07 00:00:00;SO405236;C0023;AS003;680;2025-08-11 00:00:00;2025-08-19 00:00:00;2025-07-11 00:00:00;2025-07-19 00:00:00
2025-07-07 00:00:00;SO927905;C0004;AS004;925;2025-07-21 00:00:00;2025-07-18 00:00:00;2025-07-09 00:00:00;2025-07-06 00:00:00
2025-07-07 00:00:00;SO927905;C0004;CS001;924;2025-07-21 00:00:00;2025-07-19 00:00:00;2025-07-09 00:00:00;2025-07-07 00:00:00
2025-07-07 00:00:00;SO927905;C0004;CS002;612;2025-07-21 00:00:00;2025-07-12 00:00:00;2025-07-09 00:00:00;2025-06-30 00:00:00
2025-07-07 00:00:00;SO797089;C0015;VS003;870;2025-08-18 00:00:00;2025-08-16 00:00:00;2025-07-11 00:00:00;2025-07-09 00:00:00
2025-07-07 00:00:00;SO927905;C0004;VS004;962;2025-07-21 00:00:00;2025-07-12 00:00:00;2025-07-09 00:00:00;2025-06-30 00:00:00
2025-07-07 00:00:00;SO927905;C0004;VS005;1228;2025-07-21 00:00:00;2025-07-25 00:00:00;2025-07-09 00:00:00;2025-07-13 00:00:00
2025-07-08 00:00:00;SO625215;C0002;CL001;352;2025-08-12 00:00:00;2025-08-14 00:00:00;2025-07-10 00:00:00;2025-07-12 00:00:00
2025-07-08 00:00:00;SO115167;C0028;VS005;965;2025-07-22 00:00:00;2025-07-14 00:00:00;2025-07-16 00:00:00;2025-07-08 00:00:00
2025-07-08 00:00:00;SO625215;C0002;AT002;481;2025-08-12 00:00:00;2025-08-12 00:00:00;2025-07-10 00:00:00;2025-07-10 00:00:00
2025-07-08 00:00:00;SO115167;C0028;CL001;295;2025-07-22 00:00:00;2025-07-21 00:00:00;2025-07-16 00:00:00;2025-07-15 00:00:00
2025-07-08 00:00:00;SO115167;C0028;AT002;935;2025-07-22 00:00:00;2025-07-20 00:00:00;2025-07-16 00:00:00;2025-07-14 00:00:00
2025-07-08 00:00:00;SO625215;C0002;CT001;1044;2025-08-12 00:00:00;2025-08-02 00:00:00;2025-07-10 00:00:00;2025-06-30 00:00:00
2025-07-08 00:00:00;SO625215;C0002;VS002;577;2025-08-12 00:00:00;2025-08-17 00:00:00;2025-07-10 00:00:00;2025-07-15 00:00:00
2025-07-08 00:00:00;SO625215;C0002;CS003;872;2025-08-12 00:00:00;2025-08-18 00:00:00;2025-07-10 00:00:00;2025-07-16 00:00:00
2025-07-08 00:00:00;SO115167;C0028;CS001;853;2025-07-22 00:00:00;2025-08-01 00:00:00;2025-07-16 00:00:00;2025-07-26 00:00:00
2025-07-08 00:00:00;SO115167;C0028;CT002;776;2025-07-22 00:00:00;2025-07-26 00:00:00;2025-07-16 00:00:00;2025-07-20 00:00:00
2025-07-08 00:00:00;SO115167;C0028;VS003;788;2025-07-22 00:00:00;2025-07-17 00:00:00;2025-07-16 00:00:00;2025-07-11 00:00:00
2025-07-08 00:00:00;SO625215;C0002;CS001;538;2025-08-12 00:00:00;2025-08-11 00:00:00;2025-07-10 00:00:00;2025-07-09 00:00:00
2025-07-08 00:00:00;SO625215;C0002;CT002;389;2025-08-12 00:00:00;2025-08-07 00:00:00;2025-07-10 00:00:00;2025-07-05 00:00:00
2025-07-08 00:00:00;SO625215;C0002;VS004;451;2025-08-12 00:00:00;2025-08-07 00:00:00;2025-07-10 00:00:00;2025-07-05 00:00:00
2025-07-08 00:00:00;SO625215;C0002;AS005;1074;2025-08-12 00:00:00;2025-08-19 00:00:00;2025-07-10 00:00:00;2025-07-17 00:00:00
2025-07-08 00:00:00;SO625215;C0002;AL001;301;2025-08-12 00:00:00;2025-08-17 00:00:00;2025-07-10 00:00:00;2025-07-15 00:00:00
2025-07-08 00:00:00;SO115167;C0028;VS001;916;2025-07-22 00:00:00;2025-07-27 00:00:00;2025-07-16 00:00:00;2025-07-21 00:00:00
2025-07-09 00:00:00;SO168638;C0017;AS003;1084;2025-09-03 00:00:00;2025-08-28 00:00:00;2025-07-13 00:00:00;2025-07-07 00:00:00
2025-07-09 00:00:00;SO254119;C0007;CL001;985;2025-09-10 00:00:00;2025-09-14 00:00:00;2025-07-12 00:00:00;2025-07-16 00:00:00
2025-07-09 00:00:00;SO767890;C0014;CT001;525;2025-08-13 00:00:00;2025-08-03 00:00:00;2025-07-13 00:00:00;2025-07-03 00:00:00
2025-07-09 00:00:00;SO767890;C0014;VS004;1054;2025-08-13 00:00:00;2025-08-10 00:00:00;2025-07-13 00:00:00;2025-07-10 00:00:00
2025-07-09 00:00:00;SO254119;C0007;VS005;959;2025-09-10 00:00:00;2025-09-08 00:00:00;2025-07-12 00:00:00;2025-07-10 00:00:00
2025-07-09 00:00:00;SO168638;C0017;CS003;939;2025-09-03 00:00:00;2025-09-11 00:00:00;2025-07-13 00:00:00;2025-07-21 00:00:00
2025-07-09 00:00:00;SO168638;C0017;VS001;389;2025-09-03 00:00:00;2025-09-12 00:00:00;2025-07-13 00:00:00;2025-07-22 00:00:00
2025-07-09 00:00:00;SO767890;C0014;AS005;475;2025-08-13 00:00:00;2025-08-23 00:00:00;2025-07-13 00:00:00;2025-07-23 00:00:00
2025-07-09 00:00:00;SO168638;C0017;AS001;1134;2025-09-03 00:00:00;2025-09-11 00:00:00;2025-07-13 00:00:00;2025-07-21 00:00:00
2025-07-09 00:00:00;SO168638;C0017;VS002;1311;2025-09-03 00:00:00;2025-09-11 00:00:00;2025-07-13 00:00:00;2025-07-21 00:00:00
2025-07-09 00:00:00;SO767890;C0014;CS004;993;2025-08-13 00:00:00;2025-08-22 00:00:00;2025-07-13 00:00:00;2025-07-22 00:00:00
2025-07-09 00:00:00;SO168638;C0017;AS004;836;2025-09-03 00:00:00;2025-09-02 00:00:00;2025-07-13 00:00:00;2025-07-12 00:00:00
2025-07-09 00:00:00;SO767890;C0014;CL001;919;2025-08-13 00:00:00;2025-08-19 00:00:00;2025-07-13 00:00:00;2025-07-19 00:00:00
2025-07-09 00:00:00;SO767890;C0014;CS001;1258;2025-08-13 00:00:00;2025-08-23 00:00:00;2025-07-13 00:00:00;2025-07-23 00:00:00
2025-07-09 00:00:00;SO767890;C0014;AL001;941;2025-08-13 00:00:00;2025-08-05 00:00:00;2025-07-13 00:00:00;2025-07-05 00:00:00
2025-07-09 00:00:00;SO254119;C0007;AT002;1359;2025-09-10 00:00:00;2025-08-31 00:00:00;2025-07-12 00:00:00;2025-07-02 00:00:00
2025-07-09 00:00:00;SO767890;C0014;AS001;709;2025-08-13 00:00:00;2025-08-14 00:00:00;2025-07-13 00:00:00;2025-07-14 00:00:00
2025-07-10 00:00:00;SO804756;C0018;AL002;693;2025-09-11 00:00:00;2025-09-01 00:00:00;2025-07-14 00:00:00;2025-07-04 00:00:00
2025-07-10 00:00:00;SO262640;C0001;CS004;796;2025-08-07 00:00:00;2025-08-05 00:00:00;2025-07-12 00:00:00;2025-07-10 00:00:00
2025-07-10 00:00:00;SO262640;C0001;VS003;680;2025-08-07 00:00:00;2025-08-04 00:00:00;2025-07-12 00:00:00;2025-07-09 00:00:00
2025-07-10 00:00:00;SO262640;C0001;CL002;798;2025-08-07 00:00:00;2025-07-29 00:00:00;2025-07-12 00:00:00;2025-07-03 00:00:00
2025-07-10 00:00:00;SO804756;C0018;CS001;481;2025-09-11 00:00:00;2025-09-16 00:00:00;2025-07-14 00:00:00;2025-07-19 00:00:00
2025-07-10 00:00:00;SO262640;C0001;AL001;1296;2025-08-07 00:00:00;2025-08-11 00:00:00;2025-07-12 00:00:00;2025-07-16 00:00:00
2025-07-10 00:00:00;SO262640;C0001;CT002;417;2025-08-07 00:00:00;2025-08-06 00:00:00;2025-07-12 00:00:00;2025-07-11 00:00:00
2025-07-10 00:00:00;SO804756;C0018;VS003;934;2025-09-11 00:00:00;2025-09-06 00:00:00;2025-07-14 00:00:00;2025-07-09 00:00:00
2025-07-10 00:00:00;SO804756;C0018;VS004;353;2025-09-11 00:00:00;2025-09-11 00:00:00;2025-07-14 00:00:00;2025-07-14 00:00:00
2025-07-10 00:00:00;SO262640;C0001;CS002;1026;2025-08-07 00:00:00;2025-08-03 00:00:00;2025-07-12 00:00:00;2025-07-08 00:00:00
2025-07-10 00:00:00;SO804756;C0018;CT002;663;2025-09-11 00:00:00;2025-09-09 00:00:00;2025-07-14 00:00:00;2025-07-12 00:00:00
2025-07-10 00:00:00;SO262640;C0001;AT002;423;2025-08-07 00:00:00;2025-08-12 00:00:00;2025-07-12 00:00:00;2025-07-17 00:00:00
2025-07-10 00:00:00;SO804756;C0018;AS003;923;2025-09-11 00:00:00;2025-09-06 00:00:00;2025-07-14 00:00:00;2025-07-09 00:00:00
2025-07-11 00:00:00;SO402163;C0016;CS004;1088;2025-07-25 00:00:00;2025-07-24 00:00:00;2025-07-15 00:00:00;2025-07-14 00:00:00
2025-07-11 00:00:00;SO890278;C0020;CT001;1179;2025-09-05 00:00:00;2025-09-13 00:00:00;2025-07-15 00:00:00;2025-07-23 00:00:00
2025-07-11 00:00:00;SO544539;C0018;CS002;1072;2025-09-12 00:00:00;2025-09-10 00:00:00;2025-07-15 00:00:00;2025-07-13 00:00:00
2025-07-11 00:00:00;SO544539;C0018;VS002;799;2025-09-12 00:00:00;2025-09-11 00:00:00;2025-07-15 00:00:00;2025-07-14 00:00:00
2025-07-11 00:00:00;SO544539;C0018;CS004;775;2025-09-12 00:00:00;2025-09-03 00:00:00;2025-07-15 00:00:00;2025-07-06 00:00:00
2025-07-11 00:00:00;SO890278;C0020;CS002;409;2025-09-05 00:00:00;2025-09-11 00:00:00;2025-07-15 00:00:00;2025-07-21 00:00:00
2025-07-11 00:00:00;SO544539;C0018;VS004;1186;2025-09-12 00:00:00;2025-09-22 00:00:00;2025-07-15 00:00:00;2025-07-25 00:00:00
2025-07-11 00:00:00;SO544539;C0018;CL001;688;2025-09-12 00:00:00;2025-09-12 00:00:00;2025-07-15 00:00:00;2025-07-15 00:00:00
2025-07-11 00:00:00;SO890278;C0020;CL002;746;2025-09-05 00:00:00;2025-09-05 00:00:00;2025-07-15 00:00:00;2025-07-15 00:00:00
2025-07-11 00:00:00;SO402163;C0016;AS004;1108;2025-07-25 00:00:00;2025-07-21 00:00:00;2025-07-15 00:00:00;2025-07-11 00:00:00
2025-07-11 00:00:00;SO890278;C0020;AL002;1061;2025-09-05 00:00:00;2025-09-09 00:00:00;2025-07-15 00:00:00;2025-07-19 00:00:00
2025-07-11 00:00:00;SO890278;C0020;AS004;348;2025-09-05 00:00:00;2025-09-01 00:00:00;2025-07-15 00:00:00;2025-07-11 00:00:00
2025-07-11 00:00:00;SO890278;C0020;AL001;507;2025-09-05 00:00:00;2025-09-03 00:00:00;2025-07-15 00:00:00;2025-07-13 00:00:00
2025-07-11 00:00:00;SO890278;C0020;VS004;492;2025-09-05 00:00:00;2025-09-10 00:00:00;2025-07-15 00:00:00;2025-07-20 00:00:00
2025-07-11 00:00:00;SO890278;C0020;VS002;489;2025-09-05 00:00:00;2025-08-26 00:00:00;2025-07-15 00:00:00;2025-07-05 00:00:00
2025-07-11 00:00:00;SO890278;C0020;CT002;469;2025-09-05 00:00:00;2025-09-01 00:00:00;2025-07-15 00:00:00;2025-07-11 00:00:00
2025-07-11 00:00:00;SO890278;C0020;VS005;420;2025-09-05 00:00:00;2025-09-10 00:00:00;2025-07-15 00:00:00;2025-07-20 00:00:00
2025-07-11 00:00:00;SO544539;C0018;VS001;900;2025-09-12 00:00:00;2025-09-13 00:00:00;2025-07-15 00:00:00;2025-07-16 00:00:00
2025-07-11 00:00:00;SO402163;C0016;CS001;1355;2025-07-25 00:00:00;2025-08-04 00:00:00;2025-07-15 00:00:00;2025-07-25 00:00:00
2025-07-14 00:00:00;SO295495;C0004;VS001;1125;2025-07-28 00:00:00;2025-08-03 00:00:00;2025-07-16 00:00:00;2025-07-22 00:00:00
2025-07-14 00:00:00;SO209399;C0007;AS004;985;2025-09-15 00:00:00;2025-09-19 00:00:00;2025-07-17 00:00:00;2025-07-21 00:00:00
2025-07-14 00:00:00;SO751698;C0005;VS004;982;2025-09-08 00:00:00;2025-09-17 00:00:00;2025-07-16 00:00:00;2025-07-25 00:00:00
2025-07-14 00:00:00;SO295495;C0004;AS004;901;2025-07-28 00:00:00;2025-07-18 00:00:00;2025-07-16 00:00:00;2025-07-06 00:00:00
2025-07-14 00:00:00;SO209399;C0007;AS001;459;2025-09-15 00:00:00;2025-09-07 00:00:00;2025-07-17 00:00:00;2025-07-09 00:00:00
2025-07-14 00:00:00;SO751698;C0005;CT001;1156;2025-09-08 00:00:00;2025-09-09 00:00:00;2025-07-16 00:00:00;2025-07-17 00:00:00
2025-07-14 00:00:00;SO751698;C0005;CL002;1156;2025-09-08 00:00:00;2025-09-18 00:00:00;2025-07-16 00:00:00;2025-07-26 00:00:00
2025-07-14 00:00:00;SO295495;C0004;VS003;1399;2025-07-28 00:00:00;2025-08-02 00:00:00;2025-07-16 00:00:00;2025-07-21 00:00:00
2025-07-14 00:00:00;SO751698;C0005;VS005;632;2025-09-08 00:00:00;2025-08-30 00:00:00;2025-07-16 00:00:00;2025-07-07 00:00:00
2025-07-14 00:00:00;SO295495;C0004;AT002;648;2025-07-28 00:00:00;2025-07-28 00:00:00;2025-07-16 00:00:00;2025-07-16 00:00:00
2025-07-14 00:00:00;SO209399;C0007;CS003;307;2025-09-15 00:00:00;2025-09-25 00:00:00;2025-07-17 00:00:00;2025-07-27 00:00:00
2025-07-14 00:00:00;SO751698;C0005;AT002;882;2025-09-08 00:00:00;2025-09-12 00:00:00;2025-07-16 00:00:00;2025-07-20 00:00:00
2025-07-15 00:00:00;SO538684;C0012;AT002;824;2025-08-12 00:00:00;2025-08-03 00:00:00;2025-07-18 00:00:00;2025-07-09 00:00:00
2025-07-15 00:00:00;SO271269;C0025;AS004;780;2025-08-12 00:00:00;2025-08-06 00:00:00;2025-07-23 00:00:00;2025-07-17 00:00:00
2025-07-15 00:00:00;SO607760;C0018;CT001;305;2025-09-16 00:00:00;2025-09-12 00:00:00;2025-07-19 00:00:00;2025-07-15 00:00:00
2025-07-15 00:00:00;SO458038;C0029;CL002;826;2025-09-09 00:00:00;2025-09-11 00:00:00;2025-07-23 00:00:00;2025-07-25 00:00:00
2025-07-15 00:00:00;SO607760;C0018;VS002;1174;2025-09-16 00:00:00;2025-09-12 00:00:00;2025-07-19 00:00:00;2025-07-15 00:00:00
2025-07-15 00:00:00;SO538684;C0012;VS003;384;2025-08-12 00:00:00;2025-08-17 00:00:00;2025-07-18 00:00:00;2025-07-23 00:00:00
2025-07-15 00:00:00;SO538684;C0012;AL001;1057;2025-08-12 00:00:00;2025-08-18 00:00:00;2025-07-18 00:00:00;2025-07-24 00:00:00
2025-07-15 00:00:00;SO607760;C0018;VS003;1373;2025-09-16 00:00:00;2025-09-07 00:00:00;2025-07-19 00:00:00;2025-07-10 00:00:00
2025-07-15 00:00:00;SO271269;C0025;CS003;777;2025-08-12 00:00:00;2025-08-16 00:00:00;2025-07-23 00:00:00;2025-07-27 00:00:00
2025-07-15 00:00:00;SO458038;C0029;VS001;1245;2025-09-09 00:00:00;2025-09-15 00:00:00;2025-07-23 00:00:00;2025-07-29 00:00:00
2025-07-15 00:00:00;SO607760;C0018;VS001;690;2025-09-16 00:00:00;2025-09-07 00:00:00;2025-07-19 00:00:00;2025-07-10 00:00:00
2025-07-15 00:00:00;SO607760;C0018;AL002;413;2025-09-16 00:00:00;2025-09-13 00:00:00;2025-07-19 00:00:00;2025-07-16 00:00:00
2025-07-16 00:00:00;SO970467;C0020;CT002;1243;2025-09-10 00:00:00;2025-09-17 00:00:00;2025-07-20 00:00:00;2025-07-27 00:00:00
2025-07-16 00:00:00;SO843174;C0011;AS003;750;2025-08-20 00:00:00;2025-08-21 00:00:00;2025-07-19 00:00:00;2025-07-20 00:00:00
2025-07-16 00:00:00;SO787799;C0009;AL002;1079;2025-07-30 00:00:00;2025-07-27 00:00:00;2025-07-19 00:00:00;2025-07-16 00:00:00
2025-07-16 00:00:00;SO874464;C0024;AT002;872;2025-08-13 00:00:00;2025-08-12 00:00:00;2025-07-20 00:00:00;2025-07-19 00:00:00
2025-07-16 00:00:00;SO843174;C0011;AT002;1079;2025-08-20 00:00:00;2025-08-25 00:00:00;2025-07-19 00:00:00;2025-07-24 00:00:00
2025-07-16 00:00:00;SO787799;C0009;VS002;780;2025-07-30 00:00:00;2025-07-30 00:00:00;2025-07-19 00:00:00;2025-07-19 00:00:00
2025-07-16 00:00:00;SO787799;C0009;AS003;734;2025-07-30 00:00:00;2025-08-09 00:00:00;2025-07-19 00:00:00;2025-07-29 00:00:00
2025-07-16 00:00:00;SO843174;C0011;VS002;603;2025-08-20 00:00:00;2025-08-22 00:00:00;2025-07-19 00:00:00;2025-07-21 00:00:00
2025-07-16 00:00:00;SO787799;C0009;CS004;944;2025-07-30 00:00:00;2025-07-30 00:00:00;2025-07-19 00:00:00;2025-07-19 00:00:00
2025-07-16 00:00:00;SO970467;C0020;VS004;1235;2025-09-10 00:00:00;2025-09-03 00:00:00;2025-07-20 00:00:00;2025-07-13 00:00:00
2025-07-16 00:00:00;SO874464;C0024;CT002;908;2025-08-13 00:00:00;2025-08-06 00:00:00;2025-07-20 00:00:00;2025-07-13 00:00:00
2025-07-16 00:00:00;SO970467;C0020;AS003;755;2025-09-10 00:00:00;2025-09-16 00:00:00;2025-07-20 00:00:00;2025-07-26 00:00:00
2025-07-16 00:00:00;SO970467;C0020;VS005;698;2025-09-10 00:00:00;2025-08-31 00:00:00;2025-07-20 00:00:00;2025-07-10 00:00:00
2025-07-16 00:00:00;SO970467;C0020;CT001;606;2025-09-10 00:00:00;2025-09-12 00:00:00;2025-07-20 00:00:00;2025-07-22 00:00:00
2025-07-16 00:00:00;SO970467;C0020;CS001;669;2025-09-10 00:00:00;2025-09-02 00:00:00;2025-07-20 00:00:00;2025-07-12 00:00:00
2025-07-16 00:00:00;SO970467;C0020;AS004;506;2025-09-10 00:00:00;2025-09-15 00:00:00;2025-07-20 00:00:00;2025-07-25 00:00:00
2025-07-16 00:00:00;SO970467;C0020;AT002;369;2025-09-10 00:00:00;2025-09-12 00:00:00;2025-07-20 00:00:00;2025-07-22 00:00:00
2025-07-16 00:00:00;SO843174;C0011;AT001;822;2025-08-20 00:00:00;2025-08-16 00:00:00;2025-07-19 00:00:00;2025-07-15 00:00:00
2025-07-16 00:00:00;SO970467;C0020;CL001;984;2025-09-10 00:00:00;2025-09-17 00:00:00;2025-07-20 00:00:00;2025-07-27 00:00:00
2025-07-17 00:00:00;SO493405;C0013;VS001;1063;2025-08-14 00:00:00;2025-08-11 00:00:00;2025-07-21 00:00:00;2025-07-18 00:00:00
2025-07-17 00:00:00;SO210015;C0009;AS005;869;2025-07-31 00:00:00;2025-08-04 00:00:00;2025-07-20 00:00:00;2025-07-24 00:00:00
2025-07-17 00:00:00;SO369504;C0005;CS004;1082;2025-09-11 00:00:00;2025-09-19 00:00:00;2025-07-19 00:00:00;2025-07-27 00:00:00
2025-07-17 00:00:00;SO210015;C0009;CS001;992;2025-07-31 00:00:00;2025-08-01 00:00:00;2025-07-20 00:00:00;2025-07-21 00:00:00
2025-07-17 00:00:00;SO493405;C0013;AS005;1078;2025-08-14 00:00:00;2025-08-17 00:00:00;2025-07-21 00:00:00;2025-07-24 00:00:00
2025-07-17 00:00:00;SO210015;C0009;AS001;1088;2025-07-31 00:00:00;2025-07-31 00:00:00;2025-07-20 00:00:00;2025-07-20 00:00:00
2025-07-17 00:00:00;SO210015;C0009;VS004;767;2025-07-31 00:00:00;2025-07-25 00:00:00;2025-07-20 00:00:00;2025-07-14 00:00:00
2025-07-17 00:00:00;SO369504;C0005;AL001;625;2025-09-11 00:00:00;2025-09-16 00:00:00;2025-07-19 00:00:00;2025-07-24 00:00:00
2025-07-17 00:00:00;SO369504;C0005;AS005;261;2025-09-11 00:00:00;2025-09-18 00:00:00;2025-07-19 00:00:00;2025-07-26 00:00:00
2025-07-17 00:00:00;SO493405;C0013;VS003;734;2025-08-14 00:00:00;2025-08-19 00:00:00;2025-07-21 00:00:00;2025-07-26 00:00:00
2025-07-17 00:00:00;SO369504;C0005;CS003;916;2025-09-11 00:00:00;2025-09-18 00:00:00;2025-07-19 00:00:00;2025-07-26 00:00:00
2025-07-17 00:00:00;SO210015;C0009;CS002;903;2025-07-31 00:00:00;2025-08-04 00:00:00;2025-07-20 00:00:00;2025-07-24 00:00:00
2025-07-17 00:00:00;SO493405;C0013;AL002;480;2025-08-14 00:00:00;2025-08-11 00:00:00;2025-07-21 00:00:00;2025-07-18 00:00:00
2025-07-17 00:00:00;SO493405;C0013;CS002;1079;2025-08-14 00:00:00;2025-08-08 00:00:00;2025-07-21 00:00:00;2025-07-15 00:00:00
2025-07-18 00:00:00;SO9000078;C0030;CS003;855;2025-09-19 00:00:00;2025-09-12 00:00:00;2025-07-26 00:00:00;2025-07-19 00:00:00
2025-07-18 00:00:00;SO566544;C0020;AS003;362;2025-09-12 00:00:00;2025-09-09 00:00:00;2025-07-22 00:00:00;2025-07-19 00:00:00
2025-07-18 00:00:00;SO544557;C0027;CT001;893;2025-08-29 00:00:00;2025-08-20 00:00:00;2025-07-26 00:00:00;2025-07-17 00:00:00
2025-07-18 00:00:00;SO544557;C0027;VS005;601;2025-08-29 00:00:00;2025-09-07 00:00:00;2025-07-26 00:00:00;2025-08-04 00:00:00
2025-07-18 00:00:00;SO9000078;C0030;AS004;640;2025-09-19 00:00:00;2025-09-12 00:00:00;2025-07-26 00:00:00;2025-07-19 00:00:00
2025-07-18 00:00:00;SO544557;C0027;AL002;374;2025-08-29 00:00:00;2025-08-23 00:00:00;2025-07-26 00:00:00;2025-07-20 00:00:00
2025-07-18 00:00:00;SO566544;C0020;VS002;1026;2025-09-12 00:00:00;2025-09-05 00:00:00;2025-07-22 00:00:00;2025-07-15 00:00:00
2025-07-18 00:00:00;SO544557;C0027;CL002;947;2025-08-29 00:00:00;2025-08-27 00:00:00;2025-07-26 00:00:00;2025-07-24 00:00:00
2025-07-18 00:00:00;SO9000078;C0030;VS004;680;2025-09-19 00:00:00;2025-09-15 00:00:00;2025-07-26 00:00:00;2025-07-22 00:00:00
2025-07-18 00:00:00;SO566544;C0020;AS005;635;2025-09-12 00:00:00;2025-09-15 00:00:00;2025-07-22 00:00:00;2025-07-25 00:00:00
2025-07-18 00:00:00;SO566544;C0020;AS001;700;2025-09-12 00:00:00;2025-09-20 00:00:00;2025-07-22 00:00:00;2025-07-30 00:00:00
2025-07-18 00:00:00;SO566544;C0020;CS002;1169;2025-09-12 00:00:00;2025-09-05 00:00:00;2025-07-22 00:00:00;2025-07-15 00:00:00
2025-07-18 00:00:00;SO544557;C0027;AT002;1144;2025-08-29 00:00:00;2025-09-08 00:00:00;2025-07-26 00:00:00;2025-08-05 00:00:00
2025-07-18 00:00:00;SO566544;C0020;CT002;1016;2025-09-12 00:00:00;2025-09-05 00:00:00;2025-07-22 00:00:00;2025-07-15 00:00:00
2025-07-18 00:00:00;SO9000078;C0030;AT002;561;2025-09-19 00:00:00;2025-09-16 00:00:00;2025-07-26 00:00:00;2025-07-23 00:00:00
2025-07-18 00:00:00;SO9000078;C0030;AS003;312;2025-09-19 00:00:00;2025-09-25 00:00:00;2025-07-26 00:00:00;2025-08-01 00:00:00
2025-07-18 00:00:00;SO566544;C0020;AT001;444;2025-09-12 00:00:00;2025-09-10 00:00:00;2025-07-22 00:00:00;2025-07-20 00:00:00
2025-07-18 00:00:00;SO566544;C0020;CL001;931;2025-09-12 00:00:00;2025-09-11 00:00:00;2025-07-22 00:00:00;2025-07-21 00:00:00
2025-07-18 00:00:00;SO566544;C0020;AT002;514;2025-09-12 00:00:00;2025-09-15 00:00:00;2025-07-22 00:00:00;2025-07-25 00:00:00
2025-07-18 00:00:00;SO544557;C0027;CS002;398;2025-08-29 00:00:00;2025-08-20 00:00:00;2025-07-26 00:00:00;2025-07-17 00:00:00
2025-07-21 00:00:00;SO332740;C0028;CT002;864;2025-08-04 00:00:00;2025-07-26 00:00:00;2025-07-29 00:00:00;2025-07-20 00:00:00
2025-07-21 00:00:00;SO521230;C0015;CS001;786;2025-09-01 00:00:00;2025-08-29 00:00:00;2025-07-25 00:00:00;2025-07-22 00:00:00
2025-07-21 00:00:00;SO400246;C0002;CS003;1034;2025-08-25 00:00:00;2025-08-18 00:00:00;2025-07-23 00:00:00;2025-07-16 00:00:00
2025-07-21 00:00:00;SO947118;C0030;AS004;349;2025-09-22 00:00:00;2025-09-14 00:00:00;2025-07-29 00:00:00;2025-07-21 00:00:00
2025-07-21 00:00:00;SO400246;C0002;CL001;337;2025-08-25 00:00:00;2025-09-02 00:00:00;2025-07-23 00:00:00;2025-07-31 00:00:00
2025-07-21 00:00:00;SO332740;C0028;VS001;681;2025-08-04 00:00:00;2025-08-09 00:00:00;2025-07-29 00:00:00;2025-08-03 00:00:00
2025-07-21 00:00:00;SO521230;C0015;AL002;379;2025-09-01 00:00:00;2025-09-09 00:00:00;2025-07-25 00:00:00;2025-08-02 00:00:00
2025-07-21 00:00:00;SO521230;C0015;AS003;1220;2025-09-01 00:00:00;2025-08-28 00:00:00;2025-07-25 00:00:00;2025-07-21 00:00:00
2025-07-21 00:00:00;SO521230;C0015;AL001;848;2025-09-01 00:00:00;2025-08-26 00:00:00;2025-07-25 00:00:00;2025-07-19 00:00:00
2025-07-21 00:00:00;SO332740;C0028;AT002;712;2025-08-04 00:00:00;2025-08-12 00:00:00;2025-07-29 00:00:00;2025-08-06 00:00:00
2025-07-21 00:00:00;SO400246;C0002;VS004;837;2025-08-25 00:00:00;2025-08-24 00:00:00;2025-07-23 00:00:00;2025-07-22 00:00:00
2025-07-21 00:00:00;SO947118;C0030;VS002;739;2025-09-22 00:00:00;2025-10-02 00:00:00;2025-07-29 00:00:00;2025-08-08 00:00:00
2025-07-21 00:00:00;SO521230;C0015;AT001;998;2025-09-01 00:00:00;2025-09-11 00:00:00;2025-07-25 00:00:00;2025-08-04 00:00:00
2025-07-21 00:00:00;SO521230;C0015;CL001;665;2025-09-01 00:00:00;2025-09-03 00:00:00;2025-07-25 00:00:00;2025-07-27 00:00:00
2025-07-21 00:00:00;SO521230;C0015;AS004;710;2025-09-01 00:00:00;2025-09-02 00:00:00;2025-07-25 00:00:00;2025-07-26 00:00:00
2025-07-21 00:00:00;SO947118;C0030;AS003;606;2025-09-22 00:00:00;2025-09-20 00:00:00;2025-07-29 00:00:00;2025-07-27 00:00:00
2025-07-21 00:00:00;SO521230;C0015;AT002;1033;2025-09-01 00:00:00;2025-09-05 00:00:00;2025-07-25 00:00:00;2025-07-29 00:00:00
2025-07-22 00:00:00;SO454927;C0021;CS004;1083;2025-08-05 00:00:00;2025-08-12 00:00:00;2025-07-26 00:00:00;2025-08-02 00:00:00
2025-07-22 00:00:00;SO260193;C0004;CS002;661;2025-08-05 00:00:00;2025-08-05 00:00:00;2025-07-24 00:00:00;2025-07-24 00:00:00
2025-07-22 00:00:00;SO608802;C0001;CL002;1092;2025-08-19 00:00:00;2025-08-09 00:00:00;2025-07-24 00:00:00;2025-07-14 00:00:00
2025-07-22 00:00:00;SO260193;C0004;VS001;474;2025-08-05 00:00:00;2025-08-07 00:00:00;2025-07-24 00:00:00;2025-07-26 00:00:00
2025-07-22 00:00:00;SO454927;C0021;AT002;875;2025-08-05 00:00:00;2025-07-30 00:00:00;2025-07-26 00:00:00;2025-07-20 00:00:00
2025-07-22 00:00:00;SO260193;C0004;AS004;486;2025-08-05 00:00:00;2025-08-14 00:00:00;2025-07-24 00:00:00;2025-08-02 00:00:00
2025-07-22 00:00:00;SO608802;C0001;VS003;1133;2025-08-19 00:00:00;2025-08-12 00:00:00;2025-07-24 00:00:00;2025-07-17 00:00:00
2025-07-22 00:00:00;SO608802;C0001;VS001;512;2025-08-19 00:00:00;2025-08-20 00:00:00;2025-07-24 00:00:00;2025-07-25 00:00:00
2025-07-22 00:00:00;SO260193;C0004;VS004;577;2025-08-05 00:00:00;2025-08-07 00:00:00;2025-07-24 00:00:00;2025-07-26 00:00:00
2025-07-22 00:00:00;SO454927;C0021;AT001;1340;2025-08-05 00:00:00;2025-08-13 00:00:00;2025-07-26 00:00:00;2025-08-03 00:00:00
2025-07-22 00:00:00;SO260193;C0004;VS005;1177;2025-08-05 00:00:00;2025-08-11 00:00:00;2025-07-24 00:00:00;2025-07-30 00:00:00
2025-07-22 00:00:00;SO454927;C0021;CL002;862;2025-08-05 00:00:00;2025-08-05 00:00:00;2025-07-26 00:00:00;2025-07-26 00:00:00
2025-07-22 00:00:00;SO608802;C0001;AL002;512;2025-08-19 00:00:00;2025-08-18 00:00:00;2025-07-24 00:00:00;2025-07-23 00:00:00
2025-07-22 00:00:00;SO454927;C0021;AL001;281;2025-08-05 00:00:00;2025-08-06 00:00:00;2025-07-26 00:00:00;2025-07-27 00:00:00
2025-07-22 00:00:00;SO260193;C0004;AS005;745;2025-08-05 00:00:00;2025-08-06 00:00:00;2025-07-24 00:00:00;2025-07-25 00:00:00
2025-07-22 00:00:00;SO608802;C0001;CS001;438;2025-08-19 00:00:00;2025-08-29 00:00:00;2025-07-24 00:00:00;2025-08-03 00:00:00
2025-07-22 00:00:00;SO608802;C0001;AL001;804;2025-08-19 00:00:00;2025-08-27 00:00:00;2025-07-24 00:00:00;2025-08-01 00:00:00
2025-07-22 00:00:00;SO454927;C0021;CT001;400;2025-08-05 00:00:00;2025-08-09 00:00:00;2025-07-26 00:00:00;2025-07-30 00:00:00
2025-07-23 00:00:00;SO189042;C0001;AS001;996;2025-08-20 00:00:00;2025-08-25 00:00:00;2025-07-25 00:00:00;2025-07-30 00:00:00
2025-07-23 00:00:00;SO156061;C0007;CL001;798;2025-09-24 00:00:00;2025-09-17 00:00:00;2025-07-26 00:00:00;2025-07-19 00:00:00
2025-07-23 00:00:00;SO864477;C0028;AL001;1008;2025-08-06 00:00:00;2025-07-29 00:00:00;2025-07-31 00:00:00;2025-07-23 00:00:00
2025-07-23 00:00:00;SO189042;C0001;CS003;291;2025-08-20 00:00:00;2025-08-21 00:00:00;2025-07-25 00:00:00;2025-07-26 00:00:00
2025-07-23 00:00:00;SO864477;C0028;CT001;819;2025-08-06 00:00:00;2025-08-16 00:00:00;2025-07-31 00:00:00;2025-08-10 00:00:00
2025-07-23 00:00:00;SO864477;C0028;CT002;399;2025-08-06 00:00:00;2025-07-31 00:00:00;2025-07-31 00:00:00;2025-07-25 00:00:00
2025-07-23 00:00:00;SO864477;C0028;VS005;826;2025-08-06 00:00:00;2025-08-07 00:00:00;2025-07-31 00:00:00;2025-08-01 00:00:00
2025-07-23 00:00:00;SO864477;C0028;AT002;454;2025-08-06 00:00:00;2025-08-08 00:00:00;2025-07-31 00:00:00;2025-08-02 00:00:00
2025-07-23 00:00:00;SO156061;C0007;AS004;935;2025-09-24 00:00:00;2025-09-22 00:00:00;2025-07-26 00:00:00;2025-07-24 00:00:00
2025-07-23 00:00:00;SO156061;C0007;CS004;599;2025-09-24 00:00:00;2025-09-19 00:00:00;2025-07-26 00:00:00;2025-07-21 00:00:00
2025-07-23 00:00:00;SO864477;C0028;AL002;412;2025-08-06 00:00:00;2025-08-02 00:00:00;2025-07-31 00:00:00;2025-07-27 00:00:00
2025-07-23 00:00:00;SO156061;C0007;CL002;372;2025-09-24 00:00:00;2025-09-21 00:00:00;2025-07-26 00:00:00;2025-07-23 00:00:00
2025-07-23 00:00:00;SO156061;C0007;AS001;584;2025-09-24 00:00:00;2025-09-26 00:00:00;2025-07-26 00:00:00;2025-07-28 00:00:00
2025-07-24 00:00:00;SO930764;C0021;AS003;638;2025-08-07 00:00:00;2025-08-05 00:00:00;2025-07-28 00:00:00;2025-07-26 00:00:00
2025-07-24 00:00:00;SO494893;C0012;CS002;643;2025-08-21 00:00:00;2025-08-17 00:00:00;2025-07-27 00:00:00;2025-07-23 00:00:00
2025-07-24 00:00:00;SO320182;C0011;AT001;839;2025-08-28 00:00:00;2025-08-20 00:00:00;2025-07-27 00:00:00;2025-07-19 00:00:00
2025-07-24 00:00:00;SO677974;C0024;AS003;465;2025-08-21 00:00:00;2025-08-25 00:00:00;2025-07-28 00:00:00;2025-08-01 00:00:00
2025-07-24 00:00:00;SO320182;C0011;CS004;890;2025-08-28 00:00:00;2025-08-30 00:00:00;2025-07-27 00:00:00;2025-07-29 00:00:00
2025-07-24 00:00:00;SO930764;C0021;AT002;966;2025-08-07 00:00:00;2025-08-16 00:00:00;2025-07-28 00:00:00;2025-08-06 00:00:00
2025-07-24 00:00:00;SO320182;C0011;CS003;1211;2025-08-28 00:00:00;2025-09-07 00:00:00;2025-07-27 00:00:00;2025-08-06 00:00:00
2025-07-24 00:00:00;SO677974;C0024;AS004;593;2025-08-21 00:00:00;2025-08-17 00:00:00;2025-07-28 00:00:00;2025-07-24 00:00:00
2025-07-24 00:00:00;SO930764;C0021;CS001;976;2025-08-07 00:00:00;2025-08-02 00:00:00;2025-07-28 00:00:00;2025-07-23 00:00:00
2025-07-24 00:00:00;SO494893;C0012;AS004;1143;2025-08-21 00:00:00;2025-08-19 00:00:00;2025-07-27 00:00:00;2025-07-25 00:00:00
2025-07-24 00:00:00;SO677974;C0024;AS005;292;2025-08-21 00:00:00;2025-08-15 00:00:00;2025-07-28 00:00:00;2025-07-22 00:00:00
2025-07-24 00:00:00;SO677974;C0024;CT002;485;2025-08-21 00:00:00;2025-08-21 00:00:00;2025-07-28 00:00:00;2025-07-28 00:00:00
2025-07-24 00:00:00;SO930764;C0021;CL001;908;2025-08-07 00:00:00;2025-08-15 00:00:00;2025-07-28 00:00:00;2025-08-05 00:00:00
2025-07-24 00:00:00;SO930764;C0021;CS004;634;2025-08-07 00:00:00;2025-08-16 00:00:00;2025-07-28 00:00:00;2025-08-06 00:00:00
2025-07-24 00:00:00;SO677974;C0024;CS003;864;2025-08-21 00:00:00;2025-08-15 00:00:00;2025-07-28 00:00:00;2025-07-22 00:00:00
2025-07-24 00:00:00;SO930764;C0021;AS004;514;2025-08-07 00:00:00;2025-08-15 00:00:00;2025-07-28 00:00:00;2025-08-05 00:00:00
2025-07-24 00:00:00;SO320182;C0011;VS003;813;2025-08-28 00:00:00;2025-08-30 00:00:00;2025-07-27 00:00:00;2025-07-29 00:00:00
2025-07-24 00:00:00;SO677974;C0024;CS002;1068;2025-08-21 00:00:00;2025-08-12 00:00:00;2025-07-28 00:00:00;2025-07-19 00:00:00
2025-07-25 00:00:00;SO125946;C0015;AS004;1182;2025-09-05 00:00:00;2025-09-06 00:00:00;2025-07-29 00:00:00;2025-07-30 00:00:00
2025-07-25 00:00:00;SO375124;C0005;AS001;654;2025-09-19 00:00:00;2025-09-18 00:00:00;2025-07-27 00:00:00;2025-07-26 00:00:00
2025-07-25 00:00:00;SO125946;C0015;AL002;1148;2025-09-05 00:00:00;2025-09-03 00:00:00;2025-07-29 00:00:00;2025-07-27 00:00:00
2025-07-25 00:00:00;SO375124;C0005;AS003;928;2025-09-19 00:00:00;2025-09-27 00:00:00;2025-07-27 00:00:00;2025-08-04 00:00:00
2025-07-25 00:00:00;SO375124;C0005;CT001;1027;2025-09-19 00:00:00;2025-09-12 00:00:00;2025-07-27 00:00:00;2025-07-20 00:00:00
2025-07-25 00:00:00;SO375124;C0005;CL002;414;2025-09-19 00:00:00;2025-09-18 00:00:00;2025-07-27 00:00:00;2025-07-26 00:00:00
2025-07-25 00:00:00;SO375124;C0005;CT002;1090;2025-09-19 00:00:00;2025-09-21 00:00:00;2025-07-27 00:00:00;2025-07-29 00:00:00
2025-07-25 00:00:00;SO125946;C0015;CS002;1212;2025-09-05 00:00:00;2025-09-08 00:00:00;2025-07-29 00:00:00;2025-08-01 00:00:00
2025-07-25 00:00:00;SO125946;C0015;VS004;895;2025-09-05 00:00:00;2025-08-28 00:00:00;2025-07-29 00:00:00;2025-07-21 00:00:00
2025-07-25 00:00:00;SO375124;C0005;AT002;425;2025-09-19 00:00:00;2025-09-18 00:00:00;2025-07-27 00:00:00;2025-07-26 00:00:00
2025-07-25 00:00:00;SO125946;C0015;AT002;807;2025-09-05 00:00:00;2025-09-06 00:00:00;2025-07-29 00:00:00;2025-07-30 00:00:00
2025-07-25 00:00:00;SO375124;C0005;CS001;527;2025-09-19 00:00:00;2025-09-18 00:00:00;2025-07-27 00:00:00;2025-07-26 00:00:00
2025-07-25 00:00:00;SO375124;C0005;CS002;890;2025-09-19 00:00:00;2025-09-25 00:00:00;2025-07-27 00:00:00;2025-08-02 00:00:00
2025-07-25 00:00:00;SO375124;C0005;CL001;884;2025-09-19 00:00:00;2025-09-28 00:00:00;2025-07-27 00:00:00;2025-08-05 00:00:00
2025-07-25 00:00:00;SO375124;C0005;CS004;624;2025-09-19 00:00:00;2025-09-27 00:00:00;2025-07-27 00:00:00;2025-08-04 00:00:00
2025-07-25 00:00:00;SO375124;C0005;AS004;380;2025-09-19 00:00:00;2025-09-24 00:00:00;2025-07-27 00:00:00;2025-08-01 00:00:00
2025-07-25 00:00:00;SO375124;C0005;AT001;492;2025-09-19 00:00:00;2025-09-28 00:00:00;2025-07-27 00:00:00;2025-08-05 00:00:00
2025-07-25 00:00:00;SO375124;C0005;VS001;826;2025-09-19 00:00:00;2025-09-14 00:00:00;2025-07-27 00:00:00;2025-07-22 00:00:00
2025-07-25 00:00:00;SO375124;C0005;AL002;884;2025-09-19 00:00:00;2025-09-17 00:00:00;2025-07-27 00:00:00;2025-07-25 00:00:00
2025-07-28 00:00:00;SO224509;C0028;AS003;1293;2025-08-11 00:00:00;2025-08-07 00:00:00;2025-08-05 00:00:00;2025-08-01 00:00:00
2025-07-28 00:00:00;SO457008;C0030;CS002;765;2025-09-29 00:00:00;2025-10-06 00:00:00;2025-08-05 00:00:00;2025-08-12 00:00:00
2025-07-28 00:00:00;SO110096;C0010;AS001;782;2025-09-08 00:00:00;2025-09-10 00:00:00;2025-07-31 00:00:00;2025-08-02 00:00:00
2025-07-28 00:00:00;SO110096;C0010;CL002;1335;2025-09-08 00:00:00;2025-08-29 00:00:00;2025-07-31 00:00:00;2025-07-21 00:00:00
2025-07-28 00:00:00;SO457008;C0030;AS004;701;2025-09-29 00:00:00;2025-10-02 00:00:00;2025-08-05 00:00:00;2025-08-08 00:00:00
2025-07-28 00:00:00;SO224509;C0028;CT002;356;2025-08-11 00:00:00;2025-08-04 00:00:00;2025-08-05 00:00:00;2025-07-29 00:00:00
2025-07-28 00:00:00;SO224509;C0028;CS001;798;2025-08-11 00:00:00;2025-08-04 00:00:00;2025-08-05 00:00:00;2025-07-29 00:00:00
2025-07-28 00:00:00;SO110096;C0010;VS004;1429;2025-09-08 00:00:00;2025-09-18 00:00:00;2025-07-31 00:00:00;2025-08-10 00:00:00
2025-07-28 00:00:00;SO224509;C0028;AS004;1120;2025-08-11 00:00:00;2025-08-15 00:00:00;2025-08-05 00:00:00;2025-08-09 00:00:00
2025-07-28 00:00:00;SO457008;C0030;CT002;532;2025-09-29 00:00:00;2025-09-25 00:00:00;2025-08-05 00:00:00;2025-08-01 00:00:00
2025-07-28 00:00:00;SO457008;C0030;CT001;925;2025-09-29 00:00:00;2025-10-05 00:00:00;2025-08-05 00:00:00;2025-08-11 00:00:00
2025-07-28 00:00:00;SO224509;C0028;CL001;772;2025-08-11 00:00:00;2025-08-03 00:00:00;2025-08-05 00:00:00;2025-07-28 00:00:00
2025-07-28 00:00:00;SO457008;C0030;VS002;884;2025-09-29 00:00:00;2025-09-30 00:00:00;2025-08-05 00:00:00;2025-08-06 00:00:00
2025-07-28 00:00:00;SO224509;C0028;CT001;791;2025-08-11 00:00:00;2025-08-16 00:00:00;2025-08-05 00:00:00;2025-08-10 00:00:00
2025-07-29 00:00:00;SO173633;C0012;VS005;701;2025-08-26 00:00:00;2025-08-24 00:00:00;2025-08-01 00:00:00;2025-07-30 00:00:00
2025-07-29 00:00:00;SO476366;C0009;VS005;551;2025-08-12 00:00:00;2025-08-04 00:00:00;2025-08-01 00:00:00;2025-07-24 00:00:00
2025-07-29 00:00:00;SO856626;C0025;VS002;518;2025-08-26 00:00:00;2025-08-31 00:00:00;2025-08-06 00:00:00;2025-08-11 00:00:00
2025-07-29 00:00:00;SO896133;C0002;VS005;1145;2025-09-02 00:00:00;2025-09-06 00:00:00;2025-07-31 00:00:00;2025-08-04 00:00:00
2025-07-29 00:00:00;SO476366;C0009;AL002;1358;2025-08-12 00:00:00;2025-08-16 00:00:00;2025-08-01 00:00:00;2025-08-05 00:00:00
2025-07-29 00:00:00;SO173633;C0012;CT002;665;2025-08-26 00:00:00;2025-08-27 00:00:00;2025-08-01 00:00:00;2025-08-02 00:00:00
2025-07-29 00:00:00;SO896133;C0002;AT001;502;2025-09-02 00:00:00;2025-09-11 00:00:00;2025-07-31 00:00:00;2025-08-09 00:00:00
2025-07-29 00:00:00;SO856626;C0025;CS004;680;2025-08-26 00:00:00;2025-08-22 00:00:00;2025-08-06 00:00:00;2025-08-02 00:00:00
2025-07-29 00:00:00;SO476366;C0009;VS001;527;2025-08-12 00:00:00;2025-08-07 00:00:00;2025-08-01 00:00:00;2025-07-27 00:00:00
2025-07-29 00:00:00;SO896133;C0002;VS001;1098;2025-09-02 00:00:00;2025-09-04 00:00:00;2025-07-31 00:00:00;2025-08-02 00:00:00
2025-07-29 00:00:00;SO896133;C0002;CS004;760;2025-09-02 00:00:00;2025-09-07 00:00:00;2025-07-31 00:00:00;2025-08-05 00:00:00
2025-07-29 00:00:00;SO856626;C0025;CL001;1043;2025-08-26 00:00:00;2025-08-18 00:00:00;2025-08-06 00:00:00;2025-07-29 00:00:00
2025-07-29 00:00:00;SO173633;C0012;AS001;681;2025-08-26 00:00:00;2025-08-26 00:00:00;2025-08-01 00:00:00;2025-08-01 00:00:00
2025-07-29 00:00:00;SO856626;C0025;CS003;1255;2025-08-26 00:00:00;2025-08-17 00:00:00;2025-08-06 00:00:00;2025-07-28 00:00:00
2025-07-29 00:00:00;SO896133;C0002;CS001;1262;2025-09-02 00:00:00;2025-08-25 00:00:00;2025-07-31 00:00:00;2025-07-23 00:00:00
2025-07-29 00:00:00;SO173633;C0012;AS004;849;2025-08-26 00:00:00;2025-08-24 00:00:00;2025-08-01 00:00:00;2025-07-30 00:00:00
2025-07-29 00:00:00;SO896133;C0002;AS001;1153;2025-09-02 00:00:00;2025-08-27 00:00:00;2025-07-31 00:00:00;2025-07-25 00:00:00
2025-07-29 00:00:00;SO856626;C0025;AS004;918;2025-08-26 00:00:00;2025-09-03 00:00:00;2025-08-06 00:00:00;2025-08-14 00:00:00
2025-07-30 00:00:00;SO424361;C0023;CT002;445;2025-09-03 00:00:00;2025-09-11 00:00:00;2025-08-03 00:00:00;2025-08-11 00:00:00
2025-07-30 00:00:00;SO974197;C0008;CS002;455;2025-09-24 00:00:00;2025-10-02 00:00:00;2025-08-02 00:00:00;2025-08-10 00:00:00
2025-07-30 00:00:00;SO403102;C0001;AL001;839;2025-08-27 00:00:00;2025-08-22 00:00:00;2025-08-01 00:00:00;2025-07-27 00:00:00
2025-07-30 00:00:00;SO905970;C0002;AS003;579;2025-09-03 00:00:00;2025-09-05 00:00:00;2025-08-01 00:00:00;2025-08-03 00:00:00
2025-07-30 00:00:00;SO905970;C0002;AS004;946;2025-09-03 00:00:00;2025-08-31 00:00:00;2025-08-01 00:00:00;2025-07-29 00:00:00
2025-07-30 00:00:00;SO424361;C0023;VS003;528;2025-09-03 00:00:00;2025-09-09 00:00:00;2025-08-03 00:00:00;2025-08-09 00:00:00
2025-07-30 00:00:00;SO974197;C0008;AL002;1395;2025-09-24 00:00:00;2025-09-27 00:00:00;2025-08-02 00:00:00;2025-08-05 00:00:00
2025-07-30 00:00:00;SO974197;C0008;AT001;991;2025-09-24 00:00:00;2025-09-16 00:00:00;2025-08-02 00:00:00;2025-07-25 00:00:00
2025-07-30 00:00:00;SO974197;C0008;CS003;956;2025-09-24 00:00:00;2025-09-14 00:00:00;2025-08-02 00:00:00;2025-07-23 00:00:00
2025-07-30 00:00:00;SO403102;C0001;CL001;1067;2025-08-27 00:00:00;2025-08-29 00:00:00;2025-08-01 00:00:00;2025-08-03 00:00:00
2025-07-30 00:00:00;SO403102;C0001;VS003;872;2025-08-27 00:00:00;2025-08-23 00:00:00;2025-08-01 00:00:00;2025-07-28 00:00:00
2025-07-30 00:00:00;SO905970;C0002;CS001;1169;2025-09-03 00:00:00;2025-09-09 00:00:00;2025-08-01 00:00:00;2025-08-07 00:00:00
2025-07-30 00:00:00;SO424361;C0023;AL001;458;2025-09-03 00:00:00;2025-09-06 00:00:00;2025-08-03 00:00:00;2025-08-06 00:00:00
2025-07-30 00:00:00;SO974197;C0008;AT002;957;2025-09-24 00:00:00;2025-09-26 00:00:00;2025-08-02 00:00:00;2025-08-04 00:00:00
2025-07-30 00:00:00;SO974197;C0008;CL001;613;2025-09-24 00:00:00;2025-09-20 00:00:00;2025-08-02 00:00:00;2025-07-29 00:00:00
2025-07-30 00:00:00;SO974197;C0008;VS002;394;2025-09-24 00:00:00;2025-09-21 00:00:00;2025-08-02 00:00:00;2025-07-30 00:00:00
2025-07-31 00:00:00;SO622700;C0003;AL002;419;2025-09-11 00:00:00;2025-09-19 00:00:00;2025-08-02 00:00:00;2025-08-10 00:00:00
2025-07-31 00:00:00;SO268989;C0013;VS001;1246;2025-08-28 00:00:00;2025-08-30 00:00:00;2025-08-04 00:00:00;2025-08-06 00:00:00
2025-07-31 00:00:00;SO322258;C0006;AL001;857;2025-10-02 00:00:00;2025-09-29 00:00:00;2025-08-02 00:00:00;2025-07-30 00:00:00
2025-07-31 00:00:00;SO322258;C0006;AT001;707;2025-10-02 00:00:00;2025-09-24 00:00:00;2025-08-02 00:00:00;2025-07-25 00:00:00
2025-07-31 00:00:00;SO268989;C0013;CS001;1027;2025-08-28 00:00:00;2025-08-23 00:00:00;2025-08-04 00:00:00;2025-07-30 00:00:00
2025-07-31 00:00:00;SO322258;C0006;CT001;795;2025-10-02 00:00:00;2025-10-04 00:00:00;2025-08-02 00:00:00;2025-08-04 00:00:00
2025-07-31 00:00:00;SO268989;C0013;AL002;707;2025-08-28 00:00:00;2025-09-03 00:00:00;2025-08-04 00:00:00;2025-08-10 00:00:00
2025-07-31 00:00:00;SO322258;C0006;CT002;625;2025-10-02 00:00:00;2025-10-12 00:00:00;2025-08-02 00:00:00;2025-08-12 00:00:00
2025-07-31 00:00:00;SO268989;C0013;CT002;635;2025-08-28 00:00:00;2025-08-19 00:00:00;2025-08-04 00:00:00;2025-07-26 00:00:00
2025-07-31 00:00:00;SO268989;C0013;AL001;1043;2025-08-28 00:00:00;2025-08-18 00:00:00;2025-08-04 00:00:00;2025-07-25 00:00:00
2025-07-31 00:00:00;SO622700;C0003;AT001;546;2025-09-11 00:00:00;2025-09-08 00:00:00;2025-08-02 00:00:00;2025-07-30 00:00:00
2025-07-31 00:00:00;SO268989;C0013;CS003;903;2025-08-28 00:00:00;2025-08-30 00:00:00;2025-08-04 00:00:00;2025-08-06 00:00:00
2025-07-31 00:00:00;SO268989;C0013;AS004;716;2025-08-28 00:00:00;2025-08-31 00:00:00;2025-08-04 00:00:00;2025-08-07 00:00:00
2025-07-31 00:00:00;SO322258;C0006;AS005;798;2025-10-02 00:00:00;2025-10-04 00:00:00;2025-08-02 00:00:00;2025-08-04 00:00:00
2025-07-31 00:00:00;SO622700;C0003;VS005;931;2025-09-11 00:00:00;2025-09-15 00:00:00;2025-08-02 00:00:00;2025-08-06 00:00:00
2025-07-31 00:00:00;SO322258;C0006;VS004;997;2025-10-02 00:00:00;2025-09-27 00:00:00;2025-08-02 00:00:00;2025-07-28 00:00:00
2025-07-31 00:00:00;SO268989;C0013;AS003;1105;2025-08-28 00:00:00;2025-08-29 00:00:00;2025-08-04 00:00:00;2025-08-05 00:00:00
2025-07-31 00:00:00;SO322258;C0006;CS003;955;2025-10-02 00:00:00;2025-10-11 00:00:00;2025-08-02 00:00:00;2025-08-11 00:00:00
2025-08-01 00:00:00;SO132726;C0030;CT001;707;2025-10-03 00:00:00;2025-09-25 00:00:00;2025-08-09 00:00:00;2025-08-01 00:00:00
2025-08-01 00:00:00;SO637603;C0006;CS001;1126;2025-10-03 00:00:00;2025-10-09 00:00:00;2025-08-03 00:00:00;2025-08-09 00:00:00
2025-08-01 00:00:00;SO158465;C0028;AS004;765;2025-08-15 00:00:00;2025-08-23 00:00:00;2025-08-09 00:00:00;2025-08-17 00:00:00
2025-08-01 00:00:00;SO464441;C0008;AT001;959;2025-09-26 00:00:00;2025-09-21 00:00:00;2025-08-04 00:00:00;2025-07-30 00:00:00
2025-08-01 00:00:00;SO158465;C0028;CL001;638;2025-08-15 00:00:00;2025-08-21 00:00:00;2025-08-09 00:00:00;2025-08-15 00:00:00
2025-08-01 00:00:00;SO464441;C0008;CS001;419;2025-09-26 00:00:00;2025-09-16 00:00:00;2025-08-04 00:00:00;2025-07-25 00:00:00
2025-08-01 00:00:00;SO637603;C0006;CT002;358;2025-10-03 00:00:00;2025-10-07 00:00:00;2025-08-03 00:00:00;2025-08-07 00:00:00
2025-08-01 00:00:00;SO464441;C0008;VS003;1082;2025-09-26 00:00:00;2025-10-05 00:00:00;2025-08-04 00:00:00;2025-08-13 00:00:00
2025-08-01 00:00:00;SO132726;C0030;VS003;1151;2025-10-03 00:00:00;2025-10-06 00:00:00;2025-08-09 00:00:00;2025-08-12 00:00:00
2025-08-01 00:00:00;SO132726;C0030;VS005;1211;2025-10-03 00:00:00;2025-10-10 00:00:00;2025-08-09 00:00:00;2025-08-16 00:00:00
2025-08-01 00:00:00;SO158465;C0028;CS002;271;2025-08-15 00:00:00;2025-08-15 00:00:00;2025-08-09 00:00:00;2025-08-09 00:00:00
2025-08-01 00:00:00;SO464441;C0008;AL001;801;2025-09-26 00:00:00;2025-09-27 00:00:00;2025-08-04 00:00:00;2025-08-05 00:00:00
2025-08-01 00:00:00;SO158465;C0028;CL002;685;2025-08-15 00:00:00;2025-08-24 00:00:00;2025-08-09 00:00:00;2025-08-18 00:00:00
2025-08-01 00:00:00;SO464441;C0008;CT002;1042;2025-09-26 00:00:00;2025-09-29 00:00:00;2025-08-04 00:00:00;2025-08-07 00:00:00
2025-08-01 00:00:00;SO132726;C0030;AT001;1435;2025-10-03 00:00:00;2025-10-04 00:00:00;2025-08-09 00:00:00;2025-08-10 00:00:00
2025-08-01 00:00:00;SO132726;C0030;CS002;1006;2025-10-03 00:00:00;2025-10-05 00:00:00;2025-08-09 00:00:00;2025-08-11 00:00:00
2025-08-04 00:00:00;SO666111;C0006;AL001;1199;2025-10-06 00:00:00;2025-10-05 00:00:00;2025-08-06 00:00:00;2025-08-05 00:00:00
2025-08-04 00:00:00;SO446372;C0008;AS005;966;2025-09-29 00:00:00;2025-10-05 00:00:00;2025-08-07 00:00:00;2025-08-13 00:00:00
2025-08-04 00:00:00;SO956589;C0017;CT001;807;2025-09-29 00:00:00;2025-10-04 00:00:00;2025-08-08 00:00:00;2025-08-13 00:00:00
2025-08-04 00:00:00;SO173574;C0029;CT003;1089;2025-09-29 00:00:00;2025-10-09 00:00:00;2025-08-12 00:00:00;2025-08-22 00:00:00
2025-08-04 00:00:00;SO666111;C0006;CS002;1174;2025-10-06 00:00:00;2025-10-05 00:00:00;2025-08-06 00:00:00;2025-08-05 00:00:00
2025-08-04 00:00:00;SO666111;C0006;CT003;1114;2025-10-06 00:00:00;2025-10-01 00:00:00;2025-08-06 00:00:00;2025-08-01 00:00:00
2025-08-04 00:00:00;SO446372;C0008;AS004;431;2025-09-29 00:00:00;2025-10-01 00:00:00;2025-08-07 00:00:00;2025-08-09 00:00:00
2025-08-04 00:00:00;SO666111;C0006;CT001;1000;2025-10-06 00:00:00;2025-09-29 00:00:00;2025-08-06 00:00:00;2025-07-30 00:00:00
2025-08-04 00:00:00;SO446372;C0008;CT001;300;2025-09-29 00:00:00;2025-09-30 00:00:00;2025-08-07 00:00:00;2025-08-08 00:00:00
2025-08-04 00:00:00;SO666111;C0006;VS003;512;2025-10-06 00:00:00;2025-09-28 00:00:00;2025-08-06 00:00:00;2025-07-29 00:00:00
2025-08-04 00:00:00;SO956589;C0017;CT002;1067;2025-09-29 00:00:00;2025-09-20 00:00:00;2025-08-08 00:00:00;2025-07-30 00:00:00
2025-08-04 00:00:00;SO446372;C0008;VS004;494;2025-09-29 00:00:00;2025-09-26 00:00:00;2025-08-07 00:00:00;2025-08-04 00:00:00
2025-08-04 00:00:00;SO173574;C0029;CT002;997;2025-09-29 00:00:00;2025-09-23 00:00:00;2025-08-12 00:00:00;2025-08-06 00:00:00
2025-08-04 00:00:00;SO666111;C0006;VS004;495;2025-10-06 00:00:00;2025-10-10 00:00:00;2025-08-06 00:00:00;2025-08-10 00:00:00
2025-08-04 00:00:00;SO446372;C0008;AL001;659;2025-09-29 00:00:00;2025-09-23 00:00:00;2025-08-07 00:00:00;2025-08-01 00:00:00
2025-08-04 00:00:00;SO666111;C0006;AS004;548;2025-10-06 00:00:00;2025-10-12 00:00:00;2025-08-06 00:00:00;2025-08-12 00:00:00
2025-08-04 00:00:00;SO173574;C0029;CS001;739;2025-09-29 00:00:00;2025-09-25 00:00:00;2025-08-12 00:00:00;2025-08-08 00:00:00
2025-08-04 00:00:00;SO956589;C0017;AL001;822;2025-09-29 00:00:00;2025-10-09 00:00:00;2025-08-08 00:00:00;2025-08-18 00:00:00
2025-08-05 00:00:00;SO544603;C0009;CL001;865;2025-08-19 00:00:00;2025-08-28 00:00:00;2025-08-08 00:00:00;2025-08-17 00:00:00
2025-08-05 00:00:00;SO276383;C0022;AT001;664;2025-09-16 00:00:00;2025-09-26 00:00:00;2025-08-09 00:00:00;2025-08-19 00:00:00
2025-08-05 00:00:00;SO276383;C0022;VS005;566;2025-09-16 00:00:00;2025-09-09 00:00:00;2025-08-09 00:00:00;2025-08-02 00:00:00
2025-08-05 00:00:00;SO276383;C0022;VS004;507;2025-09-16 00:00:00;2025-09-13 00:00:00;2025-08-09 00:00:00;2025-08-06 00:00:00
2025-08-05 00:00:00;SO276383;C0022;CS001;957;2025-09-16 00:00:00;2025-09-13 00:00:00;2025-08-09 00:00:00;2025-08-06 00:00:00
2025-08-05 00:00:00;SO276383;C0022;CT001;668;2025-09-16 00:00:00;2025-09-22 00:00:00;2025-08-09 00:00:00;2025-08-15 00:00:00
2025-08-05 00:00:00;SO544603;C0009;AS005;471;2025-08-19 00:00:00;2025-08-23 00:00:00;2025-08-08 00:00:00;2025-08-12 00:00:00
2025-08-05 00:00:00;SO544603;C0009;VS004;357;2025-08-19 00:00:00;2025-08-19 00:00:00;2025-08-08 00:00:00;2025-08-08 00:00:00
2025-08-05 00:00:00;SO544603;C0009;VS005;822;2025-08-19 00:00:00;2025-08-21 00:00:00;2025-08-08 00:00:00;2025-08-10 00:00:00
2025-08-05 00:00:00;SO544603;C0009;CT001;928;2025-08-19 00:00:00;2025-08-13 00:00:00;2025-08-08 00:00:00;2025-08-02 00:00:00
2025-08-05 00:00:00;SO276383;C0022;CS002;571;2025-09-16 00:00:00;2025-09-18 00:00:00;2025-08-09 00:00:00;2025-08-11 00:00:00
2025-08-05 00:00:00;SO276383;C0022;VS001;1206;2025-09-16 00:00:00;2025-09-07 00:00:00;2025-08-09 00:00:00;2025-07-31 00:00:00
2025-08-05 00:00:00;SO276383;C0022;CL002;489;2025-09-16 00:00:00;2025-09-23 00:00:00;2025-08-09 00:00:00;2025-08-16 00:00:00
2025-08-05 00:00:00;SO276383;C0022;CL001;900;2025-09-16 00:00:00;2025-09-08 00:00:00;2025-08-09 00:00:00;2025-08-01 00:00:00
2025-08-05 00:00:00;SO544603;C0009;VS001;910;2025-08-19 00:00:00;2025-08-19 00:00:00;2025-08-08 00:00:00;2025-08-08 00:00:00
2025-08-05 00:00:00;SO544603;C0009;CS002;530;2025-08-19 00:00:00;2025-08-17 00:00:00;2025-08-08 00:00:00;2025-08-06 00:00:00
2025-08-05 00:00:00;SO276383;C0022;CT002;997;2025-09-16 00:00:00;2025-09-17 00:00:00;2025-08-09 00:00:00;2025-08-10 00:00:00
2025-08-05 00:00:00;SO276383;C0022;CT003;567;2025-09-16 00:00:00;2025-09-14 00:00:00;2025-08-09 00:00:00;2025-08-07 00:00:00
2025-08-06 00:00:00;SO156865;C0024;CS002;951;2025-09-03 00:00:00;2025-09-04 00:00:00;2025-08-10 00:00:00;2025-08-11 00:00:00
2025-08-06 00:00:00;SO572008;C0026;CS002;1276;2025-09-10 00:00:00;2025-09-08 00:00:00;2025-08-14 00:00:00;2025-08-12 00:00:00
2025-08-06 00:00:00;SO300787;C0016;CS002;499;2025-08-20 00:00:00;2025-08-21 00:00:00;2025-08-10 00:00:00;2025-08-11 00:00:00
2025-08-06 00:00:00;SO435590;C0028;CT003;597;2025-08-20 00:00:00;2025-08-30 00:00:00;2025-08-14 00:00:00;2025-08-24 00:00:00
2025-08-06 00:00:00;SO435590;C0028;CT001;854;2025-08-20 00:00:00;2025-08-30 00:00:00;2025-08-14 00:00:00;2025-08-24 00:00:00
2025-08-06 00:00:00;SO156865;C0024;CT003;760;2025-09-03 00:00:00;2025-09-11 00:00:00;2025-08-10 00:00:00;2025-08-18 00:00:00
2025-08-06 00:00:00;SO156865;C0024;AL001;511;2025-09-03 00:00:00;2025-09-08 00:00:00;2025-08-10 00:00:00;2025-08-15 00:00:00
2025-08-06 00:00:00;SO435590;C0028;AL001;1030;2025-08-20 00:00:00;2025-08-13 00:00:00;2025-08-14 00:00:00;2025-08-07 00:00:00
2025-08-06 00:00:00;SO156865;C0024;VS003;987;2025-09-03 00:00:00;2025-08-26 00:00:00;2025-08-10 00:00:00;2025-08-02 00:00:00
2025-08-06 00:00:00;SO572008;C0026;CT002;481;2025-09-10 00:00:00;2025-09-04 00:00:00;2025-08-14 00:00:00;2025-08-08 00:00:00
2025-08-06 00:00:00;SO300787;C0016;AS004;509;2025-08-20 00:00:00;2025-08-25 00:00:00;2025-08-10 00:00:00;2025-08-15 00:00:00
2025-08-06 00:00:00;SO572008;C0026;VS004;504;2025-09-10 00:00:00;2025-09-15 00:00:00;2025-08-14 00:00:00;2025-08-19 00:00:00
2025-08-06 00:00:00;SO572008;C0026;AS004;961;2025-09-10 00:00:00;2025-09-14 00:00:00;2025-08-14 00:00:00;2025-08-18 00:00:00
2025-08-07 00:00:00;SO498762;C0006;AL001;966;2025-10-09 00:00:00;2025-10-03 00:00:00;2025-08-09 00:00:00;2025-08-03 00:00:00
2025-08-07 00:00:00;SO869616;C0009;VS004;783;2025-08-21 00:00:00;2025-08-24 00:00:00;2025-08-10 00:00:00;2025-08-13 00:00:00
2025-08-07 00:00:00;SO869616;C0009;AS004;698;2025-08-21 00:00:00;2025-08-21 00:00:00;2025-08-10 00:00:00;2025-08-10 00:00:00
2025-08-07 00:00:00;SO498762;C0006;CT002;588;2025-10-09 00:00:00;2025-10-19 00:00:00;2025-08-09 00:00:00;2025-08-19 00:00:00
2025-08-07 00:00:00;SO869616;C0009;AS005;659;2025-08-21 00:00:00;2025-08-31 00:00:00;2025-08-10 00:00:00;2025-08-20 00:00:00
2025-08-07 00:00:00;SO498762;C0006;VS005;797;2025-10-09 00:00:00;2025-10-18 00:00:00;2025-08-09 00:00:00;2025-08-18 00:00:00
2025-08-07 00:00:00;SO869616;C0009;CS002;1063;2025-08-21 00:00:00;2025-08-20 00:00:00;2025-08-10 00:00:00;2025-08-09 00:00:00
2025-08-07 00:00:00;SO498762;C0006;VS001;936;2025-10-09 00:00:00;2025-10-17 00:00:00;2025-08-09 00:00:00;2025-08-17 00:00:00
2025-08-07 00:00:00;SO869616;C0009;CL002;842;2025-08-21 00:00:00;2025-08-17 00:00:00;2025-08-10 00:00:00;2025-08-06 00:00:00
2025-08-07 00:00:00;SO869616;C0009;VS005;469;2025-08-21 00:00:00;2025-08-27 00:00:00;2025-08-10 00:00:00;2025-08-16 00:00:00
2025-08-07 00:00:00;SO869616;C0009;CL001;874;2025-08-21 00:00:00;2025-08-13 00:00:00;2025-08-10 00:00:00;2025-08-02 00:00:00
2025-08-07 00:00:00;SO498762;C0006;CT003;671;2025-10-09 00:00:00;2025-10-05 00:00:00;2025-08-09 00:00:00;2025-08-05 00:00:00
2025-08-07 00:00:00;SO869616;C0009;VS001;879;2025-08-21 00:00:00;2025-08-28 00:00:00;2025-08-10 00:00:00;2025-08-17 00:00:00
2025-08-07 00:00:00;SO869616;C0009;AT001;714;2025-08-21 00:00:00;2025-08-24 00:00:00;2025-08-10 00:00:00;2025-08-13 00:00:00
2025-08-07 00:00:00;SO498762;C0006;CL002;926;2025-10-09 00:00:00;2025-10-02 00:00:00;2025-08-09 00:00:00;2025-08-02 00:00:00
2025-08-07 00:00:00;SO498762;C0006;CT001;358;2025-10-09 00:00:00;2025-10-01 00:00:00;2025-08-09 00:00:00;2025-08-01 00:00:00
2025-08-07 00:00:00;SO498762;C0006;CS002;307;2025-10-09 00:00:00;2025-10-15 00:00:00;2025-08-09 00:00:00;2025-08-15 00:00:00
2025-08-07 00:00:00;SO869616;C0009;CS001;1057;2025-08-21 00:00:00;2025-08-31 00:00:00;2025-08-10 00:00:00;2025-08-20 00:00:00
2025-08-07 00:00:00;SO869616;C0009;CT002;286;2025-08-21 00:00:00;2025-08-21 00:00:00;2025-08-10 00:00:00;2025-08-10 00:00:00
2025-08-08 00:00:00;SO831255;C0005;VS001;900;2025-10-03 00:00:00;2025-10-07 00:00:00;2025-08-10 00:00:00;2025-08-14 00:00:00
2025-08-08 00:00:00;SO599417;C0019;AS005;890;2025-10-10 00:00:00;2025-10-16 00:00:00;2025-08-12 00:00:00;2025-08-18 00:00:00
2025-08-08 00:00:00;SO241601;C0027;CT003;614;2025-09-19 00:00:00;2025-09-29 00:00:00;2025-08-16 00:00:00;2025-08-26 00:00:00
2025-08-08 00:00:00;SO831255;C0005;CS002;592;2025-10-03 00:00:00;2025-10-01 00:00:00;2025-08-10 00:00:00;2025-08-08 00:00:00
2025-08-08 00:00:00;SO241601;C0027;AT001;990;2025-09-19 00:00:00;2025-09-28 00:00:00;2025-08-16 00:00:00;2025-08-25 00:00:00
2025-08-08 00:00:00;SO831255;C0005;AT001;428;2025-10-03 00:00:00;2025-10-05 00:00:00;2025-08-10 00:00:00;2025-08-12 00:00:00
2025-08-08 00:00:00;SO831255;C0005;VS005;685;2025-10-03 00:00:00;2025-10-07 00:00:00;2025-08-10 00:00:00;2025-08-14 00:00:00
2025-08-08 00:00:00;SO241601;C0027;CT002;390;2025-09-19 00:00:00;2025-09-26 00:00:00;2025-08-16 00:00:00;2025-08-23 00:00:00
2025-08-08 00:00:00;SO599417;C0019;VS003;817;2025-10-10 00:00:00;2025-09-30 00:00:00;2025-08-12 00:00:00;2025-08-02 00:00:00
2025-08-08 00:00:00;SO599417;C0019;VS005;1007;2025-10-10 00:00:00;2025-10-11 00:00:00;2025-08-12 00:00:00;2025-08-13 00:00:00
2025-08-08 00:00:00;SO241601;C0027;CT001;859;2025-09-19 00:00:00;2025-09-15 00:00:00;2025-08-16 00:00:00;2025-08-12 00:00:00
2025-08-08 00:00:00;SO241601;C0027;VS003;1063;2025-09-19 00:00:00;2025-09-12 00:00:00;2025-08-16 00:00:00;2025-08-09 00:00:00
2025-08-08 00:00:00;SO599417;C0019;VS004;1021;2025-10-10 00:00:00;2025-10-20 00:00:00;2025-08-12 00:00:00;2025-08-22 00:00:00
2025-08-08 00:00:00;SO831255;C0005;AL001;440;2025-10-03 00:00:00;2025-10-06 00:00:00;2025-08-10 00:00:00;2025-08-13 00:00:00
2025-08-08 00:00:00;SO831255;C0005;CT001;1143;2025-10-03 00:00:00;2025-09-24 00:00:00;2025-08-10 00:00:00;2025-08-01 00:00:00
2025-08-08 00:00:00;SO241601;C0027;AS005;1020;2025-09-19 00:00:00;2025-09-22 00:00:00;2025-08-16 00:00:00;2025-08-19 00:00:00
2025-08-08 00:00:00;SO241601;C0027;VS001;1258;2025-09-19 00:00:00;2025-09-23 00:00:00;2025-08-16 00:00:00;2025-08-20 00:00:00
2025-08-08 00:00:00;SO831255;C0005;CL001;843;2025-10-03 00:00:00;2025-10-10 00:00:00;2025-08-10 00:00:00;2025-08-17 00:00:00
2025-08-11 00:00:00;SO741043;C0026;VS003;1149;2025-09-15 00:00:00;2025-09-14 00:00:00;2025-08-19 00:00:00;2025-08-18 00:00:00
2025-08-11 00:00:00;SO207206;C0004;VS004;877;2025-08-25 00:00:00;2025-08-17 00:00:00;2025-08-13 00:00:00;2025-08-05 00:00:00
2025-08-11 00:00:00;SO331065;C0009;VS003;1008;2025-08-25 00:00:00;2025-08-29 00:00:00;2025-08-14 00:00:00;2025-08-18 00:00:00
2025-08-11 00:00:00;SO207206;C0004;CT002;579;2025-08-25 00:00:00;2025-08-28 00:00:00;2025-08-13 00:00:00;2025-08-16 00:00:00
2025-08-11 00:00:00;SO331065;C0009;CL002;1018;2025-08-25 00:00:00;2025-08-26 00:00:00;2025-08-14 00:00:00;2025-08-15 00:00:00
2025-08-11 00:00:00;SO331065;C0009;AS005;908;2025-08-25 00:00:00;2025-08-20 00:00:00;2025-08-14 00:00:00;2025-08-09 00:00:00
2025-08-11 00:00:00;SO331065;C0009;VS004;1032;2025-08-25 00:00:00;2025-08-16 00:00:00;2025-08-14 00:00:00;2025-08-05 00:00:00
2025-08-11 00:00:00;SO741043;C0026;CS002;598;2025-09-15 00:00:00;2025-09-12 00:00:00;2025-08-19 00:00:00;2025-08-16 00:00:00
2025-08-11 00:00:00;SO207206;C0004;AT001;1003;2025-08-25 00:00:00;2025-08-28 00:00:00;2025-08-13 00:00:00;2025-08-16 00:00:00
2025-08-11 00:00:00;SO741043;C0026;CT002;1072;2025-09-15 00:00:00;2025-09-15 00:00:00;2025-08-19 00:00:00;2025-08-19 00:00:00
2025-08-11 00:00:00;SO331065;C0009;AL001;601;2025-08-25 00:00:00;2025-08-22 00:00:00;2025-08-14 00:00:00;2025-08-11 00:00:00
2025-08-11 00:00:00;SO741043;C0026;AT001;951;2025-09-15 00:00:00;2025-09-16 00:00:00;2025-08-19 00:00:00;2025-08-20 00:00:00
2025-08-11 00:00:00;SO207206;C0004;AL001;536;2025-08-25 00:00:00;2025-08-25 00:00:00;2025-08-13 00:00:00;2025-08-13 00:00:00
2025-08-11 00:00:00;SO331065;C0009;VS001;1043;2025-08-25 00:00:00;2025-08-17 00:00:00;2025-08-14 00:00:00;2025-08-06 00:00:00
2025-08-11 00:00:00;SO741043;C0026;AL001;1243;2025-09-15 00:00:00;2025-09-10 00:00:00;2025-08-19 00:00:00;2025-08-14 00:00:00
2025-08-11 00:00:00;SO207206;C0004;AS005;751;2025-08-25 00:00:00;2025-08-25 00:00:00;2025-08-13 00:00:00;2025-08-13 00:00:00
2025-08-11 00:00:00;SO741043;C0026;VS005;703;2025-09-15 00:00:00;2025-09-25 00:00:00;2025-08-19 00:00:00;2025-08-29 00:00:00
2025-08-11 00:00:00;SO331065;C0009;CT002;576;2025-08-25 00:00:00;2025-08-26 00:00:00;2025-08-14 00:00:00;2025-08-15 00:00:00
2025-08-11 00:00:00;SO741043;C0026;CL002;873;2025-09-15 00:00:00;2025-09-12 00:00:00;2025-08-19 00:00:00;2025-08-16 00:00:00
2025-08-12 00:00:00;SO269643;C0006;CT002;470;2025-10-14 00:00:00;2025-10-05 00:00:00;2025-08-14 00:00:00;2025-08-05 00:00:00
2025-08-12 00:00:00;SO708460;C0019;CL001;826;2025-10-14 00:00:00;2025-10-04 00:00:00;2025-08-16 00:00:00;2025-08-06 00:00:00
2025-08-12 00:00:00;SO206925;C0026;CS001;877;2025-09-16 00:00:00;2025-09-12 00:00:00;2025-08-20 00:00:00;2025-08-16 00:00:00
2025-08-12 00:00:00;SO708460;C0019;CS001;389;2025-10-14 00:00:00;2025-10-17 00:00:00;2025-08-16 00:00:00;2025-08-19 00:00:00
2025-08-12 00:00:00;SO206925;C0026;VS003;737;2025-09-16 00:00:00;2025-09-19 00:00:00;2025-08-20 00:00:00;2025-08-23 00:00:00
2025-08-12 00:00:00;SO269643;C0006;VS003;1313;2025-10-14 00:00:00;2025-10-06 00:00:00;2025-08-14 00:00:00;2025-08-06 00:00:00
2025-08-12 00:00:00;SO708460;C0019;CT003;353;2025-10-14 00:00:00;2025-10-15 00:00:00;2025-08-16 00:00:00;2025-08-17 00:00:00
2025-08-12 00:00:00;SO708460;C0019;AL001;1008;2025-10-14 00:00:00;2025-10-13 00:00:00;2025-08-16 00:00:00;2025-08-15 00:00:00
2025-08-12 00:00:00;SO206925;C0026;VS004;527;2025-09-16 00:00:00;2025-09-10 00:00:00;2025-08-20 00:00:00;2025-08-14 00:00:00
2025-08-12 00:00:00;SO206925;C0026;AS004;1134;2025-09-16 00:00:00;2025-09-13 00:00:00;2025-08-20 00:00:00;2025-08-17 00:00:00
2025-08-12 00:00:00;SO269643;C0006;CS001;883;2025-10-14 00:00:00;2025-10-22 00:00:00;2025-08-14 00:00:00;2025-08-22 00:00:00
2025-08-12 00:00:00;SO206925;C0026;CS002;514;2025-09-16 00:00:00;2025-09-25 00:00:00;2025-08-20 00:00:00;2025-08-29 00:00:00
2025-08-12 00:00:00;SO206925;C0026;CT001;1005;2025-09-16 00:00:00;2025-09-18 00:00:00;2025-08-20 00:00:00;2025-08-22 00:00:00
2025-08-12 00:00:00;SO269643;C0006;CL001;889;2025-10-14 00:00:00;2025-10-04 00:00:00;2025-08-14 00:00:00;2025-08-04 00:00:00
2025-08-12 00:00:00;SO206925;C0026;VS001;945;2025-09-16 00:00:00;2025-09-06 00:00:00;2025-08-20 00:00:00;2025-08-10 00:00:00
2025-08-12 00:00:00;SO206925;C0026;CL002;838;2025-09-16 00:00:00;2025-09-23 00:00:00;2025-08-20 00:00:00;2025-08-27 00:00:00
2025-08-12 00:00:00;SO708460;C0019;CT002;445;2025-10-14 00:00:00;2025-10-23 00:00:00;2025-08-16 00:00:00;2025-08-25 00:00:00
2025-08-13 00:00:00;SO553214;C0021;CT001;844;2025-08-27 00:00:00;2025-08-27 00:00:00;2025-08-17 00:00:00;2025-08-17 00:00:00
2025-08-13 00:00:00;SO788801;C0001;VS003;712;2025-09-10 00:00:00;2025-08-31 00:00:00;2025-08-15 00:00:00;2025-08-05 00:00:00
2025-08-13 00:00:00;SO553214;C0021;CT003;378;2025-08-27 00:00:00;2025-09-05 00:00:00;2025-08-17 00:00:00;2025-08-26 00:00:00
2025-08-13 00:00:00;SO553214;C0021;CS001;680;2025-08-27 00:00:00;2025-09-04 00:00:00;2025-08-17 00:00:00;2025-08-25 00:00:00
2025-08-13 00:00:00;SO788801;C0001;CT001;808;2025-09-10 00:00:00;2025-08-31 00:00:00;2025-08-15 00:00:00;2025-08-05 00:00:00
2025-08-13 00:00:00;SO553214;C0021;CS002;803;2025-08-27 00:00:00;2025-08-17 00:00:00;2025-08-17 00:00:00;2025-08-07 00:00:00
2025-08-13 00:00:00;SO553214;C0021;AS004;809;2025-08-27 00:00:00;2025-08-23 00:00:00;2025-08-17 00:00:00;2025-08-13 00:00:00
2025-08-13 00:00:00;SO788801;C0001;AT001;717;2025-09-10 00:00:00;2025-09-07 00:00:00;2025-08-15 00:00:00;2025-08-12 00:00:00
2025-08-13 00:00:00;SO788801;C0001;CS001;482;2025-09-10 00:00:00;2025-09-05 00:00:00;2025-08-15 00:00:00;2025-08-10 00:00:00
2025-08-13 00:00:00;SO788801;C0001;CT003;799;2025-09-10 00:00:00;2025-09-02 00:00:00;2025-08-15 00:00:00;2025-08-07 00:00:00
2025-08-13 00:00:00;SO788801;C0001;AS005;1012;2025-09-10 00:00:00;2025-09-02 00:00:00;2025-08-15 00:00:00;2025-08-07 00:00:00
2025-08-13 00:00:00;SO788801;C0001;VS001;721;2025-09-10 00:00:00;2025-09-03 00:00:00;2025-08-15 00:00:00;2025-08-08 00:00:00
2025-08-13 00:00:00;SO553214;C0021;AT001;1153;2025-08-27 00:00:00;2025-08-21 00:00:00;2025-08-17 00:00:00;2025-08-11 00:00:00
2025-08-13 00:00:00;SO788801;C0001;CL002;732;2025-09-10 00:00:00;2025-09-14 00:00:00;2025-08-15 00:00:00;2025-08-19 00:00:00
2025-08-14 00:00:00;SO204190;C0013;AL001;655;2025-09-11 00:00:00;2025-09-13 00:00:00;2025-08-18 00:00:00;2025-08-20 00:00:00
2025-08-14 00:00:00;SO267389;C0018;VS003;581;2025-10-16 00:00:00;2025-10-24 00:00:00;2025-08-18 00:00:00;2025-08-26 00:00:00
2025-08-14 00:00:00;SO395460;C0017;CS002;888;2025-10-09 00:00:00;2025-10-13 00:00:00;2025-08-18 00:00:00;2025-08-22 00:00:00
2025-08-14 00:00:00;SO589338;C0011;CT002;1107;2025-09-18 00:00:00;2025-09-21 00:00:00;2025-08-17 00:00:00;2025-08-20 00:00:00
2025-08-14 00:00:00;SO204190;C0013;VS001;698;2025-09-11 00:00:00;2025-09-07 00:00:00;2025-08-18 00:00:00;2025-08-14 00:00:00
2025-08-14 00:00:00;SO589338;C0011;AS005;635;2025-09-18 00:00:00;2025-09-22 00:00:00;2025-08-17 00:00:00;2025-08-21 00:00:00
2025-08-14 00:00:00;SO204190;C0013;AS005;517;2025-09-11 00:00:00;2025-09-02 00:00:00;2025-08-18 00:00:00;2025-08-09 00:00:00
2025-08-14 00:00:00;SO267389;C0018;VS005;1358;2025-10-16 00:00:00;2025-10-15 00:00:00;2025-08-18 00:00:00;2025-08-17 00:00:00
2025-08-14 00:00:00;SO204190;C0013;CT001;935;2025-09-11 00:00:00;2025-09-07 00:00:00;2025-08-18 00:00:00;2025-08-14 00:00:00
2025-08-14 00:00:00;SO395460;C0017;AS005;1095;2025-10-09 00:00:00;2025-10-09 00:00:00;2025-08-18 00:00:00;2025-08-18 00:00:00
2025-08-14 00:00:00;SO267389;C0018;CS002;808;2025-10-16 00:00:00;2025-10-21 00:00:00;2025-08-18 00:00:00;2025-08-23 00:00:00
2025-08-14 00:00:00;SO395460;C0017;VS004;305;2025-10-09 00:00:00;2025-10-12 00:00:00;2025-08-18 00:00:00;2025-08-21 00:00:00
2025-08-14 00:00:00;SO267389;C0018;CL002;890;2025-10-16 00:00:00;2025-10-23 00:00:00;2025-08-18 00:00:00;2025-08-25 00:00:00
2025-08-14 00:00:00;SO267389;C0018;CT002;420;2025-10-16 00:00:00;2025-10-25 00:00:00;2025-08-18 00:00:00;2025-08-27 00:00:00
2025-08-14 00:00:00;SO267389;C0018;AS005;1258;2025-10-16 00:00:00;2025-10-10 00:00:00;2025-08-18 00:00:00;2025-08-12 00:00:00
2025-08-14 00:00:00;SO204190;C0013;CS002;849;2025-09-11 00:00:00;2025-09-04 00:00:00;2025-08-18 00:00:00;2025-08-11 00:00:00
2025-08-14 00:00:00;SO267389;C0018;AT001;775;2025-10-16 00:00:00;2025-10-09 00:00:00;2025-08-18 00:00:00;2025-08-11 00:00:00
2025-08-14 00:00:00;SO267389;C0018;VS001;900;2025-10-16 00:00:00;2025-10-11 00:00:00;2025-08-18 00:00:00;2025-08-13 00:00:00
2025-08-15 00:00:00;SO120018;C0017;AT001;803;2025-10-10 00:00:00;2025-10-10 00:00:00;2025-08-19 00:00:00;2025-08-19 00:00:00
2025-08-15 00:00:00;SO238210;C0028;CT002;635;2025-08-29 00:00:00;2025-08-29 00:00:00;2025-08-23 00:00:00;2025-08-23 00:00:00
2025-08-15 00:00:00;SO120018;C0017;CS002;1242;2025-10-10 00:00:00;2025-09-30 00:00:00;2025-08-19 00:00:00;2025-08-09 00:00:00
2025-08-15 00:00:00;SO120018;C0017;CL002;1125;2025-10-10 00:00:00;2025-10-17 00:00:00;2025-08-19 00:00:00;2025-08-26 00:00:00
2025-08-15 00:00:00;SO238210;C0028;VS004;1227;2025-08-29 00:00:00;2025-08-24 00:00:00;2025-08-23 00:00:00;2025-08-18 00:00:00
2025-08-15 00:00:00;SO120018;C0017;CT003;638;2025-10-10 00:00:00;2025-10-13 00:00:00;2025-08-19 00:00:00;2025-08-22 00:00:00
2025-08-15 00:00:00;SO120018;C0017;VS001;420;2025-10-10 00:00:00;2025-10-08 00:00:00;2025-08-19 00:00:00;2025-08-17 00:00:00
2025-08-15 00:00:00;SO238210;C0028;AS004;387;2025-08-29 00:00:00;2025-08-20 00:00:00;2025-08-23 00:00:00;2025-08-14 00:00:00
2025-08-15 00:00:00;SO120018;C0017;VS003;557;2025-10-10 00:00:00;2025-10-14 00:00:00;2025-08-19 00:00:00;2025-08-23 00:00:00
2025-08-15 00:00:00;SO238210;C0028;AS005;613;2025-08-29 00:00:00;2025-08-31 00:00:00;2025-08-23 00:00:00;2025-08-25 00:00:00
2025-08-15 00:00:00;SO238210;C0028;CL001;852;2025-08-29 00:00:00;2025-08-22 00:00:00;2025-08-23 00:00:00;2025-08-16 00:00:00
2025-08-15 00:00:00;SO120018;C0017;AS004;928;2025-10-10 00:00:00;2025-10-02 00:00:00;2025-08-19 00:00:00;2025-08-11 00:00:00
2025-08-18 00:00:00;SO250622;C0011;VS005;274;2025-09-22 00:00:00;2025-09-28 00:00:00;2025-08-21 00:00:00;2025-08-27 00:00:00
2025-08-18 00:00:00;SO230591;C0010;CS002;936;2025-09-29 00:00:00;2025-09-26 00:00:00;2025-08-21 00:00:00;2025-08-18 00:00:00
2025-08-18 00:00:00;SO250622;C0011;VS003;1003;2025-09-22 00:00:00;2025-09-28 00:00:00;2025-08-21 00:00:00;2025-08-27 00:00:00
2025-08-18 00:00:00;SO250622;C0011;AT001;589;2025-09-22 00:00:00;2025-09-25 00:00:00;2025-08-21 00:00:00;2025-08-24 00:00:00
2025-08-18 00:00:00;SO250622;C0011;CT002;440;2025-09-22 00:00:00;2025-09-23 00:00:00;2025-08-21 00:00:00;2025-08-22 00:00:00
2025-08-18 00:00:00;SO230591;C0010;VS003;823;2025-09-29 00:00:00;2025-09-22 00:00:00;2025-08-21 00:00:00;2025-08-14 00:00:00
2025-08-18 00:00:00;SO250622;C0011;VS004;1010;2025-09-22 00:00:00;2025-09-19 00:00:00;2025-08-21 00:00:00;2025-08-18 00:00:00
2025-08-18 00:00:00;SO230591;C0010;VS005;765;2025-09-29 00:00:00;2025-10-02 00:00:00;2025-08-21 00:00:00;2025-08-24 00:00:00
2025-08-18 00:00:00;SO230591;C0010;AS005;1093;2025-09-29 00:00:00;2025-09-26 00:00:00;2025-08-21 00:00:00;2025-08-18 00:00:00
2025-08-18 00:00:00;SO250622;C0011;CT003;574;2025-09-22 00:00:00;2025-10-01 00:00:00;2025-08-21 00:00:00;2025-08-30 00:00:00
2025-08-18 00:00:00;SO250622;C0011;CL001;1105;2025-09-22 00:00:00;2025-09-24 00:00:00;2025-08-21 00:00:00;2025-08-23 00:00:00
2025-08-18 00:00:00;SO230591;C0010;CL001;527;2025-09-29 00:00:00;2025-10-06 00:00:00;2025-08-21 00:00:00;2025-08-28 00:00:00
2025-08-18 00:00:00;SO250622;C0011;AS004;395;2025-09-22 00:00:00;2025-09-22 00:00:00;2025-08-21 00:00:00;2025-08-21 00:00:00
2025-08-18 00:00:00;SO230591;C0010;VS001;1175;2025-09-29 00:00:00;2025-10-09 00:00:00;2025-08-21 00:00:00;2025-08-31 00:00:00
2025-08-19 00:00:00;SO946793;C0012;VS001;783;2025-09-16 00:00:00;2025-09-08 00:00:00;2025-08-22 00:00:00;2025-08-14 00:00:00
2025-08-19 00:00:00;SO416008;C0020;VS001;1256;2025-10-14 00:00:00;2025-10-11 00:00:00;2025-08-23 00:00:00;2025-08-20 00:00:00
2025-08-19 00:00:00;SO101992;C0027;CL002;895;2025-09-30 00:00:00;2025-10-05 00:00:00;2025-08-27 00:00:00;2025-09-01 00:00:00
2025-08-19 00:00:00;SO101992;C0027;AS004;864;2025-09-30 00:00:00;2025-10-07 00:00:00;2025-08-27 00:00:00;2025-09-03 00:00:00
2025-08-19 00:00:00;SO416008;C0020;CT001;582;2025-10-14 00:00:00;2025-10-24 00:00:00;2025-08-23 00:00:00;2025-09-02 00:00:00
2025-08-19 00:00:00;SO416008;C0020;AL001;597;2025-10-14 00:00:00;2025-10-13 00:00:00;2025-08-23 00:00:00;2025-08-22 00:00:00
2025-08-19 00:00:00;SO101992;C0027;AL001;490;2025-09-30 00:00:00;2025-10-08 00:00:00;2025-08-27 00:00:00;2025-09-04 00:00:00
2025-08-19 00:00:00;SO946793;C0012;CS002;793;2025-09-16 00:00:00;2025-09-22 00:00:00;2025-08-22 00:00:00;2025-08-28 00:00:00
2025-08-19 00:00:00;SO101992;C0027;CL001;1265;2025-09-30 00:00:00;2025-09-30 00:00:00;2025-08-27 00:00:00;2025-08-27 00:00:00
2025-08-19 00:00:00;SO416008;C0020;VS004;977;2025-10-14 00:00:00;2025-10-21 00:00:00;2025-08-23 00:00:00;2025-08-30 00:00:00
2025-08-19 00:00:00;SO946793;C0012;VS004;1063;2025-09-16 00:00:00;2025-09-24 00:00:00;2025-08-22 00:00:00;2025-08-30 00:00:00
2025-08-19 00:00:00;SO416008;C0020;CT002;1113;2025-10-14 00:00:00;2025-10-12 00:00:00;2025-08-23 00:00:00;2025-08-21 00:00:00
2025-08-19 00:00:00;SO416008;C0020;VS005;1299;2025-10-14 00:00:00;2025-10-21 00:00:00;2025-08-23 00:00:00;2025-08-30 00:00:00
2025-08-19 00:00:00;SO416008;C0020;CL001;841;2025-10-14 00:00:00;2025-10-04 00:00:00;2025-08-23 00:00:00;2025-08-13 00:00:00
2025-08-19 00:00:00;SO946793;C0012;CT003;1067;2025-09-16 00:00:00;2025-09-25 00:00:00;2025-08-22 00:00:00;2025-08-31 00:00:00
2025-08-19 00:00:00;SO416008;C0020;AS005;477;2025-10-14 00:00:00;2025-10-08 00:00:00;2025-08-23 00:00:00;2025-08-17 00:00:00
2025-08-20 00:00:00;SO999931;C0019;VS001;509;2025-10-22 00:00:00;2025-10-23 00:00:00;2025-08-24 00:00:00;2025-08-25 00:00:00
2025-08-20 00:00:00;SO144541;C0030;CS002;747;2025-10-22 00:00:00;2025-10-19 00:00:00;2025-08-28 00:00:00;2025-08-25 00:00:00
2025-08-20 00:00:00;SO999931;C0019;CT003;874;2025-10-22 00:00:00;2025-10-26 00:00:00;2025-08-24 00:00:00;2025-08-28 00:00:00
2025-08-20 00:00:00;SO999931;C0019;CL001;957;2025-10-22 00:00:00;2025-10-22 00:00:00;2025-08-24 00:00:00;2025-08-24 00:00:00
2025-08-20 00:00:00;SO999931;C0019;CS002;606;2025-10-22 00:00:00;2025-10-25 00:00:00;2025-08-24 00:00:00;2025-08-27 00:00:00
2025-08-20 00:00:00;SO144541;C0030;AS005;1134;2025-10-22 00:00:00;2025-10-24 00:00:00;2025-08-28 00:00:00;2025-08-30 00:00:00
2025-08-20 00:00:00;SO999931;C0019;CT001;824;2025-10-22 00:00:00;2025-10-23 00:00:00;2025-08-24 00:00:00;2025-08-25 00:00:00
2025-08-20 00:00:00;SO144541;C0030;CT003;1200;2025-10-22 00:00:00;2025-10-13 00:00:00;2025-08-28 00:00:00;2025-08-19 00:00:00
2025-08-20 00:00:00;SO999931;C0019;CS001;760;2025-10-22 00:00:00;2025-10-30 00:00:00;2025-08-24 00:00:00;2025-09-01 00:00:00
2025-08-20 00:00:00;SO144541;C0030;CT001;1005;2025-10-22 00:00:00;2025-10-27 00:00:00;2025-08-28 00:00:00;2025-09-02 00:00:00
2025-08-20 00:00:00;SO999931;C0019;AL001;392;2025-10-22 00:00:00;2025-10-24 00:00:00;2025-08-24 00:00:00;2025-08-26 00:00:00
2025-08-20 00:00:00;SO144541;C0030;VS005;310;2025-10-22 00:00:00;2025-10-27 00:00:00;2025-08-28 00:00:00;2025-09-02 00:00:00
2025-08-20 00:00:00;SO999931;C0019;CL002;729;2025-10-22 00:00:00;2025-10-16 00:00:00;2025-08-24 00:00:00;2025-08-18 00:00:00
2025-08-21 00:00:00;SO821892;C0025;CL001;366;2025-09-18 00:00:00;2025-09-23 00:00:00;2025-08-29 00:00:00;2025-09-03 00:00:00
2025-08-21 00:00:00;SO667912;C0020;VS003;599;2025-10-16 00:00:00;2025-10-12 00:00:00;2025-08-25 00:00:00;2025-08-21 00:00:00
2025-08-21 00:00:00;SO667912;C0020;CT002;790;2025-10-16 00:00:00;2025-10-07 00:00:00;2025-08-25 00:00:00;2025-08-16 00:00:00
2025-08-21 00:00:00;SO821892;C0025;VS001;952;2025-09-18 00:00:00;2025-09-26 00:00:00;2025-08-29 00:00:00;2025-09-06 00:00:00
2025-08-21 00:00:00;SO667912;C0020;AS004;1093;2025-10-16 00:00:00;2025-10-19 00:00:00;2025-08-25 00:00:00;2025-08-28 00:00:00
2025-08-21 00:00:00;SO667912;C0020;AT001;1338;2025-10-16 00:00:00;2025-10-25 00:00:00;2025-08-25 00:00:00;2025-09-03 00:00:00
2025-08-21 00:00:00;SO821892;C0025;CT003;552;2025-09-18 00:00:00;2025-09-21 00:00:00;2025-08-29 00:00:00;2025-09-01 00:00:00
2025-08-21 00:00:00;SO821892;C0025;VS005;568;2025-09-18 00:00:00;2025-09-15 00:00:00;2025-08-29 00:00:00;2025-08-26 00:00:00
2025-08-21 00:00:00;SO667912;C0020;CT001;531;2025-10-16 00:00:00;2025-10-26 00:00:00;2025-08-25 00:00:00;2025-09-04 00:00:00
2025-08-21 00:00:00;SO821892;C0025;AT001;620;2025-09-18 00:00:00;2025-09-13 00:00:00;2025-08-29 00:00:00;2025-08-24 00:00:00
2025-08-21 00:00:00;SO821892;C0025;VS003;740;2025-09-18 00:00:00;2025-09-09 00:00:00;2025-08-29 00:00:00;2025-08-20 00:00:00
2025-08-21 00:00:00;SO667912;C0020;VS005;1047;2025-10-16 00:00:00;2025-10-10 00:00:00;2025-08-25 00:00:00;2025-08-19 00:00:00
2025-08-21 00:00:00;SO667912;C0020;CL001;933;2025-10-16 00:00:00;2025-10-12 00:00:00;2025-08-25 00:00:00;2025-08-21 00:00:00
2025-08-21 00:00:00;SO667912;C0020;AL001;589;2025-10-16 00:00:00;2025-10-17 00:00:00;2025-08-25 00:00:00;2025-08-26 00:00:00
2025-08-21 00:00:00;SO667912;C0020;CS002;1192;2025-10-16 00:00:00;2025-10-24 00:00:00;2025-08-25 00:00:00;2025-09-02 00:00:00
2025-08-21 00:00:00;SO667912;C0020;CS001;578;2025-10-16 00:00:00;2025-10-09 00:00:00;2025-08-25 00:00:00;2025-08-18 00:00:00
2025-08-22 00:00:00;SO390090;C0011;VS001;1104;2025-09-26 00:00:00;2025-10-02 00:00:00;2025-08-25 00:00:00;2025-08-31 00:00:00
2025-08-22 00:00:00;SO897250;C0003;VS005;688;2025-10-03 00:00:00;2025-09-24 00:00:00;2025-08-24 00:00:00;2025-08-15 00:00:00
2025-08-22 00:00:00;SO521945;C0012;VS001;514;2025-09-19 00:00:00;2025-09-20 00:00:00;2025-08-25 00:00:00;2025-08-26 00:00:00
2025-08-22 00:00:00;SO897250;C0003;AT001;916;2025-10-03 00:00:00;2025-10-06 00:00:00;2025-08-24 00:00:00;2025-08-27 00:00:00
2025-08-22 00:00:00;SO521945;C0012;CT001;518;2025-09-19 00:00:00;2025-09-15 00:00:00;2025-08-25 00:00:00;2025-08-21 00:00:00
2025-08-22 00:00:00;SO897250;C0003;CS002;970;2025-10-03 00:00:00;2025-10-04 00:00:00;2025-08-24 00:00:00;2025-08-25 00:00:00
2025-08-22 00:00:00;SO521945;C0012;CT002;1028;2025-09-19 00:00:00;2025-09-14 00:00:00;2025-08-25 00:00:00;2025-08-20 00:00:00
2025-08-22 00:00:00;SO897250;C0003;CT002;1084;2025-10-03 00:00:00;2025-10-08 00:00:00;2025-08-24 00:00:00;2025-08-29 00:00:00
2025-08-22 00:00:00;SO897250;C0003;AS005;982;2025-10-03 00:00:00;2025-09-29 00:00:00;2025-08-24 00:00:00;2025-08-20 00:00:00
2025-08-22 00:00:00;SO897250;C0003;CT003;403;2025-10-03 00:00:00;2025-10-06 00:00:00;2025-08-24 00:00:00;2025-08-27 00:00:00
2025-08-22 00:00:00;SO897250;C0003;AS004;992;2025-10-03 00:00:00;2025-09-26 00:00:00;2025-08-24 00:00:00;2025-08-17 00:00:00
2025-08-22 00:00:00;SO897250;C0003;AL001;1028;2025-10-03 00:00:00;2025-10-03 00:00:00;2025-08-24 00:00:00;2025-08-24 00:00:00
2025-08-22 00:00:00;SO897250;C0003;CS001;1334;2025-10-03 00:00:00;2025-09-28 00:00:00;2025-08-24 00:00:00;2025-08-19 00:00:00
2025-08-22 00:00:00;SO521945;C0012;CT003;969;2025-09-19 00:00:00;2025-09-24 00:00:00;2025-08-25 00:00:00;2025-08-30 00:00:00
2025-08-22 00:00:00;SO897250;C0003;CT001;836;2025-10-03 00:00:00;2025-10-04 00:00:00;2025-08-24 00:00:00;2025-08-25 00:00:00
2025-08-22 00:00:00;SO390090;C0011;CS002;506;2025-09-26 00:00:00;2025-09-28 00:00:00;2025-08-25 00:00:00;2025-08-27 00:00:00
2025-08-22 00:00:00;SO521945;C0012;CS001;1216;2025-09-19 00:00:00;2025-09-26 00:00:00;2025-08-25 00:00:00;2025-09-01 00:00:00
2025-08-22 00:00:00;SO897250;C0003;VS001;806;2025-10-03 00:00:00;2025-09-27 00:00:00;2025-08-24 00:00:00;2025-08-18 00:00:00
2025-08-22 00:00:00;SO897250;C0003;VS003;1227;2025-10-03 00:00:00;2025-10-07 00:00:00;2025-08-24 00:00:00;2025-08-28 00:00:00
2025-08-22 00:00:00;SO521945;C0012;VS004;1176;2025-09-19 00:00:00;2025-09-09 00:00:00;2025-08-25 00:00:00;2025-08-15 00:00:00
2025-08-25 00:00:00;SO277104;C0026;CS002;474;2025-09-29 00:00:00;2025-10-05 00:00:00;2025-09-02 00:00:00;2025-09-08 00:00:00
2025-08-25 00:00:00;SO705578;C0016;AS004;377;2025-09-08 00:00:00;2025-09-01 00:00:00;2025-08-29 00:00:00;2025-08-22 00:00:00
2025-08-25 00:00:00;SO376731;C0005;AS005;1119;2025-10-20 00:00:00;2025-10-10 00:00:00;2025-08-27 00:00:00;2025-08-17 00:00:00
2025-08-25 00:00:00;SO277104;C0026;AT001;453;2025-09-29 00:00:00;2025-09-19 00:00:00;2025-09-02 00:00:00;2025-08-23 00:00:00
2025-08-25 00:00:00;SO376731;C0005;VS004;485;2025-10-20 00:00:00;2025-10-30 00:00:00;2025-08-27 00:00:00;2025-09-06 00:00:00
2025-08-25 00:00:00;SO376731;C0005;CS001;444;2025-10-20 00:00:00;2025-10-28 00:00:00;2025-08-27 00:00:00;2025-09-04 00:00:00
2025-08-25 00:00:00;SO376731;C0005;CS002;577;2025-10-20 00:00:00;2025-10-17 00:00:00;2025-08-27 00:00:00;2025-08-24 00:00:00
2025-08-25 00:00:00;SO376731;C0005;VS001;1204;2025-10-20 00:00:00;2025-10-12 00:00:00;2025-08-27 00:00:00;2025-08-19 00:00:00
2025-08-25 00:00:00;SO376731;C0005;VS005;1058;2025-10-20 00:00:00;2025-10-25 00:00:00;2025-08-27 00:00:00;2025-09-01 00:00:00
2025-08-25 00:00:00;SO277104;C0026;CS001;894;2025-09-29 00:00:00;2025-10-06 00:00:00;2025-09-02 00:00:00;2025-09-09 00:00:00
2025-08-25 00:00:00;SO705578;C0016;CL002;459;2025-09-08 00:00:00;2025-08-31 00:00:00;2025-08-29 00:00:00;2025-08-21 00:00:00
2025-08-25 00:00:00;SO705578;C0016;VS004;822;2025-09-08 00:00:00;2025-09-09 00:00:00;2025-08-29 00:00:00;2025-08-30 00:00:00
2025-08-25 00:00:00;SO705578;C0016;VS001;714;2025-09-08 00:00:00;2025-09-17 00:00:00;2025-08-29 00:00:00;2025-09-07 00:00:00
2025-08-25 00:00:00;SO705578;C0016;CS002;1201;2025-09-08 00:00:00;2025-08-30 00:00:00;2025-08-29 00:00:00;2025-08-20 00:00:00
2025-08-25 00:00:00;SO705578;C0016;CL001;553;2025-09-08 00:00:00;2025-08-29 00:00:00;2025-08-29 00:00:00;2025-08-19 00:00:00
2025-08-25 00:00:00;SO705578;C0016;AS005;873;2025-09-08 00:00:00;2025-08-31 00:00:00;2025-08-29 00:00:00;2025-08-21 00:00:00
2025-08-26 00:00:00;SO106875;C0029;CT002;803;2025-10-21 00:00:00;2025-10-24 00:00:00;2025-09-03 00:00:00;2025-09-06 00:00:00
2025-08-26 00:00:00;SO309241;C0020;CT002;528;2025-10-21 00:00:00;2025-10-27 00:00:00;2025-08-30 00:00:00;2025-09-05 00:00:00
2025-08-26 00:00:00;SO922018;C0022;CS001;547;2025-10-07 00:00:00;2025-10-01 00:00:00;2025-08-30 00:00:00;2025-08-24 00:00:00
2025-08-26 00:00:00;SO196705;C0017;AS005;984;2025-10-21 00:00:00;2025-10-17 00:00:00;2025-08-30 00:00:00;2025-08-26 00:00:00
2025-08-26 00:00:00;SO922018;C0022;CT003;896;2025-10-07 00:00:00;2025-10-05 00:00:00;2025-08-30 00:00:00;2025-08-28 00:00:00
2025-08-26 00:00:00;SO106875;C0029;VS003;463;2025-10-21 00:00:00;2025-10-18 00:00:00;2025-09-03 00:00:00;2025-08-31 00:00:00
2025-08-26 00:00:00;SO922018;C0022;CS002;419;2025-10-07 00:00:00;2025-10-09 00:00:00;2025-08-30 00:00:00;2025-09-01 00:00:00
2025-08-26 00:00:00;SO196705;C0017;VS003;869;2025-10-21 00:00:00;2025-10-24 00:00:00;2025-08-30 00:00:00;2025-09-02 00:00:00
2025-08-26 00:00:00;SO196705;C0017;AT001;1028;2025-10-21 00:00:00;2025-10-14 00:00:00;2025-08-30 00:00:00;2025-08-23 00:00:00
2025-08-26 00:00:00;SO309241;C0020;CL001;796;2025-10-21 00:00:00;2025-10-20 00:00:00;2025-08-30 00:00:00;2025-08-29 00:00:00
2025-08-26 00:00:00;SO106875;C0029;AS004;776;2025-10-21 00:00:00;2025-10-14 00:00:00;2025-09-03 00:00:00;2025-08-27 00:00:00
2025-08-26 00:00:00;SO309241;C0020;CS001;431;2025-10-21 00:00:00;2025-10-12 00:00:00;2025-08-30 00:00:00;2025-08-21 00:00:00
2025-08-26 00:00:00;SO309241;C0020;CS002;1117;2025-10-21 00:00:00;2025-10-22 00:00:00;2025-08-30 00:00:00;2025-08-31 00:00:00
2025-08-26 00:00:00;SO196705;C0017;VS001;972;2025-10-21 00:00:00;2025-10-23 00:00:00;2025-08-30 00:00:00;2025-09-01 00:00:00
2025-08-26 00:00:00;SO922018;C0022;AL001;1120;2025-10-07 00:00:00;2025-10-14 00:00:00;2025-08-30 00:00:00;2025-09-06 00:00:00
2025-08-26 00:00:00;SO196705;C0017;CL002;762;2025-10-21 00:00:00;2025-10-11 00:00:00;2025-08-30 00:00:00;2025-08-20 00:00:00
2025-08-26 00:00:00;SO309241;C0020;VS005;487;2025-10-21 00:00:00;2025-10-25 00:00:00;2025-08-30 00:00:00;2025-09-03 00:00:00
2025-08-26 00:00:00;SO106875;C0029;CS002;1214;2025-10-21 00:00:00;2025-10-21 00:00:00;2025-09-03 00:00:00;2025-09-03 00:00:00
2025-08-26 00:00:00;SO196705;C0017;CT003;603;2025-10-21 00:00:00;2025-10-28 00:00:00;2025-08-30 00:00:00;2025-09-06 00:00:00
2025-08-27 00:00:00;SO753266;C0019;CL001;894;2025-10-29 00:00:00;2025-10-24 00:00:00;2025-08-31 00:00:00;2025-08-26 00:00:00
2025-08-27 00:00:00;SO310345;C0029;AL001;591;2025-10-22 00:00:00;2025-10-13 00:00:00;2025-09-04 00:00:00;2025-08-26 00:00:00
2025-08-27 00:00:00;SO753266;C0019;VS001;566;2025-10-29 00:00:00;2025-11-06 00:00:00;2025-08-31 00:00:00;2025-09-08 00:00:00
2025-08-27 00:00:00;SO310345;C0029;CS001;770;2025-10-22 00:00:00;2025-11-01 00:00:00;2025-09-04 00:00:00;2025-09-14 00:00:00
2025-08-27 00:00:00;SO310345;C0029;VS005;315;2025-10-22 00:00:00;2025-10-28 00:00:00;2025-09-04 00:00:00;2025-09-10 00:00:00
2025-08-27 00:00:00;SO310345;C0029;AS005;1190;2025-10-22 00:00:00;2025-10-26 00:00:00;2025-09-04 00:00:00;2025-09-08 00:00:00
2025-08-27 00:00:00;SO310345;C0029;CL001;394;2025-10-22 00:00:00;2025-10-20 00:00:00;2025-09-04 00:00:00;2025-09-02 00:00:00
2025-08-27 00:00:00;SO310345;C0029;VS001;857;2025-10-22 00:00:00;2025-10-21 00:00:00;2025-09-04 00:00:00;2025-09-03 00:00:00
2025-08-27 00:00:00;SO753266;C0019;AL001;1027;2025-10-29 00:00:00;2025-10-30 00:00:00;2025-08-31 00:00:00;2025-09-01 00:00:00
2025-08-27 00:00:00;SO753266;C0019;VS005;776;2025-10-29 00:00:00;2025-11-02 00:00:00;2025-08-31 00:00:00;2025-09-04 00:00:00
2025-08-27 00:00:00;SO310345;C0029;CT002;346;2025-10-22 00:00:00;2025-10-23 00:00:00;2025-09-04 00:00:00;2025-09-05 00:00:00
2025-08-27 00:00:00;SO753266;C0019;CS002;771;2025-10-29 00:00:00;2025-10-20 00:00:00;2025-08-31 00:00:00;2025-08-22 00:00:00
2025-08-28 00:00:00;SO714992;C0016;CT003;417;2025-09-11 00:00:00;2025-09-01 00:00:00;2025-09-01 00:00:00;2025-08-22 00:00:00
2025-08-28 00:00:00;SO521683;C0026;VS004;1145;2025-10-02 00:00:00;2025-10-10 00:00:00;2025-09-05 00:00:00;2025-09-13 00:00:00
2025-08-28 00:00:00;SO714992;C0016;CT001;634;2025-09-11 00:00:00;2025-09-13 00:00:00;2025-09-01 00:00:00;2025-09-03 00:00:00
2025-08-28 00:00:00;SO521683;C0026;AT001;413;2025-10-02 00:00:00;2025-10-10 00:00:00;2025-09-05 00:00:00;2025-09-13 00:00:00
2025-08-28 00:00:00;SO521683;C0026;CL002;414;2025-10-02 00:00:00;2025-09-27 00:00:00;2025-09-05 00:00:00;2025-08-31 00:00:00
2025-08-28 00:00:00;SO714992;C0016;CL001;829;2025-09-11 00:00:00;2025-09-05 00:00:00;2025-09-01 00:00:00;2025-08-26 00:00:00
2025-08-28 00:00:00;SO714992;C0016;VS005;408;2025-09-11 00:00:00;2025-09-09 00:00:00;2025-09-01 00:00:00;2025-08-30 00:00:00
2025-08-28 00:00:00;SO714992;C0016;CL002;704;2025-09-11 00:00:00;2025-09-20 00:00:00;2025-09-01 00:00:00;2025-09-10 00:00:00
2025-08-28 00:00:00;SO521683;C0026;AS004;339;2025-10-02 00:00:00;2025-09-30 00:00:00;2025-09-05 00:00:00;2025-09-03 00:00:00
2025-08-28 00:00:00;SO521683;C0026;CT001;1099;2025-10-02 00:00:00;2025-10-12 00:00:00;2025-09-05 00:00:00;2025-09-15 00:00:00
2025-08-28 00:00:00;SO521683;C0026;CS001;837;2025-10-02 00:00:00;2025-09-26 00:00:00;2025-09-05 00:00:00;2025-08-30 00:00:00
2025-08-28 00:00:00;SO714992;C0016;CS002;1189;2025-09-11 00:00:00;2025-09-18 00:00:00;2025-09-01 00:00:00;2025-09-08 00:00:00
2025-08-28 00:00:00;SO714992;C0016;VS001;1320;2025-09-11 00:00:00;2025-09-06 00:00:00;2025-09-01 00:00:00;2025-08-27 00:00:00
2025-08-29 00:00:00;SO599398;C0012;VS004;803;2025-09-26 00:00:00;2025-10-06 00:00:00;2025-09-01 00:00:00;2025-09-11 00:00:00
2025-08-29 00:00:00;SO258267;C0015;VS003;541;2025-10-10 00:00:00;2025-10-12 00:00:00;2025-09-02 00:00:00;2025-09-04 00:00:00
2025-08-29 00:00:00;SO258267;C0015;CT001;1309;2025-10-10 00:00:00;2025-10-19 00:00:00;2025-09-02 00:00:00;2025-09-11 00:00:00
2025-08-29 00:00:00;SO258267;C0015;CL001;1209;2025-10-10 00:00:00;2025-10-06 00:00:00;2025-09-02 00:00:00;2025-08-29 00:00:00
2025-08-29 00:00:00;SO258267;C0015;AS004;1163;2025-10-10 00:00:00;2025-10-14 00:00:00;2025-09-02 00:00:00;2025-09-06 00:00:00
2025-08-29 00:00:00;SO599398;C0012;VS001;492;2025-09-26 00:00:00;2025-09-21 00:00:00;2025-09-01 00:00:00;2025-08-27 00:00:00
2025-08-29 00:00:00;SO258267;C0015;CT002;775;2025-10-10 00:00:00;2025-10-05 00:00:00;2025-09-02 00:00:00;2025-08-28 00:00:00
2025-08-29 00:00:00;SO599398;C0012;CS001;592;2025-09-26 00:00:00;2025-10-05 00:00:00;2025-09-01 00:00:00;2025-09-10 00:00:00
2025-08-29 00:00:00;SO599398;C0012;CT001;438;2025-09-26 00:00:00;2025-09-26 00:00:00;2025-09-01 00:00:00;2025-09-01 00:00:00
2025-08-29 00:00:00;SO599398;C0012;AS005;681;2025-09-26 00:00:00;2025-09-24 00:00:00;2025-09-01 00:00:00;2025-08-30 00:00:00
2025-08-29 00:00:00;SO599398;C0012;CL002;425;2025-09-26 00:00:00;2025-10-03 00:00:00;2025-09-01 00:00:00;2025-09-08 00:00:00
2025-08-29 00:00:00;SO599398;C0012;AT001;734;2025-09-26 00:00:00;2025-09-25 00:00:00;2025-09-01 00:00:00;2025-08-31 00:00:00
2025-09-01 00:00:00;SO313105;C0003;AT002;735;2025-10-13 00:00:00;2025-10-09 00:00:00;2025-09-03 00:00:00;2025-08-30 00:00:00
2025-09-01 00:00:00;SO948666;C0014;AL001;1007;2025-10-06 00:00:00;2025-10-12 00:00:00;2025-09-05 00:00:00;2025-09-11 00:00:00
2025-09-01 00:00:00;SO376502;C0009;CS003;456;2025-09-15 00:00:00;2025-09-20 00:00:00;2025-09-04 00:00:00;2025-09-09 00:00:00
2025-09-01 00:00:00;SO865780;C0010;AS005;823;2025-10-13 00:00:00;2025-10-23 00:00:00;2025-09-04 00:00:00;2025-09-14 00:00:00
2025-09-01 00:00:00;SO948666;C0014;CS002;469;2025-10-06 00:00:00;2025-09-27 00:00:00;2025-09-05 00:00:00;2025-08-27 00:00:00
2025-09-01 00:00:00;SO313105;C0003;AL001;793;2025-10-13 00:00:00;2025-10-10 00:00:00;2025-09-03 00:00:00;2025-08-31 00:00:00
2025-09-01 00:00:00;SO948666;C0014;VS004;1303;2025-10-06 00:00:00;2025-10-06 00:00:00;2025-09-05 00:00:00;2025-09-05 00:00:00
2025-09-01 00:00:00;SO313105;C0003;VS005;744;2025-10-13 00:00:00;2025-10-22 00:00:00;2025-09-03 00:00:00;2025-09-12 00:00:00
2025-09-01 00:00:00;SO948666;C0014;AT002;952;2025-10-06 00:00:00;2025-10-16 00:00:00;2025-09-05 00:00:00;2025-09-15 00:00:00
2025-09-01 00:00:00;SO376502;C0009;CT003;712;2025-09-15 00:00:00;2025-09-13 00:00:00;2025-09-04 00:00:00;2025-09-02 00:00:00
2025-09-01 00:00:00;SO376502;C0009;CS004;798;2025-09-15 00:00:00;2025-09-06 00:00:00;2025-09-04 00:00:00;2025-08-26 00:00:00
2025-09-01 00:00:00;SO313105;C0003;VS001;845;2025-10-13 00:00:00;2025-10-11 00:00:00;2025-09-03 00:00:00;2025-09-01 00:00:00
2025-09-01 00:00:00;SO865780;C0010;CS003;596;2025-10-13 00:00:00;2025-10-14 00:00:00;2025-09-04 00:00:00;2025-09-05 00:00:00
2025-09-01 00:00:00;SO313105;C0003;AS001;863;2025-10-13 00:00:00;2025-10-08 00:00:00;2025-09-03 00:00:00;2025-08-29 00:00:00
2025-09-02 00:00:00;SO505781;C0012;AT002;792;2025-09-30 00:00:00;2025-10-07 00:00:00;2025-09-05 00:00:00;2025-09-12 00:00:00
2025-09-02 00:00:00;SO165080;C0028;AS002;417;2025-09-16 00:00:00;2025-09-14 00:00:00;2025-09-10 00:00:00;2025-09-08 00:00:00
2025-09-02 00:00:00;SO423881;C0021;CS004;535;2025-09-16 00:00:00;2025-09-13 00:00:00;2025-09-06 00:00:00;2025-09-03 00:00:00
2025-09-02 00:00:00;SO505781;C0012;VS002;997;2025-09-30 00:00:00;2025-09-22 00:00:00;2025-09-05 00:00:00;2025-08-28 00:00:00
2025-09-02 00:00:00;SO505781;C0012;AS001;282;2025-09-30 00:00:00;2025-09-29 00:00:00;2025-09-05 00:00:00;2025-09-04 00:00:00
2025-09-02 00:00:00;SO165080;C0028;AS004;1114;2025-09-16 00:00:00;2025-09-23 00:00:00;2025-09-10 00:00:00;2025-09-17 00:00:00
2025-09-02 00:00:00;SO423881;C0021;CS002;612;2025-09-16 00:00:00;2025-09-21 00:00:00;2025-09-06 00:00:00;2025-09-11 00:00:00
2025-09-02 00:00:00;SO505781;C0012;AL001;980;2025-09-30 00:00:00;2025-09-25 00:00:00;2025-09-05 00:00:00;2025-08-31 00:00:00
2025-09-02 00:00:00;SO505781;C0012;CS004;522;2025-09-30 00:00:00;2025-09-28 00:00:00;2025-09-05 00:00:00;2025-09-03 00:00:00
2025-09-02 00:00:00;SO505781;C0012;AS005;934;2025-09-30 00:00:00;2025-09-27 00:00:00;2025-09-05 00:00:00;2025-09-02 00:00:00
2025-09-02 00:00:00;SO165080;C0028;AT002;996;2025-09-16 00:00:00;2025-09-12 00:00:00;2025-09-10 00:00:00;2025-09-06 00:00:00
2025-09-02 00:00:00;SO505781;C0012;VS001;1080;2025-09-30 00:00:00;2025-10-03 00:00:00;2025-09-05 00:00:00;2025-09-08 00:00:00
2025-09-02 00:00:00;SO165080;C0028;VS005;317;2025-09-16 00:00:00;2025-09-16 00:00:00;2025-09-10 00:00:00;2025-09-10 00:00:00
2025-09-02 00:00:00;SO505781;C0012;CT002;1134;2025-09-30 00:00:00;2025-09-27 00:00:00;2025-09-05 00:00:00;2025-09-02 00:00:00
2025-09-02 00:00:00;SO505781;C0012;AT001;645;2025-09-30 00:00:00;2025-10-06 00:00:00;2025-09-05 00:00:00;2025-09-11 00:00:00
2025-09-02 00:00:00;SO505781;C0012;CS003;491;2025-09-30 00:00:00;2025-10-02 00:00:00;2025-09-05 00:00:00;2025-09-07 00:00:00
2025-09-02 00:00:00;SO423881;C0021;VS001;458;2025-09-16 00:00:00;2025-09-12 00:00:00;2025-09-06 00:00:00;2025-09-02 00:00:00
2025-09-03 00:00:00;SO984974;C0028;VS002;964;2025-09-17 00:00:00;2025-09-25 00:00:00;2025-09-11 00:00:00;2025-09-19 00:00:00
2025-09-03 00:00:00;SO899623;C0009;CT003;361;2025-09-17 00:00:00;2025-09-08 00:00:00;2025-09-06 00:00:00;2025-08-28 00:00:00
2025-09-03 00:00:00;SO984974;C0028;AS005;1153;2025-09-17 00:00:00;2025-09-14 00:00:00;2025-09-11 00:00:00;2025-09-08 00:00:00
2025-09-03 00:00:00;SO899623;C0009;AS004;916;2025-09-17 00:00:00;2025-09-15 00:00:00;2025-09-06 00:00:00;2025-09-04 00:00:00
2025-09-03 00:00:00;SO899623;C0009;CS003;1219;2025-09-17 00:00:00;2025-09-13 00:00:00;2025-09-06 00:00:00;2025-09-02 00:00:00
2025-09-03 00:00:00;SO899623;C0009;CT001;1077;2025-09-17 00:00:00;2025-09-18 00:00:00;2025-09-06 00:00:00;2025-09-07 00:00:00
2025-09-03 00:00:00;SO899623;C0009;AS001;925;2025-09-17 00:00:00;2025-09-07 00:00:00;2025-09-06 00:00:00;2025-08-27 00:00:00
2025-09-03 00:00:00;SO984974;C0028;AL001;613;2025-09-17 00:00:00;2025-09-26 00:00:00;2025-09-11 00:00:00;2025-09-20 00:00:00
2025-09-03 00:00:00;SO984974;C0028;CT003;1330;2025-09-17 00:00:00;2025-09-07 00:00:00;2025-09-11 00:00:00;2025-09-01 00:00:00
2025-09-03 00:00:00;SO899623;C0009;CS002;1051;2025-09-17 00:00:00;2025-09-19 00:00:00;2025-09-06 00:00:00;2025-09-08 00:00:00
2025-09-03 00:00:00;SO984974;C0028;VS001;807;2025-09-17 00:00:00;2025-09-20 00:00:00;2025-09-11 00:00:00;2025-09-14 00:00:00
2025-09-03 00:00:00;SO899623;C0009;CL002;1059;2025-09-17 00:00:00;2025-09-16 00:00:00;2025-09-06 00:00:00;2025-09-05 00:00:00
2025-09-03 00:00:00;SO899623;C0009;AL001;581;2025-09-17 00:00:00;2025-09-13 00:00:00;2025-09-06 00:00:00;2025-09-02 00:00:00
2025-09-03 00:00:00;SO899623;C0009;VS005;695;2025-09-17 00:00:00;2025-09-13 00:00:00;2025-09-06 00:00:00;2025-09-02 00:00:00
2025-09-03 00:00:00;SO899623;C0009;VS001;1281;2025-09-17 00:00:00;2025-09-17 00:00:00;2025-09-06 00:00:00;2025-09-06 00:00:00
2025-09-03 00:00:00;SO984974;C0028;AT002;747;2025-09-17 00:00:00;2025-09-26 00:00:00;2025-09-11 00:00:00;2025-09-20 00:00:00
2025-09-03 00:00:00;SO984974;C0028;CS003;436;2025-09-17 00:00:00;2025-09-15 00:00:00;2025-09-11 00:00:00;2025-09-09 00:00:00
2025-09-03 00:00:00;SO899623;C0009;CT002;1047;2025-09-17 00:00:00;2025-09-13 00:00:00;2025-09-06 00:00:00;2025-09-02 00:00:00
2025-09-03 00:00:00;SO899623;C0009;CS001;879;2025-09-17 00:00:00;2025-09-24 00:00:00;2025-09-06 00:00:00;2025-09-13 00:00:00
2025-09-04 00:00:00;SO653470;C0023;VS002;596;2025-10-09 00:00:00;2025-10-12 00:00:00;2025-09-08 00:00:00;2025-09-11 00:00:00
2025-09-04 00:00:00;SO990939;C0015;AT001;557;2025-10-16 00:00:00;2025-10-18 00:00:00;2025-09-08 00:00:00;2025-09-10 00:00:00
2025-09-04 00:00:00;SO801326;C0014;CT001;352;2025-10-09 00:00:00;2025-10-17 00:00:00;2025-09-08 00:00:00;2025-09-16 00:00:00
2025-09-04 00:00:00;SO667968;C0019;VS001;799;2025-11-06 00:00:00;2025-11-02 00:00:00;2025-09-08 00:00:00;2025-09-04 00:00:00
2025-09-04 00:00:00;SO990939;C0015;VS005;331;2025-10-16 00:00:00;2025-10-18 00:00:00;2025-09-08 00:00:00;2025-09-10 00:00:00
2025-09-04 00:00:00;SO801326;C0014;CL002;1042;2025-10-09 00:00:00;2025-09-30 00:00:00;2025-09-08 00:00:00;2025-08-30 00:00:00
2025-09-04 00:00:00;SO990939;C0015;AL001;1123;2025-10-16 00:00:00;2025-10-26 00:00:00;2025-09-08 00:00:00;2025-09-18 00:00:00
2025-09-04 00:00:00;SO801326;C0014;CS002;521;2025-10-09 00:00:00;2025-10-19 00:00:00;2025-09-08 00:00:00;2025-09-18 00:00:00
2025-09-04 00:00:00;SO990939;C0015;CS003;1033;2025-10-16 00:00:00;2025-10-25 00:00:00;2025-09-08 00:00:00;2025-09-17 00:00:00
2025-09-04 00:00:00;SO990939;C0015;CS004;670;2025-10-16 00:00:00;2025-10-20 00:00:00;2025-09-08 00:00:00;2025-09-12 00:00:00
2025-09-04 00:00:00;SO990939;C0015;AS002;561;2025-10-16 00:00:00;2025-10-11 00:00:00;2025-09-08 00:00:00;2025-09-03 00:00:00
2025-09-04 00:00:00;SO653470;C0023;CS002;460;2025-10-09 00:00:00;2025-10-07 00:00:00;2025-09-08 00:00:00;2025-09-06 00:00:00
2025-09-04 00:00:00;SO801326;C0014;VS004;1258;2025-10-09 00:00:00;2025-10-18 00:00:00;2025-09-08 00:00:00;2025-09-17 00:00:00
2025-09-04 00:00:00;SO667968;C0019;CL001;1255;2025-11-06 00:00:00;2025-10-27 00:00:00;2025-09-08 00:00:00;2025-08-29 00:00:00
2025-09-05 00:00:00;SO909452;C0021;AT001;788;2025-09-19 00:00:00;2025-09-14 00:00:00;2025-09-09 00:00:00;2025-09-04 00:00:00
2025-09-05 00:00:00;SO651752;C0001;CS004;494;2025-10-03 00:00:00;2025-10-13 00:00:00;2025-09-07 00:00:00;2025-09-17 00:00:00
2025-09-05 00:00:00;SO425764;C0026;CT003;809;2025-10-10 00:00:00;2025-10-11 00:00:00;2025-09-13 00:00:00;2025-09-14 00:00:00
2025-09-05 00:00:00;SO169357;C0011;CS004;413;2025-10-10 00:00:00;2025-10-03 00:00:00;2025-09-08 00:00:00;2025-09-01 00:00:00
2025-09-05 00:00:00;SO425764;C0026;CL002;1329;2025-10-10 00:00:00;2025-10-14 00:00:00;2025-09-13 00:00:00;2025-09-17 00:00:00
2025-09-05 00:00:00;SO169357;C0011;CS003;497;2025-10-10 00:00:00;2025-10-09 00:00:00;2025-09-08 00:00:00;2025-09-07 00:00:00
2025-09-05 00:00:00;SO651752;C0001;CS003;1044;2025-10-03 00:00:00;2025-09-28 00:00:00;2025-09-07 00:00:00;2025-09-02 00:00:00
2025-09-05 00:00:00;SO169357;C0011;VS001;331;2025-10-10 00:00:00;2025-10-14 00:00:00;2025-09-08 00:00:00;2025-09-12 00:00:00
2025-09-05 00:00:00;SO425764;C0026;AS004;647;2025-10-10 00:00:00;2025-10-16 00:00:00;2025-09-13 00:00:00;2025-09-19 00:00:00
2025-09-05 00:00:00;SO651752;C0001;CT002;1212;2025-10-03 00:00:00;2025-10-02 00:00:00;2025-09-07 00:00:00;2025-09-06 00:00:00
2025-09-05 00:00:00;SO169357;C0011;CT003;787;2025-10-10 00:00:00;2025-10-08 00:00:00;2025-09-08 00:00:00;2025-09-06 00:00:00
2025-09-05 00:00:00;SO425764;C0026;AS001;393;2025-10-10 00:00:00;2025-10-16 00:00:00;2025-09-13 00:00:00;2025-09-19 00:00:00
2025-09-05 00:00:00;SO651752;C0001;CT003;576;2025-10-03 00:00:00;2025-10-11 00:00:00;2025-09-07 00:00:00;2025-09-15 00:00:00
2025-09-05 00:00:00;SO651752;C0001;VS002;1186;2025-10-03 00:00:00;2025-10-07 00:00:00;2025-09-07 00:00:00;2025-09-11 00:00:00
2025-09-05 00:00:00;SO651752;C0001;VS004;1263;2025-10-03 00:00:00;2025-10-02 00:00:00;2025-09-07 00:00:00;2025-09-06 00:00:00
2025-09-05 00:00:00;SO169357;C0011;VS002;1098;2025-10-10 00:00:00;2025-10-20 00:00:00;2025-09-08 00:00:00;2025-09-18 00:00:00
2025-09-05 00:00:00;SO169357;C0011;CT002;704;2025-10-10 00:00:00;2025-10-12 00:00:00;2025-09-08 00:00:00;2025-09-10 00:00:00
2025-09-05 00:00:00;SO425764;C0026;CT002;357;2025-10-10 00:00:00;2025-10-11 00:00:00;2025-09-13 00:00:00;2025-09-14 00:00:00
2025-09-08 00:00:00;SO401505;C0018;CS003;454;2025-11-10 00:00:00;2025-11-14 00:00:00;2025-09-12 00:00:00;2025-09-16 00:00:00
2025-09-08 00:00:00;SO440906;C0029;CS002;1145;2025-11-03 00:00:00;2025-10-28 00:00:00;2025-09-16 00:00:00;2025-09-10 00:00:00
2025-09-08 00:00:00;SO725828;C0010;CT002;848;2025-10-20 00:00:00;2025-10-20 00:00:00;2025-09-11 00:00:00;2025-09-11 00:00:00
2025-09-08 00:00:00;SO725828;C0010;CS002;1047;2025-10-20 00:00:00;2025-10-30 00:00:00;2025-09-11 00:00:00;2025-09-21 00:00:00
2025-09-08 00:00:00;SO401505;C0018;AS001;889;2025-11-10 00:00:00;2025-11-10 00:00:00;2025-09-12 00:00:00;2025-09-12 00:00:00
2025-09-08 00:00:00;SO440906;C0029;AS004;456;2025-11-03 00:00:00;2025-10-31 00:00:00;2025-09-16 00:00:00;2025-09-13 00:00:00
2025-09-08 00:00:00;SO725828;C0010;CL002;1028;2025-10-20 00:00:00;2025-10-24 00:00:00;2025-09-11 00:00:00;2025-09-15 00:00:00
2025-09-08 00:00:00;SO401505;C0018;AT002;867;2025-11-10 00:00:00;2025-11-04 00:00:00;2025-09-12 00:00:00;2025-09-06 00:00:00
2025-09-08 00:00:00;SO401505;C0018;CT002;502;2025-11-10 00:00:00;2025-11-08 00:00:00;2025-09-12 00:00:00;2025-09-10 00:00:00
2025-09-08 00:00:00;SO725828;C0010;VS001;807;2025-10-20 00:00:00;2025-10-10 00:00:00;2025-09-11 00:00:00;2025-09-01 00:00:00
2025-09-08 00:00:00;SO401505;C0018;VS001;690;2025-11-10 00:00:00;2025-11-20 00:00:00;2025-09-12 00:00:00;2025-09-22 00:00:00
2025-09-08 00:00:00;SO440906;C0029;CL001;758;2025-11-03 00:00:00;2025-11-02 00:00:00;2025-09-16 00:00:00;2025-09-15 00:00:00
2025-09-08 00:00:00;SO440906;C0029;CT003;724;2025-11-03 00:00:00;2025-10-24 00:00:00;2025-09-16 00:00:00;2025-09-06 00:00:00
2025-09-08 00:00:00;SO440906;C0029;AT002;684;2025-11-03 00:00:00;2025-11-05 00:00:00;2025-09-16 00:00:00;2025-09-18 00:00:00
2025-09-08 00:00:00;SO725828;C0010;AS005;1079;2025-10-20 00:00:00;2025-10-10 00:00:00;2025-09-11 00:00:00;2025-09-01 00:00:00
2025-09-08 00:00:00;SO725828;C0010;CT003;711;2025-10-20 00:00:00;2025-10-14 00:00:00;2025-09-11 00:00:00;2025-09-05 00:00:00
2025-09-08 00:00:00;SO440906;C0029;CT001;1053;2025-11-03 00:00:00;2025-11-10 00:00:00;2025-09-16 00:00:00;2025-09-23 00:00:00
2025-09-08 00:00:00;SO725828;C0010;AS004;1320;2025-10-20 00:00:00;2025-10-19 00:00:00;2025-09-11 00:00:00;2025-09-10 00:00:00
2025-09-09 00:00:00;SO969251;C0014;VS004;533;2025-10-14 00:00:00;2025-10-22 00:00:00;2025-09-13 00:00:00;2025-09-21 00:00:00
2025-09-09 00:00:00;SO599765;C0028;AS002;944;2025-09-23 00:00:00;2025-10-02 00:00:00;2025-09-17 00:00:00;2025-09-26 00:00:00
2025-09-09 00:00:00;SO599765;C0028;CS001;765;2025-09-23 00:00:00;2025-10-03 00:00:00;2025-09-17 00:00:00;2025-09-27 00:00:00
2025-09-09 00:00:00;SO599765;C0028;AT002;1093;2025-09-23 00:00:00;2025-10-03 00:00:00;2025-09-17 00:00:00;2025-09-27 00:00:00
2025-09-09 00:00:00;SO969251;C0014;CL002;482;2025-10-14 00:00:00;2025-10-14 00:00:00;2025-09-13 00:00:00;2025-09-13 00:00:00
2025-09-09 00:00:00;SO599765;C0028;CS004;647;2025-09-23 00:00:00;2025-09-13 00:00:00;2025-09-17 00:00:00;2025-09-07 00:00:00
2025-09-09 00:00:00;SO599765;C0028;AS001;1131;2025-09-23 00:00:00;2025-10-01 00:00:00;2025-09-17 00:00:00;2025-09-25 00:00:00
2025-09-09 00:00:00;SO599765;C0028;CT001;477;2025-09-23 00:00:00;2025-09-17 00:00:00;2025-09-17 00:00:00;2025-09-11 00:00:00
2025-09-09 00:00:00;SO599765;C0028;CT002;645;2025-09-23 00:00:00;2025-09-19 00:00:00;2025-09-17 00:00:00;2025-09-13 00:00:00
2025-09-09 00:00:00;SO599765;C0028;AS004;1056;2025-09-23 00:00:00;2025-09-29 00:00:00;2025-09-17 00:00:00;2025-09-23 00:00:00
2025-09-09 00:00:00;SO969251;C0014;CT002;542;2025-10-14 00:00:00;2025-10-10 00:00:00;2025-09-13 00:00:00;2025-09-09 00:00:00
2025-09-09 00:00:00;SO599765;C0028;CS002;325;2025-09-23 00:00:00;2025-09-25 00:00:00;2025-09-17 00:00:00;2025-09-19 00:00:00
2025-09-10 00:00:00;SO695337;C0010;AS002;736;2025-10-22 00:00:00;2025-10-27 00:00:00;2025-09-13 00:00:00;2025-09-18 00:00:00
2025-09-10 00:00:00;SO900883;C0024;CT002;791;2025-10-08 00:00:00;2025-10-15 00:00:00;2025-09-14 00:00:00;2025-09-21 00:00:00
2025-09-10 00:00:00;SO695337;C0010;CL002;920;2025-10-22 00:00:00;2025-10-24 00:00:00;2025-09-13 00:00:00;2025-09-15 00:00:00
2025-09-10 00:00:00;SO695337;C0010;CS002;653;2025-10-22 00:00:00;2025-10-31 00:00:00;2025-09-13 00:00:00;2025-09-22 00:00:00
2025-09-10 00:00:00;SO695337;C0010;VS001;740;2025-10-22 00:00:00;2025-10-28 00:00:00;2025-09-13 00:00:00;2025-09-19 00:00:00
2025-09-10 00:00:00;SO695337;C0010;AL001;420;2025-10-22 00:00:00;2025-10-20 00:00:00;2025-09-13 00:00:00;2025-09-11 00:00:00
2025-09-10 00:00:00;SO695337;C0010;CT003;911;2025-10-22 00:00:00;2025-11-01 00:00:00;2025-09-13 00:00:00;2025-09-23 00:00:00
2025-09-10 00:00:00;SO695337;C0010;AS001;1105;2025-10-22 00:00:00;2025-10-28 00:00:00;2025-09-13 00:00:00;2025-09-19 00:00:00
2025-09-10 00:00:00;SO900883;C0024;AL001;587;2025-10-08 00:00:00;2025-09-28 00:00:00;2025-09-14 00:00:00;2025-09-04 00:00:00
2025-09-10 00:00:00;SO900883;C0024;CT001;727;2025-10-08 00:00:00;2025-10-09 00:00:00;2025-09-14 00:00:00;2025-09-15 00:00:00
2025-09-10 00:00:00;SO695337;C0010;AS004;808;2025-10-22 00:00:00;2025-10-27 00:00:00;2025-09-13 00:00:00;2025-09-18 00:00:00
2025-09-10 00:00:00;SO695337;C0010;AT002;977;2025-10-22 00:00:00;2025-10-29 00:00:00;2025-09-13 00:00:00;2025-09-20 00:00:00
2025-09-10 00:00:00;SO900883;C0024;VS001;900;2025-10-08 00:00:00;2025-10-02 00:00:00;2025-09-14 00:00:00;2025-09-08 00:00:00
2025-09-10 00:00:00;SO695337;C0010;AT001;756;2025-10-22 00:00:00;2025-10-21 00:00:00;2025-09-13 00:00:00;2025-09-12 00:00:00
2025-09-10 00:00:00;SO695337;C0010;CS001;974;2025-10-22 00:00:00;2025-10-26 00:00:00;2025-09-13 00:00:00;2025-09-17 00:00:00
2025-09-11 00:00:00;SO291981;C0014;AS001;826;2025-10-16 00:00:00;2025-10-26 00:00:00;2025-09-15 00:00:00;2025-09-25 00:00:00
2025-09-11 00:00:00;SO338801;C0004;CT003;1235;2025-09-25 00:00:00;2025-09-30 00:00:00;2025-09-13 00:00:00;2025-09-18 00:00:00
2025-09-11 00:00:00;SO817366;C0020;VS001;930;2025-11-06 00:00:00;2025-11-14 00:00:00;2025-09-15 00:00:00;2025-09-23 00:00:00
2025-09-11 00:00:00;SO338801;C0004;VS001;853;2025-09-25 00:00:00;2025-09-18 00:00:00;2025-09-13 00:00:00;2025-09-06 00:00:00
2025-09-11 00:00:00;SO338801;C0004;AS005;581;2025-09-25 00:00:00;2025-10-04 00:00:00;2025-09-13 00:00:00;2025-09-22 00:00:00
2025-09-11 00:00:00;SO817366;C0020;CS001;715;2025-11-06 00:00:00;2025-11-11 00:00:00;2025-09-15 00:00:00;2025-09-20 00:00:00
2025-09-11 00:00:00;SO817366;C0020;CS002;1404;2025-11-06 00:00:00;2025-11-07 00:00:00;2025-09-15 00:00:00;2025-09-16 00:00:00
2025-09-11 00:00:00;SO338801;C0004;CS001;1161;2025-09-25 00:00:00;2025-09-15 00:00:00;2025-09-13 00:00:00;2025-09-03 00:00:00
2025-09-11 00:00:00;SO291981;C0014;AS002;1095;2025-10-16 00:00:00;2025-10-12 00:00:00;2025-09-15 00:00:00;2025-09-11 00:00:00
2025-09-11 00:00:00;SO291981;C0014;CL002;509;2025-10-16 00:00:00;2025-10-13 00:00:00;2025-09-15 00:00:00;2025-09-12 00:00:00
2025-09-11 00:00:00;SO817366;C0020;CT002;553;2025-11-06 00:00:00;2025-11-09 00:00:00;2025-09-15 00:00:00;2025-09-18 00:00:00
2025-09-11 00:00:00;SO817366;C0020;CT001;638;2025-11-06 00:00:00;2025-11-03 00:00:00;2025-09-15 00:00:00;2025-09-12 00:00:00
2025-09-11 00:00:00;SO338801;C0004;CT002;745;2025-09-25 00:00:00;2025-09-29 00:00:00;2025-09-13 00:00:00;2025-09-17 00:00:00
2025-09-11 00:00:00;SO817366;C0020;CS004;1115;2025-11-06 00:00:00;2025-10-28 00:00:00;2025-09-15 00:00:00;2025-09-06 00:00:00
2025-09-11 00:00:00;SO817366;C0020;AL001;986;2025-11-06 00:00:00;2025-11-08 00:00:00;2025-09-15 00:00:00;2025-09-17 00:00:00
2025-09-11 00:00:00;SO338801;C0004;CL002;368;2025-09-25 00:00:00;2025-10-05 00:00:00;2025-09-13 00:00:00;2025-09-23 00:00:00
2025-09-11 00:00:00;SO817366;C0020;AS002;375;2025-11-06 00:00:00;2025-11-06 00:00:00;2025-09-15 00:00:00;2025-09-15 00:00:00
2025-09-11 00:00:00;SO817366;C0020;CL002;760;2025-11-06 00:00:00;2025-10-30 00:00:00;2025-09-15 00:00:00;2025-09-08 00:00:00
2025-09-11 00:00:00;SO291981;C0014;CL001;435;2025-10-16 00:00:00;2025-10-25 00:00:00;2025-09-15 00:00:00;2025-09-24 00:00:00
2025-09-12 00:00:00;SO841867;C0016;CT001;538;2025-09-26 00:00:00;2025-09-25 00:00:00;2025-09-16 00:00:00;2025-09-15 00:00:00
2025-09-12 00:00:00;SO846385;C0024;CS003;1023;2025-10-10 00:00:00;2025-10-02 00:00:00;2025-09-16 00:00:00;2025-09-08 00:00:00
2025-09-12 00:00:00;SO841867;C0016;VS001;657;2025-09-26 00:00:00;2025-09-16 00:00:00;2025-09-16 00:00:00;2025-09-06 00:00:00
2025-09-12 00:00:00;SO846385;C0024;AS004;443;2025-10-10 00:00:00;2025-10-10 00:00:00;2025-09-16 00:00:00;2025-09-16 00:00:00
2025-09-12 00:00:00;SO841867;C0016;AS005;505;2025-09-26 00:00:00;2025-09-19 00:00:00;2025-09-16 00:00:00;2025-09-09 00:00:00
2025-09-12 00:00:00;SO846385;C0024;AS002;801;2025-10-10 00:00:00;2025-10-07 00:00:00;2025-09-16 00:00:00;2025-09-13 00:00:00
2025-09-12 00:00:00;SO846385;C0024;CL002;633;2025-10-10 00:00:00;2025-10-13 00:00:00;2025-09-16 00:00:00;2025-09-19 00:00:00
2025-09-12 00:00:00;SO841867;C0016;CL002;644;2025-09-26 00:00:00;2025-09-22 00:00:00;2025-09-16 00:00:00;2025-09-12 00:00:00
2025-09-12 00:00:00;SO846385;C0024;VS001;608;2025-10-10 00:00:00;2025-10-17 00:00:00;2025-09-16 00:00:00;2025-09-23 00:00:00
2025-09-12 00:00:00;SO846385;C0024;AL001;578;2025-10-10 00:00:00;2025-10-05 00:00:00;2025-09-16 00:00:00;2025-09-11 00:00:00
2025-09-12 00:00:00;SO841867;C0016;VS005;962;2025-09-26 00:00:00;2025-09-17 00:00:00;2025-09-16 00:00:00;2025-09-07 00:00:00
2025-09-12 00:00:00;SO841867;C0016;AT001;521;2025-09-26 00:00:00;2025-10-02 00:00:00;2025-09-16 00:00:00;2025-09-22 00:00:00
2025-09-12 00:00:00;SO841867;C0016;VS004;896;2025-09-26 00:00:00;2025-09-19 00:00:00;2025-09-16 00:00:00;2025-09-09 00:00:00
2025-09-12 00:00:00;SO846385;C0024;AT001;753;2025-10-10 00:00:00;2025-10-13 00:00:00;2025-09-16 00:00:00;2025-09-19 00:00:00
2025-09-12 00:00:00;SO841867;C0016;AT002;976;2025-09-26 00:00:00;2025-10-06 00:00:00;2025-09-16 00:00:00;2025-09-26 00:00:00
2025-09-12 00:00:00;SO846385;C0024;AS001;458;2025-10-10 00:00:00;2025-10-04 00:00:00;2025-09-16 00:00:00;2025-09-10 00:00:00
2025-09-12 00:00:00;SO841867;C0016;CS003;855;2025-09-26 00:00:00;2025-10-04 00:00:00;2025-09-16 00:00:00;2025-09-24 00:00:00
2025-09-12 00:00:00;SO841867;C0016;CS004;970;2025-09-26 00:00:00;2025-09-27 00:00:00;2025-09-16 00:00:00;2025-09-17 00:00:00
2025-09-12 00:00:00;SO846385;C0024;AT002;691;2025-10-10 00:00:00;2025-10-18 00:00:00;2025-09-16 00:00:00;2025-09-24 00:00:00
2025-09-12 00:00:00;SO841867;C0016;CS002;1294;2025-09-26 00:00:00;2025-09-20 00:00:00;2025-09-16 00:00:00;2025-09-10 00:00:00
2025-09-15 00:00:00;SO339980;C0015;AS002;607;2025-10-27 00:00:00;2025-10-28 00:00:00;2025-09-19 00:00:00;2025-09-20 00:00:00
2025-09-15 00:00:00;SO187376;C0019;CT001;880;2025-11-17 00:00:00;2025-11-10 00:00:00;2025-09-19 00:00:00;2025-09-12 00:00:00
2025-09-15 00:00:00;SO289542;C0008;CL002;527;2025-11-10 00:00:00;2025-11-12 00:00:00;2025-09-18 00:00:00;2025-09-20 00:00:00
2025-09-15 00:00:00;SO454376;C0012;CT003;982;2025-10-13 00:00:00;2025-10-21 00:00:00;2025-09-18 00:00:00;2025-09-26 00:00:00
2025-09-15 00:00:00;SO187376;C0019;AL001;1008;2025-11-17 00:00:00;2025-11-18 00:00:00;2025-09-19 00:00:00;2025-09-20 00:00:00
2025-09-15 00:00:00;SO454376;C0012;CS004;445;2025-10-13 00:00:00;2025-10-08 00:00:00;2025-09-18 00:00:00;2025-09-13 00:00:00
2025-09-15 00:00:00;SO187376;C0019;VS002;440;2025-11-17 00:00:00;2025-11-14 00:00:00;2025-09-19 00:00:00;2025-09-16 00:00:00
2025-09-15 00:00:00;SO339980;C0015;CL001;1156;2025-10-27 00:00:00;2025-10-25 00:00:00;2025-09-19 00:00:00;2025-09-17 00:00:00
2025-09-15 00:00:00;SO339980;C0015;AT002;1027;2025-10-27 00:00:00;2025-11-04 00:00:00;2025-09-19 00:00:00;2025-09-27 00:00:00
2025-09-15 00:00:00;SO339980;C0015;VS001;809;2025-10-27 00:00:00;2025-10-26 00:00:00;2025-09-19 00:00:00;2025-09-18 00:00:00
2025-09-15 00:00:00;SO454376;C0012;VS005;714;2025-10-13 00:00:00;2025-10-14 00:00:00;2025-09-18 00:00:00;2025-09-19 00:00:00
2025-09-15 00:00:00;SO339980;C0015;CS002;1158;2025-10-27 00:00:00;2025-11-03 00:00:00;2025-09-19 00:00:00;2025-09-26 00:00:00
2025-09-15 00:00:00;SO454376;C0012;CL001;1196;2025-10-13 00:00:00;2025-10-13 00:00:00;2025-09-18 00:00:00;2025-09-18 00:00:00
2025-09-15 00:00:00;SO289542;C0008;AT001;761;2025-11-10 00:00:00;2025-11-07 00:00:00;2025-09-18 00:00:00;2025-09-15 00:00:00
2025-09-15 00:00:00;SO289542;C0008;AS002;644;2025-11-10 00:00:00;2025-11-17 00:00:00;2025-09-18 00:00:00;2025-09-25 00:00:00
2025-09-15 00:00:00;SO289542;C0008;CS002;458;2025-11-10 00:00:00;2025-11-19 00:00:00;2025-09-18 00:00:00;2025-09-27 00:00:00
2025-09-15 00:00:00;SO289542;C0008;CT003;790;2025-11-10 00:00:00;2025-11-11 00:00:00;2025-09-18 00:00:00;2025-09-19 00:00:00
2025-09-16 00:00:00;SO587840;C0026;CL001;643;2025-10-21 00:00:00;2025-10-13 00:00:00;2025-09-24 00:00:00;2025-09-16 00:00:00
2025-09-16 00:00:00;SO908476;C0008;VS005;878;2025-11-11 00:00:00;2025-11-17 00:00:00;2025-09-19 00:00:00;2025-09-25 00:00:00
2025-09-16 00:00:00;SO908476;C0008;CT001;422;2025-11-11 00:00:00;2025-11-14 00:00:00;2025-09-19 00:00:00;2025-09-22 00:00:00
2025-09-16 00:00:00;SO587840;C0026;CT001;1119;2025-10-21 00:00:00;2025-10-25 00:00:00;2025-09-24 00:00:00;2025-09-28 00:00:00
2025-09-16 00:00:00;SO587840;C0026;AT001;996;2025-10-21 00:00:00;2025-10-21 00:00:00;2025-09-24 00:00:00;2025-09-24 00:00:00
2025-09-16 00:00:00;SO587840;C0026;AL001;859;2025-10-21 00:00:00;2025-10-27 00:00:00;2025-09-24 00:00:00;2025-09-30 00:00:00
2025-09-16 00:00:00;SO587840;C0026;AS001;1005;2025-10-21 00:00:00;2025-10-26 00:00:00;2025-09-24 00:00:00;2025-09-29 00:00:00
2025-09-16 00:00:00;SO587840;C0026;CS002;737;2025-10-21 00:00:00;2025-10-22 00:00:00;2025-09-24 00:00:00;2025-09-25 00:00:00
2025-09-16 00:00:00;SO908476;C0008;VS001;1293;2025-11-11 00:00:00;2025-11-20 00:00:00;2025-09-19 00:00:00;2025-09-28 00:00:00
2025-09-16 00:00:00;SO908476;C0008;AL001;373;2025-11-11 00:00:00;2025-11-02 00:00:00;2025-09-19 00:00:00;2025-09-10 00:00:00
2025-09-16 00:00:00;SO908476;C0008;CL001;1135;2025-11-11 00:00:00;2025-11-01 00:00:00;2025-09-19 00:00:00;2025-09-09 00:00:00
2025-09-16 00:00:00;SO587840;C0026;AT002;316;2025-10-21 00:00:00;2025-10-18 00:00:00;2025-09-24 00:00:00;2025-09-21 00:00:00
2025-09-16 00:00:00;SO587840;C0026;CL002;449;2025-10-21 00:00:00;2025-10-20 00:00:00;2025-09-24 00:00:00;2025-09-23 00:00:00
2025-09-16 00:00:00;SO908476;C0008;AS005;450;2025-11-11 00:00:00;2025-11-07 00:00:00;2025-09-19 00:00:00;2025-09-15 00:00:00
2025-09-17 00:00:00;SO373939;C0006;AS004;858;2025-11-19 00:00:00;2025-11-28 00:00:00;2025-09-19 00:00:00;2025-09-28 00:00:00
2025-09-17 00:00:00;SO457802;C0023;CS003;499;2025-10-22 00:00:00;2025-10-16 00:00:00;2025-09-21 00:00:00;2025-09-15 00:00:00
2025-09-17 00:00:00;SO457802;C0023;CS004;581;2025-10-22 00:00:00;2025-10-21 00:00:00;2025-09-21 00:00:00;2025-09-20 00:00:00
2025-09-17 00:00:00;SO373939;C0006;VS001;472;2025-11-19 00:00:00;2025-11-22 00:00:00;2025-09-19 00:00:00;2025-09-22 00:00:00
2025-09-17 00:00:00;SO373939;C0006;AT002;674;2025-11-19 00:00:00;2025-11-13 00:00:00;2025-09-19 00:00:00;2025-09-13 00:00:00
2025-09-17 00:00:00;SO373939;C0006;AS002;419;2025-11-19 00:00:00;2025-11-11 00:00:00;2025-09-19 00:00:00;2025-09-11 00:00:00
2025-09-17 00:00:00;SO373939;C0006;VS002;514;2025-11-19 00:00:00;2025-11-18 00:00:00;2025-09-19 00:00:00;2025-09-18 00:00:00
2025-09-17 00:00:00;SO457802;C0023;VS005;504;2025-10-22 00:00:00;2025-10-28 00:00:00;2025-09-21 00:00:00;2025-09-27 00:00:00
2025-09-17 00:00:00;SO457802;C0023;AT001;705;2025-10-22 00:00:00;2025-10-16 00:00:00;2025-09-21 00:00:00;2025-09-15 00:00:00
2025-09-17 00:00:00;SO373939;C0006;CS004;908;2025-11-19 00:00:00;2025-11-15 00:00:00;2025-09-19 00:00:00;2025-09-15 00:00:00
2025-09-17 00:00:00;SO373939;C0006;VS005;313;2025-11-19 00:00:00;2025-11-23 00:00:00;2025-09-19 00:00:00;2025-09-23 00:00:00
2025-09-17 00:00:00;SO457802;C0023;CL002;837;2025-10-22 00:00:00;2025-10-29 00:00:00;2025-09-21 00:00:00;2025-09-28 00:00:00
2025-09-17 00:00:00;SO373939;C0006;CL001;707;2025-11-19 00:00:00;2025-11-11 00:00:00;2025-09-19 00:00:00;2025-09-11 00:00:00
2025-09-17 00:00:00;SO457802;C0023;CT003;715;2025-10-22 00:00:00;2025-10-25 00:00:00;2025-09-21 00:00:00;2025-09-24 00:00:00
2025-09-17 00:00:00;SO457802;C0023;CT002;919;2025-10-22 00:00:00;2025-10-22 00:00:00;2025-09-21 00:00:00;2025-09-21 00:00:00
2025-09-17 00:00:00;SO373939;C0006;AS005;630;2025-11-19 00:00:00;2025-11-19 00:00:00;2025-09-19 00:00:00;2025-09-19 00:00:00
2025-09-17 00:00:00;SO457802;C0023;VS002;813;2025-10-22 00:00:00;2025-10-29 00:00:00;2025-09-21 00:00:00;2025-09-28 00:00:00
2025-09-18 00:00:00;SO737077;C0011;VS001;318;2025-10-23 00:00:00;2025-10-18 00:00:00;2025-09-21 00:00:00;2025-09-16 00:00:00
2025-09-18 00:00:00;SO734499;C0022;AS004;735;2025-10-30 00:00:00;2025-10-27 00:00:00;2025-09-22 00:00:00;2025-09-19 00:00:00
2025-09-18 00:00:00;SO267264;C0015;VS004;964;2025-10-30 00:00:00;2025-10-30 00:00:00;2025-09-22 00:00:00;2025-09-22 00:00:00
2025-09-18 00:00:00;SO684733;C0025;AS002;762;2025-10-16 00:00:00;2025-10-09 00:00:00;2025-09-26 00:00:00;2025-09-19 00:00:00
2025-09-18 00:00:00;SO734499;C0022;AT002;829;2025-10-30 00:00:00;2025-11-06 00:00:00;2025-09-22 00:00:00;2025-09-29 00:00:00
2025-09-18 00:00:00;SO737077;C0011;CS003;495;2025-10-23 00:00:00;2025-10-22 00:00:00;2025-09-21 00:00:00;2025-09-20 00:00:00
2025-09-18 00:00:00;SO267264;C0015;AS005;699;2025-10-30 00:00:00;2025-11-05 00:00:00;2025-09-22 00:00:00;2025-09-28 00:00:00
2025-09-18 00:00:00;SO737077;C0011;VS005;701;2025-10-23 00:00:00;2025-10-29 00:00:00;2025-09-21 00:00:00;2025-09-27 00:00:00
2025-09-18 00:00:00;SO267264;C0015;CS002;926;2025-10-30 00:00:00;2025-11-04 00:00:00;2025-09-22 00:00:00;2025-09-27 00:00:00
2025-09-18 00:00:00;SO737077;C0011;CS004;637;2025-10-23 00:00:00;2025-10-30 00:00:00;2025-09-21 00:00:00;2025-09-28 00:00:00
2025-09-18 00:00:00;SO737077;C0011;AS001;838;2025-10-23 00:00:00;2025-10-27 00:00:00;2025-09-21 00:00:00;2025-09-25 00:00:00
2025-09-18 00:00:00;SO267264;C0015;CS001;884;2025-10-30 00:00:00;2025-10-21 00:00:00;2025-09-22 00:00:00;2025-09-13 00:00:00
2025-09-18 00:00:00;SO684733;C0025;CL002;339;2025-10-16 00:00:00;2025-10-21 00:00:00;2025-09-26 00:00:00;2025-10-01 00:00:00
2025-09-18 00:00:00;SO267264;C0015;VS001;1125;2025-10-30 00:00:00;2025-10-22 00:00:00;2025-09-22 00:00:00;2025-09-14 00:00:00
2025-09-18 00:00:00;SO734499;C0022;CT001;670;2025-10-30 00:00:00;2025-11-08 00:00:00;2025-09-22 00:00:00;2025-10-01 00:00:00
2025-09-18 00:00:00;SO734499;C0022;CS002;780;2025-10-30 00:00:00;2025-10-29 00:00:00;2025-09-22 00:00:00;2025-09-21 00:00:00
2025-09-19 00:00:00;SO647434;C0012;CL002;339;2025-10-17 00:00:00;2025-10-13 00:00:00;2025-09-22 00:00:00;2025-09-18 00:00:00
2025-09-19 00:00:00;SO164977;C0013;CT001;941;2025-10-17 00:00:00;2025-10-27 00:00:00;2025-09-23 00:00:00;2025-10-03 00:00:00
2025-09-19 00:00:00;SO647434;C0012;AL001;1042;2025-10-17 00:00:00;2025-10-24 00:00:00;2025-09-22 00:00:00;2025-09-29 00:00:00
2025-09-19 00:00:00;SO647434;C0012;AS005;936;2025-10-17 00:00:00;2025-10-26 00:00:00;2025-09-22 00:00:00;2025-10-01 00:00:00
2025-09-19 00:00:00;SO647434;C0012;CS002;622;2025-10-17 00:00:00;2025-10-27 00:00:00;2025-09-22 00:00:00;2025-10-02 00:00:00
2025-09-19 00:00:00;SO647434;C0012;AS001;736;2025-10-17 00:00:00;2025-10-16 00:00:00;2025-09-22 00:00:00;2025-09-21 00:00:00
2025-09-19 00:00:00;SO647434;C0012;VS001;1210;2025-10-17 00:00:00;2025-10-18 00:00:00;2025-09-22 00:00:00;2025-09-23 00:00:00
2025-09-19 00:00:00;SO647434;C0012;AT001;817;2025-10-17 00:00:00;2025-10-20 00:00:00;2025-09-22 00:00:00;2025-09-25 00:00:00
2025-09-19 00:00:00;SO164977;C0013;AS002;637;2025-10-17 00:00:00;2025-10-19 00:00:00;2025-09-23 00:00:00;2025-09-25 00:00:00
2025-09-19 00:00:00;SO164977;C0013;AL001;1155;2025-10-17 00:00:00;2025-10-19 00:00:00;2025-09-23 00:00:00;2025-09-25 00:00:00
2025-09-19 00:00:00;SO647434;C0012;CT003;1097;2025-10-17 00:00:00;2025-10-15 00:00:00;2025-09-22 00:00:00;2025-09-20 00:00:00
2025-09-19 00:00:00;SO164977;C0013;VS005;745;2025-10-17 00:00:00;2025-10-25 00:00:00;2025-09-23 00:00:00;2025-10-01 00:00:00
2025-09-19 00:00:00;SO164977;C0013;AS005;1133;2025-10-17 00:00:00;2025-10-13 00:00:00;2025-09-23 00:00:00;2025-09-19 00:00:00
2025-09-22 00:00:00;SO604642;C0026;AT002;1240;2025-10-27 00:00:00;2025-10-22 00:00:00;2025-09-30 00:00:00;2025-09-25 00:00:00
2025-09-22 00:00:00;SO913935;C0002;CT003;936;2025-10-27 00:00:00;2025-10-27 00:00:00;2025-09-24 00:00:00;2025-09-24 00:00:00
2025-09-22 00:00:00;SO119460;C0016;CT003;1041;2025-10-06 00:00:00;2025-10-11 00:00:00;2025-09-26 00:00:00;2025-10-01 00:00:00
2025-09-22 00:00:00;SO882355;C0020;CS003;899;2025-11-17 00:00:00;2025-11-23 00:00:00;2025-09-26 00:00:00;2025-10-02 00:00:00
2025-09-22 00:00:00;SO882355;C0020;VS002;1025;2025-11-17 00:00:00;2025-11-25 00:00:00;2025-09-26 00:00:00;2025-10-04 00:00:00
2025-09-22 00:00:00;SO604642;C0026;AL001;362;2025-10-27 00:00:00;2025-10-29 00:00:00;2025-09-30 00:00:00;2025-10-02 00:00:00
2025-09-22 00:00:00;SO913935;C0002;AT002;479;2025-10-27 00:00:00;2025-10-22 00:00:00;2025-09-24 00:00:00;2025-09-19 00:00:00
2025-09-22 00:00:00;SO604642;C0026;CT002;984;2025-10-27 00:00:00;2025-10-30 00:00:00;2025-09-30 00:00:00;2025-10-03 00:00:00
2025-09-22 00:00:00;SO119460;C0016;CT001;890;2025-10-06 00:00:00;2025-10-13 00:00:00;2025-09-26 00:00:00;2025-10-03 00:00:00
2025-09-22 00:00:00;SO913935;C0002;CT001;727;2025-10-27 00:00:00;2025-11-06 00:00:00;2025-09-24 00:00:00;2025-10-04 00:00:00
2025-09-22 00:00:00;SO119460;C0016;VS005;765;2025-10-06 00:00:00;2025-10-16 00:00:00;2025-09-26 00:00:00;2025-10-06 00:00:00
2025-09-22 00:00:00;SO604642;C0026;CS004;1160;2025-10-27 00:00:00;2025-10-17 00:00:00;2025-09-30 00:00:00;2025-09-20 00:00:00
2025-09-22 00:00:00;SO882355;C0020;VS001;528;2025-11-17 00:00:00;2025-11-07 00:00:00;2025-09-26 00:00:00;2025-09-16 00:00:00
2025-09-22 00:00:00;SO882355;C0020;AS002;824;2025-11-17 00:00:00;2025-11-24 00:00:00;2025-09-26 00:00:00;2025-10-03 00:00:00
2025-09-22 00:00:00;SO119460;C0016;VS002;414;2025-10-06 00:00:00;2025-09-26 00:00:00;2025-09-26 00:00:00;2025-09-16 00:00:00
2025-09-22 00:00:00;SO913935;C0002;VS001;1153;2025-10-27 00:00:00;2025-10-28 00:00:00;2025-09-24 00:00:00;2025-09-25 00:00:00
2025-09-22 00:00:00;SO119460;C0016;CL002;883;2025-10-06 00:00:00;2025-10-06 00:00:00;2025-09-26 00:00:00;2025-09-26 00:00:00
2025-09-22 00:00:00;SO119460;C0016;CS002;466;2025-10-06 00:00:00;2025-10-07 00:00:00;2025-09-26 00:00:00;2025-09-27 00:00:00
2025-09-22 00:00:00;SO882355;C0020;CS002;793;2025-11-17 00:00:00;2025-11-13 00:00:00;2025-09-26 00:00:00;2025-09-22 00:00:00
2025-09-23 00:00:00;SO956814;C0009;CL001;518;2025-10-07 00:00:00;2025-10-09 00:00:00;2025-09-26 00:00:00;2025-09-28 00:00:00
2025-09-23 00:00:00;SO948221;C0012;AS004;847;2025-10-21 00:00:00;2025-10-11 00:00:00;2025-09-26 00:00:00;2025-09-16 00:00:00
2025-09-23 00:00:00;SO948221;C0012;VS005;798;2025-10-21 00:00:00;2025-10-12 00:00:00;2025-09-26 00:00:00;2025-09-17 00:00:00
2025-09-23 00:00:00;SO956814;C0009;VS002;928;2025-10-07 00:00:00;2025-10-10 00:00:00;2025-09-26 00:00:00;2025-09-29 00:00:00
2025-09-23 00:00:00;SO948221;C0012;CL002;834;2025-10-21 00:00:00;2025-10-12 00:00:00;2025-09-26 00:00:00;2025-09-17 00:00:00
2025-09-23 00:00:00;SO948221;C0012;CS001;1074;2025-10-21 00:00:00;2025-10-18 00:00:00;2025-09-26 00:00:00;2025-09-23 00:00:00
2025-09-23 00:00:00;SO956814;C0009;AS001;394;2025-10-07 00:00:00;2025-10-16 00:00:00;2025-09-26 00:00:00;2025-10-05 00:00:00
2025-09-23 00:00:00;SO948221;C0012;AS002;838;2025-10-21 00:00:00;2025-10-17 00:00:00;2025-09-26 00:00:00;2025-09-22 00:00:00
2025-09-23 00:00:00;SO956814;C0009;CS002;551;2025-10-07 00:00:00;2025-10-09 00:00:00;2025-09-26 00:00:00;2025-09-28 00:00:00
2025-09-23 00:00:00;SO948221;C0012;VS004;935;2025-10-21 00:00:00;2025-10-27 00:00:00;2025-09-26 00:00:00;2025-10-02 00:00:00
2025-09-23 00:00:00;SO956814;C0009;AS004;410;2025-10-07 00:00:00;2025-10-15 00:00:00;2025-09-26 00:00:00;2025-10-04 00:00:00
2025-09-23 00:00:00;SO948221;C0012;CT002;1104;2025-10-21 00:00:00;2025-10-20 00:00:00;2025-09-26 00:00:00;2025-09-25 00:00:00
2025-09-23 00:00:00;SO948221;C0012;CS002;726;2025-10-21 00:00:00;2025-10-29 00:00:00;2025-09-26 00:00:00;2025-10-04 00:00:00
2025-09-23 00:00:00;SO956814;C0009;AS005;1227;2025-10-07 00:00:00;2025-10-13 00:00:00;2025-09-26 00:00:00;2025-10-02 00:00:00
2025-09-23 00:00:00;SO948221;C0012;CT001;645;2025-10-21 00:00:00;2025-10-24 00:00:00;2025-09-26 00:00:00;2025-09-29 00:00:00
2025-09-23 00:00:00;SO948221;C0012;AS005;373;2025-10-21 00:00:00;2025-10-22 00:00:00;2025-09-26 00:00:00;2025-09-27 00:00:00
2025-09-23 00:00:00;SO948221;C0012;VS002;405;2025-10-21 00:00:00;2025-10-23 00:00:00;2025-09-26 00:00:00;2025-09-28 00:00:00
2025-09-23 00:00:00;SO956814;C0009;VS005;521;2025-10-07 00:00:00;2025-10-12 00:00:00;2025-09-26 00:00:00;2025-10-01 00:00:00
2025-09-23 00:00:00;SO948221;C0012;AL001;777;2025-10-21 00:00:00;2025-10-22 00:00:00;2025-09-26 00:00:00;2025-09-27 00:00:00
2025-09-23 00:00:00;SO948221;C0012;AT001;323;2025-10-21 00:00:00;2025-10-25 00:00:00;2025-09-26 00:00:00;2025-09-30 00:00:00
2025-09-24 00:00:00;SO414463;C0019;VS005;906;2025-11-26 00:00:00;2025-11-23 00:00:00;2025-09-28 00:00:00;2025-09-25 00:00:00
2025-09-24 00:00:00;SO762528;C0012;AT001;817;2025-10-22 00:00:00;2025-10-27 00:00:00;2025-09-27 00:00:00;2025-10-02 00:00:00
2025-09-24 00:00:00;SO152765;C0011;CT001;920;2025-10-29 00:00:00;2025-10-29 00:00:00;2025-09-27 00:00:00;2025-09-27 00:00:00
2025-09-24 00:00:00;SO734845;C0029;AS005;1181;2025-11-19 00:00:00;2025-11-12 00:00:00;2025-10-02 00:00:00;2025-09-25 00:00:00
2025-09-24 00:00:00;SO152765;C0011;CS002;997;2025-10-29 00:00:00;2025-10-23 00:00:00;2025-09-27 00:00:00;2025-09-21 00:00:00
2025-09-24 00:00:00;SO734845;C0029;CT001;1113;2025-11-19 00:00:00;2025-11-19 00:00:00;2025-10-02 00:00:00;2025-10-02 00:00:00
2025-09-24 00:00:00;SO414463;C0019;VS001;841;2025-11-26 00:00:00;2025-12-03 00:00:00;2025-09-28 00:00:00;2025-10-05 00:00:00
2025-09-24 00:00:00;SO762528;C0012;AS005;1240;2025-10-22 00:00:00;2025-10-18 00:00:00;2025-09-27 00:00:00;2025-09-23 00:00:00
2025-09-24 00:00:00;SO762528;C0012;CL002;382;2025-10-22 00:00:00;2025-10-17 00:00:00;2025-09-27 00:00:00;2025-09-22 00:00:00
2025-09-24 00:00:00;SO414463;C0019;AT001;486;2025-11-26 00:00:00;2025-12-02 00:00:00;2025-09-28 00:00:00;2025-10-04 00:00:00
2025-09-24 00:00:00;SO414463;C0019;CS003;303;2025-11-26 00:00:00;2025-11-28 00:00:00;2025-09-28 00:00:00;2025-09-30 00:00:00
2025-09-24 00:00:00;SO152765;C0011;AS004;671;2025-10-29 00:00:00;2025-10-29 00:00:00;2025-09-27 00:00:00;2025-09-27 00:00:00
2025-09-24 00:00:00;SO762528;C0012;AS001;1005;2025-10-22 00:00:00;2025-10-14 00:00:00;2025-09-27 00:00:00;2025-09-19 00:00:00
2025-09-24 00:00:00;SO414463;C0019;VS002;974;2025-11-26 00:00:00;2025-12-04 00:00:00;2025-09-28 00:00:00;2025-10-06 00:00:00
2025-09-24 00:00:00;SO734845;C0029;AL001;864;2025-11-19 00:00:00;2025-11-19 00:00:00;2025-10-02 00:00:00;2025-10-02 00:00:00
2025-09-24 00:00:00;SO734845;C0029;CL002;398;2025-11-19 00:00:00;2025-11-23 00:00:00;2025-10-02 00:00:00;2025-10-06 00:00:00
2025-09-24 00:00:00;SO152765;C0011;AS002;885;2025-10-29 00:00:00;2025-10-26 00:00:00;2025-09-27 00:00:00;2025-09-24 00:00:00
2025-09-24 00:00:00;SO734845;C0029;AS001;864;2025-11-19 00:00:00;2025-11-23 00:00:00;2025-10-02 00:00:00;2025-10-06 00:00:00
2025-09-25 00:00:00;SO243281;C0010;CL001;1293;2025-11-06 00:00:00;2025-11-02 00:00:00;2025-09-28 00:00:00;2025-09-24 00:00:00
2025-09-25 00:00:00;SO193265;C0018;AS001;449;2025-11-27 00:00:00;2025-11-24 00:00:00;2025-09-29 00:00:00;2025-09-26 00:00:00
2025-09-25 00:00:00;SO764646;C0029;VS002;709;2025-11-20 00:00:00;2025-11-20 00:00:00;2025-10-03 00:00:00;2025-10-03 00:00:00
2025-09-25 00:00:00;SO924868;C0001;AT002;712;2025-10-23 00:00:00;2025-10-16 00:00:00;2025-09-27 00:00:00;2025-09-20 00:00:00
2025-09-25 00:00:00;SO243281;C0010;CS003;1186;2025-11-06 00:00:00;2025-11-08 00:00:00;2025-09-28 00:00:00;2025-09-30 00:00:00
2025-09-25 00:00:00;SO764646;C0029;AT002;1114;2025-11-20 00:00:00;2025-11-14 00:00:00;2025-10-03 00:00:00;2025-09-27 00:00:00
2025-09-25 00:00:00;SO243281;C0010;AS004;766;2025-11-06 00:00:00;2025-11-10 00:00:00;2025-09-28 00:00:00;2025-10-02 00:00:00
2025-09-25 00:00:00;SO243281;C0010;CT002;970;2025-11-06 00:00:00;2025-11-09 00:00:00;2025-09-28 00:00:00;2025-10-01 00:00:00
2025-09-25 00:00:00;SO193265;C0018;CS003;583;2025-11-27 00:00:00;2025-11-21 00:00:00;2025-09-29 00:00:00;2025-09-23 00:00:00
2025-09-25 00:00:00;SO924868;C0001;VS001;768;2025-10-23 00:00:00;2025-10-26 00:00:00;2025-09-27 00:00:00;2025-09-30 00:00:00
2025-09-25 00:00:00;SO764646;C0029;CS003;454;2025-11-20 00:00:00;2025-11-28 00:00:00;2025-10-03 00:00:00;2025-10-11 00:00:00
2025-09-25 00:00:00;SO243281;C0010;VS004;1139;2025-11-06 00:00:00;2025-10-31 00:00:00;2025-09-28 00:00:00;2025-09-22 00:00:00
2025-09-25 00:00:00;SO924868;C0001;AS004;1018;2025-10-23 00:00:00;2025-10-29 00:00:00;2025-09-27 00:00:00;2025-10-03 00:00:00
2025-09-25 00:00:00;SO764646;C0029;CT002;923;2025-11-20 00:00:00;2025-11-11 00:00:00;2025-10-03 00:00:00;2025-09-24 00:00:00
2025-09-25 00:00:00;SO193265;C0018;VS001;418;2025-11-27 00:00:00;2025-11-23 00:00:00;2025-09-29 00:00:00;2025-09-25 00:00:00
2025-09-25 00:00:00;SO924868;C0001;CT001;916;2025-10-23 00:00:00;2025-10-19 00:00:00;2025-09-27 00:00:00;2025-09-23 00:00:00
2025-09-26 00:00:00;SO808056;C0028;CT002;727;2025-10-10 00:00:00;2025-10-08 00:00:00;2025-10-04 00:00:00;2025-10-02 00:00:00
2025-09-26 00:00:00;SO179368;C0017;VS004;484;2025-11-21 00:00:00;2025-11-24 00:00:00;2025-09-30 00:00:00;2025-10-03 00:00:00
2025-09-26 00:00:00;SO808056;C0028;VS004;654;2025-10-10 00:00:00;2025-09-30 00:00:00;2025-10-04 00:00:00;2025-09-24 00:00:00
2025-09-26 00:00:00;SO179368;C0017;VS001;1039;2025-11-21 00:00:00;2025-11-15 00:00:00;2025-09-30 00:00:00;2025-09-24 00:00:00
2025-09-26 00:00:00;SO808056;C0028;AT002;744;2025-10-10 00:00:00;2025-10-03 00:00:00;2025-10-04 00:00:00;2025-09-27 00:00:00
2025-09-26 00:00:00;SO808056;C0028;CS004;591;2025-10-10 00:00:00;2025-10-11 00:00:00;2025-10-04 00:00:00;2025-10-05 00:00:00
2025-09-26 00:00:00;SO179368;C0017;AL001;1028;2025-11-21 00:00:00;2025-11-21 00:00:00;2025-09-30 00:00:00;2025-09-30 00:00:00
2025-09-26 00:00:00;SO808056;C0028;CS001;576;2025-10-10 00:00:00;2025-10-08 00:00:00;2025-10-04 00:00:00;2025-10-02 00:00:00
2025-09-26 00:00:00;SO179368;C0017;AT001;990;2025-11-21 00:00:00;2025-11-21 00:00:00;2025-09-30 00:00:00;2025-09-30 00:00:00
2025-09-26 00:00:00;SO808056;C0028;CT001;878;2025-10-10 00:00:00;2025-10-05 00:00:00;2025-10-04 00:00:00;2025-09-29 00:00:00
2025-09-26 00:00:00;SO808056;C0028;AT001;899;2025-10-10 00:00:00;2025-10-17 00:00:00;2025-10-04 00:00:00;2025-10-11 00:00:00
2025-09-26 00:00:00;SO179368;C0017;AS001;1102;2025-11-21 00:00:00;2025-11-26 00:00:00;2025-09-30 00:00:00;2025-10-05 00:00:00
2025-09-29 00:00:00;SO265002;C0020;AL001;1098;2025-11-24 00:00:00;2025-12-02 00:00:00;2025-10-03 00:00:00;2025-10-11 00:00:00
2025-09-29 00:00:00;SO194797;C0006;AS004;634;2025-12-01 00:00:00;2025-12-06 00:00:00;2025-10-01 00:00:00;2025-10-06 00:00:00
2025-09-29 00:00:00;SO191749;C0029;CS002;993;2025-11-24 00:00:00;2025-11-25 00:00:00;2025-10-07 00:00:00;2025-10-08 00:00:00
2025-09-29 00:00:00;SO265002;C0020;AS005;492;2025-11-24 00:00:00;2025-12-01 00:00:00;2025-10-03 00:00:00;2025-10-10 00:00:00
2025-09-29 00:00:00;SO191749;C0029;VS004;1057;2025-11-24 00:00:00;2025-11-14 00:00:00;2025-10-07 00:00:00;2025-09-27 00:00:00
2025-09-29 00:00:00;SO191749;C0029;CL001;293;2025-11-24 00:00:00;2025-11-18 00:00:00;2025-10-07 00:00:00;2025-10-01 00:00:00
2025-09-29 00:00:00;SO194797;C0006;AS002;531;2025-12-01 00:00:00;2025-12-06 00:00:00;2025-10-01 00:00:00;2025-10-06 00:00:00
2025-09-29 00:00:00;SO191749;C0029;CS004;890;2025-11-24 00:00:00;2025-11-28 00:00:00;2025-10-07 00:00:00;2025-10-11 00:00:00
2025-09-29 00:00:00;SO191749;C0029;AS005;1256;2025-11-24 00:00:00;2025-11-27 00:00:00;2025-10-07 00:00:00;2025-10-10 00:00:00
2025-09-29 00:00:00;SO191749;C0029;CS001;1003;2025-11-24 00:00:00;2025-11-18 00:00:00;2025-10-07 00:00:00;2025-10-01 00:00:00
2025-09-29 00:00:00;SO265002;C0020;CS001;1078;2025-11-24 00:00:00;2025-11-27 00:00:00;2025-10-03 00:00:00;2025-10-06 00:00:00
2025-09-29 00:00:00;SO191749;C0029;AS001;499;2025-11-24 00:00:00;2025-11-25 00:00:00;2025-10-07 00:00:00;2025-10-08 00:00:00
2025-09-30 00:00:00;SO632268;C0008;VS001;395;2025-11-25 00:00:00;2025-11-29 00:00:00;2025-10-03 00:00:00;2025-10-07 00:00:00
2025-09-30 00:00:00;SO521083;C0010;VS002;599;2025-11-11 00:00:00;2025-11-06 00:00:00;2025-10-03 00:00:00;2025-09-28 00:00:00
2025-09-30 00:00:00;SO384763;C0011;CT001;546;2025-11-04 00:00:00;2025-11-01 00:00:00;2025-10-03 00:00:00;2025-09-30 00:00:00
2025-09-30 00:00:00;SO384763;C0011;VS002;749;2025-11-04 00:00:00;2025-11-01 00:00:00;2025-10-03 00:00:00;2025-09-30 00:00:00
2025-09-30 00:00:00;SO632268;C0008;CS003;1388;2025-11-25 00:00:00;2025-12-03 00:00:00;2025-10-03 00:00:00;2025-10-11 00:00:00
2025-09-30 00:00:00;SO521083;C0010;AS001;640;2025-11-11 00:00:00;2025-11-05 00:00:00;2025-10-03 00:00:00;2025-09-27 00:00:00
2025-09-30 00:00:00;SO632268;C0008;AS005;674;2025-11-25 00:00:00;2025-11-25 00:00:00;2025-10-03 00:00:00;2025-10-03 00:00:00
2025-09-30 00:00:00;SO632268;C0008;AS002;1015;2025-11-25 00:00:00;2025-11-24 00:00:00;2025-10-03 00:00:00;2025-10-02 00:00:00
2025-09-30 00:00:00;SO632268;C0008;CT002;1412;2025-11-25 00:00:00;2025-11-24 00:00:00;2025-10-03 00:00:00;2025-10-02 00:00:00
2025-09-30 00:00:00;SO632268;C0008;AT001;1284;2025-11-25 00:00:00;2025-12-02 00:00:00;2025-10-03 00:00:00;2025-10-10 00:00:00
2025-09-30 00:00:00;SO632268;C0008;AT002;485;2025-11-25 00:00:00;2025-11-30 00:00:00;2025-10-03 00:00:00;2025-10-08 00:00:00
2025-09-30 00:00:00;SO384763;C0011;AL001;796;2025-11-04 00:00:00;2025-11-09 00:00:00;2025-10-03 00:00:00;2025-10-08 00:00:00
2025-09-30 00:00:00;SO632268;C0008;VS002;923;2025-11-25 00:00:00;2025-12-02 00:00:00;2025-10-03 00:00:00;2025-10-10 00:00:00
2025-09-30 00:00:00;SO632268;C0008;CL001;576;2025-11-25 00:00:00;2025-11-26 00:00:00;2025-10-03 00:00:00;2025-10-04 00:00:00
2025-09-30 00:00:00;SO632268;C0008;VS005;542;2025-11-25 00:00:00;2025-11-21 00:00:00;2025-10-03 00:00:00;2025-09-29 00:00:00
2025-09-30 00:00:00;SO384763;C0011;VS005;270;2025-11-04 00:00:00;2025-11-11 00:00:00;2025-10-03 00:00:00;2025-10-10 00:00:00
2025-09-30 00:00:00;SO384763;C0011;VS001;454;2025-11-04 00:00:00;2025-11-09 00:00:00;2025-10-03 00:00:00;2025-10-08 00:00:00
2025-09-30 00:00:00;SO521083;C0010;VS004;625;2025-11-11 00:00:00;2025-11-14 00:00:00;2025-10-03 00:00:00;2025-10-06 00:00:00
2025-10-01 00:00:00;SO878853;C0023;VS003;1016;2025-11-05 00:00:00;2025-11-05 00:00:00;2025-10-05 00:00:00;2025-10-05 00:00:00
2025-10-01 00:00:00;SO206148;C0021;VS001;435;2025-10-15 00:00:00;2025-10-12 00:00:00;2025-10-05 00:00:00;2025-10-02 00:00:00
2025-10-01 00:00:00;SO951716;C0010;CS001;523;2025-11-12 00:00:00;2025-11-19 00:00:00;2025-10-04 00:00:00;2025-10-11 00:00:00
2025-10-01 00:00:00;SO206148;C0021;CT001;551;2025-10-15 00:00:00;2025-10-06 00:00:00;2025-10-05 00:00:00;2025-09-26 00:00:00
2025-10-01 00:00:00;SO951716;C0010;VS003;865;2025-11-12 00:00:00;2025-11-07 00:00:00;2025-10-04 00:00:00;2025-09-29 00:00:00
2025-10-01 00:00:00;SO951716;C0010;CL002;751;2025-11-12 00:00:00;2025-11-14 00:00:00;2025-10-04 00:00:00;2025-10-06 00:00:00
2025-10-01 00:00:00;SO951716;C0010;AT001;1094;2025-11-12 00:00:00;2025-11-12 00:00:00;2025-10-04 00:00:00;2025-10-04 00:00:00
2025-10-01 00:00:00;SO878853;C0023;AS003;685;2025-11-05 00:00:00;2025-11-06 00:00:00;2025-10-05 00:00:00;2025-10-06 00:00:00
2025-10-01 00:00:00;SO878853;C0023;VS001;1190;2025-11-05 00:00:00;2025-11-09 00:00:00;2025-10-05 00:00:00;2025-10-09 00:00:00
2025-10-01 00:00:00;SO951716;C0010;AS005;808;2025-11-12 00:00:00;2025-11-17 00:00:00;2025-10-04 00:00:00;2025-10-09 00:00:00
2025-10-01 00:00:00;SO206148;C0021;CS001;494;2025-10-15 00:00:00;2025-10-16 00:00:00;2025-10-05 00:00:00;2025-10-06 00:00:00
2025-10-01 00:00:00;SO951716;C0010;CS003;318;2025-11-12 00:00:00;2025-11-18 00:00:00;2025-10-04 00:00:00;2025-10-10 00:00:00
2025-10-01 00:00:00;SO206148;C0021;AL001;322;2025-10-15 00:00:00;2025-10-25 00:00:00;2025-10-05 00:00:00;2025-10-15 00:00:00
2025-10-02 00:00:00;SO142122;C0004;VS005;362;2025-10-16 00:00:00;2025-10-08 00:00:00;2025-10-04 00:00:00;2025-09-26 00:00:00
2025-10-02 00:00:00;SO265905;C0027;AS005;795;2025-11-13 00:00:00;2025-11-08 00:00:00;2025-10-10 00:00:00;2025-10-05 00:00:00
2025-10-02 00:00:00;SO226239;C0011;CT001;929;2025-11-06 00:00:00;2025-11-04 00:00:00;2025-10-05 00:00:00;2025-10-03 00:00:00
2025-10-02 00:00:00;SO973968;C0026;CS002;884;2025-11-06 00:00:00;2025-11-12 00:00:00;2025-10-10 00:00:00;2025-10-16 00:00:00
2025-10-02 00:00:00;SO142122;C0004;AT002;384;2025-10-16 00:00:00;2025-10-12 00:00:00;2025-10-04 00:00:00;2025-09-30 00:00:00
2025-10-02 00:00:00;SO142122;C0004;AT001;1120;2025-10-16 00:00:00;2025-10-12 00:00:00;2025-10-04 00:00:00;2025-09-30 00:00:00
2025-10-02 00:00:00;SO973968;C0026;AS003;538;2025-11-06 00:00:00;2025-11-10 00:00:00;2025-10-10 00:00:00;2025-10-14 00:00:00
2025-10-02 00:00:00;SO142122;C0004;CL002;1041;2025-10-16 00:00:00;2025-10-21 00:00:00;2025-10-04 00:00:00;2025-10-09 00:00:00
2025-10-02 00:00:00;SO265905;C0027;CS004;1262;2025-11-13 00:00:00;2025-11-23 00:00:00;2025-10-10 00:00:00;2025-10-20 00:00:00
2025-10-02 00:00:00;SO142122;C0004;AS003;463;2025-10-16 00:00:00;2025-10-07 00:00:00;2025-10-04 00:00:00;2025-09-25 00:00:00
2025-10-02 00:00:00;SO973968;C0026;CS004;606;2025-11-06 00:00:00;2025-11-06 00:00:00;2025-10-10 00:00:00;2025-10-10 00:00:00
2025-10-02 00:00:00;SO973968;C0026;CT001;515;2025-11-06 00:00:00;2025-10-29 00:00:00;2025-10-10 00:00:00;2025-10-02 00:00:00
2025-10-02 00:00:00;SO265905;C0027;CT001;1118;2025-11-13 00:00:00;2025-11-10 00:00:00;2025-10-10 00:00:00;2025-10-07 00:00:00
2025-10-02 00:00:00;SO142122;C0004;AS004;356;2025-10-16 00:00:00;2025-10-26 00:00:00;2025-10-04 00:00:00;2025-10-14 00:00:00
2025-10-02 00:00:00;SO973968;C0026;AS002;528;2025-11-06 00:00:00;2025-10-31 00:00:00;2025-10-10 00:00:00;2025-10-04 00:00:00
2025-10-02 00:00:00;SO142122;C0004;AS001;444;2025-10-16 00:00:00;2025-10-06 00:00:00;2025-10-04 00:00:00;2025-09-24 00:00:00
2025-10-03 00:00:00;SO335999;C0004;VS001;1107;2025-10-17 00:00:00;2025-10-09 00:00:00;2025-10-05 00:00:00;2025-09-27 00:00:00
2025-10-03 00:00:00;SO519987;C0020;CL001;676;2025-11-28 00:00:00;2025-11-26 00:00:00;2025-10-07 00:00:00;2025-10-05 00:00:00
2025-10-03 00:00:00;SO684595;C0021;AT002;1072;2025-10-17 00:00:00;2025-10-21 00:00:00;2025-10-07 00:00:00;2025-10-11 00:00:00
2025-10-03 00:00:00;SO335999;C0004;VS003;905;2025-10-17 00:00:00;2025-10-09 00:00:00;2025-10-05 00:00:00;2025-09-27 00:00:00
2025-10-03 00:00:00;SO335999;C0004;VS002;752;2025-10-17 00:00:00;2025-10-23 00:00:00;2025-10-05 00:00:00;2025-10-11 00:00:00
2025-10-03 00:00:00;SO519987;C0020;AT002;374;2025-11-28 00:00:00;2025-12-05 00:00:00;2025-10-07 00:00:00;2025-10-14 00:00:00
2025-10-03 00:00:00;SO519987;C0020;VS004;700;2025-11-28 00:00:00;2025-11-24 00:00:00;2025-10-07 00:00:00;2025-10-03 00:00:00
2025-10-03 00:00:00;SO684595;C0021;CT003;444;2025-10-17 00:00:00;2025-10-11 00:00:00;2025-10-07 00:00:00;2025-10-01 00:00:00
2025-10-03 00:00:00;SO684595;C0021;CS004;734;2025-10-17 00:00:00;2025-10-16 00:00:00;2025-10-07 00:00:00;2025-10-06 00:00:00
2025-10-03 00:00:00;SO684595;C0021;CL002;834;2025-10-17 00:00:00;2025-10-11 00:00:00;2025-10-07 00:00:00;2025-10-01 00:00:00
2025-10-03 00:00:00;SO335999;C0004;AS005;650;2025-10-17 00:00:00;2025-10-23 00:00:00;2025-10-05 00:00:00;2025-10-11 00:00:00
2025-10-03 00:00:00;SO519987;C0020;VS001;688;2025-11-28 00:00:00;2025-12-07 00:00:00;2025-10-07 00:00:00;2025-10-16 00:00:00
2025-10-03 00:00:00;SO335999;C0004;CT003;1049;2025-10-17 00:00:00;2025-10-08 00:00:00;2025-10-05 00:00:00;2025-09-26 00:00:00
2025-10-03 00:00:00;SO684595;C0021;AS003;1016;2025-10-17 00:00:00;2025-10-24 00:00:00;2025-10-07 00:00:00;2025-10-14 00:00:00
2025-10-03 00:00:00;SO684595;C0021;CS003;415;2025-10-17 00:00:00;2025-10-22 00:00:00;2025-10-07 00:00:00;2025-10-12 00:00:00
2025-10-03 00:00:00;SO684595;C0021;AL001;732;2025-10-17 00:00:00;2025-10-12 00:00:00;2025-10-07 00:00:00;2025-10-02 00:00:00
2025-10-03 00:00:00;SO519987;C0020;VS002;1089;2025-11-28 00:00:00;2025-12-05 00:00:00;2025-10-07 00:00:00;2025-10-14 00:00:00
2025-10-06 00:00:00;SO456324;C0020;CT002;312;2025-12-01 00:00:00;2025-12-03 00:00:00;2025-10-10 00:00:00;2025-10-12 00:00:00
2025-10-06 00:00:00;SO858655;C0008;CS003;306;2025-12-01 00:00:00;2025-12-01 00:00:00;2025-10-09 00:00:00;2025-10-09 00:00:00
2025-10-06 00:00:00;SO181670;C0009;CL002;768;2025-10-20 00:00:00;2025-10-17 00:00:00;2025-10-09 00:00:00;2025-10-06 00:00:00
2025-10-06 00:00:00;SO858655;C0008;AT002;561;2025-12-01 00:00:00;2025-12-04 00:00:00;2025-10-09 00:00:00;2025-10-12 00:00:00
2025-10-06 00:00:00;SO181670;C0009;CS004;334;2025-10-20 00:00:00;2025-10-20 00:00:00;2025-10-09 00:00:00;2025-10-09 00:00:00
2025-10-06 00:00:00;SO456324;C0020;AS001;307;2025-12-01 00:00:00;2025-12-01 00:00:00;2025-10-10 00:00:00;2025-10-10 00:00:00
2025-10-06 00:00:00;SO858655;C0008;CT002;346;2025-12-01 00:00:00;2025-12-07 00:00:00;2025-10-09 00:00:00;2025-10-15 00:00:00
2025-10-06 00:00:00;SO181670;C0009;CT001;509;2025-10-20 00:00:00;2025-10-24 00:00:00;2025-10-09 00:00:00;2025-10-13 00:00:00
2025-10-06 00:00:00;SO181670;C0009;VS004;842;2025-10-20 00:00:00;2025-10-23 00:00:00;2025-10-09 00:00:00;2025-10-12 00:00:00
2025-10-06 00:00:00;SO181670;C0009;CL001;583;2025-10-20 00:00:00;2025-10-18 00:00:00;2025-10-09 00:00:00;2025-10-07 00:00:00
2025-10-06 00:00:00;SO456324;C0020;CS001;1284;2025-12-01 00:00:00;2025-11-29 00:00:00;2025-10-10 00:00:00;2025-10-08 00:00:00
2025-10-06 00:00:00;SO181670;C0009;AL002;567;2025-10-20 00:00:00;2025-10-28 00:00:00;2025-10-09 00:00:00;2025-10-17 00:00:00
2025-10-06 00:00:00;SO181670;C0009;AT001;460;2025-10-20 00:00:00;2025-10-27 00:00:00;2025-10-09 00:00:00;2025-10-16 00:00:00
2025-10-06 00:00:00;SO858655;C0008;CL002;361;2025-12-01 00:00:00;2025-12-02 00:00:00;2025-10-09 00:00:00;2025-10-10 00:00:00
2025-10-06 00:00:00;SO456324;C0020;CS003;1191;2025-12-01 00:00:00;2025-12-02 00:00:00;2025-10-10 00:00:00;2025-10-11 00:00:00
2025-10-07 00:00:00;SO268631;C0016;CT003;921;2025-10-21 00:00:00;2025-10-31 00:00:00;2025-10-11 00:00:00;2025-10-21 00:00:00
2025-10-07 00:00:00;SO337629;C0021;CS002;691;2025-10-21 00:00:00;2025-10-12 00:00:00;2025-10-11 00:00:00;2025-10-02 00:00:00
2025-10-07 00:00:00;SO337629;C0021;AT001;704;2025-10-21 00:00:00;2025-10-11 00:00:00;2025-10-11 00:00:00;2025-10-01 00:00:00
2025-10-07 00:00:00;SO268631;C0016;VS003;464;2025-10-21 00:00:00;2025-10-18 00:00:00;2025-10-11 00:00:00;2025-10-08 00:00:00
2025-10-07 00:00:00;SO268631;C0016;VS002;1232;2025-10-21 00:00:00;2025-10-31 00:00:00;2025-10-11 00:00:00;2025-10-21 00:00:00
2025-10-07 00:00:00;SO268631;C0016;AT002;862;2025-10-21 00:00:00;2025-10-14 00:00:00;2025-10-11 00:00:00;2025-10-04 00:00:00
2025-10-07 00:00:00;SO268631;C0016;AS004;373;2025-10-21 00:00:00;2025-10-24 00:00:00;2025-10-11 00:00:00;2025-10-14 00:00:00
2025-10-07 00:00:00;SO337629;C0021;CL001;935;2025-10-21 00:00:00;2025-10-17 00:00:00;2025-10-11 00:00:00;2025-10-07 00:00:00
2025-10-07 00:00:00;SO337629;C0021;VS001;936;2025-10-21 00:00:00;2025-10-22 00:00:00;2025-10-11 00:00:00;2025-10-12 00:00:00
2025-10-07 00:00:00;SO268631;C0016;CS004;933;2025-10-21 00:00:00;2025-10-26 00:00:00;2025-10-11 00:00:00;2025-10-16 00:00:00
2025-10-07 00:00:00;SO337629;C0021;VS003;980;2025-10-21 00:00:00;2025-10-25 00:00:00;2025-10-11 00:00:00;2025-10-15 00:00:00
2025-10-07 00:00:00;SO268631;C0016;AL001;422;2025-10-21 00:00:00;2025-10-24 00:00:00;2025-10-11 00:00:00;2025-10-14 00:00:00
2025-10-07 00:00:00;SO337629;C0021;VS005;354;2025-10-21 00:00:00;2025-10-27 00:00:00;2025-10-11 00:00:00;2025-10-17 00:00:00
2025-10-07 00:00:00;SO268631;C0016;CS003;1099;2025-10-21 00:00:00;2025-10-28 00:00:00;2025-10-11 00:00:00;2025-10-18 00:00:00
2025-10-07 00:00:00;SO268631;C0016;AS005;903;2025-10-21 00:00:00;2025-10-13 00:00:00;2025-10-11 00:00:00;2025-10-03 00:00:00
2025-10-07 00:00:00;SO268631;C0016;AS003;652;2025-10-21 00:00:00;2025-10-31 00:00:00;2025-10-11 00:00:00;2025-10-21 00:00:00
2025-10-08 00:00:00;SO216430;C0006;CS004;1153;2025-12-10 00:00:00;2025-12-04 00:00:00;2025-10-10 00:00:00;2025-10-04 00:00:00
2025-10-08 00:00:00;SO804942;C0026;VS005;1138;2025-11-12 00:00:00;2025-11-07 00:00:00;2025-10-16 00:00:00;2025-10-11 00:00:00
2025-10-08 00:00:00;SO493567;C0021;AS001;967;2025-10-22 00:00:00;2025-10-24 00:00:00;2025-10-12 00:00:00;2025-10-14 00:00:00
2025-10-08 00:00:00;SO515007;C0018;AS004;1184;2025-12-10 00:00:00;2025-12-13 00:00:00;2025-10-12 00:00:00;2025-10-15 00:00:00
2025-10-08 00:00:00;SO216430;C0006;AS004;806;2025-12-10 00:00:00;2025-12-06 00:00:00;2025-10-10 00:00:00;2025-10-06 00:00:00
2025-10-08 00:00:00;SO216430;C0006;CT001;753;2025-12-10 00:00:00;2025-12-07 00:00:00;2025-10-10 00:00:00;2025-10-07 00:00:00
2025-10-08 00:00:00;SO804942;C0026;AT002;959;2025-11-12 00:00:00;2025-11-19 00:00:00;2025-10-16 00:00:00;2025-10-23 00:00:00
2025-10-08 00:00:00;SO515007;C0018;CL001;910;2025-12-10 00:00:00;2025-12-02 00:00:00;2025-10-12 00:00:00;2025-10-04 00:00:00
2025-10-08 00:00:00;SO493567;C0021;CT001;1056;2025-10-22 00:00:00;2025-10-19 00:00:00;2025-10-12 00:00:00;2025-10-09 00:00:00
2025-10-08 00:00:00;SO493567;C0021;AT002;377;2025-10-22 00:00:00;2025-10-26 00:00:00;2025-10-12 00:00:00;2025-10-16 00:00:00
2025-10-08 00:00:00;SO515007;C0018;AS002;674;2025-12-10 00:00:00;2025-12-04 00:00:00;2025-10-12 00:00:00;2025-10-06 00:00:00
2025-10-08 00:00:00;SO216430;C0006;CL002;706;2025-12-10 00:00:00;2025-12-10 00:00:00;2025-10-10 00:00:00;2025-10-10 00:00:00
2025-10-08 00:00:00;SO216430;C0006;AS001;1256;2025-12-10 00:00:00;2025-12-19 00:00:00;2025-10-10 00:00:00;2025-10-19 00:00:00
2025-10-08 00:00:00;SO216430;C0006;AT002;426;2025-12-10 00:00:00;2025-11-30 00:00:00;2025-10-10 00:00:00;2025-09-30 00:00:00
2025-10-08 00:00:00;SO515007;C0018;CT002;746;2025-12-10 00:00:00;2025-12-09 00:00:00;2025-10-12 00:00:00;2025-10-11 00:00:00
2025-10-08 00:00:00;SO493567;C0021;AS002;727;2025-10-22 00:00:00;2025-10-31 00:00:00;2025-10-12 00:00:00;2025-10-21 00:00:00
2025-10-08 00:00:00;SO515007;C0018;CS002;1093;2025-12-10 00:00:00;2025-12-01 00:00:00;2025-10-12 00:00:00;2025-10-03 00:00:00
2025-10-09 00:00:00;SO257727;C0005;VS003;1176;2025-12-04 00:00:00;2025-12-02 00:00:00;2025-10-11 00:00:00;2025-10-09 00:00:00
2025-10-09 00:00:00;SO628886;C0010;CS003;459;2025-11-20 00:00:00;2025-11-30 00:00:00;2025-10-12 00:00:00;2025-10-22 00:00:00
2025-10-09 00:00:00;SO628886;C0010;AS005;343;2025-11-20 00:00:00;2025-11-12 00:00:00;2025-10-12 00:00:00;2025-10-04 00:00:00
2025-10-09 00:00:00;SO628886;C0010;VS002;960;2025-11-20 00:00:00;2025-11-30 00:00:00;2025-10-12 00:00:00;2025-10-22 00:00:00
2025-10-09 00:00:00;SO257727;C0005;AT002;987;2025-12-04 00:00:00;2025-11-29 00:00:00;2025-10-11 00:00:00;2025-10-06 00:00:00
2025-10-09 00:00:00;SO628886;C0010;AT001;797;2025-11-20 00:00:00;2025-11-20 00:00:00;2025-10-12 00:00:00;2025-10-12 00:00:00
2025-10-09 00:00:00;SO257727;C0005;CL002;926;2025-12-04 00:00:00;2025-12-07 00:00:00;2025-10-11 00:00:00;2025-10-14 00:00:00
2025-10-09 00:00:00;SO257727;C0005;VS005;1126;2025-12-04 00:00:00;2025-11-25 00:00:00;2025-10-11 00:00:00;2025-10-02 00:00:00
2025-10-09 00:00:00;SO257727;C0005;CT003;359;2025-12-04 00:00:00;2025-11-26 00:00:00;2025-10-11 00:00:00;2025-10-03 00:00:00
2025-10-09 00:00:00;SO628886;C0010;CS001;942;2025-11-20 00:00:00;2025-11-17 00:00:00;2025-10-12 00:00:00;2025-10-09 00:00:00
2025-10-09 00:00:00;SO628886;C0010;CL001;658;2025-11-20 00:00:00;2025-11-27 00:00:00;2025-10-12 00:00:00;2025-10-19 00:00:00
2025-10-09 00:00:00;SO257727;C0005;AS005;480;2025-12-04 00:00:00;2025-11-24 00:00:00;2025-10-11 00:00:00;2025-10-01 00:00:00
2025-10-09 00:00:00;SO257727;C0005;AS001;414;2025-12-04 00:00:00;2025-11-28 00:00:00;2025-10-11 00:00:00;2025-10-05 00:00:00
2025-10-09 00:00:00;SO628886;C0010;AL002;841;2025-11-20 00:00:00;2025-11-13 00:00:00;2025-10-12 00:00:00;2025-10-05 00:00:00
2025-10-09 00:00:00;SO257727;C0005;AL002;382;2025-12-04 00:00:00;2025-12-14 00:00:00;2025-10-11 00:00:00;2025-10-21 00:00:00
2025-10-09 00:00:00;SO257727;C0005;CT001;745;2025-12-04 00:00:00;2025-12-05 00:00:00;2025-10-11 00:00:00;2025-10-12 00:00:00
2025-10-10 00:00:00;SO622189;C0020;AS005;822;2025-12-05 00:00:00;2025-11-27 00:00:00;2025-10-14 00:00:00;2025-10-06 00:00:00
2025-10-10 00:00:00;SO737190;C0013;AT002;528;2025-11-07 00:00:00;2025-11-03 00:00:00;2025-10-14 00:00:00;2025-10-10 00:00:00
2025-10-10 00:00:00;SO519069;C0015;AL001;558;2025-11-21 00:00:00;2025-11-23 00:00:00;2025-10-14 00:00:00;2025-10-16 00:00:00
2025-10-10 00:00:00;SO519069;C0015;VS005;906;2025-11-21 00:00:00;2025-11-13 00:00:00;2025-10-14 00:00:00;2025-10-06 00:00:00
2025-10-10 00:00:00;SO622189;C0020;AS002;537;2025-12-05 00:00:00;2025-12-08 00:00:00;2025-10-14 00:00:00;2025-10-17 00:00:00
2025-10-10 00:00:00;SO519069;C0015;AT001;1012;2025-11-21 00:00:00;2025-11-11 00:00:00;2025-10-14 00:00:00;2025-10-04 00:00:00
2025-10-10 00:00:00;SO737190;C0013;VS003;492;2025-11-07 00:00:00;2025-11-08 00:00:00;2025-10-14 00:00:00;2025-10-15 00:00:00
2025-10-10 00:00:00;SO622189;C0020;VS001;276;2025-12-05 00:00:00;2025-12-04 00:00:00;2025-10-14 00:00:00;2025-10-13 00:00:00
2025-10-10 00:00:00;SO622189;C0020;VS002;783;2025-12-05 00:00:00;2025-11-29 00:00:00;2025-10-14 00:00:00;2025-10-08 00:00:00
2025-10-10 00:00:00;SO519069;C0015;CS003;841;2025-11-21 00:00:00;2025-11-16 00:00:00;2025-10-14 00:00:00;2025-10-09 00:00:00
2025-10-10 00:00:00;SO519069;C0015;VS002;752;2025-11-21 00:00:00;2025-11-15 00:00:00;2025-10-14 00:00:00;2025-10-08 00:00:00
2025-10-10 00:00:00;SO737190;C0013;VS002;385;2025-11-07 00:00:00;2025-11-17 00:00:00;2025-10-14 00:00:00;2025-10-24 00:00:00
2025-10-10 00:00:00;SO737190;C0013;CS001;417;2025-11-07 00:00:00;2025-11-04 00:00:00;2025-10-14 00:00:00;2025-10-11 00:00:00
2025-10-10 00:00:00;SO622189;C0020;AT001;654;2025-12-05 00:00:00;2025-12-03 00:00:00;2025-10-14 00:00:00;2025-10-12 00:00:00
2025-10-10 00:00:00;SO622189;C0020;VS004;822;2025-12-05 00:00:00;2025-12-12 00:00:00;2025-10-14 00:00:00;2025-10-21 00:00:00
2025-10-10 00:00:00;SO519069;C0015;AS001;451;2025-11-21 00:00:00;2025-11-28 00:00:00;2025-10-14 00:00:00;2025-10-21 00:00:00
2025-10-10 00:00:00;SO737190;C0013;AL002;1068;2025-11-07 00:00:00;2025-11-10 00:00:00;2025-10-14 00:00:00;2025-10-17 00:00:00
2025-10-13 00:00:00;SO433410;C0001;AL001;517;2025-11-10 00:00:00;2025-11-18 00:00:00;2025-10-15 00:00:00;2025-10-23 00:00:00
2025-10-13 00:00:00;SO887696;C0008;VS004;1215;2025-12-08 00:00:00;2025-12-04 00:00:00;2025-10-16 00:00:00;2025-10-12 00:00:00
2025-10-13 00:00:00;SO264245;C0013;AL001;591;2025-11-10 00:00:00;2025-11-01 00:00:00;2025-10-17 00:00:00;2025-10-08 00:00:00
2025-10-13 00:00:00;SO668873;C0021;VS005;1069;2025-10-27 00:00:00;2025-10-20 00:00:00;2025-10-17 00:00:00;2025-10-10 00:00:00
2025-10-13 00:00:00;SO887696;C0008;CS004;527;2025-12-08 00:00:00;2025-12-03 00:00:00;2025-10-16 00:00:00;2025-10-11 00:00:00
2025-10-13 00:00:00;SO433410;C0001;CL002;558;2025-11-10 00:00:00;2025-10-31 00:00:00;2025-10-15 00:00:00;2025-10-05 00:00:00
2025-10-13 00:00:00;SO433410;C0001;AT001;696;2025-11-10 00:00:00;2025-11-19 00:00:00;2025-10-15 00:00:00;2025-10-24 00:00:00
2025-10-13 00:00:00;SO433410;C0001;AS003;451;2025-11-10 00:00:00;2025-11-17 00:00:00;2025-10-15 00:00:00;2025-10-22 00:00:00
2025-10-13 00:00:00;SO264245;C0013;VS003;1342;2025-11-10 00:00:00;2025-11-06 00:00:00;2025-10-17 00:00:00;2025-10-13 00:00:00
2025-10-13 00:00:00;SO668873;C0021;CS001;648;2025-10-27 00:00:00;2025-10-18 00:00:00;2025-10-17 00:00:00;2025-10-08 00:00:00
2025-10-13 00:00:00;SO887696;C0008;CT001;571;2025-12-08 00:00:00;2025-11-30 00:00:00;2025-10-16 00:00:00;2025-10-08 00:00:00
2025-10-13 00:00:00;SO433410;C0001;CS001;497;2025-11-10 00:00:00;2025-11-11 00:00:00;2025-10-15 00:00:00;2025-10-16 00:00:00
2025-10-13 00:00:00;SO264245;C0013;VS004;935;2025-11-10 00:00:00;2025-11-19 00:00:00;2025-10-17 00:00:00;2025-10-26 00:00:00
2025-10-13 00:00:00;SO264245;C0013;AS003;354;2025-11-10 00:00:00;2025-11-03 00:00:00;2025-10-17 00:00:00;2025-10-10 00:00:00
2025-10-14 00:00:00;SO957074;C0024;CS004;504;2025-11-11 00:00:00;2025-11-16 00:00:00;2025-10-18 00:00:00;2025-10-23 00:00:00
2025-10-14 00:00:00;SO700112;C0005;CS003;1020;2025-12-09 00:00:00;2025-11-29 00:00:00;2025-10-16 00:00:00;2025-10-06 00:00:00
2025-10-14 00:00:00;SO710375;C0001;AT001;696;2025-11-11 00:00:00;2025-11-16 00:00:00;2025-10-16 00:00:00;2025-10-21 00:00:00
2025-10-14 00:00:00;SO710375;C0001;AS004;1067;2025-11-11 00:00:00;2025-11-13 00:00:00;2025-10-16 00:00:00;2025-10-18 00:00:00
2025-10-14 00:00:00;SO700112;C0005;AL002;1130;2025-12-09 00:00:00;2025-12-06 00:00:00;2025-10-16 00:00:00;2025-10-13 00:00:00
2025-10-14 00:00:00;SO957074;C0024;AS003;916;2025-11-11 00:00:00;2025-11-09 00:00:00;2025-10-18 00:00:00;2025-10-16 00:00:00
2025-10-14 00:00:00;SO700112;C0005;CS004;1150;2025-12-09 00:00:00;2025-12-01 00:00:00;2025-10-16 00:00:00;2025-10-08 00:00:00
2025-10-14 00:00:00;SO957074;C0024;CS001;1308;2025-11-11 00:00:00;2025-11-03 00:00:00;2025-10-18 00:00:00;2025-10-10 00:00:00
2025-10-14 00:00:00;SO710375;C0001;AT002;613;2025-11-11 00:00:00;2025-11-10 00:00:00;2025-10-16 00:00:00;2025-10-15 00:00:00
2025-10-14 00:00:00;SO700112;C0005;AS005;776;2025-12-09 00:00:00;2025-12-14 00:00:00;2025-10-16 00:00:00;2025-10-21 00:00:00
2025-10-14 00:00:00;SO710375;C0001;CT001;916;2025-11-11 00:00:00;2025-11-05 00:00:00;2025-10-16 00:00:00;2025-10-10 00:00:00
2025-10-14 00:00:00;SO710375;C0001;VS005;837;2025-11-11 00:00:00;2025-11-21 00:00:00;2025-10-16 00:00:00;2025-10-26 00:00:00
2025-10-14 00:00:00;SO700112;C0005;VS001;1110;2025-12-09 00:00:00;2025-12-05 00:00:00;2025-10-16 00:00:00;2025-10-12 00:00:00
2025-10-14 00:00:00;SO957074;C0024;VS005;466;2025-11-11 00:00:00;2025-11-10 00:00:00;2025-10-18 00:00:00;2025-10-17 00:00:00
2025-10-14 00:00:00;SO700112;C0005;AT001;679;2025-12-09 00:00:00;2025-12-06 00:00:00;2025-10-16 00:00:00;2025-10-13 00:00:00
2025-10-14 00:00:00;SO957074;C0024;CT001;977;2025-11-11 00:00:00;2025-11-03 00:00:00;2025-10-18 00:00:00;2025-10-10 00:00:00
2025-10-14 00:00:00;SO700112;C0005;AS001;489;2025-12-09 00:00:00;2025-12-03 00:00:00;2025-10-16 00:00:00;2025-10-10 00:00:00
2025-10-14 00:00:00;SO700112;C0005;AS003;965;2025-12-09 00:00:00;2025-12-14 00:00:00;2025-10-16 00:00:00;2025-10-21 00:00:00
2025-10-15 00:00:00;SO812191;C0019;CS002;1309;2025-12-17 00:00:00;2025-12-16 00:00:00;2025-10-19 00:00:00;2025-10-18 00:00:00
2025-10-15 00:00:00;SO234416;C0002;AS005;831;2025-11-19 00:00:00;2025-11-22 00:00:00;2025-10-17 00:00:00;2025-10-20 00:00:00
2025-10-15 00:00:00;SO812191;C0019;VS004;826;2025-12-17 00:00:00;2025-12-25 00:00:00;2025-10-19 00:00:00;2025-10-27 00:00:00
2025-10-15 00:00:00;SO234416;C0002;AS003;896;2025-11-19 00:00:00;2025-11-15 00:00:00;2025-10-17 00:00:00;2025-10-13 00:00:00
2025-10-15 00:00:00;SO234416;C0002;CS003;928;2025-11-19 00:00:00;2025-11-11 00:00:00;2025-10-17 00:00:00;2025-10-09 00:00:00
2025-10-15 00:00:00;SO234416;C0002;VS003;812;2025-11-19 00:00:00;2025-11-19 00:00:00;2025-10-17 00:00:00;2025-10-17 00:00:00
2025-10-15 00:00:00;SO234416;C0002;AT002;448;2025-11-19 00:00:00;2025-11-26 00:00:00;2025-10-17 00:00:00;2025-10-24 00:00:00
2025-10-15 00:00:00;SO234416;C0002;AS004;690;2025-11-19 00:00:00;2025-11-26 00:00:00;2025-10-17 00:00:00;2025-10-24 00:00:00
2025-10-15 00:00:00;SO234416;C0002;CS001;749;2025-11-19 00:00:00;2025-11-29 00:00:00;2025-10-17 00:00:00;2025-10-27 00:00:00
2025-10-15 00:00:00;SO234416;C0002;VS005;460;2025-11-19 00:00:00;2025-11-15 00:00:00;2025-10-17 00:00:00;2025-10-13 00:00:00
2025-10-15 00:00:00;SO812191;C0019;CT003;694;2025-12-17 00:00:00;2025-12-25 00:00:00;2025-10-19 00:00:00;2025-10-27 00:00:00
2025-10-15 00:00:00;SO812191;C0019;AS005;691;2025-12-17 00:00:00;2025-12-07 00:00:00;2025-10-19 00:00:00;2025-10-09 00:00:00
2025-10-15 00:00:00;SO234416;C0002;CT001;900;2025-11-19 00:00:00;2025-11-16 00:00:00;2025-10-17 00:00:00;2025-10-14 00:00:00
2025-10-15 00:00:00;SO234416;C0002;VS004;701;2025-11-19 00:00:00;2025-11-29 00:00:00;2025-10-17 00:00:00;2025-10-27 00:00:00
2025-10-15 00:00:00;SO234416;C0002;AS001;615;2025-11-19 00:00:00;2025-11-17 00:00:00;2025-10-17 00:00:00;2025-10-15 00:00:00
2025-10-15 00:00:00;SO234416;C0002;CT002;429;2025-11-19 00:00:00;2025-11-23 00:00:00;2025-10-17 00:00:00;2025-10-21 00:00:00
2025-10-15 00:00:00;SO812191;C0019;VS003;706;2025-12-17 00:00:00;2025-12-14 00:00:00;2025-10-19 00:00:00;2025-10-16 00:00:00
2025-10-15 00:00:00;SO234416;C0002;AT001;596;2025-11-19 00:00:00;2025-11-27 00:00:00;2025-10-17 00:00:00;2025-10-25 00:00:00
2025-10-16 00:00:00;SO765716;C0024;AT002;623;2025-11-13 00:00:00;2025-11-08 00:00:00;2025-10-20 00:00:00;2025-10-15 00:00:00
2025-10-16 00:00:00;SO978262;C0016;CS002;750;2025-10-30 00:00:00;2025-11-01 00:00:00;2025-10-20 00:00:00;2025-10-22 00:00:00
2025-10-16 00:00:00;SO978262;C0016;CT003;1087;2025-10-30 00:00:00;2025-10-29 00:00:00;2025-10-20 00:00:00;2025-10-19 00:00:00
2025-10-16 00:00:00;SO765716;C0024;CS001;990;2025-11-13 00:00:00;2025-11-03 00:00:00;2025-10-20 00:00:00;2025-10-10 00:00:00
2025-10-16 00:00:00;SO765716;C0024;VS003;899;2025-11-13 00:00:00;2025-11-19 00:00:00;2025-10-20 00:00:00;2025-10-26 00:00:00
2025-10-16 00:00:00;SO765716;C0024;CS003;1122;2025-11-13 00:00:00;2025-11-21 00:00:00;2025-10-20 00:00:00;2025-10-28 00:00:00
2025-10-16 00:00:00;SO765716;C0024;VS002;506;2025-11-13 00:00:00;2025-11-21 00:00:00;2025-10-20 00:00:00;2025-10-28 00:00:00
2025-10-16 00:00:00;SO978262;C0016;VS001;845;2025-10-30 00:00:00;2025-11-02 00:00:00;2025-10-20 00:00:00;2025-10-23 00:00:00
2025-10-16 00:00:00;SO978262;C0016;AL001;596;2025-10-30 00:00:00;2025-11-09 00:00:00;2025-10-20 00:00:00;2025-10-30 00:00:00
2025-10-16 00:00:00;SO978262;C0016;AS001;878;2025-10-30 00:00:00;2025-10-20 00:00:00;2025-10-20 00:00:00;2025-10-10 00:00:00
2025-10-16 00:00:00;SO765716;C0024;CL002;619;2025-11-13 00:00:00;2025-11-18 00:00:00;2025-10-20 00:00:00;2025-10-25 00:00:00
2025-10-16 00:00:00;SO765716;C0024;CL001;1008;2025-11-13 00:00:00;2025-11-03 00:00:00;2025-10-20 00:00:00;2025-10-10 00:00:00
2025-10-16 00:00:00;SO978262;C0016;AT002;865;2025-10-30 00:00:00;2025-10-22 00:00:00;2025-10-20 00:00:00;2025-10-12 00:00:00
2025-10-17 00:00:00;SO882101;C0028;AS003;828;2025-10-31 00:00:00;2025-10-25 00:00:00;2025-10-25 00:00:00;2025-10-19 00:00:00
2025-10-17 00:00:00;SO663039;C0015;CT001;272;2025-11-28 00:00:00;2025-12-05 00:00:00;2025-10-21 00:00:00;2025-10-28 00:00:00
2025-10-17 00:00:00;SO570325;C0021;CT002;740;2025-10-31 00:00:00;2025-11-08 00:00:00;2025-10-21 00:00:00;2025-10-29 00:00:00
2025-10-17 00:00:00;SO570325;C0021;CT001;477;2025-10-31 00:00:00;2025-10-27 00:00:00;2025-10-21 00:00:00;2025-10-17 00:00:00
2025-10-17 00:00:00;SO663039;C0015;CL001;966;2025-11-28 00:00:00;2025-12-06 00:00:00;2025-10-21 00:00:00;2025-10-29 00:00:00
2025-10-17 00:00:00;SO570325;C0021;VS004;666;2025-10-31 00:00:00;2025-11-01 00:00:00;2025-10-21 00:00:00;2025-10-22 00:00:00
2025-10-17 00:00:00;SO882101;C0028;AL001;390;2025-10-31 00:00:00;2025-11-06 00:00:00;2025-10-25 00:00:00;2025-10-31 00:00:00
2025-10-17 00:00:00;SO663039;C0015;AS001;1001;2025-11-28 00:00:00;2025-12-03 00:00:00;2025-10-21 00:00:00;2025-10-26 00:00:00
2025-10-17 00:00:00;SO570325;C0021;AS001;974;2025-10-31 00:00:00;2025-11-08 00:00:00;2025-10-21 00:00:00;2025-10-29 00:00:00
2025-10-17 00:00:00;SO882101;C0028;VS001;1253;2025-10-31 00:00:00;2025-11-01 00:00:00;2025-10-25 00:00:00;2025-10-26 00:00:00
2025-10-17 00:00:00;SO663039;C0015;CT002;706;2025-11-28 00:00:00;2025-11-22 00:00:00;2025-10-21 00:00:00;2025-10-15 00:00:00
2025-10-17 00:00:00;SO882101;C0028;CS001;530;2025-10-31 00:00:00;2025-10-29 00:00:00;2025-10-25 00:00:00;2025-10-23 00:00:00
2025-10-17 00:00:00;SO570325;C0021;VS005;1148;2025-10-31 00:00:00;2025-10-26 00:00:00;2025-10-21 00:00:00;2025-10-16 00:00:00
2025-10-17 00:00:00;SO570325;C0021;AT002;875;2025-10-31 00:00:00;2025-11-10 00:00:00;2025-10-21 00:00:00;2025-10-31 00:00:00
2025-10-17 00:00:00;SO663039;C0015;VS001;520;2025-11-28 00:00:00;2025-11-23 00:00:00;2025-10-21 00:00:00;2025-10-16 00:00:00
2025-10-17 00:00:00;SO570325;C0021;CS003;525;2025-10-31 00:00:00;2025-10-25 00:00:00;2025-10-21 00:00:00;2025-10-15 00:00:00
2025-10-17 00:00:00;SO570325;C0021;CT003;693;2025-10-31 00:00:00;2025-11-03 00:00:00;2025-10-21 00:00:00;2025-10-24 00:00:00
2025-10-17 00:00:00;SO663039;C0015;CS002;422;2025-11-28 00:00:00;2025-11-28 00:00:00;2025-10-21 00:00:00;2025-10-21 00:00:00
2025-10-17 00:00:00;SO570325;C0021;AS002;909;2025-10-31 00:00:00;2025-10-23 00:00:00;2025-10-21 00:00:00;2025-10-13 00:00:00
2025-10-20 00:00:00;SO386894;C0017;AS004;400;2025-12-15 00:00:00;2025-12-17 00:00:00;2025-10-24 00:00:00;2025-10-26 00:00:00
2025-10-20 00:00:00;SO764393;C0016;AS003;1175;2025-11-03 00:00:00;2025-11-03 00:00:00;2025-10-24 00:00:00;2025-10-24 00:00:00
2025-10-20 00:00:00;SO386894;C0017;AS003;934;2025-12-15 00:00:00;2025-12-11 00:00:00;2025-10-24 00:00:00;2025-10-20 00:00:00
2025-10-20 00:00:00;SO764393;C0016;AT001;422;2025-11-03 00:00:00;2025-10-29 00:00:00;2025-10-24 00:00:00;2025-10-19 00:00:00
2025-10-20 00:00:00;SO764393;C0016;CT003;767;2025-11-03 00:00:00;2025-10-28 00:00:00;2025-10-24 00:00:00;2025-10-18 00:00:00
2025-10-20 00:00:00;SO764393;C0016;AL001;589;2025-11-03 00:00:00;2025-11-11 00:00:00;2025-10-24 00:00:00;2025-11-01 00:00:00
2025-10-20 00:00:00;SO386894;C0017;AT001;601;2025-12-15 00:00:00;2025-12-16 00:00:00;2025-10-24 00:00:00;2025-10-25 00:00:00
2025-10-20 00:00:00;SO386894;C0017;VS001;475;2025-12-15 00:00:00;2025-12-14 00:00:00;2025-10-24 00:00:00;2025-10-23 00:00:00
2025-10-20 00:00:00;SO764393;C0016;VS002;1129;2025-11-03 00:00:00;2025-11-10 00:00:00;2025-10-24 00:00:00;2025-10-31 00:00:00
2025-10-20 00:00:00;SO764393;C0016;AS005;441;2025-11-03 00:00:00;2025-10-29 00:00:00;2025-10-24 00:00:00;2025-10-19 00:00:00
2025-10-20 00:00:00;SO386894;C0017;VS003;842;2025-12-15 00:00:00;2025-12-21 00:00:00;2025-10-24 00:00:00;2025-10-30 00:00:00
2025-10-20 00:00:00;SO764393;C0016;CL001;990;2025-11-03 00:00:00;2025-10-24 00:00:00;2025-10-24 00:00:00;2025-10-14 00:00:00
2025-10-20 00:00:00;SO386894;C0017;AL002;612;2025-12-15 00:00:00;2025-12-18 00:00:00;2025-10-24 00:00:00;2025-10-27 00:00:00
2025-10-20 00:00:00;SO764393;C0016;CL002;969;2025-11-03 00:00:00;2025-10-25 00:00:00;2025-10-24 00:00:00;2025-10-15 00:00:00
2025-10-20 00:00:00;SO386894;C0017;CT002;599;2025-12-15 00:00:00;2025-12-06 00:00:00;2025-10-24 00:00:00;2025-10-15 00:00:00
2025-10-20 00:00:00;SO764393;C0016;VS005;1113;2025-11-03 00:00:00;2025-11-07 00:00:00;2025-10-24 00:00:00;2025-10-28 00:00:00
2025-10-21 00:00:00;SO507929;C0020;AS004;766;2025-12-16 00:00:00;2025-12-20 00:00:00;2025-10-25 00:00:00;2025-10-29 00:00:00
2025-10-21 00:00:00;SO712474;C0028;CT001;699;2025-11-04 00:00:00;2025-11-10 00:00:00;2025-10-29 00:00:00;2025-11-04 00:00:00
2025-10-21 00:00:00;SO161538;C0017;CT001;375;2025-12-16 00:00:00;2025-12-13 00:00:00;2025-10-25 00:00:00;2025-10-22 00:00:00
2025-10-21 00:00:00;SO507929;C0020;VS004;423;2025-12-16 00:00:00;2025-12-23 00:00:00;2025-10-25 00:00:00;2025-11-01 00:00:00
2025-10-21 00:00:00;SO161538;C0017;AL002;1012;2025-12-16 00:00:00;2025-12-12 00:00:00;2025-10-25 00:00:00;2025-10-21 00:00:00
2025-10-21 00:00:00;SO507929;C0020;CT001;818;2025-12-16 00:00:00;2025-12-23 00:00:00;2025-10-25 00:00:00;2025-11-01 00:00:00
2025-10-21 00:00:00;SO507929;C0020;CS001;951;2025-12-16 00:00:00;2025-12-07 00:00:00;2025-10-25 00:00:00;2025-10-16 00:00:00
2025-10-21 00:00:00;SO161538;C0017;VS005;526;2025-12-16 00:00:00;2025-12-14 00:00:00;2025-10-25 00:00:00;2025-10-23 00:00:00
2025-10-21 00:00:00;SO161538;C0017;VS001;860;2025-12-16 00:00:00;2025-12-20 00:00:00;2025-10-25 00:00:00;2025-10-29 00:00:00
2025-10-21 00:00:00;SO712474;C0028;AL001;348;2025-11-04 00:00:00;2025-11-02 00:00:00;2025-10-29 00:00:00;2025-10-27 00:00:00
2025-10-21 00:00:00;SO507929;C0020;AS001;1064;2025-12-16 00:00:00;2025-12-10 00:00:00;2025-10-25 00:00:00;2025-10-19 00:00:00
2025-10-21 00:00:00;SO712474;C0028;CL002;380;2025-11-04 00:00:00;2025-10-25 00:00:00;2025-10-29 00:00:00;2025-10-19 00:00:00
2025-10-21 00:00:00;SO507929;C0020;AT002;843;2025-12-16 00:00:00;2025-12-15 00:00:00;2025-10-25 00:00:00;2025-10-24 00:00:00
2025-10-21 00:00:00;SO507929;C0020;VS001;634;2025-12-16 00:00:00;2025-12-25 00:00:00;2025-10-25 00:00:00;2025-11-03 00:00:00
2025-10-21 00:00:00;SO712474;C0028;AS005;1165;2025-11-04 00:00:00;2025-10-27 00:00:00;2025-10-29 00:00:00;2025-10-21 00:00:00
2025-10-22 00:00:00;SO693536;C0004;AS005;703;2025-11-05 00:00:00;2025-10-30 00:00:00;2025-10-24 00:00:00;2025-10-18 00:00:00
2025-10-22 00:00:00;SO388435;C0006;AS004;455;2025-12-24 00:00:00;2025-12-27 00:00:00;2025-10-24 00:00:00;2025-10-27 00:00:00
2025-10-22 00:00:00;SO206189;C0025;AT001;858;2025-11-19 00:00:00;2025-11-18 00:00:00;2025-10-30 00:00:00;2025-10-29 00:00:00
2025-10-22 00:00:00;SO715150;C0003;AS004;541;2025-12-03 00:00:00;2025-12-08 00:00:00;2025-10-24 00:00:00;2025-10-29 00:00:00
2025-10-22 00:00:00;SO715150;C0003;AL002;613;2025-12-03 00:00:00;2025-11-27 00:00:00;2025-10-24 00:00:00;2025-10-18 00:00:00
2025-10-22 00:00:00;SO388435;C0006;VS002;756;2025-12-24 00:00:00;2025-12-28 00:00:00;2025-10-24 00:00:00;2025-10-28 00:00:00
2025-10-22 00:00:00;SO715150;C0003;CL002;960;2025-12-03 00:00:00;2025-12-12 00:00:00;2025-10-24 00:00:00;2025-11-02 00:00:00
2025-10-22 00:00:00;SO715150;C0003;CT003;1281;2025-12-03 00:00:00;2025-11-23 00:00:00;2025-10-24 00:00:00;2025-10-14 00:00:00
2025-10-22 00:00:00;SO715150;C0003;AL001;490;2025-12-03 00:00:00;2025-12-03 00:00:00;2025-10-24 00:00:00;2025-10-24 00:00:00
2025-10-22 00:00:00;SO715150;C0003;CS001;986;2025-12-03 00:00:00;2025-12-03 00:00:00;2025-10-24 00:00:00;2025-10-24 00:00:00
2025-10-22 00:00:00;SO715150;C0003;CS002;1135;2025-12-03 00:00:00;2025-11-28 00:00:00;2025-10-24 00:00:00;2025-10-19 00:00:00
2025-10-22 00:00:00;SO693536;C0004;AS002;516;2025-11-05 00:00:00;2025-10-28 00:00:00;2025-10-24 00:00:00;2025-10-16 00:00:00
2025-10-22 00:00:00;SO388435;C0006;CT001;1090;2025-12-24 00:00:00;2025-12-27 00:00:00;2025-10-24 00:00:00;2025-10-27 00:00:00
2025-10-22 00:00:00;SO388435;C0006;CL001;867;2025-12-24 00:00:00;2025-12-23 00:00:00;2025-10-24 00:00:00;2025-10-23 00:00:00
2025-10-22 00:00:00;SO715150;C0003;VS001;1134;2025-12-03 00:00:00;2025-12-02 00:00:00;2025-10-24 00:00:00;2025-10-23 00:00:00
2025-10-22 00:00:00;SO388435;C0006;CT003;1242;2025-12-24 00:00:00;2025-12-21 00:00:00;2025-10-24 00:00:00;2025-10-21 00:00:00
2025-10-22 00:00:00;SO715150;C0003;VS003;900;2025-12-03 00:00:00;2025-12-08 00:00:00;2025-10-24 00:00:00;2025-10-29 00:00:00
2025-10-23 00:00:00;SO802247;C0029;VS005;833;2025-12-18 00:00:00;2025-12-11 00:00:00;2025-10-31 00:00:00;2025-10-24 00:00:00
2025-10-23 00:00:00;SO757564;C0013;VS004;980;2025-11-20 00:00:00;2025-11-16 00:00:00;2025-10-27 00:00:00;2025-10-23 00:00:00
2025-10-23 00:00:00;SO684400;C0015;VS004;816;2025-12-04 00:00:00;2025-12-12 00:00:00;2025-10-27 00:00:00;2025-11-04 00:00:00
2025-10-23 00:00:00;SO684400;C0015;AT002;741;2025-12-04 00:00:00;2025-12-08 00:00:00;2025-10-27 00:00:00;2025-10-31 00:00:00
2025-10-23 00:00:00;SO757564;C0013;VS003;1036;2025-11-20 00:00:00;2025-11-14 00:00:00;2025-10-27 00:00:00;2025-10-21 00:00:00
2025-10-23 00:00:00;SO684400;C0015;VS005;905;2025-12-04 00:00:00;2025-12-03 00:00:00;2025-10-27 00:00:00;2025-10-26 00:00:00
2025-10-23 00:00:00;SO802247;C0029;AS001;594;2025-12-18 00:00:00;2025-12-09 00:00:00;2025-10-31 00:00:00;2025-10-22 00:00:00
2025-10-23 00:00:00;SO757564;C0013;CL001;454;2025-11-20 00:00:00;2025-11-14 00:00:00;2025-10-27 00:00:00;2025-10-21 00:00:00
2025-10-23 00:00:00;SO757564;C0013;AS001;704;2025-11-20 00:00:00;2025-11-28 00:00:00;2025-10-27 00:00:00;2025-11-04 00:00:00
2025-10-23 00:00:00;SO684400;C0015;VS003;405;2025-12-04 00:00:00;2025-12-10 00:00:00;2025-10-27 00:00:00;2025-11-02 00:00:00
2025-10-23 00:00:00;SO684400;C0015;AT001;975;2025-12-04 00:00:00;2025-12-13 00:00:00;2025-10-27 00:00:00;2025-11-05 00:00:00
2025-10-23 00:00:00;SO757564;C0013;CT002;844;2025-11-20 00:00:00;2025-11-25 00:00:00;2025-10-27 00:00:00;2025-11-01 00:00:00
2025-10-23 00:00:00;SO684400;C0015;VS002;673;2025-12-04 00:00:00;2025-12-09 00:00:00;2025-10-27 00:00:00;2025-11-01 00:00:00
2025-10-23 00:00:00;SO684400;C0015;AS001;364;2025-12-04 00:00:00;2025-12-08 00:00:00;2025-10-27 00:00:00;2025-10-31 00:00:00
2025-10-23 00:00:00;SO684400;C0015;AS002;675;2025-12-04 00:00:00;2025-12-10 00:00:00;2025-10-27 00:00:00;2025-11-02 00:00:00
2025-10-23 00:00:00;SO684400;C0015;CL002;790;2025-12-04 00:00:00;2025-12-12 00:00:00;2025-10-27 00:00:00;2025-11-04 00:00:00
2025-10-23 00:00:00;SO757564;C0013;CS002;1120;2025-11-20 00:00:00;2025-11-30 00:00:00;2025-10-27 00:00:00;2025-11-06 00:00:00
2025-10-24 00:00:00;SO126449;C0030;AL002;962;2025-12-26 00:00:00;2025-12-25 00:00:00;2025-11-01 00:00:00;2025-10-31 00:00:00
2025-10-24 00:00:00;SO320710;C0018;AS002;589;2025-12-26 00:00:00;2025-12-28 00:00:00;2025-10-28 00:00:00;2025-10-30 00:00:00
2025-10-24 00:00:00;SO564108;C0029;VS001;938;2025-12-19 00:00:00;2025-12-28 00:00:00;2025-11-01 00:00:00;2025-11-10 00:00:00
2025-10-24 00:00:00;SO823221;C0021;VS005;573;2025-11-07 00:00:00;2025-11-05 00:00:00;2025-10-28 00:00:00;2025-10-26 00:00:00
2025-10-24 00:00:00;SO320710;C0018;AL002;1053;2025-12-26 00:00:00;2025-12-28 00:00:00;2025-10-28 00:00:00;2025-10-30 00:00:00
2025-10-24 00:00:00;SO126449;C0030;VS005;706;2025-12-26 00:00:00;2025-12-29 00:00:00;2025-11-01 00:00:00;2025-11-04 00:00:00
2025-10-24 00:00:00;SO564108;C0029;AS001;1093;2025-12-19 00:00:00;2025-12-13 00:00:00;2025-11-01 00:00:00;2025-10-26 00:00:00
2025-10-24 00:00:00;SO564108;C0029;CS001;1046;2025-12-19 00:00:00;2025-12-18 00:00:00;2025-11-01 00:00:00;2025-10-31 00:00:00
2025-10-24 00:00:00;SO320710;C0018;AT001;597;2025-12-26 00:00:00;2026-01-04 00:00:00;2025-10-28 00:00:00;2025-11-06 00:00:00
2025-10-24 00:00:00;SO320710;C0018;CT003;431;2025-12-26 00:00:00;2025-12-30 00:00:00;2025-10-28 00:00:00;2025-11-01 00:00:00
2025-10-24 00:00:00;SO126449;C0030;AS005;753;2025-12-26 00:00:00;2025-12-21 00:00:00;2025-11-01 00:00:00;2025-10-27 00:00:00
2025-10-24 00:00:00;SO823221;C0021;VS004;523;2025-11-07 00:00:00;2025-10-31 00:00:00;2025-10-28 00:00:00;2025-10-21 00:00:00
2025-10-27 00:00:00;SO228029;C0012;AS005;929;2025-11-24 00:00:00;2025-11-21 00:00:00;2025-10-30 00:00:00;2025-10-27 00:00:00
2025-10-27 00:00:00;SO294154;C0020;VS003;633;2025-12-22 00:00:00;2025-12-17 00:00:00;2025-10-31 00:00:00;2025-10-26 00:00:00
2025-10-27 00:00:00;SO857146;C0027;CS003;665;2025-12-08 00:00:00;2025-12-15 00:00:00;2025-11-04 00:00:00;2025-11-11 00:00:00
2025-10-27 00:00:00;SO342861;C0021;CS003;459;2025-11-10 00:00:00;2025-10-31 00:00:00;2025-10-31 00:00:00;2025-10-21 00:00:00
2025-10-27 00:00:00;SO228029;C0012;CS001;1255;2025-11-24 00:00:00;2025-12-01 00:00:00;2025-10-30 00:00:00;2025-11-06 00:00:00
2025-10-27 00:00:00;SO342861;C0021;CL002;310;2025-11-10 00:00:00;2025-11-17 00:00:00;2025-10-31 00:00:00;2025-11-07 00:00:00
2025-10-27 00:00:00;SO342861;C0021;AS004;1057;2025-11-10 00:00:00;2025-11-18 00:00:00;2025-10-31 00:00:00;2025-11-08 00:00:00
2025-10-27 00:00:00;SO294154;C0020;CS003;703;2025-12-22 00:00:00;2025-12-21 00:00:00;2025-10-31 00:00:00;2025-10-30 00:00:00
2025-10-27 00:00:00;SO228029;C0012;CS003;918;2025-11-24 00:00:00;2025-11-28 00:00:00;2025-10-30 00:00:00;2025-11-03 00:00:00
2025-10-27 00:00:00;SO294154;C0020;CS004;465;2025-12-22 00:00:00;2025-12-26 00:00:00;2025-10-31 00:00:00;2025-11-04 00:00:00
2025-10-27 00:00:00;SO857146;C0027;VS005;772;2025-12-08 00:00:00;2025-12-17 00:00:00;2025-11-04 00:00:00;2025-11-13 00:00:00
2025-10-27 00:00:00;SO294154;C0020;AS004;1240;2025-12-22 00:00:00;2025-12-15 00:00:00;2025-10-31 00:00:00;2025-10-24 00:00:00
2025-10-27 00:00:00;SO228029;C0012;CL002;1047;2025-11-24 00:00:00;2025-11-15 00:00:00;2025-10-30 00:00:00;2025-10-21 00:00:00
2025-10-27 00:00:00;SO294154;C0020;CL002;499;2025-12-22 00:00:00;2025-12-31 00:00:00;2025-10-31 00:00:00;2025-11-09 00:00:00
2025-10-27 00:00:00;SO342861;C0021;VS004;915;2025-11-10 00:00:00;2025-11-14 00:00:00;2025-10-31 00:00:00;2025-11-04 00:00:00
2025-10-27 00:00:00;SO294154;C0020;CT003;665;2025-12-22 00:00:00;2025-12-20 00:00:00;2025-10-31 00:00:00;2025-10-29 00:00:00
2025-10-27 00:00:00;SO294154;C0020;CT002;505;2025-12-22 00:00:00;2025-12-21 00:00:00;2025-10-31 00:00:00;2025-10-30 00:00:00
2025-10-27 00:00:00;SO294154;C0020;AL002;775;2025-12-22 00:00:00;2025-12-22 00:00:00;2025-10-31 00:00:00;2025-10-31 00:00:00
2025-10-28 00:00:00;SO712966;C0019;CT002;496;2025-12-30 00:00:00;2025-12-20 00:00:00;2025-11-01 00:00:00;2025-10-22 00:00:00
2025-10-28 00:00:00;SO312416;C0003;CL001;706;2025-12-09 00:00:00;2025-12-03 00:00:00;2025-10-30 00:00:00;2025-10-24 00:00:00
2025-10-28 00:00:00;SO712966;C0019;AS002;941;2025-12-30 00:00:00;2026-01-01 00:00:00;2025-11-01 00:00:00;2025-11-03 00:00:00
2025-10-28 00:00:00;SO312416;C0003;CT003;1068;2025-12-09 00:00:00;2025-12-03 00:00:00;2025-10-30 00:00:00;2025-10-24 00:00:00
2025-10-28 00:00:00;SO712966;C0019;CS002;959;2025-12-30 00:00:00;2026-01-07 00:00:00;2025-11-01 00:00:00;2025-11-09 00:00:00
2025-10-28 00:00:00;SO712966;C0019;CL002;545;2025-12-30 00:00:00;2026-01-06 00:00:00;2025-11-01 00:00:00;2025-11-08 00:00:00
2025-10-28 00:00:00;SO312416;C0003;AS005;804;2025-12-09 00:00:00;2025-12-12 00:00:00;2025-10-30 00:00:00;2025-11-02 00:00:00
2025-10-28 00:00:00;SO312416;C0003;CS003;1069;2025-12-09 00:00:00;2025-11-29 00:00:00;2025-10-30 00:00:00;2025-10-20 00:00:00
2025-10-28 00:00:00;SO712966;C0019;VS004;903;2025-12-30 00:00:00;2025-12-29 00:00:00;2025-11-01 00:00:00;2025-10-31 00:00:00
2025-10-28 00:00:00;SO312416;C0003;AS001;1199;2025-12-09 00:00:00;2025-12-07 00:00:00;2025-10-30 00:00:00;2025-10-28 00:00:00
2025-10-28 00:00:00;SO712966;C0019;AL001;809;2025-12-30 00:00:00;2026-01-02 00:00:00;2025-11-01 00:00:00;2025-11-04 00:00:00
2025-10-28 00:00:00;SO712966;C0019;CS001;838;2025-12-30 00:00:00;2025-12-31 00:00:00;2025-11-01 00:00:00;2025-11-02 00:00:00
2025-10-28 00:00:00;SO712966;C0019;AT002;1088;2025-12-30 00:00:00;2025-12-31 00:00:00;2025-11-01 00:00:00;2025-11-02 00:00:00
2025-10-28 00:00:00;SO712966;C0019;VS005;540;2025-12-30 00:00:00;2025-12-30 00:00:00;2025-11-01 00:00:00;2025-11-01 00:00:00
2025-10-29 00:00:00;SO712253;C0018;VS003;859;2025-12-31 00:00:00;2025-12-29 00:00:00;2025-11-02 00:00:00;2025-10-31 00:00:00
2025-10-29 00:00:00;SO708316;C0024;AL002;1079;2025-11-26 00:00:00;2025-11-19 00:00:00;2025-11-02 00:00:00;2025-10-26 00:00:00
2025-10-29 00:00:00;SO101127;C0001;CS003;880;2025-11-26 00:00:00;2025-11-21 00:00:00;2025-10-31 00:00:00;2025-10-26 00:00:00
2025-10-29 00:00:00;SO708316;C0024;VS004;803;2025-11-26 00:00:00;2025-11-24 00:00:00;2025-11-02 00:00:00;2025-10-31 00:00:00
2025-10-29 00:00:00;SO101127;C0001;CS002;941;2025-11-26 00:00:00;2025-12-06 00:00:00;2025-10-31 00:00:00;2025-11-10 00:00:00
2025-10-29 00:00:00;SO712253;C0018;CT003;844;2025-12-31 00:00:00;2025-12-25 00:00:00;2025-11-02 00:00:00;2025-10-27 00:00:00
2025-10-29 00:00:00;SO101127;C0001;VS002;1013;2025-11-26 00:00:00;2025-12-03 00:00:00;2025-10-31 00:00:00;2025-11-07 00:00:00
2025-10-29 00:00:00;SO101127;C0001;CS004;839;2025-11-26 00:00:00;2025-11-28 00:00:00;2025-10-31 00:00:00;2025-11-02 00:00:00
2025-10-29 00:00:00;SO101127;C0001;AT001;650;2025-11-26 00:00:00;2025-12-01 00:00:00;2025-10-31 00:00:00;2025-11-05 00:00:00
2025-10-29 00:00:00;SO101127;C0001;CL001;506;2025-11-26 00:00:00;2025-11-19 00:00:00;2025-10-31 00:00:00;2025-10-24 00:00:00
2025-10-29 00:00:00;SO712253;C0018;CT001;838;2025-12-31 00:00:00;2025-12-22 00:00:00;2025-11-02 00:00:00;2025-10-24 00:00:00
2025-10-29 00:00:00;SO712253;C0018;CS004;887;2025-12-31 00:00:00;2026-01-10 00:00:00;2025-11-02 00:00:00;2025-11-12 00:00:00
2025-10-29 00:00:00;SO708316;C0024;AT001;985;2025-11-26 00:00:00;2025-11-24 00:00:00;2025-11-02 00:00:00;2025-10-31 00:00:00
2025-10-29 00:00:00;SO708316;C0024;CT001;561;2025-11-26 00:00:00;2025-11-19 00:00:00;2025-11-02 00:00:00;2025-10-26 00:00:00
2025-10-29 00:00:00;SO101127;C0001;VS003;873;2025-11-26 00:00:00;2025-12-06 00:00:00;2025-10-31 00:00:00;2025-11-10 00:00:00
2025-10-29 00:00:00;SO101127;C0001;CT003;1054;2025-11-26 00:00:00;2025-11-23 00:00:00;2025-10-31 00:00:00;2025-10-28 00:00:00
2025-10-29 00:00:00;SO708316;C0024;CS002;964;2025-11-26 00:00:00;2025-12-05 00:00:00;2025-11-02 00:00:00;2025-11-11 00:00:00
2025-10-29 00:00:00;SO101127;C0001;VS005;901;2025-11-26 00:00:00;2025-11-29 00:00:00;2025-10-31 00:00:00;2025-11-03 00:00:00
2025-10-29 00:00:00;SO101127;C0001;AL002;778;2025-11-26 00:00:00;2025-11-30 00:00:00;2025-10-31 00:00:00;2025-11-04 00:00:00
2025-10-30 00:00:00;SO780133;C0003;AL001;1329;2025-12-11 00:00:00;2025-12-09 00:00:00;2025-11-01 00:00:00;2025-10-30 00:00:00
2025-10-30 00:00:00;SO962136;C0022;CT001;678;2025-12-11 00:00:00;2025-12-20 00:00:00;2025-11-03 00:00:00;2025-11-12 00:00:00
2025-10-30 00:00:00;SO373038;C0019;AT002;1016;2026-01-01 00:00:00;2026-01-01 00:00:00;2025-11-03 00:00:00;2025-11-03 00:00:00
2025-10-30 00:00:00;SO646114;C0007;CL001;960;2026-01-01 00:00:00;2025-12-31 00:00:00;2025-11-02 00:00:00;2025-11-01 00:00:00
2025-10-30 00:00:00;SO646114;C0007;AS004;712;2026-01-01 00:00:00;2026-01-01 00:00:00;2025-11-02 00:00:00;2025-11-02 00:00:00
2025-10-30 00:00:00;SO373038;C0019;AL001;898;2026-01-01 00:00:00;2026-01-04 00:00:00;2025-11-03 00:00:00;2025-11-06 00:00:00
2025-10-30 00:00:00;SO962136;C0022;CS004;1220;2025-12-11 00:00:00;2025-12-01 00:00:00;2025-11-03 00:00:00;2025-10-24 00:00:00
2025-10-30 00:00:00;SO962136;C0022;VS001;446;2025-12-11 00:00:00;2025-12-17 00:00:00;2025-11-03 00:00:00;2025-11-09 00:00:00
2025-10-30 00:00:00;SO373038;C0019;VS005;574;2026-01-01 00:00:00;2025-12-30 00:00:00;2025-11-03 00:00:00;2025-11-01 00:00:00
2025-10-30 00:00:00;SO780133;C0003;AL002;664;2025-12-11 00:00:00;2025-12-10 00:00:00;2025-11-01 00:00:00;2025-10-31 00:00:00
2025-10-30 00:00:00;SO780133;C0003;CT003;679;2025-12-11 00:00:00;2025-12-10 00:00:00;2025-11-01 00:00:00;2025-10-31 00:00:00
2025-10-30 00:00:00;SO780133;C0003;AS002;1066;2025-12-11 00:00:00;2025-12-03 00:00:00;2025-11-01 00:00:00;2025-10-24 00:00:00
2025-10-31 00:00:00;SO448043;C0002;AS003;1202;2025-12-05 00:00:00;2025-12-02 00:00:00;2025-11-02 00:00:00;2025-10-30 00:00:00
2025-10-31 00:00:00;SO426410;C0026;AS001;777;2025-12-05 00:00:00;2025-12-09 00:00:00;2025-11-08 00:00:00;2025-11-12 00:00:00
2025-10-31 00:00:00;SO426410;C0026;AS003;857;2025-12-05 00:00:00;2025-12-01 00:00:00;2025-11-08 00:00:00;2025-11-04 00:00:00
2025-10-31 00:00:00;SO448043;C0002;AS001;1017;2025-12-05 00:00:00;2025-12-12 00:00:00;2025-11-02 00:00:00;2025-11-09 00:00:00
2025-10-31 00:00:00;SO426410;C0026;VS005;579;2025-12-05 00:00:00;2025-12-01 00:00:00;2025-11-08 00:00:00;2025-11-04 00:00:00
2025-10-31 00:00:00;SO448043;C0002;AT002;915;2025-12-05 00:00:00;2025-12-04 00:00:00;2025-11-02 00:00:00;2025-11-01 00:00:00
2025-10-31 00:00:00;SO426410;C0026;CS004;497;2025-12-05 00:00:00;2025-11-29 00:00:00;2025-11-08 00:00:00;2025-11-02 00:00:00
2025-10-31 00:00:00;SO448043;C0002;CT002;1164;2025-12-05 00:00:00;2025-12-14 00:00:00;2025-11-02 00:00:00;2025-11-11 00:00:00
2025-10-31 00:00:00;SO448043;C0002;CS004;374;2025-12-05 00:00:00;2025-12-15 00:00:00;2025-11-02 00:00:00;2025-11-12 00:00:00
2025-10-31 00:00:00;SO426410;C0026;CT001;433;2025-12-05 00:00:00;2025-11-29 00:00:00;2025-11-08 00:00:00;2025-11-02 00:00:00
2025-10-31 00:00:00;SO426410;C0026;VS004;448;2025-12-05 00:00:00;2025-12-10 00:00:00;2025-11-08 00:00:00;2025-11-13 00:00:00
2025-10-31 00:00:00;SO448043;C0002;AT001;1076;2025-12-05 00:00:00;2025-11-29 00:00:00;2025-11-02 00:00:00;2025-10-27 00:00:00
2025-10-31 00:00:00;SO426410;C0026;AT001;1383;2025-12-05 00:00:00;2025-12-12 00:00:00;2025-11-08 00:00:00;2025-11-15 00:00:00
2025-10-31 00:00:00;SO448043;C0002;CT003;1206;2025-12-05 00:00:00;2025-12-05 00:00:00;2025-11-02 00:00:00;2025-11-02 00:00:00
2025-10-31 00:00:00;SO448043;C0002;AS002;532;2025-12-05 00:00:00;2025-12-08 00:00:00;2025-11-02 00:00:00;2025-11-05 00:00:00
2025-10-31 00:00:00;SO448043;C0002;CS002;480;2025-12-05 00:00:00;2025-11-30 00:00:00;2025-11-02 00:00:00;2025-10-28 00:00:00
2025-10-31 00:00:00;SO448043;C0002;CL001;492;2025-12-05 00:00:00;2025-12-01 00:00:00;2025-11-02 00:00:00;2025-10-29 00:00:00
2025-11-03 00:00:00;SO360392;C0020;CL001;711;2025-12-29 00:00:00;2026-01-02 00:00:00;2025-11-07 00:00:00;2025-11-11 00:00:00
2025-11-03 00:00:00;SO189051;C0018;VS003;710;2026-01-05 00:00:00;2025-12-28 00:00:00;2025-11-07 00:00:00;2025-10-30 00:00:00
2025-11-03 00:00:00;SO845786;C0029;CL002;548;2025-12-29 00:00:00;2025-12-27 00:00:00;2025-11-11 00:00:00;2025-11-09 00:00:00
2025-11-03 00:00:00;SO189051;C0018;AL001;663;2026-01-05 00:00:00;2025-12-28 00:00:00;2025-11-07 00:00:00;2025-10-30 00:00:00
2025-11-03 00:00:00;SO360392;C0020;AS004;896;2025-12-29 00:00:00;2026-01-06 00:00:00;2025-11-07 00:00:00;2025-11-15 00:00:00
2025-11-03 00:00:00;SO360392;C0020;AT002;990;2025-12-29 00:00:00;2025-12-23 00:00:00;2025-11-07 00:00:00;2025-11-01 00:00:00
2025-11-03 00:00:00;SO360392;C0020;CS004;601;2025-12-29 00:00:00;2026-01-04 00:00:00;2025-11-07 00:00:00;2025-11-13 00:00:00
2025-11-03 00:00:00;SO360392;C0020;AL002;438;2025-12-29 00:00:00;2025-12-23 00:00:00;2025-11-07 00:00:00;2025-11-01 00:00:00
2025-11-03 00:00:00;SO845786;C0029;AS001;546;2025-12-29 00:00:00;2026-01-08 00:00:00;2025-11-11 00:00:00;2025-11-21 00:00:00
2025-11-03 00:00:00;SO189051;C0018;CS003;420;2026-01-05 00:00:00;2025-12-29 00:00:00;2025-11-07 00:00:00;2025-10-31 00:00:00
2025-11-03 00:00:00;SO189051;C0018;CS004;690;2026-01-05 00:00:00;2025-12-28 00:00:00;2025-11-07 00:00:00;2025-10-30 00:00:00
2025-11-03 00:00:00;SO360392;C0020;AS005;985;2025-12-29 00:00:00;2025-12-23 00:00:00;2025-11-07 00:00:00;2025-11-01 00:00:00
2025-11-03 00:00:00;SO845786;C0029;AS003;792;2025-12-29 00:00:00;2025-12-29 00:00:00;2025-11-11 00:00:00;2025-11-11 00:00:00
2025-11-03 00:00:00;SO189051;C0018;CT001;1257;2026-01-05 00:00:00;2026-01-04 00:00:00;2025-11-07 00:00:00;2025-11-06 00:00:00
2025-11-03 00:00:00;SO360392;C0020;VS003;934;2025-12-29 00:00:00;2026-01-08 00:00:00;2025-11-07 00:00:00;2025-11-17 00:00:00
2025-11-03 00:00:00;SO189051;C0018;AS003;603;2026-01-05 00:00:00;2026-01-08 00:00:00;2025-11-07 00:00:00;2025-11-10 00:00:00
2025-11-03 00:00:00;SO360392;C0020;VS004;610;2025-12-29 00:00:00;2026-01-01 00:00:00;2025-11-07 00:00:00;2025-11-10 00:00:00
2025-11-04 00:00:00;SO167464;C0013;VS004;832;2025-12-02 00:00:00;2025-12-09 00:00:00;2025-11-08 00:00:00;2025-11-15 00:00:00
2025-11-04 00:00:00;SO944667;C0015;CS001;865;2025-12-16 00:00:00;2025-12-09 00:00:00;2025-11-08 00:00:00;2025-11-01 00:00:00
2025-11-04 00:00:00;SO449908;C0020;AS003;935;2025-12-30 00:00:00;2026-01-03 00:00:00;2025-11-08 00:00:00;2025-11-12 00:00:00
2025-11-04 00:00:00;SO167464;C0013;AS001;1072;2025-12-02 00:00:00;2025-12-10 00:00:00;2025-11-08 00:00:00;2025-11-16 00:00:00
2025-11-04 00:00:00;SO449908;C0020;CS004;962;2025-12-30 00:00:00;2025-12-26 00:00:00;2025-11-08 00:00:00;2025-11-04 00:00:00
2025-11-04 00:00:00;SO944667;C0015;CS002;403;2025-12-16 00:00:00;2025-12-24 00:00:00;2025-11-08 00:00:00;2025-11-16 00:00:00
2025-11-04 00:00:00;SO944667;C0015;AL001;972;2025-12-16 00:00:00;2025-12-11 00:00:00;2025-11-08 00:00:00;2025-11-03 00:00:00
2025-11-04 00:00:00;SO167464;C0013;CS003;757;2025-12-02 00:00:00;2025-11-29 00:00:00;2025-11-08 00:00:00;2025-11-05 00:00:00
2025-11-04 00:00:00;SO944667;C0015;CT001;888;2025-12-16 00:00:00;2025-12-11 00:00:00;2025-11-08 00:00:00;2025-11-03 00:00:00
2025-11-04 00:00:00;SO944667;C0015;CS004;1337;2025-12-16 00:00:00;2025-12-13 00:00:00;2025-11-08 00:00:00;2025-11-05 00:00:00
2025-11-04 00:00:00;SO167464;C0013;CS001;1205;2025-12-02 00:00:00;2025-12-12 00:00:00;2025-11-08 00:00:00;2025-11-18 00:00:00
2025-11-04 00:00:00;SO167464;C0013;AL001;793;2025-12-02 00:00:00;2025-11-30 00:00:00;2025-11-08 00:00:00;2025-11-06 00:00:00
2025-11-04 00:00:00;SO449908;C0020;CT001;1099;2025-12-30 00:00:00;2025-12-27 00:00:00;2025-11-08 00:00:00;2025-11-05 00:00:00
2025-11-04 00:00:00;SO944667;C0015;CT003;980;2025-12-16 00:00:00;2025-12-12 00:00:00;2025-11-08 00:00:00;2025-11-04 00:00:00
2025-11-04 00:00:00;SO167464;C0013;AS005;746;2025-12-02 00:00:00;2025-11-24 00:00:00;2025-11-08 00:00:00;2025-10-31 00:00:00
2025-11-04 00:00:00;SO449908;C0020;AS002;976;2025-12-30 00:00:00;2026-01-01 00:00:00;2025-11-08 00:00:00;2025-11-10 00:00:00
2025-11-04 00:00:00;SO167464;C0013;CL001;516;2025-12-02 00:00:00;2025-12-10 00:00:00;2025-11-08 00:00:00;2025-11-16 00:00:00
2025-11-04 00:00:00;SO944667;C0015;AS003;1206;2025-12-16 00:00:00;2025-12-25 00:00:00;2025-11-08 00:00:00;2025-11-17 00:00:00
2025-11-04 00:00:00;SO944667;C0015;AS002;644;2025-12-16 00:00:00;2025-12-15 00:00:00;2025-11-08 00:00:00;2025-11-07 00:00:00
2025-11-04 00:00:00;SO449908;C0020;AL001;906;2025-12-30 00:00:00;2025-12-26 00:00:00;2025-11-08 00:00:00;2025-11-04 00:00:00
2025-11-05 00:00:00;SO691904;C0014;VS003;1001;2025-12-10 00:00:00;2025-12-17 00:00:00;2025-11-09 00:00:00;2025-11-16 00:00:00
2025-11-05 00:00:00;SO568268;C0006;AS003;1039;2026-01-07 00:00:00;2025-12-28 00:00:00;2025-11-07 00:00:00;2025-10-28 00:00:00
2025-11-05 00:00:00;SO319391;C0025;CS001;701;2025-12-03 00:00:00;2025-12-02 00:00:00;2025-11-13 00:00:00;2025-11-12 00:00:00
2025-11-05 00:00:00;SO691904;C0014;CS002;1058;2025-12-10 00:00:00;2025-12-19 00:00:00;2025-11-09 00:00:00;2025-11-18 00:00:00
2025-11-05 00:00:00;SO568268;C0006;CS001;679;2026-01-07 00:00:00;2026-01-06 00:00:00;2025-11-07 00:00:00;2025-11-06 00:00:00
2025-11-05 00:00:00;SO568268;C0006;CL002;686;2026-01-07 00:00:00;2025-12-31 00:00:00;2025-11-07 00:00:00;2025-10-31 00:00:00
2025-11-05 00:00:00;SO568268;C0006;AS002;911;2026-01-07 00:00:00;2026-01-09 00:00:00;2025-11-07 00:00:00;2025-11-09 00:00:00
2025-11-05 00:00:00;SO691904;C0014;AS003;678;2025-12-10 00:00:00;2025-11-30 00:00:00;2025-11-09 00:00:00;2025-10-30 00:00:00
2025-11-05 00:00:00;SO568268;C0006;CL001;938;2026-01-07 00:00:00;2026-01-11 00:00:00;2025-11-07 00:00:00;2025-11-11 00:00:00
2025-11-05 00:00:00;SO691904;C0014;VS005;1144;2025-12-10 00:00:00;2025-12-15 00:00:00;2025-11-09 00:00:00;2025-11-14 00:00:00
2025-11-05 00:00:00;SO568268;C0006;VS004;1023;2026-01-07 00:00:00;2026-01-13 00:00:00;2025-11-07 00:00:00;2025-11-13 00:00:00
2025-11-05 00:00:00;SO691904;C0014;CS004;472;2025-12-10 00:00:00;2025-12-02 00:00:00;2025-11-09 00:00:00;2025-11-01 00:00:00
2025-11-06 00:00:00;SO351872;C0014;CS003;510;2025-12-11 00:00:00;2025-12-11 00:00:00;2025-11-10 00:00:00;2025-11-10 00:00:00
2025-11-06 00:00:00;SO677276;C0023;VS003;1078;2025-12-11 00:00:00;2025-12-12 00:00:00;2025-11-10 00:00:00;2025-11-11 00:00:00
2025-11-06 00:00:00;SO847436;C0026;VS004;1054;2025-12-11 00:00:00;2025-12-16 00:00:00;2025-11-14 00:00:00;2025-11-19 00:00:00
2025-11-06 00:00:00;SO351872;C0014;CS004;1155;2025-12-11 00:00:00;2025-12-11 00:00:00;2025-11-10 00:00:00;2025-11-10 00:00:00
2025-11-06 00:00:00;SO351872;C0014;CS002;969;2025-12-11 00:00:00;2025-12-16 00:00:00;2025-11-10 00:00:00;2025-11-15 00:00:00
2025-11-06 00:00:00;SO351872;C0014;CL002;373;2025-12-11 00:00:00;2025-12-04 00:00:00;2025-11-10 00:00:00;2025-11-03 00:00:00
2025-11-06 00:00:00;SO677276;C0023;AS001;499;2025-12-11 00:00:00;2025-12-20 00:00:00;2025-11-10 00:00:00;2025-11-19 00:00:00
2025-11-06 00:00:00;SO677276;C0023;AL002;551;2025-12-11 00:00:00;2025-12-18 00:00:00;2025-11-10 00:00:00;2025-11-17 00:00:00
2025-11-06 00:00:00;SO847436;C0026;AS005;980;2025-12-11 00:00:00;2025-12-04 00:00:00;2025-11-14 00:00:00;2025-11-07 00:00:00
2025-11-06 00:00:00;SO847436;C0026;CS002;1110;2025-12-11 00:00:00;2025-12-10 00:00:00;2025-11-14 00:00:00;2025-11-13 00:00:00
2025-11-06 00:00:00;SO847436;C0026;AS004;465;2025-12-11 00:00:00;2025-12-14 00:00:00;2025-11-14 00:00:00;2025-11-17 00:00:00
2025-11-06 00:00:00;SO677276;C0023;AS003;951;2025-12-11 00:00:00;2025-12-07 00:00:00;2025-11-10 00:00:00;2025-11-06 00:00:00
2025-11-06 00:00:00;SO351872;C0014;CS001;1165;2025-12-11 00:00:00;2025-12-17 00:00:00;2025-11-10 00:00:00;2025-11-16 00:00:00
2025-11-06 00:00:00;SO677276;C0023;VS004;1049;2025-12-11 00:00:00;2025-12-21 00:00:00;2025-11-10 00:00:00;2025-11-20 00:00:00
2025-11-06 00:00:00;SO351872;C0014;VS003;504;2025-12-11 00:00:00;2025-12-05 00:00:00;2025-11-10 00:00:00;2025-11-04 00:00:00
2025-11-07 00:00:00;SO670725;C0017;CT001;752;2026-01-02 00:00:00;2026-01-11 00:00:00;2025-11-11 00:00:00;2025-11-20 00:00:00
2025-11-07 00:00:00;SO104761;C0027;CS004;941;2025-12-19 00:00:00;2025-12-19 00:00:00;2025-11-15 00:00:00;2025-11-15 00:00:00
2025-11-07 00:00:00;SO863684;C0004;VS004;893;2025-11-21 00:00:00;2025-11-19 00:00:00;2025-11-09 00:00:00;2025-11-07 00:00:00
2025-11-07 00:00:00;SO859638;C0014;CL001;819;2025-12-12 00:00:00;2025-12-05 00:00:00;2025-11-11 00:00:00;2025-11-04 00:00:00
2025-11-07 00:00:00;SO859638;C0014;AT002;995;2025-12-12 00:00:00;2025-12-04 00:00:00;2025-11-11 00:00:00;2025-11-03 00:00:00
2025-11-07 00:00:00;SO859638;C0014;AL001;1083;2025-12-12 00:00:00;2025-12-18 00:00:00;2025-11-11 00:00:00;2025-11-17 00:00:00
2025-11-07 00:00:00;SO104761;C0027;AS001;649;2025-12-19 00:00:00;2025-12-13 00:00:00;2025-11-15 00:00:00;2025-11-09 00:00:00
2025-11-07 00:00:00;SO859638;C0014;AS005;801;2025-12-12 00:00:00;2025-12-13 00:00:00;2025-11-11 00:00:00;2025-11-12 00:00:00
2025-11-07 00:00:00;SO104761;C0027;CT003;1227;2025-12-19 00:00:00;2025-12-23 00:00:00;2025-11-15 00:00:00;2025-11-19 00:00:00
2025-11-07 00:00:00;SO670725;C0017;CL001;553;2026-01-02 00:00:00;2026-01-02 00:00:00;2025-11-11 00:00:00;2025-11-11 00:00:00
2025-11-07 00:00:00;SO104761;C0027;AT002;650;2025-12-19 00:00:00;2025-12-11 00:00:00;2025-11-15 00:00:00;2025-11-07 00:00:00
2025-11-07 00:00:00;SO104761;C0027;AS005;941;2025-12-19 00:00:00;2025-12-20 00:00:00;2025-11-15 00:00:00;2025-11-16 00:00:00
2025-11-07 00:00:00;SO670725;C0017;AS002;1072;2026-01-02 00:00:00;2025-12-26 00:00:00;2025-11-11 00:00:00;2025-11-04 00:00:00
2025-11-07 00:00:00;SO859638;C0014;CT001;847;2025-12-12 00:00:00;2025-12-09 00:00:00;2025-11-11 00:00:00;2025-11-08 00:00:00
2025-11-07 00:00:00;SO104761;C0027;VS005;1289;2025-12-19 00:00:00;2025-12-10 00:00:00;2025-11-15 00:00:00;2025-11-06 00:00:00
2025-11-07 00:00:00;SO863684;C0004;CS004;766;2025-11-21 00:00:00;2025-11-29 00:00:00;2025-11-09 00:00:00;2025-11-17 00:00:00
2025-11-07 00:00:00;SO859638;C0014;CT002;681;2025-12-12 00:00:00;2025-12-20 00:00:00;2025-11-11 00:00:00;2025-11-19 00:00:00
2025-11-07 00:00:00;SO859638;C0014;VS005;449;2025-12-12 00:00:00;2025-12-11 00:00:00;2025-11-11 00:00:00;2025-11-10 00:00:00
2025-11-07 00:00:00;SO104761;C0027;CS002;836;2025-12-19 00:00:00;2025-12-15 00:00:00;2025-11-15 00:00:00;2025-11-11 00:00:00
2025-11-10 00:00:00;SO978505;C0005;AT002;1393;2026-01-05 00:00:00;2025-12-30 00:00:00;2025-11-12 00:00:00;2025-11-06 00:00:00
2025-11-10 00:00:00;SO282453;C0009;AS001;930;2025-11-24 00:00:00;2025-11-22 00:00:00;2025-11-13 00:00:00;2025-11-11 00:00:00
2025-11-10 00:00:00;SO354311;C0013;CT002;469;2025-12-08 00:00:00;2025-12-17 00:00:00;2025-11-14 00:00:00;2025-11-23 00:00:00
2025-11-10 00:00:00;SO282453;C0009;CT003;884;2025-11-24 00:00:00;2025-12-04 00:00:00;2025-11-13 00:00:00;2025-11-23 00:00:00
2025-11-10 00:00:00;SO978505;C0005;CL002;362;2026-01-05 00:00:00;2026-01-03 00:00:00;2025-11-12 00:00:00;2025-11-10 00:00:00
2025-11-10 00:00:00;SO978505;C0005;CS003;736;2026-01-05 00:00:00;2026-01-15 00:00:00;2025-11-12 00:00:00;2025-11-22 00:00:00
2025-11-10 00:00:00;SO354311;C0013;CS004;1038;2025-12-08 00:00:00;2025-12-12 00:00:00;2025-11-14 00:00:00;2025-11-18 00:00:00
2025-11-10 00:00:00;SO354311;C0013;AS004;680;2025-12-08 00:00:00;2025-12-05 00:00:00;2025-11-14 00:00:00;2025-11-11 00:00:00
2025-11-10 00:00:00;SO354311;C0013;AL002;576;2025-12-08 00:00:00;2025-12-06 00:00:00;2025-11-14 00:00:00;2025-11-12 00:00:00
2025-11-10 00:00:00;SO282453;C0009;AL001;415;2025-11-24 00:00:00;2025-11-16 00:00:00;2025-11-13 00:00:00;2025-11-05 00:00:00
2025-11-10 00:00:00;SO978505;C0005;CT003;653;2026-01-05 00:00:00;2026-01-13 00:00:00;2025-11-12 00:00:00;2025-11-20 00:00:00
2025-11-10 00:00:00;SO978505;C0005;CT002;712;2026-01-05 00:00:00;2025-12-28 00:00:00;2025-11-12 00:00:00;2025-11-04 00:00:00
2025-11-10 00:00:00;SO282453;C0009;AL002;482;2025-11-24 00:00:00;2025-11-25 00:00:00;2025-11-13 00:00:00;2025-11-14 00:00:00
2025-11-10 00:00:00;SO282453;C0009;CL002;758;2025-11-24 00:00:00;2025-11-22 00:00:00;2025-11-13 00:00:00;2025-11-11 00:00:00
2025-11-10 00:00:00;SO354311;C0013;CL001;469;2025-12-08 00:00:00;2025-12-07 00:00:00;2025-11-14 00:00:00;2025-11-13 00:00:00
2025-11-10 00:00:00;SO354311;C0013;AS002;356;2025-12-08 00:00:00;2025-12-10 00:00:00;2025-11-14 00:00:00;2025-11-16 00:00:00
2025-11-11 00:00:00;SO799504;C0017;AS005;826;2026-01-06 00:00:00;2026-01-03 00:00:00;2025-11-15 00:00:00;2025-11-12 00:00:00
2025-11-11 00:00:00;SO849972;C0018;AL002;1359;2026-01-13 00:00:00;2026-01-23 00:00:00;2025-11-15 00:00:00;2025-11-25 00:00:00
2025-11-11 00:00:00;SO799504;C0017;CS002;977;2026-01-06 00:00:00;2026-01-09 00:00:00;2025-11-15 00:00:00;2025-11-18 00:00:00
2025-11-11 00:00:00;SO849972;C0018;AS005;981;2026-01-13 00:00:00;2026-01-09 00:00:00;2025-11-15 00:00:00;2025-11-11 00:00:00
2025-11-11 00:00:00;SO799504;C0017;CS004;869;2026-01-06 00:00:00;2025-12-29 00:00:00;2025-11-15 00:00:00;2025-11-07 00:00:00
2025-11-11 00:00:00;SO849972;C0018;CT001;793;2026-01-13 00:00:00;2026-01-19 00:00:00;2025-11-15 00:00:00;2025-11-21 00:00:00
2025-11-11 00:00:00;SO849972;C0018;CS003;469;2026-01-13 00:00:00;2026-01-05 00:00:00;2025-11-15 00:00:00;2025-11-07 00:00:00
2025-11-11 00:00:00;SO849972;C0018;CS002;1189;2026-01-13 00:00:00;2026-01-09 00:00:00;2025-11-15 00:00:00;2025-11-11 00:00:00
2025-11-11 00:00:00;SO849972;C0018;AS004;597;2026-01-13 00:00:00;2026-01-12 00:00:00;2025-11-15 00:00:00;2025-11-14 00:00:00
2025-11-11 00:00:00;SO799504;C0017;AS001;1247;2026-01-06 00:00:00;2025-12-27 00:00:00;2025-11-15 00:00:00;2025-11-05 00:00:00
2025-11-11 00:00:00;SO849972;C0018;AS001;623;2026-01-13 00:00:00;2026-01-06 00:00:00;2025-11-15 00:00:00;2025-11-08 00:00:00
2025-11-11 00:00:00;SO799504;C0017;AS004;541;2026-01-06 00:00:00;2026-01-15 00:00:00;2025-11-15 00:00:00;2025-11-24 00:00:00
2025-11-11 00:00:00;SO849972;C0018;CL001;326;2026-01-13 00:00:00;2026-01-03 00:00:00;2025-11-15 00:00:00;2025-11-05 00:00:00
2025-11-11 00:00:00;SO849972;C0018;CT002;399;2026-01-13 00:00:00;2026-01-18 00:00:00;2025-11-15 00:00:00;2025-11-20 00:00:00
2025-11-11 00:00:00;SO799504;C0017;AL002;527;2026-01-06 00:00:00;2026-01-08 00:00:00;2025-11-15 00:00:00;2025-11-17 00:00:00
2025-11-12 00:00:00;SO542510;C0002;CT003;681;2025-12-17 00:00:00;2025-12-27 00:00:00;2025-11-14 00:00:00;2025-11-24 00:00:00
2025-11-12 00:00:00;SO265853;C0016;VS003;826;2025-11-26 00:00:00;2025-11-19 00:00:00;2025-11-16 00:00:00;2025-11-09 00:00:00
2025-11-12 00:00:00;SO542510;C0002;CS001;1129;2025-12-17 00:00:00;2025-12-11 00:00:00;2025-11-14 00:00:00;2025-11-08 00:00:00
2025-11-12 00:00:00;SO542510;C0002;CS002;853;2025-12-17 00:00:00;2025-12-18 00:00:00;2025-11-14 00:00:00;2025-11-15 00:00:00
2025-11-12 00:00:00;SO265853;C0016;CT002;1272;2025-11-26 00:00:00;2025-12-06 00:00:00;2025-11-16 00:00:00;2025-11-26 00:00:00
2025-11-12 00:00:00;SO542510;C0002;CT002;874;2025-12-17 00:00:00;2025-12-10 00:00:00;2025-11-14 00:00:00;2025-11-07 00:00:00
2025-11-12 00:00:00;SO265853;C0016;VS005;775;2025-11-26 00:00:00;2025-11-30 00:00:00;2025-11-16 00:00:00;2025-11-20 00:00:00
2025-11-12 00:00:00;SO265853;C0016;CS003;1257;2025-11-26 00:00:00;2025-11-23 00:00:00;2025-11-16 00:00:00;2025-11-13 00:00:00
2025-11-12 00:00:00;SO542510;C0002;AS002;990;2025-12-17 00:00:00;2025-12-24 00:00:00;2025-11-14 00:00:00;2025-11-21 00:00:00
2025-11-12 00:00:00;SO542510;C0002;CL001;1117;2025-12-17 00:00:00;2025-12-09 00:00:00;2025-11-14 00:00:00;2025-11-06 00:00:00
2025-11-12 00:00:00;SO265853;C0016;CL001;780;2025-11-26 00:00:00;2025-11-26 00:00:00;2025-11-16 00:00:00;2025-11-16 00:00:00
2025-11-12 00:00:00;SO265853;C0016;AS004;974;2025-11-26 00:00:00;2025-11-19 00:00:00;2025-11-16 00:00:00;2025-11-09 00:00:00
2025-11-12 00:00:00;SO542510;C0002;CL002;852;2025-12-17 00:00:00;2025-12-26 00:00:00;2025-11-14 00:00:00;2025-11-23 00:00:00
2025-11-12 00:00:00;SO265853;C0016;AS001;655;2025-11-26 00:00:00;2025-11-18 00:00:00;2025-11-16 00:00:00;2025-11-08 00:00:00
2025-11-12 00:00:00;SO542510;C0002;AS004;819;2025-12-17 00:00:00;2025-12-27 00:00:00;2025-11-14 00:00:00;2025-11-24 00:00:00
2025-11-12 00:00:00;SO542510;C0002;CS003;841;2025-12-17 00:00:00;2025-12-15 00:00:00;2025-11-14 00:00:00;2025-11-12 00:00:00
2025-11-13 00:00:00;SO556778;C0017;CS003;507;2026-01-08 00:00:00;2026-01-05 00:00:00;2025-11-17 00:00:00;2025-11-14 00:00:00
2025-11-13 00:00:00;SO567711;C0026;AS003;628;2025-12-18 00:00:00;2025-12-11 00:00:00;2025-11-21 00:00:00;2025-11-14 00:00:00
2025-11-13 00:00:00;SO567711;C0026;VS003;1041;2025-12-18 00:00:00;2025-12-28 00:00:00;2025-11-21 00:00:00;2025-12-01 00:00:00
2025-11-13 00:00:00;SO556778;C0017;VS004;1154;2026-01-08 00:00:00;2025-12-31 00:00:00;2025-11-17 00:00:00;2025-11-09 00:00:00
2025-11-13 00:00:00;SO567711;C0026;CS002;1420;2025-12-18 00:00:00;2025-12-09 00:00:00;2025-11-21 00:00:00;2025-11-12 00:00:00
2025-11-13 00:00:00;SO567711;C0026;AT002;834;2025-12-18 00:00:00;2025-12-17 00:00:00;2025-11-21 00:00:00;2025-11-20 00:00:00
2025-11-13 00:00:00;SO567711;C0026;VS005;1010;2025-12-18 00:00:00;2025-12-28 00:00:00;2025-11-21 00:00:00;2025-12-01 00:00:00
2025-11-13 00:00:00;SO567711;C0026;CT002;1149;2025-12-18 00:00:00;2025-12-24 00:00:00;2025-11-21 00:00:00;2025-11-27 00:00:00
2025-11-13 00:00:00;SO567711;C0026;CS003;1059;2025-12-18 00:00:00;2025-12-13 00:00:00;2025-11-21 00:00:00;2025-11-16 00:00:00
2025-11-13 00:00:00;SO556778;C0017;AL001;652;2026-01-08 00:00:00;2025-12-29 00:00:00;2025-11-17 00:00:00;2025-11-07 00:00:00
2025-11-13 00:00:00;SO567711;C0026;CS001;619;2025-12-18 00:00:00;2025-12-08 00:00:00;2025-11-21 00:00:00;2025-11-11 00:00:00
2025-11-13 00:00:00;SO567711;C0026;CT001;782;2025-12-18 00:00:00;2025-12-11 00:00:00;2025-11-21 00:00:00;2025-11-14 00:00:00
2025-11-13 00:00:00;SO567711;C0026;VS004;1053;2025-12-18 00:00:00;2025-12-27 00:00:00;2025-11-21 00:00:00;2025-11-30 00:00:00
2025-11-13 00:00:00;SO556778;C0017;CL001;1044;2026-01-08 00:00:00;2026-01-08 00:00:00;2025-11-17 00:00:00;2025-11-17 00:00:00
2025-11-13 00:00:00;SO556778;C0017;CT003;765;2026-01-08 00:00:00;2026-01-16 00:00:00;2025-11-17 00:00:00;2025-11-25 00:00:00
2025-11-13 00:00:00;SO567711;C0026;AS004;261;2025-12-18 00:00:00;2025-12-21 00:00:00;2025-11-21 00:00:00;2025-11-24 00:00:00
2025-11-13 00:00:00;SO556778;C0017;AS002;374;2026-01-08 00:00:00;2026-01-09 00:00:00;2025-11-17 00:00:00;2025-11-18 00:00:00
2025-11-14 00:00:00;SO425848;C0014;AT002;964;2025-12-19 00:00:00;2025-12-24 00:00:00;2025-11-18 00:00:00;2025-11-23 00:00:00
2025-11-14 00:00:00;SO681172;C0015;AS003;1006;2025-12-26 00:00:00;2025-12-27 00:00:00;2025-11-18 00:00:00;2025-11-19 00:00:00
2025-11-14 00:00:00;SO475214;C0016;CS001;587;2025-11-28 00:00:00;2025-11-30 00:00:00;2025-11-18 00:00:00;2025-11-20 00:00:00
2025-11-14 00:00:00;SO976615;C0026;CL001;1067;2025-12-19 00:00:00;2025-12-14 00:00:00;2025-11-22 00:00:00;2025-11-17 00:00:00
2025-11-14 00:00:00;SO425848;C0014;CL001;364;2025-12-19 00:00:00;2025-12-15 00:00:00;2025-11-18 00:00:00;2025-11-14 00:00:00
2025-11-14 00:00:00;SO425848;C0014;CT003;945;2025-12-19 00:00:00;2025-12-13 00:00:00;2025-11-18 00:00:00;2025-11-12 00:00:00
2025-11-14 00:00:00;SO681172;C0015;CT001;936;2025-12-26 00:00:00;2025-12-19 00:00:00;2025-11-18 00:00:00;2025-11-11 00:00:00
2025-11-14 00:00:00;SO681172;C0015;CT003;811;2025-12-26 00:00:00;2025-12-28 00:00:00;2025-11-18 00:00:00;2025-11-20 00:00:00
2025-11-14 00:00:00;SO425848;C0014;VS005;908;2025-12-19 00:00:00;2025-12-26 00:00:00;2025-11-18 00:00:00;2025-11-25 00:00:00
2025-11-14 00:00:00;SO475214;C0016;AS001;518;2025-11-28 00:00:00;2025-12-04 00:00:00;2025-11-18 00:00:00;2025-11-24 00:00:00
2025-11-14 00:00:00;SO681172;C0015;VS003;720;2025-12-26 00:00:00;2025-12-25 00:00:00;2025-11-18 00:00:00;2025-11-17 00:00:00
2025-11-14 00:00:00;SO425848;C0014;AS003;1212;2025-12-19 00:00:00;2025-12-09 00:00:00;2025-11-18 00:00:00;2025-11-08 00:00:00
2025-11-17 00:00:00;SO308458;C0028;AL001;1049;2025-12-01 00:00:00;2025-12-09 00:00:00;2025-11-25 00:00:00;2025-12-03 00:00:00
2025-11-17 00:00:00;SO613855;C0018;AS002;1154;2026-01-19 00:00:00;2026-01-13 00:00:00;2025-11-21 00:00:00;2025-11-15 00:00:00
2025-11-17 00:00:00;SO203606;C0006;AS001;873;2026-01-19 00:00:00;2026-01-23 00:00:00;2025-11-19 00:00:00;2025-11-23 00:00:00
2025-11-17 00:00:00;SO203606;C0006;AL002;1272;2026-01-19 00:00:00;2026-01-12 00:00:00;2025-11-19 00:00:00;2025-11-12 00:00:00
2025-11-17 00:00:00;SO613855;C0018;AS004;763;2026-01-19 00:00:00;2026-01-21 00:00:00;2025-11-21 00:00:00;2025-11-23 00:00:00
2025-11-17 00:00:00;SO203606;C0006;VS003;460;2026-01-19 00:00:00;2026-01-22 00:00:00;2025-11-19 00:00:00;2025-11-22 00:00:00
2025-11-17 00:00:00;SO308458;C0028;AS005;740;2025-12-01 00:00:00;2025-12-03 00:00:00;2025-11-25 00:00:00;2025-11-27 00:00:00
2025-11-17 00:00:00;SO613855;C0018;VS003;1066;2026-01-19 00:00:00;2026-01-12 00:00:00;2025-11-21 00:00:00;2025-11-14 00:00:00
2025-11-17 00:00:00;SO613855;C0018;AL002;831;2026-01-19 00:00:00;2026-01-20 00:00:00;2025-11-21 00:00:00;2025-11-22 00:00:00
2025-11-17 00:00:00;SO308458;C0028;CL001;762;2025-12-01 00:00:00;2025-11-30 00:00:00;2025-11-25 00:00:00;2025-11-24 00:00:00
2025-11-17 00:00:00;SO613855;C0018;AL001;858;2026-01-19 00:00:00;2026-01-10 00:00:00;2025-11-21 00:00:00;2025-11-12 00:00:00
2025-11-17 00:00:00;SO613855;C0018;CL001;1308;2026-01-19 00:00:00;2026-01-28 00:00:00;2025-11-21 00:00:00;2025-11-30 00:00:00
2025-11-17 00:00:00;SO203606;C0006;CS003;870;2026-01-19 00:00:00;2026-01-16 00:00:00;2025-11-19 00:00:00;2025-11-16 00:00:00
2025-11-17 00:00:00;SO613855;C0018;CS003;1046;2026-01-19 00:00:00;2026-01-13 00:00:00;2025-11-21 00:00:00;2025-11-15 00:00:00
2025-11-17 00:00:00;SO613855;C0018;VS004;914;2026-01-19 00:00:00;2026-01-25 00:00:00;2025-11-21 00:00:00;2025-11-27 00:00:00
2025-11-17 00:00:00;SO613855;C0018;AS001;873;2026-01-19 00:00:00;2026-01-15 00:00:00;2025-11-21 00:00:00;2025-11-17 00:00:00
2025-11-17 00:00:00;SO203606;C0006;AT002;806;2026-01-19 00:00:00;2026-01-13 00:00:00;2025-11-19 00:00:00;2025-11-13 00:00:00
2025-11-17 00:00:00;SO308458;C0028;CL002;1359;2025-12-01 00:00:00;2025-12-02 00:00:00;2025-11-25 00:00:00;2025-11-26 00:00:00
2025-11-18 00:00:00;SO582248;C0006;CL001;838;2026-01-20 00:00:00;2026-01-27 00:00:00;2025-11-20 00:00:00;2025-11-27 00:00:00
2025-11-18 00:00:00;SO613069;C0030;CT002;435;2026-01-20 00:00:00;2026-01-23 00:00:00;2025-11-26 00:00:00;2025-11-29 00:00:00
2025-11-18 00:00:00;SO296383;C0029;AS003;518;2026-01-13 00:00:00;2026-01-04 00:00:00;2025-11-26 00:00:00;2025-11-17 00:00:00
2025-11-18 00:00:00;SO513206;C0012;CS001;760;2025-12-16 00:00:00;2025-12-26 00:00:00;2025-11-21 00:00:00;2025-12-01 00:00:00
2025-11-18 00:00:00;SO613069;C0030;AS004;819;2026-01-20 00:00:00;2026-01-27 00:00:00;2025-11-26 00:00:00;2025-12-03 00:00:00
2025-11-18 00:00:00;SO513206;C0012;CT001;811;2025-12-16 00:00:00;2025-12-07 00:00:00;2025-11-21 00:00:00;2025-11-12 00:00:00
2025-11-18 00:00:00;SO296383;C0029;CL002;655;2026-01-13 00:00:00;2026-01-21 00:00:00;2025-11-26 00:00:00;2025-12-04 00:00:00
2025-11-18 00:00:00;SO513206;C0012;CS004;799;2025-12-16 00:00:00;2025-12-19 00:00:00;2025-11-21 00:00:00;2025-11-24 00:00:00
2025-11-18 00:00:00;SO513206;C0012;VS005;643;2025-12-16 00:00:00;2025-12-18 00:00:00;2025-11-21 00:00:00;2025-11-23 00:00:00
2025-11-18 00:00:00;SO296383;C0029;VS003;1124;2026-01-13 00:00:00;2026-01-20 00:00:00;2025-11-26 00:00:00;2025-12-03 00:00:00
2025-11-18 00:00:00;SO582248;C0006;CL002;348;2026-01-20 00:00:00;2026-01-27 00:00:00;2025-11-20 00:00:00;2025-11-27 00:00:00
2025-11-18 00:00:00;SO296383;C0029;AS001;453;2026-01-13 00:00:00;2026-01-19 00:00:00;2025-11-26 00:00:00;2025-12-02 00:00:00
2025-11-18 00:00:00;SO582248;C0006;CT002;1021;2026-01-20 00:00:00;2026-01-21 00:00:00;2025-11-20 00:00:00;2025-11-21 00:00:00
2025-11-18 00:00:00;SO296383;C0029;VS005;1016;2026-01-13 00:00:00;2026-01-06 00:00:00;2025-11-26 00:00:00;2025-11-19 00:00:00
2025-11-18 00:00:00;SO582248;C0006;AS001;1054;2026-01-20 00:00:00;2026-01-25 00:00:00;2025-11-20 00:00:00;2025-11-25 00:00:00
2025-11-18 00:00:00;SO513206;C0012;VS003;997;2025-12-16 00:00:00;2025-12-20 00:00:00;2025-11-21 00:00:00;2025-11-25 00:00:00
2025-11-18 00:00:00;SO613069;C0030;AS005;751;2026-01-20 00:00:00;2026-01-24 00:00:00;2025-11-26 00:00:00;2025-11-30 00:00:00
2025-11-18 00:00:00;SO582248;C0006;VS005;838;2026-01-20 00:00:00;2026-01-21 00:00:00;2025-11-20 00:00:00;2025-11-21 00:00:00
2025-11-18 00:00:00;SO613069;C0030;AL002;724;2026-01-20 00:00:00;2026-01-18 00:00:00;2025-11-26 00:00:00;2025-11-24 00:00:00
2025-11-18 00:00:00;SO582248;C0006;AL001;783;2026-01-20 00:00:00;2026-01-16 00:00:00;2025-11-20 00:00:00;2025-11-16 00:00:00
2025-11-19 00:00:00;SO490412;C0014;AT002;1145;2025-12-24 00:00:00;2025-12-20 00:00:00;2025-11-23 00:00:00;2025-11-19 00:00:00
2025-11-19 00:00:00;SO196361;C0017;AS002;571;2026-01-14 00:00:00;2026-01-10 00:00:00;2025-11-23 00:00:00;2025-11-19 00:00:00
2025-11-19 00:00:00;SO196361;C0017;AS004;772;2026-01-14 00:00:00;2026-01-17 00:00:00;2025-11-23 00:00:00;2025-11-26 00:00:00
2025-11-19 00:00:00;SO196361;C0017;VS005;613;2026-01-14 00:00:00;2026-01-06 00:00:00;2025-11-23 00:00:00;2025-11-15 00:00:00
2025-11-19 00:00:00;SO490412;C0014;VS004;910;2025-12-24 00:00:00;2025-12-27 00:00:00;2025-11-23 00:00:00;2025-11-26 00:00:00
2025-11-19 00:00:00;SO490412;C0014;AL001;632;2025-12-24 00:00:00;2025-12-17 00:00:00;2025-11-23 00:00:00;2025-11-16 00:00:00
2025-11-19 00:00:00;SO490412;C0014;CS001;873;2025-12-24 00:00:00;2026-01-03 00:00:00;2025-11-23 00:00:00;2025-12-03 00:00:00
2025-11-19 00:00:00;SO490412;C0014;AS002;613;2025-12-24 00:00:00;2025-12-15 00:00:00;2025-11-23 00:00:00;2025-11-14 00:00:00
2025-11-19 00:00:00;SO196361;C0017;CS003;1186;2026-01-14 00:00:00;2026-01-20 00:00:00;2025-11-23 00:00:00;2025-11-29 00:00:00
2025-11-19 00:00:00;SO196361;C0017;AL001;939;2026-01-14 00:00:00;2026-01-21 00:00:00;2025-11-23 00:00:00;2025-11-30 00:00:00
2025-11-19 00:00:00;SO490412;C0014;VS005;727;2025-12-24 00:00:00;2025-12-19 00:00:00;2025-11-23 00:00:00;2025-11-18 00:00:00
2025-11-19 00:00:00;SO490412;C0014;AS004;737;2025-12-24 00:00:00;2025-12-16 00:00:00;2025-11-23 00:00:00;2025-11-15 00:00:00
2025-11-19 00:00:00;SO490412;C0014;AS003;618;2025-12-24 00:00:00;2026-01-02 00:00:00;2025-11-23 00:00:00;2025-12-02 00:00:00
2025-11-19 00:00:00;SO490412;C0014;AS001;292;2025-12-24 00:00:00;2025-12-24 00:00:00;2025-11-23 00:00:00;2025-11-23 00:00:00
2025-11-19 00:00:00;SO490412;C0014;CT001;527;2025-12-24 00:00:00;2025-12-22 00:00:00;2025-11-23 00:00:00;2025-11-21 00:00:00
2025-11-19 00:00:00;SO196361;C0017;AS001;1134;2026-01-14 00:00:00;2026-01-19 00:00:00;2025-11-23 00:00:00;2025-11-28 00:00:00
2025-11-19 00:00:00;SO490412;C0014;CL001;658;2025-12-24 00:00:00;2025-12-18 00:00:00;2025-11-23 00:00:00;2025-11-17 00:00:00
2025-11-20 00:00:00;SO972518;C0003;AS003;985;2026-01-01 00:00:00;2025-12-29 00:00:00;2025-11-22 00:00:00;2025-11-19 00:00:00
2025-11-20 00:00:00;SO748707;C0018;CL002;839;2026-01-22 00:00:00;2026-01-19 00:00:00;2025-11-24 00:00:00;2025-11-21 00:00:00
2025-11-20 00:00:00;SO839078;C0014;CT001;634;2025-12-25 00:00:00;2025-12-21 00:00:00;2025-11-24 00:00:00;2025-11-20 00:00:00
2025-11-20 00:00:00;SO748707;C0018;CT003;527;2026-01-22 00:00:00;2026-01-23 00:00:00;2025-11-24 00:00:00;2025-11-25 00:00:00
2025-11-20 00:00:00;SO839078;C0014;VS004;931;2025-12-25 00:00:00;2026-01-02 00:00:00;2025-11-24 00:00:00;2025-12-02 00:00:00
2025-11-20 00:00:00;SO839078;C0014;VS003;556;2025-12-25 00:00:00;2026-01-04 00:00:00;2025-11-24 00:00:00;2025-12-04 00:00:00
2025-11-20 00:00:00;SO748707;C0018;CS003;546;2026-01-22 00:00:00;2026-01-16 00:00:00;2025-11-24 00:00:00;2025-11-18 00:00:00
2025-11-20 00:00:00;SO972518;C0003;AS004;767;2026-01-01 00:00:00;2025-12-26 00:00:00;2025-11-22 00:00:00;2025-11-16 00:00:00
2025-11-20 00:00:00;SO748707;C0018;CL001;749;2026-01-22 00:00:00;2026-01-14 00:00:00;2025-11-24 00:00:00;2025-11-16 00:00:00
2025-11-20 00:00:00;SO748707;C0018;AS003;434;2026-01-22 00:00:00;2026-01-19 00:00:00;2025-11-24 00:00:00;2025-11-21 00:00:00
2025-11-20 00:00:00;SO748707;C0018;VS003;731;2026-01-22 00:00:00;2026-01-22 00:00:00;2025-11-24 00:00:00;2025-11-24 00:00:00
2025-11-20 00:00:00;SO972518;C0003;CS004;1088;2026-01-01 00:00:00;2025-12-30 00:00:00;2025-11-22 00:00:00;2025-11-20 00:00:00
2025-11-20 00:00:00;SO972518;C0003;VS003;1274;2026-01-01 00:00:00;2026-01-09 00:00:00;2025-11-22 00:00:00;2025-11-30 00:00:00
2025-11-20 00:00:00;SO972518;C0003;AL002;305;2026-01-01 00:00:00;2025-12-24 00:00:00;2025-11-22 00:00:00;2025-11-14 00:00:00
2025-11-20 00:00:00;SO748707;C0018;CS004;808;2026-01-22 00:00:00;2026-01-19 00:00:00;2025-11-24 00:00:00;2025-11-21 00:00:00
2025-11-20 00:00:00;SO748707;C0018;AS001;806;2026-01-22 00:00:00;2026-01-23 00:00:00;2025-11-24 00:00:00;2025-11-25 00:00:00
2025-11-20 00:00:00;SO748707;C0018;CT002;719;2026-01-22 00:00:00;2026-01-21 00:00:00;2025-11-24 00:00:00;2025-11-23 00:00:00
2025-11-20 00:00:00;SO839078;C0014;AS005;1256;2025-12-25 00:00:00;2025-12-20 00:00:00;2025-11-24 00:00:00;2025-11-19 00:00:00
2025-11-20 00:00:00;SO839078;C0014;CS002;630;2025-12-25 00:00:00;2025-12-20 00:00:00;2025-11-24 00:00:00;2025-11-19 00:00:00
2025-11-21 00:00:00;SO248528;C0012;VS004;485;2025-12-19 00:00:00;2025-12-10 00:00:00;2025-11-24 00:00:00;2025-11-15 00:00:00
2025-11-21 00:00:00;SO638719;C0030;AS003;526;2026-01-23 00:00:00;2026-01-17 00:00:00;2025-11-29 00:00:00;2025-11-23 00:00:00
2025-11-21 00:00:00;SO638719;C0030;VS005;639;2026-01-23 00:00:00;2026-01-14 00:00:00;2025-11-29 00:00:00;2025-11-20 00:00:00
2025-11-21 00:00:00;SO248528;C0012;VS003;1076;2025-12-19 00:00:00;2025-12-10 00:00:00;2025-11-24 00:00:00;2025-11-15 00:00:00
2025-11-21 00:00:00;SO248528;C0012;AL002;951;2025-12-19 00:00:00;2025-12-21 00:00:00;2025-11-24 00:00:00;2025-11-26 00:00:00
2025-11-21 00:00:00;SO638719;C0030;CS002;648;2026-01-23 00:00:00;2026-01-21 00:00:00;2025-11-29 00:00:00;2025-11-27 00:00:00
2025-11-21 00:00:00;SO638719;C0030;AT002;1011;2026-01-23 00:00:00;2026-01-16 00:00:00;2025-11-29 00:00:00;2025-11-22 00:00:00
2025-11-21 00:00:00;SO638719;C0030;AL002;926;2026-01-23 00:00:00;2026-01-24 00:00:00;2025-11-29 00:00:00;2025-11-30 00:00:00
2025-11-21 00:00:00;SO638719;C0030;AL001;841;2026-01-23 00:00:00;2026-02-02 00:00:00;2025-11-29 00:00:00;2025-12-09 00:00:00
2025-11-21 00:00:00;SO248528;C0012;CT003;602;2025-12-19 00:00:00;2025-12-14 00:00:00;2025-11-24 00:00:00;2025-11-19 00:00:00
2025-11-21 00:00:00;SO638719;C0030;CT002;716;2026-01-23 00:00:00;2026-01-31 00:00:00;2025-11-29 00:00:00;2025-12-07 00:00:00
2025-11-21 00:00:00;SO638719;C0030;CS001;1277;2026-01-23 00:00:00;2026-01-15 00:00:00;2025-11-29 00:00:00;2025-11-21 00:00:00
2025-11-21 00:00:00;SO248528;C0012;AS005;783;2025-12-19 00:00:00;2025-12-24 00:00:00;2025-11-24 00:00:00;2025-11-29 00:00:00
2025-11-21 00:00:00;SO248528;C0012;CS001;790;2025-12-19 00:00:00;2025-12-19 00:00:00;2025-11-24 00:00:00;2025-11-24 00:00:00
2025-11-21 00:00:00;SO248528;C0012;AS001;680;2025-12-19 00:00:00;2025-12-09 00:00:00;2025-11-24 00:00:00;2025-11-14 00:00:00
2025-11-21 00:00:00;SO638719;C0030;AS002;841;2026-01-23 00:00:00;2026-01-29 00:00:00;2025-11-29 00:00:00;2025-12-05 00:00:00
2025-11-21 00:00:00;SO638719;C0030;CS004;972;2026-01-23 00:00:00;2026-01-18 00:00:00;2025-11-29 00:00:00;2025-11-24 00:00:00
2025-11-21 00:00:00;SO638719;C0030;CT001;832;2026-01-23 00:00:00;2026-01-26 00:00:00;2025-11-29 00:00:00;2025-12-02 00:00:00
2025-11-24 00:00:00;SO842838;C0010;CL002;1192;2026-01-05 00:00:00;2026-01-12 00:00:00;2025-11-27 00:00:00;2025-12-04 00:00:00
2025-11-24 00:00:00;SO416221;C0006;CS003;455;2026-01-26 00:00:00;2026-01-27 00:00:00;2025-11-26 00:00:00;2025-11-27 00:00:00
2025-11-24 00:00:00;SO585524;C0015;CS003;257;2026-01-05 00:00:00;2026-01-01 00:00:00;2025-11-28 00:00:00;2025-11-24 00:00:00
2025-11-24 00:00:00;SO842838;C0010;AL001;936;2026-01-05 00:00:00;2026-01-12 00:00:00;2025-11-27 00:00:00;2025-12-04 00:00:00
2025-11-24 00:00:00;SO416221;C0006;VS004;532;2026-01-26 00:00:00;2026-02-03 00:00:00;2025-11-26 00:00:00;2025-12-04 00:00:00
2025-11-24 00:00:00;SO842838;C0010;AS004;1223;2026-01-05 00:00:00;2026-01-09 00:00:00;2025-11-27 00:00:00;2025-12-01 00:00:00
2025-11-24 00:00:00;SO842838;C0010;AS001;900;2026-01-05 00:00:00;2026-01-11 00:00:00;2025-11-27 00:00:00;2025-12-03 00:00:00
2025-11-24 00:00:00;SO842838;C0010;AT002;699;2026-01-05 00:00:00;2025-12-28 00:00:00;2025-11-27 00:00:00;2025-11-19 00:00:00
2025-11-24 00:00:00;SO585524;C0015;VS005;361;2026-01-05 00:00:00;2025-12-27 00:00:00;2025-11-28 00:00:00;2025-11-19 00:00:00
2025-11-24 00:00:00;SO585524;C0015;CS004;494;2026-01-05 00:00:00;2026-01-03 00:00:00;2025-11-28 00:00:00;2025-11-26 00:00:00
2025-11-24 00:00:00;SO585524;C0015;CL002;466;2026-01-05 00:00:00;2025-12-29 00:00:00;2025-11-28 00:00:00;2025-11-21 00:00:00
2025-11-24 00:00:00;SO585524;C0015;VS004;809;2026-01-05 00:00:00;2025-12-31 00:00:00;2025-11-28 00:00:00;2025-11-23 00:00:00
2025-11-24 00:00:00;SO416221;C0006;AS004;591;2026-01-26 00:00:00;2026-01-30 00:00:00;2025-11-26 00:00:00;2025-11-30 00:00:00
2025-11-24 00:00:00;SO842838;C0010;CS003;1164;2026-01-05 00:00:00;2026-01-05 00:00:00;2025-11-27 00:00:00;2025-11-27 00:00:00
2025-11-24 00:00:00;SO416221;C0006;CT001;716;2026-01-26 00:00:00;2026-01-17 00:00:00;2025-11-26 00:00:00;2025-11-17 00:00:00
2025-11-24 00:00:00;SO842838;C0010;VS004;568;2026-01-05 00:00:00;2026-01-05 00:00:00;2025-11-27 00:00:00;2025-11-27 00:00:00
2025-11-24 00:00:00;SO416221;C0006;AL002;352;2026-01-26 00:00:00;2026-01-24 00:00:00;2025-11-26 00:00:00;2025-11-24 00:00:00
2025-11-24 00:00:00;SO842838;C0010;VS005;347;2026-01-05 00:00:00;2026-01-12 00:00:00;2025-11-27 00:00:00;2025-12-04 00:00:00
2025-11-25 00:00:00;SO463219;C0008;AL001;415;2026-01-20 00:00:00;2026-01-26 00:00:00;2025-11-28 00:00:00;2025-12-04 00:00:00
2025-11-25 00:00:00;SO584751;C0017;CS001;1231;2026-01-20 00:00:00;2026-01-27 00:00:00;2025-11-29 00:00:00;2025-12-06 00:00:00
2025-11-25 00:00:00;SO584751;C0017;CS002;446;2026-01-20 00:00:00;2026-01-24 00:00:00;2025-11-29 00:00:00;2025-12-03 00:00:00
2025-11-25 00:00:00;SO463219;C0008;AS003;998;2026-01-20 00:00:00;2026-01-15 00:00:00;2025-11-28 00:00:00;2025-11-23 00:00:00
2025-11-25 00:00:00;SO584751;C0017;AT002;592;2026-01-20 00:00:00;2026-01-11 00:00:00;2025-11-29 00:00:00;2025-11-20 00:00:00
2025-11-25 00:00:00;SO584751;C0017;CL002;540;2026-01-20 00:00:00;2026-01-14 00:00:00;2025-11-29 00:00:00;2025-11-23 00:00:00
2025-11-25 00:00:00;SO584751;C0017;AL002;1057;2026-01-20 00:00:00;2026-01-14 00:00:00;2025-11-29 00:00:00;2025-11-23 00:00:00
2025-11-25 00:00:00;SO584751;C0017;VS005;869;2026-01-20 00:00:00;2026-01-24 00:00:00;2025-11-29 00:00:00;2025-12-03 00:00:00
2025-11-25 00:00:00;SO584751;C0017;CT002;755;2026-01-20 00:00:00;2026-01-21 00:00:00;2025-11-29 00:00:00;2025-11-30 00:00:00
2025-11-25 00:00:00;SO584751;C0017;AS001;808;2026-01-20 00:00:00;2026-01-10 00:00:00;2025-11-29 00:00:00;2025-11-19 00:00:00
2025-11-25 00:00:00;SO584751;C0017;AL001;1177;2026-01-20 00:00:00;2026-01-13 00:00:00;2025-11-29 00:00:00;2025-11-22 00:00:00
2025-11-25 00:00:00;SO584751;C0017;CL001;377;2026-01-20 00:00:00;2026-01-25 00:00:00;2025-11-29 00:00:00;2025-12-04 00:00:00
2025-11-25 00:00:00;SO463219;C0008;VS005;1059;2026-01-20 00:00:00;2026-01-10 00:00:00;2025-11-28 00:00:00;2025-11-18 00:00:00
2025-11-26 00:00:00;SO869725;C0022;CS001;991;2026-01-07 00:00:00;2026-01-02 00:00:00;2025-11-30 00:00:00;2025-11-25 00:00:00
2025-11-26 00:00:00;SO951886;C0025;CT001;909;2025-12-24 00:00:00;2026-01-01 00:00:00;2025-12-04 00:00:00;2025-12-12 00:00:00
2025-11-26 00:00:00;SO946876;C0008;CL002;935;2026-01-21 00:00:00;2026-01-26 00:00:00;2025-11-29 00:00:00;2025-12-04 00:00:00
2025-11-26 00:00:00;SO946876;C0008;CL001;489;2026-01-21 00:00:00;2026-01-24 00:00:00;2025-11-29 00:00:00;2025-12-02 00:00:00
2025-11-26 00:00:00;SO951886;C0025;CS002;757;2025-12-24 00:00:00;2025-12-22 00:00:00;2025-12-04 00:00:00;2025-12-02 00:00:00
2025-11-26 00:00:00;SO869725;C0022;AT002;571;2026-01-07 00:00:00;2025-12-28 00:00:00;2025-11-30 00:00:00;2025-11-20 00:00:00
2025-11-26 00:00:00;SO951886;C0025;CL002;389;2025-12-24 00:00:00;2025-12-24 00:00:00;2025-12-04 00:00:00;2025-12-04 00:00:00
2025-11-26 00:00:00;SO869725;C0022;VS003;470;2026-01-07 00:00:00;2026-01-04 00:00:00;2025-11-30 00:00:00;2025-11-27 00:00:00
2025-11-26 00:00:00;SO946876;C0008;VS005;758;2026-01-21 00:00:00;2026-01-24 00:00:00;2025-11-29 00:00:00;2025-12-02 00:00:00
2025-11-26 00:00:00;SO946876;C0008;AL002;867;2026-01-21 00:00:00;2026-01-31 00:00:00;2025-11-29 00:00:00;2025-12-09 00:00:00
2025-11-26 00:00:00;SO946876;C0008;VS004;423;2026-01-21 00:00:00;2026-01-20 00:00:00;2025-11-29 00:00:00;2025-11-28 00:00:00
2025-11-26 00:00:00;SO951886;C0025;AS004;1066;2025-12-24 00:00:00;2025-12-23 00:00:00;2025-12-04 00:00:00;2025-12-03 00:00:00
2025-11-26 00:00:00;SO869725;C0022;CT001;980;2026-01-07 00:00:00;2025-12-28 00:00:00;2025-11-30 00:00:00;2025-11-20 00:00:00
2025-11-26 00:00:00;SO869725;C0022;VS005;643;2026-01-07 00:00:00;2026-01-08 00:00:00;2025-11-30 00:00:00;2025-12-01 00:00:00
2025-11-26 00:00:00;SO951886;C0025;VS003;266;2025-12-24 00:00:00;2025-12-28 00:00:00;2025-12-04 00:00:00;2025-12-08 00:00:00
2025-11-26 00:00:00;SO951886;C0025;AS003;703;2025-12-24 00:00:00;2025-12-17 00:00:00;2025-12-04 00:00:00;2025-11-27 00:00:00
2025-11-26 00:00:00;SO951886;C0025;AS005;1077;2025-12-24 00:00:00;2025-12-29 00:00:00;2025-12-04 00:00:00;2025-12-09 00:00:00
2025-11-26 00:00:00;SO946876;C0008;CT001;749;2026-01-21 00:00:00;2026-01-12 00:00:00;2025-11-29 00:00:00;2025-11-20 00:00:00
2025-11-26 00:00:00;SO869725;C0022;AL001;806;2026-01-07 00:00:00;2026-01-02 00:00:00;2025-11-30 00:00:00;2025-11-25 00:00:00
2025-11-26 00:00:00;SO869725;C0022;CT003;482;2026-01-07 00:00:00;2026-01-12 00:00:00;2025-11-30 00:00:00;2025-12-05 00:00:00
2025-11-27 00:00:00;SO872513;C0028;CS003;858;2025-12-11 00:00:00;2025-12-07 00:00:00;2025-12-05 00:00:00;2025-12-01 00:00:00
2025-11-27 00:00:00;SO257672;C0009;AT002;965;2025-12-11 00:00:00;2025-12-17 00:00:00;2025-11-30 00:00:00;2025-12-06 00:00:00
2025-11-27 00:00:00;SO368049;C0011;CT003;900;2026-01-01 00:00:00;2025-12-28 00:00:00;2025-11-30 00:00:00;2025-11-26 00:00:00
2025-11-27 00:00:00;SO304166;C0018;AS003;992;2026-01-29 00:00:00;2026-02-02 00:00:00;2025-12-01 00:00:00;2025-12-05 00:00:00
2025-11-27 00:00:00;SO304166;C0018;CS001;760;2026-01-29 00:00:00;2026-01-29 00:00:00;2025-12-01 00:00:00;2025-12-01 00:00:00
2025-11-27 00:00:00;SO368049;C0011;CL001;814;2026-01-01 00:00:00;2026-01-08 00:00:00;2025-11-30 00:00:00;2025-12-07 00:00:00
2025-11-27 00:00:00;SO304166;C0018;AL002;1169;2026-01-29 00:00:00;2026-01-28 00:00:00;2025-12-01 00:00:00;2025-11-30 00:00:00
2025-11-27 00:00:00;SO368049;C0011;AT002;520;2026-01-01 00:00:00;2026-01-01 00:00:00;2025-11-30 00:00:00;2025-11-30 00:00:00
2025-11-27 00:00:00;SO368049;C0011;AS002;724;2026-01-01 00:00:00;2026-01-01 00:00:00;2025-11-30 00:00:00;2025-11-30 00:00:00
2025-11-27 00:00:00;SO872513;C0028;AS004;1281;2025-12-11 00:00:00;2025-12-18 00:00:00;2025-12-05 00:00:00;2025-12-12 00:00:00
2025-11-27 00:00:00;SO368049;C0011;AS004;961;2026-01-01 00:00:00;2026-01-06 00:00:00;2025-11-30 00:00:00;2025-12-05 00:00:00
2025-11-27 00:00:00;SO304166;C0018;CL001;836;2026-01-29 00:00:00;2026-01-29 00:00:00;2025-12-01 00:00:00;2025-12-01 00:00:00
2025-11-27 00:00:00;SO257672;C0009;CS002;564;2025-12-11 00:00:00;2025-12-19 00:00:00;2025-11-30 00:00:00;2025-12-08 00:00:00
2025-11-28 00:00:00;SO920329;C0021;CS002;625;2025-12-12 00:00:00;2025-12-17 00:00:00;2025-12-02 00:00:00;2025-12-07 00:00:00
2025-11-28 00:00:00;SO894513;C0004;CT002;663;2025-12-12 00:00:00;2025-12-03 00:00:00;2025-11-30 00:00:00;2025-11-21 00:00:00
2025-11-28 00:00:00;SO119364;C0025;AL001;612;2025-12-26 00:00:00;2025-12-27 00:00:00;2025-12-06 00:00:00;2025-12-07 00:00:00
2025-11-28 00:00:00;SO241479;C0007;CS002;712;2026-01-30 00:00:00;2026-01-27 00:00:00;2025-12-01 00:00:00;2025-11-28 00:00:00
2025-11-28 00:00:00;SO119364;C0025;CS003;1144;2025-12-26 00:00:00;2025-12-19 00:00:00;2025-12-06 00:00:00;2025-11-29 00:00:00
2025-11-28 00:00:00;SO241479;C0007;AS005;721;2026-01-30 00:00:00;2026-01-26 00:00:00;2025-12-01 00:00:00;2025-11-27 00:00:00
2025-11-28 00:00:00;SO894513;C0004;VS005;859;2025-12-12 00:00:00;2025-12-02 00:00:00;2025-11-30 00:00:00;2025-11-20 00:00:00
2025-11-28 00:00:00;SO894513;C0004;CT001;1110;2025-12-12 00:00:00;2025-12-21 00:00:00;2025-11-30 00:00:00;2025-12-09 00:00:00
2025-11-28 00:00:00;SO894513;C0004;CL002;979;2025-12-12 00:00:00;2025-12-21 00:00:00;2025-11-30 00:00:00;2025-12-09 00:00:00
2025-11-28 00:00:00;SO894513;C0004;CS002;398;2025-12-12 00:00:00;2025-12-12 00:00:00;2025-11-30 00:00:00;2025-11-30 00:00:00
2025-11-28 00:00:00;SO894513;C0004;CS003;1042;2025-12-12 00:00:00;2025-12-16 00:00:00;2025-11-30 00:00:00;2025-12-04 00:00:00
2025-11-28 00:00:00;SO894513;C0004;AT002;874;2025-12-12 00:00:00;2025-12-04 00:00:00;2025-11-30 00:00:00;2025-11-22 00:00:00
2025-11-28 00:00:00;SO894513;C0004;CL001;339;2025-12-12 00:00:00;2025-12-03 00:00:00;2025-11-30 00:00:00;2025-11-21 00:00:00
2025-11-28 00:00:00;SO920329;C0021;AL002;389;2025-12-12 00:00:00;2025-12-05 00:00:00;2025-12-02 00:00:00;2025-11-25 00:00:00
2025-11-28 00:00:00;SO920329;C0021;VS005;719;2025-12-12 00:00:00;2025-12-20 00:00:00;2025-12-02 00:00:00;2025-12-10 00:00:00
2025-12-01 00:00:00;SO982453;C0014;VS004;945;2026-01-05 00:00:00;2025-12-27 00:00:00;2025-12-05 00:00:00;2025-11-26 00:00:00
2025-12-01 00:00:00;SO818908;C0003;CT003;680;2026-01-12 00:00:00;2026-01-21 00:00:00;2025-12-03 00:00:00;2025-12-12 00:00:00
2025-12-01 00:00:00;SO982453;C0014;CT003;710;2026-01-05 00:00:00;2026-01-08 00:00:00;2025-12-05 00:00:00;2025-12-08 00:00:00
2025-12-01 00:00:00;SO982453;C0014;AL002;806;2026-01-05 00:00:00;2026-01-03 00:00:00;2025-12-05 00:00:00;2025-12-03 00:00:00
2025-12-01 00:00:00;SO818908;C0003;CS002;384;2026-01-12 00:00:00;2026-01-06 00:00:00;2025-12-03 00:00:00;2025-11-27 00:00:00
2025-12-01 00:00:00;SO982453;C0014;AL001;624;2026-01-05 00:00:00;2025-12-28 00:00:00;2025-12-05 00:00:00;2025-11-27 00:00:00
2025-12-01 00:00:00;SO818908;C0003;AL001;691;2026-01-12 00:00:00;2026-01-15 00:00:00;2025-12-03 00:00:00;2025-12-06 00:00:00
2025-12-01 00:00:00;SO982453;C0014;CS001;1084;2026-01-05 00:00:00;2026-01-09 00:00:00;2025-12-05 00:00:00;2025-12-09 00:00:00
2025-12-01 00:00:00;SO818908;C0003;CS001;1051;2026-01-12 00:00:00;2026-01-20 00:00:00;2025-12-03 00:00:00;2025-12-11 00:00:00
2025-12-01 00:00:00;SO818908;C0003;CL001;1258;2026-01-12 00:00:00;2026-01-16 00:00:00;2025-12-03 00:00:00;2025-12-07 00:00:00
2025-12-01 00:00:00;SO818908;C0003;AS002;788;2026-01-12 00:00:00;2026-01-08 00:00:00;2025-12-03 00:00:00;2025-11-29 00:00:00
2025-12-01 00:00:00;SO982453;C0014;CT002;492;2026-01-05 00:00:00;2026-01-14 00:00:00;2025-12-05 00:00:00;2025-12-14 00:00:00
2025-12-01 00:00:00;SO982453;C0014;CS002;1066;2026-01-05 00:00:00;2025-12-31 00:00:00;2025-12-05 00:00:00;2025-11-30 00:00:00
2025-12-01 00:00:00;SO982453;C0014;AS005;798;2026-01-05 00:00:00;2026-01-05 00:00:00;2025-12-05 00:00:00;2025-12-05 00:00:00
2025-12-02 00:00:00;SO393144;C0024;VS005;806;2025-12-30 00:00:00;2025-12-30 00:00:00;2025-12-06 00:00:00;2025-12-06 00:00:00
2025-12-02 00:00:00;SO111480;C0027;AS001;485;2026-01-13 00:00:00;2026-01-07 00:00:00;2025-12-10 00:00:00;2025-12-04 00:00:00
2025-12-02 00:00:00;SO792642;C0029;CS001;364;2026-01-27 00:00:00;2026-02-04 00:00:00;2025-12-10 00:00:00;2025-12-18 00:00:00
2025-12-02 00:00:00;SO111480;C0027;CT002;1051;2026-01-13 00:00:00;2026-01-09 00:00:00;2025-12-10 00:00:00;2025-12-06 00:00:00
2025-12-02 00:00:00;SO393144;C0024;CT002;653;2025-12-30 00:00:00;2026-01-08 00:00:00;2025-12-06 00:00:00;2025-12-15 00:00:00
2025-12-02 00:00:00;SO111480;C0027;VS004;700;2026-01-13 00:00:00;2026-01-12 00:00:00;2025-12-10 00:00:00;2025-12-09 00:00:00
2025-12-02 00:00:00;SO792642;C0029;VS005;326;2026-01-27 00:00:00;2026-01-21 00:00:00;2025-12-10 00:00:00;2025-12-04 00:00:00
2025-12-02 00:00:00;SO792642;C0029;CT003;424;2026-01-27 00:00:00;2026-02-02 00:00:00;2025-12-10 00:00:00;2025-12-16 00:00:00
2025-12-02 00:00:00;SO792642;C0029;AT002;482;2026-01-27 00:00:00;2026-01-28 00:00:00;2025-12-10 00:00:00;2025-12-11 00:00:00
2025-12-02 00:00:00;SO792642;C0029;CS002;979;2026-01-27 00:00:00;2026-01-26 00:00:00;2025-12-10 00:00:00;2025-12-09 00:00:00
2025-12-02 00:00:00;SO393144;C0024;CS004;1273;2025-12-30 00:00:00;2026-01-06 00:00:00;2025-12-06 00:00:00;2025-12-13 00:00:00
2025-12-02 00:00:00;SO393144;C0024;AT002;572;2025-12-30 00:00:00;2025-12-29 00:00:00;2025-12-06 00:00:00;2025-12-05 00:00:00
2025-12-02 00:00:00;SO111480;C0027;AT002;589;2026-01-13 00:00:00;2026-01-16 00:00:00;2025-12-10 00:00:00;2025-12-13 00:00:00
2025-12-02 00:00:00;SO792642;C0029;AS005;1026;2026-01-27 00:00:00;2026-02-03 00:00:00;2025-12-10 00:00:00;2025-12-17 00:00:00
2025-12-03 00:00:00;SO413312;C0017;AL002;887;2026-01-28 00:00:00;2026-01-21 00:00:00;2025-12-07 00:00:00;2025-11-30 00:00:00
2025-12-03 00:00:00;SO309487;C0029;AS001;1058;2026-01-28 00:00:00;2026-02-03 00:00:00;2025-12-11 00:00:00;2025-12-17 00:00:00
2025-12-03 00:00:00;SO797641;C0007;CS004;1130;2026-02-04 00:00:00;2026-02-09 00:00:00;2025-12-06 00:00:00;2025-12-11 00:00:00
2025-12-03 00:00:00;SO555957;C0020;VS004;511;2026-01-28 00:00:00;2026-01-27 00:00:00;2025-12-07 00:00:00;2025-12-06 00:00:00
2025-12-03 00:00:00;SO797641;C0007;CS002;771;2026-02-04 00:00:00;2026-02-11 00:00:00;2025-12-06 00:00:00;2025-12-13 00:00:00
2025-12-03 00:00:00;SO555957;C0020;CS001;966;2026-01-28 00:00:00;2026-01-27 00:00:00;2025-12-07 00:00:00;2025-12-06 00:00:00
2025-12-03 00:00:00;SO555957;C0020;AL002;394;2026-01-28 00:00:00;2026-01-20 00:00:00;2025-12-07 00:00:00;2025-11-29 00:00:00
2025-12-03 00:00:00;SO413312;C0017;AL001;753;2026-01-28 00:00:00;2026-02-04 00:00:00;2025-12-07 00:00:00;2025-12-14 00:00:00
2025-12-03 00:00:00;SO309487;C0029;AS004;338;2026-01-28 00:00:00;2026-01-22 00:00:00;2025-12-11 00:00:00;2025-12-05 00:00:00
2025-12-03 00:00:00;SO309487;C0029;AS002;827;2026-01-28 00:00:00;2026-01-31 00:00:00;2025-12-11 00:00:00;2025-12-14 00:00:00
2025-12-03 00:00:00;SO555957;C0020;AL001;1052;2026-01-28 00:00:00;2026-02-06 00:00:00;2025-12-07 00:00:00;2025-12-16 00:00:00
2025-12-03 00:00:00;SO309487;C0029;AT002;988;2026-01-28 00:00:00;2026-02-05 00:00:00;2025-12-11 00:00:00;2025-12-19 00:00:00
2025-12-04 00:00:00;SO554151;C0009;AS003;793;2025-12-18 00:00:00;2025-12-08 00:00:00;2025-12-07 00:00:00;2025-11-27 00:00:00
2025-12-04 00:00:00;SO933584;C0014;CL001;1069;2026-01-08 00:00:00;2026-01-12 00:00:00;2025-12-08 00:00:00;2025-12-12 00:00:00
2025-12-04 00:00:00;SO933584;C0014;CT003;873;2026-01-08 00:00:00;2025-12-31 00:00:00;2025-12-08 00:00:00;2025-11-30 00:00:00
2025-12-04 00:00:00;SO554151;C0009;AT002;1041;2025-12-18 00:00:00;2025-12-11 00:00:00;2025-12-07 00:00:00;2025-11-30 00:00:00
2025-12-04 00:00:00;SO933584;C0014;AS002;753;2026-01-08 00:00:00;2026-01-12 00:00:00;2025-12-08 00:00:00;2025-12-12 00:00:00
2025-12-04 00:00:00;SO933584;C0014;AS004;1118;2026-01-08 00:00:00;2026-01-01 00:00:00;2025-12-08 00:00:00;2025-12-01 00:00:00
2025-12-04 00:00:00;SO933584;C0014;CS002;818;2026-01-08 00:00:00;2026-01-10 00:00:00;2025-12-08 00:00:00;2025-12-10 00:00:00
2025-12-04 00:00:00;SO554151;C0009;AS004;996;2025-12-18 00:00:00;2025-12-15 00:00:00;2025-12-07 00:00:00;2025-12-04 00:00:00
2025-12-04 00:00:00;SO933584;C0014;VS004;804;2026-01-08 00:00:00;2026-01-16 00:00:00;2025-12-08 00:00:00;2025-12-16 00:00:00
2025-12-04 00:00:00;SO933584;C0014;AS003;634;2026-01-08 00:00:00;2026-01-09 00:00:00;2025-12-08 00:00:00;2025-12-09 00:00:00
2025-12-04 00:00:00;SO933584;C0014;AS005;969;2026-01-08 00:00:00;2026-01-17 00:00:00;2025-12-08 00:00:00;2025-12-17 00:00:00
2025-12-04 00:00:00;SO933584;C0014;AL001;1087;2026-01-08 00:00:00;2026-01-06 00:00:00;2025-12-08 00:00:00;2025-12-06 00:00:00
2025-12-04 00:00:00;SO933584;C0014;AT002;501;2026-01-08 00:00:00;2026-01-01 00:00:00;2025-12-08 00:00:00;2025-12-01 00:00:00
2025-12-04 00:00:00;SO554151;C0009;CS001;1191;2025-12-18 00:00:00;2025-12-22 00:00:00;2025-12-07 00:00:00;2025-12-11 00:00:00
2025-12-04 00:00:00;SO554151;C0009;VS002;1199;2025-12-18 00:00:00;2025-12-19 00:00:00;2025-12-07 00:00:00;2025-12-08 00:00:00
2025-12-04 00:00:00;SO554151;C0009;AL001;637;2025-12-18 00:00:00;2025-12-15 00:00:00;2025-12-07 00:00:00;2025-12-04 00:00:00
2025-12-04 00:00:00;SO554151;C0009;AS005;1174;2025-12-18 00:00:00;2025-12-27 00:00:00;2025-12-07 00:00:00;2025-12-16 00:00:00
2025-12-04 00:00:00;SO933584;C0014;VS002;632;2026-01-08 00:00:00;2026-01-10 00:00:00;2025-12-08 00:00:00;2025-12-10 00:00:00
2025-12-04 00:00:00;SO554151;C0009;AS002;744;2025-12-18 00:00:00;2025-12-26 00:00:00;2025-12-07 00:00:00;2025-12-15 00:00:00
2025-12-04 00:00:00;SO933584;C0014;AS001;755;2026-01-08 00:00:00;2026-01-10 00:00:00;2025-12-08 00:00:00;2025-12-10 00:00:00
2025-12-05 00:00:00;SO485568;C0005;AS004;689;2026-01-30 00:00:00;2026-02-06 00:00:00;2025-12-07 00:00:00;2025-12-14 00:00:00
2025-12-05 00:00:00;SO902951;C0007;CS004;914;2026-02-06 00:00:00;2026-01-31 00:00:00;2025-12-08 00:00:00;2025-12-02 00:00:00
2025-12-05 00:00:00;SO902951;C0007;CT002;453;2026-02-06 00:00:00;2026-02-07 00:00:00;2025-12-08 00:00:00;2025-12-09 00:00:00
2025-12-05 00:00:00;SO485568;C0005;AS002;689;2026-01-30 00:00:00;2026-02-05 00:00:00;2025-12-07 00:00:00;2025-12-13 00:00:00
2025-12-05 00:00:00;SO485568;C0005;AL002;896;2026-01-30 00:00:00;2026-01-30 00:00:00;2025-12-07 00:00:00;2025-12-07 00:00:00
2025-12-05 00:00:00;SO485568;C0005;AS001;642;2026-01-30 00:00:00;2026-01-24 00:00:00;2025-12-07 00:00:00;2025-12-01 00:00:00
2025-12-05 00:00:00;SO485568;C0005;CS001;1246;2026-01-30 00:00:00;2026-01-22 00:00:00;2025-12-07 00:00:00;2025-11-29 00:00:00
2025-12-05 00:00:00;SO902951;C0007;AS005;609;2026-02-06 00:00:00;2026-02-12 00:00:00;2025-12-08 00:00:00;2025-12-14 00:00:00
2025-12-05 00:00:00;SO485568;C0005;AL001;923;2026-01-30 00:00:00;2026-02-04 00:00:00;2025-12-07 00:00:00;2025-12-12 00:00:00
2025-12-05 00:00:00;SO902951;C0007;CT003;1092;2026-02-06 00:00:00;2026-02-12 00:00:00;2025-12-08 00:00:00;2025-12-14 00:00:00
2025-12-05 00:00:00;SO902951;C0007;CS002;1328;2026-02-06 00:00:00;2026-02-09 00:00:00;2025-12-08 00:00:00;2025-12-11 00:00:00
2025-12-05 00:00:00;SO902951;C0007;CL001;1181;2026-02-06 00:00:00;2026-01-27 00:00:00;2025-12-08 00:00:00;2025-11-28 00:00:00
2025-12-05 00:00:00;SO485568;C0005;AS005;1097;2026-01-30 00:00:00;2026-01-29 00:00:00;2025-12-07 00:00:00;2025-12-06 00:00:00
2025-12-05 00:00:00;SO485568;C0005;AS003;1156;2026-01-30 00:00:00;2026-02-03 00:00:00;2025-12-07 00:00:00;2025-12-11 00:00:00
2025-12-05 00:00:00;SO485568;C0005;AT002;551;2026-01-30 00:00:00;2026-02-07 00:00:00;2025-12-07 00:00:00;2025-12-15 00:00:00
2025-12-05 00:00:00;SO485568;C0005;VS005;507;2026-01-30 00:00:00;2026-02-01 00:00:00;2025-12-07 00:00:00;2025-12-09 00:00:00
2025-12-05 00:00:00;SO902951;C0007;VS002;476;2026-02-06 00:00:00;2026-02-09 00:00:00;2025-12-08 00:00:00;2025-12-11 00:00:00
2025-12-08 00:00:00;SO455831;C0010;CS004;1153;2026-01-19 00:00:00;2026-01-24 00:00:00;2025-12-11 00:00:00;2025-12-16 00:00:00
2025-12-08 00:00:00;SO881792;C0025;AS002;444;2026-01-05 00:00:00;2026-01-07 00:00:00;2025-12-16 00:00:00;2025-12-18 00:00:00
2025-12-08 00:00:00;SO875105;C0014;CS004;1238;2026-01-12 00:00:00;2026-01-12 00:00:00;2025-12-12 00:00:00;2025-12-12 00:00:00
2025-12-08 00:00:00;SO672626;C0018;VS004;1042;2026-02-09 00:00:00;2026-02-19 00:00:00;2025-12-12 00:00:00;2025-12-22 00:00:00
2025-12-08 00:00:00;SO875105;C0014;AS001;514;2026-01-12 00:00:00;2026-01-19 00:00:00;2025-12-12 00:00:00;2025-12-19 00:00:00
2025-12-08 00:00:00;SO881792;C0025;AT002;614;2026-01-05 00:00:00;2026-01-14 00:00:00;2025-12-16 00:00:00;2025-12-25 00:00:00
2025-12-08 00:00:00;SO881792;C0025;VS005;389;2026-01-05 00:00:00;2026-01-13 00:00:00;2025-12-16 00:00:00;2025-12-24 00:00:00
2025-12-08 00:00:00;SO455831;C0010;VS002;1056;2026-01-19 00:00:00;2026-01-09 00:00:00;2025-12-11 00:00:00;2025-12-01 00:00:00
2025-12-08 00:00:00;SO875105;C0014;VS004;596;2026-01-12 00:00:00;2026-01-19 00:00:00;2025-12-12 00:00:00;2025-12-19 00:00:00
2025-12-08 00:00:00;SO881792;C0025;AS004;875;2026-01-05 00:00:00;2026-01-09 00:00:00;2025-12-16 00:00:00;2025-12-20 00:00:00
2025-12-08 00:00:00;SO881792;C0025;CT003;344;2026-01-05 00:00:00;2026-01-15 00:00:00;2025-12-16 00:00:00;2025-12-26 00:00:00
2025-12-08 00:00:00;SO672626;C0018;AL001;675;2026-02-09 00:00:00;2026-02-15 00:00:00;2025-12-12 00:00:00;2025-12-18 00:00:00
2025-12-08 00:00:00;SO455831;C0010;VS005;283;2026-01-19 00:00:00;2026-01-11 00:00:00;2025-12-11 00:00:00;2025-12-03 00:00:00
2025-12-08 00:00:00;SO881792;C0025;AS005;1269;2026-01-05 00:00:00;2025-12-30 00:00:00;2025-12-16 00:00:00;2025-12-10 00:00:00
2025-12-09 00:00:00;SO738680;C0001;AT002;808;2026-01-06 00:00:00;2026-01-07 00:00:00;2025-12-11 00:00:00;2025-12-12 00:00:00
2025-12-09 00:00:00;SO194139;C0022;AS003;461;2026-01-20 00:00:00;2026-01-17 00:00:00;2025-12-13 00:00:00;2025-12-10 00:00:00
2025-12-09 00:00:00;SO583339;C0017;AL001;777;2026-02-03 00:00:00;2026-01-25 00:00:00;2025-12-13 00:00:00;2025-12-04 00:00:00
2025-12-09 00:00:00;SO583339;C0017;VS002;919;2026-02-03 00:00:00;2026-02-08 00:00:00;2025-12-13 00:00:00;2025-12-18 00:00:00
2025-12-09 00:00:00;SO583339;C0017;AL002;1128;2026-02-03 00:00:00;2026-02-07 00:00:00;2025-12-13 00:00:00;2025-12-17 00:00:00
2025-12-09 00:00:00;SO738680;C0001;AL002;664;2026-01-06 00:00:00;2026-01-11 00:00:00;2025-12-11 00:00:00;2025-12-16 00:00:00
2025-12-09 00:00:00;SO194139;C0022;VS004;915;2026-01-20 00:00:00;2026-01-23 00:00:00;2025-12-13 00:00:00;2025-12-16 00:00:00
2025-12-09 00:00:00;SO738680;C0001;AS002;1113;2026-01-06 00:00:00;2026-01-11 00:00:00;2025-12-11 00:00:00;2025-12-16 00:00:00
2025-12-09 00:00:00;SO583339;C0017;CT003;439;2026-02-03 00:00:00;2026-01-26 00:00:00;2025-12-13 00:00:00;2025-12-05 00:00:00
2025-12-09 00:00:00;SO738680;C0001;AS004;1109;2026-01-06 00:00:00;2026-01-16 00:00:00;2025-12-11 00:00:00;2025-12-21 00:00:00
2025-12-09 00:00:00;SO738680;C0001;CT003;834;2026-01-06 00:00:00;2025-12-30 00:00:00;2025-12-11 00:00:00;2025-12-04 00:00:00
2025-12-09 00:00:00;SO583339;C0017;AS003;998;2026-02-03 00:00:00;2026-01-31 00:00:00;2025-12-13 00:00:00;2025-12-10 00:00:00
2025-12-09 00:00:00;SO583339;C0017;VS004;1340;2026-02-03 00:00:00;2026-02-13 00:00:00;2025-12-13 00:00:00;2025-12-23 00:00:00
2025-12-09 00:00:00;SO194139;C0022;VS005;882;2026-01-20 00:00:00;2026-01-17 00:00:00;2025-12-13 00:00:00;2025-12-10 00:00:00
2025-12-09 00:00:00;SO583339;C0017;CS001;582;2026-02-03 00:00:00;2026-01-30 00:00:00;2025-12-13 00:00:00;2025-12-09 00:00:00
2025-12-09 00:00:00;SO583339;C0017;VS005;848;2026-02-03 00:00:00;2026-02-01 00:00:00;2025-12-13 00:00:00;2025-12-11 00:00:00
2025-12-09 00:00:00;SO583339;C0017;AT002;972;2026-02-03 00:00:00;2026-01-24 00:00:00;2025-12-13 00:00:00;2025-12-03 00:00:00
2025-12-09 00:00:00;SO194139;C0022;AT002;494;2026-01-20 00:00:00;2026-01-30 00:00:00;2025-12-13 00:00:00;2025-12-23 00:00:00
2025-12-09 00:00:00;SO738680;C0001;VS004;776;2026-01-06 00:00:00;2025-12-31 00:00:00;2025-12-11 00:00:00;2025-12-05 00:00:00
2025-12-10 00:00:00;SO216195;C0001;AT002;928;2026-01-07 00:00:00;2025-12-28 00:00:00;2025-12-12 00:00:00;2025-12-02 00:00:00
2025-12-10 00:00:00;SO575807;C0023;AS001;504;2026-01-14 00:00:00;2026-01-22 00:00:00;2025-12-14 00:00:00;2025-12-22 00:00:00
2025-12-10 00:00:00;SO365734;C0028;CT003;494;2025-12-24 00:00:00;2025-12-24 00:00:00;2025-12-18 00:00:00;2025-12-18 00:00:00
2025-12-10 00:00:00;SO575807;C0023;CS002;1016;2026-01-14 00:00:00;2026-01-11 00:00:00;2025-12-14 00:00:00;2025-12-11 00:00:00
2025-12-10 00:00:00;SO216195;C0001;AS003;707;2026-01-07 00:00:00;2025-12-29 00:00:00;2025-12-12 00:00:00;2025-12-03 00:00:00
2025-12-10 00:00:00;SO365734;C0028;CL001;872;2025-12-24 00:00:00;2025-12-19 00:00:00;2025-12-18 00:00:00;2025-12-13 00:00:00
2025-12-10 00:00:00;SO575807;C0023;CT003;891;2026-01-14 00:00:00;2026-01-19 00:00:00;2025-12-14 00:00:00;2025-12-19 00:00:00
2025-12-10 00:00:00;SO365734;C0028;VS005;388;2025-12-24 00:00:00;2025-12-18 00:00:00;2025-12-18 00:00:00;2025-12-12 00:00:00
2025-12-10 00:00:00;SO575807;C0023;CS001;987;2026-01-14 00:00:00;2026-01-16 00:00:00;2025-12-14 00:00:00;2025-12-16 00:00:00
2025-12-10 00:00:00;SO575807;C0023;CL001;944;2026-01-14 00:00:00;2026-01-10 00:00:00;2025-12-14 00:00:00;2025-12-10 00:00:00
2025-12-10 00:00:00;SO216195;C0001;VS002;1025;2026-01-07 00:00:00;2026-01-16 00:00:00;2025-12-12 00:00:00;2025-12-21 00:00:00
2025-12-10 00:00:00;SO365734;C0028;AL001;470;2025-12-24 00:00:00;2025-12-25 00:00:00;2025-12-18 00:00:00;2025-12-19 00:00:00
2025-12-10 00:00:00;SO575807;C0023;VS005;975;2026-01-14 00:00:00;2026-01-06 00:00:00;2025-12-14 00:00:00;2025-12-06 00:00:00
2025-12-11 00:00:00;SO116829;C0008;VS005;405;2026-02-05 00:00:00;2026-02-04 00:00:00;2025-12-14 00:00:00;2025-12-13 00:00:00
2025-12-11 00:00:00;SO414065;C0016;AS004;960;2025-12-25 00:00:00;2025-12-27 00:00:00;2025-12-15 00:00:00;2025-12-17 00:00:00
2025-12-11 00:00:00;SO116829;C0008;AS003;936;2026-02-05 00:00:00;2026-02-04 00:00:00;2025-12-14 00:00:00;2025-12-13 00:00:00
2025-12-11 00:00:00;SO414065;C0016;CS001;1025;2025-12-25 00:00:00;2025-12-30 00:00:00;2025-12-15 00:00:00;2025-12-20 00:00:00
2025-12-11 00:00:00;SO414065;C0016;AL001;944;2025-12-25 00:00:00;2026-01-03 00:00:00;2025-12-15 00:00:00;2025-12-24 00:00:00
2025-12-11 00:00:00;SO116829;C0008;AL002;1109;2026-02-05 00:00:00;2026-02-08 00:00:00;2025-12-14 00:00:00;2025-12-17 00:00:00
2025-12-11 00:00:00;SO116829;C0008;AS002;807;2026-02-05 00:00:00;2026-02-15 00:00:00;2025-12-14 00:00:00;2025-12-24 00:00:00
2025-12-11 00:00:00;SO414065;C0016;CT002;944;2025-12-25 00:00:00;2025-12-16 00:00:00;2025-12-15 00:00:00;2025-12-06 00:00:00
2025-12-11 00:00:00;SO116829;C0008;CS002;1104;2026-02-05 00:00:00;2026-02-08 00:00:00;2025-12-14 00:00:00;2025-12-17 00:00:00
2025-12-11 00:00:00;SO414065;C0016;AL002;942;2025-12-25 00:00:00;2025-12-18 00:00:00;2025-12-15 00:00:00;2025-12-08 00:00:00
2025-12-11 00:00:00;SO116829;C0008;CS001;816;2026-02-05 00:00:00;2026-02-13 00:00:00;2025-12-14 00:00:00;2025-12-22 00:00:00
2025-12-11 00:00:00;SO116829;C0008;VS002;1179;2026-02-05 00:00:00;2026-02-10 00:00:00;2025-12-14 00:00:00;2025-12-19 00:00:00
2025-12-11 00:00:00;SO116829;C0008;CT003;1265;2026-02-05 00:00:00;2026-02-12 00:00:00;2025-12-14 00:00:00;2025-12-21 00:00:00
2025-12-11 00:00:00;SO414065;C0016;VS004;415;2025-12-25 00:00:00;2025-12-15 00:00:00;2025-12-15 00:00:00;2025-12-05 00:00:00
2025-12-11 00:00:00;SO414065;C0016;AS003;514;2025-12-25 00:00:00;2026-01-01 00:00:00;2025-12-15 00:00:00;2025-12-22 00:00:00
2025-12-11 00:00:00;SO414065;C0016;AS005;589;2025-12-25 00:00:00;2025-12-26 00:00:00;2025-12-15 00:00:00;2025-12-16 00:00:00
2025-12-11 00:00:00;SO414065;C0016;VS005;817;2025-12-25 00:00:00;2025-12-20 00:00:00;2025-12-15 00:00:00;2025-12-10 00:00:00
2025-12-12 00:00:00;SO389951;C0011;VS002;1069;2026-01-16 00:00:00;2026-01-15 00:00:00;2025-12-15 00:00:00;2025-12-14 00:00:00
2025-12-12 00:00:00;SO997151;C0028;AS004;557;2025-12-26 00:00:00;2025-12-23 00:00:00;2025-12-20 00:00:00;2025-12-17 00:00:00
2025-12-12 00:00:00;SO997151;C0028;VS002;833;2025-12-26 00:00:00;2026-01-05 00:00:00;2025-12-20 00:00:00;2025-12-30 00:00:00
2025-12-12 00:00:00;SO389951;C0011;CL001;981;2026-01-16 00:00:00;2026-01-12 00:00:00;2025-12-15 00:00:00;2025-12-11 00:00:00
2025-12-12 00:00:00;SO997151;C0028;CL001;1297;2025-12-26 00:00:00;2026-01-01 00:00:00;2025-12-20 00:00:00;2025-12-26 00:00:00
2025-12-12 00:00:00;SO389951;C0011;AS004;980;2026-01-16 00:00:00;2026-01-14 00:00:00;2025-12-15 00:00:00;2025-12-13 00:00:00
2025-12-12 00:00:00;SO997151;C0028;AL001;980;2025-12-26 00:00:00;2025-12-21 00:00:00;2025-12-20 00:00:00;2025-12-15 00:00:00
2025-12-12 00:00:00;SO389951;C0011;AS001;797;2026-01-16 00:00:00;2026-01-23 00:00:00;2025-12-15 00:00:00;2025-12-22 00:00:00
2025-12-12 00:00:00;SO389951;C0011;AS005;582;2026-01-16 00:00:00;2026-01-12 00:00:00;2025-12-15 00:00:00;2025-12-11 00:00:00
2025-12-12 00:00:00;SO389951;C0011;VS005;632;2026-01-16 00:00:00;2026-01-24 00:00:00;2025-12-15 00:00:00;2025-12-23 00:00:00
2025-12-12 00:00:00;SO389951;C0011;AL002;795;2026-01-16 00:00:00;2026-01-17 00:00:00;2025-12-15 00:00:00;2025-12-16 00:00:00
2025-12-12 00:00:00;SO997151;C0028;AT002;581;2025-12-26 00:00:00;2025-12-27 00:00:00;2025-12-20 00:00:00;2025-12-21 00:00:00
2025-12-12 00:00:00;SO997151;C0028;CT003;543;2025-12-26 00:00:00;2026-01-01 00:00:00;2025-12-20 00:00:00;2025-12-26 00:00:00
2025-12-15 00:00:00;SO535370;C0022;AS004;942;2026-01-26 00:00:00;2026-01-29 00:00:00;2025-12-19 00:00:00;2025-12-22 00:00:00
2025-12-15 00:00:00;SO114822;C0019;AL002;657;2026-02-16 00:00:00;2026-02-17 00:00:00;2025-12-19 00:00:00;2025-12-20 00:00:00
2025-12-15 00:00:00;SO535370;C0022;AS005;372;2026-01-26 00:00:00;2026-01-24 00:00:00;2025-12-19 00:00:00;2025-12-17 00:00:00
2025-12-15 00:00:00;SO535370;C0022;AS001;982;2026-01-26 00:00:00;2026-01-22 00:00:00;2025-12-19 00:00:00;2025-12-15 00:00:00
2025-12-15 00:00:00;SO535370;C0022;AL001;709;2026-01-26 00:00:00;2026-01-25 00:00:00;2025-12-19 00:00:00;2025-12-18 00:00:00
2025-12-15 00:00:00;SO535370;C0022;CS002;453;2026-01-26 00:00:00;2026-02-04 00:00:00;2025-12-19 00:00:00;2025-12-28 00:00:00
2025-12-15 00:00:00;SO114822;C0019;AT002;614;2026-02-16 00:00:00;2026-02-15 00:00:00;2025-12-19 00:00:00;2025-12-18 00:00:00
2025-12-15 00:00:00;SO114822;C0019;CT003;553;2026-02-16 00:00:00;2026-02-15 00:00:00;2025-12-19 00:00:00;2025-12-18 00:00:00
2025-12-15 00:00:00;SO114822;C0019;VS002;526;2026-02-16 00:00:00;2026-02-16 00:00:00;2025-12-19 00:00:00;2025-12-19 00:00:00
2025-12-15 00:00:00;SO535370;C0022;AL002;727;2026-01-26 00:00:00;2026-01-27 00:00:00;2025-12-19 00:00:00;2025-12-20 00:00:00
2025-12-15 00:00:00;SO114822;C0019;AS003;1174;2026-02-16 00:00:00;2026-02-15 00:00:00;2025-12-19 00:00:00;2025-12-18 00:00:00
2025-12-15 00:00:00;SO114822;C0019;CT002;571;2026-02-16 00:00:00;2026-02-23 00:00:00;2025-12-19 00:00:00;2025-12-26 00:00:00
2025-12-15 00:00:00;SO535370;C0022;CS004;1084;2026-01-26 00:00:00;2026-02-05 00:00:00;2025-12-19 00:00:00;2025-12-29 00:00:00
2025-12-15 00:00:00;SO114822;C0019;AS005;424;2026-02-16 00:00:00;2026-02-11 00:00:00;2025-12-19 00:00:00;2025-12-14 00:00:00
2025-12-16 00:00:00;SO945472;C0003;CT002;923;2026-01-27 00:00:00;2026-02-06 00:00:00;2025-12-18 00:00:00;2025-12-28 00:00:00
2025-12-16 00:00:00;SO741315;C0013;AT002;699;2026-01-13 00:00:00;2026-01-21 00:00:00;2025-12-20 00:00:00;2025-12-28 00:00:00
2025-12-16 00:00:00;SO599371;C0028;CS002;323;2025-12-30 00:00:00;2025-12-26 00:00:00;2025-12-24 00:00:00;2025-12-20 00:00:00
2025-12-16 00:00:00;SO945472;C0003;AS003;781;2026-01-27 00:00:00;2026-01-26 00:00:00;2025-12-18 00:00:00;2025-12-17 00:00:00
2025-12-16 00:00:00;SO945472;C0003;CT003;394;2026-01-27 00:00:00;2026-01-24 00:00:00;2025-12-18 00:00:00;2025-12-15 00:00:00
2025-12-16 00:00:00;SO945472;C0003;VS004;1175;2026-01-27 00:00:00;2026-02-02 00:00:00;2025-12-18 00:00:00;2025-12-24 00:00:00
2025-12-16 00:00:00;SO945472;C0003;AT002;1039;2026-01-27 00:00:00;2026-01-29 00:00:00;2025-12-18 00:00:00;2025-12-20 00:00:00
2025-12-16 00:00:00;SO945472;C0003;AS002;864;2026-01-27 00:00:00;2026-02-04 00:00:00;2025-12-18 00:00:00;2025-12-26 00:00:00
2025-12-16 00:00:00;SO741315;C0013;AL001;504;2026-01-13 00:00:00;2026-01-08 00:00:00;2025-12-20 00:00:00;2025-12-15 00:00:00
2025-12-16 00:00:00;SO599371;C0028;CT002;1140;2025-12-30 00:00:00;2025-12-26 00:00:00;2025-12-24 00:00:00;2025-12-20 00:00:00
2025-12-16 00:00:00;SO741315;C0013;AS002;688;2026-01-13 00:00:00;2026-01-04 00:00:00;2025-12-20 00:00:00;2025-12-11 00:00:00
2025-12-16 00:00:00;SO741315;C0013;AL002;849;2026-01-13 00:00:00;2026-01-11 00:00:00;2025-12-20 00:00:00;2025-12-18 00:00:00
2025-12-16 00:00:00;SO741315;C0013;AS004;384;2026-01-13 00:00:00;2026-01-17 00:00:00;2025-12-20 00:00:00;2025-12-24 00:00:00
2025-12-16 00:00:00;SO599371;C0028;AS001;669;2025-12-30 00:00:00;2026-01-03 00:00:00;2025-12-24 00:00:00;2025-12-28 00:00:00
2025-12-16 00:00:00;SO945472;C0003;VS002;686;2026-01-27 00:00:00;2026-01-25 00:00:00;2025-12-18 00:00:00;2025-12-16 00:00:00
2025-12-16 00:00:00;SO945472;C0003;AS004;1235;2026-01-27 00:00:00;2026-01-27 00:00:00;2025-12-18 00:00:00;2025-12-18 00:00:00
2025-12-16 00:00:00;SO741315;C0013;CT003;1335;2026-01-13 00:00:00;2026-01-06 00:00:00;2025-12-20 00:00:00;2025-12-13 00:00:00
2025-12-17 00:00:00;SO790062;C0027;CT003;566;2026-01-28 00:00:00;2026-02-06 00:00:00;2025-12-25 00:00:00;2026-01-03 00:00:00
2025-12-17 00:00:00;SO689998;C0005;CS004;1074;2026-02-11 00:00:00;2026-02-01 00:00:00;2025-12-19 00:00:00;2025-12-09 00:00:00
2025-12-17 00:00:00;SO261831;C0011;VS004;704;2026-01-21 00:00:00;2026-01-22 00:00:00;2025-12-20 00:00:00;2025-12-21 00:00:00
2025-12-17 00:00:00;SO790062;C0027;VS002;504;2026-01-28 00:00:00;2026-02-06 00:00:00;2025-12-25 00:00:00;2026-01-03 00:00:00
2025-12-17 00:00:00;SO261831;C0011;CS002;576;2026-01-21 00:00:00;2026-01-14 00:00:00;2025-12-20 00:00:00;2025-12-13 00:00:00
2025-12-17 00:00:00;SO790062;C0027;AL002;698;2026-01-28 00:00:00;2026-02-06 00:00:00;2025-12-25 00:00:00;2026-01-03 00:00:00
2025-12-17 00:00:00;SO689998;C0005;AS002;402;2026-02-11 00:00:00;2026-02-10 00:00:00;2025-12-19 00:00:00;2025-12-18 00:00:00
2025-12-17 00:00:00;SO790062;C0027;CS001;501;2026-01-28 00:00:00;2026-01-21 00:00:00;2025-12-25 00:00:00;2025-12-18 00:00:00
2025-12-17 00:00:00;SO689998;C0005;CS002;640;2026-02-11 00:00:00;2026-02-13 00:00:00;2025-12-19 00:00:00;2025-12-21 00:00:00
2025-12-17 00:00:00;SO261831;C0011;CT002;974;2026-01-21 00:00:00;2026-01-21 00:00:00;2025-12-20 00:00:00;2025-12-20 00:00:00
2025-12-17 00:00:00;SO689998;C0005;AT002;701;2026-02-11 00:00:00;2026-02-08 00:00:00;2025-12-19 00:00:00;2025-12-16 00:00:00
2025-12-17 00:00:00;SO790062;C0027;AS001;547;2026-01-28 00:00:00;2026-01-23 00:00:00;2025-12-25 00:00:00;2025-12-20 00:00:00
2025-12-17 00:00:00;SO689998;C0005;VS004;1150;2026-02-11 00:00:00;2026-02-04 00:00:00;2025-12-19 00:00:00;2025-12-12 00:00:00
2025-12-18 00:00:00;SO665528;C0024;AL002;998;2026-01-15 00:00:00;2026-01-16 00:00:00;2025-12-22 00:00:00;2025-12-23 00:00:00
2025-12-18 00:00:00;SO860017;C0020;AT002;891;2026-02-12 00:00:00;2026-02-13 00:00:00;2025-12-22 00:00:00;2025-12-23 00:00:00
2025-12-18 00:00:00;SO132657;C0001;CS002;1108;2026-01-15 00:00:00;2026-01-24 00:00:00;2025-12-20 00:00:00;2025-12-29 00:00:00
2025-12-18 00:00:00;SO132657;C0001;AS005;649;2026-01-15 00:00:00;2026-01-17 00:00:00;2025-12-20 00:00:00;2025-12-22 00:00:00
2025-12-18 00:00:00;SO665528;C0024;CT003;760;2026-01-15 00:00:00;2026-01-14 00:00:00;2025-12-22 00:00:00;2025-12-21 00:00:00
2025-12-18 00:00:00;SO132657;C0001;CS001;986;2026-01-15 00:00:00;2026-01-19 00:00:00;2025-12-20 00:00:00;2025-12-24 00:00:00
2025-12-18 00:00:00;SO132657;C0001;AS002;908;2026-01-15 00:00:00;2026-01-08 00:00:00;2025-12-20 00:00:00;2025-12-13 00:00:00
2025-12-18 00:00:00;SO665528;C0024;VS005;977;2026-01-15 00:00:00;2026-01-13 00:00:00;2025-12-22 00:00:00;2025-12-20 00:00:00
2025-12-18 00:00:00;SO860017;C0020;CL001;977;2026-02-12 00:00:00;2026-02-15 00:00:00;2025-12-22 00:00:00;2025-12-25 00:00:00
2025-12-18 00:00:00;SO665528;C0024;CT002;465;2026-01-15 00:00:00;2026-01-15 00:00:00;2025-12-22 00:00:00;2025-12-22 00:00:00
2025-12-18 00:00:00;SO860017;C0020;AS005;710;2026-02-12 00:00:00;2026-02-15 00:00:00;2025-12-22 00:00:00;2025-12-25 00:00:00
2025-12-18 00:00:00;SO132657;C0001;VS004;740;2026-01-15 00:00:00;2026-01-19 00:00:00;2025-12-20 00:00:00;2025-12-24 00:00:00
2025-12-18 00:00:00;SO665528;C0024;AS003;760;2026-01-15 00:00:00;2026-01-19 00:00:00;2025-12-22 00:00:00;2025-12-26 00:00:00
2025-12-18 00:00:00;SO860017;C0020;CS001;642;2026-02-12 00:00:00;2026-02-06 00:00:00;2025-12-22 00:00:00;2025-12-16 00:00:00
2025-12-18 00:00:00;SO132657;C0001;AS003;475;2026-01-15 00:00:00;2026-01-20 00:00:00;2025-12-20 00:00:00;2025-12-25 00:00:00
2025-12-18 00:00:00;SO860017;C0020;CT003;676;2026-02-12 00:00:00;2026-02-03 00:00:00;2025-12-22 00:00:00;2025-12-13 00:00:00
2025-12-19 00:00:00;SO952661;C0016;CS004;510;2026-01-02 00:00:00;2026-01-08 00:00:00;2025-12-23 00:00:00;2025-12-29 00:00:00
2025-12-19 00:00:00;SO189631;C0029;CT003;433;2026-02-13 00:00:00;2026-02-16 00:00:00;2025-12-27 00:00:00;2025-12-30 00:00:00
2025-12-19 00:00:00;SO952661;C0016;AL002;700;2026-01-02 00:00:00;2026-01-12 00:00:00;2025-12-23 00:00:00;2026-01-02 00:00:00
2025-12-19 00:00:00;SO952661;C0016;AS003;1391;2026-01-02 00:00:00;2025-12-29 00:00:00;2025-12-23 00:00:00;2025-12-19 00:00:00
2025-12-19 00:00:00;SO952661;C0016;AT002;460;2026-01-02 00:00:00;2026-01-02 00:00:00;2025-12-23 00:00:00;2025-12-23 00:00:00
2025-12-19 00:00:00;SO952661;C0016;CS001;610;2026-01-02 00:00:00;2026-01-04 00:00:00;2025-12-23 00:00:00;2025-12-25 00:00:00
2025-12-19 00:00:00;SO189631;C0029;CS001;939;2026-02-13 00:00:00;2026-02-23 00:00:00;2025-12-27 00:00:00;2026-01-06 00:00:00
2025-12-19 00:00:00;SO189631;C0029;AL001;1204;2026-02-13 00:00:00;2026-02-04 00:00:00;2025-12-27 00:00:00;2025-12-18 00:00:00
2025-12-19 00:00:00;SO189631;C0029;AT002;763;2026-02-13 00:00:00;2026-02-13 00:00:00;2025-12-27 00:00:00;2025-12-27 00:00:00
2025-12-19 00:00:00;SO952661;C0016;VS005;1174;2026-01-02 00:00:00;2025-12-29 00:00:00;2025-12-23 00:00:00;2025-12-19 00:00:00
2025-12-19 00:00:00;SO952661;C0016;VS004;919;2026-01-02 00:00:00;2025-12-30 00:00:00;2025-12-23 00:00:00;2025-12-20 00:00:00
2025-12-19 00:00:00;SO952661;C0016;CT002;893;2026-01-02 00:00:00;2026-01-02 00:00:00;2025-12-23 00:00:00;2025-12-23 00:00:00
2025-12-19 00:00:00;SO189631;C0029;CL001;627;2026-02-13 00:00:00;2026-02-14 00:00:00;2025-12-27 00:00:00;2025-12-28 00:00:00
2025-12-19 00:00:00;SO189631;C0029;CS004;464;2026-02-13 00:00:00;2026-02-16 00:00:00;2025-12-27 00:00:00;2025-12-30 00:00:00
2025-12-19 00:00:00;SO952661;C0016;AS001;642;2026-01-02 00:00:00;2025-12-27 00:00:00;2025-12-23 00:00:00;2025-12-17 00:00:00
2025-12-19 00:00:00;SO189631;C0029;VS004;397;2026-02-13 00:00:00;2026-02-14 00:00:00;2025-12-27 00:00:00;2025-12-28 00:00:00
2025-12-19 00:00:00;SO952661;C0016;VS002;579;2026-01-02 00:00:00;2025-12-27 00:00:00;2025-12-23 00:00:00;2025-12-17 00:00:00
2025-12-19 00:00:00;SO189631;C0029;VS005;1076;2026-02-13 00:00:00;2026-02-20 00:00:00;2025-12-27 00:00:00;2026-01-03 00:00:00
2025-12-19 00:00:00;SO189631;C0029;VS002;1003;2026-02-13 00:00:00;2026-02-23 00:00:00;2025-12-27 00:00:00;2026-01-06 00:00:00
2025-12-22 00:00:00;SO412977;C0024;CS004;735;2026-01-19 00:00:00;2026-01-25 00:00:00;2025-12-26 00:00:00;2026-01-01 00:00:00
2025-12-22 00:00:00;SO671084;C0028;AL001;688;2026-01-05 00:00:00;2026-01-13 00:00:00;2025-12-30 00:00:00;2026-01-07 00:00:00
2025-12-22 00:00:00;SO671084;C0028;CS004;854;2026-01-05 00:00:00;2025-12-29 00:00:00;2025-12-30 00:00:00;2025-12-23 00:00:00
2025-12-22 00:00:00;SO412977;C0024;AS002;357;2026-01-19 00:00:00;2026-01-28 00:00:00;2025-12-26 00:00:00;2026-01-04 00:00:00
2025-12-22 00:00:00;SO671084;C0028;AS004;316;2026-01-05 00:00:00;2026-01-02 00:00:00;2025-12-30 00:00:00;2025-12-27 00:00:00
2025-12-22 00:00:00;SO671084;C0028;CT002;308;2026-01-05 00:00:00;2026-01-01 00:00:00;2025-12-30 00:00:00;2025-12-26 00:00:00
2025-12-22 00:00:00;SO412977;C0024;CS001;465;2026-01-19 00:00:00;2026-01-12 00:00:00;2025-12-26 00:00:00;2025-12-19 00:00:00
2025-12-22 00:00:00;SO671084;C0028;AS003;313;2026-01-05 00:00:00;2025-12-28 00:00:00;2025-12-30 00:00:00;2025-12-22 00:00:00
2025-12-22 00:00:00;SO412977;C0024;CL001;841;2026-01-19 00:00:00;2026-01-23 00:00:00;2025-12-26 00:00:00;2025-12-30 00:00:00
2025-12-22 00:00:00;SO671084;C0028;AT002;1107;2026-01-05 00:00:00;2025-12-31 00:00:00;2025-12-30 00:00:00;2025-12-25 00:00:00
2025-12-22 00:00:00;SO412977;C0024;VS002;730;2026-01-19 00:00:00;2026-01-09 00:00:00;2025-12-26 00:00:00;2025-12-16 00:00:00
2025-12-22 00:00:00;SO671084;C0028;CS001;331;2026-01-05 00:00:00;2026-01-05 00:00:00;2025-12-30 00:00:00;2025-12-30 00:00:00
2025-12-22 00:00:00;SO412977;C0024;AL001;608;2026-01-19 00:00:00;2026-01-28 00:00:00;2025-12-26 00:00:00;2026-01-04 00:00:00
2025-12-23 00:00:00;SO855039;C0005;CS002;753;2026-02-17 00:00:00;2026-02-20 00:00:00;2025-12-25 00:00:00;2025-12-28 00:00:00
2025-12-23 00:00:00;SO344882;C0019;AL002;1119;2026-02-24 00:00:00;2026-02-22 00:00:00;2025-12-27 00:00:00;2025-12-25 00:00:00
2025-12-23 00:00:00;SO449955;C0006;VS002;1002;2026-02-24 00:00:00;2026-02-23 00:00:00;2025-12-25 00:00:00;2025-12-24 00:00:00
2025-12-23 00:00:00;SO344882;C0019;AS003;1313;2026-02-24 00:00:00;2026-02-22 00:00:00;2025-12-27 00:00:00;2025-12-25 00:00:00
2025-12-23 00:00:00;SO344882;C0019;AS001;788;2026-02-24 00:00:00;2026-02-28 00:00:00;2025-12-27 00:00:00;2025-12-31 00:00:00
2025-12-23 00:00:00;SO449955;C0006;CS001;1210;2026-02-24 00:00:00;2026-02-18 00:00:00;2025-12-25 00:00:00;2025-12-19 00:00:00
2025-12-23 00:00:00;SO449955;C0006;AS002;501;2026-02-24 00:00:00;2026-02-20 00:00:00;2025-12-25 00:00:00;2025-12-21 00:00:00
2025-12-23 00:00:00;SO449955;C0006;AT002;604;2026-02-24 00:00:00;2026-02-15 00:00:00;2025-12-25 00:00:00;2025-12-16 00:00:00
2025-12-23 00:00:00;SO344882;C0019;CS004;803;2026-02-24 00:00:00;2026-02-24 00:00:00;2025-12-27 00:00:00;2025-12-27 00:00:00
2025-12-23 00:00:00;SO855039;C0005;VS005;1145;2026-02-17 00:00:00;2026-02-14 00:00:00;2025-12-25 00:00:00;2025-12-22 00:00:00
2025-12-23 00:00:00;SO855039;C0005;AL002;1105;2026-02-17 00:00:00;2026-02-16 00:00:00;2025-12-25 00:00:00;2025-12-24 00:00:00
2025-12-23 00:00:00;SO855039;C0005;AS002;393;2026-02-17 00:00:00;2026-02-09 00:00:00;2025-12-25 00:00:00;2025-12-17 00:00:00
2025-12-23 00:00:00;SO855039;C0005;VS004;556;2026-02-17 00:00:00;2026-02-08 00:00:00;2025-12-25 00:00:00;2025-12-16 00:00:00
2025-12-24 00:00:00;SO798176;C0002;CS004;533;2026-01-28 00:00:00;2026-02-05 00:00:00;2025-12-26 00:00:00;2026-01-03 00:00:00
2025-12-24 00:00:00;SO928232;C0021;AL001;471;2026-01-07 00:00:00;2026-01-02 00:00:00;2025-12-28 00:00:00;2025-12-23 00:00:00
2025-12-24 00:00:00;SO228861;C0026;CL001;940;2026-01-28 00:00:00;2026-02-02 00:00:00;2026-01-01 00:00:00;2026-01-06 00:00:00
2025-12-24 00:00:00;SO982421;C0030;CT002;639;2026-02-25 00:00:00;2026-02-17 00:00:00;2026-01-01 00:00:00;2025-12-24 00:00:00
2025-12-24 00:00:00;SO228861;C0026;AS004;688;2026-01-28 00:00:00;2026-01-29 00:00:00;2026-01-01 00:00:00;2026-01-02 00:00:00
2025-12-24 00:00:00;SO228861;C0026;AS005;947;2026-01-28 00:00:00;2026-02-05 00:00:00;2026-01-01 00:00:00;2026-01-09 00:00:00
2025-12-24 00:00:00;SO928232;C0021;CT003;612;2026-01-07 00:00:00;2026-01-17 00:00:00;2025-12-28 00:00:00;2026-01-07 00:00:00
2025-12-24 00:00:00;SO228861;C0026;VS002;1021;2026-01-28 00:00:00;2026-02-06 00:00:00;2026-01-01 00:00:00;2026-01-10 00:00:00
2025-12-24 00:00:00;SO228861;C0026;AS002;436;2026-01-28 00:00:00;2026-02-07 00:00:00;2026-01-01 00:00:00;2026-01-11 00:00:00
2025-12-24 00:00:00;SO798176;C0002;AS004;398;2026-01-28 00:00:00;2026-01-23 00:00:00;2025-12-26 00:00:00;2025-12-21 00:00:00
2025-12-24 00:00:00;SO982421;C0030;CL001;555;2026-02-25 00:00:00;2026-02-27 00:00:00;2026-01-01 00:00:00;2026-01-03 00:00:00
2025-12-24 00:00:00;SO798176;C0002;AS001;798;2026-01-28 00:00:00;2026-01-19 00:00:00;2025-12-26 00:00:00;2025-12-17 00:00:00
2025-12-24 00:00:00;SO982421;C0030;VS005;744;2026-02-25 00:00:00;2026-02-21 00:00:00;2026-01-01 00:00:00;2025-12-28 00:00:00
2025-12-24 00:00:00;SO928232;C0021;AL002;430;2026-01-07 00:00:00;2025-12-29 00:00:00;2025-12-28 00:00:00;2025-12-19 00:00:00
2025-12-24 00:00:00;SO228861;C0026;CS002;601;2026-01-28 00:00:00;2026-01-25 00:00:00;2026-01-01 00:00:00;2025-12-29 00:00:00
2025-12-24 00:00:00;SO798176;C0002;CT003;925;2026-01-28 00:00:00;2026-01-26 00:00:00;2025-12-26 00:00:00;2025-12-24 00:00:00
2025-12-24 00:00:00;SO928232;C0021;CS004;1095;2026-01-07 00:00:00;2026-01-13 00:00:00;2025-12-28 00:00:00;2026-01-03 00:00:00
2025-12-24 00:00:00;SO982421;C0030;VS002;625;2026-02-25 00:00:00;2026-03-04 00:00:00;2026-01-01 00:00:00;2026-01-08 00:00:00
2025-12-24 00:00:00;SO798176;C0002;CL001;1071;2026-01-28 00:00:00;2026-01-19 00:00:00;2025-12-26 00:00:00;2025-12-17 00:00:00
2025-12-25 00:00:00;SO313234;C0002;VS002;499;2026-01-29 00:00:00;2026-01-24 00:00:00;2025-12-27 00:00:00;2025-12-22 00:00:00
2025-12-25 00:00:00;SO763336;C0017;CS002;643;2026-02-19 00:00:00;2026-02-13 00:00:00;2025-12-29 00:00:00;2025-12-23 00:00:00
2025-12-25 00:00:00;SO459118;C0013;AL002;429;2026-01-22 00:00:00;2026-01-14 00:00:00;2025-12-29 00:00:00;2025-12-21 00:00:00
2025-12-25 00:00:00;SO536482;C0006;AS003;1001;2026-02-26 00:00:00;2026-02-21 00:00:00;2025-12-27 00:00:00;2025-12-22 00:00:00
2025-12-25 00:00:00;SO763336;C0017;AS001;1026;2026-02-19 00:00:00;2026-02-21 00:00:00;2025-12-29 00:00:00;2025-12-31 00:00:00
2025-12-25 00:00:00;SO459118;C0013;CL001;952;2026-01-22 00:00:00;2026-01-31 00:00:00;2025-12-29 00:00:00;2026-01-07 00:00:00
2025-12-25 00:00:00;SO459118;C0013;AS003;1153;2026-01-22 00:00:00;2026-01-23 00:00:00;2025-12-29 00:00:00;2025-12-30 00:00:00
2025-12-25 00:00:00;SO459118;C0013;AL001;1250;2026-01-22 00:00:00;2026-01-14 00:00:00;2025-12-29 00:00:00;2025-12-21 00:00:00
2025-12-25 00:00:00;SO536482;C0006;AS001;660;2026-02-26 00:00:00;2026-02-23 00:00:00;2025-12-27 00:00:00;2025-12-24 00:00:00
2025-12-25 00:00:00;SO536482;C0006;CS002;972;2026-02-26 00:00:00;2026-02-25 00:00:00;2025-12-27 00:00:00;2025-12-26 00:00:00
2025-12-25 00:00:00;SO763336;C0017;AL001;770;2026-02-19 00:00:00;2026-02-25 00:00:00;2025-12-29 00:00:00;2026-01-04 00:00:00
2025-12-25 00:00:00;SO313234;C0002;AS001;450;2026-01-29 00:00:00;2026-01-21 00:00:00;2025-12-27 00:00:00;2025-12-19 00:00:00
2025-12-25 00:00:00;SO763336;C0017;CT003;1327;2026-02-19 00:00:00;2026-02-16 00:00:00;2025-12-29 00:00:00;2025-12-26 00:00:00
2025-12-25 00:00:00;SO536482;C0006;AL001;790;2026-02-26 00:00:00;2026-02-20 00:00:00;2025-12-27 00:00:00;2025-12-21 00:00:00
2025-12-25 00:00:00;SO459118;C0013;CS002;701;2026-01-22 00:00:00;2026-01-27 00:00:00;2025-12-29 00:00:00;2026-01-03 00:00:00
2025-12-25 00:00:00;SO313234;C0002;AS004;686;2026-01-29 00:00:00;2026-02-04 00:00:00;2025-12-27 00:00:00;2026-01-02 00:00:00
2025-12-25 00:00:00;SO536482;C0006;AS004;1020;2026-02-26 00:00:00;2026-02-25 00:00:00;2025-12-27 00:00:00;2025-12-26 00:00:00
2025-12-25 00:00:00;SO763336;C0017;CT002;665;2026-02-19 00:00:00;2026-02-15 00:00:00;2025-12-29 00:00:00;2025-12-25 00:00:00
2025-12-26 00:00:00;SO939563;C0029;AS005;864;2026-02-20 00:00:00;2026-03-01 00:00:00;2026-01-03 00:00:00;2026-01-12 00:00:00
2025-12-26 00:00:00;SO965326;C0004;VS004;678;2026-01-09 00:00:00;2025-12-30 00:00:00;2025-12-28 00:00:00;2025-12-18 00:00:00
2025-12-26 00:00:00;SO609781;C0023;AS003;1093;2026-01-30 00:00:00;2026-01-31 00:00:00;2025-12-30 00:00:00;2025-12-31 00:00:00
2025-12-26 00:00:00;SO292764;C0009;CL001;997;2026-01-09 00:00:00;2026-01-11 00:00:00;2025-12-29 00:00:00;2025-12-31 00:00:00
2025-12-26 00:00:00;SO609781;C0023;CL001;890;2026-01-30 00:00:00;2026-02-09 00:00:00;2025-12-30 00:00:00;2026-01-09 00:00:00
2025-12-26 00:00:00;SO609781;C0023;CT003;670;2026-01-30 00:00:00;2026-02-02 00:00:00;2025-12-30 00:00:00;2026-01-02 00:00:00
2025-12-26 00:00:00;SO609781;C0023;AS001;923;2026-01-30 00:00:00;2026-02-05 00:00:00;2025-12-30 00:00:00;2026-01-05 00:00:00
2025-12-26 00:00:00;SO965326;C0004;AS002;481;2026-01-09 00:00:00;2026-01-14 00:00:00;2025-12-28 00:00:00;2026-01-02 00:00:00
2025-12-26 00:00:00;SO965326;C0004;CL001;760;2026-01-09 00:00:00;2026-01-13 00:00:00;2025-12-28 00:00:00;2026-01-01 00:00:00
2025-12-26 00:00:00;SO965326;C0004;CT002;1057;2026-01-09 00:00:00;2026-01-02 00:00:00;2025-12-28 00:00:00;2025-12-21 00:00:00
2025-12-26 00:00:00;SO965326;C0004;AS005;864;2026-01-09 00:00:00;2026-01-09 00:00:00;2025-12-28 00:00:00;2025-12-28 00:00:00
2025-12-26 00:00:00;SO965326;C0004;CS004;860;2026-01-09 00:00:00;2026-01-08 00:00:00;2025-12-28 00:00:00;2025-12-27 00:00:00
2025-12-26 00:00:00;SO609781;C0023;CS001;429;2026-01-30 00:00:00;2026-02-04 00:00:00;2025-12-30 00:00:00;2026-01-04 00:00:00
2025-12-26 00:00:00;SO939563;C0029;CS001;1201;2026-02-20 00:00:00;2026-02-24 00:00:00;2026-01-03 00:00:00;2026-01-07 00:00:00
2025-12-26 00:00:00;SO939563;C0029;AS002;433;2026-02-20 00:00:00;2026-02-15 00:00:00;2026-01-03 00:00:00;2025-12-29 00:00:00
2025-12-26 00:00:00;SO609781;C0023;VS005;562;2026-01-30 00:00:00;2026-01-27 00:00:00;2025-12-30 00:00:00;2025-12-27 00:00:00
2025-12-29 00:00:00;SO288387;C0012;VS005;959;2026-01-26 00:00:00;2026-01-28 00:00:00;2026-01-01 00:00:00;2026-01-03 00:00:00
2025-12-29 00:00:00;SO263541;C0002;VS005;1092;2026-02-02 00:00:00;2026-02-07 00:00:00;2025-12-31 00:00:00;2026-01-05 00:00:00
2025-12-29 00:00:00;SO226309;C0030;AL001;573;2026-03-02 00:00:00;2026-03-12 00:00:00;2026-01-06 00:00:00;2026-01-16 00:00:00
2025-12-29 00:00:00;SO263541;C0002;CT002;303;2026-02-02 00:00:00;2026-02-04 00:00:00;2025-12-31 00:00:00;2026-01-02 00:00:00
2025-12-29 00:00:00;SO226309;C0030;VS004;936;2026-03-02 00:00:00;2026-03-03 00:00:00;2026-01-06 00:00:00;2026-01-07 00:00:00
2025-12-29 00:00:00;SO226309;C0030;AS002;807;2026-03-02 00:00:00;2026-02-21 00:00:00;2026-01-06 00:00:00;2025-12-28 00:00:00
2025-12-29 00:00:00;SO226309;C0030;AS003;482;2026-03-02 00:00:00;2026-02-25 00:00:00;2026-01-06 00:00:00;2026-01-01 00:00:00
2025-12-29 00:00:00;SO226309;C0030;CS004;527;2026-03-02 00:00:00;2026-02-28 00:00:00;2026-01-06 00:00:00;2026-01-04 00:00:00
2025-12-29 00:00:00;SO226309;C0030;VS002;1119;2026-03-02 00:00:00;2026-02-25 00:00:00;2026-01-06 00:00:00;2026-01-01 00:00:00
2025-12-29 00:00:00;SO288387;C0012;AL002;786;2026-01-26 00:00:00;2026-01-19 00:00:00;2026-01-01 00:00:00;2025-12-25 00:00:00
2025-12-29 00:00:00;SO288387;C0012;VS002;586;2026-01-26 00:00:00;2026-01-25 00:00:00;2026-01-01 00:00:00;2025-12-31 00:00:00
2025-12-29 00:00:00;SO263541;C0002;CT003;1002;2026-02-02 00:00:00;2026-01-28 00:00:00;2025-12-31 00:00:00;2025-12-26 00:00:00
2025-12-29 00:00:00;SO288387;C0012;CT003;921;2026-01-26 00:00:00;2026-02-03 00:00:00;2026-01-01 00:00:00;2026-01-09 00:00:00
2025-12-29 00:00:00;SO288387;C0012;AS004;919;2026-01-26 00:00:00;2026-02-05 00:00:00;2026-01-01 00:00:00;2026-01-11 00:00:00
2025-12-29 00:00:00;SO263541;C0002;AL001;959;2026-02-02 00:00:00;2026-02-06 00:00:00;2025-12-31 00:00:00;2026-01-04 00:00:00
2025-12-29 00:00:00;SO226309;C0030;AS001;705;2026-03-02 00:00:00;2026-03-10 00:00:00;2026-01-06 00:00:00;2026-01-14 00:00:00
2025-12-30 00:00:00;SO428518;C0027;CT003;919;2026-02-10 00:00:00;2026-02-07 00:00:00;2026-01-07 00:00:00;2026-01-04 00:00:00
2025-12-30 00:00:00;SO502831;C0005;AS002;251;2026-02-24 00:00:00;2026-02-23 00:00:00;2026-01-01 00:00:00;2025-12-31 00:00:00
2025-12-30 00:00:00;SO902786;C0023;AT002;755;2026-02-03 00:00:00;2026-01-25 00:00:00;2026-01-03 00:00:00;2025-12-25 00:00:00
2025-12-30 00:00:00;SO826642;C0026;VS002;898;2026-02-03 00:00:00;2026-02-02 00:00:00;2026-01-07 00:00:00;2026-01-06 00:00:00
2025-12-30 00:00:00;SO428518;C0027;CS002;1012;2026-02-10 00:00:00;2026-02-10 00:00:00;2026-01-07 00:00:00;2026-01-07 00:00:00
2025-12-30 00:00:00;SO502831;C0005;AS001;845;2026-02-24 00:00:00;2026-02-18 00:00:00;2026-01-01 00:00:00;2025-12-26 00:00:00
2025-12-30 00:00:00;SO502831;C0005;VS002;622;2026-02-24 00:00:00;2026-03-03 00:00:00;2026-01-01 00:00:00;2026-01-08 00:00:00
2025-12-30 00:00:00;SO428518;C0027;AS003;1241;2026-02-10 00:00:00;2026-02-14 00:00:00;2026-01-07 00:00:00;2026-01-11 00:00:00
2025-12-30 00:00:00;SO826642;C0026;AS005;537;2026-02-03 00:00:00;2026-02-02 00:00:00;2026-01-07 00:00:00;2026-01-06 00:00:00
2025-12-30 00:00:00;SO428518;C0027;AS004;1025;2026-02-10 00:00:00;2026-02-08 00:00:00;2026-01-07 00:00:00;2026-01-05 00:00:00
2025-12-30 00:00:00;SO428518;C0027;AS005;456;2026-02-10 00:00:00;2026-02-09 00:00:00;2026-01-07 00:00:00;2026-01-06 00:00:00
2025-12-30 00:00:00;SO826642;C0026;AT002;730;2026-02-03 00:00:00;2026-01-29 00:00:00;2026-01-07 00:00:00;2026-01-02 00:00:00
2025-12-30 00:00:00;SO428518;C0027;AS001;569;2026-02-10 00:00:00;2026-02-04 00:00:00;2026-01-07 00:00:00;2026-01-01 00:00:00
2025-12-30 00:00:00;SO502831;C0005;AS005;865;2026-02-24 00:00:00;2026-03-02 00:00:00;2026-01-01 00:00:00;2026-01-07 00:00:00
2025-12-30 00:00:00;SO826642;C0026;CS001;404;2026-02-03 00:00:00;2026-02-10 00:00:00;2026-01-07 00:00:00;2026-01-14 00:00:00
2025-12-30 00:00:00;SO826642;C0026;AS002;813;2026-02-03 00:00:00;2026-02-04 00:00:00;2026-01-07 00:00:00;2026-01-08 00:00:00
2025-12-30 00:00:00;SO502831;C0005;VS005;407;2026-02-24 00:00:00;2026-02-26 00:00:00;2026-01-01 00:00:00;2026-01-03 00:00:00
2025-12-31 00:00:00;SO840553;C0003;AS003;938;2026-02-11 00:00:00;2026-02-07 00:00:00;2026-01-02 00:00:00;2025-12-29 00:00:00
2025-12-31 00:00:00;SO836204;C0019;CS001;783;2026-03-04 00:00:00;2026-03-03 00:00:00;2026-01-04 00:00:00;2026-01-03 00:00:00
2025-12-31 00:00:00;SO879789;C0014;CS001;842;2026-02-04 00:00:00;2026-01-30 00:00:00;2026-01-04 00:00:00;2025-12-30 00:00:00
2025-12-31 00:00:00;SO485234;C0022;AL002;527;2026-02-11 00:00:00;2026-02-09 00:00:00;2026-01-04 00:00:00;2026-01-02 00:00:00
2025-12-31 00:00:00;SO879789;C0014;AS001;941;2026-02-04 00:00:00;2026-02-12 00:00:00;2026-01-04 00:00:00;2026-01-12 00:00:00
2025-12-31 00:00:00;SO879789;C0014;AS002;1265;2026-02-04 00:00:00;2026-02-03 00:00:00;2026-01-04 00:00:00;2026-01-03 00:00:00
2025-12-31 00:00:00;SO836204;C0019;VS005;818;2026-03-04 00:00:00;2026-02-27 00:00:00;2026-01-04 00:00:00;2025-12-30 00:00:00
2025-12-31 00:00:00;SO840553;C0003;AL002;1047;2026-02-11 00:00:00;2026-02-01 00:00:00;2026-01-02 00:00:00;2025-12-23 00:00:00
2025-12-31 00:00:00;SO879789;C0014;AL001;1083;2026-02-04 00:00:00;2026-01-27 00:00:00;2026-01-04 00:00:00;2025-12-27 00:00:00
2025-12-31 00:00:00;SO836204;C0019;VS004;888;2026-03-04 00:00:00;2026-02-23 00:00:00;2026-01-04 00:00:00;2025-12-26 00:00:00
2025-12-31 00:00:00;SO836204;C0019;VS002;614;2026-03-04 00:00:00;2026-03-05 00:00:00;2026-01-04 00:00:00;2026-01-05 00:00:00
2025-12-31 00:00:00;SO879789;C0014;CL001;1328;2026-02-04 00:00:00;2026-01-28 00:00:00;2026-01-04 00:00:00;2025-12-28 00:00:00
2025-12-31 00:00:00;SO836204;C0019;CL001;422;2026-03-04 00:00:00;2026-03-14 00:00:00;2026-01-04 00:00:00;2026-01-14 00:00:00
2025-12-31 00:00:00;SO879789;C0014;AL002;1112;2026-02-04 00:00:00;2026-02-11 00:00:00;2026-01-04 00:00:00;2026-01-11 00:00:00
