Data;Ordem de Venda;Cliente ID;Produto SKU;Qtde;Vencimento;Pagamento;Previsão de Entrega;Entrega Efetiva
2029-01-01 00:00:00;SO522015;C0018;CS004;658;2029-03-05 00:00:00;2029-03-01 00:00:00;2029-01-05 00:00:00;2029-01-01 00:00:00
2029-01-01 00:00:00;SO128177;C0025;VS001;693;2029-01-29 00:00:00;2029-02-04 00:00:00;2029-01-09 00:00:00;2029-01-15 00:00:00
2029-01-01 00:00:00;SO363087;C0006;AL002;658;2029-03-05 00:00:00;2029-03-01 00:00:00;2029-01-03 00:00:00;2028-12-30 00:00:00
2029-01-01 00:00:00;SO536483;C0008;CT001;319;2029-02-26 00:00:00;2029-02-26 00:00:00;2029-01-04 00:00:00;2029-01-04 00:00:00
2029-01-01 00:00:00;SO128177;C0025;CS003;1262;2029-01-29 00:00:00;2029-01-22 00:00:00;2029-01-09 00:00:00;2029-01-02 00:00:00
2029-01-01 00:00:00;SO536483;C0008;CS003;1157;2029-02-26 00:00:00;2029-02-18 00:00:00;2029-01-04 00:00:00;2028-12-27 00:00:00
2029-01-01 00:00:00;SO522015;C0018;CL001;883;2029-03-05 00:00:00;2029-03-05 00:00:00;2029-01-05 00:00:00;2029-01-05 00:00:00
2029-01-01 00:00:00;SO536483;C0008;AS002;1038;2029-02-26 00:00:00;2029-03-01 00:00:00;2029-01-04 00:00:00;2029-01-07 00:00:00
2029-01-01 00:00:00;SO128177;C0025;CL001;735;2029-01-29 00:00:00;2029-01-28 00:00:00;2029-01-09 00:00:00;2029-01-08 00:00:00
2029-01-01 00:00:00;SO363087;C0006;VS002;701;2029-03-05 00:00:00;2029-03-04 00:00:00;2029-01-03 00:00:00;2029-01-02 00:00:00
2029-01-01 00:00:00;SO363087;C0006;VS001;1054;2029-03-05 00:00:00;2029-02-23 00:00:00;2029-01-03 00:00:00;2028-12-24 00:00:00
2029-01-01 00:00:00;SO128177;C0025;CT001;370;2029-01-29 00:00:00;2029-01-27 00:00:00;2029-01-09 00:00:00;2029-01-07 00:00:00
2029-01-01 00:00:00;SO536483;C0008;CT003;1113;2029-02-26 00:00:00;2029-03-02 00:00:00;2029-01-04 00:00:00;2029-01-08 00:00:00
2029-01-01 00:00:00;SO536483;C0008;AL001;1122;2029-02-26 00:00:00;2029-03-05 00:00:00;2029-01-04 00:00:00;2029-01-11 00:00:00
2029-01-01 00:00:00;SO363087;C0006;CL001;934;2029-03-05 00:00:00;2029-02-23 00:00:00;2029-01-03 00:00:00;2028-12-24 00:00:00
2029-01-01 00:00:00;SO128177;C0025;CS001;1176;2029-01-29 00:00:00;2029-01-20 00:00:00;2029-01-09 00:00:00;2028-12-31 00:00:00
2029-01-02 00:00:00;SO296293;C0025;CT001;301;2029-01-30 00:00:00;2029-01-29 00:00:00;2029-01-10 00:00:00;2029-01-09 00:00:00
2029-01-02 00:00:00;SO345377;C0019;AL002;1472;2029-03-06 00:00:00;2029-03-08 00:00:00;2029-01-06 00:00:00;2029-01-08 00:00:00
2029-01-02 00:00:00;SO617080;C0008;CS003;1008;2029-02-27 00:00:00;2029-02-19 00:00:00;2029-01-05 00:00:00;2028-12-28 00:00:00
2029-01-02 00:00:00;SO296293;C0025;CL001;495;2029-01-30 00:00:00;2029-02-07 00:00:00;2029-01-10 00:00:00;2029-01-18 00:00:00
2029-01-02 00:00:00;SO345377;C0019;AS004;556;2029-03-06 00:00:00;2029-03-01 00:00:00;2029-01-06 00:00:00;2029-01-01 00:00:00
2029-01-02 00:00:00;SO296293;C0025;AS001;1270;2029-01-30 00:00:00;2029-01-22 00:00:00;2029-01-10 00:00:00;2029-01-02 00:00:00
2029-01-02 00:00:00;SO296293;C0025;AT001;1000;2029-01-30 00:00:00;2029-02-01 00:00:00;2029-01-10 00:00:00;2029-01-12 00:00:00
2029-01-02 00:00:00;SO345377;C0019;CL001;1455;2029-03-06 00:00:00;2029-03-16 00:00:00;2029-01-06 00:00:00;2029-01-16 00:00:00
2029-01-02 00:00:00;SO296293;C0025;AS004;440;2029-01-30 00:00:00;2029-02-09 00:00:00;2029-01-10 00:00:00;2029-01-20 00:00:00
2029-01-02 00:00:00;SO617080;C0008;AL002;1113;2029-02-27 00:00:00;2029-03-08 00:00:00;2029-01-05 00:00:00;2029-01-14 00:00:00
2029-01-02 00:00:00;SO345377;C0019;CT002;840;2029-03-06 00:00:00;2029-03-16 00:00:00;2029-01-06 00:00:00;2029-01-16 00:00:00
2029-01-02 00:00:00;SO617080;C0008;CT002;946;2029-02-27 00:00:00;2029-02-18 00:00:00;2029-01-05 00:00:00;2028-12-27 00:00:00
2029-01-02 00:00:00;SO617080;C0008;AS005;635;2029-02-27 00:00:00;2029-03-07 00:00:00;2029-01-05 00:00:00;2029-01-13 00:00:00
2029-01-02 00:00:00;SO617080;C0008;VS003;707;2029-02-27 00:00:00;2029-03-09 00:00:00;2029-01-05 00:00:00;2029-01-15 00:00:00
2029-01-02 00:00:00;SO345377;C0019;CS002;1186;2029-03-06 00:00:00;2029-03-09 00:00:00;2029-01-06 00:00:00;2029-01-09 00:00:00
2029-01-02 00:00:00;SO617080;C0008;VS004;836;2029-02-27 00:00:00;2029-02-22 00:00:00;2029-01-05 00:00:00;2028-12-31 00:00:00
2029-01-02 00:00:00;SO296293;C0025;VS001;853;2029-01-30 00:00:00;2029-01-29 00:00:00;2029-01-10 00:00:00;2029-01-09 00:00:00
2029-01-02 00:00:00;SO617080;C0008;AT002;774;2029-02-27 00:00:00;2029-02-24 00:00:00;2029-01-05 00:00:00;2029-01-02 00:00:00
2029-01-02 00:00:00;SO296293;C0025;VS003;681;2029-01-30 00:00:00;2029-01-31 00:00:00;2029-01-10 00:00:00;2029-01-11 00:00:00
2029-01-02 00:00:00;SO345377;C0019;AS001;1316;2029-03-06 00:00:00;2029-03-05 00:00:00;2029-01-06 00:00:00;2029-01-05 00:00:00
2029-01-03 00:00:00;SO420390;C0001;AL002;701;2029-01-31 00:00:00;2029-02-03 00:00:00;2029-01-05 00:00:00;2029-01-08 00:00:00
2029-01-03 00:00:00;SO692576;C0014;CT001;429;2029-02-07 00:00:00;2029-02-01 00:00:00;2029-01-07 00:00:00;2029-01-01 00:00:00
2029-01-03 00:00:00;SO909068;C0011;CT002;910;2029-02-07 00:00:00;2029-01-28 00:00:00;2029-01-06 00:00:00;2028-12-27 00:00:00
2029-01-03 00:00:00;SO441178;C0024;AS001;914;2029-01-31 00:00:00;2029-02-06 00:00:00;2029-01-07 00:00:00;2029-01-13 00:00:00
2029-01-03 00:00:00;SO909068;C0011;AS004;991;2029-02-07 00:00:00;2029-02-04 00:00:00;2029-01-06 00:00:00;2029-01-03 00:00:00
2029-01-03 00:00:00;SO909068;C0011;AS003;1194;2029-02-07 00:00:00;2029-02-14 00:00:00;2029-01-06 00:00:00;2029-01-13 00:00:00
2029-01-03 00:00:00;SO909068;C0011;AT002;1281;2029-02-07 00:00:00;2029-02-12 00:00:00;2029-01-06 00:00:00;2029-01-11 00:00:00
2029-01-03 00:00:00;SO692576;C0014;CS001;976;2029-02-07 00:00:00;2029-02-16 00:00:00;2029-01-07 00:00:00;2029-01-16 00:00:00
2029-01-03 00:00:00;SO909068;C0011;CS004;947;2029-02-07 00:00:00;2029-02-16 00:00:00;2029-01-06 00:00:00;2029-01-15 00:00:00
2029-01-03 00:00:00;SO420390;C0001;VS002;1152;2029-01-31 00:00:00;2029-02-04 00:00:00;2029-01-05 00:00:00;2029-01-09 00:00:00
2029-01-03 00:00:00;SO441178;C0024;CS004;429;2029-01-31 00:00:00;2029-02-07 00:00:00;2029-01-07 00:00:00;2029-01-14 00:00:00
2029-01-03 00:00:00;SO441178;C0024;VS005;917;2029-01-31 00:00:00;2029-02-09 00:00:00;2029-01-07 00:00:00;2029-01-16 00:00:00
2029-01-03 00:00:00;SO909068;C0011;CS003;1085;2029-02-07 00:00:00;2029-02-06 00:00:00;2029-01-06 00:00:00;2029-01-05 00:00:00
2029-01-03 00:00:00;SO692576;C0014;VS002;472;2029-02-07 00:00:00;2029-01-28 00:00:00;2029-01-07 00:00:00;2028-12-28 00:00:00
2029-01-03 00:00:00;SO420390;C0001;AL001;614;2029-01-31 00:00:00;2029-02-06 00:00:00;2029-01-05 00:00:00;2029-01-11 00:00:00
2029-01-03 00:00:00;SO692576;C0014;AS004;767;2029-02-07 00:00:00;2029-02-03 00:00:00;2029-01-07 00:00:00;2029-01-03 00:00:00
2029-01-03 00:00:00;SO441178;C0024;VS003;548;2029-01-31 00:00:00;2029-01-24 00:00:00;2029-01-07 00:00:00;2028-12-31 00:00:00
2029-01-03 00:00:00;SO441178;C0024;AS002;1268;2029-01-31 00:00:00;2029-02-01 00:00:00;2029-01-07 00:00:00;2029-01-08 00:00:00
2029-01-03 00:00:00;SO441178;C0024;AS004;661;2029-01-31 00:00:00;2029-01-31 00:00:00;2029-01-07 00:00:00;2029-01-07 00:00:00
2029-01-04 00:00:00;SO717715;C0002;AS005;766;2029-02-08 00:00:00;2029-02-07 00:00:00;2029-01-06 00:00:00;2029-01-05 00:00:00
2029-01-04 00:00:00;SO988447;C0005;AS003;1050;2029-03-01 00:00:00;2029-03-06 00:00:00;2029-01-06 00:00:00;2029-01-11 00:00:00
2029-01-04 00:00:00;SO789740;C0025;CL001;822;2029-02-01 00:00:00;2029-02-02 00:00:00;2029-01-12 00:00:00;2029-01-13 00:00:00
2029-01-04 00:00:00;SO717715;C0002;CL001;419;2029-02-08 00:00:00;2029-02-09 00:00:00;2029-01-06 00:00:00;2029-01-07 00:00:00
2029-01-04 00:00:00;SO717715;C0002;VS004;1032;2029-02-08 00:00:00;2029-02-18 00:00:00;2029-01-06 00:00:00;2029-01-16 00:00:00
2029-01-04 00:00:00;SO988447;C0005;AS001;840;2029-03-01 00:00:00;2029-03-01 00:00:00;2029-01-06 00:00:00;2029-01-06 00:00:00
2029-01-04 00:00:00;SO789740;C0025;VS003;1059;2029-02-01 00:00:00;2029-02-03 00:00:00;2029-01-12 00:00:00;2029-01-14 00:00:00
2029-01-04 00:00:00;SO988447;C0005;VS002;793;2029-03-01 00:00:00;2029-03-01 00:00:00;2029-01-06 00:00:00;2029-01-06 00:00:00
2029-01-04 00:00:00;SO789740;C0025;AT002;1122;2029-02-01 00:00:00;2029-01-31 00:00:00;2029-01-12 00:00:00;2029-01-11 00:00:00
2029-01-04 00:00:00;SO717715;C0002;VS001;887;2029-02-08 00:00:00;2029-01-30 00:00:00;2029-01-06 00:00:00;2028-12-28 00:00:00
2029-01-04 00:00:00;SO789740;C0025;VS005;1114;2029-02-01 00:00:00;2029-02-05 00:00:00;2029-01-12 00:00:00;2029-01-16 00:00:00
2029-01-04 00:00:00;SO988447;C0005;CT002;1206;2029-03-01 00:00:00;2029-02-23 00:00:00;2029-01-06 00:00:00;2028-12-31 00:00:00
2029-01-04 00:00:00;SO988447;C0005;VS005;1051;2029-03-01 00:00:00;2029-03-01 00:00:00;2029-01-06 00:00:00;2029-01-06 00:00:00
2029-01-04 00:00:00;SO717715;C0002;AT001;711;2029-02-08 00:00:00;2029-02-10 00:00:00;2029-01-06 00:00:00;2029-01-08 00:00:00
2029-01-04 00:00:00;SO717715;C0002;CT003;798;2029-02-08 00:00:00;2029-02-11 00:00:00;2029-01-06 00:00:00;2029-01-09 00:00:00
2029-01-04 00:00:00;SO789740;C0025;CT002;1205;2029-02-01 00:00:00;2029-02-09 00:00:00;2029-01-12 00:00:00;2029-01-20 00:00:00
2029-01-04 00:00:00;SO789740;C0025;CS002;707;2029-02-01 00:00:00;2029-02-07 00:00:00;2029-01-12 00:00:00;2029-01-18 00:00:00
2029-01-04 00:00:00;SO717715;C0002;CS003;848;2029-02-08 00:00:00;2029-02-03 00:00:00;2029-01-06 00:00:00;2029-01-01 00:00:00
2029-01-04 00:00:00;SO717715;C0002;VS003;756;2029-02-08 00:00:00;2029-02-03 00:00:00;2029-01-06 00:00:00;2029-01-01 00:00:00
2029-01-04 00:00:00;SO988447;C0005;AT002;369;2029-03-01 00:00:00;2029-03-10 00:00:00;2029-01-06 00:00:00;2029-01-15 00:00:00
2029-01-05 00:00:00;SO297134;C0018;AT002;614;2029-03-09 00:00:00;2029-03-12 00:00:00;2029-01-09 00:00:00;2029-01-12 00:00:00
2029-01-05 00:00:00;SO437026;C0005;VS001;1187;2029-03-02 00:00:00;2029-02-22 00:00:00;2029-01-07 00:00:00;2028-12-30 00:00:00
2029-01-05 00:00:00;SO933420;C0020;AL001;727;2029-03-02 00:00:00;2029-02-26 00:00:00;2029-01-09 00:00:00;2029-01-05 00:00:00
2029-01-05 00:00:00;SO933420;C0020;VS001;479;2029-03-02 00:00:00;2029-02-20 00:00:00;2029-01-09 00:00:00;2028-12-30 00:00:00
2029-01-05 00:00:00;SO297134;C0018;VS004;1326;2029-03-09 00:00:00;2029-03-11 00:00:00;2029-01-09 00:00:00;2029-01-11 00:00:00
2029-01-05 00:00:00;SO437026;C0005;CS004;676;2029-03-02 00:00:00;2029-02-25 00:00:00;2029-01-07 00:00:00;2029-01-02 00:00:00
2029-01-05 00:00:00;SO933420;C0020;AL002;1089;2029-03-02 00:00:00;2029-03-02 00:00:00;2029-01-09 00:00:00;2029-01-09 00:00:00
2029-01-05 00:00:00;SO437026;C0005;VS005;1310;2029-03-02 00:00:00;2029-03-09 00:00:00;2029-01-07 00:00:00;2029-01-14 00:00:00
2029-01-05 00:00:00;SO437026;C0005;CT003;533;2029-03-02 00:00:00;2029-02-26 00:00:00;2029-01-07 00:00:00;2029-01-03 00:00:00
2029-01-05 00:00:00;SO297134;C0018;AS003;1241;2029-03-09 00:00:00;2029-03-07 00:00:00;2029-01-09 00:00:00;2029-01-07 00:00:00
2029-01-05 00:00:00;SO933420;C0020;CS001;873;2029-03-02 00:00:00;2029-02-21 00:00:00;2029-01-09 00:00:00;2028-12-31 00:00:00
2029-01-05 00:00:00;SO297134;C0018;VS002;1388;2029-03-09 00:00:00;2029-03-06 00:00:00;2029-01-09 00:00:00;2029-01-06 00:00:00
2029-01-05 00:00:00;SO437026;C0005;AS003;768;2029-03-02 00:00:00;2029-02-24 00:00:00;2029-01-07 00:00:00;2029-01-01 00:00:00
2029-01-05 00:00:00;SO297134;C0018;AS001;1124;2029-03-09 00:00:00;2029-03-19 00:00:00;2029-01-09 00:00:00;2029-01-19 00:00:00
2029-01-05 00:00:00;SO297134;C0018;CS001;865;2029-03-09 00:00:00;2029-03-09 00:00:00;2029-01-09 00:00:00;2029-01-09 00:00:00
2029-01-05 00:00:00;SO933420;C0020;AS003;685;2029-03-02 00:00:00;2029-03-03 00:00:00;2029-01-09 00:00:00;2029-01-10 00:00:00
2029-01-05 00:00:00;SO437026;C0005;CS003;1196;2029-03-02 00:00:00;2029-03-01 00:00:00;2029-01-07 00:00:00;2029-01-06 00:00:00
2029-01-05 00:00:00;SO437026;C0005;AS004;524;2029-03-02 00:00:00;2029-03-06 00:00:00;2029-01-07 00:00:00;2029-01-11 00:00:00
2029-01-08 00:00:00;SO707621;C0020;AS002;1156;2029-03-05 00:00:00;2029-03-09 00:00:00;2029-01-12 00:00:00;2029-01-16 00:00:00
2029-01-08 00:00:00;SO821134;C0009;VS001;935;2029-01-22 00:00:00;2029-01-27 00:00:00;2029-01-11 00:00:00;2029-01-16 00:00:00
2029-01-08 00:00:00;SO578420;C0015;AS004;615;2029-02-19 00:00:00;2029-02-19 00:00:00;2029-01-12 00:00:00;2029-01-12 00:00:00
2029-01-08 00:00:00;SO902036;C0028;AS001;537;2029-01-22 00:00:00;2029-02-01 00:00:00;2029-01-16 00:00:00;2029-01-26 00:00:00
2029-01-08 00:00:00;SO578420;C0015;CT002;423;2029-02-19 00:00:00;2029-02-18 00:00:00;2029-01-12 00:00:00;2029-01-11 00:00:00
2029-01-08 00:00:00;SO821134;C0009;CL001;1366;2029-01-22 00:00:00;2029-01-26 00:00:00;2029-01-11 00:00:00;2029-01-15 00:00:00
2029-01-08 00:00:00;SO578420;C0015;CS001;633;2029-02-19 00:00:00;2029-02-14 00:00:00;2029-01-12 00:00:00;2029-01-07 00:00:00
2029-01-08 00:00:00;SO578420;C0015;AL002;423;2029-02-19 00:00:00;2029-02-10 00:00:00;2029-01-12 00:00:00;2029-01-03 00:00:00
2029-01-08 00:00:00;SO821134;C0009;CS004;1062;2029-01-22 00:00:00;2029-01-24 00:00:00;2029-01-11 00:00:00;2029-01-13 00:00:00
2029-01-08 00:00:00;SO902036;C0028;CS002;487;2029-01-22 00:00:00;2029-01-20 00:00:00;2029-01-16 00:00:00;2029-01-14 00:00:00
2029-01-08 00:00:00;SO578420;C0015;VS001;1367;2029-02-19 00:00:00;2029-02-19 00:00:00;2029-01-12 00:00:00;2029-01-12 00:00:00
2029-01-08 00:00:00;SO902036;C0028;CS004;1262;2029-01-22 00:00:00;2029-01-17 00:00:00;2029-01-16 00:00:00;2029-01-11 00:00:00
2029-01-08 00:00:00;SO578420;C0015;AS003;444;2029-02-19 00:00:00;2029-02-24 00:00:00;2029-01-12 00:00:00;2029-01-17 00:00:00
2029-01-08 00:00:00;SO707621;C0020;CS001;538;2029-03-05 00:00:00;2029-03-08 00:00:00;2029-01-12 00:00:00;2029-01-15 00:00:00
2029-01-09 00:00:00;SO278156;C0002;VS002;1137;2029-02-13 00:00:00;2029-02-20 00:00:00;2029-01-11 00:00:00;2029-01-18 00:00:00
2029-01-09 00:00:00;SO624530;C0015;AS001;786;2029-02-20 00:00:00;2029-02-13 00:00:00;2029-01-13 00:00:00;2029-01-06 00:00:00
2029-01-09 00:00:00;SO624530;C0015;VS001;1417;2029-02-20 00:00:00;2029-02-22 00:00:00;2029-01-13 00:00:00;2029-01-15 00:00:00
2029-01-09 00:00:00;SO624530;C0015;AT001;980;2029-02-20 00:00:00;2029-02-22 00:00:00;2029-01-13 00:00:00;2029-01-15 00:00:00
2029-01-09 00:00:00;SO278156;C0002;CS002;1307;2029-02-13 00:00:00;2029-02-09 00:00:00;2029-01-11 00:00:00;2029-01-07 00:00:00
2029-01-09 00:00:00;SO624530;C0015;AS004;1378;2029-02-20 00:00:00;2029-03-01 00:00:00;2029-01-13 00:00:00;2029-01-22 00:00:00
2029-01-09 00:00:00;SO624530;C0015;AS005;1190;2029-02-20 00:00:00;2029-02-15 00:00:00;2029-01-13 00:00:00;2029-01-08 00:00:00
2029-01-09 00:00:00;SO624530;C0015;CL001;1118;2029-02-20 00:00:00;2029-02-28 00:00:00;2029-01-13 00:00:00;2029-01-21 00:00:00
2029-01-09 00:00:00;SO278156;C0002;AT001;900;2029-02-13 00:00:00;2029-02-08 00:00:00;2029-01-11 00:00:00;2029-01-06 00:00:00
2029-01-09 00:00:00;SO624530;C0015;CT002;536;2029-02-20 00:00:00;2029-02-24 00:00:00;2029-01-13 00:00:00;2029-01-17 00:00:00
2029-01-09 00:00:00;SO624530;C0015;CS004;552;2029-02-20 00:00:00;2029-02-18 00:00:00;2029-01-13 00:00:00;2029-01-11 00:00:00
2029-01-09 00:00:00;SO278156;C0002;VS004;900;2029-02-13 00:00:00;2029-02-09 00:00:00;2029-01-11 00:00:00;2029-01-07 00:00:00
2029-01-09 00:00:00;SO624530;C0015;AT002;599;2029-02-20 00:00:00;2029-02-12 00:00:00;2029-01-13 00:00:00;2029-01-05 00:00:00
2029-01-09 00:00:00;SO624530;C0015;VS003;1062;2029-02-20 00:00:00;2029-02-11 00:00:00;2029-01-13 00:00:00;2029-01-04 00:00:00
2029-01-09 00:00:00;SO278156;C0002;CS004;1070;2029-02-13 00:00:00;2029-02-16 00:00:00;2029-01-11 00:00:00;2029-01-14 00:00:00
2029-01-09 00:00:00;SO624530;C0015;AS003;970;2029-02-20 00:00:00;2029-02-14 00:00:00;2029-01-13 00:00:00;2029-01-07 00:00:00
2029-01-09 00:00:00;SO624530;C0015;CT001;829;2029-02-20 00:00:00;2029-02-16 00:00:00;2029-01-13 00:00:00;2029-01-09 00:00:00
2029-01-09 00:00:00;SO624530;C0015;CS003;1209;2029-02-20 00:00:00;2029-02-12 00:00:00;2029-01-13 00:00:00;2029-01-05 00:00:00
2029-01-09 00:00:00;SO624530;C0015;VS002;614;2029-02-20 00:00:00;2029-02-12 00:00:00;2029-01-13 00:00:00;2029-01-05 00:00:00
2029-01-10 00:00:00;SO169883;C0003;VS004;989;2029-02-21 00:00:00;2029-02-26 00:00:00;2029-01-12 00:00:00;2029-01-17 00:00:00
2029-01-10 00:00:00;SO732655;C0028;VS001;439;2029-01-24 00:00:00;2029-01-16 00:00:00;2029-01-18 00:00:00;2029-01-10 00:00:00
2029-01-10 00:00:00;SO669776;C0002;CT001;552;2029-02-14 00:00:00;2029-02-09 00:00:00;2029-01-12 00:00:00;2029-01-07 00:00:00
2029-01-10 00:00:00;SO307889;C0008;VS003;764;2029-03-07 00:00:00;2029-03-07 00:00:00;2029-01-13 00:00:00;2029-01-13 00:00:00
2029-01-10 00:00:00;SO669776;C0002;CS004;801;2029-02-14 00:00:00;2029-02-07 00:00:00;2029-01-12 00:00:00;2029-01-05 00:00:00
2029-01-10 00:00:00;SO307889;C0008;CS004;1217;2029-03-07 00:00:00;2029-03-16 00:00:00;2029-01-13 00:00:00;2029-01-22 00:00:00
2029-01-10 00:00:00;SO732655;C0028;AL002;929;2029-01-24 00:00:00;2029-01-16 00:00:00;2029-01-18 00:00:00;2029-01-10 00:00:00
2029-01-10 00:00:00;SO732655;C0028;AS005;400;2029-01-24 00:00:00;2029-01-27 00:00:00;2029-01-18 00:00:00;2029-01-21 00:00:00
2029-01-10 00:00:00;SO169883;C0003;AS001;1188;2029-02-21 00:00:00;2029-02-23 00:00:00;2029-01-12 00:00:00;2029-01-14 00:00:00
2029-01-10 00:00:00;SO307889;C0008;AT001;771;2029-03-07 00:00:00;2029-03-15 00:00:00;2029-01-13 00:00:00;2029-01-21 00:00:00
2029-01-10 00:00:00;SO669776;C0002;AS001;1078;2029-02-14 00:00:00;2029-02-22 00:00:00;2029-01-12 00:00:00;2029-01-20 00:00:00
2029-01-10 00:00:00;SO307889;C0008;VS001;826;2029-03-07 00:00:00;2029-03-14 00:00:00;2029-01-13 00:00:00;2029-01-20 00:00:00
2029-01-10 00:00:00;SO732655;C0028;VS003;427;2029-01-24 00:00:00;2029-02-03 00:00:00;2029-01-18 00:00:00;2029-01-28 00:00:00
2029-01-10 00:00:00;SO307889;C0008;CS002;861;2029-03-07 00:00:00;2029-02-26 00:00:00;2029-01-13 00:00:00;2029-01-04 00:00:00
2029-01-10 00:00:00;SO307889;C0008;AT002;1233;2029-03-07 00:00:00;2029-03-04 00:00:00;2029-01-13 00:00:00;2029-01-10 00:00:00
2029-01-10 00:00:00;SO732655;C0028;AT001;487;2029-01-24 00:00:00;2029-01-31 00:00:00;2029-01-18 00:00:00;2029-01-25 00:00:00
2029-01-11 00:00:00;SO716409;C0015;AS004;1137;2029-02-22 00:00:00;2029-02-13 00:00:00;2029-01-15 00:00:00;2029-01-06 00:00:00
2029-01-11 00:00:00;SO312140;C0014;CS003;647;2029-02-15 00:00:00;2029-02-19 00:00:00;2029-01-15 00:00:00;2029-01-19 00:00:00
2029-01-11 00:00:00;SO312140;C0014;VS001;563;2029-02-15 00:00:00;2029-02-18 00:00:00;2029-01-15 00:00:00;2029-01-18 00:00:00
2029-01-11 00:00:00;SO716409;C0015;AL001;522;2029-02-22 00:00:00;2029-02-14 00:00:00;2029-01-15 00:00:00;2029-01-07 00:00:00
2029-01-11 00:00:00;SO312140;C0014;VS002;480;2029-02-15 00:00:00;2029-02-22 00:00:00;2029-01-15 00:00:00;2029-01-22 00:00:00
2029-01-11 00:00:00;SO716409;C0015;VS003;910;2029-02-22 00:00:00;2029-02-21 00:00:00;2029-01-15 00:00:00;2029-01-14 00:00:00
2029-01-11 00:00:00;SO312140;C0014;VS004;623;2029-02-15 00:00:00;2029-02-17 00:00:00;2029-01-15 00:00:00;2029-01-17 00:00:00
2029-01-11 00:00:00;SO312140;C0014;VS005;1074;2029-02-15 00:00:00;2029-02-12 00:00:00;2029-01-15 00:00:00;2029-01-12 00:00:00
2029-01-11 00:00:00;SO716409;C0015;CT001;1106;2029-02-22 00:00:00;2029-02-17 00:00:00;2029-01-15 00:00:00;2029-01-10 00:00:00
2029-01-11 00:00:00;SO716409;C0015;CT003;711;2029-02-22 00:00:00;2029-02-16 00:00:00;2029-01-15 00:00:00;2029-01-09 00:00:00
2029-01-11 00:00:00;SO312140;C0014;CS002;867;2029-02-15 00:00:00;2029-02-07 00:00:00;2029-01-15 00:00:00;2029-01-07 00:00:00
2029-01-11 00:00:00;SO716409;C0015;CL001;1089;2029-02-22 00:00:00;2029-02-16 00:00:00;2029-01-15 00:00:00;2029-01-09 00:00:00
2029-01-11 00:00:00;SO312140;C0014;CL001;721;2029-02-15 00:00:00;2029-02-24 00:00:00;2029-01-15 00:00:00;2029-01-24 00:00:00
2029-01-11 00:00:00;SO716409;C0015;CT002;923;2029-02-22 00:00:00;2029-02-25 00:00:00;2029-01-15 00:00:00;2029-01-18 00:00:00
2029-01-11 00:00:00;SO716409;C0015;AS002;899;2029-02-22 00:00:00;2029-02-20 00:00:00;2029-01-15 00:00:00;2029-01-13 00:00:00
2029-01-11 00:00:00;SO716409;C0015;VS005;382;2029-02-22 00:00:00;2029-02-15 00:00:00;2029-01-15 00:00:00;2029-01-08 00:00:00
2029-01-12 00:00:00;SO563657;C0020;CL001;1149;2029-03-09 00:00:00;2029-03-04 00:00:00;2029-01-16 00:00:00;2029-01-11 00:00:00
2029-01-12 00:00:00;SO934830;C0025;CS001;872;2029-02-09 00:00:00;2029-02-03 00:00:00;2029-01-20 00:00:00;2029-01-14 00:00:00
2029-01-12 00:00:00;SO563657;C0020;AT002;945;2029-03-09 00:00:00;2029-03-18 00:00:00;2029-01-16 00:00:00;2029-01-25 00:00:00
2029-01-12 00:00:00;SO563657;C0020;AT001;634;2029-03-09 00:00:00;2029-03-02 00:00:00;2029-01-16 00:00:00;2029-01-09 00:00:00
2029-01-12 00:00:00;SO934830;C0025;CS002;724;2029-02-09 00:00:00;2029-02-05 00:00:00;2029-01-20 00:00:00;2029-01-16 00:00:00
2029-01-12 00:00:00;SO934830;C0025;AS001;825;2029-02-09 00:00:00;2029-02-09 00:00:00;2029-01-20 00:00:00;2029-01-20 00:00:00
2029-01-12 00:00:00;SO563657;C0020;VS004;425;2029-03-09 00:00:00;2029-03-07 00:00:00;2029-01-16 00:00:00;2029-01-14 00:00:00
2029-01-12 00:00:00;SO563657;C0020;AS005;680;2029-03-09 00:00:00;2029-02-27 00:00:00;2029-01-16 00:00:00;2029-01-06 00:00:00
2029-01-12 00:00:00;SO934830;C0025;VS001;1017;2029-02-09 00:00:00;2029-02-19 00:00:00;2029-01-20 00:00:00;2029-01-30 00:00:00
2029-01-12 00:00:00;SO563657;C0020;CS004;810;2029-03-09 00:00:00;2029-03-06 00:00:00;2029-01-16 00:00:00;2029-01-13 00:00:00
2029-01-12 00:00:00;SO934830;C0025;AS002;1009;2029-02-09 00:00:00;2029-02-08 00:00:00;2029-01-20 00:00:00;2029-01-19 00:00:00
2029-01-12 00:00:00;SO563657;C0020;AL001;1223;2029-03-09 00:00:00;2029-02-27 00:00:00;2029-01-16 00:00:00;2029-01-06 00:00:00
2029-01-12 00:00:00;SO934830;C0025;VS004;532;2029-02-09 00:00:00;2029-02-14 00:00:00;2029-01-20 00:00:00;2029-01-25 00:00:00
2029-01-12 00:00:00;SO563657;C0020;CT003;760;2029-03-09 00:00:00;2029-02-27 00:00:00;2029-01-16 00:00:00;2029-01-06 00:00:00
2029-01-12 00:00:00;SO934830;C0025;CT001;1393;2029-02-09 00:00:00;2029-01-31 00:00:00;2029-01-20 00:00:00;2029-01-11 00:00:00
2029-01-12 00:00:00;SO934830;C0025;AT001;1225;2029-02-09 00:00:00;2029-02-18 00:00:00;2029-01-20 00:00:00;2029-01-29 00:00:00
2029-01-12 00:00:00;SO934830;C0025;AL002;947;2029-02-09 00:00:00;2029-02-08 00:00:00;2029-01-20 00:00:00;2029-01-19 00:00:00
2029-01-12 00:00:00;SO563657;C0020;CS003;1102;2029-03-09 00:00:00;2029-03-13 00:00:00;2029-01-16 00:00:00;2029-01-20 00:00:00
2029-01-15 00:00:00;SO489648;C0018;VS002;1171;2029-03-19 00:00:00;2029-03-23 00:00:00;2029-01-19 00:00:00;2029-01-23 00:00:00
2029-01-15 00:00:00;SO443300;C0030;AT002;1020;2029-03-19 00:00:00;2029-03-15 00:00:00;2029-01-23 00:00:00;2029-01-19 00:00:00
2029-01-15 00:00:00;SO827979;C0024;AS005;501;2029-02-12 00:00:00;2029-02-10 00:00:00;2029-01-19 00:00:00;2029-01-17 00:00:00
2029-01-15 00:00:00;SO443300;C0030;AS005;1122;2029-03-19 00:00:00;2029-03-10 00:00:00;2029-01-23 00:00:00;2029-01-14 00:00:00
2029-01-15 00:00:00;SO443300;C0030;CT002;1514;2029-03-19 00:00:00;2029-03-28 00:00:00;2029-01-23 00:00:00;2029-02-01 00:00:00
2029-01-15 00:00:00;SO827979;C0024;AS003;645;2029-02-12 00:00:00;2029-02-05 00:00:00;2029-01-19 00:00:00;2029-01-12 00:00:00
2029-01-15 00:00:00;SO827979;C0024;VS003;1109;2029-02-12 00:00:00;2029-02-07 00:00:00;2029-01-19 00:00:00;2029-01-14 00:00:00
2029-01-15 00:00:00;SO827979;C0024;CT003;760;2029-02-12 00:00:00;2029-02-17 00:00:00;2029-01-19 00:00:00;2029-01-24 00:00:00
2029-01-15 00:00:00;SO827979;C0024;AL001;323;2029-02-12 00:00:00;2029-02-22 00:00:00;2029-01-19 00:00:00;2029-01-29 00:00:00
2029-01-15 00:00:00;SO443300;C0030;CL001;615;2029-03-19 00:00:00;2029-03-27 00:00:00;2029-01-23 00:00:00;2029-01-31 00:00:00
2029-01-15 00:00:00;SO489648;C0018;CS004;692;2029-03-19 00:00:00;2029-03-29 00:00:00;2029-01-19 00:00:00;2029-01-29 00:00:00
2029-01-15 00:00:00;SO827979;C0024;AS002;634;2029-02-12 00:00:00;2029-02-04 00:00:00;2029-01-19 00:00:00;2029-01-11 00:00:00
2029-01-15 00:00:00;SO827979;C0024;CS002;614;2029-02-12 00:00:00;2029-02-20 00:00:00;2029-01-19 00:00:00;2029-01-27 00:00:00
2029-01-15 00:00:00;SO827979;C0024;AS004;1155;2029-02-12 00:00:00;2029-02-11 00:00:00;2029-01-19 00:00:00;2029-01-18 00:00:00
2029-01-15 00:00:00;SO827979;C0024;VS001;778;2029-02-12 00:00:00;2029-02-09 00:00:00;2029-01-19 00:00:00;2029-01-16 00:00:00
2029-01-15 00:00:00;SO443300;C0030;AS003;985;2029-03-19 00:00:00;2029-03-20 00:00:00;2029-01-23 00:00:00;2029-01-24 00:00:00
2029-01-15 00:00:00;SO443300;C0030;CS004;717;2029-03-19 00:00:00;2029-03-29 00:00:00;2029-01-23 00:00:00;2029-02-02 00:00:00
2029-01-15 00:00:00;SO489648;C0018;AS005;1144;2029-03-19 00:00:00;2029-03-24 00:00:00;2029-01-19 00:00:00;2029-01-24 00:00:00
2029-01-16 00:00:00;SO286263;C0007;VS001;569;2029-03-20 00:00:00;2029-03-13 00:00:00;2029-01-19 00:00:00;2029-01-12 00:00:00
2029-01-16 00:00:00;SO941998;C0028;CT002;421;2029-01-30 00:00:00;2029-02-09 00:00:00;2029-01-24 00:00:00;2029-02-03 00:00:00
2029-01-16 00:00:00;SO286263;C0007;AT002;554;2029-03-20 00:00:00;2029-03-19 00:00:00;2029-01-19 00:00:00;2029-01-18 00:00:00
2029-01-16 00:00:00;SO941998;C0028;VS002;645;2029-01-30 00:00:00;2029-01-31 00:00:00;2029-01-24 00:00:00;2029-01-25 00:00:00
2029-01-16 00:00:00;SO941998;C0028;AL002;557;2029-01-30 00:00:00;2029-01-24 00:00:00;2029-01-24 00:00:00;2029-01-18 00:00:00
2029-01-16 00:00:00;SO941998;C0028;AT001;1055;2029-01-30 00:00:00;2029-02-05 00:00:00;2029-01-24 00:00:00;2029-01-30 00:00:00
2029-01-16 00:00:00;SO286263;C0007;CS004;1478;2029-03-20 00:00:00;2029-03-13 00:00:00;2029-01-19 00:00:00;2029-01-12 00:00:00
2029-01-16 00:00:00;SO286263;C0007;VS002;736;2029-03-20 00:00:00;2029-03-27 00:00:00;2029-01-19 00:00:00;2029-01-26 00:00:00
2029-01-16 00:00:00;SO941998;C0028;AT002;472;2029-01-30 00:00:00;2029-02-05 00:00:00;2029-01-24 00:00:00;2029-01-30 00:00:00
2029-01-16 00:00:00;SO286263;C0007;AS005;1342;2029-03-20 00:00:00;2029-03-22 00:00:00;2029-01-19 00:00:00;2029-01-21 00:00:00
2029-01-16 00:00:00;SO941998;C0028;VS003;524;2029-01-30 00:00:00;2029-02-07 00:00:00;2029-01-24 00:00:00;2029-02-01 00:00:00
2029-01-16 00:00:00;SO286263;C0007;AL001;545;2029-03-20 00:00:00;2029-03-21 00:00:00;2029-01-19 00:00:00;2029-01-20 00:00:00
2029-01-16 00:00:00;SO941998;C0028;CS001;949;2029-01-30 00:00:00;2029-02-07 00:00:00;2029-01-24 00:00:00;2029-02-01 00:00:00
2029-01-16 00:00:00;SO941998;C0028;AS004;1031;2029-01-30 00:00:00;2029-02-04 00:00:00;2029-01-24 00:00:00;2029-01-29 00:00:00
2029-01-17 00:00:00;SO524954;C0030;AS005;1104;2029-03-21 00:00:00;2029-03-25 00:00:00;2029-01-25 00:00:00;2029-01-29 00:00:00
2029-01-17 00:00:00;SO184394;C0003;AS002;883;2029-02-28 00:00:00;2029-02-27 00:00:00;2029-01-19 00:00:00;2029-01-18 00:00:00
2029-01-17 00:00:00;SO842263;C0016;VS001;1028;2029-01-31 00:00:00;2029-01-27 00:00:00;2029-01-21 00:00:00;2029-01-17 00:00:00
2029-01-17 00:00:00;SO524954;C0030;CS002;674;2029-03-21 00:00:00;2029-03-11 00:00:00;2029-01-25 00:00:00;2029-01-15 00:00:00
2029-01-17 00:00:00;SO184394;C0003;CS001;987;2029-02-28 00:00:00;2029-03-09 00:00:00;2029-01-19 00:00:00;2029-01-28 00:00:00
2029-01-17 00:00:00;SO184394;C0003;VS005;615;2029-02-28 00:00:00;2029-02-25 00:00:00;2029-01-19 00:00:00;2029-01-16 00:00:00
2029-01-17 00:00:00;SO524954;C0030;AT001;639;2029-03-21 00:00:00;2029-03-17 00:00:00;2029-01-25 00:00:00;2029-01-21 00:00:00
2029-01-17 00:00:00;SO524954;C0030;AS004;1026;2029-03-21 00:00:00;2029-03-27 00:00:00;2029-01-25 00:00:00;2029-01-31 00:00:00
2029-01-17 00:00:00;SO184394;C0003;CT003;748;2029-02-28 00:00:00;2029-03-07 00:00:00;2029-01-19 00:00:00;2029-01-26 00:00:00
2029-01-17 00:00:00;SO524954;C0030;CT002;890;2029-03-21 00:00:00;2029-03-17 00:00:00;2029-01-25 00:00:00;2029-01-21 00:00:00
2029-01-17 00:00:00;SO842263;C0016;VS004;1221;2029-01-31 00:00:00;2029-01-23 00:00:00;2029-01-21 00:00:00;2029-01-13 00:00:00
2029-01-17 00:00:00;SO184394;C0003;CT002;976;2029-02-28 00:00:00;2029-03-04 00:00:00;2029-01-19 00:00:00;2029-01-23 00:00:00
2029-01-17 00:00:00;SO184394;C0003;CS003;1108;2029-02-28 00:00:00;2029-03-07 00:00:00;2029-01-19 00:00:00;2029-01-26 00:00:00
2029-01-17 00:00:00;SO842263;C0016;AT001;1044;2029-01-31 00:00:00;2029-01-28 00:00:00;2029-01-21 00:00:00;2029-01-18 00:00:00
2029-01-17 00:00:00;SO842263;C0016;CT001;1036;2029-01-31 00:00:00;2029-01-30 00:00:00;2029-01-21 00:00:00;2029-01-20 00:00:00
2029-01-17 00:00:00;SO842263;C0016;CT002;943;2029-01-31 00:00:00;2029-01-31 00:00:00;2029-01-21 00:00:00;2029-01-21 00:00:00
2029-01-17 00:00:00;SO184394;C0003;AT002;731;2029-02-28 00:00:00;2029-03-08 00:00:00;2029-01-19 00:00:00;2029-01-27 00:00:00
2029-01-18 00:00:00;SO139422;C0019;AS004;821;2029-03-22 00:00:00;2029-03-20 00:00:00;2029-01-22 00:00:00;2029-01-20 00:00:00
2029-01-18 00:00:00;SO103314;C0016;CT001;572;2029-02-01 00:00:00;2029-02-07 00:00:00;2029-01-22 00:00:00;2029-01-28 00:00:00
2029-01-18 00:00:00;SO103314;C0016;CS001;949;2029-02-01 00:00:00;2029-01-26 00:00:00;2029-01-22 00:00:00;2029-01-16 00:00:00
2029-01-18 00:00:00;SO139422;C0019;CT002;771;2029-03-22 00:00:00;2029-03-14 00:00:00;2029-01-22 00:00:00;2029-01-14 00:00:00
2029-01-18 00:00:00;SO139422;C0019;VS004;493;2029-03-22 00:00:00;2029-03-21 00:00:00;2029-01-22 00:00:00;2029-01-21 00:00:00
2029-01-18 00:00:00;SO139422;C0019;AS002;487;2029-03-22 00:00:00;2029-03-22 00:00:00;2029-01-22 00:00:00;2029-01-22 00:00:00
2029-01-18 00:00:00;SO103314;C0016;CS004;1183;2029-02-01 00:00:00;2029-01-29 00:00:00;2029-01-22 00:00:00;2029-01-19 00:00:00
2029-01-18 00:00:00;SO139422;C0019;AL001;957;2029-03-22 00:00:00;2029-03-28 00:00:00;2029-01-22 00:00:00;2029-01-28 00:00:00
2029-01-18 00:00:00;SO103314;C0016;AS003;1143;2029-02-01 00:00:00;2029-02-01 00:00:00;2029-01-22 00:00:00;2029-01-22 00:00:00
2029-01-18 00:00:00;SO103314;C0016;AS002;712;2029-02-01 00:00:00;2029-02-09 00:00:00;2029-01-22 00:00:00;2029-01-30 00:00:00
2029-01-18 00:00:00;SO103314;C0016;CL001;1054;2029-02-01 00:00:00;2029-02-08 00:00:00;2029-01-22 00:00:00;2029-01-29 00:00:00
2029-01-18 00:00:00;SO103314;C0016;CS002;1013;2029-02-01 00:00:00;2029-02-08 00:00:00;2029-01-22 00:00:00;2029-01-29 00:00:00
2029-01-18 00:00:00;SO139422;C0019;AS005;571;2029-03-22 00:00:00;2029-03-12 00:00:00;2029-01-22 00:00:00;2029-01-12 00:00:00
2029-01-18 00:00:00;SO103314;C0016;AT001;571;2029-02-01 00:00:00;2029-01-29 00:00:00;2029-01-22 00:00:00;2029-01-19 00:00:00
2029-01-18 00:00:00;SO103314;C0016;AL001;1017;2029-02-01 00:00:00;2029-02-05 00:00:00;2029-01-22 00:00:00;2029-01-26 00:00:00
2029-01-18 00:00:00;SO139422;C0019;CS001;1097;2029-03-22 00:00:00;2029-03-28 00:00:00;2029-01-22 00:00:00;2029-01-28 00:00:00
2029-01-18 00:00:00;SO139422;C0019;CS004;556;2029-03-22 00:00:00;2029-03-27 00:00:00;2029-01-22 00:00:00;2029-01-27 00:00:00
2029-01-19 00:00:00;SO984768;C0022;VS003;595;2029-03-02 00:00:00;2029-03-09 00:00:00;2029-01-23 00:00:00;2029-01-30 00:00:00
2029-01-19 00:00:00;SO312366;C0013;AT001;1113;2029-02-16 00:00:00;2029-02-26 00:00:00;2029-01-23 00:00:00;2029-02-02 00:00:00
2029-01-19 00:00:00;SO334914;C0002;VS002;612;2029-02-23 00:00:00;2029-02-17 00:00:00;2029-01-21 00:00:00;2029-01-15 00:00:00
2029-01-19 00:00:00;SO242390;C0004;AT002;868;2029-02-02 00:00:00;2029-01-26 00:00:00;2029-01-21 00:00:00;2029-01-14 00:00:00
2029-01-19 00:00:00;SO334914;C0002;CS004;1215;2029-02-23 00:00:00;2029-03-02 00:00:00;2029-01-21 00:00:00;2029-01-28 00:00:00
2029-01-19 00:00:00;SO242390;C0004;VS004;927;2029-02-02 00:00:00;2029-01-24 00:00:00;2029-01-21 00:00:00;2029-01-12 00:00:00
2029-01-19 00:00:00;SO312366;C0013;VS002;604;2029-02-16 00:00:00;2029-02-21 00:00:00;2029-01-23 00:00:00;2029-01-28 00:00:00
2029-01-19 00:00:00;SO984768;C0022;CS003;1132;2029-03-02 00:00:00;2029-03-11 00:00:00;2029-01-23 00:00:00;2029-02-01 00:00:00
2029-01-19 00:00:00;SO334914;C0002;AT002;694;2029-02-23 00:00:00;2029-02-23 00:00:00;2029-01-21 00:00:00;2029-01-21 00:00:00
2029-01-19 00:00:00;SO334914;C0002;AS004;997;2029-02-23 00:00:00;2029-03-03 00:00:00;2029-01-21 00:00:00;2029-01-29 00:00:00
2029-01-19 00:00:00;SO334914;C0002;VS003;834;2029-02-23 00:00:00;2029-03-04 00:00:00;2029-01-21 00:00:00;2029-01-30 00:00:00
2029-01-19 00:00:00;SO334914;C0002;VS001;1046;2029-02-23 00:00:00;2029-03-04 00:00:00;2029-01-21 00:00:00;2029-01-30 00:00:00
2029-01-19 00:00:00;SO334914;C0002;AS003;1404;2029-02-23 00:00:00;2029-02-21 00:00:00;2029-01-21 00:00:00;2029-01-19 00:00:00
2029-01-19 00:00:00;SO242390;C0004;AS001;584;2029-02-02 00:00:00;2029-02-02 00:00:00;2029-01-21 00:00:00;2029-01-21 00:00:00
2029-01-19 00:00:00;SO242390;C0004;CT001;938;2029-02-02 00:00:00;2029-02-11 00:00:00;2029-01-21 00:00:00;2029-01-30 00:00:00
2029-01-19 00:00:00;SO242390;C0004;CL001;996;2029-02-02 00:00:00;2029-02-04 00:00:00;2029-01-21 00:00:00;2029-01-23 00:00:00
2029-01-19 00:00:00;SO334914;C0002;CT003;1097;2029-02-23 00:00:00;2029-02-14 00:00:00;2029-01-21 00:00:00;2029-01-12 00:00:00
2029-01-19 00:00:00;SO312366;C0013;AS005;1401;2029-02-16 00:00:00;2029-02-17 00:00:00;2029-01-23 00:00:00;2029-01-24 00:00:00
2029-01-22 00:00:00;SO160103;C0030;CT002;661;2029-03-26 00:00:00;2029-03-25 00:00:00;2029-01-30 00:00:00;2029-01-29 00:00:00
2029-01-22 00:00:00;SO475623;C0007;CS004;1284;2029-03-26 00:00:00;2029-03-23 00:00:00;2029-01-25 00:00:00;2029-01-22 00:00:00
2029-01-22 00:00:00;SO160103;C0030;AS003;1291;2029-03-26 00:00:00;2029-03-17 00:00:00;2029-01-30 00:00:00;2029-01-21 00:00:00
2029-01-22 00:00:00;SO160103;C0030;AT002;764;2029-03-26 00:00:00;2029-04-02 00:00:00;2029-01-30 00:00:00;2029-02-06 00:00:00
2029-01-22 00:00:00;SO475623;C0007;CT001;1384;2029-03-26 00:00:00;2029-03-27 00:00:00;2029-01-25 00:00:00;2029-01-26 00:00:00
2029-01-22 00:00:00;SO475623;C0007;CS001;987;2029-03-26 00:00:00;2029-03-16 00:00:00;2029-01-25 00:00:00;2029-01-15 00:00:00
2029-01-22 00:00:00;SO475623;C0007;VS002;468;2029-03-26 00:00:00;2029-03-26 00:00:00;2029-01-25 00:00:00;2029-01-25 00:00:00
2029-01-22 00:00:00;SO160103;C0030;CS004;719;2029-03-26 00:00:00;2029-04-03 00:00:00;2029-01-30 00:00:00;2029-02-07 00:00:00
2029-01-22 00:00:00;SO160103;C0030;VS003;445;2029-03-26 00:00:00;2029-03-29 00:00:00;2029-01-30 00:00:00;2029-02-02 00:00:00
2029-01-22 00:00:00;SO475623;C0007;CS002;595;2029-03-26 00:00:00;2029-04-03 00:00:00;2029-01-25 00:00:00;2029-02-02 00:00:00
2029-01-22 00:00:00;SO475623;C0007;VS005;883;2029-03-26 00:00:00;2029-04-05 00:00:00;2029-01-25 00:00:00;2029-02-04 00:00:00
2029-01-22 00:00:00;SO160103;C0030;CL001;1121;2029-03-26 00:00:00;2029-03-30 00:00:00;2029-01-30 00:00:00;2029-02-03 00:00:00
2029-01-23 00:00:00;SO208140;C0030;VS005;1023;2029-03-27 00:00:00;2029-03-25 00:00:00;2029-01-31 00:00:00;2029-01-29 00:00:00
2029-01-23 00:00:00;SO721066;C0011;CT001;713;2029-02-27 00:00:00;2029-02-23 00:00:00;2029-01-26 00:00:00;2029-01-22 00:00:00
2029-01-23 00:00:00;SO224591;C0027;AS002;1188;2029-03-06 00:00:00;2029-02-25 00:00:00;2029-01-31 00:00:00;2029-01-22 00:00:00
2029-01-23 00:00:00;SO323414;C0001;CT002;844;2029-02-20 00:00:00;2029-02-15 00:00:00;2029-01-25 00:00:00;2029-01-20 00:00:00
2029-01-23 00:00:00;SO224591;C0027;VS005;937;2029-03-06 00:00:00;2029-03-13 00:00:00;2029-01-31 00:00:00;2029-02-07 00:00:00
2029-01-23 00:00:00;SO224591;C0027;VS001;541;2029-03-06 00:00:00;2029-03-15 00:00:00;2029-01-31 00:00:00;2029-02-09 00:00:00
2029-01-23 00:00:00;SO208140;C0030;CL001;1240;2029-03-27 00:00:00;2029-03-17 00:00:00;2029-01-31 00:00:00;2029-01-21 00:00:00
2029-01-23 00:00:00;SO323414;C0001;AT002;715;2029-02-20 00:00:00;2029-02-19 00:00:00;2029-01-25 00:00:00;2029-01-24 00:00:00
2029-01-23 00:00:00;SO208140;C0030;VS003;1179;2029-03-27 00:00:00;2029-03-26 00:00:00;2029-01-31 00:00:00;2029-01-30 00:00:00
2029-01-23 00:00:00;SO323414;C0001;AS002;381;2029-02-20 00:00:00;2029-02-20 00:00:00;2029-01-25 00:00:00;2029-01-25 00:00:00
2029-01-23 00:00:00;SO323414;C0001;CT003;665;2029-02-20 00:00:00;2029-02-21 00:00:00;2029-01-25 00:00:00;2029-01-26 00:00:00
2029-01-23 00:00:00;SO224591;C0027;VS003;585;2029-03-06 00:00:00;2029-02-25 00:00:00;2029-01-31 00:00:00;2029-01-22 00:00:00
2029-01-23 00:00:00;SO721066;C0011;AT002;904;2029-02-27 00:00:00;2029-02-24 00:00:00;2029-01-26 00:00:00;2029-01-23 00:00:00
2029-01-23 00:00:00;SO721066;C0011;CT003;1137;2029-02-27 00:00:00;2029-03-05 00:00:00;2029-01-26 00:00:00;2029-02-01 00:00:00
2029-01-23 00:00:00;SO224591;C0027;AS003;1152;2029-03-06 00:00:00;2029-03-12 00:00:00;2029-01-31 00:00:00;2029-02-06 00:00:00
2029-01-23 00:00:00;SO323414;C0001;AT001;1156;2029-02-20 00:00:00;2029-02-27 00:00:00;2029-01-25 00:00:00;2029-02-01 00:00:00
2029-01-24 00:00:00;SO744064;C0003;CS002;505;2029-03-07 00:00:00;2029-02-26 00:00:00;2029-01-26 00:00:00;2029-01-17 00:00:00
2029-01-24 00:00:00;SO693084;C0008;VS002;1526;2029-03-21 00:00:00;2029-03-30 00:00:00;2029-01-27 00:00:00;2029-02-05 00:00:00
2029-01-24 00:00:00;SO744064;C0003;AT001;591;2029-03-07 00:00:00;2029-03-01 00:00:00;2029-01-26 00:00:00;2029-01-20 00:00:00
2029-01-24 00:00:00;SO693084;C0008;CS001;483;2029-03-21 00:00:00;2029-03-29 00:00:00;2029-01-27 00:00:00;2029-02-04 00:00:00
2029-01-24 00:00:00;SO744064;C0003;VS005;879;2029-03-07 00:00:00;2029-02-27 00:00:00;2029-01-26 00:00:00;2029-01-18 00:00:00
2029-01-24 00:00:00;SO693084;C0008;VS001;961;2029-03-21 00:00:00;2029-03-24 00:00:00;2029-01-27 00:00:00;2029-01-30 00:00:00
2029-01-24 00:00:00;SO744064;C0003;VS004;410;2029-03-07 00:00:00;2029-03-05 00:00:00;2029-01-26 00:00:00;2029-01-24 00:00:00
2029-01-24 00:00:00;SO693084;C0008;AS003;1143;2029-03-21 00:00:00;2029-03-31 00:00:00;2029-01-27 00:00:00;2029-02-06 00:00:00
2029-01-24 00:00:00;SO693084;C0008;AS001;1005;2029-03-21 00:00:00;2029-03-27 00:00:00;2029-01-27 00:00:00;2029-02-02 00:00:00
2029-01-24 00:00:00;SO744064;C0003;AS001;782;2029-03-07 00:00:00;2029-02-28 00:00:00;2029-01-26 00:00:00;2029-01-19 00:00:00
2029-01-24 00:00:00;SO744064;C0003;AS005;778;2029-03-07 00:00:00;2029-03-01 00:00:00;2029-01-26 00:00:00;2029-01-20 00:00:00
2029-01-24 00:00:00;SO744064;C0003;CS001;1017;2029-03-07 00:00:00;2029-03-07 00:00:00;2029-01-26 00:00:00;2029-01-26 00:00:00
2029-01-25 00:00:00;SO240253;C0026;AT001;1007;2029-03-01 00:00:00;2029-03-11 00:00:00;2029-02-02 00:00:00;2029-02-12 00:00:00
2029-01-25 00:00:00;SO293740;C0021;AT001;919;2029-02-08 00:00:00;2029-02-18 00:00:00;2029-01-29 00:00:00;2029-02-08 00:00:00
2029-01-25 00:00:00;SO374754;C0016;AT002;1046;2029-02-08 00:00:00;2029-02-12 00:00:00;2029-01-29 00:00:00;2029-02-02 00:00:00
2029-01-25 00:00:00;SO957017;C0020;AT002;974;2029-03-22 00:00:00;2029-03-13 00:00:00;2029-01-29 00:00:00;2029-01-20 00:00:00
2029-01-25 00:00:00;SO293740;C0021;CS002;987;2029-02-08 00:00:00;2029-02-14 00:00:00;2029-01-29 00:00:00;2029-02-04 00:00:00
2029-01-25 00:00:00;SO957017;C0020;AL002;1270;2029-03-22 00:00:00;2029-03-24 00:00:00;2029-01-29 00:00:00;2029-01-31 00:00:00
2029-01-25 00:00:00;SO374754;C0016;AS005;746;2029-02-08 00:00:00;2029-02-09 00:00:00;2029-01-29 00:00:00;2029-01-30 00:00:00
2029-01-25 00:00:00;SO240253;C0026;VS003;655;2029-03-01 00:00:00;2029-03-01 00:00:00;2029-02-02 00:00:00;2029-02-02 00:00:00
2029-01-25 00:00:00;SO374754;C0016;CS003;906;2029-02-08 00:00:00;2029-02-12 00:00:00;2029-01-29 00:00:00;2029-02-02 00:00:00
2029-01-25 00:00:00;SO293740;C0021;AS005;787;2029-02-08 00:00:00;2029-02-09 00:00:00;2029-01-29 00:00:00;2029-01-30 00:00:00
2029-01-25 00:00:00;SO240253;C0026;AS003;704;2029-03-01 00:00:00;2029-02-24 00:00:00;2029-02-02 00:00:00;2029-01-28 00:00:00
2029-01-25 00:00:00;SO957017;C0020;AS001;1148;2029-03-22 00:00:00;2029-03-31 00:00:00;2029-01-29 00:00:00;2029-02-07 00:00:00
2029-01-25 00:00:00;SO240253;C0026;VS001;567;2029-03-01 00:00:00;2029-02-20 00:00:00;2029-02-02 00:00:00;2029-01-24 00:00:00
2029-01-25 00:00:00;SO957017;C0020;CS003;724;2029-03-22 00:00:00;2029-03-22 00:00:00;2029-01-29 00:00:00;2029-01-29 00:00:00
2029-01-25 00:00:00;SO240253;C0026;CT003;1405;2029-03-01 00:00:00;2029-02-21 00:00:00;2029-02-02 00:00:00;2029-01-25 00:00:00
2029-01-26 00:00:00;SO791380;C0023;VS001;939;2029-03-02 00:00:00;2029-03-03 00:00:00;2029-01-30 00:00:00;2029-01-31 00:00:00
2029-01-26 00:00:00;SO999073;C0002;AS004;688;2029-03-02 00:00:00;2029-02-24 00:00:00;2029-01-28 00:00:00;2029-01-22 00:00:00
2029-01-26 00:00:00;SO311027;C0010;AS003;1215;2029-03-09 00:00:00;2029-03-10 00:00:00;2029-01-29 00:00:00;2029-01-30 00:00:00
2029-01-26 00:00:00;SO999073;C0002;CS002;343;2029-03-02 00:00:00;2029-02-28 00:00:00;2029-01-28 00:00:00;2029-01-26 00:00:00
2029-01-26 00:00:00;SO999073;C0002;VS001;738;2029-03-02 00:00:00;2029-03-09 00:00:00;2029-01-28 00:00:00;2029-02-04 00:00:00
2029-01-26 00:00:00;SO999073;C0002;CL001;1354;2029-03-02 00:00:00;2029-03-04 00:00:00;2029-01-28 00:00:00;2029-01-30 00:00:00
2029-01-26 00:00:00;SO791380;C0023;AT002;1429;2029-03-02 00:00:00;2029-02-26 00:00:00;2029-01-30 00:00:00;2029-01-26 00:00:00
2029-01-26 00:00:00;SO311027;C0010;VS003;934;2029-03-09 00:00:00;2029-03-14 00:00:00;2029-01-29 00:00:00;2029-02-03 00:00:00
2029-01-26 00:00:00;SO999073;C0002;VS002;292;2029-03-02 00:00:00;2029-03-06 00:00:00;2029-01-28 00:00:00;2029-02-01 00:00:00
2029-01-26 00:00:00;SO311027;C0010;VS004;802;2029-03-09 00:00:00;2029-03-13 00:00:00;2029-01-29 00:00:00;2029-02-02 00:00:00
2029-01-26 00:00:00;SO999073;C0002;VS003;884;2029-03-02 00:00:00;2029-03-01 00:00:00;2029-01-28 00:00:00;2029-01-27 00:00:00
2029-01-26 00:00:00;SO999073;C0002;AT001;1205;2029-03-02 00:00:00;2029-02-21 00:00:00;2029-01-28 00:00:00;2029-01-19 00:00:00
2029-01-26 00:00:00;SO311027;C0010;AT002;1380;2029-03-09 00:00:00;2029-03-10 00:00:00;2029-01-29 00:00:00;2029-01-30 00:00:00
2029-01-29 00:00:00;SO145562;C0008;AS003;373;2029-03-26 00:00:00;2029-04-03 00:00:00;2029-02-01 00:00:00;2029-02-09 00:00:00
2029-01-29 00:00:00;SO676226;C0005;VS002;1008;2029-03-26 00:00:00;2029-03-25 00:00:00;2029-01-31 00:00:00;2029-01-30 00:00:00
2029-01-29 00:00:00;SO676226;C0005;AL001;1139;2029-03-26 00:00:00;2029-04-01 00:00:00;2029-01-31 00:00:00;2029-02-06 00:00:00
2029-01-29 00:00:00;SO145562;C0008;CS004;643;2029-03-26 00:00:00;2029-03-26 00:00:00;2029-02-01 00:00:00;2029-02-01 00:00:00
2029-01-29 00:00:00;SO676226;C0005;VS003;791;2029-03-26 00:00:00;2029-03-23 00:00:00;2029-01-31 00:00:00;2029-01-28 00:00:00
2029-01-29 00:00:00;SO676226;C0005;CT001;1280;2029-03-26 00:00:00;2029-04-03 00:00:00;2029-01-31 00:00:00;2029-02-08 00:00:00
2029-01-29 00:00:00;SO676226;C0005;CT002;669;2029-03-26 00:00:00;2029-04-03 00:00:00;2029-01-31 00:00:00;2029-02-08 00:00:00
2029-01-29 00:00:00;SO676226;C0005;CS001;637;2029-03-26 00:00:00;2029-03-28 00:00:00;2029-01-31 00:00:00;2029-02-02 00:00:00
2029-01-29 00:00:00;SO676226;C0005;AS001;900;2029-03-26 00:00:00;2029-04-04 00:00:00;2029-01-31 00:00:00;2029-02-09 00:00:00
2029-01-29 00:00:00;SO145562;C0008;VS002;943;2029-03-26 00:00:00;2029-03-19 00:00:00;2029-02-01 00:00:00;2029-01-25 00:00:00
2029-01-29 00:00:00;SO676226;C0005;VS005;1113;2029-03-26 00:00:00;2029-03-27 00:00:00;2029-01-31 00:00:00;2029-02-01 00:00:00
2029-01-29 00:00:00;SO676226;C0005;AT002;1308;2029-03-26 00:00:00;2029-04-04 00:00:00;2029-01-31 00:00:00;2029-02-09 00:00:00
2029-01-29 00:00:00;SO676226;C0005;CS004;1118;2029-03-26 00:00:00;2029-04-02 00:00:00;2029-01-31 00:00:00;2029-02-07 00:00:00
2029-01-29 00:00:00;SO145562;C0008;CS003;888;2029-03-26 00:00:00;2029-03-31 00:00:00;2029-02-01 00:00:00;2029-02-06 00:00:00
2029-01-30 00:00:00;SO958730;C0005;AS005;323;2029-03-27 00:00:00;2029-03-31 00:00:00;2029-02-01 00:00:00;2029-02-05 00:00:00
2029-01-30 00:00:00;SO454529;C0007;VS001;1081;2029-04-03 00:00:00;2029-04-03 00:00:00;2029-02-02 00:00:00;2029-02-02 00:00:00
2029-01-30 00:00:00;SO454529;C0007;CS004;338;2029-04-03 00:00:00;2029-03-29 00:00:00;2029-02-02 00:00:00;2029-01-28 00:00:00
2029-01-30 00:00:00;SO454529;C0007;CT001;619;2029-04-03 00:00:00;2029-03-31 00:00:00;2029-02-02 00:00:00;2029-01-30 00:00:00
2029-01-30 00:00:00;SO454529;C0007;CL001;645;2029-04-03 00:00:00;2029-03-25 00:00:00;2029-02-02 00:00:00;2029-01-24 00:00:00
2029-01-30 00:00:00;SO958730;C0005;CT001;661;2029-03-27 00:00:00;2029-03-26 00:00:00;2029-02-01 00:00:00;2029-01-31 00:00:00
2029-01-30 00:00:00;SO958730;C0005;VS001;514;2029-03-27 00:00:00;2029-03-26 00:00:00;2029-02-01 00:00:00;2029-01-31 00:00:00
2029-01-30 00:00:00;SO454529;C0007;CS001;760;2029-04-03 00:00:00;2029-04-06 00:00:00;2029-02-02 00:00:00;2029-02-05 00:00:00
2029-01-30 00:00:00;SO454529;C0007;AS005;829;2029-04-03 00:00:00;2029-04-08 00:00:00;2029-02-02 00:00:00;2029-02-07 00:00:00
2029-01-30 00:00:00;SO958730;C0005;VS005;565;2029-03-27 00:00:00;2029-03-25 00:00:00;2029-02-01 00:00:00;2029-01-30 00:00:00
2029-01-30 00:00:00;SO958730;C0005;VS002;771;2029-03-27 00:00:00;2029-03-31 00:00:00;2029-02-01 00:00:00;2029-02-05 00:00:00
2029-01-30 00:00:00;SO958730;C0005;CL001;659;2029-03-27 00:00:00;2029-03-17 00:00:00;2029-02-01 00:00:00;2029-01-22 00:00:00
2029-01-30 00:00:00;SO454529;C0007;AL001;659;2029-04-03 00:00:00;2029-04-02 00:00:00;2029-02-02 00:00:00;2029-02-01 00:00:00
2029-01-31 00:00:00;SO134695;C0007;VS002;600;2029-04-04 00:00:00;2029-04-12 00:00:00;2029-02-03 00:00:00;2029-02-11 00:00:00
2029-01-31 00:00:00;SO636871;C0022;CS002;1101;2029-03-14 00:00:00;2029-03-04 00:00:00;2029-02-04 00:00:00;2029-01-25 00:00:00
2029-01-31 00:00:00;SO764258;C0014;CL001;917;2029-03-07 00:00:00;2029-02-27 00:00:00;2029-02-04 00:00:00;2029-01-27 00:00:00
2029-01-31 00:00:00;SO987217;C0002;CT001;1207;2029-03-07 00:00:00;2029-03-08 00:00:00;2029-02-02 00:00:00;2029-02-03 00:00:00
2029-01-31 00:00:00;SO636871;C0022;VS004;334;2029-03-14 00:00:00;2029-03-10 00:00:00;2029-02-04 00:00:00;2029-01-31 00:00:00
2029-01-31 00:00:00;SO987217;C0002;VS002;712;2029-03-07 00:00:00;2029-02-27 00:00:00;2029-02-02 00:00:00;2029-01-25 00:00:00
2029-01-31 00:00:00;SO134695;C0007;VS001;544;2029-04-04 00:00:00;2029-04-01 00:00:00;2029-02-03 00:00:00;2029-01-31 00:00:00
2029-01-31 00:00:00;SO764258;C0014;VS004;777;2029-03-07 00:00:00;2029-03-11 00:00:00;2029-02-04 00:00:00;2029-02-08 00:00:00
2029-01-31 00:00:00;SO134695;C0007;AS001;1001;2029-04-04 00:00:00;2029-04-06 00:00:00;2029-02-03 00:00:00;2029-02-05 00:00:00
2029-01-31 00:00:00;SO987217;C0002;CS002;869;2029-03-07 00:00:00;2029-02-25 00:00:00;2029-02-02 00:00:00;2029-01-23 00:00:00
2029-01-31 00:00:00;SO134695;C0007;AS002;993;2029-04-04 00:00:00;2029-04-11 00:00:00;2029-02-03 00:00:00;2029-02-10 00:00:00
2029-01-31 00:00:00;SO987217;C0002;VS005;1132;2029-03-07 00:00:00;2029-03-07 00:00:00;2029-02-02 00:00:00;2029-02-02 00:00:00
2029-01-31 00:00:00;SO134695;C0007;CT001;1525;2029-04-04 00:00:00;2029-04-04 00:00:00;2029-02-03 00:00:00;2029-02-03 00:00:00
2029-02-01 00:00:00;SO637598;C0015;CS003;1073;2029-03-15 00:00:00;2029-03-17 00:00:00;2029-02-05 00:00:00;2029-02-07 00:00:00
2029-02-01 00:00:00;SO891225;C0013;AS004;1213;2029-03-01 00:00:00;2029-03-04 00:00:00;2029-02-05 00:00:00;2029-02-08 00:00:00
2029-02-01 00:00:00;SO524314;C0029;CS002;1125;2029-03-29 00:00:00;2029-03-28 00:00:00;2029-02-09 00:00:00;2029-02-08 00:00:00
2029-02-01 00:00:00;SO799881;C0006;VS002;1137;2029-04-05 00:00:00;2029-03-28 00:00:00;2029-02-03 00:00:00;2029-01-26 00:00:00
2029-02-01 00:00:00;SO891225;C0013;VS002;529;2029-03-01 00:00:00;2029-03-07 00:00:00;2029-02-05 00:00:00;2029-02-11 00:00:00
2029-02-01 00:00:00;SO891225;C0013;CS003;569;2029-03-01 00:00:00;2029-02-24 00:00:00;2029-02-05 00:00:00;2029-01-31 00:00:00
2029-02-01 00:00:00;SO637598;C0015;AS001;1148;2029-03-15 00:00:00;2029-03-25 00:00:00;2029-02-05 00:00:00;2029-02-15 00:00:00
2029-02-01 00:00:00;SO524314;C0029;AS001;491;2029-03-29 00:00:00;2029-03-23 00:00:00;2029-02-09 00:00:00;2029-02-03 00:00:00
2029-02-01 00:00:00;SO799881;C0006;AS004;603;2029-04-05 00:00:00;2029-03-31 00:00:00;2029-02-03 00:00:00;2029-01-29 00:00:00
2029-02-01 00:00:00;SO637598;C0015;CT003;980;2029-03-15 00:00:00;2029-03-17 00:00:00;2029-02-05 00:00:00;2029-02-07 00:00:00
2029-02-01 00:00:00;SO799881;C0006;AT001;553;2029-04-05 00:00:00;2029-03-28 00:00:00;2029-02-03 00:00:00;2029-01-26 00:00:00
2029-02-01 00:00:00;SO637598;C0015;CS002;464;2029-03-15 00:00:00;2029-03-06 00:00:00;2029-02-05 00:00:00;2029-01-27 00:00:00
2029-02-02 00:00:00;SO493916;C0003;CT001;577;2029-03-16 00:00:00;2029-03-11 00:00:00;2029-02-04 00:00:00;2029-01-30 00:00:00
2029-02-02 00:00:00;SO260049;C0020;CL002;1366;2029-03-30 00:00:00;2029-04-07 00:00:00;2029-02-06 00:00:00;2029-02-14 00:00:00
2029-02-02 00:00:00;SO493916;C0003;AS001;892;2029-03-16 00:00:00;2029-03-10 00:00:00;2029-02-04 00:00:00;2029-01-29 00:00:00
2029-02-02 00:00:00;SO493916;C0003;CS002;408;2029-03-16 00:00:00;2029-03-22 00:00:00;2029-02-04 00:00:00;2029-02-10 00:00:00
2029-02-02 00:00:00;SO260049;C0020;VS003;851;2029-03-30 00:00:00;2029-03-20 00:00:00;2029-02-06 00:00:00;2029-01-27 00:00:00
2029-02-02 00:00:00;SO260049;C0020;AS004;374;2029-03-30 00:00:00;2029-03-21 00:00:00;2029-02-06 00:00:00;2029-01-28 00:00:00
2029-02-02 00:00:00;SO260049;C0020;CT001;865;2029-03-30 00:00:00;2029-04-06 00:00:00;2029-02-06 00:00:00;2029-02-13 00:00:00
2029-02-02 00:00:00;SO493916;C0003;VS002;1198;2029-03-16 00:00:00;2029-03-06 00:00:00;2029-02-04 00:00:00;2029-01-25 00:00:00
2029-02-02 00:00:00;SO493916;C0003;CS001;1079;2029-03-16 00:00:00;2029-03-13 00:00:00;2029-02-04 00:00:00;2029-02-01 00:00:00
2029-02-02 00:00:00;SO493916;C0003;AS002;623;2029-03-16 00:00:00;2029-03-16 00:00:00;2029-02-04 00:00:00;2029-02-04 00:00:00
2029-02-02 00:00:00;SO260049;C0020;AS002;620;2029-03-30 00:00:00;2029-03-26 00:00:00;2029-02-06 00:00:00;2029-02-02 00:00:00
2029-02-02 00:00:00;SO260049;C0020;VS005;1017;2029-03-30 00:00:00;2029-03-29 00:00:00;2029-02-06 00:00:00;2029-02-05 00:00:00
2029-02-02 00:00:00;SO493916;C0003;AS005;1320;2029-03-16 00:00:00;2029-03-11 00:00:00;2029-02-04 00:00:00;2029-01-30 00:00:00
2029-02-02 00:00:00;SO260049;C0020;VS001;774;2029-03-30 00:00:00;2029-04-06 00:00:00;2029-02-06 00:00:00;2029-02-13 00:00:00
2029-02-02 00:00:00;SO260049;C0020;CT003;315;2029-03-30 00:00:00;2029-03-22 00:00:00;2029-02-06 00:00:00;2029-01-29 00:00:00
2029-02-02 00:00:00;SO493916;C0003;AS004;619;2029-03-16 00:00:00;2029-03-25 00:00:00;2029-02-04 00:00:00;2029-02-13 00:00:00
2029-02-02 00:00:00;SO260049;C0020;CS004;692;2029-03-30 00:00:00;2029-04-02 00:00:00;2029-02-06 00:00:00;2029-02-09 00:00:00
2029-02-02 00:00:00;SO493916;C0003;VS001;541;2029-03-16 00:00:00;2029-03-11 00:00:00;2029-02-04 00:00:00;2029-01-30 00:00:00
2029-02-05 00:00:00;SO896399;C0024;CT003;771;2029-03-05 00:00:00;2029-02-24 00:00:00;2029-02-09 00:00:00;2029-01-31 00:00:00
2029-02-05 00:00:00;SO344109;C0027;CT003;768;2029-03-19 00:00:00;2029-03-27 00:00:00;2029-02-13 00:00:00;2029-02-21 00:00:00
2029-02-05 00:00:00;SO896399;C0024;AS005;680;2029-03-05 00:00:00;2029-03-10 00:00:00;2029-02-09 00:00:00;2029-02-14 00:00:00
2029-02-05 00:00:00;SO896399;C0024;VS005;1202;2029-03-05 00:00:00;2029-03-01 00:00:00;2029-02-09 00:00:00;2029-02-05 00:00:00
2029-02-05 00:00:00;SO896399;C0024;AS004;857;2029-03-05 00:00:00;2029-03-06 00:00:00;2029-02-09 00:00:00;2029-02-10 00:00:00
2029-02-05 00:00:00;SO896399;C0024;CT001;478;2029-03-05 00:00:00;2029-03-07 00:00:00;2029-02-09 00:00:00;2029-02-11 00:00:00
2029-02-05 00:00:00;SO896399;C0024;AT002;581;2029-03-05 00:00:00;2029-03-11 00:00:00;2029-02-09 00:00:00;2029-02-15 00:00:00
2029-02-05 00:00:00;SO896399;C0024;VS002;1061;2029-03-05 00:00:00;2029-03-12 00:00:00;2029-02-09 00:00:00;2029-02-16 00:00:00
2029-02-05 00:00:00;SO344109;C0027;VS004;1030;2029-03-19 00:00:00;2029-03-24 00:00:00;2029-02-13 00:00:00;2029-02-18 00:00:00
2029-02-05 00:00:00;SO896399;C0024;CS004;755;2029-03-05 00:00:00;2029-03-09 00:00:00;2029-02-09 00:00:00;2029-02-13 00:00:00
2029-02-05 00:00:00;SO344109;C0027;VS001;1109;2029-03-19 00:00:00;2029-03-24 00:00:00;2029-02-13 00:00:00;2029-02-18 00:00:00
2029-02-05 00:00:00;SO344109;C0027;VS005;873;2029-03-19 00:00:00;2029-03-18 00:00:00;2029-02-13 00:00:00;2029-02-12 00:00:00
2029-02-05 00:00:00;SO344109;C0027;CS004;822;2029-03-19 00:00:00;2029-03-26 00:00:00;2029-02-13 00:00:00;2029-02-20 00:00:00
2029-02-05 00:00:00;SO344109;C0027;AS001;954;2029-03-19 00:00:00;2029-03-29 00:00:00;2029-02-13 00:00:00;2029-02-23 00:00:00
2029-02-05 00:00:00;SO344109;C0027;AS004;1001;2029-03-19 00:00:00;2029-03-19 00:00:00;2029-02-13 00:00:00;2029-02-13 00:00:00
2029-02-05 00:00:00;SO344109;C0027;CS001;1236;2029-03-19 00:00:00;2029-03-19 00:00:00;2029-02-13 00:00:00;2029-02-13 00:00:00
2029-02-05 00:00:00;SO344109;C0027;CL002;571;2029-03-19 00:00:00;2029-03-29 00:00:00;2029-02-13 00:00:00;2029-02-23 00:00:00
2029-02-05 00:00:00;SO344109;C0027;AT001;1429;2029-03-19 00:00:00;2029-03-27 00:00:00;2029-02-13 00:00:00;2029-02-21 00:00:00
2029-02-05 00:00:00;SO344109;C0027;AS005;355;2029-03-19 00:00:00;2029-03-19 00:00:00;2029-02-13 00:00:00;2029-02-13 00:00:00
2029-02-06 00:00:00;SO560460;C0022;AS003;526;2029-03-20 00:00:00;2029-03-24 00:00:00;2029-02-10 00:00:00;2029-02-14 00:00:00
2029-02-06 00:00:00;SO961869;C0020;AT001;1194;2029-04-03 00:00:00;2029-04-06 00:00:00;2029-02-10 00:00:00;2029-02-13 00:00:00
2029-02-06 00:00:00;SO961869;C0020;CT001;973;2029-04-03 00:00:00;2029-04-04 00:00:00;2029-02-10 00:00:00;2029-02-11 00:00:00
2029-02-06 00:00:00;SO560460;C0022;CS002;952;2029-03-20 00:00:00;2029-03-28 00:00:00;2029-02-10 00:00:00;2029-02-18 00:00:00
2029-02-06 00:00:00;SO961869;C0020;VS002;616;2029-04-03 00:00:00;2029-04-05 00:00:00;2029-02-10 00:00:00;2029-02-12 00:00:00
2029-02-06 00:00:00;SO560460;C0022;VS003;798;2029-03-20 00:00:00;2029-03-30 00:00:00;2029-02-10 00:00:00;2029-02-20 00:00:00
2029-02-06 00:00:00;SO560460;C0022;VS005;1192;2029-03-20 00:00:00;2029-03-28 00:00:00;2029-02-10 00:00:00;2029-02-18 00:00:00
2029-02-06 00:00:00;SO560460;C0022;CS001;1079;2029-03-20 00:00:00;2029-03-25 00:00:00;2029-02-10 00:00:00;2029-02-15 00:00:00
2029-02-06 00:00:00;SO961869;C0020;AL002;1137;2029-04-03 00:00:00;2029-04-08 00:00:00;2029-02-10 00:00:00;2029-02-15 00:00:00
2029-02-06 00:00:00;SO961869;C0020;VS001;754;2029-04-03 00:00:00;2029-04-13 00:00:00;2029-02-10 00:00:00;2029-02-20 00:00:00
2029-02-06 00:00:00;SO560460;C0022;AS002;659;2029-03-20 00:00:00;2029-03-10 00:00:00;2029-02-10 00:00:00;2029-01-31 00:00:00
2029-02-06 00:00:00;SO961869;C0020;AS001;396;2029-04-03 00:00:00;2029-03-28 00:00:00;2029-02-10 00:00:00;2029-02-04 00:00:00
2029-02-06 00:00:00;SO961869;C0020;CS001;559;2029-04-03 00:00:00;2029-04-03 00:00:00;2029-02-10 00:00:00;2029-02-10 00:00:00
2029-02-06 00:00:00;SO560460;C0022;VS002;1071;2029-03-20 00:00:00;2029-03-24 00:00:00;2029-02-10 00:00:00;2029-02-14 00:00:00
2029-02-06 00:00:00;SO961869;C0020;CT003;894;2029-04-03 00:00:00;2029-03-25 00:00:00;2029-02-10 00:00:00;2029-02-01 00:00:00
2029-02-07 00:00:00;SO397625;C0003;VS004;742;2029-03-21 00:00:00;2029-03-26 00:00:00;2029-02-09 00:00:00;2029-02-14 00:00:00
2029-02-07 00:00:00;SO177788;C0019;CS003;587;2029-04-11 00:00:00;2029-04-02 00:00:00;2029-02-11 00:00:00;2029-02-02 00:00:00
2029-02-07 00:00:00;SO397625;C0003;VS002;645;2029-03-21 00:00:00;2029-03-28 00:00:00;2029-02-09 00:00:00;2029-02-16 00:00:00
2029-02-07 00:00:00;SO177788;C0019;AL001;708;2029-04-11 00:00:00;2029-04-17 00:00:00;2029-02-11 00:00:00;2029-02-17 00:00:00
2029-02-07 00:00:00;SO177788;C0019;VS004;1044;2029-04-11 00:00:00;2029-04-21 00:00:00;2029-02-11 00:00:00;2029-02-21 00:00:00
2029-02-07 00:00:00;SO397625;C0003;CS002;1036;2029-03-21 00:00:00;2029-03-16 00:00:00;2029-02-09 00:00:00;2029-02-04 00:00:00
2029-02-07 00:00:00;SO397625;C0003;VS005;856;2029-03-21 00:00:00;2029-03-15 00:00:00;2029-02-09 00:00:00;2029-02-03 00:00:00
2029-02-07 00:00:00;SO177788;C0019;AS002;1252;2029-04-11 00:00:00;2029-04-08 00:00:00;2029-02-11 00:00:00;2029-02-08 00:00:00
2029-02-07 00:00:00;SO397625;C0003;AS002;708;2029-03-21 00:00:00;2029-03-20 00:00:00;2029-02-09 00:00:00;2029-02-08 00:00:00
2029-02-07 00:00:00;SO177788;C0019;CT001;560;2029-04-11 00:00:00;2029-04-01 00:00:00;2029-02-11 00:00:00;2029-02-01 00:00:00
2029-02-07 00:00:00;SO397625;C0003;VS001;1039;2029-03-21 00:00:00;2029-03-24 00:00:00;2029-02-09 00:00:00;2029-02-12 00:00:00
2029-02-07 00:00:00;SO177788;C0019;CS004;1011;2029-04-11 00:00:00;2029-04-18 00:00:00;2029-02-11 00:00:00;2029-02-18 00:00:00
2029-02-07 00:00:00;SO177788;C0019;VS003;480;2029-04-11 00:00:00;2029-04-08 00:00:00;2029-02-11 00:00:00;2029-02-08 00:00:00
2029-02-07 00:00:00;SO177788;C0019;AS005;358;2029-04-11 00:00:00;2029-04-20 00:00:00;2029-02-11 00:00:00;2029-02-20 00:00:00
2029-02-08 00:00:00;SO780327;C0006;AL001;1071;2029-04-12 00:00:00;2029-04-08 00:00:00;2029-02-10 00:00:00;2029-02-06 00:00:00
2029-02-08 00:00:00;SO332418;C0015;AS004;622;2029-03-22 00:00:00;2029-03-21 00:00:00;2029-02-12 00:00:00;2029-02-11 00:00:00
2029-02-08 00:00:00;SO332418;C0015;CS002;1126;2029-03-22 00:00:00;2029-03-30 00:00:00;2029-02-12 00:00:00;2029-02-20 00:00:00
2029-02-08 00:00:00;SO780327;C0006;CS004;968;2029-04-12 00:00:00;2029-04-14 00:00:00;2029-02-10 00:00:00;2029-02-12 00:00:00
2029-02-08 00:00:00;SO780327;C0006;VS005;1093;2029-04-12 00:00:00;2029-04-16 00:00:00;2029-02-10 00:00:00;2029-02-14 00:00:00
2029-02-08 00:00:00;SO332418;C0015;VS001;724;2029-03-22 00:00:00;2029-03-27 00:00:00;2029-02-12 00:00:00;2029-02-17 00:00:00
2029-02-08 00:00:00;SO332418;C0015;VS002;575;2029-03-22 00:00:00;2029-03-15 00:00:00;2029-02-12 00:00:00;2029-02-05 00:00:00
2029-02-08 00:00:00;SO780327;C0006;CT001;748;2029-04-12 00:00:00;2029-04-17 00:00:00;2029-02-10 00:00:00;2029-02-15 00:00:00
2029-02-08 00:00:00;SO332418;C0015;CT001;1217;2029-03-22 00:00:00;2029-03-13 00:00:00;2029-02-12 00:00:00;2029-02-03 00:00:00
2029-02-08 00:00:00;SO780327;C0006;AL002;1113;2029-04-12 00:00:00;2029-04-13 00:00:00;2029-02-10 00:00:00;2029-02-11 00:00:00
2029-02-08 00:00:00;SO332418;C0015;CS001;624;2029-03-22 00:00:00;2029-03-20 00:00:00;2029-02-12 00:00:00;2029-02-10 00:00:00
2029-02-08 00:00:00;SO332418;C0015;VS005;1042;2029-03-22 00:00:00;2029-03-17 00:00:00;2029-02-12 00:00:00;2029-02-07 00:00:00
2029-02-08 00:00:00;SO780327;C0006;CT003;720;2029-04-12 00:00:00;2029-04-18 00:00:00;2029-02-10 00:00:00;2029-02-16 00:00:00
2029-02-08 00:00:00;SO332418;C0015;CS004;700;2029-03-22 00:00:00;2029-03-16 00:00:00;2029-02-12 00:00:00;2029-02-06 00:00:00
2029-02-08 00:00:00;SO332418;C0015;AS002;699;2029-03-22 00:00:00;2029-03-30 00:00:00;2029-02-12 00:00:00;2029-02-20 00:00:00
2029-02-08 00:00:00;SO332418;C0015;AT002;1444;2029-03-22 00:00:00;2029-03-16 00:00:00;2029-02-12 00:00:00;2029-02-06 00:00:00
2029-02-08 00:00:00;SO780327;C0006;CS003;908;2029-04-12 00:00:00;2029-04-18 00:00:00;2029-02-10 00:00:00;2029-02-16 00:00:00
2029-02-09 00:00:00;SO400976;C0008;AT002;1300;2029-04-06 00:00:00;2029-03-31 00:00:00;2029-02-12 00:00:00;2029-02-06 00:00:00
2029-02-09 00:00:00;SO643828;C0004;CT001;1254;2029-02-23 00:00:00;2029-02-25 00:00:00;2029-02-11 00:00:00;2029-02-13 00:00:00
2029-02-09 00:00:00;SO142306;C0005;AT001;604;2029-04-06 00:00:00;2029-04-04 00:00:00;2029-02-11 00:00:00;2029-02-09 00:00:00
2029-02-09 00:00:00;SO142306;C0005;AL002;1273;2029-04-06 00:00:00;2029-04-02 00:00:00;2029-02-11 00:00:00;2029-02-07 00:00:00
2029-02-09 00:00:00;SO400976;C0008;VS004;1081;2029-04-06 00:00:00;2029-03-30 00:00:00;2029-02-12 00:00:00;2029-02-05 00:00:00
2029-02-09 00:00:00;SO400976;C0008;VS003;554;2029-04-06 00:00:00;2029-03-27 00:00:00;2029-02-12 00:00:00;2029-02-02 00:00:00
2029-02-09 00:00:00;SO643828;C0004;CS004;709;2029-02-23 00:00:00;2029-02-23 00:00:00;2029-02-11 00:00:00;2029-02-11 00:00:00
2029-02-09 00:00:00;SO643828;C0004;AS001;806;2029-02-23 00:00:00;2029-02-14 00:00:00;2029-02-11 00:00:00;2029-02-02 00:00:00
2029-02-09 00:00:00;SO142306;C0005;AS003;993;2029-04-06 00:00:00;2029-03-30 00:00:00;2029-02-11 00:00:00;2029-02-04 00:00:00
2029-02-09 00:00:00;SO142306;C0005;CS004;359;2029-04-06 00:00:00;2029-04-04 00:00:00;2029-02-11 00:00:00;2029-02-09 00:00:00
2029-02-09 00:00:00;SO400976;C0008;AS003;1444;2029-04-06 00:00:00;2029-04-15 00:00:00;2029-02-12 00:00:00;2029-02-21 00:00:00
2029-02-09 00:00:00;SO643828;C0004;CL002;681;2029-02-23 00:00:00;2029-03-03 00:00:00;2029-02-11 00:00:00;2029-02-19 00:00:00
2029-02-09 00:00:00;SO400976;C0008;VS005;1070;2029-04-06 00:00:00;2029-04-04 00:00:00;2029-02-12 00:00:00;2029-02-10 00:00:00
2029-02-09 00:00:00;SO142306;C0005;VS004;497;2029-04-06 00:00:00;2029-04-14 00:00:00;2029-02-11 00:00:00;2029-02-19 00:00:00
2029-02-09 00:00:00;SO400976;C0008;AS004;455;2029-04-06 00:00:00;2029-04-15 00:00:00;2029-02-12 00:00:00;2029-02-21 00:00:00
2029-02-09 00:00:00;SO400976;C0008;AS001;511;2029-04-06 00:00:00;2029-03-31 00:00:00;2029-02-12 00:00:00;2029-02-06 00:00:00
2029-02-09 00:00:00;SO142306;C0005;CT001;1339;2029-04-06 00:00:00;2029-04-15 00:00:00;2029-02-11 00:00:00;2029-02-20 00:00:00
2029-02-09 00:00:00;SO400976;C0008;VS001;1202;2029-04-06 00:00:00;2029-03-28 00:00:00;2029-02-12 00:00:00;2029-02-03 00:00:00
2029-02-09 00:00:00;SO643828;C0004;AS002;1004;2029-02-23 00:00:00;2029-03-03 00:00:00;2029-02-11 00:00:00;2029-02-19 00:00:00
2029-02-09 00:00:00;SO400976;C0008;AS002;1109;2029-04-06 00:00:00;2029-03-31 00:00:00;2029-02-12 00:00:00;2029-02-06 00:00:00
2029-02-12 00:00:00;SO794562;C0015;CT001;689;2029-03-26 00:00:00;2029-03-19 00:00:00;2029-02-16 00:00:00;2029-02-09 00:00:00
2029-02-12 00:00:00;SO674925;C0013;CS004;892;2029-03-12 00:00:00;2029-03-10 00:00:00;2029-02-16 00:00:00;2029-02-14 00:00:00
2029-02-12 00:00:00;SO279860;C0005;AS005;474;2029-04-09 00:00:00;2029-04-13 00:00:00;2029-02-14 00:00:00;2029-02-18 00:00:00
2029-02-12 00:00:00;SO218074;C0017;CT003;1145;2029-04-09 00:00:00;2029-04-08 00:00:00;2029-02-16 00:00:00;2029-02-15 00:00:00
2029-02-12 00:00:00;SO279860;C0005;CL002;612;2029-04-09 00:00:00;2029-04-03 00:00:00;2029-02-14 00:00:00;2029-02-08 00:00:00
2029-02-12 00:00:00;SO674925;C0013;VS005;486;2029-03-12 00:00:00;2029-03-08 00:00:00;2029-02-16 00:00:00;2029-02-12 00:00:00
2029-02-12 00:00:00;SO218074;C0017;VS001;685;2029-04-09 00:00:00;2029-04-13 00:00:00;2029-02-16 00:00:00;2029-02-20 00:00:00
2029-02-12 00:00:00;SO794562;C0015;CT003;1213;2029-03-26 00:00:00;2029-04-04 00:00:00;2029-02-16 00:00:00;2029-02-25 00:00:00
2029-02-12 00:00:00;SO674925;C0013;VS003;1070;2029-03-12 00:00:00;2029-03-05 00:00:00;2029-02-16 00:00:00;2029-02-09 00:00:00
2029-02-12 00:00:00;SO794562;C0015;AS003;384;2029-03-26 00:00:00;2029-03-27 00:00:00;2029-02-16 00:00:00;2029-02-17 00:00:00
2029-02-12 00:00:00;SO794562;C0015;AT001;1223;2029-03-26 00:00:00;2029-03-21 00:00:00;2029-02-16 00:00:00;2029-02-11 00:00:00
2029-02-12 00:00:00;SO674925;C0013;CL002;759;2029-03-12 00:00:00;2029-03-06 00:00:00;2029-02-16 00:00:00;2029-02-10 00:00:00
2029-02-12 00:00:00;SO674925;C0013;AS002;1160;2029-03-12 00:00:00;2029-03-09 00:00:00;2029-02-16 00:00:00;2029-02-13 00:00:00
2029-02-12 00:00:00;SO279860;C0005;VS004;482;2029-04-09 00:00:00;2029-04-05 00:00:00;2029-02-14 00:00:00;2029-02-10 00:00:00
2029-02-12 00:00:00;SO218074;C0017;AS002;598;2029-04-09 00:00:00;2029-04-17 00:00:00;2029-02-16 00:00:00;2029-02-24 00:00:00
2029-02-12 00:00:00;SO279860;C0005;VS003;903;2029-04-09 00:00:00;2029-04-07 00:00:00;2029-02-14 00:00:00;2029-02-12 00:00:00
2029-02-12 00:00:00;SO794562;C0015;AS002;633;2029-03-26 00:00:00;2029-03-31 00:00:00;2029-02-16 00:00:00;2029-02-21 00:00:00
2029-02-12 00:00:00;SO218074;C0017;CL002;911;2029-04-09 00:00:00;2029-04-11 00:00:00;2029-02-16 00:00:00;2029-02-18 00:00:00
2029-02-13 00:00:00;SO726832;C0019;CS001;365;2029-04-17 00:00:00;2029-04-18 00:00:00;2029-02-17 00:00:00;2029-02-18 00:00:00
2029-02-13 00:00:00;SO118658;C0025;VS002;273;2029-03-13 00:00:00;2029-03-18 00:00:00;2029-02-21 00:00:00;2029-02-26 00:00:00
2029-02-13 00:00:00;SO118658;C0025;VS003;487;2029-03-13 00:00:00;2029-03-13 00:00:00;2029-02-21 00:00:00;2029-02-21 00:00:00
2029-02-13 00:00:00;SO118658;C0025;CS004;642;2029-03-13 00:00:00;2029-03-09 00:00:00;2029-02-21 00:00:00;2029-02-17 00:00:00
2029-02-13 00:00:00;SO118658;C0025;CT003;712;2029-03-13 00:00:00;2029-03-09 00:00:00;2029-02-21 00:00:00;2029-02-17 00:00:00
2029-02-13 00:00:00;SO726832;C0019;AS005;362;2029-04-17 00:00:00;2029-04-25 00:00:00;2029-02-17 00:00:00;2029-02-25 00:00:00
2029-02-13 00:00:00;SO726832;C0019;VS003;1132;2029-04-17 00:00:00;2029-04-11 00:00:00;2029-02-17 00:00:00;2029-02-11 00:00:00
2029-02-13 00:00:00;SO118658;C0025;AT001;1499;2029-03-13 00:00:00;2029-03-12 00:00:00;2029-02-21 00:00:00;2029-02-20 00:00:00
2029-02-13 00:00:00;SO118658;C0025;AS002;957;2029-03-13 00:00:00;2029-03-07 00:00:00;2029-02-21 00:00:00;2029-02-15 00:00:00
2029-02-13 00:00:00;SO118658;C0025;VS005;502;2029-03-13 00:00:00;2029-03-22 00:00:00;2029-02-21 00:00:00;2029-03-02 00:00:00
2029-02-13 00:00:00;SO118658;C0025;CL002;1034;2029-03-13 00:00:00;2029-03-06 00:00:00;2029-02-21 00:00:00;2029-02-14 00:00:00
2029-02-13 00:00:00;SO118658;C0025;AL001;965;2029-03-13 00:00:00;2029-03-17 00:00:00;2029-02-21 00:00:00;2029-02-25 00:00:00
2029-02-13 00:00:00;SO726832;C0019;AS002;1328;2029-04-17 00:00:00;2029-04-20 00:00:00;2029-02-17 00:00:00;2029-02-20 00:00:00
2029-02-13 00:00:00;SO118658;C0025;CS002;943;2029-03-13 00:00:00;2029-03-21 00:00:00;2029-02-21 00:00:00;2029-03-01 00:00:00
2029-02-13 00:00:00;SO726832;C0019;CT001;445;2029-04-17 00:00:00;2029-04-10 00:00:00;2029-02-17 00:00:00;2029-02-10 00:00:00
2029-02-13 00:00:00;SO118658;C0025;CS001;1020;2029-03-13 00:00:00;2029-03-16 00:00:00;2029-02-21 00:00:00;2029-02-24 00:00:00
2029-02-13 00:00:00;SO118658;C0025;AS001;575;2029-03-13 00:00:00;2029-03-15 00:00:00;2029-02-21 00:00:00;2029-02-23 00:00:00
2029-02-13 00:00:00;SO118658;C0025;VS001;988;2029-03-13 00:00:00;2029-03-13 00:00:00;2029-02-21 00:00:00;2029-02-21 00:00:00
2029-02-13 00:00:00;SO118658;C0025;AS004;559;2029-03-13 00:00:00;2029-03-05 00:00:00;2029-02-21 00:00:00;2029-02-13 00:00:00
2029-02-13 00:00:00;SO118658;C0025;AS003;992;2029-03-13 00:00:00;2029-03-11 00:00:00;2029-02-21 00:00:00;2029-02-19 00:00:00
2029-02-14 00:00:00;SO570957;C0012;VS005;633;2029-03-14 00:00:00;2029-03-22 00:00:00;2029-02-17 00:00:00;2029-02-25 00:00:00
2029-02-14 00:00:00;SO606597;C0001;AL001;458;2029-03-14 00:00:00;2029-03-12 00:00:00;2029-02-16 00:00:00;2029-02-14 00:00:00
2029-02-14 00:00:00;SO107389;C0017;CS001;579;2029-04-11 00:00:00;2029-04-14 00:00:00;2029-02-18 00:00:00;2029-02-21 00:00:00
2029-02-14 00:00:00;SO698580;C0013;VS001;960;2029-03-14 00:00:00;2029-03-09 00:00:00;2029-02-18 00:00:00;2029-02-13 00:00:00
2029-02-14 00:00:00;SO698580;C0013;AT002;1210;2029-03-14 00:00:00;2029-03-20 00:00:00;2029-02-18 00:00:00;2029-02-24 00:00:00
2029-02-14 00:00:00;SO606597;C0001;AS002;674;2029-03-14 00:00:00;2029-03-10 00:00:00;2029-02-16 00:00:00;2029-02-12 00:00:00
2029-02-14 00:00:00;SO107389;C0017;CT001;1106;2029-04-11 00:00:00;2029-04-11 00:00:00;2029-02-18 00:00:00;2029-02-18 00:00:00
2029-02-14 00:00:00;SO107389;C0017;CT003;583;2029-04-11 00:00:00;2029-04-21 00:00:00;2029-02-18 00:00:00;2029-02-28 00:00:00
2029-02-14 00:00:00;SO606597;C0001;CL002;1264;2029-03-14 00:00:00;2029-03-05 00:00:00;2029-02-16 00:00:00;2029-02-07 00:00:00
2029-02-14 00:00:00;SO606597;C0001;CT003;406;2029-03-14 00:00:00;2029-03-09 00:00:00;2029-02-16 00:00:00;2029-02-11 00:00:00
2029-02-14 00:00:00;SO570957;C0012;CL002;711;2029-03-14 00:00:00;2029-03-05 00:00:00;2029-02-17 00:00:00;2029-02-08 00:00:00
2029-02-14 00:00:00;SO606597;C0001;CS001;614;2029-03-14 00:00:00;2029-03-16 00:00:00;2029-02-16 00:00:00;2029-02-18 00:00:00
2029-02-14 00:00:00;SO698580;C0013;VS002;841;2029-03-14 00:00:00;2029-03-13 00:00:00;2029-02-18 00:00:00;2029-02-17 00:00:00
2029-02-14 00:00:00;SO570957;C0012;AS005;768;2029-03-14 00:00:00;2029-03-15 00:00:00;2029-02-17 00:00:00;2029-02-18 00:00:00
2029-02-14 00:00:00;SO698580;C0013;AL002;799;2029-03-14 00:00:00;2029-03-09 00:00:00;2029-02-18 00:00:00;2029-02-13 00:00:00
2029-02-14 00:00:00;SO698580;C0013;AS004;864;2029-03-14 00:00:00;2029-03-22 00:00:00;2029-02-18 00:00:00;2029-02-26 00:00:00
2029-02-14 00:00:00;SO606597;C0001;CT001;670;2029-03-14 00:00:00;2029-03-04 00:00:00;2029-02-16 00:00:00;2029-02-06 00:00:00
2029-02-14 00:00:00;SO698580;C0013;CL002;604;2029-03-14 00:00:00;2029-03-04 00:00:00;2029-02-18 00:00:00;2029-02-08 00:00:00
2029-02-14 00:00:00;SO606597;C0001;VS001;1176;2029-03-14 00:00:00;2029-03-20 00:00:00;2029-02-16 00:00:00;2029-02-22 00:00:00
2029-02-14 00:00:00;SO606597;C0001;AT001;1046;2029-03-14 00:00:00;2029-03-19 00:00:00;2029-02-16 00:00:00;2029-02-21 00:00:00
2029-02-15 00:00:00;SO230364;C0020;AT002;1470;2029-04-12 00:00:00;2029-04-16 00:00:00;2029-02-19 00:00:00;2029-02-23 00:00:00
2029-02-15 00:00:00;SO928081;C0022;AT002;1112;2029-03-29 00:00:00;2029-03-31 00:00:00;2029-02-19 00:00:00;2029-02-21 00:00:00
2029-02-15 00:00:00;SO810264;C0030;AS004;890;2029-04-19 00:00:00;2029-04-20 00:00:00;2029-02-23 00:00:00;2029-02-24 00:00:00
2029-02-15 00:00:00;SO121134;C0015;CS004;960;2029-03-29 00:00:00;2029-03-19 00:00:00;2029-02-19 00:00:00;2029-02-09 00:00:00
2029-02-15 00:00:00;SO230364;C0020;AT001;1222;2029-04-12 00:00:00;2029-04-19 00:00:00;2029-02-19 00:00:00;2029-02-26 00:00:00
2029-02-15 00:00:00;SO230364;C0020;VS002;611;2029-04-12 00:00:00;2029-04-05 00:00:00;2029-02-19 00:00:00;2029-02-12 00:00:00
2029-02-15 00:00:00;SO121134;C0015;VS001;653;2029-03-29 00:00:00;2029-04-08 00:00:00;2029-02-19 00:00:00;2029-03-01 00:00:00
2029-02-15 00:00:00;SO928081;C0022;VS003;906;2029-03-29 00:00:00;2029-04-02 00:00:00;2029-02-19 00:00:00;2029-02-23 00:00:00
2029-02-15 00:00:00;SO928081;C0022;CL002;1026;2029-03-29 00:00:00;2029-03-30 00:00:00;2029-02-19 00:00:00;2029-02-20 00:00:00
2029-02-15 00:00:00;SO230364;C0020;AL002;521;2029-04-12 00:00:00;2029-04-13 00:00:00;2029-02-19 00:00:00;2029-02-20 00:00:00
2029-02-15 00:00:00;SO810264;C0030;AS002;736;2029-04-19 00:00:00;2029-04-24 00:00:00;2029-02-23 00:00:00;2029-02-28 00:00:00
2029-02-15 00:00:00;SO810264;C0030;AL001;1116;2029-04-19 00:00:00;2029-04-10 00:00:00;2029-02-23 00:00:00;2029-02-14 00:00:00
2029-02-15 00:00:00;SO121134;C0015;AS002;631;2029-03-29 00:00:00;2029-03-24 00:00:00;2029-02-19 00:00:00;2029-02-14 00:00:00
2029-02-15 00:00:00;SO230364;C0020;VS003;1152;2029-04-12 00:00:00;2029-04-12 00:00:00;2029-02-19 00:00:00;2029-02-19 00:00:00
2029-02-15 00:00:00;SO928081;C0022;CS002;612;2029-03-29 00:00:00;2029-04-05 00:00:00;2029-02-19 00:00:00;2029-02-26 00:00:00
2029-02-15 00:00:00;SO121134;C0015;AS001;855;2029-03-29 00:00:00;2029-04-02 00:00:00;2029-02-19 00:00:00;2029-02-23 00:00:00
2029-02-15 00:00:00;SO230364;C0020;CT003;1260;2029-04-12 00:00:00;2029-04-13 00:00:00;2029-02-19 00:00:00;2029-02-20 00:00:00
2029-02-15 00:00:00;SO121134;C0015;CS003;1124;2029-03-29 00:00:00;2029-03-20 00:00:00;2029-02-19 00:00:00;2029-02-10 00:00:00
2029-02-15 00:00:00;SO230364;C0020;VS004;1195;2029-04-12 00:00:00;2029-04-09 00:00:00;2029-02-19 00:00:00;2029-02-16 00:00:00
2029-02-16 00:00:00;SO309945;C0017;CS001;552;2029-04-13 00:00:00;2029-04-19 00:00:00;2029-02-20 00:00:00;2029-02-26 00:00:00
2029-02-16 00:00:00;SO936077;C0007;VS001;1070;2029-04-20 00:00:00;2029-04-14 00:00:00;2029-02-19 00:00:00;2029-02-13 00:00:00
2029-02-16 00:00:00;SO936077;C0007;AS004;715;2029-04-20 00:00:00;2029-04-23 00:00:00;2029-02-19 00:00:00;2029-02-22 00:00:00
2029-02-16 00:00:00;SO309945;C0017;AT001;616;2029-04-13 00:00:00;2029-04-10 00:00:00;2029-02-20 00:00:00;2029-02-17 00:00:00
2029-02-16 00:00:00;SO936077;C0007;CT001;353;2029-04-20 00:00:00;2029-04-22 00:00:00;2029-02-19 00:00:00;2029-02-21 00:00:00
2029-02-16 00:00:00;SO309945;C0017;CS003;686;2029-04-13 00:00:00;2029-04-09 00:00:00;2029-02-20 00:00:00;2029-02-16 00:00:00
2029-02-16 00:00:00;SO936077;C0007;CS004;653;2029-04-20 00:00:00;2029-04-13 00:00:00;2029-02-19 00:00:00;2029-02-12 00:00:00
2029-02-16 00:00:00;SO936077;C0007;AS001;612;2029-04-20 00:00:00;2029-04-16 00:00:00;2029-02-19 00:00:00;2029-02-15 00:00:00
2029-02-16 00:00:00;SO936077;C0007;AS003;1001;2029-04-20 00:00:00;2029-04-13 00:00:00;2029-02-19 00:00:00;2029-02-12 00:00:00
2029-02-16 00:00:00;SO309945;C0017;AS002;497;2029-04-13 00:00:00;2029-04-12 00:00:00;2029-02-20 00:00:00;2029-02-19 00:00:00
2029-02-16 00:00:00;SO309945;C0017;CS004;1066;2029-04-13 00:00:00;2029-04-18 00:00:00;2029-02-20 00:00:00;2029-02-25 00:00:00
2029-02-16 00:00:00;SO309945;C0017;CS002;495;2029-04-13 00:00:00;2029-04-18 00:00:00;2029-02-20 00:00:00;2029-02-25 00:00:00
2029-02-16 00:00:00;SO309945;C0017;VS004;1196;2029-04-13 00:00:00;2029-04-12 00:00:00;2029-02-20 00:00:00;2029-02-19 00:00:00
2029-02-16 00:00:00;SO309945;C0017;AS004;887;2029-04-13 00:00:00;2029-04-23 00:00:00;2029-02-20 00:00:00;2029-03-02 00:00:00
2029-02-16 00:00:00;SO936077;C0007;CS003;623;2029-04-20 00:00:00;2029-04-30 00:00:00;2029-02-19 00:00:00;2029-03-01 00:00:00
2029-02-16 00:00:00;SO309945;C0017;AS003;639;2029-04-13 00:00:00;2029-04-13 00:00:00;2029-02-20 00:00:00;2029-02-20 00:00:00
2029-02-16 00:00:00;SO936077;C0007;CS001;577;2029-04-20 00:00:00;2029-04-28 00:00:00;2029-02-19 00:00:00;2029-02-27 00:00:00
2029-02-16 00:00:00;SO936077;C0007;VS002;802;2029-04-20 00:00:00;2029-04-12 00:00:00;2029-02-19 00:00:00;2029-02-11 00:00:00
2029-02-16 00:00:00;SO309945;C0017;VS001;1070;2029-04-13 00:00:00;2029-04-17 00:00:00;2029-02-20 00:00:00;2029-02-24 00:00:00
2029-02-16 00:00:00;SO309945;C0017;AL001;974;2029-04-13 00:00:00;2029-04-21 00:00:00;2029-02-20 00:00:00;2029-02-28 00:00:00
2029-02-19 00:00:00;SO408237;C0004;AL002;1482;2029-03-05 00:00:00;2029-02-25 00:00:00;2029-02-21 00:00:00;2029-02-13 00:00:00
2029-02-19 00:00:00;SO134946;C0018;VS002;1328;2029-04-23 00:00:00;2029-04-19 00:00:00;2029-02-23 00:00:00;2029-02-19 00:00:00
2029-02-19 00:00:00;SO408237;C0004;CL002;358;2029-03-05 00:00:00;2029-03-02 00:00:00;2029-02-21 00:00:00;2029-02-18 00:00:00
2029-02-19 00:00:00;SO134946;C0018;AL001;476;2029-04-23 00:00:00;2029-04-22 00:00:00;2029-02-23 00:00:00;2029-02-22 00:00:00
2029-02-19 00:00:00;SO408237;C0004;AS001;801;2029-03-05 00:00:00;2029-03-05 00:00:00;2029-02-21 00:00:00;2029-02-21 00:00:00
2029-02-19 00:00:00;SO408237;C0004;VS002;1458;2029-03-05 00:00:00;2029-03-02 00:00:00;2029-02-21 00:00:00;2029-02-18 00:00:00
2029-02-19 00:00:00;SO134946;C0018;VS004;1097;2029-04-23 00:00:00;2029-04-23 00:00:00;2029-02-23 00:00:00;2029-02-23 00:00:00
2029-02-19 00:00:00;SO134946;C0018;CS004;820;2029-04-23 00:00:00;2029-04-20 00:00:00;2029-02-23 00:00:00;2029-02-20 00:00:00
2029-02-19 00:00:00;SO408237;C0004;AS004;588;2029-03-05 00:00:00;2029-03-15 00:00:00;2029-02-21 00:00:00;2029-03-03 00:00:00
2029-02-19 00:00:00;SO408237;C0004;AS005;677;2029-03-05 00:00:00;2029-03-01 00:00:00;2029-02-21 00:00:00;2029-02-17 00:00:00
2029-02-19 00:00:00;SO408237;C0004;CS004;699;2029-03-05 00:00:00;2029-03-01 00:00:00;2029-02-21 00:00:00;2029-02-17 00:00:00
2029-02-19 00:00:00;SO134946;C0018;VS001;801;2029-04-23 00:00:00;2029-04-18 00:00:00;2029-02-23 00:00:00;2029-02-18 00:00:00
2029-02-19 00:00:00;SO134946;C0018;CL002;631;2029-04-23 00:00:00;2029-05-01 00:00:00;2029-02-23 00:00:00;2029-03-03 00:00:00
2029-02-19 00:00:00;SO134946;C0018;CS001;478;2029-04-23 00:00:00;2029-04-23 00:00:00;2029-02-23 00:00:00;2029-02-23 00:00:00
2029-02-19 00:00:00;SO408237;C0004;CT003;627;2029-03-05 00:00:00;2029-02-25 00:00:00;2029-02-21 00:00:00;2029-02-13 00:00:00
2029-02-19 00:00:00;SO408237;C0004;VS003;972;2029-03-05 00:00:00;2029-03-12 00:00:00;2029-02-21 00:00:00;2029-02-28 00:00:00
2029-02-19 00:00:00;SO134946;C0018;VS005;354;2029-04-23 00:00:00;2029-04-18 00:00:00;2029-02-23 00:00:00;2029-02-18 00:00:00
2029-02-19 00:00:00;SO408237;C0004;CS001;750;2029-03-05 00:00:00;2029-03-07 00:00:00;2029-02-21 00:00:00;2029-02-23 00:00:00
2029-02-19 00:00:00;SO408237;C0004;AT002;425;2029-03-05 00:00:00;2029-03-03 00:00:00;2029-02-21 00:00:00;2029-02-19 00:00:00
2029-02-20 00:00:00;SO865158;C0011;AL001;828;2029-03-27 00:00:00;2029-03-18 00:00:00;2029-02-23 00:00:00;2029-02-14 00:00:00
2029-02-20 00:00:00;SO607419;C0026;CT001;1304;2029-03-27 00:00:00;2029-03-24 00:00:00;2029-02-28 00:00:00;2029-02-25 00:00:00
2029-02-20 00:00:00;SO865158;C0011;CT003;997;2029-03-27 00:00:00;2029-03-23 00:00:00;2029-02-23 00:00:00;2029-02-19 00:00:00
2029-02-20 00:00:00;SO607419;C0026;VS004;991;2029-03-27 00:00:00;2029-03-18 00:00:00;2029-02-28 00:00:00;2029-02-19 00:00:00
2029-02-20 00:00:00;SO865158;C0011;AS003;725;2029-03-27 00:00:00;2029-04-05 00:00:00;2029-02-23 00:00:00;2029-03-04 00:00:00
2029-02-20 00:00:00;SO607419;C0026;CS003;1164;2029-03-27 00:00:00;2029-03-31 00:00:00;2029-02-28 00:00:00;2029-03-04 00:00:00
2029-02-20 00:00:00;SO865158;C0011;CT001;1067;2029-03-27 00:00:00;2029-04-01 00:00:00;2029-02-23 00:00:00;2029-02-28 00:00:00
2029-02-20 00:00:00;SO607419;C0026;CS001;817;2029-03-27 00:00:00;2029-03-20 00:00:00;2029-02-28 00:00:00;2029-02-21 00:00:00
2029-02-20 00:00:00;SO607419;C0026;AS001;611;2029-03-27 00:00:00;2029-03-29 00:00:00;2029-02-28 00:00:00;2029-03-02 00:00:00
2029-02-20 00:00:00;SO865158;C0011;CS003;533;2029-03-27 00:00:00;2029-03-28 00:00:00;2029-02-23 00:00:00;2029-02-24 00:00:00
2029-02-20 00:00:00;SO865158;C0011;AS001;587;2029-03-27 00:00:00;2029-03-26 00:00:00;2029-02-23 00:00:00;2029-02-22 00:00:00
2029-02-20 00:00:00;SO607419;C0026;AS005;876;2029-03-27 00:00:00;2029-03-21 00:00:00;2029-02-28 00:00:00;2029-02-22 00:00:00
2029-02-20 00:00:00;SO865158;C0011;CS001;1176;2029-03-27 00:00:00;2029-03-29 00:00:00;2029-02-23 00:00:00;2029-02-25 00:00:00
2029-02-20 00:00:00;SO865158;C0011;CS004;1091;2029-03-27 00:00:00;2029-04-03 00:00:00;2029-02-23 00:00:00;2029-03-02 00:00:00
2029-02-20 00:00:00;SO607419;C0026;VS003;549;2029-03-27 00:00:00;2029-04-06 00:00:00;2029-02-28 00:00:00;2029-03-10 00:00:00
2029-02-20 00:00:00;SO607419;C0026;CS004;826;2029-03-27 00:00:00;2029-03-24 00:00:00;2029-02-28 00:00:00;2029-02-25 00:00:00
2029-02-20 00:00:00;SO865158;C0011;AS005;743;2029-03-27 00:00:00;2029-03-18 00:00:00;2029-02-23 00:00:00;2029-02-14 00:00:00
2029-02-20 00:00:00;SO607419;C0026;AT002;778;2029-03-27 00:00:00;2029-04-02 00:00:00;2029-02-28 00:00:00;2029-03-06 00:00:00
2029-02-21 00:00:00;SO751895;C0006;CT001;357;2029-04-25 00:00:00;2029-05-02 00:00:00;2029-02-23 00:00:00;2029-03-02 00:00:00
2029-02-21 00:00:00;SO601774;C0021;CT001;1128;2029-03-07 00:00:00;2029-02-26 00:00:00;2029-02-25 00:00:00;2029-02-16 00:00:00
2029-02-21 00:00:00;SO292143;C0011;VS004;1249;2029-03-28 00:00:00;2029-03-18 00:00:00;2029-02-24 00:00:00;2029-02-14 00:00:00
2029-02-21 00:00:00;SO420583;C0028;CS004;974;2029-03-07 00:00:00;2029-03-10 00:00:00;2029-03-01 00:00:00;2029-03-04 00:00:00
2029-02-21 00:00:00;SO601774;C0021;VS005;1113;2029-03-07 00:00:00;2029-03-04 00:00:00;2029-02-25 00:00:00;2029-02-22 00:00:00
2029-02-21 00:00:00;SO420583;C0028;AS001;837;2029-03-07 00:00:00;2029-03-09 00:00:00;2029-03-01 00:00:00;2029-03-03 00:00:00
2029-02-21 00:00:00;SO601774;C0021;AT002;1237;2029-03-07 00:00:00;2029-02-26 00:00:00;2029-02-25 00:00:00;2029-02-16 00:00:00
2029-02-21 00:00:00;SO751895;C0006;CL002;731;2029-04-25 00:00:00;2029-05-04 00:00:00;2029-02-23 00:00:00;2029-03-04 00:00:00
2029-02-21 00:00:00;SO601774;C0021;AS001;1244;2029-03-07 00:00:00;2029-02-26 00:00:00;2029-02-25 00:00:00;2029-02-16 00:00:00
2029-02-21 00:00:00;SO751895;C0006;AS003;872;2029-04-25 00:00:00;2029-05-03 00:00:00;2029-02-23 00:00:00;2029-03-03 00:00:00
2029-02-21 00:00:00;SO292143;C0011;CT003;568;2029-03-28 00:00:00;2029-03-19 00:00:00;2029-02-24 00:00:00;2029-02-15 00:00:00
2029-02-21 00:00:00;SO601774;C0021;CS004;735;2029-03-07 00:00:00;2029-03-15 00:00:00;2029-02-25 00:00:00;2029-03-05 00:00:00
2029-02-21 00:00:00;SO601774;C0021;AS002;1367;2029-03-07 00:00:00;2029-03-15 00:00:00;2029-02-25 00:00:00;2029-03-05 00:00:00
2029-02-21 00:00:00;SO751895;C0006;CS003;448;2029-04-25 00:00:00;2029-04-27 00:00:00;2029-02-23 00:00:00;2029-02-25 00:00:00
2029-02-21 00:00:00;SO420583;C0028;CS003;699;2029-03-07 00:00:00;2029-03-07 00:00:00;2029-03-01 00:00:00;2029-03-01 00:00:00
2029-02-21 00:00:00;SO751895;C0006;VS004;938;2029-04-25 00:00:00;2029-05-01 00:00:00;2029-02-23 00:00:00;2029-03-01 00:00:00
2029-02-22 00:00:00;SO488138;C0021;VS003;463;2029-03-08 00:00:00;2029-03-05 00:00:00;2029-02-26 00:00:00;2029-02-23 00:00:00
2029-02-22 00:00:00;SO503825;C0023;VS004;478;2029-03-29 00:00:00;2029-03-30 00:00:00;2029-02-26 00:00:00;2029-02-27 00:00:00
2029-02-22 00:00:00;SO875116;C0025;AS002;606;2029-03-22 00:00:00;2029-03-24 00:00:00;2029-03-02 00:00:00;2029-03-04 00:00:00
2029-02-22 00:00:00;SO503825;C0023;CL002;855;2029-03-29 00:00:00;2029-04-07 00:00:00;2029-02-26 00:00:00;2029-03-07 00:00:00
2029-02-22 00:00:00;SO488138;C0021;CS003;855;2029-03-08 00:00:00;2029-03-01 00:00:00;2029-02-26 00:00:00;2029-02-19 00:00:00
2029-02-22 00:00:00;SO503825;C0023;AS004;895;2029-03-29 00:00:00;2029-04-08 00:00:00;2029-02-26 00:00:00;2029-03-08 00:00:00
2029-02-22 00:00:00;SO875116;C0025;AS004;647;2029-03-22 00:00:00;2029-03-12 00:00:00;2029-03-02 00:00:00;2029-02-20 00:00:00
2029-02-22 00:00:00;SO875116;C0025;CT003;1004;2029-03-22 00:00:00;2029-03-14 00:00:00;2029-03-02 00:00:00;2029-02-22 00:00:00
2029-02-22 00:00:00;SO875116;C0025;AL002;1310;2029-03-22 00:00:00;2029-03-30 00:00:00;2029-03-02 00:00:00;2029-03-10 00:00:00
2029-02-22 00:00:00;SO488138;C0021;AS005;499;2029-03-08 00:00:00;2029-03-07 00:00:00;2029-02-26 00:00:00;2029-02-25 00:00:00
2029-02-22 00:00:00;SO875116;C0025;CS003;853;2029-03-22 00:00:00;2029-03-22 00:00:00;2029-03-02 00:00:00;2029-03-02 00:00:00
2029-02-22 00:00:00;SO503825;C0023;VS003;1108;2029-03-29 00:00:00;2029-04-04 00:00:00;2029-02-26 00:00:00;2029-03-04 00:00:00
2029-02-22 00:00:00;SO503825;C0023;AS002;921;2029-03-29 00:00:00;2029-03-20 00:00:00;2029-02-26 00:00:00;2029-02-17 00:00:00
2029-02-22 00:00:00;SO503825;C0023;AL001;982;2029-03-29 00:00:00;2029-04-03 00:00:00;2029-02-26 00:00:00;2029-03-03 00:00:00
2029-02-23 00:00:00;SO492179;C0013;AS005;1245;2029-03-23 00:00:00;2029-03-22 00:00:00;2029-02-27 00:00:00;2029-02-26 00:00:00
2029-02-23 00:00:00;SO612841;C0011;AS002;947;2029-03-30 00:00:00;2029-04-03 00:00:00;2029-02-26 00:00:00;2029-03-02 00:00:00
2029-02-23 00:00:00;SO492179;C0013;VS003;1040;2029-03-23 00:00:00;2029-03-29 00:00:00;2029-02-27 00:00:00;2029-03-05 00:00:00
2029-02-23 00:00:00;SO492179;C0013;CS002;817;2029-03-23 00:00:00;2029-03-22 00:00:00;2029-02-27 00:00:00;2029-02-26 00:00:00
2029-02-23 00:00:00;SO492179;C0013;AT001;802;2029-03-23 00:00:00;2029-03-26 00:00:00;2029-02-27 00:00:00;2029-03-02 00:00:00
2029-02-23 00:00:00;SO612841;C0011;CS002;1180;2029-03-30 00:00:00;2029-03-20 00:00:00;2029-02-26 00:00:00;2029-02-16 00:00:00
2029-02-23 00:00:00;SO612841;C0011;AS003;888;2029-03-30 00:00:00;2029-04-04 00:00:00;2029-02-26 00:00:00;2029-03-03 00:00:00
2029-02-23 00:00:00;SO492179;C0013;CS004;871;2029-03-23 00:00:00;2029-03-22 00:00:00;2029-02-27 00:00:00;2029-02-26 00:00:00
2029-02-23 00:00:00;SO612841;C0011;CT001;935;2029-03-30 00:00:00;2029-04-03 00:00:00;2029-02-26 00:00:00;2029-03-02 00:00:00
2029-02-23 00:00:00;SO612841;C0011;AT002;993;2029-03-30 00:00:00;2029-03-31 00:00:00;2029-02-26 00:00:00;2029-02-27 00:00:00
2029-02-23 00:00:00;SO612841;C0011;AS004;868;2029-03-30 00:00:00;2029-03-23 00:00:00;2029-02-26 00:00:00;2029-02-19 00:00:00
2029-02-23 00:00:00;SO492179;C0013;VS002;716;2029-03-23 00:00:00;2029-03-31 00:00:00;2029-02-27 00:00:00;2029-03-07 00:00:00
2029-02-23 00:00:00;SO492179;C0013;VS004;1116;2029-03-23 00:00:00;2029-03-18 00:00:00;2029-02-27 00:00:00;2029-02-22 00:00:00
2029-02-26 00:00:00;SO678408;C0022;AL001;829;2029-04-09 00:00:00;2029-04-13 00:00:00;2029-03-02 00:00:00;2029-03-06 00:00:00
2029-02-26 00:00:00;SO469440;C0007;VS003;1011;2029-04-30 00:00:00;2029-04-27 00:00:00;2029-03-01 00:00:00;2029-02-26 00:00:00
2029-02-26 00:00:00;SO469440;C0007;VS004;611;2029-04-30 00:00:00;2029-05-10 00:00:00;2029-03-01 00:00:00;2029-03-11 00:00:00
2029-02-26 00:00:00;SO678408;C0022;AS005;1122;2029-04-09 00:00:00;2029-04-13 00:00:00;2029-03-02 00:00:00;2029-03-06 00:00:00
2029-02-26 00:00:00;SO469440;C0007;AL002;795;2029-04-30 00:00:00;2029-04-20 00:00:00;2029-03-01 00:00:00;2029-02-19 00:00:00
2029-02-26 00:00:00;SO469440;C0007;VS005;1444;2029-04-30 00:00:00;2029-05-01 00:00:00;2029-03-01 00:00:00;2029-03-02 00:00:00
2029-02-26 00:00:00;SO469440;C0007;AS005;1345;2029-04-30 00:00:00;2029-04-27 00:00:00;2029-03-01 00:00:00;2029-02-26 00:00:00
2029-02-26 00:00:00;SO469440;C0007;VS001;982;2029-04-30 00:00:00;2029-05-02 00:00:00;2029-03-01 00:00:00;2029-03-03 00:00:00
2029-02-26 00:00:00;SO678408;C0022;VS004;996;2029-04-09 00:00:00;2029-04-02 00:00:00;2029-03-02 00:00:00;2029-02-23 00:00:00
2029-02-26 00:00:00;SO469440;C0007;CS002;435;2029-04-30 00:00:00;2029-05-05 00:00:00;2029-03-01 00:00:00;2029-03-06 00:00:00
2029-02-26 00:00:00;SO678408;C0022;AL002;1369;2029-04-09 00:00:00;2029-04-11 00:00:00;2029-03-02 00:00:00;2029-03-04 00:00:00
2029-02-26 00:00:00;SO678408;C0022;AT002;557;2029-04-09 00:00:00;2029-04-16 00:00:00;2029-03-02 00:00:00;2029-03-09 00:00:00
2029-02-26 00:00:00;SO678408;C0022;VS001;1475;2029-04-09 00:00:00;2029-04-07 00:00:00;2029-03-02 00:00:00;2029-02-28 00:00:00
2029-02-26 00:00:00;SO469440;C0007;AS002;1354;2029-04-30 00:00:00;2029-04-28 00:00:00;2029-03-01 00:00:00;2029-02-27 00:00:00
2029-02-26 00:00:00;SO469440;C0007;CS004;1004;2029-04-30 00:00:00;2029-04-25 00:00:00;2029-03-01 00:00:00;2029-02-24 00:00:00
2029-02-26 00:00:00;SO469440;C0007;VS002;655;2029-04-30 00:00:00;2029-04-27 00:00:00;2029-03-01 00:00:00;2029-02-26 00:00:00
2029-02-26 00:00:00;SO678408;C0022;AS001;770;2029-04-09 00:00:00;2029-04-15 00:00:00;2029-03-02 00:00:00;2029-03-08 00:00:00
2029-02-26 00:00:00;SO678408;C0022;AS004;794;2029-04-09 00:00:00;2029-04-16 00:00:00;2029-03-02 00:00:00;2029-03-09 00:00:00
2029-02-26 00:00:00;SO469440;C0007;CS003;537;2029-04-30 00:00:00;2029-04-27 00:00:00;2029-03-01 00:00:00;2029-02-26 00:00:00
2029-02-27 00:00:00;SO778916;C0002;AT001;746;2029-04-03 00:00:00;2029-04-05 00:00:00;2029-03-01 00:00:00;2029-03-03 00:00:00
2029-02-27 00:00:00;SO779010;C0004;AL001;384;2029-03-13 00:00:00;2029-03-08 00:00:00;2029-03-01 00:00:00;2029-02-24 00:00:00
2029-02-27 00:00:00;SO285564;C0028;AS002;646;2029-03-13 00:00:00;2029-03-19 00:00:00;2029-03-07 00:00:00;2029-03-13 00:00:00
2029-02-27 00:00:00;SO359531;C0021;VS001;1167;2029-03-13 00:00:00;2029-03-13 00:00:00;2029-03-03 00:00:00;2029-03-03 00:00:00
2029-02-27 00:00:00;SO359531;C0021;VS005;633;2029-03-13 00:00:00;2029-03-10 00:00:00;2029-03-03 00:00:00;2029-02-28 00:00:00
2029-02-27 00:00:00;SO359531;C0021;CS003;1223;2029-03-13 00:00:00;2029-03-14 00:00:00;2029-03-03 00:00:00;2029-03-04 00:00:00
2029-02-27 00:00:00;SO285564;C0028;VS005;995;2029-03-13 00:00:00;2029-03-09 00:00:00;2029-03-07 00:00:00;2029-03-03 00:00:00
2029-02-27 00:00:00;SO778916;C0002;AS004;1451;2029-04-03 00:00:00;2029-04-12 00:00:00;2029-03-01 00:00:00;2029-03-10 00:00:00
2029-02-27 00:00:00;SO359531;C0021;AL002;662;2029-03-13 00:00:00;2029-03-15 00:00:00;2029-03-03 00:00:00;2029-03-05 00:00:00
2029-02-27 00:00:00;SO359531;C0021;AT001;1035;2029-03-13 00:00:00;2029-03-05 00:00:00;2029-03-03 00:00:00;2029-02-23 00:00:00
2029-02-27 00:00:00;SO778916;C0002;VS001;1042;2029-04-03 00:00:00;2029-04-03 00:00:00;2029-03-01 00:00:00;2029-03-01 00:00:00
2029-02-27 00:00:00;SO359531;C0021;AS002;720;2029-03-13 00:00:00;2029-03-21 00:00:00;2029-03-03 00:00:00;2029-03-11 00:00:00
2029-02-27 00:00:00;SO359531;C0021;AT002;622;2029-03-13 00:00:00;2029-03-14 00:00:00;2029-03-03 00:00:00;2029-03-04 00:00:00
2029-02-28 00:00:00;SO579038;C0012;AT002;1151;2029-03-28 00:00:00;2029-04-03 00:00:00;2029-03-03 00:00:00;2029-03-09 00:00:00
2029-02-28 00:00:00;SO171257;C0015;AS004;1043;2029-04-11 00:00:00;2029-04-05 00:00:00;2029-03-04 00:00:00;2029-02-26 00:00:00
2029-02-28 00:00:00;SO559531;C0019;CS001;694;2029-05-02 00:00:00;2029-05-05 00:00:00;2029-03-04 00:00:00;2029-03-07 00:00:00
2029-02-28 00:00:00;SO745594;C0007;AT001;993;2029-05-02 00:00:00;2029-05-11 00:00:00;2029-03-03 00:00:00;2029-03-12 00:00:00
2029-02-28 00:00:00;SO559531;C0019;AS001;1240;2029-05-02 00:00:00;2029-05-09 00:00:00;2029-03-04 00:00:00;2029-03-11 00:00:00
2029-02-28 00:00:00;SO559531;C0019;AT002;378;2029-05-02 00:00:00;2029-04-24 00:00:00;2029-03-04 00:00:00;2029-02-24 00:00:00
2029-02-28 00:00:00;SO579038;C0012;CS004;490;2029-03-28 00:00:00;2029-04-07 00:00:00;2029-03-03 00:00:00;2029-03-13 00:00:00
2029-02-28 00:00:00;SO745594;C0007;AS005;619;2029-05-02 00:00:00;2029-04-28 00:00:00;2029-03-03 00:00:00;2029-02-27 00:00:00
2029-02-28 00:00:00;SO171257;C0015;VS001;534;2029-04-11 00:00:00;2029-04-02 00:00:00;2029-03-04 00:00:00;2029-02-23 00:00:00
2029-02-28 00:00:00;SO579038;C0012;VS004;974;2029-03-28 00:00:00;2029-03-18 00:00:00;2029-03-03 00:00:00;2029-02-21 00:00:00
2029-02-28 00:00:00;SO171257;C0015;VS005;985;2029-04-11 00:00:00;2029-04-05 00:00:00;2029-03-04 00:00:00;2029-02-26 00:00:00
2029-02-28 00:00:00;SO579038;C0012;VS005;428;2029-03-28 00:00:00;2029-04-06 00:00:00;2029-03-03 00:00:00;2029-03-12 00:00:00
2029-02-28 00:00:00;SO579038;C0012;CL002;864;2029-03-28 00:00:00;2029-03-26 00:00:00;2029-03-03 00:00:00;2029-03-01 00:00:00
2029-02-28 00:00:00;SO579038;C0012;AL001;999;2029-03-28 00:00:00;2029-04-03 00:00:00;2029-03-03 00:00:00;2029-03-09 00:00:00
2029-02-28 00:00:00;SO745594;C0007;AT002;861;2029-05-02 00:00:00;2029-04-26 00:00:00;2029-03-03 00:00:00;2029-02-25 00:00:00
2029-02-28 00:00:00;SO171257;C0015;AT001;750;2029-04-11 00:00:00;2029-04-11 00:00:00;2029-03-04 00:00:00;2029-03-04 00:00:00
2029-02-28 00:00:00;SO171257;C0015;CL002;740;2029-04-11 00:00:00;2029-04-12 00:00:00;2029-03-04 00:00:00;2029-03-05 00:00:00
2029-02-28 00:00:00;SO559531;C0019;VS001;985;2029-05-02 00:00:00;2029-05-01 00:00:00;2029-03-04 00:00:00;2029-03-03 00:00:00
2029-03-01 00:00:00;SO255639;C0006;CS001;369;2029-05-03 00:00:00;2029-05-01 00:00:00;2029-03-03 00:00:00;2029-03-01 00:00:00
2029-03-01 00:00:00;SO525902;C0005;CT001;1214;2029-04-26 00:00:00;2029-05-01 00:00:00;2029-03-03 00:00:00;2029-03-08 00:00:00
2029-03-01 00:00:00;SO255639;C0006;CS002;727;2029-05-03 00:00:00;2029-05-08 00:00:00;2029-03-03 00:00:00;2029-03-08 00:00:00
2029-03-01 00:00:00;SO255639;C0006;AS001;849;2029-05-03 00:00:00;2029-05-04 00:00:00;2029-03-03 00:00:00;2029-03-04 00:00:00
2029-03-01 00:00:00;SO255639;C0006;VS002;946;2029-05-03 00:00:00;2029-04-27 00:00:00;2029-03-03 00:00:00;2029-02-25 00:00:00
2029-03-01 00:00:00;SO255639;C0006;VS005;393;2029-05-03 00:00:00;2029-05-08 00:00:00;2029-03-03 00:00:00;2029-03-08 00:00:00
2029-03-01 00:00:00;SO255639;C0006;AS004;310;2029-05-03 00:00:00;2029-04-24 00:00:00;2029-03-03 00:00:00;2029-02-22 00:00:00
2029-03-01 00:00:00;SO525902;C0005;CT003;682;2029-04-26 00:00:00;2029-04-19 00:00:00;2029-03-03 00:00:00;2029-02-24 00:00:00
2029-03-01 00:00:00;SO525902;C0005;CS001;853;2029-04-26 00:00:00;2029-04-28 00:00:00;2029-03-03 00:00:00;2029-03-05 00:00:00
2029-03-01 00:00:00;SO255639;C0006;CL002;1058;2029-05-03 00:00:00;2029-05-01 00:00:00;2029-03-03 00:00:00;2029-03-01 00:00:00
2029-03-01 00:00:00;SO255639;C0006;AS005;550;2029-05-03 00:00:00;2029-04-29 00:00:00;2029-03-03 00:00:00;2029-02-27 00:00:00
2029-03-01 00:00:00;SO525902;C0005;CT002;1090;2029-04-26 00:00:00;2029-04-19 00:00:00;2029-03-03 00:00:00;2029-02-24 00:00:00
2029-03-01 00:00:00;SO525902;C0005;VS004;697;2029-04-26 00:00:00;2029-04-21 00:00:00;2029-03-03 00:00:00;2029-02-26 00:00:00
2029-03-01 00:00:00;SO525902;C0005;AL001;501;2029-04-26 00:00:00;2029-04-19 00:00:00;2029-03-03 00:00:00;2029-02-24 00:00:00
2029-03-02 00:00:00;SO733043;C0022;CL002;668;2029-04-13 00:00:00;2029-04-21 00:00:00;2029-03-06 00:00:00;2029-03-14 00:00:00
2029-03-02 00:00:00;SO727395;C0016;CT003;958;2029-03-16 00:00:00;2029-03-11 00:00:00;2029-03-06 00:00:00;2029-03-01 00:00:00
2029-03-02 00:00:00;SO727395;C0016;AL001;1440;2029-03-16 00:00:00;2029-03-24 00:00:00;2029-03-06 00:00:00;2029-03-14 00:00:00
2029-03-02 00:00:00;SO733043;C0022;CT002;533;2029-04-13 00:00:00;2029-04-04 00:00:00;2029-03-06 00:00:00;2029-02-25 00:00:00
2029-03-02 00:00:00;SO727395;C0016;AT002;938;2029-03-16 00:00:00;2029-03-12 00:00:00;2029-03-06 00:00:00;2029-03-02 00:00:00
2029-03-02 00:00:00;SO727395;C0016;AS001;768;2029-03-16 00:00:00;2029-03-20 00:00:00;2029-03-06 00:00:00;2029-03-10 00:00:00
2029-03-02 00:00:00;SO727395;C0016;AS004;980;2029-03-16 00:00:00;2029-03-12 00:00:00;2029-03-06 00:00:00;2029-03-02 00:00:00
2029-03-02 00:00:00;SO733043;C0022;AS002;1182;2029-04-13 00:00:00;2029-04-23 00:00:00;2029-03-06 00:00:00;2029-03-16 00:00:00
2029-03-02 00:00:00;SO727395;C0016;CS004;464;2029-03-16 00:00:00;2029-03-19 00:00:00;2029-03-06 00:00:00;2029-03-09 00:00:00
2029-03-02 00:00:00;SO733043;C0022;AL002;677;2029-04-13 00:00:00;2029-04-06 00:00:00;2029-03-06 00:00:00;2029-02-27 00:00:00
2029-03-02 00:00:00;SO733043;C0022;VS004;981;2029-04-13 00:00:00;2029-04-09 00:00:00;2029-03-06 00:00:00;2029-03-02 00:00:00
2029-03-02 00:00:00;SO727395;C0016;CT002;1330;2029-03-16 00:00:00;2029-03-19 00:00:00;2029-03-06 00:00:00;2029-03-09 00:00:00
2029-03-05 00:00:00;SO832354;C0030;CT001;937;2029-05-07 00:00:00;2029-05-12 00:00:00;2029-03-13 00:00:00;2029-03-18 00:00:00
2029-03-05 00:00:00;SO989775;C0026;CS001;906;2029-04-09 00:00:00;2029-04-09 00:00:00;2029-03-13 00:00:00;2029-03-13 00:00:00
2029-03-05 00:00:00;SO445162;C0005;CS001;914;2029-04-30 00:00:00;2029-04-26 00:00:00;2029-03-07 00:00:00;2029-03-03 00:00:00
2029-03-05 00:00:00;SO376660;C0025;AT001;1219;2029-04-02 00:00:00;2029-03-25 00:00:00;2029-03-13 00:00:00;2029-03-05 00:00:00
2029-03-05 00:00:00;SO376660;C0025;CT001;911;2029-04-02 00:00:00;2029-03-29 00:00:00;2029-03-13 00:00:00;2029-03-09 00:00:00
2029-03-05 00:00:00;SO445162;C0005;AS002;888;2029-04-30 00:00:00;2029-04-25 00:00:00;2029-03-07 00:00:00;2029-03-02 00:00:00
2029-03-05 00:00:00;SO445162;C0005;CS004;863;2029-04-30 00:00:00;2029-04-24 00:00:00;2029-03-07 00:00:00;2029-03-01 00:00:00
2029-03-05 00:00:00;SO445162;C0005;AS003;1003;2029-04-30 00:00:00;2029-04-28 00:00:00;2029-03-07 00:00:00;2029-03-05 00:00:00
2029-03-05 00:00:00;SO832354;C0030;CS001;1009;2029-05-07 00:00:00;2029-05-01 00:00:00;2029-03-13 00:00:00;2029-03-07 00:00:00
2029-03-05 00:00:00;SO376660;C0025;CS004;915;2029-04-02 00:00:00;2029-04-05 00:00:00;2029-03-13 00:00:00;2029-03-16 00:00:00
2029-03-05 00:00:00;SO832354;C0030;AS002;1222;2029-05-07 00:00:00;2029-05-15 00:00:00;2029-03-13 00:00:00;2029-03-21 00:00:00
2029-03-05 00:00:00;SO832354;C0030;VS004;1163;2029-05-07 00:00:00;2029-05-02 00:00:00;2029-03-13 00:00:00;2029-03-08 00:00:00
2029-03-05 00:00:00;SO832354;C0030;VS002;1202;2029-05-07 00:00:00;2029-05-05 00:00:00;2029-03-13 00:00:00;2029-03-11 00:00:00
2029-03-05 00:00:00;SO832354;C0030;CL001;544;2029-05-07 00:00:00;2029-05-10 00:00:00;2029-03-13 00:00:00;2029-03-16 00:00:00
2029-03-05 00:00:00;SO832354;C0030;AL001;1270;2029-05-07 00:00:00;2029-04-28 00:00:00;2029-03-13 00:00:00;2029-03-04 00:00:00
2029-03-05 00:00:00;SO445162;C0005;AS005;783;2029-04-30 00:00:00;2029-04-28 00:00:00;2029-03-07 00:00:00;2029-03-05 00:00:00
2029-03-05 00:00:00;SO376660;C0025;AL002;576;2029-04-02 00:00:00;2029-03-28 00:00:00;2029-03-13 00:00:00;2029-03-08 00:00:00
2029-03-05 00:00:00;SO989775;C0026;CL002;1384;2029-04-09 00:00:00;2029-04-19 00:00:00;2029-03-13 00:00:00;2029-03-23 00:00:00
2029-03-05 00:00:00;SO445162;C0005;CL001;598;2029-04-30 00:00:00;2029-05-10 00:00:00;2029-03-07 00:00:00;2029-03-17 00:00:00
2029-03-05 00:00:00;SO445162;C0005;VS001;643;2029-04-30 00:00:00;2029-04-28 00:00:00;2029-03-07 00:00:00;2029-03-05 00:00:00
2029-03-06 00:00:00;SO957156;C0008;AS001;1070;2029-05-01 00:00:00;2029-05-04 00:00:00;2029-03-09 00:00:00;2029-03-12 00:00:00
2029-03-06 00:00:00;SO630277;C0024;AS003;1163;2029-04-03 00:00:00;2029-03-24 00:00:00;2029-03-10 00:00:00;2029-02-28 00:00:00
2029-03-06 00:00:00;SO630277;C0024;AL001;981;2029-04-03 00:00:00;2029-04-12 00:00:00;2029-03-10 00:00:00;2029-03-19 00:00:00
2029-03-06 00:00:00;SO957156;C0008;AS002;917;2029-05-01 00:00:00;2029-05-10 00:00:00;2029-03-09 00:00:00;2029-03-18 00:00:00
2029-03-06 00:00:00;SO957156;C0008;VS002;645;2029-05-01 00:00:00;2029-05-04 00:00:00;2029-03-09 00:00:00;2029-03-12 00:00:00
2029-03-06 00:00:00;SO957156;C0008;AL002;655;2029-05-01 00:00:00;2029-05-09 00:00:00;2029-03-09 00:00:00;2029-03-17 00:00:00
2029-03-06 00:00:00;SO957156;C0008;VS003;1113;2029-05-01 00:00:00;2029-04-21 00:00:00;2029-03-09 00:00:00;2029-02-27 00:00:00
2029-03-06 00:00:00;SO630277;C0024;AL002;1079;2029-04-03 00:00:00;2029-04-08 00:00:00;2029-03-10 00:00:00;2029-03-15 00:00:00
2029-03-06 00:00:00;SO957156;C0008;AT002;992;2029-05-01 00:00:00;2029-04-23 00:00:00;2029-03-09 00:00:00;2029-03-01 00:00:00
2029-03-06 00:00:00;SO630277;C0024;CL002;603;2029-04-03 00:00:00;2029-03-30 00:00:00;2029-03-10 00:00:00;2029-03-06 00:00:00
2029-03-06 00:00:00;SO630277;C0024;CS003;604;2029-04-03 00:00:00;2029-04-07 00:00:00;2029-03-10 00:00:00;2029-03-14 00:00:00
2029-03-06 00:00:00;SO630277;C0024;AS005;654;2029-04-03 00:00:00;2029-03-27 00:00:00;2029-03-10 00:00:00;2029-03-03 00:00:00
2029-03-07 00:00:00;SO911105;C0017;CS004;751;2029-05-02 00:00:00;2029-04-23 00:00:00;2029-03-11 00:00:00;2029-03-02 00:00:00
2029-03-07 00:00:00;SO526966;C0006;AL001;844;2029-05-09 00:00:00;2029-05-13 00:00:00;2029-03-09 00:00:00;2029-03-13 00:00:00
2029-03-07 00:00:00;SO526966;C0006;AS001;533;2029-05-09 00:00:00;2029-05-12 00:00:00;2029-03-09 00:00:00;2029-03-12 00:00:00
2029-03-07 00:00:00;SO526966;C0006;VS002;935;2029-05-09 00:00:00;2029-05-05 00:00:00;2029-03-09 00:00:00;2029-03-05 00:00:00
2029-03-07 00:00:00;SO526966;C0006;CT003;619;2029-05-09 00:00:00;2029-04-29 00:00:00;2029-03-09 00:00:00;2029-02-27 00:00:00
2029-03-07 00:00:00;SO526966;C0006;CT001;459;2029-05-09 00:00:00;2029-04-29 00:00:00;2029-03-09 00:00:00;2029-02-27 00:00:00
2029-03-07 00:00:00;SO526966;C0006;VS005;1094;2029-05-09 00:00:00;2029-05-01 00:00:00;2029-03-09 00:00:00;2029-03-01 00:00:00
2029-03-07 00:00:00;SO911105;C0017;CT001;1075;2029-05-02 00:00:00;2029-05-04 00:00:00;2029-03-11 00:00:00;2029-03-13 00:00:00
2029-03-07 00:00:00;SO526966;C0006;VS001;856;2029-05-09 00:00:00;2029-05-08 00:00:00;2029-03-09 00:00:00;2029-03-08 00:00:00
2029-03-07 00:00:00;SO911105;C0017;VS002;890;2029-05-02 00:00:00;2029-05-03 00:00:00;2029-03-11 00:00:00;2029-03-12 00:00:00
2029-03-07 00:00:00;SO911105;C0017;AS004;526;2029-05-02 00:00:00;2029-05-10 00:00:00;2029-03-11 00:00:00;2029-03-19 00:00:00
2029-03-07 00:00:00;SO911105;C0017;AT002;659;2029-05-02 00:00:00;2029-05-03 00:00:00;2029-03-11 00:00:00;2029-03-12 00:00:00
2029-03-07 00:00:00;SO911105;C0017;AS003;992;2029-05-02 00:00:00;2029-05-08 00:00:00;2029-03-11 00:00:00;2029-03-17 00:00:00
2029-03-07 00:00:00;SO911105;C0017;CS001;1311;2029-05-02 00:00:00;2029-04-26 00:00:00;2029-03-11 00:00:00;2029-03-05 00:00:00
2029-03-07 00:00:00;SO526966;C0006;CS002;678;2029-05-09 00:00:00;2029-05-05 00:00:00;2029-03-09 00:00:00;2029-03-05 00:00:00
2029-03-07 00:00:00;SO911105;C0017;CL002;439;2029-05-02 00:00:00;2029-05-11 00:00:00;2029-03-11 00:00:00;2029-03-20 00:00:00
2029-03-07 00:00:00;SO526966;C0006;AS002;891;2029-05-09 00:00:00;2029-05-01 00:00:00;2029-03-09 00:00:00;2029-03-01 00:00:00
2029-03-07 00:00:00;SO526966;C0006;CS004;650;2029-05-09 00:00:00;2029-05-17 00:00:00;2029-03-09 00:00:00;2029-03-17 00:00:00
2029-03-08 00:00:00;SO857633;C0015;CS004;783;2029-04-19 00:00:00;2029-04-27 00:00:00;2029-03-12 00:00:00;2029-03-20 00:00:00
2029-03-08 00:00:00;SO935285;C0026;AS001;884;2029-04-12 00:00:00;2029-04-16 00:00:00;2029-03-16 00:00:00;2029-03-20 00:00:00
2029-03-08 00:00:00;SO885201;C0005;CS002;728;2029-05-03 00:00:00;2029-05-01 00:00:00;2029-03-10 00:00:00;2029-03-08 00:00:00
2029-03-08 00:00:00;SO935285;C0026;AS004;584;2029-04-12 00:00:00;2029-04-10 00:00:00;2029-03-16 00:00:00;2029-03-14 00:00:00
2029-03-08 00:00:00;SO857633;C0015;VS003;929;2029-04-19 00:00:00;2029-04-25 00:00:00;2029-03-12 00:00:00;2029-03-18 00:00:00
2029-03-08 00:00:00;SO935285;C0026;CS003;1532;2029-04-12 00:00:00;2029-04-15 00:00:00;2029-03-16 00:00:00;2029-03-19 00:00:00
2029-03-08 00:00:00;SO857633;C0015;CS001;532;2029-04-19 00:00:00;2029-04-20 00:00:00;2029-03-12 00:00:00;2029-03-13 00:00:00
2029-03-08 00:00:00;SO935285;C0026;CS001;712;2029-04-12 00:00:00;2029-04-06 00:00:00;2029-03-16 00:00:00;2029-03-10 00:00:00
2029-03-08 00:00:00;SO935285;C0026;CS002;876;2029-04-12 00:00:00;2029-04-02 00:00:00;2029-03-16 00:00:00;2029-03-06 00:00:00
2029-03-08 00:00:00;SO885201;C0005;VS002;926;2029-05-03 00:00:00;2029-05-05 00:00:00;2029-03-10 00:00:00;2029-03-12 00:00:00
2029-03-08 00:00:00;SO857633;C0015;AS003;513;2029-04-19 00:00:00;2029-04-18 00:00:00;2029-03-12 00:00:00;2029-03-11 00:00:00
2029-03-08 00:00:00;SO935285;C0026;AT001;456;2029-04-12 00:00:00;2029-04-20 00:00:00;2029-03-16 00:00:00;2029-03-24 00:00:00
2029-03-09 00:00:00;SO932745;C0009;AS003;775;2029-03-23 00:00:00;2029-03-15 00:00:00;2029-03-12 00:00:00;2029-03-04 00:00:00
2029-03-09 00:00:00;SO661496;C0001;CT002;991;2029-04-06 00:00:00;2029-04-04 00:00:00;2029-03-11 00:00:00;2029-03-09 00:00:00
2029-03-09 00:00:00;SO563364;C0029;CT001;1404;2029-05-04 00:00:00;2029-05-02 00:00:00;2029-03-17 00:00:00;2029-03-15 00:00:00
2029-03-09 00:00:00;SO563364;C0029;AL002;456;2029-05-04 00:00:00;2029-04-29 00:00:00;2029-03-17 00:00:00;2029-03-12 00:00:00
2029-03-09 00:00:00;SO932745;C0009;AT001;1066;2029-03-23 00:00:00;2029-03-13 00:00:00;2029-03-12 00:00:00;2029-03-02 00:00:00
2029-03-09 00:00:00;SO932745;C0009;AS005;491;2029-03-23 00:00:00;2029-03-20 00:00:00;2029-03-12 00:00:00;2029-03-09 00:00:00
2029-03-09 00:00:00;SO661496;C0001;CS003;738;2029-04-06 00:00:00;2029-04-08 00:00:00;2029-03-11 00:00:00;2029-03-13 00:00:00
2029-03-09 00:00:00;SO932745;C0009;AS002;448;2029-03-23 00:00:00;2029-03-18 00:00:00;2029-03-12 00:00:00;2029-03-07 00:00:00
2029-03-09 00:00:00;SO661496;C0001;AS005;612;2029-04-06 00:00:00;2029-04-02 00:00:00;2029-03-11 00:00:00;2029-03-07 00:00:00
2029-03-09 00:00:00;SO563364;C0029;AS005;1061;2029-05-04 00:00:00;2029-05-13 00:00:00;2029-03-17 00:00:00;2029-03-26 00:00:00
2029-03-09 00:00:00;SO563364;C0029;VS005;1052;2029-05-04 00:00:00;2029-04-27 00:00:00;2029-03-17 00:00:00;2029-03-10 00:00:00
2029-03-09 00:00:00;SO932745;C0009;AL001;1219;2029-03-23 00:00:00;2029-03-15 00:00:00;2029-03-12 00:00:00;2029-03-04 00:00:00
2029-03-09 00:00:00;SO563364;C0029;AS002;642;2029-05-04 00:00:00;2029-04-28 00:00:00;2029-03-17 00:00:00;2029-03-11 00:00:00
2029-03-12 00:00:00;SO938577;C0016;CS001;659;2029-03-26 00:00:00;2029-03-17 00:00:00;2029-03-16 00:00:00;2029-03-07 00:00:00
2029-03-12 00:00:00;SO9000069;C0019;AS001;674;2029-05-14 00:00:00;2029-05-15 00:00:00;2029-03-16 00:00:00;2029-03-17 00:00:00
2029-03-12 00:00:00;SO370798;C0004;AS005;915;2029-03-26 00:00:00;2029-04-05 00:00:00;2029-03-14 00:00:00;2029-03-24 00:00:00
2029-03-12 00:00:00;SO141742;C0027;VS001;573;2029-04-23 00:00:00;2029-04-20 00:00:00;2029-03-20 00:00:00;2029-03-17 00:00:00
2029-03-12 00:00:00;SO938577;C0016;VS002;743;2029-03-26 00:00:00;2029-03-27 00:00:00;2029-03-16 00:00:00;2029-03-17 00:00:00
2029-03-12 00:00:00;SO141742;C0027;CL001;1149;2029-04-23 00:00:00;2029-04-16 00:00:00;2029-03-20 00:00:00;2029-03-13 00:00:00
2029-03-12 00:00:00;SO9000069;C0019;VS004;773;2029-05-14 00:00:00;2029-05-12 00:00:00;2029-03-16 00:00:00;2029-03-14 00:00:00
2029-03-12 00:00:00;SO141742;C0027;AL002;596;2029-04-23 00:00:00;2029-04-28 00:00:00;2029-03-20 00:00:00;2029-03-25 00:00:00
2029-03-12 00:00:00;SO9000069;C0019;CS002;394;2029-05-14 00:00:00;2029-05-20 00:00:00;2029-03-16 00:00:00;2029-03-22 00:00:00
2029-03-12 00:00:00;SO9000069;C0019;CL002;619;2029-05-14 00:00:00;2029-05-23 00:00:00;2029-03-16 00:00:00;2029-03-25 00:00:00
2029-03-12 00:00:00;SO370798;C0004;CL001;1116;2029-03-26 00:00:00;2029-03-20 00:00:00;2029-03-14 00:00:00;2029-03-08 00:00:00
2029-03-12 00:00:00;SO141742;C0027;CS001;989;2029-04-23 00:00:00;2029-04-29 00:00:00;2029-03-20 00:00:00;2029-03-26 00:00:00
2029-03-12 00:00:00;SO938577;C0016;AS003;1091;2029-03-26 00:00:00;2029-03-24 00:00:00;2029-03-16 00:00:00;2029-03-14 00:00:00
2029-03-12 00:00:00;SO938577;C0016;VS005;595;2029-03-26 00:00:00;2029-04-03 00:00:00;2029-03-16 00:00:00;2029-03-24 00:00:00
2029-03-12 00:00:00;SO141742;C0027;VS005;1136;2029-04-23 00:00:00;2029-04-15 00:00:00;2029-03-20 00:00:00;2029-03-12 00:00:00
2029-03-12 00:00:00;SO370798;C0004;CS002;423;2029-03-26 00:00:00;2029-03-30 00:00:00;2029-03-14 00:00:00;2029-03-18 00:00:00
2029-03-12 00:00:00;SO370798;C0004;CS003;1347;2029-03-26 00:00:00;2029-03-17 00:00:00;2029-03-14 00:00:00;2029-03-05 00:00:00
2029-03-12 00:00:00;SO141742;C0027;CS004;670;2029-04-23 00:00:00;2029-04-25 00:00:00;2029-03-20 00:00:00;2029-03-22 00:00:00
2029-03-12 00:00:00;SO141742;C0027;AS005;1362;2029-04-23 00:00:00;2029-05-01 00:00:00;2029-03-20 00:00:00;2029-03-28 00:00:00
2029-03-12 00:00:00;SO141742;C0027;AS004;882;2029-04-23 00:00:00;2029-05-02 00:00:00;2029-03-20 00:00:00;2029-03-29 00:00:00
2029-03-13 00:00:00;SO222260;C0009;CS004;725;2029-03-27 00:00:00;2029-04-04 00:00:00;2029-03-16 00:00:00;2029-03-24 00:00:00
2029-03-13 00:00:00;SO561803;C0017;CS002;1110;2029-05-08 00:00:00;2029-04-29 00:00:00;2029-03-17 00:00:00;2029-03-08 00:00:00
2029-03-13 00:00:00;SO463861;C0013;CT003;595;2029-04-10 00:00:00;2029-04-06 00:00:00;2029-03-17 00:00:00;2029-03-13 00:00:00
2029-03-13 00:00:00;SO842961;C0014;AT001;1129;2029-04-17 00:00:00;2029-04-27 00:00:00;2029-03-17 00:00:00;2029-03-27 00:00:00
2029-03-13 00:00:00;SO842961;C0014;CS003;1016;2029-04-17 00:00:00;2029-04-14 00:00:00;2029-03-17 00:00:00;2029-03-14 00:00:00
2029-03-13 00:00:00;SO463861;C0013;VS002;958;2029-04-10 00:00:00;2029-04-20 00:00:00;2029-03-17 00:00:00;2029-03-27 00:00:00
2029-03-13 00:00:00;SO222260;C0009;CT001;810;2029-03-27 00:00:00;2029-03-23 00:00:00;2029-03-16 00:00:00;2029-03-12 00:00:00
2029-03-13 00:00:00;SO561803;C0017;VS002;799;2029-05-08 00:00:00;2029-05-18 00:00:00;2029-03-17 00:00:00;2029-03-27 00:00:00
2029-03-13 00:00:00;SO222260;C0009;VS004;1221;2029-03-27 00:00:00;2029-03-17 00:00:00;2029-03-16 00:00:00;2029-03-06 00:00:00
2029-03-13 00:00:00;SO561803;C0017;CT001;276;2029-05-08 00:00:00;2029-05-11 00:00:00;2029-03-17 00:00:00;2029-03-20 00:00:00
2029-03-13 00:00:00;SO561803;C0017;CL001;1202;2029-05-08 00:00:00;2029-05-07 00:00:00;2029-03-17 00:00:00;2029-03-16 00:00:00
2029-03-13 00:00:00;SO222260;C0009;CL002;583;2029-03-27 00:00:00;2029-03-28 00:00:00;2029-03-16 00:00:00;2029-03-17 00:00:00
2029-03-13 00:00:00;SO463861;C0013;CT001;553;2029-04-10 00:00:00;2029-04-16 00:00:00;2029-03-17 00:00:00;2029-03-23 00:00:00
2029-03-13 00:00:00;SO463861;C0013;VS003;1219;2029-04-10 00:00:00;2029-04-09 00:00:00;2029-03-17 00:00:00;2029-03-16 00:00:00
2029-03-13 00:00:00;SO842961;C0014;VS004;476;2029-04-17 00:00:00;2029-04-17 00:00:00;2029-03-17 00:00:00;2029-03-17 00:00:00
2029-03-14 00:00:00;SO936655;C0016;VS004;878;2029-03-28 00:00:00;2029-04-01 00:00:00;2029-03-18 00:00:00;2029-03-22 00:00:00
2029-03-14 00:00:00;SO290403;C0009;VS001;1180;2029-03-28 00:00:00;2029-03-27 00:00:00;2029-03-17 00:00:00;2029-03-16 00:00:00
2029-03-14 00:00:00;SO936655;C0016;VS002;476;2029-03-28 00:00:00;2029-04-03 00:00:00;2029-03-18 00:00:00;2029-03-24 00:00:00
2029-03-14 00:00:00;SO290403;C0009;CS003;1514;2029-03-28 00:00:00;2029-03-19 00:00:00;2029-03-17 00:00:00;2029-03-08 00:00:00
2029-03-14 00:00:00;SO936655;C0016;VS001;1120;2029-03-28 00:00:00;2029-04-02 00:00:00;2029-03-18 00:00:00;2029-03-23 00:00:00
2029-03-14 00:00:00;SO290403;C0009;AS001;865;2029-03-28 00:00:00;2029-04-01 00:00:00;2029-03-17 00:00:00;2029-03-21 00:00:00
2029-03-14 00:00:00;SO936655;C0016;CL002;463;2029-03-28 00:00:00;2029-03-28 00:00:00;2029-03-18 00:00:00;2029-03-18 00:00:00
2029-03-14 00:00:00;SO290403;C0009;AL002;1248;2029-03-28 00:00:00;2029-03-18 00:00:00;2029-03-17 00:00:00;2029-03-07 00:00:00
2029-03-14 00:00:00;SO936655;C0016;AS005;725;2029-03-28 00:00:00;2029-03-21 00:00:00;2029-03-18 00:00:00;2029-03-11 00:00:00
2029-03-14 00:00:00;SO290403;C0009;CT002;1126;2029-03-28 00:00:00;2029-04-01 00:00:00;2029-03-17 00:00:00;2029-03-21 00:00:00
2029-03-14 00:00:00;SO290403;C0009;AT001;771;2029-03-28 00:00:00;2029-03-30 00:00:00;2029-03-17 00:00:00;2029-03-19 00:00:00
2029-03-14 00:00:00;SO936655;C0016;AL001;860;2029-03-28 00:00:00;2029-04-07 00:00:00;2029-03-18 00:00:00;2029-03-28 00:00:00
2029-03-14 00:00:00;SO290403;C0009;CL002;363;2029-03-28 00:00:00;2029-03-21 00:00:00;2029-03-17 00:00:00;2029-03-10 00:00:00
2029-03-14 00:00:00;SO290403;C0009;CT001;1213;2029-03-28 00:00:00;2029-04-07 00:00:00;2029-03-17 00:00:00;2029-03-27 00:00:00
2029-03-14 00:00:00;SO936655;C0016;AS001;627;2029-03-28 00:00:00;2029-04-06 00:00:00;2029-03-18 00:00:00;2029-03-27 00:00:00
2029-03-14 00:00:00;SO936655;C0016;AS004;886;2029-03-28 00:00:00;2029-04-05 00:00:00;2029-03-18 00:00:00;2029-03-26 00:00:00
2029-03-14 00:00:00;SO290403;C0009;CL001;1174;2029-03-28 00:00:00;2029-03-30 00:00:00;2029-03-17 00:00:00;2029-03-19 00:00:00
2029-03-15 00:00:00;SO785856;C0027;CT002;782;2029-04-26 00:00:00;2029-04-30 00:00:00;2029-03-23 00:00:00;2029-03-27 00:00:00
2029-03-15 00:00:00;SO948601;C0020;CS002;738;2029-05-10 00:00:00;2029-05-19 00:00:00;2029-03-19 00:00:00;2029-03-28 00:00:00
2029-03-15 00:00:00;SO207093;C0011;AT001;472;2029-04-19 00:00:00;2029-04-22 00:00:00;2029-03-18 00:00:00;2029-03-21 00:00:00
2029-03-15 00:00:00;SO948601;C0020;VS001;1316;2029-05-10 00:00:00;2029-05-05 00:00:00;2029-03-19 00:00:00;2029-03-14 00:00:00
2029-03-15 00:00:00;SO948601;C0020;CL001;845;2029-05-10 00:00:00;2029-05-12 00:00:00;2029-03-19 00:00:00;2029-03-21 00:00:00
2029-03-15 00:00:00;SO207093;C0011;CS002;1287;2029-04-19 00:00:00;2029-04-16 00:00:00;2029-03-18 00:00:00;2029-03-15 00:00:00
2029-03-15 00:00:00;SO207093;C0011;CS001;524;2029-04-19 00:00:00;2029-04-22 00:00:00;2029-03-18 00:00:00;2029-03-21 00:00:00
2029-03-15 00:00:00;SO785856;C0027;AL002;482;2029-04-26 00:00:00;2029-04-26 00:00:00;2029-03-23 00:00:00;2029-03-23 00:00:00
2029-03-15 00:00:00;SO948601;C0020;VS002;482;2029-05-10 00:00:00;2029-05-17 00:00:00;2029-03-19 00:00:00;2029-03-26 00:00:00
2029-03-15 00:00:00;SO785856;C0027;CL001;538;2029-04-26 00:00:00;2029-04-16 00:00:00;2029-03-23 00:00:00;2029-03-13 00:00:00
2029-03-15 00:00:00;SO207093;C0011;CL001;886;2029-04-19 00:00:00;2029-04-13 00:00:00;2029-03-18 00:00:00;2029-03-12 00:00:00
2029-03-15 00:00:00;SO785856;C0027;CT003;855;2029-04-26 00:00:00;2029-04-23 00:00:00;2029-03-23 00:00:00;2029-03-20 00:00:00
2029-03-15 00:00:00;SO207093;C0011;AS002;1022;2029-04-19 00:00:00;2029-04-12 00:00:00;2029-03-18 00:00:00;2029-03-11 00:00:00
2029-03-15 00:00:00;SO948601;C0020;VS005;540;2029-05-10 00:00:00;2029-04-30 00:00:00;2029-03-19 00:00:00;2029-03-09 00:00:00
2029-03-16 00:00:00;SO979375;C0017;CS004;701;2029-05-11 00:00:00;2029-05-21 00:00:00;2029-03-20 00:00:00;2029-03-30 00:00:00
2029-03-16 00:00:00;SO427388;C0023;CT002;1017;2029-04-20 00:00:00;2029-04-23 00:00:00;2029-03-20 00:00:00;2029-03-23 00:00:00
2029-03-16 00:00:00;SO427388;C0023;CS003;341;2029-04-20 00:00:00;2029-04-13 00:00:00;2029-03-20 00:00:00;2029-03-13 00:00:00
2029-03-16 00:00:00;SO427388;C0023;AT002;763;2029-04-20 00:00:00;2029-04-17 00:00:00;2029-03-20 00:00:00;2029-03-17 00:00:00
2029-03-16 00:00:00;SO979375;C0017;CS001;708;2029-05-11 00:00:00;2029-05-10 00:00:00;2029-03-20 00:00:00;2029-03-19 00:00:00
2029-03-16 00:00:00;SO427388;C0023;AS005;1090;2029-04-20 00:00:00;2029-04-22 00:00:00;2029-03-20 00:00:00;2029-03-22 00:00:00
2029-03-16 00:00:00;SO427388;C0023;AT001;1032;2029-04-20 00:00:00;2029-04-25 00:00:00;2029-03-20 00:00:00;2029-03-25 00:00:00
2029-03-16 00:00:00;SO427388;C0023;AS002;510;2029-04-20 00:00:00;2029-04-21 00:00:00;2029-03-20 00:00:00;2029-03-21 00:00:00
2029-03-16 00:00:00;SO427388;C0023;VS004;751;2029-04-20 00:00:00;2029-04-29 00:00:00;2029-03-20 00:00:00;2029-03-29 00:00:00
2029-03-16 00:00:00;SO427388;C0023;AS003;1082;2029-04-20 00:00:00;2029-04-29 00:00:00;2029-03-20 00:00:00;2029-03-29 00:00:00
2029-03-16 00:00:00;SO427388;C0023;CS002;1366;2029-04-20 00:00:00;2029-04-30 00:00:00;2029-03-20 00:00:00;2029-03-30 00:00:00
2029-03-16 00:00:00;SO979375;C0017;CS002;805;2029-05-11 00:00:00;2029-05-10 00:00:00;2029-03-20 00:00:00;2029-03-19 00:00:00
2029-03-16 00:00:00;SO979375;C0017;AL001;637;2029-05-11 00:00:00;2029-05-16 00:00:00;2029-03-20 00:00:00;2029-03-25 00:00:00
2029-03-16 00:00:00;SO427388;C0023;AL002;440;2029-04-20 00:00:00;2029-04-26 00:00:00;2029-03-20 00:00:00;2029-03-26 00:00:00
2029-03-16 00:00:00;SO979375;C0017;CT002;972;2029-05-11 00:00:00;2029-05-09 00:00:00;2029-03-20 00:00:00;2029-03-18 00:00:00
2029-03-16 00:00:00;SO979375;C0017;AS002;361;2029-05-11 00:00:00;2029-05-05 00:00:00;2029-03-20 00:00:00;2029-03-14 00:00:00
2029-03-19 00:00:00;SO779012;C0028;CL002;1347;2029-04-02 00:00:00;2029-03-24 00:00:00;2029-03-27 00:00:00;2029-03-18 00:00:00
2029-03-19 00:00:00;SO561463;C0030;CT001;878;2029-05-21 00:00:00;2029-05-26 00:00:00;2029-03-27 00:00:00;2029-04-01 00:00:00
2029-03-19 00:00:00;SO382141;C0023;CT003;427;2029-04-23 00:00:00;2029-04-17 00:00:00;2029-03-23 00:00:00;2029-03-17 00:00:00
2029-03-19 00:00:00;SO629807;C0018;AS004;1166;2029-05-21 00:00:00;2029-05-22 00:00:00;2029-03-23 00:00:00;2029-03-24 00:00:00
2029-03-19 00:00:00;SO561463;C0030;AT002;879;2029-05-21 00:00:00;2029-05-23 00:00:00;2029-03-27 00:00:00;2029-03-29 00:00:00
2029-03-19 00:00:00;SO629807;C0018;VS003;1062;2029-05-21 00:00:00;2029-05-29 00:00:00;2029-03-23 00:00:00;2029-03-31 00:00:00
2029-03-19 00:00:00;SO382141;C0023;CL002;1311;2029-04-23 00:00:00;2029-04-26 00:00:00;2029-03-23 00:00:00;2029-03-26 00:00:00
2029-03-19 00:00:00;SO561463;C0030;VS001;563;2029-05-21 00:00:00;2029-05-26 00:00:00;2029-03-27 00:00:00;2029-04-01 00:00:00
2029-03-19 00:00:00;SO779012;C0028;AS005;716;2029-04-02 00:00:00;2029-03-23 00:00:00;2029-03-27 00:00:00;2029-03-17 00:00:00
2029-03-19 00:00:00;SO779012;C0028;AL001;972;2029-04-02 00:00:00;2029-04-09 00:00:00;2029-03-27 00:00:00;2029-04-03 00:00:00
2029-03-19 00:00:00;SO561463;C0030;CT003;588;2029-05-21 00:00:00;2029-05-23 00:00:00;2029-03-27 00:00:00;2029-03-29 00:00:00
2029-03-19 00:00:00;SO561463;C0030;CS002;424;2029-05-21 00:00:00;2029-05-31 00:00:00;2029-03-27 00:00:00;2029-04-06 00:00:00
2029-03-19 00:00:00;SO382141;C0023;CS001;1003;2029-04-23 00:00:00;2029-04-21 00:00:00;2029-03-23 00:00:00;2029-03-21 00:00:00
2029-03-19 00:00:00;SO382141;C0023;VS002;507;2029-04-23 00:00:00;2029-05-01 00:00:00;2029-03-23 00:00:00;2029-03-31 00:00:00
2029-03-19 00:00:00;SO629807;C0018;AS002;922;2029-05-21 00:00:00;2029-05-28 00:00:00;2029-03-23 00:00:00;2029-03-30 00:00:00
2029-03-20 00:00:00;SO523393;C0001;VS004;444;2029-04-17 00:00:00;2029-04-14 00:00:00;2029-03-22 00:00:00;2029-03-19 00:00:00
2029-03-20 00:00:00;SO531007;C0030;VS004;1349;2029-05-22 00:00:00;2029-05-30 00:00:00;2029-03-28 00:00:00;2029-04-05 00:00:00
2029-03-20 00:00:00;SO600754;C0028;VS005;904;2029-04-03 00:00:00;2029-04-13 00:00:00;2029-03-28 00:00:00;2029-04-07 00:00:00
2029-03-20 00:00:00;SO523393;C0001;AS003;486;2029-04-17 00:00:00;2029-04-25 00:00:00;2029-03-22 00:00:00;2029-03-30 00:00:00
2029-03-20 00:00:00;SO600754;C0028;AS001;400;2029-04-03 00:00:00;2029-04-04 00:00:00;2029-03-28 00:00:00;2029-03-29 00:00:00
2029-03-20 00:00:00;SO531007;C0030;AT002;623;2029-05-22 00:00:00;2029-05-16 00:00:00;2029-03-28 00:00:00;2029-03-22 00:00:00
2029-03-20 00:00:00;SO531007;C0030;VS001;485;2029-05-22 00:00:00;2029-05-27 00:00:00;2029-03-28 00:00:00;2029-04-02 00:00:00
2029-03-20 00:00:00;SO600754;C0028;CL002;513;2029-04-03 00:00:00;2029-04-03 00:00:00;2029-03-28 00:00:00;2029-03-28 00:00:00
2029-03-20 00:00:00;SO531007;C0030;CS002;1293;2029-05-22 00:00:00;2029-05-21 00:00:00;2029-03-28 00:00:00;2029-03-27 00:00:00
2029-03-20 00:00:00;SO523393;C0001;CT002;766;2029-04-17 00:00:00;2029-04-25 00:00:00;2029-03-22 00:00:00;2029-03-30 00:00:00
2029-03-20 00:00:00;SO523393;C0001;VS001;594;2029-04-17 00:00:00;2029-04-09 00:00:00;2029-03-22 00:00:00;2029-03-14 00:00:00
2029-03-20 00:00:00;SO600754;C0028;CT003;868;2029-04-03 00:00:00;2029-03-29 00:00:00;2029-03-28 00:00:00;2029-03-23 00:00:00
2029-03-20 00:00:00;SO531007;C0030;CT002;697;2029-05-22 00:00:00;2029-05-30 00:00:00;2029-03-28 00:00:00;2029-04-05 00:00:00
2029-03-20 00:00:00;SO531007;C0030;AS003;786;2029-05-22 00:00:00;2029-05-21 00:00:00;2029-03-28 00:00:00;2029-03-27 00:00:00
2029-03-20 00:00:00;SO531007;C0030;CS001;610;2029-05-22 00:00:00;2029-05-18 00:00:00;2029-03-28 00:00:00;2029-03-24 00:00:00
2029-03-20 00:00:00;SO523393;C0001;CL001;522;2029-04-17 00:00:00;2029-04-16 00:00:00;2029-03-22 00:00:00;2029-03-21 00:00:00
2029-03-20 00:00:00;SO523393;C0001;CS002;999;2029-04-17 00:00:00;2029-04-16 00:00:00;2029-03-22 00:00:00;2029-03-21 00:00:00
2029-03-20 00:00:00;SO600754;C0028;CS003;981;2029-04-03 00:00:00;2029-04-03 00:00:00;2029-03-28 00:00:00;2029-03-28 00:00:00
2029-03-20 00:00:00;SO523393;C0001;AS002;1157;2029-04-17 00:00:00;2029-04-20 00:00:00;2029-03-22 00:00:00;2029-03-25 00:00:00
2029-03-20 00:00:00;SO523393;C0001;VS003;1113;2029-04-17 00:00:00;2029-04-13 00:00:00;2029-03-22 00:00:00;2029-03-18 00:00:00
2029-03-21 00:00:00;SO170214;C0022;VS001;412;2029-05-02 00:00:00;2029-05-06 00:00:00;2029-03-25 00:00:00;2029-03-29 00:00:00
2029-03-21 00:00:00;SO872639;C0028;AT002;507;2029-04-04 00:00:00;2029-04-05 00:00:00;2029-03-29 00:00:00;2029-03-30 00:00:00
2029-03-21 00:00:00;SO658952;C0003;AL002;569;2029-05-02 00:00:00;2029-04-22 00:00:00;2029-03-23 00:00:00;2029-03-13 00:00:00
2029-03-21 00:00:00;SO658952;C0003;CL001;829;2029-05-02 00:00:00;2029-04-30 00:00:00;2029-03-23 00:00:00;2029-03-21 00:00:00
2029-03-21 00:00:00;SO658952;C0003;VS003;623;2029-05-02 00:00:00;2029-05-03 00:00:00;2029-03-23 00:00:00;2029-03-24 00:00:00
2029-03-21 00:00:00;SO658952;C0003;CS004;486;2029-05-02 00:00:00;2029-05-07 00:00:00;2029-03-23 00:00:00;2029-03-28 00:00:00
2029-03-21 00:00:00;SO170214;C0022;VS003;681;2029-05-02 00:00:00;2029-05-04 00:00:00;2029-03-25 00:00:00;2029-03-27 00:00:00
2029-03-21 00:00:00;SO170214;C0022;AL001;1161;2029-05-02 00:00:00;2029-04-22 00:00:00;2029-03-25 00:00:00;2029-03-15 00:00:00
2029-03-21 00:00:00;SO872639;C0028;CT001;381;2029-04-04 00:00:00;2029-04-01 00:00:00;2029-03-29 00:00:00;2029-03-26 00:00:00
2029-03-21 00:00:00;SO170214;C0022;AS004;1205;2029-05-02 00:00:00;2029-05-06 00:00:00;2029-03-25 00:00:00;2029-03-29 00:00:00
2029-03-21 00:00:00;SO170214;C0022;CT003;697;2029-05-02 00:00:00;2029-04-24 00:00:00;2029-03-25 00:00:00;2029-03-17 00:00:00
2029-03-21 00:00:00;SO872639;C0028;VS001;483;2029-04-04 00:00:00;2029-04-13 00:00:00;2029-03-29 00:00:00;2029-04-07 00:00:00
2029-03-21 00:00:00;SO872639;C0028;AS004;978;2029-04-04 00:00:00;2029-04-03 00:00:00;2029-03-29 00:00:00;2029-03-28 00:00:00
2029-03-21 00:00:00;SO872639;C0028;CS002;577;2029-04-04 00:00:00;2029-04-04 00:00:00;2029-03-29 00:00:00;2029-03-29 00:00:00
2029-03-21 00:00:00;SO658952;C0003;AT002;1020;2029-05-02 00:00:00;2029-04-29 00:00:00;2029-03-23 00:00:00;2029-03-20 00:00:00
2029-03-21 00:00:00;SO170214;C0022;VS004;1166;2029-05-02 00:00:00;2029-05-02 00:00:00;2029-03-25 00:00:00;2029-03-25 00:00:00
2029-03-21 00:00:00;SO170214;C0022;CL002;561;2029-05-02 00:00:00;2029-04-28 00:00:00;2029-03-25 00:00:00;2029-03-21 00:00:00
2029-03-21 00:00:00;SO872639;C0028;AS001;359;2029-04-04 00:00:00;2029-03-30 00:00:00;2029-03-29 00:00:00;2029-03-24 00:00:00
2029-03-21 00:00:00;SO872639;C0028;AS003;335;2029-04-04 00:00:00;2029-04-14 00:00:00;2029-03-29 00:00:00;2029-04-08 00:00:00
2029-03-21 00:00:00;SO872639;C0028;AL002;1066;2029-04-04 00:00:00;2029-03-28 00:00:00;2029-03-29 00:00:00;2029-03-22 00:00:00
2029-03-22 00:00:00;SO594117;C0010;AT001;707;2029-05-03 00:00:00;2029-04-26 00:00:00;2029-03-25 00:00:00;2029-03-18 00:00:00
2029-03-22 00:00:00;SO580382;C0019;AT002;1113;2029-05-24 00:00:00;2029-05-20 00:00:00;2029-03-26 00:00:00;2029-03-22 00:00:00
2029-03-22 00:00:00;SO580382;C0019;CL002;1034;2029-05-24 00:00:00;2029-05-30 00:00:00;2029-03-26 00:00:00;2029-04-01 00:00:00
2029-03-22 00:00:00;SO594117;C0010;CT002;1071;2029-05-03 00:00:00;2029-04-29 00:00:00;2029-03-25 00:00:00;2029-03-21 00:00:00
2029-03-22 00:00:00;SO580382;C0019;AL002;715;2029-05-24 00:00:00;2029-05-21 00:00:00;2029-03-26 00:00:00;2029-03-23 00:00:00
2029-03-22 00:00:00;SO580382;C0019;CS001;536;2029-05-24 00:00:00;2029-05-23 00:00:00;2029-03-26 00:00:00;2029-03-25 00:00:00
2029-03-22 00:00:00;SO580382;C0019;CS003;526;2029-05-24 00:00:00;2029-05-19 00:00:00;2029-03-26 00:00:00;2029-03-21 00:00:00
2029-03-22 00:00:00;SO594117;C0010;CS004;634;2029-05-03 00:00:00;2029-05-06 00:00:00;2029-03-25 00:00:00;2029-03-28 00:00:00
2029-03-22 00:00:00;SO580382;C0019;VS005;491;2029-05-24 00:00:00;2029-05-16 00:00:00;2029-03-26 00:00:00;2029-03-18 00:00:00
2029-03-22 00:00:00;SO580382;C0019;CT003;1017;2029-05-24 00:00:00;2029-05-19 00:00:00;2029-03-26 00:00:00;2029-03-21 00:00:00
2029-03-22 00:00:00;SO580382;C0019;VS004;861;2029-05-24 00:00:00;2029-05-19 00:00:00;2029-03-26 00:00:00;2029-03-21 00:00:00
2029-03-22 00:00:00;SO594117;C0010;CS003;497;2029-05-03 00:00:00;2029-04-23 00:00:00;2029-03-25 00:00:00;2029-03-15 00:00:00
2029-03-22 00:00:00;SO580382;C0019;AS003;756;2029-05-24 00:00:00;2029-05-25 00:00:00;2029-03-26 00:00:00;2029-03-27 00:00:00
2029-03-22 00:00:00;SO580382;C0019;AS002;658;2029-05-24 00:00:00;2029-06-01 00:00:00;2029-03-26 00:00:00;2029-04-03 00:00:00
2029-03-22 00:00:00;SO594117;C0010;CT001;1262;2029-05-03 00:00:00;2029-05-07 00:00:00;2029-03-25 00:00:00;2029-03-29 00:00:00
2029-03-22 00:00:00;SO594117;C0010;CS001;335;2029-05-03 00:00:00;2029-05-09 00:00:00;2029-03-25 00:00:00;2029-03-31 00:00:00
2029-03-22 00:00:00;SO580382;C0019;AS004;1023;2029-05-24 00:00:00;2029-05-18 00:00:00;2029-03-26 00:00:00;2029-03-20 00:00:00
2029-03-22 00:00:00;SO580382;C0019;CS004;935;2029-05-24 00:00:00;2029-05-29 00:00:00;2029-03-26 00:00:00;2029-03-31 00:00:00
2029-03-23 00:00:00;SO455647;C0004;AS003;939;2029-04-06 00:00:00;2029-04-09 00:00:00;2029-03-25 00:00:00;2029-03-28 00:00:00
2029-03-23 00:00:00;SO282677;C0015;VS004;808;2029-05-04 00:00:00;2029-05-12 00:00:00;2029-03-27 00:00:00;2029-04-04 00:00:00
2029-03-23 00:00:00;SO282677;C0015;VS002;929;2029-05-04 00:00:00;2029-05-05 00:00:00;2029-03-27 00:00:00;2029-03-28 00:00:00
2029-03-23 00:00:00;SO282677;C0015;CL002;712;2029-05-04 00:00:00;2029-04-26 00:00:00;2029-03-27 00:00:00;2029-03-19 00:00:00
2029-03-23 00:00:00;SO282677;C0015;AL002;1183;2029-05-04 00:00:00;2029-05-14 00:00:00;2029-03-27 00:00:00;2029-04-06 00:00:00
2029-03-23 00:00:00;SO455647;C0004;CS004;1256;2029-04-06 00:00:00;2029-04-10 00:00:00;2029-03-25 00:00:00;2029-03-29 00:00:00
2029-03-23 00:00:00;SO455647;C0004;VS001;1451;2029-04-06 00:00:00;2029-03-29 00:00:00;2029-03-25 00:00:00;2029-03-17 00:00:00
2029-03-23 00:00:00;SO282677;C0015;CT003;906;2029-05-04 00:00:00;2029-05-07 00:00:00;2029-03-27 00:00:00;2029-03-30 00:00:00
2029-03-23 00:00:00;SO455647;C0004;CT002;1178;2029-04-06 00:00:00;2029-03-29 00:00:00;2029-03-25 00:00:00;2029-03-17 00:00:00
2029-03-23 00:00:00;SO455647;C0004;VS005;1482;2029-04-06 00:00:00;2029-03-27 00:00:00;2029-03-25 00:00:00;2029-03-15 00:00:00
2029-03-23 00:00:00;SO282677;C0015;AS003;381;2029-05-04 00:00:00;2029-05-13 00:00:00;2029-03-27 00:00:00;2029-04-05 00:00:00
2029-03-23 00:00:00;SO455647;C0004;AS004;466;2029-04-06 00:00:00;2029-03-31 00:00:00;2029-03-25 00:00:00;2029-03-19 00:00:00
2029-03-26 00:00:00;SO594433;C0025;VS004;888;2029-04-23 00:00:00;2029-04-19 00:00:00;2029-04-03 00:00:00;2029-03-30 00:00:00
2029-03-26 00:00:00;SO837849;C0003;VS004;1198;2029-05-07 00:00:00;2029-05-14 00:00:00;2029-03-28 00:00:00;2029-04-04 00:00:00
2029-03-26 00:00:00;SO319328;C0019;VS003;775;2029-05-28 00:00:00;2029-06-02 00:00:00;2029-03-30 00:00:00;2029-04-04 00:00:00
2029-03-26 00:00:00;SO462021;C0020;AS002;875;2029-05-21 00:00:00;2029-05-26 00:00:00;2029-03-30 00:00:00;2029-04-04 00:00:00
2029-03-26 00:00:00;SO462021;C0020;AS005;534;2029-05-21 00:00:00;2029-05-15 00:00:00;2029-03-30 00:00:00;2029-03-24 00:00:00
2029-03-26 00:00:00;SO462021;C0020;CL002;790;2029-05-21 00:00:00;2029-05-23 00:00:00;2029-03-30 00:00:00;2029-04-01 00:00:00
2029-03-26 00:00:00;SO462021;C0020;CT001;1044;2029-05-21 00:00:00;2029-05-23 00:00:00;2029-03-30 00:00:00;2029-04-01 00:00:00
2029-03-26 00:00:00;SO462021;C0020;AL002;950;2029-05-21 00:00:00;2029-05-21 00:00:00;2029-03-30 00:00:00;2029-03-30 00:00:00
2029-03-26 00:00:00;SO594433;C0025;VS003;1028;2029-04-23 00:00:00;2029-04-20 00:00:00;2029-04-03 00:00:00;2029-03-31 00:00:00
2029-03-26 00:00:00;SO462021;C0020;CL001;591;2029-05-21 00:00:00;2029-05-15 00:00:00;2029-03-30 00:00:00;2029-03-24 00:00:00
2029-03-26 00:00:00;SO837849;C0003;VS002;922;2029-05-07 00:00:00;2029-05-02 00:00:00;2029-03-28 00:00:00;2029-03-23 00:00:00
2029-03-26 00:00:00;SO837849;C0003;AL002;1223;2029-05-07 00:00:00;2029-05-09 00:00:00;2029-03-28 00:00:00;2029-03-30 00:00:00
2029-03-26 00:00:00;SO594433;C0025;AL001;1016;2029-04-23 00:00:00;2029-05-01 00:00:00;2029-04-03 00:00:00;2029-04-11 00:00:00
2029-03-26 00:00:00;SO462021;C0020;CS004;1155;2029-05-21 00:00:00;2029-05-24 00:00:00;2029-03-30 00:00:00;2029-04-02 00:00:00
2029-03-26 00:00:00;SO594433;C0025;AS003;398;2029-04-23 00:00:00;2029-04-27 00:00:00;2029-04-03 00:00:00;2029-04-07 00:00:00
2029-03-26 00:00:00;SO594433;C0025;AT002;1155;2029-04-23 00:00:00;2029-04-30 00:00:00;2029-04-03 00:00:00;2029-04-10 00:00:00
2029-03-26 00:00:00;SO837849;C0003;CT002;802;2029-05-07 00:00:00;2029-05-10 00:00:00;2029-03-28 00:00:00;2029-03-31 00:00:00
2029-03-26 00:00:00;SO837849;C0003;CS001;633;2029-05-07 00:00:00;2029-04-27 00:00:00;2029-03-28 00:00:00;2029-03-18 00:00:00
2029-03-26 00:00:00;SO594433;C0025;VS002;1507;2029-04-23 00:00:00;2029-04-26 00:00:00;2029-04-03 00:00:00;2029-04-06 00:00:00
2029-03-27 00:00:00;SO671410;C0009;VS005;1087;2029-04-10 00:00:00;2029-04-16 00:00:00;2029-03-30 00:00:00;2029-04-05 00:00:00
2029-03-27 00:00:00;SO591652;C0008;AS004;1149;2029-05-22 00:00:00;2029-05-13 00:00:00;2029-03-30 00:00:00;2029-03-21 00:00:00
2029-03-27 00:00:00;SO610381;C0001;CT002;754;2029-04-24 00:00:00;2029-04-18 00:00:00;2029-03-29 00:00:00;2029-03-23 00:00:00
2029-03-27 00:00:00;SO591652;C0008;AT002;1075;2029-05-22 00:00:00;2029-05-20 00:00:00;2029-03-30 00:00:00;2029-03-28 00:00:00
2029-03-27 00:00:00;SO591652;C0008;CL002;1022;2029-05-22 00:00:00;2029-05-20 00:00:00;2029-03-30 00:00:00;2029-03-28 00:00:00
2029-03-27 00:00:00;SO671410;C0009;AS003;322;2029-04-10 00:00:00;2029-04-05 00:00:00;2029-03-30 00:00:00;2029-03-25 00:00:00
2029-03-27 00:00:00;SO671410;C0009;AL002;1374;2029-04-10 00:00:00;2029-04-18 00:00:00;2029-03-30 00:00:00;2029-04-07 00:00:00
2029-03-27 00:00:00;SO591652;C0008;CS004;288;2029-05-22 00:00:00;2029-05-24 00:00:00;2029-03-30 00:00:00;2029-04-01 00:00:00
2029-03-27 00:00:00;SO591652;C0008;AS005;1157;2029-05-22 00:00:00;2029-05-20 00:00:00;2029-03-30 00:00:00;2029-03-28 00:00:00
2029-03-27 00:00:00;SO591652;C0008;AS001;1038;2029-05-22 00:00:00;2029-05-17 00:00:00;2029-03-30 00:00:00;2029-03-25 00:00:00
2029-03-27 00:00:00;SO610381;C0001;CL002;1332;2029-04-24 00:00:00;2029-04-29 00:00:00;2029-03-29 00:00:00;2029-04-03 00:00:00
2029-03-27 00:00:00;SO591652;C0008;AT001;580;2029-05-22 00:00:00;2029-05-21 00:00:00;2029-03-30 00:00:00;2029-03-29 00:00:00
2029-03-27 00:00:00;SO591652;C0008;AL001;1028;2029-05-22 00:00:00;2029-05-26 00:00:00;2029-03-30 00:00:00;2029-04-03 00:00:00
2029-03-27 00:00:00;SO591652;C0008;AS003;1324;2029-05-22 00:00:00;2029-05-14 00:00:00;2029-03-30 00:00:00;2029-03-22 00:00:00
2029-03-27 00:00:00;SO671410;C0009;VS001;1030;2029-04-10 00:00:00;2029-04-11 00:00:00;2029-03-30 00:00:00;2029-03-31 00:00:00
2029-03-27 00:00:00;SO610381;C0001;CS002;1209;2029-04-24 00:00:00;2029-05-02 00:00:00;2029-03-29 00:00:00;2029-04-06 00:00:00
2029-03-27 00:00:00;SO671410;C0009;CS002;684;2029-04-10 00:00:00;2029-04-10 00:00:00;2029-03-30 00:00:00;2029-03-30 00:00:00
2029-03-27 00:00:00;SO610381;C0001;CL001;999;2029-04-24 00:00:00;2029-04-23 00:00:00;2029-03-29 00:00:00;2029-03-28 00:00:00
2029-03-27 00:00:00;SO610381;C0001;AT001;1009;2029-04-24 00:00:00;2029-04-15 00:00:00;2029-03-29 00:00:00;2029-03-20 00:00:00
2029-03-28 00:00:00;SO572169;C0020;CL002;968;2029-05-23 00:00:00;2029-05-28 00:00:00;2029-04-01 00:00:00;2029-04-06 00:00:00
2029-03-28 00:00:00;SO177063;C0018;AT001;1198;2029-05-30 00:00:00;2029-05-22 00:00:00;2029-04-01 00:00:00;2029-03-24 00:00:00
2029-03-28 00:00:00;SO572169;C0020;VS003;1050;2029-05-23 00:00:00;2029-05-26 00:00:00;2029-04-01 00:00:00;2029-04-04 00:00:00
2029-03-28 00:00:00;SO572169;C0020;AS002;619;2029-05-23 00:00:00;2029-05-26 00:00:00;2029-04-01 00:00:00;2029-04-04 00:00:00
2029-03-28 00:00:00;SO177063;C0018;AL002;680;2029-05-30 00:00:00;2029-05-24 00:00:00;2029-04-01 00:00:00;2029-03-26 00:00:00
2029-03-28 00:00:00;SO177063;C0018;CT003;768;2029-05-30 00:00:00;2029-06-05 00:00:00;2029-04-01 00:00:00;2029-04-07 00:00:00
2029-03-28 00:00:00;SO177063;C0018;CS001;697;2029-05-30 00:00:00;2029-05-24 00:00:00;2029-04-01 00:00:00;2029-03-26 00:00:00
2029-03-28 00:00:00;SO572169;C0020;VS005;655;2029-05-23 00:00:00;2029-05-24 00:00:00;2029-04-01 00:00:00;2029-04-02 00:00:00
2029-03-28 00:00:00;SO177063;C0018;VS004;460;2029-05-30 00:00:00;2029-05-28 00:00:00;2029-04-01 00:00:00;2029-03-30 00:00:00
2029-03-28 00:00:00;SO177063;C0018;CT001;884;2029-05-30 00:00:00;2029-06-06 00:00:00;2029-04-01 00:00:00;2029-04-08 00:00:00
2029-03-28 00:00:00;SO572169;C0020;CS003;1055;2029-05-23 00:00:00;2029-06-02 00:00:00;2029-04-01 00:00:00;2029-04-11 00:00:00
2029-03-28 00:00:00;SO572169;C0020;CT002;907;2029-05-23 00:00:00;2029-05-15 00:00:00;2029-04-01 00:00:00;2029-03-24 00:00:00
2029-03-28 00:00:00;SO177063;C0018;AL001;1227;2029-05-30 00:00:00;2029-06-05 00:00:00;2029-04-01 00:00:00;2029-04-07 00:00:00
2029-03-28 00:00:00;SO177063;C0018;AS003;1347;2029-05-30 00:00:00;2029-05-21 00:00:00;2029-04-01 00:00:00;2029-03-23 00:00:00
2029-03-28 00:00:00;SO572169;C0020;CS002;1151;2029-05-23 00:00:00;2029-05-15 00:00:00;2029-04-01 00:00:00;2029-03-24 00:00:00
2029-03-28 00:00:00;SO177063;C0018;AT002;760;2029-05-30 00:00:00;2029-06-03 00:00:00;2029-04-01 00:00:00;2029-04-05 00:00:00
2029-03-28 00:00:00;SO177063;C0018;VS001;697;2029-05-30 00:00:00;2029-05-28 00:00:00;2029-04-01 00:00:00;2029-03-30 00:00:00
2029-03-28 00:00:00;SO572169;C0020;CL001;497;2029-05-23 00:00:00;2029-05-21 00:00:00;2029-04-01 00:00:00;2029-03-30 00:00:00
2029-03-29 00:00:00;SO658275;C0008;AS003;725;2029-05-24 00:00:00;2029-05-22 00:00:00;2029-04-01 00:00:00;2029-03-30 00:00:00
2029-03-29 00:00:00;SO970766;C0029;AS004;404;2029-05-24 00:00:00;2029-06-03 00:00:00;2029-04-06 00:00:00;2029-04-16 00:00:00
2029-03-29 00:00:00;SO658275;C0008;AS001;954;2029-05-24 00:00:00;2029-06-01 00:00:00;2029-04-01 00:00:00;2029-04-09 00:00:00
2029-03-29 00:00:00;SO658275;C0008;AT001;405;2029-05-24 00:00:00;2029-05-28 00:00:00;2029-04-01 00:00:00;2029-04-05 00:00:00
2029-03-29 00:00:00;SO658275;C0008;CS004;563;2029-05-24 00:00:00;2029-05-17 00:00:00;2029-04-01 00:00:00;2029-03-25 00:00:00
2029-03-29 00:00:00;SO658275;C0008;AS004;592;2029-05-24 00:00:00;2029-05-30 00:00:00;2029-04-01 00:00:00;2029-04-07 00:00:00
2029-03-29 00:00:00;SO658275;C0008;AT002;813;2029-05-24 00:00:00;2029-05-29 00:00:00;2029-04-01 00:00:00;2029-04-06 00:00:00
2029-03-29 00:00:00;SO970766;C0029;CS004;1121;2029-05-24 00:00:00;2029-06-02 00:00:00;2029-04-06 00:00:00;2029-04-15 00:00:00
2029-03-29 00:00:00;SO658275;C0008;AL001;707;2029-05-24 00:00:00;2029-05-30 00:00:00;2029-04-01 00:00:00;2029-04-07 00:00:00
2029-03-29 00:00:00;SO658275;C0008;VS004;1153;2029-05-24 00:00:00;2029-05-18 00:00:00;2029-04-01 00:00:00;2029-03-26 00:00:00
2029-03-29 00:00:00;SO658275;C0008;AS005;682;2029-05-24 00:00:00;2029-05-30 00:00:00;2029-04-01 00:00:00;2029-04-07 00:00:00
2029-03-29 00:00:00;SO658275;C0008;AS002;533;2029-05-24 00:00:00;2029-05-18 00:00:00;2029-04-01 00:00:00;2029-03-26 00:00:00
2029-03-29 00:00:00;SO658275;C0008;CL001;600;2029-05-24 00:00:00;2029-05-31 00:00:00;2029-04-01 00:00:00;2029-04-08 00:00:00
2029-03-30 00:00:00;SO533468;C0014;CS001;480;2029-05-04 00:00:00;2029-04-30 00:00:00;2029-04-03 00:00:00;2029-03-30 00:00:00
2029-03-30 00:00:00;SO967274;C0010;AS004;1163;2029-05-11 00:00:00;2029-05-15 00:00:00;2029-04-02 00:00:00;2029-04-06 00:00:00
2029-03-30 00:00:00;SO533468;C0014;VS005;330;2029-05-04 00:00:00;2029-04-25 00:00:00;2029-04-03 00:00:00;2029-03-25 00:00:00
2029-03-30 00:00:00;SO967274;C0010;AT001;1118;2029-05-11 00:00:00;2029-05-03 00:00:00;2029-04-02 00:00:00;2029-03-25 00:00:00
2029-03-30 00:00:00;SO533468;C0014;VS004;1215;2029-05-04 00:00:00;2029-05-06 00:00:00;2029-04-03 00:00:00;2029-04-05 00:00:00
2029-03-30 00:00:00;SO533468;C0014;CL002;284;2029-05-04 00:00:00;2029-05-13 00:00:00;2029-04-03 00:00:00;2029-04-12 00:00:00
2029-03-30 00:00:00;SO967274;C0010;CT003;1478;2029-05-11 00:00:00;2029-05-10 00:00:00;2029-04-02 00:00:00;2029-04-01 00:00:00
2029-03-30 00:00:00;SO533468;C0014;CL001;475;2029-05-04 00:00:00;2029-05-04 00:00:00;2029-04-03 00:00:00;2029-04-03 00:00:00
2029-03-30 00:00:00;SO533468;C0014;AT002;439;2029-05-04 00:00:00;2029-04-26 00:00:00;2029-04-03 00:00:00;2029-03-26 00:00:00
2029-03-30 00:00:00;SO533468;C0014;AS004;711;2029-05-04 00:00:00;2029-05-05 00:00:00;2029-04-03 00:00:00;2029-04-04 00:00:00
2029-03-30 00:00:00;SO967274;C0010;CS003;746;2029-05-11 00:00:00;2029-05-03 00:00:00;2029-04-02 00:00:00;2029-03-25 00:00:00
2029-03-30 00:00:00;SO533468;C0014;AS005;341;2029-05-04 00:00:00;2029-05-06 00:00:00;2029-04-03 00:00:00;2029-04-05 00:00:00
2029-04-02 00:00:00;SO631440;C0028;AS004;394;2029-04-16 00:00:00;2029-04-19 00:00:00;2029-04-10 00:00:00;2029-04-13 00:00:00
2029-04-02 00:00:00;SO380656;C0012;CT002;559;2029-04-30 00:00:00;2029-04-26 00:00:00;2029-04-05 00:00:00;2029-04-01 00:00:00
2029-04-02 00:00:00;SO794018;C0013;CT001;1225;2029-04-30 00:00:00;2029-05-03 00:00:00;2029-04-06 00:00:00;2029-04-09 00:00:00
2029-04-02 00:00:00;SO631440;C0028;VS003;766;2029-04-16 00:00:00;2029-04-06 00:00:00;2029-04-10 00:00:00;2029-03-31 00:00:00
2029-04-02 00:00:00;SO631440;C0028;AT002;433;2029-04-16 00:00:00;2029-04-10 00:00:00;2029-04-10 00:00:00;2029-04-04 00:00:00
2029-04-02 00:00:00;SO794018;C0013;CL002;899;2029-04-30 00:00:00;2029-04-23 00:00:00;2029-04-06 00:00:00;2029-03-30 00:00:00
2029-04-02 00:00:00;SO794018;C0013;AT002;576;2029-04-30 00:00:00;2029-04-25 00:00:00;2029-04-06 00:00:00;2029-04-01 00:00:00
2029-04-02 00:00:00;SO631440;C0028;VS004;1105;2029-04-16 00:00:00;2029-04-11 00:00:00;2029-04-10 00:00:00;2029-04-05 00:00:00
2029-04-02 00:00:00;SO380656;C0012;AS002;373;2029-04-30 00:00:00;2029-05-06 00:00:00;2029-04-05 00:00:00;2029-04-11 00:00:00
2029-04-02 00:00:00;SO794018;C0013;CS003;709;2029-04-30 00:00:00;2029-05-04 00:00:00;2029-04-06 00:00:00;2029-04-10 00:00:00
2029-04-02 00:00:00;SO631440;C0028;AS001;1240;2029-04-16 00:00:00;2029-04-20 00:00:00;2029-04-10 00:00:00;2029-04-14 00:00:00
2029-04-02 00:00:00;SO631440;C0028;CT002;989;2029-04-16 00:00:00;2029-04-13 00:00:00;2029-04-10 00:00:00;2029-04-07 00:00:00
2029-04-02 00:00:00;SO380656;C0012;CT001;584;2029-04-30 00:00:00;2029-05-04 00:00:00;2029-04-05 00:00:00;2029-04-09 00:00:00
2029-04-02 00:00:00;SO380656;C0012;VS001;751;2029-04-30 00:00:00;2029-04-27 00:00:00;2029-04-05 00:00:00;2029-04-02 00:00:00
2029-04-02 00:00:00;SO794018;C0013;CT002;1051;2029-04-30 00:00:00;2029-04-27 00:00:00;2029-04-06 00:00:00;2029-04-03 00:00:00
2029-04-02 00:00:00;SO631440;C0028;AT001;833;2029-04-16 00:00:00;2029-04-08 00:00:00;2029-04-10 00:00:00;2029-04-02 00:00:00
2029-04-02 00:00:00;SO380656;C0012;CS003;995;2029-04-30 00:00:00;2029-04-22 00:00:00;2029-04-05 00:00:00;2029-03-28 00:00:00
2029-04-02 00:00:00;SO631440;C0028;CS004;669;2029-04-16 00:00:00;2029-04-18 00:00:00;2029-04-10 00:00:00;2029-04-12 00:00:00
2029-04-02 00:00:00;SO380656;C0012;AL002;604;2029-04-30 00:00:00;2029-04-27 00:00:00;2029-04-05 00:00:00;2029-04-02 00:00:00
2029-04-03 00:00:00;SO720281;C0024;CL002;482;2029-05-01 00:00:00;2029-04-23 00:00:00;2029-04-07 00:00:00;2029-03-30 00:00:00
2029-04-03 00:00:00;SO607417;C0007;AL002;436;2029-06-05 00:00:00;2029-06-11 00:00:00;2029-04-06 00:00:00;2029-04-12 00:00:00
2029-04-03 00:00:00;SO607417;C0007;AL001;890;2029-06-05 00:00:00;2029-06-12 00:00:00;2029-04-06 00:00:00;2029-04-13 00:00:00
2029-04-03 00:00:00;SO607417;C0007;AS001;1110;2029-06-05 00:00:00;2029-06-07 00:00:00;2029-04-06 00:00:00;2029-04-08 00:00:00
2029-04-03 00:00:00;SO720281;C0024;CS002;724;2029-05-01 00:00:00;2029-05-01 00:00:00;2029-04-07 00:00:00;2029-04-07 00:00:00
2029-04-03 00:00:00;SO607417;C0007;AS004;1183;2029-06-05 00:00:00;2029-06-04 00:00:00;2029-04-06 00:00:00;2029-04-05 00:00:00
2029-04-03 00:00:00;SO607417;C0007;CL002;1178;2029-06-05 00:00:00;2029-06-13 00:00:00;2029-04-06 00:00:00;2029-04-14 00:00:00
2029-04-03 00:00:00;SO607417;C0007;VS003;1137;2029-06-05 00:00:00;2029-06-12 00:00:00;2029-04-06 00:00:00;2029-04-13 00:00:00
2029-04-03 00:00:00;SO607417;C0007;CS001;809;2029-06-05 00:00:00;2029-06-05 00:00:00;2029-04-06 00:00:00;2029-04-06 00:00:00
2029-04-03 00:00:00;SO720281;C0024;AS005;1400;2029-05-01 00:00:00;2029-05-11 00:00:00;2029-04-07 00:00:00;2029-04-17 00:00:00
2029-04-03 00:00:00;SO607417;C0007;CS002;1440;2029-06-05 00:00:00;2029-05-31 00:00:00;2029-04-06 00:00:00;2029-04-01 00:00:00
2029-04-03 00:00:00;SO607417;C0007;VS004;828;2029-06-05 00:00:00;2029-05-28 00:00:00;2029-04-06 00:00:00;2029-03-29 00:00:00
2029-04-03 00:00:00;SO607417;C0007;CS004;729;2029-06-05 00:00:00;2029-06-10 00:00:00;2029-04-06 00:00:00;2029-04-11 00:00:00
2029-04-03 00:00:00;SO607417;C0007;AT002;873;2029-06-05 00:00:00;2029-06-14 00:00:00;2029-04-06 00:00:00;2029-04-15 00:00:00
2029-04-03 00:00:00;SO720281;C0024;CT002;789;2029-05-01 00:00:00;2029-04-28 00:00:00;2029-04-07 00:00:00;2029-04-04 00:00:00
2029-04-03 00:00:00;SO720281;C0024;AS004;989;2029-05-01 00:00:00;2029-05-11 00:00:00;2029-04-07 00:00:00;2029-04-17 00:00:00
2029-04-03 00:00:00;SO607417;C0007;CT002;357;2029-06-05 00:00:00;2029-06-06 00:00:00;2029-04-06 00:00:00;2029-04-07 00:00:00
2029-04-03 00:00:00;SO607417;C0007;VS001;474;2029-06-05 00:00:00;2029-06-04 00:00:00;2029-04-06 00:00:00;2029-04-05 00:00:00
2029-04-03 00:00:00;SO720281;C0024;CT003;559;2029-05-01 00:00:00;2029-05-11 00:00:00;2029-04-07 00:00:00;2029-04-17 00:00:00
2029-04-03 00:00:00;SO607417;C0007;AT001;454;2029-06-05 00:00:00;2029-06-13 00:00:00;2029-04-06 00:00:00;2029-04-14 00:00:00
2029-04-04 00:00:00;SO550779;C0023;AS003;966;2029-05-09 00:00:00;2029-05-12 00:00:00;2029-04-08 00:00:00;2029-04-11 00:00:00
2029-04-04 00:00:00;SO864685;C0020;CS003;467;2029-05-30 00:00:00;2029-05-25 00:00:00;2029-04-08 00:00:00;2029-04-03 00:00:00
2029-04-04 00:00:00;SO276475;C0014;AT001;455;2029-05-09 00:00:00;2029-05-13 00:00:00;2029-04-08 00:00:00;2029-04-12 00:00:00
2029-04-04 00:00:00;SO550779;C0023;CS002;724;2029-05-09 00:00:00;2029-05-18 00:00:00;2029-04-08 00:00:00;2029-04-17 00:00:00
2029-04-04 00:00:00;SO864685;C0020;VS003;1093;2029-05-30 00:00:00;2029-05-25 00:00:00;2029-04-08 00:00:00;2029-04-03 00:00:00
2029-04-04 00:00:00;SO276475;C0014;CT001;1194;2029-05-09 00:00:00;2029-05-16 00:00:00;2029-04-08 00:00:00;2029-04-15 00:00:00
2029-04-04 00:00:00;SO276475;C0014;AT002;423;2029-05-09 00:00:00;2029-05-12 00:00:00;2029-04-08 00:00:00;2029-04-11 00:00:00
2029-04-04 00:00:00;SO550779;C0023;AS002;1132;2029-05-09 00:00:00;2029-05-16 00:00:00;2029-04-08 00:00:00;2029-04-15 00:00:00
2029-04-04 00:00:00;SO276475;C0014;CT003;514;2029-05-09 00:00:00;2029-05-08 00:00:00;2029-04-08 00:00:00;2029-04-07 00:00:00
2029-04-04 00:00:00;SO276475;C0014;CL001;890;2029-05-09 00:00:00;2029-05-11 00:00:00;2029-04-08 00:00:00;2029-04-10 00:00:00
2029-04-04 00:00:00;SO864685;C0020;VS002;448;2029-05-30 00:00:00;2029-06-06 00:00:00;2029-04-08 00:00:00;2029-04-15 00:00:00
2029-04-04 00:00:00;SO276475;C0014;CL002;1359;2029-05-09 00:00:00;2029-05-13 00:00:00;2029-04-08 00:00:00;2029-04-12 00:00:00
2029-04-04 00:00:00;SO276475;C0014;CS004;1032;2029-05-09 00:00:00;2029-05-17 00:00:00;2029-04-08 00:00:00;2029-04-16 00:00:00
2029-04-04 00:00:00;SO864685;C0020;AS003;798;2029-05-30 00:00:00;2029-05-25 00:00:00;2029-04-08 00:00:00;2029-04-03 00:00:00
2029-04-04 00:00:00;SO864685;C0020;AL001;1061;2029-05-30 00:00:00;2029-05-29 00:00:00;2029-04-08 00:00:00;2029-04-07 00:00:00
2029-04-04 00:00:00;SO276475;C0014;AS001;435;2029-05-09 00:00:00;2029-05-09 00:00:00;2029-04-08 00:00:00;2029-04-08 00:00:00
2029-04-05 00:00:00;SO755230;C0023;CS004;1031;2029-05-10 00:00:00;2029-05-14 00:00:00;2029-04-09 00:00:00;2029-04-13 00:00:00
2029-04-05 00:00:00;SO549797;C0022;AS003;1116;2029-05-17 00:00:00;2029-05-27 00:00:00;2029-04-09 00:00:00;2029-04-19 00:00:00
2029-04-05 00:00:00;SO697534;C0016;CL002;1023;2029-04-19 00:00:00;2029-04-28 00:00:00;2029-04-09 00:00:00;2029-04-18 00:00:00
2029-04-05 00:00:00;SO755230;C0023;VS004;596;2029-05-10 00:00:00;2029-05-07 00:00:00;2029-04-09 00:00:00;2029-04-06 00:00:00
2029-04-05 00:00:00;SO549797;C0022;CS001;770;2029-05-17 00:00:00;2029-05-18 00:00:00;2029-04-09 00:00:00;2029-04-10 00:00:00
2029-04-05 00:00:00;SO549797;C0022;AS004;1172;2029-05-17 00:00:00;2029-05-12 00:00:00;2029-04-09 00:00:00;2029-04-04 00:00:00
2029-04-05 00:00:00;SO549797;C0022;CS003;502;2029-05-17 00:00:00;2029-05-15 00:00:00;2029-04-09 00:00:00;2029-04-07 00:00:00
2029-04-05 00:00:00;SO755230;C0023;CS001;408;2029-05-10 00:00:00;2029-05-14 00:00:00;2029-04-09 00:00:00;2029-04-13 00:00:00
2029-04-05 00:00:00;SO697534;C0016;CL001;805;2029-04-19 00:00:00;2029-04-14 00:00:00;2029-04-09 00:00:00;2029-04-04 00:00:00
2029-04-05 00:00:00;SO549797;C0022;VS001;891;2029-05-17 00:00:00;2029-05-24 00:00:00;2029-04-09 00:00:00;2029-04-16 00:00:00
2029-04-05 00:00:00;SO697534;C0016;AT002;856;2029-04-19 00:00:00;2029-04-26 00:00:00;2029-04-09 00:00:00;2029-04-16 00:00:00
2029-04-05 00:00:00;SO549797;C0022;CS004;904;2029-05-17 00:00:00;2029-05-24 00:00:00;2029-04-09 00:00:00;2029-04-16 00:00:00
2029-04-05 00:00:00;SO549797;C0022;VS002;1144;2029-05-17 00:00:00;2029-05-20 00:00:00;2029-04-09 00:00:00;2029-04-12 00:00:00
2029-04-05 00:00:00;SO549797;C0022;AT001;1136;2029-05-17 00:00:00;2029-05-09 00:00:00;2029-04-09 00:00:00;2029-04-01 00:00:00
2029-04-05 00:00:00;SO549797;C0022;AS002;427;2029-05-17 00:00:00;2029-05-09 00:00:00;2029-04-09 00:00:00;2029-04-01 00:00:00
2029-04-05 00:00:00;SO755230;C0023;CT001;503;2029-05-10 00:00:00;2029-05-09 00:00:00;2029-04-09 00:00:00;2029-04-08 00:00:00
2029-04-05 00:00:00;SO755230;C0023;VS001;556;2029-05-10 00:00:00;2029-05-16 00:00:00;2029-04-09 00:00:00;2029-04-15 00:00:00
2029-04-05 00:00:00;SO755230;C0023;AS002;1034;2029-05-10 00:00:00;2029-05-02 00:00:00;2029-04-09 00:00:00;2029-04-01 00:00:00
2029-04-06 00:00:00;SO337845;C0014;AL001;1175;2029-05-11 00:00:00;2029-05-11 00:00:00;2029-04-10 00:00:00;2029-04-10 00:00:00
2029-04-06 00:00:00;SO577238;C0007;VS002;591;2029-06-08 00:00:00;2029-06-04 00:00:00;2029-04-09 00:00:00;2029-04-05 00:00:00
2029-04-06 00:00:00;SO577238;C0007;AS005;974;2029-06-08 00:00:00;2029-06-05 00:00:00;2029-04-09 00:00:00;2029-04-06 00:00:00
2029-04-06 00:00:00;SO337845;C0014;AS004;655;2029-05-11 00:00:00;2029-05-19 00:00:00;2029-04-10 00:00:00;2029-04-18 00:00:00
2029-04-06 00:00:00;SO337845;C0014;CT002;851;2029-05-11 00:00:00;2029-05-08 00:00:00;2029-04-10 00:00:00;2029-04-07 00:00:00
2029-04-06 00:00:00;SO577238;C0007;CT002;701;2029-06-08 00:00:00;2029-06-11 00:00:00;2029-04-09 00:00:00;2029-04-12 00:00:00
2029-04-06 00:00:00;SO577238;C0007;CS003;1078;2029-06-08 00:00:00;2029-06-12 00:00:00;2029-04-09 00:00:00;2029-04-13 00:00:00
2029-04-06 00:00:00;SO577238;C0007;CT003;1135;2029-06-08 00:00:00;2029-06-05 00:00:00;2029-04-09 00:00:00;2029-04-06 00:00:00
2029-04-06 00:00:00;SO337845;C0014;CL001;367;2029-05-11 00:00:00;2029-05-18 00:00:00;2029-04-10 00:00:00;2029-04-17 00:00:00
2029-04-06 00:00:00;SO577238;C0007;CS001;805;2029-06-08 00:00:00;2029-06-02 00:00:00;2029-04-09 00:00:00;2029-04-03 00:00:00
2029-04-06 00:00:00;SO577238;C0007;VS001;1355;2029-06-08 00:00:00;2029-06-11 00:00:00;2029-04-09 00:00:00;2029-04-12 00:00:00
2029-04-06 00:00:00;SO577238;C0007;AT001;689;2029-06-08 00:00:00;2029-06-02 00:00:00;2029-04-09 00:00:00;2029-04-03 00:00:00
2029-04-06 00:00:00;SO577238;C0007;CL002;501;2029-06-08 00:00:00;2029-06-11 00:00:00;2029-04-09 00:00:00;2029-04-12 00:00:00
2029-04-06 00:00:00;SO337845;C0014;AS003;1349;2029-05-11 00:00:00;2029-05-08 00:00:00;2029-04-10 00:00:00;2029-04-07 00:00:00
2029-04-09 00:00:00;SO419516;C0003;CL001;837;2029-05-21 00:00:00;2029-05-18 00:00:00;2029-04-11 00:00:00;2029-04-08 00:00:00
2029-04-09 00:00:00;SO935712;C0009;VS004;715;2029-04-23 00:00:00;2029-04-27 00:00:00;2029-04-12 00:00:00;2029-04-16 00:00:00
2029-04-09 00:00:00;SO183602;C0014;AS002;441;2029-05-14 00:00:00;2029-05-23 00:00:00;2029-04-13 00:00:00;2029-04-22 00:00:00
2029-04-09 00:00:00;SO935712;C0009;AS002;961;2029-04-23 00:00:00;2029-04-19 00:00:00;2029-04-12 00:00:00;2029-04-08 00:00:00
2029-04-09 00:00:00;SO935712;C0009;AS001;725;2029-04-23 00:00:00;2029-04-23 00:00:00;2029-04-12 00:00:00;2029-04-12 00:00:00
2029-04-09 00:00:00;SO935712;C0009;AT001;501;2029-04-23 00:00:00;2029-04-13 00:00:00;2029-04-12 00:00:00;2029-04-02 00:00:00
2029-04-09 00:00:00;SO935712;C0009;CT002;1217;2029-04-23 00:00:00;2029-04-24 00:00:00;2029-04-12 00:00:00;2029-04-13 00:00:00
2029-04-09 00:00:00;SO183602;C0014;CS001;1307;2029-05-14 00:00:00;2029-05-12 00:00:00;2029-04-13 00:00:00;2029-04-11 00:00:00
2029-04-09 00:00:00;SO935712;C0009;CL002;431;2029-04-23 00:00:00;2029-04-17 00:00:00;2029-04-12 00:00:00;2029-04-06 00:00:00
2029-04-09 00:00:00;SO419516;C0003;AL002;342;2029-05-21 00:00:00;2029-05-22 00:00:00;2029-04-11 00:00:00;2029-04-12 00:00:00
2029-04-09 00:00:00;SO419516;C0003;CS004;895;2029-05-21 00:00:00;2029-05-22 00:00:00;2029-04-11 00:00:00;2029-04-12 00:00:00
2029-04-09 00:00:00;SO419516;C0003;CS003;1090;2029-05-21 00:00:00;2029-05-11 00:00:00;2029-04-11 00:00:00;2029-04-01 00:00:00
2029-04-09 00:00:00;SO419516;C0003;CT003;389;2029-05-21 00:00:00;2029-05-20 00:00:00;2029-04-11 00:00:00;2029-04-10 00:00:00
2029-04-10 00:00:00;SO200624;C0015;CS003;929;2029-05-22 00:00:00;2029-05-30 00:00:00;2029-04-14 00:00:00;2029-04-22 00:00:00
2029-04-10 00:00:00;SO279059;C0027;CS001;342;2029-05-22 00:00:00;2029-05-28 00:00:00;2029-04-18 00:00:00;2029-04-24 00:00:00
2029-04-10 00:00:00;SO743418;C0019;VS003;655;2029-06-12 00:00:00;2029-06-11 00:00:00;2029-04-14 00:00:00;2029-04-13 00:00:00
2029-04-10 00:00:00;SO200624;C0015;VS004;1252;2029-05-22 00:00:00;2029-05-25 00:00:00;2029-04-14 00:00:00;2029-04-17 00:00:00
2029-04-10 00:00:00;SO200624;C0015;CL001;1269;2029-05-22 00:00:00;2029-05-17 00:00:00;2029-04-14 00:00:00;2029-04-09 00:00:00
2029-04-10 00:00:00;SO743418;C0019;CT003;760;2029-06-12 00:00:00;2029-06-13 00:00:00;2029-04-14 00:00:00;2029-04-15 00:00:00
2029-04-10 00:00:00;SO200624;C0015;VS003;910;2029-05-22 00:00:00;2029-05-21 00:00:00;2029-04-14 00:00:00;2029-04-13 00:00:00
2029-04-10 00:00:00;SO743418;C0019;AS002;833;2029-06-12 00:00:00;2029-06-03 00:00:00;2029-04-14 00:00:00;2029-04-05 00:00:00
2029-04-10 00:00:00;SO279059;C0027;AS001;943;2029-05-22 00:00:00;2029-05-13 00:00:00;2029-04-18 00:00:00;2029-04-09 00:00:00
2029-04-10 00:00:00;SO743418;C0019;CS003;1013;2029-06-12 00:00:00;2029-06-08 00:00:00;2029-04-14 00:00:00;2029-04-10 00:00:00
2029-04-10 00:00:00;SO200624;C0015;AT002;1342;2029-05-22 00:00:00;2029-05-15 00:00:00;2029-04-14 00:00:00;2029-04-07 00:00:00
2029-04-10 00:00:00;SO200624;C0015;VS001;577;2029-05-22 00:00:00;2029-06-01 00:00:00;2029-04-14 00:00:00;2029-04-24 00:00:00
2029-04-10 00:00:00;SO743418;C0019;CL002;899;2029-06-12 00:00:00;2029-06-16 00:00:00;2029-04-14 00:00:00;2029-04-18 00:00:00
2029-04-10 00:00:00;SO743418;C0019;CT002;806;2029-06-12 00:00:00;2029-06-13 00:00:00;2029-04-14 00:00:00;2029-04-15 00:00:00
2029-04-10 00:00:00;SO279059;C0027;CT001;458;2029-05-22 00:00:00;2029-05-27 00:00:00;2029-04-18 00:00:00;2029-04-23 00:00:00
2029-04-10 00:00:00;SO279059;C0027;CT003;565;2029-05-22 00:00:00;2029-05-22 00:00:00;2029-04-18 00:00:00;2029-04-18 00:00:00
2029-04-10 00:00:00;SO200624;C0015;CS004;651;2029-05-22 00:00:00;2029-05-30 00:00:00;2029-04-14 00:00:00;2029-04-22 00:00:00
2029-04-11 00:00:00;SO390671;C0025;AS004;1231;2029-05-09 00:00:00;2029-05-16 00:00:00;2029-04-19 00:00:00;2029-04-26 00:00:00
2029-04-11 00:00:00;SO213420;C0022;CL002;1206;2029-05-23 00:00:00;2029-05-22 00:00:00;2029-04-15 00:00:00;2029-04-14 00:00:00
2029-04-11 00:00:00;SO908910;C0021;AT002;966;2029-04-25 00:00:00;2029-04-28 00:00:00;2029-04-15 00:00:00;2029-04-18 00:00:00
2029-04-11 00:00:00;SO544745;C0030;CS003;511;2029-06-13 00:00:00;2029-06-07 00:00:00;2029-04-19 00:00:00;2029-04-13 00:00:00
2029-04-11 00:00:00;SO213420;C0022;VS004;1054;2029-05-23 00:00:00;2029-05-18 00:00:00;2029-04-15 00:00:00;2029-04-10 00:00:00
2029-04-11 00:00:00;SO544745;C0030;VS002;534;2029-06-13 00:00:00;2029-06-16 00:00:00;2029-04-19 00:00:00;2029-04-22 00:00:00
2029-04-11 00:00:00;SO390671;C0025;VS003;684;2029-05-09 00:00:00;2029-05-05 00:00:00;2029-04-19 00:00:00;2029-04-15 00:00:00
2029-04-11 00:00:00;SO213420;C0022;VS001;1186;2029-05-23 00:00:00;2029-05-23 00:00:00;2029-04-15 00:00:00;2029-04-15 00:00:00
2029-04-11 00:00:00;SO544745;C0030;CL001;495;2029-06-13 00:00:00;2029-06-21 00:00:00;2029-04-19 00:00:00;2029-04-27 00:00:00
2029-04-11 00:00:00;SO908910;C0021;AS001;1207;2029-04-25 00:00:00;2029-04-25 00:00:00;2029-04-15 00:00:00;2029-04-15 00:00:00
2029-04-11 00:00:00;SO390671;C0025;CT003;793;2029-05-09 00:00:00;2029-05-05 00:00:00;2029-04-19 00:00:00;2029-04-15 00:00:00
2029-04-11 00:00:00;SO390671;C0025;CS003;417;2029-05-09 00:00:00;2029-05-01 00:00:00;2029-04-19 00:00:00;2029-04-11 00:00:00
2029-04-11 00:00:00;SO908910;C0021;AL002;491;2029-04-25 00:00:00;2029-05-01 00:00:00;2029-04-15 00:00:00;2029-04-21 00:00:00
2029-04-11 00:00:00;SO544745;C0030;CS002;564;2029-06-13 00:00:00;2029-06-15 00:00:00;2029-04-19 00:00:00;2029-04-21 00:00:00
2029-04-11 00:00:00;SO390671;C0025;AL001;802;2029-05-09 00:00:00;2029-05-13 00:00:00;2029-04-19 00:00:00;2029-04-23 00:00:00
2029-04-11 00:00:00;SO213420;C0022;CT003;580;2029-05-23 00:00:00;2029-05-26 00:00:00;2029-04-15 00:00:00;2029-04-18 00:00:00
2029-04-11 00:00:00;SO544745;C0030;AS004;355;2029-06-13 00:00:00;2029-06-17 00:00:00;2029-04-19 00:00:00;2029-04-23 00:00:00
2029-04-11 00:00:00;SO544745;C0030;CT003;653;2029-06-13 00:00:00;2029-06-04 00:00:00;2029-04-19 00:00:00;2029-04-10 00:00:00
2029-04-12 00:00:00;SO343533;C0017;VS002;817;2029-06-07 00:00:00;2029-06-10 00:00:00;2029-04-16 00:00:00;2029-04-19 00:00:00
2029-04-12 00:00:00;SO909177;C0013;AS003;1016;2029-05-10 00:00:00;2029-05-20 00:00:00;2029-04-16 00:00:00;2029-04-26 00:00:00
2029-04-12 00:00:00;SO993418;C0023;CS003;373;2029-05-17 00:00:00;2029-05-21 00:00:00;2029-04-16 00:00:00;2029-04-20 00:00:00
2029-04-12 00:00:00;SO316686;C0006;AS005;666;2029-06-14 00:00:00;2029-06-12 00:00:00;2029-04-14 00:00:00;2029-04-12 00:00:00
2029-04-12 00:00:00;SO993418;C0023;AL001;479;2029-05-17 00:00:00;2029-05-24 00:00:00;2029-04-16 00:00:00;2029-04-23 00:00:00
2029-04-12 00:00:00;SO316686;C0006;CT001;1279;2029-06-14 00:00:00;2029-06-06 00:00:00;2029-04-14 00:00:00;2029-04-06 00:00:00
2029-04-12 00:00:00;SO343533;C0017;AS003;420;2029-06-07 00:00:00;2029-06-13 00:00:00;2029-04-16 00:00:00;2029-04-22 00:00:00
2029-04-12 00:00:00;SO343533;C0017;CL002;869;2029-06-07 00:00:00;2029-06-05 00:00:00;2029-04-16 00:00:00;2029-04-14 00:00:00
2029-04-12 00:00:00;SO909177;C0013;AL002;834;2029-05-10 00:00:00;2029-05-20 00:00:00;2029-04-16 00:00:00;2029-04-26 00:00:00
2029-04-12 00:00:00;SO316686;C0006;CS003;1079;2029-06-14 00:00:00;2029-06-18 00:00:00;2029-04-14 00:00:00;2029-04-18 00:00:00
2029-04-12 00:00:00;SO316686;C0006;AL001;486;2029-06-14 00:00:00;2029-06-22 00:00:00;2029-04-14 00:00:00;2029-04-22 00:00:00
2029-04-12 00:00:00;SO909177;C0013;CS004;701;2029-05-10 00:00:00;2029-05-14 00:00:00;2029-04-16 00:00:00;2029-04-20 00:00:00
2029-04-12 00:00:00;SO343533;C0017;AT001;861;2029-06-07 00:00:00;2029-06-12 00:00:00;2029-04-16 00:00:00;2029-04-21 00:00:00
2029-04-13 00:00:00;SO492864;C0030;CS003;853;2029-06-15 00:00:00;2029-06-24 00:00:00;2029-04-21 00:00:00;2029-04-30 00:00:00
2029-04-13 00:00:00;SO341688;C0014;AS002;1179;2029-05-18 00:00:00;2029-05-12 00:00:00;2029-04-17 00:00:00;2029-04-11 00:00:00
2029-04-13 00:00:00;SO277985;C0021;VS001;445;2029-04-27 00:00:00;2029-05-06 00:00:00;2029-04-17 00:00:00;2029-04-26 00:00:00
2029-04-13 00:00:00;SO820214;C0009;AS001;999;2029-04-27 00:00:00;2029-04-21 00:00:00;2029-04-16 00:00:00;2029-04-10 00:00:00
2029-04-13 00:00:00;SO820214;C0009;AT001;1059;2029-04-27 00:00:00;2029-04-30 00:00:00;2029-04-16 00:00:00;2029-04-19 00:00:00
2029-04-13 00:00:00;SO820214;C0009;CS001;1043;2029-04-27 00:00:00;2029-05-06 00:00:00;2029-04-16 00:00:00;2029-04-25 00:00:00
2029-04-13 00:00:00;SO341688;C0014;VS004;1229;2029-05-18 00:00:00;2029-05-10 00:00:00;2029-04-17 00:00:00;2029-04-09 00:00:00
2029-04-13 00:00:00;SO277985;C0021;CT003;483;2029-04-27 00:00:00;2029-04-21 00:00:00;2029-04-17 00:00:00;2029-04-11 00:00:00
2029-04-13 00:00:00;SO820214;C0009;CS002;793;2029-04-27 00:00:00;2029-05-03 00:00:00;2029-04-16 00:00:00;2029-04-22 00:00:00
2029-04-13 00:00:00;SO341688;C0014;CS003;1276;2029-05-18 00:00:00;2029-05-22 00:00:00;2029-04-17 00:00:00;2029-04-21 00:00:00
2029-04-13 00:00:00;SO341688;C0014;CT002;1345;2029-05-18 00:00:00;2029-05-19 00:00:00;2029-04-17 00:00:00;2029-04-18 00:00:00
2029-04-13 00:00:00;SO277985;C0021;CS001;799;2029-04-27 00:00:00;2029-04-25 00:00:00;2029-04-17 00:00:00;2029-04-15 00:00:00
2029-04-13 00:00:00;SO492864;C0030;AL001;540;2029-06-15 00:00:00;2029-06-23 00:00:00;2029-04-21 00:00:00;2029-04-29 00:00:00
2029-04-13 00:00:00;SO492864;C0030;CL001;463;2029-06-15 00:00:00;2029-06-21 00:00:00;2029-04-21 00:00:00;2029-04-27 00:00:00
2029-04-13 00:00:00;SO277985;C0021;AS004;1201;2029-04-27 00:00:00;2029-04-28 00:00:00;2029-04-17 00:00:00;2029-04-18 00:00:00
2029-04-13 00:00:00;SO277985;C0021;CS002;577;2029-04-27 00:00:00;2029-04-26 00:00:00;2029-04-17 00:00:00;2029-04-16 00:00:00
2029-04-13 00:00:00;SO277985;C0021;CL002;295;2029-04-27 00:00:00;2029-05-01 00:00:00;2029-04-17 00:00:00;2029-04-21 00:00:00
2029-04-13 00:00:00;SO341688;C0014;AL001;922;2029-05-18 00:00:00;2029-05-23 00:00:00;2029-04-17 00:00:00;2029-04-22 00:00:00
2029-04-16 00:00:00;SO744687;C0027;CT002;736;2029-05-28 00:00:00;2029-05-28 00:00:00;2029-04-24 00:00:00;2029-04-24 00:00:00
2029-04-16 00:00:00;SO625883;C0013;VS003;573;2029-05-14 00:00:00;2029-05-13 00:00:00;2029-04-20 00:00:00;2029-04-19 00:00:00
2029-04-16 00:00:00;SO625883;C0013;AS003;1362;2029-05-14 00:00:00;2029-05-16 00:00:00;2029-04-20 00:00:00;2029-04-22 00:00:00
2029-04-16 00:00:00;SO625883;C0013;AT002;1167;2029-05-14 00:00:00;2029-05-09 00:00:00;2029-04-20 00:00:00;2029-04-15 00:00:00
2029-04-16 00:00:00;SO744687;C0027;CS001;744;2029-05-28 00:00:00;2029-05-23 00:00:00;2029-04-24 00:00:00;2029-04-19 00:00:00
2029-04-16 00:00:00;SO744687;C0027;CS003;878;2029-05-28 00:00:00;2029-05-19 00:00:00;2029-04-24 00:00:00;2029-04-15 00:00:00
2029-04-16 00:00:00;SO625883;C0013;AS004;907;2029-05-14 00:00:00;2029-05-12 00:00:00;2029-04-20 00:00:00;2029-04-18 00:00:00
2029-04-16 00:00:00;SO744687;C0027;VS001;661;2029-05-28 00:00:00;2029-05-27 00:00:00;2029-04-24 00:00:00;2029-04-23 00:00:00
2029-04-16 00:00:00;SO625883;C0013;CS003;903;2029-05-14 00:00:00;2029-05-20 00:00:00;2029-04-20 00:00:00;2029-04-26 00:00:00
2029-04-16 00:00:00;SO744687;C0027;AS001;577;2029-05-28 00:00:00;2029-05-26 00:00:00;2029-04-24 00:00:00;2029-04-22 00:00:00
2029-04-16 00:00:00;SO744687;C0027;VS002;542;2029-05-28 00:00:00;2029-05-22 00:00:00;2029-04-24 00:00:00;2029-04-18 00:00:00
2029-04-16 00:00:00;SO744687;C0027;CL001;594;2029-05-28 00:00:00;2029-06-05 00:00:00;2029-04-24 00:00:00;2029-05-02 00:00:00
2029-04-17 00:00:00;SO714256;C0026;VS003;865;2029-05-22 00:00:00;2029-05-27 00:00:00;2029-04-25 00:00:00;2029-04-30 00:00:00
2029-04-17 00:00:00;SO364655;C0012;AS004;917;2029-05-15 00:00:00;2029-05-21 00:00:00;2029-04-20 00:00:00;2029-04-26 00:00:00
2029-04-17 00:00:00;SO935357;C0027;CS001;1022;2029-05-29 00:00:00;2029-05-24 00:00:00;2029-04-25 00:00:00;2029-04-20 00:00:00
2029-04-17 00:00:00;SO364655;C0012;AL002;1135;2029-05-15 00:00:00;2029-05-14 00:00:00;2029-04-20 00:00:00;2029-04-19 00:00:00
2029-04-17 00:00:00;SO935357;C0027;CL001;694;2029-05-29 00:00:00;2029-06-06 00:00:00;2029-04-25 00:00:00;2029-05-03 00:00:00
2029-04-17 00:00:00;SO935357;C0027;CS004;342;2029-05-29 00:00:00;2029-06-02 00:00:00;2029-04-25 00:00:00;2029-04-29 00:00:00
2029-04-17 00:00:00;SO364655;C0012;AS001;548;2029-05-15 00:00:00;2029-05-23 00:00:00;2029-04-20 00:00:00;2029-04-28 00:00:00
2029-04-17 00:00:00;SO714256;C0026;AS002;783;2029-05-22 00:00:00;2029-05-15 00:00:00;2029-04-25 00:00:00;2029-04-18 00:00:00
2029-04-17 00:00:00;SO364655;C0012;VS001;583;2029-05-15 00:00:00;2029-05-20 00:00:00;2029-04-20 00:00:00;2029-04-25 00:00:00
2029-04-17 00:00:00;SO935357;C0027;CS003;662;2029-05-29 00:00:00;2029-05-23 00:00:00;2029-04-25 00:00:00;2029-04-19 00:00:00
2029-04-17 00:00:00;SO714256;C0026;AT001;1424;2029-05-22 00:00:00;2029-05-20 00:00:00;2029-04-25 00:00:00;2029-04-23 00:00:00
2029-04-17 00:00:00;SO714256;C0026;AL001;545;2029-05-22 00:00:00;2029-05-30 00:00:00;2029-04-25 00:00:00;2029-05-03 00:00:00
2029-04-18 00:00:00;SO370828;C0006;VS002;1160;2029-06-20 00:00:00;2029-06-19 00:00:00;2029-04-20 00:00:00;2029-04-19 00:00:00
2029-04-18 00:00:00;SO480713;C0007;CL001;860;2029-06-20 00:00:00;2029-06-28 00:00:00;2029-04-21 00:00:00;2029-04-29 00:00:00
2029-04-18 00:00:00;SO215379;C0015;CS004;1023;2029-05-30 00:00:00;2029-05-22 00:00:00;2029-04-22 00:00:00;2029-04-14 00:00:00
2029-04-18 00:00:00;SO376060;C0016;AS003;1219;2029-05-02 00:00:00;2029-04-24 00:00:00;2029-04-22 00:00:00;2029-04-14 00:00:00
2029-04-18 00:00:00;SO370828;C0006;AS001;945;2029-06-20 00:00:00;2029-06-19 00:00:00;2029-04-20 00:00:00;2029-04-19 00:00:00
2029-04-18 00:00:00;SO480713;C0007;VS001;409;2029-06-20 00:00:00;2029-06-30 00:00:00;2029-04-21 00:00:00;2029-05-01 00:00:00
2029-04-18 00:00:00;SO215379;C0015;AS003;930;2029-05-30 00:00:00;2029-05-26 00:00:00;2029-04-22 00:00:00;2029-04-18 00:00:00
2029-04-18 00:00:00;SO480713;C0007;AS004;514;2029-06-20 00:00:00;2029-06-24 00:00:00;2029-04-21 00:00:00;2029-04-25 00:00:00
2029-04-18 00:00:00;SO370828;C0006;CL001;540;2029-06-20 00:00:00;2029-06-26 00:00:00;2029-04-20 00:00:00;2029-04-26 00:00:00
2029-04-18 00:00:00;SO370828;C0006;AS003;1030;2029-06-20 00:00:00;2029-06-15 00:00:00;2029-04-20 00:00:00;2029-04-15 00:00:00
2029-04-18 00:00:00;SO215379;C0015;CS001;1174;2029-05-30 00:00:00;2029-06-07 00:00:00;2029-04-22 00:00:00;2029-04-30 00:00:00
2029-04-18 00:00:00;SO376060;C0016;CT003;910;2029-05-02 00:00:00;2029-04-26 00:00:00;2029-04-22 00:00:00;2029-04-16 00:00:00
2029-04-18 00:00:00;SO215379;C0015;CT002;600;2029-05-30 00:00:00;2029-05-23 00:00:00;2029-04-22 00:00:00;2029-04-15 00:00:00
2029-04-18 00:00:00;SO376060;C0016;CT001;1137;2029-05-02 00:00:00;2029-04-30 00:00:00;2029-04-22 00:00:00;2029-04-20 00:00:00
2029-04-18 00:00:00;SO370828;C0006;CS004;1249;2029-06-20 00:00:00;2029-06-13 00:00:00;2029-04-20 00:00:00;2029-04-13 00:00:00
2029-04-18 00:00:00;SO480713;C0007;AT002;518;2029-06-20 00:00:00;2029-06-21 00:00:00;2029-04-21 00:00:00;2029-04-22 00:00:00
2029-04-18 00:00:00;SO215379;C0015;CS002;536;2029-05-30 00:00:00;2029-05-30 00:00:00;2029-04-22 00:00:00;2029-04-22 00:00:00
2029-04-19 00:00:00;SO366504;C0023;AL002;373;2029-05-24 00:00:00;2029-05-29 00:00:00;2029-04-23 00:00:00;2029-04-28 00:00:00
2029-04-19 00:00:00;SO852375;C0011;CT001;1245;2029-05-24 00:00:00;2029-05-14 00:00:00;2029-04-22 00:00:00;2029-04-12 00:00:00
2029-04-19 00:00:00;SO366504;C0023;AS004;709;2029-05-24 00:00:00;2029-05-21 00:00:00;2029-04-23 00:00:00;2029-04-20 00:00:00
2029-04-19 00:00:00;SO366504;C0023;AL001;987;2029-05-24 00:00:00;2029-05-14 00:00:00;2029-04-23 00:00:00;2029-04-13 00:00:00
2029-04-19 00:00:00;SO852375;C0011;CS004;1093;2029-05-24 00:00:00;2029-05-15 00:00:00;2029-04-22 00:00:00;2029-04-13 00:00:00
2029-04-19 00:00:00;SO366504;C0023;CS001;1218;2029-05-24 00:00:00;2029-05-14 00:00:00;2029-04-23 00:00:00;2029-04-13 00:00:00
2029-04-19 00:00:00;SO852375;C0011;AL002;631;2029-05-24 00:00:00;2029-05-16 00:00:00;2029-04-22 00:00:00;2029-04-14 00:00:00
2029-04-19 00:00:00;SO852375;C0011;AL001;1042;2029-05-24 00:00:00;2029-05-20 00:00:00;2029-04-22 00:00:00;2029-04-18 00:00:00
2029-04-19 00:00:00;SO366504;C0023;AT001;844;2029-05-24 00:00:00;2029-05-18 00:00:00;2029-04-23 00:00:00;2029-04-17 00:00:00
2029-04-19 00:00:00;SO366504;C0023;AS001;1043;2029-05-24 00:00:00;2029-05-15 00:00:00;2029-04-23 00:00:00;2029-04-14 00:00:00
2029-04-19 00:00:00;SO366504;C0023;CT003;665;2029-05-24 00:00:00;2029-05-31 00:00:00;2029-04-23 00:00:00;2029-04-30 00:00:00
2029-04-19 00:00:00;SO852375;C0011;CT002;634;2029-05-24 00:00:00;2029-05-30 00:00:00;2029-04-22 00:00:00;2029-04-28 00:00:00
2029-04-19 00:00:00;SO366504;C0023;AS002;1183;2029-05-24 00:00:00;2029-05-23 00:00:00;2029-04-23 00:00:00;2029-04-22 00:00:00
2029-04-19 00:00:00;SO852375;C0011;VS002;591;2029-05-24 00:00:00;2029-06-03 00:00:00;2029-04-22 00:00:00;2029-05-02 00:00:00
2029-04-19 00:00:00;SO366504;C0023;CL002;1054;2029-05-24 00:00:00;2029-06-01 00:00:00;2029-04-23 00:00:00;2029-05-01 00:00:00
2029-04-19 00:00:00;SO366504;C0023;VS002;1345;2029-05-24 00:00:00;2029-05-20 00:00:00;2029-04-23 00:00:00;2029-04-19 00:00:00
2029-04-20 00:00:00;SO970731;C0019;VS002;608;2029-06-22 00:00:00;2029-06-19 00:00:00;2029-04-24 00:00:00;2029-04-21 00:00:00
2029-04-20 00:00:00;SO589762;C0002;AT001;1077;2029-05-25 00:00:00;2029-06-03 00:00:00;2029-04-22 00:00:00;2029-05-01 00:00:00
2029-04-20 00:00:00;SO589762;C0002;AT002;1034;2029-05-25 00:00:00;2029-05-31 00:00:00;2029-04-22 00:00:00;2029-04-28 00:00:00
2029-04-20 00:00:00;SO970731;C0019;AS001;402;2029-06-22 00:00:00;2029-06-24 00:00:00;2029-04-24 00:00:00;2029-04-26 00:00:00
2029-04-20 00:00:00;SO589762;C0002;CS004;884;2029-05-25 00:00:00;2029-05-18 00:00:00;2029-04-22 00:00:00;2029-04-15 00:00:00
2029-04-20 00:00:00;SO589762;C0002;VS004;433;2029-05-25 00:00:00;2029-05-16 00:00:00;2029-04-22 00:00:00;2029-04-13 00:00:00
2029-04-20 00:00:00;SO970731;C0019;CT002;886;2029-06-22 00:00:00;2029-06-21 00:00:00;2029-04-24 00:00:00;2029-04-23 00:00:00
2029-04-20 00:00:00;SO589762;C0002;VS002;1308;2029-05-25 00:00:00;2029-06-03 00:00:00;2029-04-22 00:00:00;2029-05-01 00:00:00
2029-04-20 00:00:00;SO589762;C0002;AS002;1128;2029-05-25 00:00:00;2029-05-29 00:00:00;2029-04-22 00:00:00;2029-04-26 00:00:00
2029-04-20 00:00:00;SO970731;C0019;CL001;981;2029-06-22 00:00:00;2029-06-21 00:00:00;2029-04-24 00:00:00;2029-04-23 00:00:00
2029-04-20 00:00:00;SO589762;C0002;CS001;977;2029-05-25 00:00:00;2029-05-18 00:00:00;2029-04-22 00:00:00;2029-04-15 00:00:00
2029-04-20 00:00:00;SO589762;C0002;CT001;1156;2029-05-25 00:00:00;2029-06-04 00:00:00;2029-04-22 00:00:00;2029-05-02 00:00:00
2029-04-20 00:00:00;SO970731;C0019;CS004;1148;2029-06-22 00:00:00;2029-06-14 00:00:00;2029-04-24 00:00:00;2029-04-16 00:00:00
2029-04-20 00:00:00;SO589762;C0002;AS001;502;2029-05-25 00:00:00;2029-06-03 00:00:00;2029-04-22 00:00:00;2029-05-01 00:00:00
2029-04-20 00:00:00;SO970731;C0019;CT003;767;2029-06-22 00:00:00;2029-06-20 00:00:00;2029-04-24 00:00:00;2029-04-22 00:00:00
2029-04-20 00:00:00;SO589762;C0002;AS003;396;2029-05-25 00:00:00;2029-05-21 00:00:00;2029-04-22 00:00:00;2029-04-18 00:00:00
2029-04-23 00:00:00;SO605991;C0023;CL002;791;2029-05-28 00:00:00;2029-05-29 00:00:00;2029-04-27 00:00:00;2029-04-28 00:00:00
2029-04-23 00:00:00;SO862078;C0021;CT001;1217;2029-05-07 00:00:00;2029-05-02 00:00:00;2029-04-27 00:00:00;2029-04-22 00:00:00
2029-04-23 00:00:00;SO653276;C0028;VS003;1066;2029-05-07 00:00:00;2029-05-17 00:00:00;2029-05-01 00:00:00;2029-05-11 00:00:00
2029-04-23 00:00:00;SO605991;C0023;VS002;487;2029-05-28 00:00:00;2029-05-23 00:00:00;2029-04-27 00:00:00;2029-04-22 00:00:00
2029-04-23 00:00:00;SO605991;C0023;AS001;1016;2029-05-28 00:00:00;2029-06-06 00:00:00;2029-04-27 00:00:00;2029-05-06 00:00:00
2029-04-23 00:00:00;SO862078;C0021;VS004;1174;2029-05-07 00:00:00;2029-05-15 00:00:00;2029-04-27 00:00:00;2029-05-05 00:00:00
2029-04-23 00:00:00;SO653276;C0028;AS003;1183;2029-05-07 00:00:00;2029-05-04 00:00:00;2029-05-01 00:00:00;2029-04-28 00:00:00
2029-04-23 00:00:00;SO862078;C0021;VS003;1091;2029-05-07 00:00:00;2029-05-10 00:00:00;2029-04-27 00:00:00;2029-04-30 00:00:00
2029-04-23 00:00:00;SO605991;C0023;AL002;410;2029-05-28 00:00:00;2029-06-01 00:00:00;2029-04-27 00:00:00;2029-05-01 00:00:00
2029-04-23 00:00:00;SO862078;C0021;AT002;1361;2029-05-07 00:00:00;2029-04-29 00:00:00;2029-04-27 00:00:00;2029-04-19 00:00:00
2029-04-23 00:00:00;SO605991;C0023;AT002;1246;2029-05-28 00:00:00;2029-06-01 00:00:00;2029-04-27 00:00:00;2029-05-01 00:00:00
2029-04-23 00:00:00;SO653276;C0028;AS004;817;2029-05-07 00:00:00;2029-05-06 00:00:00;2029-05-01 00:00:00;2029-04-30 00:00:00
2029-04-23 00:00:00;SO605991;C0023;CT002;435;2029-05-28 00:00:00;2029-05-21 00:00:00;2029-04-27 00:00:00;2029-04-20 00:00:00
2029-04-23 00:00:00;SO653276;C0028;CS004;733;2029-05-07 00:00:00;2029-04-28 00:00:00;2029-05-01 00:00:00;2029-04-22 00:00:00
2029-04-24 00:00:00;SO197675;C0013;AS004;462;2029-05-22 00:00:00;2029-05-20 00:00:00;2029-04-28 00:00:00;2029-04-26 00:00:00
2029-04-24 00:00:00;SO677249;C0006;AS001;677;2029-06-26 00:00:00;2029-06-21 00:00:00;2029-04-26 00:00:00;2029-04-21 00:00:00
2029-04-24 00:00:00;SO922621;C0014;CT003;1120;2029-05-29 00:00:00;2029-06-07 00:00:00;2029-04-28 00:00:00;2029-05-07 00:00:00
2029-04-24 00:00:00;SO127500;C0007;CT002;1289;2029-06-26 00:00:00;2029-06-23 00:00:00;2029-04-27 00:00:00;2029-04-24 00:00:00
2029-04-24 00:00:00;SO197675;C0013;VS002;801;2029-05-22 00:00:00;2029-05-20 00:00:00;2029-04-28 00:00:00;2029-04-26 00:00:00
2029-04-24 00:00:00;SO677249;C0006;CS003;880;2029-06-26 00:00:00;2029-06-29 00:00:00;2029-04-26 00:00:00;2029-04-29 00:00:00
2029-04-24 00:00:00;SO922621;C0014;CS004;1125;2029-05-29 00:00:00;2029-05-21 00:00:00;2029-04-28 00:00:00;2029-04-20 00:00:00
2029-04-24 00:00:00;SO677249;C0006;AT001;579;2029-06-26 00:00:00;2029-07-06 00:00:00;2029-04-26 00:00:00;2029-05-06 00:00:00
2029-04-24 00:00:00;SO197675;C0013;AL001;939;2029-05-22 00:00:00;2029-05-20 00:00:00;2029-04-28 00:00:00;2029-04-26 00:00:00
2029-04-24 00:00:00;SO197675;C0013;CS003;973;2029-05-22 00:00:00;2029-05-15 00:00:00;2029-04-28 00:00:00;2029-04-21 00:00:00
2029-04-24 00:00:00;SO922621;C0014;CS003;1404;2029-05-29 00:00:00;2029-05-31 00:00:00;2029-04-28 00:00:00;2029-04-30 00:00:00
2029-04-24 00:00:00;SO677249;C0006;AL001;1480;2029-06-26 00:00:00;2029-06-16 00:00:00;2029-04-26 00:00:00;2029-04-16 00:00:00
2029-04-24 00:00:00;SO127500;C0007;AS002;367;2029-06-26 00:00:00;2029-07-04 00:00:00;2029-04-27 00:00:00;2029-05-05 00:00:00
2029-04-24 00:00:00;SO197675;C0013;VS004;362;2029-05-22 00:00:00;2029-05-22 00:00:00;2029-04-28 00:00:00;2029-04-28 00:00:00
2029-04-25 00:00:00;SO219199;C0002;AS002;682;2029-05-30 00:00:00;2029-05-21 00:00:00;2029-04-27 00:00:00;2029-04-18 00:00:00
2029-04-25 00:00:00;SO468036;C0023;VS003;619;2029-05-30 00:00:00;2029-05-24 00:00:00;2029-04-29 00:00:00;2029-04-23 00:00:00
2029-04-25 00:00:00;SO468036;C0023;AT002;809;2029-05-30 00:00:00;2029-05-28 00:00:00;2029-04-29 00:00:00;2029-04-27 00:00:00
2029-04-25 00:00:00;SO468036;C0023;VS004;607;2029-05-30 00:00:00;2029-05-20 00:00:00;2029-04-29 00:00:00;2029-04-19 00:00:00
2029-04-25 00:00:00;SO219199;C0002;CL002;382;2029-05-30 00:00:00;2029-06-07 00:00:00;2029-04-27 00:00:00;2029-05-05 00:00:00
2029-04-25 00:00:00;SO219199;C0002;CS004;1019;2029-05-30 00:00:00;2029-06-03 00:00:00;2029-04-27 00:00:00;2029-05-01 00:00:00
2029-04-25 00:00:00;SO219199;C0002;CT001;782;2029-05-30 00:00:00;2029-05-30 00:00:00;2029-04-27 00:00:00;2029-04-27 00:00:00
2029-04-25 00:00:00;SO219199;C0002;AS004;598;2029-05-30 00:00:00;2029-06-05 00:00:00;2029-04-27 00:00:00;2029-05-03 00:00:00
2029-04-25 00:00:00;SO468036;C0023;CL002;501;2029-05-30 00:00:00;2029-06-02 00:00:00;2029-04-29 00:00:00;2029-05-02 00:00:00
2029-04-25 00:00:00;SO219199;C0002;AS005;579;2029-05-30 00:00:00;2029-06-03 00:00:00;2029-04-27 00:00:00;2029-05-01 00:00:00
2029-04-25 00:00:00;SO468036;C0023;AL002;766;2029-05-30 00:00:00;2029-06-04 00:00:00;2029-04-29 00:00:00;2029-05-04 00:00:00
2029-04-25 00:00:00;SO219199;C0002;AS001;1211;2029-05-30 00:00:00;2029-06-03 00:00:00;2029-04-27 00:00:00;2029-05-01 00:00:00
2029-04-25 00:00:00;SO219199;C0002;AL002;548;2029-05-30 00:00:00;2029-05-31 00:00:00;2029-04-27 00:00:00;2029-04-28 00:00:00
2029-04-25 00:00:00;SO468036;C0023;CT002;1157;2029-05-30 00:00:00;2029-06-05 00:00:00;2029-04-29 00:00:00;2029-05-05 00:00:00
2029-04-25 00:00:00;SO468036;C0023;VS001;1404;2029-05-30 00:00:00;2029-06-08 00:00:00;2029-04-29 00:00:00;2029-05-08 00:00:00
2029-04-25 00:00:00;SO468036;C0023;AS001;634;2029-05-30 00:00:00;2029-05-23 00:00:00;2029-04-29 00:00:00;2029-04-22 00:00:00
2029-04-26 00:00:00;SO543520;C0019;VS003;1112;2029-06-28 00:00:00;2029-06-19 00:00:00;2029-04-30 00:00:00;2029-04-21 00:00:00
2029-04-26 00:00:00;SO845309;C0005;CL001;556;2029-06-21 00:00:00;2029-06-29 00:00:00;2029-04-28 00:00:00;2029-05-06 00:00:00
2029-04-26 00:00:00;SO985341;C0030;CT003;1136;2029-06-28 00:00:00;2029-07-04 00:00:00;2029-05-04 00:00:00;2029-05-10 00:00:00
2029-04-26 00:00:00;SO224111;C0026;VS003;1328;2029-05-31 00:00:00;2029-06-02 00:00:00;2029-05-04 00:00:00;2029-05-06 00:00:00
2029-04-26 00:00:00;SO543520;C0019;AS005;1445;2029-06-28 00:00:00;2029-06-27 00:00:00;2029-04-30 00:00:00;2029-04-29 00:00:00
2029-04-26 00:00:00;SO845309;C0005;CS003;941;2029-06-21 00:00:00;2029-06-12 00:00:00;2029-04-28 00:00:00;2029-04-19 00:00:00
2029-04-26 00:00:00;SO845309;C0005;CT001;1085;2029-06-21 00:00:00;2029-06-14 00:00:00;2029-04-28 00:00:00;2029-04-21 00:00:00
2029-04-26 00:00:00;SO543520;C0019;AL002;1126;2029-06-28 00:00:00;2029-06-25 00:00:00;2029-04-30 00:00:00;2029-04-27 00:00:00
2029-04-26 00:00:00;SO985341;C0030;AL001;935;2029-06-28 00:00:00;2029-06-27 00:00:00;2029-05-04 00:00:00;2029-05-03 00:00:00
2029-04-26 00:00:00;SO985341;C0030;AT001;377;2029-06-28 00:00:00;2029-06-29 00:00:00;2029-05-04 00:00:00;2029-05-05 00:00:00
2029-04-26 00:00:00;SO985341;C0030;CS004;662;2029-06-28 00:00:00;2029-07-05 00:00:00;2029-05-04 00:00:00;2029-05-11 00:00:00
2029-04-26 00:00:00;SO985341;C0030;AS005;1089;2029-06-28 00:00:00;2029-06-22 00:00:00;2029-05-04 00:00:00;2029-04-28 00:00:00
2029-04-26 00:00:00;SO224111;C0026;CT003;814;2029-05-31 00:00:00;2029-05-25 00:00:00;2029-05-04 00:00:00;2029-04-28 00:00:00
2029-04-26 00:00:00;SO224111;C0026;AT002;694;2029-05-31 00:00:00;2029-05-30 00:00:00;2029-05-04 00:00:00;2029-05-03 00:00:00
2029-04-26 00:00:00;SO845309;C0005;CT003;587;2029-06-21 00:00:00;2029-06-16 00:00:00;2029-04-28 00:00:00;2029-04-23 00:00:00
2029-04-26 00:00:00;SO543520;C0019;CT001;1334;2029-06-28 00:00:00;2029-07-01 00:00:00;2029-04-30 00:00:00;2029-05-03 00:00:00
2029-04-27 00:00:00;SO544598;C0017;CL001;1079;2029-06-22 00:00:00;2029-06-14 00:00:00;2029-05-01 00:00:00;2029-04-23 00:00:00
2029-04-27 00:00:00;SO621820;C0028;CS004;393;2029-05-11 00:00:00;2029-05-11 00:00:00;2029-05-05 00:00:00;2029-05-05 00:00:00
2029-04-27 00:00:00;SO791524;C0005;CT003;962;2029-06-22 00:00:00;2029-06-20 00:00:00;2029-04-29 00:00:00;2029-04-27 00:00:00
2029-04-27 00:00:00;SO950735;C0018;AS005;405;2029-06-29 00:00:00;2029-06-28 00:00:00;2029-05-01 00:00:00;2029-04-30 00:00:00
2029-04-27 00:00:00;SO621820;C0028;VS004;331;2029-05-11 00:00:00;2029-05-07 00:00:00;2029-05-05 00:00:00;2029-05-01 00:00:00
2029-04-27 00:00:00;SO950735;C0018;AS002;907;2029-06-29 00:00:00;2029-06-20 00:00:00;2029-05-01 00:00:00;2029-04-22 00:00:00
2029-04-27 00:00:00;SO791524;C0005;CL002;712;2029-06-22 00:00:00;2029-06-19 00:00:00;2029-04-29 00:00:00;2029-04-26 00:00:00
2029-04-27 00:00:00;SO950735;C0018;AS004;572;2029-06-29 00:00:00;2029-07-03 00:00:00;2029-05-01 00:00:00;2029-05-05 00:00:00
2029-04-27 00:00:00;SO621820;C0028;AS001;476;2029-05-11 00:00:00;2029-05-08 00:00:00;2029-05-05 00:00:00;2029-05-02 00:00:00
2029-04-27 00:00:00;SO791524;C0005;CS003;910;2029-06-22 00:00:00;2029-07-01 00:00:00;2029-04-29 00:00:00;2029-05-08 00:00:00
2029-04-27 00:00:00;SO621820;C0028;AS002;585;2029-05-11 00:00:00;2029-05-08 00:00:00;2029-05-05 00:00:00;2029-05-02 00:00:00
2029-04-27 00:00:00;SO621820;C0028;CS001;569;2029-05-11 00:00:00;2029-05-17 00:00:00;2029-05-05 00:00:00;2029-05-11 00:00:00
2029-04-27 00:00:00;SO791524;C0005;VS002;1316;2029-06-22 00:00:00;2029-06-21 00:00:00;2029-04-29 00:00:00;2029-04-28 00:00:00
2029-04-27 00:00:00;SO621820;C0028;AS004;377;2029-05-11 00:00:00;2029-05-01 00:00:00;2029-05-05 00:00:00;2029-04-25 00:00:00
2029-04-27 00:00:00;SO621820;C0028;CS002;1157;2029-05-11 00:00:00;2029-05-10 00:00:00;2029-05-05 00:00:00;2029-05-04 00:00:00
2029-04-27 00:00:00;SO544598;C0017;VS002;1071;2029-06-22 00:00:00;2029-06-25 00:00:00;2029-05-01 00:00:00;2029-05-04 00:00:00
2029-04-27 00:00:00;SO791524;C0005;CL001;771;2029-06-22 00:00:00;2029-06-26 00:00:00;2029-04-29 00:00:00;2029-05-03 00:00:00
2029-04-30 00:00:00;SO893096;C0024;AT001;836;2029-05-28 00:00:00;2029-05-23 00:00:00;2029-05-04 00:00:00;2029-04-29 00:00:00
2029-04-30 00:00:00;SO832071;C0001;CS001;545;2029-05-28 00:00:00;2029-05-28 00:00:00;2029-05-02 00:00:00;2029-05-02 00:00:00
2029-04-30 00:00:00;SO603639;C0009;AS004;463;2029-05-14 00:00:00;2029-05-22 00:00:00;2029-05-03 00:00:00;2029-05-11 00:00:00
2029-04-30 00:00:00;SO603639;C0009;CT003;816;2029-05-14 00:00:00;2029-05-24 00:00:00;2029-05-03 00:00:00;2029-05-13 00:00:00
2029-04-30 00:00:00;SO832071;C0001;CL002;384;2029-05-28 00:00:00;2029-06-03 00:00:00;2029-05-02 00:00:00;2029-05-08 00:00:00
2029-04-30 00:00:00;SO893096;C0024;CS002;454;2029-05-28 00:00:00;2029-06-04 00:00:00;2029-05-04 00:00:00;2029-05-11 00:00:00
2029-04-30 00:00:00;SO603639;C0009;CS004;720;2029-05-14 00:00:00;2029-05-19 00:00:00;2029-05-03 00:00:00;2029-05-08 00:00:00
2029-04-30 00:00:00;SO603639;C0009;VS001;419;2029-05-14 00:00:00;2029-05-22 00:00:00;2029-05-03 00:00:00;2029-05-11 00:00:00
2029-04-30 00:00:00;SO832071;C0001;AS005;1003;2029-05-28 00:00:00;2029-05-19 00:00:00;2029-05-02 00:00:00;2029-04-23 00:00:00
2029-04-30 00:00:00;SO832071;C0001;VS004;1211;2029-05-28 00:00:00;2029-05-27 00:00:00;2029-05-02 00:00:00;2029-05-01 00:00:00
2029-04-30 00:00:00;SO893096;C0024;VS002;781;2029-05-28 00:00:00;2029-06-05 00:00:00;2029-05-04 00:00:00;2029-05-12 00:00:00
2029-04-30 00:00:00;SO603639;C0009;CS003;917;2029-05-14 00:00:00;2029-05-12 00:00:00;2029-05-03 00:00:00;2029-05-01 00:00:00
2029-04-30 00:00:00;SO832071;C0001;AS002;689;2029-05-28 00:00:00;2029-06-02 00:00:00;2029-05-02 00:00:00;2029-05-07 00:00:00
2029-04-30 00:00:00;SO832071;C0001;CT002;778;2029-05-28 00:00:00;2029-05-27 00:00:00;2029-05-02 00:00:00;2029-05-01 00:00:00
2029-04-30 00:00:00;SO603639;C0009;CL002;696;2029-05-14 00:00:00;2029-05-20 00:00:00;2029-05-03 00:00:00;2029-05-09 00:00:00
2029-04-30 00:00:00;SO603639;C0009;CL001;580;2029-05-14 00:00:00;2029-05-05 00:00:00;2029-05-03 00:00:00;2029-04-24 00:00:00
2029-04-30 00:00:00;SO603639;C0009;VS004;1009;2029-05-14 00:00:00;2029-05-19 00:00:00;2029-05-03 00:00:00;2029-05-08 00:00:00
2029-05-01 00:00:00;SO572369;C0013;AL002;524;2029-05-29 00:00:00;2029-06-04 00:00:00;2029-05-05 00:00:00;2029-05-11 00:00:00
2029-05-01 00:00:00;SO944350;C0021;AS001;1287;2029-05-15 00:00:00;2029-05-25 00:00:00;2029-05-05 00:00:00;2029-05-15 00:00:00
2029-05-01 00:00:00;SO572369;C0013;AS004;363;2029-05-29 00:00:00;2029-05-31 00:00:00;2029-05-05 00:00:00;2029-05-07 00:00:00
2029-05-01 00:00:00;SO944350;C0021;AL001;476;2029-05-15 00:00:00;2029-05-21 00:00:00;2029-05-05 00:00:00;2029-05-11 00:00:00
2029-05-01 00:00:00;SO572369;C0013;CT003;801;2029-05-29 00:00:00;2029-05-26 00:00:00;2029-05-05 00:00:00;2029-05-02 00:00:00
2029-05-01 00:00:00;SO572369;C0013;VS003;510;2029-05-29 00:00:00;2029-05-31 00:00:00;2029-05-05 00:00:00;2029-05-07 00:00:00
2029-05-01 00:00:00;SO572369;C0013;CT001;1153;2029-05-29 00:00:00;2029-06-06 00:00:00;2029-05-05 00:00:00;2029-05-13 00:00:00
2029-05-01 00:00:00;SO944350;C0021;CS004;584;2029-05-15 00:00:00;2029-05-20 00:00:00;2029-05-05 00:00:00;2029-05-10 00:00:00
2029-05-01 00:00:00;SO572369;C0013;CL002;626;2029-05-29 00:00:00;2029-05-24 00:00:00;2029-05-05 00:00:00;2029-04-30 00:00:00
2029-05-01 00:00:00;SO572369;C0013;VS001;1071;2029-05-29 00:00:00;2029-05-26 00:00:00;2029-05-05 00:00:00;2029-05-02 00:00:00
2029-05-01 00:00:00;SO944350;C0021;AS005;367;2029-05-15 00:00:00;2029-05-20 00:00:00;2029-05-05 00:00:00;2029-05-10 00:00:00
2029-05-01 00:00:00;SO572369;C0013;CT002;1295;2029-05-29 00:00:00;2029-05-21 00:00:00;2029-05-05 00:00:00;2029-04-27 00:00:00
2029-05-01 00:00:00;SO572369;C0013;AS001;678;2029-05-29 00:00:00;2029-06-02 00:00:00;2029-05-05 00:00:00;2029-05-09 00:00:00
2029-05-01 00:00:00;SO944350;C0021;CL002;502;2029-05-15 00:00:00;2029-05-09 00:00:00;2029-05-05 00:00:00;2029-04-29 00:00:00
2029-05-01 00:00:00;SO944350;C0021;VS005;740;2029-05-15 00:00:00;2029-05-24 00:00:00;2029-05-05 00:00:00;2029-05-14 00:00:00
2029-05-02 00:00:00;SO648459;C0024;VS005;1030;2029-05-30 00:00:00;2029-05-24 00:00:00;2029-05-06 00:00:00;2029-04-30 00:00:00
2029-05-02 00:00:00;SO315591;C0004;CS003;999;2029-05-16 00:00:00;2029-05-06 00:00:00;2029-05-04 00:00:00;2029-04-24 00:00:00
2029-05-02 00:00:00;SO705207;C0018;AT001;1090;2029-07-04 00:00:00;2029-07-13 00:00:00;2029-05-06 00:00:00;2029-05-15 00:00:00
2029-05-02 00:00:00;SO313535;C0028;AS005;992;2029-05-16 00:00:00;2029-05-23 00:00:00;2029-05-10 00:00:00;2029-05-17 00:00:00
2029-05-02 00:00:00;SO313535;C0028;VS002;759;2029-05-16 00:00:00;2029-05-26 00:00:00;2029-05-10 00:00:00;2029-05-20 00:00:00
2029-05-02 00:00:00;SO648459;C0024;AL001;1110;2029-05-30 00:00:00;2029-05-23 00:00:00;2029-05-06 00:00:00;2029-04-29 00:00:00
2029-05-02 00:00:00;SO315591;C0004;CS001;985;2029-05-16 00:00:00;2029-05-18 00:00:00;2029-05-04 00:00:00;2029-05-06 00:00:00
2029-05-02 00:00:00;SO648459;C0024;CT003;947;2029-05-30 00:00:00;2029-05-20 00:00:00;2029-05-06 00:00:00;2029-04-26 00:00:00
2029-05-02 00:00:00;SO315591;C0004;VS002;487;2029-05-16 00:00:00;2029-05-25 00:00:00;2029-05-04 00:00:00;2029-05-13 00:00:00
2029-05-02 00:00:00;SO313535;C0028;CL002;824;2029-05-16 00:00:00;2029-05-09 00:00:00;2029-05-10 00:00:00;2029-05-03 00:00:00
2029-05-02 00:00:00;SO313535;C0028;AS003;900;2029-05-16 00:00:00;2029-05-07 00:00:00;2029-05-10 00:00:00;2029-05-01 00:00:00
2029-05-02 00:00:00;SO705207;C0018;CT002;614;2029-07-04 00:00:00;2029-07-12 00:00:00;2029-05-06 00:00:00;2029-05-14 00:00:00
2029-05-02 00:00:00;SO313535;C0028;AT002;1234;2029-05-16 00:00:00;2029-05-06 00:00:00;2029-05-10 00:00:00;2029-04-30 00:00:00
2029-05-02 00:00:00;SO705207;C0018;CS002;837;2029-07-04 00:00:00;2029-06-30 00:00:00;2029-05-06 00:00:00;2029-05-02 00:00:00
2029-05-02 00:00:00;SO313535;C0028;CS003;1114;2029-05-16 00:00:00;2029-05-23 00:00:00;2029-05-10 00:00:00;2029-05-17 00:00:00
2029-05-02 00:00:00;SO648459;C0024;CS002;1082;2029-05-30 00:00:00;2029-06-09 00:00:00;2029-05-06 00:00:00;2029-05-16 00:00:00
2029-05-03 00:00:00;SO811247;C0012;AT002;1394;2029-05-31 00:00:00;2029-05-22 00:00:00;2029-05-06 00:00:00;2029-04-27 00:00:00
2029-05-03 00:00:00;SO259538;C0016;CS001;848;2029-05-17 00:00:00;2029-05-15 00:00:00;2029-05-07 00:00:00;2029-05-05 00:00:00
2029-05-03 00:00:00;SO411213;C0022;AS005;884;2029-06-14 00:00:00;2029-06-24 00:00:00;2029-05-07 00:00:00;2029-05-17 00:00:00
2029-05-03 00:00:00;SO811247;C0012;CS004;577;2029-05-31 00:00:00;2029-06-07 00:00:00;2029-05-06 00:00:00;2029-05-13 00:00:00
2029-05-03 00:00:00;SO411213;C0022;AS003;581;2029-06-14 00:00:00;2029-06-10 00:00:00;2029-05-07 00:00:00;2029-05-03 00:00:00
2029-05-03 00:00:00;SO411213;C0022;VS003;1365;2029-06-14 00:00:00;2029-06-09 00:00:00;2029-05-07 00:00:00;2029-05-02 00:00:00
2029-05-03 00:00:00;SO259538;C0016;AS004;1236;2029-05-17 00:00:00;2029-05-12 00:00:00;2029-05-07 00:00:00;2029-05-02 00:00:00
2029-05-03 00:00:00;SO811247;C0012;CS002;997;2029-05-31 00:00:00;2029-05-30 00:00:00;2029-05-06 00:00:00;2029-05-05 00:00:00
2029-05-03 00:00:00;SO811247;C0012;CL001;1384;2029-05-31 00:00:00;2029-06-07 00:00:00;2029-05-06 00:00:00;2029-05-13 00:00:00
2029-05-03 00:00:00;SO259538;C0016;VS001;487;2029-05-17 00:00:00;2029-05-23 00:00:00;2029-05-07 00:00:00;2029-05-13 00:00:00
2029-05-03 00:00:00;SO811247;C0012;AS002;732;2029-05-31 00:00:00;2029-06-03 00:00:00;2029-05-06 00:00:00;2029-05-09 00:00:00
2029-05-03 00:00:00;SO411213;C0022;CT001;634;2029-06-14 00:00:00;2029-06-15 00:00:00;2029-05-07 00:00:00;2029-05-08 00:00:00
2029-05-03 00:00:00;SO411213;C0022;CL002;743;2029-06-14 00:00:00;2029-06-06 00:00:00;2029-05-07 00:00:00;2029-04-29 00:00:00
2029-05-03 00:00:00;SO411213;C0022;AL001;1001;2029-06-14 00:00:00;2029-06-15 00:00:00;2029-05-07 00:00:00;2029-05-08 00:00:00
2029-05-03 00:00:00;SO411213;C0022;VS005;1098;2029-06-14 00:00:00;2029-06-22 00:00:00;2029-05-07 00:00:00;2029-05-15 00:00:00
2029-05-03 00:00:00;SO811247;C0012;AS005;1140;2029-05-31 00:00:00;2029-06-06 00:00:00;2029-05-06 00:00:00;2029-05-12 00:00:00
2029-05-03 00:00:00;SO259538;C0016;CT001;1067;2029-05-17 00:00:00;2029-05-07 00:00:00;2029-05-07 00:00:00;2029-04-27 00:00:00
2029-05-03 00:00:00;SO411213;C0022;CT003;783;2029-06-14 00:00:00;2029-06-24 00:00:00;2029-05-07 00:00:00;2029-05-17 00:00:00
2029-05-03 00:00:00;SO811247;C0012;CT002;1137;2029-05-31 00:00:00;2029-06-09 00:00:00;2029-05-06 00:00:00;2029-05-15 00:00:00
2029-05-03 00:00:00;SO259538;C0016;AT002;1163;2029-05-17 00:00:00;2029-05-10 00:00:00;2029-05-07 00:00:00;2029-04-30 00:00:00
2029-05-04 00:00:00;SO955803;C0021;AS003;1086;2029-05-18 00:00:00;2029-05-21 00:00:00;2029-05-08 00:00:00;2029-05-11 00:00:00
2029-05-04 00:00:00;SO305712;C0003;VS003;1190;2029-06-15 00:00:00;2029-06-06 00:00:00;2029-05-06 00:00:00;2029-04-27 00:00:00
2029-05-04 00:00:00;SO289149;C0007;CT003;475;2029-07-06 00:00:00;2029-07-02 00:00:00;2029-05-07 00:00:00;2029-05-03 00:00:00
2029-05-04 00:00:00;SO289149;C0007;AS002;487;2029-07-06 00:00:00;2029-06-29 00:00:00;2029-05-07 00:00:00;2029-04-30 00:00:00
2029-05-04 00:00:00;SO305712;C0003;AS004;611;2029-06-15 00:00:00;2029-06-25 00:00:00;2029-05-06 00:00:00;2029-05-16 00:00:00
2029-05-04 00:00:00;SO305712;C0003;CS004;923;2029-06-15 00:00:00;2029-06-06 00:00:00;2029-05-06 00:00:00;2029-04-27 00:00:00
2029-05-04 00:00:00;SO955803;C0021;VS003;1293;2029-05-18 00:00:00;2029-05-17 00:00:00;2029-05-08 00:00:00;2029-05-07 00:00:00
2029-05-04 00:00:00;SO289149;C0007;CL002;362;2029-07-06 00:00:00;2029-07-08 00:00:00;2029-05-07 00:00:00;2029-05-09 00:00:00
2029-05-04 00:00:00;SO955803;C0021;AL002;447;2029-05-18 00:00:00;2029-05-11 00:00:00;2029-05-08 00:00:00;2029-05-01 00:00:00
2029-05-04 00:00:00;SO305712;C0003;AT002;872;2029-06-15 00:00:00;2029-06-20 00:00:00;2029-05-06 00:00:00;2029-05-11 00:00:00
2029-05-04 00:00:00;SO289149;C0007;CS003;1089;2029-07-06 00:00:00;2029-07-03 00:00:00;2029-05-07 00:00:00;2029-05-04 00:00:00
2029-05-04 00:00:00;SO955803;C0021;CS002;545;2029-05-18 00:00:00;2029-05-20 00:00:00;2029-05-08 00:00:00;2029-05-10 00:00:00
2029-05-04 00:00:00;SO305712;C0003;AS001;583;2029-06-15 00:00:00;2029-06-08 00:00:00;2029-05-06 00:00:00;2029-04-29 00:00:00
2029-05-04 00:00:00;SO955803;C0021;VS001;596;2029-05-18 00:00:00;2029-05-16 00:00:00;2029-05-08 00:00:00;2029-05-06 00:00:00
2029-05-04 00:00:00;SO305712;C0003;AL001;966;2029-06-15 00:00:00;2029-06-07 00:00:00;2029-05-06 00:00:00;2029-04-28 00:00:00
2029-05-04 00:00:00;SO955803;C0021;CS003;522;2029-05-18 00:00:00;2029-05-08 00:00:00;2029-05-08 00:00:00;2029-04-28 00:00:00
2029-05-04 00:00:00;SO305712;C0003;CS002;840;2029-06-15 00:00:00;2029-06-13 00:00:00;2029-05-06 00:00:00;2029-05-04 00:00:00
2029-05-07 00:00:00;SO694649;C0003;VS003;577;2029-06-18 00:00:00;2029-06-08 00:00:00;2029-05-09 00:00:00;2029-04-29 00:00:00
2029-05-07 00:00:00;SO542925;C0007;VS005;1219;2029-07-09 00:00:00;2029-07-03 00:00:00;2029-05-10 00:00:00;2029-05-04 00:00:00
2029-05-07 00:00:00;SO641597;C0014;CL002;966;2029-06-11 00:00:00;2029-06-21 00:00:00;2029-05-11 00:00:00;2029-05-21 00:00:00
2029-05-07 00:00:00;SO641597;C0014;AS004;1065;2029-06-11 00:00:00;2029-06-06 00:00:00;2029-05-11 00:00:00;2029-05-06 00:00:00
2029-05-07 00:00:00;SO694649;C0003;AS002;345;2029-06-18 00:00:00;2029-06-12 00:00:00;2029-05-09 00:00:00;2029-05-03 00:00:00
2029-05-07 00:00:00;SO542925;C0007;VS004;1178;2029-07-09 00:00:00;2029-07-08 00:00:00;2029-05-10 00:00:00;2029-05-09 00:00:00
2029-05-07 00:00:00;SO641597;C0014;CT002;645;2029-06-11 00:00:00;2029-06-20 00:00:00;2029-05-11 00:00:00;2029-05-20 00:00:00
2029-05-07 00:00:00;SO694649;C0003;CS001;336;2029-06-18 00:00:00;2029-06-16 00:00:00;2029-05-09 00:00:00;2029-05-07 00:00:00
2029-05-07 00:00:00;SO694649;C0003;CT002;635;2029-06-18 00:00:00;2029-06-28 00:00:00;2029-05-09 00:00:00;2029-05-19 00:00:00
2029-05-07 00:00:00;SO694649;C0003;AL001;1425;2029-06-18 00:00:00;2029-06-18 00:00:00;2029-05-09 00:00:00;2029-05-09 00:00:00
2029-05-07 00:00:00;SO694649;C0003;AS004;559;2029-06-18 00:00:00;2029-06-16 00:00:00;2029-05-09 00:00:00;2029-05-07 00:00:00
2029-05-07 00:00:00;SO641597;C0014;AT001;1218;2029-06-11 00:00:00;2029-06-16 00:00:00;2029-05-11 00:00:00;2029-05-16 00:00:00
2029-05-07 00:00:00;SO542925;C0007;CS002;1544;2029-07-09 00:00:00;2029-07-14 00:00:00;2029-05-10 00:00:00;2029-05-15 00:00:00
2029-05-07 00:00:00;SO542925;C0007;CS003;871;2029-07-09 00:00:00;2029-07-04 00:00:00;2029-05-10 00:00:00;2029-05-05 00:00:00
2029-05-08 00:00:00;SO907649;C0001;CT001;736;2029-06-05 00:00:00;2029-06-09 00:00:00;2029-05-10 00:00:00;2029-05-14 00:00:00
2029-05-08 00:00:00;SO191788;C0026;CS004;1172;2029-06-12 00:00:00;2029-06-11 00:00:00;2029-05-16 00:00:00;2029-05-15 00:00:00
2029-05-08 00:00:00;SO226870;C0011;CS003;1361;2029-06-12 00:00:00;2029-06-04 00:00:00;2029-05-11 00:00:00;2029-05-03 00:00:00
2029-05-08 00:00:00;SO183349;C0004;VS002;1054;2029-05-22 00:00:00;2029-05-17 00:00:00;2029-05-10 00:00:00;2029-05-05 00:00:00
2029-05-08 00:00:00;SO226870;C0011;VS001;830;2029-06-12 00:00:00;2029-06-16 00:00:00;2029-05-11 00:00:00;2029-05-15 00:00:00
2029-05-08 00:00:00;SO226870;C0011;CL001;697;2029-06-12 00:00:00;2029-06-18 00:00:00;2029-05-11 00:00:00;2029-05-17 00:00:00
2029-05-08 00:00:00;SO191788;C0026;CS003;529;2029-06-12 00:00:00;2029-06-06 00:00:00;2029-05-16 00:00:00;2029-05-10 00:00:00
2029-05-08 00:00:00;SO907649;C0001;AS001;537;2029-06-05 00:00:00;2029-05-28 00:00:00;2029-05-10 00:00:00;2029-05-02 00:00:00
2029-05-08 00:00:00;SO907649;C0001;AL002;962;2029-06-05 00:00:00;2029-05-30 00:00:00;2029-05-10 00:00:00;2029-05-04 00:00:00
2029-05-08 00:00:00;SO183349;C0004;CT003;1096;2029-05-22 00:00:00;2029-05-26 00:00:00;2029-05-10 00:00:00;2029-05-14 00:00:00
2029-05-08 00:00:00;SO907649;C0001;CS004;1219;2029-06-05 00:00:00;2029-06-13 00:00:00;2029-05-10 00:00:00;2029-05-18 00:00:00
2029-05-08 00:00:00;SO191788;C0026;CT002;1205;2029-06-12 00:00:00;2029-06-15 00:00:00;2029-05-16 00:00:00;2029-05-19 00:00:00
2029-05-08 00:00:00;SO191788;C0026;AS003;981;2029-06-12 00:00:00;2029-06-07 00:00:00;2029-05-16 00:00:00;2029-05-11 00:00:00
2029-05-08 00:00:00;SO191788;C0026;CT001;832;2029-06-12 00:00:00;2029-06-21 00:00:00;2029-05-16 00:00:00;2029-05-25 00:00:00
2029-05-08 00:00:00;SO183349;C0004;CL001;1042;2029-05-22 00:00:00;2029-05-15 00:00:00;2029-05-10 00:00:00;2029-05-03 00:00:00
2029-05-08 00:00:00;SO907649;C0001;AS003;1047;2029-06-05 00:00:00;2029-05-26 00:00:00;2029-05-10 00:00:00;2029-04-30 00:00:00
2029-05-08 00:00:00;SO191788;C0026;AT001;1055;2029-06-12 00:00:00;2029-06-11 00:00:00;2029-05-16 00:00:00;2029-05-15 00:00:00
2029-05-09 00:00:00;SO209370;C0003;VS003;693;2029-06-20 00:00:00;2029-06-28 00:00:00;2029-05-11 00:00:00;2029-05-19 00:00:00
2029-05-09 00:00:00;SO431462;C0027;AL002;594;2029-06-20 00:00:00;2029-06-25 00:00:00;2029-05-17 00:00:00;2029-05-22 00:00:00
2029-05-09 00:00:00;SO430877;C0018;AS003;658;2029-07-11 00:00:00;2029-07-10 00:00:00;2029-05-13 00:00:00;2029-05-12 00:00:00
2029-05-09 00:00:00;SO209370;C0003;VS004;491;2029-06-20 00:00:00;2029-06-19 00:00:00;2029-05-11 00:00:00;2029-05-10 00:00:00
2029-05-09 00:00:00;SO431462;C0027;AS003;626;2029-06-20 00:00:00;2029-06-20 00:00:00;2029-05-17 00:00:00;2029-05-17 00:00:00
2029-05-09 00:00:00;SO431462;C0027;CS003;826;2029-06-20 00:00:00;2029-06-19 00:00:00;2029-05-17 00:00:00;2029-05-16 00:00:00
2029-05-09 00:00:00;SO431462;C0027;CS004;974;2029-06-20 00:00:00;2029-06-29 00:00:00;2029-05-17 00:00:00;2029-05-26 00:00:00
2029-05-09 00:00:00;SO209370;C0003;CL002;489;2029-06-20 00:00:00;2029-06-13 00:00:00;2029-05-11 00:00:00;2029-05-04 00:00:00
2029-05-09 00:00:00;SO430877;C0018;AS001;773;2029-07-11 00:00:00;2029-07-07 00:00:00;2029-05-13 00:00:00;2029-05-09 00:00:00
2029-05-09 00:00:00;SO430877;C0018;CL001;592;2029-07-11 00:00:00;2029-07-03 00:00:00;2029-05-13 00:00:00;2029-05-05 00:00:00
2029-05-09 00:00:00;SO209370;C0003;AT002;1109;2029-06-20 00:00:00;2029-06-26 00:00:00;2029-05-11 00:00:00;2029-05-17 00:00:00
2029-05-09 00:00:00;SO431462;C0027;VS005;439;2029-06-20 00:00:00;2029-06-27 00:00:00;2029-05-17 00:00:00;2029-05-24 00:00:00
2029-05-09 00:00:00;SO430877;C0018;AS004;1284;2029-07-11 00:00:00;2029-07-18 00:00:00;2029-05-13 00:00:00;2029-05-20 00:00:00
2029-05-09 00:00:00;SO209370;C0003;AS003;610;2029-06-20 00:00:00;2029-06-16 00:00:00;2029-05-11 00:00:00;2029-05-07 00:00:00
2029-05-10 00:00:00;SO927483;C0024;AS003;1182;2029-06-07 00:00:00;2029-06-05 00:00:00;2029-05-14 00:00:00;2029-05-12 00:00:00
2029-05-10 00:00:00;SO508994;C0020;VS002;1210;2029-07-05 00:00:00;2029-07-15 00:00:00;2029-05-14 00:00:00;2029-05-24 00:00:00
2029-05-10 00:00:00;SO814390;C0004;AS003;1038;2029-05-24 00:00:00;2029-05-23 00:00:00;2029-05-12 00:00:00;2029-05-11 00:00:00
2029-05-10 00:00:00;SO982508;C0025;CS002;736;2029-06-07 00:00:00;2029-06-03 00:00:00;2029-05-18 00:00:00;2029-05-14 00:00:00
2029-05-10 00:00:00;SO927483;C0024;AL001;1059;2029-06-07 00:00:00;2029-06-17 00:00:00;2029-05-14 00:00:00;2029-05-24 00:00:00
2029-05-10 00:00:00;SO982508;C0025;CS001;1043;2029-06-07 00:00:00;2029-06-05 00:00:00;2029-05-18 00:00:00;2029-05-16 00:00:00
2029-05-10 00:00:00;SO982508;C0025;AT002;1475;2029-06-07 00:00:00;2029-05-28 00:00:00;2029-05-18 00:00:00;2029-05-08 00:00:00
2029-05-10 00:00:00;SO814390;C0004;VS004;1113;2029-05-24 00:00:00;2029-05-27 00:00:00;2029-05-12 00:00:00;2029-05-15 00:00:00
2029-05-10 00:00:00;SO982508;C0025;CS004;723;2029-06-07 00:00:00;2029-06-14 00:00:00;2029-05-18 00:00:00;2029-05-25 00:00:00
2029-05-10 00:00:00;SO814390;C0004;CS002;1155;2029-05-24 00:00:00;2029-05-18 00:00:00;2029-05-12 00:00:00;2029-05-06 00:00:00
2029-05-10 00:00:00;SO814390;C0004;AS001;1240;2029-05-24 00:00:00;2029-05-26 00:00:00;2029-05-12 00:00:00;2029-05-14 00:00:00
2029-05-10 00:00:00;SO982508;C0025;CL002;1022;2029-06-07 00:00:00;2029-06-17 00:00:00;2029-05-18 00:00:00;2029-05-28 00:00:00
2029-05-10 00:00:00;SO814390;C0004;CS003;735;2029-05-24 00:00:00;2029-05-25 00:00:00;2029-05-12 00:00:00;2029-05-13 00:00:00
2029-05-10 00:00:00;SO814390;C0004;CS001;576;2029-05-24 00:00:00;2029-06-03 00:00:00;2029-05-12 00:00:00;2029-05-22 00:00:00
2029-05-10 00:00:00;SO508994;C0020;CS003;1322;2029-07-05 00:00:00;2029-06-28 00:00:00;2029-05-14 00:00:00;2029-05-07 00:00:00
2029-05-10 00:00:00;SO927483;C0024;CS003;1264;2029-06-07 00:00:00;2029-06-17 00:00:00;2029-05-14 00:00:00;2029-05-24 00:00:00
2029-05-11 00:00:00;SO131198;C0026;VS004;611;2029-06-15 00:00:00;2029-06-21 00:00:00;2029-05-19 00:00:00;2029-05-25 00:00:00
2029-05-11 00:00:00;SO317865;C0015;VS004;592;2029-06-22 00:00:00;2029-06-13 00:00:00;2029-05-15 00:00:00;2029-05-06 00:00:00
2029-05-11 00:00:00;SO144773;C0006;CS004;409;2029-07-13 00:00:00;2029-07-03 00:00:00;2029-05-13 00:00:00;2029-05-03 00:00:00
2029-05-11 00:00:00;SO420384;C0020;CT002;1058;2029-07-06 00:00:00;2029-07-14 00:00:00;2029-05-15 00:00:00;2029-05-23 00:00:00
2029-05-11 00:00:00;SO144773;C0006;AL002;1042;2029-07-13 00:00:00;2029-07-18 00:00:00;2029-05-13 00:00:00;2029-05-18 00:00:00
2029-05-11 00:00:00;SO131198;C0026;AT002;591;2029-06-15 00:00:00;2029-06-19 00:00:00;2029-05-19 00:00:00;2029-05-23 00:00:00
2029-05-11 00:00:00;SO420384;C0020;CS002;1035;2029-07-06 00:00:00;2029-07-02 00:00:00;2029-05-15 00:00:00;2029-05-11 00:00:00
2029-05-11 00:00:00;SO420384;C0020;VS003;489;2029-07-06 00:00:00;2029-07-15 00:00:00;2029-05-15 00:00:00;2029-05-24 00:00:00
2029-05-11 00:00:00;SO317865;C0015;CS001;774;2029-06-22 00:00:00;2029-06-14 00:00:00;2029-05-15 00:00:00;2029-05-07 00:00:00
2029-05-11 00:00:00;SO317865;C0015;CT001;1124;2029-06-22 00:00:00;2029-06-17 00:00:00;2029-05-15 00:00:00;2029-05-10 00:00:00
2029-05-11 00:00:00;SO144773;C0006;VS004;878;2029-07-13 00:00:00;2029-07-15 00:00:00;2029-05-13 00:00:00;2029-05-15 00:00:00
2029-05-11 00:00:00;SO420384;C0020;VS004;1227;2029-07-06 00:00:00;2029-07-14 00:00:00;2029-05-15 00:00:00;2029-05-23 00:00:00
2029-05-11 00:00:00;SO420384;C0020;AL001;576;2029-07-06 00:00:00;2029-07-02 00:00:00;2029-05-15 00:00:00;2029-05-11 00:00:00
2029-05-11 00:00:00;SO144773;C0006;CT001;520;2029-07-13 00:00:00;2029-07-19 00:00:00;2029-05-13 00:00:00;2029-05-19 00:00:00
2029-05-11 00:00:00;SO144773;C0006;CT002;466;2029-07-13 00:00:00;2029-07-03 00:00:00;2029-05-13 00:00:00;2029-05-03 00:00:00
2029-05-11 00:00:00;SO131198;C0026;AS004;424;2029-06-15 00:00:00;2029-06-16 00:00:00;2029-05-19 00:00:00;2029-05-20 00:00:00
2029-05-11 00:00:00;SO420384;C0020;CS001;1042;2029-07-06 00:00:00;2029-06-30 00:00:00;2029-05-15 00:00:00;2029-05-09 00:00:00
2029-05-14 00:00:00;SO333699;C0030;AT001;883;2029-07-16 00:00:00;2029-07-16 00:00:00;2029-05-22 00:00:00;2029-05-22 00:00:00
2029-05-14 00:00:00;SO408276;C0012;AS005;759;2029-06-11 00:00:00;2029-06-02 00:00:00;2029-05-17 00:00:00;2029-05-08 00:00:00
2029-05-14 00:00:00;SO408276;C0012;CT001;573;2029-06-11 00:00:00;2029-06-18 00:00:00;2029-05-17 00:00:00;2029-05-24 00:00:00
2029-05-14 00:00:00;SO408276;C0012;VS001;1258;2029-06-11 00:00:00;2029-06-19 00:00:00;2029-05-17 00:00:00;2029-05-25 00:00:00
2029-05-14 00:00:00;SO333699;C0030;AL001;918;2029-07-16 00:00:00;2029-07-08 00:00:00;2029-05-22 00:00:00;2029-05-14 00:00:00
2029-05-14 00:00:00;SO333699;C0030;CS003;620;2029-07-16 00:00:00;2029-07-09 00:00:00;2029-05-22 00:00:00;2029-05-15 00:00:00
2029-05-14 00:00:00;SO333699;C0030;VS005;903;2029-07-16 00:00:00;2029-07-21 00:00:00;2029-05-22 00:00:00;2029-05-27 00:00:00
2029-05-14 00:00:00;SO408276;C0012;AT002;912;2029-06-11 00:00:00;2029-06-11 00:00:00;2029-05-17 00:00:00;2029-05-17 00:00:00
2029-05-14 00:00:00;SO333699;C0030;AT002;618;2029-07-16 00:00:00;2029-07-13 00:00:00;2029-05-22 00:00:00;2029-05-19 00:00:00
2029-05-14 00:00:00;SO333699;C0030;VS004;977;2029-07-16 00:00:00;2029-07-18 00:00:00;2029-05-22 00:00:00;2029-05-24 00:00:00
2029-05-14 00:00:00;SO333699;C0030;AS004;1351;2029-07-16 00:00:00;2029-07-06 00:00:00;2029-05-22 00:00:00;2029-05-12 00:00:00
2029-05-14 00:00:00;SO333699;C0030;CT003;930;2029-07-16 00:00:00;2029-07-07 00:00:00;2029-05-22 00:00:00;2029-05-13 00:00:00
2029-05-14 00:00:00;SO408276;C0012;CT002;931;2029-06-11 00:00:00;2029-06-03 00:00:00;2029-05-17 00:00:00;2029-05-09 00:00:00
2029-05-14 00:00:00;SO333699;C0030;CS001;980;2029-07-16 00:00:00;2029-07-21 00:00:00;2029-05-22 00:00:00;2029-05-27 00:00:00
2029-05-14 00:00:00;SO333699;C0030;AS001;471;2029-07-16 00:00:00;2029-07-19 00:00:00;2029-05-22 00:00:00;2029-05-25 00:00:00
2029-05-15 00:00:00;SO639112;C0023;VS003;1016;2029-06-19 00:00:00;2029-06-25 00:00:00;2029-05-19 00:00:00;2029-05-25 00:00:00
2029-05-15 00:00:00;SO537803;C0029;CT003;1199;2029-07-10 00:00:00;2029-07-04 00:00:00;2029-05-23 00:00:00;2029-05-17 00:00:00
2029-05-15 00:00:00;SO639112;C0023;CT003;639;2029-06-19 00:00:00;2029-06-17 00:00:00;2029-05-19 00:00:00;2029-05-17 00:00:00
2029-05-15 00:00:00;SO639112;C0023;AL002;433;2029-06-19 00:00:00;2029-06-22 00:00:00;2029-05-19 00:00:00;2029-05-22 00:00:00
2029-05-15 00:00:00;SO639112;C0023;CS003;624;2029-06-19 00:00:00;2029-06-23 00:00:00;2029-05-19 00:00:00;2029-05-23 00:00:00
2029-05-15 00:00:00;SO639112;C0023;AS002;450;2029-06-19 00:00:00;2029-06-14 00:00:00;2029-05-19 00:00:00;2029-05-14 00:00:00
2029-05-15 00:00:00;SO537803;C0029;AS001;1176;2029-07-10 00:00:00;2029-07-08 00:00:00;2029-05-23 00:00:00;2029-05-21 00:00:00
2029-05-15 00:00:00;SO639112;C0023;VS005;474;2029-06-19 00:00:00;2029-06-13 00:00:00;2029-05-19 00:00:00;2029-05-13 00:00:00
2029-05-15 00:00:00;SO537803;C0029;VS004;540;2029-07-10 00:00:00;2029-07-11 00:00:00;2029-05-23 00:00:00;2029-05-24 00:00:00
2029-05-15 00:00:00;SO537803;C0029;AS005;818;2029-07-10 00:00:00;2029-07-09 00:00:00;2029-05-23 00:00:00;2029-05-22 00:00:00
2029-05-15 00:00:00;SO537803;C0029;AL001;563;2029-07-10 00:00:00;2029-07-20 00:00:00;2029-05-23 00:00:00;2029-06-02 00:00:00
2029-05-15 00:00:00;SO537803;C0029;AL002;925;2029-07-10 00:00:00;2029-07-09 00:00:00;2029-05-23 00:00:00;2029-05-22 00:00:00
2029-05-16 00:00:00;SO619134;C0006;AL002;968;2029-07-18 00:00:00;2029-07-21 00:00:00;2029-05-18 00:00:00;2029-05-21 00:00:00
2029-05-16 00:00:00;SO268726;C0016;AL002;1358;2029-05-30 00:00:00;2029-05-24 00:00:00;2029-05-20 00:00:00;2029-05-14 00:00:00
2029-05-16 00:00:00;SO268726;C0016;CS001;927;2029-05-30 00:00:00;2029-05-20 00:00:00;2029-05-20 00:00:00;2029-05-10 00:00:00
2029-05-16 00:00:00;SO619134;C0006;AT002;830;2029-07-18 00:00:00;2029-07-13 00:00:00;2029-05-18 00:00:00;2029-05-13 00:00:00
2029-05-16 00:00:00;SO619134;C0006;VS004;489;2029-07-18 00:00:00;2029-07-14 00:00:00;2029-05-18 00:00:00;2029-05-14 00:00:00
2029-05-16 00:00:00;SO268726;C0016;CT001;655;2029-05-30 00:00:00;2029-05-28 00:00:00;2029-05-20 00:00:00;2029-05-18 00:00:00
2029-05-16 00:00:00;SO619134;C0006;CS004;1128;2029-07-18 00:00:00;2029-07-14 00:00:00;2029-05-18 00:00:00;2029-05-14 00:00:00
2029-05-16 00:00:00;SO619134;C0006;CL002;809;2029-07-18 00:00:00;2029-07-13 00:00:00;2029-05-18 00:00:00;2029-05-13 00:00:00
2029-05-16 00:00:00;SO268726;C0016;CT002;552;2029-05-30 00:00:00;2029-06-07 00:00:00;2029-05-20 00:00:00;2029-05-28 00:00:00
2029-05-16 00:00:00;SO268726;C0016;AT002;314;2029-05-30 00:00:00;2029-06-06 00:00:00;2029-05-20 00:00:00;2029-05-27 00:00:00
2029-05-16 00:00:00;SO619134;C0006;CS001;912;2029-07-18 00:00:00;2029-07-25 00:00:00;2029-05-18 00:00:00;2029-05-25 00:00:00
2029-05-16 00:00:00;SO619134;C0006;AS002;630;2029-07-18 00:00:00;2029-07-13 00:00:00;2029-05-18 00:00:00;2029-05-13 00:00:00
2029-05-16 00:00:00;SO619134;C0006;VS003;1096;2029-07-18 00:00:00;2029-07-11 00:00:00;2029-05-18 00:00:00;2029-05-11 00:00:00
2029-05-16 00:00:00;SO268726;C0016;CS003;892;2029-05-30 00:00:00;2029-06-08 00:00:00;2029-05-20 00:00:00;2029-05-29 00:00:00
2029-05-16 00:00:00;SO268726;C0016;CL002;1222;2029-05-30 00:00:00;2029-05-26 00:00:00;2029-05-20 00:00:00;2029-05-16 00:00:00
2029-05-16 00:00:00;SO619134;C0006;AS004;908;2029-07-18 00:00:00;2029-07-18 00:00:00;2029-05-18 00:00:00;2029-05-18 00:00:00
2029-05-16 00:00:00;SO619134;C0006;CS002;678;2029-07-18 00:00:00;2029-07-22 00:00:00;2029-05-18 00:00:00;2029-05-22 00:00:00
2029-05-17 00:00:00;SO329045;C0010;AS003;423;2029-06-28 00:00:00;2029-06-23 00:00:00;2029-05-20 00:00:00;2029-05-15 00:00:00
2029-05-17 00:00:00;SO932248;C0016;AS004;801;2029-05-31 00:00:00;2029-05-23 00:00:00;2029-05-21 00:00:00;2029-05-13 00:00:00
2029-05-17 00:00:00;SO329045;C0010;CT003;840;2029-06-28 00:00:00;2029-07-01 00:00:00;2029-05-20 00:00:00;2029-05-23 00:00:00
2029-05-17 00:00:00;SO932248;C0016;CS004;968;2029-05-31 00:00:00;2029-05-25 00:00:00;2029-05-21 00:00:00;2029-05-15 00:00:00
2029-05-17 00:00:00;SO329045;C0010;CL001;602;2029-06-28 00:00:00;2029-07-01 00:00:00;2029-05-20 00:00:00;2029-05-23 00:00:00
2029-05-17 00:00:00;SO932248;C0016;AT002;611;2029-05-31 00:00:00;2029-05-30 00:00:00;2029-05-21 00:00:00;2029-05-20 00:00:00
2029-05-17 00:00:00;SO932248;C0016;CT002;973;2029-05-31 00:00:00;2029-05-26 00:00:00;2029-05-21 00:00:00;2029-05-16 00:00:00
2029-05-17 00:00:00;SO329045;C0010;CS004;328;2029-06-28 00:00:00;2029-07-08 00:00:00;2029-05-20 00:00:00;2029-05-30 00:00:00
2029-05-17 00:00:00;SO932248;C0016;CT003;546;2029-05-31 00:00:00;2029-06-10 00:00:00;2029-05-21 00:00:00;2029-05-31 00:00:00
2029-05-17 00:00:00;SO932248;C0016;CS002;651;2029-05-31 00:00:00;2029-05-23 00:00:00;2029-05-21 00:00:00;2029-05-13 00:00:00
2029-05-17 00:00:00;SO329045;C0010;CT002;777;2029-06-28 00:00:00;2029-06-28 00:00:00;2029-05-20 00:00:00;2029-05-20 00:00:00
2029-05-17 00:00:00;SO932248;C0016;VS002;526;2029-05-31 00:00:00;2029-05-25 00:00:00;2029-05-21 00:00:00;2029-05-15 00:00:00
2029-05-17 00:00:00;SO329045;C0010;CS003;857;2029-06-28 00:00:00;2029-07-05 00:00:00;2029-05-20 00:00:00;2029-05-27 00:00:00
2029-05-17 00:00:00;SO932248;C0016;CS003;1089;2029-05-31 00:00:00;2029-06-01 00:00:00;2029-05-21 00:00:00;2029-05-22 00:00:00
2029-05-17 00:00:00;SO329045;C0010;AS004;657;2029-06-28 00:00:00;2029-07-06 00:00:00;2029-05-20 00:00:00;2029-05-28 00:00:00
2029-05-17 00:00:00;SO932248;C0016;VS005;1301;2029-05-31 00:00:00;2029-06-03 00:00:00;2029-05-21 00:00:00;2029-05-24 00:00:00
2029-05-17 00:00:00;SO932248;C0016;CT001;530;2029-05-31 00:00:00;2029-05-26 00:00:00;2029-05-21 00:00:00;2029-05-16 00:00:00
2029-05-17 00:00:00;SO329045;C0010;AT001;561;2029-06-28 00:00:00;2029-07-08 00:00:00;2029-05-20 00:00:00;2029-05-30 00:00:00
2029-05-17 00:00:00;SO932248;C0016;CL002;856;2029-05-31 00:00:00;2029-05-26 00:00:00;2029-05-21 00:00:00;2029-05-16 00:00:00
2029-05-18 00:00:00;SO539168;C0016;CL002;1377;2029-06-01 00:00:00;2029-06-06 00:00:00;2029-05-22 00:00:00;2029-05-27 00:00:00
2029-05-18 00:00:00;SO166788;C0001;AS005;1417;2029-06-15 00:00:00;2029-06-08 00:00:00;2029-05-20 00:00:00;2029-05-13 00:00:00
2029-05-18 00:00:00;SO281199;C0009;AS004;291;2029-06-01 00:00:00;2029-06-03 00:00:00;2029-05-21 00:00:00;2029-05-23 00:00:00
2029-05-18 00:00:00;SO281199;C0009;CT002;1132;2029-06-01 00:00:00;2029-06-01 00:00:00;2029-05-21 00:00:00;2029-05-21 00:00:00
2029-05-18 00:00:00;SO281199;C0009;AS005;1332;2029-06-01 00:00:00;2029-05-31 00:00:00;2029-05-21 00:00:00;2029-05-20 00:00:00
2029-05-18 00:00:00;SO539168;C0016;AS002;864;2029-06-01 00:00:00;2029-05-25 00:00:00;2029-05-22 00:00:00;2029-05-15 00:00:00
2029-05-18 00:00:00;SO539168;C0016;CL001;1452;2029-06-01 00:00:00;2029-06-09 00:00:00;2029-05-22 00:00:00;2029-05-30 00:00:00
2029-05-18 00:00:00;SO281199;C0009;AS001;961;2029-06-01 00:00:00;2029-06-03 00:00:00;2029-05-21 00:00:00;2029-05-23 00:00:00
2029-05-18 00:00:00;SO281199;C0009;VS003;485;2029-06-01 00:00:00;2029-06-11 00:00:00;2029-05-21 00:00:00;2029-05-31 00:00:00
2029-05-18 00:00:00;SO539168;C0016;CT001;322;2029-06-01 00:00:00;2029-06-10 00:00:00;2029-05-22 00:00:00;2029-05-31 00:00:00
2029-05-18 00:00:00;SO166788;C0001;AS002;1023;2029-06-15 00:00:00;2029-06-06 00:00:00;2029-05-20 00:00:00;2029-05-11 00:00:00
2029-05-18 00:00:00;SO539168;C0016;AT001;1240;2029-06-01 00:00:00;2029-06-05 00:00:00;2029-05-22 00:00:00;2029-05-26 00:00:00
2029-05-18 00:00:00;SO539168;C0016;AS004;389;2029-06-01 00:00:00;2029-05-22 00:00:00;2029-05-22 00:00:00;2029-05-12 00:00:00
2029-05-21 00:00:00;SO616108;C0011;AS002;826;2029-06-25 00:00:00;2029-06-28 00:00:00;2029-05-24 00:00:00;2029-05-27 00:00:00
2029-05-21 00:00:00;SO195001;C0023;AS004;1234;2029-06-25 00:00:00;2029-07-01 00:00:00;2029-05-25 00:00:00;2029-05-31 00:00:00
2029-05-21 00:00:00;SO195001;C0023;AT001;1035;2029-06-25 00:00:00;2029-06-26 00:00:00;2029-05-25 00:00:00;2029-05-26 00:00:00
2029-05-21 00:00:00;SO195001;C0023;CT002;689;2029-06-25 00:00:00;2029-06-26 00:00:00;2029-05-25 00:00:00;2029-05-26 00:00:00
2029-05-21 00:00:00;SO195001;C0023;AS005;653;2029-06-25 00:00:00;2029-06-23 00:00:00;2029-05-25 00:00:00;2029-05-23 00:00:00
2029-05-21 00:00:00;SO195001;C0023;AS001;1133;2029-06-25 00:00:00;2029-06-18 00:00:00;2029-05-25 00:00:00;2029-05-18 00:00:00
2029-05-21 00:00:00;SO195001;C0023;CL001;1124;2029-06-25 00:00:00;2029-06-28 00:00:00;2029-05-25 00:00:00;2029-05-28 00:00:00
2029-05-21 00:00:00;SO195001;C0023;CS002;572;2029-06-25 00:00:00;2029-07-01 00:00:00;2029-05-25 00:00:00;2029-05-31 00:00:00
2029-05-21 00:00:00;SO195001;C0023;CS001;841;2029-06-25 00:00:00;2029-06-18 00:00:00;2029-05-25 00:00:00;2029-05-18 00:00:00
2029-05-21 00:00:00;SO195001;C0023;CS003;515;2029-06-25 00:00:00;2029-06-24 00:00:00;2029-05-25 00:00:00;2029-05-24 00:00:00
2029-05-21 00:00:00;SO195001;C0023;AL002;1108;2029-06-25 00:00:00;2029-06-19 00:00:00;2029-05-25 00:00:00;2029-05-19 00:00:00
2029-05-21 00:00:00;SO616108;C0011;CS002;904;2029-06-25 00:00:00;2029-06-17 00:00:00;2029-05-24 00:00:00;2029-05-16 00:00:00
2029-05-21 00:00:00;SO616108;C0011;CT001;408;2029-06-25 00:00:00;2029-06-26 00:00:00;2029-05-24 00:00:00;2029-05-25 00:00:00
2029-05-21 00:00:00;SO195001;C0023;AL001;284;2029-06-25 00:00:00;2029-07-02 00:00:00;2029-05-25 00:00:00;2029-06-01 00:00:00
2029-05-21 00:00:00;SO616108;C0011;CS004;1129;2029-06-25 00:00:00;2029-06-26 00:00:00;2029-05-24 00:00:00;2029-05-25 00:00:00
2029-05-21 00:00:00;SO195001;C0023;AS002;327;2029-06-25 00:00:00;2029-07-04 00:00:00;2029-05-25 00:00:00;2029-06-03 00:00:00
2029-05-22 00:00:00;SO270718;C0009;AT001;965;2029-06-05 00:00:00;2029-05-28 00:00:00;2029-05-25 00:00:00;2029-05-17 00:00:00
2029-05-22 00:00:00;SO297552;C0023;VS003;754;2029-06-26 00:00:00;2029-07-06 00:00:00;2029-05-26 00:00:00;2029-06-05 00:00:00
2029-05-22 00:00:00;SO270718;C0009;AL002;1283;2029-06-05 00:00:00;2029-05-29 00:00:00;2029-05-25 00:00:00;2029-05-18 00:00:00
2029-05-22 00:00:00;SO270718;C0009;CL002;711;2029-06-05 00:00:00;2029-05-28 00:00:00;2029-05-25 00:00:00;2029-05-17 00:00:00
2029-05-22 00:00:00;SO270718;C0009;CS003;685;2029-06-05 00:00:00;2029-06-11 00:00:00;2029-05-25 00:00:00;2029-05-31 00:00:00
2029-05-22 00:00:00;SO297552;C0023;AT002;755;2029-06-26 00:00:00;2029-07-03 00:00:00;2029-05-26 00:00:00;2029-06-02 00:00:00
2029-05-22 00:00:00;SO270718;C0009;VS005;911;2029-06-05 00:00:00;2029-06-09 00:00:00;2029-05-25 00:00:00;2029-05-29 00:00:00
2029-05-22 00:00:00;SO270718;C0009;AT002;989;2029-06-05 00:00:00;2029-05-26 00:00:00;2029-05-25 00:00:00;2029-05-15 00:00:00
2029-05-22 00:00:00;SO297552;C0023;AS005;332;2029-06-26 00:00:00;2029-06-23 00:00:00;2029-05-26 00:00:00;2029-05-23 00:00:00
2029-05-22 00:00:00;SO297552;C0023;CT002;612;2029-06-26 00:00:00;2029-06-22 00:00:00;2029-05-26 00:00:00;2029-05-22 00:00:00
2029-05-22 00:00:00;SO297552;C0023;VS001;610;2029-06-26 00:00:00;2029-06-29 00:00:00;2029-05-26 00:00:00;2029-05-29 00:00:00
2029-05-22 00:00:00;SO270718;C0009;AS004;505;2029-06-05 00:00:00;2029-06-05 00:00:00;2029-05-25 00:00:00;2029-05-25 00:00:00
2029-05-22 00:00:00;SO270718;C0009;AS005;1262;2029-06-05 00:00:00;2029-06-09 00:00:00;2029-05-25 00:00:00;2029-05-29 00:00:00
2029-05-22 00:00:00;SO270718;C0009;CT001;1296;2029-06-05 00:00:00;2029-06-07 00:00:00;2029-05-25 00:00:00;2029-05-27 00:00:00
2029-05-23 00:00:00;SO328554;C0011;CT002;1296;2029-06-27 00:00:00;2029-07-06 00:00:00;2029-05-26 00:00:00;2029-06-04 00:00:00
2029-05-23 00:00:00;SO641998;C0001;VS003;941;2029-06-20 00:00:00;2029-06-23 00:00:00;2029-05-25 00:00:00;2029-05-28 00:00:00
2029-05-23 00:00:00;SO965897;C0008;CS004;659;2029-07-18 00:00:00;2029-07-20 00:00:00;2029-05-26 00:00:00;2029-05-28 00:00:00
2029-05-23 00:00:00;SO641998;C0001;AS001;785;2029-06-20 00:00:00;2029-06-27 00:00:00;2029-05-25 00:00:00;2029-06-01 00:00:00
2029-05-23 00:00:00;SO641998;C0001;AL001;907;2029-06-20 00:00:00;2029-06-10 00:00:00;2029-05-25 00:00:00;2029-05-15 00:00:00
2029-05-23 00:00:00;SO965897;C0008;CT001;917;2029-07-18 00:00:00;2029-07-17 00:00:00;2029-05-26 00:00:00;2029-05-25 00:00:00
2029-05-23 00:00:00;SO328554;C0011;AS001;740;2029-06-27 00:00:00;2029-06-24 00:00:00;2029-05-26 00:00:00;2029-05-23 00:00:00
2029-05-23 00:00:00;SO641998;C0001;AT001;1078;2029-06-20 00:00:00;2029-06-13 00:00:00;2029-05-25 00:00:00;2029-05-18 00:00:00
2029-05-23 00:00:00;SO965897;C0008;AS002;371;2029-07-18 00:00:00;2029-07-13 00:00:00;2029-05-26 00:00:00;2029-05-21 00:00:00
2029-05-23 00:00:00;SO641998;C0001;CT003;872;2029-06-20 00:00:00;2029-06-23 00:00:00;2029-05-25 00:00:00;2029-05-28 00:00:00
2029-05-23 00:00:00;SO641998;C0001;AS002;557;2029-06-20 00:00:00;2029-06-10 00:00:00;2029-05-25 00:00:00;2029-05-15 00:00:00
2029-05-23 00:00:00;SO328554;C0011;AS002;583;2029-06-27 00:00:00;2029-06-28 00:00:00;2029-05-26 00:00:00;2029-05-27 00:00:00
2029-05-23 00:00:00;SO965897;C0008;CS003;824;2029-07-18 00:00:00;2029-07-21 00:00:00;2029-05-26 00:00:00;2029-05-29 00:00:00
2029-05-23 00:00:00;SO965897;C0008;AT001;878;2029-07-18 00:00:00;2029-07-17 00:00:00;2029-05-26 00:00:00;2029-05-25 00:00:00
2029-05-23 00:00:00;SO965897;C0008;CL002;342;2029-07-18 00:00:00;2029-07-26 00:00:00;2029-05-26 00:00:00;2029-06-03 00:00:00
2029-05-23 00:00:00;SO328554;C0011;VS003;864;2029-06-27 00:00:00;2029-06-21 00:00:00;2029-05-26 00:00:00;2029-05-20 00:00:00
2029-05-23 00:00:00;SO328554;C0011;VS002;1110;2029-06-27 00:00:00;2029-06-18 00:00:00;2029-05-26 00:00:00;2029-05-17 00:00:00
2029-05-24 00:00:00;SO423825;C0005;CS001;713;2029-07-19 00:00:00;2029-07-18 00:00:00;2029-05-26 00:00:00;2029-05-25 00:00:00
2029-05-24 00:00:00;SO952731;C0015;CT003;942;2029-07-05 00:00:00;2029-07-14 00:00:00;2029-05-28 00:00:00;2029-06-06 00:00:00
2029-05-24 00:00:00;SO423825;C0005;CT001;910;2029-07-19 00:00:00;2029-07-27 00:00:00;2029-05-26 00:00:00;2029-06-03 00:00:00
2029-05-24 00:00:00;SO423825;C0005;AT002;1276;2029-07-19 00:00:00;2029-07-22 00:00:00;2029-05-26 00:00:00;2029-05-29 00:00:00
2029-05-24 00:00:00;SO952731;C0015;CS001;567;2029-07-05 00:00:00;2029-07-15 00:00:00;2029-05-28 00:00:00;2029-06-07 00:00:00
2029-05-24 00:00:00;SO952731;C0015;AL002;958;2029-07-05 00:00:00;2029-06-25 00:00:00;2029-05-28 00:00:00;2029-05-18 00:00:00
2029-05-24 00:00:00;SO423825;C0005;CL001;1124;2029-07-19 00:00:00;2029-07-29 00:00:00;2029-05-26 00:00:00;2029-06-05 00:00:00
2029-05-24 00:00:00;SO423825;C0005;AS005;1071;2029-07-19 00:00:00;2029-07-17 00:00:00;2029-05-26 00:00:00;2029-05-24 00:00:00
2029-05-24 00:00:00;SO423825;C0005;VS002;1001;2029-07-19 00:00:00;2029-07-16 00:00:00;2029-05-26 00:00:00;2029-05-23 00:00:00
2029-05-24 00:00:00;SO952731;C0015;VS002;456;2029-07-05 00:00:00;2029-07-10 00:00:00;2029-05-28 00:00:00;2029-06-02 00:00:00
2029-05-24 00:00:00;SO423825;C0005;CL002;1209;2029-07-19 00:00:00;2029-07-12 00:00:00;2029-05-26 00:00:00;2029-05-19 00:00:00
2029-05-24 00:00:00;SO952731;C0015;CT002;568;2029-07-05 00:00:00;2029-07-10 00:00:00;2029-05-28 00:00:00;2029-06-02 00:00:00
2029-05-24 00:00:00;SO952731;C0015;VS001;973;2029-07-05 00:00:00;2029-07-11 00:00:00;2029-05-28 00:00:00;2029-06-03 00:00:00
2029-05-24 00:00:00;SO952731;C0015;AS005;1104;2029-07-05 00:00:00;2029-07-01 00:00:00;2029-05-28 00:00:00;2029-05-24 00:00:00
2029-05-24 00:00:00;SO423825;C0005;AS003;937;2029-07-19 00:00:00;2029-07-14 00:00:00;2029-05-26 00:00:00;2029-05-21 00:00:00
2029-05-24 00:00:00;SO952731;C0015;AS003;1270;2029-07-05 00:00:00;2029-07-10 00:00:00;2029-05-28 00:00:00;2029-06-02 00:00:00
2029-05-24 00:00:00;SO952731;C0015;CS004;1209;2029-07-05 00:00:00;2029-06-28 00:00:00;2029-05-28 00:00:00;2029-05-21 00:00:00
2029-05-24 00:00:00;SO423825;C0005;AS001;1222;2029-07-19 00:00:00;2029-07-10 00:00:00;2029-05-26 00:00:00;2029-05-17 00:00:00
2029-05-24 00:00:00;SO952731;C0015;AS004;1249;2029-07-05 00:00:00;2029-06-26 00:00:00;2029-05-28 00:00:00;2029-05-19 00:00:00
2029-05-24 00:00:00;SO423825;C0005;AS004;851;2029-07-19 00:00:00;2029-07-19 00:00:00;2029-05-26 00:00:00;2029-05-26 00:00:00
2029-05-25 00:00:00;SO801086;C0012;AS002;583;2029-06-22 00:00:00;2029-06-28 00:00:00;2029-05-28 00:00:00;2029-06-03 00:00:00
2029-05-25 00:00:00;SO129602;C0022;VS004;860;2029-07-06 00:00:00;2029-06-30 00:00:00;2029-05-29 00:00:00;2029-05-23 00:00:00
2029-05-25 00:00:00;SO537723;C0020;AS001;758;2029-07-20 00:00:00;2029-07-28 00:00:00;2029-05-29 00:00:00;2029-06-06 00:00:00
2029-05-25 00:00:00;SO801086;C0012;AS001;435;2029-06-22 00:00:00;2029-06-30 00:00:00;2029-05-28 00:00:00;2029-06-05 00:00:00
2029-05-25 00:00:00;SO801086;C0012;AL002;1121;2029-06-22 00:00:00;2029-06-26 00:00:00;2029-05-28 00:00:00;2029-06-01 00:00:00
2029-05-25 00:00:00;SO129602;C0022;CT001;915;2029-07-06 00:00:00;2029-06-27 00:00:00;2029-05-29 00:00:00;2029-05-20 00:00:00
2029-05-25 00:00:00;SO537723;C0020;AS005;587;2029-07-20 00:00:00;2029-07-19 00:00:00;2029-05-29 00:00:00;2029-05-28 00:00:00
2029-05-25 00:00:00;SO537723;C0020;VS001;1055;2029-07-20 00:00:00;2029-07-21 00:00:00;2029-05-29 00:00:00;2029-05-30 00:00:00
2029-05-25 00:00:00;SO801086;C0012;VS005;1022;2029-06-22 00:00:00;2029-06-28 00:00:00;2029-05-28 00:00:00;2029-06-03 00:00:00
2029-05-25 00:00:00;SO801086;C0012;VS001;840;2029-06-22 00:00:00;2029-07-01 00:00:00;2029-05-28 00:00:00;2029-06-06 00:00:00
2029-05-25 00:00:00;SO801086;C0012;AT002;400;2029-06-22 00:00:00;2029-07-01 00:00:00;2029-05-28 00:00:00;2029-06-06 00:00:00
2029-05-25 00:00:00;SO537723;C0020;AS004;440;2029-07-20 00:00:00;2029-07-29 00:00:00;2029-05-29 00:00:00;2029-06-07 00:00:00
2029-05-25 00:00:00;SO129602;C0022;VS001;595;2029-07-06 00:00:00;2029-06-27 00:00:00;2029-05-29 00:00:00;2029-05-20 00:00:00
2029-05-25 00:00:00;SO801086;C0012;AS004;1229;2029-06-22 00:00:00;2029-06-30 00:00:00;2029-05-28 00:00:00;2029-06-05 00:00:00
2029-05-25 00:00:00;SO801086;C0012;AS005;982;2029-06-22 00:00:00;2029-06-26 00:00:00;2029-05-28 00:00:00;2029-06-01 00:00:00
2029-05-25 00:00:00;SO801086;C0012;CT003;703;2029-06-22 00:00:00;2029-06-27 00:00:00;2029-05-28 00:00:00;2029-06-02 00:00:00
2029-05-25 00:00:00;SO129602;C0022;AS002;1164;2029-07-06 00:00:00;2029-06-26 00:00:00;2029-05-29 00:00:00;2029-05-19 00:00:00
2029-05-28 00:00:00;SO340837;C0011;AL002;1089;2029-07-02 00:00:00;2029-07-08 00:00:00;2029-05-31 00:00:00;2029-06-06 00:00:00
2029-05-28 00:00:00;SO748739;C0017;VS005;833;2029-07-23 00:00:00;2029-07-24 00:00:00;2029-06-01 00:00:00;2029-06-02 00:00:00
2029-05-28 00:00:00;SO553340;C0024;AT002;633;2029-06-25 00:00:00;2029-06-18 00:00:00;2029-06-01 00:00:00;2029-05-25 00:00:00
2029-05-28 00:00:00;SO948037;C0014;AS001;1370;2029-07-02 00:00:00;2029-06-25 00:00:00;2029-06-01 00:00:00;2029-05-25 00:00:00
2029-05-28 00:00:00;SO748739;C0017;VS001;880;2029-07-23 00:00:00;2029-07-23 00:00:00;2029-06-01 00:00:00;2029-06-01 00:00:00
2029-05-28 00:00:00;SO948037;C0014;CS003;455;2029-07-02 00:00:00;2029-06-26 00:00:00;2029-06-01 00:00:00;2029-05-26 00:00:00
2029-05-28 00:00:00;SO340837;C0011;VS005;549;2029-07-02 00:00:00;2029-07-02 00:00:00;2029-05-31 00:00:00;2029-05-31 00:00:00
2029-05-28 00:00:00;SO748739;C0017;AS002;890;2029-07-23 00:00:00;2029-07-31 00:00:00;2029-06-01 00:00:00;2029-06-09 00:00:00
2029-05-28 00:00:00;SO748739;C0017;AS004;808;2029-07-23 00:00:00;2029-07-31 00:00:00;2029-06-01 00:00:00;2029-06-09 00:00:00
2029-05-28 00:00:00;SO948037;C0014;VS005;538;2029-07-02 00:00:00;2029-07-03 00:00:00;2029-06-01 00:00:00;2029-06-02 00:00:00
2029-05-28 00:00:00;SO553340;C0024;AS001;903;2029-06-25 00:00:00;2029-06-15 00:00:00;2029-06-01 00:00:00;2029-05-22 00:00:00
2029-05-28 00:00:00;SO340837;C0011;AS004;729;2029-07-02 00:00:00;2029-06-27 00:00:00;2029-05-31 00:00:00;2029-05-26 00:00:00
2029-05-28 00:00:00;SO340837;C0011;CS002;902;2029-07-02 00:00:00;2029-07-04 00:00:00;2029-05-31 00:00:00;2029-06-02 00:00:00
2029-05-28 00:00:00;SO340837;C0011;CL001;1031;2029-07-02 00:00:00;2029-07-06 00:00:00;2029-05-31 00:00:00;2029-06-04 00:00:00
2029-05-28 00:00:00;SO948037;C0014;AT002;1339;2029-07-02 00:00:00;2029-06-22 00:00:00;2029-06-01 00:00:00;2029-05-22 00:00:00
2029-05-28 00:00:00;SO948037;C0014;CT002;1194;2029-07-02 00:00:00;2029-06-28 00:00:00;2029-06-01 00:00:00;2029-05-28 00:00:00
2029-05-28 00:00:00;SO340837;C0011;VS001;382;2029-07-02 00:00:00;2029-07-10 00:00:00;2029-05-31 00:00:00;2029-06-08 00:00:00
2029-05-29 00:00:00;SO477097;C0020;CT002;662;2029-07-24 00:00:00;2029-07-28 00:00:00;2029-06-02 00:00:00;2029-06-06 00:00:00
2029-05-29 00:00:00;SO625544;C0007;AS001;1320;2029-07-31 00:00:00;2029-08-03 00:00:00;2029-06-01 00:00:00;2029-06-04 00:00:00
2029-05-29 00:00:00;SO804553;C0006;CT003;1253;2029-07-31 00:00:00;2029-07-25 00:00:00;2029-05-31 00:00:00;2029-05-25 00:00:00
2029-05-29 00:00:00;SO625544;C0007;AL002;851;2029-07-31 00:00:00;2029-08-07 00:00:00;2029-06-01 00:00:00;2029-06-08 00:00:00
2029-05-29 00:00:00;SO625544;C0007;CL001;817;2029-07-31 00:00:00;2029-08-02 00:00:00;2029-06-01 00:00:00;2029-06-03 00:00:00
2029-05-29 00:00:00;SO625544;C0007;CL002;622;2029-07-31 00:00:00;2029-07-31 00:00:00;2029-06-01 00:00:00;2029-06-01 00:00:00
2029-05-29 00:00:00;SO804553;C0006;AS003;890;2029-07-31 00:00:00;2029-08-03 00:00:00;2029-05-31 00:00:00;2029-06-03 00:00:00
2029-05-29 00:00:00;SO804553;C0006;AS001;878;2029-07-31 00:00:00;2029-07-31 00:00:00;2029-05-31 00:00:00;2029-05-31 00:00:00
2029-05-29 00:00:00;SO477097;C0020;CS004;887;2029-07-24 00:00:00;2029-07-31 00:00:00;2029-06-02 00:00:00;2029-06-09 00:00:00
2029-05-29 00:00:00;SO625544;C0007;VS001;1086;2029-07-31 00:00:00;2029-08-06 00:00:00;2029-06-01 00:00:00;2029-06-07 00:00:00
2029-05-29 00:00:00;SO625544;C0007;CS001;375;2029-07-31 00:00:00;2029-08-10 00:00:00;2029-06-01 00:00:00;2029-06-11 00:00:00
2029-05-29 00:00:00;SO625544;C0007;VS003;580;2029-07-31 00:00:00;2029-07-23 00:00:00;2029-06-01 00:00:00;2029-05-24 00:00:00
2029-05-30 00:00:00;SO488188;C0006;AS001;1032;2029-08-01 00:00:00;2029-08-05 00:00:00;2029-06-01 00:00:00;2029-06-05 00:00:00
2029-05-30 00:00:00;SO123658;C0009;CS004;907;2029-06-13 00:00:00;2029-06-06 00:00:00;2029-06-02 00:00:00;2029-05-26 00:00:00
2029-05-30 00:00:00;SO123658;C0009;AS004;1057;2029-06-13 00:00:00;2029-06-17 00:00:00;2029-06-02 00:00:00;2029-06-06 00:00:00
2029-05-30 00:00:00;SO488188;C0006;AS004;802;2029-08-01 00:00:00;2029-08-09 00:00:00;2029-06-01 00:00:00;2029-06-09 00:00:00
2029-05-30 00:00:00;SO488188;C0006;CS001;816;2029-08-01 00:00:00;2029-08-09 00:00:00;2029-06-01 00:00:00;2029-06-09 00:00:00
2029-05-30 00:00:00;SO123658;C0009;AT001;686;2029-06-13 00:00:00;2029-06-15 00:00:00;2029-06-02 00:00:00;2029-06-04 00:00:00
2029-05-30 00:00:00;SO488188;C0006;CS003;954;2029-08-01 00:00:00;2029-07-23 00:00:00;2029-06-01 00:00:00;2029-05-23 00:00:00
2029-05-30 00:00:00;SO488188;C0006;AT002;844;2029-08-01 00:00:00;2029-08-04 00:00:00;2029-06-01 00:00:00;2029-06-04 00:00:00
2029-05-30 00:00:00;SO123658;C0009;AL002;727;2029-06-13 00:00:00;2029-06-05 00:00:00;2029-06-02 00:00:00;2029-05-25 00:00:00
2029-05-30 00:00:00;SO488188;C0006;CL002;1005;2029-08-01 00:00:00;2029-07-22 00:00:00;2029-06-01 00:00:00;2029-05-22 00:00:00
2029-05-30 00:00:00;SO123658;C0009;AS001;489;2029-06-13 00:00:00;2029-06-21 00:00:00;2029-06-02 00:00:00;2029-06-10 00:00:00
2029-05-30 00:00:00;SO123658;C0009;AS003;696;2029-06-13 00:00:00;2029-06-23 00:00:00;2029-06-02 00:00:00;2029-06-12 00:00:00
2029-05-30 00:00:00;SO488188;C0006;CL001;733;2029-08-01 00:00:00;2029-07-22 00:00:00;2029-06-01 00:00:00;2029-05-22 00:00:00
2029-05-30 00:00:00;SO123658;C0009;CS001;1020;2029-06-13 00:00:00;2029-06-16 00:00:00;2029-06-02 00:00:00;2029-06-05 00:00:00
2029-05-30 00:00:00;SO488188;C0006;VS005;1174;2029-08-01 00:00:00;2029-07-26 00:00:00;2029-06-01 00:00:00;2029-05-26 00:00:00
2029-05-30 00:00:00;SO123658;C0009;CT003;883;2029-06-13 00:00:00;2029-06-20 00:00:00;2029-06-02 00:00:00;2029-06-09 00:00:00
2029-05-30 00:00:00;SO123658;C0009;AL001;559;2029-06-13 00:00:00;2029-06-13 00:00:00;2029-06-02 00:00:00;2029-06-02 00:00:00
2029-05-30 00:00:00;SO488188;C0006;AL001;651;2029-08-01 00:00:00;2029-08-11 00:00:00;2029-06-01 00:00:00;2029-06-11 00:00:00
2029-05-31 00:00:00;SO360618;C0010;AT002;1067;2029-07-12 00:00:00;2029-07-04 00:00:00;2029-06-03 00:00:00;2029-05-26 00:00:00
2029-05-31 00:00:00;SO386075;C0007;AS001;598;2029-08-02 00:00:00;2029-07-30 00:00:00;2029-06-03 00:00:00;2029-05-31 00:00:00
2029-05-31 00:00:00;SO273281;C0020;VS004;871;2029-07-26 00:00:00;2029-07-22 00:00:00;2029-06-04 00:00:00;2029-05-31 00:00:00
2029-05-31 00:00:00;SO654788;C0009;AS002;824;2029-06-14 00:00:00;2029-06-19 00:00:00;2029-06-03 00:00:00;2029-06-08 00:00:00
2029-05-31 00:00:00;SO273281;C0020;VS005;548;2029-07-26 00:00:00;2029-07-24 00:00:00;2029-06-04 00:00:00;2029-06-02 00:00:00
2029-05-31 00:00:00;SO273281;C0020;AS005;834;2029-07-26 00:00:00;2029-07-23 00:00:00;2029-06-04 00:00:00;2029-06-01 00:00:00
2029-05-31 00:00:00;SO654788;C0009;CS002;840;2029-06-14 00:00:00;2029-06-13 00:00:00;2029-06-03 00:00:00;2029-06-02 00:00:00
2029-05-31 00:00:00;SO360618;C0010;VS001;952;2029-07-12 00:00:00;2029-07-16 00:00:00;2029-06-03 00:00:00;2029-06-07 00:00:00
2029-05-31 00:00:00;SO273281;C0020;AS002;1338;2029-07-26 00:00:00;2029-07-16 00:00:00;2029-06-04 00:00:00;2029-05-25 00:00:00
2029-05-31 00:00:00;SO360618;C0010;AL001;686;2029-07-12 00:00:00;2029-07-18 00:00:00;2029-06-03 00:00:00;2029-06-09 00:00:00
2029-05-31 00:00:00;SO654788;C0009;CS001;594;2029-06-14 00:00:00;2029-06-24 00:00:00;2029-06-03 00:00:00;2029-06-13 00:00:00
2029-05-31 00:00:00;SO386075;C0007;CT001;448;2029-08-02 00:00:00;2029-08-04 00:00:00;2029-06-03 00:00:00;2029-06-05 00:00:00
2029-05-31 00:00:00;SO360618;C0010;AS001;381;2029-07-12 00:00:00;2029-07-16 00:00:00;2029-06-03 00:00:00;2029-06-07 00:00:00
2029-05-31 00:00:00;SO386075;C0007;CS004;855;2029-08-02 00:00:00;2029-08-04 00:00:00;2029-06-03 00:00:00;2029-06-05 00:00:00
2029-05-31 00:00:00;SO360618;C0010;CS001;589;2029-07-12 00:00:00;2029-07-11 00:00:00;2029-06-03 00:00:00;2029-06-02 00:00:00
2029-05-31 00:00:00;SO273281;C0020;VS001;962;2029-07-26 00:00:00;2029-08-01 00:00:00;2029-06-04 00:00:00;2029-06-10 00:00:00
2029-05-31 00:00:00;SO360618;C0010;AS003;1028;2029-07-12 00:00:00;2029-07-17 00:00:00;2029-06-03 00:00:00;2029-06-08 00:00:00
2029-06-01 00:00:00;SO103694;C0002;AL002;736;2029-07-06 00:00:00;2029-07-06 00:00:00;2029-06-03 00:00:00;2029-06-03 00:00:00
2029-06-01 00:00:00;SO221500;C0012;VS003;659;2029-06-29 00:00:00;2029-07-01 00:00:00;2029-06-04 00:00:00;2029-06-06 00:00:00
2029-06-01 00:00:00;SO221500;C0012;AT002;567;2029-06-29 00:00:00;2029-06-30 00:00:00;2029-06-04 00:00:00;2029-06-05 00:00:00
2029-06-01 00:00:00;SO103694;C0002;AL001;855;2029-07-06 00:00:00;2029-06-30 00:00:00;2029-06-03 00:00:00;2029-05-28 00:00:00
2029-06-01 00:00:00;SO221500;C0012;CT003;577;2029-06-29 00:00:00;2029-06-29 00:00:00;2029-06-04 00:00:00;2029-06-04 00:00:00
2029-06-01 00:00:00;SO221500;C0012;AL001;843;2029-06-29 00:00:00;2029-06-19 00:00:00;2029-06-04 00:00:00;2029-05-25 00:00:00
2029-06-01 00:00:00;SO103694;C0002;CS001;1047;2029-07-06 00:00:00;2029-07-16 00:00:00;2029-06-03 00:00:00;2029-06-13 00:00:00
2029-06-01 00:00:00;SO221500;C0012;VS002;1085;2029-06-29 00:00:00;2029-06-22 00:00:00;2029-06-04 00:00:00;2029-05-28 00:00:00
2029-06-01 00:00:00;SO221500;C0012;VS001;892;2029-06-29 00:00:00;2029-07-04 00:00:00;2029-06-04 00:00:00;2029-06-09 00:00:00
2029-06-01 00:00:00;SO221500;C0012;CT002;497;2029-06-29 00:00:00;2029-06-30 00:00:00;2029-06-04 00:00:00;2029-06-05 00:00:00
2029-06-01 00:00:00;SO103694;C0002;AT002;840;2029-07-06 00:00:00;2029-07-01 00:00:00;2029-06-03 00:00:00;2029-05-29 00:00:00
2029-06-01 00:00:00;SO103694;C0002;CT001;371;2029-07-06 00:00:00;2029-07-01 00:00:00;2029-06-03 00:00:00;2029-05-29 00:00:00
2029-06-01 00:00:00;SO221500;C0012;VS004;869;2029-06-29 00:00:00;2029-07-01 00:00:00;2029-06-04 00:00:00;2029-06-06 00:00:00
2029-06-01 00:00:00;SO221500;C0012;VS005;1288;2029-06-29 00:00:00;2029-06-26 00:00:00;2029-06-04 00:00:00;2029-06-01 00:00:00
2029-06-01 00:00:00;SO221500;C0012;AS002;361;2029-06-29 00:00:00;2029-06-25 00:00:00;2029-06-04 00:00:00;2029-05-31 00:00:00
2029-06-01 00:00:00;SO221500;C0012;CS003;1089;2029-06-29 00:00:00;2029-06-24 00:00:00;2029-06-04 00:00:00;2029-05-30 00:00:00
2029-06-04 00:00:00;SO297199;C0022;AS001;1214;2029-07-16 00:00:00;2029-07-20 00:00:00;2029-06-08 00:00:00;2029-06-12 00:00:00
2029-06-04 00:00:00;SO368630;C0010;VS002;1230;2029-07-16 00:00:00;2029-07-17 00:00:00;2029-06-07 00:00:00;2029-06-08 00:00:00
2029-06-04 00:00:00;SO791858;C0014;AS002;550;2029-07-09 00:00:00;2029-07-16 00:00:00;2029-06-08 00:00:00;2029-06-15 00:00:00
2029-06-04 00:00:00;SO468671;C0016;AS001;1028;2029-06-18 00:00:00;2029-06-12 00:00:00;2029-06-08 00:00:00;2029-06-02 00:00:00
2029-06-04 00:00:00;SO368630;C0010;VS005;462;2029-07-16 00:00:00;2029-07-17 00:00:00;2029-06-07 00:00:00;2029-06-08 00:00:00
2029-06-04 00:00:00;SO791858;C0014;CT002;939;2029-07-09 00:00:00;2029-07-15 00:00:00;2029-06-08 00:00:00;2029-06-14 00:00:00
2029-06-04 00:00:00;SO791858;C0014;CS004;460;2029-07-09 00:00:00;2029-07-16 00:00:00;2029-06-08 00:00:00;2029-06-15 00:00:00
2029-06-04 00:00:00;SO468671;C0016;VS004;742;2029-06-18 00:00:00;2029-06-13 00:00:00;2029-06-08 00:00:00;2029-06-03 00:00:00
2029-06-04 00:00:00;SO368630;C0010;CS003;540;2029-07-16 00:00:00;2029-07-11 00:00:00;2029-06-07 00:00:00;2029-06-02 00:00:00
2029-06-04 00:00:00;SO297199;C0022;CS004;659;2029-07-16 00:00:00;2029-07-08 00:00:00;2029-06-08 00:00:00;2029-05-31 00:00:00
2029-06-04 00:00:00;SO368630;C0010;CL002;468;2029-07-16 00:00:00;2029-07-26 00:00:00;2029-06-07 00:00:00;2029-06-17 00:00:00
2029-06-04 00:00:00;SO791858;C0014;AT001;832;2029-07-09 00:00:00;2029-07-16 00:00:00;2029-06-08 00:00:00;2029-06-15 00:00:00
2029-06-04 00:00:00;SO368630;C0010;AL002;393;2029-07-16 00:00:00;2029-07-07 00:00:00;2029-06-07 00:00:00;2029-05-29 00:00:00
2029-06-04 00:00:00;SO791858;C0014;CT003;1147;2029-07-09 00:00:00;2029-07-03 00:00:00;2029-06-08 00:00:00;2029-06-02 00:00:00
2029-06-04 00:00:00;SO791858;C0014;CL001;1003;2029-07-09 00:00:00;2029-07-10 00:00:00;2029-06-08 00:00:00;2029-06-09 00:00:00
2029-06-04 00:00:00;SO297199;C0022;AS003;596;2029-07-16 00:00:00;2029-07-18 00:00:00;2029-06-08 00:00:00;2029-06-10 00:00:00
2029-06-04 00:00:00;SO468671;C0016;AS005;987;2029-06-18 00:00:00;2029-06-26 00:00:00;2029-06-08 00:00:00;2029-06-16 00:00:00
2029-06-04 00:00:00;SO368630;C0010;CT003;935;2029-07-16 00:00:00;2029-07-24 00:00:00;2029-06-07 00:00:00;2029-06-15 00:00:00
2029-06-04 00:00:00;SO791858;C0014;AL001;833;2029-07-09 00:00:00;2029-07-10 00:00:00;2029-06-08 00:00:00;2029-06-09 00:00:00
2029-06-04 00:00:00;SO468671;C0016;AL002;571;2029-06-18 00:00:00;2029-06-21 00:00:00;2029-06-08 00:00:00;2029-06-11 00:00:00
2029-06-05 00:00:00;SO580999;C0021;CT002;394;2029-06-19 00:00:00;2029-06-17 00:00:00;2029-06-09 00:00:00;2029-06-07 00:00:00
2029-06-05 00:00:00;SO269333;C0001;AS001;719;2029-07-03 00:00:00;2029-06-26 00:00:00;2029-06-07 00:00:00;2029-05-31 00:00:00
2029-06-05 00:00:00;SO509935;C0019;AS003;557;2029-08-07 00:00:00;2029-08-09 00:00:00;2029-06-09 00:00:00;2029-06-11 00:00:00
2029-06-05 00:00:00;SO956220;C0029;AS005;581;2029-07-31 00:00:00;2029-07-21 00:00:00;2029-06-13 00:00:00;2029-06-03 00:00:00
2029-06-05 00:00:00;SO580999;C0021;CT001;1289;2029-06-19 00:00:00;2029-06-22 00:00:00;2029-06-09 00:00:00;2029-06-12 00:00:00
2029-06-05 00:00:00;SO580999;C0021;AS005;699;2029-06-19 00:00:00;2029-06-15 00:00:00;2029-06-09 00:00:00;2029-06-05 00:00:00
2029-06-05 00:00:00;SO269333;C0001;CL001;1144;2029-07-03 00:00:00;2029-07-12 00:00:00;2029-06-07 00:00:00;2029-06-16 00:00:00
2029-06-05 00:00:00;SO269333;C0001;VS005;1318;2029-07-03 00:00:00;2029-06-28 00:00:00;2029-06-07 00:00:00;2029-06-02 00:00:00
2029-06-05 00:00:00;SO580999;C0021;CS001;879;2029-06-19 00:00:00;2029-06-28 00:00:00;2029-06-09 00:00:00;2029-06-18 00:00:00
2029-06-05 00:00:00;SO509935;C0019;VS003;447;2029-08-07 00:00:00;2029-08-04 00:00:00;2029-06-09 00:00:00;2029-06-06 00:00:00
2029-06-05 00:00:00;SO269333;C0001;CT003;458;2029-07-03 00:00:00;2029-07-06 00:00:00;2029-06-07 00:00:00;2029-06-10 00:00:00
2029-06-05 00:00:00;SO509935;C0019;AL002;454;2029-08-07 00:00:00;2029-07-28 00:00:00;2029-06-09 00:00:00;2029-05-30 00:00:00
2029-06-05 00:00:00;SO269333;C0001;AS005;939;2029-07-03 00:00:00;2029-07-01 00:00:00;2029-06-07 00:00:00;2029-06-05 00:00:00
2029-06-05 00:00:00;SO269333;C0001;CT001;585;2029-07-03 00:00:00;2029-07-08 00:00:00;2029-06-07 00:00:00;2029-06-12 00:00:00
2029-06-05 00:00:00;SO580999;C0021;VS004;375;2029-06-19 00:00:00;2029-06-09 00:00:00;2029-06-09 00:00:00;2029-05-30 00:00:00
2029-06-05 00:00:00;SO956220;C0029;CS001;657;2029-07-31 00:00:00;2029-07-29 00:00:00;2029-06-13 00:00:00;2029-06-11 00:00:00
2029-06-05 00:00:00;SO509935;C0019;CT002;781;2029-08-07 00:00:00;2029-08-03 00:00:00;2029-06-09 00:00:00;2029-06-05 00:00:00
2029-06-05 00:00:00;SO269333;C0001;AT002;1069;2029-07-03 00:00:00;2029-06-30 00:00:00;2029-06-07 00:00:00;2029-06-04 00:00:00
2029-06-05 00:00:00;SO269333;C0001;CT002;1270;2029-07-03 00:00:00;2029-06-27 00:00:00;2029-06-07 00:00:00;2029-06-01 00:00:00
2029-06-05 00:00:00;SO509935;C0019;CL002;821;2029-08-07 00:00:00;2029-08-01 00:00:00;2029-06-09 00:00:00;2029-06-03 00:00:00
2029-06-06 00:00:00;SO703447;C0016;VS003;816;2029-06-20 00:00:00;2029-06-24 00:00:00;2029-06-10 00:00:00;2029-06-14 00:00:00
2029-06-06 00:00:00;SO801797;C0009;AT002;1101;2029-06-20 00:00:00;2029-06-22 00:00:00;2029-06-09 00:00:00;2029-06-11 00:00:00
2029-06-06 00:00:00;SO518579;C0018;AS005;497;2029-08-08 00:00:00;2029-08-16 00:00:00;2029-06-10 00:00:00;2029-06-18 00:00:00
2029-06-06 00:00:00;SO518579;C0018;AS001;843;2029-08-08 00:00:00;2029-08-06 00:00:00;2029-06-10 00:00:00;2029-06-08 00:00:00
2029-06-06 00:00:00;SO801797;C0009;CL001;1240;2029-06-20 00:00:00;2029-06-18 00:00:00;2029-06-09 00:00:00;2029-06-07 00:00:00
2029-06-06 00:00:00;SO703447;C0016;AS003;1260;2029-06-20 00:00:00;2029-06-21 00:00:00;2029-06-10 00:00:00;2029-06-11 00:00:00
2029-06-06 00:00:00;SO801797;C0009;VS005;1131;2029-06-20 00:00:00;2029-06-16 00:00:00;2029-06-09 00:00:00;2029-06-05 00:00:00
2029-06-06 00:00:00;SO801797;C0009;VS002;674;2029-06-20 00:00:00;2029-06-30 00:00:00;2029-06-09 00:00:00;2029-06-19 00:00:00
2029-06-06 00:00:00;SO703447;C0016;VS002;826;2029-06-20 00:00:00;2029-06-28 00:00:00;2029-06-10 00:00:00;2029-06-18 00:00:00
2029-06-06 00:00:00;SO801797;C0009;VS004;1458;2029-06-20 00:00:00;2029-06-14 00:00:00;2029-06-09 00:00:00;2029-06-03 00:00:00
2029-06-06 00:00:00;SO518579;C0018;VS003;1300;2029-08-08 00:00:00;2029-08-18 00:00:00;2029-06-10 00:00:00;2029-06-20 00:00:00
2029-06-06 00:00:00;SO518579;C0018;VS004;1028;2029-08-08 00:00:00;2029-08-04 00:00:00;2029-06-10 00:00:00;2029-06-06 00:00:00
2029-06-06 00:00:00;SO703447;C0016;AT001;952;2029-06-20 00:00:00;2029-06-11 00:00:00;2029-06-10 00:00:00;2029-06-01 00:00:00
2029-06-06 00:00:00;SO518579;C0018;VS005;362;2029-08-08 00:00:00;2029-08-07 00:00:00;2029-06-10 00:00:00;2029-06-09 00:00:00
2029-06-06 00:00:00;SO703447;C0016;CL002;432;2029-06-20 00:00:00;2029-06-12 00:00:00;2029-06-10 00:00:00;2029-06-02 00:00:00
2029-06-06 00:00:00;SO703447;C0016;CT003;1207;2029-06-20 00:00:00;2029-06-14 00:00:00;2029-06-10 00:00:00;2029-06-04 00:00:00
2029-06-07 00:00:00;SO498692;C0015;VS003;437;2029-07-19 00:00:00;2029-07-14 00:00:00;2029-06-11 00:00:00;2029-06-06 00:00:00
2029-06-07 00:00:00;SO697955;C0018;AS005;996;2029-08-09 00:00:00;2029-07-30 00:00:00;2029-06-11 00:00:00;2029-06-01 00:00:00
2029-06-07 00:00:00;SO105546;C0006;AT002;592;2029-08-09 00:00:00;2029-08-04 00:00:00;2029-06-09 00:00:00;2029-06-04 00:00:00
2029-06-07 00:00:00;SO807574;C0028;CT002;607;2029-06-21 00:00:00;2029-06-21 00:00:00;2029-06-15 00:00:00;2029-06-15 00:00:00
2029-06-07 00:00:00;SO807574;C0028;CS004;880;2029-06-21 00:00:00;2029-06-22 00:00:00;2029-06-15 00:00:00;2029-06-16 00:00:00
2029-06-07 00:00:00;SO807574;C0028;VS001;1065;2029-06-21 00:00:00;2029-06-15 00:00:00;2029-06-15 00:00:00;2029-06-09 00:00:00
2029-06-07 00:00:00;SO697955;C0018;AL002;651;2029-08-09 00:00:00;2029-08-12 00:00:00;2029-06-11 00:00:00;2029-06-14 00:00:00
2029-06-07 00:00:00;SO105546;C0006;AS002;961;2029-08-09 00:00:00;2029-08-06 00:00:00;2029-06-09 00:00:00;2029-06-06 00:00:00
2029-06-07 00:00:00;SO807574;C0028;AT002;898;2029-06-21 00:00:00;2029-06-12 00:00:00;2029-06-15 00:00:00;2029-06-06 00:00:00
2029-06-07 00:00:00;SO105546;C0006;CT001;1244;2029-08-09 00:00:00;2029-08-14 00:00:00;2029-06-09 00:00:00;2029-06-14 00:00:00
2029-06-07 00:00:00;SO498692;C0015;AL001;462;2029-07-19 00:00:00;2029-07-20 00:00:00;2029-06-11 00:00:00;2029-06-12 00:00:00
2029-06-07 00:00:00;SO498692;C0015;AS003;507;2029-07-19 00:00:00;2029-07-27 00:00:00;2029-06-11 00:00:00;2029-06-19 00:00:00
2029-06-07 00:00:00;SO697955;C0018;CS002;1152;2029-08-09 00:00:00;2029-08-07 00:00:00;2029-06-11 00:00:00;2029-06-09 00:00:00
2029-06-07 00:00:00;SO697955;C0018;CT003;954;2029-08-09 00:00:00;2029-08-15 00:00:00;2029-06-11 00:00:00;2029-06-17 00:00:00
2029-06-08 00:00:00;SO930592;C0029;CL002;416;2029-08-03 00:00:00;2029-08-01 00:00:00;2029-06-16 00:00:00;2029-06-14 00:00:00
2029-06-08 00:00:00;SO323477;C0008;AS002;855;2029-08-03 00:00:00;2029-07-27 00:00:00;2029-06-11 00:00:00;2029-06-04 00:00:00
2029-06-08 00:00:00;SO691427;C0023;AS003;405;2029-07-13 00:00:00;2029-07-15 00:00:00;2029-06-12 00:00:00;2029-06-14 00:00:00
2029-06-08 00:00:00;SO866461;C0005;CL002;470;2029-08-03 00:00:00;2029-07-28 00:00:00;2029-06-10 00:00:00;2029-06-04 00:00:00
2029-06-08 00:00:00;SO691427;C0023;VS002;945;2029-07-13 00:00:00;2029-07-10 00:00:00;2029-06-12 00:00:00;2029-06-09 00:00:00
2029-06-08 00:00:00;SO691427;C0023;CT002;1110;2029-07-13 00:00:00;2029-07-18 00:00:00;2029-06-12 00:00:00;2029-06-17 00:00:00
2029-06-08 00:00:00;SO930592;C0029;AS002;744;2029-08-03 00:00:00;2029-07-27 00:00:00;2029-06-16 00:00:00;2029-06-09 00:00:00
2029-06-08 00:00:00;SO866461;C0005;CS002;966;2029-08-03 00:00:00;2029-07-26 00:00:00;2029-06-10 00:00:00;2029-06-02 00:00:00
2029-06-08 00:00:00;SO930592;C0029;AS003;853;2029-08-03 00:00:00;2029-08-01 00:00:00;2029-06-16 00:00:00;2029-06-14 00:00:00
2029-06-08 00:00:00;SO866461;C0005;CS004;421;2029-08-03 00:00:00;2029-07-27 00:00:00;2029-06-10 00:00:00;2029-06-03 00:00:00
2029-06-08 00:00:00;SO866461;C0005;VS001;914;2029-08-03 00:00:00;2029-08-01 00:00:00;2029-06-10 00:00:00;2029-06-08 00:00:00
2029-06-08 00:00:00;SO930592;C0029;AL001;949;2029-08-03 00:00:00;2029-07-26 00:00:00;2029-06-16 00:00:00;2029-06-08 00:00:00
2029-06-08 00:00:00;SO866461;C0005;CS003;1090;2029-08-03 00:00:00;2029-08-12 00:00:00;2029-06-10 00:00:00;2029-06-19 00:00:00
2029-06-08 00:00:00;SO323477;C0008;AT001;602;2029-08-03 00:00:00;2029-07-27 00:00:00;2029-06-11 00:00:00;2029-06-04 00:00:00
2029-06-08 00:00:00;SO691427;C0023;AS001;930;2029-07-13 00:00:00;2029-07-05 00:00:00;2029-06-12 00:00:00;2029-06-04 00:00:00
2029-06-11 00:00:00;SO204309;C0016;AL002;634;2029-06-25 00:00:00;2029-06-18 00:00:00;2029-06-15 00:00:00;2029-06-08 00:00:00
2029-06-11 00:00:00;SO592068;C0014;VS001;668;2029-07-16 00:00:00;2029-07-14 00:00:00;2029-06-15 00:00:00;2029-06-13 00:00:00
2029-06-11 00:00:00;SO592068;C0014;AS005;793;2029-07-16 00:00:00;2029-07-15 00:00:00;2029-06-15 00:00:00;2029-06-14 00:00:00
2029-06-11 00:00:00;SO592068;C0014;CS004;833;2029-07-16 00:00:00;2029-07-15 00:00:00;2029-06-15 00:00:00;2029-06-14 00:00:00
2029-06-11 00:00:00;SO592068;C0014;AL001;861;2029-07-16 00:00:00;2029-07-11 00:00:00;2029-06-15 00:00:00;2029-06-10 00:00:00
2029-06-11 00:00:00;SO592068;C0014;CL002;882;2029-07-16 00:00:00;2029-07-09 00:00:00;2029-06-15 00:00:00;2029-06-08 00:00:00
2029-06-11 00:00:00;SO204309;C0016;VS002;1299;2029-06-25 00:00:00;2029-06-15 00:00:00;2029-06-15 00:00:00;2029-06-05 00:00:00
2029-06-11 00:00:00;SO592068;C0014;CT002;413;2029-07-16 00:00:00;2029-07-20 00:00:00;2029-06-15 00:00:00;2029-06-19 00:00:00
2029-06-11 00:00:00;SO204309;C0016;CS002;946;2029-06-25 00:00:00;2029-06-16 00:00:00;2029-06-15 00:00:00;2029-06-06 00:00:00
2029-06-11 00:00:00;SO592068;C0014;VS004;820;2029-07-16 00:00:00;2029-07-19 00:00:00;2029-06-15 00:00:00;2029-06-18 00:00:00
2029-06-11 00:00:00;SO592068;C0014;AS003;550;2029-07-16 00:00:00;2029-07-16 00:00:00;2029-06-15 00:00:00;2029-06-15 00:00:00
2029-06-11 00:00:00;SO204309;C0016;AL001;1265;2029-06-25 00:00:00;2029-07-03 00:00:00;2029-06-15 00:00:00;2029-06-23 00:00:00
2029-06-11 00:00:00;SO592068;C0014;AT001;440;2029-07-16 00:00:00;2029-07-22 00:00:00;2029-06-15 00:00:00;2029-06-21 00:00:00
2029-06-11 00:00:00;SO592068;C0014;CS002;814;2029-07-16 00:00:00;2029-07-09 00:00:00;2029-06-15 00:00:00;2029-06-08 00:00:00
2029-06-11 00:00:00;SO592068;C0014;AT002;1032;2029-07-16 00:00:00;2029-07-21 00:00:00;2029-06-15 00:00:00;2029-06-20 00:00:00
2029-06-11 00:00:00;SO204309;C0016;VS003;1190;2029-06-25 00:00:00;2029-06-22 00:00:00;2029-06-15 00:00:00;2029-06-12 00:00:00
2029-06-12 00:00:00;SO874380;C0003;VS001;615;2029-07-24 00:00:00;2029-07-17 00:00:00;2029-06-14 00:00:00;2029-06-07 00:00:00
2029-06-12 00:00:00;SO808396;C0022;AS001;1213;2029-07-24 00:00:00;2029-07-16 00:00:00;2029-06-16 00:00:00;2029-06-08 00:00:00
2029-06-12 00:00:00;SO874380;C0003;CS001;476;2029-07-24 00:00:00;2029-07-29 00:00:00;2029-06-14 00:00:00;2029-06-19 00:00:00
2029-06-12 00:00:00;SO874380;C0003;AS002;1349;2029-07-24 00:00:00;2029-07-22 00:00:00;2029-06-14 00:00:00;2029-06-12 00:00:00
2029-06-12 00:00:00;SO808396;C0022;CL001;1184;2029-07-24 00:00:00;2029-07-23 00:00:00;2029-06-16 00:00:00;2029-06-15 00:00:00
2029-06-12 00:00:00;SO874380;C0003;VS003;1272;2029-07-24 00:00:00;2029-07-14 00:00:00;2029-06-14 00:00:00;2029-06-04 00:00:00
2029-06-12 00:00:00;SO808396;C0022;CT001;1155;2029-07-24 00:00:00;2029-07-27 00:00:00;2029-06-16 00:00:00;2029-06-19 00:00:00
2029-06-12 00:00:00;SO874380;C0003;CL001;981;2029-07-24 00:00:00;2029-07-15 00:00:00;2029-06-14 00:00:00;2029-06-05 00:00:00
2029-06-12 00:00:00;SO808396;C0022;CS002;855;2029-07-24 00:00:00;2029-07-15 00:00:00;2029-06-16 00:00:00;2029-06-07 00:00:00
2029-06-12 00:00:00;SO808396;C0022;CL002;381;2029-07-24 00:00:00;2029-07-30 00:00:00;2029-06-16 00:00:00;2029-06-22 00:00:00
2029-06-12 00:00:00;SO874380;C0003;AL001;883;2029-07-24 00:00:00;2029-07-25 00:00:00;2029-06-14 00:00:00;2029-06-15 00:00:00
2029-06-12 00:00:00;SO808396;C0022;VS001;1304;2029-07-24 00:00:00;2029-07-16 00:00:00;2029-06-16 00:00:00;2029-06-08 00:00:00
2029-06-12 00:00:00;SO874380;C0003;VS004;567;2029-07-24 00:00:00;2029-07-26 00:00:00;2029-06-14 00:00:00;2029-06-16 00:00:00
2029-06-12 00:00:00;SO808396;C0022;CT002;550;2029-07-24 00:00:00;2029-08-03 00:00:00;2029-06-16 00:00:00;2029-06-26 00:00:00
2029-06-12 00:00:00;SO808396;C0022;CS001;353;2029-07-24 00:00:00;2029-07-23 00:00:00;2029-06-16 00:00:00;2029-06-15 00:00:00
2029-06-12 00:00:00;SO874380;C0003;CS004;1211;2029-07-24 00:00:00;2029-07-24 00:00:00;2029-06-14 00:00:00;2029-06-14 00:00:00
2029-06-12 00:00:00;SO874380;C0003;AS005;1311;2029-07-24 00:00:00;2029-07-30 00:00:00;2029-06-14 00:00:00;2029-06-20 00:00:00
2029-06-12 00:00:00;SO808396;C0022;AT001;961;2029-07-24 00:00:00;2029-07-28 00:00:00;2029-06-16 00:00:00;2029-06-20 00:00:00
2029-06-12 00:00:00;SO808396;C0022;AS003;591;2029-07-24 00:00:00;2029-07-22 00:00:00;2029-06-16 00:00:00;2029-06-14 00:00:00
2029-06-12 00:00:00;SO808396;C0022;VS005;1190;2029-07-24 00:00:00;2029-08-01 00:00:00;2029-06-16 00:00:00;2029-06-24 00:00:00
2029-06-13 00:00:00;SO756765;C0025;AL001;507;2029-07-11 00:00:00;2029-07-16 00:00:00;2029-06-21 00:00:00;2029-06-26 00:00:00
2029-06-13 00:00:00;SO821140;C0029;VS004;1048;2029-08-08 00:00:00;2029-08-06 00:00:00;2029-06-21 00:00:00;2029-06-19 00:00:00
2029-06-13 00:00:00;SO756765;C0025;AL002;1108;2029-07-11 00:00:00;2029-07-05 00:00:00;2029-06-21 00:00:00;2029-06-15 00:00:00
2029-06-13 00:00:00;SO821140;C0029;CL001;685;2029-08-08 00:00:00;2029-08-14 00:00:00;2029-06-21 00:00:00;2029-06-27 00:00:00
2029-06-13 00:00:00;SO756765;C0025;CL001;662;2029-07-11 00:00:00;2029-07-19 00:00:00;2029-06-21 00:00:00;2029-06-29 00:00:00
2029-06-13 00:00:00;SO821140;C0029;VS005;871;2029-08-08 00:00:00;2029-08-14 00:00:00;2029-06-21 00:00:00;2029-06-27 00:00:00
2029-06-13 00:00:00;SO821140;C0029;CL002;534;2029-08-08 00:00:00;2029-07-31 00:00:00;2029-06-21 00:00:00;2029-06-13 00:00:00
2029-06-13 00:00:00;SO821140;C0029;AS003;1110;2029-08-08 00:00:00;2029-08-05 00:00:00;2029-06-21 00:00:00;2029-06-18 00:00:00
2029-06-13 00:00:00;SO756765;C0025;VS005;419;2029-07-11 00:00:00;2029-07-21 00:00:00;2029-06-21 00:00:00;2029-07-01 00:00:00
2029-06-13 00:00:00;SO821140;C0029;VS002;567;2029-08-08 00:00:00;2029-08-18 00:00:00;2029-06-21 00:00:00;2029-07-01 00:00:00
2029-06-13 00:00:00;SO756765;C0025;VS003;1136;2029-07-11 00:00:00;2029-07-17 00:00:00;2029-06-21 00:00:00;2029-06-27 00:00:00
2029-06-13 00:00:00;SO821140;C0029;AT001;1116;2029-08-08 00:00:00;2029-08-11 00:00:00;2029-06-21 00:00:00;2029-06-24 00:00:00
2029-06-13 00:00:00;SO821140;C0029;CS002;501;2029-08-08 00:00:00;2029-08-08 00:00:00;2029-06-21 00:00:00;2029-06-21 00:00:00
2029-06-13 00:00:00;SO821140;C0029;CT001;813;2029-08-08 00:00:00;2029-08-12 00:00:00;2029-06-21 00:00:00;2029-06-25 00:00:00
2029-06-13 00:00:00;SO756765;C0025;CS001;1248;2029-07-11 00:00:00;2029-07-17 00:00:00;2029-06-21 00:00:00;2029-06-27 00:00:00
2029-06-13 00:00:00;SO821140;C0029;AL002;1089;2029-08-08 00:00:00;2029-08-11 00:00:00;2029-06-21 00:00:00;2029-06-24 00:00:00
2029-06-14 00:00:00;SO382273;C0026;VS005;1396;2029-07-19 00:00:00;2029-07-17 00:00:00;2029-06-22 00:00:00;2029-06-20 00:00:00
2029-06-14 00:00:00;SO421565;C0009;CT003;1022;2029-06-28 00:00:00;2029-07-04 00:00:00;2029-06-17 00:00:00;2029-06-23 00:00:00
2029-06-14 00:00:00;SO821906;C0028;AS003;1063;2029-06-28 00:00:00;2029-07-04 00:00:00;2029-06-22 00:00:00;2029-06-28 00:00:00
2029-06-14 00:00:00;SO577534;C0022;CT003;865;2029-07-26 00:00:00;2029-07-16 00:00:00;2029-06-18 00:00:00;2029-06-08 00:00:00
2029-06-14 00:00:00;SO421565;C0009;AS001;992;2029-06-28 00:00:00;2029-07-02 00:00:00;2029-06-17 00:00:00;2029-06-21 00:00:00
2029-06-14 00:00:00;SO821906;C0028;VS003;503;2029-06-28 00:00:00;2029-06-19 00:00:00;2029-06-22 00:00:00;2029-06-13 00:00:00
2029-06-14 00:00:00;SO382273;C0026;AL001;427;2029-07-19 00:00:00;2029-07-26 00:00:00;2029-06-22 00:00:00;2029-06-29 00:00:00
2029-06-14 00:00:00;SO821906;C0028;CL001;509;2029-06-28 00:00:00;2029-06-22 00:00:00;2029-06-22 00:00:00;2029-06-16 00:00:00
2029-06-14 00:00:00;SO821906;C0028;CT001;934;2029-06-28 00:00:00;2029-06-26 00:00:00;2029-06-22 00:00:00;2029-06-20 00:00:00
2029-06-14 00:00:00;SO421565;C0009;VS002;1272;2029-06-28 00:00:00;2029-07-07 00:00:00;2029-06-17 00:00:00;2029-06-26 00:00:00
2029-06-14 00:00:00;SO421565;C0009;CL002;810;2029-06-28 00:00:00;2029-07-08 00:00:00;2029-06-17 00:00:00;2029-06-27 00:00:00
2029-06-14 00:00:00;SO382273;C0026;AS002;353;2029-07-19 00:00:00;2029-07-14 00:00:00;2029-06-22 00:00:00;2029-06-17 00:00:00
2029-06-15 00:00:00;SO590346;C0022;CT002;642;2029-07-27 00:00:00;2029-07-27 00:00:00;2029-06-19 00:00:00;2029-06-19 00:00:00
2029-06-15 00:00:00;SO969131;C0016;AS002;542;2029-06-29 00:00:00;2029-06-25 00:00:00;2029-06-19 00:00:00;2029-06-15 00:00:00
2029-06-15 00:00:00;SO888030;C0018;CS002;367;2029-08-17 00:00:00;2029-08-19 00:00:00;2029-06-19 00:00:00;2029-06-21 00:00:00
2029-06-15 00:00:00;SO969131;C0016;CS004;658;2029-06-29 00:00:00;2029-06-30 00:00:00;2029-06-19 00:00:00;2029-06-20 00:00:00
2029-06-15 00:00:00;SO888030;C0018;AT001;421;2029-08-17 00:00:00;2029-08-23 00:00:00;2029-06-19 00:00:00;2029-06-25 00:00:00
2029-06-15 00:00:00;SO888030;C0018;CS004;773;2029-08-17 00:00:00;2029-08-25 00:00:00;2029-06-19 00:00:00;2029-06-27 00:00:00
2029-06-15 00:00:00;SO969131;C0016;VS003;1046;2029-06-29 00:00:00;2029-07-05 00:00:00;2029-06-19 00:00:00;2029-06-25 00:00:00
2029-06-15 00:00:00;SO888030;C0018;AS001;1016;2029-08-17 00:00:00;2029-08-11 00:00:00;2029-06-19 00:00:00;2029-06-13 00:00:00
2029-06-15 00:00:00;SO590346;C0022;CT003;564;2029-07-27 00:00:00;2029-08-04 00:00:00;2029-06-19 00:00:00;2029-06-27 00:00:00
2029-06-15 00:00:00;SO969131;C0016;CL001;1237;2029-06-29 00:00:00;2029-06-28 00:00:00;2029-06-19 00:00:00;2029-06-18 00:00:00
2029-06-15 00:00:00;SO590346;C0022;CT001;358;2029-07-27 00:00:00;2029-08-03 00:00:00;2029-06-19 00:00:00;2029-06-26 00:00:00
2029-06-15 00:00:00;SO590346;C0022;AS005;941;2029-07-27 00:00:00;2029-07-24 00:00:00;2029-06-19 00:00:00;2029-06-16 00:00:00
2029-06-15 00:00:00;SO888030;C0018;CT002;929;2029-08-17 00:00:00;2029-08-12 00:00:00;2029-06-19 00:00:00;2029-06-14 00:00:00
2029-06-15 00:00:00;SO590346;C0022;AL002;1058;2029-07-27 00:00:00;2029-07-20 00:00:00;2029-06-19 00:00:00;2029-06-12 00:00:00
2029-06-15 00:00:00;SO590346;C0022;CL001;895;2029-07-27 00:00:00;2029-07-27 00:00:00;2029-06-19 00:00:00;2029-06-19 00:00:00
2029-06-15 00:00:00;SO590346;C0022;CS002;1030;2029-07-27 00:00:00;2029-07-23 00:00:00;2029-06-19 00:00:00;2029-06-15 00:00:00
2029-06-15 00:00:00;SO969131;C0016;CT003;721;2029-06-29 00:00:00;2029-06-29 00:00:00;2029-06-19 00:00:00;2029-06-19 00:00:00
2029-06-15 00:00:00;SO590346;C0022;AS001;685;2029-07-27 00:00:00;2029-07-29 00:00:00;2029-06-19 00:00:00;2029-06-21 00:00:00
2029-06-15 00:00:00;SO590346;C0022;AS002;1035;2029-07-27 00:00:00;2029-08-06 00:00:00;2029-06-19 00:00:00;2029-06-29 00:00:00
2029-06-15 00:00:00;SO969131;C0016;VS002;864;2029-06-29 00:00:00;2029-06-21 00:00:00;2029-06-19 00:00:00;2029-06-11 00:00:00
2029-06-18 00:00:00;SO798623;C0009;CS003;447;2029-07-02 00:00:00;2029-06-30 00:00:00;2029-06-21 00:00:00;2029-06-19 00:00:00
2029-06-18 00:00:00;SO286551;C0007;AS001;799;2029-08-20 00:00:00;2029-08-17 00:00:00;2029-06-21 00:00:00;2029-06-18 00:00:00
2029-06-18 00:00:00;SO883148;C0025;AS001;599;2029-07-16 00:00:00;2029-07-13 00:00:00;2029-06-26 00:00:00;2029-06-23 00:00:00
2029-06-18 00:00:00;SO798623;C0009;AL002;1199;2029-07-02 00:00:00;2029-07-02 00:00:00;2029-06-21 00:00:00;2029-06-21 00:00:00
2029-06-18 00:00:00;SO286551;C0007;CL001;1031;2029-08-20 00:00:00;2029-08-30 00:00:00;2029-06-21 00:00:00;2029-07-01 00:00:00
2029-06-18 00:00:00;SO798623;C0009;VS005;860;2029-07-02 00:00:00;2029-07-10 00:00:00;2029-06-21 00:00:00;2029-06-29 00:00:00
2029-06-18 00:00:00;SO798623;C0009;CL002;798;2029-07-02 00:00:00;2029-06-29 00:00:00;2029-06-21 00:00:00;2029-06-18 00:00:00
2029-06-18 00:00:00;SO883148;C0025;CL001;1304;2029-07-16 00:00:00;2029-07-12 00:00:00;2029-06-26 00:00:00;2029-06-22 00:00:00
2029-06-18 00:00:00;SO798623;C0009;CT001;814;2029-07-02 00:00:00;2029-07-04 00:00:00;2029-06-21 00:00:00;2029-06-23 00:00:00
2029-06-18 00:00:00;SO286551;C0007;CT001;676;2029-08-20 00:00:00;2029-08-26 00:00:00;2029-06-21 00:00:00;2029-06-27 00:00:00
2029-06-18 00:00:00;SO286551;C0007;AL002;845;2029-08-20 00:00:00;2029-08-16 00:00:00;2029-06-21 00:00:00;2029-06-17 00:00:00
2029-06-18 00:00:00;SO798623;C0009;AS005;1017;2029-07-02 00:00:00;2029-07-10 00:00:00;2029-06-21 00:00:00;2029-06-29 00:00:00
2029-06-18 00:00:00;SO798623;C0009;CS002;371;2029-07-02 00:00:00;2029-07-10 00:00:00;2029-06-21 00:00:00;2029-06-29 00:00:00
2029-06-18 00:00:00;SO883148;C0025;VS002;448;2029-07-16 00:00:00;2029-07-10 00:00:00;2029-06-26 00:00:00;2029-06-20 00:00:00
2029-06-18 00:00:00;SO798623;C0009;AS002;939;2029-07-02 00:00:00;2029-07-07 00:00:00;2029-06-21 00:00:00;2029-06-26 00:00:00
2029-06-19 00:00:00;SO352770;C0024;CL001;1079;2029-07-17 00:00:00;2029-07-13 00:00:00;2029-06-23 00:00:00;2029-06-19 00:00:00
2029-06-19 00:00:00;SO280491;C0007;AS003;1038;2029-08-21 00:00:00;2029-08-19 00:00:00;2029-06-22 00:00:00;2029-06-20 00:00:00
2029-06-19 00:00:00;SO369731;C0005;CL002;717;2029-08-14 00:00:00;2029-08-13 00:00:00;2029-06-21 00:00:00;2029-06-20 00:00:00
2029-06-19 00:00:00;SO369731;C0005;VS002;550;2029-08-14 00:00:00;2029-08-24 00:00:00;2029-06-21 00:00:00;2029-07-01 00:00:00
2029-06-19 00:00:00;SO352770;C0024;AT001;440;2029-07-17 00:00:00;2029-07-14 00:00:00;2029-06-23 00:00:00;2029-06-20 00:00:00
2029-06-19 00:00:00;SO280491;C0007;CS003;1180;2029-08-21 00:00:00;2029-08-11 00:00:00;2029-06-22 00:00:00;2029-06-12 00:00:00
2029-06-19 00:00:00;SO352770;C0024;VS001;934;2029-07-17 00:00:00;2029-07-15 00:00:00;2029-06-23 00:00:00;2029-06-21 00:00:00
2029-06-19 00:00:00;SO352770;C0024;CS002;1149;2029-07-17 00:00:00;2029-07-25 00:00:00;2029-06-23 00:00:00;2029-07-01 00:00:00
2029-06-19 00:00:00;SO369731;C0005;CS003;421;2029-08-14 00:00:00;2029-08-23 00:00:00;2029-06-21 00:00:00;2029-06-30 00:00:00
2029-06-19 00:00:00;SO280491;C0007;VS002;992;2029-08-21 00:00:00;2029-08-20 00:00:00;2029-06-22 00:00:00;2029-06-21 00:00:00
2029-06-19 00:00:00;SO369731;C0005;CT002;1178;2029-08-14 00:00:00;2029-08-14 00:00:00;2029-06-21 00:00:00;2029-06-21 00:00:00
2029-06-19 00:00:00;SO369731;C0005;VS001;1268;2029-08-14 00:00:00;2029-08-12 00:00:00;2029-06-21 00:00:00;2029-06-19 00:00:00
2029-06-19 00:00:00;SO352770;C0024;VS002;821;2029-07-17 00:00:00;2029-07-23 00:00:00;2029-06-23 00:00:00;2029-06-29 00:00:00
2029-06-19 00:00:00;SO280491;C0007;CL002;389;2029-08-21 00:00:00;2029-08-16 00:00:00;2029-06-22 00:00:00;2029-06-17 00:00:00
2029-06-19 00:00:00;SO280491;C0007;AS001;964;2029-08-21 00:00:00;2029-08-13 00:00:00;2029-06-22 00:00:00;2029-06-14 00:00:00
2029-06-19 00:00:00;SO369731;C0005;CL001;285;2029-08-14 00:00:00;2029-08-17 00:00:00;2029-06-21 00:00:00;2029-06-24 00:00:00
2029-06-19 00:00:00;SO280491;C0007;VS005;903;2029-08-21 00:00:00;2029-08-19 00:00:00;2029-06-22 00:00:00;2029-06-20 00:00:00
2029-06-20 00:00:00;SO926267;C0022;CS001;798;2029-08-01 00:00:00;2029-07-25 00:00:00;2029-06-24 00:00:00;2029-06-17 00:00:00
2029-06-20 00:00:00;SO629266;C0008;CS003;635;2029-08-15 00:00:00;2029-08-15 00:00:00;2029-06-23 00:00:00;2029-06-23 00:00:00
2029-06-20 00:00:00;SO673661;C0020;VS001;1160;2029-08-15 00:00:00;2029-08-22 00:00:00;2029-06-24 00:00:00;2029-07-01 00:00:00
2029-06-20 00:00:00;SO926267;C0022;VS002;634;2029-08-01 00:00:00;2029-08-09 00:00:00;2029-06-24 00:00:00;2029-07-02 00:00:00
2029-06-20 00:00:00;SO673661;C0020;CT002;686;2029-08-15 00:00:00;2029-08-24 00:00:00;2029-06-24 00:00:00;2029-07-03 00:00:00
2029-06-20 00:00:00;SO673661;C0020;VS004;1194;2029-08-15 00:00:00;2029-08-11 00:00:00;2029-06-24 00:00:00;2029-06-20 00:00:00
2029-06-20 00:00:00;SO673661;C0020;CS002;1439;2029-08-15 00:00:00;2029-08-23 00:00:00;2029-06-24 00:00:00;2029-07-02 00:00:00
2029-06-20 00:00:00;SO673661;C0020;VS002;1163;2029-08-15 00:00:00;2029-08-12 00:00:00;2029-06-24 00:00:00;2029-06-21 00:00:00
2029-06-20 00:00:00;SO673661;C0020;AS001;946;2029-08-15 00:00:00;2029-08-23 00:00:00;2029-06-24 00:00:00;2029-07-02 00:00:00
2029-06-20 00:00:00;SO673661;C0020;VS005;467;2029-08-15 00:00:00;2029-08-17 00:00:00;2029-06-24 00:00:00;2029-06-26 00:00:00
2029-06-20 00:00:00;SO629266;C0008;VS005;1152;2029-08-15 00:00:00;2029-08-06 00:00:00;2029-06-23 00:00:00;2029-06-14 00:00:00
2029-06-20 00:00:00;SO673661;C0020;AT001;868;2029-08-15 00:00:00;2029-08-12 00:00:00;2029-06-24 00:00:00;2029-06-21 00:00:00
2029-06-20 00:00:00;SO926267;C0022;CL002;626;2029-08-01 00:00:00;2029-07-25 00:00:00;2029-06-24 00:00:00;2029-06-17 00:00:00
2029-06-20 00:00:00;SO673661;C0020;AS002;1152;2029-08-15 00:00:00;2029-08-19 00:00:00;2029-06-24 00:00:00;2029-06-28 00:00:00
2029-06-21 00:00:00;SO450741;C0026;CL002;711;2029-07-26 00:00:00;2029-08-02 00:00:00;2029-06-29 00:00:00;2029-07-06 00:00:00
2029-06-21 00:00:00;SO571965;C0012;CL001;627;2029-07-19 00:00:00;2029-07-15 00:00:00;2029-06-24 00:00:00;2029-06-20 00:00:00
2029-06-21 00:00:00;SO450741;C0026;CS001;910;2029-07-26 00:00:00;2029-08-03 00:00:00;2029-06-29 00:00:00;2029-07-07 00:00:00
2029-06-21 00:00:00;SO450741;C0026;VS005;689;2029-07-26 00:00:00;2029-07-23 00:00:00;2029-06-29 00:00:00;2029-06-26 00:00:00
2029-06-21 00:00:00;SO450741;C0026;VS002;1102;2029-07-26 00:00:00;2029-08-02 00:00:00;2029-06-29 00:00:00;2029-07-06 00:00:00
2029-06-21 00:00:00;SO571965;C0012;CS003;840;2029-07-19 00:00:00;2029-07-29 00:00:00;2029-06-24 00:00:00;2029-07-04 00:00:00
2029-06-21 00:00:00;SO450741;C0026;CT001;591;2029-07-26 00:00:00;2029-07-21 00:00:00;2029-06-29 00:00:00;2029-06-24 00:00:00
2029-06-21 00:00:00;SO450741;C0026;AL002;1152;2029-07-26 00:00:00;2029-08-04 00:00:00;2029-06-29 00:00:00;2029-07-08 00:00:00
2029-06-21 00:00:00;SO450741;C0026;CS002;467;2029-07-26 00:00:00;2029-07-30 00:00:00;2029-06-29 00:00:00;2029-07-03 00:00:00
2029-06-21 00:00:00;SO450741;C0026;AS003;316;2029-07-26 00:00:00;2029-07-29 00:00:00;2029-06-29 00:00:00;2029-07-02 00:00:00
2029-06-21 00:00:00;SO571965;C0012;VS004;1028;2029-07-19 00:00:00;2029-07-26 00:00:00;2029-06-24 00:00:00;2029-07-01 00:00:00
2029-06-21 00:00:00;SO450741;C0026;VS004;564;2029-07-26 00:00:00;2029-07-27 00:00:00;2029-06-29 00:00:00;2029-06-30 00:00:00
2029-06-21 00:00:00;SO571965;C0012;AL002;1057;2029-07-19 00:00:00;2029-07-24 00:00:00;2029-06-24 00:00:00;2029-06-29 00:00:00
2029-06-21 00:00:00;SO571965;C0012;AS002;549;2029-07-19 00:00:00;2029-07-19 00:00:00;2029-06-24 00:00:00;2029-06-24 00:00:00
2029-06-21 00:00:00;SO571965;C0012;CS004;1183;2029-07-19 00:00:00;2029-07-17 00:00:00;2029-06-24 00:00:00;2029-06-22 00:00:00
2029-06-21 00:00:00;SO450741;C0026;CS004;447;2029-07-26 00:00:00;2029-08-04 00:00:00;2029-06-29 00:00:00;2029-07-08 00:00:00
2029-06-21 00:00:00;SO571965;C0012;AT002;1237;2029-07-19 00:00:00;2029-07-26 00:00:00;2029-06-24 00:00:00;2029-07-01 00:00:00
2029-06-21 00:00:00;SO571965;C0012;CT001;627;2029-07-19 00:00:00;2029-07-13 00:00:00;2029-06-24 00:00:00;2029-06-18 00:00:00
2029-06-21 00:00:00;SO450741;C0026;VS003;1015;2029-07-26 00:00:00;2029-07-31 00:00:00;2029-06-29 00:00:00;2029-07-04 00:00:00
2029-06-22 00:00:00;SO968461;C0007;CL001;832;2029-08-24 00:00:00;2029-08-30 00:00:00;2029-06-25 00:00:00;2029-07-01 00:00:00
2029-06-22 00:00:00;SO593978;C0030;VS002;655;2029-08-24 00:00:00;2029-08-19 00:00:00;2029-06-30 00:00:00;2029-06-25 00:00:00
2029-06-22 00:00:00;SO968461;C0007;CT002;1168;2029-08-24 00:00:00;2029-08-22 00:00:00;2029-06-25 00:00:00;2029-06-23 00:00:00
2029-06-22 00:00:00;SO968461;C0007;AS005;520;2029-08-24 00:00:00;2029-08-18 00:00:00;2029-06-25 00:00:00;2029-06-19 00:00:00
2029-06-22 00:00:00;SO593978;C0030;CL001;1480;2029-08-24 00:00:00;2029-08-25 00:00:00;2029-06-30 00:00:00;2029-07-01 00:00:00
2029-06-22 00:00:00;SO593978;C0030;VS004;1160;2029-08-24 00:00:00;2029-08-18 00:00:00;2029-06-30 00:00:00;2029-06-24 00:00:00
2029-06-22 00:00:00;SO968461;C0007;AT002;774;2029-08-24 00:00:00;2029-08-26 00:00:00;2029-06-25 00:00:00;2029-06-27 00:00:00
2029-06-22 00:00:00;SO593978;C0030;CT003;1297;2029-08-24 00:00:00;2029-08-19 00:00:00;2029-06-30 00:00:00;2029-06-25 00:00:00
2029-06-22 00:00:00;SO968461;C0007;CT001;1070;2029-08-24 00:00:00;2029-08-25 00:00:00;2029-06-25 00:00:00;2029-06-26 00:00:00
2029-06-22 00:00:00;SO593978;C0030;AS002;1423;2029-08-24 00:00:00;2029-09-02 00:00:00;2029-06-30 00:00:00;2029-07-09 00:00:00
2029-06-22 00:00:00;SO593978;C0030;AL001;1419;2029-08-24 00:00:00;2029-08-31 00:00:00;2029-06-30 00:00:00;2029-07-07 00:00:00
2029-06-22 00:00:00;SO968461;C0007;AL002;1237;2029-08-24 00:00:00;2029-08-22 00:00:00;2029-06-25 00:00:00;2029-06-23 00:00:00
2029-06-22 00:00:00;SO968461;C0007;VS004;1225;2029-08-24 00:00:00;2029-08-25 00:00:00;2029-06-25 00:00:00;2029-06-26 00:00:00
2029-06-22 00:00:00;SO593978;C0030;AS001;930;2029-08-24 00:00:00;2029-08-14 00:00:00;2029-06-30 00:00:00;2029-06-20 00:00:00
2029-06-22 00:00:00;SO593978;C0030;CS002;472;2029-08-24 00:00:00;2029-08-25 00:00:00;2029-06-30 00:00:00;2029-07-01 00:00:00
2029-06-22 00:00:00;SO968461;C0007;CS003;1015;2029-08-24 00:00:00;2029-08-14 00:00:00;2029-06-25 00:00:00;2029-06-15 00:00:00
2029-06-22 00:00:00;SO593978;C0030;AT001;678;2029-08-24 00:00:00;2029-08-31 00:00:00;2029-06-30 00:00:00;2029-07-07 00:00:00
2029-06-22 00:00:00;SO593978;C0030;CS003;676;2029-08-24 00:00:00;2029-09-02 00:00:00;2029-06-30 00:00:00;2029-07-09 00:00:00
2029-06-22 00:00:00;SO593978;C0030;AT002;1086;2029-08-24 00:00:00;2029-08-24 00:00:00;2029-06-30 00:00:00;2029-06-30 00:00:00
2029-06-25 00:00:00;SO542151;C0029;VS003;899;2029-08-20 00:00:00;2029-08-29 00:00:00;2029-07-03 00:00:00;2029-07-12 00:00:00
2029-06-25 00:00:00;SO261920;C0019;VS003;995;2029-08-27 00:00:00;2029-09-04 00:00:00;2029-06-29 00:00:00;2029-07-07 00:00:00
2029-06-25 00:00:00;SO542151;C0029;CS001;830;2029-08-20 00:00:00;2029-08-14 00:00:00;2029-07-03 00:00:00;2029-06-27 00:00:00
2029-06-25 00:00:00;SO261920;C0019;CS001;973;2029-08-27 00:00:00;2029-09-05 00:00:00;2029-06-29 00:00:00;2029-07-08 00:00:00
2029-06-25 00:00:00;SO542151;C0029;CS003;533;2029-08-20 00:00:00;2029-08-19 00:00:00;2029-07-03 00:00:00;2029-07-02 00:00:00
2029-06-25 00:00:00;SO261920;C0019;AL001;460;2029-08-27 00:00:00;2029-08-18 00:00:00;2029-06-29 00:00:00;2029-06-20 00:00:00
2029-06-25 00:00:00;SO261920;C0019;CL002;591;2029-08-27 00:00:00;2029-08-26 00:00:00;2029-06-29 00:00:00;2029-06-28 00:00:00
2029-06-25 00:00:00;SO261920;C0019;AS005;759;2029-08-27 00:00:00;2029-09-03 00:00:00;2029-06-29 00:00:00;2029-07-06 00:00:00
2029-06-25 00:00:00;SO261920;C0019;CS003;1110;2029-08-27 00:00:00;2029-08-20 00:00:00;2029-06-29 00:00:00;2029-06-22 00:00:00
2029-06-25 00:00:00;SO261920;C0019;CL001;677;2029-08-27 00:00:00;2029-08-27 00:00:00;2029-06-29 00:00:00;2029-06-29 00:00:00
2029-06-25 00:00:00;SO261920;C0019;VS002;572;2029-08-27 00:00:00;2029-08-31 00:00:00;2029-06-29 00:00:00;2029-07-03 00:00:00
2029-06-25 00:00:00;SO261920;C0019;CT003;1192;2029-08-27 00:00:00;2029-08-30 00:00:00;2029-06-29 00:00:00;2029-07-02 00:00:00
2029-06-25 00:00:00;SO261920;C0019;VS001;743;2029-08-27 00:00:00;2029-08-21 00:00:00;2029-06-29 00:00:00;2029-06-23 00:00:00
2029-06-25 00:00:00;SO261920;C0019;CS002;914;2029-08-27 00:00:00;2029-08-25 00:00:00;2029-06-29 00:00:00;2029-06-27 00:00:00
2029-06-26 00:00:00;SO335909;C0003;CL002;445;2029-08-07 00:00:00;2029-08-10 00:00:00;2029-06-28 00:00:00;2029-07-01 00:00:00
2029-06-26 00:00:00;SO530607;C0017;CT001;431;2029-08-21 00:00:00;2029-08-16 00:00:00;2029-06-30 00:00:00;2029-06-25 00:00:00
2029-06-26 00:00:00;SO335909;C0003;CS004;966;2029-08-07 00:00:00;2029-08-11 00:00:00;2029-06-28 00:00:00;2029-07-02 00:00:00
2029-06-26 00:00:00;SO335909;C0003;CS003;638;2029-08-07 00:00:00;2029-07-28 00:00:00;2029-06-28 00:00:00;2029-06-18 00:00:00
2029-06-26 00:00:00;SO530607;C0017;CT003;1260;2029-08-21 00:00:00;2029-08-22 00:00:00;2029-06-30 00:00:00;2029-07-01 00:00:00
2029-06-26 00:00:00;SO335909;C0003;CL001;517;2029-08-07 00:00:00;2029-08-16 00:00:00;2029-06-28 00:00:00;2029-07-07 00:00:00
2029-06-26 00:00:00;SO335909;C0003;AS001;717;2029-08-07 00:00:00;2029-07-29 00:00:00;2029-06-28 00:00:00;2029-06-19 00:00:00
2029-06-26 00:00:00;SO530607;C0017;AL002;1028;2029-08-21 00:00:00;2029-08-28 00:00:00;2029-06-30 00:00:00;2029-07-07 00:00:00
2029-06-26 00:00:00;SO530607;C0017;CS004;520;2029-08-21 00:00:00;2029-08-19 00:00:00;2029-06-30 00:00:00;2029-06-28 00:00:00
2029-06-26 00:00:00;SO530607;C0017;VS005;501;2029-08-21 00:00:00;2029-08-12 00:00:00;2029-06-30 00:00:00;2029-06-21 00:00:00
2029-06-26 00:00:00;SO530607;C0017;CS002;770;2029-08-21 00:00:00;2029-08-11 00:00:00;2029-06-30 00:00:00;2029-06-20 00:00:00
2029-06-26 00:00:00;SO530607;C0017;AT001;744;2029-08-21 00:00:00;2029-08-27 00:00:00;2029-06-30 00:00:00;2029-07-06 00:00:00
2029-06-26 00:00:00;SO530607;C0017;AS003;1073;2029-08-21 00:00:00;2029-08-29 00:00:00;2029-06-30 00:00:00;2029-07-08 00:00:00
2029-06-26 00:00:00;SO530607;C0017;AS001;1040;2029-08-21 00:00:00;2029-08-19 00:00:00;2029-06-30 00:00:00;2029-06-28 00:00:00
2029-06-26 00:00:00;SO530607;C0017;CS001;1314;2029-08-21 00:00:00;2029-08-19 00:00:00;2029-06-30 00:00:00;2029-06-28 00:00:00
2029-06-26 00:00:00;SO530607;C0017;VS001;1190;2029-08-21 00:00:00;2029-08-11 00:00:00;2029-06-30 00:00:00;2029-06-20 00:00:00
2029-06-26 00:00:00;SO530607;C0017;AS002;1118;2029-08-21 00:00:00;2029-08-30 00:00:00;2029-06-30 00:00:00;2029-07-09 00:00:00
2029-06-27 00:00:00;SO895490;C0010;AS002;335;2029-08-08 00:00:00;2029-08-13 00:00:00;2029-06-30 00:00:00;2029-07-05 00:00:00
2029-06-27 00:00:00;SO584948;C0009;AT001;1141;2029-07-11 00:00:00;2029-07-08 00:00:00;2029-06-30 00:00:00;2029-06-27 00:00:00
2029-06-27 00:00:00;SO199958;C0028;AT002;1229;2029-07-11 00:00:00;2029-07-10 00:00:00;2029-07-05 00:00:00;2029-07-04 00:00:00
2029-06-27 00:00:00;SO943540;C0017;AS005;545;2029-08-22 00:00:00;2029-08-17 00:00:00;2029-07-01 00:00:00;2029-06-26 00:00:00
2029-06-27 00:00:00;SO943540;C0017;AS002;1159;2029-08-22 00:00:00;2029-08-16 00:00:00;2029-07-01 00:00:00;2029-06-25 00:00:00
2029-06-27 00:00:00;SO895490;C0010;CS004;592;2029-08-08 00:00:00;2029-07-29 00:00:00;2029-06-30 00:00:00;2029-06-20 00:00:00
2029-06-27 00:00:00;SO199958;C0028;VS003;1202;2029-07-11 00:00:00;2029-07-18 00:00:00;2029-07-05 00:00:00;2029-07-12 00:00:00
2029-06-27 00:00:00;SO895490;C0010;VS003;1199;2029-08-08 00:00:00;2029-08-16 00:00:00;2029-06-30 00:00:00;2029-07-08 00:00:00
2029-06-27 00:00:00;SO584948;C0009;AL001;1361;2029-07-11 00:00:00;2029-07-02 00:00:00;2029-06-30 00:00:00;2029-06-21 00:00:00
2029-06-27 00:00:00;SO943540;C0017;AS003;725;2029-08-22 00:00:00;2029-08-29 00:00:00;2029-07-01 00:00:00;2029-07-08 00:00:00
2029-06-27 00:00:00;SO199958;C0028;VS001;653;2029-07-11 00:00:00;2029-07-02 00:00:00;2029-07-05 00:00:00;2029-06-26 00:00:00
2029-06-27 00:00:00;SO199958;C0028;VS005;894;2029-07-11 00:00:00;2029-07-21 00:00:00;2029-07-05 00:00:00;2029-07-15 00:00:00
2029-06-27 00:00:00;SO943540;C0017;CL001;1171;2029-08-22 00:00:00;2029-08-18 00:00:00;2029-07-01 00:00:00;2029-06-27 00:00:00
2029-06-27 00:00:00;SO895490;C0010;CT003;1152;2029-08-08 00:00:00;2029-08-15 00:00:00;2029-06-30 00:00:00;2029-07-07 00:00:00
2029-06-27 00:00:00;SO199958;C0028;AL001;875;2029-07-11 00:00:00;2029-07-14 00:00:00;2029-07-05 00:00:00;2029-07-08 00:00:00
2029-06-27 00:00:00;SO895490;C0010;CS002;1319;2029-08-08 00:00:00;2029-08-11 00:00:00;2029-06-30 00:00:00;2029-07-03 00:00:00
2029-06-27 00:00:00;SO199958;C0028;AS003;1143;2029-07-11 00:00:00;2029-07-17 00:00:00;2029-07-05 00:00:00;2029-07-11 00:00:00
2029-06-27 00:00:00;SO895490;C0010;CL001;861;2029-08-08 00:00:00;2029-08-18 00:00:00;2029-06-30 00:00:00;2029-07-10 00:00:00
2029-06-27 00:00:00;SO584948;C0009;CS002;1260;2029-07-11 00:00:00;2029-07-03 00:00:00;2029-06-30 00:00:00;2029-06-22 00:00:00
2029-06-27 00:00:00;SO199958;C0028;CL002;763;2029-07-11 00:00:00;2029-07-16 00:00:00;2029-07-05 00:00:00;2029-07-10 00:00:00
2029-06-28 00:00:00;SO181717;C0019;CS002;896;2029-08-30 00:00:00;2029-09-03 00:00:00;2029-07-02 00:00:00;2029-07-06 00:00:00
2029-06-28 00:00:00;SO761195;C0012;VS001;834;2029-07-26 00:00:00;2029-07-20 00:00:00;2029-07-01 00:00:00;2029-06-25 00:00:00
2029-06-28 00:00:00;SO933238;C0008;AS001;1126;2029-08-23 00:00:00;2029-08-30 00:00:00;2029-07-01 00:00:00;2029-07-08 00:00:00
2029-06-28 00:00:00;SO761195;C0012;AL001;686;2029-07-26 00:00:00;2029-07-20 00:00:00;2029-07-01 00:00:00;2029-06-25 00:00:00
2029-06-28 00:00:00;SO933238;C0008;AS005;751;2029-08-23 00:00:00;2029-08-13 00:00:00;2029-07-01 00:00:00;2029-06-21 00:00:00
2029-06-28 00:00:00;SO933238;C0008;VS003;755;2029-08-23 00:00:00;2029-09-01 00:00:00;2029-07-01 00:00:00;2029-07-10 00:00:00
2029-06-28 00:00:00;SO933238;C0008;VS002;1240;2029-08-23 00:00:00;2029-08-31 00:00:00;2029-07-01 00:00:00;2029-07-09 00:00:00
2029-06-28 00:00:00;SO761195;C0012;VS005;1133;2029-07-26 00:00:00;2029-08-01 00:00:00;2029-07-01 00:00:00;2029-07-07 00:00:00
2029-06-28 00:00:00;SO181717;C0019;CT003;910;2029-08-30 00:00:00;2029-09-09 00:00:00;2029-07-02 00:00:00;2029-07-12 00:00:00
2029-06-28 00:00:00;SO933238;C0008;AS002;801;2029-08-23 00:00:00;2029-08-29 00:00:00;2029-07-01 00:00:00;2029-07-07 00:00:00
2029-06-28 00:00:00;SO761195;C0012;VS003;978;2029-07-26 00:00:00;2029-07-30 00:00:00;2029-07-01 00:00:00;2029-07-05 00:00:00
2029-06-28 00:00:00;SO933238;C0008;CL001;774;2029-08-23 00:00:00;2029-08-23 00:00:00;2029-07-01 00:00:00;2029-07-01 00:00:00
2029-06-28 00:00:00;SO933238;C0008;AL001;992;2029-08-23 00:00:00;2029-08-24 00:00:00;2029-07-01 00:00:00;2029-07-02 00:00:00
2029-06-28 00:00:00;SO761195;C0012;CT002;935;2029-07-26 00:00:00;2029-07-17 00:00:00;2029-07-01 00:00:00;2029-06-22 00:00:00
2029-06-28 00:00:00;SO933238;C0008;CS001;669;2029-08-23 00:00:00;2029-08-30 00:00:00;2029-07-01 00:00:00;2029-07-08 00:00:00
2029-06-28 00:00:00;SO181717;C0019;AS001;876;2029-08-30 00:00:00;2029-09-02 00:00:00;2029-07-02 00:00:00;2029-07-05 00:00:00
2029-06-28 00:00:00;SO761195;C0012;AL002;1175;2029-07-26 00:00:00;2029-07-27 00:00:00;2029-07-01 00:00:00;2029-07-02 00:00:00
2029-06-28 00:00:00;SO933238;C0008;AL002;553;2029-08-23 00:00:00;2029-08-15 00:00:00;2029-07-01 00:00:00;2029-06-23 00:00:00
2029-06-28 00:00:00;SO181717;C0019;VS004;342;2029-08-30 00:00:00;2029-08-25 00:00:00;2029-07-02 00:00:00;2029-06-27 00:00:00
2029-06-29 00:00:00;SO693621;C0002;CL001;600;2029-08-03 00:00:00;2029-08-09 00:00:00;2029-07-01 00:00:00;2029-07-07 00:00:00
2029-06-29 00:00:00;SO382546;C0028;AS003;432;2029-07-13 00:00:00;2029-07-13 00:00:00;2029-07-07 00:00:00;2029-07-07 00:00:00
2029-06-29 00:00:00;SO693621;C0002;CT001;867;2029-08-03 00:00:00;2029-07-29 00:00:00;2029-07-01 00:00:00;2029-06-26 00:00:00
2029-06-29 00:00:00;SO382546;C0028;VS002;550;2029-07-13 00:00:00;2029-07-12 00:00:00;2029-07-07 00:00:00;2029-07-06 00:00:00
2029-06-29 00:00:00;SO693621;C0002;VS004;616;2029-08-03 00:00:00;2029-07-27 00:00:00;2029-07-01 00:00:00;2029-06-24 00:00:00
2029-06-29 00:00:00;SO693621;C0002;CT003;894;2029-08-03 00:00:00;2029-07-24 00:00:00;2029-07-01 00:00:00;2029-06-21 00:00:00
2029-06-29 00:00:00;SO693621;C0002;AS002;1003;2029-08-03 00:00:00;2029-08-03 00:00:00;2029-07-01 00:00:00;2029-07-01 00:00:00
2029-06-29 00:00:00;SO382546;C0028;CL001;1195;2029-07-13 00:00:00;2029-07-04 00:00:00;2029-07-07 00:00:00;2029-06-28 00:00:00
2029-06-29 00:00:00;SO693621;C0002;AS003;444;2029-08-03 00:00:00;2029-08-07 00:00:00;2029-07-01 00:00:00;2029-07-05 00:00:00
2029-06-29 00:00:00;SO693621;C0002;AS001;647;2029-08-03 00:00:00;2029-08-11 00:00:00;2029-07-01 00:00:00;2029-07-09 00:00:00
2029-06-29 00:00:00;SO382546;C0028;CT001;704;2029-07-13 00:00:00;2029-07-05 00:00:00;2029-07-07 00:00:00;2029-06-29 00:00:00
2029-06-29 00:00:00;SO693621;C0002;AL001;1214;2029-08-03 00:00:00;2029-08-07 00:00:00;2029-07-01 00:00:00;2029-07-05 00:00:00
2029-07-02 00:00:00;SO847841;C0005;CS001;849;2029-08-27 00:00:00;2029-08-29 00:00:00;2029-07-04 00:00:00;2029-07-06 00:00:00
2029-07-02 00:00:00;SO501709;C0018;AS001;639;2029-09-03 00:00:00;2029-09-12 00:00:00;2029-07-06 00:00:00;2029-07-15 00:00:00
2029-07-02 00:00:00;SO9000048;C0029;CT001;922;2029-08-27 00:00:00;2029-08-24 00:00:00;2029-07-10 00:00:00;2029-07-07 00:00:00
2029-07-02 00:00:00;SO501709;C0018;AS005;771;2029-09-03 00:00:00;2029-09-06 00:00:00;2029-07-06 00:00:00;2029-07-09 00:00:00
2029-07-02 00:00:00;SO9000048;C0029;CL002;1059;2029-08-27 00:00:00;2029-09-01 00:00:00;2029-07-10 00:00:00;2029-07-15 00:00:00
2029-07-02 00:00:00;SO501709;C0018;CL002;859;2029-09-03 00:00:00;2029-09-01 00:00:00;2029-07-06 00:00:00;2029-07-04 00:00:00
2029-07-02 00:00:00;SO501709;C0018;CT001;748;2029-09-03 00:00:00;2029-09-04 00:00:00;2029-07-06 00:00:00;2029-07-07 00:00:00
2029-07-02 00:00:00;SO847841;C0005;CL002;655;2029-08-27 00:00:00;2029-08-23 00:00:00;2029-07-04 00:00:00;2029-06-30 00:00:00
2029-07-02 00:00:00;SO847841;C0005;CS002;931;2029-08-27 00:00:00;2029-08-29 00:00:00;2029-07-04 00:00:00;2029-07-06 00:00:00
2029-07-02 00:00:00;SO847841;C0005;AS005;921;2029-08-27 00:00:00;2029-08-21 00:00:00;2029-07-04 00:00:00;2029-06-28 00:00:00
2029-07-02 00:00:00;SO847841;C0005;VS002;486;2029-08-27 00:00:00;2029-08-30 00:00:00;2029-07-04 00:00:00;2029-07-07 00:00:00
2029-07-02 00:00:00;SO9000048;C0029;AS004;1012;2029-08-27 00:00:00;2029-09-03 00:00:00;2029-07-10 00:00:00;2029-07-17 00:00:00
2029-07-02 00:00:00;SO847841;C0005;CS004;1182;2029-08-27 00:00:00;2029-08-22 00:00:00;2029-07-04 00:00:00;2029-06-29 00:00:00
2029-07-02 00:00:00;SO501709;C0018;VS005;1188;2029-09-03 00:00:00;2029-08-24 00:00:00;2029-07-06 00:00:00;2029-06-26 00:00:00
2029-07-02 00:00:00;SO501709;C0018;AS004;1270;2029-09-03 00:00:00;2029-08-31 00:00:00;2029-07-06 00:00:00;2029-07-03 00:00:00
2029-07-02 00:00:00;SO501709;C0018;VS001;568;2029-09-03 00:00:00;2029-09-06 00:00:00;2029-07-06 00:00:00;2029-07-09 00:00:00
2029-07-02 00:00:00;SO9000048;C0029;CS002;752;2029-08-27 00:00:00;2029-08-29 00:00:00;2029-07-10 00:00:00;2029-07-12 00:00:00
2029-07-02 00:00:00;SO501709;C0018;VS002;513;2029-09-03 00:00:00;2029-09-06 00:00:00;2029-07-06 00:00:00;2029-07-09 00:00:00
2029-07-02 00:00:00;SO9000048;C0029;VS005;1170;2029-08-27 00:00:00;2029-08-21 00:00:00;2029-07-10 00:00:00;2029-07-04 00:00:00
2029-07-02 00:00:00;SO9000048;C0029;AT002;1149;2029-08-27 00:00:00;2029-09-06 00:00:00;2029-07-10 00:00:00;2029-07-20 00:00:00
2029-07-03 00:00:00;SO264558;C0029;VS004;1382;2029-08-28 00:00:00;2029-08-30 00:00:00;2029-07-11 00:00:00;2029-07-13 00:00:00
2029-07-03 00:00:00;SO200587;C0002;CS002;771;2029-08-07 00:00:00;2029-08-07 00:00:00;2029-07-05 00:00:00;2029-07-05 00:00:00
2029-07-03 00:00:00;SO200587;C0002;AS001;1151;2029-08-07 00:00:00;2029-08-16 00:00:00;2029-07-05 00:00:00;2029-07-14 00:00:00
2029-07-03 00:00:00;SO200587;C0002;VS002;607;2029-08-07 00:00:00;2029-08-15 00:00:00;2029-07-05 00:00:00;2029-07-13 00:00:00
2029-07-03 00:00:00;SO200587;C0002;VS004;884;2029-08-07 00:00:00;2029-08-15 00:00:00;2029-07-05 00:00:00;2029-07-13 00:00:00
2029-07-03 00:00:00;SO264558;C0029;AT002;817;2029-08-28 00:00:00;2029-08-31 00:00:00;2029-07-11 00:00:00;2029-07-14 00:00:00
2029-07-03 00:00:00;SO200587;C0002;CL002;622;2029-08-07 00:00:00;2029-08-04 00:00:00;2029-07-05 00:00:00;2029-07-02 00:00:00
2029-07-03 00:00:00;SO200587;C0002;VS005;941;2029-08-07 00:00:00;2029-08-12 00:00:00;2029-07-05 00:00:00;2029-07-10 00:00:00
2029-07-03 00:00:00;SO200587;C0002;CT001;1035;2029-08-07 00:00:00;2029-08-11 00:00:00;2029-07-05 00:00:00;2029-07-09 00:00:00
2029-07-03 00:00:00;SO264558;C0029;AS003;751;2029-08-28 00:00:00;2029-08-20 00:00:00;2029-07-11 00:00:00;2029-07-03 00:00:00
2029-07-03 00:00:00;SO200587;C0002;CS004;1300;2029-08-07 00:00:00;2029-08-13 00:00:00;2029-07-05 00:00:00;2029-07-11 00:00:00
2029-07-03 00:00:00;SO200587;C0002;VS001;758;2029-08-07 00:00:00;2029-08-16 00:00:00;2029-07-05 00:00:00;2029-07-14 00:00:00
2029-07-04 00:00:00;SO379392;C0025;AS004;1307;2029-08-01 00:00:00;2029-07-30 00:00:00;2029-07-12 00:00:00;2029-07-10 00:00:00
2029-07-04 00:00:00;SO455689;C0011;AS003;669;2029-08-08 00:00:00;2029-08-10 00:00:00;2029-07-07 00:00:00;2029-07-09 00:00:00
2029-07-04 00:00:00;SO817817;C0012;AS001;563;2029-08-01 00:00:00;2029-08-01 00:00:00;2029-07-07 00:00:00;2029-07-07 00:00:00
2029-07-04 00:00:00;SO589371;C0020;VS002;970;2029-08-29 00:00:00;2029-08-29 00:00:00;2029-07-08 00:00:00;2029-07-08 00:00:00
2029-07-04 00:00:00;SO589371;C0020;VS004;1262;2029-08-29 00:00:00;2029-08-30 00:00:00;2029-07-08 00:00:00;2029-07-09 00:00:00
2029-07-04 00:00:00;SO589371;C0020;AS004;645;2029-08-29 00:00:00;2029-08-21 00:00:00;2029-07-08 00:00:00;2029-06-30 00:00:00
2029-07-04 00:00:00;SO455689;C0011;AT002;529;2029-08-08 00:00:00;2029-08-09 00:00:00;2029-07-07 00:00:00;2029-07-08 00:00:00
2029-07-04 00:00:00;SO379392;C0025;VS004;923;2029-08-01 00:00:00;2029-07-28 00:00:00;2029-07-12 00:00:00;2029-07-08 00:00:00
2029-07-04 00:00:00;SO379392;C0025;CS001;957;2029-08-01 00:00:00;2029-07-30 00:00:00;2029-07-12 00:00:00;2029-07-10 00:00:00
2029-07-04 00:00:00;SO817817;C0012;AS005;610;2029-08-01 00:00:00;2029-08-04 00:00:00;2029-07-07 00:00:00;2029-07-10 00:00:00
2029-07-04 00:00:00;SO589371;C0020;VS001;742;2029-08-29 00:00:00;2029-09-02 00:00:00;2029-07-08 00:00:00;2029-07-12 00:00:00
2029-07-04 00:00:00;SO589371;C0020;AS005;1003;2029-08-29 00:00:00;2029-08-25 00:00:00;2029-07-08 00:00:00;2029-07-04 00:00:00
2029-07-04 00:00:00;SO817817;C0012;AS004;1248;2029-08-01 00:00:00;2029-08-02 00:00:00;2029-07-07 00:00:00;2029-07-08 00:00:00
2029-07-04 00:00:00;SO455689;C0011;CS002;845;2029-08-08 00:00:00;2029-08-04 00:00:00;2029-07-07 00:00:00;2029-07-03 00:00:00
2029-07-04 00:00:00;SO455689;C0011;VS002;939;2029-08-08 00:00:00;2029-08-08 00:00:00;2029-07-07 00:00:00;2029-07-07 00:00:00
2029-07-05 00:00:00;SO453843;C0007;VS005;727;2029-09-06 00:00:00;2029-09-07 00:00:00;2029-07-08 00:00:00;2029-07-09 00:00:00
2029-07-05 00:00:00;SO589406;C0024;AS005;1233;2029-08-02 00:00:00;2029-07-24 00:00:00;2029-07-09 00:00:00;2029-06-30 00:00:00
2029-07-05 00:00:00;SO964397;C0010;CS002;581;2029-08-16 00:00:00;2029-08-06 00:00:00;2029-07-08 00:00:00;2029-06-28 00:00:00
2029-07-05 00:00:00;SO636523;C0022;AS001;799;2029-08-16 00:00:00;2029-08-16 00:00:00;2029-07-09 00:00:00;2029-07-09 00:00:00
2029-07-05 00:00:00;SO589406;C0024;AS004;1463;2029-08-02 00:00:00;2029-08-03 00:00:00;2029-07-09 00:00:00;2029-07-10 00:00:00
2029-07-05 00:00:00;SO589406;C0024;VS004;1144;2029-08-02 00:00:00;2029-08-11 00:00:00;2029-07-09 00:00:00;2029-07-18 00:00:00
2029-07-05 00:00:00;SO589406;C0024;AT002;459;2029-08-02 00:00:00;2029-07-29 00:00:00;2029-07-09 00:00:00;2029-07-05 00:00:00
2029-07-05 00:00:00;SO589406;C0024;CT001;536;2029-08-02 00:00:00;2029-08-12 00:00:00;2029-07-09 00:00:00;2029-07-19 00:00:00
2029-07-05 00:00:00;SO964397;C0010;AS001;1250;2029-08-16 00:00:00;2029-08-17 00:00:00;2029-07-08 00:00:00;2029-07-09 00:00:00
2029-07-05 00:00:00;SO589406;C0024;CS001;600;2029-08-02 00:00:00;2029-07-26 00:00:00;2029-07-09 00:00:00;2029-07-02 00:00:00
2029-07-05 00:00:00;SO964397;C0010;VS002;1046;2029-08-16 00:00:00;2029-08-23 00:00:00;2029-07-08 00:00:00;2029-07-15 00:00:00
2029-07-05 00:00:00;SO453843;C0007;VS004;984;2029-09-06 00:00:00;2029-09-06 00:00:00;2029-07-08 00:00:00;2029-07-08 00:00:00
2029-07-06 00:00:00;SO846379;C0011;AS005;793;2029-08-10 00:00:00;2029-08-04 00:00:00;2029-07-09 00:00:00;2029-07-03 00:00:00
2029-07-06 00:00:00;SO340843;C0021;AT002;960;2029-07-20 00:00:00;2029-07-16 00:00:00;2029-07-10 00:00:00;2029-07-06 00:00:00
2029-07-06 00:00:00;SO918650;C0002;VS004;957;2029-08-10 00:00:00;2029-08-12 00:00:00;2029-07-08 00:00:00;2029-07-10 00:00:00
2029-07-06 00:00:00;SO340843;C0021;AS004;514;2029-07-20 00:00:00;2029-07-23 00:00:00;2029-07-10 00:00:00;2029-07-13 00:00:00
2029-07-06 00:00:00;SO918650;C0002;AS005;849;2029-08-10 00:00:00;2029-07-31 00:00:00;2029-07-08 00:00:00;2029-06-28 00:00:00
2029-07-06 00:00:00;SO918650;C0002;CT001;643;2029-08-10 00:00:00;2029-08-07 00:00:00;2029-07-08 00:00:00;2029-07-05 00:00:00
2029-07-06 00:00:00;SO846379;C0011;VS002;553;2029-08-10 00:00:00;2029-08-06 00:00:00;2029-07-09 00:00:00;2029-07-05 00:00:00
2029-07-06 00:00:00;SO340843;C0021;CS001;953;2029-07-20 00:00:00;2029-07-21 00:00:00;2029-07-10 00:00:00;2029-07-11 00:00:00
2029-07-06 00:00:00;SO918650;C0002;CS004;409;2029-08-10 00:00:00;2029-08-08 00:00:00;2029-07-08 00:00:00;2029-07-06 00:00:00
2029-07-06 00:00:00;SO918650;C0002;CS001;984;2029-08-10 00:00:00;2029-08-17 00:00:00;2029-07-08 00:00:00;2029-07-15 00:00:00
2029-07-06 00:00:00;SO918650;C0002;AS001;900;2029-08-10 00:00:00;2029-08-10 00:00:00;2029-07-08 00:00:00;2029-07-08 00:00:00
2029-07-06 00:00:00;SO918650;C0002;AT002;509;2029-08-10 00:00:00;2029-08-19 00:00:00;2029-07-08 00:00:00;2029-07-17 00:00:00
2029-07-06 00:00:00;SO846379;C0011;VS005;1315;2029-08-10 00:00:00;2029-08-06 00:00:00;2029-07-09 00:00:00;2029-07-05 00:00:00
2029-07-06 00:00:00;SO918650;C0002;VS001;1024;2029-08-10 00:00:00;2029-08-02 00:00:00;2029-07-08 00:00:00;2029-06-30 00:00:00
2029-07-06 00:00:00;SO918650;C0002;VS002;1155;2029-08-10 00:00:00;2029-08-16 00:00:00;2029-07-08 00:00:00;2029-07-14 00:00:00
2029-07-06 00:00:00;SO340843;C0021;CT001;799;2029-07-20 00:00:00;2029-07-19 00:00:00;2029-07-10 00:00:00;2029-07-09 00:00:00
2029-07-09 00:00:00;SO617326;C0028;VS002;728;2029-07-23 00:00:00;2029-07-18 00:00:00;2029-07-17 00:00:00;2029-07-12 00:00:00
2029-07-09 00:00:00;SO850829;C0009;VS001;982;2029-07-23 00:00:00;2029-07-25 00:00:00;2029-07-12 00:00:00;2029-07-14 00:00:00
2029-07-09 00:00:00;SO570334;C0015;AS001;708;2029-08-20 00:00:00;2029-08-17 00:00:00;2029-07-13 00:00:00;2029-07-10 00:00:00
2029-07-09 00:00:00;SO215237;C0027;AS004;541;2029-08-20 00:00:00;2029-08-30 00:00:00;2029-07-17 00:00:00;2029-07-27 00:00:00
2029-07-09 00:00:00;SO617326;C0028;CS001;882;2029-07-23 00:00:00;2029-07-15 00:00:00;2029-07-17 00:00:00;2029-07-09 00:00:00
2029-07-09 00:00:00;SO617326;C0028;CT001;848;2029-07-23 00:00:00;2029-07-21 00:00:00;2029-07-17 00:00:00;2029-07-15 00:00:00
2029-07-09 00:00:00;SO215237;C0027;CT001;1020;2029-08-20 00:00:00;2029-08-14 00:00:00;2029-07-17 00:00:00;2029-07-11 00:00:00
2029-07-09 00:00:00;SO215237;C0027;VS001;427;2029-08-20 00:00:00;2029-08-16 00:00:00;2029-07-17 00:00:00;2029-07-13 00:00:00
2029-07-09 00:00:00;SO570334;C0015;VS005;419;2029-08-20 00:00:00;2029-08-26 00:00:00;2029-07-13 00:00:00;2029-07-19 00:00:00
2029-07-09 00:00:00;SO617326;C0028;CS004;633;2029-07-23 00:00:00;2029-07-19 00:00:00;2029-07-17 00:00:00;2029-07-13 00:00:00
2029-07-09 00:00:00;SO617326;C0028;CS002;925;2029-07-23 00:00:00;2029-07-21 00:00:00;2029-07-17 00:00:00;2029-07-15 00:00:00
2029-07-09 00:00:00;SO617326;C0028;AS005;824;2029-07-23 00:00:00;2029-07-29 00:00:00;2029-07-17 00:00:00;2029-07-23 00:00:00
2029-07-09 00:00:00;SO617326;C0028;AS003;795;2029-07-23 00:00:00;2029-07-21 00:00:00;2029-07-17 00:00:00;2029-07-15 00:00:00
2029-07-09 00:00:00;SO215237;C0027;AT002;1070;2029-08-20 00:00:00;2029-08-18 00:00:00;2029-07-17 00:00:00;2029-07-15 00:00:00
2029-07-09 00:00:00;SO850829;C0009;CS004;703;2029-07-23 00:00:00;2029-07-23 00:00:00;2029-07-12 00:00:00;2029-07-12 00:00:00
2029-07-09 00:00:00;SO570334;C0015;CS004;1316;2029-08-20 00:00:00;2029-08-19 00:00:00;2029-07-13 00:00:00;2029-07-12 00:00:00
2029-07-09 00:00:00;SO850829;C0009;VS004;503;2029-07-23 00:00:00;2029-08-01 00:00:00;2029-07-12 00:00:00;2029-07-21 00:00:00
2029-07-09 00:00:00;SO215237;C0027;AS001;762;2029-08-20 00:00:00;2029-08-30 00:00:00;2029-07-17 00:00:00;2029-07-27 00:00:00
2029-07-09 00:00:00;SO215237;C0027;AS005;969;2029-08-20 00:00:00;2029-08-12 00:00:00;2029-07-17 00:00:00;2029-07-09 00:00:00
2029-07-10 00:00:00;SO709515;C0016;AS001;432;2029-07-24 00:00:00;2029-08-01 00:00:00;2029-07-14 00:00:00;2029-07-22 00:00:00
2029-07-10 00:00:00;SO412052;C0001;CL002;580;2029-08-07 00:00:00;2029-08-16 00:00:00;2029-07-12 00:00:00;2029-07-21 00:00:00
2029-07-10 00:00:00;SO880004;C0022;AS003;382;2029-08-21 00:00:00;2029-08-18 00:00:00;2029-07-14 00:00:00;2029-07-11 00:00:00
2029-07-10 00:00:00;SO412052;C0001;VS001;1390;2029-08-07 00:00:00;2029-07-30 00:00:00;2029-07-12 00:00:00;2029-07-04 00:00:00
2029-07-10 00:00:00;SO709515;C0016;VS001;478;2029-07-24 00:00:00;2029-07-16 00:00:00;2029-07-14 00:00:00;2029-07-06 00:00:00
2029-07-10 00:00:00;SO880004;C0022;VS004;330;2029-08-21 00:00:00;2029-08-30 00:00:00;2029-07-14 00:00:00;2029-07-23 00:00:00
2029-07-10 00:00:00;SO880004;C0022;AS004;925;2029-08-21 00:00:00;2029-08-23 00:00:00;2029-07-14 00:00:00;2029-07-16 00:00:00
2029-07-10 00:00:00;SO412052;C0001;AS003;584;2029-08-07 00:00:00;2029-08-14 00:00:00;2029-07-12 00:00:00;2029-07-19 00:00:00
2029-07-10 00:00:00;SO412052;C0001;VS004;1054;2029-08-07 00:00:00;2029-08-01 00:00:00;2029-07-12 00:00:00;2029-07-06 00:00:00
2029-07-10 00:00:00;SO880004;C0022;CS001;740;2029-08-21 00:00:00;2029-08-28 00:00:00;2029-07-14 00:00:00;2029-07-21 00:00:00
2029-07-10 00:00:00;SO709515;C0016;AS003;375;2029-07-24 00:00:00;2029-07-21 00:00:00;2029-07-14 00:00:00;2029-07-11 00:00:00
2029-07-10 00:00:00;SO880004;C0022;CT001;1397;2029-08-21 00:00:00;2029-08-24 00:00:00;2029-07-14 00:00:00;2029-07-17 00:00:00
2029-07-10 00:00:00;SO709515;C0016;VS004;595;2029-07-24 00:00:00;2029-08-01 00:00:00;2029-07-14 00:00:00;2029-07-22 00:00:00
2029-07-10 00:00:00;SO412052;C0001;AS004;801;2029-08-07 00:00:00;2029-08-11 00:00:00;2029-07-12 00:00:00;2029-07-16 00:00:00
2029-07-11 00:00:00;SO101789;C0005;VS005;911;2029-09-05 00:00:00;2029-08-30 00:00:00;2029-07-13 00:00:00;2029-07-07 00:00:00
2029-07-11 00:00:00;SO580355;C0025;AT002;1000;2029-08-08 00:00:00;2029-08-14 00:00:00;2029-07-19 00:00:00;2029-07-25 00:00:00
2029-07-11 00:00:00;SO843208;C0016;AS001;821;2029-07-25 00:00:00;2029-07-19 00:00:00;2029-07-15 00:00:00;2029-07-09 00:00:00
2029-07-11 00:00:00;SO726520;C0011;CL002;447;2029-08-15 00:00:00;2029-08-16 00:00:00;2029-07-14 00:00:00;2029-07-15 00:00:00
2029-07-11 00:00:00;SO580355;C0025;AS003;1330;2029-08-08 00:00:00;2029-07-30 00:00:00;2029-07-19 00:00:00;2029-07-10 00:00:00
2029-07-11 00:00:00;SO843208;C0016;AS003;958;2029-07-25 00:00:00;2029-07-25 00:00:00;2029-07-15 00:00:00;2029-07-15 00:00:00
2029-07-11 00:00:00;SO580355;C0025;CL002;1052;2029-08-08 00:00:00;2029-08-07 00:00:00;2029-07-19 00:00:00;2029-07-18 00:00:00
2029-07-11 00:00:00;SO580355;C0025;VS005;1133;2029-08-08 00:00:00;2029-08-04 00:00:00;2029-07-19 00:00:00;2029-07-15 00:00:00
2029-07-11 00:00:00;SO843208;C0016;VS001;763;2029-07-25 00:00:00;2029-07-22 00:00:00;2029-07-15 00:00:00;2029-07-12 00:00:00
2029-07-11 00:00:00;SO726520;C0011;VS001;445;2029-08-15 00:00:00;2029-08-23 00:00:00;2029-07-14 00:00:00;2029-07-22 00:00:00
2029-07-11 00:00:00;SO726520;C0011;AS004;1219;2029-08-15 00:00:00;2029-08-05 00:00:00;2029-07-14 00:00:00;2029-07-04 00:00:00
2029-07-11 00:00:00;SO101789;C0005;VS001;980;2029-09-05 00:00:00;2029-09-15 00:00:00;2029-07-13 00:00:00;2029-07-23 00:00:00
2029-07-11 00:00:00;SO726520;C0011;AT002;861;2029-08-15 00:00:00;2029-08-12 00:00:00;2029-07-14 00:00:00;2029-07-11 00:00:00
2029-07-11 00:00:00;SO843208;C0016;VS002;491;2029-07-25 00:00:00;2029-07-18 00:00:00;2029-07-15 00:00:00;2029-07-08 00:00:00
2029-07-11 00:00:00;SO580355;C0025;VS002;664;2029-08-08 00:00:00;2029-08-12 00:00:00;2029-07-19 00:00:00;2029-07-23 00:00:00
2029-07-11 00:00:00;SO726520;C0011;CT001;1340;2029-08-15 00:00:00;2029-08-18 00:00:00;2029-07-14 00:00:00;2029-07-17 00:00:00
2029-07-11 00:00:00;SO580355;C0025;VS001;1012;2029-08-08 00:00:00;2029-08-01 00:00:00;2029-07-19 00:00:00;2029-07-12 00:00:00
2029-07-11 00:00:00;SO843208;C0016;CL002;515;2029-07-25 00:00:00;2029-07-16 00:00:00;2029-07-15 00:00:00;2029-07-06 00:00:00
2029-07-11 00:00:00;SO843208;C0016;VS004;1048;2029-07-25 00:00:00;2029-07-16 00:00:00;2029-07-15 00:00:00;2029-07-06 00:00:00
2029-07-11 00:00:00;SO580355;C0025;VS004;413;2029-08-08 00:00:00;2029-08-11 00:00:00;2029-07-19 00:00:00;2029-07-22 00:00:00
2029-07-12 00:00:00;SO463586;C0026;CS004;476;2029-08-16 00:00:00;2029-08-08 00:00:00;2029-07-20 00:00:00;2029-07-12 00:00:00
2029-07-12 00:00:00;SO511519;C0009;AS001;478;2029-07-26 00:00:00;2029-08-05 00:00:00;2029-07-15 00:00:00;2029-07-25 00:00:00
2029-07-12 00:00:00;SO511519;C0009;CS001;466;2029-07-26 00:00:00;2029-07-30 00:00:00;2029-07-15 00:00:00;2029-07-19 00:00:00
2029-07-12 00:00:00;SO463586;C0026;VS005;1121;2029-08-16 00:00:00;2029-08-08 00:00:00;2029-07-20 00:00:00;2029-07-12 00:00:00
2029-07-12 00:00:00;SO463586;C0026;AS005;548;2029-08-16 00:00:00;2029-08-13 00:00:00;2029-07-20 00:00:00;2029-07-17 00:00:00
2029-07-12 00:00:00;SO511519;C0009;VS004;1061;2029-07-26 00:00:00;2029-08-02 00:00:00;2029-07-15 00:00:00;2029-07-22 00:00:00
2029-07-12 00:00:00;SO511519;C0009;VS005;1163;2029-07-26 00:00:00;2029-08-04 00:00:00;2029-07-15 00:00:00;2029-07-24 00:00:00
2029-07-12 00:00:00;SO463586;C0026;AT002;1013;2029-08-16 00:00:00;2029-08-23 00:00:00;2029-07-20 00:00:00;2029-07-27 00:00:00
2029-07-12 00:00:00;SO463586;C0026;CS001;653;2029-08-16 00:00:00;2029-08-15 00:00:00;2029-07-20 00:00:00;2029-07-19 00:00:00
2029-07-12 00:00:00;SO511519;C0009;CT001;594;2029-07-26 00:00:00;2029-08-05 00:00:00;2029-07-15 00:00:00;2029-07-25 00:00:00
2029-07-12 00:00:00;SO463586;C0026;AS004;1038;2029-08-16 00:00:00;2029-08-17 00:00:00;2029-07-20 00:00:00;2029-07-21 00:00:00
2029-07-12 00:00:00;SO511519;C0009;CS002;1199;2029-07-26 00:00:00;2029-07-24 00:00:00;2029-07-15 00:00:00;2029-07-13 00:00:00
2029-07-12 00:00:00;SO511519;C0009;CS004;1125;2029-07-26 00:00:00;2029-08-05 00:00:00;2029-07-15 00:00:00;2029-07-25 00:00:00
2029-07-12 00:00:00;SO511519;C0009;CL002;1384;2029-07-26 00:00:00;2029-08-03 00:00:00;2029-07-15 00:00:00;2029-07-23 00:00:00
2029-07-12 00:00:00;SO511519;C0009;AS005;646;2029-07-26 00:00:00;2029-07-24 00:00:00;2029-07-15 00:00:00;2029-07-13 00:00:00
2029-07-12 00:00:00;SO463586;C0026;AS001;873;2029-08-16 00:00:00;2029-08-15 00:00:00;2029-07-20 00:00:00;2029-07-19 00:00:00
2029-07-12 00:00:00;SO463586;C0026;CL002;587;2029-08-16 00:00:00;2029-08-07 00:00:00;2029-07-20 00:00:00;2029-07-11 00:00:00
2029-07-12 00:00:00;SO463586;C0026;VS004;686;2029-08-16 00:00:00;2029-08-10 00:00:00;2029-07-20 00:00:00;2029-07-14 00:00:00
2029-07-12 00:00:00;SO511519;C0009;AS004;538;2029-07-26 00:00:00;2029-07-31 00:00:00;2029-07-15 00:00:00;2029-07-20 00:00:00
2029-07-13 00:00:00;SO177850;C0016;AT002;1245;2029-07-27 00:00:00;2029-07-29 00:00:00;2029-07-17 00:00:00;2029-07-19 00:00:00
2029-07-13 00:00:00;SO358689;C0025;AS003;1471;2029-08-10 00:00:00;2029-08-14 00:00:00;2029-07-21 00:00:00;2029-07-25 00:00:00
2029-07-13 00:00:00;SO842834;C0007;CS004;502;2029-09-14 00:00:00;2029-09-07 00:00:00;2029-07-16 00:00:00;2029-07-09 00:00:00
2029-07-13 00:00:00;SO208903;C0011;AS005;851;2029-08-17 00:00:00;2029-08-13 00:00:00;2029-07-16 00:00:00;2029-07-12 00:00:00
2029-07-13 00:00:00;SO842834;C0007;VS001;716;2029-09-14 00:00:00;2029-09-13 00:00:00;2029-07-16 00:00:00;2029-07-15 00:00:00
2029-07-13 00:00:00;SO177850;C0016;CS002;760;2029-07-27 00:00:00;2029-08-03 00:00:00;2029-07-17 00:00:00;2029-07-24 00:00:00
2029-07-13 00:00:00;SO842834;C0007;CT001;571;2029-09-14 00:00:00;2029-09-10 00:00:00;2029-07-16 00:00:00;2029-07-12 00:00:00
2029-07-13 00:00:00;SO842834;C0007;VS004;720;2029-09-14 00:00:00;2029-09-08 00:00:00;2029-07-16 00:00:00;2029-07-10 00:00:00
2029-07-13 00:00:00;SO358689;C0025;VS002;529;2029-08-10 00:00:00;2029-08-11 00:00:00;2029-07-21 00:00:00;2029-07-22 00:00:00
2029-07-13 00:00:00;SO842834;C0007;VS005;1186;2029-09-14 00:00:00;2029-09-23 00:00:00;2029-07-16 00:00:00;2029-07-25 00:00:00
2029-07-13 00:00:00;SO177850;C0016;VS002;1036;2029-07-27 00:00:00;2029-07-27 00:00:00;2029-07-17 00:00:00;2029-07-17 00:00:00
2029-07-13 00:00:00;SO208903;C0011;CT001;428;2029-08-17 00:00:00;2029-08-12 00:00:00;2029-07-16 00:00:00;2029-07-11 00:00:00
2029-07-13 00:00:00;SO177850;C0016;AS004;1222;2029-07-27 00:00:00;2029-07-18 00:00:00;2029-07-17 00:00:00;2029-07-08 00:00:00
2029-07-13 00:00:00;SO177850;C0016;AS005;1252;2029-07-27 00:00:00;2029-08-05 00:00:00;2029-07-17 00:00:00;2029-07-26 00:00:00
2029-07-13 00:00:00;SO358689;C0025;VS001;293;2029-08-10 00:00:00;2029-08-05 00:00:00;2029-07-21 00:00:00;2029-07-16 00:00:00
2029-07-13 00:00:00;SO358689;C0025;CS002;999;2029-08-10 00:00:00;2029-08-03 00:00:00;2029-07-21 00:00:00;2029-07-14 00:00:00
2029-07-13 00:00:00;SO842834;C0007;CS001;629;2029-09-14 00:00:00;2029-09-04 00:00:00;2029-07-16 00:00:00;2029-07-06 00:00:00
2029-07-13 00:00:00;SO208903;C0011;VS002;995;2029-08-17 00:00:00;2029-08-11 00:00:00;2029-07-16 00:00:00;2029-07-10 00:00:00
2029-07-13 00:00:00;SO358689;C0025;CL002;738;2029-08-10 00:00:00;2029-08-03 00:00:00;2029-07-21 00:00:00;2029-07-14 00:00:00
2029-07-13 00:00:00;SO842834;C0007;VS002;1113;2029-09-14 00:00:00;2029-09-07 00:00:00;2029-07-16 00:00:00;2029-07-09 00:00:00
2029-07-16 00:00:00;SO634953;C0010;CS004;1240;2029-08-27 00:00:00;2029-08-26 00:00:00;2029-07-19 00:00:00;2029-07-18 00:00:00
2029-07-16 00:00:00;SO787444;C0022;CS004;569;2029-08-27 00:00:00;2029-08-20 00:00:00;2029-07-20 00:00:00;2029-07-13 00:00:00
2029-07-16 00:00:00;SO634953;C0010;CT001;806;2029-08-27 00:00:00;2029-08-23 00:00:00;2029-07-19 00:00:00;2029-07-15 00:00:00
2029-07-16 00:00:00;SO634953;C0010;CL002;1170;2029-08-27 00:00:00;2029-08-25 00:00:00;2029-07-19 00:00:00;2029-07-17 00:00:00
2029-07-16 00:00:00;SO787444;C0022;CS002;825;2029-08-27 00:00:00;2029-08-28 00:00:00;2029-07-20 00:00:00;2029-07-21 00:00:00
2029-07-16 00:00:00;SO634953;C0010;AS004;1190;2029-08-27 00:00:00;2029-08-24 00:00:00;2029-07-19 00:00:00;2029-07-16 00:00:00
2029-07-16 00:00:00;SO634953;C0010;VS001;1248;2029-08-27 00:00:00;2029-08-29 00:00:00;2029-07-19 00:00:00;2029-07-21 00:00:00
2029-07-16 00:00:00;SO634953;C0010;CS002;764;2029-08-27 00:00:00;2029-08-25 00:00:00;2029-07-19 00:00:00;2029-07-17 00:00:00
2029-07-16 00:00:00;SO634953;C0010;AS001;343;2029-08-27 00:00:00;2029-08-20 00:00:00;2029-07-19 00:00:00;2029-07-12 00:00:00
2029-07-16 00:00:00;SO787444;C0022;CS001;651;2029-08-27 00:00:00;2029-09-04 00:00:00;2029-07-20 00:00:00;2029-07-28 00:00:00
2029-07-16 00:00:00;SO634953;C0010;VS005;1209;2029-08-27 00:00:00;2029-08-26 00:00:00;2029-07-19 00:00:00;2029-07-18 00:00:00
2029-07-16 00:00:00;SO634953;C0010;AS005;620;2029-08-27 00:00:00;2029-08-17 00:00:00;2029-07-19 00:00:00;2029-07-09 00:00:00
2029-07-16 00:00:00;SO787444;C0022;AS001;1182;2029-08-27 00:00:00;2029-08-30 00:00:00;2029-07-20 00:00:00;2029-07-23 00:00:00
2029-07-16 00:00:00;SO787444;C0022;AT002;1171;2029-08-27 00:00:00;2029-08-18 00:00:00;2029-07-20 00:00:00;2029-07-11 00:00:00
2029-07-16 00:00:00;SO787444;C0022;VS002;1347;2029-08-27 00:00:00;2029-09-02 00:00:00;2029-07-20 00:00:00;2029-07-26 00:00:00
2029-07-16 00:00:00;SO787444;C0022;VS004;873;2029-08-27 00:00:00;2029-08-31 00:00:00;2029-07-20 00:00:00;2029-07-24 00:00:00
2029-07-16 00:00:00;SO634953;C0010;AS003;859;2029-08-27 00:00:00;2029-08-19 00:00:00;2029-07-19 00:00:00;2029-07-11 00:00:00
2029-07-16 00:00:00;SO787444;C0022;AS004;798;2029-08-27 00:00:00;2029-08-23 00:00:00;2029-07-20 00:00:00;2029-07-16 00:00:00
2029-07-16 00:00:00;SO634953;C0010;AT002;1238;2029-08-27 00:00:00;2029-09-06 00:00:00;2029-07-19 00:00:00;2029-07-29 00:00:00
2029-07-17 00:00:00;SO258644;C0027;CS001;943;2029-08-28 00:00:00;2029-08-31 00:00:00;2029-07-25 00:00:00;2029-07-28 00:00:00
2029-07-17 00:00:00;SO778673;C0023;CS002;1067;2029-08-21 00:00:00;2029-08-26 00:00:00;2029-07-21 00:00:00;2029-07-26 00:00:00
2029-07-17 00:00:00;SO162956;C0011;AS004;1120;2029-08-21 00:00:00;2029-08-23 00:00:00;2029-07-20 00:00:00;2029-07-22 00:00:00
2029-07-17 00:00:00;SO778673;C0023;VS001;1028;2029-08-21 00:00:00;2029-08-23 00:00:00;2029-07-21 00:00:00;2029-07-23 00:00:00
2029-07-17 00:00:00;SO258644;C0027;VS005;417;2029-08-28 00:00:00;2029-08-26 00:00:00;2029-07-25 00:00:00;2029-07-23 00:00:00
2029-07-17 00:00:00;SO258644;C0027;AS004;427;2029-08-28 00:00:00;2029-09-07 00:00:00;2029-07-25 00:00:00;2029-08-04 00:00:00
2029-07-17 00:00:00;SO258644;C0027;VS002;795;2029-08-28 00:00:00;2029-09-01 00:00:00;2029-07-25 00:00:00;2029-07-29 00:00:00
2029-07-17 00:00:00;SO258644;C0027;VS004;777;2029-08-28 00:00:00;2029-08-23 00:00:00;2029-07-25 00:00:00;2029-07-20 00:00:00
2029-07-17 00:00:00;SO162956;C0011;VS002;611;2029-08-21 00:00:00;2029-08-19 00:00:00;2029-07-20 00:00:00;2029-07-18 00:00:00
2029-07-17 00:00:00;SO778673;C0023;CT001;1117;2029-08-21 00:00:00;2029-08-12 00:00:00;2029-07-21 00:00:00;2029-07-12 00:00:00
2029-07-17 00:00:00;SO162956;C0011;VS001;1335;2029-08-21 00:00:00;2029-08-20 00:00:00;2029-07-20 00:00:00;2029-07-19 00:00:00
2029-07-17 00:00:00;SO778673;C0023;VS004;552;2029-08-21 00:00:00;2029-08-13 00:00:00;2029-07-21 00:00:00;2029-07-13 00:00:00
2029-07-17 00:00:00;SO778673;C0023;AS003;989;2029-08-21 00:00:00;2029-08-18 00:00:00;2029-07-21 00:00:00;2029-07-18 00:00:00
2029-07-17 00:00:00;SO162956;C0011;VS005;680;2029-08-21 00:00:00;2029-08-30 00:00:00;2029-07-20 00:00:00;2029-07-29 00:00:00
2029-07-17 00:00:00;SO258644;C0027;AS005;1090;2029-08-28 00:00:00;2029-08-25 00:00:00;2029-07-25 00:00:00;2029-07-22 00:00:00
2029-07-17 00:00:00;SO258644;C0027;CS004;1199;2029-08-28 00:00:00;2029-08-20 00:00:00;2029-07-25 00:00:00;2029-07-17 00:00:00
2029-07-17 00:00:00;SO258644;C0027;VS001;845;2029-08-28 00:00:00;2029-09-04 00:00:00;2029-07-25 00:00:00;2029-08-01 00:00:00
2029-07-17 00:00:00;SO778673;C0023;VS002;1219;2029-08-21 00:00:00;2029-08-12 00:00:00;2029-07-21 00:00:00;2029-07-12 00:00:00
2029-07-17 00:00:00;SO258644;C0027;AS003;693;2029-08-28 00:00:00;2029-08-26 00:00:00;2029-07-25 00:00:00;2029-07-23 00:00:00
2029-07-18 00:00:00;SO893987;C0004;CS002;659;2029-08-01 00:00:00;2029-08-05 00:00:00;2029-07-20 00:00:00;2029-07-24 00:00:00
2029-07-18 00:00:00;SO778495;C0013;AS003;511;2029-08-15 00:00:00;2029-08-05 00:00:00;2029-07-22 00:00:00;2029-07-12 00:00:00
2029-07-18 00:00:00;SO507081;C0021;AS005;476;2029-08-01 00:00:00;2029-08-06 00:00:00;2029-07-22 00:00:00;2029-07-27 00:00:00
2029-07-18 00:00:00;SO400770;C0029;AS001;1163;2029-09-12 00:00:00;2029-09-11 00:00:00;2029-07-26 00:00:00;2029-07-25 00:00:00
2029-07-18 00:00:00;SO778495;C0013;CS001;1063;2029-08-15 00:00:00;2029-08-06 00:00:00;2029-07-22 00:00:00;2029-07-13 00:00:00
2029-07-18 00:00:00;SO778495;C0013;AT002;1151;2029-08-15 00:00:00;2029-08-10 00:00:00;2029-07-22 00:00:00;2029-07-17 00:00:00
2029-07-18 00:00:00;SO400770;C0029;VS001;1105;2029-09-12 00:00:00;2029-09-17 00:00:00;2029-07-26 00:00:00;2029-07-31 00:00:00
2029-07-18 00:00:00;SO778495;C0013;CL002;1001;2029-08-15 00:00:00;2029-08-13 00:00:00;2029-07-22 00:00:00;2029-07-20 00:00:00
2029-07-18 00:00:00;SO507081;C0021;CS004;503;2029-08-01 00:00:00;2029-08-01 00:00:00;2029-07-22 00:00:00;2029-07-22 00:00:00
2029-07-18 00:00:00;SO778495;C0013;AS004;711;2029-08-15 00:00:00;2029-08-19 00:00:00;2029-07-22 00:00:00;2029-07-26 00:00:00
2029-07-18 00:00:00;SO893987;C0004;CL002;560;2029-08-01 00:00:00;2029-07-29 00:00:00;2029-07-20 00:00:00;2029-07-17 00:00:00
2029-07-18 00:00:00;SO893987;C0004;VS001;436;2029-08-01 00:00:00;2029-07-24 00:00:00;2029-07-20 00:00:00;2029-07-12 00:00:00
2029-07-18 00:00:00;SO778495;C0013;CT001;824;2029-08-15 00:00:00;2029-08-07 00:00:00;2029-07-22 00:00:00;2029-07-14 00:00:00
2029-07-18 00:00:00;SO400770;C0029;CL002;681;2029-09-12 00:00:00;2029-09-02 00:00:00;2029-07-26 00:00:00;2029-07-16 00:00:00
2029-07-18 00:00:00;SO400770;C0029;CS004;758;2029-09-12 00:00:00;2029-09-08 00:00:00;2029-07-26 00:00:00;2029-07-22 00:00:00
2029-07-18 00:00:00;SO778495;C0013;AS001;342;2029-08-15 00:00:00;2029-08-25 00:00:00;2029-07-22 00:00:00;2029-08-01 00:00:00
2029-07-18 00:00:00;SO893987;C0004;CS004;833;2029-08-01 00:00:00;2029-08-08 00:00:00;2029-07-20 00:00:00;2029-07-27 00:00:00
2029-07-18 00:00:00;SO778495;C0013;VS004;674;2029-08-15 00:00:00;2029-08-18 00:00:00;2029-07-22 00:00:00;2029-07-25 00:00:00
2029-07-18 00:00:00;SO400770;C0029;CT001;1363;2029-09-12 00:00:00;2029-09-09 00:00:00;2029-07-26 00:00:00;2029-07-23 00:00:00
2029-07-19 00:00:00;SO470071;C0020;AS005;946;2029-09-13 00:00:00;2029-09-20 00:00:00;2029-07-23 00:00:00;2029-07-30 00:00:00
2029-07-19 00:00:00;SO9000012;C0026;VS002;1100;2029-08-23 00:00:00;2029-08-29 00:00:00;2029-07-27 00:00:00;2029-08-02 00:00:00
2029-07-19 00:00:00;SO9000012;C0026;CS001;1003;2029-08-23 00:00:00;2029-08-22 00:00:00;2029-07-27 00:00:00;2029-07-26 00:00:00
2029-07-19 00:00:00;SO470071;C0020;CT001;1085;2029-09-13 00:00:00;2029-09-03 00:00:00;2029-07-23 00:00:00;2029-07-13 00:00:00
2029-07-19 00:00:00;SO9000012;C0026;VS004;974;2029-08-23 00:00:00;2029-08-17 00:00:00;2029-07-27 00:00:00;2029-07-21 00:00:00
2029-07-19 00:00:00;SO470071;C0020;AS001;791;2029-09-13 00:00:00;2029-09-11 00:00:00;2029-07-23 00:00:00;2029-07-21 00:00:00
2029-07-19 00:00:00;SO470071;C0020;CS001;884;2029-09-13 00:00:00;2029-09-06 00:00:00;2029-07-23 00:00:00;2029-07-16 00:00:00
2029-07-19 00:00:00;SO470071;C0020;VS001;626;2029-09-13 00:00:00;2029-09-16 00:00:00;2029-07-23 00:00:00;2029-07-26 00:00:00
2029-07-19 00:00:00;SO9000012;C0026;AT002;677;2029-08-23 00:00:00;2029-08-23 00:00:00;2029-07-27 00:00:00;2029-07-27 00:00:00
2029-07-19 00:00:00;SO470071;C0020;AS004;1330;2029-09-13 00:00:00;2029-09-07 00:00:00;2029-07-23 00:00:00;2029-07-17 00:00:00
2029-07-19 00:00:00;SO9000012;C0026;AS001;867;2029-08-23 00:00:00;2029-08-22 00:00:00;2029-07-27 00:00:00;2029-07-26 00:00:00
2029-07-19 00:00:00;SO9000012;C0026;CS004;362;2029-08-23 00:00:00;2029-08-21 00:00:00;2029-07-27 00:00:00;2029-07-25 00:00:00
2029-07-20 00:00:00;SO403191;C0012;CS001;1087;2029-08-17 00:00:00;2029-08-10 00:00:00;2029-07-23 00:00:00;2029-07-16 00:00:00
2029-07-20 00:00:00;SO110445;C0014;CT001;439;2029-08-24 00:00:00;2029-08-18 00:00:00;2029-07-24 00:00:00;2029-07-18 00:00:00
2029-07-20 00:00:00;SO110445;C0014;CS004;1101;2029-08-24 00:00:00;2029-08-30 00:00:00;2029-07-24 00:00:00;2029-07-30 00:00:00
2029-07-20 00:00:00;SO110445;C0014;VS002;616;2029-08-24 00:00:00;2029-08-24 00:00:00;2029-07-24 00:00:00;2029-07-24 00:00:00
2029-07-20 00:00:00;SO403191;C0012;VS002;970;2029-08-17 00:00:00;2029-08-11 00:00:00;2029-07-23 00:00:00;2029-07-17 00:00:00
2029-07-20 00:00:00;SO110445;C0014;AS005;1013;2029-08-24 00:00:00;2029-08-15 00:00:00;2029-07-24 00:00:00;2029-07-15 00:00:00
2029-07-20 00:00:00;SO110445;C0014;AS001;604;2029-08-24 00:00:00;2029-08-24 00:00:00;2029-07-24 00:00:00;2029-07-24 00:00:00
2029-07-20 00:00:00;SO110445;C0014;CS002;786;2029-08-24 00:00:00;2029-08-15 00:00:00;2029-07-24 00:00:00;2029-07-15 00:00:00
2029-07-20 00:00:00;SO110445;C0014;VS001;774;2029-08-24 00:00:00;2029-09-01 00:00:00;2029-07-24 00:00:00;2029-08-01 00:00:00
2029-07-20 00:00:00;SO403191;C0012;AS003;826;2029-08-17 00:00:00;2029-08-14 00:00:00;2029-07-23 00:00:00;2029-07-20 00:00:00
2029-07-20 00:00:00;SO403191;C0012;AS004;1144;2029-08-17 00:00:00;2029-08-12 00:00:00;2029-07-23 00:00:00;2029-07-18 00:00:00
2029-07-20 00:00:00;SO110445;C0014;VS005;711;2029-08-24 00:00:00;2029-09-02 00:00:00;2029-07-24 00:00:00;2029-08-02 00:00:00
2029-07-20 00:00:00;SO403191;C0012;VS004;1013;2029-08-17 00:00:00;2029-08-08 00:00:00;2029-07-23 00:00:00;2029-07-14 00:00:00
2029-07-20 00:00:00;SO403191;C0012;CT001;524;2029-08-17 00:00:00;2029-08-26 00:00:00;2029-07-23 00:00:00;2029-08-01 00:00:00
2029-07-20 00:00:00;SO110445;C0014;CL002;1199;2029-08-24 00:00:00;2029-09-02 00:00:00;2029-07-24 00:00:00;2029-08-02 00:00:00
2029-07-20 00:00:00;SO403191;C0012;CS002;1417;2029-08-17 00:00:00;2029-08-27 00:00:00;2029-07-23 00:00:00;2029-08-02 00:00:00
2029-07-20 00:00:00;SO110445;C0014;AT002;1218;2029-08-24 00:00:00;2029-09-01 00:00:00;2029-07-24 00:00:00;2029-08-01 00:00:00
2029-07-20 00:00:00;SO403191;C0012;AS005;623;2029-08-17 00:00:00;2029-08-13 00:00:00;2029-07-23 00:00:00;2029-07-19 00:00:00
2029-07-23 00:00:00;SO646401;C0001;VS004;820;2029-08-20 00:00:00;2029-08-30 00:00:00;2029-07-25 00:00:00;2029-08-04 00:00:00
2029-07-23 00:00:00;SO546254;C0019;AS004;400;2029-09-24 00:00:00;2029-10-01 00:00:00;2029-07-27 00:00:00;2029-08-03 00:00:00
2029-07-23 00:00:00;SO208548;C0022;VS004;643;2029-09-03 00:00:00;2029-08-31 00:00:00;2029-07-27 00:00:00;2029-07-24 00:00:00
2029-07-23 00:00:00;SO546254;C0019;VS005;1066;2029-09-24 00:00:00;2029-09-26 00:00:00;2029-07-27 00:00:00;2029-07-29 00:00:00
2029-07-23 00:00:00;SO208548;C0022;VS001;1196;2029-09-03 00:00:00;2029-09-10 00:00:00;2029-07-27 00:00:00;2029-08-03 00:00:00
2029-07-23 00:00:00;SO646401;C0001;AT002;744;2029-08-20 00:00:00;2029-08-25 00:00:00;2029-07-25 00:00:00;2029-07-30 00:00:00
2029-07-23 00:00:00;SO546254;C0019;VS004;1159;2029-09-24 00:00:00;2029-10-02 00:00:00;2029-07-27 00:00:00;2029-08-04 00:00:00
2029-07-23 00:00:00;SO546254;C0019;AS001;774;2029-09-24 00:00:00;2029-09-16 00:00:00;2029-07-27 00:00:00;2029-07-19 00:00:00
2029-07-23 00:00:00;SO208548;C0022;AT002;1361;2029-09-03 00:00:00;2029-09-03 00:00:00;2029-07-27 00:00:00;2029-07-27 00:00:00
2029-07-23 00:00:00;SO208548;C0022;AS001;1221;2029-09-03 00:00:00;2029-08-27 00:00:00;2029-07-27 00:00:00;2029-07-20 00:00:00
2029-07-23 00:00:00;SO546254;C0019;AS003;1050;2029-09-24 00:00:00;2029-09-26 00:00:00;2029-07-27 00:00:00;2029-07-29 00:00:00
2029-07-23 00:00:00;SO546254;C0019;VS002;472;2029-09-24 00:00:00;2029-09-24 00:00:00;2029-07-27 00:00:00;2029-07-27 00:00:00
2029-07-23 00:00:00;SO646401;C0001;AS005;506;2029-08-20 00:00:00;2029-08-10 00:00:00;2029-07-25 00:00:00;2029-07-15 00:00:00
2029-07-23 00:00:00;SO208548;C0022;CL002;421;2029-09-03 00:00:00;2029-09-13 00:00:00;2029-07-27 00:00:00;2029-08-06 00:00:00
2029-07-23 00:00:00;SO546254;C0019;VS001;482;2029-09-24 00:00:00;2029-10-01 00:00:00;2029-07-27 00:00:00;2029-08-03 00:00:00
2029-07-23 00:00:00;SO646401;C0001;VS001;938;2029-08-20 00:00:00;2029-08-10 00:00:00;2029-07-25 00:00:00;2029-07-15 00:00:00
2029-07-23 00:00:00;SO208548;C0022;CS002;533;2029-09-03 00:00:00;2029-09-09 00:00:00;2029-07-27 00:00:00;2029-08-02 00:00:00
2029-07-23 00:00:00;SO546254;C0019;AT002;499;2029-09-24 00:00:00;2029-09-16 00:00:00;2029-07-27 00:00:00;2029-07-19 00:00:00
2029-07-24 00:00:00;SO423180;C0028;AS003;1241;2029-08-07 00:00:00;2029-08-13 00:00:00;2029-08-01 00:00:00;2029-08-07 00:00:00
2029-07-24 00:00:00;SO974720;C0023;AT002;498;2029-08-28 00:00:00;2029-08-21 00:00:00;2029-07-28 00:00:00;2029-07-21 00:00:00
2029-07-24 00:00:00;SO423180;C0028;AS005;1209;2029-08-07 00:00:00;2029-08-08 00:00:00;2029-08-01 00:00:00;2029-08-02 00:00:00
2029-07-24 00:00:00;SO423180;C0028;CS004;456;2029-08-07 00:00:00;2029-08-06 00:00:00;2029-08-01 00:00:00;2029-07-31 00:00:00
2029-07-24 00:00:00;SO974720;C0023;VS004;1091;2029-08-28 00:00:00;2029-09-07 00:00:00;2029-07-28 00:00:00;2029-08-07 00:00:00
2029-07-24 00:00:00;SO423180;C0028;CS001;965;2029-08-07 00:00:00;2029-08-03 00:00:00;2029-08-01 00:00:00;2029-07-28 00:00:00
2029-07-24 00:00:00;SO423180;C0028;AT002;1070;2029-08-07 00:00:00;2029-08-15 00:00:00;2029-08-01 00:00:00;2029-08-09 00:00:00
2029-07-24 00:00:00;SO974720;C0023;VS005;775;2029-08-28 00:00:00;2029-08-21 00:00:00;2029-07-28 00:00:00;2029-07-21 00:00:00
2029-07-24 00:00:00;SO423180;C0028;VS002;934;2029-08-07 00:00:00;2029-08-15 00:00:00;2029-08-01 00:00:00;2029-08-09 00:00:00
2029-07-24 00:00:00;SO423180;C0028;AS004;353;2029-08-07 00:00:00;2029-08-08 00:00:00;2029-08-01 00:00:00;2029-08-02 00:00:00
2029-07-24 00:00:00;SO974720;C0023;AS001;1182;2029-08-28 00:00:00;2029-08-30 00:00:00;2029-07-28 00:00:00;2029-07-30 00:00:00
2029-07-24 00:00:00;SO974720;C0023;CS002;476;2029-08-28 00:00:00;2029-09-04 00:00:00;2029-07-28 00:00:00;2029-08-04 00:00:00
2029-07-24 00:00:00;SO974720;C0023;CL002;1054;2029-08-28 00:00:00;2029-08-25 00:00:00;2029-07-28 00:00:00;2029-07-25 00:00:00
2029-07-24 00:00:00;SO974720;C0023;VS002;458;2029-08-28 00:00:00;2029-09-03 00:00:00;2029-07-28 00:00:00;2029-08-03 00:00:00
2029-07-24 00:00:00;SO423180;C0028;AS001;1122;2029-08-07 00:00:00;2029-08-16 00:00:00;2029-08-01 00:00:00;2029-08-10 00:00:00
2029-07-24 00:00:00;SO974720;C0023;VS001;1486;2029-08-28 00:00:00;2029-08-29 00:00:00;2029-07-28 00:00:00;2029-07-29 00:00:00
2029-07-24 00:00:00;SO423180;C0028;CS002;742;2029-08-07 00:00:00;2029-08-06 00:00:00;2029-08-01 00:00:00;2029-07-31 00:00:00
2029-07-24 00:00:00;SO974720;C0023;CT001;1005;2029-08-28 00:00:00;2029-09-04 00:00:00;2029-07-28 00:00:00;2029-08-04 00:00:00
2029-07-24 00:00:00;SO974720;C0023;AS003;1244;2029-08-28 00:00:00;2029-08-21 00:00:00;2029-07-28 00:00:00;2029-07-21 00:00:00
2029-07-24 00:00:00;SO423180;C0028;VS005;398;2029-08-07 00:00:00;2029-08-02 00:00:00;2029-08-01 00:00:00;2029-07-27 00:00:00
2029-07-25 00:00:00;SO178316;C0008;AS001;622;2029-09-19 00:00:00;2029-09-21 00:00:00;2029-07-28 00:00:00;2029-07-30 00:00:00
2029-07-25 00:00:00;SO302548;C0015;VS001;554;2029-09-05 00:00:00;2029-09-12 00:00:00;2029-07-29 00:00:00;2029-08-05 00:00:00
2029-07-25 00:00:00;SO897461;C0029;AS001;1166;2029-09-19 00:00:00;2029-09-23 00:00:00;2029-08-02 00:00:00;2029-08-06 00:00:00
2029-07-25 00:00:00;SO481830;C0009;CT001;554;2029-08-08 00:00:00;2029-08-17 00:00:00;2029-07-28 00:00:00;2029-08-06 00:00:00
2029-07-25 00:00:00;SO178316;C0008;AS004;987;2029-09-19 00:00:00;2029-09-22 00:00:00;2029-07-28 00:00:00;2029-07-31 00:00:00
2029-07-25 00:00:00;SO897461;C0029;AS004;1160;2029-09-19 00:00:00;2029-09-19 00:00:00;2029-08-02 00:00:00;2029-08-02 00:00:00
2029-07-25 00:00:00;SO897461;C0029;AS005;1106;2029-09-19 00:00:00;2029-09-24 00:00:00;2029-08-02 00:00:00;2029-08-07 00:00:00
2029-07-25 00:00:00;SO481830;C0009;AS001;952;2029-08-08 00:00:00;2029-08-17 00:00:00;2029-07-28 00:00:00;2029-08-06 00:00:00
2029-07-25 00:00:00;SO302548;C0015;AT002;1417;2029-09-05 00:00:00;2029-08-28 00:00:00;2029-07-29 00:00:00;2029-07-21 00:00:00
2029-07-25 00:00:00;SO302548;C0015;CS002;1423;2029-09-05 00:00:00;2029-09-05 00:00:00;2029-07-29 00:00:00;2029-07-29 00:00:00
2029-07-25 00:00:00;SO897461;C0029;AT002;1157;2029-09-19 00:00:00;2029-09-24 00:00:00;2029-08-02 00:00:00;2029-08-07 00:00:00
2029-07-25 00:00:00;SO897461;C0029;VS002;1087;2029-09-19 00:00:00;2029-09-26 00:00:00;2029-08-02 00:00:00;2029-08-09 00:00:00
2029-07-25 00:00:00;SO897461;C0029;AS003;1090;2029-09-19 00:00:00;2029-09-22 00:00:00;2029-08-02 00:00:00;2029-08-05 00:00:00
2029-07-25 00:00:00;SO178316;C0008;CS004;343;2029-09-19 00:00:00;2029-09-29 00:00:00;2029-07-28 00:00:00;2029-08-07 00:00:00
2029-07-25 00:00:00;SO178316;C0008;AT002;743;2029-09-19 00:00:00;2029-09-11 00:00:00;2029-07-28 00:00:00;2029-07-20 00:00:00
2029-07-25 00:00:00;SO302548;C0015;CL002;921;2029-09-05 00:00:00;2029-08-30 00:00:00;2029-07-29 00:00:00;2029-07-23 00:00:00
2029-07-26 00:00:00;SO662737;C0022;AS003;1020;2029-09-06 00:00:00;2029-09-10 00:00:00;2029-07-30 00:00:00;2029-08-03 00:00:00
2029-07-26 00:00:00;SO412266;C0007;CL002;1320;2029-09-27 00:00:00;2029-09-23 00:00:00;2029-07-29 00:00:00;2029-07-25 00:00:00
2029-07-26 00:00:00;SO412266;C0007;CS002;1199;2029-09-27 00:00:00;2029-09-27 00:00:00;2029-07-29 00:00:00;2029-07-29 00:00:00
2029-07-26 00:00:00;SO662737;C0022;VS001;677;2029-09-06 00:00:00;2029-08-30 00:00:00;2029-07-30 00:00:00;2029-07-23 00:00:00
2029-07-26 00:00:00;SO412266;C0007;AS003;406;2029-09-27 00:00:00;2029-09-23 00:00:00;2029-07-29 00:00:00;2029-07-25 00:00:00
2029-07-26 00:00:00;SO662737;C0022;VS004;961;2029-09-06 00:00:00;2029-08-31 00:00:00;2029-07-30 00:00:00;2029-07-24 00:00:00
2029-07-26 00:00:00;SO412266;C0007;CT001;1199;2029-09-27 00:00:00;2029-09-18 00:00:00;2029-07-29 00:00:00;2029-07-20 00:00:00
2029-07-26 00:00:00;SO412266;C0007;CS001;697;2029-09-27 00:00:00;2029-10-06 00:00:00;2029-07-29 00:00:00;2029-08-07 00:00:00
2029-07-26 00:00:00;SO662737;C0022;CS002;697;2029-09-06 00:00:00;2029-09-16 00:00:00;2029-07-30 00:00:00;2029-08-09 00:00:00
2029-07-26 00:00:00;SO412266;C0007;VS001;1206;2029-09-27 00:00:00;2029-09-25 00:00:00;2029-07-29 00:00:00;2029-07-27 00:00:00
2029-07-26 00:00:00;SO412266;C0007;VS004;855;2029-09-27 00:00:00;2029-09-24 00:00:00;2029-07-29 00:00:00;2029-07-26 00:00:00
2029-07-26 00:00:00;SO412266;C0007;VS005;812;2029-09-27 00:00:00;2029-09-19 00:00:00;2029-07-29 00:00:00;2029-07-21 00:00:00
2029-07-26 00:00:00;SO662737;C0022;AT002;532;2029-09-06 00:00:00;2029-09-14 00:00:00;2029-07-30 00:00:00;2029-08-07 00:00:00
2029-07-26 00:00:00;SO412266;C0007;AT002;304;2029-09-27 00:00:00;2029-09-29 00:00:00;2029-07-29 00:00:00;2029-07-31 00:00:00
2029-07-26 00:00:00;SO412266;C0007;AS001;532;2029-09-27 00:00:00;2029-09-28 00:00:00;2029-07-29 00:00:00;2029-07-30 00:00:00
2029-07-26 00:00:00;SO412266;C0007;AS004;1293;2029-09-27 00:00:00;2029-10-06 00:00:00;2029-07-29 00:00:00;2029-08-07 00:00:00
2029-07-27 00:00:00;SO645598;C0018;VS002;1198;2029-09-28 00:00:00;2029-09-21 00:00:00;2029-07-31 00:00:00;2029-07-24 00:00:00
2029-07-27 00:00:00;SO144642;C0027;CL002;969;2029-09-07 00:00:00;2029-09-16 00:00:00;2029-08-04 00:00:00;2029-08-13 00:00:00
2029-07-27 00:00:00;SO144642;C0027;CT001;713;2029-09-07 00:00:00;2029-09-05 00:00:00;2029-08-04 00:00:00;2029-08-02 00:00:00
2029-07-27 00:00:00;SO144642;C0027;VS004;1288;2029-09-07 00:00:00;2029-09-10 00:00:00;2029-08-04 00:00:00;2029-08-07 00:00:00
2029-07-27 00:00:00;SO645598;C0018;AS001;1023;2029-09-28 00:00:00;2029-09-20 00:00:00;2029-07-31 00:00:00;2029-07-23 00:00:00
2029-07-27 00:00:00;SO645598;C0018;VS001;682;2029-09-28 00:00:00;2029-09-18 00:00:00;2029-07-31 00:00:00;2029-07-21 00:00:00
2029-07-27 00:00:00;SO645598;C0018;VS005;661;2029-09-28 00:00:00;2029-09-29 00:00:00;2029-07-31 00:00:00;2029-08-01 00:00:00
2029-07-27 00:00:00;SO645598;C0018;CS002;754;2029-09-28 00:00:00;2029-10-07 00:00:00;2029-07-31 00:00:00;2029-08-09 00:00:00
2029-07-27 00:00:00;SO144642;C0027;AS003;821;2029-09-07 00:00:00;2029-08-28 00:00:00;2029-08-04 00:00:00;2029-07-25 00:00:00
2029-07-27 00:00:00;SO144642;C0027;VS001;783;2029-09-07 00:00:00;2029-09-06 00:00:00;2029-08-04 00:00:00;2029-08-03 00:00:00
2029-07-27 00:00:00;SO645598;C0018;VS004;622;2029-09-28 00:00:00;2029-09-23 00:00:00;2029-07-31 00:00:00;2029-07-26 00:00:00
2029-07-27 00:00:00;SO144642;C0027;VS002;1166;2029-09-07 00:00:00;2029-09-04 00:00:00;2029-08-04 00:00:00;2029-08-01 00:00:00
2029-07-27 00:00:00;SO645598;C0018;CS001;619;2029-09-28 00:00:00;2029-10-07 00:00:00;2029-07-31 00:00:00;2029-08-09 00:00:00
2029-07-27 00:00:00;SO144642;C0027;AS004;388;2029-09-07 00:00:00;2029-09-15 00:00:00;2029-08-04 00:00:00;2029-08-12 00:00:00
2029-07-27 00:00:00;SO645598;C0018;AS004;1265;2029-09-28 00:00:00;2029-09-18 00:00:00;2029-07-31 00:00:00;2029-07-21 00:00:00
2029-07-30 00:00:00;SO837149;C0015;AS005;1330;2029-09-10 00:00:00;2029-09-09 00:00:00;2029-08-03 00:00:00;2029-08-02 00:00:00
2029-07-30 00:00:00;SO868800;C0006;CS002;546;2029-10-01 00:00:00;2029-10-10 00:00:00;2029-08-01 00:00:00;2029-08-10 00:00:00
2029-07-30 00:00:00;SO868800;C0006;VS005;436;2029-10-01 00:00:00;2029-09-30 00:00:00;2029-08-01 00:00:00;2029-07-31 00:00:00
2029-07-30 00:00:00;SO837149;C0015;AS003;314;2029-09-10 00:00:00;2029-09-10 00:00:00;2029-08-03 00:00:00;2029-08-03 00:00:00
2029-07-30 00:00:00;SO837149;C0015;CS001;853;2029-09-10 00:00:00;2029-09-02 00:00:00;2029-08-03 00:00:00;2029-07-26 00:00:00
2029-07-30 00:00:00;SO837149;C0015;AS001;713;2029-09-10 00:00:00;2029-09-15 00:00:00;2029-08-03 00:00:00;2029-08-08 00:00:00
2029-07-30 00:00:00;SO837149;C0015;CS004;907;2029-09-10 00:00:00;2029-09-05 00:00:00;2029-08-03 00:00:00;2029-07-29 00:00:00
2029-07-30 00:00:00;SO837149;C0015;CS002;1284;2029-09-10 00:00:00;2029-09-14 00:00:00;2029-08-03 00:00:00;2029-08-07 00:00:00
2029-07-30 00:00:00;SO837149;C0015;CL002;1291;2029-09-10 00:00:00;2029-09-11 00:00:00;2029-08-03 00:00:00;2029-08-04 00:00:00
2029-07-30 00:00:00;SO837149;C0015;AS004;1311;2029-09-10 00:00:00;2029-09-20 00:00:00;2029-08-03 00:00:00;2029-08-13 00:00:00
2029-07-30 00:00:00;SO837149;C0015;AT002;1071;2029-09-10 00:00:00;2029-09-11 00:00:00;2029-08-03 00:00:00;2029-08-04 00:00:00
2029-07-30 00:00:00;SO837149;C0015;CT001;374;2029-09-10 00:00:00;2029-09-11 00:00:00;2029-08-03 00:00:00;2029-08-04 00:00:00
2029-07-30 00:00:00;SO868800;C0006;CS004;1188;2029-10-01 00:00:00;2029-09-24 00:00:00;2029-08-01 00:00:00;2029-07-25 00:00:00
2029-07-30 00:00:00;SO837149;C0015;VS004;1367;2029-09-10 00:00:00;2029-09-13 00:00:00;2029-08-03 00:00:00;2029-08-06 00:00:00
2029-07-30 00:00:00;SO837149;C0015;VS001;575;2029-09-10 00:00:00;2029-09-19 00:00:00;2029-08-03 00:00:00;2029-08-12 00:00:00
2029-07-30 00:00:00;SO837149;C0015;VS002;882;2029-09-10 00:00:00;2029-09-14 00:00:00;2029-08-03 00:00:00;2029-08-07 00:00:00
2029-07-30 00:00:00;SO868800;C0006;AT002;852;2029-10-01 00:00:00;2029-10-05 00:00:00;2029-08-01 00:00:00;2029-08-05 00:00:00
2029-07-30 00:00:00;SO868800;C0006;AS003;1300;2029-10-01 00:00:00;2029-09-24 00:00:00;2029-08-01 00:00:00;2029-07-25 00:00:00
2029-07-30 00:00:00;SO868800;C0006;CL002;1565;2029-10-01 00:00:00;2029-10-11 00:00:00;2029-08-01 00:00:00;2029-08-11 00:00:00
2029-07-31 00:00:00;SO290878;C0021;AS005;1013;2029-08-14 00:00:00;2029-08-23 00:00:00;2029-08-04 00:00:00;2029-08-13 00:00:00
2029-07-31 00:00:00;SO162989;C0009;AS005;1349;2029-08-14 00:00:00;2029-08-21 00:00:00;2029-08-03 00:00:00;2029-08-10 00:00:00
2029-07-31 00:00:00;SO216111;C0023;VS005;1144;2029-09-04 00:00:00;2029-09-09 00:00:00;2029-08-04 00:00:00;2029-08-09 00:00:00
2029-07-31 00:00:00;SO290878;C0021;VS001;1094;2029-08-14 00:00:00;2029-08-05 00:00:00;2029-08-04 00:00:00;2029-07-26 00:00:00
2029-07-31 00:00:00;SO162989;C0009;VS005;674;2029-08-14 00:00:00;2029-08-22 00:00:00;2029-08-03 00:00:00;2029-08-11 00:00:00
2029-07-31 00:00:00;SO216111;C0023;AS003;1066;2029-09-04 00:00:00;2029-09-11 00:00:00;2029-08-04 00:00:00;2029-08-11 00:00:00
2029-07-31 00:00:00;SO162989;C0009;CS004;704;2029-08-14 00:00:00;2029-08-13 00:00:00;2029-08-03 00:00:00;2029-08-02 00:00:00
2029-07-31 00:00:00;SO290878;C0021;CS002;824;2029-08-14 00:00:00;2029-08-13 00:00:00;2029-08-04 00:00:00;2029-08-03 00:00:00
2029-07-31 00:00:00;SO290878;C0021;CL002;445;2029-08-14 00:00:00;2029-08-14 00:00:00;2029-08-04 00:00:00;2029-08-04 00:00:00
2029-07-31 00:00:00;SO290878;C0021;CT001;884;2029-08-14 00:00:00;2029-08-18 00:00:00;2029-08-04 00:00:00;2029-08-08 00:00:00
2029-07-31 00:00:00;SO290878;C0021;CS004;561;2029-08-14 00:00:00;2029-08-23 00:00:00;2029-08-04 00:00:00;2029-08-13 00:00:00
2029-07-31 00:00:00;SO216111;C0023;AS001;542;2029-09-04 00:00:00;2029-08-26 00:00:00;2029-08-04 00:00:00;2029-07-26 00:00:00
2029-08-01 00:00:00;SO200709;C0013;CT001;1015;2029-08-29 00:00:00;2029-08-29 00:00:00;2029-08-05 00:00:00;2029-08-05 00:00:00
2029-08-01 00:00:00;SO933384;C0006;CL002;1537;2029-10-03 00:00:00;2029-09-29 00:00:00;2029-08-03 00:00:00;2029-07-30 00:00:00
2029-08-01 00:00:00;SO933384;C0006;AS003;532;2029-10-03 00:00:00;2029-10-12 00:00:00;2029-08-03 00:00:00;2029-08-12 00:00:00
2029-08-01 00:00:00;SO933384;C0006;AS002;962;2029-10-03 00:00:00;2029-10-02 00:00:00;2029-08-03 00:00:00;2029-08-02 00:00:00
2029-08-01 00:00:00;SO200709;C0013;AT002;953;2029-08-29 00:00:00;2029-08-30 00:00:00;2029-08-05 00:00:00;2029-08-06 00:00:00
2029-08-01 00:00:00;SO933384;C0006;AS005;786;2029-10-03 00:00:00;2029-10-08 00:00:00;2029-08-03 00:00:00;2029-08-08 00:00:00
2029-08-01 00:00:00;SO933384;C0006;VS004;1354;2029-10-03 00:00:00;2029-10-06 00:00:00;2029-08-03 00:00:00;2029-08-06 00:00:00
2029-08-01 00:00:00;SO933384;C0006;CS001;349;2029-10-03 00:00:00;2029-10-10 00:00:00;2029-08-03 00:00:00;2029-08-10 00:00:00
2029-08-01 00:00:00;SO200709;C0013;CT002;522;2029-08-29 00:00:00;2029-09-06 00:00:00;2029-08-05 00:00:00;2029-08-13 00:00:00
2029-08-01 00:00:00;SO200709;C0013;AL001;798;2029-08-29 00:00:00;2029-08-25 00:00:00;2029-08-05 00:00:00;2029-08-01 00:00:00
2029-08-01 00:00:00;SO933384;C0006;CS002;615;2029-10-03 00:00:00;2029-10-13 00:00:00;2029-08-03 00:00:00;2029-08-13 00:00:00
2029-08-01 00:00:00;SO200709;C0013;CL002;1147;2029-08-29 00:00:00;2029-08-20 00:00:00;2029-08-05 00:00:00;2029-07-27 00:00:00
2029-08-01 00:00:00;SO200709;C0013;AS005;647;2029-08-29 00:00:00;2029-08-25 00:00:00;2029-08-05 00:00:00;2029-08-01 00:00:00
2029-08-01 00:00:00;SO933384;C0006;CT001;1168;2029-10-03 00:00:00;2029-10-07 00:00:00;2029-08-03 00:00:00;2029-08-07 00:00:00
2029-08-01 00:00:00;SO200709;C0013;CS001;1198;2029-08-29 00:00:00;2029-08-31 00:00:00;2029-08-05 00:00:00;2029-08-07 00:00:00
2029-08-01 00:00:00;SO933384;C0006;AT002;935;2029-10-03 00:00:00;2029-10-11 00:00:00;2029-08-03 00:00:00;2029-08-11 00:00:00
2029-08-01 00:00:00;SO933384;C0006;AL001;497;2029-10-03 00:00:00;2029-09-24 00:00:00;2029-08-03 00:00:00;2029-07-25 00:00:00
2029-08-01 00:00:00;SO933384;C0006;CL001;634;2029-10-03 00:00:00;2029-09-26 00:00:00;2029-08-03 00:00:00;2029-07-27 00:00:00
2029-08-01 00:00:00;SO933384;C0006;CT002;445;2029-10-03 00:00:00;2029-09-30 00:00:00;2029-08-03 00:00:00;2029-07-31 00:00:00
2029-08-01 00:00:00;SO200709;C0013;AS001;409;2029-08-29 00:00:00;2029-09-06 00:00:00;2029-08-05 00:00:00;2029-08-13 00:00:00
2029-08-02 00:00:00;SO595905;C0018;CL002;526;2029-10-04 00:00:00;2029-10-02 00:00:00;2029-08-06 00:00:00;2029-08-04 00:00:00
2029-08-02 00:00:00;SO488414;C0008;VS004;754;2029-09-27 00:00:00;2029-10-02 00:00:00;2029-08-05 00:00:00;2029-08-10 00:00:00
2029-08-02 00:00:00;SO633758;C0012;CL002;1139;2029-08-30 00:00:00;2029-09-01 00:00:00;2029-08-05 00:00:00;2029-08-07 00:00:00
2029-08-02 00:00:00;SO633758;C0012;CS002;598;2029-08-30 00:00:00;2029-09-06 00:00:00;2029-08-05 00:00:00;2029-08-12 00:00:00
2029-08-02 00:00:00;SO633758;C0012;AL001;999;2029-08-30 00:00:00;2029-08-20 00:00:00;2029-08-05 00:00:00;2029-07-26 00:00:00
2029-08-02 00:00:00;SO595905;C0018;AS005;1116;2029-10-04 00:00:00;2029-10-13 00:00:00;2029-08-06 00:00:00;2029-08-15 00:00:00
2029-08-02 00:00:00;SO488414;C0008;CT002;993;2029-09-27 00:00:00;2029-09-23 00:00:00;2029-08-05 00:00:00;2029-08-01 00:00:00
2029-08-02 00:00:00;SO633758;C0012;AS005;630;2029-08-30 00:00:00;2029-08-28 00:00:00;2029-08-05 00:00:00;2029-08-03 00:00:00
2029-08-02 00:00:00;SO595905;C0018;AS004;626;2029-10-04 00:00:00;2029-10-08 00:00:00;2029-08-06 00:00:00;2029-08-10 00:00:00
2029-08-02 00:00:00;SO488414;C0008;AS002;921;2029-09-27 00:00:00;2029-09-28 00:00:00;2029-08-05 00:00:00;2029-08-06 00:00:00
2029-08-02 00:00:00;SO595905;C0018;VS004;672;2029-10-04 00:00:00;2029-10-03 00:00:00;2029-08-06 00:00:00;2029-08-05 00:00:00
2029-08-02 00:00:00;SO488414;C0008;AL001;875;2029-09-27 00:00:00;2029-10-02 00:00:00;2029-08-05 00:00:00;2029-08-10 00:00:00
2029-08-02 00:00:00;SO595905;C0018;CS001;447;2029-10-04 00:00:00;2029-09-29 00:00:00;2029-08-06 00:00:00;2029-08-01 00:00:00
2029-08-02 00:00:00;SO633758;C0012;CT001;437;2029-08-30 00:00:00;2029-08-27 00:00:00;2029-08-05 00:00:00;2029-08-02 00:00:00
2029-08-02 00:00:00;SO595905;C0018;AS002;779;2029-10-04 00:00:00;2029-10-11 00:00:00;2029-08-06 00:00:00;2029-08-13 00:00:00
2029-08-02 00:00:00;SO488414;C0008;AS003;631;2029-09-27 00:00:00;2029-10-06 00:00:00;2029-08-05 00:00:00;2029-08-14 00:00:00
2029-08-02 00:00:00;SO633758;C0012;AT002;778;2029-08-30 00:00:00;2029-08-25 00:00:00;2029-08-05 00:00:00;2029-07-31 00:00:00
2029-08-02 00:00:00;SO633758;C0012;AS004;565;2029-08-30 00:00:00;2029-09-08 00:00:00;2029-08-05 00:00:00;2029-08-14 00:00:00
2029-08-03 00:00:00;SO946362;C0012;CS001;856;2029-08-31 00:00:00;2029-08-26 00:00:00;2029-08-06 00:00:00;2029-08-01 00:00:00
2029-08-03 00:00:00;SO266163;C0028;AT002;725;2029-08-17 00:00:00;2029-08-21 00:00:00;2029-08-11 00:00:00;2029-08-15 00:00:00
2029-08-03 00:00:00;SO588697;C0011;AT002;1153;2029-09-07 00:00:00;2029-09-02 00:00:00;2029-08-06 00:00:00;2029-08-01 00:00:00
2029-08-03 00:00:00;SO266163;C0028;AS005;1105;2029-08-17 00:00:00;2029-08-07 00:00:00;2029-08-11 00:00:00;2029-08-01 00:00:00
2029-08-03 00:00:00;SO266163;C0028;CS001;599;2029-08-17 00:00:00;2029-08-11 00:00:00;2029-08-11 00:00:00;2029-08-05 00:00:00
2029-08-03 00:00:00;SO946362;C0012;AS003;925;2029-08-31 00:00:00;2029-09-03 00:00:00;2029-08-06 00:00:00;2029-08-09 00:00:00
2029-08-03 00:00:00;SO266163;C0028;CL002;416;2029-08-17 00:00:00;2029-08-15 00:00:00;2029-08-11 00:00:00;2029-08-09 00:00:00
2029-08-03 00:00:00;SO946362;C0012;CT002;538;2029-08-31 00:00:00;2029-08-26 00:00:00;2029-08-06 00:00:00;2029-08-01 00:00:00
2029-08-03 00:00:00;SO946362;C0012;VS005;820;2029-08-31 00:00:00;2029-08-29 00:00:00;2029-08-06 00:00:00;2029-08-04 00:00:00
2029-08-03 00:00:00;SO588697;C0011;AL001;724;2029-09-07 00:00:00;2029-09-12 00:00:00;2029-08-06 00:00:00;2029-08-11 00:00:00
2029-08-03 00:00:00;SO946362;C0012;AS004;482;2029-08-31 00:00:00;2029-09-06 00:00:00;2029-08-06 00:00:00;2029-08-12 00:00:00
2029-08-03 00:00:00;SO946362;C0012;CT001;929;2029-08-31 00:00:00;2029-08-29 00:00:00;2029-08-06 00:00:00;2029-08-04 00:00:00
2029-08-03 00:00:00;SO946362;C0012;AS001;1160;2029-08-31 00:00:00;2029-09-07 00:00:00;2029-08-06 00:00:00;2029-08-13 00:00:00
2029-08-06 00:00:00;SO452524;C0003;CS002;703;2029-09-17 00:00:00;2029-09-12 00:00:00;2029-08-08 00:00:00;2029-08-03 00:00:00
2029-08-06 00:00:00;SO719600;C0029;AS001;1240;2029-10-01 00:00:00;2029-09-29 00:00:00;2029-08-14 00:00:00;2029-08-12 00:00:00
2029-08-06 00:00:00;SO719600;C0029;AL001;1231;2029-10-01 00:00:00;2029-09-30 00:00:00;2029-08-14 00:00:00;2029-08-13 00:00:00
2029-08-06 00:00:00;SO452524;C0003;AS004;680;2029-09-17 00:00:00;2029-09-23 00:00:00;2029-08-08 00:00:00;2029-08-14 00:00:00
2029-08-06 00:00:00;SO719600;C0029;AS003;816;2029-10-01 00:00:00;2029-10-10 00:00:00;2029-08-14 00:00:00;2029-08-23 00:00:00
2029-08-06 00:00:00;SO452524;C0003;CT001;353;2029-09-17 00:00:00;2029-09-27 00:00:00;2029-08-08 00:00:00;2029-08-18 00:00:00
2029-08-06 00:00:00;SO452524;C0003;AL001;1519;2029-09-17 00:00:00;2029-09-24 00:00:00;2029-08-08 00:00:00;2029-08-15 00:00:00
2029-08-06 00:00:00;SO452524;C0003;AS002;744;2029-09-17 00:00:00;2029-09-10 00:00:00;2029-08-08 00:00:00;2029-08-01 00:00:00
2029-08-06 00:00:00;SO452524;C0003;CS001;374;2029-09-17 00:00:00;2029-09-27 00:00:00;2029-08-08 00:00:00;2029-08-18 00:00:00
2029-08-06 00:00:00;SO452524;C0003;CL002;809;2029-09-17 00:00:00;2029-09-24 00:00:00;2029-08-08 00:00:00;2029-08-15 00:00:00
2029-08-06 00:00:00;SO719600;C0029;CS002;996;2029-10-01 00:00:00;2029-10-02 00:00:00;2029-08-14 00:00:00;2029-08-15 00:00:00
2029-08-06 00:00:00;SO719600;C0029;AS002;929;2029-10-01 00:00:00;2029-09-26 00:00:00;2029-08-14 00:00:00;2029-08-09 00:00:00
2029-08-06 00:00:00;SO452524;C0003;AT002;554;2029-09-17 00:00:00;2029-09-07 00:00:00;2029-08-08 00:00:00;2029-07-29 00:00:00
2029-08-07 00:00:00;SO423600;C0010;CS001;751;2029-09-18 00:00:00;2029-09-18 00:00:00;2029-08-10 00:00:00;2029-08-10 00:00:00
2029-08-07 00:00:00;SO175772;C0002;AT002;1396;2029-09-11 00:00:00;2029-09-21 00:00:00;2029-08-09 00:00:00;2029-08-19 00:00:00
2029-08-07 00:00:00;SO175772;C0002;AS004;1369;2029-09-11 00:00:00;2029-09-20 00:00:00;2029-08-09 00:00:00;2029-08-18 00:00:00
2029-08-07 00:00:00;SO175772;C0002;CL001;1140;2029-09-11 00:00:00;2029-09-16 00:00:00;2029-08-09 00:00:00;2029-08-14 00:00:00
2029-08-07 00:00:00;SO423600;C0010;VS004;1137;2029-09-18 00:00:00;2029-09-24 00:00:00;2029-08-10 00:00:00;2029-08-16 00:00:00
2029-08-07 00:00:00;SO175772;C0002;CL002;690;2029-09-11 00:00:00;2029-09-16 00:00:00;2029-08-09 00:00:00;2029-08-14 00:00:00
2029-08-07 00:00:00;SO423600;C0010;AS003;1007;2029-09-18 00:00:00;2029-09-21 00:00:00;2029-08-10 00:00:00;2029-08-13 00:00:00
2029-08-07 00:00:00;SO175772;C0002;AS001;976;2029-09-11 00:00:00;2029-09-17 00:00:00;2029-08-09 00:00:00;2029-08-15 00:00:00
2029-08-07 00:00:00;SO175772;C0002;VS004;703;2029-09-11 00:00:00;2029-09-05 00:00:00;2029-08-09 00:00:00;2029-08-03 00:00:00
2029-08-07 00:00:00;SO423600;C0010;CL001;743;2029-09-18 00:00:00;2029-09-19 00:00:00;2029-08-10 00:00:00;2029-08-11 00:00:00
2029-08-07 00:00:00;SO175772;C0002;AL001;507;2029-09-11 00:00:00;2029-09-12 00:00:00;2029-08-09 00:00:00;2029-08-10 00:00:00
2029-08-07 00:00:00;SO175772;C0002;CS001;1054;2029-09-11 00:00:00;2029-09-12 00:00:00;2029-08-09 00:00:00;2029-08-10 00:00:00
2029-08-07 00:00:00;SO423600;C0010;VS005;1015;2029-09-18 00:00:00;2029-09-20 00:00:00;2029-08-10 00:00:00;2029-08-12 00:00:00
2029-08-07 00:00:00;SO423600;C0010;CT001;925;2029-09-18 00:00:00;2029-09-26 00:00:00;2029-08-10 00:00:00;2029-08-18 00:00:00
2029-08-07 00:00:00;SO423600;C0010;AS001;1145;2029-09-18 00:00:00;2029-09-25 00:00:00;2029-08-10 00:00:00;2029-08-17 00:00:00
2029-08-07 00:00:00;SO423600;C0010;AS002;1326;2029-09-18 00:00:00;2029-09-23 00:00:00;2029-08-10 00:00:00;2029-08-15 00:00:00
2029-08-07 00:00:00;SO175772;C0002;AS005;382;2029-09-11 00:00:00;2029-09-03 00:00:00;2029-08-09 00:00:00;2029-08-01 00:00:00
2029-08-07 00:00:00;SO175772;C0002;CS002;1167;2029-09-11 00:00:00;2029-09-04 00:00:00;2029-08-09 00:00:00;2029-08-02 00:00:00
2029-08-07 00:00:00;SO423600;C0010;AS004;707;2029-09-18 00:00:00;2029-09-08 00:00:00;2029-08-10 00:00:00;2029-07-31 00:00:00
2029-08-08 00:00:00;SO600950;C0017;AS001;316;2029-10-03 00:00:00;2029-10-07 00:00:00;2029-08-12 00:00:00;2029-08-16 00:00:00
2029-08-08 00:00:00;SO953750;C0004;CS002;579;2029-08-22 00:00:00;2029-08-29 00:00:00;2029-08-10 00:00:00;2029-08-17 00:00:00
2029-08-08 00:00:00;SO695471;C0008;VS004;802;2029-10-03 00:00:00;2029-10-10 00:00:00;2029-08-11 00:00:00;2029-08-18 00:00:00
2029-08-08 00:00:00;SO167094;C0012;AT002;424;2029-09-05 00:00:00;2029-09-14 00:00:00;2029-08-11 00:00:00;2029-08-20 00:00:00
2029-08-08 00:00:00;SO167094;C0012;AS002;1171;2029-09-05 00:00:00;2029-08-30 00:00:00;2029-08-11 00:00:00;2029-08-05 00:00:00
2029-08-08 00:00:00;SO953750;C0004;AS001;1249;2029-08-22 00:00:00;2029-08-21 00:00:00;2029-08-10 00:00:00;2029-08-09 00:00:00
2029-08-08 00:00:00;SO600950;C0017;AS002;1063;2029-10-03 00:00:00;2029-10-04 00:00:00;2029-08-12 00:00:00;2029-08-13 00:00:00
2029-08-08 00:00:00;SO167094;C0012;AS005;954;2029-09-05 00:00:00;2029-09-15 00:00:00;2029-08-11 00:00:00;2029-08-21 00:00:00
2029-08-08 00:00:00;SO600950;C0017;CL001;573;2029-10-03 00:00:00;2029-10-04 00:00:00;2029-08-12 00:00:00;2029-08-13 00:00:00
2029-08-08 00:00:00;SO953750;C0004;AS003;1089;2029-08-22 00:00:00;2029-08-28 00:00:00;2029-08-10 00:00:00;2029-08-16 00:00:00
2029-08-08 00:00:00;SO953750;C0004;CS001;1388;2029-08-22 00:00:00;2029-08-26 00:00:00;2029-08-10 00:00:00;2029-08-14 00:00:00
2029-08-08 00:00:00;SO600950;C0017;AS005;1001;2029-10-03 00:00:00;2029-09-23 00:00:00;2029-08-12 00:00:00;2029-08-02 00:00:00
2029-08-08 00:00:00;SO167094;C0012;CL001;1475;2029-09-05 00:00:00;2029-09-05 00:00:00;2029-08-11 00:00:00;2029-08-11 00:00:00
2029-08-08 00:00:00;SO600950;C0017;AS003;798;2029-10-03 00:00:00;2029-10-07 00:00:00;2029-08-12 00:00:00;2029-08-16 00:00:00
2029-08-08 00:00:00;SO600950;C0017;VS004;569;2029-10-03 00:00:00;2029-10-11 00:00:00;2029-08-12 00:00:00;2029-08-20 00:00:00
2029-08-08 00:00:00;SO600950;C0017;CS002;917;2029-10-03 00:00:00;2029-10-06 00:00:00;2029-08-12 00:00:00;2029-08-15 00:00:00
2029-08-08 00:00:00;SO953750;C0004;CT001;941;2029-08-22 00:00:00;2029-08-21 00:00:00;2029-08-10 00:00:00;2029-08-09 00:00:00
2029-08-08 00:00:00;SO953750;C0004;AS002;878;2029-08-22 00:00:00;2029-08-12 00:00:00;2029-08-10 00:00:00;2029-07-31 00:00:00
2029-08-09 00:00:00;SO601091;C0020;CS001;375;2029-10-04 00:00:00;2029-09-25 00:00:00;2029-08-13 00:00:00;2029-08-04 00:00:00
2029-08-09 00:00:00;SO213102;C0013;AL001;976;2029-09-06 00:00:00;2029-09-09 00:00:00;2029-08-13 00:00:00;2029-08-16 00:00:00
2029-08-09 00:00:00;SO213102;C0013;VS005;595;2029-09-06 00:00:00;2029-09-08 00:00:00;2029-08-13 00:00:00;2029-08-15 00:00:00
2029-08-09 00:00:00;SO601091;C0020;CT002;1116;2029-10-04 00:00:00;2029-10-11 00:00:00;2029-08-13 00:00:00;2029-08-20 00:00:00
2029-08-09 00:00:00;SO601091;C0020;AS005;1031;2029-10-04 00:00:00;2029-10-11 00:00:00;2029-08-13 00:00:00;2029-08-20 00:00:00
2029-08-09 00:00:00;SO213102;C0013;CL002;727;2029-09-06 00:00:00;2029-09-14 00:00:00;2029-08-13 00:00:00;2029-08-21 00:00:00
2029-08-09 00:00:00;SO601091;C0020;VS005;802;2029-10-04 00:00:00;2029-10-03 00:00:00;2029-08-13 00:00:00;2029-08-12 00:00:00
2029-08-09 00:00:00;SO213102;C0013;AS005;830;2029-09-06 00:00:00;2029-09-08 00:00:00;2029-08-13 00:00:00;2029-08-15 00:00:00
2029-08-09 00:00:00;SO213102;C0013;CS002;817;2029-09-06 00:00:00;2029-09-12 00:00:00;2029-08-13 00:00:00;2029-08-19 00:00:00
2029-08-09 00:00:00;SO601091;C0020;AS001;1346;2029-10-04 00:00:00;2029-10-05 00:00:00;2029-08-13 00:00:00;2029-08-14 00:00:00
2029-08-09 00:00:00;SO213102;C0013;AS003;1044;2029-09-06 00:00:00;2029-09-01 00:00:00;2029-08-13 00:00:00;2029-08-08 00:00:00
2029-08-09 00:00:00;SO601091;C0020;AT002;1105;2029-10-04 00:00:00;2029-10-10 00:00:00;2029-08-13 00:00:00;2029-08-19 00:00:00
2029-08-09 00:00:00;SO601091;C0020;AS004;596;2029-10-04 00:00:00;2029-10-08 00:00:00;2029-08-13 00:00:00;2029-08-17 00:00:00
2029-08-09 00:00:00;SO601091;C0020;AS003;572;2029-10-04 00:00:00;2029-09-28 00:00:00;2029-08-13 00:00:00;2029-08-07 00:00:00
2029-08-09 00:00:00;SO601091;C0020;AS002;645;2029-10-04 00:00:00;2029-09-29 00:00:00;2029-08-13 00:00:00;2029-08-08 00:00:00
2029-08-09 00:00:00;SO213102;C0013;AS004;1062;2029-09-06 00:00:00;2029-09-10 00:00:00;2029-08-13 00:00:00;2029-08-17 00:00:00
2029-08-09 00:00:00;SO601091;C0020;VS004;556;2029-10-04 00:00:00;2029-10-13 00:00:00;2029-08-13 00:00:00;2029-08-22 00:00:00
2029-08-10 00:00:00;SO774849;C0015;AS002;567;2029-09-21 00:00:00;2029-10-01 00:00:00;2029-08-14 00:00:00;2029-08-24 00:00:00
2029-08-10 00:00:00;SO372414;C0027;AS001;604;2029-09-21 00:00:00;2029-09-27 00:00:00;2029-08-18 00:00:00;2029-08-24 00:00:00
2029-08-10 00:00:00;SO372414;C0027;AS002;1192;2029-09-21 00:00:00;2029-09-19 00:00:00;2029-08-18 00:00:00;2029-08-16 00:00:00
2029-08-10 00:00:00;SO774849;C0015;AS001;1343;2029-09-21 00:00:00;2029-09-11 00:00:00;2029-08-14 00:00:00;2029-08-04 00:00:00
2029-08-10 00:00:00;SO372414;C0027;CL002;573;2029-09-21 00:00:00;2029-09-30 00:00:00;2029-08-18 00:00:00;2029-08-27 00:00:00
2029-08-10 00:00:00;SO372414;C0027;VS004;736;2029-09-21 00:00:00;2029-09-28 00:00:00;2029-08-18 00:00:00;2029-08-25 00:00:00
2029-08-10 00:00:00;SO774849;C0015;CL002;657;2029-09-21 00:00:00;2029-09-29 00:00:00;2029-08-14 00:00:00;2029-08-22 00:00:00
2029-08-10 00:00:00;SO774849;C0015;VS005;900;2029-09-21 00:00:00;2029-09-26 00:00:00;2029-08-14 00:00:00;2029-08-19 00:00:00
2029-08-10 00:00:00;SO372414;C0027;CT002;497;2029-09-21 00:00:00;2029-09-13 00:00:00;2029-08-18 00:00:00;2029-08-10 00:00:00
2029-08-10 00:00:00;SO774849;C0015;CS001;536;2029-09-21 00:00:00;2029-09-18 00:00:00;2029-08-14 00:00:00;2029-08-11 00:00:00
2029-08-10 00:00:00;SO774849;C0015;VS004;845;2029-09-21 00:00:00;2029-09-11 00:00:00;2029-08-14 00:00:00;2029-08-04 00:00:00
2029-08-10 00:00:00;SO372414;C0027;AS004;1141;2029-09-21 00:00:00;2029-09-15 00:00:00;2029-08-18 00:00:00;2029-08-12 00:00:00
2029-08-10 00:00:00;SO774849;C0015;CT001;1101;2029-09-21 00:00:00;2029-09-20 00:00:00;2029-08-14 00:00:00;2029-08-13 00:00:00
2029-08-10 00:00:00;SO774849;C0015;CT002;1236;2029-09-21 00:00:00;2029-10-01 00:00:00;2029-08-14 00:00:00;2029-08-24 00:00:00
2029-08-10 00:00:00;SO774849;C0015;AS005;1227;2029-09-21 00:00:00;2029-09-13 00:00:00;2029-08-14 00:00:00;2029-08-06 00:00:00
2029-08-13 00:00:00;SO460462;C0006;CL001;890;2029-10-15 00:00:00;2029-10-06 00:00:00;2029-08-15 00:00:00;2029-08-06 00:00:00
2029-08-13 00:00:00;SO539809;C0023;AL001;707;2029-09-17 00:00:00;2029-09-17 00:00:00;2029-08-17 00:00:00;2029-08-17 00:00:00
2029-08-13 00:00:00;SO522030;C0011;VS005;330;2029-09-17 00:00:00;2029-09-13 00:00:00;2029-08-16 00:00:00;2029-08-12 00:00:00
2029-08-13 00:00:00;SO312116;C0002;AS005;600;2029-09-17 00:00:00;2029-09-25 00:00:00;2029-08-15 00:00:00;2029-08-23 00:00:00
2029-08-13 00:00:00;SO522030;C0011;AS002;1023;2029-09-17 00:00:00;2029-09-09 00:00:00;2029-08-16 00:00:00;2029-08-08 00:00:00
2029-08-13 00:00:00;SO312116;C0002;AS003;514;2029-09-17 00:00:00;2029-09-11 00:00:00;2029-08-15 00:00:00;2029-08-09 00:00:00
2029-08-13 00:00:00;SO539809;C0023;AT002;406;2029-09-17 00:00:00;2029-09-23 00:00:00;2029-08-17 00:00:00;2029-08-23 00:00:00
2029-08-13 00:00:00;SO522030;C0011;CL001;1201;2029-09-17 00:00:00;2029-09-23 00:00:00;2029-08-16 00:00:00;2029-08-22 00:00:00
2029-08-13 00:00:00;SO539809;C0023;CT002;806;2029-09-17 00:00:00;2029-09-27 00:00:00;2029-08-17 00:00:00;2029-08-27 00:00:00
2029-08-13 00:00:00;SO312116;C0002;CT002;664;2029-09-17 00:00:00;2029-09-22 00:00:00;2029-08-15 00:00:00;2029-08-20 00:00:00
2029-08-13 00:00:00;SO522030;C0011;CT002;486;2029-09-17 00:00:00;2029-09-25 00:00:00;2029-08-16 00:00:00;2029-08-24 00:00:00
2029-08-13 00:00:00;SO522030;C0011;AS003;685;2029-09-17 00:00:00;2029-09-07 00:00:00;2029-08-16 00:00:00;2029-08-06 00:00:00
2029-08-14 00:00:00;SO574428;C0015;VS005;1083;2029-09-25 00:00:00;2029-09-15 00:00:00;2029-08-18 00:00:00;2029-08-08 00:00:00
2029-08-14 00:00:00;SO975185;C0021;CL001;894;2029-08-28 00:00:00;2029-08-26 00:00:00;2029-08-18 00:00:00;2029-08-16 00:00:00
2029-08-14 00:00:00;SO975185;C0021;AS003;1336;2029-08-28 00:00:00;2029-09-02 00:00:00;2029-08-18 00:00:00;2029-08-23 00:00:00
2029-08-14 00:00:00;SO574428;C0015;AT002;1083;2029-09-25 00:00:00;2029-09-30 00:00:00;2029-08-18 00:00:00;2029-08-23 00:00:00
2029-08-14 00:00:00;SO975185;C0021;CS002;366;2029-08-28 00:00:00;2029-08-27 00:00:00;2029-08-18 00:00:00;2029-08-17 00:00:00
2029-08-14 00:00:00;SO975185;C0021;VS004;1192;2029-08-28 00:00:00;2029-09-04 00:00:00;2029-08-18 00:00:00;2029-08-25 00:00:00
2029-08-14 00:00:00;SO574428;C0015;CT001;420;2029-09-25 00:00:00;2029-09-25 00:00:00;2029-08-18 00:00:00;2029-08-18 00:00:00
2029-08-14 00:00:00;SO975185;C0021;AS004;790;2029-08-28 00:00:00;2029-09-03 00:00:00;2029-08-18 00:00:00;2029-08-24 00:00:00
2029-08-14 00:00:00;SO574428;C0015;AS002;922;2029-09-25 00:00:00;2029-09-21 00:00:00;2029-08-18 00:00:00;2029-08-14 00:00:00
2029-08-14 00:00:00;SO574428;C0015;CL001;985;2029-09-25 00:00:00;2029-09-20 00:00:00;2029-08-18 00:00:00;2029-08-13 00:00:00
2029-08-14 00:00:00;SO574428;C0015;CS002;961;2029-09-25 00:00:00;2029-09-17 00:00:00;2029-08-18 00:00:00;2029-08-10 00:00:00
2029-08-14 00:00:00;SO574428;C0015;VS004;1342;2029-09-25 00:00:00;2029-09-27 00:00:00;2029-08-18 00:00:00;2029-08-20 00:00:00
2029-08-14 00:00:00;SO975185;C0021;CL002;1342;2029-08-28 00:00:00;2029-08-21 00:00:00;2029-08-18 00:00:00;2029-08-11 00:00:00
2029-08-14 00:00:00;SO574428;C0015;AS004;1132;2029-09-25 00:00:00;2029-09-26 00:00:00;2029-08-18 00:00:00;2029-08-19 00:00:00
2029-08-15 00:00:00;SO183641;C0014;VS005;1113;2029-09-19 00:00:00;2029-09-12 00:00:00;2029-08-19 00:00:00;2029-08-12 00:00:00
2029-08-15 00:00:00;SO961611;C0012;AS005;779;2029-09-12 00:00:00;2029-09-05 00:00:00;2029-08-18 00:00:00;2029-08-11 00:00:00
2029-08-15 00:00:00;SO752703;C0024;AS005;793;2029-09-12 00:00:00;2029-09-11 00:00:00;2029-08-19 00:00:00;2029-08-18 00:00:00
2029-08-15 00:00:00;SO202953;C0018;CS001;1144;2029-10-17 00:00:00;2029-10-12 00:00:00;2029-08-19 00:00:00;2029-08-14 00:00:00
2029-08-15 00:00:00;SO752703;C0024;AL001;1201;2029-09-12 00:00:00;2029-09-13 00:00:00;2029-08-19 00:00:00;2029-08-20 00:00:00
2029-08-15 00:00:00;SO961611;C0012;CL002;1105;2029-09-12 00:00:00;2029-09-15 00:00:00;2029-08-18 00:00:00;2029-08-21 00:00:00
2029-08-15 00:00:00;SO202953;C0018;AS002;1248;2029-10-17 00:00:00;2029-10-12 00:00:00;2029-08-19 00:00:00;2029-08-14 00:00:00
2029-08-15 00:00:00;SO202953;C0018;CT001;773;2029-10-17 00:00:00;2029-10-09 00:00:00;2029-08-19 00:00:00;2029-08-11 00:00:00
2029-08-15 00:00:00;SO183641;C0014;CS002;1459;2029-09-19 00:00:00;2029-09-27 00:00:00;2029-08-19 00:00:00;2029-08-27 00:00:00
2029-08-15 00:00:00;SO752703;C0024;CS002;1079;2029-09-12 00:00:00;2029-09-16 00:00:00;2029-08-19 00:00:00;2029-08-23 00:00:00
2029-08-15 00:00:00;SO752703;C0024;CL002;1054;2029-09-12 00:00:00;2029-09-14 00:00:00;2029-08-19 00:00:00;2029-08-21 00:00:00
2029-08-15 00:00:00;SO752703;C0024;AS003;385;2029-09-12 00:00:00;2029-09-13 00:00:00;2029-08-19 00:00:00;2029-08-20 00:00:00
2029-08-15 00:00:00;SO202953;C0018;AS001;786;2029-10-17 00:00:00;2029-10-16 00:00:00;2029-08-19 00:00:00;2029-08-18 00:00:00
2029-08-15 00:00:00;SO752703;C0024;AT002;727;2029-09-12 00:00:00;2029-09-13 00:00:00;2029-08-19 00:00:00;2029-08-20 00:00:00
2029-08-15 00:00:00;SO202953;C0018;AL001;965;2029-10-17 00:00:00;2029-10-16 00:00:00;2029-08-19 00:00:00;2029-08-18 00:00:00
2029-08-15 00:00:00;SO202953;C0018;AT002;564;2029-10-17 00:00:00;2029-10-12 00:00:00;2029-08-19 00:00:00;2029-08-14 00:00:00
2029-08-15 00:00:00;SO183641;C0014;AS004;1058;2029-09-19 00:00:00;2029-09-18 00:00:00;2029-08-19 00:00:00;2029-08-18 00:00:00
2029-08-15 00:00:00;SO961611;C0012;AS004;1128;2029-09-12 00:00:00;2029-09-04 00:00:00;2029-08-18 00:00:00;2029-08-10 00:00:00
2029-08-15 00:00:00;SO961611;C0012;VS005;1205;2029-09-12 00:00:00;2029-09-18 00:00:00;2029-08-18 00:00:00;2029-08-24 00:00:00
2029-08-15 00:00:00;SO961611;C0012;AS002;1108;2029-09-12 00:00:00;2029-09-12 00:00:00;2029-08-18 00:00:00;2029-08-18 00:00:00
2029-08-16 00:00:00;SO347664;C0017;VS004;425;2029-10-11 00:00:00;2029-10-08 00:00:00;2029-08-20 00:00:00;2029-08-17 00:00:00
2029-08-16 00:00:00;SO336831;C0010;AS002;864;2029-09-27 00:00:00;2029-09-27 00:00:00;2029-08-19 00:00:00;2029-08-19 00:00:00
2029-08-16 00:00:00;SO150602;C0023;AS003;1196;2029-09-20 00:00:00;2029-09-15 00:00:00;2029-08-20 00:00:00;2029-08-15 00:00:00
2029-08-16 00:00:00;SO336831;C0010;CS001;1382;2029-09-27 00:00:00;2029-09-26 00:00:00;2029-08-19 00:00:00;2029-08-18 00:00:00
2029-08-16 00:00:00;SO336831;C0010;AS005;921;2029-09-27 00:00:00;2029-09-28 00:00:00;2029-08-19 00:00:00;2029-08-20 00:00:00
2029-08-16 00:00:00;SO336831;C0010;CS002;497;2029-09-27 00:00:00;2029-09-17 00:00:00;2029-08-19 00:00:00;2029-08-09 00:00:00
2029-08-16 00:00:00;SO347664;C0017;AL001;724;2029-10-11 00:00:00;2029-10-06 00:00:00;2029-08-20 00:00:00;2029-08-15 00:00:00
2029-08-16 00:00:00;SO336831;C0010;CL002;1205;2029-09-27 00:00:00;2029-09-17 00:00:00;2029-08-19 00:00:00;2029-08-09 00:00:00
2029-08-16 00:00:00;SO347664;C0017;AS003;996;2029-10-11 00:00:00;2029-10-18 00:00:00;2029-08-20 00:00:00;2029-08-27 00:00:00
2029-08-16 00:00:00;SO150602;C0023;VS004;670;2029-09-20 00:00:00;2029-09-19 00:00:00;2029-08-20 00:00:00;2029-08-19 00:00:00
2029-08-16 00:00:00;SO347664;C0017;AT002;489;2029-10-11 00:00:00;2029-10-05 00:00:00;2029-08-20 00:00:00;2029-08-14 00:00:00
2029-08-16 00:00:00;SO347664;C0017;AS004;926;2029-10-11 00:00:00;2029-10-07 00:00:00;2029-08-20 00:00:00;2029-08-16 00:00:00
2029-08-16 00:00:00;SO336831;C0010;CL001;559;2029-09-27 00:00:00;2029-10-07 00:00:00;2029-08-19 00:00:00;2029-08-29 00:00:00
2029-08-16 00:00:00;SO336831;C0010;AS001;1287;2029-09-27 00:00:00;2029-10-04 00:00:00;2029-08-19 00:00:00;2029-08-26 00:00:00
2029-08-17 00:00:00;SO455084;C0011;CS001;1035;2029-09-21 00:00:00;2029-09-13 00:00:00;2029-08-20 00:00:00;2029-08-12 00:00:00
2029-08-17 00:00:00;SO447811;C0010;AL001;367;2029-09-28 00:00:00;2029-09-23 00:00:00;2029-08-20 00:00:00;2029-08-15 00:00:00
2029-08-17 00:00:00;SO809543;C0027;CS001;763;2029-09-28 00:00:00;2029-09-22 00:00:00;2029-08-25 00:00:00;2029-08-19 00:00:00
2029-08-17 00:00:00;SO455084;C0011;AT002;1043;2029-09-21 00:00:00;2029-09-28 00:00:00;2029-08-20 00:00:00;2029-08-27 00:00:00
2029-08-17 00:00:00;SO455084;C0011;CS002;1028;2029-09-21 00:00:00;2029-09-25 00:00:00;2029-08-20 00:00:00;2029-08-24 00:00:00
2029-08-17 00:00:00;SO809543;C0027;CL002;969;2029-09-28 00:00:00;2029-09-27 00:00:00;2029-08-25 00:00:00;2029-08-24 00:00:00
2029-08-17 00:00:00;SO447811;C0010;AS002;1311;2029-09-28 00:00:00;2029-09-21 00:00:00;2029-08-20 00:00:00;2029-08-13 00:00:00
2029-08-17 00:00:00;SO455084;C0011;AL001;1128;2029-09-21 00:00:00;2029-09-16 00:00:00;2029-08-20 00:00:00;2029-08-15 00:00:00
2029-08-17 00:00:00;SO447811;C0010;CS002;479;2029-09-28 00:00:00;2029-09-22 00:00:00;2029-08-20 00:00:00;2029-08-14 00:00:00
2029-08-17 00:00:00;SO447811;C0010;VS005;568;2029-09-28 00:00:00;2029-10-04 00:00:00;2029-08-20 00:00:00;2029-08-26 00:00:00
2029-08-17 00:00:00;SO447811;C0010;AS001;482;2029-09-28 00:00:00;2029-10-08 00:00:00;2029-08-20 00:00:00;2029-08-30 00:00:00
2029-08-17 00:00:00;SO447811;C0010;CT002;1097;2029-09-28 00:00:00;2029-10-07 00:00:00;2029-08-20 00:00:00;2029-08-29 00:00:00
2029-08-17 00:00:00;SO447811;C0010;CL002;1108;2029-09-28 00:00:00;2029-10-01 00:00:00;2029-08-20 00:00:00;2029-08-23 00:00:00
2029-08-17 00:00:00;SO809543;C0027;CS002;1502;2029-09-28 00:00:00;2029-09-29 00:00:00;2029-08-25 00:00:00;2029-08-26 00:00:00
2029-08-20 00:00:00;SO536546;C0007;AS004;1024;2029-10-22 00:00:00;2029-10-14 00:00:00;2029-08-23 00:00:00;2029-08-15 00:00:00
2029-08-20 00:00:00;SO301314;C0025;CT001;1148;2029-09-17 00:00:00;2029-09-18 00:00:00;2029-08-28 00:00:00;2029-08-29 00:00:00
2029-08-20 00:00:00;SO727635;C0027;CS002;1062;2029-10-01 00:00:00;2029-09-30 00:00:00;2029-08-28 00:00:00;2029-08-27 00:00:00
2029-08-20 00:00:00;SO663273;C0015;CS002;712;2029-10-01 00:00:00;2029-09-28 00:00:00;2029-08-24 00:00:00;2029-08-21 00:00:00
2029-08-20 00:00:00;SO301314;C0025;AS004;861;2029-09-17 00:00:00;2029-09-26 00:00:00;2029-08-28 00:00:00;2029-09-06 00:00:00
2029-08-20 00:00:00;SO536546;C0007;CS002;976;2029-10-22 00:00:00;2029-10-17 00:00:00;2029-08-23 00:00:00;2029-08-18 00:00:00
2029-08-20 00:00:00;SO536546;C0007;CT002;927;2029-10-22 00:00:00;2029-10-27 00:00:00;2029-08-23 00:00:00;2029-08-28 00:00:00
2029-08-20 00:00:00;SO301314;C0025;CT002;507;2029-09-17 00:00:00;2029-09-12 00:00:00;2029-08-28 00:00:00;2029-08-23 00:00:00
2029-08-20 00:00:00;SO727635;C0027;VS005;938;2029-10-01 00:00:00;2029-10-05 00:00:00;2029-08-28 00:00:00;2029-09-01 00:00:00
2029-08-20 00:00:00;SO663273;C0015;AS002;860;2029-10-01 00:00:00;2029-10-03 00:00:00;2029-08-24 00:00:00;2029-08-26 00:00:00
2029-08-20 00:00:00;SO301314;C0025;AS001;620;2029-09-17 00:00:00;2029-09-23 00:00:00;2029-08-28 00:00:00;2029-09-03 00:00:00
2029-08-20 00:00:00;SO301314;C0025;CS002;943;2029-09-17 00:00:00;2029-09-10 00:00:00;2029-08-28 00:00:00;2029-08-21 00:00:00
2029-08-20 00:00:00;SO301314;C0025;CL001;420;2029-09-17 00:00:00;2029-09-10 00:00:00;2029-08-28 00:00:00;2029-08-21 00:00:00
2029-08-21 00:00:00;SO128478;C0011;VS005;545;2029-09-25 00:00:00;2029-09-21 00:00:00;2029-08-24 00:00:00;2029-08-20 00:00:00
2029-08-21 00:00:00;SO538325;C0021;CL002;591;2029-09-04 00:00:00;2029-09-13 00:00:00;2029-08-25 00:00:00;2029-09-03 00:00:00
2029-08-21 00:00:00;SO873841;C0012;CT002;1167;2029-09-18 00:00:00;2029-09-21 00:00:00;2029-08-24 00:00:00;2029-08-27 00:00:00
2029-08-21 00:00:00;SO128478;C0011;AS003;1182;2029-09-25 00:00:00;2029-09-17 00:00:00;2029-08-24 00:00:00;2029-08-16 00:00:00
2029-08-21 00:00:00;SO538325;C0021;AS002;1117;2029-09-04 00:00:00;2029-09-01 00:00:00;2029-08-25 00:00:00;2029-08-22 00:00:00
2029-08-21 00:00:00;SO128478;C0011;AS001;1178;2029-09-25 00:00:00;2029-09-24 00:00:00;2029-08-24 00:00:00;2029-08-23 00:00:00
2029-08-21 00:00:00;SO538325;C0021;AS004;447;2029-09-04 00:00:00;2029-09-11 00:00:00;2029-08-25 00:00:00;2029-09-01 00:00:00
2029-08-21 00:00:00;SO128478;C0011;CT001;878;2029-09-25 00:00:00;2029-09-29 00:00:00;2029-08-24 00:00:00;2029-08-28 00:00:00
2029-08-21 00:00:00;SO128478;C0011;AS004;428;2029-09-25 00:00:00;2029-10-02 00:00:00;2029-08-24 00:00:00;2029-08-31 00:00:00
2029-08-21 00:00:00;SO128478;C0011;CT002;596;2029-09-25 00:00:00;2029-09-23 00:00:00;2029-08-24 00:00:00;2029-08-22 00:00:00
2029-08-21 00:00:00;SO128478;C0011;CL001;400;2029-09-25 00:00:00;2029-10-02 00:00:00;2029-08-24 00:00:00;2029-08-31 00:00:00
2029-08-21 00:00:00;SO128478;C0011;AT002;992;2029-09-25 00:00:00;2029-10-04 00:00:00;2029-08-24 00:00:00;2029-09-02 00:00:00
2029-08-21 00:00:00;SO873841;C0012;AS001;1019;2029-09-18 00:00:00;2029-09-27 00:00:00;2029-08-24 00:00:00;2029-09-02 00:00:00
2029-08-21 00:00:00;SO873841;C0012;CS001;1436;2029-09-18 00:00:00;2029-09-22 00:00:00;2029-08-24 00:00:00;2029-08-28 00:00:00
2029-08-21 00:00:00;SO538325;C0021;VS005;1276;2029-09-04 00:00:00;2029-09-10 00:00:00;2029-08-25 00:00:00;2029-08-31 00:00:00
2029-08-21 00:00:00;SO538325;C0021;AS001;707;2029-09-04 00:00:00;2029-09-05 00:00:00;2029-08-25 00:00:00;2029-08-26 00:00:00
2029-08-21 00:00:00;SO873841;C0012;CS002;956;2029-09-18 00:00:00;2029-09-28 00:00:00;2029-08-24 00:00:00;2029-09-03 00:00:00
2029-08-21 00:00:00;SO128478;C0011;AS002;606;2029-09-25 00:00:00;2029-09-20 00:00:00;2029-08-24 00:00:00;2029-08-19 00:00:00
2029-08-21 00:00:00;SO538325;C0021;AS003;1133;2029-09-04 00:00:00;2029-09-12 00:00:00;2029-08-25 00:00:00;2029-09-02 00:00:00
2029-08-21 00:00:00;SO128478;C0011;CS002;1149;2029-09-25 00:00:00;2029-09-30 00:00:00;2029-08-24 00:00:00;2029-08-29 00:00:00
2029-08-22 00:00:00;SO636074;C0018;CL001;626;2029-10-24 00:00:00;2029-10-19 00:00:00;2029-08-26 00:00:00;2029-08-21 00:00:00
2029-08-22 00:00:00;SO919703;C0008;AS004;1067;2029-10-17 00:00:00;2029-10-12 00:00:00;2029-08-25 00:00:00;2029-08-20 00:00:00
2029-08-22 00:00:00;SO217022;C0020;CT001;956;2029-10-17 00:00:00;2029-10-16 00:00:00;2029-08-26 00:00:00;2029-08-25 00:00:00
2029-08-22 00:00:00;SO129038;C0009;AS001;1227;2029-09-05 00:00:00;2029-09-07 00:00:00;2029-08-25 00:00:00;2029-08-27 00:00:00
2029-08-22 00:00:00;SO919703;C0008;AL001;1206;2029-10-17 00:00:00;2029-10-10 00:00:00;2029-08-25 00:00:00;2029-08-18 00:00:00
2029-08-22 00:00:00;SO636074;C0018;CT001;927;2029-10-24 00:00:00;2029-10-14 00:00:00;2029-08-26 00:00:00;2029-08-16 00:00:00
2029-08-22 00:00:00;SO217022;C0020;AT002;1061;2029-10-17 00:00:00;2029-10-09 00:00:00;2029-08-26 00:00:00;2029-08-18 00:00:00
2029-08-22 00:00:00;SO919703;C0008;VS005;638;2029-10-17 00:00:00;2029-10-25 00:00:00;2029-08-25 00:00:00;2029-09-02 00:00:00
2029-08-22 00:00:00;SO919703;C0008;AS003;1305;2029-10-17 00:00:00;2029-10-16 00:00:00;2029-08-25 00:00:00;2029-08-24 00:00:00
2029-08-22 00:00:00;SO919703;C0008;CT001;1375;2029-10-17 00:00:00;2029-10-18 00:00:00;2029-08-25 00:00:00;2029-08-26 00:00:00
2029-08-22 00:00:00;SO636074;C0018;VS004;1022;2029-10-24 00:00:00;2029-10-28 00:00:00;2029-08-26 00:00:00;2029-08-30 00:00:00
2029-08-22 00:00:00;SO129038;C0009;AS002;1077;2029-09-05 00:00:00;2029-09-07 00:00:00;2029-08-25 00:00:00;2029-08-27 00:00:00
2029-08-22 00:00:00;SO919703;C0008;CL001;930;2029-10-17 00:00:00;2029-10-13 00:00:00;2029-08-25 00:00:00;2029-08-21 00:00:00
2029-08-22 00:00:00;SO919703;C0008;CL002;886;2029-10-17 00:00:00;2029-10-16 00:00:00;2029-08-25 00:00:00;2029-08-24 00:00:00
2029-08-22 00:00:00;SO217022;C0020;AS003;436;2029-10-17 00:00:00;2029-10-24 00:00:00;2029-08-26 00:00:00;2029-09-02 00:00:00
2029-08-23 00:00:00;SO244894;C0001;AS002;389;2029-09-20 00:00:00;2029-09-14 00:00:00;2029-08-25 00:00:00;2029-08-19 00:00:00
2029-08-23 00:00:00;SO189592;C0019;VS004;818;2029-10-25 00:00:00;2029-10-30 00:00:00;2029-08-27 00:00:00;2029-09-01 00:00:00
2029-08-23 00:00:00;SO244894;C0001;AS001;637;2029-09-20 00:00:00;2029-09-13 00:00:00;2029-08-25 00:00:00;2029-08-18 00:00:00
2029-08-23 00:00:00;SO189592;C0019;AS003;1262;2029-10-25 00:00:00;2029-11-04 00:00:00;2029-08-27 00:00:00;2029-09-06 00:00:00
2029-08-23 00:00:00;SO189592;C0019;AS002;623;2029-10-25 00:00:00;2029-10-28 00:00:00;2029-08-27 00:00:00;2029-08-30 00:00:00
2029-08-23 00:00:00;SO244894;C0001;CL001;694;2029-09-20 00:00:00;2029-09-10 00:00:00;2029-08-25 00:00:00;2029-08-15 00:00:00
2029-08-23 00:00:00;SO189592;C0019;CT001;672;2029-10-25 00:00:00;2029-10-25 00:00:00;2029-08-27 00:00:00;2029-08-27 00:00:00
2029-08-23 00:00:00;SO189592;C0019;AS001;805;2029-10-25 00:00:00;2029-10-17 00:00:00;2029-08-27 00:00:00;2029-08-19 00:00:00
2029-08-23 00:00:00;SO244894;C0001;AS005;468;2029-09-20 00:00:00;2029-09-29 00:00:00;2029-08-25 00:00:00;2029-09-03 00:00:00
2029-08-23 00:00:00;SO244894;C0001;CT001;1258;2029-09-20 00:00:00;2029-09-23 00:00:00;2029-08-25 00:00:00;2029-08-28 00:00:00
2029-08-23 00:00:00;SO189592;C0019;CT002;1034;2029-10-25 00:00:00;2029-10-29 00:00:00;2029-08-27 00:00:00;2029-08-31 00:00:00
2029-08-23 00:00:00;SO189592;C0019;CS002;401;2029-10-25 00:00:00;2029-10-26 00:00:00;2029-08-27 00:00:00;2029-08-28 00:00:00
2029-08-23 00:00:00;SO244894;C0001;AS004;984;2029-09-20 00:00:00;2029-09-16 00:00:00;2029-08-25 00:00:00;2029-08-21 00:00:00
2029-08-23 00:00:00;SO244894;C0001;CL002;532;2029-09-20 00:00:00;2029-09-22 00:00:00;2029-08-25 00:00:00;2029-08-27 00:00:00
2029-08-23 00:00:00;SO244894;C0001;AS003;686;2029-09-20 00:00:00;2029-09-30 00:00:00;2029-08-25 00:00:00;2029-09-04 00:00:00
2029-08-23 00:00:00;SO244894;C0001;CS001;454;2029-09-20 00:00:00;2029-09-29 00:00:00;2029-08-25 00:00:00;2029-09-03 00:00:00
2029-08-24 00:00:00;SO923835;C0004;AS004;1315;2029-09-07 00:00:00;2029-09-14 00:00:00;2029-08-26 00:00:00;2029-09-02 00:00:00
2029-08-24 00:00:00;SO669885;C0014;CT001;997;2029-09-28 00:00:00;2029-09-25 00:00:00;2029-08-28 00:00:00;2029-08-25 00:00:00
2029-08-24 00:00:00;SO802481;C0022;AL001;1305;2029-10-05 00:00:00;2029-10-06 00:00:00;2029-08-28 00:00:00;2029-08-29 00:00:00
2029-08-24 00:00:00;SO782090;C0024;CL001;1283;2029-09-21 00:00:00;2029-09-25 00:00:00;2029-08-28 00:00:00;2029-09-01 00:00:00
2029-08-24 00:00:00;SO802481;C0022;CL002;441;2029-10-05 00:00:00;2029-09-26 00:00:00;2029-08-28 00:00:00;2029-08-19 00:00:00
2029-08-24 00:00:00;SO669885;C0014;AL001;427;2029-09-28 00:00:00;2029-10-02 00:00:00;2029-08-28 00:00:00;2029-09-01 00:00:00
2029-08-24 00:00:00;SO802481;C0022;CT001;425;2029-10-05 00:00:00;2029-10-09 00:00:00;2029-08-28 00:00:00;2029-09-01 00:00:00
2029-08-24 00:00:00;SO923835;C0004;AS003;606;2029-09-07 00:00:00;2029-09-08 00:00:00;2029-08-26 00:00:00;2029-08-27 00:00:00
2029-08-24 00:00:00;SO782090;C0024;AS005;974;2029-09-21 00:00:00;2029-09-26 00:00:00;2029-08-28 00:00:00;2029-09-02 00:00:00
2029-08-24 00:00:00;SO923835;C0004;CL001;1016;2029-09-07 00:00:00;2029-08-30 00:00:00;2029-08-26 00:00:00;2029-08-18 00:00:00
2029-08-24 00:00:00;SO669885;C0014;AS004;716;2029-09-28 00:00:00;2029-09-24 00:00:00;2029-08-28 00:00:00;2029-08-24 00:00:00
2029-08-24 00:00:00;SO669885;C0014;AS005;867;2029-09-28 00:00:00;2029-09-20 00:00:00;2029-08-28 00:00:00;2029-08-20 00:00:00
2029-08-24 00:00:00;SO923835;C0004;CT002;669;2029-09-07 00:00:00;2029-09-03 00:00:00;2029-08-26 00:00:00;2029-08-22 00:00:00
2029-08-24 00:00:00;SO782090;C0024;CS001;857;2029-09-21 00:00:00;2029-09-30 00:00:00;2029-08-28 00:00:00;2029-09-06 00:00:00
2029-08-24 00:00:00;SO923835;C0004;AT002;615;2029-09-07 00:00:00;2029-09-14 00:00:00;2029-08-26 00:00:00;2029-09-02 00:00:00
2029-08-24 00:00:00;SO669885;C0014;AS002;295;2029-09-28 00:00:00;2029-10-02 00:00:00;2029-08-28 00:00:00;2029-09-01 00:00:00
2029-08-24 00:00:00;SO782090;C0024;AS001;899;2029-09-21 00:00:00;2029-09-29 00:00:00;2029-08-28 00:00:00;2029-09-05 00:00:00
2029-08-24 00:00:00;SO802481;C0022;AS001;747;2029-10-05 00:00:00;2029-09-29 00:00:00;2029-08-28 00:00:00;2029-08-22 00:00:00
2029-08-24 00:00:00;SO923835;C0004;AS001;452;2029-09-07 00:00:00;2029-09-03 00:00:00;2029-08-26 00:00:00;2029-08-22 00:00:00
2029-08-24 00:00:00;SO802481;C0022;AT002;855;2029-10-05 00:00:00;2029-09-29 00:00:00;2029-08-28 00:00:00;2029-08-22 00:00:00
2029-08-27 00:00:00;SO484892;C0017;AS005;1135;2029-10-22 00:00:00;2029-10-17 00:00:00;2029-08-31 00:00:00;2029-08-26 00:00:00
2029-08-27 00:00:00;SO616314;C0003;CL001;1116;2029-10-08 00:00:00;2029-09-30 00:00:00;2029-08-29 00:00:00;2029-08-21 00:00:00
2029-08-27 00:00:00;SO616314;C0003;AS004;876;2029-10-08 00:00:00;2029-10-09 00:00:00;2029-08-29 00:00:00;2029-08-30 00:00:00
2029-08-27 00:00:00;SO616314;C0003;AS005;681;2029-10-08 00:00:00;2029-10-16 00:00:00;2029-08-29 00:00:00;2029-09-06 00:00:00
2029-08-27 00:00:00;SO616314;C0003;AS001;700;2029-10-08 00:00:00;2029-10-06 00:00:00;2029-08-29 00:00:00;2029-08-27 00:00:00
2029-08-27 00:00:00;SO484892;C0017;CS001;1159;2029-10-22 00:00:00;2029-10-15 00:00:00;2029-08-31 00:00:00;2029-08-24 00:00:00
2029-08-27 00:00:00;SO484892;C0017;AS001;985;2029-10-22 00:00:00;2029-10-19 00:00:00;2029-08-31 00:00:00;2029-08-28 00:00:00
2029-08-27 00:00:00;SO616314;C0003;CS002;1244;2029-10-08 00:00:00;2029-10-10 00:00:00;2029-08-29 00:00:00;2029-08-31 00:00:00
2029-08-27 00:00:00;SO616314;C0003;VS004;1133;2029-10-08 00:00:00;2029-10-05 00:00:00;2029-08-29 00:00:00;2029-08-26 00:00:00
2029-08-27 00:00:00;SO616314;C0003;CT001;550;2029-10-08 00:00:00;2029-10-14 00:00:00;2029-08-29 00:00:00;2029-09-04 00:00:00
2029-08-27 00:00:00;SO484892;C0017;AS003;542;2029-10-22 00:00:00;2029-10-19 00:00:00;2029-08-31 00:00:00;2029-08-28 00:00:00
2029-08-27 00:00:00;SO484892;C0017;AL001;723;2029-10-22 00:00:00;2029-10-14 00:00:00;2029-08-31 00:00:00;2029-08-23 00:00:00
2029-08-27 00:00:00;SO484892;C0017;CT001;497;2029-10-22 00:00:00;2029-10-29 00:00:00;2029-08-31 00:00:00;2029-09-07 00:00:00
2029-08-28 00:00:00;SO977665;C0012;CT002;961;2029-09-25 00:00:00;2029-10-05 00:00:00;2029-08-31 00:00:00;2029-09-10 00:00:00
2029-08-28 00:00:00;SO545669;C0011;AL001;786;2029-10-02 00:00:00;2029-10-04 00:00:00;2029-08-31 00:00:00;2029-09-02 00:00:00
2029-08-28 00:00:00;SO410893;C0002;CL001;389;2029-10-02 00:00:00;2029-10-08 00:00:00;2029-08-30 00:00:00;2029-09-05 00:00:00
2029-08-28 00:00:00;SO606401;C0005;AS001;961;2029-10-23 00:00:00;2029-11-02 00:00:00;2029-08-30 00:00:00;2029-09-09 00:00:00
2029-08-28 00:00:00;SO977665;C0012;AL001;899;2029-09-25 00:00:00;2029-09-28 00:00:00;2029-08-31 00:00:00;2029-09-03 00:00:00
2029-08-28 00:00:00;SO410893;C0002;CT002;647;2029-10-02 00:00:00;2029-10-03 00:00:00;2029-08-30 00:00:00;2029-08-31 00:00:00
2029-08-28 00:00:00;SO977665;C0012;AS001;1217;2029-09-25 00:00:00;2029-09-23 00:00:00;2029-08-31 00:00:00;2029-08-29 00:00:00
2029-08-28 00:00:00;SO410893;C0002;CS001;1114;2029-10-02 00:00:00;2029-10-01 00:00:00;2029-08-30 00:00:00;2029-08-29 00:00:00
2029-08-28 00:00:00;SO977665;C0012;VS004;1013;2029-09-25 00:00:00;2029-09-16 00:00:00;2029-08-31 00:00:00;2029-08-22 00:00:00
2029-08-28 00:00:00;SO977665;C0012;AS004;676;2029-09-25 00:00:00;2029-09-26 00:00:00;2029-08-31 00:00:00;2029-09-01 00:00:00
2029-08-28 00:00:00;SO545669;C0011;CS002;935;2029-10-02 00:00:00;2029-10-06 00:00:00;2029-08-31 00:00:00;2029-09-04 00:00:00
2029-08-28 00:00:00;SO545669;C0011;CL002;377;2029-10-02 00:00:00;2029-10-03 00:00:00;2029-08-31 00:00:00;2029-09-01 00:00:00
2029-08-28 00:00:00;SO977665;C0012;CL002;528;2029-09-25 00:00:00;2029-09-25 00:00:00;2029-08-31 00:00:00;2029-08-31 00:00:00
2029-08-29 00:00:00;SO482065;C0006;AT002;1009;2029-10-31 00:00:00;2029-11-06 00:00:00;2029-08-31 00:00:00;2029-09-06 00:00:00
2029-08-29 00:00:00;SO526924;C0019;AL001;1161;2029-10-31 00:00:00;2029-11-07 00:00:00;2029-09-02 00:00:00;2029-09-09 00:00:00
2029-08-29 00:00:00;SO298835;C0007;VS004;1122;2029-10-31 00:00:00;2029-11-10 00:00:00;2029-09-01 00:00:00;2029-09-11 00:00:00
2029-08-29 00:00:00;SO456141;C0025;AS002;1036;2029-09-26 00:00:00;2029-10-02 00:00:00;2029-09-06 00:00:00;2029-09-12 00:00:00
2029-08-29 00:00:00;SO526924;C0019;AS004;938;2029-10-31 00:00:00;2029-10-31 00:00:00;2029-09-02 00:00:00;2029-09-02 00:00:00
2029-08-29 00:00:00;SO482065;C0006;AS002;830;2029-10-31 00:00:00;2029-10-30 00:00:00;2029-08-31 00:00:00;2029-08-30 00:00:00
2029-08-29 00:00:00;SO456141;C0025;AS005;668;2029-09-26 00:00:00;2029-09-17 00:00:00;2029-09-06 00:00:00;2029-08-28 00:00:00
2029-08-29 00:00:00;SO526924;C0019;VS005;795;2029-10-31 00:00:00;2029-10-24 00:00:00;2029-09-02 00:00:00;2029-08-26 00:00:00
2029-08-29 00:00:00;SO526924;C0019;AS002;814;2029-10-31 00:00:00;2029-10-29 00:00:00;2029-09-02 00:00:00;2029-08-31 00:00:00
2029-08-29 00:00:00;SO526924;C0019;AS001;1113;2029-10-31 00:00:00;2029-10-24 00:00:00;2029-09-02 00:00:00;2029-08-26 00:00:00
2029-08-29 00:00:00;SO482065;C0006;AS001;1159;2029-10-31 00:00:00;2029-10-27 00:00:00;2029-08-31 00:00:00;2029-08-27 00:00:00
2029-08-29 00:00:00;SO456141;C0025;AS001;1176;2029-09-26 00:00:00;2029-10-04 00:00:00;2029-09-06 00:00:00;2029-09-14 00:00:00
2029-08-29 00:00:00;SO456141;C0025;CL002;524;2029-09-26 00:00:00;2029-09-21 00:00:00;2029-09-06 00:00:00;2029-09-01 00:00:00
2029-08-29 00:00:00;SO526924;C0019;CS002;439;2029-10-31 00:00:00;2029-10-25 00:00:00;2029-09-02 00:00:00;2029-08-27 00:00:00
2029-08-30 00:00:00;SO520872;C0022;VS004;476;2029-10-11 00:00:00;2029-10-18 00:00:00;2029-09-03 00:00:00;2029-09-10 00:00:00
2029-08-30 00:00:00;SO866622;C0030;CT002;433;2029-11-01 00:00:00;2029-10-28 00:00:00;2029-09-07 00:00:00;2029-09-03 00:00:00
2029-08-30 00:00:00;SO961951;C0008;CL002;659;2029-10-25 00:00:00;2029-10-22 00:00:00;2029-09-02 00:00:00;2029-08-30 00:00:00
2029-08-30 00:00:00;SO949526;C0023;CL001;809;2029-10-04 00:00:00;2029-10-01 00:00:00;2029-09-03 00:00:00;2029-08-31 00:00:00
2029-08-30 00:00:00;SO961951;C0008;CS002;886;2029-10-25 00:00:00;2029-11-02 00:00:00;2029-09-02 00:00:00;2029-09-10 00:00:00
2029-08-30 00:00:00;SO520872;C0022;AS005;1273;2029-10-11 00:00:00;2029-10-10 00:00:00;2029-09-03 00:00:00;2029-09-02 00:00:00
2029-08-30 00:00:00;SO949526;C0023;AS005;554;2029-10-04 00:00:00;2029-10-04 00:00:00;2029-09-03 00:00:00;2029-09-03 00:00:00
2029-08-30 00:00:00;SO866622;C0030;AL001;579;2029-11-01 00:00:00;2029-11-05 00:00:00;2029-09-07 00:00:00;2029-09-11 00:00:00
2029-08-30 00:00:00;SO866622;C0030;AS004;1152;2029-11-01 00:00:00;2029-11-08 00:00:00;2029-09-07 00:00:00;2029-09-14 00:00:00
2029-08-30 00:00:00;SO961951;C0008;AL001;638;2029-10-25 00:00:00;2029-10-26 00:00:00;2029-09-02 00:00:00;2029-09-03 00:00:00
2029-08-30 00:00:00;SO520872;C0022;AL001;561;2029-10-11 00:00:00;2029-10-02 00:00:00;2029-09-03 00:00:00;2029-08-25 00:00:00
2029-08-30 00:00:00;SO961951;C0008;CL001;1240;2029-10-25 00:00:00;2029-10-31 00:00:00;2029-09-02 00:00:00;2029-09-08 00:00:00
2029-08-30 00:00:00;SO961951;C0008;AS003;999;2029-10-25 00:00:00;2029-10-25 00:00:00;2029-09-02 00:00:00;2029-09-02 00:00:00
2029-08-31 00:00:00;SO584138;C0022;AS001;506;2029-10-12 00:00:00;2029-10-17 00:00:00;2029-09-04 00:00:00;2029-09-09 00:00:00
2029-08-31 00:00:00;SO962464;C0014;AS002;1087;2029-10-05 00:00:00;2029-10-08 00:00:00;2029-09-04 00:00:00;2029-09-07 00:00:00
2029-08-31 00:00:00;SO584138;C0022;AS002;1079;2029-10-12 00:00:00;2029-10-21 00:00:00;2029-09-04 00:00:00;2029-09-13 00:00:00
2029-08-31 00:00:00;SO584138;C0022;AS004;859;2029-10-12 00:00:00;2029-10-16 00:00:00;2029-09-04 00:00:00;2029-09-08 00:00:00
2029-08-31 00:00:00;SO584138;C0022;VS004;822;2029-10-12 00:00:00;2029-10-19 00:00:00;2029-09-04 00:00:00;2029-09-11 00:00:00
2029-08-31 00:00:00;SO584138;C0022;AL001;830;2029-10-12 00:00:00;2029-10-22 00:00:00;2029-09-04 00:00:00;2029-09-14 00:00:00
2029-08-31 00:00:00;SO584138;C0022;CL002;828;2029-10-12 00:00:00;2029-10-13 00:00:00;2029-09-04 00:00:00;2029-09-05 00:00:00
2029-08-31 00:00:00;SO962464;C0014;CS001;1487;2029-10-05 00:00:00;2029-10-12 00:00:00;2029-09-04 00:00:00;2029-09-11 00:00:00
2029-08-31 00:00:00;SO584138;C0022;CL001;794;2029-10-12 00:00:00;2029-10-07 00:00:00;2029-09-04 00:00:00;2029-08-30 00:00:00
2029-08-31 00:00:00;SO962464;C0014;CL001;634;2029-10-05 00:00:00;2029-10-09 00:00:00;2029-09-04 00:00:00;2029-09-08 00:00:00
2029-08-31 00:00:00;SO584138;C0022;AT002;389;2029-10-12 00:00:00;2029-10-16 00:00:00;2029-09-04 00:00:00;2029-09-08 00:00:00
2029-08-31 00:00:00;SO962464;C0014;VS004;806;2029-10-05 00:00:00;2029-10-14 00:00:00;2029-09-04 00:00:00;2029-09-13 00:00:00
2029-09-03 00:00:00;SO9000023;C0025;CS003;369;2029-10-01 00:00:00;2029-09-25 00:00:00;2029-09-11 00:00:00;2029-09-05 00:00:00
2029-09-03 00:00:00;SO463273;C0001;AS003;833;2029-10-01 00:00:00;2029-10-11 00:00:00;2029-09-05 00:00:00;2029-09-15 00:00:00
2029-09-03 00:00:00;SO845554;C0029;CS001;576;2029-10-29 00:00:00;2029-10-31 00:00:00;2029-09-11 00:00:00;2029-09-13 00:00:00
2029-09-03 00:00:00;SO482683;C0002;CS003;545;2029-10-08 00:00:00;2029-10-07 00:00:00;2029-09-05 00:00:00;2029-09-04 00:00:00
2029-09-03 00:00:00;SO9000023;C0025;VS005;682;2029-10-01 00:00:00;2029-10-02 00:00:00;2029-09-11 00:00:00;2029-09-12 00:00:00
2029-09-03 00:00:00;SO463273;C0001;AS004;922;2029-10-01 00:00:00;2029-10-11 00:00:00;2029-09-05 00:00:00;2029-09-15 00:00:00
2029-09-03 00:00:00;SO9000023;C0025;CS002;1163;2029-10-01 00:00:00;2029-09-21 00:00:00;2029-09-11 00:00:00;2029-09-01 00:00:00
2029-09-03 00:00:00;SO482683;C0002;AS003;883;2029-10-08 00:00:00;2029-10-16 00:00:00;2029-09-05 00:00:00;2029-09-13 00:00:00
2029-09-03 00:00:00;SO482683;C0002;AL002;386;2029-10-08 00:00:00;2029-09-28 00:00:00;2029-09-05 00:00:00;2029-08-26 00:00:00
2029-09-03 00:00:00;SO482683;C0002;CT002;528;2029-10-08 00:00:00;2029-10-02 00:00:00;2029-09-05 00:00:00;2029-08-30 00:00:00
2029-09-03 00:00:00;SO9000023;C0025;CS001;1083;2029-10-01 00:00:00;2029-09-27 00:00:00;2029-09-11 00:00:00;2029-09-07 00:00:00
2029-09-03 00:00:00;SO463273;C0001;CT002;440;2029-10-01 00:00:00;2029-09-30 00:00:00;2029-09-05 00:00:00;2029-09-04 00:00:00
2029-09-03 00:00:00;SO482683;C0002;CS001;649;2029-10-08 00:00:00;2029-10-09 00:00:00;2029-09-05 00:00:00;2029-09-06 00:00:00
2029-09-04 00:00:00;SO660876;C0016;CL001;904;2029-09-18 00:00:00;2029-09-25 00:00:00;2029-09-08 00:00:00;2029-09-15 00:00:00
2029-09-04 00:00:00;SO672958;C0009;VS004;1435;2029-09-18 00:00:00;2029-09-26 00:00:00;2029-09-07 00:00:00;2029-09-15 00:00:00
2029-09-04 00:00:00;SO445511;C0024;AS005;651;2029-10-02 00:00:00;2029-09-25 00:00:00;2029-09-08 00:00:00;2029-09-01 00:00:00
2029-09-04 00:00:00;SO290014;C0026;CS001;806;2029-10-09 00:00:00;2029-10-13 00:00:00;2029-09-12 00:00:00;2029-09-16 00:00:00
2029-09-04 00:00:00;SO445511;C0024;VS005;544;2029-10-02 00:00:00;2029-09-24 00:00:00;2029-09-08 00:00:00;2029-08-31 00:00:00
2029-09-04 00:00:00;SO445511;C0024;AT002;974;2029-10-02 00:00:00;2029-09-29 00:00:00;2029-09-08 00:00:00;2029-09-05 00:00:00
2029-09-04 00:00:00;SO660876;C0016;AS003;938;2029-09-18 00:00:00;2029-09-10 00:00:00;2029-09-08 00:00:00;2029-08-31 00:00:00
2029-09-04 00:00:00;SO672958;C0009;AT002;633;2029-09-18 00:00:00;2029-09-10 00:00:00;2029-09-07 00:00:00;2029-08-30 00:00:00
2029-09-04 00:00:00;SO660876;C0016;VS004;619;2029-09-18 00:00:00;2029-09-15 00:00:00;2029-09-08 00:00:00;2029-09-05 00:00:00
2029-09-04 00:00:00;SO290014;C0026;CS003;668;2029-10-09 00:00:00;2029-10-09 00:00:00;2029-09-12 00:00:00;2029-09-12 00:00:00
2029-09-04 00:00:00;SO660876;C0016;AL002;857;2029-09-18 00:00:00;2029-09-21 00:00:00;2029-09-08 00:00:00;2029-09-11 00:00:00
2029-09-04 00:00:00;SO290014;C0026;VS004;941;2029-10-09 00:00:00;2029-09-29 00:00:00;2029-09-12 00:00:00;2029-09-02 00:00:00
2029-09-04 00:00:00;SO290014;C0026;CS004;878;2029-10-09 00:00:00;2029-09-29 00:00:00;2029-09-12 00:00:00;2029-09-02 00:00:00
2029-09-04 00:00:00;SO660876;C0016;CS004;599;2029-09-18 00:00:00;2029-09-17 00:00:00;2029-09-08 00:00:00;2029-09-07 00:00:00
2029-09-05 00:00:00;SO851087;C0012;AL002;968;2029-10-03 00:00:00;2029-09-30 00:00:00;2029-09-08 00:00:00;2029-09-05 00:00:00
2029-09-05 00:00:00;SO718245;C0028;AL002;557;2029-09-19 00:00:00;2029-09-22 00:00:00;2029-09-13 00:00:00;2029-09-16 00:00:00
2029-09-05 00:00:00;SO921777;C0024;AS004;786;2029-10-03 00:00:00;2029-09-30 00:00:00;2029-09-09 00:00:00;2029-09-06 00:00:00
2029-09-05 00:00:00;SO385481;C0017;AS004;754;2029-10-31 00:00:00;2029-11-05 00:00:00;2029-09-09 00:00:00;2029-09-14 00:00:00
2029-09-05 00:00:00;SO921777;C0024;VS002;937;2029-10-03 00:00:00;2029-09-24 00:00:00;2029-09-09 00:00:00;2029-08-31 00:00:00
2029-09-05 00:00:00;SO921777;C0024;CT002;869;2029-10-03 00:00:00;2029-10-07 00:00:00;2029-09-09 00:00:00;2029-09-13 00:00:00
2029-09-05 00:00:00;SO921777;C0024;CL002;1058;2029-10-03 00:00:00;2029-10-05 00:00:00;2029-09-09 00:00:00;2029-09-11 00:00:00
2029-09-05 00:00:00;SO718245;C0028;CS004;1502;2029-09-19 00:00:00;2029-09-19 00:00:00;2029-09-13 00:00:00;2029-09-13 00:00:00
2029-09-05 00:00:00;SO385481;C0017;CL002;651;2029-10-31 00:00:00;2029-11-09 00:00:00;2029-09-09 00:00:00;2029-09-18 00:00:00
2029-09-05 00:00:00;SO851087;C0012;AT002;1236;2029-10-03 00:00:00;2029-10-01 00:00:00;2029-09-08 00:00:00;2029-09-06 00:00:00
2029-09-05 00:00:00;SO385481;C0017;AT001;390;2029-10-31 00:00:00;2029-11-08 00:00:00;2029-09-09 00:00:00;2029-09-17 00:00:00
2029-09-05 00:00:00;SO851087;C0012;AT001;988;2029-10-03 00:00:00;2029-10-07 00:00:00;2029-09-08 00:00:00;2029-09-12 00:00:00
2029-09-05 00:00:00;SO851087;C0012;CS004;1048;2029-10-03 00:00:00;2029-10-06 00:00:00;2029-09-08 00:00:00;2029-09-11 00:00:00
2029-09-05 00:00:00;SO921777;C0024;CS004;571;2029-10-03 00:00:00;2029-10-07 00:00:00;2029-09-09 00:00:00;2029-09-13 00:00:00
2029-09-05 00:00:00;SO718245;C0028;AT001;1210;2029-09-19 00:00:00;2029-09-26 00:00:00;2029-09-13 00:00:00;2029-09-20 00:00:00
2029-09-05 00:00:00;SO718245;C0028;AS001;1349;2029-09-19 00:00:00;2029-09-12 00:00:00;2029-09-13 00:00:00;2029-09-06 00:00:00
2029-09-05 00:00:00;SO385481;C0017;AS001;922;2029-10-31 00:00:00;2029-10-21 00:00:00;2029-09-09 00:00:00;2029-08-30 00:00:00
2029-09-06 00:00:00;SO525960;C0023;AL002;571;2029-10-11 00:00:00;2029-10-21 00:00:00;2029-09-10 00:00:00;2029-09-20 00:00:00
2029-09-06 00:00:00;SO146911;C0003;AS001;550;2029-10-18 00:00:00;2029-10-10 00:00:00;2029-09-08 00:00:00;2029-08-31 00:00:00
2029-09-06 00:00:00;SO525960;C0023;AL001;615;2029-10-11 00:00:00;2029-10-01 00:00:00;2029-09-10 00:00:00;2029-08-31 00:00:00
2029-09-06 00:00:00;SO146911;C0003;CT003;1034;2029-10-18 00:00:00;2029-10-26 00:00:00;2029-09-08 00:00:00;2029-09-16 00:00:00
2029-09-06 00:00:00;SO146911;C0003;AT001;1109;2029-10-18 00:00:00;2029-10-24 00:00:00;2029-09-08 00:00:00;2029-09-14 00:00:00
2029-09-06 00:00:00;SO146911;C0003;CS002;546;2029-10-18 00:00:00;2029-10-25 00:00:00;2029-09-08 00:00:00;2029-09-15 00:00:00
2029-09-06 00:00:00;SO525960;C0023;VS004;860;2029-10-11 00:00:00;2029-10-10 00:00:00;2029-09-10 00:00:00;2029-09-09 00:00:00
2029-09-06 00:00:00;SO525960;C0023;AS001;856;2029-10-11 00:00:00;2029-10-04 00:00:00;2029-09-10 00:00:00;2029-09-03 00:00:00
2029-09-06 00:00:00;SO525960;C0023;VS001;903;2029-10-11 00:00:00;2029-10-13 00:00:00;2029-09-10 00:00:00;2029-09-12 00:00:00
2029-09-06 00:00:00;SO146911;C0003;VS001;651;2029-10-18 00:00:00;2029-10-15 00:00:00;2029-09-08 00:00:00;2029-09-05 00:00:00
2029-09-06 00:00:00;SO146911;C0003;AL002;797;2029-10-18 00:00:00;2029-10-28 00:00:00;2029-09-08 00:00:00;2029-09-18 00:00:00
2029-09-06 00:00:00;SO525960;C0023;AS005;1225;2029-10-11 00:00:00;2029-10-07 00:00:00;2029-09-10 00:00:00;2029-09-06 00:00:00
2029-09-06 00:00:00;SO525960;C0023;CL001;781;2029-10-11 00:00:00;2029-10-14 00:00:00;2029-09-10 00:00:00;2029-09-13 00:00:00
2029-09-06 00:00:00;SO525960;C0023;AS003;704;2029-10-11 00:00:00;2029-10-13 00:00:00;2029-09-10 00:00:00;2029-09-12 00:00:00
2029-09-06 00:00:00;SO146911;C0003;AS005;808;2029-10-18 00:00:00;2029-10-16 00:00:00;2029-09-08 00:00:00;2029-09-06 00:00:00
2029-09-07 00:00:00;SO998997;C0030;AL002;816;2029-11-09 00:00:00;2029-11-16 00:00:00;2029-09-15 00:00:00;2029-09-22 00:00:00
2029-09-07 00:00:00;SO497694;C0027;VS005;1074;2029-10-19 00:00:00;2029-10-13 00:00:00;2029-09-15 00:00:00;2029-09-09 00:00:00
2029-09-07 00:00:00;SO949629;C0026;AL001;747;2029-10-12 00:00:00;2029-10-12 00:00:00;2029-09-15 00:00:00;2029-09-15 00:00:00
2029-09-07 00:00:00;SO338700;C0021;AS001;1043;2029-09-21 00:00:00;2029-09-17 00:00:00;2029-09-11 00:00:00;2029-09-07 00:00:00
2029-09-07 00:00:00;SO497694;C0027;CL002;1022;2029-10-19 00:00:00;2029-10-15 00:00:00;2029-09-15 00:00:00;2029-09-11 00:00:00
2029-09-07 00:00:00;SO949629;C0026;CS004;1022;2029-10-12 00:00:00;2029-10-16 00:00:00;2029-09-15 00:00:00;2029-09-19 00:00:00
2029-09-07 00:00:00;SO949629;C0026;CL002;1157;2029-10-12 00:00:00;2029-10-19 00:00:00;2029-09-15 00:00:00;2029-09-22 00:00:00
2029-09-07 00:00:00;SO998997;C0030;CT002;1196;2029-11-09 00:00:00;2029-11-13 00:00:00;2029-09-15 00:00:00;2029-09-19 00:00:00
2029-09-07 00:00:00;SO338700;C0021;VS002;768;2029-09-21 00:00:00;2029-09-18 00:00:00;2029-09-11 00:00:00;2029-09-08 00:00:00
2029-09-07 00:00:00;SO338700;C0021;AT001;310;2029-09-21 00:00:00;2029-09-11 00:00:00;2029-09-11 00:00:00;2029-09-01 00:00:00
2029-09-07 00:00:00;SO949629;C0026;AL002;783;2029-10-12 00:00:00;2029-10-07 00:00:00;2029-09-15 00:00:00;2029-09-10 00:00:00
2029-09-07 00:00:00;SO998997;C0030;VS004;727;2029-11-09 00:00:00;2029-11-06 00:00:00;2029-09-15 00:00:00;2029-09-12 00:00:00
2029-09-07 00:00:00;SO998997;C0030;CS004;685;2029-11-09 00:00:00;2029-11-15 00:00:00;2029-09-15 00:00:00;2029-09-21 00:00:00
2029-09-07 00:00:00;SO949629;C0026;CS002;436;2029-10-12 00:00:00;2029-10-08 00:00:00;2029-09-15 00:00:00;2029-09-11 00:00:00
2029-09-10 00:00:00;SO599497;C0025;AL001;1148;2029-10-08 00:00:00;2029-10-06 00:00:00;2029-09-18 00:00:00;2029-09-16 00:00:00
2029-09-10 00:00:00;SO688183;C0027;VS002;665;2029-10-22 00:00:00;2029-10-19 00:00:00;2029-09-18 00:00:00;2029-09-15 00:00:00
2029-09-10 00:00:00;SO688183;C0027;AS001;993;2029-10-22 00:00:00;2029-10-24 00:00:00;2029-09-18 00:00:00;2029-09-20 00:00:00
2029-09-10 00:00:00;SO688183;C0027;CS003;1187;2029-10-22 00:00:00;2029-10-17 00:00:00;2029-09-18 00:00:00;2029-09-13 00:00:00
2029-09-10 00:00:00;SO688183;C0027;AS003;1183;2029-10-22 00:00:00;2029-10-28 00:00:00;2029-09-18 00:00:00;2029-09-24 00:00:00
2029-09-10 00:00:00;SO599497;C0025;CS004;752;2029-10-08 00:00:00;2029-10-05 00:00:00;2029-09-18 00:00:00;2029-09-15 00:00:00
2029-09-10 00:00:00;SO688183;C0027;AL002;1091;2029-10-22 00:00:00;2029-10-24 00:00:00;2029-09-18 00:00:00;2029-09-20 00:00:00
2029-09-10 00:00:00;SO688183;C0027;CS002;559;2029-10-22 00:00:00;2029-10-29 00:00:00;2029-09-18 00:00:00;2029-09-25 00:00:00
2029-09-10 00:00:00;SO688183;C0027;VS005;583;2029-10-22 00:00:00;2029-10-13 00:00:00;2029-09-18 00:00:00;2029-09-09 00:00:00
2029-09-10 00:00:00;SO688183;C0027;VS001;674;2029-10-22 00:00:00;2029-10-27 00:00:00;2029-09-18 00:00:00;2029-09-23 00:00:00
2029-09-10 00:00:00;SO599497;C0025;CT002;843;2029-10-08 00:00:00;2029-10-05 00:00:00;2029-09-18 00:00:00;2029-09-15 00:00:00
2029-09-10 00:00:00;SO599497;C0025;CS003;1437;2029-10-08 00:00:00;2029-10-07 00:00:00;2029-09-18 00:00:00;2029-09-17 00:00:00
2029-09-10 00:00:00;SO599497;C0025;AS001;1086;2029-10-08 00:00:00;2029-10-09 00:00:00;2029-09-18 00:00:00;2029-09-19 00:00:00
2029-09-11 00:00:00;SO450311;C0004;AS002;563;2029-09-25 00:00:00;2029-09-25 00:00:00;2029-09-13 00:00:00;2029-09-13 00:00:00
2029-09-11 00:00:00;SO922284;C0006;AL001;1144;2029-11-13 00:00:00;2029-11-17 00:00:00;2029-09-13 00:00:00;2029-09-17 00:00:00
2029-09-11 00:00:00;SO890085;C0014;CS001;793;2029-10-16 00:00:00;2029-10-08 00:00:00;2029-09-15 00:00:00;2029-09-07 00:00:00
2029-09-11 00:00:00;SO259231;C0022;CS002;825;2029-10-23 00:00:00;2029-10-16 00:00:00;2029-09-15 00:00:00;2029-09-08 00:00:00
2029-09-11 00:00:00;SO922284;C0006;VS001;549;2029-11-13 00:00:00;2029-11-17 00:00:00;2029-09-13 00:00:00;2029-09-17 00:00:00
2029-09-11 00:00:00;SO922284;C0006;AS003;1334;2029-11-13 00:00:00;2029-11-08 00:00:00;2029-09-13 00:00:00;2029-09-08 00:00:00
2029-09-11 00:00:00;SO890085;C0014;AS002;444;2029-10-16 00:00:00;2029-10-18 00:00:00;2029-09-15 00:00:00;2029-09-17 00:00:00
2029-09-11 00:00:00;SO450311;C0004;CS002;1117;2029-09-25 00:00:00;2029-09-22 00:00:00;2029-09-13 00:00:00;2029-09-10 00:00:00
2029-09-11 00:00:00;SO259231;C0022;VS001;588;2029-10-23 00:00:00;2029-10-19 00:00:00;2029-09-15 00:00:00;2029-09-11 00:00:00
2029-09-11 00:00:00;SO259231;C0022;AS003;965;2029-10-23 00:00:00;2029-10-13 00:00:00;2029-09-15 00:00:00;2029-09-05 00:00:00
2029-09-11 00:00:00;SO890085;C0014;CS003;1310;2029-10-16 00:00:00;2029-10-13 00:00:00;2029-09-15 00:00:00;2029-09-12 00:00:00
2029-09-11 00:00:00;SO890085;C0014;AL002;1057;2029-10-16 00:00:00;2029-10-26 00:00:00;2029-09-15 00:00:00;2029-09-25 00:00:00
2029-09-11 00:00:00;SO890085;C0014;VS005;773;2029-10-16 00:00:00;2029-10-12 00:00:00;2029-09-15 00:00:00;2029-09-11 00:00:00
2029-09-11 00:00:00;SO259231;C0022;AL001;507;2029-10-23 00:00:00;2029-10-18 00:00:00;2029-09-15 00:00:00;2029-09-10 00:00:00
2029-09-11 00:00:00;SO922284;C0006;AT002;941;2029-11-13 00:00:00;2029-11-03 00:00:00;2029-09-13 00:00:00;2029-09-03 00:00:00
2029-09-11 00:00:00;SO259231;C0022;AL002;864;2029-10-23 00:00:00;2029-10-28 00:00:00;2029-09-15 00:00:00;2029-09-20 00:00:00
2029-09-11 00:00:00;SO922284;C0006;CL002;1365;2029-11-13 00:00:00;2029-11-09 00:00:00;2029-09-13 00:00:00;2029-09-09 00:00:00
2029-09-11 00:00:00;SO890085;C0014;AS001;499;2029-10-16 00:00:00;2029-10-24 00:00:00;2029-09-15 00:00:00;2029-09-23 00:00:00
2029-09-11 00:00:00;SO450311;C0004;CL001;748;2029-09-25 00:00:00;2029-09-21 00:00:00;2029-09-13 00:00:00;2029-09-09 00:00:00
2029-09-11 00:00:00;SO450311;C0004;VS004;1253;2029-09-25 00:00:00;2029-10-02 00:00:00;2029-09-13 00:00:00;2029-09-20 00:00:00
2029-09-12 00:00:00;SO180366;C0006;CT003;812;2029-11-14 00:00:00;2029-11-20 00:00:00;2029-09-14 00:00:00;2029-09-20 00:00:00
2029-09-12 00:00:00;SO930354;C0003;VS004;1187;2029-10-24 00:00:00;2029-10-26 00:00:00;2029-09-14 00:00:00;2029-09-16 00:00:00
2029-09-12 00:00:00;SO930354;C0003;VS002;872;2029-10-24 00:00:00;2029-10-16 00:00:00;2029-09-14 00:00:00;2029-09-06 00:00:00
2029-09-12 00:00:00;SO180366;C0006;CS003;976;2029-11-14 00:00:00;2029-11-22 00:00:00;2029-09-14 00:00:00;2029-09-22 00:00:00
2029-09-12 00:00:00;SO930354;C0003;AT001;1166;2029-10-24 00:00:00;2029-10-19 00:00:00;2029-09-14 00:00:00;2029-09-09 00:00:00
2029-09-12 00:00:00;SO930354;C0003;CL002;1001;2029-10-24 00:00:00;2029-10-20 00:00:00;2029-09-14 00:00:00;2029-09-10 00:00:00
2029-09-12 00:00:00;SO180366;C0006;AL001;956;2029-11-14 00:00:00;2029-11-20 00:00:00;2029-09-14 00:00:00;2029-09-20 00:00:00
2029-09-12 00:00:00;SO180366;C0006;CT002;623;2029-11-14 00:00:00;2029-11-19 00:00:00;2029-09-14 00:00:00;2029-09-19 00:00:00
2029-09-12 00:00:00;SO180366;C0006;VS002;1135;2029-11-14 00:00:00;2029-11-12 00:00:00;2029-09-14 00:00:00;2029-09-12 00:00:00
2029-09-12 00:00:00;SO180366;C0006;AT002;1143;2029-11-14 00:00:00;2029-11-19 00:00:00;2029-09-14 00:00:00;2029-09-19 00:00:00
2029-09-12 00:00:00;SO930354;C0003;CL001;997;2029-10-24 00:00:00;2029-10-14 00:00:00;2029-09-14 00:00:00;2029-09-04 00:00:00
2029-09-12 00:00:00;SO180366;C0006;AL002;853;2029-11-14 00:00:00;2029-11-16 00:00:00;2029-09-14 00:00:00;2029-09-16 00:00:00
2029-09-12 00:00:00;SO930354;C0003;CS004;335;2029-10-24 00:00:00;2029-10-20 00:00:00;2029-09-14 00:00:00;2029-09-10 00:00:00
2029-09-12 00:00:00;SO180366;C0006;CT001;751;2029-11-14 00:00:00;2029-11-12 00:00:00;2029-09-14 00:00:00;2029-09-12 00:00:00
2029-09-13 00:00:00;SO854312;C0016;AS005;433;2029-09-27 00:00:00;2029-09-30 00:00:00;2029-09-17 00:00:00;2029-09-20 00:00:00
2029-09-13 00:00:00;SO688084;C0022;VS005;1207;2029-10-25 00:00:00;2029-11-03 00:00:00;2029-09-17 00:00:00;2029-09-26 00:00:00
2029-09-13 00:00:00;SO972624;C0006;CT001;875;2029-11-15 00:00:00;2029-11-22 00:00:00;2029-09-15 00:00:00;2029-09-22 00:00:00
2029-09-13 00:00:00;SO854312;C0016;VS005;894;2029-09-27 00:00:00;2029-09-25 00:00:00;2029-09-17 00:00:00;2029-09-15 00:00:00
2029-09-13 00:00:00;SO688084;C0022;VS004;386;2029-10-25 00:00:00;2029-11-03 00:00:00;2029-09-17 00:00:00;2029-09-26 00:00:00
2029-09-13 00:00:00;SO688084;C0022;AS005;991;2029-10-25 00:00:00;2029-10-23 00:00:00;2029-09-17 00:00:00;2029-09-15 00:00:00
2029-09-13 00:00:00;SO972624;C0006;VS001;989;2029-11-15 00:00:00;2029-11-16 00:00:00;2029-09-15 00:00:00;2029-09-16 00:00:00
2029-09-13 00:00:00;SO854312;C0016;CT003;1175;2029-09-27 00:00:00;2029-09-19 00:00:00;2029-09-17 00:00:00;2029-09-09 00:00:00
2029-09-13 00:00:00;SO854312;C0016;CT001;984;2029-09-27 00:00:00;2029-09-24 00:00:00;2029-09-17 00:00:00;2029-09-14 00:00:00
2029-09-13 00:00:00;SO688084;C0022;AL002;651;2029-10-25 00:00:00;2029-10-21 00:00:00;2029-09-17 00:00:00;2029-09-13 00:00:00
2029-09-13 00:00:00;SO688084;C0022;VS002;404;2029-10-25 00:00:00;2029-10-19 00:00:00;2029-09-17 00:00:00;2029-09-11 00:00:00
2029-09-13 00:00:00;SO688084;C0022;AT001;878;2029-10-25 00:00:00;2029-10-24 00:00:00;2029-09-17 00:00:00;2029-09-16 00:00:00
2029-09-13 00:00:00;SO972624;C0006;AS002;413;2029-11-15 00:00:00;2029-11-07 00:00:00;2029-09-15 00:00:00;2029-09-07 00:00:00
2029-09-13 00:00:00;SO854312;C0016;AT002;977;2029-09-27 00:00:00;2029-09-22 00:00:00;2029-09-17 00:00:00;2029-09-12 00:00:00
2029-09-13 00:00:00;SO854312;C0016;CS002;822;2029-09-27 00:00:00;2029-10-05 00:00:00;2029-09-17 00:00:00;2029-09-25 00:00:00
2029-09-13 00:00:00;SO688084;C0022;AL001;887;2029-10-25 00:00:00;2029-10-28 00:00:00;2029-09-17 00:00:00;2029-09-20 00:00:00
2029-09-13 00:00:00;SO854312;C0016;CL002;1160;2029-09-27 00:00:00;2029-10-05 00:00:00;2029-09-17 00:00:00;2029-09-25 00:00:00
2029-09-13 00:00:00;SO854312;C0016;AT001;883;2029-09-27 00:00:00;2029-09-27 00:00:00;2029-09-17 00:00:00;2029-09-17 00:00:00
2029-09-13 00:00:00;SO972624;C0006;CS001;1246;2029-11-15 00:00:00;2029-11-15 00:00:00;2029-09-15 00:00:00;2029-09-15 00:00:00
2029-09-13 00:00:00;SO972624;C0006;AL002;421;2029-11-15 00:00:00;2029-11-07 00:00:00;2029-09-15 00:00:00;2029-09-07 00:00:00
2029-09-14 00:00:00;SO668426;C0021;AS003;417;2029-09-28 00:00:00;2029-10-04 00:00:00;2029-09-18 00:00:00;2029-09-24 00:00:00
2029-09-14 00:00:00;SO637459;C0008;VS004;1378;2029-11-09 00:00:00;2029-11-16 00:00:00;2029-09-17 00:00:00;2029-09-24 00:00:00
2029-09-14 00:00:00;SO637459;C0008;AT001;1024;2029-11-09 00:00:00;2029-11-10 00:00:00;2029-09-17 00:00:00;2029-09-18 00:00:00
2029-09-14 00:00:00;SO637459;C0008;CL002;694;2029-11-09 00:00:00;2029-11-08 00:00:00;2029-09-17 00:00:00;2029-09-16 00:00:00
2029-09-14 00:00:00;SO637459;C0008;AS001;884;2029-11-09 00:00:00;2029-11-10 00:00:00;2029-09-17 00:00:00;2029-09-18 00:00:00
2029-09-14 00:00:00;SO637459;C0008;AL002;1112;2029-11-09 00:00:00;2029-11-01 00:00:00;2029-09-17 00:00:00;2029-09-09 00:00:00
2029-09-14 00:00:00;SO637459;C0008;VS001;799;2029-11-09 00:00:00;2029-11-12 00:00:00;2029-09-17 00:00:00;2029-09-20 00:00:00
2029-09-14 00:00:00;SO637459;C0008;AS003;912;2029-11-09 00:00:00;2029-11-10 00:00:00;2029-09-17 00:00:00;2029-09-18 00:00:00
2029-09-14 00:00:00;SO668426;C0021;AL001;1075;2029-09-28 00:00:00;2029-10-07 00:00:00;2029-09-18 00:00:00;2029-09-27 00:00:00
2029-09-14 00:00:00;SO668426;C0021;CT002;588;2029-09-28 00:00:00;2029-10-06 00:00:00;2029-09-18 00:00:00;2029-09-26 00:00:00
2029-09-14 00:00:00;SO637459;C0008;VS002;1253;2029-11-09 00:00:00;2029-11-11 00:00:00;2029-09-17 00:00:00;2029-09-19 00:00:00
2029-09-14 00:00:00;SO637459;C0008;AS004;1133;2029-11-09 00:00:00;2029-11-15 00:00:00;2029-09-17 00:00:00;2029-09-23 00:00:00
2029-09-14 00:00:00;SO668426;C0021;AT002;1051;2029-09-28 00:00:00;2029-09-30 00:00:00;2029-09-18 00:00:00;2029-09-20 00:00:00
2029-09-14 00:00:00;SO668426;C0021;AL002;643;2029-09-28 00:00:00;2029-10-08 00:00:00;2029-09-18 00:00:00;2029-09-28 00:00:00
2029-09-14 00:00:00;SO668426;C0021;VS002;1196;2029-09-28 00:00:00;2029-10-03 00:00:00;2029-09-18 00:00:00;2029-09-23 00:00:00
2029-09-14 00:00:00;SO668426;C0021;AT001;571;2029-09-28 00:00:00;2029-09-18 00:00:00;2029-09-18 00:00:00;2029-09-08 00:00:00
2029-09-14 00:00:00;SO668426;C0021;CS001;763;2029-09-28 00:00:00;2029-09-22 00:00:00;2029-09-18 00:00:00;2029-09-12 00:00:00
2029-09-14 00:00:00;SO668426;C0021;VS004;996;2029-09-28 00:00:00;2029-10-08 00:00:00;2029-09-18 00:00:00;2029-09-28 00:00:00
2029-09-14 00:00:00;SO668426;C0021;AS004;420;2029-09-28 00:00:00;2029-09-22 00:00:00;2029-09-18 00:00:00;2029-09-12 00:00:00
2029-09-14 00:00:00;SO668426;C0021;AS005;489;2029-09-28 00:00:00;2029-10-06 00:00:00;2029-09-18 00:00:00;2029-09-26 00:00:00
2029-09-17 00:00:00;SO718234;C0004;VS002;947;2029-10-01 00:00:00;2029-10-02 00:00:00;2029-09-19 00:00:00;2029-09-20 00:00:00
2029-09-17 00:00:00;SO531828;C0018;VS005;742;2029-11-19 00:00:00;2029-11-28 00:00:00;2029-09-21 00:00:00;2029-09-30 00:00:00
2029-09-17 00:00:00;SO421440;C0008;CT003;763;2029-11-12 00:00:00;2029-11-02 00:00:00;2029-09-20 00:00:00;2029-09-10 00:00:00
2029-09-17 00:00:00;SO718234;C0004;VS004;969;2029-10-01 00:00:00;2029-09-28 00:00:00;2029-09-19 00:00:00;2029-09-16 00:00:00
2029-09-17 00:00:00;SO531828;C0018;AL001;820;2029-11-19 00:00:00;2029-11-18 00:00:00;2029-09-21 00:00:00;2029-09-20 00:00:00
2029-09-17 00:00:00;SO421440;C0008;AT002;1140;2029-11-12 00:00:00;2029-11-21 00:00:00;2029-09-20 00:00:00;2029-09-29 00:00:00
2029-09-17 00:00:00;SO718234;C0004;AT001;1514;2029-10-01 00:00:00;2029-10-11 00:00:00;2029-09-19 00:00:00;2029-09-29 00:00:00
2029-09-17 00:00:00;SO531828;C0018;CT003;432;2029-11-19 00:00:00;2029-11-24 00:00:00;2029-09-21 00:00:00;2029-09-26 00:00:00
2029-09-17 00:00:00;SO531828;C0018;AS001;952;2029-11-19 00:00:00;2029-11-23 00:00:00;2029-09-21 00:00:00;2029-09-25 00:00:00
2029-09-17 00:00:00;SO421440;C0008;AS002;926;2029-11-12 00:00:00;2029-11-14 00:00:00;2029-09-20 00:00:00;2029-09-22 00:00:00
2029-09-17 00:00:00;SO718234;C0004;CL002;339;2029-10-01 00:00:00;2029-10-02 00:00:00;2029-09-19 00:00:00;2029-09-20 00:00:00
2029-09-17 00:00:00;SO531828;C0018;CS001;1183;2029-11-19 00:00:00;2029-11-29 00:00:00;2029-09-21 00:00:00;2029-10-01 00:00:00
2029-09-17 00:00:00;SO531828;C0018;CT002;573;2029-11-19 00:00:00;2029-11-23 00:00:00;2029-09-21 00:00:00;2029-09-25 00:00:00
2029-09-18 00:00:00;SO818141;C0010;AT002;1229;2029-10-30 00:00:00;2029-11-05 00:00:00;2029-09-21 00:00:00;2029-09-27 00:00:00
2029-09-18 00:00:00;SO676488;C0018;CT001;1062;2029-11-20 00:00:00;2029-11-29 00:00:00;2029-09-22 00:00:00;2029-10-01 00:00:00
2029-09-18 00:00:00;SO243624;C0021;VS002;307;2029-10-02 00:00:00;2029-10-08 00:00:00;2029-09-22 00:00:00;2029-09-28 00:00:00
2029-09-18 00:00:00;SO818141;C0010;AT001;568;2029-10-30 00:00:00;2029-10-25 00:00:00;2029-09-21 00:00:00;2029-09-16 00:00:00
2029-09-18 00:00:00;SO676488;C0018;CT003;513;2029-11-20 00:00:00;2029-11-27 00:00:00;2029-09-22 00:00:00;2029-09-29 00:00:00
2029-09-18 00:00:00;SO243624;C0021;CL002;1106;2029-10-02 00:00:00;2029-09-25 00:00:00;2029-09-22 00:00:00;2029-09-15 00:00:00
2029-09-18 00:00:00;SO243624;C0021;AS005;435;2029-10-02 00:00:00;2029-10-06 00:00:00;2029-09-22 00:00:00;2029-09-26 00:00:00
2029-09-18 00:00:00;SO818141;C0010;AL002;569;2029-10-30 00:00:00;2029-10-23 00:00:00;2029-09-21 00:00:00;2029-09-14 00:00:00
2029-09-18 00:00:00;SO676488;C0018;AT002;890;2029-11-20 00:00:00;2029-11-17 00:00:00;2029-09-22 00:00:00;2029-09-19 00:00:00
2029-09-18 00:00:00;SO676488;C0018;CL001;511;2029-11-20 00:00:00;2029-11-16 00:00:00;2029-09-22 00:00:00;2029-09-18 00:00:00
2029-09-18 00:00:00;SO243624;C0021;CS004;1253;2029-10-02 00:00:00;2029-10-05 00:00:00;2029-09-22 00:00:00;2029-09-25 00:00:00
2029-09-18 00:00:00;SO676488;C0018;AS001;1386;2029-11-20 00:00:00;2029-11-27 00:00:00;2029-09-22 00:00:00;2029-09-29 00:00:00
2029-09-19 00:00:00;SO834382;C0029;VS002;688;2029-11-14 00:00:00;2029-11-08 00:00:00;2029-09-27 00:00:00;2029-09-21 00:00:00
2029-09-19 00:00:00;SO328010;C0003;AS004;630;2029-10-31 00:00:00;2029-10-27 00:00:00;2029-09-21 00:00:00;2029-09-17 00:00:00
2029-09-19 00:00:00;SO834382;C0029;CT003;1108;2029-11-14 00:00:00;2029-11-05 00:00:00;2029-09-27 00:00:00;2029-09-18 00:00:00
2029-09-19 00:00:00;SO834382;C0029;CT001;380;2029-11-14 00:00:00;2029-11-11 00:00:00;2029-09-27 00:00:00;2029-09-24 00:00:00
2029-09-19 00:00:00;SO328010;C0003;CT002;470;2029-10-31 00:00:00;2029-10-23 00:00:00;2029-09-21 00:00:00;2029-09-13 00:00:00
2029-09-19 00:00:00;SO328010;C0003;VS004;1244;2029-10-31 00:00:00;2029-11-10 00:00:00;2029-09-21 00:00:00;2029-10-01 00:00:00
2029-09-19 00:00:00;SO834382;C0029;CL001;1059;2029-11-14 00:00:00;2029-11-10 00:00:00;2029-09-27 00:00:00;2029-09-23 00:00:00
2029-09-19 00:00:00;SO834382;C0029;AS001;1386;2029-11-14 00:00:00;2029-11-15 00:00:00;2029-09-27 00:00:00;2029-09-28 00:00:00
2029-09-19 00:00:00;SO834382;C0029;AS004;1012;2029-11-14 00:00:00;2029-11-13 00:00:00;2029-09-27 00:00:00;2029-09-26 00:00:00
2029-09-19 00:00:00;SO328010;C0003;AL002;1110;2029-10-31 00:00:00;2029-10-21 00:00:00;2029-09-21 00:00:00;2029-09-11 00:00:00
2029-09-19 00:00:00;SO328010;C0003;AT002;756;2029-10-31 00:00:00;2029-11-05 00:00:00;2029-09-21 00:00:00;2029-09-26 00:00:00
2029-09-19 00:00:00;SO834382;C0029;VS001;1170;2029-11-14 00:00:00;2029-11-05 00:00:00;2029-09-27 00:00:00;2029-09-18 00:00:00
2029-09-19 00:00:00;SO328010;C0003;CS003;1206;2029-10-31 00:00:00;2029-10-22 00:00:00;2029-09-21 00:00:00;2029-09-12 00:00:00
2029-09-19 00:00:00;SO834382;C0029;CL002;1013;2029-11-14 00:00:00;2029-11-15 00:00:00;2029-09-27 00:00:00;2029-09-28 00:00:00
2029-09-19 00:00:00;SO328010;C0003;VS001;1198;2029-10-31 00:00:00;2029-11-10 00:00:00;2029-09-21 00:00:00;2029-10-01 00:00:00
2029-09-19 00:00:00;SO834382;C0029;AS002;554;2029-11-14 00:00:00;2029-11-17 00:00:00;2029-09-27 00:00:00;2029-09-30 00:00:00
2029-09-19 00:00:00;SO834382;C0029;AL002;658;2029-11-14 00:00:00;2029-11-15 00:00:00;2029-09-27 00:00:00;2029-09-28 00:00:00
2029-09-19 00:00:00;SO834382;C0029;AS003;1157;2029-11-14 00:00:00;2029-11-11 00:00:00;2029-09-27 00:00:00;2029-09-24 00:00:00
2029-09-19 00:00:00;SO328010;C0003;CS002;1035;2029-10-31 00:00:00;2029-11-02 00:00:00;2029-09-21 00:00:00;2029-09-23 00:00:00
2029-09-20 00:00:00;SO503357;C0011;AS002;930;2029-10-25 00:00:00;2029-10-22 00:00:00;2029-09-23 00:00:00;2029-09-20 00:00:00
2029-09-20 00:00:00;SO284188;C0028;VS004;1237;2029-10-04 00:00:00;2029-10-07 00:00:00;2029-09-28 00:00:00;2029-10-01 00:00:00
2029-09-20 00:00:00;SO992774;C0027;AS005;591;2029-11-01 00:00:00;2029-11-01 00:00:00;2029-09-28 00:00:00;2029-09-28 00:00:00
2029-09-20 00:00:00;SO622318;C0024;AS005;568;2029-10-18 00:00:00;2029-10-28 00:00:00;2029-09-24 00:00:00;2029-10-04 00:00:00
2029-09-20 00:00:00;SO284188;C0028;AS002;735;2029-10-04 00:00:00;2029-09-27 00:00:00;2029-09-28 00:00:00;2029-09-21 00:00:00
2029-09-20 00:00:00;SO503357;C0011;AS001;987;2029-10-25 00:00:00;2029-11-04 00:00:00;2029-09-23 00:00:00;2029-10-03 00:00:00
2029-09-20 00:00:00;SO503357;C0011;AL002;1328;2029-10-25 00:00:00;2029-10-18 00:00:00;2029-09-23 00:00:00;2029-09-16 00:00:00
2029-09-20 00:00:00;SO503357;C0011;VS004;494;2029-10-25 00:00:00;2029-11-02 00:00:00;2029-09-23 00:00:00;2029-10-01 00:00:00
2029-09-20 00:00:00;SO284188;C0028;AL001;1046;2029-10-04 00:00:00;2029-10-14 00:00:00;2029-09-28 00:00:00;2029-10-08 00:00:00
2029-09-20 00:00:00;SO622318;C0024;CS002;1159;2029-10-18 00:00:00;2029-10-23 00:00:00;2029-09-24 00:00:00;2029-09-29 00:00:00
2029-09-20 00:00:00;SO992774;C0027;VS005;1073;2029-11-01 00:00:00;2029-10-28 00:00:00;2029-09-28 00:00:00;2029-09-24 00:00:00
2029-09-20 00:00:00;SO992774;C0027;AT001;1007;2029-11-01 00:00:00;2029-11-09 00:00:00;2029-09-28 00:00:00;2029-10-06 00:00:00
2029-09-20 00:00:00;SO992774;C0027;CS001;591;2029-11-01 00:00:00;2029-11-05 00:00:00;2029-09-28 00:00:00;2029-10-02 00:00:00
2029-09-20 00:00:00;SO992774;C0027;VS002;993;2029-11-01 00:00:00;2029-11-09 00:00:00;2029-09-28 00:00:00;2029-10-06 00:00:00
2029-09-20 00:00:00;SO284188;C0028;CL002;867;2029-10-04 00:00:00;2029-09-29 00:00:00;2029-09-28 00:00:00;2029-09-23 00:00:00
2029-09-20 00:00:00;SO992774;C0027;CL002;413;2029-11-01 00:00:00;2029-11-08 00:00:00;2029-09-28 00:00:00;2029-10-05 00:00:00
2029-09-20 00:00:00;SO622318;C0024;AS002;1187;2029-10-18 00:00:00;2029-10-25 00:00:00;2029-09-24 00:00:00;2029-10-01 00:00:00
2029-09-20 00:00:00;SO284188;C0028;AT002;878;2029-10-04 00:00:00;2029-10-02 00:00:00;2029-09-28 00:00:00;2029-09-26 00:00:00
2029-09-21 00:00:00;SO722722;C0005;AS003;713;2029-11-16 00:00:00;2029-11-22 00:00:00;2029-09-23 00:00:00;2029-09-29 00:00:00
2029-09-21 00:00:00;SO859481;C0007;CT001;459;2029-11-23 00:00:00;2029-11-15 00:00:00;2029-09-24 00:00:00;2029-09-16 00:00:00
2029-09-21 00:00:00;SO872079;C0016;CT003;904;2029-10-05 00:00:00;2029-10-01 00:00:00;2029-09-25 00:00:00;2029-09-21 00:00:00
2029-09-21 00:00:00;SO872079;C0016;CS003;857;2029-10-05 00:00:00;2029-09-27 00:00:00;2029-09-25 00:00:00;2029-09-17 00:00:00
2029-09-21 00:00:00;SO722722;C0005;AT001;1005;2029-11-16 00:00:00;2029-11-11 00:00:00;2029-09-23 00:00:00;2029-09-18 00:00:00
2029-09-21 00:00:00;SO859481;C0007;AL002;956;2029-11-23 00:00:00;2029-12-02 00:00:00;2029-09-24 00:00:00;2029-10-03 00:00:00
2029-09-21 00:00:00;SO722722;C0005;VS004;1094;2029-11-16 00:00:00;2029-11-16 00:00:00;2029-09-23 00:00:00;2029-09-23 00:00:00
2029-09-21 00:00:00;SO722722;C0005;AS005;760;2029-11-16 00:00:00;2029-11-09 00:00:00;2029-09-23 00:00:00;2029-09-16 00:00:00
2029-09-21 00:00:00;SO872079;C0016;AL001;410;2029-10-05 00:00:00;2029-10-04 00:00:00;2029-09-25 00:00:00;2029-09-24 00:00:00
2029-09-21 00:00:00;SO859481;C0007;VS004;1046;2029-11-23 00:00:00;2029-11-16 00:00:00;2029-09-24 00:00:00;2029-09-17 00:00:00
2029-09-21 00:00:00;SO859481;C0007;CL001;591;2029-11-23 00:00:00;2029-12-01 00:00:00;2029-09-24 00:00:00;2029-10-02 00:00:00
2029-09-21 00:00:00;SO722722;C0005;CL002;1157;2029-11-16 00:00:00;2029-11-19 00:00:00;2029-09-23 00:00:00;2029-09-26 00:00:00
2029-09-24 00:00:00;SO863941;C0029;AS002;762;2029-11-19 00:00:00;2029-11-27 00:00:00;2029-10-02 00:00:00;2029-10-10 00:00:00
2029-09-24 00:00:00;SO717692;C0005;AS003;639;2029-11-19 00:00:00;2029-11-17 00:00:00;2029-09-26 00:00:00;2029-09-24 00:00:00
2029-09-24 00:00:00;SO833925;C0011;AS003;799;2029-10-29 00:00:00;2029-10-21 00:00:00;2029-09-27 00:00:00;2029-09-19 00:00:00
2029-09-24 00:00:00;SO488882;C0009;CT003;1140;2029-10-08 00:00:00;2029-09-29 00:00:00;2029-09-27 00:00:00;2029-09-18 00:00:00
2029-09-24 00:00:00;SO717692;C0005;CL001;1070;2029-11-19 00:00:00;2029-11-21 00:00:00;2029-09-26 00:00:00;2029-09-28 00:00:00
2029-09-24 00:00:00;SO717692;C0005;CT003;1015;2029-11-19 00:00:00;2029-11-16 00:00:00;2029-09-26 00:00:00;2029-09-23 00:00:00
2029-09-24 00:00:00;SO863941;C0029;AS001;688;2029-11-19 00:00:00;2029-11-13 00:00:00;2029-10-02 00:00:00;2029-09-26 00:00:00
2029-09-24 00:00:00;SO488882;C0009;AS001;1046;2029-10-08 00:00:00;2029-10-10 00:00:00;2029-09-27 00:00:00;2029-09-29 00:00:00
2029-09-24 00:00:00;SO717692;C0005;CT001;754;2029-11-19 00:00:00;2029-11-18 00:00:00;2029-09-26 00:00:00;2029-09-25 00:00:00
2029-09-24 00:00:00;SO833925;C0011;CL002;782;2029-10-29 00:00:00;2029-10-23 00:00:00;2029-09-27 00:00:00;2029-09-21 00:00:00
2029-09-24 00:00:00;SO717692;C0005;AS005;448;2029-11-19 00:00:00;2029-11-18 00:00:00;2029-09-26 00:00:00;2029-09-25 00:00:00
2029-09-24 00:00:00;SO488882;C0009;AS005;1194;2029-10-08 00:00:00;2029-10-10 00:00:00;2029-09-27 00:00:00;2029-09-29 00:00:00
2029-09-24 00:00:00;SO488882;C0009;AS002;969;2029-10-08 00:00:00;2029-10-11 00:00:00;2029-09-27 00:00:00;2029-09-30 00:00:00
2029-09-24 00:00:00;SO863941;C0029;AS005;1073;2029-11-19 00:00:00;2029-11-27 00:00:00;2029-10-02 00:00:00;2029-10-10 00:00:00
2029-09-24 00:00:00;SO863941;C0029;CS004;1151;2029-11-19 00:00:00;2029-11-28 00:00:00;2029-10-02 00:00:00;2029-10-11 00:00:00
2029-09-24 00:00:00;SO717692;C0005;AT002;1227;2029-11-19 00:00:00;2029-11-20 00:00:00;2029-09-26 00:00:00;2029-09-27 00:00:00
2029-09-24 00:00:00;SO488882;C0009;AS004;653;2029-10-08 00:00:00;2029-10-11 00:00:00;2029-09-27 00:00:00;2029-09-30 00:00:00
2029-09-24 00:00:00;SO833925;C0011;CS004;1140;2029-10-29 00:00:00;2029-11-01 00:00:00;2029-09-27 00:00:00;2029-09-30 00:00:00
2029-09-24 00:00:00;SO488882;C0009;CS003;1375;2029-10-08 00:00:00;2029-10-14 00:00:00;2029-09-27 00:00:00;2029-10-03 00:00:00
2029-09-24 00:00:00;SO488882;C0009;CS001;665;2029-10-08 00:00:00;2029-09-28 00:00:00;2029-09-27 00:00:00;2029-09-17 00:00:00
2029-09-25 00:00:00;SO800349;C0003;AT001;777;2029-11-06 00:00:00;2029-11-13 00:00:00;2029-09-27 00:00:00;2029-10-04 00:00:00
2029-09-25 00:00:00;SO690774;C0030;AS004;946;2029-11-27 00:00:00;2029-11-26 00:00:00;2029-10-03 00:00:00;2029-10-02 00:00:00
2029-09-25 00:00:00;SO956270;C0001;CT001;921;2029-10-23 00:00:00;2029-10-18 00:00:00;2029-09-27 00:00:00;2029-09-22 00:00:00
2029-09-25 00:00:00;SO690774;C0030;CL001;1447;2029-11-27 00:00:00;2029-12-03 00:00:00;2029-10-03 00:00:00;2029-10-09 00:00:00
2029-09-25 00:00:00;SO800349;C0003;AS002;697;2029-11-06 00:00:00;2029-11-11 00:00:00;2029-09-27 00:00:00;2029-10-02 00:00:00
2029-09-25 00:00:00;SO690774;C0030;VS002;544;2029-11-27 00:00:00;2029-12-02 00:00:00;2029-10-03 00:00:00;2029-10-08 00:00:00
2029-09-25 00:00:00;SO690774;C0030;AS001;803;2029-11-27 00:00:00;2029-11-23 00:00:00;2029-10-03 00:00:00;2029-09-29 00:00:00
2029-09-25 00:00:00;SO956270;C0001;VS005;421;2029-10-23 00:00:00;2029-10-16 00:00:00;2029-09-27 00:00:00;2029-09-20 00:00:00
2029-09-25 00:00:00;SO956270;C0001;VS002;929;2029-10-23 00:00:00;2029-10-26 00:00:00;2029-09-27 00:00:00;2029-09-30 00:00:00
2029-09-25 00:00:00;SO800349;C0003;CT003;847;2029-11-06 00:00:00;2029-11-03 00:00:00;2029-09-27 00:00:00;2029-09-24 00:00:00
2029-09-25 00:00:00;SO800349;C0003;AS003;1054;2029-11-06 00:00:00;2029-11-07 00:00:00;2029-09-27 00:00:00;2029-09-28 00:00:00
2029-09-25 00:00:00;SO956270;C0001;CS003;942;2029-10-23 00:00:00;2029-11-01 00:00:00;2029-09-27 00:00:00;2029-10-06 00:00:00
2029-09-25 00:00:00;SO690774;C0030;AL001;838;2029-11-27 00:00:00;2029-11-21 00:00:00;2029-10-03 00:00:00;2029-09-27 00:00:00
2029-09-25 00:00:00;SO690774;C0030;VS004;947;2029-11-27 00:00:00;2029-11-28 00:00:00;2029-10-03 00:00:00;2029-10-04 00:00:00
2029-09-25 00:00:00;SO800349;C0003;AL002;843;2029-11-06 00:00:00;2029-11-08 00:00:00;2029-09-27 00:00:00;2029-09-29 00:00:00
2029-09-25 00:00:00;SO690774;C0030;AT001;320;2029-11-27 00:00:00;2029-11-19 00:00:00;2029-10-03 00:00:00;2029-09-25 00:00:00
2029-09-25 00:00:00;SO690774;C0030;AL002;1230;2029-11-27 00:00:00;2029-11-28 00:00:00;2029-10-03 00:00:00;2029-10-04 00:00:00
2029-09-25 00:00:00;SO800349;C0003;CS003;1260;2029-11-06 00:00:00;2029-10-31 00:00:00;2029-09-27 00:00:00;2029-09-21 00:00:00
2029-09-25 00:00:00;SO800349;C0003;VS005;515;2029-11-06 00:00:00;2029-11-02 00:00:00;2029-09-27 00:00:00;2029-09-23 00:00:00
2029-09-26 00:00:00;SO934937;C0026;CT001;1034;2029-10-31 00:00:00;2029-10-31 00:00:00;2029-10-04 00:00:00;2029-10-04 00:00:00
2029-09-26 00:00:00;SO500849;C0030;AL001;1054;2029-11-28 00:00:00;2029-11-30 00:00:00;2029-10-04 00:00:00;2029-10-06 00:00:00
2029-09-26 00:00:00;SO819685;C0015;VS001;1062;2029-11-07 00:00:00;2029-10-31 00:00:00;2029-09-30 00:00:00;2029-09-23 00:00:00
2029-09-26 00:00:00;SO819685;C0015;AS004;552;2029-11-07 00:00:00;2029-11-07 00:00:00;2029-09-30 00:00:00;2029-09-30 00:00:00
2029-09-26 00:00:00;SO500849;C0030;CS004;1264;2029-11-28 00:00:00;2029-11-28 00:00:00;2029-10-04 00:00:00;2029-10-04 00:00:00
2029-09-26 00:00:00;SO934937;C0026;VS002;859;2029-10-31 00:00:00;2029-11-09 00:00:00;2029-10-04 00:00:00;2029-10-13 00:00:00
2029-09-26 00:00:00;SO819685;C0015;VS002;696;2029-11-07 00:00:00;2029-10-29 00:00:00;2029-09-30 00:00:00;2029-09-21 00:00:00
2029-09-26 00:00:00;SO934937;C0026;VS004;806;2029-10-31 00:00:00;2029-10-31 00:00:00;2029-10-04 00:00:00;2029-10-04 00:00:00
2029-09-26 00:00:00;SO500849;C0030;AS002;1240;2029-11-28 00:00:00;2029-11-29 00:00:00;2029-10-04 00:00:00;2029-10-05 00:00:00
2029-09-26 00:00:00;SO500849;C0030;AS001;875;2029-11-28 00:00:00;2029-11-30 00:00:00;2029-10-04 00:00:00;2029-10-06 00:00:00
2029-09-26 00:00:00;SO819685;C0015;VS004;758;2029-11-07 00:00:00;2029-11-11 00:00:00;2029-09-30 00:00:00;2029-10-04 00:00:00
2029-09-26 00:00:00;SO934937;C0026;AL001;550;2029-10-31 00:00:00;2029-11-02 00:00:00;2029-10-04 00:00:00;2029-10-06 00:00:00
2029-09-27 00:00:00;SO156616;C0003;AL001;285;2029-11-08 00:00:00;2029-10-30 00:00:00;2029-09-29 00:00:00;2029-09-20 00:00:00
2029-09-27 00:00:00;SO146880;C0001;CS004;532;2029-10-25 00:00:00;2029-10-31 00:00:00;2029-09-29 00:00:00;2029-10-05 00:00:00
2029-09-27 00:00:00;SO146880;C0001;CT003;746;2029-10-25 00:00:00;2029-10-15 00:00:00;2029-09-29 00:00:00;2029-09-19 00:00:00
2029-09-27 00:00:00;SO146880;C0001;CS002;568;2029-10-25 00:00:00;2029-10-23 00:00:00;2029-09-29 00:00:00;2029-09-27 00:00:00
2029-09-27 00:00:00;SO146880;C0001;VS001;587;2029-10-25 00:00:00;2029-10-28 00:00:00;2029-09-29 00:00:00;2029-10-02 00:00:00
2029-09-27 00:00:00;SO156616;C0003;AT001;503;2029-11-08 00:00:00;2029-11-04 00:00:00;2029-09-29 00:00:00;2029-09-25 00:00:00
2029-09-27 00:00:00;SO146880;C0001;AS001;777;2029-10-25 00:00:00;2029-10-31 00:00:00;2029-09-29 00:00:00;2029-10-05 00:00:00
2029-09-27 00:00:00;SO156616;C0003;AS001;1032;2029-11-08 00:00:00;2029-10-30 00:00:00;2029-09-29 00:00:00;2029-09-20 00:00:00
2029-09-27 00:00:00;SO146880;C0001;AS005;533;2029-10-25 00:00:00;2029-10-15 00:00:00;2029-09-29 00:00:00;2029-09-19 00:00:00
2029-09-27 00:00:00;SO156616;C0003;AL002;602;2029-11-08 00:00:00;2029-11-14 00:00:00;2029-09-29 00:00:00;2029-10-05 00:00:00
2029-09-27 00:00:00;SO156616;C0003;VS002;1005;2029-11-08 00:00:00;2029-11-04 00:00:00;2029-09-29 00:00:00;2029-09-25 00:00:00
2029-09-27 00:00:00;SO156616;C0003;AS005;845;2029-11-08 00:00:00;2029-11-15 00:00:00;2029-09-29 00:00:00;2029-10-06 00:00:00
2029-09-27 00:00:00;SO146880;C0001;AT002;533;2029-10-25 00:00:00;2029-10-28 00:00:00;2029-09-29 00:00:00;2029-10-02 00:00:00
2029-09-27 00:00:00;SO156616;C0003;VS001;510;2029-11-08 00:00:00;2029-11-12 00:00:00;2029-09-29 00:00:00;2029-10-03 00:00:00
2029-09-27 00:00:00;SO156616;C0003;AS004;773;2029-11-08 00:00:00;2029-11-02 00:00:00;2029-09-29 00:00:00;2029-09-23 00:00:00
2029-09-27 00:00:00;SO146880;C0001;AL002;720;2029-10-25 00:00:00;2029-11-01 00:00:00;2029-09-29 00:00:00;2029-10-06 00:00:00
2029-09-28 00:00:00;SO580440;C0030;CS001;919;2029-11-30 00:00:00;2029-11-23 00:00:00;2029-10-06 00:00:00;2029-09-29 00:00:00
2029-09-28 00:00:00;SO403337;C0017;AS003;1423;2029-11-23 00:00:00;2029-11-19 00:00:00;2029-10-02 00:00:00;2029-09-28 00:00:00
2029-09-28 00:00:00;SO296051;C0024;VS002;1003;2029-10-26 00:00:00;2029-10-18 00:00:00;2029-10-02 00:00:00;2029-09-24 00:00:00
2029-09-28 00:00:00;SO357091;C0011;CS003;1143;2029-11-02 00:00:00;2029-11-01 00:00:00;2029-10-01 00:00:00;2029-09-30 00:00:00
2029-09-28 00:00:00;SO403337;C0017;AS004;389;2029-11-23 00:00:00;2029-11-14 00:00:00;2029-10-02 00:00:00;2029-09-23 00:00:00
2029-09-28 00:00:00;SO296051;C0024;VS005;1299;2029-10-26 00:00:00;2029-11-03 00:00:00;2029-10-02 00:00:00;2029-10-10 00:00:00
2029-09-28 00:00:00;SO403337;C0017;CT002;1291;2029-11-23 00:00:00;2029-11-20 00:00:00;2029-10-02 00:00:00;2029-09-29 00:00:00
2029-09-28 00:00:00;SO357091;C0011;AS003;786;2029-11-02 00:00:00;2029-11-04 00:00:00;2029-10-01 00:00:00;2029-10-03 00:00:00
2029-09-28 00:00:00;SO580440;C0030;VS001;521;2029-11-30 00:00:00;2029-11-27 00:00:00;2029-10-06 00:00:00;2029-10-03 00:00:00
2029-09-28 00:00:00;SO357091;C0011;AL002;824;2029-11-02 00:00:00;2029-11-07 00:00:00;2029-10-01 00:00:00;2029-10-06 00:00:00
2029-09-28 00:00:00;SO403337;C0017;AS001;1131;2029-11-23 00:00:00;2029-11-23 00:00:00;2029-10-02 00:00:00;2029-10-02 00:00:00
2029-09-28 00:00:00;SO357091;C0011;CT001;843;2029-11-02 00:00:00;2029-10-31 00:00:00;2029-10-01 00:00:00;2029-09-29 00:00:00
2029-09-28 00:00:00;SO357091;C0011;AS004;689;2029-11-02 00:00:00;2029-10-29 00:00:00;2029-10-01 00:00:00;2029-09-27 00:00:00
2029-09-28 00:00:00;SO403337;C0017;CS003;1332;2029-11-23 00:00:00;2029-11-18 00:00:00;2029-10-02 00:00:00;2029-09-27 00:00:00
2029-10-01 00:00:00;SO401037;C0021;AT001;1480;2029-10-15 00:00:00;2029-10-23 00:00:00;2029-10-05 00:00:00;2029-10-13 00:00:00
2029-10-01 00:00:00;SO165208;C0001;CS001;1310;2029-10-29 00:00:00;2029-10-30 00:00:00;2029-10-03 00:00:00;2029-10-04 00:00:00
2029-10-01 00:00:00;SO911010;C0011;CS001;1429;2029-11-05 00:00:00;2029-11-02 00:00:00;2029-10-04 00:00:00;2029-10-01 00:00:00
2029-10-01 00:00:00;SO401037;C0021;CT002;985;2029-10-15 00:00:00;2029-10-21 00:00:00;2029-10-05 00:00:00;2029-10-11 00:00:00
2029-10-01 00:00:00;SO911010;C0011;AT001;1147;2029-11-05 00:00:00;2029-11-11 00:00:00;2029-10-04 00:00:00;2029-10-10 00:00:00
2029-10-01 00:00:00;SO401037;C0021;CT001;775;2029-10-15 00:00:00;2029-10-22 00:00:00;2029-10-05 00:00:00;2029-10-12 00:00:00
2029-10-01 00:00:00;SO165208;C0001;AL002;1026;2029-10-29 00:00:00;2029-10-19 00:00:00;2029-10-03 00:00:00;2029-09-23 00:00:00
2029-10-01 00:00:00;SO165208;C0001;CS004;515;2029-10-29 00:00:00;2029-11-03 00:00:00;2029-10-03 00:00:00;2029-10-08 00:00:00
2029-10-01 00:00:00;SO165208;C0001;AT001;637;2029-10-29 00:00:00;2029-10-20 00:00:00;2029-10-03 00:00:00;2029-09-24 00:00:00
2029-10-01 00:00:00;SO165208;C0001;CS002;1375;2029-10-29 00:00:00;2029-11-07 00:00:00;2029-10-03 00:00:00;2029-10-12 00:00:00
2029-10-01 00:00:00;SO165208;C0001;AS002;1151;2029-10-29 00:00:00;2029-10-31 00:00:00;2029-10-03 00:00:00;2029-10-05 00:00:00
2029-10-01 00:00:00;SO401037;C0021;AS003;1148;2029-10-15 00:00:00;2029-10-06 00:00:00;2029-10-05 00:00:00;2029-09-26 00:00:00
2029-10-01 00:00:00;SO165208;C0001;VS001;1020;2029-10-29 00:00:00;2029-11-06 00:00:00;2029-10-03 00:00:00;2029-10-11 00:00:00
2029-10-01 00:00:00;SO165208;C0001;AS003;487;2029-10-29 00:00:00;2029-11-08 00:00:00;2029-10-03 00:00:00;2029-10-13 00:00:00
2029-10-01 00:00:00;SO165208;C0001;AT002;1253;2029-10-29 00:00:00;2029-10-30 00:00:00;2029-10-03 00:00:00;2029-10-04 00:00:00
2029-10-01 00:00:00;SO165208;C0001;AS004;1404;2029-10-29 00:00:00;2029-11-01 00:00:00;2029-10-03 00:00:00;2029-10-06 00:00:00
2029-10-01 00:00:00;SO911010;C0011;AS004;524;2029-11-05 00:00:00;2029-10-27 00:00:00;2029-10-04 00:00:00;2029-09-25 00:00:00
2029-10-02 00:00:00;SO555460;C0008;AS004;464;2029-11-27 00:00:00;2029-11-28 00:00:00;2029-10-05 00:00:00;2029-10-06 00:00:00
2029-10-02 00:00:00;SO923657;C0006;AL002;888;2029-12-04 00:00:00;2029-12-08 00:00:00;2029-10-04 00:00:00;2029-10-08 00:00:00
2029-10-02 00:00:00;SO130437;C0003;CS004;1093;2029-11-13 00:00:00;2029-11-13 00:00:00;2029-10-04 00:00:00;2029-10-04 00:00:00
2029-10-02 00:00:00;SO923657;C0006;CS004;803;2029-12-04 00:00:00;2029-12-05 00:00:00;2029-10-04 00:00:00;2029-10-05 00:00:00
2029-10-02 00:00:00;SO130437;C0003;CS001;355;2029-11-13 00:00:00;2029-11-12 00:00:00;2029-10-04 00:00:00;2029-10-03 00:00:00
2029-10-02 00:00:00;SO130437;C0003;AS004;756;2029-11-13 00:00:00;2029-11-08 00:00:00;2029-10-04 00:00:00;2029-09-29 00:00:00
2029-10-02 00:00:00;SO130437;C0003;CT002;1236;2029-11-13 00:00:00;2029-11-07 00:00:00;2029-10-04 00:00:00;2029-09-28 00:00:00
2029-10-02 00:00:00;SO555460;C0008;CT002;818;2029-11-27 00:00:00;2029-11-30 00:00:00;2029-10-05 00:00:00;2029-10-08 00:00:00
2029-10-02 00:00:00;SO130437;C0003;AT002;1252;2029-11-13 00:00:00;2029-11-15 00:00:00;2029-10-04 00:00:00;2029-10-06 00:00:00
2029-10-02 00:00:00;SO923657;C0006;AS002;458;2029-12-04 00:00:00;2029-11-30 00:00:00;2029-10-04 00:00:00;2029-09-30 00:00:00
2029-10-02 00:00:00;SO923657;C0006;CT001;1209;2029-12-04 00:00:00;2029-11-30 00:00:00;2029-10-04 00:00:00;2029-09-30 00:00:00
2029-10-02 00:00:00;SO923657;C0006;AS004;1280;2029-12-04 00:00:00;2029-12-10 00:00:00;2029-10-04 00:00:00;2029-10-10 00:00:00
2029-10-02 00:00:00;SO130437;C0003;CS002;645;2029-11-13 00:00:00;2029-11-04 00:00:00;2029-10-04 00:00:00;2029-09-25 00:00:00
2029-10-02 00:00:00;SO555460;C0008;AS001;1083;2029-11-27 00:00:00;2029-11-20 00:00:00;2029-10-05 00:00:00;2029-09-28 00:00:00
2029-10-02 00:00:00;SO555460;C0008;CS001;717;2029-11-27 00:00:00;2029-11-19 00:00:00;2029-10-05 00:00:00;2029-09-27 00:00:00
2029-10-02 00:00:00;SO555460;C0008;CS004;382;2029-11-27 00:00:00;2029-11-27 00:00:00;2029-10-05 00:00:00;2029-10-05 00:00:00
2029-10-02 00:00:00;SO923657;C0006;CS001;1036;2029-12-04 00:00:00;2029-11-29 00:00:00;2029-10-04 00:00:00;2029-09-29 00:00:00
2029-10-02 00:00:00;SO923657;C0006;AS003;1300;2029-12-04 00:00:00;2029-12-08 00:00:00;2029-10-04 00:00:00;2029-10-08 00:00:00
2029-10-02 00:00:00;SO555460;C0008;AL002;554;2029-11-27 00:00:00;2029-12-01 00:00:00;2029-10-05 00:00:00;2029-10-09 00:00:00
2029-10-02 00:00:00;SO555460;C0008;AS003;939;2029-11-27 00:00:00;2029-11-30 00:00:00;2029-10-05 00:00:00;2029-10-08 00:00:00
2029-10-03 00:00:00;SO162627;C0013;AL002;678;2029-10-31 00:00:00;2029-10-24 00:00:00;2029-10-07 00:00:00;2029-09-30 00:00:00
2029-10-03 00:00:00;SO509067;C0026;AS004;470;2029-11-07 00:00:00;2029-10-30 00:00:00;2029-10-11 00:00:00;2029-10-03 00:00:00
2029-10-03 00:00:00;SO422480;C0020;CS001;1071;2029-11-28 00:00:00;2029-12-01 00:00:00;2029-10-07 00:00:00;2029-10-10 00:00:00
2029-10-03 00:00:00;SO366237;C0006;AS003;1005;2029-12-05 00:00:00;2029-11-26 00:00:00;2029-10-05 00:00:00;2029-09-26 00:00:00
2029-10-03 00:00:00;SO162627;C0013;AS003;884;2029-10-31 00:00:00;2029-10-21 00:00:00;2029-10-07 00:00:00;2029-09-27 00:00:00
2029-10-03 00:00:00;SO366237;C0006;CT001;1227;2029-12-05 00:00:00;2029-12-11 00:00:00;2029-10-05 00:00:00;2029-10-11 00:00:00
2029-10-03 00:00:00;SO162627;C0013;AS002;1167;2029-10-31 00:00:00;2029-11-05 00:00:00;2029-10-07 00:00:00;2029-10-12 00:00:00
2029-10-03 00:00:00;SO509067;C0026;AS001;802;2029-11-07 00:00:00;2029-11-02 00:00:00;2029-10-11 00:00:00;2029-10-06 00:00:00
2029-10-03 00:00:00;SO509067;C0026;CS004;331;2029-11-07 00:00:00;2029-11-11 00:00:00;2029-10-11 00:00:00;2029-10-15 00:00:00
2029-10-03 00:00:00;SO366237;C0006;AT001;611;2029-12-05 00:00:00;2029-12-07 00:00:00;2029-10-05 00:00:00;2029-10-07 00:00:00
2029-10-03 00:00:00;SO162627;C0013;CS001;1331;2029-10-31 00:00:00;2029-10-25 00:00:00;2029-10-07 00:00:00;2029-10-01 00:00:00
2029-10-03 00:00:00;SO509067;C0026;CS001;1048;2029-11-07 00:00:00;2029-11-08 00:00:00;2029-10-11 00:00:00;2029-10-12 00:00:00
2029-10-03 00:00:00;SO422480;C0020;CS002;478;2029-11-28 00:00:00;2029-11-19 00:00:00;2029-10-07 00:00:00;2029-09-28 00:00:00
2029-10-03 00:00:00;SO162627;C0013;CS002;489;2029-10-31 00:00:00;2029-11-03 00:00:00;2029-10-07 00:00:00;2029-10-10 00:00:00
2029-10-03 00:00:00;SO162627;C0013;CS004;471;2029-10-31 00:00:00;2029-10-27 00:00:00;2029-10-07 00:00:00;2029-10-03 00:00:00
2029-10-03 00:00:00;SO422480;C0020;VS001;495;2029-11-28 00:00:00;2029-11-26 00:00:00;2029-10-07 00:00:00;2029-10-05 00:00:00
2029-10-04 00:00:00;SO280983;C0009;CT002;615;2029-10-18 00:00:00;2029-10-18 00:00:00;2029-10-07 00:00:00;2029-10-07 00:00:00
2029-10-04 00:00:00;SO605282;C0020;CS002;884;2029-11-29 00:00:00;2029-12-01 00:00:00;2029-10-08 00:00:00;2029-10-10 00:00:00
2029-10-04 00:00:00;SO605282;C0020;AT002;914;2029-11-29 00:00:00;2029-12-09 00:00:00;2029-10-08 00:00:00;2029-10-18 00:00:00
2029-10-04 00:00:00;SO605282;C0020;VS001;493;2029-11-29 00:00:00;2029-12-09 00:00:00;2029-10-08 00:00:00;2029-10-18 00:00:00
2029-10-04 00:00:00;SO605282;C0020;CT002;416;2029-11-29 00:00:00;2029-12-01 00:00:00;2029-10-08 00:00:00;2029-10-10 00:00:00
2029-10-04 00:00:00;SO605282;C0020;AS003;1132;2029-11-29 00:00:00;2029-12-02 00:00:00;2029-10-08 00:00:00;2029-10-11 00:00:00
2029-10-04 00:00:00;SO605282;C0020;AS001;584;2029-11-29 00:00:00;2029-11-26 00:00:00;2029-10-08 00:00:00;2029-10-05 00:00:00
2029-10-04 00:00:00;SO280983;C0009;AS003;277;2029-10-18 00:00:00;2029-10-28 00:00:00;2029-10-07 00:00:00;2029-10-17 00:00:00
2029-10-04 00:00:00;SO605282;C0020;CS001;676;2029-11-29 00:00:00;2029-12-03 00:00:00;2029-10-08 00:00:00;2029-10-12 00:00:00
2029-10-04 00:00:00;SO280983;C0009;AL002;1378;2029-10-18 00:00:00;2029-10-21 00:00:00;2029-10-07 00:00:00;2029-10-10 00:00:00
2029-10-04 00:00:00;SO280983;C0009;VS001;575;2029-10-18 00:00:00;2029-10-20 00:00:00;2029-10-07 00:00:00;2029-10-09 00:00:00
2029-10-04 00:00:00;SO605282;C0020;AS004;895;2029-11-29 00:00:00;2029-11-23 00:00:00;2029-10-08 00:00:00;2029-10-02 00:00:00
2029-10-04 00:00:00;SO280983;C0009;AS004;1141;2029-10-18 00:00:00;2029-10-24 00:00:00;2029-10-07 00:00:00;2029-10-13 00:00:00
2029-10-04 00:00:00;SO605282;C0020;CT001;764;2029-11-29 00:00:00;2029-12-08 00:00:00;2029-10-08 00:00:00;2029-10-17 00:00:00
2029-10-05 00:00:00;SO800193;C0018;AS002;676;2029-12-07 00:00:00;2029-12-05 00:00:00;2029-10-09 00:00:00;2029-10-07 00:00:00
2029-10-05 00:00:00;SO614832;C0013;AT002;728;2029-11-02 00:00:00;2029-11-09 00:00:00;2029-10-09 00:00:00;2029-10-16 00:00:00
2029-10-05 00:00:00;SO535943;C0020;AS002;981;2029-11-30 00:00:00;2029-11-23 00:00:00;2029-10-09 00:00:00;2029-10-02 00:00:00
2029-10-05 00:00:00;SO800193;C0018;CT001;882;2029-12-07 00:00:00;2029-11-30 00:00:00;2029-10-09 00:00:00;2029-10-02 00:00:00
2029-10-05 00:00:00;SO614832;C0013;CS001;1241;2029-11-02 00:00:00;2029-11-02 00:00:00;2029-10-09 00:00:00;2029-10-09 00:00:00
2029-10-05 00:00:00;SO800193;C0018;CT002;868;2029-12-07 00:00:00;2029-12-02 00:00:00;2029-10-09 00:00:00;2029-10-04 00:00:00
2029-10-05 00:00:00;SO800193;C0018;AS004;1205;2029-12-07 00:00:00;2029-12-05 00:00:00;2029-10-09 00:00:00;2029-10-07 00:00:00
2029-10-05 00:00:00;SO800193;C0018;AT002;351;2029-12-07 00:00:00;2029-12-01 00:00:00;2029-10-09 00:00:00;2029-10-03 00:00:00
2029-10-05 00:00:00;SO614832;C0013;AS003;816;2029-11-02 00:00:00;2029-11-06 00:00:00;2029-10-09 00:00:00;2029-10-13 00:00:00
2029-10-05 00:00:00;SO535943;C0020;CS002;1198;2029-11-30 00:00:00;2029-11-25 00:00:00;2029-10-09 00:00:00;2029-10-04 00:00:00
2029-10-05 00:00:00;SO614832;C0013;AS001;397;2029-11-02 00:00:00;2029-11-04 00:00:00;2029-10-09 00:00:00;2029-10-11 00:00:00
2029-10-05 00:00:00;SO800193;C0018;CS004;464;2029-12-07 00:00:00;2029-12-09 00:00:00;2029-10-09 00:00:00;2029-10-11 00:00:00
2029-10-05 00:00:00;SO535943;C0020;AS001;922;2029-11-30 00:00:00;2029-12-04 00:00:00;2029-10-09 00:00:00;2029-10-13 00:00:00
2029-10-05 00:00:00;SO800193;C0018;CS002;890;2029-12-07 00:00:00;2029-12-05 00:00:00;2029-10-09 00:00:00;2029-10-07 00:00:00
2029-10-05 00:00:00;SO800193;C0018;CS001;651;2029-12-07 00:00:00;2029-12-15 00:00:00;2029-10-09 00:00:00;2029-10-17 00:00:00
2029-10-05 00:00:00;SO535943;C0020;AT001;563;2029-11-30 00:00:00;2029-11-23 00:00:00;2029-10-09 00:00:00;2029-10-02 00:00:00
2029-10-08 00:00:00;SO9000038;C0016;AT001;393;2029-10-22 00:00:00;2029-11-01 00:00:00;2029-10-12 00:00:00;2029-10-22 00:00:00
2029-10-08 00:00:00;SO802678;C0005;CS001;1444;2029-12-03 00:00:00;2029-12-10 00:00:00;2029-10-10 00:00:00;2029-10-17 00:00:00
2029-10-08 00:00:00;SO286420;C0011;CT001;884;2029-11-12 00:00:00;2029-11-07 00:00:00;2029-10-11 00:00:00;2029-10-06 00:00:00
2029-10-08 00:00:00;SO390483;C0003;CT001;494;2029-11-19 00:00:00;2029-11-14 00:00:00;2029-10-10 00:00:00;2029-10-05 00:00:00
2029-10-08 00:00:00;SO802678;C0005;CT001;674;2029-12-03 00:00:00;2029-12-09 00:00:00;2029-10-10 00:00:00;2029-10-16 00:00:00
2029-10-08 00:00:00;SO286420;C0011;VS001;1328;2029-11-12 00:00:00;2029-11-09 00:00:00;2029-10-11 00:00:00;2029-10-08 00:00:00
2029-10-08 00:00:00;SO390483;C0003;VS001;1303;2029-11-19 00:00:00;2029-11-25 00:00:00;2029-10-10 00:00:00;2029-10-16 00:00:00
2029-10-08 00:00:00;SO390483;C0003;AS001;646;2029-11-19 00:00:00;2029-11-29 00:00:00;2029-10-10 00:00:00;2029-10-20 00:00:00
2029-10-08 00:00:00;SO390483;C0003;CS001;596;2029-11-19 00:00:00;2029-11-23 00:00:00;2029-10-10 00:00:00;2029-10-14 00:00:00
2029-10-08 00:00:00;SO9000038;C0016;AS003;1023;2029-10-22 00:00:00;2029-10-15 00:00:00;2029-10-12 00:00:00;2029-10-05 00:00:00
2029-10-08 00:00:00;SO9000038;C0016;CS004;1270;2029-10-22 00:00:00;2029-10-29 00:00:00;2029-10-12 00:00:00;2029-10-19 00:00:00
2029-10-08 00:00:00;SO390483;C0003;AS004;1194;2029-11-19 00:00:00;2029-11-25 00:00:00;2029-10-10 00:00:00;2029-10-16 00:00:00
2029-10-08 00:00:00;SO9000038;C0016;CT002;587;2029-10-22 00:00:00;2029-10-14 00:00:00;2029-10-12 00:00:00;2029-10-04 00:00:00
2029-10-08 00:00:00;SO9000038;C0016;AS002;712;2029-10-22 00:00:00;2029-10-27 00:00:00;2029-10-12 00:00:00;2029-10-17 00:00:00
2029-10-09 00:00:00;SO140389;C0008;CT001;843;2029-12-04 00:00:00;2029-12-14 00:00:00;2029-10-12 00:00:00;2029-10-22 00:00:00
2029-10-09 00:00:00;SO548427;C0006;AL002;661;2029-12-11 00:00:00;2029-12-14 00:00:00;2029-10-11 00:00:00;2029-10-14 00:00:00
2029-10-09 00:00:00;SO143436;C0026;CT002;992;2029-11-13 00:00:00;2029-11-07 00:00:00;2029-10-17 00:00:00;2029-10-11 00:00:00
2029-10-09 00:00:00;SO140389;C0008;CT002;358;2029-12-04 00:00:00;2029-12-04 00:00:00;2029-10-12 00:00:00;2029-10-12 00:00:00
2029-10-09 00:00:00;SO140389;C0008;AS004;623;2029-12-04 00:00:00;2029-12-12 00:00:00;2029-10-12 00:00:00;2029-10-20 00:00:00
2029-10-09 00:00:00;SO548427;C0006;CS004;805;2029-12-11 00:00:00;2029-12-21 00:00:00;2029-10-11 00:00:00;2029-10-21 00:00:00
2029-10-09 00:00:00;SO143436;C0026;AT001;475;2029-11-13 00:00:00;2029-11-20 00:00:00;2029-10-17 00:00:00;2029-10-24 00:00:00
2029-10-09 00:00:00;SO140389;C0008;AS001;764;2029-12-04 00:00:00;2029-12-01 00:00:00;2029-10-12 00:00:00;2029-10-09 00:00:00
2029-10-09 00:00:00;SO140389;C0008;AS002;699;2029-12-04 00:00:00;2029-12-08 00:00:00;2029-10-12 00:00:00;2029-10-16 00:00:00
2029-10-09 00:00:00;SO140389;C0008;AS003;950;2029-12-04 00:00:00;2029-12-06 00:00:00;2029-10-12 00:00:00;2029-10-14 00:00:00
2029-10-09 00:00:00;SO140389;C0008;VS001;1246;2029-12-04 00:00:00;2029-12-08 00:00:00;2029-10-12 00:00:00;2029-10-16 00:00:00
2029-10-09 00:00:00;SO140389;C0008;AL002;798;2029-12-04 00:00:00;2029-11-26 00:00:00;2029-10-12 00:00:00;2029-10-04 00:00:00
2029-10-09 00:00:00;SO548427;C0006;AT002;786;2029-12-11 00:00:00;2029-12-13 00:00:00;2029-10-11 00:00:00;2029-10-13 00:00:00
2029-10-09 00:00:00;SO140389;C0008;CS002;1297;2029-12-04 00:00:00;2029-11-28 00:00:00;2029-10-12 00:00:00;2029-10-06 00:00:00
2029-10-09 00:00:00;SO548427;C0006;CT002;631;2029-12-11 00:00:00;2029-12-06 00:00:00;2029-10-11 00:00:00;2029-10-06 00:00:00
2029-10-09 00:00:00;SO140389;C0008;AT001;799;2029-12-04 00:00:00;2029-12-12 00:00:00;2029-10-12 00:00:00;2029-10-20 00:00:00
2029-10-09 00:00:00;SO548427;C0006;AS002;1370;2029-12-11 00:00:00;2029-12-04 00:00:00;2029-10-11 00:00:00;2029-10-04 00:00:00
2029-10-09 00:00:00;SO140389;C0008;AT002;999;2029-12-04 00:00:00;2029-12-12 00:00:00;2029-10-12 00:00:00;2029-10-20 00:00:00
2029-10-09 00:00:00;SO140389;C0008;CS001;952;2029-12-04 00:00:00;2029-11-29 00:00:00;2029-10-12 00:00:00;2029-10-07 00:00:00
2029-10-10 00:00:00;SO156022;C0014;CS004;1287;2029-11-14 00:00:00;2029-11-18 00:00:00;2029-10-14 00:00:00;2029-10-18 00:00:00
2029-10-10 00:00:00;SO672228;C0011;CT001;965;2029-11-14 00:00:00;2029-11-05 00:00:00;2029-10-13 00:00:00;2029-10-04 00:00:00
2029-10-10 00:00:00;SO499245;C0010;CS004;970;2029-11-21 00:00:00;2029-12-01 00:00:00;2029-10-13 00:00:00;2029-10-23 00:00:00
2029-10-10 00:00:00;SO413410;C0028;AL002;868;2029-10-24 00:00:00;2029-10-29 00:00:00;2029-10-18 00:00:00;2029-10-23 00:00:00
2029-10-10 00:00:00;SO156022;C0014;AS004;454;2029-11-14 00:00:00;2029-11-23 00:00:00;2029-10-14 00:00:00;2029-10-23 00:00:00
2029-10-10 00:00:00;SO413410;C0028;AS002;997;2029-10-24 00:00:00;2029-10-18 00:00:00;2029-10-18 00:00:00;2029-10-12 00:00:00
2029-10-10 00:00:00;SO413410;C0028;AT002;887;2029-10-24 00:00:00;2029-10-22 00:00:00;2029-10-18 00:00:00;2029-10-16 00:00:00
2029-10-10 00:00:00;SO413410;C0028;CS004;1210;2029-10-24 00:00:00;2029-10-29 00:00:00;2029-10-18 00:00:00;2029-10-23 00:00:00
2029-10-10 00:00:00;SO499245;C0010;AL002;1196;2029-11-21 00:00:00;2029-11-18 00:00:00;2029-10-13 00:00:00;2029-10-10 00:00:00
2029-10-10 00:00:00;SO499245;C0010;AT001;779;2029-11-21 00:00:00;2029-11-22 00:00:00;2029-10-13 00:00:00;2029-10-14 00:00:00
2029-10-10 00:00:00;SO413410;C0028;CT001;852;2029-10-24 00:00:00;2029-10-23 00:00:00;2029-10-18 00:00:00;2029-10-17 00:00:00
2029-10-10 00:00:00;SO413410;C0028;AS004;754;2029-10-24 00:00:00;2029-11-03 00:00:00;2029-10-18 00:00:00;2029-10-28 00:00:00
2029-10-10 00:00:00;SO672228;C0011;AS001;410;2029-11-14 00:00:00;2029-11-23 00:00:00;2029-10-13 00:00:00;2029-10-22 00:00:00
2029-10-10 00:00:00;SO413410;C0028;AS003;382;2029-10-24 00:00:00;2029-10-26 00:00:00;2029-10-18 00:00:00;2029-10-20 00:00:00
2029-10-10 00:00:00;SO156022;C0014;CT002;607;2029-11-14 00:00:00;2029-11-13 00:00:00;2029-10-14 00:00:00;2029-10-13 00:00:00
2029-10-11 00:00:00;SO765761;C0026;CT002;817;2029-11-15 00:00:00;2029-11-07 00:00:00;2029-10-19 00:00:00;2029-10-11 00:00:00
2029-10-11 00:00:00;SO839398;C0023;AS001;789;2029-11-15 00:00:00;2029-11-23 00:00:00;2029-10-15 00:00:00;2029-10-23 00:00:00
2029-10-11 00:00:00;SO708370;C0020;CT002;715;2029-12-06 00:00:00;2029-12-15 00:00:00;2029-10-15 00:00:00;2029-10-24 00:00:00
2029-10-11 00:00:00;SO839398;C0023;AT001;742;2029-11-15 00:00:00;2029-11-19 00:00:00;2029-10-15 00:00:00;2029-10-19 00:00:00
2029-10-11 00:00:00;SO839398;C0023;AT002;634;2029-11-15 00:00:00;2029-11-11 00:00:00;2029-10-15 00:00:00;2029-10-11 00:00:00
2029-10-11 00:00:00;SO839398;C0023;CS004;456;2029-11-15 00:00:00;2029-11-16 00:00:00;2029-10-15 00:00:00;2029-10-16 00:00:00
2029-10-11 00:00:00;SO839398;C0023;AS002;1191;2029-11-15 00:00:00;2029-11-18 00:00:00;2029-10-15 00:00:00;2029-10-18 00:00:00
2029-10-11 00:00:00;SO708370;C0020;AT002;1275;2029-12-06 00:00:00;2029-12-02 00:00:00;2029-10-15 00:00:00;2029-10-11 00:00:00
2029-10-11 00:00:00;SO708370;C0020;AT001;962;2029-12-06 00:00:00;2029-12-01 00:00:00;2029-10-15 00:00:00;2029-10-10 00:00:00
2029-10-11 00:00:00;SO839398;C0023;AS003;1190;2029-11-15 00:00:00;2029-11-20 00:00:00;2029-10-15 00:00:00;2029-10-20 00:00:00
2029-10-11 00:00:00;SO839398;C0023;CS001;799;2029-11-15 00:00:00;2029-11-18 00:00:00;2029-10-15 00:00:00;2029-10-18 00:00:00
2029-10-11 00:00:00;SO839398;C0023;AS004;847;2029-11-15 00:00:00;2029-11-17 00:00:00;2029-10-15 00:00:00;2029-10-17 00:00:00
2029-10-11 00:00:00;SO839398;C0023;CT001;393;2029-11-15 00:00:00;2029-11-06 00:00:00;2029-10-15 00:00:00;2029-10-06 00:00:00
2029-10-11 00:00:00;SO839398;C0023;VS001;1384;2029-11-15 00:00:00;2029-11-09 00:00:00;2029-10-15 00:00:00;2029-10-09 00:00:00
2029-10-11 00:00:00;SO765761;C0026;AS003;1260;2029-11-15 00:00:00;2029-11-22 00:00:00;2029-10-19 00:00:00;2029-10-26 00:00:00
2029-10-11 00:00:00;SO708370;C0020;AS001;413;2029-12-06 00:00:00;2029-12-12 00:00:00;2029-10-15 00:00:00;2029-10-21 00:00:00
2029-10-11 00:00:00;SO765761;C0026;CS002;1087;2029-11-15 00:00:00;2029-11-13 00:00:00;2029-10-19 00:00:00;2029-10-17 00:00:00
2029-10-12 00:00:00;SO778957;C0018;CS002;1148;2029-12-14 00:00:00;2029-12-06 00:00:00;2029-10-16 00:00:00;2029-10-08 00:00:00
2029-10-12 00:00:00;SO868053;C0021;AS001;454;2029-10-26 00:00:00;2029-10-27 00:00:00;2029-10-16 00:00:00;2029-10-17 00:00:00
2029-10-12 00:00:00;SO160204;C0003;CT002;483;2029-11-23 00:00:00;2029-11-25 00:00:00;2029-10-14 00:00:00;2029-10-16 00:00:00
2029-10-12 00:00:00;SO430947;C0024;CS002;483;2029-11-09 00:00:00;2029-11-02 00:00:00;2029-10-16 00:00:00;2029-10-09 00:00:00
2029-10-12 00:00:00;SO430947;C0024;CT001;861;2029-11-09 00:00:00;2029-11-01 00:00:00;2029-10-16 00:00:00;2029-10-08 00:00:00
2029-10-12 00:00:00;SO868053;C0021;CS002;451;2029-10-26 00:00:00;2029-10-31 00:00:00;2029-10-16 00:00:00;2029-10-21 00:00:00
2029-10-12 00:00:00;SO160204;C0003;AS004;646;2029-11-23 00:00:00;2029-11-26 00:00:00;2029-10-14 00:00:00;2029-10-17 00:00:00
2029-10-12 00:00:00;SO778957;C0018;AS001;425;2029-12-14 00:00:00;2029-12-22 00:00:00;2029-10-16 00:00:00;2029-10-24 00:00:00
2029-10-12 00:00:00;SO868053;C0021;CT002;1253;2029-10-26 00:00:00;2029-10-28 00:00:00;2029-10-16 00:00:00;2029-10-18 00:00:00
2029-10-12 00:00:00;SO160204;C0003;AL002;1252;2029-11-23 00:00:00;2029-12-01 00:00:00;2029-10-14 00:00:00;2029-10-22 00:00:00
2029-10-12 00:00:00;SO430947;C0024;CS001;1011;2029-11-09 00:00:00;2029-11-11 00:00:00;2029-10-16 00:00:00;2029-10-18 00:00:00
2029-10-12 00:00:00;SO868053;C0021;CS004;952;2029-10-26 00:00:00;2029-10-30 00:00:00;2029-10-16 00:00:00;2029-10-20 00:00:00
2029-10-15 00:00:00;SO120661;C0011;CS002;1004;2029-11-19 00:00:00;2029-11-16 00:00:00;2029-10-18 00:00:00;2029-10-15 00:00:00
2029-10-15 00:00:00;SO753604;C0022;AS003;1102;2029-11-26 00:00:00;2029-12-06 00:00:00;2029-10-19 00:00:00;2029-10-29 00:00:00
2029-10-15 00:00:00;SO573376;C0004;AS001;882;2029-10-29 00:00:00;2029-11-06 00:00:00;2029-10-17 00:00:00;2029-10-25 00:00:00
2029-10-15 00:00:00;SO718377;C0027;VS001;658;2029-11-26 00:00:00;2029-11-30 00:00:00;2029-10-23 00:00:00;2029-10-27 00:00:00
2029-10-15 00:00:00;SO120661;C0011;AT002;937;2029-11-19 00:00:00;2029-11-24 00:00:00;2029-10-18 00:00:00;2029-10-23 00:00:00
2029-10-15 00:00:00;SO753604;C0022;AT001;700;2029-11-26 00:00:00;2029-11-26 00:00:00;2029-10-19 00:00:00;2029-10-19 00:00:00
2029-10-15 00:00:00;SO753604;C0022;CS002;883;2029-11-26 00:00:00;2029-11-27 00:00:00;2029-10-19 00:00:00;2029-10-20 00:00:00
2029-10-15 00:00:00;SO573376;C0004;CT002;1009;2029-10-29 00:00:00;2029-11-03 00:00:00;2029-10-17 00:00:00;2029-10-22 00:00:00
2029-10-15 00:00:00;SO718377;C0027;CS004;1132;2029-11-26 00:00:00;2029-11-28 00:00:00;2029-10-23 00:00:00;2029-10-25 00:00:00
2029-10-15 00:00:00;SO120661;C0011;AL002;564;2029-11-19 00:00:00;2029-11-26 00:00:00;2029-10-18 00:00:00;2029-10-25 00:00:00
2029-10-15 00:00:00;SO718377;C0027;AS002;577;2029-11-26 00:00:00;2029-11-20 00:00:00;2029-10-23 00:00:00;2029-10-17 00:00:00
2029-10-15 00:00:00;SO753604;C0022;AT002;1293;2029-11-26 00:00:00;2029-11-22 00:00:00;2029-10-19 00:00:00;2029-10-15 00:00:00
2029-10-16 00:00:00;SO934901;C0013;CS001;595;2029-11-13 00:00:00;2029-11-12 00:00:00;2029-10-20 00:00:00;2029-10-19 00:00:00
2029-10-16 00:00:00;SO156912;C0012;CT002;1094;2029-11-13 00:00:00;2029-11-21 00:00:00;2029-10-19 00:00:00;2029-10-27 00:00:00
2029-10-16 00:00:00;SO916627;C0021;AT001;1024;2029-10-30 00:00:00;2029-10-28 00:00:00;2029-10-20 00:00:00;2029-10-18 00:00:00
2029-10-16 00:00:00;SO489638;C0025;AT001;585;2029-11-13 00:00:00;2029-11-18 00:00:00;2029-10-24 00:00:00;2029-10-29 00:00:00
2029-10-16 00:00:00;SO489638;C0025;AL002;674;2029-11-13 00:00:00;2029-11-19 00:00:00;2029-10-24 00:00:00;2029-10-30 00:00:00
2029-10-16 00:00:00;SO156912;C0012;AL002;1032;2029-11-13 00:00:00;2029-11-06 00:00:00;2029-10-19 00:00:00;2029-10-12 00:00:00
2029-10-16 00:00:00;SO934901;C0013;CS002;693;2029-11-13 00:00:00;2029-11-08 00:00:00;2029-10-20 00:00:00;2029-10-15 00:00:00
2029-10-16 00:00:00;SO916627;C0021;CS002;545;2029-10-30 00:00:00;2029-10-26 00:00:00;2029-10-20 00:00:00;2029-10-16 00:00:00
2029-10-16 00:00:00;SO916627;C0021;CT001;579;2029-10-30 00:00:00;2029-10-27 00:00:00;2029-10-20 00:00:00;2029-10-17 00:00:00
2029-10-16 00:00:00;SO934901;C0013;CS004;544;2029-11-13 00:00:00;2029-11-21 00:00:00;2029-10-20 00:00:00;2029-10-28 00:00:00
2029-10-16 00:00:00;SO489638;C0025;CS004;561;2029-11-13 00:00:00;2029-11-12 00:00:00;2029-10-24 00:00:00;2029-10-23 00:00:00
2029-10-16 00:00:00;SO916627;C0021;CT002;1280;2029-10-30 00:00:00;2029-10-26 00:00:00;2029-10-20 00:00:00;2029-10-16 00:00:00
2029-10-16 00:00:00;SO916627;C0021;CS004;1054;2029-10-30 00:00:00;2029-11-08 00:00:00;2029-10-20 00:00:00;2029-10-29 00:00:00
2029-10-17 00:00:00;SO195410;C0004;AS002;1108;2029-10-31 00:00:00;2029-11-02 00:00:00;2029-10-19 00:00:00;2029-10-21 00:00:00
2029-10-17 00:00:00;SO251370;C0009;AL002;996;2029-10-31 00:00:00;2029-11-01 00:00:00;2029-10-20 00:00:00;2029-10-21 00:00:00
2029-10-17 00:00:00;SO143925;C0016;AS002;1066;2029-10-31 00:00:00;2029-10-28 00:00:00;2029-10-21 00:00:00;2029-10-18 00:00:00
2029-10-17 00:00:00;SO195410;C0004;CS002;930;2029-10-31 00:00:00;2029-11-06 00:00:00;2029-10-19 00:00:00;2029-10-25 00:00:00
2029-10-17 00:00:00;SO251370;C0009;CS002;1141;2029-10-31 00:00:00;2029-10-31 00:00:00;2029-10-20 00:00:00;2029-10-20 00:00:00
2029-10-17 00:00:00;SO143925;C0016;CS001;487;2029-10-31 00:00:00;2029-11-02 00:00:00;2029-10-21 00:00:00;2029-10-23 00:00:00
2029-10-17 00:00:00;SO143925;C0016;CT002;436;2029-10-31 00:00:00;2029-10-25 00:00:00;2029-10-21 00:00:00;2029-10-15 00:00:00
2029-10-17 00:00:00;SO251370;C0009;AS001;369;2029-10-31 00:00:00;2029-10-31 00:00:00;2029-10-20 00:00:00;2029-10-20 00:00:00
2029-10-17 00:00:00;SO143925;C0016;VS001;855;2029-10-31 00:00:00;2029-10-21 00:00:00;2029-10-21 00:00:00;2029-10-11 00:00:00
2029-10-17 00:00:00;SO143925;C0016;AS004;872;2029-10-31 00:00:00;2029-11-10 00:00:00;2029-10-21 00:00:00;2029-10-31 00:00:00
2029-10-17 00:00:00;SO143925;C0016;AT001;633;2029-10-31 00:00:00;2029-10-28 00:00:00;2029-10-21 00:00:00;2029-10-18 00:00:00
2029-10-17 00:00:00;SO251370;C0009;AS003;843;2029-10-31 00:00:00;2029-10-22 00:00:00;2029-10-20 00:00:00;2029-10-11 00:00:00
2029-10-17 00:00:00;SO143925;C0016;AS003;1276;2029-10-31 00:00:00;2029-10-25 00:00:00;2029-10-21 00:00:00;2029-10-15 00:00:00
2029-10-18 00:00:00;SO952145;C0001;AL002;1413;2029-11-15 00:00:00;2029-11-19 00:00:00;2029-10-20 00:00:00;2029-10-24 00:00:00
2029-10-18 00:00:00;SO166685;C0007;CT001;1205;2029-12-20 00:00:00;2029-12-28 00:00:00;2029-10-21 00:00:00;2029-10-29 00:00:00
2029-10-18 00:00:00;SO504264;C0010;CT001;524;2029-11-29 00:00:00;2029-11-28 00:00:00;2029-10-21 00:00:00;2029-10-20 00:00:00
2029-10-18 00:00:00;SO952145;C0001;CS004;1008;2029-11-15 00:00:00;2029-11-18 00:00:00;2029-10-20 00:00:00;2029-10-23 00:00:00
2029-10-18 00:00:00;SO504264;C0010;CS004;685;2029-11-29 00:00:00;2029-11-23 00:00:00;2029-10-21 00:00:00;2029-10-15 00:00:00
2029-10-18 00:00:00;SO166685;C0007;VS001;1262;2029-12-20 00:00:00;2029-12-16 00:00:00;2029-10-21 00:00:00;2029-10-17 00:00:00
2029-10-18 00:00:00;SO952145;C0001;VS001;943;2029-11-15 00:00:00;2029-11-11 00:00:00;2029-10-20 00:00:00;2029-10-16 00:00:00
2029-10-18 00:00:00;SO504264;C0010;AS003;1083;2029-11-29 00:00:00;2029-11-30 00:00:00;2029-10-21 00:00:00;2029-10-22 00:00:00
2029-10-18 00:00:00;SO504264;C0010;CS002;1514;2029-11-29 00:00:00;2029-11-27 00:00:00;2029-10-21 00:00:00;2029-10-19 00:00:00
2029-10-18 00:00:00;SO504264;C0010;CT002;1202;2029-11-29 00:00:00;2029-12-05 00:00:00;2029-10-21 00:00:00;2029-10-27 00:00:00
2029-10-18 00:00:00;SO504264;C0010;AT001;518;2029-11-29 00:00:00;2029-11-28 00:00:00;2029-10-21 00:00:00;2029-10-20 00:00:00
2029-10-18 00:00:00;SO166685;C0007;AS004;377;2029-12-20 00:00:00;2029-12-14 00:00:00;2029-10-21 00:00:00;2029-10-15 00:00:00
2029-10-18 00:00:00;SO166685;C0007;AS002;1287;2029-12-20 00:00:00;2029-12-13 00:00:00;2029-10-21 00:00:00;2029-10-14 00:00:00
2029-10-18 00:00:00;SO166685;C0007;CS004;1226;2029-12-20 00:00:00;2029-12-22 00:00:00;2029-10-21 00:00:00;2029-10-23 00:00:00
2029-10-18 00:00:00;SO166685;C0007;AT002;867;2029-12-20 00:00:00;2029-12-13 00:00:00;2029-10-21 00:00:00;2029-10-14 00:00:00
2029-10-19 00:00:00;SO222537;C0007;AS003;1305;2029-12-21 00:00:00;2029-12-21 00:00:00;2029-10-22 00:00:00;2029-10-22 00:00:00
2029-10-19 00:00:00;SO759608;C0024;AS001;865;2029-11-16 00:00:00;2029-11-17 00:00:00;2029-10-23 00:00:00;2029-10-24 00:00:00
2029-10-19 00:00:00;SO759608;C0024;CS001;480;2029-11-16 00:00:00;2029-11-16 00:00:00;2029-10-23 00:00:00;2029-10-23 00:00:00
2029-10-19 00:00:00;SO222537;C0007;CT002;567;2029-12-21 00:00:00;2029-12-19 00:00:00;2029-10-22 00:00:00;2029-10-20 00:00:00
2029-10-19 00:00:00;SO759608;C0024;AL002;629;2029-11-16 00:00:00;2029-11-24 00:00:00;2029-10-23 00:00:00;2029-10-31 00:00:00
2029-10-19 00:00:00;SO222537;C0007;CT001;845;2029-12-21 00:00:00;2029-12-21 00:00:00;2029-10-22 00:00:00;2029-10-22 00:00:00
2029-10-19 00:00:00;SO222537;C0007;AT002;635;2029-12-21 00:00:00;2029-12-14 00:00:00;2029-10-22 00:00:00;2029-10-15 00:00:00
2029-10-19 00:00:00;SO222537;C0007;AS004;876;2029-12-21 00:00:00;2029-12-11 00:00:00;2029-10-22 00:00:00;2029-10-12 00:00:00
2029-10-19 00:00:00;SO759608;C0024;CS002;487;2029-11-16 00:00:00;2029-11-06 00:00:00;2029-10-23 00:00:00;2029-10-13 00:00:00
2029-10-19 00:00:00;SO222537;C0007;AT001;968;2029-12-21 00:00:00;2029-12-14 00:00:00;2029-10-22 00:00:00;2029-10-15 00:00:00
2029-10-19 00:00:00;SO222537;C0007;VS001;992;2029-12-21 00:00:00;2029-12-21 00:00:00;2029-10-22 00:00:00;2029-10-22 00:00:00
2029-10-19 00:00:00;SO222537;C0007;CS002;682;2029-12-21 00:00:00;2029-12-26 00:00:00;2029-10-22 00:00:00;2029-10-27 00:00:00
2029-10-19 00:00:00;SO759608;C0024;VS001;1044;2029-11-16 00:00:00;2029-11-26 00:00:00;2029-10-23 00:00:00;2029-11-02 00:00:00
2029-10-19 00:00:00;SO222537;C0007;CS004;1102;2029-12-21 00:00:00;2029-12-19 00:00:00;2029-10-22 00:00:00;2029-10-20 00:00:00
2029-10-19 00:00:00;SO222537;C0007;AL002;429;2029-12-21 00:00:00;2029-12-20 00:00:00;2029-10-22 00:00:00;2029-10-21 00:00:00
2029-10-22 00:00:00;SO859462;C0028;CT002;1019;2029-11-05 00:00:00;2029-11-10 00:00:00;2029-10-30 00:00:00;2029-11-04 00:00:00
2029-10-22 00:00:00;SO557811;C0026;CS002;1015;2029-11-26 00:00:00;2029-11-24 00:00:00;2029-10-30 00:00:00;2029-10-28 00:00:00
2029-10-22 00:00:00;SO410282;C0010;CS004;1028;2029-12-03 00:00:00;2029-12-08 00:00:00;2029-10-25 00:00:00;2029-10-30 00:00:00
2029-10-22 00:00:00;SO859462;C0028;AL002;816;2029-11-05 00:00:00;2029-11-02 00:00:00;2029-10-30 00:00:00;2029-10-27 00:00:00
2029-10-22 00:00:00;SO410282;C0010;AT002;834;2029-12-03 00:00:00;2029-12-12 00:00:00;2029-10-25 00:00:00;2029-11-03 00:00:00
2029-10-22 00:00:00;SO557811;C0026;CT001;728;2029-11-26 00:00:00;2029-11-18 00:00:00;2029-10-30 00:00:00;2029-10-22 00:00:00
2029-10-22 00:00:00;SO859462;C0028;AS004;618;2029-11-05 00:00:00;2029-10-28 00:00:00;2029-10-30 00:00:00;2029-10-22 00:00:00
2029-10-22 00:00:00;SO410282;C0010;AL002;841;2029-12-03 00:00:00;2029-12-12 00:00:00;2029-10-25 00:00:00;2029-11-03 00:00:00
2029-10-22 00:00:00;SO557811;C0026;AS004;1443;2029-11-26 00:00:00;2029-11-19 00:00:00;2029-10-30 00:00:00;2029-10-23 00:00:00
2029-10-22 00:00:00;SO859462;C0028;CS004;347;2029-11-05 00:00:00;2029-11-03 00:00:00;2029-10-30 00:00:00;2029-10-28 00:00:00
2029-10-22 00:00:00;SO410282;C0010;VS001;904;2029-12-03 00:00:00;2029-12-09 00:00:00;2029-10-25 00:00:00;2029-10-31 00:00:00
2029-10-22 00:00:00;SO557811;C0026;VS001;1346;2029-11-26 00:00:00;2029-11-20 00:00:00;2029-10-30 00:00:00;2029-10-24 00:00:00
2029-10-22 00:00:00;SO859462;C0028;VS001;1229;2029-11-05 00:00:00;2029-11-04 00:00:00;2029-10-30 00:00:00;2029-10-29 00:00:00
2029-10-22 00:00:00;SO557811;C0026;CS001;623;2029-11-26 00:00:00;2029-12-06 00:00:00;2029-10-30 00:00:00;2029-11-09 00:00:00
2029-10-22 00:00:00;SO557811;C0026;CT002;1198;2029-11-26 00:00:00;2029-11-21 00:00:00;2029-10-30 00:00:00;2029-10-25 00:00:00
2029-10-22 00:00:00;SO410282;C0010;CT001;711;2029-12-03 00:00:00;2029-12-05 00:00:00;2029-10-25 00:00:00;2029-10-27 00:00:00
2029-10-23 00:00:00;SO950768;C0016;AS004;1114;2029-11-06 00:00:00;2029-11-15 00:00:00;2029-10-27 00:00:00;2029-11-05 00:00:00
2029-10-23 00:00:00;SO790196;C0027;AS002;856;2029-12-04 00:00:00;2029-12-14 00:00:00;2029-10-31 00:00:00;2029-11-10 00:00:00
2029-10-23 00:00:00;SO997582;C0009;CS002;973;2029-11-06 00:00:00;2029-10-27 00:00:00;2029-10-26 00:00:00;2029-10-16 00:00:00
2029-10-23 00:00:00;SO950768;C0016;CT002;315;2029-11-06 00:00:00;2029-11-13 00:00:00;2029-10-27 00:00:00;2029-11-03 00:00:00
2029-10-23 00:00:00;SO997582;C0009;CT001;1038;2029-11-06 00:00:00;2029-11-06 00:00:00;2029-10-26 00:00:00;2029-10-26 00:00:00
2029-10-23 00:00:00;SO950768;C0016;CS002;1016;2029-11-06 00:00:00;2029-11-15 00:00:00;2029-10-27 00:00:00;2029-11-05 00:00:00
2029-10-23 00:00:00;SO950768;C0016;AS003;752;2029-11-06 00:00:00;2029-11-03 00:00:00;2029-10-27 00:00:00;2029-10-24 00:00:00
2029-10-23 00:00:00;SO997582;C0009;AS004;1085;2029-11-06 00:00:00;2029-11-08 00:00:00;2029-10-26 00:00:00;2029-10-28 00:00:00
2029-10-23 00:00:00;SO997582;C0009;AS001;1222;2029-11-06 00:00:00;2029-11-05 00:00:00;2029-10-26 00:00:00;2029-10-25 00:00:00
2029-10-23 00:00:00;SO997582;C0009;CT002;915;2029-11-06 00:00:00;2029-11-07 00:00:00;2029-10-26 00:00:00;2029-10-27 00:00:00
2029-10-23 00:00:00;SO790196;C0027;VS001;553;2029-12-04 00:00:00;2029-11-30 00:00:00;2029-10-31 00:00:00;2029-10-27 00:00:00
2029-10-23 00:00:00;SO997582;C0009;CS004;509;2029-11-06 00:00:00;2029-11-14 00:00:00;2029-10-26 00:00:00;2029-11-03 00:00:00
2029-10-23 00:00:00;SO790196;C0027;AS003;694;2029-12-04 00:00:00;2029-12-04 00:00:00;2029-10-31 00:00:00;2029-10-31 00:00:00
2029-10-23 00:00:00;SO950768;C0016;AL002;592;2029-11-06 00:00:00;2029-11-10 00:00:00;2029-10-27 00:00:00;2029-10-31 00:00:00
2029-10-23 00:00:00;SO790196;C0027;AT002;995;2029-12-04 00:00:00;2029-12-03 00:00:00;2029-10-31 00:00:00;2029-10-30 00:00:00
2029-10-23 00:00:00;SO950768;C0016;VS001;476;2029-11-06 00:00:00;2029-10-28 00:00:00;2029-10-27 00:00:00;2029-10-18 00:00:00
2029-10-23 00:00:00;SO950768;C0016;AS002;760;2029-11-06 00:00:00;2029-11-09 00:00:00;2029-10-27 00:00:00;2029-10-30 00:00:00
2029-10-23 00:00:00;SO997582;C0009;CS001;1071;2029-11-06 00:00:00;2029-10-31 00:00:00;2029-10-26 00:00:00;2029-10-20 00:00:00
2029-10-23 00:00:00;SO950768;C0016;AT001;607;2029-11-06 00:00:00;2029-11-13 00:00:00;2029-10-27 00:00:00;2029-11-03 00:00:00
2029-10-23 00:00:00;SO997582;C0009;VS001;1141;2029-11-06 00:00:00;2029-11-05 00:00:00;2029-10-26 00:00:00;2029-10-25 00:00:00
2029-10-24 00:00:00;SO652749;C0019;CS004;666;2029-12-26 00:00:00;2029-12-26 00:00:00;2029-10-28 00:00:00;2029-10-28 00:00:00
2029-10-24 00:00:00;SO584400;C0014;AS002;946;2029-11-28 00:00:00;2029-12-05 00:00:00;2029-10-28 00:00:00;2029-11-04 00:00:00
2029-10-24 00:00:00;SO618795;C0018;CS004;1028;2029-12-26 00:00:00;2030-01-04 00:00:00;2029-10-28 00:00:00;2029-11-06 00:00:00
2029-10-24 00:00:00;SO647092;C0012;AS003;1057;2029-11-21 00:00:00;2029-11-27 00:00:00;2029-10-27 00:00:00;2029-11-02 00:00:00
2029-10-24 00:00:00;SO652749;C0019;VS001;603;2029-12-26 00:00:00;2029-12-29 00:00:00;2029-10-28 00:00:00;2029-10-31 00:00:00
2029-10-24 00:00:00;SO618795;C0018;CS002;622;2029-12-26 00:00:00;2029-12-27 00:00:00;2029-10-28 00:00:00;2029-10-29 00:00:00
2029-10-24 00:00:00;SO584400;C0014;AS003;388;2029-11-28 00:00:00;2029-11-30 00:00:00;2029-10-28 00:00:00;2029-10-30 00:00:00
2029-10-24 00:00:00;SO652749;C0019;CT002;572;2029-12-26 00:00:00;2029-12-24 00:00:00;2029-10-28 00:00:00;2029-10-26 00:00:00
2029-10-24 00:00:00;SO647092;C0012;CS004;377;2029-11-21 00:00:00;2029-11-18 00:00:00;2029-10-27 00:00:00;2029-10-24 00:00:00
2029-10-24 00:00:00;SO584400;C0014;AS001;622;2029-11-28 00:00:00;2029-11-27 00:00:00;2029-10-28 00:00:00;2029-10-27 00:00:00
2029-10-24 00:00:00;SO647092;C0012;AT001;1071;2029-11-21 00:00:00;2029-11-25 00:00:00;2029-10-27 00:00:00;2029-10-31 00:00:00
2029-10-24 00:00:00;SO647092;C0012;AT002;626;2029-11-21 00:00:00;2029-11-26 00:00:00;2029-10-27 00:00:00;2029-11-01 00:00:00
2029-10-24 00:00:00;SO647092;C0012;AS001;432;2029-11-21 00:00:00;2029-11-27 00:00:00;2029-10-27 00:00:00;2029-11-02 00:00:00
2029-10-24 00:00:00;SO584400;C0014;AS004;732;2029-11-28 00:00:00;2029-11-18 00:00:00;2029-10-28 00:00:00;2029-10-18 00:00:00
2029-10-24 00:00:00;SO584400;C0014;AT001;1145;2029-11-28 00:00:00;2029-11-29 00:00:00;2029-10-28 00:00:00;2029-10-29 00:00:00
2029-10-25 00:00:00;SO358772;C0010;CS004;1083;2029-12-06 00:00:00;2029-11-29 00:00:00;2029-10-28 00:00:00;2029-10-21 00:00:00
2029-10-25 00:00:00;SO868506;C0003;AS004;592;2029-12-06 00:00:00;2029-11-27 00:00:00;2029-10-27 00:00:00;2029-10-18 00:00:00
2029-10-25 00:00:00;SO991868;C0009;AS004;646;2029-11-08 00:00:00;2029-11-03 00:00:00;2029-10-28 00:00:00;2029-10-23 00:00:00
2029-10-25 00:00:00;SO991868;C0009;AT001;530;2029-11-08 00:00:00;2029-11-17 00:00:00;2029-10-28 00:00:00;2029-11-06 00:00:00
2029-10-25 00:00:00;SO358772;C0010;AT001;536;2029-12-06 00:00:00;2029-12-06 00:00:00;2029-10-28 00:00:00;2029-10-28 00:00:00
2029-10-25 00:00:00;SO358772;C0010;AS004;454;2029-12-06 00:00:00;2029-12-10 00:00:00;2029-10-28 00:00:00;2029-11-01 00:00:00
2029-10-25 00:00:00;SO358772;C0010;AS002;782;2029-12-06 00:00:00;2029-12-05 00:00:00;2029-10-28 00:00:00;2029-10-27 00:00:00
2029-10-25 00:00:00;SO358772;C0010;AS001;837;2029-12-06 00:00:00;2029-12-07 00:00:00;2029-10-28 00:00:00;2029-10-29 00:00:00
2029-10-25 00:00:00;SO358772;C0010;CS001;1303;2029-12-06 00:00:00;2029-12-06 00:00:00;2029-10-28 00:00:00;2029-10-28 00:00:00
2029-10-25 00:00:00;SO868506;C0003;AL002;1039;2029-12-06 00:00:00;2029-12-06 00:00:00;2029-10-27 00:00:00;2029-10-27 00:00:00
2029-10-25 00:00:00;SO358772;C0010;AT002;1128;2029-12-06 00:00:00;2029-12-03 00:00:00;2029-10-28 00:00:00;2029-10-25 00:00:00
2029-10-25 00:00:00;SO868506;C0003;AS001;793;2029-12-06 00:00:00;2029-12-06 00:00:00;2029-10-27 00:00:00;2029-10-27 00:00:00
2029-10-25 00:00:00;SO868506;C0003;CS002;595;2029-12-06 00:00:00;2029-12-10 00:00:00;2029-10-27 00:00:00;2029-10-31 00:00:00
2029-10-25 00:00:00;SO991868;C0009;AS003;824;2029-11-08 00:00:00;2029-11-16 00:00:00;2029-10-28 00:00:00;2029-11-05 00:00:00
2029-10-25 00:00:00;SO358772;C0010;AS003;775;2029-12-06 00:00:00;2029-12-06 00:00:00;2029-10-28 00:00:00;2029-10-28 00:00:00
2029-10-25 00:00:00;SO868506;C0003;AT001;336;2029-12-06 00:00:00;2029-12-10 00:00:00;2029-10-27 00:00:00;2029-10-31 00:00:00
2029-10-25 00:00:00;SO868506;C0003;CT001;677;2029-12-06 00:00:00;2029-12-13 00:00:00;2029-10-27 00:00:00;2029-11-03 00:00:00
2029-10-25 00:00:00;SO991868;C0009;VS001;1289;2029-11-08 00:00:00;2029-11-07 00:00:00;2029-10-28 00:00:00;2029-10-27 00:00:00
2029-10-25 00:00:00;SO358772;C0010;CS002;581;2029-12-06 00:00:00;2029-12-13 00:00:00;2029-10-28 00:00:00;2029-11-04 00:00:00
2029-10-26 00:00:00;SO343352;C0008;CS001;1244;2029-12-21 00:00:00;2029-12-18 00:00:00;2029-10-29 00:00:00;2029-10-26 00:00:00
2029-10-26 00:00:00;SO609684;C0017;AT001;833;2029-12-21 00:00:00;2029-12-23 00:00:00;2029-10-30 00:00:00;2029-11-01 00:00:00
2029-10-26 00:00:00;SO609684;C0017;AL002;750;2029-12-21 00:00:00;2029-12-12 00:00:00;2029-10-30 00:00:00;2029-10-21 00:00:00
2029-10-26 00:00:00;SO343352;C0008;AS004;424;2029-12-21 00:00:00;2029-12-24 00:00:00;2029-10-29 00:00:00;2029-11-01 00:00:00
2029-10-26 00:00:00;SO343352;C0008;AT002;727;2029-12-21 00:00:00;2029-12-27 00:00:00;2029-10-29 00:00:00;2029-11-04 00:00:00
2029-10-26 00:00:00;SO343352;C0008;CT002;1242;2029-12-21 00:00:00;2029-12-26 00:00:00;2029-10-29 00:00:00;2029-11-03 00:00:00
2029-10-26 00:00:00;SO343352;C0008;AS002;970;2029-12-21 00:00:00;2029-12-30 00:00:00;2029-10-29 00:00:00;2029-11-07 00:00:00
2029-10-26 00:00:00;SO609684;C0017;CS002;1116;2029-12-21 00:00:00;2029-12-19 00:00:00;2029-10-30 00:00:00;2029-10-28 00:00:00
2029-10-26 00:00:00;SO609684;C0017;AT002;635;2029-12-21 00:00:00;2029-12-22 00:00:00;2029-10-30 00:00:00;2029-10-31 00:00:00
2029-10-26 00:00:00;SO609684;C0017;AS002;816;2029-12-21 00:00:00;2029-12-31 00:00:00;2029-10-30 00:00:00;2029-11-09 00:00:00
2029-10-26 00:00:00;SO343352;C0008;AS003;653;2029-12-21 00:00:00;2029-12-27 00:00:00;2029-10-29 00:00:00;2029-11-04 00:00:00
2029-10-26 00:00:00;SO343352;C0008;VS001;427;2029-12-21 00:00:00;2029-12-24 00:00:00;2029-10-29 00:00:00;2029-11-01 00:00:00
2029-10-26 00:00:00;SO609684;C0017;CT002;992;2029-12-21 00:00:00;2029-12-11 00:00:00;2029-10-30 00:00:00;2029-10-20 00:00:00
2029-10-29 00:00:00;SO701703;C0021;AS002;676;2029-11-12 00:00:00;2029-11-02 00:00:00;2029-11-02 00:00:00;2029-10-23 00:00:00
2029-10-29 00:00:00;SO642613;C0028;AS004;832;2029-11-12 00:00:00;2029-11-14 00:00:00;2029-11-06 00:00:00;2029-11-08 00:00:00
2029-10-29 00:00:00;SO561015;C0013;CT001;1369;2029-11-26 00:00:00;2029-11-21 00:00:00;2029-11-02 00:00:00;2029-10-28 00:00:00
2029-10-29 00:00:00;SO759266;C0006;CS004;911;2029-12-31 00:00:00;2029-12-24 00:00:00;2029-10-31 00:00:00;2029-10-24 00:00:00
2029-10-29 00:00:00;SO642613;C0028;CS001;550;2029-11-12 00:00:00;2029-11-16 00:00:00;2029-11-06 00:00:00;2029-11-10 00:00:00
2029-10-29 00:00:00;SO642613;C0028;CT001;1157;2029-11-12 00:00:00;2029-11-19 00:00:00;2029-11-06 00:00:00;2029-11-13 00:00:00
2029-10-29 00:00:00;SO759266;C0006;AT001;724;2029-12-31 00:00:00;2030-01-07 00:00:00;2029-10-31 00:00:00;2029-11-07 00:00:00
2029-10-29 00:00:00;SO561015;C0013;CT002;888;2029-11-26 00:00:00;2029-11-20 00:00:00;2029-11-02 00:00:00;2029-10-27 00:00:00
2029-10-29 00:00:00;SO701703;C0021;AT002;956;2029-11-12 00:00:00;2029-11-18 00:00:00;2029-11-02 00:00:00;2029-11-08 00:00:00
2029-10-29 00:00:00;SO561015;C0013;AT002;458;2029-11-26 00:00:00;2029-12-05 00:00:00;2029-11-02 00:00:00;2029-11-11 00:00:00
2029-10-29 00:00:00;SO759266;C0006;AS003;837;2029-12-31 00:00:00;2030-01-02 00:00:00;2029-10-31 00:00:00;2029-11-02 00:00:00
2029-10-29 00:00:00;SO701703;C0021;CT002;645;2029-11-12 00:00:00;2029-11-15 00:00:00;2029-11-02 00:00:00;2029-11-05 00:00:00
2029-10-29 00:00:00;SO701703;C0021;CS001;1366;2029-11-12 00:00:00;2029-11-20 00:00:00;2029-11-02 00:00:00;2029-11-10 00:00:00
2029-10-29 00:00:00;SO642613;C0028;VS001;728;2029-11-12 00:00:00;2029-11-06 00:00:00;2029-11-06 00:00:00;2029-10-31 00:00:00
2029-10-30 00:00:00;SO208081;C0002;CT001;1132;2029-12-04 00:00:00;2029-12-01 00:00:00;2029-11-01 00:00:00;2029-10-29 00:00:00
2029-10-30 00:00:00;SO118969;C0004;CS002;692;2029-11-13 00:00:00;2029-11-11 00:00:00;2029-11-01 00:00:00;2029-10-30 00:00:00
2029-10-30 00:00:00;SO960952;C0011;AT001;1245;2029-12-04 00:00:00;2029-11-28 00:00:00;2029-11-02 00:00:00;2029-10-27 00:00:00
2029-10-30 00:00:00;SO214756;C0016;CT001;700;2029-11-13 00:00:00;2029-11-18 00:00:00;2029-11-03 00:00:00;2029-11-08 00:00:00
2029-10-30 00:00:00;SO214756;C0016;AS001;1129;2029-11-13 00:00:00;2029-11-23 00:00:00;2029-11-03 00:00:00;2029-11-13 00:00:00
2029-10-30 00:00:00;SO208081;C0002;CT002;1035;2029-12-04 00:00:00;2029-12-11 00:00:00;2029-11-01 00:00:00;2029-11-08 00:00:00
2029-10-30 00:00:00;SO214756;C0016;AS004;773;2029-11-13 00:00:00;2029-11-18 00:00:00;2029-11-03 00:00:00;2029-11-08 00:00:00
2029-10-30 00:00:00;SO208081;C0002;VS001;483;2029-12-04 00:00:00;2029-12-02 00:00:00;2029-11-01 00:00:00;2029-10-30 00:00:00
2029-10-30 00:00:00;SO208081;C0002;AS003;720;2029-12-04 00:00:00;2029-12-05 00:00:00;2029-11-01 00:00:00;2029-11-02 00:00:00
2029-10-30 00:00:00;SO960952;C0011;VS001;1174;2029-12-04 00:00:00;2029-12-08 00:00:00;2029-11-02 00:00:00;2029-11-06 00:00:00
2029-10-30 00:00:00;SO214756;C0016;AL002;696;2029-11-13 00:00:00;2029-11-13 00:00:00;2029-11-03 00:00:00;2029-11-03 00:00:00
2029-10-30 00:00:00;SO214756;C0016;CS001;651;2029-11-13 00:00:00;2029-11-08 00:00:00;2029-11-03 00:00:00;2029-10-29 00:00:00
2029-10-30 00:00:00;SO118969;C0004;AS002;505;2029-11-13 00:00:00;2029-11-10 00:00:00;2029-11-01 00:00:00;2029-10-29 00:00:00
2029-10-30 00:00:00;SO208081;C0002;CS004;1020;2029-12-04 00:00:00;2029-11-30 00:00:00;2029-11-01 00:00:00;2029-10-28 00:00:00
2029-10-30 00:00:00;SO208081;C0002;AS002;502;2029-12-04 00:00:00;2029-12-06 00:00:00;2029-11-01 00:00:00;2029-11-03 00:00:00
2029-10-31 00:00:00;SO504445;C0028;AT001;595;2029-11-14 00:00:00;2029-11-06 00:00:00;2029-11-08 00:00:00;2029-10-31 00:00:00
2029-10-31 00:00:00;SO857918;C0001;CS004;510;2029-11-28 00:00:00;2029-12-07 00:00:00;2029-11-02 00:00:00;2029-11-11 00:00:00
2029-10-31 00:00:00;SO662551;C0030;CS001;419;2030-01-02 00:00:00;2029-12-29 00:00:00;2029-11-08 00:00:00;2029-11-04 00:00:00
2029-10-31 00:00:00;SO800396;C0015;AL002;767;2029-12-12 00:00:00;2029-12-14 00:00:00;2029-11-04 00:00:00;2029-11-06 00:00:00
2029-10-31 00:00:00;SO857918;C0001;AT002;374;2029-11-28 00:00:00;2029-12-05 00:00:00;2029-11-02 00:00:00;2029-11-09 00:00:00
2029-10-31 00:00:00;SO504445;C0028;VS001;486;2029-11-14 00:00:00;2029-11-16 00:00:00;2029-11-08 00:00:00;2029-11-10 00:00:00
2029-10-31 00:00:00;SO504445;C0028;AS002;1044;2029-11-14 00:00:00;2029-11-14 00:00:00;2029-11-08 00:00:00;2029-11-08 00:00:00
2029-10-31 00:00:00;SO857918;C0001;AS003;1011;2029-11-28 00:00:00;2029-11-19 00:00:00;2029-11-02 00:00:00;2029-10-24 00:00:00
2029-10-31 00:00:00;SO857918;C0001;AS001;1211;2029-11-28 00:00:00;2029-11-24 00:00:00;2029-11-02 00:00:00;2029-10-29 00:00:00
2029-10-31 00:00:00;SO662551;C0030;AS004;852;2030-01-02 00:00:00;2029-12-23 00:00:00;2029-11-08 00:00:00;2029-10-29 00:00:00
2029-10-31 00:00:00;SO504445;C0028;CS004;760;2029-11-14 00:00:00;2029-11-16 00:00:00;2029-11-08 00:00:00;2029-11-10 00:00:00
2029-10-31 00:00:00;SO857918;C0001;CT002;904;2029-11-28 00:00:00;2029-12-07 00:00:00;2029-11-02 00:00:00;2029-11-11 00:00:00
2029-10-31 00:00:00;SO662551;C0030;CT002;943;2030-01-02 00:00:00;2030-01-01 00:00:00;2029-11-08 00:00:00;2029-11-07 00:00:00
2029-10-31 00:00:00;SO857918;C0001;AT001;1157;2029-11-28 00:00:00;2029-12-05 00:00:00;2029-11-02 00:00:00;2029-11-09 00:00:00
2029-10-31 00:00:00;SO662551;C0030;CT001;1211;2030-01-02 00:00:00;2029-12-31 00:00:00;2029-11-08 00:00:00;2029-11-06 00:00:00
2029-10-31 00:00:00;SO662551;C0030;AS003;837;2030-01-02 00:00:00;2030-01-11 00:00:00;2029-11-08 00:00:00;2029-11-17 00:00:00
2029-10-31 00:00:00;SO504445;C0028;CT002;985;2029-11-14 00:00:00;2029-11-06 00:00:00;2029-11-08 00:00:00;2029-10-31 00:00:00
2029-10-31 00:00:00;SO662551;C0030;AL002;677;2030-01-02 00:00:00;2029-12-23 00:00:00;2029-11-08 00:00:00;2029-10-29 00:00:00
2029-10-31 00:00:00;SO662551;C0030;VS001;359;2030-01-02 00:00:00;2030-01-04 00:00:00;2029-11-08 00:00:00;2029-11-10 00:00:00
2029-10-31 00:00:00;SO504445;C0028;AS001;879;2029-11-14 00:00:00;2029-11-16 00:00:00;2029-11-08 00:00:00;2029-11-10 00:00:00
2029-11-01 00:00:00;SO9000070;C0016;AS002;1026;2029-11-15 00:00:00;2029-11-16 00:00:00;2029-11-05 00:00:00;2029-11-06 00:00:00
2029-11-01 00:00:00;SO784812;C0013;CT003;410;2029-11-29 00:00:00;2029-12-03 00:00:00;2029-11-05 00:00:00;2029-11-09 00:00:00
2029-11-01 00:00:00;SO933925;C0002;CL001;1351;2029-12-06 00:00:00;2029-12-03 00:00:00;2029-11-03 00:00:00;2029-10-31 00:00:00
2029-11-01 00:00:00;SO703592;C0008;CT001;1004;2029-12-27 00:00:00;2029-12-20 00:00:00;2029-11-04 00:00:00;2029-10-28 00:00:00
2029-11-01 00:00:00;SO703592;C0008;VS005;752;2029-12-27 00:00:00;2030-01-01 00:00:00;2029-11-04 00:00:00;2029-11-09 00:00:00
2029-11-01 00:00:00;SO9000070;C0016;CT002;1201;2029-11-15 00:00:00;2029-11-08 00:00:00;2029-11-05 00:00:00;2029-10-29 00:00:00
2029-11-01 00:00:00;SO933925;C0002;AL002;752;2029-12-06 00:00:00;2029-11-29 00:00:00;2029-11-03 00:00:00;2029-10-27 00:00:00
2029-11-01 00:00:00;SO933925;C0002;VS004;635;2029-12-06 00:00:00;2029-12-10 00:00:00;2029-11-03 00:00:00;2029-11-07 00:00:00
2029-11-01 00:00:00;SO9000070;C0016;CT001;552;2029-11-15 00:00:00;2029-11-16 00:00:00;2029-11-05 00:00:00;2029-11-06 00:00:00
2029-11-01 00:00:00;SO703592;C0008;CT003;1478;2029-12-27 00:00:00;2029-12-22 00:00:00;2029-11-04 00:00:00;2029-10-30 00:00:00
2029-11-01 00:00:00;SO9000070;C0016;CS003;304;2029-11-15 00:00:00;2029-11-05 00:00:00;2029-11-05 00:00:00;2029-10-26 00:00:00
2029-11-01 00:00:00;SO784812;C0013;CS003;1435;2029-11-29 00:00:00;2029-11-24 00:00:00;2029-11-05 00:00:00;2029-10-31 00:00:00
2029-11-01 00:00:00;SO784812;C0013;CS002;464;2029-11-29 00:00:00;2029-12-03 00:00:00;2029-11-05 00:00:00;2029-11-09 00:00:00
2029-11-01 00:00:00;SO703592;C0008;CL002;657;2029-12-27 00:00:00;2029-12-30 00:00:00;2029-11-04 00:00:00;2029-11-07 00:00:00
2029-11-01 00:00:00;SO703592;C0008;CS003;584;2029-12-27 00:00:00;2029-12-23 00:00:00;2029-11-04 00:00:00;2029-10-31 00:00:00
2029-11-02 00:00:00;SO692115;C0029;VS001;651;2029-12-28 00:00:00;2029-12-22 00:00:00;2029-11-10 00:00:00;2029-11-04 00:00:00
2029-11-02 00:00:00;SO216147;C0010;VS004;1058;2029-12-14 00:00:00;2029-12-13 00:00:00;2029-11-05 00:00:00;2029-11-04 00:00:00
2029-11-02 00:00:00;SO119622;C0008;AL001;821;2029-12-28 00:00:00;2029-12-21 00:00:00;2029-11-05 00:00:00;2029-10-29 00:00:00
2029-11-02 00:00:00;SO633733;C0004;AS001;334;2029-11-16 00:00:00;2029-11-22 00:00:00;2029-11-04 00:00:00;2029-11-10 00:00:00
2029-11-02 00:00:00;SO216147;C0010;VS002;743;2029-12-14 00:00:00;2029-12-05 00:00:00;2029-11-05 00:00:00;2029-10-27 00:00:00
2029-11-02 00:00:00;SO216147;C0010;CS002;565;2029-12-14 00:00:00;2029-12-04 00:00:00;2029-11-05 00:00:00;2029-10-26 00:00:00
2029-11-02 00:00:00;SO633733;C0004;AT002;470;2029-11-16 00:00:00;2029-11-26 00:00:00;2029-11-04 00:00:00;2029-11-14 00:00:00
2029-11-02 00:00:00;SO692115;C0029;VS004;503;2029-12-28 00:00:00;2029-12-20 00:00:00;2029-11-10 00:00:00;2029-11-02 00:00:00
2029-11-02 00:00:00;SO119622;C0008;CS001;373;2029-12-28 00:00:00;2029-12-18 00:00:00;2029-11-05 00:00:00;2029-10-26 00:00:00
2029-11-02 00:00:00;SO692115;C0029;AS004;857;2029-12-28 00:00:00;2029-12-29 00:00:00;2029-11-10 00:00:00;2029-11-11 00:00:00
2029-11-02 00:00:00;SO216147;C0010;AS004;1249;2029-12-14 00:00:00;2029-12-18 00:00:00;2029-11-05 00:00:00;2029-11-09 00:00:00
2029-11-02 00:00:00;SO633733;C0004;AS002;852;2029-11-16 00:00:00;2029-11-09 00:00:00;2029-11-04 00:00:00;2029-10-28 00:00:00
2029-11-02 00:00:00;SO119622;C0008;VS001;439;2029-12-28 00:00:00;2029-12-25 00:00:00;2029-11-05 00:00:00;2029-11-02 00:00:00
2029-11-02 00:00:00;SO633733;C0004;CT002;1063;2029-11-16 00:00:00;2029-11-20 00:00:00;2029-11-04 00:00:00;2029-11-08 00:00:00
2029-11-02 00:00:00;SO119622;C0008;AS002;821;2029-12-28 00:00:00;2029-12-27 00:00:00;2029-11-05 00:00:00;2029-11-04 00:00:00
2029-11-02 00:00:00;SO119622;C0008;CS002;502;2029-12-28 00:00:00;2029-12-23 00:00:00;2029-11-05 00:00:00;2029-10-31 00:00:00
2029-11-02 00:00:00;SO692115;C0029;VS002;454;2029-12-28 00:00:00;2029-12-21 00:00:00;2029-11-10 00:00:00;2029-11-03 00:00:00
2029-11-02 00:00:00;SO119622;C0008;CT003;390;2029-12-28 00:00:00;2029-12-22 00:00:00;2029-11-05 00:00:00;2029-10-30 00:00:00
2029-11-02 00:00:00;SO633733;C0004;CS002;410;2029-11-16 00:00:00;2029-11-14 00:00:00;2029-11-04 00:00:00;2029-11-02 00:00:00
2029-11-02 00:00:00;SO692115;C0029;AS001;421;2029-12-28 00:00:00;2029-12-27 00:00:00;2029-11-10 00:00:00;2029-11-09 00:00:00
2029-11-05 00:00:00;SO409456;C0028;AL002;865;2029-11-19 00:00:00;2029-11-09 00:00:00;2029-11-13 00:00:00;2029-11-03 00:00:00
2029-11-05 00:00:00;SO372486;C0025;VS003;830;2029-12-03 00:00:00;2029-12-04 00:00:00;2029-11-13 00:00:00;2029-11-14 00:00:00
2029-11-05 00:00:00;SO409456;C0028;VS003;694;2029-11-19 00:00:00;2029-11-24 00:00:00;2029-11-13 00:00:00;2029-11-18 00:00:00
2029-11-05 00:00:00;SO409456;C0028;CT001;450;2029-11-19 00:00:00;2029-11-18 00:00:00;2029-11-13 00:00:00;2029-11-12 00:00:00
2029-11-05 00:00:00;SO409456;C0028;CL002;830;2029-11-19 00:00:00;2029-11-20 00:00:00;2029-11-13 00:00:00;2029-11-14 00:00:00
2029-11-05 00:00:00;SO372486;C0025;CL002;829;2029-12-03 00:00:00;2029-11-25 00:00:00;2029-11-13 00:00:00;2029-11-05 00:00:00
2029-11-05 00:00:00;SO372486;C0025;VS004;832;2029-12-03 00:00:00;2029-12-06 00:00:00;2029-11-13 00:00:00;2029-11-16 00:00:00
2029-11-05 00:00:00;SO409456;C0028;CS001;802;2029-11-19 00:00:00;2029-11-09 00:00:00;2029-11-13 00:00:00;2029-11-03 00:00:00
2029-11-05 00:00:00;SO372486;C0025;CS002;1214;2029-12-03 00:00:00;2029-12-07 00:00:00;2029-11-13 00:00:00;2029-11-17 00:00:00
2029-11-05 00:00:00;SO372486;C0025;AS002;560;2029-12-03 00:00:00;2029-12-02 00:00:00;2029-11-13 00:00:00;2029-11-12 00:00:00
2029-11-05 00:00:00;SO372486;C0025;CT003;487;2029-12-03 00:00:00;2029-11-28 00:00:00;2029-11-13 00:00:00;2029-11-08 00:00:00
2029-11-05 00:00:00;SO409456;C0028;AT001;861;2029-11-19 00:00:00;2029-11-10 00:00:00;2029-11-13 00:00:00;2029-11-04 00:00:00
2029-11-05 00:00:00;SO409456;C0028;VS005;1334;2029-11-19 00:00:00;2029-11-19 00:00:00;2029-11-13 00:00:00;2029-11-13 00:00:00
2029-11-06 00:00:00;SO667732;C0007;AL001;498;2030-01-08 00:00:00;2030-01-18 00:00:00;2029-11-09 00:00:00;2029-11-19 00:00:00
2029-11-06 00:00:00;SO960193;C0023;CL001;911;2029-12-11 00:00:00;2029-12-04 00:00:00;2029-11-10 00:00:00;2029-11-03 00:00:00
2029-11-06 00:00:00;SO960193;C0023;VS002;1231;2029-12-11 00:00:00;2029-12-17 00:00:00;2029-11-10 00:00:00;2029-11-16 00:00:00
2029-11-06 00:00:00;SO960193;C0023;CT003;604;2029-12-11 00:00:00;2029-12-14 00:00:00;2029-11-10 00:00:00;2029-11-13 00:00:00
2029-11-06 00:00:00;SO960193;C0023;CS001;362;2029-12-11 00:00:00;2029-12-09 00:00:00;2029-11-10 00:00:00;2029-11-08 00:00:00
2029-11-06 00:00:00;SO960193;C0023;CT001;1221;2029-12-11 00:00:00;2029-12-16 00:00:00;2029-11-10 00:00:00;2029-11-15 00:00:00
2029-11-06 00:00:00;SO667732;C0007;AS004;1149;2030-01-08 00:00:00;2030-01-16 00:00:00;2029-11-09 00:00:00;2029-11-17 00:00:00
2029-11-06 00:00:00;SO960193;C0023;VS005;739;2029-12-11 00:00:00;2029-12-08 00:00:00;2029-11-10 00:00:00;2029-11-07 00:00:00
2029-11-06 00:00:00;SO960193;C0023;AL002;1269;2029-12-11 00:00:00;2029-12-08 00:00:00;2029-11-10 00:00:00;2029-11-07 00:00:00
2029-11-06 00:00:00;SO960193;C0023;VS001;861;2029-12-11 00:00:00;2029-12-15 00:00:00;2029-11-10 00:00:00;2029-11-14 00:00:00
2029-11-06 00:00:00;SO960193;C0023;AS004;1132;2029-12-11 00:00:00;2029-12-10 00:00:00;2029-11-10 00:00:00;2029-11-09 00:00:00
2029-11-06 00:00:00;SO960193;C0023;AS002;853;2029-12-11 00:00:00;2029-12-06 00:00:00;2029-11-10 00:00:00;2029-11-05 00:00:00
2029-11-06 00:00:00;SO667732;C0007;AT001;686;2030-01-08 00:00:00;2030-01-07 00:00:00;2029-11-09 00:00:00;2029-11-08 00:00:00
2029-11-06 00:00:00;SO667732;C0007;CT003;287;2030-01-08 00:00:00;2030-01-14 00:00:00;2029-11-09 00:00:00;2029-11-15 00:00:00
2029-11-06 00:00:00;SO960193;C0023;AL001;603;2029-12-11 00:00:00;2029-12-16 00:00:00;2029-11-10 00:00:00;2029-11-15 00:00:00
2029-11-06 00:00:00;SO960193;C0023;CS003;910;2029-12-11 00:00:00;2029-12-21 00:00:00;2029-11-10 00:00:00;2029-11-20 00:00:00
2029-11-06 00:00:00;SO960193;C0023;AS001;474;2029-12-11 00:00:00;2029-12-11 00:00:00;2029-11-10 00:00:00;2029-11-10 00:00:00
2029-11-06 00:00:00;SO667732;C0007;AS002;766;2030-01-08 00:00:00;2030-01-08 00:00:00;2029-11-09 00:00:00;2029-11-09 00:00:00
2029-11-06 00:00:00;SO667732;C0007;VS001;511;2030-01-08 00:00:00;2029-12-30 00:00:00;2029-11-09 00:00:00;2029-10-31 00:00:00
2029-11-07 00:00:00;SO521671;C0024;AS004;1086;2029-12-05 00:00:00;2029-11-29 00:00:00;2029-11-11 00:00:00;2029-11-05 00:00:00
2029-11-07 00:00:00;SO736663;C0008;CS003;1190;2030-01-02 00:00:00;2030-01-07 00:00:00;2029-11-10 00:00:00;2029-11-15 00:00:00
2029-11-07 00:00:00;SO922187;C0011;AS001;645;2029-12-12 00:00:00;2029-12-08 00:00:00;2029-11-10 00:00:00;2029-11-06 00:00:00
2029-11-07 00:00:00;SO707017;C0015;VS004;398;2029-12-19 00:00:00;2029-12-21 00:00:00;2029-11-11 00:00:00;2029-11-13 00:00:00
2029-11-07 00:00:00;SO707017;C0015;AL002;1102;2029-12-19 00:00:00;2029-12-22 00:00:00;2029-11-11 00:00:00;2029-11-14 00:00:00
2029-11-07 00:00:00;SO922187;C0011;AS002;1194;2029-12-12 00:00:00;2029-12-02 00:00:00;2029-11-10 00:00:00;2029-10-31 00:00:00
2029-11-07 00:00:00;SO707017;C0015;VS005;529;2029-12-19 00:00:00;2029-12-11 00:00:00;2029-11-11 00:00:00;2029-11-03 00:00:00
2029-11-07 00:00:00;SO707017;C0015;AS002;1190;2029-12-19 00:00:00;2029-12-18 00:00:00;2029-11-11 00:00:00;2029-11-10 00:00:00
2029-11-07 00:00:00;SO521671;C0024;CL001;1024;2029-12-05 00:00:00;2029-11-26 00:00:00;2029-11-11 00:00:00;2029-11-02 00:00:00
2029-11-07 00:00:00;SO707017;C0015;AS001;771;2029-12-19 00:00:00;2029-12-11 00:00:00;2029-11-11 00:00:00;2029-11-03 00:00:00
2029-11-07 00:00:00;SO736663;C0008;AS004;1036;2030-01-02 00:00:00;2029-12-23 00:00:00;2029-11-10 00:00:00;2029-10-31 00:00:00
2029-11-07 00:00:00;SO521671;C0024;CS002;1178;2029-12-05 00:00:00;2029-11-25 00:00:00;2029-11-11 00:00:00;2029-11-01 00:00:00
2029-11-07 00:00:00;SO707017;C0015;AT002;1377;2029-12-19 00:00:00;2029-12-26 00:00:00;2029-11-11 00:00:00;2029-11-18 00:00:00
2029-11-07 00:00:00;SO736663;C0008;CS001;1143;2030-01-02 00:00:00;2029-12-23 00:00:00;2029-11-10 00:00:00;2029-10-31 00:00:00
2029-11-07 00:00:00;SO736663;C0008;CT003;930;2030-01-02 00:00:00;2030-01-09 00:00:00;2029-11-10 00:00:00;2029-11-17 00:00:00
2029-11-08 00:00:00;SO787832;C0026;VS004;482;2029-12-13 00:00:00;2029-12-11 00:00:00;2029-11-16 00:00:00;2029-11-14 00:00:00
2029-11-08 00:00:00;SO516227;C0024;AT001;779;2029-12-06 00:00:00;2029-12-12 00:00:00;2029-11-12 00:00:00;2029-11-18 00:00:00
2029-11-08 00:00:00;SO146167;C0011;VS001;1188;2029-12-13 00:00:00;2029-12-21 00:00:00;2029-11-11 00:00:00;2029-11-19 00:00:00
2029-11-08 00:00:00;SO787832;C0026;AL002;949;2029-12-13 00:00:00;2029-12-13 00:00:00;2029-11-16 00:00:00;2029-11-16 00:00:00
2029-11-08 00:00:00;SO146167;C0011;VS004;1141;2029-12-13 00:00:00;2029-12-19 00:00:00;2029-11-11 00:00:00;2029-11-17 00:00:00
2029-11-08 00:00:00;SO516227;C0024;CS002;1069;2029-12-06 00:00:00;2029-12-13 00:00:00;2029-11-12 00:00:00;2029-11-19 00:00:00
2029-11-08 00:00:00;SO516227;C0024;VS002;973;2029-12-06 00:00:00;2029-11-27 00:00:00;2029-11-12 00:00:00;2029-11-03 00:00:00
2029-11-08 00:00:00;SO516227;C0024;VS005;655;2029-12-06 00:00:00;2029-12-10 00:00:00;2029-11-12 00:00:00;2029-11-16 00:00:00
2029-11-08 00:00:00;SO516227;C0024;CT001;462;2029-12-06 00:00:00;2029-12-15 00:00:00;2029-11-12 00:00:00;2029-11-21 00:00:00
2029-11-08 00:00:00;SO787832;C0026;CS002;899;2029-12-13 00:00:00;2029-12-04 00:00:00;2029-11-16 00:00:00;2029-11-07 00:00:00
2029-11-08 00:00:00;SO516227;C0024;AT002;385;2029-12-06 00:00:00;2029-12-09 00:00:00;2029-11-12 00:00:00;2029-11-15 00:00:00
2029-11-08 00:00:00;SO146167;C0011;CL002;638;2029-12-13 00:00:00;2029-12-18 00:00:00;2029-11-11 00:00:00;2029-11-16 00:00:00
2029-11-08 00:00:00;SO787832;C0026;CT002;712;2029-12-13 00:00:00;2029-12-07 00:00:00;2029-11-16 00:00:00;2029-11-10 00:00:00
2029-11-08 00:00:00;SO516227;C0024;AL002;491;2029-12-06 00:00:00;2029-12-05 00:00:00;2029-11-12 00:00:00;2029-11-11 00:00:00
2029-11-09 00:00:00;SO807324;C0030;AL001;1164;2030-01-11 00:00:00;2030-01-15 00:00:00;2029-11-17 00:00:00;2029-11-21 00:00:00
2029-11-09 00:00:00;SO993263;C0002;VS004;686;2029-12-14 00:00:00;2029-12-11 00:00:00;2029-11-11 00:00:00;2029-11-08 00:00:00
2029-11-09 00:00:00;SO993263;C0002;VS001;974;2029-12-14 00:00:00;2029-12-21 00:00:00;2029-11-11 00:00:00;2029-11-18 00:00:00
2029-11-09 00:00:00;SO807324;C0030;AS004;894;2030-01-11 00:00:00;2030-01-03 00:00:00;2029-11-17 00:00:00;2029-11-09 00:00:00
2029-11-09 00:00:00;SO807324;C0030;AT001;733;2030-01-11 00:00:00;2030-01-21 00:00:00;2029-11-17 00:00:00;2029-11-27 00:00:00
2029-11-09 00:00:00;SO807324;C0030;VS003;1402;2030-01-11 00:00:00;2030-01-07 00:00:00;2029-11-17 00:00:00;2029-11-13 00:00:00
2029-11-09 00:00:00;SO807324;C0030;VS002;304;2030-01-11 00:00:00;2030-01-14 00:00:00;2029-11-17 00:00:00;2029-11-20 00:00:00
2029-11-09 00:00:00;SO993263;C0002;CT003;486;2029-12-14 00:00:00;2029-12-17 00:00:00;2029-11-11 00:00:00;2029-11-14 00:00:00
2029-11-09 00:00:00;SO807324;C0030;VS001;688;2030-01-11 00:00:00;2030-01-18 00:00:00;2029-11-17 00:00:00;2029-11-24 00:00:00
2029-11-09 00:00:00;SO993263;C0002;VS003;1082;2029-12-14 00:00:00;2029-12-09 00:00:00;2029-11-11 00:00:00;2029-11-06 00:00:00
2029-11-09 00:00:00;SO993263;C0002;AT001;678;2029-12-14 00:00:00;2029-12-09 00:00:00;2029-11-11 00:00:00;2029-11-06 00:00:00
2029-11-09 00:00:00;SO807324;C0030;CL001;1270;2030-01-11 00:00:00;2030-01-06 00:00:00;2029-11-17 00:00:00;2029-11-12 00:00:00
2029-11-09 00:00:00;SO807324;C0030;CS002;1444;2030-01-11 00:00:00;2030-01-19 00:00:00;2029-11-17 00:00:00;2029-11-25 00:00:00
2029-11-09 00:00:00;SO807324;C0030;CL002;1156;2030-01-11 00:00:00;2030-01-21 00:00:00;2029-11-17 00:00:00;2029-11-27 00:00:00
2029-11-09 00:00:00;SO807324;C0030;VS005;729;2030-01-11 00:00:00;2030-01-12 00:00:00;2029-11-17 00:00:00;2029-11-18 00:00:00
2029-11-09 00:00:00;SO993263;C0002;AS004;429;2029-12-14 00:00:00;2029-12-11 00:00:00;2029-11-11 00:00:00;2029-11-08 00:00:00
2029-11-09 00:00:00;SO807324;C0030;AT002;878;2030-01-11 00:00:00;2030-01-10 00:00:00;2029-11-17 00:00:00;2029-11-16 00:00:00
2029-11-12 00:00:00;SO362605;C0005;VS004;624;2030-01-07 00:00:00;2030-01-12 00:00:00;2029-11-14 00:00:00;2029-11-19 00:00:00
2029-11-12 00:00:00;SO652530;C0009;VS004;742;2029-11-26 00:00:00;2029-11-30 00:00:00;2029-11-15 00:00:00;2029-11-19 00:00:00
2029-11-12 00:00:00;SO362605;C0005;VS005;513;2030-01-07 00:00:00;2030-01-09 00:00:00;2029-11-14 00:00:00;2029-11-16 00:00:00
2029-11-12 00:00:00;SO652530;C0009;CT001;416;2029-11-26 00:00:00;2029-12-03 00:00:00;2029-11-15 00:00:00;2029-11-22 00:00:00
2029-11-12 00:00:00;SO652530;C0009;VS002;524;2029-11-26 00:00:00;2029-11-19 00:00:00;2029-11-15 00:00:00;2029-11-08 00:00:00
2029-11-12 00:00:00;SO362605;C0005;CL002;768;2030-01-07 00:00:00;2029-12-31 00:00:00;2029-11-14 00:00:00;2029-11-07 00:00:00
2029-11-12 00:00:00;SO362605;C0005;CL001;1283;2030-01-07 00:00:00;2030-01-11 00:00:00;2029-11-14 00:00:00;2029-11-18 00:00:00
2029-11-12 00:00:00;SO362605;C0005;AS001;1157;2030-01-07 00:00:00;2030-01-12 00:00:00;2029-11-14 00:00:00;2029-11-19 00:00:00
2029-11-12 00:00:00;SO362605;C0005;VS003;997;2030-01-07 00:00:00;2030-01-16 00:00:00;2029-11-14 00:00:00;2029-11-23 00:00:00
2029-11-12 00:00:00;SO362605;C0005;AS002;720;2030-01-07 00:00:00;2030-01-06 00:00:00;2029-11-14 00:00:00;2029-11-13 00:00:00
2029-11-12 00:00:00;SO652530;C0009;CL002;1287;2029-11-26 00:00:00;2029-11-22 00:00:00;2029-11-15 00:00:00;2029-11-11 00:00:00
2029-11-12 00:00:00;SO362605;C0005;AL001;1082;2030-01-07 00:00:00;2030-01-06 00:00:00;2029-11-14 00:00:00;2029-11-13 00:00:00
2029-11-12 00:00:00;SO652530;C0009;CT002;524;2029-11-26 00:00:00;2029-11-18 00:00:00;2029-11-15 00:00:00;2029-11-07 00:00:00
2029-11-12 00:00:00;SO362605;C0005;AS004;856;2030-01-07 00:00:00;2030-01-17 00:00:00;2029-11-14 00:00:00;2029-11-24 00:00:00
2029-11-12 00:00:00;SO652530;C0009;CS003;863;2029-11-26 00:00:00;2029-12-05 00:00:00;2029-11-15 00:00:00;2029-11-24 00:00:00
2029-11-12 00:00:00;SO652530;C0009;AS004;542;2029-11-26 00:00:00;2029-11-25 00:00:00;2029-11-15 00:00:00;2029-11-14 00:00:00
2029-11-12 00:00:00;SO362605;C0005;VS001;985;2030-01-07 00:00:00;2030-01-16 00:00:00;2029-11-14 00:00:00;2029-11-23 00:00:00
2029-11-12 00:00:00;SO362605;C0005;CT001;513;2030-01-07 00:00:00;2029-12-29 00:00:00;2029-11-14 00:00:00;2029-11-05 00:00:00
2029-11-12 00:00:00;SO652530;C0009;AS001;952;2029-11-26 00:00:00;2029-11-28 00:00:00;2029-11-15 00:00:00;2029-11-17 00:00:00
2029-11-12 00:00:00;SO652530;C0009;AT002;898;2029-11-26 00:00:00;2029-11-21 00:00:00;2029-11-15 00:00:00;2029-11-10 00:00:00
2029-11-13 00:00:00;SO930162;C0027;AL002;596;2029-12-25 00:00:00;2029-12-28 00:00:00;2029-11-21 00:00:00;2029-11-24 00:00:00
2029-11-13 00:00:00;SO496775;C0002;VS002;946;2029-12-18 00:00:00;2029-12-25 00:00:00;2029-11-15 00:00:00;2029-11-22 00:00:00
2029-11-13 00:00:00;SO930162;C0027;AS002;1281;2029-12-25 00:00:00;2029-12-24 00:00:00;2029-11-21 00:00:00;2029-11-20 00:00:00
2029-11-13 00:00:00;SO930162;C0027;VS005;915;2029-12-25 00:00:00;2029-12-22 00:00:00;2029-11-21 00:00:00;2029-11-18 00:00:00
2029-11-13 00:00:00;SO496775;C0002;AS002;1205;2029-12-18 00:00:00;2029-12-09 00:00:00;2029-11-15 00:00:00;2029-11-06 00:00:00
2029-11-13 00:00:00;SO496775;C0002;AT001;552;2029-12-18 00:00:00;2029-12-20 00:00:00;2029-11-15 00:00:00;2029-11-17 00:00:00
2029-11-13 00:00:00;SO930162;C0027;VS002;497;2029-12-25 00:00:00;2030-01-04 00:00:00;2029-11-21 00:00:00;2029-12-01 00:00:00
2029-11-13 00:00:00;SO930162;C0027;CL002;548;2029-12-25 00:00:00;2029-12-28 00:00:00;2029-11-21 00:00:00;2029-11-24 00:00:00
2029-11-13 00:00:00;SO496775;C0002;CT001;1301;2029-12-18 00:00:00;2029-12-12 00:00:00;2029-11-15 00:00:00;2029-11-09 00:00:00
2029-11-13 00:00:00;SO930162;C0027;VS001;1012;2029-12-25 00:00:00;2029-12-21 00:00:00;2029-11-21 00:00:00;2029-11-17 00:00:00
2029-11-13 00:00:00;SO496775;C0002;CL002;980;2029-12-18 00:00:00;2029-12-28 00:00:00;2029-11-15 00:00:00;2029-11-25 00:00:00
2029-11-13 00:00:00;SO930162;C0027;AT001;1100;2029-12-25 00:00:00;2029-12-29 00:00:00;2029-11-21 00:00:00;2029-11-25 00:00:00
2029-11-13 00:00:00;SO930162;C0027;CL001;1114;2029-12-25 00:00:00;2029-12-27 00:00:00;2029-11-21 00:00:00;2029-11-23 00:00:00
2029-11-13 00:00:00;SO496775;C0002;CL001;744;2029-12-18 00:00:00;2029-12-24 00:00:00;2029-11-15 00:00:00;2029-11-21 00:00:00
2029-11-13 00:00:00;SO930162;C0027;AT002;922;2029-12-25 00:00:00;2030-01-03 00:00:00;2029-11-21 00:00:00;2029-11-30 00:00:00
2029-11-14 00:00:00;SO502345;C0003;CL001;1375;2029-12-26 00:00:00;2029-12-20 00:00:00;2029-11-16 00:00:00;2029-11-10 00:00:00
2029-11-14 00:00:00;SO692190;C0030;AT002;467;2030-01-16 00:00:00;2030-01-24 00:00:00;2029-11-22 00:00:00;2029-11-30 00:00:00
2029-11-14 00:00:00;SO330641;C0006;VS002;654;2030-01-16 00:00:00;2030-01-19 00:00:00;2029-11-16 00:00:00;2029-11-19 00:00:00
2029-11-14 00:00:00;SO783336;C0020;CT002;349;2030-01-09 00:00:00;2030-01-08 00:00:00;2029-11-18 00:00:00;2029-11-17 00:00:00
2029-11-14 00:00:00;SO330641;C0006;CL002;883;2030-01-16 00:00:00;2030-01-25 00:00:00;2029-11-16 00:00:00;2029-11-25 00:00:00
2029-11-14 00:00:00;SO783336;C0020;VS005;655;2030-01-09 00:00:00;2030-01-08 00:00:00;2029-11-18 00:00:00;2029-11-17 00:00:00
2029-11-14 00:00:00;SO330641;C0006;VS004;646;2030-01-16 00:00:00;2030-01-13 00:00:00;2029-11-16 00:00:00;2029-11-13 00:00:00
2029-11-14 00:00:00;SO502345;C0003;CL002;690;2029-12-26 00:00:00;2029-12-21 00:00:00;2029-11-16 00:00:00;2029-11-11 00:00:00
2029-11-14 00:00:00;SO692190;C0030;AS001;1190;2030-01-16 00:00:00;2030-01-13 00:00:00;2029-11-22 00:00:00;2029-11-19 00:00:00
2029-11-14 00:00:00;SO330641;C0006;VS001;1032;2030-01-16 00:00:00;2030-01-08 00:00:00;2029-11-16 00:00:00;2029-11-08 00:00:00
2029-11-14 00:00:00;SO783336;C0020;AT001;1390;2030-01-09 00:00:00;2030-01-02 00:00:00;2029-11-18 00:00:00;2029-11-11 00:00:00
2029-11-14 00:00:00;SO692190;C0030;CS001;783;2030-01-16 00:00:00;2030-01-16 00:00:00;2029-11-22 00:00:00;2029-11-22 00:00:00
2029-11-14 00:00:00;SO783336;C0020;VS001;988;2030-01-09 00:00:00;2030-01-05 00:00:00;2029-11-18 00:00:00;2029-11-14 00:00:00
2029-11-14 00:00:00;SO330641;C0006;CS002;982;2030-01-16 00:00:00;2030-01-10 00:00:00;2029-11-16 00:00:00;2029-11-10 00:00:00
2029-11-14 00:00:00;SO692190;C0030;AS002;923;2030-01-16 00:00:00;2030-01-13 00:00:00;2029-11-22 00:00:00;2029-11-19 00:00:00
2029-11-14 00:00:00;SO783336;C0020;AT002;735;2030-01-09 00:00:00;2030-01-02 00:00:00;2029-11-18 00:00:00;2029-11-11 00:00:00
2029-11-14 00:00:00;SO330641;C0006;CS001;485;2030-01-16 00:00:00;2030-01-07 00:00:00;2029-11-16 00:00:00;2029-11-07 00:00:00
2029-11-14 00:00:00;SO330641;C0006;VS005;929;2030-01-16 00:00:00;2030-01-17 00:00:00;2029-11-16 00:00:00;2029-11-17 00:00:00
2029-11-14 00:00:00;SO783336;C0020;VS003;1416;2030-01-09 00:00:00;2030-01-16 00:00:00;2029-11-18 00:00:00;2029-11-25 00:00:00
2029-11-15 00:00:00;SO325779;C0004;AS004;907;2029-11-29 00:00:00;2029-11-23 00:00:00;2029-11-17 00:00:00;2029-11-11 00:00:00
2029-11-15 00:00:00;SO799563;C0020;CS002;873;2030-01-10 00:00:00;2030-01-03 00:00:00;2029-11-19 00:00:00;2029-11-12 00:00:00
2029-11-15 00:00:00;SO314089;C0023;VS004;362;2029-12-20 00:00:00;2029-12-22 00:00:00;2029-11-19 00:00:00;2029-11-21 00:00:00
2029-11-15 00:00:00;SO799563;C0020;CT002;880;2030-01-10 00:00:00;2030-01-06 00:00:00;2029-11-19 00:00:00;2029-11-15 00:00:00
2029-11-15 00:00:00;SO325779;C0004;AS001;464;2029-11-29 00:00:00;2029-11-30 00:00:00;2029-11-17 00:00:00;2029-11-18 00:00:00
2029-11-15 00:00:00;SO799563;C0020;AS001;1102;2030-01-10 00:00:00;2030-01-12 00:00:00;2029-11-19 00:00:00;2029-11-21 00:00:00
2029-11-15 00:00:00;SO799563;C0020;CL002;1047;2030-01-10 00:00:00;2030-01-02 00:00:00;2029-11-19 00:00:00;2029-11-11 00:00:00
2029-11-15 00:00:00;SO799563;C0020;VS005;942;2030-01-10 00:00:00;2030-01-10 00:00:00;2029-11-19 00:00:00;2029-11-19 00:00:00
2029-11-15 00:00:00;SO314089;C0023;AT002;1133;2029-12-20 00:00:00;2029-12-22 00:00:00;2029-11-19 00:00:00;2029-11-21 00:00:00
2029-11-15 00:00:00;SO314089;C0023;AS002;954;2029-12-20 00:00:00;2029-12-15 00:00:00;2029-11-19 00:00:00;2029-11-14 00:00:00
2029-11-15 00:00:00;SO325779;C0004;CT003;742;2029-11-29 00:00:00;2029-12-01 00:00:00;2029-11-17 00:00:00;2029-11-19 00:00:00
2029-11-15 00:00:00;SO314089;C0023;VS003;522;2029-12-20 00:00:00;2029-12-27 00:00:00;2029-11-19 00:00:00;2029-11-26 00:00:00
2029-11-15 00:00:00;SO799563;C0020;CS001;409;2030-01-10 00:00:00;2030-01-02 00:00:00;2029-11-19 00:00:00;2029-11-11 00:00:00
2029-11-15 00:00:00;SO325779;C0004;VS005;594;2029-11-29 00:00:00;2029-12-01 00:00:00;2029-11-17 00:00:00;2029-11-19 00:00:00
2029-11-15 00:00:00;SO314089;C0023;AS004;362;2029-12-20 00:00:00;2029-12-25 00:00:00;2029-11-19 00:00:00;2029-11-24 00:00:00
2029-11-15 00:00:00;SO799563;C0020;AT001;876;2030-01-10 00:00:00;2030-01-08 00:00:00;2029-11-19 00:00:00;2029-11-17 00:00:00
2029-11-15 00:00:00;SO314089;C0023;VS005;833;2029-12-20 00:00:00;2029-12-17 00:00:00;2029-11-19 00:00:00;2029-11-16 00:00:00
2029-11-16 00:00:00;SO380264;C0020;CL002;642;2030-01-11 00:00:00;2030-01-03 00:00:00;2029-11-20 00:00:00;2029-11-12 00:00:00
2029-11-16 00:00:00;SO613302;C0010;CS003;1409;2029-12-28 00:00:00;2029-12-26 00:00:00;2029-11-19 00:00:00;2029-11-17 00:00:00
2029-11-16 00:00:00;SO833454;C0030;AS002;825;2030-01-18 00:00:00;2030-01-13 00:00:00;2029-11-24 00:00:00;2029-11-19 00:00:00
2029-11-16 00:00:00;SO833454;C0030;CS003;1195;2030-01-18 00:00:00;2030-01-12 00:00:00;2029-11-24 00:00:00;2029-11-18 00:00:00
2029-11-16 00:00:00;SO833454;C0030;AS001;700;2030-01-18 00:00:00;2030-01-12 00:00:00;2029-11-24 00:00:00;2029-11-18 00:00:00
2029-11-16 00:00:00;SO613302;C0010;AL002;939;2029-12-28 00:00:00;2029-12-26 00:00:00;2029-11-19 00:00:00;2029-11-17 00:00:00
2029-11-16 00:00:00;SO613302;C0010;CT002;878;2029-12-28 00:00:00;2029-12-30 00:00:00;2029-11-19 00:00:00;2029-11-21 00:00:00
2029-11-16 00:00:00;SO613302;C0010;CT003;1366;2029-12-28 00:00:00;2029-12-28 00:00:00;2029-11-19 00:00:00;2029-11-19 00:00:00
2029-11-16 00:00:00;SO380264;C0020;CL001;1361;2030-01-11 00:00:00;2030-01-14 00:00:00;2029-11-20 00:00:00;2029-11-23 00:00:00
2029-11-16 00:00:00;SO613302;C0010;VS002;514;2029-12-28 00:00:00;2030-01-02 00:00:00;2029-11-19 00:00:00;2029-11-24 00:00:00
2029-11-16 00:00:00;SO380264;C0020;VS002;483;2030-01-11 00:00:00;2030-01-04 00:00:00;2029-11-20 00:00:00;2029-11-13 00:00:00
2029-11-16 00:00:00;SO833454;C0030;AL002;833;2030-01-18 00:00:00;2030-01-24 00:00:00;2029-11-24 00:00:00;2029-11-30 00:00:00
2029-11-16 00:00:00;SO613302;C0010;VS004;801;2029-12-28 00:00:00;2030-01-02 00:00:00;2029-11-19 00:00:00;2029-11-24 00:00:00
2029-11-16 00:00:00;SO833454;C0030;CL002;1382;2030-01-18 00:00:00;2030-01-23 00:00:00;2029-11-24 00:00:00;2029-11-29 00:00:00
2029-11-16 00:00:00;SO833454;C0030;AT002;922;2030-01-18 00:00:00;2030-01-25 00:00:00;2029-11-24 00:00:00;2029-12-01 00:00:00
2029-11-16 00:00:00;SO613302;C0010;AL001;1129;2029-12-28 00:00:00;2029-12-19 00:00:00;2029-11-19 00:00:00;2029-11-10 00:00:00
2029-11-16 00:00:00;SO380264;C0020;AT002;1101;2030-01-11 00:00:00;2030-01-16 00:00:00;2029-11-20 00:00:00;2029-11-25 00:00:00
2029-11-16 00:00:00;SO613302;C0010;CL002;1038;2029-12-28 00:00:00;2029-12-24 00:00:00;2029-11-19 00:00:00;2029-11-15 00:00:00
2029-11-19 00:00:00;SO203042;C0013;CS003;357;2029-12-17 00:00:00;2029-12-08 00:00:00;2029-11-23 00:00:00;2029-11-14 00:00:00
2029-11-19 00:00:00;SO122530;C0019;AT002;903;2030-01-21 00:00:00;2030-01-31 00:00:00;2029-11-23 00:00:00;2029-12-03 00:00:00
2029-11-19 00:00:00;SO661983;C0023;VS003;431;2029-12-24 00:00:00;2029-12-16 00:00:00;2029-11-23 00:00:00;2029-11-15 00:00:00
2029-11-19 00:00:00;SO992482;C0015;CS001;1187;2029-12-31 00:00:00;2030-01-09 00:00:00;2029-11-23 00:00:00;2029-12-02 00:00:00
2029-11-19 00:00:00;SO661983;C0023;AS001;700;2029-12-24 00:00:00;2029-12-15 00:00:00;2029-11-23 00:00:00;2029-11-14 00:00:00
2029-11-19 00:00:00;SO122530;C0019;AS002;921;2030-01-21 00:00:00;2030-01-29 00:00:00;2029-11-23 00:00:00;2029-12-01 00:00:00
2029-11-19 00:00:00;SO992482;C0015;VS004;522;2029-12-31 00:00:00;2030-01-06 00:00:00;2029-11-23 00:00:00;2029-11-29 00:00:00
2029-11-19 00:00:00;SO992482;C0015;VS003;1213;2029-12-31 00:00:00;2029-12-24 00:00:00;2029-11-23 00:00:00;2029-11-16 00:00:00
2029-11-19 00:00:00;SO122530;C0019;VS005;480;2030-01-21 00:00:00;2030-01-31 00:00:00;2029-11-23 00:00:00;2029-12-03 00:00:00
2029-11-19 00:00:00;SO992482;C0015;AL002;958;2029-12-31 00:00:00;2029-12-25 00:00:00;2029-11-23 00:00:00;2029-11-17 00:00:00
2029-11-19 00:00:00;SO122530;C0019;AS004;1210;2030-01-21 00:00:00;2030-01-16 00:00:00;2029-11-23 00:00:00;2029-11-18 00:00:00
2029-11-19 00:00:00;SO122530;C0019;AL001;1227;2030-01-21 00:00:00;2030-01-19 00:00:00;2029-11-23 00:00:00;2029-11-21 00:00:00
2029-11-19 00:00:00;SO661983;C0023;CT003;1059;2029-12-24 00:00:00;2030-01-02 00:00:00;2029-11-23 00:00:00;2029-12-02 00:00:00
2029-11-19 00:00:00;SO992482;C0015;AL001;684;2029-12-31 00:00:00;2029-12-28 00:00:00;2029-11-23 00:00:00;2029-11-20 00:00:00
2029-11-19 00:00:00;SO661983;C0023;CT002;899;2029-12-24 00:00:00;2029-12-22 00:00:00;2029-11-23 00:00:00;2029-11-21 00:00:00
2029-11-19 00:00:00;SO122530;C0019;CT001;409;2030-01-21 00:00:00;2030-01-12 00:00:00;2029-11-23 00:00:00;2029-11-14 00:00:00
2029-11-19 00:00:00;SO661983;C0023;CL001;1301;2029-12-24 00:00:00;2029-12-15 00:00:00;2029-11-23 00:00:00;2029-11-14 00:00:00
2029-11-19 00:00:00;SO661983;C0023;AL001;637;2029-12-24 00:00:00;2029-12-28 00:00:00;2029-11-23 00:00:00;2029-11-27 00:00:00
2029-11-20 00:00:00;SO263706;C0018;CS003;1096;2030-01-22 00:00:00;2030-01-21 00:00:00;2029-11-24 00:00:00;2029-11-23 00:00:00
2029-11-20 00:00:00;SO216156;C0009;CS003;1245;2029-12-04 00:00:00;2029-11-27 00:00:00;2029-11-23 00:00:00;2029-11-16 00:00:00
2029-11-20 00:00:00;SO319870;C0015;CS003;440;2030-01-01 00:00:00;2030-01-05 00:00:00;2029-11-24 00:00:00;2029-11-28 00:00:00
2029-11-20 00:00:00;SO346071;C0022;AT001;482;2030-01-01 00:00:00;2029-12-26 00:00:00;2029-11-24 00:00:00;2029-11-18 00:00:00
2029-11-20 00:00:00;SO216156;C0009;CL002;394;2029-12-04 00:00:00;2029-12-01 00:00:00;2029-11-23 00:00:00;2029-11-20 00:00:00
2029-11-20 00:00:00;SO346071;C0022;VS003;600;2030-01-01 00:00:00;2030-01-01 00:00:00;2029-11-24 00:00:00;2029-11-24 00:00:00
2029-11-20 00:00:00;SO319870;C0015;AL002;482;2030-01-01 00:00:00;2029-12-29 00:00:00;2029-11-24 00:00:00;2029-11-21 00:00:00
2029-11-20 00:00:00;SO346071;C0022;CS001;774;2030-01-01 00:00:00;2030-01-07 00:00:00;2029-11-24 00:00:00;2029-11-30 00:00:00
2029-11-20 00:00:00;SO263706;C0018;CT003;729;2030-01-22 00:00:00;2030-01-27 00:00:00;2029-11-24 00:00:00;2029-11-29 00:00:00
2029-11-20 00:00:00;SO263706;C0018;CL002;1174;2030-01-22 00:00:00;2030-01-17 00:00:00;2029-11-24 00:00:00;2029-11-19 00:00:00
2029-11-20 00:00:00;SO216156;C0009;CS001;1001;2029-12-04 00:00:00;2029-12-07 00:00:00;2029-11-23 00:00:00;2029-11-26 00:00:00
2029-11-20 00:00:00;SO319870;C0015;AS002;830;2030-01-01 00:00:00;2029-12-27 00:00:00;2029-11-24 00:00:00;2029-11-19 00:00:00
2029-11-20 00:00:00;SO319870;C0015;VS001;497;2030-01-01 00:00:00;2029-12-27 00:00:00;2029-11-24 00:00:00;2029-11-19 00:00:00
2029-11-20 00:00:00;SO346071;C0022;AS004;1249;2030-01-01 00:00:00;2029-12-29 00:00:00;2029-11-24 00:00:00;2029-11-21 00:00:00
2029-11-20 00:00:00;SO216156;C0009;CT002;805;2029-12-04 00:00:00;2029-12-14 00:00:00;2029-11-23 00:00:00;2029-12-03 00:00:00
2029-11-20 00:00:00;SO263706;C0018;CT002;700;2030-01-22 00:00:00;2030-01-14 00:00:00;2029-11-24 00:00:00;2029-11-16 00:00:00
2029-11-20 00:00:00;SO346071;C0022;VS004;1202;2030-01-01 00:00:00;2029-12-23 00:00:00;2029-11-24 00:00:00;2029-11-15 00:00:00
2029-11-20 00:00:00;SO216156;C0009;AS001;1094;2029-12-04 00:00:00;2029-12-02 00:00:00;2029-11-23 00:00:00;2029-11-21 00:00:00
2029-11-20 00:00:00;SO319870;C0015;CT001;1023;2030-01-01 00:00:00;2030-01-05 00:00:00;2029-11-24 00:00:00;2029-11-28 00:00:00
2029-11-21 00:00:00;SO586854;C0025;AS001;1417;2029-12-19 00:00:00;2029-12-22 00:00:00;2029-11-29 00:00:00;2029-12-02 00:00:00
2029-11-21 00:00:00;SO981270;C0019;AL002;456;2030-01-23 00:00:00;2030-01-29 00:00:00;2029-11-25 00:00:00;2029-12-01 00:00:00
2029-11-21 00:00:00;SO657067;C0004;VS001;670;2029-12-05 00:00:00;2029-11-30 00:00:00;2029-11-23 00:00:00;2029-11-18 00:00:00
2029-11-21 00:00:00;SO623517;C0001;AL002;583;2029-12-19 00:00:00;2029-12-24 00:00:00;2029-11-23 00:00:00;2029-11-28 00:00:00
2029-11-21 00:00:00;SO981270;C0019;VS004;992;2030-01-23 00:00:00;2030-01-29 00:00:00;2029-11-25 00:00:00;2029-12-01 00:00:00
2029-11-21 00:00:00;SO623517;C0001;CS003;505;2029-12-19 00:00:00;2029-12-16 00:00:00;2029-11-23 00:00:00;2029-11-20 00:00:00
2029-11-21 00:00:00;SO657067;C0004;CS003;694;2029-12-05 00:00:00;2029-12-14 00:00:00;2029-11-23 00:00:00;2029-12-02 00:00:00
2029-11-21 00:00:00;SO657067;C0004;CT003;540;2029-12-05 00:00:00;2029-12-13 00:00:00;2029-11-23 00:00:00;2029-12-01 00:00:00
2029-11-21 00:00:00;SO981270;C0019;VS005;841;2030-01-23 00:00:00;2030-01-23 00:00:00;2029-11-25 00:00:00;2029-11-25 00:00:00
2029-11-21 00:00:00;SO586854;C0025;CT003;728;2029-12-19 00:00:00;2029-12-19 00:00:00;2029-11-29 00:00:00;2029-11-29 00:00:00
2029-11-21 00:00:00;SO586854;C0025;CT001;970;2029-12-19 00:00:00;2029-12-22 00:00:00;2029-11-29 00:00:00;2029-12-02 00:00:00
2029-11-21 00:00:00;SO981270;C0019;VS003;451;2030-01-23 00:00:00;2030-01-14 00:00:00;2029-11-25 00:00:00;2029-11-16 00:00:00
2029-11-21 00:00:00;SO623517;C0001;CL002;564;2029-12-19 00:00:00;2029-12-26 00:00:00;2029-11-23 00:00:00;2029-11-30 00:00:00
2029-11-21 00:00:00;SO623517;C0001;CT003;1017;2029-12-19 00:00:00;2029-12-26 00:00:00;2029-11-23 00:00:00;2029-11-30 00:00:00
2029-11-21 00:00:00;SO657067;C0004;AS004;1480;2029-12-05 00:00:00;2029-12-06 00:00:00;2029-11-23 00:00:00;2029-11-24 00:00:00
2029-11-22 00:00:00;SO557199;C0015;CT002;1389;2030-01-03 00:00:00;2030-01-06 00:00:00;2029-11-26 00:00:00;2029-11-29 00:00:00
2029-11-22 00:00:00;SO715098;C0023;AL001;717;2029-12-27 00:00:00;2029-12-24 00:00:00;2029-11-26 00:00:00;2029-11-23 00:00:00
2029-11-22 00:00:00;SO715098;C0023;CL001;1293;2029-12-27 00:00:00;2029-12-23 00:00:00;2029-11-26 00:00:00;2029-11-22 00:00:00
2029-11-22 00:00:00;SO715098;C0023;CT002;779;2029-12-27 00:00:00;2029-12-30 00:00:00;2029-11-26 00:00:00;2029-11-29 00:00:00
2029-11-22 00:00:00;SO715098;C0023;CS002;1122;2029-12-27 00:00:00;2029-12-31 00:00:00;2029-11-26 00:00:00;2029-11-30 00:00:00
2029-11-22 00:00:00;SO557199;C0015;AS002;1258;2030-01-03 00:00:00;2030-01-01 00:00:00;2029-11-26 00:00:00;2029-11-24 00:00:00
2029-11-22 00:00:00;SO557199;C0015;CS002;860;2030-01-03 00:00:00;2029-12-29 00:00:00;2029-11-26 00:00:00;2029-11-21 00:00:00
2029-11-22 00:00:00;SO715098;C0023;AT002;490;2029-12-27 00:00:00;2029-12-24 00:00:00;2029-11-26 00:00:00;2029-11-23 00:00:00
2029-11-22 00:00:00;SO557199;C0015;CS001;634;2030-01-03 00:00:00;2030-01-05 00:00:00;2029-11-26 00:00:00;2029-11-28 00:00:00
2029-11-22 00:00:00;SO557199;C0015;AS001;1291;2030-01-03 00:00:00;2029-12-29 00:00:00;2029-11-26 00:00:00;2029-11-21 00:00:00
2029-11-22 00:00:00;SO557199;C0015;CS003;1145;2030-01-03 00:00:00;2030-01-01 00:00:00;2029-11-26 00:00:00;2029-11-24 00:00:00
2029-11-22 00:00:00;SO715098;C0023;CS001;1198;2029-12-27 00:00:00;2030-01-06 00:00:00;2029-11-26 00:00:00;2029-12-06 00:00:00
2029-11-22 00:00:00;SO557199;C0015;VS004;1022;2030-01-03 00:00:00;2029-12-29 00:00:00;2029-11-26 00:00:00;2029-11-21 00:00:00
2029-11-22 00:00:00;SO557199;C0015;VS002;509;2030-01-03 00:00:00;2030-01-04 00:00:00;2029-11-26 00:00:00;2029-11-27 00:00:00
2029-11-22 00:00:00;SO557199;C0015;AT001;476;2030-01-03 00:00:00;2030-01-11 00:00:00;2029-11-26 00:00:00;2029-12-04 00:00:00
2029-11-22 00:00:00;SO557199;C0015;AL001;857;2030-01-03 00:00:00;2030-01-03 00:00:00;2029-11-26 00:00:00;2029-11-26 00:00:00
2029-11-22 00:00:00;SO557199;C0015;VS003;1108;2030-01-03 00:00:00;2030-01-02 00:00:00;2029-11-26 00:00:00;2029-11-25 00:00:00
2029-11-23 00:00:00;SO555072;C0030;CT002;612;2030-01-25 00:00:00;2030-01-18 00:00:00;2029-12-01 00:00:00;2029-11-24 00:00:00
2029-11-23 00:00:00;SO149333;C0016;AT001;917;2029-12-07 00:00:00;2029-12-04 00:00:00;2029-11-27 00:00:00;2029-11-24 00:00:00
2029-11-23 00:00:00;SO467816;C0006;VS004;1042;2030-01-25 00:00:00;2030-01-19 00:00:00;2029-11-25 00:00:00;2029-11-19 00:00:00
2029-11-23 00:00:00;SO842531;C0020;VS002;978;2030-01-18 00:00:00;2030-01-24 00:00:00;2029-11-27 00:00:00;2029-12-03 00:00:00
2029-11-23 00:00:00;SO467816;C0006;VS002;1199;2030-01-25 00:00:00;2030-01-19 00:00:00;2029-11-25 00:00:00;2029-11-19 00:00:00
2029-11-23 00:00:00;SO149333;C0016;AS001;1226;2029-12-07 00:00:00;2029-12-01 00:00:00;2029-11-27 00:00:00;2029-11-21 00:00:00
2029-11-23 00:00:00;SO467816;C0006;VS005;917;2030-01-25 00:00:00;2030-01-15 00:00:00;2029-11-25 00:00:00;2029-11-15 00:00:00
2029-11-23 00:00:00;SO842531;C0020;VS003;1062;2030-01-18 00:00:00;2030-01-10 00:00:00;2029-11-27 00:00:00;2029-11-19 00:00:00
2029-11-23 00:00:00;SO842531;C0020;AT001;645;2030-01-18 00:00:00;2030-01-15 00:00:00;2029-11-27 00:00:00;2029-11-24 00:00:00
2029-11-23 00:00:00;SO555072;C0030;CL002;557;2030-01-25 00:00:00;2030-01-17 00:00:00;2029-12-01 00:00:00;2029-11-23 00:00:00
2029-11-23 00:00:00;SO842531;C0020;VS001;908;2030-01-18 00:00:00;2030-01-17 00:00:00;2029-11-27 00:00:00;2029-11-26 00:00:00
2029-11-23 00:00:00;SO467816;C0006;VS001;974;2030-01-25 00:00:00;2030-01-29 00:00:00;2029-11-25 00:00:00;2029-11-29 00:00:00
2029-11-23 00:00:00;SO555072;C0030;AT001;1176;2030-01-25 00:00:00;2030-01-15 00:00:00;2029-12-01 00:00:00;2029-11-21 00:00:00
2029-11-23 00:00:00;SO467816;C0006;CS003;276;2030-01-25 00:00:00;2030-01-17 00:00:00;2029-11-25 00:00:00;2029-11-17 00:00:00
2029-11-23 00:00:00;SO555072;C0030;CS002;541;2030-01-25 00:00:00;2030-01-27 00:00:00;2029-12-01 00:00:00;2029-12-03 00:00:00
2029-11-23 00:00:00;SO555072;C0030;CS003;1351;2030-01-25 00:00:00;2030-01-27 00:00:00;2029-12-01 00:00:00;2029-12-03 00:00:00
2029-11-23 00:00:00;SO555072;C0030;AS004;1206;2030-01-25 00:00:00;2030-02-02 00:00:00;2029-12-01 00:00:00;2029-12-09 00:00:00
2029-11-23 00:00:00;SO555072;C0030;AL002;1424;2030-01-25 00:00:00;2030-01-31 00:00:00;2029-12-01 00:00:00;2029-12-07 00:00:00
2029-11-26 00:00:00;SO698358;C0004;AS004;938;2029-12-10 00:00:00;2029-12-15 00:00:00;2029-11-28 00:00:00;2029-12-03 00:00:00
2029-11-26 00:00:00;SO864596;C0007;VS005;1229;2030-01-28 00:00:00;2030-01-22 00:00:00;2029-11-29 00:00:00;2029-11-23 00:00:00
2029-11-26 00:00:00;SO535847;C0025;CT001;1062;2029-12-24 00:00:00;2030-01-03 00:00:00;2029-12-04 00:00:00;2029-12-14 00:00:00
2029-11-26 00:00:00;SO864596;C0007;AT002;876;2030-01-28 00:00:00;2030-02-02 00:00:00;2029-11-29 00:00:00;2029-12-04 00:00:00
2029-11-26 00:00:00;SO864596;C0007;CT002;408;2030-01-28 00:00:00;2030-01-29 00:00:00;2029-11-29 00:00:00;2029-11-30 00:00:00
2029-11-26 00:00:00;SO535847;C0025;CS001;480;2029-12-24 00:00:00;2029-12-24 00:00:00;2029-12-04 00:00:00;2029-12-04 00:00:00
2029-11-26 00:00:00;SO698358;C0004;AT002;655;2029-12-10 00:00:00;2029-12-16 00:00:00;2029-11-28 00:00:00;2029-12-04 00:00:00
2029-11-26 00:00:00;SO698358;C0004;VS002;1102;2029-12-10 00:00:00;2029-12-17 00:00:00;2029-11-28 00:00:00;2029-12-05 00:00:00
2029-11-26 00:00:00;SO535847;C0025;VS004;1074;2029-12-24 00:00:00;2029-12-22 00:00:00;2029-12-04 00:00:00;2029-12-02 00:00:00
2029-11-26 00:00:00;SO535847;C0025;CT003;984;2029-12-24 00:00:00;2029-12-20 00:00:00;2029-12-04 00:00:00;2029-11-30 00:00:00
2029-11-26 00:00:00;SO535847;C0025;CL002;808;2029-12-24 00:00:00;2029-12-31 00:00:00;2029-12-04 00:00:00;2029-12-11 00:00:00
2029-11-26 00:00:00;SO864596;C0007;CT003;1136;2030-01-28 00:00:00;2030-01-31 00:00:00;2029-11-29 00:00:00;2029-12-02 00:00:00
2029-11-26 00:00:00;SO698358;C0004;CT001;970;2029-12-10 00:00:00;2029-12-09 00:00:00;2029-11-28 00:00:00;2029-11-27 00:00:00
2029-11-26 00:00:00;SO698358;C0004;VS003;852;2029-12-10 00:00:00;2029-12-11 00:00:00;2029-11-28 00:00:00;2029-11-29 00:00:00
2029-11-26 00:00:00;SO698358;C0004;VS005;314;2029-12-10 00:00:00;2029-12-20 00:00:00;2029-11-28 00:00:00;2029-12-08 00:00:00
2029-11-27 00:00:00;SO521180;C0003;VS004;717;2030-01-08 00:00:00;2030-01-11 00:00:00;2029-11-29 00:00:00;2029-12-02 00:00:00
2029-11-27 00:00:00;SO387373;C0016;AT002;810;2029-12-11 00:00:00;2029-12-13 00:00:00;2029-12-01 00:00:00;2029-12-03 00:00:00
2029-11-27 00:00:00;SO521180;C0003;CS003;1194;2030-01-08 00:00:00;2030-01-06 00:00:00;2029-11-29 00:00:00;2029-11-27 00:00:00
2029-11-27 00:00:00;SO387373;C0016;CT003;541;2029-12-11 00:00:00;2029-12-01 00:00:00;2029-12-01 00:00:00;2029-11-21 00:00:00
2029-11-27 00:00:00;SO521180;C0003;AL002;966;2030-01-08 00:00:00;2030-01-09 00:00:00;2029-11-29 00:00:00;2029-11-30 00:00:00
2029-11-27 00:00:00;SO521180;C0003;VS001;704;2030-01-08 00:00:00;2030-01-10 00:00:00;2029-11-29 00:00:00;2029-12-01 00:00:00
2029-11-27 00:00:00;SO521180;C0003;CS002;733;2030-01-08 00:00:00;2030-01-04 00:00:00;2029-11-29 00:00:00;2029-11-25 00:00:00
2029-11-27 00:00:00;SO387373;C0016;CL002;840;2029-12-11 00:00:00;2029-12-11 00:00:00;2029-12-01 00:00:00;2029-12-01 00:00:00
2029-11-27 00:00:00;SO387373;C0016;AS002;724;2029-12-11 00:00:00;2029-12-12 00:00:00;2029-12-01 00:00:00;2029-12-02 00:00:00
2029-11-27 00:00:00;SO521180;C0003;VS002;405;2030-01-08 00:00:00;2030-01-13 00:00:00;2029-11-29 00:00:00;2029-12-04 00:00:00
2029-11-27 00:00:00;SO387373;C0016;VS004;873;2029-12-11 00:00:00;2029-12-11 00:00:00;2029-12-01 00:00:00;2029-12-01 00:00:00
2029-11-27 00:00:00;SO387373;C0016;VS002;635;2029-12-11 00:00:00;2029-12-13 00:00:00;2029-12-01 00:00:00;2029-12-03 00:00:00
2029-11-28 00:00:00;SO734584;C0026;CS001;1293;2030-01-02 00:00:00;2030-01-04 00:00:00;2029-12-06 00:00:00;2029-12-08 00:00:00
2029-11-28 00:00:00;SO398191;C0006;CS001;428;2030-01-30 00:00:00;2030-02-04 00:00:00;2029-11-30 00:00:00;2029-12-05 00:00:00
2029-11-28 00:00:00;SO362546;C0016;CT001;826;2029-12-12 00:00:00;2029-12-10 00:00:00;2029-12-02 00:00:00;2029-11-30 00:00:00
2029-11-28 00:00:00;SO238458;C0015;CT002;650;2030-01-09 00:00:00;2030-01-15 00:00:00;2029-12-02 00:00:00;2029-12-08 00:00:00
2029-11-28 00:00:00;SO362546;C0016;CS002;744;2029-12-12 00:00:00;2029-12-07 00:00:00;2029-12-02 00:00:00;2029-11-27 00:00:00
2029-11-28 00:00:00;SO734584;C0026;AL002;879;2030-01-02 00:00:00;2030-01-05 00:00:00;2029-12-06 00:00:00;2029-12-09 00:00:00
2029-11-28 00:00:00;SO362546;C0016;VS005;406;2029-12-12 00:00:00;2029-12-12 00:00:00;2029-12-02 00:00:00;2029-12-02 00:00:00
2029-11-28 00:00:00;SO238458;C0015;AT002;833;2030-01-09 00:00:00;2030-01-05 00:00:00;2029-12-02 00:00:00;2029-11-28 00:00:00
2029-11-28 00:00:00;SO398191;C0006;CS003;1067;2030-01-30 00:00:00;2030-01-23 00:00:00;2029-11-30 00:00:00;2029-11-23 00:00:00
2029-11-28 00:00:00;SO238458;C0015;AS001;746;2030-01-09 00:00:00;2030-01-02 00:00:00;2029-12-02 00:00:00;2029-11-25 00:00:00
2029-11-28 00:00:00;SO734584;C0026;AL001;335;2030-01-02 00:00:00;2030-01-09 00:00:00;2029-12-06 00:00:00;2029-12-13 00:00:00
2029-11-28 00:00:00;SO362546;C0016;AS002;1375;2029-12-12 00:00:00;2029-12-18 00:00:00;2029-12-02 00:00:00;2029-12-08 00:00:00
2029-11-28 00:00:00;SO734584;C0026;CL001;806;2030-01-02 00:00:00;2029-12-25 00:00:00;2029-12-06 00:00:00;2029-11-28 00:00:00
2029-11-28 00:00:00;SO734584;C0026;VS003;673;2030-01-02 00:00:00;2030-01-06 00:00:00;2029-12-06 00:00:00;2029-12-10 00:00:00
2029-11-29 00:00:00;SO845937;C0012;CT003;1175;2029-12-27 00:00:00;2030-01-01 00:00:00;2029-12-02 00:00:00;2029-12-07 00:00:00
2029-11-29 00:00:00;SO222721;C0008;AS001;999;2030-01-24 00:00:00;2030-01-15 00:00:00;2029-12-02 00:00:00;2029-11-23 00:00:00
2029-11-29 00:00:00;SO222721;C0008;CS001;1055;2030-01-24 00:00:00;2030-01-17 00:00:00;2029-12-02 00:00:00;2029-11-25 00:00:00
2029-11-29 00:00:00;SO222721;C0008;VS003;755;2030-01-24 00:00:00;2030-01-23 00:00:00;2029-12-02 00:00:00;2029-12-01 00:00:00
2029-11-29 00:00:00;SO222721;C0008;AL002;799;2030-01-24 00:00:00;2030-01-23 00:00:00;2029-12-02 00:00:00;2029-12-01 00:00:00
2029-11-29 00:00:00;SO845937;C0012;VS003;406;2029-12-27 00:00:00;2029-12-25 00:00:00;2029-12-02 00:00:00;2029-11-30 00:00:00
2029-11-29 00:00:00;SO222721;C0008;AT001;902;2030-01-24 00:00:00;2030-01-14 00:00:00;2029-12-02 00:00:00;2029-11-22 00:00:00
2029-11-29 00:00:00;SO845937;C0012;VS002;942;2029-12-27 00:00:00;2029-12-22 00:00:00;2029-12-02 00:00:00;2029-11-27 00:00:00
2029-11-29 00:00:00;SO222721;C0008;AS002;977;2030-01-24 00:00:00;2030-01-20 00:00:00;2029-12-02 00:00:00;2029-11-28 00:00:00
2029-11-29 00:00:00;SO222721;C0008;CT001;779;2030-01-24 00:00:00;2030-02-01 00:00:00;2029-12-02 00:00:00;2029-12-10 00:00:00
2029-11-29 00:00:00;SO222721;C0008;CS003;542;2030-01-24 00:00:00;2030-01-30 00:00:00;2029-12-02 00:00:00;2029-12-08 00:00:00
2029-11-29 00:00:00;SO222721;C0008;VS002;878;2030-01-24 00:00:00;2030-02-03 00:00:00;2029-12-02 00:00:00;2029-12-12 00:00:00
2029-11-29 00:00:00;SO222721;C0008;AL001;323;2030-01-24 00:00:00;2030-01-26 00:00:00;2029-12-02 00:00:00;2029-12-04 00:00:00
2029-11-29 00:00:00;SO845937;C0012;AS002;1194;2029-12-27 00:00:00;2029-12-22 00:00:00;2029-12-02 00:00:00;2029-11-27 00:00:00
2029-11-29 00:00:00;SO845937;C0012;AS004;307;2029-12-27 00:00:00;2029-12-30 00:00:00;2029-12-02 00:00:00;2029-12-05 00:00:00
2029-11-30 00:00:00;SO459133;C0028;VS003;907;2029-12-14 00:00:00;2029-12-22 00:00:00;2029-12-08 00:00:00;2029-12-16 00:00:00
2029-11-30 00:00:00;SO502772;C0020;CS001;1349;2030-01-25 00:00:00;2030-01-26 00:00:00;2029-12-04 00:00:00;2029-12-05 00:00:00
2029-11-30 00:00:00;SO459133;C0028;AS002;684;2029-12-14 00:00:00;2029-12-09 00:00:00;2029-12-08 00:00:00;2029-12-03 00:00:00
2029-11-30 00:00:00;SO459133;C0028;VS005;738;2029-12-14 00:00:00;2029-12-05 00:00:00;2029-12-08 00:00:00;2029-11-29 00:00:00
2029-11-30 00:00:00;SO459133;C0028;CS002;810;2029-12-14 00:00:00;2029-12-14 00:00:00;2029-12-08 00:00:00;2029-12-08 00:00:00
2029-11-30 00:00:00;SO502772;C0020;VS002;1023;2030-01-25 00:00:00;2030-01-17 00:00:00;2029-12-04 00:00:00;2029-11-26 00:00:00
2029-11-30 00:00:00;SO459133;C0028;CS001;569;2029-12-14 00:00:00;2029-12-22 00:00:00;2029-12-08 00:00:00;2029-12-16 00:00:00
2029-11-30 00:00:00;SO459133;C0028;CS003;1048;2029-12-14 00:00:00;2029-12-18 00:00:00;2029-12-08 00:00:00;2029-12-12 00:00:00
2029-11-30 00:00:00;SO502772;C0020;CT003;855;2030-01-25 00:00:00;2030-01-19 00:00:00;2029-12-04 00:00:00;2029-11-28 00:00:00
2029-11-30 00:00:00;SO459133;C0028;CT002;633;2029-12-14 00:00:00;2029-12-10 00:00:00;2029-12-08 00:00:00;2029-12-04 00:00:00
2029-11-30 00:00:00;SO459133;C0028;CL002;474;2029-12-14 00:00:00;2029-12-15 00:00:00;2029-12-08 00:00:00;2029-12-09 00:00:00
2029-11-30 00:00:00;SO502772;C0020;AT002;544;2030-01-25 00:00:00;2030-01-31 00:00:00;2029-12-04 00:00:00;2029-12-10 00:00:00
2029-12-03 00:00:00;SO639671;C0020;CL001;649;2030-01-28 00:00:00;2030-01-30 00:00:00;2029-12-07 00:00:00;2029-12-09 00:00:00
2029-12-03 00:00:00;SO794776;C0028;VS001;524;2029-12-17 00:00:00;2029-12-21 00:00:00;2029-12-11 00:00:00;2029-12-15 00:00:00
2029-12-03 00:00:00;SO710888;C0005;AL001;480;2030-01-28 00:00:00;2030-01-27 00:00:00;2029-12-05 00:00:00;2029-12-04 00:00:00
2029-12-03 00:00:00;SO978554;C0023;VS004;382;2030-01-07 00:00:00;2030-01-03 00:00:00;2029-12-07 00:00:00;2029-12-03 00:00:00
2029-12-03 00:00:00;SO978554;C0023;CS004;424;2030-01-07 00:00:00;2029-12-28 00:00:00;2029-12-07 00:00:00;2029-11-27 00:00:00
2029-12-03 00:00:00;SO639671;C0020;VS004;960;2030-01-28 00:00:00;2030-01-25 00:00:00;2029-12-07 00:00:00;2029-12-04 00:00:00
2029-12-03 00:00:00;SO710888;C0005;CT003;1046;2030-01-28 00:00:00;2030-02-05 00:00:00;2029-12-05 00:00:00;2029-12-13 00:00:00
2029-12-03 00:00:00;SO639671;C0020;CS004;766;2030-01-28 00:00:00;2030-01-23 00:00:00;2029-12-07 00:00:00;2029-12-02 00:00:00
2029-12-03 00:00:00;SO978554;C0023;CT002;514;2030-01-07 00:00:00;2030-01-08 00:00:00;2029-12-07 00:00:00;2029-12-08 00:00:00
2029-12-03 00:00:00;SO710888;C0005;AT001;861;2030-01-28 00:00:00;2030-02-07 00:00:00;2029-12-05 00:00:00;2029-12-15 00:00:00
2029-12-03 00:00:00;SO978554;C0023;CS002;851;2030-01-07 00:00:00;2030-01-04 00:00:00;2029-12-07 00:00:00;2029-12-04 00:00:00
2029-12-03 00:00:00;SO978554;C0023;AT001;878;2030-01-07 00:00:00;2029-12-29 00:00:00;2029-12-07 00:00:00;2029-11-28 00:00:00
2029-12-03 00:00:00;SO978554;C0023;VS002;1044;2030-01-07 00:00:00;2029-12-28 00:00:00;2029-12-07 00:00:00;2029-11-27 00:00:00
2029-12-03 00:00:00;SO978554;C0023;AL002;1326;2030-01-07 00:00:00;2029-12-30 00:00:00;2029-12-07 00:00:00;2029-11-29 00:00:00
2029-12-03 00:00:00;SO639671;C0020;AL002;592;2030-01-28 00:00:00;2030-01-22 00:00:00;2029-12-07 00:00:00;2029-12-01 00:00:00
2029-12-03 00:00:00;SO978554;C0023;VS005;450;2030-01-07 00:00:00;2030-01-07 00:00:00;2029-12-07 00:00:00;2029-12-07 00:00:00
2029-12-03 00:00:00;SO794776;C0028;VS002;296;2029-12-17 00:00:00;2029-12-18 00:00:00;2029-12-11 00:00:00;2029-12-12 00:00:00
2029-12-03 00:00:00;SO639671;C0020;CT002;708;2030-01-28 00:00:00;2030-02-03 00:00:00;2029-12-07 00:00:00;2029-12-13 00:00:00
2029-12-03 00:00:00;SO978554;C0023;VS003;631;2030-01-07 00:00:00;2030-01-09 00:00:00;2029-12-07 00:00:00;2029-12-09 00:00:00
2029-12-03 00:00:00;SO794776;C0028;CL001;450;2029-12-17 00:00:00;2029-12-14 00:00:00;2029-12-11 00:00:00;2029-12-08 00:00:00
2029-12-04 00:00:00;SO781990;C0003;VS003;968;2030-01-15 00:00:00;2030-01-17 00:00:00;2029-12-06 00:00:00;2029-12-08 00:00:00
2029-12-04 00:00:00;SO266428;C0006;AL002;855;2030-02-05 00:00:00;2030-02-04 00:00:00;2029-12-06 00:00:00;2029-12-05 00:00:00
2029-12-04 00:00:00;SO264370;C0019;AT002;816;2030-02-05 00:00:00;2030-02-10 00:00:00;2029-12-08 00:00:00;2029-12-13 00:00:00
2029-12-04 00:00:00;SO266428;C0006;CT002;1553;2030-02-05 00:00:00;2030-01-27 00:00:00;2029-12-06 00:00:00;2029-11-27 00:00:00
2029-12-04 00:00:00;SO264370;C0019;VS002;689;2030-02-05 00:00:00;2030-02-12 00:00:00;2029-12-08 00:00:00;2029-12-15 00:00:00
2029-12-04 00:00:00;SO266428;C0006;CT003;1075;2030-02-05 00:00:00;2030-01-29 00:00:00;2029-12-06 00:00:00;2029-11-29 00:00:00
2029-12-04 00:00:00;SO781990;C0003;VS004;669;2030-01-15 00:00:00;2030-01-23 00:00:00;2029-12-06 00:00:00;2029-12-14 00:00:00
2029-12-04 00:00:00;SO266428;C0006;AL001;793;2030-02-05 00:00:00;2030-02-14 00:00:00;2029-12-06 00:00:00;2029-12-15 00:00:00
2029-12-04 00:00:00;SO781990;C0003;CT003;817;2030-01-15 00:00:00;2030-01-07 00:00:00;2029-12-06 00:00:00;2029-11-28 00:00:00
2029-12-04 00:00:00;SO781990;C0003;VS001;1269;2030-01-15 00:00:00;2030-01-18 00:00:00;2029-12-06 00:00:00;2029-12-09 00:00:00
2029-12-04 00:00:00;SO266428;C0006;AS005;883;2030-02-05 00:00:00;2030-02-13 00:00:00;2029-12-06 00:00:00;2029-12-14 00:00:00
2029-12-04 00:00:00;SO264370;C0019;CT002;404;2030-02-05 00:00:00;2030-02-15 00:00:00;2029-12-08 00:00:00;2029-12-18 00:00:00
2029-12-04 00:00:00;SO264370;C0019;AT001;859;2030-02-05 00:00:00;2030-02-15 00:00:00;2029-12-08 00:00:00;2029-12-18 00:00:00
2029-12-04 00:00:00;SO781990;C0003;CS004;400;2030-01-15 00:00:00;2030-01-05 00:00:00;2029-12-06 00:00:00;2029-11-26 00:00:00
2029-12-05 00:00:00;SO534533;C0024;AS004;704;2030-01-02 00:00:00;2030-01-09 00:00:00;2029-12-09 00:00:00;2029-12-16 00:00:00
2029-12-05 00:00:00;SO689342;C0018;AT001;1209;2030-02-06 00:00:00;2030-01-30 00:00:00;2029-12-09 00:00:00;2029-12-02 00:00:00
2029-12-05 00:00:00;SO691778;C0009;CT003;661;2029-12-19 00:00:00;2029-12-26 00:00:00;2029-12-08 00:00:00;2029-12-15 00:00:00
2029-12-05 00:00:00;SO610746;C0027;CL001;1012;2030-01-16 00:00:00;2030-01-22 00:00:00;2029-12-13 00:00:00;2029-12-19 00:00:00
2029-12-05 00:00:00;SO689342;C0018;CS004;573;2030-02-06 00:00:00;2030-02-07 00:00:00;2029-12-09 00:00:00;2029-12-10 00:00:00
2029-12-05 00:00:00;SO534533;C0024;AL002;580;2030-01-02 00:00:00;2029-12-30 00:00:00;2029-12-09 00:00:00;2029-12-06 00:00:00
2029-12-05 00:00:00;SO610746;C0027;AS004;705;2030-01-16 00:00:00;2030-01-23 00:00:00;2029-12-13 00:00:00;2029-12-20 00:00:00
2029-12-05 00:00:00;SO691778;C0009;CS002;669;2029-12-19 00:00:00;2029-12-13 00:00:00;2029-12-08 00:00:00;2029-12-02 00:00:00
2029-12-05 00:00:00;SO689342;C0018;AL002;1001;2030-02-06 00:00:00;2030-02-13 00:00:00;2029-12-09 00:00:00;2029-12-16 00:00:00
2029-12-05 00:00:00;SO534533;C0024;CL002;564;2030-01-02 00:00:00;2030-01-10 00:00:00;2029-12-09 00:00:00;2029-12-17 00:00:00
2029-12-05 00:00:00;SO534533;C0024;VS005;1262;2030-01-02 00:00:00;2030-01-05 00:00:00;2029-12-09 00:00:00;2029-12-12 00:00:00
2029-12-05 00:00:00;SO610746;C0027;CS004;740;2030-01-16 00:00:00;2030-01-16 00:00:00;2029-12-13 00:00:00;2029-12-13 00:00:00
2029-12-05 00:00:00;SO689342;C0018;CT003;1124;2030-02-06 00:00:00;2030-02-06 00:00:00;2029-12-09 00:00:00;2029-12-09 00:00:00
2029-12-05 00:00:00;SO691778;C0009;AT001;583;2029-12-19 00:00:00;2029-12-23 00:00:00;2029-12-08 00:00:00;2029-12-12 00:00:00
2029-12-05 00:00:00;SO610746;C0027;CT003;1059;2030-01-16 00:00:00;2030-01-22 00:00:00;2029-12-13 00:00:00;2029-12-19 00:00:00
2029-12-06 00:00:00;SO101238;C0004;VS001;834;2029-12-20 00:00:00;2029-12-17 00:00:00;2029-12-08 00:00:00;2029-12-05 00:00:00
2029-12-06 00:00:00;SO573552;C0020;CL002;840;2030-01-31 00:00:00;2030-01-28 00:00:00;2029-12-10 00:00:00;2029-12-07 00:00:00
2029-12-06 00:00:00;SO606919;C0028;CL002;1256;2029-12-20 00:00:00;2029-12-26 00:00:00;2029-12-14 00:00:00;2029-12-20 00:00:00
2029-12-06 00:00:00;SO545601;C0025;AL002;1170;2030-01-03 00:00:00;2029-12-28 00:00:00;2029-12-14 00:00:00;2029-12-08 00:00:00
2029-12-06 00:00:00;SO573552;C0020;AL002;957;2030-01-31 00:00:00;2030-01-24 00:00:00;2029-12-10 00:00:00;2029-12-03 00:00:00
2029-12-06 00:00:00;SO545601;C0025;AT002;583;2030-01-03 00:00:00;2029-12-26 00:00:00;2029-12-14 00:00:00;2029-12-06 00:00:00
2029-12-06 00:00:00;SO101238;C0004;CT002;417;2029-12-20 00:00:00;2029-12-23 00:00:00;2029-12-08 00:00:00;2029-12-11 00:00:00
2029-12-06 00:00:00;SO606919;C0028;VS001;674;2029-12-20 00:00:00;2029-12-25 00:00:00;2029-12-14 00:00:00;2029-12-19 00:00:00
2029-12-06 00:00:00;SO606919;C0028;AS002;720;2029-12-20 00:00:00;2029-12-29 00:00:00;2029-12-14 00:00:00;2029-12-23 00:00:00
2029-12-06 00:00:00;SO545601;C0025;CS004;961;2030-01-03 00:00:00;2030-01-13 00:00:00;2029-12-14 00:00:00;2029-12-24 00:00:00
2029-12-06 00:00:00;SO545601;C0025;VS004;529;2030-01-03 00:00:00;2029-12-29 00:00:00;2029-12-14 00:00:00;2029-12-09 00:00:00
2029-12-06 00:00:00;SO573552;C0020;VS002;969;2030-01-31 00:00:00;2030-01-24 00:00:00;2029-12-10 00:00:00;2029-12-03 00:00:00
2029-12-06 00:00:00;SO573552;C0020;AL001;1005;2030-01-31 00:00:00;2030-01-31 00:00:00;2029-12-10 00:00:00;2029-12-10 00:00:00
2029-12-07 00:00:00;SO735438;C0009;AT002;794;2029-12-21 00:00:00;2029-12-15 00:00:00;2029-12-10 00:00:00;2029-12-04 00:00:00
2029-12-07 00:00:00;SO516554;C0005;CT002;361;2030-02-01 00:00:00;2030-01-30 00:00:00;2029-12-09 00:00:00;2029-12-07 00:00:00
2029-12-07 00:00:00;SO239724;C0018;VS003;1027;2030-02-08 00:00:00;2030-02-09 00:00:00;2029-12-11 00:00:00;2029-12-12 00:00:00
2029-12-07 00:00:00;SO333906;C0002;CT002;561;2030-01-11 00:00:00;2030-01-15 00:00:00;2029-12-09 00:00:00;2029-12-13 00:00:00
2029-12-07 00:00:00;SO333906;C0002;AT002;1074;2030-01-11 00:00:00;2030-01-20 00:00:00;2029-12-09 00:00:00;2029-12-18 00:00:00
2029-12-07 00:00:00;SO239724;C0018;CS004;856;2030-02-08 00:00:00;2030-02-01 00:00:00;2029-12-11 00:00:00;2029-12-04 00:00:00
2029-12-07 00:00:00;SO516554;C0005;VS003;511;2030-02-01 00:00:00;2030-01-23 00:00:00;2029-12-09 00:00:00;2029-11-30 00:00:00
2029-12-07 00:00:00;SO239724;C0018;CS002;559;2030-02-08 00:00:00;2030-01-29 00:00:00;2029-12-11 00:00:00;2029-12-01 00:00:00
2029-12-07 00:00:00;SO735438;C0009;CS002;421;2029-12-21 00:00:00;2029-12-23 00:00:00;2029-12-10 00:00:00;2029-12-12 00:00:00
2029-12-07 00:00:00;SO735438;C0009;VS003;1038;2029-12-21 00:00:00;2029-12-17 00:00:00;2029-12-10 00:00:00;2029-12-06 00:00:00
2029-12-07 00:00:00;SO239724;C0018;CT002;886;2030-02-08 00:00:00;2030-02-10 00:00:00;2029-12-11 00:00:00;2029-12-13 00:00:00
2029-12-07 00:00:00;SO239724;C0018;VS001;564;2030-02-08 00:00:00;2030-02-08 00:00:00;2029-12-11 00:00:00;2029-12-11 00:00:00
2029-12-10 00:00:00;SO135210;C0007;AL001;538;2030-02-11 00:00:00;2030-02-21 00:00:00;2029-12-13 00:00:00;2029-12-23 00:00:00
2029-12-10 00:00:00;SO795557;C0016;CS002;498;2029-12-24 00:00:00;2029-12-24 00:00:00;2029-12-14 00:00:00;2029-12-14 00:00:00
2029-12-10 00:00:00;SO135210;C0007;CT001;1083;2030-02-11 00:00:00;2030-02-21 00:00:00;2029-12-13 00:00:00;2029-12-23 00:00:00
2029-12-10 00:00:00;SO795557;C0016;AL002;1328;2029-12-24 00:00:00;2029-12-17 00:00:00;2029-12-14 00:00:00;2029-12-07 00:00:00
2029-12-10 00:00:00;SO135210;C0007;VS002;848;2030-02-11 00:00:00;2030-02-07 00:00:00;2029-12-13 00:00:00;2029-12-09 00:00:00
2029-12-10 00:00:00;SO795557;C0016;AT002;1171;2029-12-24 00:00:00;2029-12-17 00:00:00;2029-12-14 00:00:00;2029-12-07 00:00:00
2029-12-10 00:00:00;SO135210;C0007;AS002;775;2030-02-11 00:00:00;2030-02-13 00:00:00;2029-12-13 00:00:00;2029-12-15 00:00:00
2029-12-10 00:00:00;SO135210;C0007;AT001;760;2030-02-11 00:00:00;2030-02-01 00:00:00;2029-12-13 00:00:00;2029-12-03 00:00:00
2029-12-10 00:00:00;SO795557;C0016;VS001;1416;2029-12-24 00:00:00;2029-12-20 00:00:00;2029-12-14 00:00:00;2029-12-10 00:00:00
2029-12-10 00:00:00;SO135210;C0007;AS004;646;2030-02-11 00:00:00;2030-02-14 00:00:00;2029-12-13 00:00:00;2029-12-16 00:00:00
2029-12-10 00:00:00;SO135210;C0007;CS004;646;2030-02-11 00:00:00;2030-02-01 00:00:00;2029-12-13 00:00:00;2029-12-03 00:00:00
2029-12-10 00:00:00;SO795557;C0016;CT001;1268;2029-12-24 00:00:00;2030-01-02 00:00:00;2029-12-14 00:00:00;2029-12-23 00:00:00
2029-12-10 00:00:00;SO795557;C0016;CL001;1284;2029-12-24 00:00:00;2029-12-23 00:00:00;2029-12-14 00:00:00;2029-12-13 00:00:00
2029-12-10 00:00:00;SO795557;C0016;AS002;554;2029-12-24 00:00:00;2030-01-02 00:00:00;2029-12-14 00:00:00;2029-12-23 00:00:00
2029-12-11 00:00:00;SO887292;C0024;CT001;1047;2030-01-08 00:00:00;2030-01-02 00:00:00;2029-12-15 00:00:00;2029-12-09 00:00:00
2029-12-11 00:00:00;SO192093;C0013;VS002;427;2030-01-08 00:00:00;2030-01-06 00:00:00;2029-12-15 00:00:00;2029-12-13 00:00:00
2029-12-11 00:00:00;SO887292;C0024;CS002;513;2030-01-08 00:00:00;2030-01-16 00:00:00;2029-12-15 00:00:00;2029-12-23 00:00:00
2029-12-11 00:00:00;SO192093;C0013;CL002;759;2030-01-08 00:00:00;2030-01-13 00:00:00;2029-12-15 00:00:00;2029-12-20 00:00:00
2029-12-11 00:00:00;SO887292;C0024;VS001;1040;2030-01-08 00:00:00;2030-01-09 00:00:00;2029-12-15 00:00:00;2029-12-16 00:00:00
2029-12-11 00:00:00;SO192093;C0013;AS002;1406;2030-01-08 00:00:00;2029-12-29 00:00:00;2029-12-15 00:00:00;2029-12-05 00:00:00
2029-12-11 00:00:00;SO192093;C0013;VS005;927;2030-01-08 00:00:00;2030-01-13 00:00:00;2029-12-15 00:00:00;2029-12-20 00:00:00
2029-12-11 00:00:00;SO887292;C0024;VS003;789;2030-01-08 00:00:00;2030-01-09 00:00:00;2029-12-15 00:00:00;2029-12-16 00:00:00
2029-12-11 00:00:00;SO887292;C0024;CT003;960;2030-01-08 00:00:00;2030-01-02 00:00:00;2029-12-15 00:00:00;2029-12-09 00:00:00
2029-12-11 00:00:00;SO192093;C0013;AT001;600;2030-01-08 00:00:00;2030-01-11 00:00:00;2029-12-15 00:00:00;2029-12-18 00:00:00
2029-12-11 00:00:00;SO887292;C0024;VS002;355;2030-01-08 00:00:00;2030-01-07 00:00:00;2029-12-15 00:00:00;2029-12-14 00:00:00
2029-12-11 00:00:00;SO192093;C0013;VS004;1432;2030-01-08 00:00:00;2030-01-07 00:00:00;2029-12-15 00:00:00;2029-12-14 00:00:00
2029-12-11 00:00:00;SO192093;C0013;CT003;440;2030-01-08 00:00:00;2030-01-01 00:00:00;2029-12-15 00:00:00;2029-12-08 00:00:00
2029-12-11 00:00:00;SO192093;C0013;AL002;1039;2030-01-08 00:00:00;2030-01-01 00:00:00;2029-12-15 00:00:00;2029-12-08 00:00:00
2029-12-11 00:00:00;SO192093;C0013;VS003;501;2030-01-08 00:00:00;2030-01-14 00:00:00;2029-12-15 00:00:00;2029-12-21 00:00:00
2029-12-11 00:00:00;SO192093;C0013;AS005;346;2030-01-08 00:00:00;2030-01-05 00:00:00;2029-12-15 00:00:00;2029-12-12 00:00:00
2029-12-11 00:00:00;SO192093;C0013;CS002;915;2030-01-08 00:00:00;2030-01-18 00:00:00;2029-12-15 00:00:00;2029-12-25 00:00:00
2029-12-12 00:00:00;SO514634;C0017;AL002;688;2030-02-06 00:00:00;2030-02-13 00:00:00;2029-12-16 00:00:00;2029-12-23 00:00:00
2029-12-12 00:00:00;SO982075;C0020;AL002;665;2030-02-06 00:00:00;2030-02-09 00:00:00;2029-12-16 00:00:00;2029-12-19 00:00:00
2029-12-12 00:00:00;SO944743;C0002;VS003;1003;2030-01-16 00:00:00;2030-01-15 00:00:00;2029-12-14 00:00:00;2029-12-13 00:00:00
2029-12-12 00:00:00;SO801739;C0018;CS004;1078;2030-02-13 00:00:00;2030-02-07 00:00:00;2029-12-16 00:00:00;2029-12-10 00:00:00
2029-12-12 00:00:00;SO944743;C0002;AL002;1005;2030-01-16 00:00:00;2030-01-16 00:00:00;2029-12-14 00:00:00;2029-12-14 00:00:00
2029-12-12 00:00:00;SO801739;C0018;AL001;483;2030-02-13 00:00:00;2030-02-13 00:00:00;2029-12-16 00:00:00;2029-12-16 00:00:00
2029-12-12 00:00:00;SO982075;C0020;VS004;1004;2030-02-06 00:00:00;2030-01-27 00:00:00;2029-12-16 00:00:00;2029-12-06 00:00:00
2029-12-12 00:00:00;SO801739;C0018;CT002;956;2030-02-13 00:00:00;2030-02-15 00:00:00;2029-12-16 00:00:00;2029-12-18 00:00:00
2029-12-12 00:00:00;SO944743;C0002;AS005;654;2030-01-16 00:00:00;2030-01-15 00:00:00;2029-12-14 00:00:00;2029-12-13 00:00:00
2029-12-12 00:00:00;SO944743;C0002;AT001;1167;2030-01-16 00:00:00;2030-01-14 00:00:00;2029-12-14 00:00:00;2029-12-12 00:00:00
2029-12-12 00:00:00;SO801739;C0018;VS005;756;2030-02-13 00:00:00;2030-02-10 00:00:00;2029-12-16 00:00:00;2029-12-13 00:00:00
2029-12-12 00:00:00;SO801739;C0018;CT001;410;2030-02-13 00:00:00;2030-02-22 00:00:00;2029-12-16 00:00:00;2029-12-25 00:00:00
2029-12-12 00:00:00;SO514634;C0017;VS001;529;2030-02-06 00:00:00;2030-02-13 00:00:00;2029-12-16 00:00:00;2029-12-23 00:00:00
2029-12-12 00:00:00;SO514634;C0017;VS002;759;2030-02-06 00:00:00;2030-02-08 00:00:00;2029-12-16 00:00:00;2029-12-18 00:00:00
2029-12-12 00:00:00;SO514634;C0017;AT001;378;2030-02-06 00:00:00;2030-02-01 00:00:00;2029-12-16 00:00:00;2029-12-11 00:00:00
2029-12-12 00:00:00;SO944743;C0002;VS005;697;2030-01-16 00:00:00;2030-01-21 00:00:00;2029-12-14 00:00:00;2029-12-19 00:00:00
2029-12-13 00:00:00;SO163185;C0028;CS004;432;2029-12-27 00:00:00;2029-12-18 00:00:00;2029-12-21 00:00:00;2029-12-12 00:00:00
2029-12-13 00:00:00;SO160527;C0025;CL002;511;2030-01-10 00:00:00;2030-01-09 00:00:00;2029-12-21 00:00:00;2029-12-20 00:00:00
2029-12-13 00:00:00;SO773965;C0024;CT003;429;2030-01-10 00:00:00;2030-01-13 00:00:00;2029-12-17 00:00:00;2029-12-20 00:00:00
2029-12-13 00:00:00;SO163185;C0028;AS005;1013;2029-12-27 00:00:00;2029-12-28 00:00:00;2029-12-21 00:00:00;2029-12-22 00:00:00
2029-12-13 00:00:00;SO163185;C0028;VS001;670;2029-12-27 00:00:00;2029-12-28 00:00:00;2029-12-21 00:00:00;2029-12-22 00:00:00
2029-12-13 00:00:00;SO163185;C0028;CS002;357;2029-12-27 00:00:00;2030-01-02 00:00:00;2029-12-21 00:00:00;2029-12-27 00:00:00
2029-12-13 00:00:00;SO160527;C0025;CT002;491;2030-01-10 00:00:00;2030-01-03 00:00:00;2029-12-21 00:00:00;2029-12-14 00:00:00
2029-12-13 00:00:00;SO160527;C0025;AS004;614;2030-01-10 00:00:00;2030-01-02 00:00:00;2029-12-21 00:00:00;2029-12-13 00:00:00
2029-12-13 00:00:00;SO160527;C0025;AL002;633;2030-01-10 00:00:00;2030-01-17 00:00:00;2029-12-21 00:00:00;2029-12-28 00:00:00
2029-12-13 00:00:00;SO163185;C0028;AL002;1133;2029-12-27 00:00:00;2029-12-31 00:00:00;2029-12-21 00:00:00;2029-12-25 00:00:00
2029-12-13 00:00:00;SO163185;C0028;CT003;908;2029-12-27 00:00:00;2029-12-27 00:00:00;2029-12-21 00:00:00;2029-12-21 00:00:00
2029-12-13 00:00:00;SO160527;C0025;VS004;328;2030-01-10 00:00:00;2030-01-17 00:00:00;2029-12-21 00:00:00;2029-12-28 00:00:00
2029-12-13 00:00:00;SO163185;C0028;AS002;728;2029-12-27 00:00:00;2029-12-28 00:00:00;2029-12-21 00:00:00;2029-12-22 00:00:00
2029-12-13 00:00:00;SO773965;C0024;CS002;1223;2030-01-10 00:00:00;2030-01-06 00:00:00;2029-12-17 00:00:00;2029-12-13 00:00:00
2029-12-13 00:00:00;SO163185;C0028;AL001;1067;2029-12-27 00:00:00;2030-01-06 00:00:00;2029-12-21 00:00:00;2029-12-31 00:00:00
2029-12-13 00:00:00;SO773965;C0024;CL002;868;2030-01-10 00:00:00;2030-01-12 00:00:00;2029-12-17 00:00:00;2029-12-19 00:00:00
2029-12-13 00:00:00;SO163185;C0028;VS004;300;2029-12-27 00:00:00;2030-01-02 00:00:00;2029-12-21 00:00:00;2029-12-27 00:00:00
2029-12-13 00:00:00;SO773965;C0024;AT002;884;2030-01-10 00:00:00;2030-01-19 00:00:00;2029-12-17 00:00:00;2029-12-26 00:00:00
2029-12-13 00:00:00;SO160527;C0025;VS002;961;2030-01-10 00:00:00;2030-01-16 00:00:00;2029-12-21 00:00:00;2029-12-27 00:00:00
2029-12-13 00:00:00;SO160527;C0025;AT002;1231;2030-01-10 00:00:00;2030-01-17 00:00:00;2029-12-21 00:00:00;2029-12-28 00:00:00
2029-12-14 00:00:00;SO807026;C0027;AL002;1070;2030-01-25 00:00:00;2030-01-25 00:00:00;2029-12-22 00:00:00;2029-12-22 00:00:00
2029-12-14 00:00:00;SO863348;C0014;AL002;1061;2030-01-18 00:00:00;2030-01-12 00:00:00;2029-12-18 00:00:00;2029-12-12 00:00:00
2029-12-14 00:00:00;SO650468;C0012;CL001;1089;2030-01-11 00:00:00;2030-01-05 00:00:00;2029-12-17 00:00:00;2029-12-11 00:00:00
2029-12-14 00:00:00;SO807026;C0027;AS004;985;2030-01-25 00:00:00;2030-01-17 00:00:00;2029-12-22 00:00:00;2029-12-14 00:00:00
2029-12-14 00:00:00;SO807026;C0027;AS002;1174;2030-01-25 00:00:00;2030-01-23 00:00:00;2029-12-22 00:00:00;2029-12-20 00:00:00
2029-12-14 00:00:00;SO807026;C0027;CT001;482;2030-01-25 00:00:00;2030-01-28 00:00:00;2029-12-22 00:00:00;2029-12-25 00:00:00
2029-12-14 00:00:00;SO807026;C0027;CL002;865;2030-01-25 00:00:00;2030-01-19 00:00:00;2029-12-22 00:00:00;2029-12-16 00:00:00
2029-12-14 00:00:00;SO807026;C0027;CT003;1082;2030-01-25 00:00:00;2030-01-16 00:00:00;2029-12-22 00:00:00;2029-12-13 00:00:00
2029-12-14 00:00:00;SO863348;C0014;CS002;1012;2030-01-18 00:00:00;2030-01-22 00:00:00;2029-12-18 00:00:00;2029-12-22 00:00:00
2029-12-14 00:00:00;SO863348;C0014;VS001;600;2030-01-18 00:00:00;2030-01-22 00:00:00;2029-12-18 00:00:00;2029-12-22 00:00:00
2029-12-14 00:00:00;SO807026;C0027;VS001;472;2030-01-25 00:00:00;2030-01-26 00:00:00;2029-12-22 00:00:00;2029-12-23 00:00:00
2029-12-14 00:00:00;SO863348;C0014;VS004;1182;2030-01-18 00:00:00;2030-01-08 00:00:00;2029-12-18 00:00:00;2029-12-08 00:00:00
2029-12-14 00:00:00;SO863348;C0014;VS005;1023;2030-01-18 00:00:00;2030-01-08 00:00:00;2029-12-18 00:00:00;2029-12-08 00:00:00
2029-12-14 00:00:00;SO650468;C0012;VS002;1164;2030-01-11 00:00:00;2030-01-21 00:00:00;2029-12-17 00:00:00;2029-12-27 00:00:00
2029-12-14 00:00:00;SO807026;C0027;VS005;410;2030-01-25 00:00:00;2030-01-24 00:00:00;2029-12-22 00:00:00;2029-12-21 00:00:00
2029-12-17 00:00:00;SO413084;C0026;CT003;627;2030-01-21 00:00:00;2030-01-31 00:00:00;2029-12-25 00:00:00;2030-01-04 00:00:00
2029-12-17 00:00:00;SO789777;C0021;AT001;952;2029-12-31 00:00:00;2030-01-05 00:00:00;2029-12-21 00:00:00;2029-12-26 00:00:00
2029-12-17 00:00:00;SO413084;C0026;CS002;612;2030-01-21 00:00:00;2030-01-13 00:00:00;2029-12-25 00:00:00;2029-12-17 00:00:00
2029-12-17 00:00:00;SO789777;C0021;AL001;1211;2029-12-31 00:00:00;2030-01-05 00:00:00;2029-12-21 00:00:00;2029-12-26 00:00:00
2029-12-17 00:00:00;SO789777;C0021;VS004;802;2029-12-31 00:00:00;2030-01-03 00:00:00;2029-12-21 00:00:00;2029-12-24 00:00:00
2029-12-17 00:00:00;SO789777;C0021;CS004;1198;2029-12-31 00:00:00;2030-01-10 00:00:00;2029-12-21 00:00:00;2029-12-31 00:00:00
2029-12-17 00:00:00;SO413084;C0026;CL002;583;2030-01-21 00:00:00;2030-01-28 00:00:00;2029-12-25 00:00:00;2030-01-01 00:00:00
2029-12-17 00:00:00;SO413084;C0026;CS004;1057;2030-01-21 00:00:00;2030-01-18 00:00:00;2029-12-25 00:00:00;2029-12-22 00:00:00
2029-12-17 00:00:00;SO789777;C0021;VS002;1101;2029-12-31 00:00:00;2029-12-24 00:00:00;2029-12-21 00:00:00;2029-12-14 00:00:00
2029-12-17 00:00:00;SO789777;C0021;CL002;929;2029-12-31 00:00:00;2029-12-31 00:00:00;2029-12-21 00:00:00;2029-12-21 00:00:00
2029-12-17 00:00:00;SO789777;C0021;AT002;833;2029-12-31 00:00:00;2030-01-01 00:00:00;2029-12-21 00:00:00;2029-12-22 00:00:00
2029-12-17 00:00:00;SO413084;C0026;VS003;1186;2030-01-21 00:00:00;2030-01-28 00:00:00;2029-12-25 00:00:00;2030-01-01 00:00:00
2029-12-18 00:00:00;SO487420;C0016;AL002;697;2030-01-01 00:00:00;2029-12-28 00:00:00;2029-12-22 00:00:00;2029-12-18 00:00:00
2029-12-18 00:00:00;SO662891;C0017;CL002;564;2030-02-12 00:00:00;2030-02-09 00:00:00;2029-12-22 00:00:00;2029-12-19 00:00:00
2029-12-18 00:00:00;SO387781;C0023;AT002;600;2030-01-22 00:00:00;2030-01-25 00:00:00;2029-12-22 00:00:00;2029-12-25 00:00:00
2029-12-18 00:00:00;SO487420;C0016;VS004;1230;2030-01-01 00:00:00;2030-01-04 00:00:00;2029-12-22 00:00:00;2029-12-25 00:00:00
2029-12-18 00:00:00;SO487420;C0016;AS005;799;2030-01-01 00:00:00;2029-12-30 00:00:00;2029-12-22 00:00:00;2029-12-20 00:00:00
2029-12-18 00:00:00;SO662891;C0017;AT001;843;2030-02-12 00:00:00;2030-02-12 00:00:00;2029-12-22 00:00:00;2029-12-22 00:00:00
2029-12-18 00:00:00;SO487420;C0016;CL001;599;2030-01-01 00:00:00;2030-01-02 00:00:00;2029-12-22 00:00:00;2029-12-23 00:00:00
2029-12-18 00:00:00;SO387781;C0023;AL002;1101;2030-01-22 00:00:00;2030-01-20 00:00:00;2029-12-22 00:00:00;2029-12-20 00:00:00
2029-12-18 00:00:00;SO662891;C0017;CS004;507;2030-02-12 00:00:00;2030-02-19 00:00:00;2029-12-22 00:00:00;2029-12-29 00:00:00
2029-12-18 00:00:00;SO387781;C0023;CS004;1104;2030-01-22 00:00:00;2030-01-25 00:00:00;2029-12-22 00:00:00;2029-12-25 00:00:00
2029-12-18 00:00:00;SO487420;C0016;AT002;1380;2030-01-01 00:00:00;2030-01-11 00:00:00;2029-12-22 00:00:00;2030-01-01 00:00:00
2029-12-18 00:00:00;SO487420;C0016;VS005;630;2030-01-01 00:00:00;2030-01-10 00:00:00;2029-12-22 00:00:00;2029-12-31 00:00:00
2029-12-18 00:00:00;SO387781;C0023;VS003;549;2030-01-22 00:00:00;2030-01-20 00:00:00;2029-12-22 00:00:00;2029-12-20 00:00:00
2029-12-18 00:00:00;SO387781;C0023;CL002;826;2030-01-22 00:00:00;2030-01-26 00:00:00;2029-12-22 00:00:00;2029-12-26 00:00:00
2029-12-18 00:00:00;SO487420;C0016;CL002;499;2030-01-01 00:00:00;2030-01-06 00:00:00;2029-12-22 00:00:00;2029-12-27 00:00:00
2029-12-18 00:00:00;SO662891;C0017;CL001;561;2030-02-12 00:00:00;2030-02-11 00:00:00;2029-12-22 00:00:00;2029-12-21 00:00:00
2029-12-18 00:00:00;SO487420;C0016;CT002;939;2030-01-01 00:00:00;2029-12-25 00:00:00;2029-12-22 00:00:00;2029-12-15 00:00:00
2029-12-18 00:00:00;SO662891;C0017;VS001;1405;2030-02-12 00:00:00;2030-02-07 00:00:00;2029-12-22 00:00:00;2029-12-17 00:00:00
2029-12-19 00:00:00;SO696238;C0017;CT002;738;2030-02-13 00:00:00;2030-02-21 00:00:00;2029-12-23 00:00:00;2029-12-31 00:00:00
2029-12-19 00:00:00;SO705807;C0010;AL001;1067;2030-01-30 00:00:00;2030-02-07 00:00:00;2029-12-22 00:00:00;2029-12-30 00:00:00
2029-12-19 00:00:00;SO392977;C0013;CT002;1118;2030-01-16 00:00:00;2030-01-17 00:00:00;2029-12-23 00:00:00;2029-12-24 00:00:00
2029-12-19 00:00:00;SO696238;C0017;AS005;532;2030-02-13 00:00:00;2030-02-16 00:00:00;2029-12-23 00:00:00;2029-12-26 00:00:00
2029-12-19 00:00:00;SO392977;C0013;AS005;813;2030-01-16 00:00:00;2030-01-25 00:00:00;2029-12-23 00:00:00;2030-01-01 00:00:00
2029-12-19 00:00:00;SO392977;C0013;CS002;423;2030-01-16 00:00:00;2030-01-18 00:00:00;2029-12-23 00:00:00;2029-12-25 00:00:00
2029-12-19 00:00:00;SO696238;C0017;CT001;458;2030-02-13 00:00:00;2030-02-08 00:00:00;2029-12-23 00:00:00;2029-12-18 00:00:00
2029-12-19 00:00:00;SO705807;C0010;VS004;655;2030-01-30 00:00:00;2030-01-22 00:00:00;2029-12-22 00:00:00;2029-12-14 00:00:00
2029-12-19 00:00:00;SO696238;C0017;VS001;817;2030-02-13 00:00:00;2030-02-05 00:00:00;2029-12-23 00:00:00;2029-12-15 00:00:00
2029-12-19 00:00:00;SO696238;C0017;AS002;1175;2030-02-13 00:00:00;2030-02-07 00:00:00;2029-12-23 00:00:00;2029-12-17 00:00:00
2029-12-19 00:00:00;SO392977;C0013;AT002;573;2030-01-16 00:00:00;2030-01-26 00:00:00;2029-12-23 00:00:00;2030-01-02 00:00:00
2029-12-19 00:00:00;SO705807;C0010;AT002;980;2030-01-30 00:00:00;2030-01-21 00:00:00;2029-12-22 00:00:00;2029-12-13 00:00:00
2029-12-19 00:00:00;SO705807;C0010;AS005;748;2030-01-30 00:00:00;2030-01-31 00:00:00;2029-12-22 00:00:00;2029-12-23 00:00:00
2029-12-19 00:00:00;SO392977;C0013;VS002;611;2030-01-16 00:00:00;2030-01-23 00:00:00;2029-12-23 00:00:00;2029-12-30 00:00:00
2029-12-19 00:00:00;SO705807;C0010;CT001;1062;2030-01-30 00:00:00;2030-01-26 00:00:00;2029-12-22 00:00:00;2029-12-18 00:00:00
2029-12-19 00:00:00;SO696238;C0017;CT003;472;2030-02-13 00:00:00;2030-02-08 00:00:00;2029-12-23 00:00:00;2029-12-18 00:00:00
2029-12-20 00:00:00;SO234980;C0004;AS004;696;2030-01-03 00:00:00;2030-01-04 00:00:00;2029-12-22 00:00:00;2029-12-23 00:00:00
2029-12-20 00:00:00;SO923048;C0006;AL002;1370;2030-02-21 00:00:00;2030-03-03 00:00:00;2029-12-22 00:00:00;2030-01-01 00:00:00
2029-12-20 00:00:00;SO270647;C0003;AL001;1151;2030-01-31 00:00:00;2030-01-28 00:00:00;2029-12-22 00:00:00;2029-12-19 00:00:00
2029-12-20 00:00:00;SO491170;C0024;AT002;630;2030-01-17 00:00:00;2030-01-23 00:00:00;2029-12-24 00:00:00;2029-12-30 00:00:00
2029-12-20 00:00:00;SO491170;C0024;AS005;429;2030-01-17 00:00:00;2030-01-22 00:00:00;2029-12-24 00:00:00;2029-12-29 00:00:00
2029-12-20 00:00:00;SO270647;C0003;CS002;1242;2030-01-31 00:00:00;2030-01-28 00:00:00;2029-12-22 00:00:00;2029-12-19 00:00:00
2029-12-20 00:00:00;SO923048;C0006;CT003;1155;2030-02-21 00:00:00;2030-02-27 00:00:00;2029-12-22 00:00:00;2029-12-28 00:00:00
2029-12-20 00:00:00;SO270647;C0003;CT003;1230;2030-01-31 00:00:00;2030-02-08 00:00:00;2029-12-22 00:00:00;2029-12-30 00:00:00
2029-12-20 00:00:00;SO234980;C0004;CL001;1343;2030-01-03 00:00:00;2029-12-27 00:00:00;2029-12-22 00:00:00;2029-12-15 00:00:00
2029-12-20 00:00:00;SO923048;C0006;VS003;552;2030-02-21 00:00:00;2030-02-25 00:00:00;2029-12-22 00:00:00;2029-12-26 00:00:00
2029-12-20 00:00:00;SO234980;C0004;AT001;812;2030-01-03 00:00:00;2030-01-03 00:00:00;2029-12-22 00:00:00;2029-12-22 00:00:00
2029-12-20 00:00:00;SO234980;C0004;AS002;665;2030-01-03 00:00:00;2030-01-10 00:00:00;2029-12-22 00:00:00;2029-12-29 00:00:00
2029-12-20 00:00:00;SO270647;C0003;AL002;750;2030-01-31 00:00:00;2030-02-01 00:00:00;2029-12-22 00:00:00;2029-12-23 00:00:00
2029-12-20 00:00:00;SO491170;C0024;VS003;1316;2030-01-17 00:00:00;2030-01-14 00:00:00;2029-12-24 00:00:00;2029-12-21 00:00:00
2029-12-20 00:00:00;SO270647;C0003;VS003;1144;2030-01-31 00:00:00;2030-01-31 00:00:00;2029-12-22 00:00:00;2029-12-22 00:00:00
2029-12-20 00:00:00;SO270647;C0003;AS002;1171;2030-01-31 00:00:00;2030-02-06 00:00:00;2029-12-22 00:00:00;2029-12-28 00:00:00
2029-12-21 00:00:00;SO550836;C0002;CT001;841;2030-01-25 00:00:00;2030-01-20 00:00:00;2029-12-23 00:00:00;2029-12-18 00:00:00
2029-12-21 00:00:00;SO764070;C0010;CS002;754;2030-02-01 00:00:00;2030-01-25 00:00:00;2029-12-24 00:00:00;2029-12-17 00:00:00
2029-12-21 00:00:00;SO720887;C0030;AS002;943;2030-02-22 00:00:00;2030-03-02 00:00:00;2029-12-29 00:00:00;2030-01-06 00:00:00
2029-12-21 00:00:00;SO469444;C0009;VS003;405;2030-01-04 00:00:00;2030-01-02 00:00:00;2029-12-24 00:00:00;2029-12-22 00:00:00
2029-12-21 00:00:00;SO469444;C0009;CL001;978;2030-01-04 00:00:00;2029-12-25 00:00:00;2029-12-24 00:00:00;2029-12-14 00:00:00
2029-12-21 00:00:00;SO469444;C0009;AT001;821;2030-01-04 00:00:00;2030-01-10 00:00:00;2029-12-24 00:00:00;2029-12-30 00:00:00
2029-12-21 00:00:00;SO469444;C0009;CT002;766;2030-01-04 00:00:00;2030-01-11 00:00:00;2029-12-24 00:00:00;2029-12-31 00:00:00
2029-12-21 00:00:00;SO469444;C0009;CL002;923;2030-01-04 00:00:00;2030-01-05 00:00:00;2029-12-24 00:00:00;2029-12-25 00:00:00
2029-12-21 00:00:00;SO720887;C0030;AS004;834;2030-02-22 00:00:00;2030-02-25 00:00:00;2029-12-29 00:00:00;2030-01-01 00:00:00
2029-12-21 00:00:00;SO720887;C0030;CT002;1055;2030-02-22 00:00:00;2030-02-16 00:00:00;2029-12-29 00:00:00;2029-12-23 00:00:00
2029-12-21 00:00:00;SO469444;C0009;AS004;354;2030-01-04 00:00:00;2030-01-02 00:00:00;2029-12-24 00:00:00;2029-12-22 00:00:00
2029-12-21 00:00:00;SO469444;C0009;CS002;650;2030-01-04 00:00:00;2030-01-05 00:00:00;2029-12-24 00:00:00;2029-12-25 00:00:00
2029-12-21 00:00:00;SO469444;C0009;VS004;906;2030-01-04 00:00:00;2030-01-12 00:00:00;2029-12-24 00:00:00;2030-01-01 00:00:00
2029-12-21 00:00:00;SO764070;C0010;AS004;886;2030-02-01 00:00:00;2030-02-02 00:00:00;2029-12-24 00:00:00;2029-12-25 00:00:00
2029-12-21 00:00:00;SO720887;C0030;AT001;1207;2030-02-22 00:00:00;2030-03-01 00:00:00;2029-12-29 00:00:00;2030-01-05 00:00:00
2029-12-21 00:00:00;SO550836;C0002;VS001;1187;2030-01-25 00:00:00;2030-02-03 00:00:00;2029-12-23 00:00:00;2030-01-01 00:00:00
2029-12-21 00:00:00;SO764070;C0010;CS004;382;2030-02-01 00:00:00;2030-01-27 00:00:00;2029-12-24 00:00:00;2029-12-19 00:00:00
2029-12-21 00:00:00;SO469444;C0009;VS001;560;2030-01-04 00:00:00;2030-01-02 00:00:00;2029-12-24 00:00:00;2029-12-22 00:00:00
2029-12-21 00:00:00;SO469444;C0009;CS004;1036;2030-01-04 00:00:00;2030-01-09 00:00:00;2029-12-24 00:00:00;2029-12-29 00:00:00
2029-12-24 00:00:00;SO867713;C0021;VS005;739;2030-01-07 00:00:00;2030-01-04 00:00:00;2029-12-28 00:00:00;2029-12-25 00:00:00
2029-12-24 00:00:00;SO401310;C0005;AL001;1017;2030-02-18 00:00:00;2030-02-27 00:00:00;2029-12-26 00:00:00;2030-01-04 00:00:00
2029-12-24 00:00:00;SO258899;C0018;AL002;864;2030-02-25 00:00:00;2030-02-16 00:00:00;2029-12-28 00:00:00;2029-12-19 00:00:00
2029-12-24 00:00:00;SO401310;C0005;AT001;1280;2030-02-18 00:00:00;2030-02-19 00:00:00;2029-12-26 00:00:00;2029-12-27 00:00:00
2029-12-24 00:00:00;SO867713;C0021;AT002;1128;2030-01-07 00:00:00;2029-12-31 00:00:00;2029-12-28 00:00:00;2029-12-21 00:00:00
2029-12-24 00:00:00;SO258899;C0018;CT002;1440;2030-02-25 00:00:00;2030-02-18 00:00:00;2029-12-28 00:00:00;2029-12-21 00:00:00
2029-12-24 00:00:00;SO401310;C0005;VS003;938;2030-02-18 00:00:00;2030-02-16 00:00:00;2029-12-26 00:00:00;2029-12-24 00:00:00
2029-12-24 00:00:00;SO258899;C0018;AS005;871;2030-02-25 00:00:00;2030-02-25 00:00:00;2029-12-28 00:00:00;2029-12-28 00:00:00
2029-12-24 00:00:00;SO258899;C0018;CT001;355;2030-02-25 00:00:00;2030-02-16 00:00:00;2029-12-28 00:00:00;2029-12-19 00:00:00
2029-12-24 00:00:00;SO867713;C0021;VS003;991;2030-01-07 00:00:00;2030-01-03 00:00:00;2029-12-28 00:00:00;2029-12-24 00:00:00
2029-12-24 00:00:00;SO258899;C0018;VS003;561;2030-02-25 00:00:00;2030-02-26 00:00:00;2029-12-28 00:00:00;2029-12-29 00:00:00
2029-12-24 00:00:00;SO401310;C0005;CL001;345;2030-02-18 00:00:00;2030-02-10 00:00:00;2029-12-26 00:00:00;2029-12-18 00:00:00
2029-12-24 00:00:00;SO867713;C0021;VS004;471;2030-01-07 00:00:00;2030-01-14 00:00:00;2029-12-28 00:00:00;2030-01-04 00:00:00
2029-12-24 00:00:00;SO867713;C0021;AL002;420;2030-01-07 00:00:00;2030-01-07 00:00:00;2029-12-28 00:00:00;2029-12-28 00:00:00
2029-12-24 00:00:00;SO867713;C0021;CL001;1118;2030-01-07 00:00:00;2030-01-11 00:00:00;2029-12-28 00:00:00;2030-01-01 00:00:00
2029-12-25 00:00:00;SO416797;C0024;AT002;961;2030-01-22 00:00:00;2030-01-30 00:00:00;2029-12-29 00:00:00;2030-01-06 00:00:00
2029-12-25 00:00:00;SO233095;C0022;CT003;1370;2030-02-05 00:00:00;2030-02-08 00:00:00;2029-12-29 00:00:00;2030-01-01 00:00:00
2029-12-25 00:00:00;SO767986;C0023;AL002;1083;2030-01-29 00:00:00;2030-01-28 00:00:00;2029-12-29 00:00:00;2029-12-28 00:00:00
2029-12-25 00:00:00;SO302860;C0021;AL001;534;2030-01-08 00:00:00;2030-01-02 00:00:00;2029-12-29 00:00:00;2029-12-23 00:00:00
2029-12-25 00:00:00;SO767986;C0023;CS002;859;2030-01-29 00:00:00;2030-02-05 00:00:00;2029-12-29 00:00:00;2030-01-05 00:00:00
2029-12-25 00:00:00;SO767986;C0023;CT003;770;2030-01-29 00:00:00;2030-01-28 00:00:00;2029-12-29 00:00:00;2029-12-28 00:00:00
2029-12-25 00:00:00;SO302860;C0021;CT002;1063;2030-01-08 00:00:00;2030-01-04 00:00:00;2029-12-29 00:00:00;2029-12-25 00:00:00
2029-12-25 00:00:00;SO767986;C0023;VS005;1565;2030-01-29 00:00:00;2030-01-28 00:00:00;2029-12-29 00:00:00;2029-12-28 00:00:00
2029-12-25 00:00:00;SO302860;C0021;CL001;964;2030-01-08 00:00:00;2030-01-12 00:00:00;2029-12-29 00:00:00;2030-01-02 00:00:00
2029-12-25 00:00:00;SO233095;C0022;AL001;467;2030-02-05 00:00:00;2030-02-05 00:00:00;2029-12-29 00:00:00;2029-12-29 00:00:00
2029-12-25 00:00:00;SO302860;C0021;VS004;416;2030-01-08 00:00:00;2030-01-17 00:00:00;2029-12-29 00:00:00;2030-01-07 00:00:00
2029-12-25 00:00:00;SO416797;C0024;CS002;790;2030-01-22 00:00:00;2030-01-20 00:00:00;2029-12-29 00:00:00;2029-12-27 00:00:00
2029-12-25 00:00:00;SO302860;C0021;CS002;1034;2030-01-08 00:00:00;2030-01-11 00:00:00;2029-12-29 00:00:00;2030-01-01 00:00:00
2029-12-25 00:00:00;SO767986;C0023;AL001;875;2030-01-29 00:00:00;2030-01-24 00:00:00;2029-12-29 00:00:00;2029-12-24 00:00:00
2029-12-25 00:00:00;SO302860;C0021;VS001;1062;2030-01-08 00:00:00;2030-01-12 00:00:00;2029-12-29 00:00:00;2030-01-02 00:00:00
2029-12-25 00:00:00;SO416797;C0024;CL001;847;2030-01-22 00:00:00;2030-01-30 00:00:00;2029-12-29 00:00:00;2030-01-06 00:00:00
2029-12-25 00:00:00;SO233095;C0022;AS005;493;2030-02-05 00:00:00;2030-01-26 00:00:00;2029-12-29 00:00:00;2029-12-19 00:00:00
2029-12-26 00:00:00;SO925906;C0011;AS004;339;2030-01-30 00:00:00;2030-02-08 00:00:00;2029-12-29 00:00:00;2030-01-07 00:00:00
2029-12-26 00:00:00;SO241196;C0012;CT002;985;2030-01-23 00:00:00;2030-01-26 00:00:00;2029-12-29 00:00:00;2030-01-01 00:00:00
2029-12-26 00:00:00;SO705438;C0021;VS004;406;2030-01-09 00:00:00;2030-01-15 00:00:00;2029-12-30 00:00:00;2030-01-05 00:00:00
2029-12-26 00:00:00;SO925906;C0011;CL002;688;2030-01-30 00:00:00;2030-01-20 00:00:00;2029-12-29 00:00:00;2029-12-19 00:00:00
2029-12-26 00:00:00;SO925906;C0011;AS002;1061;2030-01-30 00:00:00;2030-02-01 00:00:00;2029-12-29 00:00:00;2029-12-31 00:00:00
2029-12-26 00:00:00;SO705438;C0021;AT001;537;2030-01-09 00:00:00;2030-01-10 00:00:00;2029-12-30 00:00:00;2029-12-31 00:00:00
2029-12-26 00:00:00;SO925906;C0011;AL002;521;2030-01-30 00:00:00;2030-01-27 00:00:00;2029-12-29 00:00:00;2029-12-26 00:00:00
2029-12-26 00:00:00;SO925906;C0011;VS001;460;2030-01-30 00:00:00;2030-02-08 00:00:00;2029-12-29 00:00:00;2030-01-07 00:00:00
2029-12-26 00:00:00;SO241196;C0012;VS002;677;2030-01-23 00:00:00;2030-02-02 00:00:00;2029-12-29 00:00:00;2030-01-08 00:00:00
2029-12-26 00:00:00;SO705438;C0021;VS001;345;2030-01-09 00:00:00;2030-01-03 00:00:00;2029-12-30 00:00:00;2029-12-24 00:00:00
2029-12-26 00:00:00;SO705438;C0021;AS002;764;2030-01-09 00:00:00;2030-01-13 00:00:00;2029-12-30 00:00:00;2030-01-03 00:00:00
2029-12-26 00:00:00;SO925906;C0011;VS005;945;2030-01-30 00:00:00;2030-02-09 00:00:00;2029-12-29 00:00:00;2030-01-08 00:00:00
2029-12-26 00:00:00;SO705438;C0021;CS004;1048;2030-01-09 00:00:00;2030-01-09 00:00:00;2029-12-30 00:00:00;2029-12-30 00:00:00
2029-12-26 00:00:00;SO925906;C0011;CL001;929;2030-01-30 00:00:00;2030-01-20 00:00:00;2029-12-29 00:00:00;2029-12-19 00:00:00
2029-12-26 00:00:00;SO705438;C0021;VS003;1358;2030-01-09 00:00:00;2030-01-01 00:00:00;2029-12-30 00:00:00;2029-12-22 00:00:00
2029-12-26 00:00:00;SO241196;C0012;CL001;1091;2030-01-23 00:00:00;2030-01-19 00:00:00;2029-12-29 00:00:00;2029-12-25 00:00:00
2029-12-27 00:00:00;SO960210;C0012;CT003;526;2030-01-24 00:00:00;2030-01-15 00:00:00;2029-12-30 00:00:00;2029-12-21 00:00:00
2029-12-27 00:00:00;SO408461;C0011;CT001;828;2030-01-31 00:00:00;2030-01-29 00:00:00;2029-12-30 00:00:00;2029-12-28 00:00:00
2029-12-27 00:00:00;SO123492;C0013;VS004;728;2030-01-24 00:00:00;2030-01-22 00:00:00;2029-12-31 00:00:00;2029-12-29 00:00:00
2029-12-27 00:00:00;SO311598;C0007;AL001;1133;2030-02-28 00:00:00;2030-02-25 00:00:00;2029-12-30 00:00:00;2029-12-27 00:00:00
2029-12-27 00:00:00;SO311598;C0007;CL001;713;2030-02-28 00:00:00;2030-03-03 00:00:00;2029-12-30 00:00:00;2030-01-02 00:00:00
2029-12-27 00:00:00;SO311598;C0007;CS002;1237;2030-02-28 00:00:00;2030-02-24 00:00:00;2029-12-30 00:00:00;2029-12-26 00:00:00
2029-12-27 00:00:00;SO311598;C0007;AL002;572;2030-02-28 00:00:00;2030-03-02 00:00:00;2029-12-30 00:00:00;2030-01-01 00:00:00
2029-12-27 00:00:00;SO123492;C0013;VS001;755;2030-01-24 00:00:00;2030-01-14 00:00:00;2029-12-31 00:00:00;2029-12-21 00:00:00
2029-12-27 00:00:00;SO123492;C0013;AS002;1034;2030-01-24 00:00:00;2030-02-02 00:00:00;2029-12-31 00:00:00;2030-01-09 00:00:00
2029-12-27 00:00:00;SO960210;C0012;VS002;1330;2030-01-24 00:00:00;2030-01-17 00:00:00;2029-12-30 00:00:00;2029-12-23 00:00:00
2029-12-27 00:00:00;SO408461;C0011;VS005;1265;2030-01-31 00:00:00;2030-01-22 00:00:00;2029-12-30 00:00:00;2029-12-21 00:00:00
2029-12-27 00:00:00;SO960210;C0012;AT002;497;2030-01-24 00:00:00;2030-01-17 00:00:00;2029-12-30 00:00:00;2029-12-23 00:00:00
2029-12-27 00:00:00;SO408461;C0011;CT002;738;2030-01-31 00:00:00;2030-02-04 00:00:00;2029-12-30 00:00:00;2030-01-03 00:00:00
2029-12-27 00:00:00;SO311598;C0007;CL002;770;2030-02-28 00:00:00;2030-03-03 00:00:00;2029-12-30 00:00:00;2030-01-02 00:00:00
2029-12-28 00:00:00;SO261593;C0004;CS004;680;2030-01-11 00:00:00;2030-01-06 00:00:00;2029-12-30 00:00:00;2029-12-25 00:00:00
2029-12-28 00:00:00;SO869618;C0013;VS002;338;2030-01-25 00:00:00;2030-01-31 00:00:00;2030-01-01 00:00:00;2030-01-07 00:00:00
2029-12-28 00:00:00;SO870496;C0027;VS004;1019;2030-02-08 00:00:00;2030-02-09 00:00:00;2030-01-05 00:00:00;2030-01-06 00:00:00
2029-12-28 00:00:00;SO870496;C0027;VS005;1229;2030-02-08 00:00:00;2030-02-10 00:00:00;2030-01-05 00:00:00;2030-01-07 00:00:00
2029-12-28 00:00:00;SO870496;C0027;VS002;1032;2030-02-08 00:00:00;2030-01-31 00:00:00;2030-01-05 00:00:00;2029-12-28 00:00:00
2029-12-28 00:00:00;SO261593;C0004;CS002;353;2030-01-11 00:00:00;2030-01-11 00:00:00;2029-12-30 00:00:00;2029-12-30 00:00:00
2029-12-28 00:00:00;SO869618;C0013;CL002;596;2030-01-25 00:00:00;2030-01-25 00:00:00;2030-01-01 00:00:00;2030-01-01 00:00:00
2029-12-28 00:00:00;SO870496;C0027;AL001;965;2030-02-08 00:00:00;2030-02-14 00:00:00;2030-01-05 00:00:00;2030-01-11 00:00:00
2029-12-28 00:00:00;SO869618;C0013;CS002;346;2030-01-25 00:00:00;2030-01-20 00:00:00;2030-01-01 00:00:00;2029-12-27 00:00:00
2029-12-28 00:00:00;SO869618;C0013;AS005;782;2030-01-25 00:00:00;2030-01-29 00:00:00;2030-01-01 00:00:00;2030-01-05 00:00:00
2029-12-28 00:00:00;SO261593;C0004;VS005;674;2030-01-11 00:00:00;2030-01-15 00:00:00;2029-12-30 00:00:00;2030-01-03 00:00:00
2029-12-28 00:00:00;SO261593;C0004;CT001;421;2030-01-11 00:00:00;2030-01-12 00:00:00;2029-12-30 00:00:00;2029-12-31 00:00:00
2029-12-28 00:00:00;SO869618;C0013;AL002;899;2030-01-25 00:00:00;2030-01-30 00:00:00;2030-01-01 00:00:00;2030-01-06 00:00:00
2029-12-28 00:00:00;SO869618;C0013;CT001;450;2030-01-25 00:00:00;2030-01-29 00:00:00;2030-01-01 00:00:00;2030-01-05 00:00:00
2029-12-28 00:00:00;SO261593;C0004;AS004;1070;2030-01-11 00:00:00;2030-01-10 00:00:00;2029-12-30 00:00:00;2029-12-29 00:00:00
2029-12-28 00:00:00;SO869618;C0013;CS004;1019;2030-01-25 00:00:00;2030-01-26 00:00:00;2030-01-01 00:00:00;2030-01-02 00:00:00
2029-12-31 00:00:00;SO484596;C0014;VS003;458;2030-02-04 00:00:00;2030-01-30 00:00:00;2030-01-04 00:00:00;2029-12-30 00:00:00
2029-12-31 00:00:00;SO879156;C0012;VS005;1201;2030-01-28 00:00:00;2030-02-07 00:00:00;2030-01-03 00:00:00;2030-01-13 00:00:00
2029-12-31 00:00:00;SO732434;C0018;CT003;657;2030-03-04 00:00:00;2030-02-28 00:00:00;2030-01-04 00:00:00;2029-12-31 00:00:00
2029-12-31 00:00:00;SO879156;C0012;CS004;1148;2030-01-28 00:00:00;2030-01-29 00:00:00;2030-01-03 00:00:00;2030-01-04 00:00:00
2029-12-31 00:00:00;SO484596;C0014;VS002;435;2030-02-04 00:00:00;2030-02-06 00:00:00;2030-01-04 00:00:00;2030-01-06 00:00:00
2029-12-31 00:00:00;SO879156;C0012;CL002;1000;2030-01-28 00:00:00;2030-01-26 00:00:00;2030-01-03 00:00:00;2030-01-01 00:00:00
2029-12-31 00:00:00;SO732434;C0018;VS002;367;2030-03-04 00:00:00;2030-02-23 00:00:00;2030-01-04 00:00:00;2029-12-26 00:00:00
2029-12-31 00:00:00;SO732434;C0018;VS004;437;2030-03-04 00:00:00;2030-03-13 00:00:00;2030-01-04 00:00:00;2030-01-13 00:00:00
2029-12-31 00:00:00;SO879156;C0012;VS001;1121;2030-01-28 00:00:00;2030-02-02 00:00:00;2030-01-03 00:00:00;2030-01-08 00:00:00
2029-12-31 00:00:00;SO879156;C0012;AT002;1275;2030-01-28 00:00:00;2030-01-28 00:00:00;2030-01-03 00:00:00;2030-01-03 00:00:00
2029-12-31 00:00:00;SO484596;C0014;AT001;946;2030-02-04 00:00:00;2030-01-26 00:00:00;2030-01-04 00:00:00;2029-12-26 00:00:00
2029-12-31 00:00:00;SO732434;C0018;AS002;724;2030-03-04 00:00:00;2030-02-27 00:00:00;2030-01-04 00:00:00;2029-12-30 00:00:00
2029-12-31 00:00:00;SO732434;C0018;CT001;725;2030-03-04 00:00:00;2030-03-02 00:00:00;2030-01-04 00:00:00;2030-01-02 00:00:00
2029-12-31 00:00:00;SO879156;C0012;VS003;1004;2030-01-28 00:00:00;2030-01-19 00:00:00;2030-01-03 00:00:00;2029-12-25 00:00:00
2029-12-31 00:00:00;SO732434;C0018;AS004;974;2030-03-04 00:00:00;2030-03-11 00:00:00;2030-01-04 00:00:00;2030-01-11 00:00:00
2029-12-31 00:00:00;SO732434;C0018;VS005;720;2030-03-04 00:00:00;2030-03-01 00:00:00;2030-01-04 00:00:00;2030-01-01 00:00:00
