Data;Ordem de Venda;Cliente ID;Produto SKU;Qtde;Vencimento;Pagamento;Previsão de Entrega;Entrega Efetiva
2026-01-01 00:00:00;SO193585;C0024;CT002;601;2026-01-29 00:00:00;2026-01-27 00:00:00;2026-01-05 00:00:00;2026-01-03 00:00:00
2026-01-01 00:00:00;SO389955;C0003;AL001;807;2026-02-12 00:00:00;2026-02-18 00:00:00;2026-01-03 00:00:00;2026-01-09 00:00:00
2026-01-01 00:00:00;SO423283;C0002;VS004;440;2026-02-05 00:00:00;2026-02-11 00:00:00;2026-01-03 00:00:00;2026-01-09 00:00:00
2026-01-01 00:00:00;SO389955;C0003;CS004;1114;2026-02-12 00:00:00;2026-02-09 00:00:00;2026-01-03 00:00:00;2025-12-31 00:00:00
2026-01-01 00:00:00;SO423283;C0002;AS004;1210;2026-02-05 00:00:00;2026-02-13 00:00:00;2026-01-03 00:00:00;2026-01-11 00:00:00
2026-01-01 00:00:00;SO423283;C0002;VS001;784;2026-02-05 00:00:00;2026-01-27 00:00:00;2026-01-03 00:00:00;2025-12-25 00:00:00
2026-01-01 00:00:00;SO389955;C0003;CL002;1386;2026-02-12 00:00:00;2026-02-19 00:00:00;2026-01-03 00:00:00;2026-01-10 00:00:00
2026-01-01 00:00:00;SO193585;C0024;CS001;613;2026-01-29 00:00:00;2026-02-06 00:00:00;2026-01-05 00:00:00;2026-01-13 00:00:00
2026-01-01 00:00:00;SO423283;C0002;VS005;831;2026-02-05 00:00:00;2026-02-10 00:00:00;2026-01-03 00:00:00;2026-01-08 00:00:00
2026-01-01 00:00:00;SO423283;C0002;CL002;1098;2026-02-05 00:00:00;2026-01-29 00:00:00;2026-01-03 00:00:00;2025-12-27 00:00:00
2026-01-01 00:00:00;SO389955;C0003;CT001;419;2026-02-12 00:00:00;2026-02-09 00:00:00;2026-01-03 00:00:00;2025-12-31 00:00:00
2026-01-01 00:00:00;SO193585;C0024;AS004;911;2026-01-29 00:00:00;2026-01-24 00:00:00;2026-01-05 00:00:00;2025-12-31 00:00:00
2026-01-01 00:00:00;SO193585;C0024;AS002;1102;2026-01-29 00:00:00;2026-01-20 00:00:00;2026-01-05 00:00:00;2025-12-27 00:00:00
2026-01-02 00:00:00;SO320671;C0030;VS005;1045;2026-03-06 00:00:00;2026-03-07 00:00:00;2026-01-10 00:00:00;2026-01-11 00:00:00
2026-01-02 00:00:00;SO978124;C0001;CS002;822;2026-01-30 00:00:00;2026-02-05 00:00:00;2026-01-04 00:00:00;2026-01-10 00:00:00
2026-01-02 00:00:00;SO584227;C0008;CL001;367;2026-02-27 00:00:00;2026-03-05 00:00:00;2026-01-05 00:00:00;2026-01-11 00:00:00
2026-01-02 00:00:00;SO584227;C0008;CT001;597;2026-02-27 00:00:00;2026-03-02 00:00:00;2026-01-05 00:00:00;2026-01-08 00:00:00
2026-01-02 00:00:00;SO320671;C0030;CL002;358;2026-03-06 00:00:00;2026-03-12 00:00:00;2026-01-10 00:00:00;2026-01-16 00:00:00
2026-01-02 00:00:00;SO584227;C0008;VS005;540;2026-02-27 00:00:00;2026-02-17 00:00:00;2026-01-05 00:00:00;2025-12-26 00:00:00
2026-01-02 00:00:00;SO584227;C0008;CL002;496;2026-02-27 00:00:00;2026-03-04 00:00:00;2026-01-05 00:00:00;2026-01-10 00:00:00
2026-01-02 00:00:00;SO320671;C0030;AL002;1069;2026-03-06 00:00:00;2026-03-13 00:00:00;2026-01-10 00:00:00;2026-01-17 00:00:00
2026-01-02 00:00:00;SO584227;C0008;AS001;316;2026-02-27 00:00:00;2026-03-08 00:00:00;2026-01-05 00:00:00;2026-01-14 00:00:00
2026-01-02 00:00:00;SO320671;C0030;CS002;315;2026-03-06 00:00:00;2026-03-07 00:00:00;2026-01-10 00:00:00;2026-01-11 00:00:00
2026-01-02 00:00:00;SO978124;C0001;VS005;870;2026-01-30 00:00:00;2026-01-26 00:00:00;2026-01-04 00:00:00;2025-12-31 00:00:00
2026-01-02 00:00:00;SO320671;C0030;VS002;512;2026-03-06 00:00:00;2026-03-10 00:00:00;2026-01-10 00:00:00;2026-01-14 00:00:00
2026-01-02 00:00:00;SO320671;C0030;AT001;829;2026-03-06 00:00:00;2026-03-12 00:00:00;2026-01-10 00:00:00;2026-01-16 00:00:00
2026-01-02 00:00:00;SO978124;C0001;VS004;779;2026-01-30 00:00:00;2026-02-04 00:00:00;2026-01-04 00:00:00;2026-01-09 00:00:00
2026-01-02 00:00:00;SO584227;C0008;AS002;947;2026-02-27 00:00:00;2026-03-01 00:00:00;2026-01-05 00:00:00;2026-01-07 00:00:00
2026-01-02 00:00:00;SO584227;C0008;AS003;434;2026-02-27 00:00:00;2026-02-23 00:00:00;2026-01-05 00:00:00;2026-01-01 00:00:00
2026-01-02 00:00:00;SO320671;C0030;CT002;990;2026-03-06 00:00:00;2026-02-27 00:00:00;2026-01-10 00:00:00;2026-01-03 00:00:00
2026-01-05 00:00:00;SO755072;C0024;CS004;1404;2026-02-02 00:00:00;2026-02-12 00:00:00;2026-01-09 00:00:00;2026-01-19 00:00:00
2026-01-05 00:00:00;SO526688;C0025;AS001;502;2026-02-02 00:00:00;2026-01-31 00:00:00;2026-01-13 00:00:00;2026-01-11 00:00:00
2026-01-05 00:00:00;SO570203;C0009;AL002;468;2026-01-19 00:00:00;2026-01-14 00:00:00;2026-01-08 00:00:00;2026-01-03 00:00:00
2026-01-05 00:00:00;SO755072;C0024;CT001;463;2026-02-02 00:00:00;2026-01-29 00:00:00;2026-01-09 00:00:00;2026-01-05 00:00:00
2026-01-05 00:00:00;SO570203;C0009;VS005;945;2026-01-19 00:00:00;2026-01-28 00:00:00;2026-01-08 00:00:00;2026-01-17 00:00:00
2026-01-05 00:00:00;SO755072;C0024;CS002;1152;2026-02-02 00:00:00;2026-02-05 00:00:00;2026-01-09 00:00:00;2026-01-12 00:00:00
2026-01-05 00:00:00;SO570203;C0009;CS003;947;2026-01-19 00:00:00;2026-01-18 00:00:00;2026-01-08 00:00:00;2026-01-07 00:00:00
2026-01-05 00:00:00;SO526688;C0025;AT002;935;2026-02-02 00:00:00;2026-02-11 00:00:00;2026-01-13 00:00:00;2026-01-22 00:00:00
2026-01-05 00:00:00;SO570203;C0009;VS004;403;2026-01-19 00:00:00;2026-01-23 00:00:00;2026-01-08 00:00:00;2026-01-12 00:00:00
2026-01-05 00:00:00;SO755072;C0024;AS002;779;2026-02-02 00:00:00;2026-01-31 00:00:00;2026-01-09 00:00:00;2026-01-07 00:00:00
2026-01-05 00:00:00;SO755072;C0024;VS004;1105;2026-02-02 00:00:00;2026-02-03 00:00:00;2026-01-09 00:00:00;2026-01-10 00:00:00
2026-01-05 00:00:00;SO570203;C0009;AS002;722;2026-01-19 00:00:00;2026-01-24 00:00:00;2026-01-08 00:00:00;2026-01-13 00:00:00
2026-01-05 00:00:00;SO526688;C0025;CL001;1187;2026-02-02 00:00:00;2026-02-01 00:00:00;2026-01-13 00:00:00;2026-01-12 00:00:00
2026-01-05 00:00:00;SO755072;C0024;AT001;878;2026-02-02 00:00:00;2026-01-28 00:00:00;2026-01-09 00:00:00;2026-01-04 00:00:00
2026-01-05 00:00:00;SO570203;C0009;CL001;521;2026-01-19 00:00:00;2026-01-16 00:00:00;2026-01-08 00:00:00;2026-01-05 00:00:00
2026-01-06 00:00:00;SO737628;C0018;AS005;1290;2026-03-10 00:00:00;2026-03-03 00:00:00;2026-01-10 00:00:00;2026-01-03 00:00:00
2026-01-06 00:00:00;SO974909;C0009;VS001;539;2026-01-20 00:00:00;2026-01-17 00:00:00;2026-01-09 00:00:00;2026-01-06 00:00:00
2026-01-06 00:00:00;SO974909;C0009;CS004;1404;2026-01-20 00:00:00;2026-01-15 00:00:00;2026-01-09 00:00:00;2026-01-04 00:00:00
2026-01-06 00:00:00;SO737628;C0018;CL001;1004;2026-03-10 00:00:00;2026-03-09 00:00:00;2026-01-10 00:00:00;2026-01-09 00:00:00
2026-01-06 00:00:00;SO974909;C0009;AL001;484;2026-01-20 00:00:00;2026-01-16 00:00:00;2026-01-09 00:00:00;2026-01-05 00:00:00
2026-01-06 00:00:00;SO974909;C0009;CT001;945;2026-01-20 00:00:00;2026-01-19 00:00:00;2026-01-09 00:00:00;2026-01-08 00:00:00
2026-01-06 00:00:00;SO974909;C0009;CT003;911;2026-01-20 00:00:00;2026-01-16 00:00:00;2026-01-09 00:00:00;2026-01-05 00:00:00
2026-01-06 00:00:00;SO974909;C0009;CL001;633;2026-01-20 00:00:00;2026-01-15 00:00:00;2026-01-09 00:00:00;2026-01-04 00:00:00
2026-01-06 00:00:00;SO737628;C0018;CT001;547;2026-03-10 00:00:00;2026-03-03 00:00:00;2026-01-10 00:00:00;2026-01-03 00:00:00
2026-01-06 00:00:00;SO974909;C0009;VS002;729;2026-01-20 00:00:00;2026-01-16 00:00:00;2026-01-09 00:00:00;2026-01-05 00:00:00
2026-01-06 00:00:00;SO737628;C0018;AS001;738;2026-03-10 00:00:00;2026-03-10 00:00:00;2026-01-10 00:00:00;2026-01-10 00:00:00
2026-01-06 00:00:00;SO974909;C0009;CL002;876;2026-01-20 00:00:00;2026-01-17 00:00:00;2026-01-09 00:00:00;2026-01-06 00:00:00
2026-01-06 00:00:00;SO737628;C0018;AS003;502;2026-03-10 00:00:00;2026-03-20 00:00:00;2026-01-10 00:00:00;2026-01-20 00:00:00
2026-01-06 00:00:00;SO737628;C0018;CS004;1252;2026-03-10 00:00:00;2026-03-06 00:00:00;2026-01-10 00:00:00;2026-01-06 00:00:00
2026-01-06 00:00:00;SO974909;C0009;AT001;827;2026-01-20 00:00:00;2026-01-18 00:00:00;2026-01-09 00:00:00;2026-01-07 00:00:00
2026-01-06 00:00:00;SO737628;C0018;AT001;1386;2026-03-10 00:00:00;2026-03-16 00:00:00;2026-01-10 00:00:00;2026-01-16 00:00:00
2026-01-07 00:00:00;SO788245;C0022;AL002;1007;2026-02-18 00:00:00;2026-02-18 00:00:00;2026-01-11 00:00:00;2026-01-11 00:00:00
2026-01-07 00:00:00;SO917587;C0026;CS004;1070;2026-02-11 00:00:00;2026-02-09 00:00:00;2026-01-15 00:00:00;2026-01-13 00:00:00
2026-01-07 00:00:00;SO317481;C0028;VS003;917;2026-01-21 00:00:00;2026-01-17 00:00:00;2026-01-15 00:00:00;2026-01-11 00:00:00
2026-01-07 00:00:00;SO603151;C0017;CT003;432;2026-03-04 00:00:00;2026-03-04 00:00:00;2026-01-11 00:00:00;2026-01-11 00:00:00
2026-01-07 00:00:00;SO603151;C0017;VS004;919;2026-03-04 00:00:00;2026-02-25 00:00:00;2026-01-11 00:00:00;2026-01-04 00:00:00
2026-01-07 00:00:00;SO317481;C0028;AS005;927;2026-01-21 00:00:00;2026-01-17 00:00:00;2026-01-15 00:00:00;2026-01-11 00:00:00
2026-01-07 00:00:00;SO603151;C0017;AT002;883;2026-03-04 00:00:00;2026-03-09 00:00:00;2026-01-11 00:00:00;2026-01-16 00:00:00
2026-01-07 00:00:00;SO317481;C0028;CT003;1347;2026-01-21 00:00:00;2026-01-18 00:00:00;2026-01-15 00:00:00;2026-01-12 00:00:00
2026-01-07 00:00:00;SO317481;C0028;VS002;610;2026-01-21 00:00:00;2026-01-31 00:00:00;2026-01-15 00:00:00;2026-01-25 00:00:00
2026-01-07 00:00:00;SO317481;C0028;CL001;965;2026-01-21 00:00:00;2026-01-30 00:00:00;2026-01-15 00:00:00;2026-01-24 00:00:00
2026-01-07 00:00:00;SO603151;C0017;AS003;1067;2026-03-04 00:00:00;2026-03-08 00:00:00;2026-01-11 00:00:00;2026-01-15 00:00:00
2026-01-07 00:00:00;SO317481;C0028;CS004;781;2026-01-21 00:00:00;2026-01-17 00:00:00;2026-01-15 00:00:00;2026-01-11 00:00:00
2026-01-08 00:00:00;SO570520;C0024;AT001;476;2026-02-05 00:00:00;2026-02-06 00:00:00;2026-01-12 00:00:00;2026-01-13 00:00:00
2026-01-08 00:00:00;SO866540;C0001;AL002;1231;2026-02-05 00:00:00;2026-02-09 00:00:00;2026-01-10 00:00:00;2026-01-14 00:00:00
2026-01-08 00:00:00;SO835477;C0005;AS003;750;2026-03-05 00:00:00;2026-02-26 00:00:00;2026-01-10 00:00:00;2026-01-03 00:00:00
2026-01-08 00:00:00;SO570520;C0024;VS005;676;2026-02-05 00:00:00;2026-02-04 00:00:00;2026-01-12 00:00:00;2026-01-11 00:00:00
2026-01-08 00:00:00;SO835477;C0005;CS004;451;2026-03-05 00:00:00;2026-03-15 00:00:00;2026-01-10 00:00:00;2026-01-20 00:00:00
2026-01-08 00:00:00;SO570520;C0024;AS001;760;2026-02-05 00:00:00;2026-02-03 00:00:00;2026-01-12 00:00:00;2026-01-10 00:00:00
2026-01-08 00:00:00;SO866540;C0001;CT002;1178;2026-02-05 00:00:00;2026-02-15 00:00:00;2026-01-10 00:00:00;2026-01-20 00:00:00
2026-01-08 00:00:00;SO866540;C0001;AL001;643;2026-02-05 00:00:00;2026-02-15 00:00:00;2026-01-10 00:00:00;2026-01-20 00:00:00
2026-01-08 00:00:00;SO866540;C0001;AS003;1115;2026-02-05 00:00:00;2026-01-29 00:00:00;2026-01-10 00:00:00;2026-01-03 00:00:00
2026-01-08 00:00:00;SO866540;C0001;CL002;534;2026-02-05 00:00:00;2026-01-30 00:00:00;2026-01-10 00:00:00;2026-01-04 00:00:00
2026-01-08 00:00:00;SO835477;C0005;AS004;633;2026-03-05 00:00:00;2026-03-08 00:00:00;2026-01-10 00:00:00;2026-01-13 00:00:00
2026-01-08 00:00:00;SO866540;C0001;CL001;838;2026-02-05 00:00:00;2026-01-28 00:00:00;2026-01-10 00:00:00;2026-01-02 00:00:00
2026-01-08 00:00:00;SO835477;C0005;CT002;1051;2026-03-05 00:00:00;2026-03-10 00:00:00;2026-01-10 00:00:00;2026-01-15 00:00:00
2026-01-09 00:00:00;SO871423;C0013;AL002;1008;2026-02-06 00:00:00;2026-01-31 00:00:00;2026-01-13 00:00:00;2026-01-07 00:00:00
2026-01-09 00:00:00;SO383702;C0005;VS004;580;2026-03-06 00:00:00;2026-03-03 00:00:00;2026-01-11 00:00:00;2026-01-08 00:00:00
2026-01-09 00:00:00;SO421339;C0015;CS004;613;2026-02-20 00:00:00;2026-02-21 00:00:00;2026-01-13 00:00:00;2026-01-14 00:00:00
2026-01-09 00:00:00;SO383702;C0005;CT001;467;2026-03-06 00:00:00;2026-03-13 00:00:00;2026-01-11 00:00:00;2026-01-18 00:00:00
2026-01-09 00:00:00;SO383702;C0005;VS002;402;2026-03-06 00:00:00;2026-03-05 00:00:00;2026-01-11 00:00:00;2026-01-10 00:00:00
2026-01-09 00:00:00;SO421339;C0015;AT002;748;2026-02-20 00:00:00;2026-02-23 00:00:00;2026-01-13 00:00:00;2026-01-16 00:00:00
2026-01-09 00:00:00;SO871423;C0013;AS003;469;2026-02-06 00:00:00;2026-02-07 00:00:00;2026-01-13 00:00:00;2026-01-14 00:00:00
2026-01-09 00:00:00;SO421339;C0015;CS003;1016;2026-02-20 00:00:00;2026-02-22 00:00:00;2026-01-13 00:00:00;2026-01-15 00:00:00
2026-01-09 00:00:00;SO383702;C0005;CT003;520;2026-03-06 00:00:00;2026-03-04 00:00:00;2026-01-11 00:00:00;2026-01-09 00:00:00
2026-01-09 00:00:00;SO421339;C0015;AS002;809;2026-02-20 00:00:00;2026-02-24 00:00:00;2026-01-13 00:00:00;2026-01-17 00:00:00
2026-01-09 00:00:00;SO421339;C0015;CT002;776;2026-02-20 00:00:00;2026-02-13 00:00:00;2026-01-13 00:00:00;2026-01-06 00:00:00
2026-01-09 00:00:00;SO383702;C0005;AT001;874;2026-03-06 00:00:00;2026-03-05 00:00:00;2026-01-11 00:00:00;2026-01-10 00:00:00
2026-01-09 00:00:00;SO421339;C0015;VS005;1078;2026-02-20 00:00:00;2026-02-28 00:00:00;2026-01-13 00:00:00;2026-01-21 00:00:00
2026-01-09 00:00:00;SO421339;C0015;CL002;1056;2026-02-20 00:00:00;2026-02-24 00:00:00;2026-01-13 00:00:00;2026-01-17 00:00:00
2026-01-12 00:00:00;SO445783;C0021;CS003;1314;2026-01-26 00:00:00;2026-01-22 00:00:00;2026-01-16 00:00:00;2026-01-12 00:00:00
2026-01-12 00:00:00;SO758319;C0002;AL001;640;2026-02-16 00:00:00;2026-02-15 00:00:00;2026-01-14 00:00:00;2026-01-13 00:00:00
2026-01-12 00:00:00;SO326410;C0026;CL001;752;2026-02-16 00:00:00;2026-02-20 00:00:00;2026-01-20 00:00:00;2026-01-24 00:00:00
2026-01-12 00:00:00;SO204818;C0023;VS002;930;2026-02-16 00:00:00;2026-02-16 00:00:00;2026-01-16 00:00:00;2026-01-16 00:00:00
2026-01-12 00:00:00;SO758319;C0002;CL002;1050;2026-02-16 00:00:00;2026-02-06 00:00:00;2026-01-14 00:00:00;2026-01-04 00:00:00
2026-01-12 00:00:00;SO326410;C0026;VS001;667;2026-02-16 00:00:00;2026-02-06 00:00:00;2026-01-20 00:00:00;2026-01-10 00:00:00
2026-01-12 00:00:00;SO445783;C0021;CS004;935;2026-01-26 00:00:00;2026-01-31 00:00:00;2026-01-16 00:00:00;2026-01-21 00:00:00
2026-01-12 00:00:00;SO326410;C0026;AS001;501;2026-02-16 00:00:00;2026-02-07 00:00:00;2026-01-20 00:00:00;2026-01-11 00:00:00
2026-01-12 00:00:00;SO326410;C0026;VS005;619;2026-02-16 00:00:00;2026-02-06 00:00:00;2026-01-20 00:00:00;2026-01-10 00:00:00
2026-01-12 00:00:00;SO445783;C0021;CL002;1027;2026-01-26 00:00:00;2026-02-05 00:00:00;2026-01-16 00:00:00;2026-01-26 00:00:00
2026-01-12 00:00:00;SO758319;C0002;CL001;639;2026-02-16 00:00:00;2026-02-25 00:00:00;2026-01-14 00:00:00;2026-01-23 00:00:00
2026-01-12 00:00:00;SO445783;C0021;CT003;642;2026-01-26 00:00:00;2026-01-28 00:00:00;2026-01-16 00:00:00;2026-01-18 00:00:00
2026-01-12 00:00:00;SO204818;C0023;CS001;472;2026-02-16 00:00:00;2026-02-21 00:00:00;2026-01-16 00:00:00;2026-01-21 00:00:00
2026-01-12 00:00:00;SO758319;C0002;AS002;902;2026-02-16 00:00:00;2026-02-09 00:00:00;2026-01-14 00:00:00;2026-01-07 00:00:00
2026-01-12 00:00:00;SO445783;C0021;CS001;686;2026-01-26 00:00:00;2026-02-02 00:00:00;2026-01-16 00:00:00;2026-01-23 00:00:00
2026-01-12 00:00:00;SO204818;C0023;AS005;1075;2026-02-16 00:00:00;2026-02-26 00:00:00;2026-01-16 00:00:00;2026-01-26 00:00:00
2026-01-12 00:00:00;SO445783;C0021;AS004;336;2026-01-26 00:00:00;2026-01-29 00:00:00;2026-01-16 00:00:00;2026-01-19 00:00:00
2026-01-12 00:00:00;SO204818;C0023;CS002;823;2026-02-16 00:00:00;2026-02-10 00:00:00;2026-01-16 00:00:00;2026-01-10 00:00:00
2026-01-12 00:00:00;SO758319;C0002;CT001;1475;2026-02-16 00:00:00;2026-02-13 00:00:00;2026-01-14 00:00:00;2026-01-11 00:00:00
2026-01-12 00:00:00;SO445783;C0021;AL002;1120;2026-01-26 00:00:00;2026-01-18 00:00:00;2026-01-16 00:00:00;2026-01-08 00:00:00
2026-01-13 00:00:00;SO494323;C0027;CT001;742;2026-02-24 00:00:00;2026-02-21 00:00:00;2026-01-21 00:00:00;2026-01-18 00:00:00
2026-01-13 00:00:00;SO952108;C0003;VS004;505;2026-02-24 00:00:00;2026-02-17 00:00:00;2026-01-15 00:00:00;2026-01-08 00:00:00
2026-01-13 00:00:00;SO494323;C0027;AT002;765;2026-02-24 00:00:00;2026-02-18 00:00:00;2026-01-21 00:00:00;2026-01-15 00:00:00
2026-01-13 00:00:00;SO952108;C0003;CL002;1008;2026-02-24 00:00:00;2026-02-15 00:00:00;2026-01-15 00:00:00;2026-01-06 00:00:00
2026-01-13 00:00:00;SO952108;C0003;CT001;970;2026-02-24 00:00:00;2026-02-22 00:00:00;2026-01-15 00:00:00;2026-01-13 00:00:00
2026-01-13 00:00:00;SO952108;C0003;AT001;765;2026-02-24 00:00:00;2026-02-18 00:00:00;2026-01-15 00:00:00;2026-01-09 00:00:00
2026-01-13 00:00:00;SO494323;C0027;AS002;819;2026-02-24 00:00:00;2026-02-14 00:00:00;2026-01-21 00:00:00;2026-01-11 00:00:00
2026-01-13 00:00:00;SO494323;C0027;VS005;945;2026-02-24 00:00:00;2026-03-03 00:00:00;2026-01-21 00:00:00;2026-01-28 00:00:00
2026-01-13 00:00:00;SO952108;C0003;VS003;1127;2026-02-24 00:00:00;2026-03-02 00:00:00;2026-01-15 00:00:00;2026-01-21 00:00:00
2026-01-13 00:00:00;SO952108;C0003;CT003;1027;2026-02-24 00:00:00;2026-02-15 00:00:00;2026-01-15 00:00:00;2026-01-06 00:00:00
2026-01-13 00:00:00;SO952108;C0003;CL001;1144;2026-02-24 00:00:00;2026-02-28 00:00:00;2026-01-15 00:00:00;2026-01-19 00:00:00
2026-01-13 00:00:00;SO952108;C0003;AL001;451;2026-02-24 00:00:00;2026-02-23 00:00:00;2026-01-15 00:00:00;2026-01-14 00:00:00
2026-01-13 00:00:00;SO952108;C0003;CS003;1328;2026-02-24 00:00:00;2026-02-18 00:00:00;2026-01-15 00:00:00;2026-01-09 00:00:00
2026-01-14 00:00:00;SO297104;C0010;AS005;667;2026-02-25 00:00:00;2026-02-23 00:00:00;2026-01-17 00:00:00;2026-01-15 00:00:00
2026-01-14 00:00:00;SO273702;C0017;CS001;497;2026-03-11 00:00:00;2026-03-15 00:00:00;2026-01-18 00:00:00;2026-01-22 00:00:00
2026-01-14 00:00:00;SO118061;C0024;AS001;440;2026-02-11 00:00:00;2026-02-17 00:00:00;2026-01-18 00:00:00;2026-01-24 00:00:00
2026-01-14 00:00:00;SO250248;C0004;CS003;530;2026-01-28 00:00:00;2026-02-07 00:00:00;2026-01-16 00:00:00;2026-01-26 00:00:00
2026-01-14 00:00:00;SO273702;C0017;CT001;1302;2026-03-11 00:00:00;2026-03-12 00:00:00;2026-01-18 00:00:00;2026-01-19 00:00:00
2026-01-14 00:00:00;SO250248;C0004;AT001;980;2026-01-28 00:00:00;2026-01-27 00:00:00;2026-01-16 00:00:00;2026-01-15 00:00:00
2026-01-14 00:00:00;SO250248;C0004;CS004;919;2026-01-28 00:00:00;2026-01-22 00:00:00;2026-01-16 00:00:00;2026-01-10 00:00:00
2026-01-14 00:00:00;SO273702;C0017;AS001;753;2026-03-11 00:00:00;2026-03-05 00:00:00;2026-01-18 00:00:00;2026-01-12 00:00:00
2026-01-14 00:00:00;SO273702;C0017;AL001;637;2026-03-11 00:00:00;2026-03-09 00:00:00;2026-01-18 00:00:00;2026-01-16 00:00:00
2026-01-14 00:00:00;SO118061;C0024;CS004;874;2026-02-11 00:00:00;2026-02-13 00:00:00;2026-01-18 00:00:00;2026-01-20 00:00:00
2026-01-14 00:00:00;SO273702;C0017;AS005;1035;2026-03-11 00:00:00;2026-03-21 00:00:00;2026-01-18 00:00:00;2026-01-28 00:00:00
2026-01-14 00:00:00;SO118061;C0024;AT002;758;2026-02-11 00:00:00;2026-02-17 00:00:00;2026-01-18 00:00:00;2026-01-24 00:00:00
2026-01-15 00:00:00;SO508652;C0026;VS001;1100;2026-02-19 00:00:00;2026-02-14 00:00:00;2026-01-23 00:00:00;2026-01-18 00:00:00
2026-01-15 00:00:00;SO524642;C0009;AS005;1025;2026-01-29 00:00:00;2026-02-04 00:00:00;2026-01-18 00:00:00;2026-01-24 00:00:00
2026-01-15 00:00:00;SO166416;C0027;AT002;583;2026-02-26 00:00:00;2026-02-28 00:00:00;2026-01-23 00:00:00;2026-01-25 00:00:00
2026-01-15 00:00:00;SO583949;C0022;AT002;859;2026-02-26 00:00:00;2026-02-26 00:00:00;2026-01-19 00:00:00;2026-01-19 00:00:00
2026-01-15 00:00:00;SO166416;C0027;AS001;642;2026-02-26 00:00:00;2026-02-26 00:00:00;2026-01-23 00:00:00;2026-01-23 00:00:00
2026-01-15 00:00:00;SO508652;C0026;AS005;388;2026-02-19 00:00:00;2026-02-23 00:00:00;2026-01-23 00:00:00;2026-01-27 00:00:00
2026-01-15 00:00:00;SO166416;C0027;AS003;940;2026-02-26 00:00:00;2026-02-19 00:00:00;2026-01-23 00:00:00;2026-01-16 00:00:00
2026-01-15 00:00:00;SO583949;C0022;AT001;363;2026-02-26 00:00:00;2026-03-08 00:00:00;2026-01-19 00:00:00;2026-01-29 00:00:00
2026-01-15 00:00:00;SO524642;C0009;AS003;671;2026-01-29 00:00:00;2026-01-25 00:00:00;2026-01-18 00:00:00;2026-01-14 00:00:00
2026-01-15 00:00:00;SO583949;C0022;CT002;654;2026-02-26 00:00:00;2026-02-20 00:00:00;2026-01-19 00:00:00;2026-01-13 00:00:00
2026-01-15 00:00:00;SO166416;C0027;CS002;1058;2026-02-26 00:00:00;2026-02-18 00:00:00;2026-01-23 00:00:00;2026-01-15 00:00:00
2026-01-15 00:00:00;SO508652;C0026;AS001;1339;2026-02-19 00:00:00;2026-02-19 00:00:00;2026-01-23 00:00:00;2026-01-23 00:00:00
2026-01-15 00:00:00;SO508652;C0026;CL002;416;2026-02-19 00:00:00;2026-02-11 00:00:00;2026-01-23 00:00:00;2026-01-15 00:00:00
2026-01-15 00:00:00;SO508652;C0026;AS004;1367;2026-02-19 00:00:00;2026-02-23 00:00:00;2026-01-23 00:00:00;2026-01-27 00:00:00
2026-01-15 00:00:00;SO166416;C0027;AS005;807;2026-02-26 00:00:00;2026-02-17 00:00:00;2026-01-23 00:00:00;2026-01-14 00:00:00
2026-01-15 00:00:00;SO166416;C0027;CT003;1153;2026-02-26 00:00:00;2026-02-16 00:00:00;2026-01-23 00:00:00;2026-01-13 00:00:00
2026-01-15 00:00:00;SO166416;C0027;VS004;1216;2026-02-26 00:00:00;2026-02-20 00:00:00;2026-01-23 00:00:00;2026-01-17 00:00:00
2026-01-15 00:00:00;SO583949;C0022;VS002;647;2026-02-26 00:00:00;2026-03-06 00:00:00;2026-01-19 00:00:00;2026-01-27 00:00:00
2026-01-16 00:00:00;SO261119;C0011;CS002;883;2026-02-20 00:00:00;2026-02-25 00:00:00;2026-01-19 00:00:00;2026-01-24 00:00:00
2026-01-16 00:00:00;SO398824;C0027;CS003;606;2026-02-27 00:00:00;2026-02-23 00:00:00;2026-01-24 00:00:00;2026-01-20 00:00:00
2026-01-16 00:00:00;SO922523;C0015;CT001;828;2026-02-27 00:00:00;2026-02-22 00:00:00;2026-01-20 00:00:00;2026-01-15 00:00:00
2026-01-16 00:00:00;SO923935;C0007;AS004;814;2026-03-20 00:00:00;2026-03-27 00:00:00;2026-01-19 00:00:00;2026-01-26 00:00:00
2026-01-16 00:00:00;SO922523;C0015;CT002;1219;2026-02-27 00:00:00;2026-02-28 00:00:00;2026-01-20 00:00:00;2026-01-21 00:00:00
2026-01-16 00:00:00;SO923935;C0007;AS001;804;2026-03-20 00:00:00;2026-03-23 00:00:00;2026-01-19 00:00:00;2026-01-22 00:00:00
2026-01-16 00:00:00;SO398824;C0027;AS005;1253;2026-02-27 00:00:00;2026-02-18 00:00:00;2026-01-24 00:00:00;2026-01-15 00:00:00
2026-01-16 00:00:00;SO261119;C0011;CT001;843;2026-02-20 00:00:00;2026-02-14 00:00:00;2026-01-19 00:00:00;2026-01-13 00:00:00
2026-01-16 00:00:00;SO261119;C0011;CS001;552;2026-02-20 00:00:00;2026-02-23 00:00:00;2026-01-19 00:00:00;2026-01-22 00:00:00
2026-01-16 00:00:00;SO923935;C0007;CT002;1100;2026-03-20 00:00:00;2026-03-20 00:00:00;2026-01-19 00:00:00;2026-01-19 00:00:00
2026-01-16 00:00:00;SO398824;C0027;CS001;1029;2026-02-27 00:00:00;2026-03-05 00:00:00;2026-01-24 00:00:00;2026-01-30 00:00:00
2026-01-16 00:00:00;SO922523;C0015;VS004;554;2026-02-27 00:00:00;2026-03-08 00:00:00;2026-01-20 00:00:00;2026-01-29 00:00:00
2026-01-19 00:00:00;SO834051;C0001;VS001;1349;2026-02-16 00:00:00;2026-02-21 00:00:00;2026-01-21 00:00:00;2026-01-26 00:00:00
2026-01-19 00:00:00;SO930845;C0005;AL001;809;2026-03-16 00:00:00;2026-03-10 00:00:00;2026-01-21 00:00:00;2026-01-15 00:00:00
2026-01-19 00:00:00;SO930845;C0005;CT001;1124;2026-03-16 00:00:00;2026-03-18 00:00:00;2026-01-21 00:00:00;2026-01-23 00:00:00
2026-01-19 00:00:00;SO930845;C0005;AS001;1146;2026-03-16 00:00:00;2026-03-26 00:00:00;2026-01-21 00:00:00;2026-01-31 00:00:00
2026-01-19 00:00:00;SO834051;C0001;VS002;271;2026-02-16 00:00:00;2026-02-23 00:00:00;2026-01-21 00:00:00;2026-01-28 00:00:00
2026-01-19 00:00:00;SO834051;C0001;CL001;876;2026-02-16 00:00:00;2026-02-25 00:00:00;2026-01-21 00:00:00;2026-01-30 00:00:00
2026-01-19 00:00:00;SO930845;C0005;CS002;536;2026-03-16 00:00:00;2026-03-09 00:00:00;2026-01-21 00:00:00;2026-01-14 00:00:00
2026-01-19 00:00:00;SO834051;C0001;CS002;347;2026-02-16 00:00:00;2026-02-19 00:00:00;2026-01-21 00:00:00;2026-01-24 00:00:00
2026-01-19 00:00:00;SO834051;C0001;AL002;670;2026-02-16 00:00:00;2026-02-08 00:00:00;2026-01-21 00:00:00;2026-01-13 00:00:00
2026-01-19 00:00:00;SO930845;C0005;VS005;1036;2026-03-16 00:00:00;2026-03-22 00:00:00;2026-01-21 00:00:00;2026-01-27 00:00:00
2026-01-19 00:00:00;SO834051;C0001;AS005;315;2026-02-16 00:00:00;2026-02-07 00:00:00;2026-01-21 00:00:00;2026-01-12 00:00:00
2026-01-19 00:00:00;SO930845;C0005;CL001;597;2026-03-16 00:00:00;2026-03-17 00:00:00;2026-01-21 00:00:00;2026-01-22 00:00:00
2026-01-19 00:00:00;SO834051;C0001;CL002;921;2026-02-16 00:00:00;2026-02-09 00:00:00;2026-01-21 00:00:00;2026-01-14 00:00:00
2026-01-19 00:00:00;SO834051;C0001;CT002;827;2026-02-16 00:00:00;2026-02-14 00:00:00;2026-01-21 00:00:00;2026-01-19 00:00:00
2026-01-19 00:00:00;SO930845;C0005;CT003;426;2026-03-16 00:00:00;2026-03-17 00:00:00;2026-01-21 00:00:00;2026-01-22 00:00:00
2026-01-19 00:00:00;SO834051;C0001;AS004;864;2026-02-16 00:00:00;2026-02-17 00:00:00;2026-01-21 00:00:00;2026-01-22 00:00:00
2026-01-19 00:00:00;SO834051;C0001;CT003;874;2026-02-16 00:00:00;2026-02-09 00:00:00;2026-01-21 00:00:00;2026-01-14 00:00:00
2026-01-19 00:00:00;SO930845;C0005;CS004;679;2026-03-16 00:00:00;2026-03-14 00:00:00;2026-01-21 00:00:00;2026-01-19 00:00:00
2026-01-20 00:00:00;SO998554;C0004;AT002;884;2026-02-03 00:00:00;2026-02-12 00:00:00;2026-01-22 00:00:00;2026-01-31 00:00:00
2026-01-20 00:00:00;SO747393;C0024;AL001;1134;2026-02-17 00:00:00;2026-02-26 00:00:00;2026-01-24 00:00:00;2026-02-02 00:00:00
2026-01-20 00:00:00;SO753566;C0014;CS004;337;2026-02-24 00:00:00;2026-02-26 00:00:00;2026-01-24 00:00:00;2026-01-26 00:00:00
2026-01-20 00:00:00;SO541385;C0006;CL001;739;2026-03-24 00:00:00;2026-03-21 00:00:00;2026-01-22 00:00:00;2026-01-19 00:00:00
2026-01-20 00:00:00;SO747393;C0024;CS001;620;2026-02-17 00:00:00;2026-02-27 00:00:00;2026-01-24 00:00:00;2026-02-03 00:00:00
2026-01-20 00:00:00;SO998554;C0004;CS001;1088;2026-02-03 00:00:00;2026-01-24 00:00:00;2026-01-22 00:00:00;2026-01-12 00:00:00
2026-01-20 00:00:00;SO747393;C0024;VS005;1287;2026-02-17 00:00:00;2026-02-25 00:00:00;2026-01-24 00:00:00;2026-02-01 00:00:00
2026-01-20 00:00:00;SO541385;C0006;CS002;898;2026-03-24 00:00:00;2026-03-28 00:00:00;2026-01-22 00:00:00;2026-01-26 00:00:00
2026-01-20 00:00:00;SO753566;C0014;AL002;1059;2026-02-24 00:00:00;2026-02-25 00:00:00;2026-01-24 00:00:00;2026-01-25 00:00:00
2026-01-20 00:00:00;SO747393;C0024;CS004;372;2026-02-17 00:00:00;2026-02-23 00:00:00;2026-01-24 00:00:00;2026-01-30 00:00:00
2026-01-20 00:00:00;SO747393;C0024;VS003;829;2026-02-17 00:00:00;2026-02-12 00:00:00;2026-01-24 00:00:00;2026-01-19 00:00:00
2026-01-20 00:00:00;SO998554;C0004;CS003;861;2026-02-03 00:00:00;2026-01-25 00:00:00;2026-01-22 00:00:00;2026-01-13 00:00:00
2026-01-20 00:00:00;SO753566;C0014;CS003;548;2026-02-24 00:00:00;2026-03-01 00:00:00;2026-01-24 00:00:00;2026-01-29 00:00:00
2026-01-20 00:00:00;SO541385;C0006;CS004;917;2026-03-24 00:00:00;2026-03-23 00:00:00;2026-01-22 00:00:00;2026-01-21 00:00:00
2026-01-20 00:00:00;SO541385;C0006;AL002;959;2026-03-24 00:00:00;2026-04-03 00:00:00;2026-01-22 00:00:00;2026-02-01 00:00:00
2026-01-20 00:00:00;SO753566;C0014;AT001;1116;2026-02-24 00:00:00;2026-03-03 00:00:00;2026-01-24 00:00:00;2026-01-31 00:00:00
2026-01-20 00:00:00;SO747393;C0024;VS001;618;2026-02-17 00:00:00;2026-02-27 00:00:00;2026-01-24 00:00:00;2026-02-03 00:00:00
2026-01-21 00:00:00;SO853450;C0009;CL002;944;2026-02-04 00:00:00;2026-02-12 00:00:00;2026-01-24 00:00:00;2026-02-01 00:00:00
2026-01-21 00:00:00;SO345962;C0006;CS003;790;2026-03-25 00:00:00;2026-03-19 00:00:00;2026-01-23 00:00:00;2026-01-17 00:00:00
2026-01-21 00:00:00;SO345962;C0006;AL001;322;2026-03-25 00:00:00;2026-03-23 00:00:00;2026-01-23 00:00:00;2026-01-21 00:00:00
2026-01-21 00:00:00;SO853450;C0009;AT002;785;2026-02-04 00:00:00;2026-02-10 00:00:00;2026-01-24 00:00:00;2026-01-30 00:00:00
2026-01-21 00:00:00;SO345962;C0006;AS001;845;2026-03-25 00:00:00;2026-03-28 00:00:00;2026-01-23 00:00:00;2026-01-26 00:00:00
2026-01-21 00:00:00;SO345962;C0006;AS003;798;2026-03-25 00:00:00;2026-03-18 00:00:00;2026-01-23 00:00:00;2026-01-16 00:00:00
2026-01-21 00:00:00;SO345962;C0006;AS002;963;2026-03-25 00:00:00;2026-03-17 00:00:00;2026-01-23 00:00:00;2026-01-15 00:00:00
2026-01-21 00:00:00;SO345962;C0006;AT001;1379;2026-03-25 00:00:00;2026-03-22 00:00:00;2026-01-23 00:00:00;2026-01-20 00:00:00
2026-01-21 00:00:00;SO853450;C0009;AL001;528;2026-02-04 00:00:00;2026-02-03 00:00:00;2026-01-24 00:00:00;2026-01-23 00:00:00
2026-01-21 00:00:00;SO853450;C0009;AS003;422;2026-02-04 00:00:00;2026-02-05 00:00:00;2026-01-24 00:00:00;2026-01-25 00:00:00
2026-01-21 00:00:00;SO345962;C0006;CT002;497;2026-03-25 00:00:00;2026-04-03 00:00:00;2026-01-23 00:00:00;2026-02-01 00:00:00
2026-01-21 00:00:00;SO345962;C0006;AL002;1228;2026-03-25 00:00:00;2026-03-20 00:00:00;2026-01-23 00:00:00;2026-01-18 00:00:00
2026-01-21 00:00:00;SO345962;C0006;AT002;491;2026-03-25 00:00:00;2026-03-20 00:00:00;2026-01-23 00:00:00;2026-01-18 00:00:00
2026-01-21 00:00:00;SO853450;C0009;CS001;1083;2026-02-04 00:00:00;2026-02-07 00:00:00;2026-01-24 00:00:00;2026-01-27 00:00:00
2026-01-22 00:00:00;SO732656;C0004;AL002;1267;2026-02-05 00:00:00;2026-02-11 00:00:00;2026-01-24 00:00:00;2026-01-30 00:00:00
2026-01-22 00:00:00;SO502244;C0012;CS001;539;2026-02-19 00:00:00;2026-02-24 00:00:00;2026-01-25 00:00:00;2026-01-30 00:00:00
2026-01-22 00:00:00;SO732656;C0004;AS005;468;2026-02-05 00:00:00;2026-02-08 00:00:00;2026-01-24 00:00:00;2026-01-27 00:00:00
2026-01-22 00:00:00;SO502244;C0012;AS004;1017;2026-02-19 00:00:00;2026-02-27 00:00:00;2026-01-25 00:00:00;2026-02-02 00:00:00
2026-01-22 00:00:00;SO502244;C0012;AS001;387;2026-02-19 00:00:00;2026-02-10 00:00:00;2026-01-25 00:00:00;2026-01-16 00:00:00
2026-01-22 00:00:00;SO732656;C0004;AL001;484;2026-02-05 00:00:00;2026-02-06 00:00:00;2026-01-24 00:00:00;2026-01-25 00:00:00
2026-01-22 00:00:00;SO732656;C0004;CS003;454;2026-02-05 00:00:00;2026-02-07 00:00:00;2026-01-24 00:00:00;2026-01-26 00:00:00
2026-01-22 00:00:00;SO732656;C0004;AS004;881;2026-02-05 00:00:00;2026-01-26 00:00:00;2026-01-24 00:00:00;2026-01-14 00:00:00
2026-01-22 00:00:00;SO732656;C0004;CT001;478;2026-02-05 00:00:00;2026-02-14 00:00:00;2026-01-24 00:00:00;2026-02-02 00:00:00
2026-01-22 00:00:00;SO502244;C0012;VS005;893;2026-02-19 00:00:00;2026-02-26 00:00:00;2026-01-25 00:00:00;2026-02-01 00:00:00
2026-01-22 00:00:00;SO502244;C0012;CS002;935;2026-02-19 00:00:00;2026-02-28 00:00:00;2026-01-25 00:00:00;2026-02-03 00:00:00
2026-01-22 00:00:00;SO732656;C0004;CS002;434;2026-02-05 00:00:00;2026-02-01 00:00:00;2026-01-24 00:00:00;2026-01-20 00:00:00
2026-01-22 00:00:00;SO732656;C0004;VS001;585;2026-02-05 00:00:00;2026-01-31 00:00:00;2026-01-24 00:00:00;2026-01-19 00:00:00
2026-01-22 00:00:00;SO732656;C0004;CT002;883;2026-02-05 00:00:00;2026-02-10 00:00:00;2026-01-24 00:00:00;2026-01-29 00:00:00
2026-01-23 00:00:00;SO287623;C0010;AT002;980;2026-03-06 00:00:00;2026-03-05 00:00:00;2026-01-26 00:00:00;2026-01-25 00:00:00
2026-01-23 00:00:00;SO409996;C0018;VS004;345;2026-03-27 00:00:00;2026-04-04 00:00:00;2026-01-27 00:00:00;2026-02-04 00:00:00
2026-01-23 00:00:00;SO579270;C0013;VS005;956;2026-02-20 00:00:00;2026-02-11 00:00:00;2026-01-27 00:00:00;2026-01-18 00:00:00
2026-01-23 00:00:00;SO332034;C0021;VS005;530;2026-02-06 00:00:00;2026-02-15 00:00:00;2026-01-27 00:00:00;2026-02-05 00:00:00
2026-01-23 00:00:00;SO332034;C0021;CS004;756;2026-02-06 00:00:00;2026-02-16 00:00:00;2026-01-27 00:00:00;2026-02-06 00:00:00
2026-01-23 00:00:00;SO579270;C0013;AS001;1172;2026-02-20 00:00:00;2026-02-12 00:00:00;2026-01-27 00:00:00;2026-01-19 00:00:00
2026-01-23 00:00:00;SO579270;C0013;AS005;549;2026-02-20 00:00:00;2026-02-19 00:00:00;2026-01-27 00:00:00;2026-01-26 00:00:00
2026-01-23 00:00:00;SO287623;C0010;AL002;1110;2026-03-06 00:00:00;2026-03-05 00:00:00;2026-01-26 00:00:00;2026-01-25 00:00:00
2026-01-23 00:00:00;SO332034;C0021;AS001;457;2026-02-06 00:00:00;2026-02-04 00:00:00;2026-01-27 00:00:00;2026-01-25 00:00:00
2026-01-23 00:00:00;SO287623;C0010;AS002;1051;2026-03-06 00:00:00;2026-03-14 00:00:00;2026-01-26 00:00:00;2026-02-03 00:00:00
2026-01-23 00:00:00;SO579270;C0013;VS003;781;2026-02-20 00:00:00;2026-02-25 00:00:00;2026-01-27 00:00:00;2026-02-01 00:00:00
2026-01-23 00:00:00;SO409996;C0018;AL001;405;2026-03-27 00:00:00;2026-03-25 00:00:00;2026-01-27 00:00:00;2026-01-25 00:00:00
2026-01-23 00:00:00;SO579270;C0013;CT001;685;2026-02-20 00:00:00;2026-02-11 00:00:00;2026-01-27 00:00:00;2026-01-18 00:00:00
2026-01-23 00:00:00;SO332034;C0021;VS002;1403;2026-02-06 00:00:00;2026-01-28 00:00:00;2026-01-27 00:00:00;2026-01-18 00:00:00
2026-01-23 00:00:00;SO579270;C0013;CL001;359;2026-02-20 00:00:00;2026-03-01 00:00:00;2026-01-27 00:00:00;2026-02-05 00:00:00
2026-01-23 00:00:00;SO409996;C0018;AS005;937;2026-03-27 00:00:00;2026-03-25 00:00:00;2026-01-27 00:00:00;2026-01-25 00:00:00
2026-01-23 00:00:00;SO332034;C0021;CL002;580;2026-02-06 00:00:00;2026-01-29 00:00:00;2026-01-27 00:00:00;2026-01-19 00:00:00
2026-01-23 00:00:00;SO409996;C0018;CT001;992;2026-03-27 00:00:00;2026-03-25 00:00:00;2026-01-27 00:00:00;2026-01-25 00:00:00
2026-01-23 00:00:00;SO287623;C0010;AS001;402;2026-03-06 00:00:00;2026-03-14 00:00:00;2026-01-26 00:00:00;2026-02-03 00:00:00
2026-01-23 00:00:00;SO287623;C0010;CS001;656;2026-03-06 00:00:00;2026-03-16 00:00:00;2026-01-26 00:00:00;2026-02-05 00:00:00
2026-01-26 00:00:00;SO483615;C0014;CT001;416;2026-03-02 00:00:00;2026-02-25 00:00:00;2026-01-30 00:00:00;2026-01-25 00:00:00
2026-01-26 00:00:00;SO753880;C0026;CS001;1190;2026-03-02 00:00:00;2026-03-04 00:00:00;2026-02-03 00:00:00;2026-02-05 00:00:00
2026-01-26 00:00:00;SO877397;C0028;AS003;713;2026-02-09 00:00:00;2026-01-31 00:00:00;2026-02-03 00:00:00;2026-01-25 00:00:00
2026-01-26 00:00:00;SO137271;C0004;VS003;761;2026-02-09 00:00:00;2026-02-07 00:00:00;2026-01-28 00:00:00;2026-01-26 00:00:00
2026-01-26 00:00:00;SO753880;C0026;CS003;897;2026-03-02 00:00:00;2026-02-20 00:00:00;2026-02-03 00:00:00;2026-01-24 00:00:00
2026-01-26 00:00:00;SO483615;C0014;CL001;501;2026-03-02 00:00:00;2026-03-08 00:00:00;2026-01-30 00:00:00;2026-02-05 00:00:00
2026-01-26 00:00:00;SO753880;C0026;CT002;629;2026-03-02 00:00:00;2026-03-11 00:00:00;2026-02-03 00:00:00;2026-02-12 00:00:00
2026-01-26 00:00:00;SO483615;C0014;CT002;913;2026-03-02 00:00:00;2026-03-09 00:00:00;2026-01-30 00:00:00;2026-02-06 00:00:00
2026-01-26 00:00:00;SO137271;C0004;CS003;848;2026-02-09 00:00:00;2026-02-06 00:00:00;2026-01-28 00:00:00;2026-01-25 00:00:00
2026-01-26 00:00:00;SO753880;C0026;AS003;1101;2026-03-02 00:00:00;2026-03-01 00:00:00;2026-02-03 00:00:00;2026-02-02 00:00:00
2026-01-26 00:00:00;SO483615;C0014;VS003;695;2026-03-02 00:00:00;2026-03-12 00:00:00;2026-01-30 00:00:00;2026-02-09 00:00:00
2026-01-26 00:00:00;SO137271;C0004;CS001;783;2026-02-09 00:00:00;2026-02-09 00:00:00;2026-01-28 00:00:00;2026-01-28 00:00:00
2026-01-26 00:00:00;SO137271;C0004;CL002;585;2026-02-09 00:00:00;2026-02-19 00:00:00;2026-01-28 00:00:00;2026-02-07 00:00:00
2026-01-26 00:00:00;SO483615;C0014;AT001;841;2026-03-02 00:00:00;2026-03-07 00:00:00;2026-01-30 00:00:00;2026-02-04 00:00:00
2026-01-26 00:00:00;SO877397;C0028;AS001;386;2026-02-09 00:00:00;2026-02-12 00:00:00;2026-02-03 00:00:00;2026-02-06 00:00:00
2026-01-26 00:00:00;SO753880;C0026;VS003;588;2026-03-02 00:00:00;2026-03-07 00:00:00;2026-02-03 00:00:00;2026-02-08 00:00:00
2026-01-26 00:00:00;SO137271;C0004;AS002;982;2026-02-09 00:00:00;2026-02-02 00:00:00;2026-01-28 00:00:00;2026-01-21 00:00:00
2026-01-26 00:00:00;SO137271;C0004;VS001;889;2026-02-09 00:00:00;2026-02-01 00:00:00;2026-01-28 00:00:00;2026-01-20 00:00:00
2026-01-26 00:00:00;SO753880;C0026;VS004;873;2026-03-02 00:00:00;2026-03-11 00:00:00;2026-02-03 00:00:00;2026-02-12 00:00:00
2026-01-26 00:00:00;SO483615;C0014;AS003;900;2026-03-02 00:00:00;2026-02-21 00:00:00;2026-01-30 00:00:00;2026-01-21 00:00:00
2026-01-27 00:00:00;SO623147;C0011;CL002;804;2026-03-03 00:00:00;2026-02-24 00:00:00;2026-01-30 00:00:00;2026-01-23 00:00:00
2026-01-27 00:00:00;SO777715;C0004;AS003;651;2026-02-10 00:00:00;2026-01-31 00:00:00;2026-01-29 00:00:00;2026-01-19 00:00:00
2026-01-27 00:00:00;SO754447;C0009;AL002;913;2026-02-10 00:00:00;2026-02-05 00:00:00;2026-01-30 00:00:00;2026-01-25 00:00:00
2026-01-27 00:00:00;SO870685;C0007;CS003;455;2026-03-31 00:00:00;2026-03-21 00:00:00;2026-01-30 00:00:00;2026-01-20 00:00:00
2026-01-27 00:00:00;SO870685;C0007;AS004;490;2026-03-31 00:00:00;2026-03-31 00:00:00;2026-01-30 00:00:00;2026-01-30 00:00:00
2026-01-27 00:00:00;SO777715;C0004;CL001;1154;2026-02-10 00:00:00;2026-02-16 00:00:00;2026-01-29 00:00:00;2026-02-04 00:00:00
2026-01-27 00:00:00;SO870685;C0007;VS002;592;2026-03-31 00:00:00;2026-03-25 00:00:00;2026-01-30 00:00:00;2026-01-24 00:00:00
2026-01-27 00:00:00;SO623147;C0011;VS002;1041;2026-03-03 00:00:00;2026-03-07 00:00:00;2026-01-30 00:00:00;2026-02-03 00:00:00
2026-01-27 00:00:00;SO870685;C0007;CT002;1155;2026-03-31 00:00:00;2026-03-27 00:00:00;2026-01-30 00:00:00;2026-01-26 00:00:00
2026-01-27 00:00:00;SO623147;C0011;AL001;736;2026-03-03 00:00:00;2026-02-28 00:00:00;2026-01-30 00:00:00;2026-01-27 00:00:00
2026-01-27 00:00:00;SO870685;C0007;VS004;911;2026-03-31 00:00:00;2026-04-10 00:00:00;2026-01-30 00:00:00;2026-02-09 00:00:00
2026-01-27 00:00:00;SO623147;C0011;AL002;733;2026-03-03 00:00:00;2026-02-21 00:00:00;2026-01-30 00:00:00;2026-01-20 00:00:00
2026-01-27 00:00:00;SO623147;C0011;AS004;392;2026-03-03 00:00:00;2026-03-04 00:00:00;2026-01-30 00:00:00;2026-01-31 00:00:00
2026-01-27 00:00:00;SO777715;C0004;CS004;638;2026-02-10 00:00:00;2026-02-03 00:00:00;2026-01-29 00:00:00;2026-01-22 00:00:00
2026-01-28 00:00:00;SO355979;C0028;AS002;384;2026-02-11 00:00:00;2026-02-18 00:00:00;2026-02-05 00:00:00;2026-02-12 00:00:00
2026-01-28 00:00:00;SO456164;C0010;CT001;670;2026-03-11 00:00:00;2026-03-12 00:00:00;2026-01-31 00:00:00;2026-02-01 00:00:00
2026-01-28 00:00:00;SO355979;C0028;VS003;554;2026-02-11 00:00:00;2026-02-18 00:00:00;2026-02-05 00:00:00;2026-02-12 00:00:00
2026-01-28 00:00:00;SO355979;C0028;CS001;408;2026-02-11 00:00:00;2026-02-17 00:00:00;2026-02-05 00:00:00;2026-02-11 00:00:00
2026-01-28 00:00:00;SO355979;C0028;AS005;1008;2026-02-11 00:00:00;2026-02-03 00:00:00;2026-02-05 00:00:00;2026-01-28 00:00:00
2026-01-28 00:00:00;SO355979;C0028;AS004;1124;2026-02-11 00:00:00;2026-02-16 00:00:00;2026-02-05 00:00:00;2026-02-10 00:00:00
2026-01-28 00:00:00;SO456164;C0010;CS001;501;2026-03-11 00:00:00;2026-03-17 00:00:00;2026-01-31 00:00:00;2026-02-06 00:00:00
2026-01-28 00:00:00;SO355979;C0028;AL001;923;2026-02-11 00:00:00;2026-02-12 00:00:00;2026-02-05 00:00:00;2026-02-06 00:00:00
2026-01-28 00:00:00;SO456164;C0010;AS001;831;2026-03-11 00:00:00;2026-03-01 00:00:00;2026-01-31 00:00:00;2026-01-21 00:00:00
2026-01-28 00:00:00;SO355979;C0028;CL002;478;2026-02-11 00:00:00;2026-02-03 00:00:00;2026-02-05 00:00:00;2026-01-28 00:00:00
2026-01-28 00:00:00;SO355979;C0028;CT002;755;2026-02-11 00:00:00;2026-02-08 00:00:00;2026-02-05 00:00:00;2026-02-02 00:00:00
2026-01-28 00:00:00;SO456164;C0010;AS004;392;2026-03-11 00:00:00;2026-03-04 00:00:00;2026-01-31 00:00:00;2026-01-24 00:00:00
2026-01-28 00:00:00;SO456164;C0010;VS002;441;2026-03-11 00:00:00;2026-03-04 00:00:00;2026-01-31 00:00:00;2026-01-24 00:00:00
2026-01-28 00:00:00;SO355979;C0028;AT001;472;2026-02-11 00:00:00;2026-02-21 00:00:00;2026-02-05 00:00:00;2026-02-15 00:00:00
2026-01-28 00:00:00;SO456164;C0010;VS005;1206;2026-03-11 00:00:00;2026-03-13 00:00:00;2026-01-31 00:00:00;2026-02-02 00:00:00
2026-01-29 00:00:00;SO152602;C0022;AS001;686;2026-03-12 00:00:00;2026-03-06 00:00:00;2026-02-02 00:00:00;2026-01-27 00:00:00
2026-01-29 00:00:00;SO890190;C0027;AL002;1224;2026-03-12 00:00:00;2026-03-19 00:00:00;2026-02-06 00:00:00;2026-02-13 00:00:00
2026-01-29 00:00:00;SO290035;C0001;AS005;538;2026-02-26 00:00:00;2026-02-23 00:00:00;2026-01-31 00:00:00;2026-01-28 00:00:00
2026-01-29 00:00:00;SO290035;C0001;AS004;488;2026-02-26 00:00:00;2026-03-06 00:00:00;2026-01-31 00:00:00;2026-02-08 00:00:00
2026-01-29 00:00:00;SO152602;C0022;CT003;594;2026-03-12 00:00:00;2026-03-11 00:00:00;2026-02-02 00:00:00;2026-02-01 00:00:00
2026-01-29 00:00:00;SO890190;C0027;AL001;1215;2026-03-12 00:00:00;2026-03-02 00:00:00;2026-02-06 00:00:00;2026-01-27 00:00:00
2026-01-29 00:00:00;SO890190;C0027;VS004;956;2026-03-12 00:00:00;2026-03-21 00:00:00;2026-02-06 00:00:00;2026-02-15 00:00:00
2026-01-29 00:00:00;SO290035;C0001;VS003;662;2026-02-26 00:00:00;2026-02-21 00:00:00;2026-01-31 00:00:00;2026-01-26 00:00:00
2026-01-29 00:00:00;SO290035;C0001;VS001;917;2026-02-26 00:00:00;2026-03-07 00:00:00;2026-01-31 00:00:00;2026-02-09 00:00:00
2026-01-29 00:00:00;SO152602;C0022;AS004;945;2026-03-12 00:00:00;2026-03-20 00:00:00;2026-02-02 00:00:00;2026-02-10 00:00:00
2026-01-29 00:00:00;SO890190;C0027;CS004;945;2026-03-12 00:00:00;2026-03-02 00:00:00;2026-02-06 00:00:00;2026-01-27 00:00:00
2026-01-29 00:00:00;SO152602;C0022;CS004;431;2026-03-12 00:00:00;2026-03-10 00:00:00;2026-02-02 00:00:00;2026-01-31 00:00:00
2026-01-29 00:00:00;SO152602;C0022;CL002;1205;2026-03-12 00:00:00;2026-03-02 00:00:00;2026-02-02 00:00:00;2026-01-23 00:00:00
2026-01-30 00:00:00;SO207647;C0028;AS001;753;2026-02-13 00:00:00;2026-02-12 00:00:00;2026-02-07 00:00:00;2026-02-06 00:00:00
2026-01-30 00:00:00;SO257027;C0007;AL001;594;2026-04-03 00:00:00;2026-03-25 00:00:00;2026-02-02 00:00:00;2026-01-24 00:00:00
2026-01-30 00:00:00;SO257027;C0007;AS005;1375;2026-04-03 00:00:00;2026-03-29 00:00:00;2026-02-02 00:00:00;2026-01-28 00:00:00
2026-01-30 00:00:00;SO207647;C0028;CS002;1193;2026-02-13 00:00:00;2026-02-18 00:00:00;2026-02-07 00:00:00;2026-02-12 00:00:00
2026-01-30 00:00:00;SO207647;C0028;AS002;701;2026-02-13 00:00:00;2026-02-20 00:00:00;2026-02-07 00:00:00;2026-02-14 00:00:00
2026-01-30 00:00:00;SO207647;C0028;AL002;568;2026-02-13 00:00:00;2026-02-10 00:00:00;2026-02-07 00:00:00;2026-02-04 00:00:00
2026-01-30 00:00:00;SO207647;C0028;AT001;422;2026-02-13 00:00:00;2026-02-08 00:00:00;2026-02-07 00:00:00;2026-02-02 00:00:00
2026-01-30 00:00:00;SO207647;C0028;CT002;769;2026-02-13 00:00:00;2026-02-04 00:00:00;2026-02-07 00:00:00;2026-01-29 00:00:00
2026-01-30 00:00:00;SO207647;C0028;AL001;1120;2026-02-13 00:00:00;2026-02-20 00:00:00;2026-02-07 00:00:00;2026-02-14 00:00:00
2026-01-30 00:00:00;SO207647;C0028;VS005;482;2026-02-13 00:00:00;2026-02-19 00:00:00;2026-02-07 00:00:00;2026-02-13 00:00:00
2026-01-30 00:00:00;SO257027;C0007;AT002;540;2026-04-03 00:00:00;2026-03-31 00:00:00;2026-02-02 00:00:00;2026-01-30 00:00:00
2026-01-30 00:00:00;SO257027;C0007;AS004;699;2026-04-03 00:00:00;2026-03-24 00:00:00;2026-02-02 00:00:00;2026-01-23 00:00:00
2026-01-30 00:00:00;SO257027;C0007;AS002;785;2026-04-03 00:00:00;2026-04-07 00:00:00;2026-02-02 00:00:00;2026-02-06 00:00:00
2026-01-30 00:00:00;SO207647;C0028;CS003;600;2026-02-13 00:00:00;2026-02-16 00:00:00;2026-02-07 00:00:00;2026-02-10 00:00:00
2026-01-30 00:00:00;SO257027;C0007;CS003;704;2026-04-03 00:00:00;2026-04-13 00:00:00;2026-02-02 00:00:00;2026-02-12 00:00:00
2026-01-30 00:00:00;SO207647;C0028;AS005;440;2026-02-13 00:00:00;2026-02-06 00:00:00;2026-02-07 00:00:00;2026-01-31 00:00:00
2026-01-30 00:00:00;SO207647;C0028;VS001;786;2026-02-13 00:00:00;2026-02-23 00:00:00;2026-02-07 00:00:00;2026-02-17 00:00:00
2026-01-30 00:00:00;SO257027;C0007;CT002;779;2026-04-03 00:00:00;2026-04-10 00:00:00;2026-02-02 00:00:00;2026-02-09 00:00:00
2026-02-02 00:00:00;SO457342;C0028;VS005;879;2026-02-16 00:00:00;2026-02-22 00:00:00;2026-02-10 00:00:00;2026-02-16 00:00:00
2026-02-02 00:00:00;SO160439;C0016;AS005;564;2026-02-16 00:00:00;2026-02-26 00:00:00;2026-02-06 00:00:00;2026-02-16 00:00:00
2026-02-02 00:00:00;SO457342;C0028;CS002;987;2026-02-16 00:00:00;2026-02-19 00:00:00;2026-02-10 00:00:00;2026-02-13 00:00:00
2026-02-02 00:00:00;SO160439;C0016;CS004;1280;2026-02-16 00:00:00;2026-02-17 00:00:00;2026-02-06 00:00:00;2026-02-07 00:00:00
2026-02-02 00:00:00;SO457342;C0028;VS001;911;2026-02-16 00:00:00;2026-02-13 00:00:00;2026-02-10 00:00:00;2026-02-07 00:00:00
2026-02-02 00:00:00;SO160439;C0016;AL001;1225;2026-02-16 00:00:00;2026-02-18 00:00:00;2026-02-06 00:00:00;2026-02-08 00:00:00
2026-02-02 00:00:00;SO160439;C0016;CL001;1300;2026-02-16 00:00:00;2026-02-17 00:00:00;2026-02-06 00:00:00;2026-02-07 00:00:00
2026-02-02 00:00:00;SO160439;C0016;AT001;925;2026-02-16 00:00:00;2026-02-21 00:00:00;2026-02-06 00:00:00;2026-02-11 00:00:00
2026-02-02 00:00:00;SO457342;C0028;AL002;367;2026-02-16 00:00:00;2026-02-14 00:00:00;2026-02-10 00:00:00;2026-02-08 00:00:00
2026-02-02 00:00:00;SO457342;C0028;AL001;590;2026-02-16 00:00:00;2026-02-07 00:00:00;2026-02-10 00:00:00;2026-02-01 00:00:00
2026-02-02 00:00:00;SO457342;C0028;CL002;1314;2026-02-16 00:00:00;2026-02-12 00:00:00;2026-02-10 00:00:00;2026-02-06 00:00:00
2026-02-02 00:00:00;SO160439;C0016;CL002;491;2026-02-16 00:00:00;2026-02-08 00:00:00;2026-02-06 00:00:00;2026-01-29 00:00:00
2026-02-02 00:00:00;SO160439;C0016;AS002;500;2026-02-16 00:00:00;2026-02-22 00:00:00;2026-02-06 00:00:00;2026-02-12 00:00:00
2026-02-02 00:00:00;SO457342;C0028;CS003;761;2026-02-16 00:00:00;2026-02-18 00:00:00;2026-02-10 00:00:00;2026-02-12 00:00:00
2026-02-02 00:00:00;SO160439;C0016;CS003;1026;2026-02-16 00:00:00;2026-02-19 00:00:00;2026-02-06 00:00:00;2026-02-09 00:00:00
2026-02-02 00:00:00;SO457342;C0028;AT001;496;2026-02-16 00:00:00;2026-02-19 00:00:00;2026-02-10 00:00:00;2026-02-13 00:00:00
2026-02-02 00:00:00;SO160439;C0016;CS002;367;2026-02-16 00:00:00;2026-02-08 00:00:00;2026-02-06 00:00:00;2026-01-29 00:00:00
2026-02-02 00:00:00;SO160439;C0016;AL002;885;2026-02-16 00:00:00;2026-02-22 00:00:00;2026-02-06 00:00:00;2026-02-12 00:00:00
2026-02-02 00:00:00;SO457342;C0028;AS002;694;2026-02-16 00:00:00;2026-02-25 00:00:00;2026-02-10 00:00:00;2026-02-19 00:00:00
2026-02-02 00:00:00;SO457342;C0028;CL001;540;2026-02-16 00:00:00;2026-02-09 00:00:00;2026-02-10 00:00:00;2026-02-03 00:00:00
2026-02-03 00:00:00;SO595177;C0016;CL001;402;2026-02-17 00:00:00;2026-02-22 00:00:00;2026-02-07 00:00:00;2026-02-12 00:00:00
2026-02-03 00:00:00;SO333292;C0003;CL002;1302;2026-03-17 00:00:00;2026-03-27 00:00:00;2026-02-05 00:00:00;2026-02-15 00:00:00
2026-02-03 00:00:00;SO333292;C0003;VS001;799;2026-03-17 00:00:00;2026-03-22 00:00:00;2026-02-05 00:00:00;2026-02-10 00:00:00
2026-02-03 00:00:00;SO595177;C0016;AL001;1290;2026-02-17 00:00:00;2026-02-23 00:00:00;2026-02-07 00:00:00;2026-02-13 00:00:00
2026-02-03 00:00:00;SO333292;C0003;CL001;969;2026-03-17 00:00:00;2026-03-22 00:00:00;2026-02-05 00:00:00;2026-02-10 00:00:00
2026-02-03 00:00:00;SO595177;C0016;AS002;384;2026-02-17 00:00:00;2026-02-18 00:00:00;2026-02-07 00:00:00;2026-02-08 00:00:00
2026-02-03 00:00:00;SO333292;C0003;AS002;488;2026-03-17 00:00:00;2026-03-10 00:00:00;2026-02-05 00:00:00;2026-01-29 00:00:00
2026-02-03 00:00:00;SO333292;C0003;AT001;1098;2026-03-17 00:00:00;2026-03-20 00:00:00;2026-02-05 00:00:00;2026-02-08 00:00:00
2026-02-03 00:00:00;SO595177;C0016;CS002;703;2026-02-17 00:00:00;2026-02-07 00:00:00;2026-02-07 00:00:00;2026-01-28 00:00:00
2026-02-03 00:00:00;SO595177;C0016;AT001;699;2026-02-17 00:00:00;2026-02-09 00:00:00;2026-02-07 00:00:00;2026-01-30 00:00:00
2026-02-03 00:00:00;SO595177;C0016;AS005;961;2026-02-17 00:00:00;2026-02-23 00:00:00;2026-02-07 00:00:00;2026-02-13 00:00:00
2026-02-03 00:00:00;SO333292;C0003;CS004;1006;2026-03-17 00:00:00;2026-03-14 00:00:00;2026-02-05 00:00:00;2026-02-02 00:00:00
2026-02-03 00:00:00;SO595177;C0016;CS003;955;2026-02-17 00:00:00;2026-02-07 00:00:00;2026-02-07 00:00:00;2026-01-28 00:00:00
2026-02-04 00:00:00;SO199285;C0003;AL001;530;2026-03-18 00:00:00;2026-03-14 00:00:00;2026-02-06 00:00:00;2026-02-02 00:00:00
2026-02-04 00:00:00;SO524140;C0002;AL001;607;2026-03-11 00:00:00;2026-03-04 00:00:00;2026-02-06 00:00:00;2026-01-30 00:00:00
2026-02-04 00:00:00;SO952240;C0005;AS002;803;2026-04-01 00:00:00;2026-03-22 00:00:00;2026-02-06 00:00:00;2026-01-27 00:00:00
2026-02-04 00:00:00;SO952240;C0005;AS005;746;2026-04-01 00:00:00;2026-04-01 00:00:00;2026-02-06 00:00:00;2026-02-06 00:00:00
2026-02-04 00:00:00;SO952240;C0005;AT001;402;2026-04-01 00:00:00;2026-04-10 00:00:00;2026-02-06 00:00:00;2026-02-15 00:00:00
2026-02-04 00:00:00;SO524140;C0002;CL002;932;2026-03-11 00:00:00;2026-03-11 00:00:00;2026-02-06 00:00:00;2026-02-06 00:00:00
2026-02-04 00:00:00;SO952240;C0005;VS001;405;2026-04-01 00:00:00;2026-03-25 00:00:00;2026-02-06 00:00:00;2026-01-30 00:00:00
2026-02-04 00:00:00;SO524140;C0002;VS001;1006;2026-03-11 00:00:00;2026-03-13 00:00:00;2026-02-06 00:00:00;2026-02-08 00:00:00
2026-02-04 00:00:00;SO524140;C0002;VS004;671;2026-03-11 00:00:00;2026-03-08 00:00:00;2026-02-06 00:00:00;2026-02-03 00:00:00
2026-02-04 00:00:00;SO524140;C0002;CL001;1282;2026-03-11 00:00:00;2026-03-01 00:00:00;2026-02-06 00:00:00;2026-01-27 00:00:00
2026-02-04 00:00:00;SO952240;C0005;AL001;384;2026-04-01 00:00:00;2026-04-03 00:00:00;2026-02-06 00:00:00;2026-02-08 00:00:00
2026-02-04 00:00:00;SO952240;C0005;CS002;756;2026-04-01 00:00:00;2026-03-28 00:00:00;2026-02-06 00:00:00;2026-02-02 00:00:00
2026-02-05 00:00:00;SO169157;C0012;VS004;255;2026-03-05 00:00:00;2026-02-24 00:00:00;2026-02-08 00:00:00;2026-01-30 00:00:00
2026-02-05 00:00:00;SO220152;C0004;AL002;1168;2026-02-19 00:00:00;2026-02-27 00:00:00;2026-02-07 00:00:00;2026-02-15 00:00:00
2026-02-05 00:00:00;SO712780;C0001;CL002;919;2026-03-05 00:00:00;2026-02-28 00:00:00;2026-02-07 00:00:00;2026-02-02 00:00:00
2026-02-05 00:00:00;SO169157;C0012;CS002;464;2026-03-05 00:00:00;2026-03-10 00:00:00;2026-02-08 00:00:00;2026-02-13 00:00:00
2026-02-05 00:00:00;SO712780;C0001;AL002;663;2026-03-05 00:00:00;2026-02-26 00:00:00;2026-02-07 00:00:00;2026-01-31 00:00:00
2026-02-05 00:00:00;SO712780;C0001;CS002;1026;2026-03-05 00:00:00;2026-03-12 00:00:00;2026-02-07 00:00:00;2026-02-14 00:00:00
2026-02-05 00:00:00;SO712780;C0001;VS001;663;2026-03-05 00:00:00;2026-02-26 00:00:00;2026-02-07 00:00:00;2026-01-31 00:00:00
2026-02-05 00:00:00;SO712780;C0001;VS005;521;2026-03-05 00:00:00;2026-02-24 00:00:00;2026-02-07 00:00:00;2026-01-29 00:00:00
2026-02-05 00:00:00;SO712780;C0001;AT001;597;2026-03-05 00:00:00;2026-03-11 00:00:00;2026-02-07 00:00:00;2026-02-13 00:00:00
2026-02-05 00:00:00;SO712780;C0001;VS004;728;2026-03-05 00:00:00;2026-03-11 00:00:00;2026-02-07 00:00:00;2026-02-13 00:00:00
2026-02-05 00:00:00;SO712780;C0001;CL001;715;2026-03-05 00:00:00;2026-03-07 00:00:00;2026-02-07 00:00:00;2026-02-09 00:00:00
2026-02-05 00:00:00;SO220152;C0004;VS005;1006;2026-02-19 00:00:00;2026-02-19 00:00:00;2026-02-07 00:00:00;2026-02-07 00:00:00
2026-02-05 00:00:00;SO712780;C0001;AL001;601;2026-03-05 00:00:00;2026-03-07 00:00:00;2026-02-07 00:00:00;2026-02-09 00:00:00
2026-02-05 00:00:00;SO220152;C0004;VS004;907;2026-02-19 00:00:00;2026-02-17 00:00:00;2026-02-07 00:00:00;2026-02-05 00:00:00
2026-02-06 00:00:00;SO644269;C0003;CL001;705;2026-03-20 00:00:00;2026-03-18 00:00:00;2026-02-08 00:00:00;2026-02-06 00:00:00
2026-02-06 00:00:00;SO903364;C0019;CS003;917;2026-04-10 00:00:00;2026-04-15 00:00:00;2026-02-10 00:00:00;2026-02-15 00:00:00
2026-02-06 00:00:00;SO339872;C0018;CS004;347;2026-04-10 00:00:00;2026-04-09 00:00:00;2026-02-10 00:00:00;2026-02-09 00:00:00
2026-02-06 00:00:00;SO903364;C0019;VS005;904;2026-04-10 00:00:00;2026-04-20 00:00:00;2026-02-10 00:00:00;2026-02-20 00:00:00
2026-02-06 00:00:00;SO339872;C0018;AS002;1290;2026-04-10 00:00:00;2026-04-09 00:00:00;2026-02-10 00:00:00;2026-02-09 00:00:00
2026-02-06 00:00:00;SO339872;C0018;AS005;914;2026-04-10 00:00:00;2026-04-03 00:00:00;2026-02-10 00:00:00;2026-02-03 00:00:00
2026-02-06 00:00:00;SO644269;C0003;AT001;874;2026-03-20 00:00:00;2026-03-24 00:00:00;2026-02-08 00:00:00;2026-02-12 00:00:00
2026-02-06 00:00:00;SO339872;C0018;AL002;1219;2026-04-10 00:00:00;2026-04-05 00:00:00;2026-02-10 00:00:00;2026-02-05 00:00:00
2026-02-06 00:00:00;SO339872;C0018;CS002;538;2026-04-10 00:00:00;2026-04-15 00:00:00;2026-02-10 00:00:00;2026-02-15 00:00:00
2026-02-06 00:00:00;SO339872;C0018;CL002;627;2026-04-10 00:00:00;2026-04-09 00:00:00;2026-02-10 00:00:00;2026-02-09 00:00:00
2026-02-06 00:00:00;SO903364;C0019;AT001;638;2026-04-10 00:00:00;2026-04-12 00:00:00;2026-02-10 00:00:00;2026-02-12 00:00:00
2026-02-06 00:00:00;SO339872;C0018;VS004;709;2026-04-10 00:00:00;2026-04-13 00:00:00;2026-02-10 00:00:00;2026-02-13 00:00:00
2026-02-06 00:00:00;SO903364;C0019;VS001;883;2026-04-10 00:00:00;2026-04-12 00:00:00;2026-02-10 00:00:00;2026-02-12 00:00:00
2026-02-06 00:00:00;SO339872;C0018;CL001;866;2026-04-10 00:00:00;2026-04-12 00:00:00;2026-02-10 00:00:00;2026-02-12 00:00:00
2026-02-06 00:00:00;SO339872;C0018;VS001;1475;2026-04-10 00:00:00;2026-04-05 00:00:00;2026-02-10 00:00:00;2026-02-05 00:00:00
2026-02-06 00:00:00;SO644269;C0003;CS003;1046;2026-03-20 00:00:00;2026-03-27 00:00:00;2026-02-08 00:00:00;2026-02-15 00:00:00
2026-02-06 00:00:00;SO644269;C0003;AS002;831;2026-03-20 00:00:00;2026-03-27 00:00:00;2026-02-08 00:00:00;2026-02-15 00:00:00
2026-02-09 00:00:00;SO549978;C0018;VS004;1027;2026-04-13 00:00:00;2026-04-04 00:00:00;2026-02-13 00:00:00;2026-02-04 00:00:00
2026-02-09 00:00:00;SO127675;C0006;VS004;1073;2026-04-13 00:00:00;2026-04-10 00:00:00;2026-02-11 00:00:00;2026-02-08 00:00:00
2026-02-09 00:00:00;SO326174;C0027;AS002;550;2026-03-23 00:00:00;2026-03-22 00:00:00;2026-02-17 00:00:00;2026-02-16 00:00:00
2026-02-09 00:00:00;SO593506;C0020;AS002;588;2026-04-06 00:00:00;2026-04-13 00:00:00;2026-02-13 00:00:00;2026-02-20 00:00:00
2026-02-09 00:00:00;SO593506;C0020;VS001;1101;2026-04-06 00:00:00;2026-03-27 00:00:00;2026-02-13 00:00:00;2026-02-03 00:00:00
2026-02-09 00:00:00;SO549978;C0018;VS005;505;2026-04-13 00:00:00;2026-04-08 00:00:00;2026-02-13 00:00:00;2026-02-08 00:00:00
2026-02-09 00:00:00;SO593506;C0020;CS004;762;2026-04-06 00:00:00;2026-04-02 00:00:00;2026-02-13 00:00:00;2026-02-09 00:00:00
2026-02-09 00:00:00;SO127675;C0006;CL001;445;2026-04-13 00:00:00;2026-04-05 00:00:00;2026-02-11 00:00:00;2026-02-03 00:00:00
2026-02-09 00:00:00;SO127675;C0006;CS002;503;2026-04-13 00:00:00;2026-04-23 00:00:00;2026-02-11 00:00:00;2026-02-21 00:00:00
2026-02-09 00:00:00;SO127675;C0006;VS001;1072;2026-04-13 00:00:00;2026-04-03 00:00:00;2026-02-11 00:00:00;2026-02-01 00:00:00
2026-02-09 00:00:00;SO127675;C0006;CS003;1098;2026-04-13 00:00:00;2026-04-18 00:00:00;2026-02-11 00:00:00;2026-02-16 00:00:00
2026-02-09 00:00:00;SO326174;C0027;CS002;605;2026-03-23 00:00:00;2026-03-28 00:00:00;2026-02-17 00:00:00;2026-02-22 00:00:00
2026-02-10 00:00:00;SO492456;C0009;AT001;1011;2026-02-24 00:00:00;2026-03-03 00:00:00;2026-02-13 00:00:00;2026-02-20 00:00:00
2026-02-10 00:00:00;SO389590;C0017;AL002;970;2026-04-07 00:00:00;2026-03-29 00:00:00;2026-02-14 00:00:00;2026-02-05 00:00:00
2026-02-10 00:00:00;SO389590;C0017;AT001;553;2026-04-07 00:00:00;2026-04-03 00:00:00;2026-02-14 00:00:00;2026-02-10 00:00:00
2026-02-10 00:00:00;SO389590;C0017;CL002;512;2026-04-07 00:00:00;2026-04-03 00:00:00;2026-02-14 00:00:00;2026-02-10 00:00:00
2026-02-10 00:00:00;SO389590;C0017;VS005;1323;2026-04-07 00:00:00;2026-04-05 00:00:00;2026-02-14 00:00:00;2026-02-12 00:00:00
2026-02-10 00:00:00;SO492456;C0009;CL002;889;2026-02-24 00:00:00;2026-02-26 00:00:00;2026-02-13 00:00:00;2026-02-15 00:00:00
2026-02-10 00:00:00;SO389590;C0017;AS005;1261;2026-04-07 00:00:00;2026-04-17 00:00:00;2026-02-14 00:00:00;2026-02-24 00:00:00
2026-02-10 00:00:00;SO492456;C0009;CS004;618;2026-02-24 00:00:00;2026-02-20 00:00:00;2026-02-13 00:00:00;2026-02-09 00:00:00
2026-02-10 00:00:00;SO492456;C0009;VS001;675;2026-02-24 00:00:00;2026-03-04 00:00:00;2026-02-13 00:00:00;2026-02-21 00:00:00
2026-02-10 00:00:00;SO492456;C0009;CS003;1243;2026-02-24 00:00:00;2026-02-26 00:00:00;2026-02-13 00:00:00;2026-02-15 00:00:00
2026-02-10 00:00:00;SO389590;C0017;AS002;474;2026-04-07 00:00:00;2026-03-28 00:00:00;2026-02-14 00:00:00;2026-02-04 00:00:00
2026-02-10 00:00:00;SO492456;C0009;AL002;883;2026-02-24 00:00:00;2026-02-25 00:00:00;2026-02-13 00:00:00;2026-02-14 00:00:00
2026-02-11 00:00:00;SO336418;C0013;CL002;1103;2026-03-11 00:00:00;2026-03-13 00:00:00;2026-02-15 00:00:00;2026-02-17 00:00:00
2026-02-11 00:00:00;SO740022;C0022;CS002;889;2026-03-25 00:00:00;2026-03-21 00:00:00;2026-02-15 00:00:00;2026-02-11 00:00:00
2026-02-11 00:00:00;SO740022;C0022;AL002;596;2026-03-25 00:00:00;2026-04-03 00:00:00;2026-02-15 00:00:00;2026-02-24 00:00:00
2026-02-11 00:00:00;SO336418;C0013;VS005;1152;2026-03-11 00:00:00;2026-03-08 00:00:00;2026-02-15 00:00:00;2026-02-12 00:00:00
2026-02-11 00:00:00;SO740022;C0022;AS002;315;2026-03-25 00:00:00;2026-03-20 00:00:00;2026-02-15 00:00:00;2026-02-10 00:00:00
2026-02-11 00:00:00;SO740022;C0022;CS003;656;2026-03-25 00:00:00;2026-03-17 00:00:00;2026-02-15 00:00:00;2026-02-07 00:00:00
2026-02-11 00:00:00;SO740022;C0022;VS004;994;2026-03-25 00:00:00;2026-03-23 00:00:00;2026-02-15 00:00:00;2026-02-13 00:00:00
2026-02-11 00:00:00;SO740022;C0022;VS001;902;2026-03-25 00:00:00;2026-04-02 00:00:00;2026-02-15 00:00:00;2026-02-23 00:00:00
2026-02-11 00:00:00;SO336418;C0013;AS002;473;2026-03-11 00:00:00;2026-03-16 00:00:00;2026-02-15 00:00:00;2026-02-20 00:00:00
2026-02-11 00:00:00;SO740022;C0022;CL001;894;2026-03-25 00:00:00;2026-03-24 00:00:00;2026-02-15 00:00:00;2026-02-14 00:00:00
2026-02-11 00:00:00;SO740022;C0022;VS005;465;2026-03-25 00:00:00;2026-03-20 00:00:00;2026-02-15 00:00:00;2026-02-10 00:00:00
2026-02-11 00:00:00;SO740022;C0022;CS004;511;2026-03-25 00:00:00;2026-03-31 00:00:00;2026-02-15 00:00:00;2026-02-21 00:00:00
2026-02-11 00:00:00;SO336418;C0013;CS004;1097;2026-03-11 00:00:00;2026-03-04 00:00:00;2026-02-15 00:00:00;2026-02-08 00:00:00
2026-02-11 00:00:00;SO740022;C0022;AT001;710;2026-03-25 00:00:00;2026-03-25 00:00:00;2026-02-15 00:00:00;2026-02-15 00:00:00
2026-02-11 00:00:00;SO336418;C0013;AL001;909;2026-03-11 00:00:00;2026-03-20 00:00:00;2026-02-15 00:00:00;2026-02-24 00:00:00
2026-02-11 00:00:00;SO336418;C0013;VS001;701;2026-03-11 00:00:00;2026-03-21 00:00:00;2026-02-15 00:00:00;2026-02-25 00:00:00
2026-02-11 00:00:00;SO336418;C0013;CL001;1181;2026-03-11 00:00:00;2026-03-10 00:00:00;2026-02-15 00:00:00;2026-02-14 00:00:00
2026-02-11 00:00:00;SO740022;C0022;AS005;1093;2026-03-25 00:00:00;2026-03-22 00:00:00;2026-02-15 00:00:00;2026-02-12 00:00:00
2026-02-12 00:00:00;SO691819;C0017;CL002;785;2026-04-09 00:00:00;2026-04-17 00:00:00;2026-02-16 00:00:00;2026-02-24 00:00:00
2026-02-12 00:00:00;SO332162;C0002;CS003;1160;2026-03-19 00:00:00;2026-03-09 00:00:00;2026-02-14 00:00:00;2026-02-04 00:00:00
2026-02-12 00:00:00;SO624794;C0024;CL001;497;2026-03-12 00:00:00;2026-03-11 00:00:00;2026-02-16 00:00:00;2026-02-15 00:00:00
2026-02-12 00:00:00;SO624794;C0024;VS001;1120;2026-03-12 00:00:00;2026-03-22 00:00:00;2026-02-16 00:00:00;2026-02-26 00:00:00
2026-02-12 00:00:00;SO332162;C0002;CS004;1131;2026-03-19 00:00:00;2026-03-10 00:00:00;2026-02-14 00:00:00;2026-02-05 00:00:00
2026-02-12 00:00:00;SO332162;C0002;CS002;996;2026-03-19 00:00:00;2026-03-29 00:00:00;2026-02-14 00:00:00;2026-02-24 00:00:00
2026-02-12 00:00:00;SO332162;C0002;VS004;516;2026-03-19 00:00:00;2026-03-18 00:00:00;2026-02-14 00:00:00;2026-02-13 00:00:00
2026-02-12 00:00:00;SO624794;C0024;CS003;642;2026-03-12 00:00:00;2026-03-20 00:00:00;2026-02-16 00:00:00;2026-02-24 00:00:00
2026-02-12 00:00:00;SO624794;C0024;CL002;469;2026-03-12 00:00:00;2026-03-15 00:00:00;2026-02-16 00:00:00;2026-02-19 00:00:00
2026-02-12 00:00:00;SO624794;C0024;AT001;794;2026-03-12 00:00:00;2026-03-05 00:00:00;2026-02-16 00:00:00;2026-02-09 00:00:00
2026-02-12 00:00:00;SO691819;C0017;AT001;431;2026-04-09 00:00:00;2026-04-18 00:00:00;2026-02-16 00:00:00;2026-02-25 00:00:00
2026-02-12 00:00:00;SO691819;C0017;AL002;867;2026-04-09 00:00:00;2026-04-07 00:00:00;2026-02-16 00:00:00;2026-02-14 00:00:00
2026-02-12 00:00:00;SO332162;C0002;AL001;1056;2026-03-19 00:00:00;2026-03-13 00:00:00;2026-02-14 00:00:00;2026-02-08 00:00:00
2026-02-12 00:00:00;SO691819;C0017;AL001;637;2026-04-09 00:00:00;2026-03-31 00:00:00;2026-02-16 00:00:00;2026-02-07 00:00:00
2026-02-12 00:00:00;SO332162;C0002;AS005;790;2026-03-19 00:00:00;2026-03-24 00:00:00;2026-02-14 00:00:00;2026-02-19 00:00:00
2026-02-12 00:00:00;SO332162;C0002;VS005;611;2026-03-19 00:00:00;2026-03-28 00:00:00;2026-02-14 00:00:00;2026-02-23 00:00:00
2026-02-12 00:00:00;SO624794;C0024;AS005;975;2026-03-12 00:00:00;2026-03-12 00:00:00;2026-02-16 00:00:00;2026-02-16 00:00:00
2026-02-12 00:00:00;SO691819;C0017;AS002;873;2026-04-09 00:00:00;2026-04-02 00:00:00;2026-02-16 00:00:00;2026-02-09 00:00:00
2026-02-12 00:00:00;SO691819;C0017;VS001;509;2026-04-09 00:00:00;2026-04-13 00:00:00;2026-02-16 00:00:00;2026-02-20 00:00:00
2026-02-12 00:00:00;SO332162;C0002;AL002;718;2026-03-19 00:00:00;2026-03-29 00:00:00;2026-02-14 00:00:00;2026-02-24 00:00:00
2026-02-13 00:00:00;SO485456;C0027;VS001;964;2026-03-27 00:00:00;2026-03-23 00:00:00;2026-02-21 00:00:00;2026-02-17 00:00:00
2026-02-13 00:00:00;SO991670;C0021;CL002;615;2026-02-27 00:00:00;2026-02-18 00:00:00;2026-02-17 00:00:00;2026-02-08 00:00:00
2026-02-13 00:00:00;SO852945;C0029;CS002;1207;2026-04-10 00:00:00;2026-04-10 00:00:00;2026-02-21 00:00:00;2026-02-21 00:00:00
2026-02-13 00:00:00;SO481905;C0022;AL001;1185;2026-03-27 00:00:00;2026-03-17 00:00:00;2026-02-17 00:00:00;2026-02-07 00:00:00
2026-02-13 00:00:00;SO485456;C0027;CS004;1007;2026-03-27 00:00:00;2026-03-28 00:00:00;2026-02-21 00:00:00;2026-02-22 00:00:00
2026-02-13 00:00:00;SO852945;C0029;VS001;616;2026-04-10 00:00:00;2026-04-01 00:00:00;2026-02-21 00:00:00;2026-02-12 00:00:00
2026-02-13 00:00:00;SO481905;C0022;CS003;1041;2026-03-27 00:00:00;2026-03-17 00:00:00;2026-02-17 00:00:00;2026-02-07 00:00:00
2026-02-13 00:00:00;SO991670;C0021;AT001;1349;2026-02-27 00:00:00;2026-02-22 00:00:00;2026-02-17 00:00:00;2026-02-12 00:00:00
2026-02-13 00:00:00;SO481905;C0022;VS004;479;2026-03-27 00:00:00;2026-03-18 00:00:00;2026-02-17 00:00:00;2026-02-08 00:00:00
2026-02-13 00:00:00;SO852945;C0029;AL001;346;2026-04-10 00:00:00;2026-04-17 00:00:00;2026-02-21 00:00:00;2026-02-28 00:00:00
2026-02-13 00:00:00;SO481905;C0022;AS005;297;2026-03-27 00:00:00;2026-03-18 00:00:00;2026-02-17 00:00:00;2026-02-08 00:00:00
2026-02-13 00:00:00;SO481905;C0022;CS002;1140;2026-03-27 00:00:00;2026-03-18 00:00:00;2026-02-17 00:00:00;2026-02-08 00:00:00
2026-02-13 00:00:00;SO485456;C0027;CS003;958;2026-03-27 00:00:00;2026-04-02 00:00:00;2026-02-21 00:00:00;2026-02-27 00:00:00
2026-02-13 00:00:00;SO991670;C0021;CS003;615;2026-02-27 00:00:00;2026-02-17 00:00:00;2026-02-17 00:00:00;2026-02-07 00:00:00
2026-02-13 00:00:00;SO481905;C0022;AL002;917;2026-03-27 00:00:00;2026-03-18 00:00:00;2026-02-17 00:00:00;2026-02-08 00:00:00
2026-02-13 00:00:00;SO852945;C0029;CS004;621;2026-04-10 00:00:00;2026-04-02 00:00:00;2026-02-21 00:00:00;2026-02-13 00:00:00
2026-02-13 00:00:00;SO481905;C0022;VS001;1136;2026-03-27 00:00:00;2026-03-20 00:00:00;2026-02-17 00:00:00;2026-02-10 00:00:00
2026-02-13 00:00:00;SO481905;C0022;CL001;1117;2026-03-27 00:00:00;2026-03-17 00:00:00;2026-02-17 00:00:00;2026-02-07 00:00:00
2026-02-13 00:00:00;SO485456;C0027;CL001;1012;2026-03-27 00:00:00;2026-03-24 00:00:00;2026-02-21 00:00:00;2026-02-18 00:00:00
2026-02-13 00:00:00;SO485456;C0027;VS004;431;2026-03-27 00:00:00;2026-03-24 00:00:00;2026-02-21 00:00:00;2026-02-18 00:00:00
2026-02-16 00:00:00;SO592496;C0023;AS002;1058;2026-03-23 00:00:00;2026-03-24 00:00:00;2026-02-20 00:00:00;2026-02-21 00:00:00
2026-02-16 00:00:00;SO214970;C0004;AL001;431;2026-03-02 00:00:00;2026-03-08 00:00:00;2026-02-18 00:00:00;2026-02-24 00:00:00
2026-02-16 00:00:00;SO328599;C0002;CS004;828;2026-03-23 00:00:00;2026-03-30 00:00:00;2026-02-18 00:00:00;2026-02-25 00:00:00
2026-02-16 00:00:00;SO592496;C0023;AS005;327;2026-03-23 00:00:00;2026-03-28 00:00:00;2026-02-20 00:00:00;2026-02-25 00:00:00
2026-02-16 00:00:00;SO214970;C0004;CS002;1138;2026-03-02 00:00:00;2026-03-01 00:00:00;2026-02-18 00:00:00;2026-02-17 00:00:00
2026-02-16 00:00:00;SO592496;C0023;CL002;1029;2026-03-23 00:00:00;2026-03-16 00:00:00;2026-02-20 00:00:00;2026-02-13 00:00:00
2026-02-16 00:00:00;SO592496;C0023;CS004;492;2026-03-23 00:00:00;2026-04-01 00:00:00;2026-02-20 00:00:00;2026-03-01 00:00:00
2026-02-16 00:00:00;SO328599;C0002;AL002;878;2026-03-23 00:00:00;2026-03-25 00:00:00;2026-02-18 00:00:00;2026-02-20 00:00:00
2026-02-16 00:00:00;SO328599;C0002;VS005;424;2026-03-23 00:00:00;2026-04-01 00:00:00;2026-02-18 00:00:00;2026-02-27 00:00:00
2026-02-16 00:00:00;SO592496;C0023;VS005;659;2026-03-23 00:00:00;2026-03-14 00:00:00;2026-02-20 00:00:00;2026-02-11 00:00:00
2026-02-16 00:00:00;SO214970;C0004;CS004;1214;2026-03-02 00:00:00;2026-02-24 00:00:00;2026-02-18 00:00:00;2026-02-12 00:00:00
2026-02-16 00:00:00;SO328599;C0002;CL002;1145;2026-03-23 00:00:00;2026-03-30 00:00:00;2026-02-18 00:00:00;2026-02-25 00:00:00
2026-02-16 00:00:00;SO592496;C0023;CS002;1007;2026-03-23 00:00:00;2026-03-17 00:00:00;2026-02-20 00:00:00;2026-02-14 00:00:00
2026-02-16 00:00:00;SO214970;C0004;VS005;1013;2026-03-02 00:00:00;2026-02-24 00:00:00;2026-02-18 00:00:00;2026-02-12 00:00:00
2026-02-16 00:00:00;SO592496;C0023;CL001;1032;2026-03-23 00:00:00;2026-03-16 00:00:00;2026-02-20 00:00:00;2026-02-13 00:00:00
2026-02-16 00:00:00;SO328599;C0002;AT001;498;2026-03-23 00:00:00;2026-04-01 00:00:00;2026-02-18 00:00:00;2026-02-27 00:00:00
2026-02-16 00:00:00;SO328599;C0002;CL001;432;2026-03-23 00:00:00;2026-03-27 00:00:00;2026-02-18 00:00:00;2026-02-22 00:00:00
2026-02-17 00:00:00;SO197498;C0007;CS003;410;2026-04-21 00:00:00;2026-04-21 00:00:00;2026-02-20 00:00:00;2026-02-20 00:00:00
2026-02-17 00:00:00;SO565527;C0026;AS005;1252;2026-03-24 00:00:00;2026-04-01 00:00:00;2026-02-25 00:00:00;2026-03-05 00:00:00
2026-02-17 00:00:00;SO899365;C0027;AS002;605;2026-03-31 00:00:00;2026-04-04 00:00:00;2026-02-25 00:00:00;2026-03-01 00:00:00
2026-02-17 00:00:00;SO197498;C0007;AL001;328;2026-04-21 00:00:00;2026-04-28 00:00:00;2026-02-20 00:00:00;2026-02-27 00:00:00
2026-02-17 00:00:00;SO899365;C0027;CL002;399;2026-03-31 00:00:00;2026-04-05 00:00:00;2026-02-25 00:00:00;2026-03-02 00:00:00
2026-02-17 00:00:00;SO565527;C0026;CL002;753;2026-03-24 00:00:00;2026-03-31 00:00:00;2026-02-25 00:00:00;2026-03-04 00:00:00
2026-02-17 00:00:00;SO197498;C0007;AL002;864;2026-04-21 00:00:00;2026-04-17 00:00:00;2026-02-20 00:00:00;2026-02-16 00:00:00
2026-02-17 00:00:00;SO899365;C0027;VS001;1206;2026-03-31 00:00:00;2026-03-30 00:00:00;2026-02-25 00:00:00;2026-02-24 00:00:00
2026-02-17 00:00:00;SO899365;C0027;AL001;590;2026-03-31 00:00:00;2026-03-27 00:00:00;2026-02-25 00:00:00;2026-02-21 00:00:00
2026-02-17 00:00:00;SO899365;C0027;CS002;729;2026-03-31 00:00:00;2026-03-25 00:00:00;2026-02-25 00:00:00;2026-02-19 00:00:00
2026-02-17 00:00:00;SO197498;C0007;AS002;895;2026-04-21 00:00:00;2026-04-21 00:00:00;2026-02-20 00:00:00;2026-02-20 00:00:00
2026-02-17 00:00:00;SO899365;C0027;AL002;600;2026-03-31 00:00:00;2026-04-02 00:00:00;2026-02-25 00:00:00;2026-02-27 00:00:00
2026-02-17 00:00:00;SO899365;C0027;VS005;325;2026-03-31 00:00:00;2026-04-07 00:00:00;2026-02-25 00:00:00;2026-03-04 00:00:00
2026-02-18 00:00:00;SO543624;C0007;CS002;1069;2026-04-22 00:00:00;2026-05-01 00:00:00;2026-02-21 00:00:00;2026-03-02 00:00:00
2026-02-18 00:00:00;SO649063;C0006;CL002;407;2026-04-22 00:00:00;2026-04-19 00:00:00;2026-02-20 00:00:00;2026-02-17 00:00:00
2026-02-18 00:00:00;SO543624;C0007;VS005;647;2026-04-22 00:00:00;2026-04-16 00:00:00;2026-02-21 00:00:00;2026-02-15 00:00:00
2026-02-18 00:00:00;SO543624;C0007;VS004;800;2026-04-22 00:00:00;2026-04-28 00:00:00;2026-02-21 00:00:00;2026-02-27 00:00:00
2026-02-18 00:00:00;SO543624;C0007;AT001;873;2026-04-22 00:00:00;2026-04-16 00:00:00;2026-02-21 00:00:00;2026-02-15 00:00:00
2026-02-18 00:00:00;SO543624;C0007;CS003;441;2026-04-22 00:00:00;2026-04-21 00:00:00;2026-02-21 00:00:00;2026-02-20 00:00:00
2026-02-18 00:00:00;SO543624;C0007;CS004;923;2026-04-22 00:00:00;2026-04-26 00:00:00;2026-02-21 00:00:00;2026-02-25 00:00:00
2026-02-18 00:00:00;SO543624;C0007;AL001;1010;2026-04-22 00:00:00;2026-04-29 00:00:00;2026-02-21 00:00:00;2026-02-28 00:00:00
2026-02-18 00:00:00;SO543624;C0007;AL002;884;2026-04-22 00:00:00;2026-04-19 00:00:00;2026-02-21 00:00:00;2026-02-18 00:00:00
2026-02-18 00:00:00;SO649063;C0006;CS004;596;2026-04-22 00:00:00;2026-04-28 00:00:00;2026-02-20 00:00:00;2026-02-26 00:00:00
2026-02-18 00:00:00;SO649063;C0006;AS002;588;2026-04-22 00:00:00;2026-04-29 00:00:00;2026-02-20 00:00:00;2026-02-27 00:00:00
2026-02-18 00:00:00;SO543624;C0007;VS001;878;2026-04-22 00:00:00;2026-04-14 00:00:00;2026-02-21 00:00:00;2026-02-13 00:00:00
2026-02-19 00:00:00;SO448400;C0008;AS005;729;2026-04-16 00:00:00;2026-04-09 00:00:00;2026-02-22 00:00:00;2026-02-15 00:00:00
2026-02-19 00:00:00;SO663829;C0001;AL002;491;2026-03-19 00:00:00;2026-03-17 00:00:00;2026-02-21 00:00:00;2026-02-19 00:00:00
2026-02-19 00:00:00;SO663829;C0001;AT001;677;2026-03-19 00:00:00;2026-03-25 00:00:00;2026-02-21 00:00:00;2026-02-27 00:00:00
2026-02-19 00:00:00;SO448400;C0008;VS001;733;2026-04-16 00:00:00;2026-04-26 00:00:00;2026-02-22 00:00:00;2026-03-04 00:00:00
2026-02-19 00:00:00;SO663829;C0001;VS005;1285;2026-03-19 00:00:00;2026-03-26 00:00:00;2026-02-21 00:00:00;2026-02-28 00:00:00
2026-02-19 00:00:00;SO663829;C0001;AS005;918;2026-03-19 00:00:00;2026-03-15 00:00:00;2026-02-21 00:00:00;2026-02-17 00:00:00
2026-02-19 00:00:00;SO448400;C0008;AL001;1281;2026-04-16 00:00:00;2026-04-12 00:00:00;2026-02-22 00:00:00;2026-02-18 00:00:00
2026-02-19 00:00:00;SO663829;C0001;VS001;401;2026-03-19 00:00:00;2026-03-15 00:00:00;2026-02-21 00:00:00;2026-02-17 00:00:00
2026-02-19 00:00:00;SO448400;C0008;VS005;1164;2026-04-16 00:00:00;2026-04-21 00:00:00;2026-02-22 00:00:00;2026-02-27 00:00:00
2026-02-19 00:00:00;SO663829;C0001;CS003;1044;2026-03-19 00:00:00;2026-03-28 00:00:00;2026-02-21 00:00:00;2026-03-02 00:00:00
2026-02-19 00:00:00;SO448400;C0008;CS003;468;2026-04-16 00:00:00;2026-04-18 00:00:00;2026-02-22 00:00:00;2026-02-24 00:00:00
2026-02-19 00:00:00;SO663829;C0001;AL001;649;2026-03-19 00:00:00;2026-03-28 00:00:00;2026-02-21 00:00:00;2026-03-02 00:00:00
2026-02-20 00:00:00;SO796665;C0021;AL002;887;2026-03-06 00:00:00;2026-03-01 00:00:00;2026-02-24 00:00:00;2026-02-19 00:00:00
2026-02-20 00:00:00;SO543124;C0030;CL001;855;2026-04-24 00:00:00;2026-04-21 00:00:00;2026-02-28 00:00:00;2026-02-25 00:00:00
2026-02-20 00:00:00;SO811895;C0026;AT001;402;2026-03-27 00:00:00;2026-04-06 00:00:00;2026-02-28 00:00:00;2026-03-10 00:00:00
2026-02-20 00:00:00;SO796665;C0021;CS004;774;2026-03-06 00:00:00;2026-03-14 00:00:00;2026-02-24 00:00:00;2026-03-04 00:00:00
2026-02-20 00:00:00;SO811895;C0026;VS005;993;2026-03-27 00:00:00;2026-03-30 00:00:00;2026-02-28 00:00:00;2026-03-03 00:00:00
2026-02-20 00:00:00;SO811895;C0026;CL001;659;2026-03-27 00:00:00;2026-03-18 00:00:00;2026-02-28 00:00:00;2026-02-19 00:00:00
2026-02-20 00:00:00;SO543124;C0030;CS002;743;2026-04-24 00:00:00;2026-04-20 00:00:00;2026-02-28 00:00:00;2026-02-24 00:00:00
2026-02-20 00:00:00;SO543124;C0030;AT001;909;2026-04-24 00:00:00;2026-05-04 00:00:00;2026-02-28 00:00:00;2026-03-10 00:00:00
2026-02-20 00:00:00;SO543124;C0030;VS004;446;2026-04-24 00:00:00;2026-04-28 00:00:00;2026-02-28 00:00:00;2026-03-04 00:00:00
2026-02-20 00:00:00;SO811895;C0026;AL001;800;2026-03-27 00:00:00;2026-03-27 00:00:00;2026-02-28 00:00:00;2026-02-28 00:00:00
2026-02-20 00:00:00;SO543124;C0030;AL001;1049;2026-04-24 00:00:00;2026-05-04 00:00:00;2026-02-28 00:00:00;2026-03-10 00:00:00
2026-02-20 00:00:00;SO543124;C0030;CS004;387;2026-04-24 00:00:00;2026-05-01 00:00:00;2026-02-28 00:00:00;2026-03-07 00:00:00
2026-02-20 00:00:00;SO543124;C0030;VS001;547;2026-04-24 00:00:00;2026-04-17 00:00:00;2026-02-28 00:00:00;2026-02-21 00:00:00
2026-02-20 00:00:00;SO543124;C0030;AL002;795;2026-04-24 00:00:00;2026-05-03 00:00:00;2026-02-28 00:00:00;2026-03-09 00:00:00
2026-02-23 00:00:00;SO443110;C0024;VS001;831;2026-03-23 00:00:00;2026-03-29 00:00:00;2026-02-27 00:00:00;2026-03-05 00:00:00
2026-02-23 00:00:00;SO871936;C0027;AS005;1157;2026-04-06 00:00:00;2026-04-16 00:00:00;2026-03-03 00:00:00;2026-03-13 00:00:00
2026-02-23 00:00:00;SO712040;C0003;CS004;963;2026-04-06 00:00:00;2026-04-12 00:00:00;2026-02-25 00:00:00;2026-03-03 00:00:00
2026-02-23 00:00:00;SO864062;C0020;AL001;717;2026-04-20 00:00:00;2026-04-28 00:00:00;2026-02-27 00:00:00;2026-03-07 00:00:00
2026-02-23 00:00:00;SO443110;C0024;CL002;403;2026-03-23 00:00:00;2026-04-02 00:00:00;2026-02-27 00:00:00;2026-03-09 00:00:00
2026-02-23 00:00:00;SO712040;C0003;VS005;588;2026-04-06 00:00:00;2026-04-05 00:00:00;2026-02-25 00:00:00;2026-02-24 00:00:00
2026-02-23 00:00:00;SO864062;C0020;CS002;1078;2026-04-20 00:00:00;2026-04-11 00:00:00;2026-02-27 00:00:00;2026-02-18 00:00:00
2026-02-23 00:00:00;SO871936;C0027;AT001;448;2026-04-06 00:00:00;2026-03-31 00:00:00;2026-03-03 00:00:00;2026-02-25 00:00:00
2026-02-23 00:00:00;SO712040;C0003;AL001;583;2026-04-06 00:00:00;2026-04-14 00:00:00;2026-02-25 00:00:00;2026-03-05 00:00:00
2026-02-23 00:00:00;SO871936;C0027;VS004;642;2026-04-06 00:00:00;2026-04-01 00:00:00;2026-03-03 00:00:00;2026-02-26 00:00:00
2026-02-23 00:00:00;SO712040;C0003;AS005;1081;2026-04-06 00:00:00;2026-03-30 00:00:00;2026-02-25 00:00:00;2026-02-18 00:00:00
2026-02-23 00:00:00;SO443110;C0024;AS005;501;2026-03-23 00:00:00;2026-03-27 00:00:00;2026-02-27 00:00:00;2026-03-03 00:00:00
2026-02-23 00:00:00;SO871936;C0027;CL001;531;2026-04-06 00:00:00;2026-04-09 00:00:00;2026-03-03 00:00:00;2026-03-06 00:00:00
2026-02-23 00:00:00;SO864062;C0020;AS002;971;2026-04-20 00:00:00;2026-04-21 00:00:00;2026-02-27 00:00:00;2026-02-28 00:00:00
2026-02-23 00:00:00;SO864062;C0020;CS003;1153;2026-04-20 00:00:00;2026-04-10 00:00:00;2026-02-27 00:00:00;2026-02-17 00:00:00
2026-02-23 00:00:00;SO712040;C0003;VS001;812;2026-04-06 00:00:00;2026-04-01 00:00:00;2026-02-25 00:00:00;2026-02-20 00:00:00
2026-02-23 00:00:00;SO864062;C0020;VS004;1187;2026-04-20 00:00:00;2026-04-12 00:00:00;2026-02-27 00:00:00;2026-02-19 00:00:00
2026-02-23 00:00:00;SO871936;C0027;CL002;763;2026-04-06 00:00:00;2026-04-07 00:00:00;2026-03-03 00:00:00;2026-03-04 00:00:00
2026-02-23 00:00:00;SO712040;C0003;AL002;1087;2026-04-06 00:00:00;2026-04-14 00:00:00;2026-02-25 00:00:00;2026-03-05 00:00:00
2026-02-24 00:00:00;SO671134;C0028;CL002;416;2026-03-10 00:00:00;2026-03-02 00:00:00;2026-03-04 00:00:00;2026-02-24 00:00:00
2026-02-24 00:00:00;SO286503;C0015;AL001;864;2026-04-07 00:00:00;2026-04-04 00:00:00;2026-02-28 00:00:00;2026-02-25 00:00:00
2026-02-24 00:00:00;SO490499;C0020;CS003;1008;2026-04-21 00:00:00;2026-04-18 00:00:00;2026-02-28 00:00:00;2026-02-25 00:00:00
2026-02-24 00:00:00;SO286503;C0015;VS005;685;2026-04-07 00:00:00;2026-04-07 00:00:00;2026-02-28 00:00:00;2026-02-28 00:00:00
2026-02-24 00:00:00;SO490499;C0020;AL002;553;2026-04-21 00:00:00;2026-04-22 00:00:00;2026-02-28 00:00:00;2026-03-01 00:00:00
2026-02-24 00:00:00;SO286503;C0015;VS001;609;2026-04-07 00:00:00;2026-04-02 00:00:00;2026-02-28 00:00:00;2026-02-23 00:00:00
2026-02-24 00:00:00;SO490499;C0020;VS001;1070;2026-04-21 00:00:00;2026-05-01 00:00:00;2026-02-28 00:00:00;2026-03-10 00:00:00
2026-02-24 00:00:00;SO671134;C0028;AL001;884;2026-03-10 00:00:00;2026-03-17 00:00:00;2026-03-04 00:00:00;2026-03-11 00:00:00
2026-02-24 00:00:00;SO671134;C0028;AS005;1361;2026-03-10 00:00:00;2026-03-11 00:00:00;2026-03-04 00:00:00;2026-03-05 00:00:00
2026-02-24 00:00:00;SO286503;C0015;CS002;802;2026-04-07 00:00:00;2026-03-30 00:00:00;2026-02-28 00:00:00;2026-02-20 00:00:00
2026-02-24 00:00:00;SO671134;C0028;CL001;448;2026-03-10 00:00:00;2026-03-09 00:00:00;2026-03-04 00:00:00;2026-03-03 00:00:00
2026-02-24 00:00:00;SO286503;C0015;VS004;1051;2026-04-07 00:00:00;2026-04-15 00:00:00;2026-02-28 00:00:00;2026-03-08 00:00:00
2026-02-24 00:00:00;SO490499;C0020;AS005;1200;2026-04-21 00:00:00;2026-04-14 00:00:00;2026-02-28 00:00:00;2026-02-21 00:00:00
2026-02-24 00:00:00;SO671134;C0028;CS004;786;2026-03-10 00:00:00;2026-03-05 00:00:00;2026-03-04 00:00:00;2026-02-27 00:00:00
2026-02-24 00:00:00;SO286503;C0015;CS003;829;2026-04-07 00:00:00;2026-04-05 00:00:00;2026-02-28 00:00:00;2026-02-26 00:00:00
2026-02-24 00:00:00;SO286503;C0015;CS004;866;2026-04-07 00:00:00;2026-04-09 00:00:00;2026-02-28 00:00:00;2026-03-02 00:00:00
2026-02-24 00:00:00;SO671134;C0028;AL002;1060;2026-03-10 00:00:00;2026-02-28 00:00:00;2026-03-04 00:00:00;2026-02-22 00:00:00
2026-02-25 00:00:00;SO382040;C0005;AS002;869;2026-04-22 00:00:00;2026-04-14 00:00:00;2026-02-27 00:00:00;2026-02-19 00:00:00
2026-02-25 00:00:00;SO788919;C0026;AS002;922;2026-04-01 00:00:00;2026-03-29 00:00:00;2026-03-05 00:00:00;2026-03-02 00:00:00
2026-02-25 00:00:00;SO986023;C0006;AL002;492;2026-04-29 00:00:00;2026-04-25 00:00:00;2026-02-27 00:00:00;2026-02-23 00:00:00
2026-02-25 00:00:00;SO794530;C0021;CS002;800;2026-03-11 00:00:00;2026-03-14 00:00:00;2026-03-01 00:00:00;2026-03-04 00:00:00
2026-02-25 00:00:00;SO986023;C0006;CS003;750;2026-04-29 00:00:00;2026-05-03 00:00:00;2026-02-27 00:00:00;2026-03-03 00:00:00
2026-02-25 00:00:00;SO986023;C0006;CL001;1114;2026-04-29 00:00:00;2026-05-09 00:00:00;2026-02-27 00:00:00;2026-03-09 00:00:00
2026-02-25 00:00:00;SO986023;C0006;AL001;445;2026-04-29 00:00:00;2026-04-25 00:00:00;2026-02-27 00:00:00;2026-02-23 00:00:00
2026-02-25 00:00:00;SO986023;C0006;CS002;670;2026-04-29 00:00:00;2026-04-26 00:00:00;2026-02-27 00:00:00;2026-02-24 00:00:00
2026-02-25 00:00:00;SO986023;C0006;AT001;445;2026-04-29 00:00:00;2026-04-23 00:00:00;2026-02-27 00:00:00;2026-02-21 00:00:00
2026-02-25 00:00:00;SO382040;C0005;CL001;786;2026-04-22 00:00:00;2026-05-01 00:00:00;2026-02-27 00:00:00;2026-03-08 00:00:00
2026-02-25 00:00:00;SO788919;C0026;VS001;465;2026-04-01 00:00:00;2026-04-05 00:00:00;2026-03-05 00:00:00;2026-03-09 00:00:00
2026-02-25 00:00:00;SO788919;C0026;AT001;770;2026-04-01 00:00:00;2026-03-29 00:00:00;2026-03-05 00:00:00;2026-03-02 00:00:00
2026-02-25 00:00:00;SO986023;C0006;CS004;524;2026-04-29 00:00:00;2026-05-03 00:00:00;2026-02-27 00:00:00;2026-03-03 00:00:00
2026-02-25 00:00:00;SO788919;C0026;CL001;559;2026-04-01 00:00:00;2026-03-22 00:00:00;2026-03-05 00:00:00;2026-02-23 00:00:00
2026-02-25 00:00:00;SO382040;C0005;AL001;975;2026-04-22 00:00:00;2026-04-12 00:00:00;2026-02-27 00:00:00;2026-02-17 00:00:00
2026-02-25 00:00:00;SO986023;C0006;VS001;1042;2026-04-29 00:00:00;2026-05-06 00:00:00;2026-02-27 00:00:00;2026-03-06 00:00:00
2026-02-25 00:00:00;SO382040;C0005;AS005;992;2026-04-22 00:00:00;2026-04-24 00:00:00;2026-02-27 00:00:00;2026-03-01 00:00:00
2026-02-25 00:00:00;SO986023;C0006;AS002;1136;2026-04-29 00:00:00;2026-04-26 00:00:00;2026-02-27 00:00:00;2026-02-24 00:00:00
2026-02-25 00:00:00;SO382040;C0005;CS002;895;2026-04-22 00:00:00;2026-04-14 00:00:00;2026-02-27 00:00:00;2026-02-19 00:00:00
2026-02-25 00:00:00;SO382040;C0005;AL002;980;2026-04-22 00:00:00;2026-04-29 00:00:00;2026-02-27 00:00:00;2026-03-06 00:00:00
2026-02-26 00:00:00;SO865963;C0026;CS003;512;2026-04-02 00:00:00;2026-04-12 00:00:00;2026-03-06 00:00:00;2026-03-16 00:00:00
2026-02-26 00:00:00;SO278398;C0011;VS005;1020;2026-04-02 00:00:00;2026-03-25 00:00:00;2026-03-01 00:00:00;2026-02-21 00:00:00
2026-02-26 00:00:00;SO389642;C0014;VS001;829;2026-04-02 00:00:00;2026-03-31 00:00:00;2026-03-02 00:00:00;2026-02-28 00:00:00
2026-02-26 00:00:00;SO865963;C0026;CL002;795;2026-04-02 00:00:00;2026-03-23 00:00:00;2026-03-06 00:00:00;2026-02-24 00:00:00
2026-02-26 00:00:00;SO865963;C0026;AS005;1119;2026-04-02 00:00:00;2026-03-29 00:00:00;2026-03-06 00:00:00;2026-03-02 00:00:00
2026-02-26 00:00:00;SO278398;C0011;AL001;824;2026-04-02 00:00:00;2026-03-26 00:00:00;2026-03-01 00:00:00;2026-02-22 00:00:00
2026-02-26 00:00:00;SO865963;C0026;AL002;536;2026-04-02 00:00:00;2026-04-10 00:00:00;2026-03-06 00:00:00;2026-03-14 00:00:00
2026-02-26 00:00:00;SO389642;C0014;CS004;733;2026-04-02 00:00:00;2026-04-06 00:00:00;2026-03-02 00:00:00;2026-03-06 00:00:00
2026-02-26 00:00:00;SO389642;C0014;CL001;1124;2026-04-02 00:00:00;2026-04-04 00:00:00;2026-03-02 00:00:00;2026-03-04 00:00:00
2026-02-26 00:00:00;SO389642;C0014;VS005;1202;2026-04-02 00:00:00;2026-03-25 00:00:00;2026-03-02 00:00:00;2026-02-22 00:00:00
2026-02-26 00:00:00;SO865963;C0026;AS002;770;2026-04-02 00:00:00;2026-04-10 00:00:00;2026-03-06 00:00:00;2026-03-14 00:00:00
2026-02-26 00:00:00;SO389642;C0014;AS005;464;2026-04-02 00:00:00;2026-03-29 00:00:00;2026-03-02 00:00:00;2026-02-26 00:00:00
2026-02-27 00:00:00;SO783457;C0017;AS002;1342;2026-04-24 00:00:00;2026-04-23 00:00:00;2026-03-03 00:00:00;2026-03-02 00:00:00
2026-02-27 00:00:00;SO424345;C0026;AL002;710;2026-04-03 00:00:00;2026-04-08 00:00:00;2026-03-07 00:00:00;2026-03-12 00:00:00
2026-02-27 00:00:00;SO424345;C0026;CS002;873;2026-04-03 00:00:00;2026-04-09 00:00:00;2026-03-07 00:00:00;2026-03-13 00:00:00
2026-02-27 00:00:00;SO783457;C0017;CS003;1022;2026-04-24 00:00:00;2026-04-29 00:00:00;2026-03-03 00:00:00;2026-03-08 00:00:00
2026-02-27 00:00:00;SO783457;C0017;CL002;696;2026-04-24 00:00:00;2026-04-29 00:00:00;2026-03-03 00:00:00;2026-03-08 00:00:00
2026-02-27 00:00:00;SO783457;C0017;CS004;922;2026-04-24 00:00:00;2026-05-04 00:00:00;2026-03-03 00:00:00;2026-03-13 00:00:00
2026-02-27 00:00:00;SO783457;C0017;AL001;516;2026-04-24 00:00:00;2026-04-14 00:00:00;2026-03-03 00:00:00;2026-02-21 00:00:00
2026-02-27 00:00:00;SO783457;C0017;VS004;568;2026-04-24 00:00:00;2026-04-30 00:00:00;2026-03-03 00:00:00;2026-03-09 00:00:00
2026-02-27 00:00:00;SO783457;C0017;CS002;503;2026-04-24 00:00:00;2026-05-01 00:00:00;2026-03-03 00:00:00;2026-03-10 00:00:00
2026-02-27 00:00:00;SO424345;C0026;VS005;347;2026-04-03 00:00:00;2026-03-25 00:00:00;2026-03-07 00:00:00;2026-02-26 00:00:00
2026-02-27 00:00:00;SO783457;C0017;AT001;936;2026-04-24 00:00:00;2026-04-19 00:00:00;2026-03-03 00:00:00;2026-02-26 00:00:00
2026-02-27 00:00:00;SO424345;C0026;AT001;937;2026-04-03 00:00:00;2026-03-26 00:00:00;2026-03-07 00:00:00;2026-02-27 00:00:00
2026-02-27 00:00:00;SO783457;C0017;AS005;970;2026-04-24 00:00:00;2026-05-02 00:00:00;2026-03-03 00:00:00;2026-03-11 00:00:00
2026-03-02 00:00:00;SO713856;C0028;CL002;379;2026-03-16 00:00:00;2026-03-12 00:00:00;2026-03-10 00:00:00;2026-03-06 00:00:00
2026-03-02 00:00:00;SO206311;C0018;AT001;443;2026-05-04 00:00:00;2026-05-05 00:00:00;2026-03-06 00:00:00;2026-03-07 00:00:00
2026-03-02 00:00:00;SO757333;C0015;AS005;1261;2026-04-13 00:00:00;2026-04-16 00:00:00;2026-03-06 00:00:00;2026-03-09 00:00:00
2026-03-02 00:00:00;SO547775;C0027;AS002;1081;2026-04-13 00:00:00;2026-04-18 00:00:00;2026-03-10 00:00:00;2026-03-15 00:00:00
2026-03-02 00:00:00;SO713856;C0028;AT001;1433;2026-03-16 00:00:00;2026-03-18 00:00:00;2026-03-10 00:00:00;2026-03-12 00:00:00
2026-03-02 00:00:00;SO757333;C0015;AL001;1207;2026-04-13 00:00:00;2026-04-16 00:00:00;2026-03-06 00:00:00;2026-03-09 00:00:00
2026-03-02 00:00:00;SO713856;C0028;VS005;1225;2026-03-16 00:00:00;2026-03-08 00:00:00;2026-03-10 00:00:00;2026-03-02 00:00:00
2026-03-02 00:00:00;SO206311;C0018;AS001;1083;2026-05-04 00:00:00;2026-04-29 00:00:00;2026-03-06 00:00:00;2026-03-01 00:00:00
2026-03-02 00:00:00;SO757333;C0015;AT001;783;2026-04-13 00:00:00;2026-04-17 00:00:00;2026-03-06 00:00:00;2026-03-10 00:00:00
2026-03-02 00:00:00;SO547775;C0027;CL002;491;2026-04-13 00:00:00;2026-04-23 00:00:00;2026-03-10 00:00:00;2026-03-20 00:00:00
2026-03-02 00:00:00;SO206311;C0018;CT001;1062;2026-05-04 00:00:00;2026-05-08 00:00:00;2026-03-06 00:00:00;2026-03-10 00:00:00
2026-03-02 00:00:00;SO206311;C0018;AS002;1049;2026-05-04 00:00:00;2026-05-11 00:00:00;2026-03-06 00:00:00;2026-03-13 00:00:00
2026-03-02 00:00:00;SO206311;C0018;AL002;815;2026-05-04 00:00:00;2026-05-03 00:00:00;2026-03-06 00:00:00;2026-03-05 00:00:00
2026-03-02 00:00:00;SO757333;C0015;CS003;1256;2026-04-13 00:00:00;2026-04-05 00:00:00;2026-03-06 00:00:00;2026-02-26 00:00:00
2026-03-02 00:00:00;SO547775;C0027;AT002;637;2026-04-13 00:00:00;2026-04-10 00:00:00;2026-03-10 00:00:00;2026-03-07 00:00:00
2026-03-02 00:00:00;SO713856;C0028;CS004;923;2026-03-16 00:00:00;2026-03-08 00:00:00;2026-03-10 00:00:00;2026-03-02 00:00:00
2026-03-02 00:00:00;SO547775;C0027;AS001;455;2026-04-13 00:00:00;2026-04-19 00:00:00;2026-03-10 00:00:00;2026-03-16 00:00:00
2026-03-03 00:00:00;SO147593;C0014;CT003;525;2026-04-07 00:00:00;2026-04-05 00:00:00;2026-03-07 00:00:00;2026-03-05 00:00:00
2026-03-03 00:00:00;SO861306;C0024;AS005;396;2026-03-31 00:00:00;2026-03-29 00:00:00;2026-03-07 00:00:00;2026-03-05 00:00:00
2026-03-03 00:00:00;SO879975;C0026;AL002;883;2026-04-07 00:00:00;2026-04-03 00:00:00;2026-03-11 00:00:00;2026-03-07 00:00:00
2026-03-03 00:00:00;SO879975;C0026;CL002;1271;2026-04-07 00:00:00;2026-04-14 00:00:00;2026-03-11 00:00:00;2026-03-18 00:00:00
2026-03-03 00:00:00;SO879975;C0026;CS003;421;2026-04-07 00:00:00;2026-04-15 00:00:00;2026-03-11 00:00:00;2026-03-19 00:00:00
2026-03-03 00:00:00;SO861306;C0024;CS003;526;2026-03-31 00:00:00;2026-03-29 00:00:00;2026-03-07 00:00:00;2026-03-05 00:00:00
2026-03-03 00:00:00;SO879975;C0026;AS002;453;2026-04-07 00:00:00;2026-04-08 00:00:00;2026-03-11 00:00:00;2026-03-12 00:00:00
2026-03-03 00:00:00;SO147593;C0014;AS002;451;2026-04-07 00:00:00;2026-04-05 00:00:00;2026-03-07 00:00:00;2026-03-05 00:00:00
2026-03-03 00:00:00;SO147593;C0014;CS003;1044;2026-04-07 00:00:00;2026-03-29 00:00:00;2026-03-07 00:00:00;2026-02-26 00:00:00
2026-03-03 00:00:00;SO879975;C0026;AL001;982;2026-04-07 00:00:00;2026-04-04 00:00:00;2026-03-11 00:00:00;2026-03-08 00:00:00
2026-03-03 00:00:00;SO147593;C0014;AS001;642;2026-04-07 00:00:00;2026-03-31 00:00:00;2026-03-07 00:00:00;2026-02-28 00:00:00
2026-03-03 00:00:00;SO861306;C0024;CT003;582;2026-03-31 00:00:00;2026-03-24 00:00:00;2026-03-07 00:00:00;2026-02-28 00:00:00
2026-03-03 00:00:00;SO147593;C0014;AT001;767;2026-04-07 00:00:00;2026-04-09 00:00:00;2026-03-07 00:00:00;2026-03-09 00:00:00
2026-03-03 00:00:00;SO861306;C0024;CS004;1310;2026-03-31 00:00:00;2026-04-05 00:00:00;2026-03-07 00:00:00;2026-03-12 00:00:00
2026-03-04 00:00:00;SO427468;C0029;AS005;706;2026-04-29 00:00:00;2026-05-09 00:00:00;2026-03-12 00:00:00;2026-03-22 00:00:00
2026-03-04 00:00:00;SO828574;C0005;AS001;777;2026-04-29 00:00:00;2026-04-28 00:00:00;2026-03-06 00:00:00;2026-03-05 00:00:00
2026-03-04 00:00:00;SO427468;C0029;AT001;917;2026-04-29 00:00:00;2026-05-02 00:00:00;2026-03-12 00:00:00;2026-03-15 00:00:00
2026-03-04 00:00:00;SO828574;C0005;CL002;786;2026-04-29 00:00:00;2026-04-28 00:00:00;2026-03-06 00:00:00;2026-03-05 00:00:00
2026-03-04 00:00:00;SO828574;C0005;VS001;533;2026-04-29 00:00:00;2026-05-08 00:00:00;2026-03-06 00:00:00;2026-03-15 00:00:00
2026-03-04 00:00:00;SO427468;C0029;CS004;514;2026-04-29 00:00:00;2026-05-01 00:00:00;2026-03-12 00:00:00;2026-03-14 00:00:00
2026-03-04 00:00:00;SO427468;C0029;AL002;658;2026-04-29 00:00:00;2026-05-03 00:00:00;2026-03-12 00:00:00;2026-03-16 00:00:00
2026-03-04 00:00:00;SO828574;C0005;VS005;515;2026-04-29 00:00:00;2026-04-29 00:00:00;2026-03-06 00:00:00;2026-03-06 00:00:00
2026-03-04 00:00:00;SO427468;C0029;CT003;954;2026-04-29 00:00:00;2026-04-24 00:00:00;2026-03-12 00:00:00;2026-03-07 00:00:00
2026-03-04 00:00:00;SO427468;C0029;VS005;585;2026-04-29 00:00:00;2026-05-04 00:00:00;2026-03-12 00:00:00;2026-03-17 00:00:00
2026-03-04 00:00:00;SO427468;C0029;CS003;421;2026-04-29 00:00:00;2026-04-21 00:00:00;2026-03-12 00:00:00;2026-03-04 00:00:00
2026-03-04 00:00:00;SO828574;C0005;AS005;486;2026-04-29 00:00:00;2026-04-30 00:00:00;2026-03-06 00:00:00;2026-03-07 00:00:00
2026-03-04 00:00:00;SO828574;C0005;AS002;506;2026-04-29 00:00:00;2026-04-20 00:00:00;2026-03-06 00:00:00;2026-02-25 00:00:00
2026-03-04 00:00:00;SO427468;C0029;AL001;399;2026-04-29 00:00:00;2026-04-28 00:00:00;2026-03-12 00:00:00;2026-03-11 00:00:00
2026-03-04 00:00:00;SO427468;C0029;CT001;1325;2026-04-29 00:00:00;2026-04-19 00:00:00;2026-03-12 00:00:00;2026-03-02 00:00:00
2026-03-04 00:00:00;SO427468;C0029;VS003;969;2026-04-29 00:00:00;2026-04-20 00:00:00;2026-03-12 00:00:00;2026-03-03 00:00:00
2026-03-04 00:00:00;SO427468;C0029;AS002;829;2026-04-29 00:00:00;2026-04-23 00:00:00;2026-03-12 00:00:00;2026-03-06 00:00:00
2026-03-05 00:00:00;SO355049;C0022;AS002;375;2026-04-16 00:00:00;2026-04-24 00:00:00;2026-03-09 00:00:00;2026-03-17 00:00:00
2026-03-05 00:00:00;SO892054;C0029;AS005;473;2026-04-30 00:00:00;2026-04-30 00:00:00;2026-03-13 00:00:00;2026-03-13 00:00:00
2026-03-05 00:00:00;SO355049;C0022;AS001;838;2026-04-16 00:00:00;2026-04-24 00:00:00;2026-03-09 00:00:00;2026-03-17 00:00:00
2026-03-05 00:00:00;SO355049;C0022;CT001;555;2026-04-16 00:00:00;2026-04-25 00:00:00;2026-03-09 00:00:00;2026-03-18 00:00:00
2026-03-05 00:00:00;SO355049;C0022;AT002;1157;2026-04-16 00:00:00;2026-04-11 00:00:00;2026-03-09 00:00:00;2026-03-04 00:00:00
2026-03-05 00:00:00;SO892054;C0029;AS002;652;2026-04-30 00:00:00;2026-05-07 00:00:00;2026-03-13 00:00:00;2026-03-20 00:00:00
2026-03-05 00:00:00;SO355049;C0022;CS004;424;2026-04-16 00:00:00;2026-04-13 00:00:00;2026-03-09 00:00:00;2026-03-06 00:00:00
2026-03-05 00:00:00;SO892054;C0029;VS003;271;2026-04-30 00:00:00;2026-05-01 00:00:00;2026-03-13 00:00:00;2026-03-14 00:00:00
2026-03-05 00:00:00;SO355049;C0022;CS003;458;2026-04-16 00:00:00;2026-04-25 00:00:00;2026-03-09 00:00:00;2026-03-18 00:00:00
2026-03-05 00:00:00;SO892054;C0029;AL002;736;2026-04-30 00:00:00;2026-04-25 00:00:00;2026-03-13 00:00:00;2026-03-08 00:00:00
2026-03-05 00:00:00;SO892054;C0029;AS001;630;2026-04-30 00:00:00;2026-04-27 00:00:00;2026-03-13 00:00:00;2026-03-10 00:00:00
2026-03-05 00:00:00;SO892054;C0029;CS003;758;2026-04-30 00:00:00;2026-04-20 00:00:00;2026-03-13 00:00:00;2026-03-03 00:00:00
2026-03-05 00:00:00;SO355049;C0022;AS005;1026;2026-04-16 00:00:00;2026-04-16 00:00:00;2026-03-09 00:00:00;2026-03-09 00:00:00
2026-03-05 00:00:00;SO892054;C0029;AL001;473;2026-04-30 00:00:00;2026-04-29 00:00:00;2026-03-13 00:00:00;2026-03-12 00:00:00
2026-03-05 00:00:00;SO355049;C0022;VS003;1160;2026-04-16 00:00:00;2026-04-21 00:00:00;2026-03-09 00:00:00;2026-03-14 00:00:00
2026-03-05 00:00:00;SO355049;C0022;AL002;1152;2026-04-16 00:00:00;2026-04-09 00:00:00;2026-03-09 00:00:00;2026-03-02 00:00:00
2026-03-06 00:00:00;SO586904;C0024;CL002;994;2026-04-03 00:00:00;2026-04-11 00:00:00;2026-03-10 00:00:00;2026-03-18 00:00:00
2026-03-06 00:00:00;SO925075;C0010;AS002;1073;2026-04-17 00:00:00;2026-04-20 00:00:00;2026-03-09 00:00:00;2026-03-12 00:00:00
2026-03-06 00:00:00;SO145485;C0023;CS004;388;2026-04-10 00:00:00;2026-04-18 00:00:00;2026-03-10 00:00:00;2026-03-18 00:00:00
2026-03-06 00:00:00;SO511385;C0022;AT002;311;2026-04-17 00:00:00;2026-04-09 00:00:00;2026-03-10 00:00:00;2026-03-02 00:00:00
2026-03-06 00:00:00;SO586904;C0024;AT002;583;2026-04-03 00:00:00;2026-04-07 00:00:00;2026-03-10 00:00:00;2026-03-14 00:00:00
2026-03-06 00:00:00;SO511385;C0022;CS003;555;2026-04-17 00:00:00;2026-04-10 00:00:00;2026-03-10 00:00:00;2026-03-03 00:00:00
2026-03-06 00:00:00;SO511385;C0022;AL001;478;2026-04-17 00:00:00;2026-04-21 00:00:00;2026-03-10 00:00:00;2026-03-14 00:00:00
2026-03-06 00:00:00;SO925075;C0010;VS005;757;2026-04-17 00:00:00;2026-04-13 00:00:00;2026-03-09 00:00:00;2026-03-05 00:00:00
2026-03-06 00:00:00;SO586904;C0024;CT003;549;2026-04-03 00:00:00;2026-04-10 00:00:00;2026-03-10 00:00:00;2026-03-17 00:00:00
2026-03-06 00:00:00;SO145485;C0023;CT001;358;2026-04-10 00:00:00;2026-04-03 00:00:00;2026-03-10 00:00:00;2026-03-03 00:00:00
2026-03-06 00:00:00;SO925075;C0010;VS003;755;2026-04-17 00:00:00;2026-04-09 00:00:00;2026-03-09 00:00:00;2026-03-01 00:00:00
2026-03-06 00:00:00;SO925075;C0010;AT001;865;2026-04-17 00:00:00;2026-04-27 00:00:00;2026-03-09 00:00:00;2026-03-19 00:00:00
2026-03-06 00:00:00;SO586904;C0024;CT001;1106;2026-04-03 00:00:00;2026-03-27 00:00:00;2026-03-10 00:00:00;2026-03-03 00:00:00
2026-03-06 00:00:00;SO925075;C0010;CS003;1169;2026-04-17 00:00:00;2026-04-20 00:00:00;2026-03-09 00:00:00;2026-03-12 00:00:00
2026-03-06 00:00:00;SO145485;C0023;VS003;420;2026-04-10 00:00:00;2026-04-02 00:00:00;2026-03-10 00:00:00;2026-03-02 00:00:00
2026-03-06 00:00:00;SO925075;C0010;AS005;1050;2026-04-17 00:00:00;2026-04-13 00:00:00;2026-03-09 00:00:00;2026-03-05 00:00:00
2026-03-09 00:00:00;SO214051;C0008;VS003;293;2026-05-04 00:00:00;2026-05-13 00:00:00;2026-03-12 00:00:00;2026-03-21 00:00:00
2026-03-09 00:00:00;SO708320;C0021;AL002;630;2026-03-23 00:00:00;2026-03-13 00:00:00;2026-03-13 00:00:00;2026-03-03 00:00:00
2026-03-09 00:00:00;SO102620;C0011;CL002;867;2026-04-13 00:00:00;2026-04-14 00:00:00;2026-03-12 00:00:00;2026-03-13 00:00:00
2026-03-09 00:00:00;SO940166;C0020;CT003;611;2026-05-04 00:00:00;2026-05-07 00:00:00;2026-03-13 00:00:00;2026-03-16 00:00:00
2026-03-09 00:00:00;SO940166;C0020;AT001;732;2026-05-04 00:00:00;2026-04-25 00:00:00;2026-03-13 00:00:00;2026-03-04 00:00:00
2026-03-09 00:00:00;SO708320;C0021;AS005;803;2026-03-23 00:00:00;2026-03-18 00:00:00;2026-03-13 00:00:00;2026-03-08 00:00:00
2026-03-09 00:00:00;SO214051;C0008;CL002;777;2026-05-04 00:00:00;2026-05-14 00:00:00;2026-03-12 00:00:00;2026-03-22 00:00:00
2026-03-09 00:00:00;SO940166;C0020;AS005;1150;2026-05-04 00:00:00;2026-05-04 00:00:00;2026-03-13 00:00:00;2026-03-13 00:00:00
2026-03-09 00:00:00;SO708320;C0021;CL002;372;2026-03-23 00:00:00;2026-03-15 00:00:00;2026-03-13 00:00:00;2026-03-05 00:00:00
2026-03-09 00:00:00;SO214051;C0008;AL002;1264;2026-05-04 00:00:00;2026-05-11 00:00:00;2026-03-12 00:00:00;2026-03-19 00:00:00
2026-03-09 00:00:00;SO708320;C0021;AT002;914;2026-03-23 00:00:00;2026-03-28 00:00:00;2026-03-13 00:00:00;2026-03-18 00:00:00
2026-03-09 00:00:00;SO708320;C0021;CS004;837;2026-03-23 00:00:00;2026-03-16 00:00:00;2026-03-13 00:00:00;2026-03-06 00:00:00
2026-03-09 00:00:00;SO940166;C0020;AS002;951;2026-05-04 00:00:00;2026-04-28 00:00:00;2026-03-13 00:00:00;2026-03-07 00:00:00
2026-03-09 00:00:00;SO940166;C0020;AS001;561;2026-05-04 00:00:00;2026-04-24 00:00:00;2026-03-13 00:00:00;2026-03-03 00:00:00
2026-03-10 00:00:00;SO837081;C0018;AS002;676;2026-05-12 00:00:00;2026-05-19 00:00:00;2026-03-14 00:00:00;2026-03-21 00:00:00
2026-03-10 00:00:00;SO717043;C0004;AS005;1149;2026-03-24 00:00:00;2026-03-14 00:00:00;2026-03-12 00:00:00;2026-03-02 00:00:00
2026-03-10 00:00:00;SO790905;C0002;AL002;926;2026-04-14 00:00:00;2026-04-06 00:00:00;2026-03-12 00:00:00;2026-03-04 00:00:00
2026-03-10 00:00:00;SO837081;C0018;AL001;1218;2026-05-12 00:00:00;2026-05-05 00:00:00;2026-03-14 00:00:00;2026-03-07 00:00:00
2026-03-10 00:00:00;SO717043;C0004;AL001;1032;2026-03-24 00:00:00;2026-03-21 00:00:00;2026-03-12 00:00:00;2026-03-09 00:00:00
2026-03-10 00:00:00;SO790905;C0002;AS001;685;2026-04-14 00:00:00;2026-04-08 00:00:00;2026-03-12 00:00:00;2026-03-06 00:00:00
2026-03-10 00:00:00;SO717043;C0004;CS004;1026;2026-03-24 00:00:00;2026-03-31 00:00:00;2026-03-12 00:00:00;2026-03-19 00:00:00
2026-03-10 00:00:00;SO837081;C0018;VS005;363;2026-05-12 00:00:00;2026-05-17 00:00:00;2026-03-14 00:00:00;2026-03-19 00:00:00
2026-03-10 00:00:00;SO790905;C0002;VS001;1001;2026-04-14 00:00:00;2026-04-12 00:00:00;2026-03-12 00:00:00;2026-03-10 00:00:00
2026-03-10 00:00:00;SO717043;C0004;CL002;729;2026-03-24 00:00:00;2026-03-25 00:00:00;2026-03-12 00:00:00;2026-03-13 00:00:00
2026-03-10 00:00:00;SO717043;C0004;AT002;1172;2026-03-24 00:00:00;2026-03-24 00:00:00;2026-03-12 00:00:00;2026-03-12 00:00:00
2026-03-10 00:00:00;SO790905;C0002;CT001;762;2026-04-14 00:00:00;2026-04-08 00:00:00;2026-03-12 00:00:00;2026-03-06 00:00:00
2026-03-10 00:00:00;SO837081;C0018;CT001;1040;2026-05-12 00:00:00;2026-05-19 00:00:00;2026-03-14 00:00:00;2026-03-21 00:00:00
2026-03-10 00:00:00;SO837081;C0018;VS003;762;2026-05-12 00:00:00;2026-05-06 00:00:00;2026-03-14 00:00:00;2026-03-08 00:00:00
2026-03-10 00:00:00;SO837081;C0018;AS005;1093;2026-05-12 00:00:00;2026-05-12 00:00:00;2026-03-14 00:00:00;2026-03-14 00:00:00
2026-03-10 00:00:00;SO790905;C0002;AT002;975;2026-04-14 00:00:00;2026-04-21 00:00:00;2026-03-12 00:00:00;2026-03-19 00:00:00
2026-03-10 00:00:00;SO837081;C0018;VS001;757;2026-05-12 00:00:00;2026-05-07 00:00:00;2026-03-14 00:00:00;2026-03-09 00:00:00
2026-03-11 00:00:00;SO739204;C0012;AT002;1239;2026-04-08 00:00:00;2026-04-03 00:00:00;2026-03-14 00:00:00;2026-03-09 00:00:00
2026-03-11 00:00:00;SO135418;C0006;CS004;902;2026-05-13 00:00:00;2026-05-22 00:00:00;2026-03-13 00:00:00;2026-03-22 00:00:00
2026-03-11 00:00:00;SO251409;C0004;CS004;1077;2026-03-25 00:00:00;2026-03-28 00:00:00;2026-03-13 00:00:00;2026-03-16 00:00:00
2026-03-11 00:00:00;SO734235;C0021;AL002;1219;2026-03-25 00:00:00;2026-03-28 00:00:00;2026-03-15 00:00:00;2026-03-18 00:00:00
2026-03-11 00:00:00;SO251409;C0004;CT001;959;2026-03-25 00:00:00;2026-03-21 00:00:00;2026-03-13 00:00:00;2026-03-09 00:00:00
2026-03-11 00:00:00;SO251409;C0004;AS005;1040;2026-03-25 00:00:00;2026-03-17 00:00:00;2026-03-13 00:00:00;2026-03-05 00:00:00
2026-03-11 00:00:00;SO251409;C0004;AS002;694;2026-03-25 00:00:00;2026-03-15 00:00:00;2026-03-13 00:00:00;2026-03-03 00:00:00
2026-03-11 00:00:00;SO739204;C0012;CT003;364;2026-04-08 00:00:00;2026-04-14 00:00:00;2026-03-14 00:00:00;2026-03-20 00:00:00
2026-03-11 00:00:00;SO739204;C0012;VS003;938;2026-04-08 00:00:00;2026-04-12 00:00:00;2026-03-14 00:00:00;2026-03-18 00:00:00
2026-03-11 00:00:00;SO251409;C0004;CT003;1210;2026-03-25 00:00:00;2026-03-23 00:00:00;2026-03-13 00:00:00;2026-03-11 00:00:00
2026-03-11 00:00:00;SO739204;C0012;AS005;970;2026-04-08 00:00:00;2026-04-10 00:00:00;2026-03-14 00:00:00;2026-03-16 00:00:00
2026-03-11 00:00:00;SO251409;C0004;CL002;774;2026-03-25 00:00:00;2026-03-17 00:00:00;2026-03-13 00:00:00;2026-03-05 00:00:00
2026-03-12 00:00:00;SO843021;C0007;AT001;1007;2026-05-14 00:00:00;2026-05-07 00:00:00;2026-03-15 00:00:00;2026-03-08 00:00:00
2026-03-12 00:00:00;SO837331;C0014;AL001;817;2026-04-16 00:00:00;2026-04-12 00:00:00;2026-03-16 00:00:00;2026-03-12 00:00:00
2026-03-12 00:00:00;SO783823;C0017;CT003;906;2026-05-07 00:00:00;2026-05-05 00:00:00;2026-03-16 00:00:00;2026-03-14 00:00:00
2026-03-12 00:00:00;SO237855;C0020;VS005;982;2026-05-07 00:00:00;2026-05-05 00:00:00;2026-03-16 00:00:00;2026-03-14 00:00:00
2026-03-12 00:00:00;SO843021;C0007;VS001;1299;2026-05-14 00:00:00;2026-05-22 00:00:00;2026-03-15 00:00:00;2026-03-23 00:00:00
2026-03-12 00:00:00;SO237855;C0020;CL002;1210;2026-05-07 00:00:00;2026-05-17 00:00:00;2026-03-16 00:00:00;2026-03-26 00:00:00
2026-03-12 00:00:00;SO783823;C0017;VS001;709;2026-05-07 00:00:00;2026-05-06 00:00:00;2026-03-16 00:00:00;2026-03-15 00:00:00
2026-03-12 00:00:00;SO837331;C0014;CS004;613;2026-04-16 00:00:00;2026-04-08 00:00:00;2026-03-16 00:00:00;2026-03-08 00:00:00
2026-03-12 00:00:00;SO237855;C0020;CT003;875;2026-05-07 00:00:00;2026-05-02 00:00:00;2026-03-16 00:00:00;2026-03-11 00:00:00
2026-03-12 00:00:00;SO237855;C0020;CT001;360;2026-05-07 00:00:00;2026-05-10 00:00:00;2026-03-16 00:00:00;2026-03-19 00:00:00
2026-03-12 00:00:00;SO837331;C0014;AL002;1153;2026-04-16 00:00:00;2026-04-22 00:00:00;2026-03-16 00:00:00;2026-03-22 00:00:00
2026-03-12 00:00:00;SO237855;C0020;AT002;908;2026-05-07 00:00:00;2026-05-11 00:00:00;2026-03-16 00:00:00;2026-03-20 00:00:00
2026-03-12 00:00:00;SO837331;C0014;VS005;821;2026-04-16 00:00:00;2026-04-25 00:00:00;2026-03-16 00:00:00;2026-03-25 00:00:00
2026-03-12 00:00:00;SO783823;C0017;AT001;358;2026-05-07 00:00:00;2026-05-04 00:00:00;2026-03-16 00:00:00;2026-03-13 00:00:00
2026-03-12 00:00:00;SO237855;C0020;CS004;883;2026-05-07 00:00:00;2026-04-27 00:00:00;2026-03-16 00:00:00;2026-03-06 00:00:00
2026-03-12 00:00:00;SO837331;C0014;VS001;1401;2026-04-16 00:00:00;2026-04-23 00:00:00;2026-03-16 00:00:00;2026-03-23 00:00:00
2026-03-12 00:00:00;SO843021;C0007;CT003;298;2026-05-14 00:00:00;2026-05-16 00:00:00;2026-03-15 00:00:00;2026-03-17 00:00:00
2026-03-12 00:00:00;SO843021;C0007;CS004;771;2026-05-14 00:00:00;2026-05-22 00:00:00;2026-03-15 00:00:00;2026-03-23 00:00:00
2026-03-13 00:00:00;SO591136;C0025;AL001;1044;2026-04-10 00:00:00;2026-04-11 00:00:00;2026-03-21 00:00:00;2026-03-22 00:00:00
2026-03-13 00:00:00;SO827522;C0030;AL001;1093;2026-05-15 00:00:00;2026-05-12 00:00:00;2026-03-21 00:00:00;2026-03-18 00:00:00
2026-03-13 00:00:00;SO344603;C0024;AL001;511;2026-04-10 00:00:00;2026-04-16 00:00:00;2026-03-17 00:00:00;2026-03-23 00:00:00
2026-03-13 00:00:00;SO344603;C0024;AS005;1138;2026-04-10 00:00:00;2026-04-06 00:00:00;2026-03-17 00:00:00;2026-03-13 00:00:00
2026-03-13 00:00:00;SO827522;C0030;AL002;838;2026-05-15 00:00:00;2026-05-17 00:00:00;2026-03-21 00:00:00;2026-03-23 00:00:00
2026-03-13 00:00:00;SO591136;C0025;AS001;382;2026-04-10 00:00:00;2026-04-03 00:00:00;2026-03-21 00:00:00;2026-03-14 00:00:00
2026-03-13 00:00:00;SO827522;C0030;VS005;569;2026-05-15 00:00:00;2026-05-16 00:00:00;2026-03-21 00:00:00;2026-03-22 00:00:00
2026-03-13 00:00:00;SO344603;C0024;VS001;672;2026-04-10 00:00:00;2026-04-20 00:00:00;2026-03-17 00:00:00;2026-03-27 00:00:00
2026-03-13 00:00:00;SO591136;C0025;AS005;809;2026-04-10 00:00:00;2026-04-14 00:00:00;2026-03-21 00:00:00;2026-03-25 00:00:00
2026-03-13 00:00:00;SO591136;C0025;AS002;654;2026-04-10 00:00:00;2026-04-04 00:00:00;2026-03-21 00:00:00;2026-03-15 00:00:00
2026-03-13 00:00:00;SO591136;C0025;VS001;444;2026-04-10 00:00:00;2026-04-01 00:00:00;2026-03-21 00:00:00;2026-03-12 00:00:00
2026-03-13 00:00:00;SO827522;C0030;VS003;1025;2026-05-15 00:00:00;2026-05-11 00:00:00;2026-03-21 00:00:00;2026-03-17 00:00:00
2026-03-13 00:00:00;SO827522;C0030;CL002;1048;2026-05-15 00:00:00;2026-05-09 00:00:00;2026-03-21 00:00:00;2026-03-15 00:00:00
2026-03-16 00:00:00;SO881946;C0013;CS004;1261;2026-04-13 00:00:00;2026-04-18 00:00:00;2026-03-20 00:00:00;2026-03-25 00:00:00
2026-03-16 00:00:00;SO332379;C0019;CL002;831;2026-05-18 00:00:00;2026-05-10 00:00:00;2026-03-20 00:00:00;2026-03-12 00:00:00
2026-03-16 00:00:00;SO881946;C0013;VS001;1329;2026-04-13 00:00:00;2026-04-14 00:00:00;2026-03-20 00:00:00;2026-03-21 00:00:00
2026-03-16 00:00:00;SO881946;C0013;CL002;443;2026-04-13 00:00:00;2026-04-05 00:00:00;2026-03-20 00:00:00;2026-03-12 00:00:00
2026-03-16 00:00:00;SO881946;C0013;AT002;1015;2026-04-13 00:00:00;2026-04-09 00:00:00;2026-03-20 00:00:00;2026-03-16 00:00:00
2026-03-16 00:00:00;SO332379;C0019;VS001;925;2026-05-18 00:00:00;2026-05-27 00:00:00;2026-03-20 00:00:00;2026-03-29 00:00:00
2026-03-16 00:00:00;SO332379;C0019;CS003;1075;2026-05-18 00:00:00;2026-05-13 00:00:00;2026-03-20 00:00:00;2026-03-15 00:00:00
2026-03-16 00:00:00;SO881946;C0013;AS005;1067;2026-04-13 00:00:00;2026-04-18 00:00:00;2026-03-20 00:00:00;2026-03-25 00:00:00
2026-03-16 00:00:00;SO332379;C0019;AL001;704;2026-05-18 00:00:00;2026-05-22 00:00:00;2026-03-20 00:00:00;2026-03-24 00:00:00
2026-03-16 00:00:00;SO332379;C0019;AS005;818;2026-05-18 00:00:00;2026-05-14 00:00:00;2026-03-20 00:00:00;2026-03-16 00:00:00
2026-03-16 00:00:00;SO332379;C0019;AT002;719;2026-05-18 00:00:00;2026-05-13 00:00:00;2026-03-20 00:00:00;2026-03-15 00:00:00
2026-03-16 00:00:00;SO332379;C0019;AS002;728;2026-05-18 00:00:00;2026-05-24 00:00:00;2026-03-20 00:00:00;2026-03-26 00:00:00
2026-03-16 00:00:00;SO332379;C0019;CT003;990;2026-05-18 00:00:00;2026-05-24 00:00:00;2026-03-20 00:00:00;2026-03-26 00:00:00
2026-03-16 00:00:00;SO881946;C0013;AS001;931;2026-04-13 00:00:00;2026-04-09 00:00:00;2026-03-20 00:00:00;2026-03-16 00:00:00
2026-03-16 00:00:00;SO881946;C0013;VS003;1112;2026-04-13 00:00:00;2026-04-07 00:00:00;2026-03-20 00:00:00;2026-03-14 00:00:00
2026-03-17 00:00:00;SO245098;C0017;AT002;407;2026-05-12 00:00:00;2026-05-07 00:00:00;2026-03-21 00:00:00;2026-03-16 00:00:00
2026-03-17 00:00:00;SO9000080;C0029;VS003;535;2026-05-12 00:00:00;2026-05-09 00:00:00;2026-03-25 00:00:00;2026-03-22 00:00:00
2026-03-17 00:00:00;SO447825;C0004;AT001;648;2026-03-31 00:00:00;2026-04-02 00:00:00;2026-03-19 00:00:00;2026-03-21 00:00:00
2026-03-17 00:00:00;SO245098;C0017;AS001;533;2026-05-12 00:00:00;2026-05-16 00:00:00;2026-03-21 00:00:00;2026-03-25 00:00:00
2026-03-17 00:00:00;SO447825;C0004;AS005;970;2026-03-31 00:00:00;2026-03-22 00:00:00;2026-03-19 00:00:00;2026-03-10 00:00:00
2026-03-17 00:00:00;SO245098;C0017;CT001;717;2026-05-12 00:00:00;2026-05-17 00:00:00;2026-03-21 00:00:00;2026-03-26 00:00:00
2026-03-17 00:00:00;SO9000080;C0029;VS005;921;2026-05-12 00:00:00;2026-05-10 00:00:00;2026-03-25 00:00:00;2026-03-23 00:00:00
2026-03-17 00:00:00;SO9000080;C0029;CT001;859;2026-05-12 00:00:00;2026-05-09 00:00:00;2026-03-25 00:00:00;2026-03-22 00:00:00
2026-03-17 00:00:00;SO245098;C0017;AT001;415;2026-05-12 00:00:00;2026-05-10 00:00:00;2026-03-21 00:00:00;2026-03-19 00:00:00
2026-03-17 00:00:00;SO245098;C0017;CS004;769;2026-05-12 00:00:00;2026-05-06 00:00:00;2026-03-21 00:00:00;2026-03-15 00:00:00
2026-03-17 00:00:00;SO9000080;C0029;AT002;1133;2026-05-12 00:00:00;2026-05-02 00:00:00;2026-03-25 00:00:00;2026-03-15 00:00:00
2026-03-17 00:00:00;SO9000080;C0029;AS002;459;2026-05-12 00:00:00;2026-05-04 00:00:00;2026-03-25 00:00:00;2026-03-17 00:00:00
2026-03-18 00:00:00;SO469083;C0009;AL001;1290;2026-04-01 00:00:00;2026-03-25 00:00:00;2026-03-21 00:00:00;2026-03-14 00:00:00
2026-03-18 00:00:00;SO915734;C0008;VS001;524;2026-05-13 00:00:00;2026-05-04 00:00:00;2026-03-21 00:00:00;2026-03-12 00:00:00
2026-03-18 00:00:00;SO836591;C0022;CL002;807;2026-04-29 00:00:00;2026-05-09 00:00:00;2026-03-22 00:00:00;2026-04-01 00:00:00
2026-03-18 00:00:00;SO915734;C0008;VS003;543;2026-05-13 00:00:00;2026-05-07 00:00:00;2026-03-21 00:00:00;2026-03-15 00:00:00
2026-03-18 00:00:00;SO915734;C0008;AT002;588;2026-05-13 00:00:00;2026-05-03 00:00:00;2026-03-21 00:00:00;2026-03-11 00:00:00
2026-03-18 00:00:00;SO915734;C0008;AS001;599;2026-05-13 00:00:00;2026-05-04 00:00:00;2026-03-21 00:00:00;2026-03-12 00:00:00
2026-03-18 00:00:00;SO836591;C0022;VS003;892;2026-04-29 00:00:00;2026-04-26 00:00:00;2026-03-22 00:00:00;2026-03-19 00:00:00
2026-03-18 00:00:00;SO915734;C0008;CS004;704;2026-05-13 00:00:00;2026-05-18 00:00:00;2026-03-21 00:00:00;2026-03-26 00:00:00
2026-03-18 00:00:00;SO915734;C0008;AL001;1320;2026-05-13 00:00:00;2026-05-19 00:00:00;2026-03-21 00:00:00;2026-03-27 00:00:00
2026-03-18 00:00:00;SO469083;C0009;VS005;1087;2026-04-01 00:00:00;2026-04-04 00:00:00;2026-03-21 00:00:00;2026-03-24 00:00:00
2026-03-18 00:00:00;SO836591;C0022;AS002;738;2026-04-29 00:00:00;2026-05-07 00:00:00;2026-03-22 00:00:00;2026-03-30 00:00:00
2026-03-18 00:00:00;SO469083;C0009;CL002;1010;2026-04-01 00:00:00;2026-04-03 00:00:00;2026-03-21 00:00:00;2026-03-23 00:00:00
2026-03-18 00:00:00;SO836591;C0022;AS005;978;2026-04-29 00:00:00;2026-04-23 00:00:00;2026-03-22 00:00:00;2026-03-16 00:00:00
2026-03-18 00:00:00;SO915734;C0008;AS005;1001;2026-05-13 00:00:00;2026-05-17 00:00:00;2026-03-21 00:00:00;2026-03-25 00:00:00
2026-03-18 00:00:00;SO836591;C0022;AT002;558;2026-04-29 00:00:00;2026-04-28 00:00:00;2026-03-22 00:00:00;2026-03-21 00:00:00
2026-03-18 00:00:00;SO915734;C0008;CT003;380;2026-05-13 00:00:00;2026-05-06 00:00:00;2026-03-21 00:00:00;2026-03-14 00:00:00
2026-03-18 00:00:00;SO469083;C0009;AT001;898;2026-04-01 00:00:00;2026-03-31 00:00:00;2026-03-21 00:00:00;2026-03-20 00:00:00
2026-03-19 00:00:00;SO530700;C0016;CS003;960;2026-04-02 00:00:00;2026-04-08 00:00:00;2026-03-23 00:00:00;2026-03-29 00:00:00
2026-03-19 00:00:00;SO349975;C0001;AS001;775;2026-04-16 00:00:00;2026-04-18 00:00:00;2026-03-21 00:00:00;2026-03-23 00:00:00
2026-03-19 00:00:00;SO349975;C0001;CT001;580;2026-04-16 00:00:00;2026-04-18 00:00:00;2026-03-21 00:00:00;2026-03-23 00:00:00
2026-03-19 00:00:00;SO349975;C0001;CS003;576;2026-04-16 00:00:00;2026-04-13 00:00:00;2026-03-21 00:00:00;2026-03-18 00:00:00
2026-03-19 00:00:00;SO530700;C0016;VS005;1016;2026-04-02 00:00:00;2026-03-24 00:00:00;2026-03-23 00:00:00;2026-03-14 00:00:00
2026-03-19 00:00:00;SO530700;C0016;AS001;760;2026-04-02 00:00:00;2026-03-29 00:00:00;2026-03-23 00:00:00;2026-03-19 00:00:00
2026-03-19 00:00:00;SO349975;C0001;CS004;1276;2026-04-16 00:00:00;2026-04-22 00:00:00;2026-03-21 00:00:00;2026-03-27 00:00:00
2026-03-19 00:00:00;SO530700;C0016;AL002;607;2026-04-02 00:00:00;2026-04-12 00:00:00;2026-03-23 00:00:00;2026-04-02 00:00:00
2026-03-19 00:00:00;SO349975;C0001;AL002;1106;2026-04-16 00:00:00;2026-04-13 00:00:00;2026-03-21 00:00:00;2026-03-18 00:00:00
2026-03-19 00:00:00;SO530700;C0016;AS005;512;2026-04-02 00:00:00;2026-04-07 00:00:00;2026-03-23 00:00:00;2026-03-28 00:00:00
2026-03-19 00:00:00;SO530700;C0016;AT001;459;2026-04-02 00:00:00;2026-03-29 00:00:00;2026-03-23 00:00:00;2026-03-19 00:00:00
2026-03-19 00:00:00;SO349975;C0001;AT002;984;2026-04-16 00:00:00;2026-04-14 00:00:00;2026-03-21 00:00:00;2026-03-19 00:00:00
2026-03-19 00:00:00;SO530700;C0016;AL001;421;2026-04-02 00:00:00;2026-03-26 00:00:00;2026-03-23 00:00:00;2026-03-16 00:00:00
2026-03-19 00:00:00;SO530700;C0016;VS001;717;2026-04-02 00:00:00;2026-04-03 00:00:00;2026-03-23 00:00:00;2026-03-24 00:00:00
2026-03-19 00:00:00;SO530700;C0016;CT001;810;2026-04-02 00:00:00;2026-04-10 00:00:00;2026-03-23 00:00:00;2026-03-31 00:00:00
2026-03-20 00:00:00;SO565285;C0003;AT002;875;2026-05-01 00:00:00;2026-05-03 00:00:00;2026-03-22 00:00:00;2026-03-24 00:00:00
2026-03-20 00:00:00;SO128227;C0018;VS005;1093;2026-05-22 00:00:00;2026-05-30 00:00:00;2026-03-24 00:00:00;2026-04-01 00:00:00
2026-03-20 00:00:00;SO581751;C0009;AL002;847;2026-04-03 00:00:00;2026-03-30 00:00:00;2026-03-23 00:00:00;2026-03-19 00:00:00
2026-03-20 00:00:00;SO989716;C0021;CL002;1032;2026-04-03 00:00:00;2026-04-12 00:00:00;2026-03-24 00:00:00;2026-04-02 00:00:00
2026-03-20 00:00:00;SO128227;C0018;AS005;765;2026-05-22 00:00:00;2026-05-18 00:00:00;2026-03-24 00:00:00;2026-03-20 00:00:00
2026-03-20 00:00:00;SO565285;C0003;CS003;618;2026-05-01 00:00:00;2026-04-21 00:00:00;2026-03-22 00:00:00;2026-03-12 00:00:00
2026-03-20 00:00:00;SO581751;C0009;CL002;573;2026-04-03 00:00:00;2026-03-31 00:00:00;2026-03-23 00:00:00;2026-03-20 00:00:00
2026-03-20 00:00:00;SO128227;C0018;VS001;781;2026-05-22 00:00:00;2026-05-28 00:00:00;2026-03-24 00:00:00;2026-03-30 00:00:00
2026-03-20 00:00:00;SO565285;C0003;VS005;351;2026-05-01 00:00:00;2026-05-02 00:00:00;2026-03-22 00:00:00;2026-03-23 00:00:00
2026-03-20 00:00:00;SO565285;C0003;AS001;317;2026-05-01 00:00:00;2026-05-05 00:00:00;2026-03-22 00:00:00;2026-03-26 00:00:00
2026-03-20 00:00:00;SO128227;C0018;CT001;1379;2026-05-22 00:00:00;2026-05-31 00:00:00;2026-03-24 00:00:00;2026-04-02 00:00:00
2026-03-20 00:00:00;SO565285;C0003;CT001;360;2026-05-01 00:00:00;2026-04-27 00:00:00;2026-03-22 00:00:00;2026-03-18 00:00:00
2026-03-20 00:00:00;SO128227;C0018;VS003;659;2026-05-22 00:00:00;2026-05-19 00:00:00;2026-03-24 00:00:00;2026-03-21 00:00:00
2026-03-20 00:00:00;SO565285;C0003;VS001;1059;2026-05-01 00:00:00;2026-04-21 00:00:00;2026-03-22 00:00:00;2026-03-12 00:00:00
2026-03-20 00:00:00;SO581751;C0009;VS005;604;2026-04-03 00:00:00;2026-04-06 00:00:00;2026-03-23 00:00:00;2026-03-26 00:00:00
2026-03-23 00:00:00;SO605894;C0001;AT001;1025;2026-04-20 00:00:00;2026-04-18 00:00:00;2026-03-25 00:00:00;2026-03-23 00:00:00
2026-03-23 00:00:00;SO774811;C0026;VS003;1206;2026-04-27 00:00:00;2026-04-21 00:00:00;2026-03-31 00:00:00;2026-03-25 00:00:00
2026-03-23 00:00:00;SO774811;C0026;CT003;476;2026-04-27 00:00:00;2026-05-07 00:00:00;2026-03-31 00:00:00;2026-04-10 00:00:00
2026-03-23 00:00:00;SO605894;C0001;AT002;528;2026-04-20 00:00:00;2026-04-13 00:00:00;2026-03-25 00:00:00;2026-03-18 00:00:00
2026-03-23 00:00:00;SO774811;C0026;AT002;1136;2026-04-27 00:00:00;2026-04-23 00:00:00;2026-03-31 00:00:00;2026-03-27 00:00:00
2026-03-23 00:00:00;SO605894;C0001;AL001;771;2026-04-20 00:00:00;2026-04-16 00:00:00;2026-03-25 00:00:00;2026-03-21 00:00:00
2026-03-23 00:00:00;SO774811;C0026;CS004;448;2026-04-27 00:00:00;2026-05-07 00:00:00;2026-03-31 00:00:00;2026-04-10 00:00:00
2026-03-23 00:00:00;SO605894;C0001;CS004;1215;2026-04-20 00:00:00;2026-04-15 00:00:00;2026-03-25 00:00:00;2026-03-20 00:00:00
2026-03-23 00:00:00;SO605894;C0001;VS005;471;2026-04-20 00:00:00;2026-04-13 00:00:00;2026-03-25 00:00:00;2026-03-18 00:00:00
2026-03-23 00:00:00;SO605894;C0001;VS001;1309;2026-04-20 00:00:00;2026-04-30 00:00:00;2026-03-25 00:00:00;2026-04-04 00:00:00
2026-03-23 00:00:00;SO774811;C0026;CL002;484;2026-04-27 00:00:00;2026-04-25 00:00:00;2026-03-31 00:00:00;2026-03-29 00:00:00
2026-03-23 00:00:00;SO605894;C0001;CS003;573;2026-04-20 00:00:00;2026-04-27 00:00:00;2026-03-25 00:00:00;2026-04-01 00:00:00
2026-03-23 00:00:00;SO774811;C0026;VS001;384;2026-04-27 00:00:00;2026-05-05 00:00:00;2026-03-31 00:00:00;2026-04-08 00:00:00
2026-03-23 00:00:00;SO605894;C0001;VS003;888;2026-04-20 00:00:00;2026-04-27 00:00:00;2026-03-25 00:00:00;2026-04-01 00:00:00
2026-03-23 00:00:00;SO605894;C0001;AS001;637;2026-04-20 00:00:00;2026-04-22 00:00:00;2026-03-25 00:00:00;2026-03-27 00:00:00
2026-03-23 00:00:00;SO605894;C0001;AS002;852;2026-04-20 00:00:00;2026-04-19 00:00:00;2026-03-25 00:00:00;2026-03-24 00:00:00
2026-03-23 00:00:00;SO774811;C0026;AL002;554;2026-04-27 00:00:00;2026-05-01 00:00:00;2026-03-31 00:00:00;2026-04-04 00:00:00
2026-03-24 00:00:00;SO917150;C0027;VS001;473;2026-05-05 00:00:00;2026-04-27 00:00:00;2026-04-01 00:00:00;2026-03-24 00:00:00
2026-03-24 00:00:00;SO661949;C0021;AL001;1045;2026-04-07 00:00:00;2026-04-01 00:00:00;2026-03-28 00:00:00;2026-03-22 00:00:00
2026-03-24 00:00:00;SO285354;C0028;CT001;345;2026-04-07 00:00:00;2026-03-29 00:00:00;2026-04-01 00:00:00;2026-03-23 00:00:00
2026-03-24 00:00:00;SO285354;C0028;AS005;727;2026-04-07 00:00:00;2026-04-03 00:00:00;2026-04-01 00:00:00;2026-03-28 00:00:00
2026-03-24 00:00:00;SO285354;C0028;CS003;940;2026-04-07 00:00:00;2026-04-05 00:00:00;2026-04-01 00:00:00;2026-03-30 00:00:00
2026-03-24 00:00:00;SO661949;C0021;CT003;765;2026-04-07 00:00:00;2026-04-07 00:00:00;2026-03-28 00:00:00;2026-03-28 00:00:00
2026-03-24 00:00:00;SO285354;C0028;AL002;736;2026-04-07 00:00:00;2026-04-01 00:00:00;2026-04-01 00:00:00;2026-03-26 00:00:00
2026-03-24 00:00:00;SO661949;C0021;AS001;1179;2026-04-07 00:00:00;2026-04-17 00:00:00;2026-03-28 00:00:00;2026-04-07 00:00:00
2026-03-24 00:00:00;SO917150;C0027;AT002;596;2026-05-05 00:00:00;2026-05-13 00:00:00;2026-04-01 00:00:00;2026-04-09 00:00:00
2026-03-24 00:00:00;SO285354;C0028;CS004;736;2026-04-07 00:00:00;2026-04-02 00:00:00;2026-04-01 00:00:00;2026-03-27 00:00:00
2026-03-24 00:00:00;SO917150;C0027;VS003;739;2026-05-05 00:00:00;2026-05-04 00:00:00;2026-04-01 00:00:00;2026-03-31 00:00:00
2026-03-24 00:00:00;SO661949;C0021;CS003;832;2026-04-07 00:00:00;2026-04-03 00:00:00;2026-03-28 00:00:00;2026-03-24 00:00:00
2026-03-24 00:00:00;SO917150;C0027;AL002;1344;2026-05-05 00:00:00;2026-05-10 00:00:00;2026-04-01 00:00:00;2026-04-06 00:00:00
2026-03-24 00:00:00;SO285354;C0028;VS005;733;2026-04-07 00:00:00;2026-03-31 00:00:00;2026-04-01 00:00:00;2026-03-25 00:00:00
2026-03-24 00:00:00;SO285354;C0028;AT002;902;2026-04-07 00:00:00;2026-04-09 00:00:00;2026-04-01 00:00:00;2026-04-03 00:00:00
2026-03-24 00:00:00;SO285354;C0028;VS001;1248;2026-04-07 00:00:00;2026-04-07 00:00:00;2026-04-01 00:00:00;2026-04-01 00:00:00
2026-03-24 00:00:00;SO285354;C0028;AL001;923;2026-04-07 00:00:00;2026-04-01 00:00:00;2026-04-01 00:00:00;2026-03-26 00:00:00
2026-03-24 00:00:00;SO917150;C0027;CS004;328;2026-05-05 00:00:00;2026-05-11 00:00:00;2026-04-01 00:00:00;2026-04-07 00:00:00
2026-03-25 00:00:00;SO453566;C0030;CL002;488;2026-05-27 00:00:00;2026-05-31 00:00:00;2026-04-02 00:00:00;2026-04-06 00:00:00
2026-03-25 00:00:00;SO118095;C0010;AS005;845;2026-05-06 00:00:00;2026-05-09 00:00:00;2026-03-28 00:00:00;2026-03-31 00:00:00
2026-03-25 00:00:00;SO909897;C0029;CT001;453;2026-05-20 00:00:00;2026-05-22 00:00:00;2026-04-02 00:00:00;2026-04-04 00:00:00
2026-03-25 00:00:00;SO412293;C0019;CL002;614;2026-05-27 00:00:00;2026-05-18 00:00:00;2026-03-29 00:00:00;2026-03-20 00:00:00
2026-03-25 00:00:00;SO909897;C0029;AS001;374;2026-05-20 00:00:00;2026-05-25 00:00:00;2026-04-02 00:00:00;2026-04-07 00:00:00
2026-03-25 00:00:00;SO909897;C0029;VS003;367;2026-05-20 00:00:00;2026-05-16 00:00:00;2026-04-02 00:00:00;2026-03-29 00:00:00
2026-03-25 00:00:00;SO412293;C0019;AT002;685;2026-05-27 00:00:00;2026-05-18 00:00:00;2026-03-29 00:00:00;2026-03-20 00:00:00
2026-03-25 00:00:00;SO453566;C0030;AL001;1141;2026-05-27 00:00:00;2026-05-25 00:00:00;2026-04-02 00:00:00;2026-03-31 00:00:00
2026-03-25 00:00:00;SO909897;C0029;AS005;460;2026-05-20 00:00:00;2026-05-10 00:00:00;2026-04-02 00:00:00;2026-03-23 00:00:00
2026-03-25 00:00:00;SO453566;C0030;AL002;509;2026-05-27 00:00:00;2026-05-25 00:00:00;2026-04-02 00:00:00;2026-03-31 00:00:00
2026-03-25 00:00:00;SO909897;C0029;AT002;575;2026-05-20 00:00:00;2026-05-14 00:00:00;2026-04-02 00:00:00;2026-03-27 00:00:00
2026-03-25 00:00:00;SO909897;C0029;VS005;713;2026-05-20 00:00:00;2026-05-11 00:00:00;2026-04-02 00:00:00;2026-03-24 00:00:00
2026-03-25 00:00:00;SO412293;C0019;CS003;1334;2026-05-27 00:00:00;2026-05-31 00:00:00;2026-03-29 00:00:00;2026-04-02 00:00:00
2026-03-25 00:00:00;SO453566;C0030;CS003;1083;2026-05-27 00:00:00;2026-05-17 00:00:00;2026-04-02 00:00:00;2026-03-23 00:00:00
2026-03-26 00:00:00;SO492706;C0010;AT002;663;2026-05-07 00:00:00;2026-05-01 00:00:00;2026-03-29 00:00:00;2026-03-23 00:00:00
2026-03-26 00:00:00;SO587070;C0003;VS001;870;2026-05-07 00:00:00;2026-05-03 00:00:00;2026-03-28 00:00:00;2026-03-24 00:00:00
2026-03-26 00:00:00;SO630149;C0028;VS001;841;2026-04-09 00:00:00;2026-04-19 00:00:00;2026-04-03 00:00:00;2026-04-13 00:00:00
2026-03-26 00:00:00;SO795553;C0026;CS003;874;2026-04-30 00:00:00;2026-04-22 00:00:00;2026-04-03 00:00:00;2026-03-26 00:00:00
2026-03-26 00:00:00;SO630149;C0028;AS005;590;2026-04-09 00:00:00;2026-04-12 00:00:00;2026-04-03 00:00:00;2026-04-06 00:00:00
2026-03-26 00:00:00;SO795553;C0026;CT001;907;2026-04-30 00:00:00;2026-04-30 00:00:00;2026-04-03 00:00:00;2026-04-03 00:00:00
2026-03-26 00:00:00;SO492706;C0010;CS003;1159;2026-05-07 00:00:00;2026-05-14 00:00:00;2026-03-29 00:00:00;2026-04-05 00:00:00
2026-03-26 00:00:00;SO630149;C0028;AT002;1106;2026-04-09 00:00:00;2026-04-18 00:00:00;2026-04-03 00:00:00;2026-04-12 00:00:00
2026-03-26 00:00:00;SO492706;C0010;AL001;1323;2026-05-07 00:00:00;2026-04-30 00:00:00;2026-03-29 00:00:00;2026-03-22 00:00:00
2026-03-26 00:00:00;SO587070;C0003;VS005;515;2026-05-07 00:00:00;2026-05-02 00:00:00;2026-03-28 00:00:00;2026-03-23 00:00:00
2026-03-26 00:00:00;SO492706;C0010;VS005;964;2026-05-07 00:00:00;2026-04-28 00:00:00;2026-03-29 00:00:00;2026-03-20 00:00:00
2026-03-26 00:00:00;SO587070;C0003;CS003;382;2026-05-07 00:00:00;2026-05-11 00:00:00;2026-03-28 00:00:00;2026-04-01 00:00:00
2026-03-26 00:00:00;SO630149;C0028;CT001;1291;2026-04-09 00:00:00;2026-04-03 00:00:00;2026-04-03 00:00:00;2026-03-28 00:00:00
2026-03-26 00:00:00;SO492706;C0010;CT003;1448;2026-05-07 00:00:00;2026-05-15 00:00:00;2026-03-29 00:00:00;2026-04-06 00:00:00
2026-03-26 00:00:00;SO630149;C0028;AL002;1277;2026-04-09 00:00:00;2026-04-10 00:00:00;2026-04-03 00:00:00;2026-04-04 00:00:00
2026-03-26 00:00:00;SO492706;C0010;AS005;642;2026-05-07 00:00:00;2026-05-15 00:00:00;2026-03-29 00:00:00;2026-04-06 00:00:00
2026-03-26 00:00:00;SO587070;C0003;AS002;528;2026-05-07 00:00:00;2026-05-11 00:00:00;2026-03-28 00:00:00;2026-04-01 00:00:00
2026-03-26 00:00:00;SO492706;C0010;CS004;689;2026-05-07 00:00:00;2026-05-08 00:00:00;2026-03-29 00:00:00;2026-03-30 00:00:00
2026-03-27 00:00:00;SO904673;C0008;CS003;562;2026-05-22 00:00:00;2026-05-30 00:00:00;2026-03-30 00:00:00;2026-04-07 00:00:00
2026-03-27 00:00:00;SO670351;C0007;VS005;561;2026-05-29 00:00:00;2026-05-21 00:00:00;2026-03-30 00:00:00;2026-03-22 00:00:00
2026-03-27 00:00:00;SO588870;C0030;CT003;1117;2026-05-29 00:00:00;2026-06-04 00:00:00;2026-04-04 00:00:00;2026-04-10 00:00:00
2026-03-27 00:00:00;SO904673;C0008;VS005;841;2026-05-22 00:00:00;2026-05-17 00:00:00;2026-03-30 00:00:00;2026-03-25 00:00:00
2026-03-27 00:00:00;SO904673;C0008;CT003;500;2026-05-22 00:00:00;2026-05-20 00:00:00;2026-03-30 00:00:00;2026-03-28 00:00:00
2026-03-27 00:00:00;SO588870;C0030;VS005;791;2026-05-29 00:00:00;2026-05-29 00:00:00;2026-04-04 00:00:00;2026-04-04 00:00:00
2026-03-27 00:00:00;SO588870;C0030;AT002;1012;2026-05-29 00:00:00;2026-05-30 00:00:00;2026-04-04 00:00:00;2026-04-05 00:00:00
2026-03-27 00:00:00;SO904673;C0008;AL002;848;2026-05-22 00:00:00;2026-05-21 00:00:00;2026-03-30 00:00:00;2026-03-29 00:00:00
2026-03-27 00:00:00;SO588870;C0030;CS004;471;2026-05-29 00:00:00;2026-06-05 00:00:00;2026-04-04 00:00:00;2026-04-11 00:00:00
2026-03-27 00:00:00;SO670351;C0007;CT001;687;2026-05-29 00:00:00;2026-06-07 00:00:00;2026-03-30 00:00:00;2026-04-08 00:00:00
2026-03-27 00:00:00;SO588870;C0030;CT001;1354;2026-05-29 00:00:00;2026-06-01 00:00:00;2026-04-04 00:00:00;2026-04-07 00:00:00
2026-03-27 00:00:00;SO670351;C0007;AS005;823;2026-05-29 00:00:00;2026-05-30 00:00:00;2026-03-30 00:00:00;2026-03-31 00:00:00
2026-03-27 00:00:00;SO904673;C0008;CL002;1362;2026-05-22 00:00:00;2026-05-30 00:00:00;2026-03-30 00:00:00;2026-04-07 00:00:00
2026-03-27 00:00:00;SO588870;C0030;AL001;1167;2026-05-29 00:00:00;2026-06-02 00:00:00;2026-04-04 00:00:00;2026-04-08 00:00:00
2026-03-27 00:00:00;SO588870;C0030;AS001;1016;2026-05-29 00:00:00;2026-06-05 00:00:00;2026-04-04 00:00:00;2026-04-11 00:00:00
2026-03-27 00:00:00;SO588870;C0030;AL002;387;2026-05-29 00:00:00;2026-05-25 00:00:00;2026-04-04 00:00:00;2026-03-31 00:00:00
2026-03-27 00:00:00;SO904673;C0008;AS005;501;2026-05-22 00:00:00;2026-05-14 00:00:00;2026-03-30 00:00:00;2026-03-22 00:00:00
2026-03-27 00:00:00;SO904673;C0008;AT002;1072;2026-05-22 00:00:00;2026-05-17 00:00:00;2026-03-30 00:00:00;2026-03-25 00:00:00
2026-03-27 00:00:00;SO904673;C0008;VS001;1056;2026-05-22 00:00:00;2026-05-20 00:00:00;2026-03-30 00:00:00;2026-03-28 00:00:00
2026-03-30 00:00:00;SO525453;C0004;VS005;520;2026-04-13 00:00:00;2026-04-04 00:00:00;2026-04-01 00:00:00;2026-03-23 00:00:00
2026-03-30 00:00:00;SO143484;C0012;AT002;1083;2026-04-27 00:00:00;2026-04-18 00:00:00;2026-04-02 00:00:00;2026-03-24 00:00:00
2026-03-30 00:00:00;SO613158;C0020;CT001;679;2026-05-25 00:00:00;2026-05-26 00:00:00;2026-04-03 00:00:00;2026-04-04 00:00:00
2026-03-30 00:00:00;SO143484;C0012;CT001;949;2026-04-27 00:00:00;2026-04-23 00:00:00;2026-04-02 00:00:00;2026-03-29 00:00:00
2026-03-30 00:00:00;SO613158;C0020;AT001;566;2026-05-25 00:00:00;2026-05-24 00:00:00;2026-04-03 00:00:00;2026-04-02 00:00:00
2026-03-30 00:00:00;SO613158;C0020;AT002;760;2026-05-25 00:00:00;2026-05-19 00:00:00;2026-04-03 00:00:00;2026-03-28 00:00:00
2026-03-30 00:00:00;SO613158;C0020;VS003;836;2026-05-25 00:00:00;2026-05-27 00:00:00;2026-04-03 00:00:00;2026-04-05 00:00:00
2026-03-30 00:00:00;SO143484;C0012;AL001;647;2026-04-27 00:00:00;2026-04-24 00:00:00;2026-04-02 00:00:00;2026-03-30 00:00:00
2026-03-30 00:00:00;SO143484;C0012;CT003;940;2026-04-27 00:00:00;2026-05-06 00:00:00;2026-04-02 00:00:00;2026-04-11 00:00:00
2026-03-30 00:00:00;SO525453;C0004;AL001;963;2026-04-13 00:00:00;2026-04-22 00:00:00;2026-04-01 00:00:00;2026-04-10 00:00:00
2026-03-30 00:00:00;SO613158;C0020;VS005;1017;2026-05-25 00:00:00;2026-05-22 00:00:00;2026-04-03 00:00:00;2026-03-31 00:00:00
2026-03-30 00:00:00;SO525453;C0004;AS002;708;2026-04-13 00:00:00;2026-04-18 00:00:00;2026-04-01 00:00:00;2026-04-06 00:00:00
2026-03-30 00:00:00;SO525453;C0004;CL002;602;2026-04-13 00:00:00;2026-04-22 00:00:00;2026-04-01 00:00:00;2026-04-10 00:00:00
2026-03-30 00:00:00;SO525453;C0004;AS005;1096;2026-04-13 00:00:00;2026-04-20 00:00:00;2026-04-01 00:00:00;2026-04-08 00:00:00
2026-03-30 00:00:00;SO613158;C0020;AS001;588;2026-05-25 00:00:00;2026-05-27 00:00:00;2026-04-03 00:00:00;2026-04-05 00:00:00
2026-03-31 00:00:00;SO837382;C0007;AS001;401;2026-06-02 00:00:00;2026-06-08 00:00:00;2026-04-03 00:00:00;2026-04-09 00:00:00
2026-03-31 00:00:00;SO283847;C0030;AS005;824;2026-06-02 00:00:00;2026-06-01 00:00:00;2026-04-08 00:00:00;2026-04-07 00:00:00
2026-03-31 00:00:00;SO709888;C0024;CT001;514;2026-04-28 00:00:00;2026-05-03 00:00:00;2026-04-04 00:00:00;2026-04-09 00:00:00
2026-03-31 00:00:00;SO983197;C0010;AL002;969;2026-05-12 00:00:00;2026-05-07 00:00:00;2026-04-03 00:00:00;2026-03-29 00:00:00
2026-03-31 00:00:00;SO983197;C0010;CL002;614;2026-05-12 00:00:00;2026-05-16 00:00:00;2026-04-03 00:00:00;2026-04-07 00:00:00
2026-03-31 00:00:00;SO283847;C0030;AS002;372;2026-06-02 00:00:00;2026-06-12 00:00:00;2026-04-08 00:00:00;2026-04-18 00:00:00
2026-03-31 00:00:00;SO837382;C0007;VS003;1044;2026-06-02 00:00:00;2026-06-09 00:00:00;2026-04-03 00:00:00;2026-04-10 00:00:00
2026-03-31 00:00:00;SO283847;C0030;AS001;419;2026-06-02 00:00:00;2026-06-07 00:00:00;2026-04-08 00:00:00;2026-04-13 00:00:00
2026-03-31 00:00:00;SO983197;C0010;VS003;870;2026-05-12 00:00:00;2026-05-02 00:00:00;2026-04-03 00:00:00;2026-03-24 00:00:00
2026-03-31 00:00:00;SO709888;C0024;AL001;621;2026-04-28 00:00:00;2026-04-19 00:00:00;2026-04-04 00:00:00;2026-03-26 00:00:00
2026-03-31 00:00:00;SO983197;C0010;CT003;1256;2026-05-12 00:00:00;2026-05-19 00:00:00;2026-04-03 00:00:00;2026-04-10 00:00:00
2026-03-31 00:00:00;SO709888;C0024;AS005;275;2026-04-28 00:00:00;2026-05-07 00:00:00;2026-04-04 00:00:00;2026-04-13 00:00:00
2026-04-01 00:00:00;SO560792;C0012;CS003;906;2026-04-29 00:00:00;2026-04-20 00:00:00;2026-04-04 00:00:00;2026-03-26 00:00:00
2026-04-01 00:00:00;SO471315;C0018;CT001;878;2026-06-03 00:00:00;2026-06-08 00:00:00;2026-04-05 00:00:00;2026-04-10 00:00:00
2026-04-01 00:00:00;SO471315;C0018;AT002;851;2026-06-03 00:00:00;2026-06-01 00:00:00;2026-04-05 00:00:00;2026-04-03 00:00:00
2026-04-01 00:00:00;SO560792;C0012;CS004;1186;2026-04-29 00:00:00;2026-04-21 00:00:00;2026-04-04 00:00:00;2026-03-27 00:00:00
2026-04-01 00:00:00;SO560792;C0012;AS005;1334;2026-04-29 00:00:00;2026-04-27 00:00:00;2026-04-04 00:00:00;2026-04-02 00:00:00
2026-04-01 00:00:00;SO471315;C0018;CL001;649;2026-06-03 00:00:00;2026-06-03 00:00:00;2026-04-05 00:00:00;2026-04-05 00:00:00
2026-04-01 00:00:00;SO471315;C0018;AS004;1026;2026-06-03 00:00:00;2026-05-25 00:00:00;2026-04-05 00:00:00;2026-03-27 00:00:00
2026-04-01 00:00:00;SO471315;C0018;AS001;476;2026-06-03 00:00:00;2026-06-03 00:00:00;2026-04-05 00:00:00;2026-04-05 00:00:00
2026-04-01 00:00:00;SO560792;C0012;VS003;1257;2026-04-29 00:00:00;2026-05-01 00:00:00;2026-04-04 00:00:00;2026-04-06 00:00:00
2026-04-01 00:00:00;SO471315;C0018;VS004;592;2026-06-03 00:00:00;2026-06-12 00:00:00;2026-04-05 00:00:00;2026-04-14 00:00:00
2026-04-01 00:00:00;SO560792;C0012;AT002;337;2026-04-29 00:00:00;2026-04-23 00:00:00;2026-04-04 00:00:00;2026-03-29 00:00:00
2026-04-01 00:00:00;SO560792;C0012;AT001;616;2026-04-29 00:00:00;2026-05-02 00:00:00;2026-04-04 00:00:00;2026-04-07 00:00:00
2026-04-02 00:00:00;SO231115;C0005;VS004;802;2026-05-28 00:00:00;2026-05-19 00:00:00;2026-04-04 00:00:00;2026-03-26 00:00:00
2026-04-02 00:00:00;SO849862;C0015;AS001;1356;2026-05-14 00:00:00;2026-05-14 00:00:00;2026-04-06 00:00:00;2026-04-06 00:00:00
2026-04-02 00:00:00;SO474966;C0008;AS003;1256;2026-05-28 00:00:00;2026-06-01 00:00:00;2026-04-05 00:00:00;2026-04-09 00:00:00
2026-04-02 00:00:00;SO849862;C0015;CT002;628;2026-05-14 00:00:00;2026-05-11 00:00:00;2026-04-06 00:00:00;2026-04-03 00:00:00
2026-04-02 00:00:00;SO474966;C0008;AS005;959;2026-05-28 00:00:00;2026-05-27 00:00:00;2026-04-05 00:00:00;2026-04-04 00:00:00
2026-04-02 00:00:00;SO474966;C0008;VS004;439;2026-05-28 00:00:00;2026-06-02 00:00:00;2026-04-05 00:00:00;2026-04-10 00:00:00
2026-04-02 00:00:00;SO849862;C0015;AS003;649;2026-05-14 00:00:00;2026-05-14 00:00:00;2026-04-06 00:00:00;2026-04-06 00:00:00
2026-04-02 00:00:00;SO474966;C0008;AL001;478;2026-05-28 00:00:00;2026-06-01 00:00:00;2026-04-05 00:00:00;2026-04-09 00:00:00
2026-04-02 00:00:00;SO231115;C0005;AS003;835;2026-05-28 00:00:00;2026-05-19 00:00:00;2026-04-04 00:00:00;2026-03-26 00:00:00
2026-04-02 00:00:00;SO474966;C0008;CS003;530;2026-05-28 00:00:00;2026-06-06 00:00:00;2026-04-05 00:00:00;2026-04-14 00:00:00
2026-04-02 00:00:00;SO231115;C0005;VS002;351;2026-05-28 00:00:00;2026-05-31 00:00:00;2026-04-04 00:00:00;2026-04-07 00:00:00
2026-04-02 00:00:00;SO474966;C0008;CS004;609;2026-05-28 00:00:00;2026-05-18 00:00:00;2026-04-05 00:00:00;2026-03-26 00:00:00
2026-04-02 00:00:00;SO231115;C0005;CT003;1182;2026-05-28 00:00:00;2026-05-20 00:00:00;2026-04-04 00:00:00;2026-03-27 00:00:00
2026-04-03 00:00:00;SO780291;C0016;CT003;1160;2026-04-17 00:00:00;2026-04-14 00:00:00;2026-04-07 00:00:00;2026-04-04 00:00:00
2026-04-03 00:00:00;SO490952;C0006;CS001;1115;2026-06-05 00:00:00;2026-05-31 00:00:00;2026-04-05 00:00:00;2026-03-31 00:00:00
2026-04-03 00:00:00;SO383403;C0019;CS003;1078;2026-06-05 00:00:00;2026-06-05 00:00:00;2026-04-07 00:00:00;2026-04-07 00:00:00
2026-04-03 00:00:00;SO737318;C0007;VS003;1245;2026-06-05 00:00:00;2026-05-29 00:00:00;2026-04-06 00:00:00;2026-03-30 00:00:00
2026-04-03 00:00:00;SO490952;C0006;VS005;542;2026-06-05 00:00:00;2026-06-12 00:00:00;2026-04-05 00:00:00;2026-04-12 00:00:00
2026-04-03 00:00:00;SO383403;C0019;CT003;488;2026-06-05 00:00:00;2026-06-12 00:00:00;2026-04-07 00:00:00;2026-04-14 00:00:00
2026-04-03 00:00:00;SO383403;C0019;CL001;862;2026-06-05 00:00:00;2026-06-04 00:00:00;2026-04-07 00:00:00;2026-04-06 00:00:00
2026-04-03 00:00:00;SO737318;C0007;CL002;921;2026-06-05 00:00:00;2026-06-09 00:00:00;2026-04-06 00:00:00;2026-04-10 00:00:00
2026-04-03 00:00:00;SO737318;C0007;CS004;1182;2026-06-05 00:00:00;2026-06-08 00:00:00;2026-04-06 00:00:00;2026-04-09 00:00:00
2026-04-03 00:00:00;SO780291;C0016;AS005;1225;2026-04-17 00:00:00;2026-04-19 00:00:00;2026-04-07 00:00:00;2026-04-09 00:00:00
2026-04-03 00:00:00;SO383403;C0019;AS004;1021;2026-06-05 00:00:00;2026-06-13 00:00:00;2026-04-07 00:00:00;2026-04-15 00:00:00
2026-04-03 00:00:00;SO383403;C0019;AS005;851;2026-06-05 00:00:00;2026-06-13 00:00:00;2026-04-07 00:00:00;2026-04-15 00:00:00
2026-04-06 00:00:00;SO234525;C0003;VS002;1026;2026-05-18 00:00:00;2026-05-26 00:00:00;2026-04-08 00:00:00;2026-04-16 00:00:00
2026-04-06 00:00:00;SO502123;C0024;CS004;1060;2026-05-04 00:00:00;2026-05-09 00:00:00;2026-04-10 00:00:00;2026-04-15 00:00:00
2026-04-06 00:00:00;SO851516;C0009;CS004;1111;2026-04-20 00:00:00;2026-04-20 00:00:00;2026-04-09 00:00:00;2026-04-09 00:00:00
2026-04-06 00:00:00;SO234525;C0003;CT003;698;2026-05-18 00:00:00;2026-05-23 00:00:00;2026-04-08 00:00:00;2026-04-13 00:00:00
2026-04-06 00:00:00;SO851516;C0009;AS005;671;2026-04-20 00:00:00;2026-04-26 00:00:00;2026-04-09 00:00:00;2026-04-15 00:00:00
2026-04-06 00:00:00;SO502123;C0024;AS005;884;2026-05-04 00:00:00;2026-04-25 00:00:00;2026-04-10 00:00:00;2026-04-01 00:00:00
2026-04-06 00:00:00;SO234525;C0003;VS004;375;2026-05-18 00:00:00;2026-05-28 00:00:00;2026-04-08 00:00:00;2026-04-18 00:00:00
2026-04-06 00:00:00;SO234525;C0003;AL002;1086;2026-05-18 00:00:00;2026-05-14 00:00:00;2026-04-08 00:00:00;2026-04-04 00:00:00
2026-04-06 00:00:00;SO851516;C0009;VS001;836;2026-04-20 00:00:00;2026-04-27 00:00:00;2026-04-09 00:00:00;2026-04-16 00:00:00
2026-04-06 00:00:00;SO851516;C0009;AL001;875;2026-04-20 00:00:00;2026-04-10 00:00:00;2026-04-09 00:00:00;2026-03-30 00:00:00
2026-04-06 00:00:00;SO234525;C0003;AL001;1021;2026-05-18 00:00:00;2026-05-16 00:00:00;2026-04-08 00:00:00;2026-04-06 00:00:00
2026-04-06 00:00:00;SO502123;C0024;CT001;1282;2026-05-04 00:00:00;2026-05-13 00:00:00;2026-04-10 00:00:00;2026-04-19 00:00:00
2026-04-06 00:00:00;SO851516;C0009;CS002;932;2026-04-20 00:00:00;2026-04-29 00:00:00;2026-04-09 00:00:00;2026-04-18 00:00:00
2026-04-06 00:00:00;SO851516;C0009;CL002;1004;2026-04-20 00:00:00;2026-04-25 00:00:00;2026-04-09 00:00:00;2026-04-14 00:00:00
2026-04-06 00:00:00;SO502123;C0024;CS003;396;2026-05-04 00:00:00;2026-05-11 00:00:00;2026-04-10 00:00:00;2026-04-17 00:00:00
2026-04-06 00:00:00;SO851516;C0009;CL001;399;2026-04-20 00:00:00;2026-04-16 00:00:00;2026-04-09 00:00:00;2026-04-05 00:00:00
2026-04-06 00:00:00;SO502123;C0024;CT002;1342;2026-05-04 00:00:00;2026-04-30 00:00:00;2026-04-10 00:00:00;2026-04-06 00:00:00
2026-04-06 00:00:00;SO502123;C0024;VS005;1140;2026-05-04 00:00:00;2026-05-01 00:00:00;2026-04-10 00:00:00;2026-04-07 00:00:00
2026-04-06 00:00:00;SO234525;C0003;AS003;769;2026-05-18 00:00:00;2026-05-23 00:00:00;2026-04-08 00:00:00;2026-04-13 00:00:00
2026-04-07 00:00:00;SO9000025;C0007;AL002;651;2026-06-09 00:00:00;2026-06-04 00:00:00;2026-04-10 00:00:00;2026-04-05 00:00:00
2026-04-07 00:00:00;SO253684;C0004;AS003;602;2026-04-21 00:00:00;2026-04-26 00:00:00;2026-04-09 00:00:00;2026-04-14 00:00:00
2026-04-07 00:00:00;SO9000025;C0007;CL001;467;2026-06-09 00:00:00;2026-06-11 00:00:00;2026-04-10 00:00:00;2026-04-12 00:00:00
2026-04-07 00:00:00;SO9000025;C0007;VS003;700;2026-06-09 00:00:00;2026-06-11 00:00:00;2026-04-10 00:00:00;2026-04-12 00:00:00
2026-04-07 00:00:00;SO253684;C0004;CS004;337;2026-04-21 00:00:00;2026-04-28 00:00:00;2026-04-09 00:00:00;2026-04-16 00:00:00
2026-04-07 00:00:00;SO253684;C0004;AT002;1230;2026-04-21 00:00:00;2026-04-17 00:00:00;2026-04-09 00:00:00;2026-04-05 00:00:00
2026-04-07 00:00:00;SO9000025;C0007;AS001;1094;2026-06-09 00:00:00;2026-06-08 00:00:00;2026-04-10 00:00:00;2026-04-09 00:00:00
2026-04-07 00:00:00;SO9000025;C0007;AL001;925;2026-06-09 00:00:00;2026-05-30 00:00:00;2026-04-10 00:00:00;2026-03-31 00:00:00
2026-04-07 00:00:00;SO253684;C0004;VS001;588;2026-04-21 00:00:00;2026-04-24 00:00:00;2026-04-09 00:00:00;2026-04-12 00:00:00
2026-04-07 00:00:00;SO9000025;C0007;VS005;1110;2026-06-09 00:00:00;2026-06-01 00:00:00;2026-04-10 00:00:00;2026-04-02 00:00:00
2026-04-07 00:00:00;SO9000025;C0007;AS003;605;2026-06-09 00:00:00;2026-06-01 00:00:00;2026-04-10 00:00:00;2026-04-02 00:00:00
2026-04-07 00:00:00;SO9000025;C0007;CS002;566;2026-06-09 00:00:00;2026-05-31 00:00:00;2026-04-10 00:00:00;2026-04-01 00:00:00
2026-04-07 00:00:00;SO9000025;C0007;CS001;919;2026-06-09 00:00:00;2026-06-07 00:00:00;2026-04-10 00:00:00;2026-04-08 00:00:00
2026-04-07 00:00:00;SO9000025;C0007;CS003;503;2026-06-09 00:00:00;2026-06-13 00:00:00;2026-04-10 00:00:00;2026-04-14 00:00:00
2026-04-07 00:00:00;SO253684;C0004;CT003;568;2026-04-21 00:00:00;2026-04-28 00:00:00;2026-04-09 00:00:00;2026-04-16 00:00:00
2026-04-08 00:00:00;SO228683;C0006;AS005;492;2026-06-10 00:00:00;2026-06-05 00:00:00;2026-04-10 00:00:00;2026-04-05 00:00:00
2026-04-08 00:00:00;SO744228;C0017;VS001;964;2026-06-03 00:00:00;2026-05-30 00:00:00;2026-04-12 00:00:00;2026-04-08 00:00:00
2026-04-08 00:00:00;SO802590;C0011;CS003;751;2026-05-13 00:00:00;2026-05-10 00:00:00;2026-04-11 00:00:00;2026-04-08 00:00:00
2026-04-08 00:00:00;SO211301;C0028;AS003;341;2026-04-22 00:00:00;2026-04-16 00:00:00;2026-04-16 00:00:00;2026-04-10 00:00:00
2026-04-08 00:00:00;SO211301;C0028;AT001;869;2026-04-22 00:00:00;2026-04-30 00:00:00;2026-04-16 00:00:00;2026-04-24 00:00:00
2026-04-08 00:00:00;SO802590;C0011;CL002;1036;2026-05-13 00:00:00;2026-05-09 00:00:00;2026-04-11 00:00:00;2026-04-07 00:00:00
2026-04-08 00:00:00;SO228683;C0006;AS004;1154;2026-06-10 00:00:00;2026-06-10 00:00:00;2026-04-10 00:00:00;2026-04-10 00:00:00
2026-04-08 00:00:00;SO802590;C0011;AT001;914;2026-05-13 00:00:00;2026-05-05 00:00:00;2026-04-11 00:00:00;2026-04-03 00:00:00
2026-04-08 00:00:00;SO228683;C0006;CS001;880;2026-06-10 00:00:00;2026-06-14 00:00:00;2026-04-10 00:00:00;2026-04-14 00:00:00
2026-04-08 00:00:00;SO744228;C0017;AS004;729;2026-06-03 00:00:00;2026-05-27 00:00:00;2026-04-12 00:00:00;2026-04-05 00:00:00
2026-04-08 00:00:00;SO744228;C0017;VS004;620;2026-06-03 00:00:00;2026-05-31 00:00:00;2026-04-12 00:00:00;2026-04-09 00:00:00
2026-04-08 00:00:00;SO211301;C0028;CS002;854;2026-04-22 00:00:00;2026-04-30 00:00:00;2026-04-16 00:00:00;2026-04-24 00:00:00
2026-04-08 00:00:00;SO744228;C0017;AT001;984;2026-06-03 00:00:00;2026-05-24 00:00:00;2026-04-12 00:00:00;2026-04-02 00:00:00
2026-04-08 00:00:00;SO744228;C0017;AS005;458;2026-06-03 00:00:00;2026-06-13 00:00:00;2026-04-12 00:00:00;2026-04-22 00:00:00
2026-04-09 00:00:00;SO760704;C0022;AS003;804;2026-05-21 00:00:00;2026-05-26 00:00:00;2026-04-13 00:00:00;2026-04-18 00:00:00
2026-04-09 00:00:00;SO766899;C0017;CT001;384;2026-06-04 00:00:00;2026-05-27 00:00:00;2026-04-13 00:00:00;2026-04-05 00:00:00
2026-04-09 00:00:00;SO516484;C0027;CS001;571;2026-05-21 00:00:00;2026-05-26 00:00:00;2026-04-17 00:00:00;2026-04-22 00:00:00
2026-04-09 00:00:00;SO269631;C0010;AT002;869;2026-05-21 00:00:00;2026-05-28 00:00:00;2026-04-12 00:00:00;2026-04-19 00:00:00
2026-04-09 00:00:00;SO766899;C0017;AT002;1026;2026-06-04 00:00:00;2026-06-01 00:00:00;2026-04-13 00:00:00;2026-04-10 00:00:00
2026-04-09 00:00:00;SO269631;C0010;CS002;1040;2026-05-21 00:00:00;2026-05-16 00:00:00;2026-04-12 00:00:00;2026-04-07 00:00:00
2026-04-09 00:00:00;SO269631;C0010;VS002;629;2026-05-21 00:00:00;2026-05-24 00:00:00;2026-04-12 00:00:00;2026-04-15 00:00:00
2026-04-09 00:00:00;SO760704;C0022;CS003;398;2026-05-21 00:00:00;2026-05-20 00:00:00;2026-04-13 00:00:00;2026-04-12 00:00:00
2026-04-09 00:00:00;SO766899;C0017;AL002;1177;2026-06-04 00:00:00;2026-05-25 00:00:00;2026-04-13 00:00:00;2026-04-03 00:00:00
2026-04-09 00:00:00;SO760704;C0022;VS005;756;2026-05-21 00:00:00;2026-05-28 00:00:00;2026-04-13 00:00:00;2026-04-20 00:00:00
2026-04-09 00:00:00;SO760704;C0022;VS002;973;2026-05-21 00:00:00;2026-05-23 00:00:00;2026-04-13 00:00:00;2026-04-15 00:00:00
2026-04-09 00:00:00;SO766899;C0017;AS003;1264;2026-06-04 00:00:00;2026-06-14 00:00:00;2026-04-13 00:00:00;2026-04-23 00:00:00
2026-04-09 00:00:00;SO516484;C0027;AT002;734;2026-05-21 00:00:00;2026-05-26 00:00:00;2026-04-17 00:00:00;2026-04-22 00:00:00
2026-04-09 00:00:00;SO766899;C0017;CT002;1023;2026-06-04 00:00:00;2026-06-03 00:00:00;2026-04-13 00:00:00;2026-04-12 00:00:00
2026-04-09 00:00:00;SO760704;C0022;AL002;1039;2026-05-21 00:00:00;2026-05-15 00:00:00;2026-04-13 00:00:00;2026-04-07 00:00:00
2026-04-09 00:00:00;SO269631;C0010;VS004;893;2026-05-21 00:00:00;2026-05-27 00:00:00;2026-04-12 00:00:00;2026-04-18 00:00:00
2026-04-09 00:00:00;SO516484;C0027;AS004;1070;2026-05-21 00:00:00;2026-05-21 00:00:00;2026-04-17 00:00:00;2026-04-17 00:00:00
2026-04-10 00:00:00;SO112044;C0008;CS002;692;2026-06-05 00:00:00;2026-05-28 00:00:00;2026-04-13 00:00:00;2026-04-05 00:00:00
2026-04-10 00:00:00;SO656279;C0027;CS004;523;2026-05-22 00:00:00;2026-05-24 00:00:00;2026-04-18 00:00:00;2026-04-20 00:00:00
2026-04-10 00:00:00;SO327099;C0002;VS005;940;2026-05-15 00:00:00;2026-05-13 00:00:00;2026-04-12 00:00:00;2026-04-10 00:00:00
2026-04-10 00:00:00;SO800589;C0012;VS005;302;2026-05-08 00:00:00;2026-05-03 00:00:00;2026-04-13 00:00:00;2026-04-08 00:00:00
2026-04-10 00:00:00;SO656279;C0027;AS003;761;2026-05-22 00:00:00;2026-05-20 00:00:00;2026-04-18 00:00:00;2026-04-16 00:00:00
2026-04-10 00:00:00;SO800589;C0012;CT002;369;2026-05-08 00:00:00;2026-05-11 00:00:00;2026-04-13 00:00:00;2026-04-16 00:00:00
2026-04-10 00:00:00;SO327099;C0002;AS003;1106;2026-05-15 00:00:00;2026-05-14 00:00:00;2026-04-12 00:00:00;2026-04-11 00:00:00
2026-04-10 00:00:00;SO656279;C0027;AL001;898;2026-05-22 00:00:00;2026-05-26 00:00:00;2026-04-18 00:00:00;2026-04-22 00:00:00
2026-04-10 00:00:00;SO656279;C0027;CT003;1013;2026-05-22 00:00:00;2026-05-18 00:00:00;2026-04-18 00:00:00;2026-04-14 00:00:00
2026-04-10 00:00:00;SO656279;C0027;CL002;701;2026-05-22 00:00:00;2026-05-29 00:00:00;2026-04-18 00:00:00;2026-04-25 00:00:00
2026-04-10 00:00:00;SO327099;C0002;CS001;627;2026-05-15 00:00:00;2026-05-12 00:00:00;2026-04-12 00:00:00;2026-04-09 00:00:00
2026-04-10 00:00:00;SO112044;C0008;VS001;646;2026-06-05 00:00:00;2026-05-31 00:00:00;2026-04-13 00:00:00;2026-04-08 00:00:00
2026-04-10 00:00:00;SO327099;C0002;VS003;875;2026-05-15 00:00:00;2026-05-12 00:00:00;2026-04-12 00:00:00;2026-04-09 00:00:00
2026-04-10 00:00:00;SO327099;C0002;CL002;684;2026-05-15 00:00:00;2026-05-08 00:00:00;2026-04-12 00:00:00;2026-04-05 00:00:00
2026-04-10 00:00:00;SO800589;C0012;AT001;1475;2026-05-08 00:00:00;2026-05-18 00:00:00;2026-04-13 00:00:00;2026-04-23 00:00:00
2026-04-10 00:00:00;SO327099;C0002;VS001;492;2026-05-15 00:00:00;2026-05-12 00:00:00;2026-04-12 00:00:00;2026-04-09 00:00:00
2026-04-10 00:00:00;SO327099;C0002;CT002;392;2026-05-15 00:00:00;2026-05-25 00:00:00;2026-04-12 00:00:00;2026-04-22 00:00:00
2026-04-10 00:00:00;SO112044;C0008;CS003;468;2026-06-05 00:00:00;2026-05-28 00:00:00;2026-04-13 00:00:00;2026-04-05 00:00:00
2026-04-13 00:00:00;SO175302;C0002;VS005;363;2026-05-18 00:00:00;2026-05-20 00:00:00;2026-04-15 00:00:00;2026-04-17 00:00:00
2026-04-13 00:00:00;SO312876;C0014;AL002;1051;2026-05-18 00:00:00;2026-05-23 00:00:00;2026-04-17 00:00:00;2026-04-22 00:00:00
2026-04-13 00:00:00;SO293699;C0009;AT002;676;2026-04-27 00:00:00;2026-05-05 00:00:00;2026-04-16 00:00:00;2026-04-24 00:00:00
2026-04-13 00:00:00;SO293699;C0009;AT001;502;2026-04-27 00:00:00;2026-05-06 00:00:00;2026-04-16 00:00:00;2026-04-25 00:00:00
2026-04-13 00:00:00;SO293699;C0009;AL001;1010;2026-04-27 00:00:00;2026-05-05 00:00:00;2026-04-16 00:00:00;2026-04-24 00:00:00
2026-04-13 00:00:00;SO293699;C0009;CS002;960;2026-04-27 00:00:00;2026-05-07 00:00:00;2026-04-16 00:00:00;2026-04-26 00:00:00
2026-04-13 00:00:00;SO293699;C0009;AL002;1027;2026-04-27 00:00:00;2026-04-26 00:00:00;2026-04-16 00:00:00;2026-04-15 00:00:00
2026-04-13 00:00:00;SO312876;C0014;CS004;944;2026-05-18 00:00:00;2026-05-12 00:00:00;2026-04-17 00:00:00;2026-04-11 00:00:00
2026-04-13 00:00:00;SO293699;C0009;VS002;753;2026-04-27 00:00:00;2026-05-03 00:00:00;2026-04-16 00:00:00;2026-04-22 00:00:00
2026-04-13 00:00:00;SO312876;C0014;CT003;1187;2026-05-18 00:00:00;2026-05-26 00:00:00;2026-04-17 00:00:00;2026-04-25 00:00:00
2026-04-13 00:00:00;SO175302;C0002;CL002;959;2026-05-18 00:00:00;2026-05-21 00:00:00;2026-04-15 00:00:00;2026-04-18 00:00:00
2026-04-13 00:00:00;SO312876;C0014;AT002;460;2026-05-18 00:00:00;2026-05-19 00:00:00;2026-04-17 00:00:00;2026-04-18 00:00:00
2026-04-13 00:00:00;SO293699;C0009;VS001;970;2026-04-27 00:00:00;2026-05-04 00:00:00;2026-04-16 00:00:00;2026-04-23 00:00:00
2026-04-13 00:00:00;SO175302;C0002;AS005;540;2026-05-18 00:00:00;2026-05-12 00:00:00;2026-04-15 00:00:00;2026-04-09 00:00:00
2026-04-13 00:00:00;SO175302;C0002;CS001;728;2026-05-18 00:00:00;2026-05-22 00:00:00;2026-04-15 00:00:00;2026-04-19 00:00:00
2026-04-13 00:00:00;SO293699;C0009;AS005;1214;2026-04-27 00:00:00;2026-04-18 00:00:00;2026-04-16 00:00:00;2026-04-07 00:00:00
2026-04-13 00:00:00;SO175302;C0002;AT001;936;2026-05-18 00:00:00;2026-05-13 00:00:00;2026-04-15 00:00:00;2026-04-10 00:00:00
2026-04-13 00:00:00;SO312876;C0014;VS005;594;2026-05-18 00:00:00;2026-05-24 00:00:00;2026-04-17 00:00:00;2026-04-23 00:00:00
2026-04-13 00:00:00;SO175302;C0002;CS003;1050;2026-05-18 00:00:00;2026-05-15 00:00:00;2026-04-15 00:00:00;2026-04-12 00:00:00
2026-04-13 00:00:00;SO175302;C0002;AS003;1140;2026-05-18 00:00:00;2026-05-18 00:00:00;2026-04-15 00:00:00;2026-04-15 00:00:00
2026-04-14 00:00:00;SO694964;C0025;CT003;722;2026-05-12 00:00:00;2026-05-20 00:00:00;2026-04-22 00:00:00;2026-04-30 00:00:00
2026-04-14 00:00:00;SO210354;C0007;VS002;427;2026-06-16 00:00:00;2026-06-23 00:00:00;2026-04-17 00:00:00;2026-04-24 00:00:00
2026-04-14 00:00:00;SO210354;C0007;CT002;885;2026-06-16 00:00:00;2026-06-13 00:00:00;2026-04-17 00:00:00;2026-04-14 00:00:00
2026-04-14 00:00:00;SO694964;C0025;CS002;359;2026-05-12 00:00:00;2026-05-17 00:00:00;2026-04-22 00:00:00;2026-04-27 00:00:00
2026-04-14 00:00:00;SO210354;C0007;AL002;960;2026-06-16 00:00:00;2026-06-06 00:00:00;2026-04-17 00:00:00;2026-04-07 00:00:00
2026-04-14 00:00:00;SO210354;C0007;VS005;642;2026-06-16 00:00:00;2026-06-08 00:00:00;2026-04-17 00:00:00;2026-04-09 00:00:00
2026-04-14 00:00:00;SO694964;C0025;AS001;1068;2026-05-12 00:00:00;2026-05-11 00:00:00;2026-04-22 00:00:00;2026-04-21 00:00:00
2026-04-14 00:00:00;SO694964;C0025;AT001;422;2026-05-12 00:00:00;2026-05-19 00:00:00;2026-04-22 00:00:00;2026-04-29 00:00:00
2026-04-14 00:00:00;SO694964;C0025;VS004;363;2026-05-12 00:00:00;2026-05-07 00:00:00;2026-04-22 00:00:00;2026-04-17 00:00:00
2026-04-14 00:00:00;SO694964;C0025;CL002;344;2026-05-12 00:00:00;2026-05-13 00:00:00;2026-04-22 00:00:00;2026-04-23 00:00:00
2026-04-14 00:00:00;SO210354;C0007;CT003;1157;2026-06-16 00:00:00;2026-06-25 00:00:00;2026-04-17 00:00:00;2026-04-26 00:00:00
2026-04-14 00:00:00;SO210354;C0007;AT002;1010;2026-06-16 00:00:00;2026-06-15 00:00:00;2026-04-17 00:00:00;2026-04-16 00:00:00
2026-04-14 00:00:00;SO694964;C0025;CS001;980;2026-05-12 00:00:00;2026-05-11 00:00:00;2026-04-22 00:00:00;2026-04-21 00:00:00
2026-04-15 00:00:00;SO781001;C0017;AS004;1244;2026-06-10 00:00:00;2026-06-08 00:00:00;2026-04-19 00:00:00;2026-04-17 00:00:00
2026-04-15 00:00:00;SO297364;C0020;AS001;511;2026-06-10 00:00:00;2026-06-20 00:00:00;2026-04-19 00:00:00;2026-04-29 00:00:00
2026-04-15 00:00:00;SO184000;C0010;CL002;677;2026-05-27 00:00:00;2026-06-03 00:00:00;2026-04-18 00:00:00;2026-04-25 00:00:00
2026-04-15 00:00:00;SO435312;C0030;CS002;676;2026-06-17 00:00:00;2026-06-11 00:00:00;2026-04-23 00:00:00;2026-04-17 00:00:00
2026-04-15 00:00:00;SO781001;C0017;AS001;826;2026-06-10 00:00:00;2026-06-19 00:00:00;2026-04-19 00:00:00;2026-04-28 00:00:00
2026-04-15 00:00:00;SO435312;C0030;CT003;539;2026-06-17 00:00:00;2026-06-24 00:00:00;2026-04-23 00:00:00;2026-04-30 00:00:00
2026-04-15 00:00:00;SO781001;C0017;CT002;535;2026-06-10 00:00:00;2026-06-09 00:00:00;2026-04-19 00:00:00;2026-04-18 00:00:00
2026-04-15 00:00:00;SO781001;C0017;VS003;914;2026-06-10 00:00:00;2026-06-14 00:00:00;2026-04-19 00:00:00;2026-04-23 00:00:00
2026-04-15 00:00:00;SO184000;C0010;AS003;968;2026-05-27 00:00:00;2026-05-27 00:00:00;2026-04-18 00:00:00;2026-04-18 00:00:00
2026-04-15 00:00:00;SO435312;C0030;AS003;699;2026-06-17 00:00:00;2026-06-25 00:00:00;2026-04-23 00:00:00;2026-05-01 00:00:00
2026-04-15 00:00:00;SO781001;C0017;AS003;738;2026-06-10 00:00:00;2026-06-12 00:00:00;2026-04-19 00:00:00;2026-04-21 00:00:00
2026-04-15 00:00:00;SO435312;C0030;AL002;500;2026-06-17 00:00:00;2026-06-27 00:00:00;2026-04-23 00:00:00;2026-05-03 00:00:00
2026-04-15 00:00:00;SO781001;C0017;VS001;387;2026-06-10 00:00:00;2026-06-19 00:00:00;2026-04-19 00:00:00;2026-04-28 00:00:00
2026-04-15 00:00:00;SO781001;C0017;AS005;677;2026-06-10 00:00:00;2026-06-12 00:00:00;2026-04-19 00:00:00;2026-04-21 00:00:00
2026-04-15 00:00:00;SO781001;C0017;CL002;503;2026-06-10 00:00:00;2026-06-07 00:00:00;2026-04-19 00:00:00;2026-04-16 00:00:00
2026-04-15 00:00:00;SO781001;C0017;AL002;1275;2026-06-10 00:00:00;2026-05-31 00:00:00;2026-04-19 00:00:00;2026-04-09 00:00:00
2026-04-15 00:00:00;SO184000;C0010;CS001;1210;2026-05-27 00:00:00;2026-05-19 00:00:00;2026-04-18 00:00:00;2026-04-10 00:00:00
2026-04-15 00:00:00;SO184000;C0010;AL002;1125;2026-05-27 00:00:00;2026-05-31 00:00:00;2026-04-18 00:00:00;2026-04-22 00:00:00
2026-04-16 00:00:00;SO709791;C0009;AS005;473;2026-04-30 00:00:00;2026-05-01 00:00:00;2026-04-19 00:00:00;2026-04-20 00:00:00
2026-04-16 00:00:00;SO184509;C0018;AS003;1022;2026-06-18 00:00:00;2026-06-21 00:00:00;2026-04-20 00:00:00;2026-04-23 00:00:00
2026-04-16 00:00:00;SO342014;C0024;CL001;1129;2026-05-14 00:00:00;2026-05-24 00:00:00;2026-04-20 00:00:00;2026-04-30 00:00:00
2026-04-16 00:00:00;SO565904;C0027;CL002;627;2026-05-28 00:00:00;2026-05-31 00:00:00;2026-04-24 00:00:00;2026-04-27 00:00:00
2026-04-16 00:00:00;SO709791;C0009;VS004;312;2026-04-30 00:00:00;2026-05-10 00:00:00;2026-04-19 00:00:00;2026-04-29 00:00:00
2026-04-16 00:00:00;SO184509;C0018;VS003;1160;2026-06-18 00:00:00;2026-06-10 00:00:00;2026-04-20 00:00:00;2026-04-12 00:00:00
2026-04-16 00:00:00;SO565904;C0027;CT002;1186;2026-05-28 00:00:00;2026-05-29 00:00:00;2026-04-24 00:00:00;2026-04-25 00:00:00
2026-04-16 00:00:00;SO709791;C0009;AS001;965;2026-04-30 00:00:00;2026-05-06 00:00:00;2026-04-19 00:00:00;2026-04-25 00:00:00
2026-04-16 00:00:00;SO184509;C0018;CS004;330;2026-06-18 00:00:00;2026-06-21 00:00:00;2026-04-20 00:00:00;2026-04-23 00:00:00
2026-04-16 00:00:00;SO709791;C0009;VS005;993;2026-04-30 00:00:00;2026-04-20 00:00:00;2026-04-19 00:00:00;2026-04-09 00:00:00
2026-04-16 00:00:00;SO342014;C0024;AT002;1016;2026-05-14 00:00:00;2026-05-06 00:00:00;2026-04-20 00:00:00;2026-04-12 00:00:00
2026-04-16 00:00:00;SO342014;C0024;VS004;1098;2026-05-14 00:00:00;2026-05-15 00:00:00;2026-04-20 00:00:00;2026-04-21 00:00:00
2026-04-16 00:00:00;SO709791;C0009;VS002;843;2026-04-30 00:00:00;2026-05-10 00:00:00;2026-04-19 00:00:00;2026-04-29 00:00:00
2026-04-16 00:00:00;SO709791;C0009;AL001;865;2026-04-30 00:00:00;2026-04-28 00:00:00;2026-04-19 00:00:00;2026-04-17 00:00:00
2026-04-16 00:00:00;SO184509;C0018;CS001;649;2026-06-18 00:00:00;2026-06-28 00:00:00;2026-04-20 00:00:00;2026-04-30 00:00:00
2026-04-16 00:00:00;SO184509;C0018;AL002;851;2026-06-18 00:00:00;2026-06-25 00:00:00;2026-04-20 00:00:00;2026-04-27 00:00:00
2026-04-17 00:00:00;SO577028;C0016;CS003;648;2026-05-01 00:00:00;2026-05-07 00:00:00;2026-04-21 00:00:00;2026-04-27 00:00:00
2026-04-17 00:00:00;SO223001;C0019;CT001;1088;2026-06-19 00:00:00;2026-06-24 00:00:00;2026-04-21 00:00:00;2026-04-26 00:00:00
2026-04-17 00:00:00;SO255339;C0023;CT001;946;2026-05-22 00:00:00;2026-05-22 00:00:00;2026-04-21 00:00:00;2026-04-21 00:00:00
2026-04-17 00:00:00;SO916978;C0017;CS001;370;2026-06-12 00:00:00;2026-06-19 00:00:00;2026-04-21 00:00:00;2026-04-28 00:00:00
2026-04-17 00:00:00;SO916978;C0017;VS003;786;2026-06-12 00:00:00;2026-06-20 00:00:00;2026-04-21 00:00:00;2026-04-29 00:00:00
2026-04-17 00:00:00;SO223001;C0019;AL001;1116;2026-06-19 00:00:00;2026-06-24 00:00:00;2026-04-21 00:00:00;2026-04-26 00:00:00
2026-04-17 00:00:00;SO577028;C0016;AS004;714;2026-05-01 00:00:00;2026-04-29 00:00:00;2026-04-21 00:00:00;2026-04-19 00:00:00
2026-04-17 00:00:00;SO223001;C0019;CS001;665;2026-06-19 00:00:00;2026-06-27 00:00:00;2026-04-21 00:00:00;2026-04-29 00:00:00
2026-04-17 00:00:00;SO916978;C0017;CT002;629;2026-06-12 00:00:00;2026-06-03 00:00:00;2026-04-21 00:00:00;2026-04-12 00:00:00
2026-04-17 00:00:00;SO255339;C0023;CS001;403;2026-05-22 00:00:00;2026-05-30 00:00:00;2026-04-21 00:00:00;2026-04-29 00:00:00
2026-04-17 00:00:00;SO577028;C0016;CT003;359;2026-05-01 00:00:00;2026-05-07 00:00:00;2026-04-21 00:00:00;2026-04-27 00:00:00
2026-04-17 00:00:00;SO223001;C0019;CL001;389;2026-06-19 00:00:00;2026-06-18 00:00:00;2026-04-21 00:00:00;2026-04-20 00:00:00
2026-04-17 00:00:00;SO223001;C0019;AS005;1337;2026-06-19 00:00:00;2026-06-29 00:00:00;2026-04-21 00:00:00;2026-05-01 00:00:00
2026-04-20 00:00:00;SO672050;C0002;CT001;911;2026-05-25 00:00:00;2026-05-19 00:00:00;2026-04-22 00:00:00;2026-04-16 00:00:00
2026-04-20 00:00:00;SO547951;C0009;VS004;1001;2026-05-04 00:00:00;2026-05-11 00:00:00;2026-04-23 00:00:00;2026-04-30 00:00:00
2026-04-20 00:00:00;SO673210;C0004;AS003;756;2026-05-04 00:00:00;2026-05-04 00:00:00;2026-04-22 00:00:00;2026-04-22 00:00:00
2026-04-20 00:00:00;SO663661;C0026;VS001;937;2026-05-25 00:00:00;2026-05-18 00:00:00;2026-04-28 00:00:00;2026-04-21 00:00:00
2026-04-20 00:00:00;SO547951;C0009;AT001;564;2026-05-04 00:00:00;2026-05-07 00:00:00;2026-04-23 00:00:00;2026-04-26 00:00:00
2026-04-20 00:00:00;SO663661;C0026;CL002;692;2026-05-25 00:00:00;2026-05-31 00:00:00;2026-04-28 00:00:00;2026-05-04 00:00:00
2026-04-20 00:00:00;SO663661;C0026;VS005;328;2026-05-25 00:00:00;2026-05-27 00:00:00;2026-04-28 00:00:00;2026-04-30 00:00:00
2026-04-20 00:00:00;SO547951;C0009;VS005;856;2026-05-04 00:00:00;2026-04-29 00:00:00;2026-04-23 00:00:00;2026-04-18 00:00:00
2026-04-20 00:00:00;SO547951;C0009;CT002;752;2026-05-04 00:00:00;2026-05-01 00:00:00;2026-04-23 00:00:00;2026-04-20 00:00:00
2026-04-20 00:00:00;SO672050;C0002;CS004;1149;2026-05-25 00:00:00;2026-05-17 00:00:00;2026-04-22 00:00:00;2026-04-14 00:00:00
2026-04-20 00:00:00;SO547951;C0009;VS003;424;2026-05-04 00:00:00;2026-04-26 00:00:00;2026-04-23 00:00:00;2026-04-15 00:00:00
2026-04-20 00:00:00;SO673210;C0004;AL001;998;2026-05-04 00:00:00;2026-05-12 00:00:00;2026-04-22 00:00:00;2026-04-30 00:00:00
2026-04-20 00:00:00;SO663661;C0026;CT003;864;2026-05-25 00:00:00;2026-05-22 00:00:00;2026-04-28 00:00:00;2026-04-25 00:00:00
2026-04-20 00:00:00;SO663661;C0026;VS002;1410;2026-05-25 00:00:00;2026-05-19 00:00:00;2026-04-28 00:00:00;2026-04-22 00:00:00
2026-04-20 00:00:00;SO672050;C0002;AS005;770;2026-05-25 00:00:00;2026-05-27 00:00:00;2026-04-22 00:00:00;2026-04-24 00:00:00
2026-04-20 00:00:00;SO672050;C0002;VS003;271;2026-05-25 00:00:00;2026-05-20 00:00:00;2026-04-22 00:00:00;2026-04-17 00:00:00
2026-04-20 00:00:00;SO663661;C0026;AT002;538;2026-05-25 00:00:00;2026-06-03 00:00:00;2026-04-28 00:00:00;2026-05-07 00:00:00
2026-04-21 00:00:00;SO984898;C0021;VS005;1093;2026-05-05 00:00:00;2026-05-02 00:00:00;2026-04-25 00:00:00;2026-04-22 00:00:00
2026-04-21 00:00:00;SO519344;C0026;VS003;799;2026-05-26 00:00:00;2026-06-05 00:00:00;2026-04-29 00:00:00;2026-05-09 00:00:00
2026-04-21 00:00:00;SO187151;C0022;AS001;1228;2026-06-02 00:00:00;2026-05-24 00:00:00;2026-04-25 00:00:00;2026-04-16 00:00:00
2026-04-21 00:00:00;SO528018;C0025;AS005;534;2026-05-19 00:00:00;2026-05-17 00:00:00;2026-04-29 00:00:00;2026-04-27 00:00:00
2026-04-21 00:00:00;SO528018;C0025;CL001;427;2026-05-19 00:00:00;2026-05-26 00:00:00;2026-04-29 00:00:00;2026-05-06 00:00:00
2026-04-21 00:00:00;SO519344;C0026;VS001;744;2026-05-26 00:00:00;2026-05-18 00:00:00;2026-04-29 00:00:00;2026-04-21 00:00:00
2026-04-21 00:00:00;SO984898;C0021;CS001;647;2026-05-05 00:00:00;2026-04-27 00:00:00;2026-04-25 00:00:00;2026-04-17 00:00:00
2026-04-21 00:00:00;SO187151;C0022;CT001;672;2026-06-02 00:00:00;2026-06-11 00:00:00;2026-04-25 00:00:00;2026-05-04 00:00:00
2026-04-21 00:00:00;SO984898;C0021;AL002;666;2026-05-05 00:00:00;2026-05-05 00:00:00;2026-04-25 00:00:00;2026-04-25 00:00:00
2026-04-21 00:00:00;SO187151;C0022;CS003;733;2026-06-02 00:00:00;2026-05-29 00:00:00;2026-04-25 00:00:00;2026-04-21 00:00:00
2026-04-21 00:00:00;SO187151;C0022;CL002;1110;2026-06-02 00:00:00;2026-05-29 00:00:00;2026-04-25 00:00:00;2026-04-21 00:00:00
2026-04-21 00:00:00;SO519344;C0026;AL001;795;2026-05-26 00:00:00;2026-05-31 00:00:00;2026-04-29 00:00:00;2026-05-04 00:00:00
2026-04-21 00:00:00;SO984898;C0021;CT001;1179;2026-05-05 00:00:00;2026-05-15 00:00:00;2026-04-25 00:00:00;2026-05-05 00:00:00
2026-04-22 00:00:00;SO165577;C0028;VS004;1078;2026-05-06 00:00:00;2026-05-01 00:00:00;2026-04-30 00:00:00;2026-04-25 00:00:00
2026-04-22 00:00:00;SO939084;C0003;AS004;588;2026-06-03 00:00:00;2026-06-02 00:00:00;2026-04-24 00:00:00;2026-04-23 00:00:00
2026-04-22 00:00:00;SO613971;C0010;AL001;1206;2026-06-03 00:00:00;2026-05-25 00:00:00;2026-04-25 00:00:00;2026-04-16 00:00:00
2026-04-22 00:00:00;SO583232;C0027;VS001;317;2026-06-03 00:00:00;2026-05-24 00:00:00;2026-04-30 00:00:00;2026-04-20 00:00:00
2026-04-22 00:00:00;SO939084;C0003;CL001;635;2026-06-03 00:00:00;2026-06-07 00:00:00;2026-04-24 00:00:00;2026-04-28 00:00:00
2026-04-22 00:00:00;SO165577;C0028;CL002;432;2026-05-06 00:00:00;2026-05-16 00:00:00;2026-04-30 00:00:00;2026-05-10 00:00:00
2026-04-22 00:00:00;SO613971;C0010;VS002;758;2026-06-03 00:00:00;2026-05-28 00:00:00;2026-04-25 00:00:00;2026-04-19 00:00:00
2026-04-22 00:00:00;SO165577;C0028;CL001;681;2026-05-06 00:00:00;2026-04-26 00:00:00;2026-04-30 00:00:00;2026-04-20 00:00:00
2026-04-22 00:00:00;SO165577;C0028;VS005;1011;2026-05-06 00:00:00;2026-05-03 00:00:00;2026-04-30 00:00:00;2026-04-27 00:00:00
2026-04-22 00:00:00;SO939084;C0003;VS001;1154;2026-06-03 00:00:00;2026-06-11 00:00:00;2026-04-24 00:00:00;2026-05-02 00:00:00
2026-04-22 00:00:00;SO165577;C0028;CS002;989;2026-05-06 00:00:00;2026-05-13 00:00:00;2026-04-30 00:00:00;2026-05-07 00:00:00
2026-04-22 00:00:00;SO939084;C0003;AS005;851;2026-06-03 00:00:00;2026-06-07 00:00:00;2026-04-24 00:00:00;2026-04-28 00:00:00
2026-04-22 00:00:00;SO613971;C0010;CS002;964;2026-06-03 00:00:00;2026-06-13 00:00:00;2026-04-25 00:00:00;2026-05-05 00:00:00
2026-04-22 00:00:00;SO165577;C0028;CS004;368;2026-05-06 00:00:00;2026-05-01 00:00:00;2026-04-30 00:00:00;2026-04-25 00:00:00
2026-04-22 00:00:00;SO583232;C0027;VS004;392;2026-06-03 00:00:00;2026-05-26 00:00:00;2026-04-30 00:00:00;2026-04-22 00:00:00
2026-04-22 00:00:00;SO613971;C0010;CT001;955;2026-06-03 00:00:00;2026-05-31 00:00:00;2026-04-25 00:00:00;2026-04-22 00:00:00
2026-04-22 00:00:00;SO613971;C0010;CL002;1112;2026-06-03 00:00:00;2026-06-12 00:00:00;2026-04-25 00:00:00;2026-05-04 00:00:00
2026-04-22 00:00:00;SO613971;C0010;VS003;399;2026-06-03 00:00:00;2026-06-12 00:00:00;2026-04-25 00:00:00;2026-05-04 00:00:00
2026-04-23 00:00:00;SO576798;C0009;AL002;895;2026-05-07 00:00:00;2026-05-16 00:00:00;2026-04-26 00:00:00;2026-05-05 00:00:00
2026-04-23 00:00:00;SO434850;C0012;CS004;770;2026-05-21 00:00:00;2026-05-21 00:00:00;2026-04-26 00:00:00;2026-04-26 00:00:00
2026-04-23 00:00:00;SO783285;C0025;CS004;520;2026-05-21 00:00:00;2026-05-17 00:00:00;2026-05-01 00:00:00;2026-04-27 00:00:00
2026-04-23 00:00:00;SO548599;C0024;CL001;741;2026-05-21 00:00:00;2026-05-26 00:00:00;2026-04-27 00:00:00;2026-05-02 00:00:00
2026-04-23 00:00:00;SO783285;C0025;CS003;1094;2026-05-21 00:00:00;2026-05-14 00:00:00;2026-05-01 00:00:00;2026-04-24 00:00:00
2026-04-23 00:00:00;SO548599;C0024;AS003;927;2026-05-21 00:00:00;2026-05-12 00:00:00;2026-04-27 00:00:00;2026-04-18 00:00:00
2026-04-23 00:00:00;SO576798;C0009;AT002;1096;2026-05-07 00:00:00;2026-05-12 00:00:00;2026-04-26 00:00:00;2026-05-01 00:00:00
2026-04-23 00:00:00;SO548599;C0024;CT002;672;2026-05-21 00:00:00;2026-05-31 00:00:00;2026-04-27 00:00:00;2026-05-07 00:00:00
2026-04-23 00:00:00;SO434850;C0012;AT001;766;2026-05-21 00:00:00;2026-05-21 00:00:00;2026-04-26 00:00:00;2026-04-26 00:00:00
2026-04-23 00:00:00;SO434850;C0012;AL001;1195;2026-05-21 00:00:00;2026-05-31 00:00:00;2026-04-26 00:00:00;2026-05-06 00:00:00
2026-04-23 00:00:00;SO548599;C0024;CS001;866;2026-05-21 00:00:00;2026-05-23 00:00:00;2026-04-27 00:00:00;2026-04-29 00:00:00
2026-04-23 00:00:00;SO783285;C0025;AT002;458;2026-05-21 00:00:00;2026-05-24 00:00:00;2026-05-01 00:00:00;2026-05-04 00:00:00
2026-04-23 00:00:00;SO576798;C0009;VS004;713;2026-05-07 00:00:00;2026-05-14 00:00:00;2026-04-26 00:00:00;2026-05-03 00:00:00
2026-04-23 00:00:00;SO434850;C0012;CL001;769;2026-05-21 00:00:00;2026-05-11 00:00:00;2026-04-26 00:00:00;2026-04-16 00:00:00
2026-04-24 00:00:00;SO263664;C0018;AS005;536;2026-06-26 00:00:00;2026-07-02 00:00:00;2026-04-28 00:00:00;2026-05-04 00:00:00
2026-04-24 00:00:00;SO107437;C0029;CT003;1237;2026-06-19 00:00:00;2026-06-11 00:00:00;2026-05-02 00:00:00;2026-04-24 00:00:00
2026-04-24 00:00:00;SO447879;C0022;AL002;803;2026-06-05 00:00:00;2026-05-26 00:00:00;2026-04-28 00:00:00;2026-04-18 00:00:00
2026-04-24 00:00:00;SO563625;C0016;VS004;451;2026-05-08 00:00:00;2026-05-03 00:00:00;2026-04-28 00:00:00;2026-04-23 00:00:00
2026-04-24 00:00:00;SO563625;C0016;AS001;704;2026-05-08 00:00:00;2026-05-08 00:00:00;2026-04-28 00:00:00;2026-04-28 00:00:00
2026-04-24 00:00:00;SO107437;C0029;CS002;685;2026-06-19 00:00:00;2026-06-17 00:00:00;2026-05-02 00:00:00;2026-04-30 00:00:00
2026-04-24 00:00:00;SO563625;C0016;CT003;498;2026-05-08 00:00:00;2026-05-09 00:00:00;2026-04-28 00:00:00;2026-04-29 00:00:00
2026-04-24 00:00:00;SO263664;C0018;VS001;1003;2026-06-26 00:00:00;2026-07-02 00:00:00;2026-04-28 00:00:00;2026-05-04 00:00:00
2026-04-24 00:00:00;SO263664;C0018;AT002;586;2026-06-26 00:00:00;2026-07-04 00:00:00;2026-04-28 00:00:00;2026-05-06 00:00:00
2026-04-24 00:00:00;SO447879;C0022;CT002;809;2026-06-05 00:00:00;2026-06-05 00:00:00;2026-04-28 00:00:00;2026-04-28 00:00:00
2026-04-24 00:00:00;SO447879;C0022;VS002;755;2026-06-05 00:00:00;2026-05-27 00:00:00;2026-04-28 00:00:00;2026-04-19 00:00:00
2026-04-24 00:00:00;SO563625;C0016;CS003;473;2026-05-08 00:00:00;2026-05-12 00:00:00;2026-04-28 00:00:00;2026-05-02 00:00:00
2026-04-24 00:00:00;SO447879;C0022;VS003;536;2026-06-05 00:00:00;2026-05-31 00:00:00;2026-04-28 00:00:00;2026-04-23 00:00:00
2026-04-24 00:00:00;SO107437;C0029;CS004;330;2026-06-19 00:00:00;2026-06-09 00:00:00;2026-05-02 00:00:00;2026-04-22 00:00:00
2026-04-24 00:00:00;SO563625;C0016;CL002;930;2026-05-08 00:00:00;2026-05-12 00:00:00;2026-04-28 00:00:00;2026-05-02 00:00:00
2026-04-24 00:00:00;SO263664;C0018;AS003;561;2026-06-26 00:00:00;2026-06-28 00:00:00;2026-04-28 00:00:00;2026-04-30 00:00:00
2026-04-24 00:00:00;SO563625;C0016;CT002;363;2026-05-08 00:00:00;2026-05-05 00:00:00;2026-04-28 00:00:00;2026-04-25 00:00:00
2026-04-24 00:00:00;SO447879;C0022;AL001;677;2026-06-05 00:00:00;2026-06-08 00:00:00;2026-04-28 00:00:00;2026-05-01 00:00:00
2026-04-27 00:00:00;SO169426;C0008;VS001;686;2026-06-22 00:00:00;2026-07-01 00:00:00;2026-04-30 00:00:00;2026-05-09 00:00:00
2026-04-27 00:00:00;SO572078;C0012;CS002;1323;2026-05-25 00:00:00;2026-05-28 00:00:00;2026-04-30 00:00:00;2026-05-03 00:00:00
2026-04-27 00:00:00;SO359493;C0007;CL002;435;2026-06-29 00:00:00;2026-06-19 00:00:00;2026-04-30 00:00:00;2026-04-20 00:00:00
2026-04-27 00:00:00;SO359493;C0007;AL002;1079;2026-06-29 00:00:00;2026-07-02 00:00:00;2026-04-30 00:00:00;2026-05-03 00:00:00
2026-04-27 00:00:00;SO359493;C0007;VS004;903;2026-06-29 00:00:00;2026-07-09 00:00:00;2026-04-30 00:00:00;2026-05-10 00:00:00
2026-04-27 00:00:00;SO572078;C0012;CL001;394;2026-05-25 00:00:00;2026-05-29 00:00:00;2026-04-30 00:00:00;2026-05-04 00:00:00
2026-04-27 00:00:00;SO169426;C0008;AS001;640;2026-06-22 00:00:00;2026-06-21 00:00:00;2026-04-30 00:00:00;2026-04-29 00:00:00
2026-04-27 00:00:00;SO359493;C0007;AS005;1144;2026-06-29 00:00:00;2026-07-07 00:00:00;2026-04-30 00:00:00;2026-05-08 00:00:00
2026-04-27 00:00:00;SO169426;C0008;VS004;794;2026-06-22 00:00:00;2026-06-15 00:00:00;2026-04-30 00:00:00;2026-04-23 00:00:00
2026-04-27 00:00:00;SO359493;C0007;CS003;738;2026-06-29 00:00:00;2026-06-24 00:00:00;2026-04-30 00:00:00;2026-04-25 00:00:00
2026-04-27 00:00:00;SO359493;C0007;AL001;523;2026-06-29 00:00:00;2026-07-01 00:00:00;2026-04-30 00:00:00;2026-05-02 00:00:00
2026-04-27 00:00:00;SO572078;C0012;CL002;367;2026-05-25 00:00:00;2026-05-20 00:00:00;2026-04-30 00:00:00;2026-04-25 00:00:00
2026-04-27 00:00:00;SO359493;C0007;AS004;988;2026-06-29 00:00:00;2026-06-30 00:00:00;2026-04-30 00:00:00;2026-05-01 00:00:00
2026-04-27 00:00:00;SO572078;C0012;CS004;835;2026-05-25 00:00:00;2026-05-28 00:00:00;2026-04-30 00:00:00;2026-05-03 00:00:00
2026-04-27 00:00:00;SO359493;C0007;CS004;765;2026-06-29 00:00:00;2026-06-26 00:00:00;2026-04-30 00:00:00;2026-04-27 00:00:00
2026-04-27 00:00:00;SO572078;C0012;CT001;999;2026-05-25 00:00:00;2026-05-23 00:00:00;2026-04-30 00:00:00;2026-04-28 00:00:00
2026-04-27 00:00:00;SO359493;C0007;CS002;643;2026-06-29 00:00:00;2026-07-07 00:00:00;2026-04-30 00:00:00;2026-05-08 00:00:00
2026-04-27 00:00:00;SO359493;C0007;VS001;838;2026-06-29 00:00:00;2026-07-02 00:00:00;2026-04-30 00:00:00;2026-05-03 00:00:00
2026-04-27 00:00:00;SO572078;C0012;VS001;1093;2026-05-25 00:00:00;2026-05-15 00:00:00;2026-04-30 00:00:00;2026-04-20 00:00:00
2026-04-28 00:00:00;SO203918;C0018;CL002;605;2026-06-30 00:00:00;2026-06-27 00:00:00;2026-05-02 00:00:00;2026-04-29 00:00:00
2026-04-28 00:00:00;SO735425;C0014;AT001;1077;2026-06-02 00:00:00;2026-05-29 00:00:00;2026-05-02 00:00:00;2026-04-28 00:00:00
2026-04-28 00:00:00;SO451757;C0019;AT001;935;2026-06-30 00:00:00;2026-06-28 00:00:00;2026-05-02 00:00:00;2026-04-30 00:00:00
2026-04-28 00:00:00;SO203918;C0018;AS005;1198;2026-06-30 00:00:00;2026-06-29 00:00:00;2026-05-02 00:00:00;2026-05-01 00:00:00
2026-04-28 00:00:00;SO735425;C0014;AS005;1029;2026-06-02 00:00:00;2026-06-11 00:00:00;2026-05-02 00:00:00;2026-05-11 00:00:00
2026-04-28 00:00:00;SO451757;C0019;AS005;912;2026-06-30 00:00:00;2026-07-02 00:00:00;2026-05-02 00:00:00;2026-05-04 00:00:00
2026-04-28 00:00:00;SO203918;C0018;CS004;604;2026-06-30 00:00:00;2026-06-30 00:00:00;2026-05-02 00:00:00;2026-05-02 00:00:00
2026-04-28 00:00:00;SO735425;C0014;CT002;403;2026-06-02 00:00:00;2026-05-26 00:00:00;2026-05-02 00:00:00;2026-04-25 00:00:00
2026-04-28 00:00:00;SO203918;C0018;AL001;1139;2026-06-30 00:00:00;2026-06-25 00:00:00;2026-05-02 00:00:00;2026-04-27 00:00:00
2026-04-28 00:00:00;SO735425;C0014;AS004;1106;2026-06-02 00:00:00;2026-06-01 00:00:00;2026-05-02 00:00:00;2026-05-01 00:00:00
2026-04-28 00:00:00;SO203918;C0018;CL001;465;2026-06-30 00:00:00;2026-07-10 00:00:00;2026-05-02 00:00:00;2026-05-12 00:00:00
2026-04-28 00:00:00;SO203918;C0018;AS001;1223;2026-06-30 00:00:00;2026-06-26 00:00:00;2026-05-02 00:00:00;2026-04-28 00:00:00
2026-04-28 00:00:00;SO451757;C0019;CT002;458;2026-06-30 00:00:00;2026-07-04 00:00:00;2026-05-02 00:00:00;2026-05-06 00:00:00
2026-04-28 00:00:00;SO203918;C0018;VS005;473;2026-06-30 00:00:00;2026-07-02 00:00:00;2026-05-02 00:00:00;2026-05-04 00:00:00
2026-04-28 00:00:00;SO735425;C0014;CT001;1185;2026-06-02 00:00:00;2026-05-30 00:00:00;2026-05-02 00:00:00;2026-04-29 00:00:00
2026-04-28 00:00:00;SO203918;C0018;AS003;671;2026-06-30 00:00:00;2026-06-28 00:00:00;2026-05-02 00:00:00;2026-04-30 00:00:00
2026-04-28 00:00:00;SO203918;C0018;CT003;724;2026-06-30 00:00:00;2026-06-26 00:00:00;2026-05-02 00:00:00;2026-04-28 00:00:00
2026-04-29 00:00:00;SO611232;C0015;VS004;342;2026-06-10 00:00:00;2026-06-04 00:00:00;2026-05-03 00:00:00;2026-04-27 00:00:00
2026-04-29 00:00:00;SO557049;C0016;AL001;803;2026-05-13 00:00:00;2026-05-06 00:00:00;2026-05-03 00:00:00;2026-04-26 00:00:00
2026-04-29 00:00:00;SO963159;C0018;VS003;888;2026-07-01 00:00:00;2026-06-26 00:00:00;2026-05-03 00:00:00;2026-04-28 00:00:00
2026-04-29 00:00:00;SO176658;C0006;AL002;422;2026-07-01 00:00:00;2026-06-28 00:00:00;2026-05-01 00:00:00;2026-04-28 00:00:00
2026-04-29 00:00:00;SO557049;C0016;AS005;817;2026-05-13 00:00:00;2026-05-12 00:00:00;2026-05-03 00:00:00;2026-05-02 00:00:00
2026-04-29 00:00:00;SO963159;C0018;AS001;1394;2026-07-01 00:00:00;2026-07-05 00:00:00;2026-05-03 00:00:00;2026-05-07 00:00:00
2026-04-29 00:00:00;SO611232;C0015;AT001;592;2026-06-10 00:00:00;2026-06-17 00:00:00;2026-05-03 00:00:00;2026-05-10 00:00:00
2026-04-29 00:00:00;SO963159;C0018;CS002;605;2026-07-01 00:00:00;2026-06-28 00:00:00;2026-05-03 00:00:00;2026-04-30 00:00:00
2026-04-29 00:00:00;SO557049;C0016;AS001;671;2026-05-13 00:00:00;2026-05-05 00:00:00;2026-05-03 00:00:00;2026-04-25 00:00:00
2026-04-29 00:00:00;SO557049;C0016;CT001;1054;2026-05-13 00:00:00;2026-05-17 00:00:00;2026-05-03 00:00:00;2026-05-07 00:00:00
2026-04-29 00:00:00;SO557049;C0016;CL001;1111;2026-05-13 00:00:00;2026-05-03 00:00:00;2026-05-03 00:00:00;2026-04-23 00:00:00
2026-04-29 00:00:00;SO557049;C0016;CL002;1262;2026-05-13 00:00:00;2026-05-08 00:00:00;2026-05-03 00:00:00;2026-04-28 00:00:00
2026-04-29 00:00:00;SO557049;C0016;AT001;483;2026-05-13 00:00:00;2026-05-20 00:00:00;2026-05-03 00:00:00;2026-05-10 00:00:00
2026-04-29 00:00:00;SO611232;C0015;CS003;1322;2026-06-10 00:00:00;2026-06-02 00:00:00;2026-05-03 00:00:00;2026-04-25 00:00:00
2026-04-30 00:00:00;SO468192;C0007;VS004;921;2026-07-02 00:00:00;2026-06-26 00:00:00;2026-05-03 00:00:00;2026-04-27 00:00:00
2026-04-30 00:00:00;SO725668;C0008;CT002;1167;2026-06-25 00:00:00;2026-06-18 00:00:00;2026-05-03 00:00:00;2026-04-26 00:00:00
2026-04-30 00:00:00;SO919561;C0002;CS004;386;2026-06-04 00:00:00;2026-06-12 00:00:00;2026-05-02 00:00:00;2026-05-10 00:00:00
2026-04-30 00:00:00;SO725668;C0008;AS004;930;2026-06-25 00:00:00;2026-06-25 00:00:00;2026-05-03 00:00:00;2026-05-03 00:00:00
2026-04-30 00:00:00;SO468192;C0007;AS005;720;2026-07-02 00:00:00;2026-06-30 00:00:00;2026-05-03 00:00:00;2026-05-01 00:00:00
2026-04-30 00:00:00;SO725668;C0008;CL002;1301;2026-06-25 00:00:00;2026-06-25 00:00:00;2026-05-03 00:00:00;2026-05-03 00:00:00
2026-04-30 00:00:00;SO468192;C0007;CL001;493;2026-07-02 00:00:00;2026-07-06 00:00:00;2026-05-03 00:00:00;2026-05-07 00:00:00
2026-04-30 00:00:00;SO919561;C0002;AL002;761;2026-06-04 00:00:00;2026-06-06 00:00:00;2026-05-02 00:00:00;2026-05-04 00:00:00
2026-04-30 00:00:00;SO468192;C0007;AL002;568;2026-07-02 00:00:00;2026-07-04 00:00:00;2026-05-03 00:00:00;2026-05-05 00:00:00
2026-04-30 00:00:00;SO468192;C0007;CT001;906;2026-07-02 00:00:00;2026-07-01 00:00:00;2026-05-03 00:00:00;2026-05-02 00:00:00
2026-04-30 00:00:00;SO468192;C0007;AS003;422;2026-07-02 00:00:00;2026-06-29 00:00:00;2026-05-03 00:00:00;2026-04-30 00:00:00
2026-04-30 00:00:00;SO725668;C0008;AS001;923;2026-06-25 00:00:00;2026-07-02 00:00:00;2026-05-03 00:00:00;2026-05-10 00:00:00
2026-04-30 00:00:00;SO919561;C0002;CS002;1025;2026-06-04 00:00:00;2026-06-01 00:00:00;2026-05-02 00:00:00;2026-04-29 00:00:00
2026-04-30 00:00:00;SO725668;C0008;AT001;818;2026-06-25 00:00:00;2026-06-23 00:00:00;2026-05-03 00:00:00;2026-05-01 00:00:00
2026-04-30 00:00:00;SO725668;C0008;AS003;1338;2026-06-25 00:00:00;2026-06-25 00:00:00;2026-05-03 00:00:00;2026-05-03 00:00:00
2026-04-30 00:00:00;SO725668;C0008;CT003;462;2026-06-25 00:00:00;2026-06-17 00:00:00;2026-05-03 00:00:00;2026-04-25 00:00:00
2026-04-30 00:00:00;SO468192;C0007;CS002;543;2026-07-02 00:00:00;2026-07-11 00:00:00;2026-05-03 00:00:00;2026-05-12 00:00:00
2026-04-30 00:00:00;SO468192;C0007;CT003;932;2026-07-02 00:00:00;2026-07-01 00:00:00;2026-05-03 00:00:00;2026-05-02 00:00:00
2026-04-30 00:00:00;SO468192;C0007;CL002;860;2026-07-02 00:00:00;2026-07-10 00:00:00;2026-05-03 00:00:00;2026-05-11 00:00:00
2026-05-01 00:00:00;SO663638;C0027;AL002;506;2026-06-12 00:00:00;2026-06-13 00:00:00;2026-05-09 00:00:00;2026-05-10 00:00:00
2026-05-01 00:00:00;SO653908;C0017;AS005;1091;2026-06-26 00:00:00;2026-06-16 00:00:00;2026-05-05 00:00:00;2026-04-25 00:00:00
2026-05-01 00:00:00;SO332845;C0002;AL002;555;2026-06-05 00:00:00;2026-06-13 00:00:00;2026-05-03 00:00:00;2026-05-11 00:00:00
2026-05-01 00:00:00;SO332845;C0002;AS005;706;2026-06-05 00:00:00;2026-06-05 00:00:00;2026-05-03 00:00:00;2026-05-03 00:00:00
2026-05-01 00:00:00;SO653908;C0017;CS003;547;2026-06-26 00:00:00;2026-06-28 00:00:00;2026-05-05 00:00:00;2026-05-07 00:00:00
2026-05-01 00:00:00;SO653908;C0017;CS002;378;2026-06-26 00:00:00;2026-06-18 00:00:00;2026-05-05 00:00:00;2026-04-27 00:00:00
2026-05-01 00:00:00;SO653908;C0017;VS002;1049;2026-06-26 00:00:00;2026-06-29 00:00:00;2026-05-05 00:00:00;2026-05-08 00:00:00
2026-05-01 00:00:00;SO653908;C0017;CT002;509;2026-06-26 00:00:00;2026-06-20 00:00:00;2026-05-05 00:00:00;2026-04-29 00:00:00
2026-05-01 00:00:00;SO663638;C0027;VS002;1101;2026-06-12 00:00:00;2026-06-13 00:00:00;2026-05-09 00:00:00;2026-05-10 00:00:00
2026-05-01 00:00:00;SO332845;C0002;VS002;666;2026-06-05 00:00:00;2026-06-12 00:00:00;2026-05-03 00:00:00;2026-05-10 00:00:00
2026-05-01 00:00:00;SO332845;C0002;CS001;706;2026-06-05 00:00:00;2026-06-14 00:00:00;2026-05-03 00:00:00;2026-05-12 00:00:00
2026-05-01 00:00:00;SO653908;C0017;AS001;502;2026-06-26 00:00:00;2026-07-05 00:00:00;2026-05-05 00:00:00;2026-05-14 00:00:00
2026-05-01 00:00:00;SO663638;C0027;CS003;435;2026-06-12 00:00:00;2026-06-12 00:00:00;2026-05-09 00:00:00;2026-05-09 00:00:00
2026-05-01 00:00:00;SO332845;C0002;VS001;1143;2026-06-05 00:00:00;2026-06-08 00:00:00;2026-05-03 00:00:00;2026-05-06 00:00:00
2026-05-04 00:00:00;SO413966;C0006;CS002;690;2026-07-06 00:00:00;2026-06-28 00:00:00;2026-05-06 00:00:00;2026-04-28 00:00:00
2026-05-04 00:00:00;SO279802;C0010;CS003;661;2026-06-15 00:00:00;2026-06-12 00:00:00;2026-05-07 00:00:00;2026-05-04 00:00:00
2026-05-04 00:00:00;SO413966;C0006;AS001;435;2026-07-06 00:00:00;2026-06-26 00:00:00;2026-05-06 00:00:00;2026-04-26 00:00:00
2026-05-04 00:00:00;SO413966;C0006;AL001;879;2026-07-06 00:00:00;2026-07-01 00:00:00;2026-05-06 00:00:00;2026-05-01 00:00:00
2026-05-04 00:00:00;SO279802;C0010;VS005;965;2026-06-15 00:00:00;2026-06-05 00:00:00;2026-05-07 00:00:00;2026-04-27 00:00:00
2026-05-04 00:00:00;SO413966;C0006;AS003;422;2026-07-06 00:00:00;2026-07-09 00:00:00;2026-05-06 00:00:00;2026-05-09 00:00:00
2026-05-04 00:00:00;SO279802;C0010;CS001;568;2026-06-15 00:00:00;2026-06-25 00:00:00;2026-05-07 00:00:00;2026-05-17 00:00:00
2026-05-04 00:00:00;SO279802;C0010;VS002;524;2026-06-15 00:00:00;2026-06-13 00:00:00;2026-05-07 00:00:00;2026-05-05 00:00:00
2026-05-04 00:00:00;SO279802;C0010;CT001;372;2026-06-15 00:00:00;2026-06-14 00:00:00;2026-05-07 00:00:00;2026-05-06 00:00:00
2026-05-04 00:00:00;SO279802;C0010;CL001;795;2026-06-15 00:00:00;2026-06-12 00:00:00;2026-05-07 00:00:00;2026-05-04 00:00:00
2026-05-04 00:00:00;SO413966;C0006;CL001;438;2026-07-06 00:00:00;2026-07-11 00:00:00;2026-05-06 00:00:00;2026-05-11 00:00:00
2026-05-04 00:00:00;SO279802;C0010;CL002;420;2026-06-15 00:00:00;2026-06-13 00:00:00;2026-05-07 00:00:00;2026-05-05 00:00:00
2026-05-04 00:00:00;SO413966;C0006;CS001;1135;2026-07-06 00:00:00;2026-07-13 00:00:00;2026-05-06 00:00:00;2026-05-13 00:00:00
2026-05-04 00:00:00;SO413966;C0006;VS002;662;2026-07-06 00:00:00;2026-07-11 00:00:00;2026-05-06 00:00:00;2026-05-11 00:00:00
2026-05-04 00:00:00;SO279802;C0010;AS001;1136;2026-06-15 00:00:00;2026-06-15 00:00:00;2026-05-07 00:00:00;2026-05-07 00:00:00
2026-05-04 00:00:00;SO413966;C0006;CS004;1323;2026-07-06 00:00:00;2026-06-29 00:00:00;2026-05-06 00:00:00;2026-04-29 00:00:00
2026-05-04 00:00:00;SO413966;C0006;AT001;908;2026-07-06 00:00:00;2026-07-13 00:00:00;2026-05-06 00:00:00;2026-05-13 00:00:00
2026-05-05 00:00:00;SO672395;C0005;AS005;531;2026-06-30 00:00:00;2026-06-25 00:00:00;2026-05-07 00:00:00;2026-05-02 00:00:00
2026-05-05 00:00:00;SO232608;C0029;AS003;1058;2026-06-30 00:00:00;2026-06-20 00:00:00;2026-05-13 00:00:00;2026-05-03 00:00:00
2026-05-05 00:00:00;SO439600;C0009;CS004;979;2026-05-19 00:00:00;2026-05-22 00:00:00;2026-05-08 00:00:00;2026-05-11 00:00:00
2026-05-05 00:00:00;SO439600;C0009;CL001;1059;2026-05-19 00:00:00;2026-05-18 00:00:00;2026-05-08 00:00:00;2026-05-07 00:00:00
2026-05-05 00:00:00;SO672395;C0005;CS004;1108;2026-06-30 00:00:00;2026-06-28 00:00:00;2026-05-07 00:00:00;2026-05-05 00:00:00
2026-05-05 00:00:00;SO439600;C0009;CT002;714;2026-05-19 00:00:00;2026-05-26 00:00:00;2026-05-08 00:00:00;2026-05-15 00:00:00
2026-05-05 00:00:00;SO232608;C0029;VS005;614;2026-06-30 00:00:00;2026-07-09 00:00:00;2026-05-13 00:00:00;2026-05-22 00:00:00
2026-05-05 00:00:00;SO439600;C0009;CS001;1172;2026-05-19 00:00:00;2026-05-26 00:00:00;2026-05-08 00:00:00;2026-05-15 00:00:00
2026-05-05 00:00:00;SO232608;C0029;CS001;835;2026-06-30 00:00:00;2026-06-21 00:00:00;2026-05-13 00:00:00;2026-05-04 00:00:00
2026-05-05 00:00:00;SO672395;C0005;AS004;862;2026-06-30 00:00:00;2026-07-07 00:00:00;2026-05-07 00:00:00;2026-05-14 00:00:00
2026-05-05 00:00:00;SO232608;C0029;AT001;1062;2026-06-30 00:00:00;2026-06-28 00:00:00;2026-05-13 00:00:00;2026-05-11 00:00:00
2026-05-05 00:00:00;SO232608;C0029;VS002;1163;2026-06-30 00:00:00;2026-07-02 00:00:00;2026-05-13 00:00:00;2026-05-15 00:00:00
2026-05-05 00:00:00;SO672395;C0005;AL002;531;2026-06-30 00:00:00;2026-07-03 00:00:00;2026-05-07 00:00:00;2026-05-10 00:00:00
2026-05-05 00:00:00;SO672395;C0005;VS002;625;2026-06-30 00:00:00;2026-07-06 00:00:00;2026-05-07 00:00:00;2026-05-13 00:00:00
2026-05-06 00:00:00;SO559982;C0020;CS002;699;2026-07-01 00:00:00;2026-06-23 00:00:00;2026-05-10 00:00:00;2026-05-02 00:00:00
2026-05-06 00:00:00;SO716557;C0006;CS003;878;2026-07-08 00:00:00;2026-07-08 00:00:00;2026-05-08 00:00:00;2026-05-08 00:00:00
2026-05-06 00:00:00;SO411953;C0002;CT001;1115;2026-06-10 00:00:00;2026-06-16 00:00:00;2026-05-08 00:00:00;2026-05-14 00:00:00
2026-05-06 00:00:00;SO411953;C0002;VS005;1219;2026-06-10 00:00:00;2026-06-18 00:00:00;2026-05-08 00:00:00;2026-05-16 00:00:00
2026-05-06 00:00:00;SO411953;C0002;CS003;728;2026-06-10 00:00:00;2026-06-11 00:00:00;2026-05-08 00:00:00;2026-05-09 00:00:00
2026-05-06 00:00:00;SO716557;C0006;CT001;733;2026-07-08 00:00:00;2026-07-12 00:00:00;2026-05-08 00:00:00;2026-05-12 00:00:00
2026-05-06 00:00:00;SO716557;C0006;VS001;468;2026-07-08 00:00:00;2026-06-30 00:00:00;2026-05-08 00:00:00;2026-04-30 00:00:00
2026-05-06 00:00:00;SO559982;C0020;CL001;1220;2026-07-01 00:00:00;2026-06-21 00:00:00;2026-05-10 00:00:00;2026-04-30 00:00:00
2026-05-06 00:00:00;SO559982;C0020;AT002;1139;2026-07-01 00:00:00;2026-07-10 00:00:00;2026-05-10 00:00:00;2026-05-19 00:00:00
2026-05-06 00:00:00;SO716557;C0006;VS005;1050;2026-07-08 00:00:00;2026-07-13 00:00:00;2026-05-08 00:00:00;2026-05-13 00:00:00
2026-05-06 00:00:00;SO559982;C0020;CT002;438;2026-07-01 00:00:00;2026-06-29 00:00:00;2026-05-10 00:00:00;2026-05-08 00:00:00
2026-05-06 00:00:00;SO559982;C0020;AL001;613;2026-07-01 00:00:00;2026-06-22 00:00:00;2026-05-10 00:00:00;2026-05-01 00:00:00
2026-05-07 00:00:00;SO312750;C0010;AT002;605;2026-06-18 00:00:00;2026-06-11 00:00:00;2026-05-10 00:00:00;2026-05-03 00:00:00
2026-05-07 00:00:00;SO175561;C0016;CS001;1065;2026-05-21 00:00:00;2026-05-22 00:00:00;2026-05-11 00:00:00;2026-05-12 00:00:00
2026-05-07 00:00:00;SO247419;C0002;AS001;1054;2026-06-11 00:00:00;2026-06-15 00:00:00;2026-05-09 00:00:00;2026-05-13 00:00:00
2026-05-07 00:00:00;SO701321;C0019;AL001;999;2026-07-09 00:00:00;2026-07-05 00:00:00;2026-05-11 00:00:00;2026-05-07 00:00:00
2026-05-07 00:00:00;SO312750;C0010;CT002;936;2026-06-18 00:00:00;2026-06-23 00:00:00;2026-05-10 00:00:00;2026-05-15 00:00:00
2026-05-07 00:00:00;SO312750;C0010;CL001;506;2026-06-18 00:00:00;2026-06-19 00:00:00;2026-05-10 00:00:00;2026-05-11 00:00:00
2026-05-07 00:00:00;SO312750;C0010;CS002;531;2026-06-18 00:00:00;2026-06-23 00:00:00;2026-05-10 00:00:00;2026-05-15 00:00:00
2026-05-07 00:00:00;SO312750;C0010;AS001;966;2026-06-18 00:00:00;2026-06-18 00:00:00;2026-05-10 00:00:00;2026-05-10 00:00:00
2026-05-07 00:00:00;SO247419;C0002;AS004;1188;2026-06-11 00:00:00;2026-06-05 00:00:00;2026-05-09 00:00:00;2026-05-03 00:00:00
2026-05-07 00:00:00;SO312750;C0010;CS001;741;2026-06-18 00:00:00;2026-06-26 00:00:00;2026-05-10 00:00:00;2026-05-18 00:00:00
2026-05-07 00:00:00;SO247419;C0002;AL001;625;2026-06-11 00:00:00;2026-06-02 00:00:00;2026-05-09 00:00:00;2026-04-30 00:00:00
2026-05-07 00:00:00;SO175561;C0016;CT001;780;2026-05-21 00:00:00;2026-05-16 00:00:00;2026-05-11 00:00:00;2026-05-06 00:00:00
2026-05-07 00:00:00;SO247419;C0002;CS003;443;2026-06-11 00:00:00;2026-06-17 00:00:00;2026-05-09 00:00:00;2026-05-15 00:00:00
2026-05-08 00:00:00;SO915846;C0030;CS002;514;2026-07-10 00:00:00;2026-07-18 00:00:00;2026-05-16 00:00:00;2026-05-24 00:00:00
2026-05-08 00:00:00;SO900919;C0021;AL002;1051;2026-05-22 00:00:00;2026-05-26 00:00:00;2026-05-12 00:00:00;2026-05-16 00:00:00
2026-05-08 00:00:00;SO891396;C0001;CL002;780;2026-06-05 00:00:00;2026-06-14 00:00:00;2026-05-10 00:00:00;2026-05-19 00:00:00
2026-05-08 00:00:00;SO915846;C0030;CT001;420;2026-07-10 00:00:00;2026-07-07 00:00:00;2026-05-16 00:00:00;2026-05-13 00:00:00
2026-05-08 00:00:00;SO900919;C0021;CT001;909;2026-05-22 00:00:00;2026-05-15 00:00:00;2026-05-12 00:00:00;2026-05-05 00:00:00
2026-05-08 00:00:00;SO891396;C0001;VS001;649;2026-06-05 00:00:00;2026-06-02 00:00:00;2026-05-10 00:00:00;2026-05-07 00:00:00
2026-05-08 00:00:00;SO891396;C0001;AL001;935;2026-06-05 00:00:00;2026-06-01 00:00:00;2026-05-10 00:00:00;2026-05-06 00:00:00
2026-05-08 00:00:00;SO915846;C0030;VS004;1122;2026-07-10 00:00:00;2026-07-18 00:00:00;2026-05-16 00:00:00;2026-05-24 00:00:00
2026-05-08 00:00:00;SO891396;C0001;CL001;370;2026-06-05 00:00:00;2026-05-28 00:00:00;2026-05-10 00:00:00;2026-05-02 00:00:00
2026-05-08 00:00:00;SO891396;C0001;AL002;1141;2026-06-05 00:00:00;2026-06-07 00:00:00;2026-05-10 00:00:00;2026-05-12 00:00:00
2026-05-08 00:00:00;SO900919;C0021;VS001;659;2026-05-22 00:00:00;2026-05-21 00:00:00;2026-05-12 00:00:00;2026-05-11 00:00:00
2026-05-08 00:00:00;SO915846;C0030;AL002;503;2026-07-10 00:00:00;2026-07-11 00:00:00;2026-05-16 00:00:00;2026-05-17 00:00:00
2026-05-08 00:00:00;SO915846;C0030;AS003;497;2026-07-10 00:00:00;2026-07-03 00:00:00;2026-05-16 00:00:00;2026-05-09 00:00:00
2026-05-08 00:00:00;SO900919;C0021;AS005;506;2026-05-22 00:00:00;2026-05-18 00:00:00;2026-05-12 00:00:00;2026-05-08 00:00:00
2026-05-08 00:00:00;SO900919;C0021;AS004;368;2026-05-22 00:00:00;2026-05-28 00:00:00;2026-05-12 00:00:00;2026-05-18 00:00:00
2026-05-08 00:00:00;SO891396;C0001;VS002;1048;2026-06-05 00:00:00;2026-05-26 00:00:00;2026-05-10 00:00:00;2026-04-30 00:00:00
2026-05-08 00:00:00;SO915846;C0030;VS005;1296;2026-07-10 00:00:00;2026-07-01 00:00:00;2026-05-16 00:00:00;2026-05-07 00:00:00
2026-05-08 00:00:00;SO900919;C0021;AT002;711;2026-05-22 00:00:00;2026-05-28 00:00:00;2026-05-12 00:00:00;2026-05-18 00:00:00
2026-05-11 00:00:00;SO104910;C0011;CT001;1159;2026-06-15 00:00:00;2026-06-14 00:00:00;2026-05-14 00:00:00;2026-05-13 00:00:00
2026-05-11 00:00:00;SO281514;C0023;CS004;538;2026-06-15 00:00:00;2026-06-10 00:00:00;2026-05-15 00:00:00;2026-05-10 00:00:00
2026-05-11 00:00:00;SO281514;C0023;AL002;382;2026-06-15 00:00:00;2026-06-15 00:00:00;2026-05-15 00:00:00;2026-05-15 00:00:00
2026-05-11 00:00:00;SO104910;C0011;CS002;722;2026-06-15 00:00:00;2026-06-14 00:00:00;2026-05-14 00:00:00;2026-05-13 00:00:00
2026-05-11 00:00:00;SO281514;C0023;AS001;444;2026-06-15 00:00:00;2026-06-17 00:00:00;2026-05-15 00:00:00;2026-05-17 00:00:00
2026-05-11 00:00:00;SO281514;C0023;AT002;1114;2026-06-15 00:00:00;2026-06-16 00:00:00;2026-05-15 00:00:00;2026-05-16 00:00:00
2026-05-11 00:00:00;SO281514;C0023;AL001;989;2026-06-15 00:00:00;2026-06-16 00:00:00;2026-05-15 00:00:00;2026-05-16 00:00:00
2026-05-11 00:00:00;SO104910;C0011;CS004;581;2026-06-15 00:00:00;2026-06-21 00:00:00;2026-05-14 00:00:00;2026-05-20 00:00:00
2026-05-11 00:00:00;SO104910;C0011;AS003;682;2026-06-15 00:00:00;2026-06-14 00:00:00;2026-05-14 00:00:00;2026-05-13 00:00:00
2026-05-11 00:00:00;SO104910;C0011;CL001;481;2026-06-15 00:00:00;2026-06-21 00:00:00;2026-05-14 00:00:00;2026-05-20 00:00:00
2026-05-11 00:00:00;SO104910;C0011;VS004;1079;2026-06-15 00:00:00;2026-06-14 00:00:00;2026-05-14 00:00:00;2026-05-13 00:00:00
2026-05-11 00:00:00;SO104910;C0011;AL002;540;2026-06-15 00:00:00;2026-06-19 00:00:00;2026-05-14 00:00:00;2026-05-18 00:00:00
2026-05-11 00:00:00;SO281514;C0023;CS001;439;2026-06-15 00:00:00;2026-06-19 00:00:00;2026-05-15 00:00:00;2026-05-19 00:00:00
2026-05-11 00:00:00;SO104910;C0011;AS005;564;2026-06-15 00:00:00;2026-06-19 00:00:00;2026-05-14 00:00:00;2026-05-18 00:00:00
2026-05-12 00:00:00;SO724103;C0016;AT002;638;2026-05-26 00:00:00;2026-05-25 00:00:00;2026-05-16 00:00:00;2026-05-15 00:00:00
2026-05-12 00:00:00;SO569101;C0003;VS002;713;2026-06-23 00:00:00;2026-06-25 00:00:00;2026-05-14 00:00:00;2026-05-16 00:00:00
2026-05-12 00:00:00;SO394236;C0023;AT001;1164;2026-06-16 00:00:00;2026-06-07 00:00:00;2026-05-16 00:00:00;2026-05-07 00:00:00
2026-05-12 00:00:00;SO394236;C0023;CS002;822;2026-06-16 00:00:00;2026-06-06 00:00:00;2026-05-16 00:00:00;2026-05-06 00:00:00
2026-05-12 00:00:00;SO569101;C0003;AS003;647;2026-06-23 00:00:00;2026-06-29 00:00:00;2026-05-14 00:00:00;2026-05-20 00:00:00
2026-05-12 00:00:00;SO394236;C0023;AS004;383;2026-06-16 00:00:00;2026-06-21 00:00:00;2026-05-16 00:00:00;2026-05-21 00:00:00
2026-05-12 00:00:00;SO724103;C0016;AL001;852;2026-05-26 00:00:00;2026-05-20 00:00:00;2026-05-16 00:00:00;2026-05-10 00:00:00
2026-05-12 00:00:00;SO569101;C0003;VS004;438;2026-06-23 00:00:00;2026-06-15 00:00:00;2026-05-14 00:00:00;2026-05-06 00:00:00
2026-05-12 00:00:00;SO394236;C0023;AL001;346;2026-06-16 00:00:00;2026-06-19 00:00:00;2026-05-16 00:00:00;2026-05-19 00:00:00
2026-05-12 00:00:00;SO394236;C0023;CT001;1029;2026-06-16 00:00:00;2026-06-18 00:00:00;2026-05-16 00:00:00;2026-05-18 00:00:00
2026-05-12 00:00:00;SO569101;C0003;VS005;298;2026-06-23 00:00:00;2026-06-18 00:00:00;2026-05-14 00:00:00;2026-05-09 00:00:00
2026-05-12 00:00:00;SO724103;C0016;CT002;573;2026-05-26 00:00:00;2026-05-21 00:00:00;2026-05-16 00:00:00;2026-05-11 00:00:00
2026-05-12 00:00:00;SO394236;C0023;AS005;918;2026-06-16 00:00:00;2026-06-10 00:00:00;2026-05-16 00:00:00;2026-05-10 00:00:00
2026-05-12 00:00:00;SO724103;C0016;CS002;549;2026-05-26 00:00:00;2026-05-21 00:00:00;2026-05-16 00:00:00;2026-05-11 00:00:00
2026-05-12 00:00:00;SO569101;C0003;AT002;578;2026-06-23 00:00:00;2026-06-30 00:00:00;2026-05-14 00:00:00;2026-05-21 00:00:00
2026-05-12 00:00:00;SO724103;C0016;CS001;738;2026-05-26 00:00:00;2026-05-22 00:00:00;2026-05-16 00:00:00;2026-05-12 00:00:00
2026-05-13 00:00:00;SO515191;C0019;AT002;441;2026-07-15 00:00:00;2026-07-09 00:00:00;2026-05-17 00:00:00;2026-05-11 00:00:00
2026-05-13 00:00:00;SO287202;C0018;AL002;619;2026-07-15 00:00:00;2026-07-24 00:00:00;2026-05-17 00:00:00;2026-05-26 00:00:00
2026-05-13 00:00:00;SO275709;C0004;AS005;549;2026-05-27 00:00:00;2026-05-20 00:00:00;2026-05-15 00:00:00;2026-05-08 00:00:00
2026-05-13 00:00:00;SO465249;C0023;VS004;453;2026-06-17 00:00:00;2026-06-20 00:00:00;2026-05-17 00:00:00;2026-05-20 00:00:00
2026-05-13 00:00:00;SO275709;C0004;CT002;1143;2026-05-27 00:00:00;2026-05-29 00:00:00;2026-05-15 00:00:00;2026-05-17 00:00:00
2026-05-13 00:00:00;SO287202;C0018;AS004;1145;2026-07-15 00:00:00;2026-07-16 00:00:00;2026-05-17 00:00:00;2026-05-18 00:00:00
2026-05-13 00:00:00;SO515191;C0019;CS002;866;2026-07-15 00:00:00;2026-07-16 00:00:00;2026-05-17 00:00:00;2026-05-18 00:00:00
2026-05-13 00:00:00;SO287202;C0018;CL002;835;2026-07-15 00:00:00;2026-07-10 00:00:00;2026-05-17 00:00:00;2026-05-12 00:00:00
2026-05-13 00:00:00;SO465249;C0023;AS005;1011;2026-06-17 00:00:00;2026-06-13 00:00:00;2026-05-17 00:00:00;2026-05-13 00:00:00
2026-05-13 00:00:00;SO287202;C0018;AT002;1229;2026-07-15 00:00:00;2026-07-18 00:00:00;2026-05-17 00:00:00;2026-05-20 00:00:00
2026-05-13 00:00:00;SO465249;C0023;CT002;1114;2026-06-17 00:00:00;2026-06-12 00:00:00;2026-05-17 00:00:00;2026-05-12 00:00:00
2026-05-13 00:00:00;SO275709;C0004;AS004;468;2026-05-27 00:00:00;2026-05-24 00:00:00;2026-05-15 00:00:00;2026-05-12 00:00:00
2026-05-14 00:00:00;SO385378;C0004;VS004;752;2026-05-28 00:00:00;2026-05-25 00:00:00;2026-05-16 00:00:00;2026-05-13 00:00:00
2026-05-14 00:00:00;SO338555;C0006;AS004;486;2026-07-16 00:00:00;2026-07-25 00:00:00;2026-05-16 00:00:00;2026-05-25 00:00:00
2026-05-14 00:00:00;SO207847;C0027;CS002;538;2026-06-25 00:00:00;2026-07-04 00:00:00;2026-05-22 00:00:00;2026-05-31 00:00:00
2026-05-14 00:00:00;SO479263;C0011;AL002;1338;2026-06-18 00:00:00;2026-06-18 00:00:00;2026-05-17 00:00:00;2026-05-17 00:00:00
2026-05-14 00:00:00;SO338555;C0006;CS001;285;2026-07-16 00:00:00;2026-07-08 00:00:00;2026-05-16 00:00:00;2026-05-08 00:00:00
2026-05-14 00:00:00;SO385378;C0004;AT001;1155;2026-05-28 00:00:00;2026-06-03 00:00:00;2026-05-16 00:00:00;2026-05-22 00:00:00
2026-05-14 00:00:00;SO385378;C0004;CS001;484;2026-05-28 00:00:00;2026-05-23 00:00:00;2026-05-16 00:00:00;2026-05-11 00:00:00
2026-05-14 00:00:00;SO385378;C0004;CT001;880;2026-05-28 00:00:00;2026-06-05 00:00:00;2026-05-16 00:00:00;2026-05-24 00:00:00
2026-05-14 00:00:00;SO479263;C0011;AT001;1235;2026-06-18 00:00:00;2026-06-28 00:00:00;2026-05-17 00:00:00;2026-05-27 00:00:00
2026-05-14 00:00:00;SO479263;C0011;CL002;710;2026-06-18 00:00:00;2026-06-26 00:00:00;2026-05-17 00:00:00;2026-05-25 00:00:00
2026-05-14 00:00:00;SO207847;C0027;CL001;695;2026-06-25 00:00:00;2026-06-28 00:00:00;2026-05-22 00:00:00;2026-05-25 00:00:00
2026-05-14 00:00:00;SO385378;C0004;CT002;493;2026-05-28 00:00:00;2026-06-01 00:00:00;2026-05-16 00:00:00;2026-05-20 00:00:00
2026-05-14 00:00:00;SO338555;C0006;CL001;857;2026-07-16 00:00:00;2026-07-16 00:00:00;2026-05-16 00:00:00;2026-05-16 00:00:00
2026-05-15 00:00:00;SO301362;C0006;AS001;682;2026-07-17 00:00:00;2026-07-22 00:00:00;2026-05-17 00:00:00;2026-05-22 00:00:00
2026-05-15 00:00:00;SO753600;C0024;AT002;826;2026-06-12 00:00:00;2026-06-18 00:00:00;2026-05-19 00:00:00;2026-05-25 00:00:00
2026-05-15 00:00:00;SO927932;C0018;AT002;643;2026-07-17 00:00:00;2026-07-23 00:00:00;2026-05-19 00:00:00;2026-05-25 00:00:00
2026-05-15 00:00:00;SO998930;C0002;VS002;823;2026-06-19 00:00:00;2026-06-17 00:00:00;2026-05-17 00:00:00;2026-05-15 00:00:00
2026-05-15 00:00:00;SO927932;C0018;CL001;1012;2026-07-17 00:00:00;2026-07-27 00:00:00;2026-05-19 00:00:00;2026-05-29 00:00:00
2026-05-15 00:00:00;SO753600;C0024;VS002;980;2026-06-12 00:00:00;2026-06-08 00:00:00;2026-05-19 00:00:00;2026-05-15 00:00:00
2026-05-15 00:00:00;SO998930;C0002;AL002;912;2026-06-19 00:00:00;2026-06-15 00:00:00;2026-05-17 00:00:00;2026-05-13 00:00:00
2026-05-15 00:00:00;SO301362;C0006;CT001;1101;2026-07-17 00:00:00;2026-07-10 00:00:00;2026-05-17 00:00:00;2026-05-10 00:00:00
2026-05-15 00:00:00;SO753600;C0024;CT002;949;2026-06-12 00:00:00;2026-06-05 00:00:00;2026-05-19 00:00:00;2026-05-12 00:00:00
2026-05-15 00:00:00;SO998930;C0002;AS003;866;2026-06-19 00:00:00;2026-06-15 00:00:00;2026-05-17 00:00:00;2026-05-13 00:00:00
2026-05-15 00:00:00;SO753600;C0024;CS004;843;2026-06-12 00:00:00;2026-06-02 00:00:00;2026-05-19 00:00:00;2026-05-09 00:00:00
2026-05-15 00:00:00;SO927932;C0018;AT001;363;2026-07-17 00:00:00;2026-07-22 00:00:00;2026-05-19 00:00:00;2026-05-24 00:00:00
2026-05-15 00:00:00;SO998930;C0002;CT001;805;2026-06-19 00:00:00;2026-06-14 00:00:00;2026-05-17 00:00:00;2026-05-12 00:00:00
2026-05-15 00:00:00;SO927932;C0018;CS002;722;2026-07-17 00:00:00;2026-07-12 00:00:00;2026-05-19 00:00:00;2026-05-14 00:00:00
2026-05-15 00:00:00;SO927932;C0018;AS003;846;2026-07-17 00:00:00;2026-07-17 00:00:00;2026-05-19 00:00:00;2026-05-19 00:00:00
2026-05-15 00:00:00;SO753600;C0024;CS001;514;2026-06-12 00:00:00;2026-06-05 00:00:00;2026-05-19 00:00:00;2026-05-12 00:00:00
2026-05-15 00:00:00;SO301362;C0006;AT001;1127;2026-07-17 00:00:00;2026-07-11 00:00:00;2026-05-17 00:00:00;2026-05-11 00:00:00
2026-05-15 00:00:00;SO927932;C0018;CT002;1037;2026-07-17 00:00:00;2026-07-08 00:00:00;2026-05-19 00:00:00;2026-05-10 00:00:00
2026-05-18 00:00:00;SO288833;C0013;VS004;1040;2026-06-15 00:00:00;2026-06-05 00:00:00;2026-05-22 00:00:00;2026-05-12 00:00:00
2026-05-18 00:00:00;SO422404;C0030;CL002;1252;2026-07-20 00:00:00;2026-07-12 00:00:00;2026-05-26 00:00:00;2026-05-18 00:00:00
2026-05-18 00:00:00;SO651379;C0011;VS005;469;2026-06-22 00:00:00;2026-06-15 00:00:00;2026-05-21 00:00:00;2026-05-14 00:00:00
2026-05-18 00:00:00;SO695326;C0016;VS004;833;2026-06-01 00:00:00;2026-06-01 00:00:00;2026-05-22 00:00:00;2026-05-22 00:00:00
2026-05-18 00:00:00;SO695326;C0016;CS003;1257;2026-06-01 00:00:00;2026-05-24 00:00:00;2026-05-22 00:00:00;2026-05-14 00:00:00
2026-05-18 00:00:00;SO422404;C0030;VS002;630;2026-07-20 00:00:00;2026-07-16 00:00:00;2026-05-26 00:00:00;2026-05-22 00:00:00
2026-05-18 00:00:00;SO651379;C0011;CS001;1037;2026-06-22 00:00:00;2026-06-12 00:00:00;2026-05-21 00:00:00;2026-05-11 00:00:00
2026-05-18 00:00:00;SO651379;C0011;VS001;427;2026-06-22 00:00:00;2026-06-15 00:00:00;2026-05-21 00:00:00;2026-05-14 00:00:00
2026-05-18 00:00:00;SO288833;C0013;AS001;602;2026-06-15 00:00:00;2026-06-19 00:00:00;2026-05-22 00:00:00;2026-05-26 00:00:00
2026-05-18 00:00:00;SO288833;C0013;CS002;581;2026-06-15 00:00:00;2026-06-10 00:00:00;2026-05-22 00:00:00;2026-05-17 00:00:00
2026-05-18 00:00:00;SO651379;C0011;CT002;1319;2026-06-22 00:00:00;2026-06-24 00:00:00;2026-05-21 00:00:00;2026-05-23 00:00:00
2026-05-18 00:00:00;SO288833;C0013;AS005;1234;2026-06-15 00:00:00;2026-06-17 00:00:00;2026-05-22 00:00:00;2026-05-24 00:00:00
2026-05-18 00:00:00;SO422404;C0030;AS004;635;2026-07-20 00:00:00;2026-07-22 00:00:00;2026-05-26 00:00:00;2026-05-28 00:00:00
2026-05-18 00:00:00;SO695326;C0016;CL002;1117;2026-06-01 00:00:00;2026-05-24 00:00:00;2026-05-22 00:00:00;2026-05-14 00:00:00
2026-05-18 00:00:00;SO422404;C0030;AT001;1091;2026-07-20 00:00:00;2026-07-28 00:00:00;2026-05-26 00:00:00;2026-06-03 00:00:00
2026-05-18 00:00:00;SO422404;C0030;CL001;483;2026-07-20 00:00:00;2026-07-25 00:00:00;2026-05-26 00:00:00;2026-05-31 00:00:00
2026-05-18 00:00:00;SO651379;C0011;AL001;606;2026-06-22 00:00:00;2026-06-14 00:00:00;2026-05-21 00:00:00;2026-05-13 00:00:00
2026-05-18 00:00:00;SO288833;C0013;AL002;519;2026-06-15 00:00:00;2026-06-08 00:00:00;2026-05-22 00:00:00;2026-05-15 00:00:00
2026-05-18 00:00:00;SO422404;C0030;VS005;463;2026-07-20 00:00:00;2026-07-12 00:00:00;2026-05-26 00:00:00;2026-05-18 00:00:00
2026-05-18 00:00:00;SO288833;C0013;AS003;396;2026-06-15 00:00:00;2026-06-13 00:00:00;2026-05-22 00:00:00;2026-05-20 00:00:00
2026-05-19 00:00:00;SO140544;C0014;VS005;992;2026-06-23 00:00:00;2026-06-26 00:00:00;2026-05-23 00:00:00;2026-05-26 00:00:00
2026-05-19 00:00:00;SO578523;C0015;VS005;1201;2026-06-30 00:00:00;2026-06-20 00:00:00;2026-05-23 00:00:00;2026-05-13 00:00:00
2026-05-19 00:00:00;SO578523;C0015;AS004;925;2026-06-30 00:00:00;2026-06-24 00:00:00;2026-05-23 00:00:00;2026-05-17 00:00:00
2026-05-19 00:00:00;SO578523;C0015;AT002;523;2026-06-30 00:00:00;2026-06-30 00:00:00;2026-05-23 00:00:00;2026-05-23 00:00:00
2026-05-19 00:00:00;SO140544;C0014;VS004;1179;2026-06-23 00:00:00;2026-07-03 00:00:00;2026-05-23 00:00:00;2026-06-02 00:00:00
2026-05-19 00:00:00;SO578523;C0015;CL001;1127;2026-06-30 00:00:00;2026-06-21 00:00:00;2026-05-23 00:00:00;2026-05-14 00:00:00
2026-05-19 00:00:00;SO578523;C0015;AT001;760;2026-06-30 00:00:00;2026-07-03 00:00:00;2026-05-23 00:00:00;2026-05-26 00:00:00
2026-05-19 00:00:00;SO578523;C0015;CT002;1039;2026-06-30 00:00:00;2026-06-23 00:00:00;2026-05-23 00:00:00;2026-05-16 00:00:00
2026-05-19 00:00:00;SO578523;C0015;AL001;1036;2026-06-30 00:00:00;2026-06-21 00:00:00;2026-05-23 00:00:00;2026-05-14 00:00:00
2026-05-19 00:00:00;SO140544;C0014;CL001;1092;2026-06-23 00:00:00;2026-06-17 00:00:00;2026-05-23 00:00:00;2026-05-17 00:00:00
2026-05-19 00:00:00;SO140544;C0014;CS002;427;2026-06-23 00:00:00;2026-06-13 00:00:00;2026-05-23 00:00:00;2026-05-13 00:00:00
2026-05-19 00:00:00;SO140544;C0014;CL002;926;2026-06-23 00:00:00;2026-06-21 00:00:00;2026-05-23 00:00:00;2026-05-21 00:00:00
2026-05-19 00:00:00;SO140544;C0014;AS005;963;2026-06-23 00:00:00;2026-06-22 00:00:00;2026-05-23 00:00:00;2026-05-22 00:00:00
2026-05-19 00:00:00;SO140544;C0014;CS003;1234;2026-06-23 00:00:00;2026-06-18 00:00:00;2026-05-23 00:00:00;2026-05-18 00:00:00
2026-05-19 00:00:00;SO140544;C0014;VS001;864;2026-06-23 00:00:00;2026-06-20 00:00:00;2026-05-23 00:00:00;2026-05-20 00:00:00
2026-05-20 00:00:00;SO374615;C0005;AL002;1044;2026-07-15 00:00:00;2026-07-12 00:00:00;2026-05-22 00:00:00;2026-05-19 00:00:00
2026-05-20 00:00:00;SO235741;C0024;AS004;985;2026-06-17 00:00:00;2026-06-09 00:00:00;2026-05-24 00:00:00;2026-05-16 00:00:00
2026-05-20 00:00:00;SO374615;C0005;CS002;720;2026-07-15 00:00:00;2026-07-15 00:00:00;2026-05-22 00:00:00;2026-05-22 00:00:00
2026-05-20 00:00:00;SO235741;C0024;CS002;1010;2026-06-17 00:00:00;2026-06-24 00:00:00;2026-05-24 00:00:00;2026-05-31 00:00:00
2026-05-20 00:00:00;SO235741;C0024;AL002;482;2026-06-17 00:00:00;2026-06-16 00:00:00;2026-05-24 00:00:00;2026-05-23 00:00:00
2026-05-20 00:00:00;SO235741;C0024;CT002;766;2026-06-17 00:00:00;2026-06-13 00:00:00;2026-05-24 00:00:00;2026-05-20 00:00:00
2026-05-20 00:00:00;SO374615;C0005;AS004;977;2026-07-15 00:00:00;2026-07-21 00:00:00;2026-05-22 00:00:00;2026-05-28 00:00:00
2026-05-20 00:00:00;SO235741;C0024;AS003;963;2026-06-17 00:00:00;2026-06-10 00:00:00;2026-05-24 00:00:00;2026-05-17 00:00:00
2026-05-20 00:00:00;SO235741;C0024;AT002;671;2026-06-17 00:00:00;2026-06-07 00:00:00;2026-05-24 00:00:00;2026-05-14 00:00:00
2026-05-20 00:00:00;SO374615;C0005;CT001;1234;2026-07-15 00:00:00;2026-07-12 00:00:00;2026-05-22 00:00:00;2026-05-19 00:00:00
2026-05-20 00:00:00;SO235741;C0024;AS001;449;2026-06-17 00:00:00;2026-06-22 00:00:00;2026-05-24 00:00:00;2026-05-29 00:00:00
2026-05-20 00:00:00;SO235741;C0024;VS004;1244;2026-06-17 00:00:00;2026-06-07 00:00:00;2026-05-24 00:00:00;2026-05-14 00:00:00
2026-05-21 00:00:00;SO610183;C0008;AS001;781;2026-07-16 00:00:00;2026-07-12 00:00:00;2026-05-24 00:00:00;2026-05-20 00:00:00
2026-05-21 00:00:00;SO786968;C0006;CS003;1362;2026-07-23 00:00:00;2026-07-23 00:00:00;2026-05-23 00:00:00;2026-05-23 00:00:00
2026-05-21 00:00:00;SO319952;C0024;AT001;540;2026-06-18 00:00:00;2026-06-12 00:00:00;2026-05-25 00:00:00;2026-05-19 00:00:00
2026-05-21 00:00:00;SO319952;C0024;AS001;826;2026-06-18 00:00:00;2026-06-17 00:00:00;2026-05-25 00:00:00;2026-05-24 00:00:00
2026-05-21 00:00:00;SO610183;C0008;VS004;1117;2026-07-16 00:00:00;2026-07-08 00:00:00;2026-05-24 00:00:00;2026-05-16 00:00:00
2026-05-21 00:00:00;SO786968;C0006;VS005;605;2026-07-23 00:00:00;2026-07-23 00:00:00;2026-05-23 00:00:00;2026-05-23 00:00:00
2026-05-21 00:00:00;SO319952;C0024;VS005;1206;2026-06-18 00:00:00;2026-06-16 00:00:00;2026-05-25 00:00:00;2026-05-23 00:00:00
2026-05-21 00:00:00;SO319952;C0024;CL001;1084;2026-06-18 00:00:00;2026-06-10 00:00:00;2026-05-25 00:00:00;2026-05-17 00:00:00
2026-05-21 00:00:00;SO786968;C0006;VS001;1106;2026-07-23 00:00:00;2026-07-28 00:00:00;2026-05-23 00:00:00;2026-05-28 00:00:00
2026-05-21 00:00:00;SO319952;C0024;CT002;436;2026-06-18 00:00:00;2026-06-26 00:00:00;2026-05-25 00:00:00;2026-06-02 00:00:00
2026-05-21 00:00:00;SO319952;C0024;CL002;651;2026-06-18 00:00:00;2026-06-28 00:00:00;2026-05-25 00:00:00;2026-06-04 00:00:00
2026-05-21 00:00:00;SO786968;C0006;CT001;578;2026-07-23 00:00:00;2026-07-24 00:00:00;2026-05-23 00:00:00;2026-05-24 00:00:00
2026-05-21 00:00:00;SO610183;C0008;VS001;1073;2026-07-16 00:00:00;2026-07-24 00:00:00;2026-05-24 00:00:00;2026-06-01 00:00:00
2026-05-21 00:00:00;SO319952;C0024;CS004;895;2026-06-18 00:00:00;2026-06-16 00:00:00;2026-05-25 00:00:00;2026-05-23 00:00:00
2026-05-21 00:00:00;SO610183;C0008;AT002;753;2026-07-16 00:00:00;2026-07-12 00:00:00;2026-05-24 00:00:00;2026-05-20 00:00:00
2026-05-21 00:00:00;SO319952;C0024;VS002;1087;2026-06-18 00:00:00;2026-06-11 00:00:00;2026-05-25 00:00:00;2026-05-18 00:00:00
2026-05-22 00:00:00;SO562157;C0008;AS005;1228;2026-07-17 00:00:00;2026-07-13 00:00:00;2026-05-25 00:00:00;2026-05-21 00:00:00
2026-05-22 00:00:00;SO100314;C0004;CS001;865;2026-06-05 00:00:00;2026-06-07 00:00:00;2026-05-24 00:00:00;2026-05-26 00:00:00
2026-05-22 00:00:00;SO311823;C0030;AT001;717;2026-07-24 00:00:00;2026-08-03 00:00:00;2026-05-30 00:00:00;2026-06-09 00:00:00
2026-05-22 00:00:00;SO724497;C0016;AT002;703;2026-06-05 00:00:00;2026-05-28 00:00:00;2026-05-26 00:00:00;2026-05-18 00:00:00
2026-05-22 00:00:00;SO100314;C0004;CS002;1231;2026-06-05 00:00:00;2026-06-07 00:00:00;2026-05-24 00:00:00;2026-05-26 00:00:00
2026-05-22 00:00:00;SO562157;C0008;CS001;675;2026-07-17 00:00:00;2026-07-09 00:00:00;2026-05-25 00:00:00;2026-05-17 00:00:00
2026-05-22 00:00:00;SO100314;C0004;VS004;336;2026-06-05 00:00:00;2026-06-14 00:00:00;2026-05-24 00:00:00;2026-06-02 00:00:00
2026-05-22 00:00:00;SO562157;C0008;AS004;642;2026-07-17 00:00:00;2026-07-23 00:00:00;2026-05-25 00:00:00;2026-05-31 00:00:00
2026-05-22 00:00:00;SO100314;C0004;CT001;620;2026-06-05 00:00:00;2026-05-31 00:00:00;2026-05-24 00:00:00;2026-05-19 00:00:00
2026-05-22 00:00:00;SO311823;C0030;VS004;643;2026-07-24 00:00:00;2026-07-22 00:00:00;2026-05-30 00:00:00;2026-05-28 00:00:00
2026-05-22 00:00:00;SO562157;C0008;CT002;462;2026-07-17 00:00:00;2026-07-10 00:00:00;2026-05-25 00:00:00;2026-05-18 00:00:00
2026-05-22 00:00:00;SO100314;C0004;AS004;802;2026-06-05 00:00:00;2026-05-28 00:00:00;2026-05-24 00:00:00;2026-05-16 00:00:00
2026-05-22 00:00:00;SO311823;C0030;CS001;1291;2026-07-24 00:00:00;2026-07-19 00:00:00;2026-05-30 00:00:00;2026-05-25 00:00:00
2026-05-25 00:00:00;SO993512;C0017;CL002;591;2026-07-20 00:00:00;2026-07-15 00:00:00;2026-05-29 00:00:00;2026-05-24 00:00:00
2026-05-25 00:00:00;SO916802;C0016;VS001;1256;2026-06-08 00:00:00;2026-06-10 00:00:00;2026-05-29 00:00:00;2026-05-31 00:00:00
2026-05-25 00:00:00;SO635748;C0001;AT002;515;2026-06-22 00:00:00;2026-06-28 00:00:00;2026-05-27 00:00:00;2026-06-02 00:00:00
2026-05-25 00:00:00;SO527902;C0010;CS001;963;2026-07-06 00:00:00;2026-07-02 00:00:00;2026-05-28 00:00:00;2026-05-24 00:00:00
2026-05-25 00:00:00;SO635748;C0001;AT001;1325;2026-06-22 00:00:00;2026-06-28 00:00:00;2026-05-27 00:00:00;2026-06-02 00:00:00
2026-05-25 00:00:00;SO635748;C0001;AL002;996;2026-06-22 00:00:00;2026-06-17 00:00:00;2026-05-27 00:00:00;2026-05-22 00:00:00
2026-05-25 00:00:00;SO993512;C0017;AL002;854;2026-07-20 00:00:00;2026-07-23 00:00:00;2026-05-29 00:00:00;2026-06-01 00:00:00
2026-05-25 00:00:00;SO993512;C0017;AS003;1272;2026-07-20 00:00:00;2026-07-18 00:00:00;2026-05-29 00:00:00;2026-05-27 00:00:00
2026-05-25 00:00:00;SO527902;C0010;CT001;615;2026-07-06 00:00:00;2026-07-12 00:00:00;2026-05-28 00:00:00;2026-06-03 00:00:00
2026-05-25 00:00:00;SO993512;C0017;AT001;438;2026-07-20 00:00:00;2026-07-17 00:00:00;2026-05-29 00:00:00;2026-05-26 00:00:00
2026-05-25 00:00:00;SO527902;C0010;VS001;807;2026-07-06 00:00:00;2026-07-07 00:00:00;2026-05-28 00:00:00;2026-05-29 00:00:00
2026-05-25 00:00:00;SO635748;C0001;AS003;649;2026-06-22 00:00:00;2026-06-17 00:00:00;2026-05-27 00:00:00;2026-05-22 00:00:00
2026-05-25 00:00:00;SO993512;C0017;CS003;392;2026-07-20 00:00:00;2026-07-14 00:00:00;2026-05-29 00:00:00;2026-05-23 00:00:00
2026-05-25 00:00:00;SO916802;C0016;AS001;800;2026-06-08 00:00:00;2026-06-17 00:00:00;2026-05-29 00:00:00;2026-06-07 00:00:00
2026-05-26 00:00:00;SO915188;C0027;CS002;1235;2026-07-07 00:00:00;2026-06-28 00:00:00;2026-06-03 00:00:00;2026-05-25 00:00:00
2026-05-26 00:00:00;SO725243;C0028;AS005;1045;2026-06-09 00:00:00;2026-06-13 00:00:00;2026-06-03 00:00:00;2026-06-07 00:00:00
2026-05-26 00:00:00;SO284368;C0030;AT001;440;2026-07-28 00:00:00;2026-07-18 00:00:00;2026-06-03 00:00:00;2026-05-24 00:00:00
2026-05-26 00:00:00;SO468037;C0011;VS005;719;2026-06-30 00:00:00;2026-06-30 00:00:00;2026-05-29 00:00:00;2026-05-29 00:00:00
2026-05-26 00:00:00;SO284368;C0030;CS004;980;2026-07-28 00:00:00;2026-07-27 00:00:00;2026-06-03 00:00:00;2026-06-02 00:00:00
2026-05-26 00:00:00;SO725243;C0028;CT002;682;2026-06-09 00:00:00;2026-06-01 00:00:00;2026-06-03 00:00:00;2026-05-26 00:00:00
2026-05-26 00:00:00;SO468037;C0011;VS004;531;2026-06-30 00:00:00;2026-07-08 00:00:00;2026-05-29 00:00:00;2026-06-06 00:00:00
2026-05-26 00:00:00;SO284368;C0030;CL001;479;2026-07-28 00:00:00;2026-08-01 00:00:00;2026-06-03 00:00:00;2026-06-07 00:00:00
2026-05-26 00:00:00;SO284368;C0030;AL001;1022;2026-07-28 00:00:00;2026-07-31 00:00:00;2026-06-03 00:00:00;2026-06-06 00:00:00
2026-05-26 00:00:00;SO725243;C0028;AS003;1079;2026-06-09 00:00:00;2026-06-08 00:00:00;2026-06-03 00:00:00;2026-06-02 00:00:00
2026-05-26 00:00:00;SO468037;C0011;AS003;661;2026-06-30 00:00:00;2026-07-10 00:00:00;2026-05-29 00:00:00;2026-06-08 00:00:00
2026-05-26 00:00:00;SO468037;C0011;VS001;1349;2026-06-30 00:00:00;2026-06-23 00:00:00;2026-05-29 00:00:00;2026-05-22 00:00:00
2026-05-26 00:00:00;SO284368;C0030;CL002;803;2026-07-28 00:00:00;2026-07-20 00:00:00;2026-06-03 00:00:00;2026-05-26 00:00:00
2026-05-26 00:00:00;SO915188;C0027;VS004;923;2026-07-07 00:00:00;2026-07-13 00:00:00;2026-06-03 00:00:00;2026-06-09 00:00:00
2026-05-26 00:00:00;SO284368;C0030;CS002;855;2026-07-28 00:00:00;2026-07-29 00:00:00;2026-06-03 00:00:00;2026-06-04 00:00:00
2026-05-26 00:00:00;SO915188;C0027;CS003;1335;2026-07-07 00:00:00;2026-07-02 00:00:00;2026-06-03 00:00:00;2026-05-29 00:00:00
2026-05-27 00:00:00;SO595760;C0023;AT002;445;2026-07-01 00:00:00;2026-06-21 00:00:00;2026-05-31 00:00:00;2026-05-21 00:00:00
2026-05-27 00:00:00;SO502472;C0006;AT001;621;2026-07-29 00:00:00;2026-07-20 00:00:00;2026-05-29 00:00:00;2026-05-20 00:00:00
2026-05-27 00:00:00;SO824543;C0016;CT002;1054;2026-06-10 00:00:00;2026-06-14 00:00:00;2026-05-31 00:00:00;2026-06-04 00:00:00
2026-05-27 00:00:00;SO824543;C0016;VS002;851;2026-06-10 00:00:00;2026-06-19 00:00:00;2026-05-31 00:00:00;2026-06-09 00:00:00
2026-05-27 00:00:00;SO595760;C0023;AS003;1063;2026-07-01 00:00:00;2026-07-02 00:00:00;2026-05-31 00:00:00;2026-06-01 00:00:00
2026-05-27 00:00:00;SO824543;C0016;AL001;807;2026-06-10 00:00:00;2026-06-01 00:00:00;2026-05-31 00:00:00;2026-05-22 00:00:00
2026-05-27 00:00:00;SO824543;C0016;VS004;292;2026-06-10 00:00:00;2026-06-03 00:00:00;2026-05-31 00:00:00;2026-05-24 00:00:00
2026-05-27 00:00:00;SO595760;C0023;AS001;458;2026-07-01 00:00:00;2026-07-06 00:00:00;2026-05-31 00:00:00;2026-06-05 00:00:00
2026-05-27 00:00:00;SO824543;C0016;AT002;682;2026-06-10 00:00:00;2026-06-14 00:00:00;2026-05-31 00:00:00;2026-06-04 00:00:00
2026-05-27 00:00:00;SO502472;C0006;CT001;680;2026-07-29 00:00:00;2026-08-06 00:00:00;2026-05-29 00:00:00;2026-06-06 00:00:00
2026-05-27 00:00:00;SO824543;C0016;VS001;599;2026-06-10 00:00:00;2026-06-10 00:00:00;2026-05-31 00:00:00;2026-05-31 00:00:00
2026-05-27 00:00:00;SO502472;C0006;AL001;1112;2026-07-29 00:00:00;2026-08-01 00:00:00;2026-05-29 00:00:00;2026-06-01 00:00:00
2026-05-27 00:00:00;SO824543;C0016;AS003;609;2026-06-10 00:00:00;2026-06-11 00:00:00;2026-05-31 00:00:00;2026-06-01 00:00:00
2026-05-27 00:00:00;SO595760;C0023;AL002;1002;2026-07-01 00:00:00;2026-07-04 00:00:00;2026-05-31 00:00:00;2026-06-03 00:00:00
2026-05-27 00:00:00;SO824543;C0016;CS001;936;2026-06-10 00:00:00;2026-06-20 00:00:00;2026-05-31 00:00:00;2026-06-10 00:00:00
2026-05-27 00:00:00;SO502472;C0006;VS001;815;2026-07-29 00:00:00;2026-08-03 00:00:00;2026-05-29 00:00:00;2026-06-03 00:00:00
2026-05-27 00:00:00;SO824543;C0016;CS003;871;2026-06-10 00:00:00;2026-06-12 00:00:00;2026-05-31 00:00:00;2026-06-02 00:00:00
2026-05-27 00:00:00;SO824543;C0016;AS001;653;2026-06-10 00:00:00;2026-06-04 00:00:00;2026-05-31 00:00:00;2026-05-25 00:00:00
2026-05-27 00:00:00;SO824543;C0016;CL002;1018;2026-06-10 00:00:00;2026-06-20 00:00:00;2026-05-31 00:00:00;2026-06-10 00:00:00
2026-05-27 00:00:00;SO502472;C0006;CL002;742;2026-07-29 00:00:00;2026-08-07 00:00:00;2026-05-29 00:00:00;2026-06-07 00:00:00
2026-05-28 00:00:00;SO364678;C0021;CL001;1245;2026-06-11 00:00:00;2026-06-02 00:00:00;2026-06-01 00:00:00;2026-05-23 00:00:00
2026-05-28 00:00:00;SO274254;C0017;AS004;1379;2026-07-23 00:00:00;2026-07-19 00:00:00;2026-06-01 00:00:00;2026-05-28 00:00:00
2026-05-28 00:00:00;SO852839;C0012;AS001;1016;2026-06-25 00:00:00;2026-07-04 00:00:00;2026-05-31 00:00:00;2026-06-09 00:00:00
2026-05-28 00:00:00;SO274254;C0017;CS001;382;2026-07-23 00:00:00;2026-07-17 00:00:00;2026-06-01 00:00:00;2026-05-26 00:00:00
2026-05-28 00:00:00;SO364678;C0021;VS005;1046;2026-06-11 00:00:00;2026-06-17 00:00:00;2026-06-01 00:00:00;2026-06-07 00:00:00
2026-05-28 00:00:00;SO364678;C0021;AT001;648;2026-06-11 00:00:00;2026-06-08 00:00:00;2026-06-01 00:00:00;2026-05-29 00:00:00
2026-05-28 00:00:00;SO364678;C0021;AT002;465;2026-06-11 00:00:00;2026-06-18 00:00:00;2026-06-01 00:00:00;2026-06-08 00:00:00
2026-05-28 00:00:00;SO852839;C0012;VS001;1119;2026-06-25 00:00:00;2026-06-19 00:00:00;2026-05-31 00:00:00;2026-05-25 00:00:00
2026-05-28 00:00:00;SO364678;C0021;VS002;659;2026-06-11 00:00:00;2026-06-12 00:00:00;2026-06-01 00:00:00;2026-06-02 00:00:00
2026-05-28 00:00:00;SO274254;C0017;VS004;427;2026-07-23 00:00:00;2026-07-15 00:00:00;2026-06-01 00:00:00;2026-05-24 00:00:00
2026-05-28 00:00:00;SO852839;C0012;CS001;770;2026-06-25 00:00:00;2026-06-17 00:00:00;2026-05-31 00:00:00;2026-05-23 00:00:00
2026-05-28 00:00:00;SO274254;C0017;CL001;785;2026-07-23 00:00:00;2026-07-23 00:00:00;2026-06-01 00:00:00;2026-06-01 00:00:00
2026-05-28 00:00:00;SO274254;C0017;CT001;647;2026-07-23 00:00:00;2026-07-23 00:00:00;2026-06-01 00:00:00;2026-06-01 00:00:00
2026-05-28 00:00:00;SO364678;C0021;AL002;510;2026-06-11 00:00:00;2026-06-16 00:00:00;2026-06-01 00:00:00;2026-06-06 00:00:00
2026-05-28 00:00:00;SO274254;C0017;VS001;473;2026-07-23 00:00:00;2026-07-28 00:00:00;2026-06-01 00:00:00;2026-06-06 00:00:00
2026-05-28 00:00:00;SO274254;C0017;CS003;624;2026-07-23 00:00:00;2026-07-26 00:00:00;2026-06-01 00:00:00;2026-06-04 00:00:00
2026-05-28 00:00:00;SO274254;C0017;VS005;276;2026-07-23 00:00:00;2026-07-25 00:00:00;2026-06-01 00:00:00;2026-06-03 00:00:00
2026-05-29 00:00:00;SO473770;C0016;AS003;923;2026-06-12 00:00:00;2026-06-08 00:00:00;2026-06-02 00:00:00;2026-05-29 00:00:00
2026-05-29 00:00:00;SO698133;C0008;CL001;364;2026-07-24 00:00:00;2026-07-17 00:00:00;2026-06-01 00:00:00;2026-05-25 00:00:00
2026-05-29 00:00:00;SO473770;C0016;AL001;661;2026-06-12 00:00:00;2026-06-11 00:00:00;2026-06-02 00:00:00;2026-06-01 00:00:00
2026-05-29 00:00:00;SO473770;C0016;AT002;596;2026-06-12 00:00:00;2026-06-21 00:00:00;2026-06-02 00:00:00;2026-06-11 00:00:00
2026-05-29 00:00:00;SO473770;C0016;CS004;963;2026-06-12 00:00:00;2026-06-21 00:00:00;2026-06-02 00:00:00;2026-06-11 00:00:00
2026-05-29 00:00:00;SO473770;C0016;AT001;587;2026-06-12 00:00:00;2026-06-19 00:00:00;2026-06-02 00:00:00;2026-06-09 00:00:00
2026-05-29 00:00:00;SO473770;C0016;VS002;1370;2026-06-12 00:00:00;2026-06-06 00:00:00;2026-06-02 00:00:00;2026-05-27 00:00:00
2026-05-29 00:00:00;SO473770;C0016;VS001;1011;2026-06-12 00:00:00;2026-06-03 00:00:00;2026-06-02 00:00:00;2026-05-24 00:00:00
2026-05-29 00:00:00;SO698133;C0008;AL001;819;2026-07-24 00:00:00;2026-07-20 00:00:00;2026-06-01 00:00:00;2026-05-28 00:00:00
2026-05-29 00:00:00;SO473770;C0016;CL001;302;2026-06-12 00:00:00;2026-06-03 00:00:00;2026-06-02 00:00:00;2026-05-24 00:00:00
2026-05-29 00:00:00;SO698133;C0008;AS004;1078;2026-07-24 00:00:00;2026-08-02 00:00:00;2026-06-01 00:00:00;2026-06-10 00:00:00
2026-05-29 00:00:00;SO698133;C0008;VS002;925;2026-07-24 00:00:00;2026-07-29 00:00:00;2026-06-01 00:00:00;2026-06-06 00:00:00
2026-05-29 00:00:00;SO473770;C0016;AS004;769;2026-06-12 00:00:00;2026-06-18 00:00:00;2026-06-02 00:00:00;2026-06-08 00:00:00
2026-05-29 00:00:00;SO473770;C0016;CT001;869;2026-06-12 00:00:00;2026-06-19 00:00:00;2026-06-02 00:00:00;2026-06-09 00:00:00
2026-06-01 00:00:00;SO981954;C0018;VS002;487;2026-08-03 00:00:00;2026-08-06 00:00:00;2026-06-05 00:00:00;2026-06-08 00:00:00
2026-06-01 00:00:00;SO957210;C0023;CS002;780;2026-07-06 00:00:00;2026-07-06 00:00:00;2026-06-05 00:00:00;2026-06-05 00:00:00
2026-06-01 00:00:00;SO755614;C0020;CL001;465;2026-07-27 00:00:00;2026-07-30 00:00:00;2026-06-05 00:00:00;2026-06-08 00:00:00
2026-06-01 00:00:00;SO191535;C0014;AS004;1259;2026-07-06 00:00:00;2026-07-15 00:00:00;2026-06-05 00:00:00;2026-06-14 00:00:00
2026-06-01 00:00:00;SO755614;C0020;CS004;852;2026-07-27 00:00:00;2026-07-27 00:00:00;2026-06-05 00:00:00;2026-06-05 00:00:00
2026-06-01 00:00:00;SO957210;C0023;AS003;940;2026-07-06 00:00:00;2026-07-16 00:00:00;2026-06-05 00:00:00;2026-06-15 00:00:00
2026-06-01 00:00:00;SO755614;C0020;VS004;807;2026-07-27 00:00:00;2026-08-04 00:00:00;2026-06-05 00:00:00;2026-06-13 00:00:00
2026-06-01 00:00:00;SO755614;C0020;CS001;1262;2026-07-27 00:00:00;2026-08-01 00:00:00;2026-06-05 00:00:00;2026-06-10 00:00:00
2026-06-01 00:00:00;SO191535;C0014;AT001;503;2026-07-06 00:00:00;2026-07-09 00:00:00;2026-06-05 00:00:00;2026-06-08 00:00:00
2026-06-01 00:00:00;SO755614;C0020;VS005;862;2026-07-27 00:00:00;2026-07-27 00:00:00;2026-06-05 00:00:00;2026-06-05 00:00:00
2026-06-01 00:00:00;SO957210;C0023;VS003;913;2026-07-06 00:00:00;2026-07-16 00:00:00;2026-06-05 00:00:00;2026-06-15 00:00:00
2026-06-01 00:00:00;SO981954;C0018;AS003;503;2026-08-03 00:00:00;2026-08-12 00:00:00;2026-06-05 00:00:00;2026-06-14 00:00:00
2026-06-01 00:00:00;SO191535;C0014;VS002;287;2026-07-06 00:00:00;2026-07-07 00:00:00;2026-06-05 00:00:00;2026-06-06 00:00:00
2026-06-01 00:00:00;SO755614;C0020;CT002;722;2026-07-27 00:00:00;2026-07-28 00:00:00;2026-06-05 00:00:00;2026-06-06 00:00:00
2026-06-01 00:00:00;SO755614;C0020;CS002;519;2026-07-27 00:00:00;2026-08-03 00:00:00;2026-06-05 00:00:00;2026-06-12 00:00:00
2026-06-01 00:00:00;SO191535;C0014;CL001;755;2026-07-06 00:00:00;2026-07-03 00:00:00;2026-06-05 00:00:00;2026-06-02 00:00:00
2026-06-01 00:00:00;SO957210;C0023;AT002;476;2026-07-06 00:00:00;2026-07-12 00:00:00;2026-06-05 00:00:00;2026-06-11 00:00:00
2026-06-01 00:00:00;SO981954;C0018;CT003;538;2026-08-03 00:00:00;2026-08-11 00:00:00;2026-06-05 00:00:00;2026-06-13 00:00:00
2026-06-02 00:00:00;SO660844;C0019;AT001;1135;2026-08-04 00:00:00;2026-08-05 00:00:00;2026-06-06 00:00:00;2026-06-07 00:00:00
2026-06-02 00:00:00;SO519698;C0022;CS003;865;2026-07-14 00:00:00;2026-07-13 00:00:00;2026-06-06 00:00:00;2026-06-05 00:00:00
2026-06-02 00:00:00;SO255238;C0018;CS001;739;2026-08-04 00:00:00;2026-07-30 00:00:00;2026-06-06 00:00:00;2026-06-01 00:00:00
2026-06-02 00:00:00;SO864627;C0024;AS003;783;2026-06-30 00:00:00;2026-07-09 00:00:00;2026-06-06 00:00:00;2026-06-15 00:00:00
2026-06-02 00:00:00;SO519698;C0022;CS002;832;2026-07-14 00:00:00;2026-07-10 00:00:00;2026-06-06 00:00:00;2026-06-02 00:00:00
2026-06-02 00:00:00;SO864627;C0024;CS003;750;2026-06-30 00:00:00;2026-06-21 00:00:00;2026-06-06 00:00:00;2026-05-28 00:00:00
2026-06-02 00:00:00;SO519698;C0022;CL001;1271;2026-07-14 00:00:00;2026-07-10 00:00:00;2026-06-06 00:00:00;2026-06-02 00:00:00
2026-06-02 00:00:00;SO660844;C0019;VS003;623;2026-08-04 00:00:00;2026-07-31 00:00:00;2026-06-06 00:00:00;2026-06-02 00:00:00
2026-06-02 00:00:00;SO864627;C0024;AL002;700;2026-06-30 00:00:00;2026-07-04 00:00:00;2026-06-06 00:00:00;2026-06-10 00:00:00
2026-06-02 00:00:00;SO660844;C0019;CL001;490;2026-08-04 00:00:00;2026-08-08 00:00:00;2026-06-06 00:00:00;2026-06-10 00:00:00
2026-06-02 00:00:00;SO255238;C0018;CS004;1013;2026-08-04 00:00:00;2026-07-31 00:00:00;2026-06-06 00:00:00;2026-06-02 00:00:00
2026-06-02 00:00:00;SO864627;C0024;CT002;322;2026-06-30 00:00:00;2026-07-01 00:00:00;2026-06-06 00:00:00;2026-06-07 00:00:00
2026-06-02 00:00:00;SO255238;C0018;CS002;472;2026-08-04 00:00:00;2026-08-06 00:00:00;2026-06-06 00:00:00;2026-06-08 00:00:00
2026-06-02 00:00:00;SO864627;C0024;CS001;413;2026-06-30 00:00:00;2026-06-30 00:00:00;2026-06-06 00:00:00;2026-06-06 00:00:00
2026-06-03 00:00:00;SO381321;C0014;CS003;927;2026-07-08 00:00:00;2026-07-02 00:00:00;2026-06-07 00:00:00;2026-06-01 00:00:00
2026-06-03 00:00:00;SO616818;C0006;CT003;966;2026-08-05 00:00:00;2026-07-30 00:00:00;2026-06-05 00:00:00;2026-05-30 00:00:00
2026-06-03 00:00:00;SO182706;C0029;VS002;534;2026-07-29 00:00:00;2026-07-23 00:00:00;2026-06-11 00:00:00;2026-06-05 00:00:00
2026-06-03 00:00:00;SO977156;C0023;CL001;890;2026-07-08 00:00:00;2026-07-09 00:00:00;2026-06-07 00:00:00;2026-06-08 00:00:00
2026-06-03 00:00:00;SO182706;C0029;AS002;1158;2026-07-29 00:00:00;2026-08-06 00:00:00;2026-06-11 00:00:00;2026-06-19 00:00:00
2026-06-03 00:00:00;SO616818;C0006;VS004;438;2026-08-05 00:00:00;2026-08-02 00:00:00;2026-06-05 00:00:00;2026-06-02 00:00:00
2026-06-03 00:00:00;SO616818;C0006;CT002;691;2026-08-05 00:00:00;2026-08-12 00:00:00;2026-06-05 00:00:00;2026-06-12 00:00:00
2026-06-03 00:00:00;SO381321;C0014;CT002;512;2026-07-08 00:00:00;2026-07-15 00:00:00;2026-06-07 00:00:00;2026-06-14 00:00:00
2026-06-03 00:00:00;SO616818;C0006;AL002;605;2026-08-05 00:00:00;2026-08-07 00:00:00;2026-06-05 00:00:00;2026-06-07 00:00:00
2026-06-03 00:00:00;SO616818;C0006;AS003;956;2026-08-05 00:00:00;2026-08-05 00:00:00;2026-06-05 00:00:00;2026-06-05 00:00:00
2026-06-03 00:00:00;SO182706;C0029;VS003;685;2026-07-29 00:00:00;2026-08-04 00:00:00;2026-06-11 00:00:00;2026-06-17 00:00:00
2026-06-03 00:00:00;SO381321;C0014;CT003;1344;2026-07-08 00:00:00;2026-07-04 00:00:00;2026-06-07 00:00:00;2026-06-03 00:00:00
2026-06-03 00:00:00;SO381321;C0014;CS001;1297;2026-07-08 00:00:00;2026-07-17 00:00:00;2026-06-07 00:00:00;2026-06-16 00:00:00
2026-06-03 00:00:00;SO977156;C0023;AS003;862;2026-07-08 00:00:00;2026-07-07 00:00:00;2026-06-07 00:00:00;2026-06-06 00:00:00
2026-06-03 00:00:00;SO182706;C0029;CS004;790;2026-07-29 00:00:00;2026-07-22 00:00:00;2026-06-11 00:00:00;2026-06-04 00:00:00
2026-06-03 00:00:00;SO381321;C0014;AT001;458;2026-07-08 00:00:00;2026-07-04 00:00:00;2026-06-07 00:00:00;2026-06-03 00:00:00
2026-06-04 00:00:00;SO421961;C0022;VS005;888;2026-07-16 00:00:00;2026-07-26 00:00:00;2026-06-08 00:00:00;2026-06-18 00:00:00
2026-06-04 00:00:00;SO323826;C0005;VS005;1252;2026-07-30 00:00:00;2026-07-31 00:00:00;2026-06-06 00:00:00;2026-06-07 00:00:00
2026-06-04 00:00:00;SO635606;C0010;AT002;643;2026-07-16 00:00:00;2026-07-18 00:00:00;2026-06-07 00:00:00;2026-06-09 00:00:00
2026-06-04 00:00:00;SO993243;C0015;VS002;1108;2026-07-16 00:00:00;2026-07-21 00:00:00;2026-06-08 00:00:00;2026-06-13 00:00:00
2026-06-04 00:00:00;SO993243;C0015;AS004;685;2026-07-16 00:00:00;2026-07-11 00:00:00;2026-06-08 00:00:00;2026-06-03 00:00:00
2026-06-04 00:00:00;SO323826;C0005;AT001;653;2026-07-30 00:00:00;2026-08-08 00:00:00;2026-06-06 00:00:00;2026-06-15 00:00:00
2026-06-04 00:00:00;SO993243;C0015;AS003;427;2026-07-16 00:00:00;2026-07-10 00:00:00;2026-06-08 00:00:00;2026-06-02 00:00:00
2026-06-04 00:00:00;SO635606;C0010;CT002;856;2026-07-16 00:00:00;2026-07-21 00:00:00;2026-06-07 00:00:00;2026-06-12 00:00:00
2026-06-04 00:00:00;SO635606;C0010;AS003;842;2026-07-16 00:00:00;2026-07-25 00:00:00;2026-06-07 00:00:00;2026-06-16 00:00:00
2026-06-04 00:00:00;SO993243;C0015;AT001;1022;2026-07-16 00:00:00;2026-07-19 00:00:00;2026-06-08 00:00:00;2026-06-11 00:00:00
2026-06-04 00:00:00;SO323826;C0005;VS004;689;2026-07-30 00:00:00;2026-07-29 00:00:00;2026-06-06 00:00:00;2026-06-05 00:00:00
2026-06-04 00:00:00;SO635606;C0010;VS004;1133;2026-07-16 00:00:00;2026-07-07 00:00:00;2026-06-07 00:00:00;2026-05-29 00:00:00
2026-06-05 00:00:00;SO275181;C0008;VS005;738;2026-07-31 00:00:00;2026-08-02 00:00:00;2026-06-08 00:00:00;2026-06-10 00:00:00
2026-06-05 00:00:00;SO618334;C0017;AS002;969;2026-07-31 00:00:00;2026-08-03 00:00:00;2026-06-09 00:00:00;2026-06-12 00:00:00
2026-06-05 00:00:00;SO642610;C0028;AS003;832;2026-06-19 00:00:00;2026-06-29 00:00:00;2026-06-13 00:00:00;2026-06-23 00:00:00
2026-06-05 00:00:00;SO642610;C0028;CS003;1152;2026-06-19 00:00:00;2026-06-22 00:00:00;2026-06-13 00:00:00;2026-06-16 00:00:00
2026-06-05 00:00:00;SO618334;C0017;VS005;880;2026-07-31 00:00:00;2026-07-29 00:00:00;2026-06-09 00:00:00;2026-06-07 00:00:00
2026-06-05 00:00:00;SO275181;C0008;CS001;783;2026-07-31 00:00:00;2026-07-28 00:00:00;2026-06-08 00:00:00;2026-06-05 00:00:00
2026-06-05 00:00:00;SO275181;C0008;AS004;1106;2026-07-31 00:00:00;2026-07-28 00:00:00;2026-06-08 00:00:00;2026-06-05 00:00:00
2026-06-05 00:00:00;SO275181;C0008;CS004;731;2026-07-31 00:00:00;2026-07-29 00:00:00;2026-06-08 00:00:00;2026-06-06 00:00:00
2026-06-05 00:00:00;SO618334;C0017;CT002;1135;2026-07-31 00:00:00;2026-07-30 00:00:00;2026-06-09 00:00:00;2026-06-08 00:00:00
2026-06-05 00:00:00;SO642610;C0028;CT003;1108;2026-06-19 00:00:00;2026-06-11 00:00:00;2026-06-13 00:00:00;2026-06-05 00:00:00
2026-06-05 00:00:00;SO642610;C0028;VS005;1153;2026-06-19 00:00:00;2026-06-21 00:00:00;2026-06-13 00:00:00;2026-06-15 00:00:00
2026-06-05 00:00:00;SO618334;C0017;VS003;889;2026-07-31 00:00:00;2026-07-21 00:00:00;2026-06-09 00:00:00;2026-05-30 00:00:00
2026-06-05 00:00:00;SO618334;C0017;AT001;686;2026-07-31 00:00:00;2026-07-30 00:00:00;2026-06-09 00:00:00;2026-06-08 00:00:00
2026-06-05 00:00:00;SO642610;C0028;VS002;600;2026-06-19 00:00:00;2026-06-14 00:00:00;2026-06-13 00:00:00;2026-06-08 00:00:00
2026-06-05 00:00:00;SO275181;C0008;VS003;1325;2026-07-31 00:00:00;2026-07-29 00:00:00;2026-06-08 00:00:00;2026-06-06 00:00:00
2026-06-08 00:00:00;SO453598;C0013;VS003;769;2026-07-06 00:00:00;2026-07-09 00:00:00;2026-06-12 00:00:00;2026-06-15 00:00:00
2026-06-08 00:00:00;SO405190;C0010;AT002;517;2026-07-20 00:00:00;2026-07-16 00:00:00;2026-06-11 00:00:00;2026-06-07 00:00:00
2026-06-08 00:00:00;SO405190;C0010;AL002;451;2026-07-20 00:00:00;2026-07-28 00:00:00;2026-06-11 00:00:00;2026-06-19 00:00:00
2026-06-08 00:00:00;SO453598;C0013;CT002;789;2026-07-06 00:00:00;2026-06-27 00:00:00;2026-06-12 00:00:00;2026-06-03 00:00:00
2026-06-08 00:00:00;SO453598;C0013;CS002;358;2026-07-06 00:00:00;2026-06-27 00:00:00;2026-06-12 00:00:00;2026-06-03 00:00:00
2026-06-08 00:00:00;SO453598;C0013;AS004;933;2026-07-06 00:00:00;2026-07-15 00:00:00;2026-06-12 00:00:00;2026-06-21 00:00:00
2026-06-08 00:00:00;SO405190;C0010;VS003;629;2026-07-20 00:00:00;2026-07-22 00:00:00;2026-06-11 00:00:00;2026-06-13 00:00:00
2026-06-08 00:00:00;SO405190;C0010;CS003;1008;2026-07-20 00:00:00;2026-07-14 00:00:00;2026-06-11 00:00:00;2026-06-05 00:00:00
2026-06-08 00:00:00;SO405190;C0010;CT002;666;2026-07-20 00:00:00;2026-07-21 00:00:00;2026-06-11 00:00:00;2026-06-12 00:00:00
2026-06-08 00:00:00;SO453598;C0013;AT002;549;2026-07-06 00:00:00;2026-07-11 00:00:00;2026-06-12 00:00:00;2026-06-17 00:00:00
2026-06-08 00:00:00;SO453598;C0013;AT001;666;2026-07-06 00:00:00;2026-07-10 00:00:00;2026-06-12 00:00:00;2026-06-16 00:00:00
2026-06-08 00:00:00;SO405190;C0010;CS004;374;2026-07-20 00:00:00;2026-07-17 00:00:00;2026-06-11 00:00:00;2026-06-08 00:00:00
2026-06-08 00:00:00;SO453598;C0013;VS002;530;2026-07-06 00:00:00;2026-07-02 00:00:00;2026-06-12 00:00:00;2026-06-08 00:00:00
2026-06-08 00:00:00;SO453598;C0013;VS004;942;2026-07-06 00:00:00;2026-07-03 00:00:00;2026-06-12 00:00:00;2026-06-09 00:00:00
2026-06-08 00:00:00;SO405190;C0010;CL001;701;2026-07-20 00:00:00;2026-07-24 00:00:00;2026-06-11 00:00:00;2026-06-15 00:00:00
2026-06-08 00:00:00;SO405190;C0010;CS002;496;2026-07-20 00:00:00;2026-07-12 00:00:00;2026-06-11 00:00:00;2026-06-03 00:00:00
2026-06-08 00:00:00;SO453598;C0013;CL001;832;2026-07-06 00:00:00;2026-07-11 00:00:00;2026-06-12 00:00:00;2026-06-17 00:00:00
2026-06-08 00:00:00;SO405190;C0010;CS001;1016;2026-07-20 00:00:00;2026-07-20 00:00:00;2026-06-11 00:00:00;2026-06-11 00:00:00
2026-06-08 00:00:00;SO453598;C0013;CS001;620;2026-07-06 00:00:00;2026-06-30 00:00:00;2026-06-12 00:00:00;2026-06-06 00:00:00
2026-06-08 00:00:00;SO453598;C0013;AL002;581;2026-07-06 00:00:00;2026-07-02 00:00:00;2026-06-12 00:00:00;2026-06-08 00:00:00
2026-06-09 00:00:00;SO564098;C0018;CS003;1146;2026-08-11 00:00:00;2026-08-12 00:00:00;2026-06-13 00:00:00;2026-06-14 00:00:00
2026-06-09 00:00:00;SO139724;C0009;CT002;845;2026-06-23 00:00:00;2026-06-22 00:00:00;2026-06-12 00:00:00;2026-06-11 00:00:00
2026-06-09 00:00:00;SO730924;C0012;CT003;568;2026-07-07 00:00:00;2026-07-09 00:00:00;2026-06-12 00:00:00;2026-06-14 00:00:00
2026-06-09 00:00:00;SO730924;C0012;CT002;1223;2026-07-07 00:00:00;2026-07-12 00:00:00;2026-06-12 00:00:00;2026-06-17 00:00:00
2026-06-09 00:00:00;SO139724;C0009;CS003;701;2026-06-23 00:00:00;2026-06-27 00:00:00;2026-06-12 00:00:00;2026-06-16 00:00:00
2026-06-09 00:00:00;SO139724;C0009;VS002;492;2026-06-23 00:00:00;2026-06-23 00:00:00;2026-06-12 00:00:00;2026-06-12 00:00:00
2026-06-09 00:00:00;SO730924;C0012;AL002;902;2026-07-07 00:00:00;2026-07-03 00:00:00;2026-06-12 00:00:00;2026-06-08 00:00:00
2026-06-09 00:00:00;SO139724;C0009;AS002;1108;2026-06-23 00:00:00;2026-06-27 00:00:00;2026-06-12 00:00:00;2026-06-16 00:00:00
2026-06-09 00:00:00;SO730924;C0012;AS004;1025;2026-07-07 00:00:00;2026-07-01 00:00:00;2026-06-12 00:00:00;2026-06-06 00:00:00
2026-06-09 00:00:00;SO139724;C0009;AS003;657;2026-06-23 00:00:00;2026-07-01 00:00:00;2026-06-12 00:00:00;2026-06-20 00:00:00
2026-06-09 00:00:00;SO730924;C0012;CS003;563;2026-07-07 00:00:00;2026-06-29 00:00:00;2026-06-12 00:00:00;2026-06-04 00:00:00
2026-06-09 00:00:00;SO564098;C0018;VS002;1120;2026-08-11 00:00:00;2026-08-06 00:00:00;2026-06-13 00:00:00;2026-06-08 00:00:00
2026-06-09 00:00:00;SO730924;C0012;CL001;1212;2026-07-07 00:00:00;2026-07-04 00:00:00;2026-06-12 00:00:00;2026-06-09 00:00:00
2026-06-09 00:00:00;SO139724;C0009;AT001;897;2026-06-23 00:00:00;2026-06-29 00:00:00;2026-06-12 00:00:00;2026-06-18 00:00:00
2026-06-09 00:00:00;SO564098;C0018;VS004;776;2026-08-11 00:00:00;2026-08-18 00:00:00;2026-06-13 00:00:00;2026-06-20 00:00:00
2026-06-09 00:00:00;SO564098;C0018;CS001;699;2026-08-11 00:00:00;2026-08-18 00:00:00;2026-06-13 00:00:00;2026-06-20 00:00:00
2026-06-09 00:00:00;SO730924;C0012;AT001;1013;2026-07-07 00:00:00;2026-07-03 00:00:00;2026-06-12 00:00:00;2026-06-08 00:00:00
2026-06-09 00:00:00;SO564098;C0018;AT002;455;2026-08-11 00:00:00;2026-08-12 00:00:00;2026-06-13 00:00:00;2026-06-14 00:00:00
2026-06-09 00:00:00;SO139724;C0009;CS004;694;2026-06-23 00:00:00;2026-06-19 00:00:00;2026-06-12 00:00:00;2026-06-08 00:00:00
2026-06-09 00:00:00;SO139724;C0009;VS004;954;2026-06-23 00:00:00;2026-06-17 00:00:00;2026-06-12 00:00:00;2026-06-06 00:00:00
2026-06-10 00:00:00;SO121577;C0009;AS003;561;2026-06-24 00:00:00;2026-07-04 00:00:00;2026-06-13 00:00:00;2026-06-23 00:00:00
2026-06-10 00:00:00;SO971422;C0020;CS002;648;2026-08-05 00:00:00;2026-07-30 00:00:00;2026-06-14 00:00:00;2026-06-08 00:00:00
2026-06-10 00:00:00;SO971422;C0020;CS001;1056;2026-08-05 00:00:00;2026-08-09 00:00:00;2026-06-14 00:00:00;2026-06-18 00:00:00
2026-06-10 00:00:00;SO971422;C0020;CS004;1079;2026-08-05 00:00:00;2026-08-14 00:00:00;2026-06-14 00:00:00;2026-06-23 00:00:00
2026-06-10 00:00:00;SO121577;C0009;CT003;906;2026-06-24 00:00:00;2026-06-29 00:00:00;2026-06-13 00:00:00;2026-06-18 00:00:00
2026-06-10 00:00:00;SO971422;C0020;CT002;862;2026-08-05 00:00:00;2026-07-26 00:00:00;2026-06-14 00:00:00;2026-06-04 00:00:00
2026-06-10 00:00:00;SO121577;C0009;VS004;850;2026-06-24 00:00:00;2026-06-19 00:00:00;2026-06-13 00:00:00;2026-06-08 00:00:00
2026-06-10 00:00:00;SO121577;C0009;AL002;643;2026-06-24 00:00:00;2026-06-27 00:00:00;2026-06-13 00:00:00;2026-06-16 00:00:00
2026-06-10 00:00:00;SO971422;C0020;AL002;912;2026-08-05 00:00:00;2026-08-04 00:00:00;2026-06-14 00:00:00;2026-06-13 00:00:00
2026-06-10 00:00:00;SO971422;C0020;CS003;758;2026-08-05 00:00:00;2026-08-02 00:00:00;2026-06-14 00:00:00;2026-06-11 00:00:00
2026-06-10 00:00:00;SO121577;C0009;CS003;687;2026-06-24 00:00:00;2026-06-27 00:00:00;2026-06-13 00:00:00;2026-06-16 00:00:00
2026-06-10 00:00:00;SO971422;C0020;AS002;940;2026-08-05 00:00:00;2026-08-03 00:00:00;2026-06-14 00:00:00;2026-06-12 00:00:00
2026-06-10 00:00:00;SO971422;C0020;AS004;703;2026-08-05 00:00:00;2026-08-13 00:00:00;2026-06-14 00:00:00;2026-06-22 00:00:00
2026-06-10 00:00:00;SO971422;C0020;VS005;625;2026-08-05 00:00:00;2026-07-31 00:00:00;2026-06-14 00:00:00;2026-06-09 00:00:00
2026-06-10 00:00:00;SO971422;C0020;VS003;1086;2026-08-05 00:00:00;2026-07-31 00:00:00;2026-06-14 00:00:00;2026-06-09 00:00:00
2026-06-10 00:00:00;SO971422;C0020;AT001;379;2026-08-05 00:00:00;2026-08-04 00:00:00;2026-06-14 00:00:00;2026-06-13 00:00:00
2026-06-10 00:00:00;SO121577;C0009;CS004;1040;2026-06-24 00:00:00;2026-06-15 00:00:00;2026-06-13 00:00:00;2026-06-04 00:00:00
2026-06-10 00:00:00;SO121577;C0009;AT002;408;2026-06-24 00:00:00;2026-06-28 00:00:00;2026-06-13 00:00:00;2026-06-17 00:00:00
2026-06-10 00:00:00;SO971422;C0020;VS002;757;2026-08-05 00:00:00;2026-08-08 00:00:00;2026-06-14 00:00:00;2026-06-17 00:00:00
2026-06-10 00:00:00;SO971422;C0020;AS003;1297;2026-08-05 00:00:00;2026-08-06 00:00:00;2026-06-14 00:00:00;2026-06-15 00:00:00
2026-06-11 00:00:00;SO961952;C0013;CS004;1107;2026-07-09 00:00:00;2026-07-02 00:00:00;2026-06-15 00:00:00;2026-06-08 00:00:00
2026-06-11 00:00:00;SO153391;C0029;CS002;720;2026-08-06 00:00:00;2026-07-30 00:00:00;2026-06-19 00:00:00;2026-06-12 00:00:00
2026-06-11 00:00:00;SO961952;C0013;CT003;1178;2026-07-09 00:00:00;2026-07-13 00:00:00;2026-06-15 00:00:00;2026-06-19 00:00:00
2026-06-11 00:00:00;SO153391;C0029;AT002;1075;2026-08-06 00:00:00;2026-07-28 00:00:00;2026-06-19 00:00:00;2026-06-10 00:00:00
2026-06-11 00:00:00;SO153391;C0029;CL001;876;2026-08-06 00:00:00;2026-08-16 00:00:00;2026-06-19 00:00:00;2026-06-29 00:00:00
2026-06-11 00:00:00;SO961952;C0013;CS003;380;2026-07-09 00:00:00;2026-07-10 00:00:00;2026-06-15 00:00:00;2026-06-16 00:00:00
2026-06-11 00:00:00;SO961952;C0013;VS003;473;2026-07-09 00:00:00;2026-07-10 00:00:00;2026-06-15 00:00:00;2026-06-16 00:00:00
2026-06-11 00:00:00;SO153391;C0029;CS004;946;2026-08-06 00:00:00;2026-08-02 00:00:00;2026-06-19 00:00:00;2026-06-15 00:00:00
2026-06-11 00:00:00;SO153391;C0029;CS003;578;2026-08-06 00:00:00;2026-08-09 00:00:00;2026-06-19 00:00:00;2026-06-22 00:00:00
2026-06-11 00:00:00;SO153391;C0029;AS003;946;2026-08-06 00:00:00;2026-08-11 00:00:00;2026-06-19 00:00:00;2026-06-24 00:00:00
2026-06-11 00:00:00;SO153391;C0029;VS002;747;2026-08-06 00:00:00;2026-08-09 00:00:00;2026-06-19 00:00:00;2026-06-22 00:00:00
2026-06-11 00:00:00;SO961952;C0013;CS001;605;2026-07-09 00:00:00;2026-07-06 00:00:00;2026-06-15 00:00:00;2026-06-12 00:00:00
2026-06-11 00:00:00;SO153391;C0029;AS004;1368;2026-08-06 00:00:00;2026-08-16 00:00:00;2026-06-19 00:00:00;2026-06-29 00:00:00
2026-06-12 00:00:00;SO605846;C0016;CS003;571;2026-06-26 00:00:00;2026-06-21 00:00:00;2026-06-16 00:00:00;2026-06-11 00:00:00
2026-06-12 00:00:00;SO923586;C0025;VS003;1133;2026-07-10 00:00:00;2026-07-10 00:00:00;2026-06-20 00:00:00;2026-06-20 00:00:00
2026-06-12 00:00:00;SO608111;C0003;VS003;439;2026-07-24 00:00:00;2026-08-03 00:00:00;2026-06-14 00:00:00;2026-06-24 00:00:00
2026-06-12 00:00:00;SO605846;C0016;AS003;1087;2026-06-26 00:00:00;2026-06-17 00:00:00;2026-06-16 00:00:00;2026-06-07 00:00:00
2026-06-12 00:00:00;SO923586;C0025;CS003;1023;2026-07-10 00:00:00;2026-07-15 00:00:00;2026-06-20 00:00:00;2026-06-25 00:00:00
2026-06-12 00:00:00;SO923586;C0025;AT001;741;2026-07-10 00:00:00;2026-07-09 00:00:00;2026-06-20 00:00:00;2026-06-19 00:00:00
2026-06-12 00:00:00;SO605846;C0016;CS002;328;2026-06-26 00:00:00;2026-06-30 00:00:00;2026-06-16 00:00:00;2026-06-20 00:00:00
2026-06-12 00:00:00;SO923586;C0025;AL002;1145;2026-07-10 00:00:00;2026-07-19 00:00:00;2026-06-20 00:00:00;2026-06-29 00:00:00
2026-06-12 00:00:00;SO608111;C0003;AS003;741;2026-07-24 00:00:00;2026-08-02 00:00:00;2026-06-14 00:00:00;2026-06-23 00:00:00
2026-06-12 00:00:00;SO605846;C0016;VS005;987;2026-06-26 00:00:00;2026-06-30 00:00:00;2026-06-16 00:00:00;2026-06-20 00:00:00
2026-06-12 00:00:00;SO923586;C0025;CS002;925;2026-07-10 00:00:00;2026-07-12 00:00:00;2026-06-20 00:00:00;2026-06-22 00:00:00
2026-06-12 00:00:00;SO605846;C0016;CL001;819;2026-06-26 00:00:00;2026-06-23 00:00:00;2026-06-16 00:00:00;2026-06-13 00:00:00
2026-06-15 00:00:00;SO800777;C0009;CS004;767;2026-06-29 00:00:00;2026-06-19 00:00:00;2026-06-18 00:00:00;2026-06-08 00:00:00
2026-06-15 00:00:00;SO709727;C0010;AT002;596;2026-07-27 00:00:00;2026-07-21 00:00:00;2026-06-18 00:00:00;2026-06-12 00:00:00
2026-06-15 00:00:00;SO638976;C0001;CL001;615;2026-07-13 00:00:00;2026-07-08 00:00:00;2026-06-17 00:00:00;2026-06-12 00:00:00
2026-06-15 00:00:00;SO852596;C0020;VS005;592;2026-08-10 00:00:00;2026-08-09 00:00:00;2026-06-19 00:00:00;2026-06-18 00:00:00
2026-06-15 00:00:00;SO709727;C0010;CL001;543;2026-07-27 00:00:00;2026-07-19 00:00:00;2026-06-18 00:00:00;2026-06-10 00:00:00
2026-06-15 00:00:00;SO800777;C0009;VS002;562;2026-06-29 00:00:00;2026-06-29 00:00:00;2026-06-18 00:00:00;2026-06-18 00:00:00
2026-06-15 00:00:00;SO800777;C0009;VS005;1210;2026-06-29 00:00:00;2026-07-05 00:00:00;2026-06-18 00:00:00;2026-06-24 00:00:00
2026-06-15 00:00:00;SO709727;C0010;CS004;623;2026-07-27 00:00:00;2026-08-04 00:00:00;2026-06-18 00:00:00;2026-06-26 00:00:00
2026-06-15 00:00:00;SO638976;C0001;CS003;1178;2026-07-13 00:00:00;2026-07-08 00:00:00;2026-06-17 00:00:00;2026-06-12 00:00:00
2026-06-15 00:00:00;SO709727;C0010;VS004;301;2026-07-27 00:00:00;2026-08-02 00:00:00;2026-06-18 00:00:00;2026-06-24 00:00:00
2026-06-15 00:00:00;SO638976;C0001;CT003;661;2026-07-13 00:00:00;2026-07-14 00:00:00;2026-06-17 00:00:00;2026-06-18 00:00:00
2026-06-15 00:00:00;SO852596;C0020;CT002;591;2026-08-10 00:00:00;2026-08-18 00:00:00;2026-06-19 00:00:00;2026-06-27 00:00:00
2026-06-15 00:00:00;SO709727;C0010;AT001;1114;2026-07-27 00:00:00;2026-07-22 00:00:00;2026-06-18 00:00:00;2026-06-13 00:00:00
2026-06-15 00:00:00;SO852596;C0020;AS004;625;2026-08-10 00:00:00;2026-08-08 00:00:00;2026-06-19 00:00:00;2026-06-17 00:00:00
2026-06-16 00:00:00;SO832914;C0015;CS002;1245;2026-07-28 00:00:00;2026-07-29 00:00:00;2026-06-20 00:00:00;2026-06-21 00:00:00
2026-06-16 00:00:00;SO326067;C0019;CT003;659;2026-08-18 00:00:00;2026-08-27 00:00:00;2026-06-20 00:00:00;2026-06-29 00:00:00
2026-06-16 00:00:00;SO862374;C0005;CT003;467;2026-08-11 00:00:00;2026-08-03 00:00:00;2026-06-18 00:00:00;2026-06-10 00:00:00
2026-06-16 00:00:00;SO131838;C0027;CS004;665;2026-07-28 00:00:00;2026-07-23 00:00:00;2026-06-24 00:00:00;2026-06-19 00:00:00
2026-06-16 00:00:00;SO131838;C0027;CS002;533;2026-07-28 00:00:00;2026-08-04 00:00:00;2026-06-24 00:00:00;2026-07-01 00:00:00
2026-06-16 00:00:00;SO131838;C0027;CT002;713;2026-07-28 00:00:00;2026-07-19 00:00:00;2026-06-24 00:00:00;2026-06-15 00:00:00
2026-06-16 00:00:00;SO131838;C0027;VS003;436;2026-07-28 00:00:00;2026-08-01 00:00:00;2026-06-24 00:00:00;2026-06-28 00:00:00
2026-06-16 00:00:00;SO862374;C0005;VS004;1367;2026-08-11 00:00:00;2026-08-18 00:00:00;2026-06-18 00:00:00;2026-06-25 00:00:00
2026-06-16 00:00:00;SO131838;C0027;AS002;1072;2026-07-28 00:00:00;2026-07-18 00:00:00;2026-06-24 00:00:00;2026-06-14 00:00:00
2026-06-16 00:00:00;SO131838;C0027;CL001;382;2026-07-28 00:00:00;2026-07-23 00:00:00;2026-06-24 00:00:00;2026-06-19 00:00:00
2026-06-16 00:00:00;SO862374;C0005;CS001;406;2026-08-11 00:00:00;2026-08-12 00:00:00;2026-06-18 00:00:00;2026-06-19 00:00:00
2026-06-16 00:00:00;SO326067;C0019;AS003;1072;2026-08-18 00:00:00;2026-08-18 00:00:00;2026-06-20 00:00:00;2026-06-20 00:00:00
2026-06-17 00:00:00;SO931727;C0019;CT003;950;2026-08-19 00:00:00;2026-08-21 00:00:00;2026-06-21 00:00:00;2026-06-23 00:00:00
2026-06-17 00:00:00;SO812199;C0008;CS001;1252;2026-08-12 00:00:00;2026-08-02 00:00:00;2026-06-20 00:00:00;2026-06-10 00:00:00
2026-06-17 00:00:00;SO916933;C0007;VS005;1086;2026-08-19 00:00:00;2026-08-14 00:00:00;2026-06-20 00:00:00;2026-06-15 00:00:00
2026-06-17 00:00:00;SO206249;C0029;CT003;491;2026-08-12 00:00:00;2026-08-02 00:00:00;2026-06-25 00:00:00;2026-06-15 00:00:00
2026-06-17 00:00:00;SO812199;C0008;CL001;968;2026-08-12 00:00:00;2026-08-07 00:00:00;2026-06-20 00:00:00;2026-06-15 00:00:00
2026-06-17 00:00:00;SO916933;C0007;VS003;769;2026-08-19 00:00:00;2026-08-09 00:00:00;2026-06-20 00:00:00;2026-06-10 00:00:00
2026-06-17 00:00:00;SO916933;C0007;CS004;739;2026-08-19 00:00:00;2026-08-16 00:00:00;2026-06-20 00:00:00;2026-06-17 00:00:00
2026-06-17 00:00:00;SO931727;C0019;CL001;909;2026-08-19 00:00:00;2026-08-28 00:00:00;2026-06-21 00:00:00;2026-06-30 00:00:00
2026-06-17 00:00:00;SO931727;C0019;VS002;1029;2026-08-19 00:00:00;2026-08-11 00:00:00;2026-06-21 00:00:00;2026-06-13 00:00:00
2026-06-17 00:00:00;SO916933;C0007;CT003;1115;2026-08-19 00:00:00;2026-08-15 00:00:00;2026-06-20 00:00:00;2026-06-16 00:00:00
2026-06-17 00:00:00;SO206249;C0029;AT001;427;2026-08-12 00:00:00;2026-08-22 00:00:00;2026-06-25 00:00:00;2026-07-05 00:00:00
2026-06-17 00:00:00;SO931727;C0019;AS004;1119;2026-08-19 00:00:00;2026-08-21 00:00:00;2026-06-21 00:00:00;2026-06-23 00:00:00
2026-06-17 00:00:00;SO916933;C0007;CS001;1190;2026-08-19 00:00:00;2026-08-25 00:00:00;2026-06-20 00:00:00;2026-06-26 00:00:00
2026-06-17 00:00:00;SO931727;C0019;CS002;980;2026-08-19 00:00:00;2026-08-15 00:00:00;2026-06-21 00:00:00;2026-06-17 00:00:00
2026-06-17 00:00:00;SO206249;C0029;CL001;1017;2026-08-12 00:00:00;2026-08-17 00:00:00;2026-06-25 00:00:00;2026-06-30 00:00:00
2026-06-17 00:00:00;SO916933;C0007;CL001;926;2026-08-19 00:00:00;2026-08-19 00:00:00;2026-06-20 00:00:00;2026-06-20 00:00:00
2026-06-17 00:00:00;SO812199;C0008;CS002;424;2026-08-12 00:00:00;2026-08-21 00:00:00;2026-06-20 00:00:00;2026-06-29 00:00:00
2026-06-18 00:00:00;SO769152;C0015;CT003;1229;2026-07-30 00:00:00;2026-07-22 00:00:00;2026-06-22 00:00:00;2026-06-14 00:00:00
2026-06-18 00:00:00;SO134066;C0020;VS004;990;2026-08-13 00:00:00;2026-08-16 00:00:00;2026-06-22 00:00:00;2026-06-25 00:00:00
2026-06-18 00:00:00;SO494562;C0003;AT001;747;2026-07-30 00:00:00;2026-08-03 00:00:00;2026-06-20 00:00:00;2026-06-24 00:00:00
2026-06-18 00:00:00;SO132821;C0011;CS004;571;2026-07-23 00:00:00;2026-08-01 00:00:00;2026-06-21 00:00:00;2026-06-30 00:00:00
2026-06-18 00:00:00;SO769152;C0015;AS003;903;2026-07-30 00:00:00;2026-07-29 00:00:00;2026-06-22 00:00:00;2026-06-21 00:00:00
2026-06-18 00:00:00;SO494562;C0003;CS003;832;2026-07-30 00:00:00;2026-07-22 00:00:00;2026-06-20 00:00:00;2026-06-12 00:00:00
2026-06-18 00:00:00;SO769152;C0015;CS002;952;2026-07-30 00:00:00;2026-07-22 00:00:00;2026-06-22 00:00:00;2026-06-14 00:00:00
2026-06-18 00:00:00;SO134066;C0020;AS002;715;2026-08-13 00:00:00;2026-08-10 00:00:00;2026-06-22 00:00:00;2026-06-19 00:00:00
2026-06-18 00:00:00;SO134066;C0020;AT001;467;2026-08-13 00:00:00;2026-08-06 00:00:00;2026-06-22 00:00:00;2026-06-15 00:00:00
2026-06-18 00:00:00;SO134066;C0020;VS002;791;2026-08-13 00:00:00;2026-08-21 00:00:00;2026-06-22 00:00:00;2026-06-30 00:00:00
2026-06-18 00:00:00;SO769152;C0015;VS002;568;2026-07-30 00:00:00;2026-07-27 00:00:00;2026-06-22 00:00:00;2026-06-19 00:00:00
2026-06-18 00:00:00;SO494562;C0003;CL001;805;2026-07-30 00:00:00;2026-08-06 00:00:00;2026-06-20 00:00:00;2026-06-27 00:00:00
2026-06-18 00:00:00;SO134066;C0020;AS003;729;2026-08-13 00:00:00;2026-08-03 00:00:00;2026-06-22 00:00:00;2026-06-12 00:00:00
2026-06-18 00:00:00;SO769152;C0015;CL001;519;2026-07-30 00:00:00;2026-07-21 00:00:00;2026-06-22 00:00:00;2026-06-13 00:00:00
2026-06-18 00:00:00;SO494562;C0003;VS004;1008;2026-07-30 00:00:00;2026-08-03 00:00:00;2026-06-20 00:00:00;2026-06-24 00:00:00
2026-06-18 00:00:00;SO494562;C0003;AT002;658;2026-07-30 00:00:00;2026-07-26 00:00:00;2026-06-20 00:00:00;2026-06-16 00:00:00
2026-06-18 00:00:00;SO769152;C0015;AT001;344;2026-07-30 00:00:00;2026-07-30 00:00:00;2026-06-22 00:00:00;2026-06-22 00:00:00
2026-06-19 00:00:00;SO368760;C0018;VS004;912;2026-08-21 00:00:00;2026-08-24 00:00:00;2026-06-23 00:00:00;2026-06-26 00:00:00
2026-06-19 00:00:00;SO898605;C0028;AT001;1342;2026-07-03 00:00:00;2026-07-05 00:00:00;2026-06-27 00:00:00;2026-06-29 00:00:00
2026-06-19 00:00:00;SO748124;C0002;CT003;713;2026-07-24 00:00:00;2026-08-01 00:00:00;2026-06-21 00:00:00;2026-06-29 00:00:00
2026-06-19 00:00:00;SO368760;C0018;CS002;408;2026-08-21 00:00:00;2026-08-16 00:00:00;2026-06-23 00:00:00;2026-06-18 00:00:00
2026-06-19 00:00:00;SO368760;C0018;AS004;576;2026-08-21 00:00:00;2026-08-18 00:00:00;2026-06-23 00:00:00;2026-06-20 00:00:00
2026-06-19 00:00:00;SO368760;C0018;AS003;814;2026-08-21 00:00:00;2026-08-17 00:00:00;2026-06-23 00:00:00;2026-06-19 00:00:00
2026-06-19 00:00:00;SO898605;C0028;AL002;337;2026-07-03 00:00:00;2026-07-11 00:00:00;2026-06-27 00:00:00;2026-07-05 00:00:00
2026-06-19 00:00:00;SO748124;C0002;CS003;785;2026-07-24 00:00:00;2026-07-21 00:00:00;2026-06-21 00:00:00;2026-06-18 00:00:00
2026-06-19 00:00:00;SO898605;C0028;CS004;548;2026-07-03 00:00:00;2026-06-29 00:00:00;2026-06-27 00:00:00;2026-06-23 00:00:00
2026-06-19 00:00:00;SO898605;C0028;CS001;1122;2026-07-03 00:00:00;2026-07-02 00:00:00;2026-06-27 00:00:00;2026-06-26 00:00:00
2026-06-19 00:00:00;SO898605;C0028;VS005;912;2026-07-03 00:00:00;2026-07-12 00:00:00;2026-06-27 00:00:00;2026-07-06 00:00:00
2026-06-19 00:00:00;SO748124;C0002;CS001;996;2026-07-24 00:00:00;2026-07-23 00:00:00;2026-06-21 00:00:00;2026-06-20 00:00:00
2026-06-22 00:00:00;SO640762;C0008;VS005;933;2026-08-17 00:00:00;2026-08-09 00:00:00;2026-06-25 00:00:00;2026-06-17 00:00:00
2026-06-22 00:00:00;SO575572;C0004;CT003;961;2026-07-06 00:00:00;2026-07-02 00:00:00;2026-06-24 00:00:00;2026-06-20 00:00:00
2026-06-22 00:00:00;SO575572;C0004;CL001;1001;2026-07-06 00:00:00;2026-07-03 00:00:00;2026-06-24 00:00:00;2026-06-21 00:00:00
2026-06-22 00:00:00;SO640762;C0008;AS004;583;2026-08-17 00:00:00;2026-08-23 00:00:00;2026-06-25 00:00:00;2026-07-01 00:00:00
2026-06-22 00:00:00;SO640762;C0008;CT003;1300;2026-08-17 00:00:00;2026-08-22 00:00:00;2026-06-25 00:00:00;2026-06-30 00:00:00
2026-06-22 00:00:00;SO575572;C0004;VS002;935;2026-07-06 00:00:00;2026-07-02 00:00:00;2026-06-24 00:00:00;2026-06-20 00:00:00
2026-06-22 00:00:00;SO575572;C0004;AS002;725;2026-07-06 00:00:00;2026-07-12 00:00:00;2026-06-24 00:00:00;2026-06-30 00:00:00
2026-06-22 00:00:00;SO575572;C0004;AS004;703;2026-07-06 00:00:00;2026-07-05 00:00:00;2026-06-24 00:00:00;2026-06-23 00:00:00
2026-06-22 00:00:00;SO640762;C0008;AS002;769;2026-08-17 00:00:00;2026-08-27 00:00:00;2026-06-25 00:00:00;2026-07-05 00:00:00
2026-06-22 00:00:00;SO640762;C0008;AT001;506;2026-08-17 00:00:00;2026-08-14 00:00:00;2026-06-25 00:00:00;2026-06-22 00:00:00
2026-06-22 00:00:00;SO575572;C0004;CS001;533;2026-07-06 00:00:00;2026-07-09 00:00:00;2026-06-24 00:00:00;2026-06-27 00:00:00
2026-06-22 00:00:00;SO575572;C0004;VS003;1437;2026-07-06 00:00:00;2026-07-13 00:00:00;2026-06-24 00:00:00;2026-07-01 00:00:00
2026-06-22 00:00:00;SO575572;C0004;CS002;1007;2026-07-06 00:00:00;2026-06-29 00:00:00;2026-06-24 00:00:00;2026-06-17 00:00:00
2026-06-23 00:00:00;SO975991;C0006;CL001;1106;2026-08-25 00:00:00;2026-08-22 00:00:00;2026-06-25 00:00:00;2026-06-22 00:00:00
2026-06-23 00:00:00;SO287375;C0029;CS004;918;2026-08-18 00:00:00;2026-08-25 00:00:00;2026-07-01 00:00:00;2026-07-08 00:00:00
2026-06-23 00:00:00;SO975991;C0006;AS004;832;2026-08-25 00:00:00;2026-09-03 00:00:00;2026-06-25 00:00:00;2026-07-04 00:00:00
2026-06-23 00:00:00;SO975991;C0006;AS002;1399;2026-08-25 00:00:00;2026-08-21 00:00:00;2026-06-25 00:00:00;2026-06-21 00:00:00
2026-06-23 00:00:00;SO287375;C0029;CS002;1072;2026-08-18 00:00:00;2026-08-17 00:00:00;2026-07-01 00:00:00;2026-06-30 00:00:00
2026-06-23 00:00:00;SO975991;C0006;CT002;689;2026-08-25 00:00:00;2026-08-25 00:00:00;2026-06-25 00:00:00;2026-06-25 00:00:00
2026-06-23 00:00:00;SO975991;C0006;AS003;521;2026-08-25 00:00:00;2026-08-28 00:00:00;2026-06-25 00:00:00;2026-06-28 00:00:00
2026-06-23 00:00:00;SO287375;C0029;VS005;888;2026-08-18 00:00:00;2026-08-09 00:00:00;2026-07-01 00:00:00;2026-06-22 00:00:00
2026-06-23 00:00:00;SO287375;C0029;AS003;377;2026-08-18 00:00:00;2026-08-25 00:00:00;2026-07-01 00:00:00;2026-07-08 00:00:00
2026-06-23 00:00:00;SO975991;C0006;CS001;954;2026-08-25 00:00:00;2026-08-26 00:00:00;2026-06-25 00:00:00;2026-06-26 00:00:00
2026-06-23 00:00:00;SO975991;C0006;CS002;1001;2026-08-25 00:00:00;2026-08-31 00:00:00;2026-06-25 00:00:00;2026-07-01 00:00:00
2026-06-23 00:00:00;SO975991;C0006;VS002;958;2026-08-25 00:00:00;2026-09-01 00:00:00;2026-06-25 00:00:00;2026-07-02 00:00:00
2026-06-23 00:00:00;SO287375;C0029;VS002;432;2026-08-18 00:00:00;2026-08-09 00:00:00;2026-07-01 00:00:00;2026-06-22 00:00:00
2026-06-23 00:00:00;SO287375;C0029;VS003;408;2026-08-18 00:00:00;2026-08-27 00:00:00;2026-07-01 00:00:00;2026-07-10 00:00:00
2026-06-23 00:00:00;SO287375;C0029;AT002;850;2026-08-18 00:00:00;2026-08-09 00:00:00;2026-07-01 00:00:00;2026-06-22 00:00:00
2026-06-23 00:00:00;SO975991;C0006;AT002;836;2026-08-25 00:00:00;2026-08-28 00:00:00;2026-06-25 00:00:00;2026-06-28 00:00:00
2026-06-23 00:00:00;SO287375;C0029;AS002;439;2026-08-18 00:00:00;2026-08-08 00:00:00;2026-07-01 00:00:00;2026-06-21 00:00:00
2026-06-23 00:00:00;SO287375;C0029;VS004;864;2026-08-18 00:00:00;2026-08-21 00:00:00;2026-07-01 00:00:00;2026-07-04 00:00:00
2026-06-23 00:00:00;SO287375;C0029;CS001;687;2026-08-18 00:00:00;2026-08-26 00:00:00;2026-07-01 00:00:00;2026-07-09 00:00:00
2026-06-24 00:00:00;SO226958;C0009;AS002;500;2026-07-08 00:00:00;2026-06-30 00:00:00;2026-06-27 00:00:00;2026-06-19 00:00:00
2026-06-24 00:00:00;SO291804;C0015;CS001;614;2026-08-05 00:00:00;2026-08-12 00:00:00;2026-06-28 00:00:00;2026-07-05 00:00:00
2026-06-24 00:00:00;SO742444;C0030;CS001;316;2026-08-26 00:00:00;2026-08-20 00:00:00;2026-07-02 00:00:00;2026-06-26 00:00:00
2026-06-24 00:00:00;SO742444;C0030;AT001;1035;2026-08-26 00:00:00;2026-08-31 00:00:00;2026-07-02 00:00:00;2026-07-07 00:00:00
2026-06-24 00:00:00;SO291804;C0015;VS003;602;2026-08-05 00:00:00;2026-08-06 00:00:00;2026-06-28 00:00:00;2026-06-29 00:00:00
2026-06-24 00:00:00;SO291804;C0015;CT002;292;2026-08-05 00:00:00;2026-08-03 00:00:00;2026-06-28 00:00:00;2026-06-26 00:00:00
2026-06-24 00:00:00;SO742444;C0030;VS004;859;2026-08-26 00:00:00;2026-08-21 00:00:00;2026-07-02 00:00:00;2026-06-27 00:00:00
2026-06-24 00:00:00;SO226958;C0009;AT002;769;2026-07-08 00:00:00;2026-07-04 00:00:00;2026-06-27 00:00:00;2026-06-23 00:00:00
2026-06-24 00:00:00;SO226958;C0009;CT003;538;2026-07-08 00:00:00;2026-06-30 00:00:00;2026-06-27 00:00:00;2026-06-19 00:00:00
2026-06-24 00:00:00;SO291804;C0015;VS005;460;2026-08-05 00:00:00;2026-07-29 00:00:00;2026-06-28 00:00:00;2026-06-21 00:00:00
2026-06-24 00:00:00;SO742444;C0030;AS002;870;2026-08-26 00:00:00;2026-08-23 00:00:00;2026-07-02 00:00:00;2026-06-29 00:00:00
2026-06-24 00:00:00;SO291804;C0015;CT003;391;2026-08-05 00:00:00;2026-08-02 00:00:00;2026-06-28 00:00:00;2026-06-25 00:00:00
2026-06-24 00:00:00;SO742444;C0030;CS004;389;2026-08-26 00:00:00;2026-08-19 00:00:00;2026-07-02 00:00:00;2026-06-25 00:00:00
2026-06-25 00:00:00;SO901481;C0024;CS004;360;2026-07-23 00:00:00;2026-07-26 00:00:00;2026-06-29 00:00:00;2026-07-02 00:00:00
2026-06-25 00:00:00;SO966562;C0030;AT002;889;2026-08-27 00:00:00;2026-08-29 00:00:00;2026-07-03 00:00:00;2026-07-05 00:00:00
2026-06-25 00:00:00;SO901481;C0024;VS005;1048;2026-07-23 00:00:00;2026-07-13 00:00:00;2026-06-29 00:00:00;2026-06-19 00:00:00
2026-06-25 00:00:00;SO966562;C0030;CS004;644;2026-08-27 00:00:00;2026-08-25 00:00:00;2026-07-03 00:00:00;2026-07-01 00:00:00
2026-06-25 00:00:00;SO966562;C0030;VS004;814;2026-08-27 00:00:00;2026-08-28 00:00:00;2026-07-03 00:00:00;2026-07-04 00:00:00
2026-06-25 00:00:00;SO966562;C0030;VS003;786;2026-08-27 00:00:00;2026-08-31 00:00:00;2026-07-03 00:00:00;2026-07-07 00:00:00
2026-06-25 00:00:00;SO966562;C0030;CS003;842;2026-08-27 00:00:00;2026-08-31 00:00:00;2026-07-03 00:00:00;2026-07-07 00:00:00
2026-06-25 00:00:00;SO901481;C0024;VS002;458;2026-07-23 00:00:00;2026-07-26 00:00:00;2026-06-29 00:00:00;2026-07-02 00:00:00
2026-06-25 00:00:00;SO901481;C0024;CT002;985;2026-07-23 00:00:00;2026-07-31 00:00:00;2026-06-29 00:00:00;2026-07-07 00:00:00
2026-06-25 00:00:00;SO966562;C0030;CT003;1186;2026-08-27 00:00:00;2026-08-30 00:00:00;2026-07-03 00:00:00;2026-07-06 00:00:00
2026-06-25 00:00:00;SO901481;C0024;CS002;854;2026-07-23 00:00:00;2026-07-20 00:00:00;2026-06-29 00:00:00;2026-06-26 00:00:00
2026-06-25 00:00:00;SO901481;C0024;VS003;851;2026-07-23 00:00:00;2026-07-30 00:00:00;2026-06-29 00:00:00;2026-07-06 00:00:00
2026-06-25 00:00:00;SO901481;C0024;CS001;978;2026-07-23 00:00:00;2026-07-21 00:00:00;2026-06-29 00:00:00;2026-06-27 00:00:00
2026-06-25 00:00:00;SO901481;C0024;CL001;629;2026-07-23 00:00:00;2026-07-14 00:00:00;2026-06-29 00:00:00;2026-06-20 00:00:00
2026-06-25 00:00:00;SO901481;C0024;AS003;932;2026-07-23 00:00:00;2026-08-01 00:00:00;2026-06-29 00:00:00;2026-07-08 00:00:00
2026-06-25 00:00:00;SO966562;C0030;CS001;1108;2026-08-27 00:00:00;2026-08-29 00:00:00;2026-07-03 00:00:00;2026-07-05 00:00:00
2026-06-25 00:00:00;SO901481;C0024;CS003;1237;2026-07-23 00:00:00;2026-07-18 00:00:00;2026-06-29 00:00:00;2026-06-24 00:00:00
2026-06-26 00:00:00;SO547031;C0009;CS001;488;2026-07-10 00:00:00;2026-06-30 00:00:00;2026-06-29 00:00:00;2026-06-19 00:00:00
2026-06-26 00:00:00;SO859422;C0021;CT003;1034;2026-07-10 00:00:00;2026-07-08 00:00:00;2026-06-30 00:00:00;2026-06-28 00:00:00
2026-06-26 00:00:00;SO280142;C0030;AS003;970;2026-08-28 00:00:00;2026-09-07 00:00:00;2026-07-04 00:00:00;2026-07-14 00:00:00
2026-06-26 00:00:00;SO859422;C0021;CS002;350;2026-07-10 00:00:00;2026-07-14 00:00:00;2026-06-30 00:00:00;2026-07-04 00:00:00
2026-06-26 00:00:00;SO547031;C0009;AL002;824;2026-07-10 00:00:00;2026-07-07 00:00:00;2026-06-29 00:00:00;2026-06-26 00:00:00
2026-06-26 00:00:00;SO547031;C0009;CT003;587;2026-07-10 00:00:00;2026-07-06 00:00:00;2026-06-29 00:00:00;2026-06-25 00:00:00
2026-06-26 00:00:00;SO859422;C0021;CS001;1101;2026-07-10 00:00:00;2026-07-13 00:00:00;2026-06-30 00:00:00;2026-07-03 00:00:00
2026-06-26 00:00:00;SO280142;C0030;AS004;651;2026-08-28 00:00:00;2026-09-03 00:00:00;2026-07-04 00:00:00;2026-07-10 00:00:00
2026-06-26 00:00:00;SO547031;C0009;CS003;1177;2026-07-10 00:00:00;2026-07-02 00:00:00;2026-06-29 00:00:00;2026-06-21 00:00:00
2026-06-26 00:00:00;SO280142;C0030;AL002;954;2026-08-28 00:00:00;2026-08-28 00:00:00;2026-07-04 00:00:00;2026-07-04 00:00:00
2026-06-26 00:00:00;SO859422;C0021;CT002;566;2026-07-10 00:00:00;2026-07-12 00:00:00;2026-06-30 00:00:00;2026-07-02 00:00:00
2026-06-26 00:00:00;SO280142;C0030;CT002;857;2026-08-28 00:00:00;2026-09-01 00:00:00;2026-07-04 00:00:00;2026-07-08 00:00:00
2026-06-26 00:00:00;SO859422;C0021;CL001;925;2026-07-10 00:00:00;2026-07-09 00:00:00;2026-06-30 00:00:00;2026-06-29 00:00:00
2026-06-26 00:00:00;SO547031;C0009;AT001;525;2026-07-10 00:00:00;2026-07-07 00:00:00;2026-06-29 00:00:00;2026-06-26 00:00:00
2026-06-26 00:00:00;SO547031;C0009;CT002;467;2026-07-10 00:00:00;2026-07-15 00:00:00;2026-06-29 00:00:00;2026-07-04 00:00:00
2026-06-26 00:00:00;SO280142;C0030;CS004;582;2026-08-28 00:00:00;2026-08-29 00:00:00;2026-07-04 00:00:00;2026-07-05 00:00:00
2026-06-26 00:00:00;SO280142;C0030;CL001;1110;2026-08-28 00:00:00;2026-08-23 00:00:00;2026-07-04 00:00:00;2026-06-29 00:00:00
2026-06-26 00:00:00;SO859422;C0021;VS002;700;2026-07-10 00:00:00;2026-07-02 00:00:00;2026-06-30 00:00:00;2026-06-22 00:00:00
2026-06-26 00:00:00;SO280142;C0030;AT002;460;2026-08-28 00:00:00;2026-09-05 00:00:00;2026-07-04 00:00:00;2026-07-12 00:00:00
2026-06-26 00:00:00;SO280142;C0030;VS004;892;2026-08-28 00:00:00;2026-08-23 00:00:00;2026-07-04 00:00:00;2026-06-29 00:00:00
2026-06-29 00:00:00;SO148087;C0005;CS001;511;2026-08-24 00:00:00;2026-08-16 00:00:00;2026-07-01 00:00:00;2026-06-23 00:00:00
2026-06-29 00:00:00;SO744720;C0002;AS002;479;2026-08-03 00:00:00;2026-08-09 00:00:00;2026-07-01 00:00:00;2026-07-07 00:00:00
2026-06-29 00:00:00;SO523753;C0028;CS002;384;2026-07-13 00:00:00;2026-07-09 00:00:00;2026-07-07 00:00:00;2026-07-03 00:00:00
2026-06-29 00:00:00;SO744720;C0002;VS002;492;2026-08-03 00:00:00;2026-08-12 00:00:00;2026-07-01 00:00:00;2026-07-10 00:00:00
2026-06-29 00:00:00;SO523753;C0028;VS003;1182;2026-07-13 00:00:00;2026-07-11 00:00:00;2026-07-07 00:00:00;2026-07-05 00:00:00
2026-06-29 00:00:00;SO744720;C0002;AS003;445;2026-08-03 00:00:00;2026-07-31 00:00:00;2026-07-01 00:00:00;2026-06-28 00:00:00
2026-06-29 00:00:00;SO148087;C0005;CT002;575;2026-08-24 00:00:00;2026-08-17 00:00:00;2026-07-01 00:00:00;2026-06-24 00:00:00
2026-06-29 00:00:00;SO148087;C0005;VS003;530;2026-08-24 00:00:00;2026-08-17 00:00:00;2026-07-01 00:00:00;2026-06-24 00:00:00
2026-06-29 00:00:00;SO744720;C0002;AL002;959;2026-08-03 00:00:00;2026-08-08 00:00:00;2026-07-01 00:00:00;2026-07-06 00:00:00
2026-06-29 00:00:00;SO744720;C0002;CS003;377;2026-08-03 00:00:00;2026-08-01 00:00:00;2026-07-01 00:00:00;2026-06-29 00:00:00
2026-06-29 00:00:00;SO523753;C0028;CT003;382;2026-07-13 00:00:00;2026-07-12 00:00:00;2026-07-07 00:00:00;2026-07-06 00:00:00
2026-06-29 00:00:00;SO523753;C0028;AT001;1283;2026-07-13 00:00:00;2026-07-05 00:00:00;2026-07-07 00:00:00;2026-06-29 00:00:00
2026-06-29 00:00:00;SO744720;C0002;VS005;592;2026-08-03 00:00:00;2026-08-06 00:00:00;2026-07-01 00:00:00;2026-07-04 00:00:00
2026-06-29 00:00:00;SO744720;C0002;CL001;814;2026-08-03 00:00:00;2026-08-04 00:00:00;2026-07-01 00:00:00;2026-07-02 00:00:00
2026-06-29 00:00:00;SO523753;C0028;AT002;871;2026-07-13 00:00:00;2026-07-22 00:00:00;2026-07-07 00:00:00;2026-07-16 00:00:00
2026-06-29 00:00:00;SO744720;C0002;CT002;1185;2026-08-03 00:00:00;2026-08-11 00:00:00;2026-07-01 00:00:00;2026-07-09 00:00:00
2026-06-29 00:00:00;SO148087;C0005;AS003;337;2026-08-24 00:00:00;2026-08-25 00:00:00;2026-07-01 00:00:00;2026-07-02 00:00:00
2026-06-29 00:00:00;SO523753;C0028;AS003;771;2026-07-13 00:00:00;2026-07-22 00:00:00;2026-07-07 00:00:00;2026-07-16 00:00:00
2026-06-29 00:00:00;SO148087;C0005;CT003;367;2026-08-24 00:00:00;2026-09-01 00:00:00;2026-07-01 00:00:00;2026-07-09 00:00:00
2026-06-30 00:00:00;SO471230;C0009;CS004;406;2026-07-14 00:00:00;2026-07-18 00:00:00;2026-07-03 00:00:00;2026-07-07 00:00:00
2026-06-30 00:00:00;SO462288;C0015;AS003;805;2026-08-11 00:00:00;2026-08-06 00:00:00;2026-07-04 00:00:00;2026-06-29 00:00:00
2026-06-30 00:00:00;SO206236;C0014;AT001;1163;2026-08-04 00:00:00;2026-08-10 00:00:00;2026-07-04 00:00:00;2026-07-10 00:00:00
2026-06-30 00:00:00;SO943102;C0024;AL002;810;2026-07-28 00:00:00;2026-08-03 00:00:00;2026-07-04 00:00:00;2026-07-10 00:00:00
2026-06-30 00:00:00;SO943102;C0024;CS003;509;2026-07-28 00:00:00;2026-07-28 00:00:00;2026-07-04 00:00:00;2026-07-04 00:00:00
2026-06-30 00:00:00;SO943102;C0024;AT002;959;2026-07-28 00:00:00;2026-07-19 00:00:00;2026-07-04 00:00:00;2026-06-25 00:00:00
2026-06-30 00:00:00;SO943102;C0024;AS002;1263;2026-07-28 00:00:00;2026-08-04 00:00:00;2026-07-04 00:00:00;2026-07-11 00:00:00
2026-06-30 00:00:00;SO206236;C0014;VS003;1012;2026-08-04 00:00:00;2026-08-08 00:00:00;2026-07-04 00:00:00;2026-07-08 00:00:00
2026-06-30 00:00:00;SO206236;C0014;CS002;536;2026-08-04 00:00:00;2026-08-03 00:00:00;2026-07-04 00:00:00;2026-07-03 00:00:00
2026-06-30 00:00:00;SO471230;C0009;CS001;982;2026-07-14 00:00:00;2026-07-11 00:00:00;2026-07-03 00:00:00;2026-06-30 00:00:00
2026-06-30 00:00:00;SO462288;C0015;CS003;577;2026-08-11 00:00:00;2026-08-07 00:00:00;2026-07-04 00:00:00;2026-06-30 00:00:00
2026-06-30 00:00:00;SO206236;C0014;VS002;799;2026-08-04 00:00:00;2026-08-08 00:00:00;2026-07-04 00:00:00;2026-07-08 00:00:00
2026-06-30 00:00:00;SO206236;C0014;VS005;946;2026-08-04 00:00:00;2026-08-14 00:00:00;2026-07-04 00:00:00;2026-07-14 00:00:00
2026-06-30 00:00:00;SO206236;C0014;CS001;776;2026-08-04 00:00:00;2026-07-25 00:00:00;2026-07-04 00:00:00;2026-06-24 00:00:00
2026-06-30 00:00:00;SO206236;C0014;AS002;913;2026-08-04 00:00:00;2026-07-27 00:00:00;2026-07-04 00:00:00;2026-06-26 00:00:00
2026-06-30 00:00:00;SO471230;C0009;AT002;699;2026-07-14 00:00:00;2026-07-11 00:00:00;2026-07-03 00:00:00;2026-06-30 00:00:00
2026-06-30 00:00:00;SO943102;C0024;CT002;1127;2026-07-28 00:00:00;2026-07-29 00:00:00;2026-07-04 00:00:00;2026-07-05 00:00:00
2026-07-01 00:00:00;SO924989;C0016;AS004;542;2026-07-15 00:00:00;2026-07-16 00:00:00;2026-07-05 00:00:00;2026-07-06 00:00:00
2026-07-01 00:00:00;SO995064;C0012;AS003;472;2026-07-29 00:00:00;2026-08-01 00:00:00;2026-07-04 00:00:00;2026-07-07 00:00:00
2026-07-01 00:00:00;SO972982;C0001;AS003;666;2026-07-29 00:00:00;2026-07-31 00:00:00;2026-07-03 00:00:00;2026-07-05 00:00:00
2026-07-01 00:00:00;SO481773;C0014;AS002;604;2026-08-05 00:00:00;2026-08-02 00:00:00;2026-07-05 00:00:00;2026-07-02 00:00:00
2026-07-01 00:00:00;SO481773;C0014;CT003;775;2026-08-05 00:00:00;2026-07-26 00:00:00;2026-07-05 00:00:00;2026-06-25 00:00:00
2026-07-01 00:00:00;SO972982;C0001;CS001;334;2026-07-29 00:00:00;2026-08-07 00:00:00;2026-07-03 00:00:00;2026-07-12 00:00:00
2026-07-01 00:00:00;SO481773;C0014;CS001;422;2026-08-05 00:00:00;2026-08-08 00:00:00;2026-07-05 00:00:00;2026-07-08 00:00:00
2026-07-01 00:00:00;SO924989;C0016;CT002;1077;2026-07-15 00:00:00;2026-07-24 00:00:00;2026-07-05 00:00:00;2026-07-14 00:00:00
2026-07-01 00:00:00;SO995064;C0012;CL001;455;2026-07-29 00:00:00;2026-07-21 00:00:00;2026-07-04 00:00:00;2026-06-26 00:00:00
2026-07-01 00:00:00;SO972982;C0001;AS004;592;2026-07-29 00:00:00;2026-08-03 00:00:00;2026-07-03 00:00:00;2026-07-08 00:00:00
2026-07-01 00:00:00;SO924989;C0016;CS004;955;2026-07-15 00:00:00;2026-07-22 00:00:00;2026-07-05 00:00:00;2026-07-12 00:00:00
2026-07-01 00:00:00;SO995064;C0012;VS005;1072;2026-07-29 00:00:00;2026-08-08 00:00:00;2026-07-04 00:00:00;2026-07-14 00:00:00
2026-07-01 00:00:00;SO924989;C0016;AT002;1218;2026-07-15 00:00:00;2026-07-05 00:00:00;2026-07-05 00:00:00;2026-06-25 00:00:00
2026-07-01 00:00:00;SO924989;C0016;VS002;992;2026-07-15 00:00:00;2026-07-07 00:00:00;2026-07-05 00:00:00;2026-06-27 00:00:00
2026-07-01 00:00:00;SO481773;C0014;VS003;402;2026-08-05 00:00:00;2026-08-11 00:00:00;2026-07-05 00:00:00;2026-07-11 00:00:00
2026-07-01 00:00:00;SO924989;C0016;AS003;771;2026-07-15 00:00:00;2026-07-11 00:00:00;2026-07-05 00:00:00;2026-07-01 00:00:00
2026-07-01 00:00:00;SO995064;C0012;AT002;779;2026-07-29 00:00:00;2026-07-22 00:00:00;2026-07-04 00:00:00;2026-06-27 00:00:00
2026-07-01 00:00:00;SO995064;C0012;CT003;776;2026-07-29 00:00:00;2026-07-23 00:00:00;2026-07-04 00:00:00;2026-06-28 00:00:00
2026-07-01 00:00:00;SO481773;C0014;VS001;1112;2026-08-05 00:00:00;2026-07-29 00:00:00;2026-07-05 00:00:00;2026-06-28 00:00:00
2026-07-02 00:00:00;SO981167;C0002;CT002;912;2026-08-06 00:00:00;2026-08-14 00:00:00;2026-07-04 00:00:00;2026-07-12 00:00:00
2026-07-02 00:00:00;SO103361;C0030;CT001;1127;2026-09-03 00:00:00;2026-08-24 00:00:00;2026-07-10 00:00:00;2026-06-30 00:00:00
2026-07-02 00:00:00;SO981167;C0002;CT003;380;2026-08-06 00:00:00;2026-08-14 00:00:00;2026-07-04 00:00:00;2026-07-12 00:00:00
2026-07-02 00:00:00;SO103361;C0030;VS003;659;2026-09-03 00:00:00;2026-09-03 00:00:00;2026-07-10 00:00:00;2026-07-10 00:00:00
2026-07-02 00:00:00;SO981167;C0002;CS004;502;2026-08-06 00:00:00;2026-08-05 00:00:00;2026-07-04 00:00:00;2026-07-03 00:00:00
2026-07-02 00:00:00;SO981167;C0002;AS003;327;2026-08-06 00:00:00;2026-07-30 00:00:00;2026-07-04 00:00:00;2026-06-27 00:00:00
2026-07-02 00:00:00;SO103361;C0030;VS001;892;2026-09-03 00:00:00;2026-08-28 00:00:00;2026-07-10 00:00:00;2026-07-04 00:00:00
2026-07-02 00:00:00;SO981167;C0002;VS005;790;2026-08-06 00:00:00;2026-08-06 00:00:00;2026-07-04 00:00:00;2026-07-04 00:00:00
2026-07-02 00:00:00;SO103361;C0030;CT002;748;2026-09-03 00:00:00;2026-09-06 00:00:00;2026-07-10 00:00:00;2026-07-13 00:00:00
2026-07-02 00:00:00;SO981167;C0002;AS002;765;2026-08-06 00:00:00;2026-08-12 00:00:00;2026-07-04 00:00:00;2026-07-10 00:00:00
2026-07-02 00:00:00;SO103361;C0030;CS004;614;2026-09-03 00:00:00;2026-09-07 00:00:00;2026-07-10 00:00:00;2026-07-14 00:00:00
2026-07-02 00:00:00;SO981167;C0002;AS004;424;2026-08-06 00:00:00;2026-08-03 00:00:00;2026-07-04 00:00:00;2026-07-01 00:00:00
2026-07-02 00:00:00;SO981167;C0002;AS001;1136;2026-08-06 00:00:00;2026-07-31 00:00:00;2026-07-04 00:00:00;2026-06-28 00:00:00
2026-07-02 00:00:00;SO981167;C0002;VS003;682;2026-08-06 00:00:00;2026-08-13 00:00:00;2026-07-04 00:00:00;2026-07-11 00:00:00
2026-07-02 00:00:00;SO103361;C0030;AS002;937;2026-09-03 00:00:00;2026-08-24 00:00:00;2026-07-10 00:00:00;2026-06-30 00:00:00
2026-07-02 00:00:00;SO981167;C0002;VS004;979;2026-08-06 00:00:00;2026-08-12 00:00:00;2026-07-04 00:00:00;2026-07-10 00:00:00
2026-07-02 00:00:00;SO103361;C0030;CT003;1141;2026-09-03 00:00:00;2026-09-09 00:00:00;2026-07-10 00:00:00;2026-07-16 00:00:00
2026-07-02 00:00:00;SO103361;C0030;AS004;1245;2026-09-03 00:00:00;2026-09-13 00:00:00;2026-07-10 00:00:00;2026-07-20 00:00:00
2026-07-02 00:00:00;SO981167;C0002;CT001;435;2026-08-06 00:00:00;2026-08-06 00:00:00;2026-07-04 00:00:00;2026-07-04 00:00:00
2026-07-03 00:00:00;SO297439;C0011;AS004;578;2026-08-07 00:00:00;2026-08-13 00:00:00;2026-07-06 00:00:00;2026-07-12 00:00:00
2026-07-03 00:00:00;SO322271;C0028;VS005;815;2026-07-17 00:00:00;2026-07-16 00:00:00;2026-07-11 00:00:00;2026-07-10 00:00:00
2026-07-03 00:00:00;SO322271;C0028;AS003;1205;2026-07-17 00:00:00;2026-07-26 00:00:00;2026-07-11 00:00:00;2026-07-20 00:00:00
2026-07-03 00:00:00;SO297439;C0011;AT002;434;2026-08-07 00:00:00;2026-08-01 00:00:00;2026-07-06 00:00:00;2026-06-30 00:00:00
2026-07-03 00:00:00;SO322271;C0028;CS001;909;2026-07-17 00:00:00;2026-07-23 00:00:00;2026-07-11 00:00:00;2026-07-17 00:00:00
2026-07-03 00:00:00;SO297439;C0011;VS005;529;2026-08-07 00:00:00;2026-08-10 00:00:00;2026-07-06 00:00:00;2026-07-09 00:00:00
2026-07-03 00:00:00;SO322271;C0028;AT002;832;2026-07-17 00:00:00;2026-07-12 00:00:00;2026-07-11 00:00:00;2026-07-06 00:00:00
2026-07-03 00:00:00;SO297439;C0011;AT001;676;2026-08-07 00:00:00;2026-07-29 00:00:00;2026-07-06 00:00:00;2026-06-27 00:00:00
2026-07-03 00:00:00;SO297439;C0011;CT003;510;2026-08-07 00:00:00;2026-08-05 00:00:00;2026-07-06 00:00:00;2026-07-04 00:00:00
2026-07-03 00:00:00;SO297439;C0011;AS003;947;2026-08-07 00:00:00;2026-08-01 00:00:00;2026-07-06 00:00:00;2026-06-30 00:00:00
2026-07-03 00:00:00;SO297439;C0011;VS001;587;2026-08-07 00:00:00;2026-08-13 00:00:00;2026-07-06 00:00:00;2026-07-12 00:00:00
2026-07-03 00:00:00;SO297439;C0011;CS004;662;2026-08-07 00:00:00;2026-08-13 00:00:00;2026-07-06 00:00:00;2026-07-12 00:00:00
2026-07-06 00:00:00;SO409900;C0024;VS004;859;2026-08-03 00:00:00;2026-07-24 00:00:00;2026-07-10 00:00:00;2026-06-30 00:00:00
2026-07-06 00:00:00;SO476566;C0013;CT002;833;2026-08-03 00:00:00;2026-08-09 00:00:00;2026-07-10 00:00:00;2026-07-16 00:00:00
2026-07-06 00:00:00;SO889980;C0021;AS002;1075;2026-07-20 00:00:00;2026-07-18 00:00:00;2026-07-10 00:00:00;2026-07-08 00:00:00
2026-07-06 00:00:00;SO476566;C0013;CS003;906;2026-08-03 00:00:00;2026-08-05 00:00:00;2026-07-10 00:00:00;2026-07-12 00:00:00
2026-07-06 00:00:00;SO409900;C0024;CL001;746;2026-08-03 00:00:00;2026-08-07 00:00:00;2026-07-10 00:00:00;2026-07-14 00:00:00
2026-07-06 00:00:00;SO476566;C0013;AT001;1210;2026-08-03 00:00:00;2026-07-30 00:00:00;2026-07-10 00:00:00;2026-07-06 00:00:00
2026-07-06 00:00:00;SO409900;C0024;VS001;911;2026-08-03 00:00:00;2026-08-06 00:00:00;2026-07-10 00:00:00;2026-07-13 00:00:00
2026-07-06 00:00:00;SO409900;C0024;AT001;542;2026-08-03 00:00:00;2026-08-10 00:00:00;2026-07-10 00:00:00;2026-07-17 00:00:00
2026-07-06 00:00:00;SO409900;C0024;CS003;988;2026-08-03 00:00:00;2026-08-12 00:00:00;2026-07-10 00:00:00;2026-07-19 00:00:00
2026-07-06 00:00:00;SO889980;C0021;CS004;918;2026-07-20 00:00:00;2026-07-19 00:00:00;2026-07-10 00:00:00;2026-07-09 00:00:00
2026-07-06 00:00:00;SO889980;C0021;CS003;923;2026-07-20 00:00:00;2026-07-26 00:00:00;2026-07-10 00:00:00;2026-07-16 00:00:00
2026-07-06 00:00:00;SO889980;C0021;VS001;870;2026-07-20 00:00:00;2026-07-24 00:00:00;2026-07-10 00:00:00;2026-07-14 00:00:00
2026-07-06 00:00:00;SO409900;C0024;VS002;795;2026-08-03 00:00:00;2026-08-03 00:00:00;2026-07-10 00:00:00;2026-07-10 00:00:00
2026-07-06 00:00:00;SO476566;C0013;VS004;473;2026-08-03 00:00:00;2026-08-08 00:00:00;2026-07-10 00:00:00;2026-07-15 00:00:00
2026-07-06 00:00:00;SO409900;C0024;CT001;1106;2026-08-03 00:00:00;2026-08-10 00:00:00;2026-07-10 00:00:00;2026-07-17 00:00:00
2026-07-06 00:00:00;SO476566;C0013;AL001;347;2026-08-03 00:00:00;2026-07-30 00:00:00;2026-07-10 00:00:00;2026-07-06 00:00:00
2026-07-06 00:00:00;SO476566;C0013;CT003;1163;2026-08-03 00:00:00;2026-08-05 00:00:00;2026-07-10 00:00:00;2026-07-12 00:00:00
2026-07-07 00:00:00;SO397196;C0024;CL001;458;2026-08-04 00:00:00;2026-07-26 00:00:00;2026-07-11 00:00:00;2026-07-02 00:00:00
2026-07-07 00:00:00;SO317406;C0025;CS003;1324;2026-08-04 00:00:00;2026-08-08 00:00:00;2026-07-15 00:00:00;2026-07-19 00:00:00
2026-07-07 00:00:00;SO317406;C0025;CL001;966;2026-08-04 00:00:00;2026-07-29 00:00:00;2026-07-15 00:00:00;2026-07-09 00:00:00
2026-07-07 00:00:00;SO397196;C0024;CS001;1115;2026-08-04 00:00:00;2026-08-12 00:00:00;2026-07-11 00:00:00;2026-07-19 00:00:00
2026-07-07 00:00:00;SO397196;C0024;VS003;848;2026-08-04 00:00:00;2026-08-09 00:00:00;2026-07-11 00:00:00;2026-07-16 00:00:00
2026-07-07 00:00:00;SO397196;C0024;CT002;572;2026-08-04 00:00:00;2026-08-02 00:00:00;2026-07-11 00:00:00;2026-07-09 00:00:00
2026-07-07 00:00:00;SO317406;C0025;CT003;1036;2026-08-04 00:00:00;2026-07-25 00:00:00;2026-07-15 00:00:00;2026-07-05 00:00:00
2026-07-07 00:00:00;SO397196;C0024;CT001;477;2026-08-04 00:00:00;2026-07-30 00:00:00;2026-07-11 00:00:00;2026-07-06 00:00:00
2026-07-07 00:00:00;SO397196;C0024;AS003;339;2026-08-04 00:00:00;2026-08-09 00:00:00;2026-07-11 00:00:00;2026-07-16 00:00:00
2026-07-07 00:00:00;SO317406;C0025;AS003;544;2026-08-04 00:00:00;2026-08-14 00:00:00;2026-07-15 00:00:00;2026-07-25 00:00:00
2026-07-07 00:00:00;SO317406;C0025;AT001;682;2026-08-04 00:00:00;2026-08-14 00:00:00;2026-07-15 00:00:00;2026-07-25 00:00:00
2026-07-07 00:00:00;SO317406;C0025;VS005;675;2026-08-04 00:00:00;2026-07-28 00:00:00;2026-07-15 00:00:00;2026-07-08 00:00:00
2026-07-07 00:00:00;SO317406;C0025;VS002;1157;2026-08-04 00:00:00;2026-07-29 00:00:00;2026-07-15 00:00:00;2026-07-09 00:00:00
2026-07-07 00:00:00;SO397196;C0024;VS002;653;2026-08-04 00:00:00;2026-08-01 00:00:00;2026-07-11 00:00:00;2026-07-08 00:00:00
2026-07-07 00:00:00;SO397196;C0024;AS002;430;2026-08-04 00:00:00;2026-08-13 00:00:00;2026-07-11 00:00:00;2026-07-20 00:00:00
2026-07-07 00:00:00;SO397196;C0024;AS004;1069;2026-08-04 00:00:00;2026-08-11 00:00:00;2026-07-11 00:00:00;2026-07-18 00:00:00
2026-07-07 00:00:00;SO397196;C0024;VS001;1305;2026-08-04 00:00:00;2026-08-08 00:00:00;2026-07-11 00:00:00;2026-07-15 00:00:00
2026-07-08 00:00:00;SO625337;C0018;CS003;377;2026-09-09 00:00:00;2026-09-10 00:00:00;2026-07-12 00:00:00;2026-07-13 00:00:00
2026-07-08 00:00:00;SO801245;C0012;CT002;785;2026-08-05 00:00:00;2026-08-05 00:00:00;2026-07-11 00:00:00;2026-07-11 00:00:00
2026-07-08 00:00:00;SO627277;C0017;CL001;646;2026-09-02 00:00:00;2026-09-10 00:00:00;2026-07-12 00:00:00;2026-07-20 00:00:00
2026-07-08 00:00:00;SO625337;C0018;CT002;484;2026-09-09 00:00:00;2026-09-03 00:00:00;2026-07-12 00:00:00;2026-07-06 00:00:00
2026-07-08 00:00:00;SO801245;C0012;AS003;989;2026-08-05 00:00:00;2026-07-28 00:00:00;2026-07-11 00:00:00;2026-07-03 00:00:00
2026-07-08 00:00:00;SO801245;C0012;AS002;833;2026-08-05 00:00:00;2026-08-07 00:00:00;2026-07-11 00:00:00;2026-07-13 00:00:00
2026-07-08 00:00:00;SO801245;C0012;AS001;1309;2026-08-05 00:00:00;2026-08-01 00:00:00;2026-07-11 00:00:00;2026-07-07 00:00:00
2026-07-08 00:00:00;SO801245;C0012;CT001;701;2026-08-05 00:00:00;2026-07-29 00:00:00;2026-07-11 00:00:00;2026-07-04 00:00:00
2026-07-08 00:00:00;SO627277;C0017;VS001;536;2026-09-02 00:00:00;2026-09-03 00:00:00;2026-07-12 00:00:00;2026-07-13 00:00:00
2026-07-08 00:00:00;SO801245;C0012;CS001;658;2026-08-05 00:00:00;2026-07-28 00:00:00;2026-07-11 00:00:00;2026-07-03 00:00:00
2026-07-08 00:00:00;SO625337;C0018;CL001;538;2026-09-09 00:00:00;2026-09-08 00:00:00;2026-07-12 00:00:00;2026-07-11 00:00:00
2026-07-08 00:00:00;SO627277;C0017;CS003;663;2026-09-02 00:00:00;2026-09-04 00:00:00;2026-07-12 00:00:00;2026-07-14 00:00:00
2026-07-08 00:00:00;SO801245;C0012;VS004;1062;2026-08-05 00:00:00;2026-08-12 00:00:00;2026-07-11 00:00:00;2026-07-18 00:00:00
2026-07-09 00:00:00;SO304547;C0024;AL001;817;2026-08-06 00:00:00;2026-08-16 00:00:00;2026-07-13 00:00:00;2026-07-23 00:00:00
2026-07-09 00:00:00;SO409248;C0002;AL001;1320;2026-08-13 00:00:00;2026-08-12 00:00:00;2026-07-11 00:00:00;2026-07-10 00:00:00
2026-07-09 00:00:00;SO621457;C0026;CT002;1075;2026-08-13 00:00:00;2026-08-20 00:00:00;2026-07-17 00:00:00;2026-07-24 00:00:00
2026-07-09 00:00:00;SO621457;C0026;VS005;403;2026-08-13 00:00:00;2026-08-21 00:00:00;2026-07-17 00:00:00;2026-07-25 00:00:00
2026-07-09 00:00:00;SO304547;C0024;CL001;481;2026-08-06 00:00:00;2026-08-09 00:00:00;2026-07-13 00:00:00;2026-07-16 00:00:00
2026-07-09 00:00:00;SO304547;C0024;AS002;717;2026-08-06 00:00:00;2026-08-02 00:00:00;2026-07-13 00:00:00;2026-07-09 00:00:00
2026-07-09 00:00:00;SO409248;C0002;CT003;627;2026-08-13 00:00:00;2026-08-05 00:00:00;2026-07-11 00:00:00;2026-07-03 00:00:00
2026-07-09 00:00:00;SO621457;C0026;CS003;771;2026-08-13 00:00:00;2026-08-10 00:00:00;2026-07-17 00:00:00;2026-07-14 00:00:00
2026-07-09 00:00:00;SO621457;C0026;CS004;1380;2026-08-13 00:00:00;2026-08-05 00:00:00;2026-07-17 00:00:00;2026-07-09 00:00:00
2026-07-09 00:00:00;SO304547;C0024;CT001;947;2026-08-06 00:00:00;2026-08-09 00:00:00;2026-07-13 00:00:00;2026-07-16 00:00:00
2026-07-09 00:00:00;SO304547;C0024;AT002;728;2026-08-06 00:00:00;2026-08-07 00:00:00;2026-07-13 00:00:00;2026-07-14 00:00:00
2026-07-09 00:00:00;SO621457;C0026;CT003;973;2026-08-13 00:00:00;2026-08-09 00:00:00;2026-07-17 00:00:00;2026-07-13 00:00:00
2026-07-09 00:00:00;SO621457;C0026;VS004;1089;2026-08-13 00:00:00;2026-08-07 00:00:00;2026-07-17 00:00:00;2026-07-11 00:00:00
2026-07-09 00:00:00;SO409248;C0002;VS001;529;2026-08-13 00:00:00;2026-08-08 00:00:00;2026-07-11 00:00:00;2026-07-06 00:00:00
2026-07-09 00:00:00;SO621457;C0026;AT001;1295;2026-08-13 00:00:00;2026-08-03 00:00:00;2026-07-17 00:00:00;2026-07-07 00:00:00
2026-07-10 00:00:00;SO857481;C0003;VS001;917;2026-08-21 00:00:00;2026-08-22 00:00:00;2026-07-12 00:00:00;2026-07-13 00:00:00
2026-07-10 00:00:00;SO282364;C0009;VS003;538;2026-07-24 00:00:00;2026-07-18 00:00:00;2026-07-13 00:00:00;2026-07-07 00:00:00
2026-07-10 00:00:00;SO282364;C0009;VS005;831;2026-07-24 00:00:00;2026-07-20 00:00:00;2026-07-13 00:00:00;2026-07-09 00:00:00
2026-07-10 00:00:00;SO282364;C0009;AS001;606;2026-07-24 00:00:00;2026-07-15 00:00:00;2026-07-13 00:00:00;2026-07-04 00:00:00
2026-07-10 00:00:00;SO857481;C0003;AS004;706;2026-08-21 00:00:00;2026-08-25 00:00:00;2026-07-12 00:00:00;2026-07-16 00:00:00
2026-07-10 00:00:00;SO857481;C0003;CS001;675;2026-08-21 00:00:00;2026-08-11 00:00:00;2026-07-12 00:00:00;2026-07-02 00:00:00
2026-07-10 00:00:00;SO857481;C0003;AL001;956;2026-08-21 00:00:00;2026-08-22 00:00:00;2026-07-12 00:00:00;2026-07-13 00:00:00
2026-07-10 00:00:00;SO857481;C0003;VS002;1343;2026-08-21 00:00:00;2026-08-18 00:00:00;2026-07-12 00:00:00;2026-07-09 00:00:00
2026-07-10 00:00:00;SO857481;C0003;AS002;1296;2026-08-21 00:00:00;2026-08-19 00:00:00;2026-07-12 00:00:00;2026-07-10 00:00:00
2026-07-10 00:00:00;SO282364;C0009;VS001;842;2026-07-24 00:00:00;2026-07-21 00:00:00;2026-07-13 00:00:00;2026-07-10 00:00:00
2026-07-10 00:00:00;SO282364;C0009;CT003;587;2026-07-24 00:00:00;2026-07-24 00:00:00;2026-07-13 00:00:00;2026-07-13 00:00:00
2026-07-10 00:00:00;SO857481;C0003;CL001;752;2026-08-21 00:00:00;2026-08-22 00:00:00;2026-07-12 00:00:00;2026-07-13 00:00:00
2026-07-10 00:00:00;SO282364;C0009;CT001;927;2026-07-24 00:00:00;2026-07-30 00:00:00;2026-07-13 00:00:00;2026-07-19 00:00:00
2026-07-13 00:00:00;SO722348;C0022;CS001;1103;2026-08-24 00:00:00;2026-08-18 00:00:00;2026-07-17 00:00:00;2026-07-11 00:00:00
2026-07-13 00:00:00;SO792671;C0025;CS003;881;2026-08-10 00:00:00;2026-08-20 00:00:00;2026-07-21 00:00:00;2026-07-31 00:00:00
2026-07-13 00:00:00;SO400944;C0005;AT001;420;2026-09-07 00:00:00;2026-09-02 00:00:00;2026-07-15 00:00:00;2026-07-10 00:00:00
2026-07-13 00:00:00;SO318763;C0021;AS004;1395;2026-07-27 00:00:00;2026-08-01 00:00:00;2026-07-17 00:00:00;2026-07-22 00:00:00
2026-07-13 00:00:00;SO400944;C0005;AL001;719;2026-09-07 00:00:00;2026-08-28 00:00:00;2026-07-15 00:00:00;2026-07-05 00:00:00
2026-07-13 00:00:00;SO792671;C0025;CS004;387;2026-08-10 00:00:00;2026-08-19 00:00:00;2026-07-21 00:00:00;2026-07-30 00:00:00
2026-07-13 00:00:00;SO792671;C0025;AS002;1050;2026-08-10 00:00:00;2026-08-15 00:00:00;2026-07-21 00:00:00;2026-07-26 00:00:00
2026-07-13 00:00:00;SO400944;C0005;VS003;1081;2026-09-07 00:00:00;2026-09-05 00:00:00;2026-07-15 00:00:00;2026-07-13 00:00:00
2026-07-13 00:00:00;SO318763;C0021;AT001;1441;2026-07-27 00:00:00;2026-07-26 00:00:00;2026-07-17 00:00:00;2026-07-16 00:00:00
2026-07-13 00:00:00;SO318763;C0021;CS004;1100;2026-07-27 00:00:00;2026-08-04 00:00:00;2026-07-17 00:00:00;2026-07-25 00:00:00
2026-07-13 00:00:00;SO318763;C0021;CS001;842;2026-07-27 00:00:00;2026-07-31 00:00:00;2026-07-17 00:00:00;2026-07-21 00:00:00
2026-07-13 00:00:00;SO792671;C0025;VS003;514;2026-08-10 00:00:00;2026-08-12 00:00:00;2026-07-21 00:00:00;2026-07-23 00:00:00
2026-07-13 00:00:00;SO318763;C0021;VS004;1027;2026-07-27 00:00:00;2026-07-23 00:00:00;2026-07-17 00:00:00;2026-07-13 00:00:00
2026-07-13 00:00:00;SO400944;C0005;CL001;774;2026-09-07 00:00:00;2026-09-05 00:00:00;2026-07-15 00:00:00;2026-07-13 00:00:00
2026-07-13 00:00:00;SO792671;C0025;CT002;292;2026-08-10 00:00:00;2026-08-10 00:00:00;2026-07-21 00:00:00;2026-07-21 00:00:00
2026-07-13 00:00:00;SO792671;C0025;VS001;1020;2026-08-10 00:00:00;2026-08-14 00:00:00;2026-07-21 00:00:00;2026-07-25 00:00:00
2026-07-13 00:00:00;SO792671;C0025;AT001;818;2026-08-10 00:00:00;2026-08-11 00:00:00;2026-07-21 00:00:00;2026-07-22 00:00:00
2026-07-13 00:00:00;SO722348;C0022;CT003;422;2026-08-24 00:00:00;2026-08-17 00:00:00;2026-07-17 00:00:00;2026-07-10 00:00:00
2026-07-13 00:00:00;SO400944;C0005;CS004;700;2026-09-07 00:00:00;2026-08-29 00:00:00;2026-07-15 00:00:00;2026-07-06 00:00:00
2026-07-14 00:00:00;SO956854;C0003;CS001;561;2026-08-25 00:00:00;2026-08-24 00:00:00;2026-07-16 00:00:00;2026-07-15 00:00:00
2026-07-14 00:00:00;SO250290;C0021;CS003;397;2026-07-28 00:00:00;2026-08-05 00:00:00;2026-07-18 00:00:00;2026-07-26 00:00:00
2026-07-14 00:00:00;SO956854;C0003;AS002;562;2026-08-25 00:00:00;2026-08-16 00:00:00;2026-07-16 00:00:00;2026-07-07 00:00:00
2026-07-14 00:00:00;SO250290;C0021;AS004;482;2026-07-28 00:00:00;2026-08-06 00:00:00;2026-07-18 00:00:00;2026-07-27 00:00:00
2026-07-14 00:00:00;SO250290;C0021;AS003;1313;2026-07-28 00:00:00;2026-07-25 00:00:00;2026-07-18 00:00:00;2026-07-15 00:00:00
2026-07-14 00:00:00;SO250290;C0021;VS003;575;2026-07-28 00:00:00;2026-07-30 00:00:00;2026-07-18 00:00:00;2026-07-20 00:00:00
2026-07-14 00:00:00;SO250290;C0021;CT003;870;2026-07-28 00:00:00;2026-08-07 00:00:00;2026-07-18 00:00:00;2026-07-28 00:00:00
2026-07-14 00:00:00;SO956854;C0003;VS002;959;2026-08-25 00:00:00;2026-08-21 00:00:00;2026-07-16 00:00:00;2026-07-12 00:00:00
2026-07-14 00:00:00;SO250290;C0021;VS005;449;2026-07-28 00:00:00;2026-07-19 00:00:00;2026-07-18 00:00:00;2026-07-09 00:00:00
2026-07-14 00:00:00;SO956854;C0003;AT001;892;2026-08-25 00:00:00;2026-08-23 00:00:00;2026-07-16 00:00:00;2026-07-14 00:00:00
2026-07-14 00:00:00;SO250290;C0021;CL001;500;2026-07-28 00:00:00;2026-07-22 00:00:00;2026-07-18 00:00:00;2026-07-12 00:00:00
2026-07-14 00:00:00;SO250290;C0021;VS002;554;2026-07-28 00:00:00;2026-07-28 00:00:00;2026-07-18 00:00:00;2026-07-18 00:00:00
2026-07-14 00:00:00;SO250290;C0021;AL001;656;2026-07-28 00:00:00;2026-08-02 00:00:00;2026-07-18 00:00:00;2026-07-23 00:00:00
2026-07-15 00:00:00;SO282939;C0022;CL001;1304;2026-08-26 00:00:00;2026-08-20 00:00:00;2026-07-19 00:00:00;2026-07-13 00:00:00
2026-07-15 00:00:00;SO323003;C0027;CT001;519;2026-08-26 00:00:00;2026-08-28 00:00:00;2026-07-23 00:00:00;2026-07-25 00:00:00
2026-07-15 00:00:00;SO551595;C0017;CS001;1126;2026-09-09 00:00:00;2026-09-16 00:00:00;2026-07-19 00:00:00;2026-07-26 00:00:00
2026-07-15 00:00:00;SO282939;C0022;VS001;644;2026-08-26 00:00:00;2026-08-23 00:00:00;2026-07-19 00:00:00;2026-07-16 00:00:00
2026-07-15 00:00:00;SO323003;C0027;AT002;747;2026-08-26 00:00:00;2026-08-16 00:00:00;2026-07-23 00:00:00;2026-07-13 00:00:00
2026-07-15 00:00:00;SO551595;C0017;AS004;463;2026-09-09 00:00:00;2026-09-06 00:00:00;2026-07-19 00:00:00;2026-07-16 00:00:00
2026-07-15 00:00:00;SO323003;C0027;VS005;836;2026-08-26 00:00:00;2026-09-01 00:00:00;2026-07-23 00:00:00;2026-07-29 00:00:00
2026-07-15 00:00:00;SO551595;C0017;CS003;779;2026-09-09 00:00:00;2026-09-12 00:00:00;2026-07-19 00:00:00;2026-07-22 00:00:00
2026-07-15 00:00:00;SO282939;C0022;VS002;979;2026-08-26 00:00:00;2026-08-17 00:00:00;2026-07-19 00:00:00;2026-07-10 00:00:00
2026-07-15 00:00:00;SO323003;C0027;AS003;755;2026-08-26 00:00:00;2026-08-26 00:00:00;2026-07-23 00:00:00;2026-07-23 00:00:00
2026-07-15 00:00:00;SO551595;C0017;VS002;906;2026-09-09 00:00:00;2026-09-14 00:00:00;2026-07-19 00:00:00;2026-07-24 00:00:00
2026-07-15 00:00:00;SO282939;C0022;AT002;649;2026-08-26 00:00:00;2026-08-20 00:00:00;2026-07-19 00:00:00;2026-07-13 00:00:00
2026-07-15 00:00:00;SO551595;C0017;AL001;1049;2026-09-09 00:00:00;2026-09-08 00:00:00;2026-07-19 00:00:00;2026-07-18 00:00:00
2026-07-15 00:00:00;SO551595;C0017;CT002;1114;2026-09-09 00:00:00;2026-09-15 00:00:00;2026-07-19 00:00:00;2026-07-25 00:00:00
2026-07-15 00:00:00;SO551595;C0017;VS004;1001;2026-09-09 00:00:00;2026-09-06 00:00:00;2026-07-19 00:00:00;2026-07-16 00:00:00
2026-07-16 00:00:00;SO311011;C0025;AS004;412;2026-08-13 00:00:00;2026-08-16 00:00:00;2026-07-24 00:00:00;2026-07-27 00:00:00
2026-07-16 00:00:00;SO755488;C0012;AT001;339;2026-08-13 00:00:00;2026-08-21 00:00:00;2026-07-19 00:00:00;2026-07-27 00:00:00
2026-07-16 00:00:00;SO534132;C0003;CL001;320;2026-08-27 00:00:00;2026-08-26 00:00:00;2026-07-18 00:00:00;2026-07-17 00:00:00
2026-07-16 00:00:00;SO311011;C0025;AS001;1295;2026-08-13 00:00:00;2026-08-03 00:00:00;2026-07-24 00:00:00;2026-07-14 00:00:00
2026-07-16 00:00:00;SO755488;C0012;CT003;1048;2026-08-13 00:00:00;2026-08-10 00:00:00;2026-07-19 00:00:00;2026-07-16 00:00:00
2026-07-16 00:00:00;SO534132;C0003;VS003;642;2026-08-27 00:00:00;2026-09-06 00:00:00;2026-07-18 00:00:00;2026-07-28 00:00:00
2026-07-16 00:00:00;SO534132;C0003;CS001;931;2026-08-27 00:00:00;2026-08-28 00:00:00;2026-07-18 00:00:00;2026-07-19 00:00:00
2026-07-16 00:00:00;SO534132;C0003;CT001;297;2026-08-27 00:00:00;2026-08-20 00:00:00;2026-07-18 00:00:00;2026-07-11 00:00:00
2026-07-16 00:00:00;SO755488;C0012;CT001;866;2026-08-13 00:00:00;2026-08-20 00:00:00;2026-07-19 00:00:00;2026-07-26 00:00:00
2026-07-16 00:00:00;SO534132;C0003;AT001;1158;2026-08-27 00:00:00;2026-09-06 00:00:00;2026-07-18 00:00:00;2026-07-28 00:00:00
2026-07-16 00:00:00;SO311011;C0025;VS005;718;2026-08-13 00:00:00;2026-08-18 00:00:00;2026-07-24 00:00:00;2026-07-29 00:00:00
2026-07-16 00:00:00;SO311011;C0025;CL001;854;2026-08-13 00:00:00;2026-08-07 00:00:00;2026-07-24 00:00:00;2026-07-18 00:00:00
2026-07-17 00:00:00;SO572663;C0004;VS002;402;2026-07-31 00:00:00;2026-08-05 00:00:00;2026-07-19 00:00:00;2026-07-24 00:00:00
2026-07-17 00:00:00;SO234198;C0024;AT002;614;2026-08-14 00:00:00;2026-08-05 00:00:00;2026-07-21 00:00:00;2026-07-12 00:00:00
2026-07-17 00:00:00;SO548608;C0003;CS001;543;2026-08-28 00:00:00;2026-08-27 00:00:00;2026-07-19 00:00:00;2026-07-18 00:00:00
2026-07-17 00:00:00;SO572663;C0004;CS003;384;2026-07-31 00:00:00;2026-08-03 00:00:00;2026-07-19 00:00:00;2026-07-22 00:00:00
2026-07-17 00:00:00;SO548608;C0003;AS003;346;2026-08-28 00:00:00;2026-09-03 00:00:00;2026-07-19 00:00:00;2026-07-25 00:00:00
2026-07-17 00:00:00;SO548608;C0003;AT001;509;2026-08-28 00:00:00;2026-08-18 00:00:00;2026-07-19 00:00:00;2026-07-09 00:00:00
2026-07-17 00:00:00;SO234198;C0024;VS002;723;2026-08-14 00:00:00;2026-08-04 00:00:00;2026-07-21 00:00:00;2026-07-11 00:00:00
2026-07-17 00:00:00;SO548608;C0003;VS005;473;2026-08-28 00:00:00;2026-08-20 00:00:00;2026-07-19 00:00:00;2026-07-11 00:00:00
2026-07-17 00:00:00;SO234198;C0024;VS001;582;2026-08-14 00:00:00;2026-08-17 00:00:00;2026-07-21 00:00:00;2026-07-24 00:00:00
2026-07-17 00:00:00;SO548608;C0003;AL001;1056;2026-08-28 00:00:00;2026-09-07 00:00:00;2026-07-19 00:00:00;2026-07-29 00:00:00
2026-07-17 00:00:00;SO572663;C0004;VS003;435;2026-07-31 00:00:00;2026-08-09 00:00:00;2026-07-19 00:00:00;2026-07-28 00:00:00
2026-07-17 00:00:00;SO572663;C0004;VS001;635;2026-07-31 00:00:00;2026-08-03 00:00:00;2026-07-19 00:00:00;2026-07-22 00:00:00
2026-07-17 00:00:00;SO572663;C0004;AS004;1210;2026-07-31 00:00:00;2026-07-31 00:00:00;2026-07-19 00:00:00;2026-07-19 00:00:00
2026-07-20 00:00:00;SO909724;C0017;AS002;1088;2026-09-14 00:00:00;2026-09-05 00:00:00;2026-07-24 00:00:00;2026-07-15 00:00:00
2026-07-20 00:00:00;SO911665;C0014;AS003;535;2026-08-24 00:00:00;2026-09-01 00:00:00;2026-07-24 00:00:00;2026-08-01 00:00:00
2026-07-20 00:00:00;SO954391;C0009;VS004;789;2026-08-03 00:00:00;2026-07-28 00:00:00;2026-07-23 00:00:00;2026-07-17 00:00:00
2026-07-20 00:00:00;SO911665;C0014;CT002;879;2026-08-24 00:00:00;2026-08-16 00:00:00;2026-07-24 00:00:00;2026-07-16 00:00:00
2026-07-20 00:00:00;SO911665;C0014;VS002;959;2026-08-24 00:00:00;2026-08-25 00:00:00;2026-07-24 00:00:00;2026-07-25 00:00:00
2026-07-20 00:00:00;SO909724;C0017;VS002;516;2026-09-14 00:00:00;2026-09-24 00:00:00;2026-07-24 00:00:00;2026-08-03 00:00:00
2026-07-20 00:00:00;SO954391;C0009;AL001;705;2026-08-03 00:00:00;2026-08-07 00:00:00;2026-07-23 00:00:00;2026-07-27 00:00:00
2026-07-20 00:00:00;SO911665;C0014;VS001;1191;2026-08-24 00:00:00;2026-08-20 00:00:00;2026-07-24 00:00:00;2026-07-20 00:00:00
2026-07-20 00:00:00;SO911665;C0014;AL001;436;2026-08-24 00:00:00;2026-08-30 00:00:00;2026-07-24 00:00:00;2026-07-30 00:00:00
2026-07-20 00:00:00;SO911665;C0014;AS001;993;2026-08-24 00:00:00;2026-08-31 00:00:00;2026-07-24 00:00:00;2026-07-31 00:00:00
2026-07-20 00:00:00;SO954391;C0009;VS001;318;2026-08-03 00:00:00;2026-08-02 00:00:00;2026-07-23 00:00:00;2026-07-22 00:00:00
2026-07-20 00:00:00;SO909724;C0017;AL001;923;2026-09-14 00:00:00;2026-09-18 00:00:00;2026-07-24 00:00:00;2026-07-28 00:00:00
2026-07-20 00:00:00;SO909724;C0017;AT001;831;2026-09-14 00:00:00;2026-09-11 00:00:00;2026-07-24 00:00:00;2026-07-21 00:00:00
2026-07-20 00:00:00;SO909724;C0017;VS004;415;2026-09-14 00:00:00;2026-09-22 00:00:00;2026-07-24 00:00:00;2026-08-01 00:00:00
2026-07-20 00:00:00;SO911665;C0014;AT001;777;2026-08-24 00:00:00;2026-08-16 00:00:00;2026-07-24 00:00:00;2026-07-16 00:00:00
2026-07-20 00:00:00;SO954391;C0009;CL001;1257;2026-08-03 00:00:00;2026-07-29 00:00:00;2026-07-23 00:00:00;2026-07-18 00:00:00
2026-07-21 00:00:00;SO834801;C0003;CL001;771;2026-09-01 00:00:00;2026-08-28 00:00:00;2026-07-23 00:00:00;2026-07-19 00:00:00
2026-07-21 00:00:00;SO623345;C0027;AS001;553;2026-09-01 00:00:00;2026-09-11 00:00:00;2026-07-29 00:00:00;2026-08-08 00:00:00
2026-07-21 00:00:00;SO623345;C0027;VS001;869;2026-09-01 00:00:00;2026-08-27 00:00:00;2026-07-29 00:00:00;2026-07-24 00:00:00
2026-07-21 00:00:00;SO623345;C0027;CS003;569;2026-09-01 00:00:00;2026-08-31 00:00:00;2026-07-29 00:00:00;2026-07-28 00:00:00
2026-07-21 00:00:00;SO623345;C0027;AS004;828;2026-09-01 00:00:00;2026-08-26 00:00:00;2026-07-29 00:00:00;2026-07-23 00:00:00
2026-07-21 00:00:00;SO834801;C0003;AS002;1249;2026-09-01 00:00:00;2026-09-08 00:00:00;2026-07-23 00:00:00;2026-07-30 00:00:00
2026-07-21 00:00:00;SO623345;C0027;CS001;739;2026-09-01 00:00:00;2026-09-01 00:00:00;2026-07-29 00:00:00;2026-07-29 00:00:00
2026-07-21 00:00:00;SO623345;C0027;AS002;566;2026-09-01 00:00:00;2026-08-22 00:00:00;2026-07-29 00:00:00;2026-07-19 00:00:00
2026-07-21 00:00:00;SO834801;C0003;AT002;727;2026-09-01 00:00:00;2026-08-22 00:00:00;2026-07-23 00:00:00;2026-07-13 00:00:00
2026-07-21 00:00:00;SO623345;C0027;AT002;444;2026-09-01 00:00:00;2026-09-03 00:00:00;2026-07-29 00:00:00;2026-07-31 00:00:00
2026-07-21 00:00:00;SO834801;C0003;CT001;548;2026-09-01 00:00:00;2026-09-07 00:00:00;2026-07-23 00:00:00;2026-07-29 00:00:00
2026-07-21 00:00:00;SO834801;C0003;VS005;870;2026-09-01 00:00:00;2026-09-05 00:00:00;2026-07-23 00:00:00;2026-07-27 00:00:00
2026-07-22 00:00:00;SO412022;C0015;CL001;388;2026-09-02 00:00:00;2026-09-03 00:00:00;2026-07-26 00:00:00;2026-07-27 00:00:00
2026-07-22 00:00:00;SO463621;C0025;AS003;694;2026-08-19 00:00:00;2026-08-28 00:00:00;2026-07-30 00:00:00;2026-08-08 00:00:00
2026-07-22 00:00:00;SO911042;C0030;AS004;536;2026-09-23 00:00:00;2026-09-26 00:00:00;2026-07-30 00:00:00;2026-08-02 00:00:00
2026-07-22 00:00:00;SO463621;C0025;AS001;502;2026-08-19 00:00:00;2026-08-23 00:00:00;2026-07-30 00:00:00;2026-08-03 00:00:00
2026-07-22 00:00:00;SO463621;C0025;AS002;1322;2026-08-19 00:00:00;2026-08-28 00:00:00;2026-07-30 00:00:00;2026-08-08 00:00:00
2026-07-22 00:00:00;SO911042;C0030;VS001;588;2026-09-23 00:00:00;2026-09-18 00:00:00;2026-07-30 00:00:00;2026-07-25 00:00:00
2026-07-22 00:00:00;SO412022;C0015;AT002;380;2026-09-02 00:00:00;2026-08-30 00:00:00;2026-07-26 00:00:00;2026-07-23 00:00:00
2026-07-22 00:00:00;SO412022;C0015;CS004;767;2026-09-02 00:00:00;2026-09-05 00:00:00;2026-07-26 00:00:00;2026-07-29 00:00:00
2026-07-22 00:00:00;SO911042;C0030;AS003;516;2026-09-23 00:00:00;2026-09-24 00:00:00;2026-07-30 00:00:00;2026-07-31 00:00:00
2026-07-22 00:00:00;SO412022;C0015;VS003;264;2026-09-02 00:00:00;2026-09-05 00:00:00;2026-07-26 00:00:00;2026-07-29 00:00:00
2026-07-22 00:00:00;SO463621;C0025;CS003;940;2026-08-19 00:00:00;2026-08-11 00:00:00;2026-07-30 00:00:00;2026-07-22 00:00:00
2026-07-22 00:00:00;SO911042;C0030;AT002;952;2026-09-23 00:00:00;2026-09-29 00:00:00;2026-07-30 00:00:00;2026-08-05 00:00:00
2026-07-22 00:00:00;SO911042;C0030;AS002;793;2026-09-23 00:00:00;2026-09-30 00:00:00;2026-07-30 00:00:00;2026-08-06 00:00:00
2026-07-22 00:00:00;SO463621;C0025;CS001;1200;2026-08-19 00:00:00;2026-08-12 00:00:00;2026-07-30 00:00:00;2026-07-23 00:00:00
2026-07-22 00:00:00;SO911042;C0030;AT001;1145;2026-09-23 00:00:00;2026-09-18 00:00:00;2026-07-30 00:00:00;2026-07-25 00:00:00
2026-07-22 00:00:00;SO463621;C0025;CT003;865;2026-08-19 00:00:00;2026-08-25 00:00:00;2026-07-30 00:00:00;2026-08-05 00:00:00
2026-07-23 00:00:00;SO927678;C0007;VS005;548;2026-09-24 00:00:00;2026-09-20 00:00:00;2026-07-26 00:00:00;2026-07-22 00:00:00
2026-07-23 00:00:00;SO601877;C0029;CT002;1453;2026-09-17 00:00:00;2026-09-12 00:00:00;2026-07-31 00:00:00;2026-07-26 00:00:00
2026-07-23 00:00:00;SO710291;C0013;CT002;534;2026-08-20 00:00:00;2026-08-14 00:00:00;2026-07-27 00:00:00;2026-07-21 00:00:00
2026-07-23 00:00:00;SO371352;C0010;VS004;696;2026-09-03 00:00:00;2026-08-28 00:00:00;2026-07-26 00:00:00;2026-07-20 00:00:00
2026-07-23 00:00:00;SO601877;C0029;CT001;438;2026-09-17 00:00:00;2026-09-08 00:00:00;2026-07-31 00:00:00;2026-07-22 00:00:00
2026-07-23 00:00:00;SO710291;C0013;AT002;946;2026-08-20 00:00:00;2026-08-26 00:00:00;2026-07-27 00:00:00;2026-08-02 00:00:00
2026-07-23 00:00:00;SO371352;C0010;CS004;620;2026-09-03 00:00:00;2026-09-09 00:00:00;2026-07-26 00:00:00;2026-08-01 00:00:00
2026-07-23 00:00:00;SO710291;C0013;AL001;1058;2026-08-20 00:00:00;2026-08-24 00:00:00;2026-07-27 00:00:00;2026-07-31 00:00:00
2026-07-23 00:00:00;SO710291;C0013;AS001;525;2026-08-20 00:00:00;2026-08-19 00:00:00;2026-07-27 00:00:00;2026-07-26 00:00:00
2026-07-23 00:00:00;SO927678;C0007;AS004;635;2026-09-24 00:00:00;2026-09-21 00:00:00;2026-07-26 00:00:00;2026-07-23 00:00:00
2026-07-23 00:00:00;SO927678;C0007;VS003;326;2026-09-24 00:00:00;2026-09-27 00:00:00;2026-07-26 00:00:00;2026-07-29 00:00:00
2026-07-23 00:00:00;SO601877;C0029;AS004;1103;2026-09-17 00:00:00;2026-09-18 00:00:00;2026-07-31 00:00:00;2026-08-01 00:00:00
2026-07-24 00:00:00;SO394752;C0024;CS004;950;2026-08-21 00:00:00;2026-08-13 00:00:00;2026-07-28 00:00:00;2026-07-20 00:00:00
2026-07-24 00:00:00;SO742910;C0002;CS003;492;2026-08-28 00:00:00;2026-09-02 00:00:00;2026-07-26 00:00:00;2026-07-31 00:00:00
2026-07-24 00:00:00;SO394752;C0024;VS003;1089;2026-08-21 00:00:00;2026-08-31 00:00:00;2026-07-28 00:00:00;2026-08-07 00:00:00
2026-07-24 00:00:00;SO394752;C0024;CS001;984;2026-08-21 00:00:00;2026-08-22 00:00:00;2026-07-28 00:00:00;2026-07-29 00:00:00
2026-07-24 00:00:00;SO394752;C0024;AS003;704;2026-08-21 00:00:00;2026-08-29 00:00:00;2026-07-28 00:00:00;2026-08-05 00:00:00
2026-07-24 00:00:00;SO394752;C0024;AS004;439;2026-08-21 00:00:00;2026-08-15 00:00:00;2026-07-28 00:00:00;2026-07-22 00:00:00
2026-07-24 00:00:00;SO394752;C0024;VS005;1034;2026-08-21 00:00:00;2026-08-17 00:00:00;2026-07-28 00:00:00;2026-07-24 00:00:00
2026-07-24 00:00:00;SO394752;C0024;CT003;671;2026-08-21 00:00:00;2026-08-20 00:00:00;2026-07-28 00:00:00;2026-07-27 00:00:00
2026-07-24 00:00:00;SO742910;C0002;AT001;685;2026-08-28 00:00:00;2026-08-31 00:00:00;2026-07-26 00:00:00;2026-07-29 00:00:00
2026-07-24 00:00:00;SO394752;C0024;CL001;989;2026-08-21 00:00:00;2026-08-19 00:00:00;2026-07-28 00:00:00;2026-07-26 00:00:00
2026-07-24 00:00:00;SO394752;C0024;CT001;637;2026-08-21 00:00:00;2026-08-16 00:00:00;2026-07-28 00:00:00;2026-07-23 00:00:00
2026-07-24 00:00:00;SO742910;C0002;CS004;471;2026-08-28 00:00:00;2026-08-27 00:00:00;2026-07-26 00:00:00;2026-07-25 00:00:00
2026-07-24 00:00:00;SO742910;C0002;AL001;673;2026-08-28 00:00:00;2026-09-03 00:00:00;2026-07-26 00:00:00;2026-08-01 00:00:00
2026-07-24 00:00:00;SO394752;C0024;AT001;460;2026-08-21 00:00:00;2026-08-12 00:00:00;2026-07-28 00:00:00;2026-07-19 00:00:00
2026-07-24 00:00:00;SO394752;C0024;CT002;893;2026-08-21 00:00:00;2026-08-18 00:00:00;2026-07-28 00:00:00;2026-07-25 00:00:00
2026-07-24 00:00:00;SO742910;C0002;CS001;1004;2026-08-28 00:00:00;2026-08-28 00:00:00;2026-07-26 00:00:00;2026-07-26 00:00:00
2026-07-24 00:00:00;SO394752;C0024;VS004;464;2026-08-21 00:00:00;2026-08-31 00:00:00;2026-07-28 00:00:00;2026-08-07 00:00:00
2026-07-27 00:00:00;SO959540;C0012;AT001;840;2026-08-24 00:00:00;2026-08-17 00:00:00;2026-07-30 00:00:00;2026-07-23 00:00:00
2026-07-27 00:00:00;SO504908;C0005;AL001;288;2026-09-21 00:00:00;2026-09-24 00:00:00;2026-07-29 00:00:00;2026-08-01 00:00:00
2026-07-27 00:00:00;SO827490;C0019;AL001;544;2026-09-28 00:00:00;2026-09-19 00:00:00;2026-07-31 00:00:00;2026-07-22 00:00:00
2026-07-27 00:00:00;SO827490;C0019;AT001;1193;2026-09-28 00:00:00;2026-09-28 00:00:00;2026-07-31 00:00:00;2026-07-31 00:00:00
2026-07-27 00:00:00;SO827490;C0019;AS004;479;2026-09-28 00:00:00;2026-10-07 00:00:00;2026-07-31 00:00:00;2026-08-09 00:00:00
2026-07-27 00:00:00;SO827490;C0019;AT002;619;2026-09-28 00:00:00;2026-09-25 00:00:00;2026-07-31 00:00:00;2026-07-28 00:00:00
2026-07-27 00:00:00;SO827490;C0019;CS003;355;2026-09-28 00:00:00;2026-09-23 00:00:00;2026-07-31 00:00:00;2026-07-26 00:00:00
2026-07-27 00:00:00;SO827490;C0019;VS003;698;2026-09-28 00:00:00;2026-09-30 00:00:00;2026-07-31 00:00:00;2026-08-02 00:00:00
2026-07-27 00:00:00;SO504908;C0005;CT001;1010;2026-09-21 00:00:00;2026-09-14 00:00:00;2026-07-29 00:00:00;2026-07-22 00:00:00
2026-07-27 00:00:00;SO504908;C0005;VS004;639;2026-09-21 00:00:00;2026-09-16 00:00:00;2026-07-29 00:00:00;2026-07-24 00:00:00
2026-07-27 00:00:00;SO504908;C0005;AT002;1069;2026-09-21 00:00:00;2026-09-14 00:00:00;2026-07-29 00:00:00;2026-07-22 00:00:00
2026-07-27 00:00:00;SO827490;C0019;VS001;306;2026-09-28 00:00:00;2026-10-07 00:00:00;2026-07-31 00:00:00;2026-08-09 00:00:00
2026-07-27 00:00:00;SO827490;C0019;CL001;857;2026-09-28 00:00:00;2026-09-25 00:00:00;2026-07-31 00:00:00;2026-07-28 00:00:00
2026-07-27 00:00:00;SO959540;C0012;VS005;558;2026-08-24 00:00:00;2026-08-25 00:00:00;2026-07-30 00:00:00;2026-07-31 00:00:00
2026-07-27 00:00:00;SO959540;C0012;CS004;648;2026-08-24 00:00:00;2026-08-29 00:00:00;2026-07-30 00:00:00;2026-08-04 00:00:00
2026-07-27 00:00:00;SO827490;C0019;CT001;468;2026-09-28 00:00:00;2026-10-06 00:00:00;2026-07-31 00:00:00;2026-08-08 00:00:00
2026-07-27 00:00:00;SO504908;C0005;AT001;857;2026-09-21 00:00:00;2026-09-23 00:00:00;2026-07-29 00:00:00;2026-07-31 00:00:00
2026-07-27 00:00:00;SO959540;C0012;VS003;1202;2026-08-24 00:00:00;2026-08-20 00:00:00;2026-07-30 00:00:00;2026-07-26 00:00:00
2026-07-28 00:00:00;SO390623;C0025;CT001;1296;2026-08-25 00:00:00;2026-08-26 00:00:00;2026-08-05 00:00:00;2026-08-06 00:00:00
2026-07-28 00:00:00;SO115752;C0008;CS001;507;2026-09-22 00:00:00;2026-09-24 00:00:00;2026-07-31 00:00:00;2026-08-02 00:00:00
2026-07-28 00:00:00;SO847056;C0004;VS002;828;2026-08-11 00:00:00;2026-08-07 00:00:00;2026-07-30 00:00:00;2026-07-26 00:00:00
2026-07-28 00:00:00;SO677208;C0023;VS001;1405;2026-09-01 00:00:00;2026-09-01 00:00:00;2026-08-01 00:00:00;2026-08-01 00:00:00
2026-07-28 00:00:00;SO390623;C0025;CS004;503;2026-08-25 00:00:00;2026-08-16 00:00:00;2026-08-05 00:00:00;2026-07-27 00:00:00
2026-07-28 00:00:00;SO115752;C0008;CS003;883;2026-09-22 00:00:00;2026-09-12 00:00:00;2026-07-31 00:00:00;2026-07-21 00:00:00
2026-07-28 00:00:00;SO115752;C0008;AL001;427;2026-09-22 00:00:00;2026-09-30 00:00:00;2026-07-31 00:00:00;2026-08-08 00:00:00
2026-07-28 00:00:00;SO115752;C0008;AT001;313;2026-09-22 00:00:00;2026-09-13 00:00:00;2026-07-31 00:00:00;2026-07-22 00:00:00
2026-07-28 00:00:00;SO390623;C0025;AT001;1231;2026-08-25 00:00:00;2026-09-02 00:00:00;2026-08-05 00:00:00;2026-08-13 00:00:00
2026-07-28 00:00:00;SO677208;C0023;CT001;908;2026-09-01 00:00:00;2026-08-30 00:00:00;2026-08-01 00:00:00;2026-07-30 00:00:00
2026-07-28 00:00:00;SO115752;C0008;VS001;879;2026-09-22 00:00:00;2026-09-28 00:00:00;2026-07-31 00:00:00;2026-08-06 00:00:00
2026-07-28 00:00:00;SO390623;C0025;VS003;649;2026-08-25 00:00:00;2026-08-17 00:00:00;2026-08-05 00:00:00;2026-07-28 00:00:00
2026-07-28 00:00:00;SO115752;C0008;VS004;770;2026-09-22 00:00:00;2026-09-24 00:00:00;2026-07-31 00:00:00;2026-08-02 00:00:00
2026-07-28 00:00:00;SO847056;C0004;AS001;1259;2026-08-11 00:00:00;2026-08-18 00:00:00;2026-07-30 00:00:00;2026-08-06 00:00:00
2026-07-29 00:00:00;SO126769;C0016;CS001;1110;2026-08-12 00:00:00;2026-08-12 00:00:00;2026-08-02 00:00:00;2026-08-02 00:00:00
2026-07-29 00:00:00;SO129025;C0010;VS004;723;2026-09-09 00:00:00;2026-09-16 00:00:00;2026-08-01 00:00:00;2026-08-08 00:00:00
2026-07-29 00:00:00;SO989544;C0022;VS002;453;2026-09-09 00:00:00;2026-09-01 00:00:00;2026-08-02 00:00:00;2026-07-25 00:00:00
2026-07-29 00:00:00;SO585770;C0019;AS004;656;2026-09-30 00:00:00;2026-09-26 00:00:00;2026-08-02 00:00:00;2026-07-29 00:00:00
2026-07-29 00:00:00;SO585770;C0019;AS001;724;2026-09-30 00:00:00;2026-09-23 00:00:00;2026-08-02 00:00:00;2026-07-26 00:00:00
2026-07-29 00:00:00;SO989544;C0022;VS003;647;2026-09-09 00:00:00;2026-09-13 00:00:00;2026-08-02 00:00:00;2026-08-06 00:00:00
2026-07-29 00:00:00;SO129025;C0010;CS003;1002;2026-09-09 00:00:00;2026-09-10 00:00:00;2026-08-01 00:00:00;2026-08-02 00:00:00
2026-07-29 00:00:00;SO585770;C0019;AT001;950;2026-09-30 00:00:00;2026-09-21 00:00:00;2026-08-02 00:00:00;2026-07-24 00:00:00
2026-07-29 00:00:00;SO989544;C0022;VS005;983;2026-09-09 00:00:00;2026-09-12 00:00:00;2026-08-02 00:00:00;2026-08-05 00:00:00
2026-07-29 00:00:00;SO126769;C0016;VS002;642;2026-08-12 00:00:00;2026-08-06 00:00:00;2026-08-02 00:00:00;2026-07-27 00:00:00
2026-07-29 00:00:00;SO129025;C0010;AS004;544;2026-09-09 00:00:00;2026-08-30 00:00:00;2026-08-01 00:00:00;2026-07-22 00:00:00
2026-07-29 00:00:00;SO126769;C0016;CT002;937;2026-08-12 00:00:00;2026-08-16 00:00:00;2026-08-02 00:00:00;2026-08-06 00:00:00
2026-07-30 00:00:00;SO223055;C0026;AS003;552;2026-09-03 00:00:00;2026-09-11 00:00:00;2026-08-07 00:00:00;2026-08-15 00:00:00
2026-07-30 00:00:00;SO136449;C0004;CT001;776;2026-08-13 00:00:00;2026-08-16 00:00:00;2026-08-01 00:00:00;2026-08-04 00:00:00
2026-07-30 00:00:00;SO777245;C0024;AT001;1176;2026-08-27 00:00:00;2026-08-30 00:00:00;2026-08-03 00:00:00;2026-08-06 00:00:00
2026-07-30 00:00:00;SO901997;C0010;CL001;1017;2026-09-10 00:00:00;2026-09-19 00:00:00;2026-08-02 00:00:00;2026-08-11 00:00:00
2026-07-30 00:00:00;SO223055;C0026;CT001;1152;2026-09-03 00:00:00;2026-08-29 00:00:00;2026-08-07 00:00:00;2026-08-02 00:00:00
2026-07-30 00:00:00;SO777245;C0024;CT003;933;2026-08-27 00:00:00;2026-08-18 00:00:00;2026-08-03 00:00:00;2026-07-25 00:00:00
2026-07-30 00:00:00;SO777245;C0024;CT001;1081;2026-08-27 00:00:00;2026-08-18 00:00:00;2026-08-03 00:00:00;2026-07-25 00:00:00
2026-07-30 00:00:00;SO777245;C0024;CL001;1195;2026-08-27 00:00:00;2026-08-19 00:00:00;2026-08-03 00:00:00;2026-07-26 00:00:00
2026-07-30 00:00:00;SO901997;C0010;AS004;930;2026-09-10 00:00:00;2026-09-12 00:00:00;2026-08-02 00:00:00;2026-08-04 00:00:00
2026-07-30 00:00:00;SO777245;C0024;AS004;525;2026-08-27 00:00:00;2026-09-03 00:00:00;2026-08-03 00:00:00;2026-08-10 00:00:00
2026-07-30 00:00:00;SO777245;C0024;AL001;1198;2026-08-27 00:00:00;2026-08-17 00:00:00;2026-08-03 00:00:00;2026-07-24 00:00:00
2026-07-30 00:00:00;SO901997;C0010;VS004;1093;2026-09-10 00:00:00;2026-09-08 00:00:00;2026-08-02 00:00:00;2026-07-31 00:00:00
2026-07-30 00:00:00;SO901997;C0010;AS001;1112;2026-09-10 00:00:00;2026-09-01 00:00:00;2026-08-02 00:00:00;2026-07-24 00:00:00
2026-07-30 00:00:00;SO777245;C0024;AS003;950;2026-08-27 00:00:00;2026-08-22 00:00:00;2026-08-03 00:00:00;2026-07-29 00:00:00
2026-07-30 00:00:00;SO136449;C0004;AS003;1224;2026-08-13 00:00:00;2026-08-04 00:00:00;2026-08-01 00:00:00;2026-07-23 00:00:00
2026-07-30 00:00:00;SO136449;C0004;VS001;828;2026-08-13 00:00:00;2026-08-04 00:00:00;2026-08-01 00:00:00;2026-07-23 00:00:00
2026-07-30 00:00:00;SO901997;C0010;AS003;578;2026-09-10 00:00:00;2026-09-16 00:00:00;2026-08-02 00:00:00;2026-08-08 00:00:00
2026-07-30 00:00:00;SO901997;C0010;VS003;1065;2026-09-10 00:00:00;2026-09-18 00:00:00;2026-08-02 00:00:00;2026-08-10 00:00:00
2026-07-31 00:00:00;SO604054;C0002;AL001;973;2026-09-04 00:00:00;2026-08-28 00:00:00;2026-08-02 00:00:00;2026-07-26 00:00:00
2026-07-31 00:00:00;SO691052;C0008;VS005;906;2026-09-25 00:00:00;2026-10-01 00:00:00;2026-08-03 00:00:00;2026-08-09 00:00:00
2026-07-31 00:00:00;SO604054;C0002;AS001;725;2026-09-04 00:00:00;2026-08-31 00:00:00;2026-08-02 00:00:00;2026-07-29 00:00:00
2026-07-31 00:00:00;SO691052;C0008;CS001;808;2026-09-25 00:00:00;2026-09-24 00:00:00;2026-08-03 00:00:00;2026-08-02 00:00:00
2026-07-31 00:00:00;SO604054;C0002;VS005;917;2026-09-04 00:00:00;2026-08-31 00:00:00;2026-08-02 00:00:00;2026-07-29 00:00:00
2026-07-31 00:00:00;SO691052;C0008;VS002;528;2026-09-25 00:00:00;2026-10-04 00:00:00;2026-08-03 00:00:00;2026-08-12 00:00:00
2026-07-31 00:00:00;SO604054;C0002;CT001;876;2026-09-04 00:00:00;2026-09-10 00:00:00;2026-08-02 00:00:00;2026-08-08 00:00:00
2026-07-31 00:00:00;SO604054;C0002;AS002;435;2026-09-04 00:00:00;2026-09-02 00:00:00;2026-08-02 00:00:00;2026-07-31 00:00:00
2026-07-31 00:00:00;SO604054;C0002;AS004;1039;2026-09-04 00:00:00;2026-09-03 00:00:00;2026-08-02 00:00:00;2026-08-01 00:00:00
2026-07-31 00:00:00;SO691052;C0008;CL001;1304;2026-09-25 00:00:00;2026-10-05 00:00:00;2026-08-03 00:00:00;2026-08-13 00:00:00
2026-07-31 00:00:00;SO691052;C0008;AS002;1268;2026-09-25 00:00:00;2026-09-16 00:00:00;2026-08-03 00:00:00;2026-07-25 00:00:00
2026-07-31 00:00:00;SO691052;C0008;CT002;420;2026-09-25 00:00:00;2026-10-03 00:00:00;2026-08-03 00:00:00;2026-08-11 00:00:00
2026-08-03 00:00:00;SO717439;C0002;VS004;334;2026-09-07 00:00:00;2026-08-31 00:00:00;2026-08-05 00:00:00;2026-07-29 00:00:00
2026-08-03 00:00:00;SO861622;C0010;VS001;591;2026-09-14 00:00:00;2026-09-17 00:00:00;2026-08-06 00:00:00;2026-08-09 00:00:00
2026-08-03 00:00:00;SO407682;C0023;AS005;993;2026-09-07 00:00:00;2026-08-28 00:00:00;2026-08-07 00:00:00;2026-07-28 00:00:00
2026-08-03 00:00:00;SO407682;C0023;AL002;1197;2026-09-07 00:00:00;2026-09-13 00:00:00;2026-08-07 00:00:00;2026-08-13 00:00:00
2026-08-03 00:00:00;SO717439;C0002;CL002;998;2026-09-07 00:00:00;2026-09-15 00:00:00;2026-08-05 00:00:00;2026-08-13 00:00:00
2026-08-03 00:00:00;SO717439;C0002;AT001;549;2026-09-07 00:00:00;2026-09-05 00:00:00;2026-08-05 00:00:00;2026-08-03 00:00:00
2026-08-03 00:00:00;SO717439;C0002;AS002;751;2026-09-07 00:00:00;2026-09-05 00:00:00;2026-08-05 00:00:00;2026-08-03 00:00:00
2026-08-03 00:00:00;SO407682;C0023;AT001;974;2026-09-07 00:00:00;2026-09-06 00:00:00;2026-08-07 00:00:00;2026-08-06 00:00:00
2026-08-03 00:00:00;SO861622;C0010;AT001;1158;2026-09-14 00:00:00;2026-09-08 00:00:00;2026-08-06 00:00:00;2026-07-31 00:00:00
2026-08-03 00:00:00;SO407682;C0023;AT002;1135;2026-09-07 00:00:00;2026-09-12 00:00:00;2026-08-07 00:00:00;2026-08-12 00:00:00
2026-08-03 00:00:00;SO407682;C0023;CL002;1091;2026-09-07 00:00:00;2026-09-10 00:00:00;2026-08-07 00:00:00;2026-08-10 00:00:00
2026-08-03 00:00:00;SO861622;C0010;AS004;885;2026-09-14 00:00:00;2026-09-12 00:00:00;2026-08-06 00:00:00;2026-08-04 00:00:00
2026-08-03 00:00:00;SO861622;C0010;AL001;753;2026-09-14 00:00:00;2026-09-10 00:00:00;2026-08-06 00:00:00;2026-08-02 00:00:00
2026-08-03 00:00:00;SO861622;C0010;VS005;770;2026-09-14 00:00:00;2026-09-13 00:00:00;2026-08-06 00:00:00;2026-08-05 00:00:00
2026-08-03 00:00:00;SO861622;C0010;CS003;538;2026-09-14 00:00:00;2026-09-16 00:00:00;2026-08-06 00:00:00;2026-08-08 00:00:00
2026-08-03 00:00:00;SO407682;C0023;AS003;874;2026-09-07 00:00:00;2026-09-08 00:00:00;2026-08-07 00:00:00;2026-08-08 00:00:00
2026-08-03 00:00:00;SO717439;C0002;VS002;575;2026-09-07 00:00:00;2026-08-31 00:00:00;2026-08-05 00:00:00;2026-07-29 00:00:00
2026-08-03 00:00:00;SO407682;C0023;CT003;832;2026-09-07 00:00:00;2026-09-13 00:00:00;2026-08-07 00:00:00;2026-08-13 00:00:00
2026-08-03 00:00:00;SO717439;C0002;CS003;493;2026-09-07 00:00:00;2026-09-10 00:00:00;2026-08-05 00:00:00;2026-08-08 00:00:00
2026-08-03 00:00:00;SO407682;C0023;CL001;1254;2026-09-07 00:00:00;2026-08-29 00:00:00;2026-08-07 00:00:00;2026-07-29 00:00:00
2026-08-04 00:00:00;SO754889;C0030;AS004;665;2026-10-06 00:00:00;2026-10-01 00:00:00;2026-08-12 00:00:00;2026-08-07 00:00:00
2026-08-04 00:00:00;SO619069;C0028;CT003;1079;2026-08-18 00:00:00;2026-08-09 00:00:00;2026-08-12 00:00:00;2026-08-03 00:00:00
2026-08-04 00:00:00;SO619069;C0028;CS001;937;2026-08-18 00:00:00;2026-08-16 00:00:00;2026-08-12 00:00:00;2026-08-10 00:00:00
2026-08-04 00:00:00;SO619069;C0028;VS002;316;2026-08-18 00:00:00;2026-08-18 00:00:00;2026-08-12 00:00:00;2026-08-12 00:00:00
2026-08-04 00:00:00;SO619069;C0028;AS002;890;2026-08-18 00:00:00;2026-08-14 00:00:00;2026-08-12 00:00:00;2026-08-08 00:00:00
2026-08-04 00:00:00;SO619069;C0028;CT002;325;2026-08-18 00:00:00;2026-08-14 00:00:00;2026-08-12 00:00:00;2026-08-08 00:00:00
2026-08-04 00:00:00;SO619069;C0028;AS005;526;2026-08-18 00:00:00;2026-08-26 00:00:00;2026-08-12 00:00:00;2026-08-20 00:00:00
2026-08-04 00:00:00;SO619069;C0028;CL001;812;2026-08-18 00:00:00;2026-08-23 00:00:00;2026-08-12 00:00:00;2026-08-17 00:00:00
2026-08-04 00:00:00;SO619069;C0028;CS004;540;2026-08-18 00:00:00;2026-08-22 00:00:00;2026-08-12 00:00:00;2026-08-16 00:00:00
2026-08-04 00:00:00;SO619069;C0028;AT001;921;2026-08-18 00:00:00;2026-08-13 00:00:00;2026-08-12 00:00:00;2026-08-07 00:00:00
2026-08-04 00:00:00;SO754889;C0030;CL001;287;2026-10-06 00:00:00;2026-10-03 00:00:00;2026-08-12 00:00:00;2026-08-09 00:00:00
2026-08-04 00:00:00;SO754889;C0030;CS001;1015;2026-10-06 00:00:00;2026-10-07 00:00:00;2026-08-12 00:00:00;2026-08-13 00:00:00
2026-08-05 00:00:00;SO323171;C0022;AT002;353;2026-09-16 00:00:00;2026-09-16 00:00:00;2026-08-09 00:00:00;2026-08-09 00:00:00
2026-08-05 00:00:00;SO215577;C0025;AL001;903;2026-09-02 00:00:00;2026-08-23 00:00:00;2026-08-13 00:00:00;2026-08-03 00:00:00
2026-08-05 00:00:00;SO946945;C0015;CL001;609;2026-09-16 00:00:00;2026-09-19 00:00:00;2026-08-09 00:00:00;2026-08-12 00:00:00
2026-08-05 00:00:00;SO946945;C0015;CT001;533;2026-09-16 00:00:00;2026-09-26 00:00:00;2026-08-09 00:00:00;2026-08-19 00:00:00
2026-08-05 00:00:00;SO215577;C0025;AT002;330;2026-09-02 00:00:00;2026-09-08 00:00:00;2026-08-13 00:00:00;2026-08-19 00:00:00
2026-08-05 00:00:00;SO215577;C0025;CT003;798;2026-09-02 00:00:00;2026-08-23 00:00:00;2026-08-13 00:00:00;2026-08-03 00:00:00
2026-08-05 00:00:00;SO215577;C0025;CT002;932;2026-09-02 00:00:00;2026-09-05 00:00:00;2026-08-13 00:00:00;2026-08-16 00:00:00
2026-08-05 00:00:00;SO215577;C0025;AT001;838;2026-09-02 00:00:00;2026-09-08 00:00:00;2026-08-13 00:00:00;2026-08-19 00:00:00
2026-08-05 00:00:00;SO946945;C0015;AS004;888;2026-09-16 00:00:00;2026-09-10 00:00:00;2026-08-09 00:00:00;2026-08-03 00:00:00
2026-08-05 00:00:00;SO946945;C0015;CS004;1103;2026-09-16 00:00:00;2026-09-20 00:00:00;2026-08-09 00:00:00;2026-08-13 00:00:00
2026-08-05 00:00:00;SO215577;C0025;CS003;714;2026-09-02 00:00:00;2026-08-30 00:00:00;2026-08-13 00:00:00;2026-08-10 00:00:00
2026-08-05 00:00:00;SO215577;C0025;CT001;413;2026-09-02 00:00:00;2026-08-27 00:00:00;2026-08-13 00:00:00;2026-08-07 00:00:00
2026-08-05 00:00:00;SO946945;C0015;CL002;421;2026-09-16 00:00:00;2026-09-24 00:00:00;2026-08-09 00:00:00;2026-08-17 00:00:00
2026-08-05 00:00:00;SO323171;C0022;VS004;514;2026-09-16 00:00:00;2026-09-10 00:00:00;2026-08-09 00:00:00;2026-08-03 00:00:00
2026-08-05 00:00:00;SO946945;C0015;VS002;486;2026-09-16 00:00:00;2026-09-13 00:00:00;2026-08-09 00:00:00;2026-08-06 00:00:00
2026-08-05 00:00:00;SO946945;C0015;AL001;706;2026-09-16 00:00:00;2026-09-09 00:00:00;2026-08-09 00:00:00;2026-08-02 00:00:00
2026-08-05 00:00:00;SO215577;C0025;CL002;1017;2026-09-02 00:00:00;2026-08-29 00:00:00;2026-08-13 00:00:00;2026-08-09 00:00:00
2026-08-05 00:00:00;SO323171;C0022;AS003;531;2026-09-16 00:00:00;2026-09-07 00:00:00;2026-08-09 00:00:00;2026-07-31 00:00:00
2026-08-05 00:00:00;SO323171;C0022;AL001;1136;2026-09-16 00:00:00;2026-09-22 00:00:00;2026-08-09 00:00:00;2026-08-15 00:00:00
2026-08-06 00:00:00;SO328006;C0027;AS002;1428;2026-09-17 00:00:00;2026-09-22 00:00:00;2026-08-14 00:00:00;2026-08-19 00:00:00
2026-08-06 00:00:00;SO389547;C0020;AS004;1148;2026-10-01 00:00:00;2026-09-27 00:00:00;2026-08-10 00:00:00;2026-08-06 00:00:00
2026-08-06 00:00:00;SO117394;C0022;AT002;922;2026-09-17 00:00:00;2026-09-27 00:00:00;2026-08-10 00:00:00;2026-08-20 00:00:00
2026-08-06 00:00:00;SO332529;C0006;CS004;662;2026-10-08 00:00:00;2026-09-28 00:00:00;2026-08-08 00:00:00;2026-07-29 00:00:00
2026-08-06 00:00:00;SO332529;C0006;CS003;377;2026-10-08 00:00:00;2026-10-13 00:00:00;2026-08-08 00:00:00;2026-08-13 00:00:00
2026-08-06 00:00:00;SO117394;C0022;CT001;326;2026-09-17 00:00:00;2026-09-09 00:00:00;2026-08-10 00:00:00;2026-08-02 00:00:00
2026-08-06 00:00:00;SO389547;C0020;VS001;997;2026-10-01 00:00:00;2026-10-01 00:00:00;2026-08-10 00:00:00;2026-08-10 00:00:00
2026-08-06 00:00:00;SO117394;C0022;AT001;819;2026-09-17 00:00:00;2026-09-07 00:00:00;2026-08-10 00:00:00;2026-07-31 00:00:00
2026-08-06 00:00:00;SO328006;C0027;CS001;458;2026-09-17 00:00:00;2026-09-15 00:00:00;2026-08-14 00:00:00;2026-08-12 00:00:00
2026-08-06 00:00:00;SO328006;C0027;CS003;386;2026-09-17 00:00:00;2026-09-09 00:00:00;2026-08-14 00:00:00;2026-08-06 00:00:00
2026-08-06 00:00:00;SO117394;C0022;VS005;878;2026-09-17 00:00:00;2026-09-19 00:00:00;2026-08-10 00:00:00;2026-08-12 00:00:00
2026-08-06 00:00:00;SO117394;C0022;CS003;526;2026-09-17 00:00:00;2026-09-22 00:00:00;2026-08-10 00:00:00;2026-08-15 00:00:00
2026-08-06 00:00:00;SO328006;C0027;CS004;486;2026-09-17 00:00:00;2026-09-13 00:00:00;2026-08-14 00:00:00;2026-08-10 00:00:00
2026-08-06 00:00:00;SO332529;C0006;VS003;980;2026-10-08 00:00:00;2026-10-05 00:00:00;2026-08-08 00:00:00;2026-08-05 00:00:00
2026-08-06 00:00:00;SO117394;C0022;VS001;954;2026-09-17 00:00:00;2026-09-12 00:00:00;2026-08-10 00:00:00;2026-08-05 00:00:00
2026-08-06 00:00:00;SO332529;C0006;CT001;755;2026-10-08 00:00:00;2026-10-10 00:00:00;2026-08-08 00:00:00;2026-08-10 00:00:00
2026-08-06 00:00:00;SO389547;C0020;CS001;578;2026-10-01 00:00:00;2026-10-06 00:00:00;2026-08-10 00:00:00;2026-08-15 00:00:00
2026-08-07 00:00:00;SO133279;C0006;CS003;492;2026-10-09 00:00:00;2026-10-02 00:00:00;2026-08-09 00:00:00;2026-08-02 00:00:00
2026-08-07 00:00:00;SO190939;C0019;CL002;621;2026-10-09 00:00:00;2026-10-05 00:00:00;2026-08-11 00:00:00;2026-08-07 00:00:00
2026-08-07 00:00:00;SO133279;C0006;VS002;1280;2026-10-09 00:00:00;2026-10-18 00:00:00;2026-08-09 00:00:00;2026-08-18 00:00:00
2026-08-07 00:00:00;SO133279;C0006;CL002;833;2026-10-09 00:00:00;2026-10-02 00:00:00;2026-08-09 00:00:00;2026-08-02 00:00:00
2026-08-07 00:00:00;SO133279;C0006;VS003;1329;2026-10-09 00:00:00;2026-10-02 00:00:00;2026-08-09 00:00:00;2026-08-02 00:00:00
2026-08-07 00:00:00;SO190939;C0019;CS002;990;2026-10-09 00:00:00;2026-10-12 00:00:00;2026-08-11 00:00:00;2026-08-14 00:00:00
2026-08-07 00:00:00;SO190939;C0019;VS002;1021;2026-10-09 00:00:00;2026-10-05 00:00:00;2026-08-11 00:00:00;2026-08-07 00:00:00
2026-08-07 00:00:00;SO133279;C0006;CS001;766;2026-10-09 00:00:00;2026-10-12 00:00:00;2026-08-09 00:00:00;2026-08-12 00:00:00
2026-08-07 00:00:00;SO133279;C0006;CL001;643;2026-10-09 00:00:00;2026-10-08 00:00:00;2026-08-09 00:00:00;2026-08-08 00:00:00
2026-08-07 00:00:00;SO190939;C0019;VS005;701;2026-10-09 00:00:00;2026-10-06 00:00:00;2026-08-11 00:00:00;2026-08-08 00:00:00
2026-08-07 00:00:00;SO190939;C0019;VS004;983;2026-10-09 00:00:00;2026-10-11 00:00:00;2026-08-11 00:00:00;2026-08-13 00:00:00
2026-08-07 00:00:00;SO190939;C0019;CS003;1084;2026-10-09 00:00:00;2026-10-19 00:00:00;2026-08-11 00:00:00;2026-08-21 00:00:00
2026-08-07 00:00:00;SO133279;C0006;AL002;1252;2026-10-09 00:00:00;2026-09-29 00:00:00;2026-08-09 00:00:00;2026-07-30 00:00:00
2026-08-07 00:00:00;SO190939;C0019;CT001;389;2026-10-09 00:00:00;2026-10-12 00:00:00;2026-08-11 00:00:00;2026-08-14 00:00:00
2026-08-07 00:00:00;SO190939;C0019;AL001;526;2026-10-09 00:00:00;2026-10-16 00:00:00;2026-08-11 00:00:00;2026-08-18 00:00:00
2026-08-07 00:00:00;SO190939;C0019;CT003;397;2026-10-09 00:00:00;2026-10-06 00:00:00;2026-08-11 00:00:00;2026-08-08 00:00:00
2026-08-07 00:00:00;SO133279;C0006;VS001;1089;2026-10-09 00:00:00;2026-10-18 00:00:00;2026-08-09 00:00:00;2026-08-18 00:00:00
2026-08-10 00:00:00;SO9000044;C0017;VS003;1134;2026-10-05 00:00:00;2026-10-03 00:00:00;2026-08-14 00:00:00;2026-08-12 00:00:00
2026-08-10 00:00:00;SO582078;C0012;CT001;983;2026-09-07 00:00:00;2026-09-09 00:00:00;2026-08-13 00:00:00;2026-08-15 00:00:00
2026-08-10 00:00:00;SO9000044;C0017;CL002;379;2026-10-05 00:00:00;2026-10-09 00:00:00;2026-08-14 00:00:00;2026-08-18 00:00:00
2026-08-10 00:00:00;SO9000044;C0017;AS005;443;2026-10-05 00:00:00;2026-09-29 00:00:00;2026-08-14 00:00:00;2026-08-08 00:00:00
2026-08-10 00:00:00;SO9000044;C0017;AS004;769;2026-10-05 00:00:00;2026-10-02 00:00:00;2026-08-14 00:00:00;2026-08-11 00:00:00
2026-08-10 00:00:00;SO9000044;C0017;CT002;1253;2026-10-05 00:00:00;2026-10-05 00:00:00;2026-08-14 00:00:00;2026-08-14 00:00:00
2026-08-10 00:00:00;SO582078;C0012;VS002;776;2026-09-07 00:00:00;2026-09-13 00:00:00;2026-08-13 00:00:00;2026-08-19 00:00:00
2026-08-10 00:00:00;SO582078;C0012;AT002;392;2026-09-07 00:00:00;2026-09-16 00:00:00;2026-08-13 00:00:00;2026-08-22 00:00:00
2026-08-10 00:00:00;SO582078;C0012;AS005;1110;2026-09-07 00:00:00;2026-09-07 00:00:00;2026-08-13 00:00:00;2026-08-13 00:00:00
2026-08-10 00:00:00;SO582078;C0012;CL002;415;2026-09-07 00:00:00;2026-09-13 00:00:00;2026-08-13 00:00:00;2026-08-19 00:00:00
2026-08-10 00:00:00;SO9000044;C0017;AL001;1078;2026-10-05 00:00:00;2026-10-15 00:00:00;2026-08-14 00:00:00;2026-08-24 00:00:00
2026-08-10 00:00:00;SO9000044;C0017;AT002;847;2026-10-05 00:00:00;2026-10-05 00:00:00;2026-08-14 00:00:00;2026-08-14 00:00:00
2026-08-10 00:00:00;SO9000044;C0017;AL002;1162;2026-10-05 00:00:00;2026-10-04 00:00:00;2026-08-14 00:00:00;2026-08-13 00:00:00
2026-08-11 00:00:00;SO463210;C0016;CS001;763;2026-08-25 00:00:00;2026-08-26 00:00:00;2026-08-15 00:00:00;2026-08-16 00:00:00
2026-08-11 00:00:00;SO613239;C0025;CT003;711;2026-09-08 00:00:00;2026-08-29 00:00:00;2026-08-19 00:00:00;2026-08-09 00:00:00
2026-08-11 00:00:00;SO445509;C0005;VS005;572;2026-10-06 00:00:00;2026-10-05 00:00:00;2026-08-13 00:00:00;2026-08-12 00:00:00
2026-08-11 00:00:00;SO855394;C0013;AS004;800;2026-09-08 00:00:00;2026-09-07 00:00:00;2026-08-15 00:00:00;2026-08-14 00:00:00
2026-08-11 00:00:00;SO613239;C0025;VS003;379;2026-09-08 00:00:00;2026-09-04 00:00:00;2026-08-19 00:00:00;2026-08-15 00:00:00
2026-08-11 00:00:00;SO613239;C0025;AS002;898;2026-09-08 00:00:00;2026-09-16 00:00:00;2026-08-19 00:00:00;2026-08-27 00:00:00
2026-08-11 00:00:00;SO855394;C0013;AS002;355;2026-09-08 00:00:00;2026-09-10 00:00:00;2026-08-15 00:00:00;2026-08-17 00:00:00
2026-08-11 00:00:00;SO463210;C0016;AT002;632;2026-08-25 00:00:00;2026-09-03 00:00:00;2026-08-15 00:00:00;2026-08-24 00:00:00
2026-08-11 00:00:00;SO463210;C0016;VS003;984;2026-08-25 00:00:00;2026-08-18 00:00:00;2026-08-15 00:00:00;2026-08-08 00:00:00
2026-08-11 00:00:00;SO613239;C0025;AT002;1233;2026-09-08 00:00:00;2026-08-30 00:00:00;2026-08-19 00:00:00;2026-08-10 00:00:00
2026-08-11 00:00:00;SO613239;C0025;VS002;435;2026-09-08 00:00:00;2026-09-07 00:00:00;2026-08-19 00:00:00;2026-08-18 00:00:00
2026-08-11 00:00:00;SO445509;C0005;VS001;389;2026-10-06 00:00:00;2026-10-01 00:00:00;2026-08-13 00:00:00;2026-08-08 00:00:00
2026-08-11 00:00:00;SO445509;C0005;CS001;1021;2026-10-06 00:00:00;2026-09-26 00:00:00;2026-08-13 00:00:00;2026-08-03 00:00:00
2026-08-11 00:00:00;SO613239;C0025;CL001;453;2026-09-08 00:00:00;2026-09-08 00:00:00;2026-08-19 00:00:00;2026-08-19 00:00:00
2026-08-11 00:00:00;SO463210;C0016;AS003;794;2026-08-25 00:00:00;2026-08-28 00:00:00;2026-08-15 00:00:00;2026-08-18 00:00:00
2026-08-11 00:00:00;SO445509;C0005;AS003;607;2026-10-06 00:00:00;2026-10-05 00:00:00;2026-08-13 00:00:00;2026-08-12 00:00:00
2026-08-11 00:00:00;SO613239;C0025;CS003;1141;2026-09-08 00:00:00;2026-09-03 00:00:00;2026-08-19 00:00:00;2026-08-14 00:00:00
2026-08-11 00:00:00;SO445509;C0005;CL001;1177;2026-10-06 00:00:00;2026-10-02 00:00:00;2026-08-13 00:00:00;2026-08-09 00:00:00
2026-08-11 00:00:00;SO463210;C0016;AS005;723;2026-08-25 00:00:00;2026-08-31 00:00:00;2026-08-15 00:00:00;2026-08-21 00:00:00
2026-08-11 00:00:00;SO445509;C0005;VS004;462;2026-10-06 00:00:00;2026-10-07 00:00:00;2026-08-13 00:00:00;2026-08-14 00:00:00
2026-08-12 00:00:00;SO485721;C0004;VS001;855;2026-08-26 00:00:00;2026-09-05 00:00:00;2026-08-14 00:00:00;2026-08-24 00:00:00
2026-08-12 00:00:00;SO188180;C0017;CT002;591;2026-10-07 00:00:00;2026-09-28 00:00:00;2026-08-16 00:00:00;2026-08-07 00:00:00
2026-08-12 00:00:00;SO485721;C0004;AS003;1262;2026-08-26 00:00:00;2026-08-30 00:00:00;2026-08-14 00:00:00;2026-08-18 00:00:00
2026-08-12 00:00:00;SO485721;C0004;VS004;396;2026-08-26 00:00:00;2026-09-04 00:00:00;2026-08-14 00:00:00;2026-08-23 00:00:00
2026-08-12 00:00:00;SO188180;C0017;VS003;528;2026-10-07 00:00:00;2026-10-08 00:00:00;2026-08-16 00:00:00;2026-08-17 00:00:00
2026-08-12 00:00:00;SO188180;C0017;CT001;1032;2026-10-07 00:00:00;2026-10-08 00:00:00;2026-08-16 00:00:00;2026-08-17 00:00:00
2026-08-12 00:00:00;SO485721;C0004;CT002;845;2026-08-26 00:00:00;2026-08-16 00:00:00;2026-08-14 00:00:00;2026-08-04 00:00:00
2026-08-12 00:00:00;SO188180;C0017;CS004;835;2026-10-07 00:00:00;2026-09-30 00:00:00;2026-08-16 00:00:00;2026-08-09 00:00:00
2026-08-12 00:00:00;SO188180;C0017;CL001;1031;2026-10-07 00:00:00;2026-10-06 00:00:00;2026-08-16 00:00:00;2026-08-15 00:00:00
2026-08-12 00:00:00;SO485721;C0004;AL002;879;2026-08-26 00:00:00;2026-09-05 00:00:00;2026-08-14 00:00:00;2026-08-24 00:00:00
2026-08-12 00:00:00;SO485721;C0004;AT001;402;2026-08-26 00:00:00;2026-08-21 00:00:00;2026-08-14 00:00:00;2026-08-09 00:00:00
2026-08-12 00:00:00;SO485721;C0004;AS002;1133;2026-08-26 00:00:00;2026-08-21 00:00:00;2026-08-14 00:00:00;2026-08-09 00:00:00
2026-08-12 00:00:00;SO485721;C0004;VS005;473;2026-08-26 00:00:00;2026-08-22 00:00:00;2026-08-14 00:00:00;2026-08-10 00:00:00
2026-08-12 00:00:00;SO485721;C0004;CS003;555;2026-08-26 00:00:00;2026-08-27 00:00:00;2026-08-14 00:00:00;2026-08-15 00:00:00
2026-08-13 00:00:00;SO913236;C0020;CL002;531;2026-10-08 00:00:00;2026-10-12 00:00:00;2026-08-17 00:00:00;2026-08-21 00:00:00
2026-08-13 00:00:00;SO835982;C0005;CL002;731;2026-10-08 00:00:00;2026-10-17 00:00:00;2026-08-15 00:00:00;2026-08-24 00:00:00
2026-08-13 00:00:00;SO570619;C0023;VS004;845;2026-09-17 00:00:00;2026-09-13 00:00:00;2026-08-17 00:00:00;2026-08-13 00:00:00
2026-08-13 00:00:00;SO749788;C0026;AS004;1060;2026-09-17 00:00:00;2026-09-23 00:00:00;2026-08-21 00:00:00;2026-08-27 00:00:00
2026-08-13 00:00:00;SO835982;C0005;CS001;377;2026-10-08 00:00:00;2026-10-08 00:00:00;2026-08-15 00:00:00;2026-08-15 00:00:00
2026-08-13 00:00:00;SO570619;C0023;CS002;828;2026-09-17 00:00:00;2026-09-17 00:00:00;2026-08-17 00:00:00;2026-08-17 00:00:00
2026-08-13 00:00:00;SO749788;C0026;VS001;824;2026-09-17 00:00:00;2026-09-15 00:00:00;2026-08-21 00:00:00;2026-08-19 00:00:00
2026-08-13 00:00:00;SO913236;C0020;AT001;412;2026-10-08 00:00:00;2026-10-18 00:00:00;2026-08-17 00:00:00;2026-08-27 00:00:00
2026-08-13 00:00:00;SO835982;C0005;CT002;812;2026-10-08 00:00:00;2026-10-05 00:00:00;2026-08-15 00:00:00;2026-08-12 00:00:00
2026-08-13 00:00:00;SO570619;C0023;CL001;361;2026-09-17 00:00:00;2026-09-25 00:00:00;2026-08-17 00:00:00;2026-08-25 00:00:00
2026-08-13 00:00:00;SO570619;C0023;CT002;1089;2026-09-17 00:00:00;2026-09-11 00:00:00;2026-08-17 00:00:00;2026-08-11 00:00:00
2026-08-13 00:00:00;SO570619;C0023;CT003;766;2026-09-17 00:00:00;2026-09-20 00:00:00;2026-08-17 00:00:00;2026-08-20 00:00:00
2026-08-13 00:00:00;SO835982;C0005;CT001;668;2026-10-08 00:00:00;2026-10-07 00:00:00;2026-08-15 00:00:00;2026-08-14 00:00:00
2026-08-14 00:00:00;SO896351;C0025;AS003;984;2026-09-11 00:00:00;2026-09-18 00:00:00;2026-08-22 00:00:00;2026-08-29 00:00:00
2026-08-14 00:00:00;SO491331;C0009;VS003;463;2026-08-28 00:00:00;2026-08-18 00:00:00;2026-08-17 00:00:00;2026-08-07 00:00:00
2026-08-14 00:00:00;SO532650;C0029;AL001;1112;2026-10-09 00:00:00;2026-10-08 00:00:00;2026-08-22 00:00:00;2026-08-21 00:00:00
2026-08-14 00:00:00;SO858985;C0004;CT003;261;2026-08-28 00:00:00;2026-08-28 00:00:00;2026-08-16 00:00:00;2026-08-16 00:00:00
2026-08-14 00:00:00;SO491331;C0009;AS002;717;2026-08-28 00:00:00;2026-09-06 00:00:00;2026-08-17 00:00:00;2026-08-26 00:00:00
2026-08-14 00:00:00;SO896351;C0025;CL001;751;2026-09-11 00:00:00;2026-09-15 00:00:00;2026-08-22 00:00:00;2026-08-26 00:00:00
2026-08-14 00:00:00;SO896351;C0025;AL002;1386;2026-09-11 00:00:00;2026-09-20 00:00:00;2026-08-22 00:00:00;2026-08-31 00:00:00
2026-08-14 00:00:00;SO896351;C0025;AS005;1229;2026-09-11 00:00:00;2026-09-18 00:00:00;2026-08-22 00:00:00;2026-08-29 00:00:00
2026-08-14 00:00:00;SO491331;C0009;AT002;945;2026-08-28 00:00:00;2026-08-23 00:00:00;2026-08-17 00:00:00;2026-08-12 00:00:00
2026-08-14 00:00:00;SO491331;C0009;CT003;970;2026-08-28 00:00:00;2026-09-03 00:00:00;2026-08-17 00:00:00;2026-08-23 00:00:00
2026-08-14 00:00:00;SO858985;C0004;CT002;1287;2026-08-28 00:00:00;2026-09-07 00:00:00;2026-08-16 00:00:00;2026-08-26 00:00:00
2026-08-14 00:00:00;SO532650;C0029;VS005;1341;2026-10-09 00:00:00;2026-10-16 00:00:00;2026-08-22 00:00:00;2026-08-29 00:00:00
2026-08-14 00:00:00;SO896351;C0025;AL001;450;2026-09-11 00:00:00;2026-09-07 00:00:00;2026-08-22 00:00:00;2026-08-18 00:00:00
2026-08-14 00:00:00;SO491331;C0009;CS003;663;2026-08-28 00:00:00;2026-08-31 00:00:00;2026-08-17 00:00:00;2026-08-20 00:00:00
2026-08-14 00:00:00;SO858985;C0004;AS002;563;2026-08-28 00:00:00;2026-09-05 00:00:00;2026-08-16 00:00:00;2026-08-24 00:00:00
2026-08-14 00:00:00;SO896351;C0025;VS004;945;2026-09-11 00:00:00;2026-09-07 00:00:00;2026-08-22 00:00:00;2026-08-18 00:00:00
2026-08-17 00:00:00;SO807831;C0026;CS001;311;2026-09-21 00:00:00;2026-09-11 00:00:00;2026-08-25 00:00:00;2026-08-15 00:00:00
2026-08-17 00:00:00;SO525997;C0003;CT003;634;2026-09-28 00:00:00;2026-09-30 00:00:00;2026-08-19 00:00:00;2026-08-21 00:00:00
2026-08-17 00:00:00;SO875026;C0018;CT003;727;2026-10-19 00:00:00;2026-10-10 00:00:00;2026-08-21 00:00:00;2026-08-12 00:00:00
2026-08-17 00:00:00;SO122745;C0004;VS003;282;2026-08-31 00:00:00;2026-08-26 00:00:00;2026-08-19 00:00:00;2026-08-14 00:00:00
2026-08-17 00:00:00;SO875026;C0018;VS004;783;2026-10-19 00:00:00;2026-10-18 00:00:00;2026-08-21 00:00:00;2026-08-20 00:00:00
2026-08-17 00:00:00;SO875026;C0018;CL002;1219;2026-10-19 00:00:00;2026-10-12 00:00:00;2026-08-21 00:00:00;2026-08-14 00:00:00
2026-08-17 00:00:00;SO875026;C0018;VS001;922;2026-10-19 00:00:00;2026-10-24 00:00:00;2026-08-21 00:00:00;2026-08-26 00:00:00
2026-08-17 00:00:00;SO875026;C0018;CT001;1091;2026-10-19 00:00:00;2026-10-11 00:00:00;2026-08-21 00:00:00;2026-08-13 00:00:00
2026-08-17 00:00:00;SO807831;C0026;VS003;1401;2026-09-21 00:00:00;2026-09-23 00:00:00;2026-08-25 00:00:00;2026-08-27 00:00:00
2026-08-17 00:00:00;SO875026;C0018;CS004;515;2026-10-19 00:00:00;2026-10-24 00:00:00;2026-08-21 00:00:00;2026-08-26 00:00:00
2026-08-17 00:00:00;SO875026;C0018;AT002;528;2026-10-19 00:00:00;2026-10-23 00:00:00;2026-08-21 00:00:00;2026-08-25 00:00:00
2026-08-17 00:00:00;SO122745;C0004;CT003;762;2026-08-31 00:00:00;2026-08-21 00:00:00;2026-08-19 00:00:00;2026-08-09 00:00:00
2026-08-17 00:00:00;SO122745;C0004;CS001;615;2026-08-31 00:00:00;2026-08-24 00:00:00;2026-08-19 00:00:00;2026-08-12 00:00:00
2026-08-17 00:00:00;SO525997;C0003;AS002;484;2026-09-28 00:00:00;2026-09-18 00:00:00;2026-08-19 00:00:00;2026-08-09 00:00:00
2026-08-17 00:00:00;SO525997;C0003;AL002;1065;2026-09-28 00:00:00;2026-10-02 00:00:00;2026-08-19 00:00:00;2026-08-23 00:00:00
2026-08-17 00:00:00;SO875026;C0018;AL001;562;2026-10-19 00:00:00;2026-10-20 00:00:00;2026-08-21 00:00:00;2026-08-22 00:00:00
2026-08-18 00:00:00;SO481449;C0009;CS003;1112;2026-09-01 00:00:00;2026-09-01 00:00:00;2026-08-21 00:00:00;2026-08-21 00:00:00
2026-08-18 00:00:00;SO624717;C0015;VS005;607;2026-09-29 00:00:00;2026-09-21 00:00:00;2026-08-22 00:00:00;2026-08-14 00:00:00
2026-08-18 00:00:00;SO834698;C0029;CL002;1223;2026-10-13 00:00:00;2026-10-03 00:00:00;2026-08-26 00:00:00;2026-08-16 00:00:00
2026-08-18 00:00:00;SO366108;C0011;CS001;604;2026-09-22 00:00:00;2026-09-20 00:00:00;2026-08-21 00:00:00;2026-08-19 00:00:00
2026-08-18 00:00:00;SO481449;C0009;CT002;813;2026-09-01 00:00:00;2026-09-04 00:00:00;2026-08-21 00:00:00;2026-08-24 00:00:00
2026-08-18 00:00:00;SO624717;C0015;CL001;444;2026-09-29 00:00:00;2026-09-27 00:00:00;2026-08-22 00:00:00;2026-08-20 00:00:00
2026-08-18 00:00:00;SO481449;C0009;CS001;339;2026-09-01 00:00:00;2026-09-06 00:00:00;2026-08-21 00:00:00;2026-08-26 00:00:00
2026-08-18 00:00:00;SO481449;C0009;VS005;368;2026-09-01 00:00:00;2026-09-04 00:00:00;2026-08-21 00:00:00;2026-08-24 00:00:00
2026-08-18 00:00:00;SO481449;C0009;VS002;519;2026-09-01 00:00:00;2026-08-27 00:00:00;2026-08-21 00:00:00;2026-08-16 00:00:00
2026-08-18 00:00:00;SO366108;C0011;CS004;883;2026-09-22 00:00:00;2026-09-25 00:00:00;2026-08-21 00:00:00;2026-08-24 00:00:00
2026-08-18 00:00:00;SO834698;C0029;VS001;1035;2026-10-13 00:00:00;2026-10-14 00:00:00;2026-08-26 00:00:00;2026-08-27 00:00:00
2026-08-18 00:00:00;SO624717;C0015;CS001;425;2026-09-29 00:00:00;2026-09-20 00:00:00;2026-08-22 00:00:00;2026-08-13 00:00:00
2026-08-19 00:00:00;SO384529;C0003;AT001;1318;2026-09-30 00:00:00;2026-10-04 00:00:00;2026-08-21 00:00:00;2026-08-25 00:00:00
2026-08-19 00:00:00;SO492166;C0001;VS001;969;2026-09-16 00:00:00;2026-09-17 00:00:00;2026-08-21 00:00:00;2026-08-22 00:00:00
2026-08-19 00:00:00;SO384529;C0003;AS002;1282;2026-09-30 00:00:00;2026-10-07 00:00:00;2026-08-21 00:00:00;2026-08-28 00:00:00
2026-08-19 00:00:00;SO384529;C0003;CS002;586;2026-09-30 00:00:00;2026-09-20 00:00:00;2026-08-21 00:00:00;2026-08-11 00:00:00
2026-08-19 00:00:00;SO384529;C0003;CS001;638;2026-09-30 00:00:00;2026-09-20 00:00:00;2026-08-21 00:00:00;2026-08-11 00:00:00
2026-08-19 00:00:00;SO384529;C0003;CT001;592;2026-09-30 00:00:00;2026-09-24 00:00:00;2026-08-21 00:00:00;2026-08-15 00:00:00
2026-08-19 00:00:00;SO492166;C0001;AL001;890;2026-09-16 00:00:00;2026-09-24 00:00:00;2026-08-21 00:00:00;2026-08-29 00:00:00
2026-08-19 00:00:00;SO384529;C0003;CT003;719;2026-09-30 00:00:00;2026-10-01 00:00:00;2026-08-21 00:00:00;2026-08-22 00:00:00
2026-08-19 00:00:00;SO492166;C0001;VS004;1235;2026-09-16 00:00:00;2026-09-22 00:00:00;2026-08-21 00:00:00;2026-08-27 00:00:00
2026-08-19 00:00:00;SO492166;C0001;AS004;928;2026-09-16 00:00:00;2026-09-11 00:00:00;2026-08-21 00:00:00;2026-08-16 00:00:00
2026-08-19 00:00:00;SO492166;C0001;AS005;952;2026-09-16 00:00:00;2026-09-10 00:00:00;2026-08-21 00:00:00;2026-08-15 00:00:00
2026-08-19 00:00:00;SO384529;C0003;CT002;1073;2026-09-30 00:00:00;2026-10-08 00:00:00;2026-08-21 00:00:00;2026-08-29 00:00:00
2026-08-19 00:00:00;SO492166;C0001;AS003;354;2026-09-16 00:00:00;2026-09-11 00:00:00;2026-08-21 00:00:00;2026-08-16 00:00:00
2026-08-19 00:00:00;SO384529;C0003;CL001;808;2026-09-30 00:00:00;2026-09-28 00:00:00;2026-08-21 00:00:00;2026-08-19 00:00:00
2026-08-19 00:00:00;SO492166;C0001;CL001;776;2026-09-16 00:00:00;2026-09-12 00:00:00;2026-08-21 00:00:00;2026-08-17 00:00:00
2026-08-19 00:00:00;SO384529;C0003;AL001;964;2026-09-30 00:00:00;2026-10-05 00:00:00;2026-08-21 00:00:00;2026-08-26 00:00:00
2026-08-19 00:00:00;SO492166;C0001;CS004;445;2026-09-16 00:00:00;2026-09-24 00:00:00;2026-08-21 00:00:00;2026-08-29 00:00:00
2026-08-20 00:00:00;SO675870;C0025;AS005;493;2026-09-17 00:00:00;2026-09-11 00:00:00;2026-08-28 00:00:00;2026-08-22 00:00:00
2026-08-20 00:00:00;SO613073;C0021;AT002;813;2026-09-03 00:00:00;2026-08-27 00:00:00;2026-08-24 00:00:00;2026-08-17 00:00:00
2026-08-20 00:00:00;SO879350;C0020;AS003;1067;2026-10-15 00:00:00;2026-10-19 00:00:00;2026-08-24 00:00:00;2026-08-28 00:00:00
2026-08-20 00:00:00;SO613073;C0021;CL001;719;2026-09-03 00:00:00;2026-09-05 00:00:00;2026-08-24 00:00:00;2026-08-26 00:00:00
2026-08-20 00:00:00;SO613073;C0021;AS003;696;2026-09-03 00:00:00;2026-08-29 00:00:00;2026-08-24 00:00:00;2026-08-19 00:00:00
2026-08-20 00:00:00;SO675870;C0025;CS003;1107;2026-09-17 00:00:00;2026-09-17 00:00:00;2026-08-28 00:00:00;2026-08-28 00:00:00
2026-08-20 00:00:00;SO879350;C0020;AS005;521;2026-10-15 00:00:00;2026-10-12 00:00:00;2026-08-24 00:00:00;2026-08-21 00:00:00
2026-08-20 00:00:00;SO613073;C0021;CL002;805;2026-09-03 00:00:00;2026-09-07 00:00:00;2026-08-24 00:00:00;2026-08-28 00:00:00
2026-08-20 00:00:00;SO675870;C0025;VS001;1079;2026-09-17 00:00:00;2026-09-15 00:00:00;2026-08-28 00:00:00;2026-08-26 00:00:00
2026-08-20 00:00:00;SO675870;C0025;CL001;420;2026-09-17 00:00:00;2026-09-17 00:00:00;2026-08-28 00:00:00;2026-08-28 00:00:00
2026-08-20 00:00:00;SO675870;C0025;CT003;902;2026-09-17 00:00:00;2026-09-16 00:00:00;2026-08-28 00:00:00;2026-08-27 00:00:00
2026-08-20 00:00:00;SO675870;C0025;CS001;405;2026-09-17 00:00:00;2026-09-23 00:00:00;2026-08-28 00:00:00;2026-09-03 00:00:00
2026-08-21 00:00:00;SO699820;C0015;AS003;817;2026-10-02 00:00:00;2026-10-12 00:00:00;2026-08-25 00:00:00;2026-09-04 00:00:00
2026-08-21 00:00:00;SO669889;C0003;CT001;1178;2026-10-02 00:00:00;2026-09-24 00:00:00;2026-08-23 00:00:00;2026-08-15 00:00:00
2026-08-21 00:00:00;SO669889;C0003;CS001;836;2026-10-02 00:00:00;2026-09-25 00:00:00;2026-08-23 00:00:00;2026-08-16 00:00:00
2026-08-21 00:00:00;SO669889;C0003;VS005;1183;2026-10-02 00:00:00;2026-10-11 00:00:00;2026-08-23 00:00:00;2026-09-01 00:00:00
2026-08-21 00:00:00;SO669889;C0003;CT002;1253;2026-10-02 00:00:00;2026-10-05 00:00:00;2026-08-23 00:00:00;2026-08-26 00:00:00
2026-08-21 00:00:00;SO699820;C0015;AS002;397;2026-10-02 00:00:00;2026-09-27 00:00:00;2026-08-25 00:00:00;2026-08-20 00:00:00
2026-08-21 00:00:00;SO699820;C0015;AL001;326;2026-10-02 00:00:00;2026-09-30 00:00:00;2026-08-25 00:00:00;2026-08-23 00:00:00
2026-08-21 00:00:00;SO699820;C0015;CT002;493;2026-10-02 00:00:00;2026-09-24 00:00:00;2026-08-25 00:00:00;2026-08-17 00:00:00
2026-08-21 00:00:00;SO669889;C0003;AS005;1045;2026-10-02 00:00:00;2026-10-07 00:00:00;2026-08-23 00:00:00;2026-08-28 00:00:00
2026-08-21 00:00:00;SO699820;C0015;VS004;552;2026-10-02 00:00:00;2026-09-28 00:00:00;2026-08-25 00:00:00;2026-08-21 00:00:00
2026-08-21 00:00:00;SO699820;C0015;AT002;312;2026-10-02 00:00:00;2026-10-06 00:00:00;2026-08-25 00:00:00;2026-08-29 00:00:00
2026-08-21 00:00:00;SO699820;C0015;CT001;336;2026-10-02 00:00:00;2026-09-27 00:00:00;2026-08-25 00:00:00;2026-08-20 00:00:00
2026-08-21 00:00:00;SO699820;C0015;AS005;405;2026-10-02 00:00:00;2026-09-30 00:00:00;2026-08-25 00:00:00;2026-08-23 00:00:00
2026-08-21 00:00:00;SO669889;C0003;CS004;606;2026-10-02 00:00:00;2026-10-05 00:00:00;2026-08-23 00:00:00;2026-08-26 00:00:00
2026-08-21 00:00:00;SO669889;C0003;VS002;670;2026-10-02 00:00:00;2026-09-28 00:00:00;2026-08-23 00:00:00;2026-08-19 00:00:00
2026-08-21 00:00:00;SO669889;C0003;AL001;698;2026-10-02 00:00:00;2026-09-29 00:00:00;2026-08-23 00:00:00;2026-08-20 00:00:00
2026-08-21 00:00:00;SO669889;C0003;VS001;1010;2026-10-02 00:00:00;2026-10-01 00:00:00;2026-08-23 00:00:00;2026-08-22 00:00:00
2026-08-24 00:00:00;SO295334;C0022;AL001;668;2026-10-05 00:00:00;2026-10-13 00:00:00;2026-08-28 00:00:00;2026-09-05 00:00:00
2026-08-24 00:00:00;SO997761;C0027;VS003;552;2026-10-05 00:00:00;2026-09-28 00:00:00;2026-09-01 00:00:00;2026-08-25 00:00:00
2026-08-24 00:00:00;SO386219;C0001;CS003;775;2026-09-21 00:00:00;2026-09-25 00:00:00;2026-08-26 00:00:00;2026-08-30 00:00:00
2026-08-24 00:00:00;SO608113;C0023;AS002;887;2026-09-28 00:00:00;2026-09-23 00:00:00;2026-08-28 00:00:00;2026-08-23 00:00:00
2026-08-24 00:00:00;SO386219;C0001;VS002;621;2026-09-21 00:00:00;2026-09-22 00:00:00;2026-08-26 00:00:00;2026-08-27 00:00:00
2026-08-24 00:00:00;SO997761;C0027;AS003;604;2026-10-05 00:00:00;2026-09-30 00:00:00;2026-09-01 00:00:00;2026-08-27 00:00:00
2026-08-24 00:00:00;SO608113;C0023;VS002;822;2026-09-28 00:00:00;2026-10-06 00:00:00;2026-08-28 00:00:00;2026-09-05 00:00:00
2026-08-24 00:00:00;SO295334;C0022;VS001;1287;2026-10-05 00:00:00;2026-10-15 00:00:00;2026-08-28 00:00:00;2026-09-07 00:00:00
2026-08-24 00:00:00;SO997761;C0027;CS002;698;2026-10-05 00:00:00;2026-10-10 00:00:00;2026-09-01 00:00:00;2026-09-06 00:00:00
2026-08-24 00:00:00;SO386219;C0001;CT002;510;2026-09-21 00:00:00;2026-09-18 00:00:00;2026-08-26 00:00:00;2026-08-23 00:00:00
2026-08-24 00:00:00;SO295334;C0022;CS004;469;2026-10-05 00:00:00;2026-10-04 00:00:00;2026-08-28 00:00:00;2026-08-27 00:00:00
2026-08-24 00:00:00;SO295334;C0022;AS004;597;2026-10-05 00:00:00;2026-10-04 00:00:00;2026-08-28 00:00:00;2026-08-27 00:00:00
2026-08-24 00:00:00;SO386219;C0001;AS003;804;2026-09-21 00:00:00;2026-10-01 00:00:00;2026-08-26 00:00:00;2026-09-05 00:00:00
2026-08-24 00:00:00;SO295334;C0022;AS002;1018;2026-10-05 00:00:00;2026-10-07 00:00:00;2026-08-28 00:00:00;2026-08-30 00:00:00
2026-08-25 00:00:00;SO819040;C0002;VS004;403;2026-09-29 00:00:00;2026-09-24 00:00:00;2026-08-27 00:00:00;2026-08-22 00:00:00
2026-08-25 00:00:00;SO765613;C0012;CS004;509;2026-09-22 00:00:00;2026-09-13 00:00:00;2026-08-28 00:00:00;2026-08-19 00:00:00
2026-08-25 00:00:00;SO284656;C0001;VS002;900;2026-09-22 00:00:00;2026-09-15 00:00:00;2026-08-27 00:00:00;2026-08-20 00:00:00
2026-08-25 00:00:00;SO284656;C0001;VS001;832;2026-09-22 00:00:00;2026-09-18 00:00:00;2026-08-27 00:00:00;2026-08-23 00:00:00
2026-08-25 00:00:00;SO819040;C0002;VS003;1173;2026-09-29 00:00:00;2026-09-19 00:00:00;2026-08-27 00:00:00;2026-08-17 00:00:00
2026-08-25 00:00:00;SO819040;C0002;AS005;864;2026-09-29 00:00:00;2026-09-30 00:00:00;2026-08-27 00:00:00;2026-08-28 00:00:00
2026-08-25 00:00:00;SO765613;C0012;CT001;769;2026-09-22 00:00:00;2026-09-21 00:00:00;2026-08-28 00:00:00;2026-08-27 00:00:00
2026-08-25 00:00:00;SO284656;C0001;AT001;691;2026-09-22 00:00:00;2026-09-25 00:00:00;2026-08-27 00:00:00;2026-08-30 00:00:00
2026-08-25 00:00:00;SO765613;C0012;AT002;1056;2026-09-22 00:00:00;2026-09-20 00:00:00;2026-08-28 00:00:00;2026-08-26 00:00:00
2026-08-25 00:00:00;SO765613;C0012;AS002;526;2026-09-22 00:00:00;2026-09-28 00:00:00;2026-08-28 00:00:00;2026-09-03 00:00:00
2026-08-25 00:00:00;SO765613;C0012;CL002;536;2026-09-22 00:00:00;2026-09-17 00:00:00;2026-08-28 00:00:00;2026-08-23 00:00:00
2026-08-25 00:00:00;SO819040;C0002;VS001;717;2026-09-29 00:00:00;2026-09-25 00:00:00;2026-08-27 00:00:00;2026-08-23 00:00:00
2026-08-25 00:00:00;SO819040;C0002;CS002;1358;2026-09-29 00:00:00;2026-09-27 00:00:00;2026-08-27 00:00:00;2026-08-25 00:00:00
2026-08-25 00:00:00;SO765613;C0012;VS002;1131;2026-09-22 00:00:00;2026-09-21 00:00:00;2026-08-28 00:00:00;2026-08-27 00:00:00
2026-08-25 00:00:00;SO284656;C0001;CS004;1281;2026-09-22 00:00:00;2026-10-01 00:00:00;2026-08-27 00:00:00;2026-09-05 00:00:00
2026-08-25 00:00:00;SO284656;C0001;CS001;293;2026-09-22 00:00:00;2026-09-21 00:00:00;2026-08-27 00:00:00;2026-08-26 00:00:00
2026-08-25 00:00:00;SO819040;C0002;CT001;654;2026-09-29 00:00:00;2026-10-08 00:00:00;2026-08-27 00:00:00;2026-09-05 00:00:00
2026-08-25 00:00:00;SO765613;C0012;AL001;659;2026-09-22 00:00:00;2026-09-30 00:00:00;2026-08-28 00:00:00;2026-09-05 00:00:00
2026-08-26 00:00:00;SO623184;C0008;VS004;1008;2026-10-21 00:00:00;2026-10-21 00:00:00;2026-08-29 00:00:00;2026-08-29 00:00:00
2026-08-26 00:00:00;SO914781;C0015;VS001;718;2026-10-07 00:00:00;2026-10-17 00:00:00;2026-08-30 00:00:00;2026-09-09 00:00:00
2026-08-26 00:00:00;SO159278;C0014;VS003;1058;2026-09-30 00:00:00;2026-09-25 00:00:00;2026-08-30 00:00:00;2026-08-25 00:00:00
2026-08-26 00:00:00;SO160263;C0002;CL001;434;2026-09-30 00:00:00;2026-10-06 00:00:00;2026-08-28 00:00:00;2026-09-03 00:00:00
2026-08-26 00:00:00;SO159278;C0014;AL002;815;2026-09-30 00:00:00;2026-09-21 00:00:00;2026-08-30 00:00:00;2026-08-21 00:00:00
2026-08-26 00:00:00;SO160263;C0002;VS002;895;2026-09-30 00:00:00;2026-10-03 00:00:00;2026-08-28 00:00:00;2026-08-31 00:00:00
2026-08-26 00:00:00;SO623184;C0008;VS005;1035;2026-10-21 00:00:00;2026-10-21 00:00:00;2026-08-29 00:00:00;2026-08-29 00:00:00
2026-08-26 00:00:00;SO914781;C0015;CT001;334;2026-10-07 00:00:00;2026-10-09 00:00:00;2026-08-30 00:00:00;2026-09-01 00:00:00
2026-08-26 00:00:00;SO914781;C0015;CL002;942;2026-10-07 00:00:00;2026-10-10 00:00:00;2026-08-30 00:00:00;2026-09-02 00:00:00
2026-08-26 00:00:00;SO159278;C0014;VS004;804;2026-09-30 00:00:00;2026-09-30 00:00:00;2026-08-30 00:00:00;2026-08-30 00:00:00
2026-08-26 00:00:00;SO623184;C0008;AS004;450;2026-10-21 00:00:00;2026-10-20 00:00:00;2026-08-29 00:00:00;2026-08-28 00:00:00
2026-08-26 00:00:00;SO914781;C0015;CS002;850;2026-10-07 00:00:00;2026-10-07 00:00:00;2026-08-30 00:00:00;2026-08-30 00:00:00
2026-08-26 00:00:00;SO159278;C0014;AS003;1034;2026-09-30 00:00:00;2026-09-24 00:00:00;2026-08-30 00:00:00;2026-08-24 00:00:00
2026-08-26 00:00:00;SO159278;C0014;CL002;814;2026-09-30 00:00:00;2026-09-20 00:00:00;2026-08-30 00:00:00;2026-08-20 00:00:00
2026-08-26 00:00:00;SO160263;C0002;AT001;894;2026-09-30 00:00:00;2026-09-28 00:00:00;2026-08-28 00:00:00;2026-08-26 00:00:00
2026-08-26 00:00:00;SO160263;C0002;AS002;1152;2026-09-30 00:00:00;2026-10-02 00:00:00;2026-08-28 00:00:00;2026-08-30 00:00:00
2026-08-27 00:00:00;SO475290;C0030;AS003;788;2026-10-29 00:00:00;2026-11-01 00:00:00;2026-09-04 00:00:00;2026-09-07 00:00:00
2026-08-27 00:00:00;SO288244;C0012;CT002;1108;2026-09-24 00:00:00;2026-10-01 00:00:00;2026-08-30 00:00:00;2026-09-06 00:00:00
2026-08-27 00:00:00;SO475290;C0030;VS003;1045;2026-10-29 00:00:00;2026-10-26 00:00:00;2026-09-04 00:00:00;2026-09-01 00:00:00
2026-08-27 00:00:00;SO288244;C0012;CS003;1337;2026-09-24 00:00:00;2026-09-29 00:00:00;2026-08-30 00:00:00;2026-09-04 00:00:00
2026-08-27 00:00:00;SO288244;C0012;CL001;900;2026-09-24 00:00:00;2026-10-02 00:00:00;2026-08-30 00:00:00;2026-09-07 00:00:00
2026-08-27 00:00:00;SO288244;C0012;AT001;785;2026-09-24 00:00:00;2026-09-30 00:00:00;2026-08-30 00:00:00;2026-09-05 00:00:00
2026-08-27 00:00:00;SO475290;C0030;CT003;919;2026-10-29 00:00:00;2026-10-21 00:00:00;2026-09-04 00:00:00;2026-08-27 00:00:00
2026-08-27 00:00:00;SO475290;C0030;CS004;638;2026-10-29 00:00:00;2026-11-06 00:00:00;2026-09-04 00:00:00;2026-09-12 00:00:00
2026-08-27 00:00:00;SO288244;C0012;AS002;311;2026-09-24 00:00:00;2026-09-21 00:00:00;2026-08-30 00:00:00;2026-08-27 00:00:00
2026-08-27 00:00:00;SO475290;C0030;VS004;722;2026-10-29 00:00:00;2026-11-03 00:00:00;2026-09-04 00:00:00;2026-09-09 00:00:00
2026-08-27 00:00:00;SO475290;C0030;CS001;1197;2026-10-29 00:00:00;2026-10-22 00:00:00;2026-09-04 00:00:00;2026-08-28 00:00:00
2026-08-27 00:00:00;SO475290;C0030;CS002;1280;2026-10-29 00:00:00;2026-10-31 00:00:00;2026-09-04 00:00:00;2026-09-06 00:00:00
2026-08-27 00:00:00;SO475290;C0030;VS005;1410;2026-10-29 00:00:00;2026-10-19 00:00:00;2026-09-04 00:00:00;2026-08-25 00:00:00
2026-08-27 00:00:00;SO475290;C0030;AS005;718;2026-10-29 00:00:00;2026-10-24 00:00:00;2026-09-04 00:00:00;2026-08-30 00:00:00
2026-08-27 00:00:00;SO288244;C0012;AL001;1050;2026-09-24 00:00:00;2026-10-04 00:00:00;2026-08-30 00:00:00;2026-09-09 00:00:00
2026-08-27 00:00:00;SO288244;C0012;VS004;817;2026-09-24 00:00:00;2026-09-24 00:00:00;2026-08-30 00:00:00;2026-08-30 00:00:00
2026-08-27 00:00:00;SO475290;C0030;AL001;1097;2026-10-29 00:00:00;2026-10-26 00:00:00;2026-09-04 00:00:00;2026-09-01 00:00:00
2026-08-27 00:00:00;SO475290;C0030;VS002;1114;2026-10-29 00:00:00;2026-11-04 00:00:00;2026-09-04 00:00:00;2026-09-10 00:00:00
2026-08-28 00:00:00;SO504881;C0017;AS003;642;2026-10-23 00:00:00;2026-10-25 00:00:00;2026-09-01 00:00:00;2026-09-03 00:00:00
2026-08-28 00:00:00;SO889851;C0019;AT002;648;2026-10-30 00:00:00;2026-11-05 00:00:00;2026-09-01 00:00:00;2026-09-07 00:00:00
2026-08-28 00:00:00;SO233362;C0016;AS004;1291;2026-09-11 00:00:00;2026-09-07 00:00:00;2026-09-01 00:00:00;2026-08-28 00:00:00
2026-08-28 00:00:00;SO233362;C0016;CT002;978;2026-09-11 00:00:00;2026-09-01 00:00:00;2026-09-01 00:00:00;2026-08-22 00:00:00
2026-08-28 00:00:00;SO504881;C0017;CS004;758;2026-10-23 00:00:00;2026-10-23 00:00:00;2026-09-01 00:00:00;2026-09-01 00:00:00
2026-08-28 00:00:00;SO889851;C0019;VS004;1207;2026-10-30 00:00:00;2026-10-29 00:00:00;2026-09-01 00:00:00;2026-08-31 00:00:00
2026-08-28 00:00:00;SO889851;C0019;VS005;1075;2026-10-30 00:00:00;2026-11-05 00:00:00;2026-09-01 00:00:00;2026-09-07 00:00:00
2026-08-28 00:00:00;SO233362;C0016;VS004;944;2026-09-11 00:00:00;2026-09-05 00:00:00;2026-09-01 00:00:00;2026-08-26 00:00:00
2026-08-28 00:00:00;SO889851;C0019;CS004;973;2026-10-30 00:00:00;2026-11-09 00:00:00;2026-09-01 00:00:00;2026-09-11 00:00:00
2026-08-28 00:00:00;SO233362;C0016;AS003;822;2026-09-11 00:00:00;2026-09-11 00:00:00;2026-09-01 00:00:00;2026-09-01 00:00:00
2026-08-28 00:00:00;SO889851;C0019;AS004;829;2026-10-30 00:00:00;2026-11-03 00:00:00;2026-09-01 00:00:00;2026-09-05 00:00:00
2026-08-28 00:00:00;SO233362;C0016;AT002;729;2026-09-11 00:00:00;2026-09-21 00:00:00;2026-09-01 00:00:00;2026-09-11 00:00:00
2026-08-28 00:00:00;SO233362;C0016;CS001;955;2026-09-11 00:00:00;2026-09-16 00:00:00;2026-09-01 00:00:00;2026-09-06 00:00:00
2026-08-28 00:00:00;SO504881;C0017;CL001;862;2026-10-23 00:00:00;2026-10-30 00:00:00;2026-09-01 00:00:00;2026-09-08 00:00:00
2026-08-28 00:00:00;SO889851;C0019;CT002;761;2026-10-30 00:00:00;2026-11-08 00:00:00;2026-09-01 00:00:00;2026-09-10 00:00:00
2026-08-28 00:00:00;SO233362;C0016;CT003;426;2026-09-11 00:00:00;2026-09-09 00:00:00;2026-09-01 00:00:00;2026-08-30 00:00:00
2026-08-31 00:00:00;SO470656;C0026;VS001;840;2026-10-05 00:00:00;2026-10-04 00:00:00;2026-09-08 00:00:00;2026-09-07 00:00:00
2026-08-31 00:00:00;SO320685;C0009;AS004;696;2026-09-14 00:00:00;2026-09-04 00:00:00;2026-09-03 00:00:00;2026-08-24 00:00:00
2026-08-31 00:00:00;SO470656;C0026;AT002;1106;2026-10-05 00:00:00;2026-10-06 00:00:00;2026-09-08 00:00:00;2026-09-09 00:00:00
2026-08-31 00:00:00;SO320685;C0009;VS001;776;2026-09-14 00:00:00;2026-09-05 00:00:00;2026-09-03 00:00:00;2026-08-25 00:00:00
2026-08-31 00:00:00;SO320685;C0009;CS002;990;2026-09-14 00:00:00;2026-09-16 00:00:00;2026-09-03 00:00:00;2026-09-05 00:00:00
2026-08-31 00:00:00;SO470656;C0026;VS002;1248;2026-10-05 00:00:00;2026-10-07 00:00:00;2026-09-08 00:00:00;2026-09-10 00:00:00
2026-08-31 00:00:00;SO470656;C0026;AT001;492;2026-10-05 00:00:00;2026-10-04 00:00:00;2026-09-08 00:00:00;2026-09-07 00:00:00
2026-08-31 00:00:00;SO470656;C0026;CT002;713;2026-10-05 00:00:00;2026-09-26 00:00:00;2026-09-08 00:00:00;2026-08-30 00:00:00
2026-08-31 00:00:00;SO470656;C0026;AS002;1017;2026-10-05 00:00:00;2026-10-05 00:00:00;2026-09-08 00:00:00;2026-09-08 00:00:00
2026-08-31 00:00:00;SO470656;C0026;CS004;1277;2026-10-05 00:00:00;2026-10-01 00:00:00;2026-09-08 00:00:00;2026-09-04 00:00:00
2026-08-31 00:00:00;SO470656;C0026;CS002;364;2026-10-05 00:00:00;2026-10-02 00:00:00;2026-09-08 00:00:00;2026-09-05 00:00:00
2026-08-31 00:00:00;SO320685;C0009;AS005;1145;2026-09-14 00:00:00;2026-09-22 00:00:00;2026-09-03 00:00:00;2026-09-11 00:00:00
2026-08-31 00:00:00;SO470656;C0026;VS004;708;2026-10-05 00:00:00;2026-09-29 00:00:00;2026-09-08 00:00:00;2026-09-02 00:00:00
2026-09-01 00:00:00;SO153943;C0018;CS001;360;2026-11-03 00:00:00;2026-10-28 00:00:00;2026-09-05 00:00:00;2026-08-30 00:00:00
2026-09-01 00:00:00;SO733936;C0009;CS004;786;2026-09-15 00:00:00;2026-09-20 00:00:00;2026-09-04 00:00:00;2026-09-09 00:00:00
2026-09-01 00:00:00;SO363956;C0012;CS001;692;2026-09-29 00:00:00;2026-10-01 00:00:00;2026-09-04 00:00:00;2026-09-06 00:00:00
2026-09-01 00:00:00;SO325742;C0020;AL002;606;2026-10-27 00:00:00;2026-10-27 00:00:00;2026-09-05 00:00:00;2026-09-05 00:00:00
2026-09-01 00:00:00;SO153943;C0018;AS002;393;2026-11-03 00:00:00;2026-11-05 00:00:00;2026-09-05 00:00:00;2026-09-07 00:00:00
2026-09-01 00:00:00;SO363956;C0012;AS002;983;2026-09-29 00:00:00;2026-09-21 00:00:00;2026-09-04 00:00:00;2026-08-27 00:00:00
2026-09-01 00:00:00;SO153943;C0018;CT002;809;2026-11-03 00:00:00;2026-10-25 00:00:00;2026-09-05 00:00:00;2026-08-27 00:00:00
2026-09-01 00:00:00;SO733936;C0009;AS002;1120;2026-09-15 00:00:00;2026-09-09 00:00:00;2026-09-04 00:00:00;2026-08-29 00:00:00
2026-09-01 00:00:00;SO733936;C0009;AS005;696;2026-09-15 00:00:00;2026-09-13 00:00:00;2026-09-04 00:00:00;2026-09-02 00:00:00
2026-09-01 00:00:00;SO363956;C0012;CT003;630;2026-09-29 00:00:00;2026-09-26 00:00:00;2026-09-04 00:00:00;2026-09-01 00:00:00
2026-09-01 00:00:00;SO153943;C0018;AS004;1062;2026-11-03 00:00:00;2026-10-28 00:00:00;2026-09-05 00:00:00;2026-08-30 00:00:00
2026-09-01 00:00:00;SO733936;C0009;CT003;1121;2026-09-15 00:00:00;2026-09-11 00:00:00;2026-09-04 00:00:00;2026-08-31 00:00:00
2026-09-01 00:00:00;SO153943;C0018;AS005;1273;2026-11-03 00:00:00;2026-11-01 00:00:00;2026-09-05 00:00:00;2026-09-03 00:00:00
2026-09-01 00:00:00;SO363956;C0012;AS004;334;2026-09-29 00:00:00;2026-10-04 00:00:00;2026-09-04 00:00:00;2026-09-09 00:00:00
2026-09-01 00:00:00;SO733936;C0009;VS005;709;2026-09-15 00:00:00;2026-09-14 00:00:00;2026-09-04 00:00:00;2026-09-03 00:00:00
2026-09-01 00:00:00;SO325742;C0020;CL002;549;2026-10-27 00:00:00;2026-10-25 00:00:00;2026-09-05 00:00:00;2026-09-03 00:00:00
2026-09-02 00:00:00;SO480870;C0003;CT002;558;2026-10-14 00:00:00;2026-10-14 00:00:00;2026-09-04 00:00:00;2026-09-04 00:00:00
2026-09-02 00:00:00;SO888745;C0021;CS001;701;2026-09-16 00:00:00;2026-09-16 00:00:00;2026-09-06 00:00:00;2026-09-06 00:00:00
2026-09-02 00:00:00;SO480870;C0003;AS002;1400;2026-10-14 00:00:00;2026-10-08 00:00:00;2026-09-04 00:00:00;2026-08-29 00:00:00
2026-09-02 00:00:00;SO480870;C0003;AL002;1201;2026-10-14 00:00:00;2026-10-13 00:00:00;2026-09-04 00:00:00;2026-09-03 00:00:00
2026-09-02 00:00:00;SO480870;C0003;AS005;1016;2026-10-14 00:00:00;2026-10-10 00:00:00;2026-09-04 00:00:00;2026-08-31 00:00:00
2026-09-02 00:00:00;SO480870;C0003;AS004;335;2026-10-14 00:00:00;2026-10-12 00:00:00;2026-09-04 00:00:00;2026-09-02 00:00:00
2026-09-02 00:00:00;SO480870;C0003;AT001;413;2026-10-14 00:00:00;2026-10-22 00:00:00;2026-09-04 00:00:00;2026-09-12 00:00:00
2026-09-02 00:00:00;SO480870;C0003;CT003;410;2026-10-14 00:00:00;2026-10-23 00:00:00;2026-09-04 00:00:00;2026-09-13 00:00:00
2026-09-02 00:00:00;SO888745;C0021;CL002;890;2026-09-16 00:00:00;2026-09-06 00:00:00;2026-09-06 00:00:00;2026-08-27 00:00:00
2026-09-02 00:00:00;SO888745;C0021;CT002;898;2026-09-16 00:00:00;2026-09-12 00:00:00;2026-09-06 00:00:00;2026-09-02 00:00:00
2026-09-02 00:00:00;SO480870;C0003;CS001;564;2026-10-14 00:00:00;2026-10-20 00:00:00;2026-09-04 00:00:00;2026-09-10 00:00:00
2026-09-02 00:00:00;SO480870;C0003;CL001;984;2026-10-14 00:00:00;2026-10-08 00:00:00;2026-09-04 00:00:00;2026-08-29 00:00:00
2026-09-02 00:00:00;SO888745;C0021;VS004;892;2026-09-16 00:00:00;2026-09-15 00:00:00;2026-09-06 00:00:00;2026-09-05 00:00:00
2026-09-02 00:00:00;SO480870;C0003;CT001;751;2026-10-14 00:00:00;2026-10-14 00:00:00;2026-09-04 00:00:00;2026-09-04 00:00:00
2026-09-03 00:00:00;SO127996;C0022;AS002;771;2026-10-15 00:00:00;2026-10-17 00:00:00;2026-09-07 00:00:00;2026-09-09 00:00:00
2026-09-03 00:00:00;SO434662;C0019;CS002;1476;2026-11-05 00:00:00;2026-11-04 00:00:00;2026-09-07 00:00:00;2026-09-06 00:00:00
2026-09-03 00:00:00;SO434662;C0019;VS005;649;2026-11-05 00:00:00;2026-11-03 00:00:00;2026-09-07 00:00:00;2026-09-05 00:00:00
2026-09-03 00:00:00;SO127996;C0022;CL002;701;2026-10-15 00:00:00;2026-10-21 00:00:00;2026-09-07 00:00:00;2026-09-13 00:00:00
2026-09-03 00:00:00;SO434662;C0019;AS004;1280;2026-11-05 00:00:00;2026-11-02 00:00:00;2026-09-07 00:00:00;2026-09-04 00:00:00
2026-09-03 00:00:00;SO434662;C0019;CS004;1093;2026-11-05 00:00:00;2026-11-09 00:00:00;2026-09-07 00:00:00;2026-09-11 00:00:00
2026-09-03 00:00:00;SO434662;C0019;AT001;1063;2026-11-05 00:00:00;2026-11-14 00:00:00;2026-09-07 00:00:00;2026-09-16 00:00:00
2026-09-03 00:00:00;SO127996;C0022;VS004;814;2026-10-15 00:00:00;2026-10-13 00:00:00;2026-09-07 00:00:00;2026-09-05 00:00:00
2026-09-03 00:00:00;SO127996;C0022;VS002;327;2026-10-15 00:00:00;2026-10-20 00:00:00;2026-09-07 00:00:00;2026-09-12 00:00:00
2026-09-03 00:00:00;SO127996;C0022;VS005;360;2026-10-15 00:00:00;2026-10-21 00:00:00;2026-09-07 00:00:00;2026-09-13 00:00:00
2026-09-03 00:00:00;SO434662;C0019;CT003;621;2026-11-05 00:00:00;2026-10-31 00:00:00;2026-09-07 00:00:00;2026-09-02 00:00:00
2026-09-03 00:00:00;SO127996;C0022;CT002;1196;2026-10-15 00:00:00;2026-10-20 00:00:00;2026-09-07 00:00:00;2026-09-12 00:00:00
2026-09-03 00:00:00;SO127996;C0022;AT001;1088;2026-10-15 00:00:00;2026-10-20 00:00:00;2026-09-07 00:00:00;2026-09-12 00:00:00
2026-09-03 00:00:00;SO127996;C0022;AS001;564;2026-10-15 00:00:00;2026-10-21 00:00:00;2026-09-07 00:00:00;2026-09-13 00:00:00
2026-09-03 00:00:00;SO127996;C0022;CT001;441;2026-10-15 00:00:00;2026-10-21 00:00:00;2026-09-07 00:00:00;2026-09-13 00:00:00
2026-09-03 00:00:00;SO434662;C0019;VS003;760;2026-11-05 00:00:00;2026-10-29 00:00:00;2026-09-07 00:00:00;2026-08-31 00:00:00
2026-09-03 00:00:00;SO434662;C0019;CT001;900;2026-11-05 00:00:00;2026-11-04 00:00:00;2026-09-07 00:00:00;2026-09-06 00:00:00
2026-09-03 00:00:00;SO127996;C0022;AS003;467;2026-10-15 00:00:00;2026-10-14 00:00:00;2026-09-07 00:00:00;2026-09-06 00:00:00
2026-09-03 00:00:00;SO127996;C0022;CL001;1032;2026-10-15 00:00:00;2026-10-19 00:00:00;2026-09-07 00:00:00;2026-09-11 00:00:00
2026-09-03 00:00:00;SO127996;C0022;AS004;790;2026-10-15 00:00:00;2026-10-17 00:00:00;2026-09-07 00:00:00;2026-09-09 00:00:00
2026-09-04 00:00:00;SO881679;C0023;VS003;432;2026-10-09 00:00:00;2026-10-18 00:00:00;2026-09-08 00:00:00;2026-09-17 00:00:00
2026-09-04 00:00:00;SO255581;C0027;AS005;993;2026-10-16 00:00:00;2026-10-25 00:00:00;2026-09-12 00:00:00;2026-09-21 00:00:00
2026-09-04 00:00:00;SO881679;C0023;CT001;575;2026-10-09 00:00:00;2026-10-11 00:00:00;2026-09-08 00:00:00;2026-09-10 00:00:00
2026-09-04 00:00:00;SO881679;C0023;CS004;1055;2026-10-09 00:00:00;2026-10-06 00:00:00;2026-09-08 00:00:00;2026-09-05 00:00:00
2026-09-04 00:00:00;SO881679;C0023;CL001;1370;2026-10-09 00:00:00;2026-09-30 00:00:00;2026-09-08 00:00:00;2026-08-30 00:00:00
2026-09-04 00:00:00;SO255581;C0027;CS002;1049;2026-10-16 00:00:00;2026-10-13 00:00:00;2026-09-12 00:00:00;2026-09-09 00:00:00
2026-09-04 00:00:00;SO881679;C0023;CT002;1370;2026-10-09 00:00:00;2026-10-02 00:00:00;2026-09-08 00:00:00;2026-09-01 00:00:00
2026-09-04 00:00:00;SO881679;C0023;AT001;432;2026-10-09 00:00:00;2026-10-15 00:00:00;2026-09-08 00:00:00;2026-09-14 00:00:00
2026-09-04 00:00:00;SO255581;C0027;CL001;1018;2026-10-16 00:00:00;2026-10-19 00:00:00;2026-09-12 00:00:00;2026-09-15 00:00:00
2026-09-04 00:00:00;SO255581;C0027;AT001;384;2026-10-16 00:00:00;2026-10-15 00:00:00;2026-09-12 00:00:00;2026-09-11 00:00:00
2026-09-04 00:00:00;SO881679;C0023;VS004;1287;2026-10-09 00:00:00;2026-10-05 00:00:00;2026-09-08 00:00:00;2026-09-04 00:00:00
2026-09-04 00:00:00;SO255581;C0027;CS004;1088;2026-10-16 00:00:00;2026-10-25 00:00:00;2026-09-12 00:00:00;2026-09-21 00:00:00
2026-09-04 00:00:00;SO255581;C0027;VS004;387;2026-10-16 00:00:00;2026-10-20 00:00:00;2026-09-12 00:00:00;2026-09-16 00:00:00
2026-09-04 00:00:00;SO255581;C0027;VS001;1323;2026-10-16 00:00:00;2026-10-12 00:00:00;2026-09-12 00:00:00;2026-09-08 00:00:00
2026-09-04 00:00:00;SO255581;C0027;CT002;344;2026-10-16 00:00:00;2026-10-24 00:00:00;2026-09-12 00:00:00;2026-09-20 00:00:00
2026-09-04 00:00:00;SO881679;C0023;CL002;1046;2026-10-09 00:00:00;2026-10-16 00:00:00;2026-09-08 00:00:00;2026-09-15 00:00:00
2026-09-04 00:00:00;SO881679;C0023;AL002;983;2026-10-09 00:00:00;2026-09-29 00:00:00;2026-09-08 00:00:00;2026-08-29 00:00:00
2026-09-07 00:00:00;SO933574;C0002;VS002;448;2026-10-12 00:00:00;2026-10-21 00:00:00;2026-09-09 00:00:00;2026-09-18 00:00:00
2026-09-07 00:00:00;SO330545;C0022;CT003;715;2026-10-19 00:00:00;2026-10-15 00:00:00;2026-09-11 00:00:00;2026-09-07 00:00:00
2026-09-07 00:00:00;SO830874;C0010;CS002;1093;2026-10-19 00:00:00;2026-10-13 00:00:00;2026-09-10 00:00:00;2026-09-04 00:00:00
2026-09-07 00:00:00;SO933574;C0002;CS004;544;2026-10-12 00:00:00;2026-10-12 00:00:00;2026-09-09 00:00:00;2026-09-09 00:00:00
2026-09-07 00:00:00;SO830874;C0010;AS005;1358;2026-10-19 00:00:00;2026-10-25 00:00:00;2026-09-10 00:00:00;2026-09-16 00:00:00
2026-09-07 00:00:00;SO830874;C0010;VS004;919;2026-10-19 00:00:00;2026-10-22 00:00:00;2026-09-10 00:00:00;2026-09-13 00:00:00
2026-09-07 00:00:00;SO330545;C0022;CL002;985;2026-10-19 00:00:00;2026-10-13 00:00:00;2026-09-11 00:00:00;2026-09-05 00:00:00
2026-09-07 00:00:00;SO830874;C0010;AT001;1271;2026-10-19 00:00:00;2026-10-14 00:00:00;2026-09-10 00:00:00;2026-09-05 00:00:00
2026-09-07 00:00:00;SO330545;C0022;VS001;1249;2026-10-19 00:00:00;2026-10-23 00:00:00;2026-09-11 00:00:00;2026-09-15 00:00:00
2026-09-07 00:00:00;SO933574;C0002;AT001;479;2026-10-12 00:00:00;2026-10-22 00:00:00;2026-09-09 00:00:00;2026-09-19 00:00:00
2026-09-07 00:00:00;SO330545;C0022;VS004;342;2026-10-19 00:00:00;2026-10-26 00:00:00;2026-09-11 00:00:00;2026-09-18 00:00:00
2026-09-07 00:00:00;SO830874;C0010;CT001;837;2026-10-19 00:00:00;2026-10-25 00:00:00;2026-09-10 00:00:00;2026-09-16 00:00:00
2026-09-08 00:00:00;SO437543;C0025;CT001;1131;2026-10-06 00:00:00;2026-10-13 00:00:00;2026-09-16 00:00:00;2026-09-23 00:00:00
2026-09-08 00:00:00;SO180203;C0018;AS005;760;2026-11-10 00:00:00;2026-11-15 00:00:00;2026-09-12 00:00:00;2026-09-17 00:00:00
2026-09-08 00:00:00;SO180203;C0018;CS001;454;2026-11-10 00:00:00;2026-11-12 00:00:00;2026-09-12 00:00:00;2026-09-14 00:00:00
2026-09-08 00:00:00;SO180203;C0018;VS001;710;2026-11-10 00:00:00;2026-11-06 00:00:00;2026-09-12 00:00:00;2026-09-08 00:00:00
2026-09-08 00:00:00;SO437543;C0025;CL001;715;2026-10-06 00:00:00;2026-10-07 00:00:00;2026-09-16 00:00:00;2026-09-17 00:00:00
2026-09-08 00:00:00;SO437543;C0025;AS005;729;2026-10-06 00:00:00;2026-10-13 00:00:00;2026-09-16 00:00:00;2026-09-23 00:00:00
2026-09-08 00:00:00;SO180203;C0018;VS005;1068;2026-11-10 00:00:00;2026-11-11 00:00:00;2026-09-12 00:00:00;2026-09-13 00:00:00
2026-09-08 00:00:00;SO180203;C0018;CS004;1379;2026-11-10 00:00:00;2026-11-12 00:00:00;2026-09-12 00:00:00;2026-09-14 00:00:00
2026-09-08 00:00:00;SO180203;C0018;VS003;935;2026-11-10 00:00:00;2026-11-11 00:00:00;2026-09-12 00:00:00;2026-09-13 00:00:00
2026-09-08 00:00:00;SO437543;C0025;VS002;1083;2026-10-06 00:00:00;2026-09-29 00:00:00;2026-09-16 00:00:00;2026-09-09 00:00:00
2026-09-08 00:00:00;SO180203;C0018;CL001;1116;2026-11-10 00:00:00;2026-11-17 00:00:00;2026-09-12 00:00:00;2026-09-19 00:00:00
2026-09-08 00:00:00;SO437543;C0025;VS005;713;2026-10-06 00:00:00;2026-10-01 00:00:00;2026-09-16 00:00:00;2026-09-11 00:00:00
2026-09-08 00:00:00;SO180203;C0018;CS002;893;2026-11-10 00:00:00;2026-10-31 00:00:00;2026-09-12 00:00:00;2026-09-02 00:00:00
2026-09-08 00:00:00;SO437543;C0025;CS002;503;2026-10-06 00:00:00;2026-09-28 00:00:00;2026-09-16 00:00:00;2026-09-08 00:00:00
2026-09-08 00:00:00;SO437543;C0025;AS001;1112;2026-10-06 00:00:00;2026-09-26 00:00:00;2026-09-16 00:00:00;2026-09-06 00:00:00
2026-09-08 00:00:00;SO180203;C0018;CL002;510;2026-11-10 00:00:00;2026-11-03 00:00:00;2026-09-12 00:00:00;2026-09-05 00:00:00
2026-09-08 00:00:00;SO180203;C0018;AS001;1086;2026-11-10 00:00:00;2026-10-31 00:00:00;2026-09-12 00:00:00;2026-09-02 00:00:00
2026-09-08 00:00:00;SO437543;C0025;CL002;1114;2026-10-06 00:00:00;2026-10-11 00:00:00;2026-09-16 00:00:00;2026-09-21 00:00:00
2026-09-09 00:00:00;SO682385;C0013;CL001;309;2026-10-07 00:00:00;2026-10-14 00:00:00;2026-09-13 00:00:00;2026-09-20 00:00:00
2026-09-09 00:00:00;SO653092;C0021;AS001;618;2026-09-23 00:00:00;2026-09-14 00:00:00;2026-09-13 00:00:00;2026-09-04 00:00:00
2026-09-09 00:00:00;SO635529;C0001;CT002;1319;2026-10-07 00:00:00;2026-09-30 00:00:00;2026-09-11 00:00:00;2026-09-04 00:00:00
2026-09-09 00:00:00;SO426248;C0018;AS004;1252;2026-11-11 00:00:00;2026-11-10 00:00:00;2026-09-13 00:00:00;2026-09-12 00:00:00
2026-09-09 00:00:00;SO682385;C0013;AS004;1026;2026-10-07 00:00:00;2026-10-14 00:00:00;2026-09-13 00:00:00;2026-09-20 00:00:00
2026-09-09 00:00:00;SO653092;C0021;CS002;954;2026-09-23 00:00:00;2026-09-23 00:00:00;2026-09-13 00:00:00;2026-09-13 00:00:00
2026-09-09 00:00:00;SO653092;C0021;AL002;1267;2026-09-23 00:00:00;2026-10-03 00:00:00;2026-09-13 00:00:00;2026-09-23 00:00:00
2026-09-09 00:00:00;SO426248;C0018;AT001;524;2026-11-11 00:00:00;2026-11-10 00:00:00;2026-09-13 00:00:00;2026-09-12 00:00:00
2026-09-09 00:00:00;SO426248;C0018;CT003;715;2026-11-11 00:00:00;2026-11-08 00:00:00;2026-09-13 00:00:00;2026-09-10 00:00:00
2026-09-09 00:00:00;SO653092;C0021;CT003;804;2026-09-23 00:00:00;2026-09-16 00:00:00;2026-09-13 00:00:00;2026-09-06 00:00:00
2026-09-09 00:00:00;SO682385;C0013;AL002;826;2026-10-07 00:00:00;2026-09-29 00:00:00;2026-09-13 00:00:00;2026-09-05 00:00:00
2026-09-09 00:00:00;SO426248;C0018;AS002;530;2026-11-11 00:00:00;2026-11-05 00:00:00;2026-09-13 00:00:00;2026-09-07 00:00:00
2026-09-09 00:00:00;SO635529;C0001;AS005;521;2026-10-07 00:00:00;2026-09-28 00:00:00;2026-09-11 00:00:00;2026-09-02 00:00:00
2026-09-09 00:00:00;SO653092;C0021;VS004;1358;2026-09-23 00:00:00;2026-09-14 00:00:00;2026-09-13 00:00:00;2026-09-04 00:00:00
2026-09-09 00:00:00;SO653092;C0021;VS002;1357;2026-09-23 00:00:00;2026-09-26 00:00:00;2026-09-13 00:00:00;2026-09-16 00:00:00
2026-09-09 00:00:00;SO635529;C0001;CT003;663;2026-10-07 00:00:00;2026-10-02 00:00:00;2026-09-11 00:00:00;2026-09-06 00:00:00
2026-09-09 00:00:00;SO653092;C0021;AS003;1046;2026-09-23 00:00:00;2026-09-24 00:00:00;2026-09-13 00:00:00;2026-09-14 00:00:00
2026-09-09 00:00:00;SO682385;C0013;AS003;869;2026-10-07 00:00:00;2026-10-03 00:00:00;2026-09-13 00:00:00;2026-09-09 00:00:00
2026-09-09 00:00:00;SO635529;C0001;VS003;854;2026-10-07 00:00:00;2026-10-13 00:00:00;2026-09-11 00:00:00;2026-09-17 00:00:00
2026-09-10 00:00:00;SO893833;C0013;AL002;386;2026-10-08 00:00:00;2026-10-10 00:00:00;2026-09-14 00:00:00;2026-09-16 00:00:00
2026-09-10 00:00:00;SO269750;C0022;VS003;875;2026-10-22 00:00:00;2026-10-12 00:00:00;2026-09-14 00:00:00;2026-09-04 00:00:00
2026-09-10 00:00:00;SO420505;C0025;VS005;1166;2026-10-08 00:00:00;2026-10-15 00:00:00;2026-09-18 00:00:00;2026-09-25 00:00:00
2026-09-10 00:00:00;SO420505;C0025;AS004;320;2026-10-08 00:00:00;2026-10-05 00:00:00;2026-09-18 00:00:00;2026-09-15 00:00:00
2026-09-10 00:00:00;SO893833;C0013;VS005;666;2026-10-08 00:00:00;2026-10-03 00:00:00;2026-09-14 00:00:00;2026-09-09 00:00:00
2026-09-10 00:00:00;SO420505;C0025;AS001;789;2026-10-08 00:00:00;2026-10-03 00:00:00;2026-09-18 00:00:00;2026-09-13 00:00:00
2026-09-10 00:00:00;SO269750;C0022;AS004;741;2026-10-22 00:00:00;2026-10-12 00:00:00;2026-09-14 00:00:00;2026-09-04 00:00:00
2026-09-10 00:00:00;SO893833;C0013;CT001;1007;2026-10-08 00:00:00;2026-09-30 00:00:00;2026-09-14 00:00:00;2026-09-06 00:00:00
2026-09-10 00:00:00;SO420505;C0025;CS001;439;2026-10-08 00:00:00;2026-10-10 00:00:00;2026-09-18 00:00:00;2026-09-20 00:00:00
2026-09-10 00:00:00;SO269750;C0022;AS003;1058;2026-10-22 00:00:00;2026-10-16 00:00:00;2026-09-14 00:00:00;2026-09-08 00:00:00
2026-09-10 00:00:00;SO269750;C0022;AL002;742;2026-10-22 00:00:00;2026-11-01 00:00:00;2026-09-14 00:00:00;2026-09-24 00:00:00
2026-09-10 00:00:00;SO893833;C0013;AS001;438;2026-10-08 00:00:00;2026-10-14 00:00:00;2026-09-14 00:00:00;2026-09-20 00:00:00
2026-09-10 00:00:00;SO893833;C0013;CS002;1059;2026-10-08 00:00:00;2026-10-16 00:00:00;2026-09-14 00:00:00;2026-09-22 00:00:00
2026-09-10 00:00:00;SO893833;C0013;CL001;897;2026-10-08 00:00:00;2026-10-09 00:00:00;2026-09-14 00:00:00;2026-09-15 00:00:00
2026-09-10 00:00:00;SO269750;C0022;AT001;651;2026-10-22 00:00:00;2026-10-14 00:00:00;2026-09-14 00:00:00;2026-09-06 00:00:00
2026-09-10 00:00:00;SO269750;C0022;VS005;826;2026-10-22 00:00:00;2026-11-01 00:00:00;2026-09-14 00:00:00;2026-09-24 00:00:00
2026-09-11 00:00:00;SO448567;C0007;VS002;821;2026-11-13 00:00:00;2026-11-13 00:00:00;2026-09-14 00:00:00;2026-09-14 00:00:00
2026-09-11 00:00:00;SO939512;C0028;CT002;1003;2026-09-25 00:00:00;2026-09-29 00:00:00;2026-09-19 00:00:00;2026-09-23 00:00:00
2026-09-11 00:00:00;SO939512;C0028;VS002;774;2026-09-25 00:00:00;2026-09-21 00:00:00;2026-09-19 00:00:00;2026-09-15 00:00:00
2026-09-11 00:00:00;SO939512;C0028;AL002;467;2026-09-25 00:00:00;2026-10-01 00:00:00;2026-09-19 00:00:00;2026-09-25 00:00:00
2026-09-11 00:00:00;SO939512;C0028;AS001;497;2026-09-25 00:00:00;2026-09-29 00:00:00;2026-09-19 00:00:00;2026-09-23 00:00:00
2026-09-11 00:00:00;SO939512;C0028;AS003;576;2026-09-25 00:00:00;2026-09-17 00:00:00;2026-09-19 00:00:00;2026-09-11 00:00:00
2026-09-11 00:00:00;SO448567;C0007;VS001;1034;2026-11-13 00:00:00;2026-11-07 00:00:00;2026-09-14 00:00:00;2026-09-08 00:00:00
2026-09-11 00:00:00;SO939512;C0028;CT003;843;2026-09-25 00:00:00;2026-09-22 00:00:00;2026-09-19 00:00:00;2026-09-16 00:00:00
2026-09-11 00:00:00;SO939512;C0028;VS004;339;2026-09-25 00:00:00;2026-09-29 00:00:00;2026-09-19 00:00:00;2026-09-23 00:00:00
2026-09-11 00:00:00;SO939512;C0028;VS005;1186;2026-09-25 00:00:00;2026-09-24 00:00:00;2026-09-19 00:00:00;2026-09-18 00:00:00
2026-09-11 00:00:00;SO939512;C0028;AS004;824;2026-09-25 00:00:00;2026-09-28 00:00:00;2026-09-19 00:00:00;2026-09-22 00:00:00
2026-09-11 00:00:00;SO939512;C0028;CS001;648;2026-09-25 00:00:00;2026-09-26 00:00:00;2026-09-19 00:00:00;2026-09-20 00:00:00
2026-09-11 00:00:00;SO939512;C0028;VS001;590;2026-09-25 00:00:00;2026-09-25 00:00:00;2026-09-19 00:00:00;2026-09-19 00:00:00
2026-09-14 00:00:00;SO464791;C0015;AS003;743;2026-10-26 00:00:00;2026-10-18 00:00:00;2026-09-18 00:00:00;2026-09-10 00:00:00
2026-09-14 00:00:00;SO827883;C0016;AL002;873;2026-09-28 00:00:00;2026-09-20 00:00:00;2026-09-18 00:00:00;2026-09-10 00:00:00
2026-09-14 00:00:00;SO694842;C0026;CS004;973;2026-10-19 00:00:00;2026-10-27 00:00:00;2026-09-22 00:00:00;2026-09-30 00:00:00
2026-09-14 00:00:00;SO827883;C0016;AT001;1107;2026-09-28 00:00:00;2026-09-19 00:00:00;2026-09-18 00:00:00;2026-09-09 00:00:00
2026-09-14 00:00:00;SO694842;C0026;VS002;955;2026-10-19 00:00:00;2026-10-25 00:00:00;2026-09-22 00:00:00;2026-09-28 00:00:00
2026-09-14 00:00:00;SO827883;C0016;AS003;438;2026-09-28 00:00:00;2026-09-28 00:00:00;2026-09-18 00:00:00;2026-09-18 00:00:00
2026-09-14 00:00:00;SO827883;C0016;CS001;970;2026-09-28 00:00:00;2026-09-18 00:00:00;2026-09-18 00:00:00;2026-09-08 00:00:00
2026-09-14 00:00:00;SO464791;C0015;AT001;799;2026-10-26 00:00:00;2026-10-23 00:00:00;2026-09-18 00:00:00;2026-09-15 00:00:00
2026-09-14 00:00:00;SO827883;C0016;AS004;1055;2026-09-28 00:00:00;2026-09-18 00:00:00;2026-09-18 00:00:00;2026-09-08 00:00:00
2026-09-14 00:00:00;SO464791;C0015;VS005;809;2026-10-26 00:00:00;2026-10-27 00:00:00;2026-09-18 00:00:00;2026-09-19 00:00:00
2026-09-14 00:00:00;SO464791;C0015;AS001;977;2026-10-26 00:00:00;2026-10-16 00:00:00;2026-09-18 00:00:00;2026-09-08 00:00:00
2026-09-14 00:00:00;SO464791;C0015;AS002;1386;2026-10-26 00:00:00;2026-10-21 00:00:00;2026-09-18 00:00:00;2026-09-13 00:00:00
2026-09-14 00:00:00;SO694842;C0026;CL002;1103;2026-10-19 00:00:00;2026-10-25 00:00:00;2026-09-22 00:00:00;2026-09-28 00:00:00
2026-09-14 00:00:00;SO694842;C0026;AS002;936;2026-10-19 00:00:00;2026-10-23 00:00:00;2026-09-22 00:00:00;2026-09-26 00:00:00
2026-09-14 00:00:00;SO694842;C0026;CT002;1058;2026-10-19 00:00:00;2026-10-20 00:00:00;2026-09-22 00:00:00;2026-09-23 00:00:00
2026-09-14 00:00:00;SO827883;C0016;CT001;493;2026-09-28 00:00:00;2026-10-02 00:00:00;2026-09-18 00:00:00;2026-09-22 00:00:00
2026-09-14 00:00:00;SO827883;C0016;VS003;596;2026-09-28 00:00:00;2026-10-03 00:00:00;2026-09-18 00:00:00;2026-09-23 00:00:00
2026-09-15 00:00:00;SO486003;C0021;CS001;955;2026-09-29 00:00:00;2026-10-05 00:00:00;2026-09-19 00:00:00;2026-09-25 00:00:00
2026-09-15 00:00:00;SO148098;C0030;AT001;1398;2026-11-17 00:00:00;2026-11-10 00:00:00;2026-09-23 00:00:00;2026-09-16 00:00:00
2026-09-15 00:00:00;SO148098;C0030;VS002;771;2026-11-17 00:00:00;2026-11-21 00:00:00;2026-09-23 00:00:00;2026-09-27 00:00:00
2026-09-15 00:00:00;SO148098;C0030;VS001;954;2026-11-17 00:00:00;2026-11-26 00:00:00;2026-09-23 00:00:00;2026-10-02 00:00:00
2026-09-15 00:00:00;SO486003;C0021;AT001;1032;2026-09-29 00:00:00;2026-09-26 00:00:00;2026-09-19 00:00:00;2026-09-16 00:00:00
2026-09-15 00:00:00;SO486003;C0021;CL001;945;2026-09-29 00:00:00;2026-09-21 00:00:00;2026-09-19 00:00:00;2026-09-11 00:00:00
2026-09-15 00:00:00;SO148098;C0030;VS004;313;2026-11-17 00:00:00;2026-11-17 00:00:00;2026-09-23 00:00:00;2026-09-23 00:00:00
2026-09-15 00:00:00;SO486003;C0021;AS002;1256;2026-09-29 00:00:00;2026-09-23 00:00:00;2026-09-19 00:00:00;2026-09-13 00:00:00
2026-09-15 00:00:00;SO486003;C0021;CT001;435;2026-09-29 00:00:00;2026-10-01 00:00:00;2026-09-19 00:00:00;2026-09-21 00:00:00
2026-09-15 00:00:00;SO148098;C0030;AS003;696;2026-11-17 00:00:00;2026-11-27 00:00:00;2026-09-23 00:00:00;2026-10-03 00:00:00
2026-09-15 00:00:00;SO148098;C0030;CL001;785;2026-11-17 00:00:00;2026-11-12 00:00:00;2026-09-23 00:00:00;2026-09-18 00:00:00
2026-09-15 00:00:00;SO148098;C0030;AL002;715;2026-11-17 00:00:00;2026-11-09 00:00:00;2026-09-23 00:00:00;2026-09-15 00:00:00
2026-09-16 00:00:00;SO576199;C0015;AS003;751;2026-10-28 00:00:00;2026-11-02 00:00:00;2026-09-20 00:00:00;2026-09-25 00:00:00
2026-09-16 00:00:00;SO207202;C0009;VS002;1297;2026-09-30 00:00:00;2026-10-03 00:00:00;2026-09-19 00:00:00;2026-09-22 00:00:00
2026-09-16 00:00:00;SO207202;C0009;VS003;700;2026-09-30 00:00:00;2026-10-02 00:00:00;2026-09-19 00:00:00;2026-09-21 00:00:00
2026-09-16 00:00:00;SO207202;C0009;VS001;520;2026-09-30 00:00:00;2026-10-09 00:00:00;2026-09-19 00:00:00;2026-09-28 00:00:00
2026-09-16 00:00:00;SO576199;C0015;CT001;687;2026-10-28 00:00:00;2026-10-24 00:00:00;2026-09-20 00:00:00;2026-09-16 00:00:00
2026-09-16 00:00:00;SO576199;C0015;AS005;950;2026-10-28 00:00:00;2026-10-22 00:00:00;2026-09-20 00:00:00;2026-09-14 00:00:00
2026-09-16 00:00:00;SO576199;C0015;AS004;1271;2026-10-28 00:00:00;2026-11-05 00:00:00;2026-09-20 00:00:00;2026-09-28 00:00:00
2026-09-16 00:00:00;SO576199;C0015;CT003;651;2026-10-28 00:00:00;2026-10-29 00:00:00;2026-09-20 00:00:00;2026-09-21 00:00:00
2026-09-16 00:00:00;SO207202;C0009;CL001;672;2026-09-30 00:00:00;2026-10-03 00:00:00;2026-09-19 00:00:00;2026-09-22 00:00:00
2026-09-16 00:00:00;SO207202;C0009;CS001;430;2026-09-30 00:00:00;2026-09-27 00:00:00;2026-09-19 00:00:00;2026-09-16 00:00:00
2026-09-16 00:00:00;SO576199;C0015;CL002;1242;2026-10-28 00:00:00;2026-10-24 00:00:00;2026-09-20 00:00:00;2026-09-16 00:00:00
2026-09-16 00:00:00;SO576199;C0015;CS002;1231;2026-10-28 00:00:00;2026-10-31 00:00:00;2026-09-20 00:00:00;2026-09-23 00:00:00
2026-09-17 00:00:00;SO132296;C0003;AT001;738;2026-10-29 00:00:00;2026-11-02 00:00:00;2026-09-19 00:00:00;2026-09-23 00:00:00
2026-09-17 00:00:00;SO204036;C0024;AS005;1037;2026-10-15 00:00:00;2026-10-07 00:00:00;2026-09-21 00:00:00;2026-09-13 00:00:00
2026-09-17 00:00:00;SO204036;C0024;CL002;564;2026-10-15 00:00:00;2026-10-17 00:00:00;2026-09-21 00:00:00;2026-09-23 00:00:00
2026-09-17 00:00:00;SO204036;C0024;CT003;561;2026-10-15 00:00:00;2026-10-21 00:00:00;2026-09-21 00:00:00;2026-09-27 00:00:00
2026-09-17 00:00:00;SO132296;C0003;AS002;434;2026-10-29 00:00:00;2026-11-01 00:00:00;2026-09-19 00:00:00;2026-09-22 00:00:00
2026-09-17 00:00:00;SO204036;C0024;AL002;952;2026-10-15 00:00:00;2026-10-13 00:00:00;2026-09-21 00:00:00;2026-09-19 00:00:00
2026-09-17 00:00:00;SO132296;C0003;AS005;388;2026-10-29 00:00:00;2026-11-03 00:00:00;2026-09-19 00:00:00;2026-09-24 00:00:00
2026-09-17 00:00:00;SO132296;C0003;VS003;420;2026-10-29 00:00:00;2026-11-03 00:00:00;2026-09-19 00:00:00;2026-09-24 00:00:00
2026-09-17 00:00:00;SO132296;C0003;CL001;1166;2026-10-29 00:00:00;2026-10-20 00:00:00;2026-09-19 00:00:00;2026-09-10 00:00:00
2026-09-17 00:00:00;SO204036;C0024;VS003;543;2026-10-15 00:00:00;2026-10-22 00:00:00;2026-09-21 00:00:00;2026-09-28 00:00:00
2026-09-17 00:00:00;SO204036;C0024;AT001;809;2026-10-15 00:00:00;2026-10-22 00:00:00;2026-09-21 00:00:00;2026-09-28 00:00:00
2026-09-17 00:00:00;SO132296;C0003;CS001;997;2026-10-29 00:00:00;2026-10-19 00:00:00;2026-09-19 00:00:00;2026-09-09 00:00:00
2026-09-17 00:00:00;SO204036;C0024;CT002;266;2026-10-15 00:00:00;2026-10-25 00:00:00;2026-09-21 00:00:00;2026-10-01 00:00:00
2026-09-18 00:00:00;SO164962;C0022;CS004;876;2026-10-30 00:00:00;2026-10-25 00:00:00;2026-09-22 00:00:00;2026-09-17 00:00:00
2026-09-18 00:00:00;SO109014;C0015;AL002;1017;2026-10-30 00:00:00;2026-10-28 00:00:00;2026-09-22 00:00:00;2026-09-20 00:00:00
2026-09-18 00:00:00;SO962468;C0003;CT001;359;2026-10-30 00:00:00;2026-10-30 00:00:00;2026-09-20 00:00:00;2026-09-20 00:00:00
2026-09-18 00:00:00;SO109014;C0015;AS004;916;2026-10-30 00:00:00;2026-10-24 00:00:00;2026-09-22 00:00:00;2026-09-16 00:00:00
2026-09-18 00:00:00;SO962468;C0003;AS005;567;2026-10-30 00:00:00;2026-11-04 00:00:00;2026-09-20 00:00:00;2026-09-25 00:00:00
2026-09-18 00:00:00;SO164962;C0022;CT003;1040;2026-10-30 00:00:00;2026-10-30 00:00:00;2026-09-22 00:00:00;2026-09-22 00:00:00
2026-09-18 00:00:00;SO164962;C0022;AS002;412;2026-10-30 00:00:00;2026-10-24 00:00:00;2026-09-22 00:00:00;2026-09-16 00:00:00
2026-09-18 00:00:00;SO109014;C0015;CT003;384;2026-10-30 00:00:00;2026-10-30 00:00:00;2026-09-22 00:00:00;2026-09-22 00:00:00
2026-09-18 00:00:00;SO962468;C0003;VS003;1056;2026-10-30 00:00:00;2026-11-01 00:00:00;2026-09-20 00:00:00;2026-09-22 00:00:00
2026-09-18 00:00:00;SO962468;C0003;CS004;1016;2026-10-30 00:00:00;2026-11-01 00:00:00;2026-09-20 00:00:00;2026-09-22 00:00:00
2026-09-18 00:00:00;SO962468;C0003;CS001;1065;2026-10-30 00:00:00;2026-10-24 00:00:00;2026-09-20 00:00:00;2026-09-14 00:00:00
2026-09-18 00:00:00;SO109014;C0015;AS003;979;2026-10-30 00:00:00;2026-10-27 00:00:00;2026-09-22 00:00:00;2026-09-19 00:00:00
2026-09-18 00:00:00;SO164962;C0022;CS002;705;2026-10-30 00:00:00;2026-10-26 00:00:00;2026-09-22 00:00:00;2026-09-18 00:00:00
2026-09-18 00:00:00;SO164962;C0022;CT002;435;2026-10-30 00:00:00;2026-10-25 00:00:00;2026-09-22 00:00:00;2026-09-17 00:00:00
2026-09-18 00:00:00;SO962468;C0003;VS004;339;2026-10-30 00:00:00;2026-10-21 00:00:00;2026-09-20 00:00:00;2026-09-11 00:00:00
2026-09-18 00:00:00;SO164962;C0022;CL002;438;2026-10-30 00:00:00;2026-11-02 00:00:00;2026-09-22 00:00:00;2026-09-25 00:00:00
2026-09-18 00:00:00;SO164962;C0022;AS003;871;2026-10-30 00:00:00;2026-10-24 00:00:00;2026-09-22 00:00:00;2026-09-16 00:00:00
2026-09-18 00:00:00;SO962468;C0003;CT003;1127;2026-10-30 00:00:00;2026-11-04 00:00:00;2026-09-20 00:00:00;2026-09-25 00:00:00
2026-09-21 00:00:00;SO427699;C0009;VS003;676;2026-10-05 00:00:00;2026-10-06 00:00:00;2026-09-24 00:00:00;2026-09-25 00:00:00
2026-09-21 00:00:00;SO446113;C0011;CL002;520;2026-10-26 00:00:00;2026-10-16 00:00:00;2026-09-24 00:00:00;2026-09-14 00:00:00
2026-09-21 00:00:00;SO263327;C0020;CT002;946;2026-11-16 00:00:00;2026-11-16 00:00:00;2026-09-25 00:00:00;2026-09-25 00:00:00
2026-09-21 00:00:00;SO332683;C0014;VS001;424;2026-10-26 00:00:00;2026-10-22 00:00:00;2026-09-25 00:00:00;2026-09-21 00:00:00
2026-09-21 00:00:00;SO263327;C0020;AS003;935;2026-11-16 00:00:00;2026-11-16 00:00:00;2026-09-25 00:00:00;2026-09-25 00:00:00
2026-09-21 00:00:00;SO332683;C0014;AS004;506;2026-10-26 00:00:00;2026-10-28 00:00:00;2026-09-25 00:00:00;2026-09-27 00:00:00
2026-09-21 00:00:00;SO332683;C0014;AS003;370;2026-10-26 00:00:00;2026-11-02 00:00:00;2026-09-25 00:00:00;2026-10-02 00:00:00
2026-09-21 00:00:00;SO427699;C0009;VS002;615;2026-10-05 00:00:00;2026-10-05 00:00:00;2026-09-24 00:00:00;2026-09-24 00:00:00
2026-09-21 00:00:00;SO427699;C0009;CS002;695;2026-10-05 00:00:00;2026-10-05 00:00:00;2026-09-24 00:00:00;2026-09-24 00:00:00
2026-09-21 00:00:00;SO332683;C0014;VS005;719;2026-10-26 00:00:00;2026-10-23 00:00:00;2026-09-25 00:00:00;2026-09-22 00:00:00
2026-09-21 00:00:00;SO263327;C0020;VS005;1107;2026-11-16 00:00:00;2026-11-22 00:00:00;2026-09-25 00:00:00;2026-10-01 00:00:00
2026-09-21 00:00:00;SO332683;C0014;VS002;748;2026-10-26 00:00:00;2026-10-30 00:00:00;2026-09-25 00:00:00;2026-09-29 00:00:00
2026-09-21 00:00:00;SO332683;C0014;CL002;564;2026-10-26 00:00:00;2026-11-04 00:00:00;2026-09-25 00:00:00;2026-10-04 00:00:00
2026-09-22 00:00:00;SO556132;C0008;VS003;1027;2026-11-17 00:00:00;2026-11-15 00:00:00;2026-09-25 00:00:00;2026-09-23 00:00:00
2026-09-22 00:00:00;SO159055;C0025;CL001;979;2026-10-20 00:00:00;2026-10-24 00:00:00;2026-09-30 00:00:00;2026-10-04 00:00:00
2026-09-22 00:00:00;SO337178;C0024;AS003;540;2026-10-20 00:00:00;2026-10-18 00:00:00;2026-09-26 00:00:00;2026-09-24 00:00:00
2026-09-22 00:00:00;SO913407;C0007;CL001;575;2026-11-24 00:00:00;2026-11-18 00:00:00;2026-09-25 00:00:00;2026-09-19 00:00:00
2026-09-22 00:00:00;SO913407;C0007;VS004;804;2026-11-24 00:00:00;2026-11-14 00:00:00;2026-09-25 00:00:00;2026-09-15 00:00:00
2026-09-22 00:00:00;SO556132;C0008;CT002;808;2026-11-17 00:00:00;2026-11-14 00:00:00;2026-09-25 00:00:00;2026-09-22 00:00:00
2026-09-22 00:00:00;SO556132;C0008;CS001;1168;2026-11-17 00:00:00;2026-11-10 00:00:00;2026-09-25 00:00:00;2026-09-18 00:00:00
2026-09-22 00:00:00;SO913407;C0007;AS005;895;2026-11-24 00:00:00;2026-11-18 00:00:00;2026-09-25 00:00:00;2026-09-19 00:00:00
2026-09-22 00:00:00;SO913407;C0007;CT003;501;2026-11-24 00:00:00;2026-11-16 00:00:00;2026-09-25 00:00:00;2026-09-17 00:00:00
2026-09-22 00:00:00;SO556132;C0008;CT003;1067;2026-11-17 00:00:00;2026-11-21 00:00:00;2026-09-25 00:00:00;2026-09-29 00:00:00
2026-09-22 00:00:00;SO556132;C0008;AS005;734;2026-11-17 00:00:00;2026-11-27 00:00:00;2026-09-25 00:00:00;2026-10-05 00:00:00
2026-09-22 00:00:00;SO337178;C0024;VS004;946;2026-10-20 00:00:00;2026-10-28 00:00:00;2026-09-26 00:00:00;2026-10-04 00:00:00
2026-09-22 00:00:00;SO159055;C0025;AT001;1235;2026-10-20 00:00:00;2026-10-15 00:00:00;2026-09-30 00:00:00;2026-09-25 00:00:00
2026-09-22 00:00:00;SO556132;C0008;CL002;462;2026-11-17 00:00:00;2026-11-17 00:00:00;2026-09-25 00:00:00;2026-09-25 00:00:00
2026-09-22 00:00:00;SO159055;C0025;AS003;680;2026-10-20 00:00:00;2026-10-24 00:00:00;2026-09-30 00:00:00;2026-10-04 00:00:00
2026-09-22 00:00:00;SO159055;C0025;VS002;646;2026-10-20 00:00:00;2026-10-23 00:00:00;2026-09-30 00:00:00;2026-10-03 00:00:00
2026-09-23 00:00:00;SO842124;C0029;VS005;814;2026-11-18 00:00:00;2026-11-27 00:00:00;2026-10-01 00:00:00;2026-10-10 00:00:00
2026-09-23 00:00:00;SO278212;C0017;CT003;961;2026-11-18 00:00:00;2026-11-25 00:00:00;2026-09-27 00:00:00;2026-10-04 00:00:00
2026-09-23 00:00:00;SO671904;C0003;AS005;803;2026-11-04 00:00:00;2026-10-30 00:00:00;2026-09-25 00:00:00;2026-09-20 00:00:00
2026-09-23 00:00:00;SO711030;C0005;AS003;1205;2026-11-18 00:00:00;2026-11-23 00:00:00;2026-09-25 00:00:00;2026-09-30 00:00:00
2026-09-23 00:00:00;SO278212;C0017;CL001;378;2026-11-18 00:00:00;2026-11-12 00:00:00;2026-09-27 00:00:00;2026-09-21 00:00:00
2026-09-23 00:00:00;SO278212;C0017;AS005;701;2026-11-18 00:00:00;2026-11-20 00:00:00;2026-09-27 00:00:00;2026-09-29 00:00:00
2026-09-23 00:00:00;SO842124;C0029;CT003;1127;2026-11-18 00:00:00;2026-11-11 00:00:00;2026-10-01 00:00:00;2026-09-24 00:00:00
2026-09-23 00:00:00;SO278212;C0017;CT001;1049;2026-11-18 00:00:00;2026-11-23 00:00:00;2026-09-27 00:00:00;2026-10-02 00:00:00
2026-09-23 00:00:00;SO278212;C0017;VS004;590;2026-11-18 00:00:00;2026-11-22 00:00:00;2026-09-27 00:00:00;2026-10-01 00:00:00
2026-09-23 00:00:00;SO671904;C0003;AS004;791;2026-11-04 00:00:00;2026-10-26 00:00:00;2026-09-25 00:00:00;2026-09-16 00:00:00
2026-09-23 00:00:00;SO711030;C0005;CT002;289;2026-11-18 00:00:00;2026-11-12 00:00:00;2026-09-25 00:00:00;2026-09-19 00:00:00
2026-09-23 00:00:00;SO842124;C0029;VS002;744;2026-11-18 00:00:00;2026-11-28 00:00:00;2026-10-01 00:00:00;2026-10-11 00:00:00
2026-09-23 00:00:00;SO278212;C0017;CL002;468;2026-11-18 00:00:00;2026-11-26 00:00:00;2026-09-27 00:00:00;2026-10-05 00:00:00
2026-09-23 00:00:00;SO278212;C0017;CS004;1040;2026-11-18 00:00:00;2026-11-08 00:00:00;2026-09-27 00:00:00;2026-09-17 00:00:00
2026-09-24 00:00:00;SO287584;C0027;VS001;507;2026-11-05 00:00:00;2026-10-27 00:00:00;2026-10-02 00:00:00;2026-09-23 00:00:00
2026-09-24 00:00:00;SO577889;C0024;AS002;492;2026-10-22 00:00:00;2026-10-21 00:00:00;2026-09-28 00:00:00;2026-09-27 00:00:00
2026-09-24 00:00:00;SO577889;C0024;CL001;1162;2026-10-22 00:00:00;2026-10-17 00:00:00;2026-09-28 00:00:00;2026-09-23 00:00:00
2026-09-24 00:00:00;SO577889;C0024;VS004;1136;2026-10-22 00:00:00;2026-10-31 00:00:00;2026-09-28 00:00:00;2026-10-07 00:00:00
2026-09-24 00:00:00;SO287584;C0027;CS002;793;2026-11-05 00:00:00;2026-11-13 00:00:00;2026-10-02 00:00:00;2026-10-10 00:00:00
2026-09-24 00:00:00;SO287584;C0027;VS002;777;2026-11-05 00:00:00;2026-11-13 00:00:00;2026-10-02 00:00:00;2026-10-10 00:00:00
2026-09-24 00:00:00;SO577889;C0024;CS001;860;2026-10-22 00:00:00;2026-10-20 00:00:00;2026-09-28 00:00:00;2026-09-26 00:00:00
2026-09-24 00:00:00;SO287584;C0027;AL002;977;2026-11-05 00:00:00;2026-11-12 00:00:00;2026-10-02 00:00:00;2026-10-09 00:00:00
2026-09-24 00:00:00;SO287584;C0027;CT002;539;2026-11-05 00:00:00;2026-11-13 00:00:00;2026-10-02 00:00:00;2026-10-10 00:00:00
2026-09-24 00:00:00;SO287584;C0027;AS001;725;2026-11-05 00:00:00;2026-11-07 00:00:00;2026-10-02 00:00:00;2026-10-04 00:00:00
2026-09-24 00:00:00;SO287584;C0027;AS003;1264;2026-11-05 00:00:00;2026-11-07 00:00:00;2026-10-02 00:00:00;2026-10-04 00:00:00
2026-09-24 00:00:00;SO287584;C0027;VS003;1138;2026-11-05 00:00:00;2026-11-10 00:00:00;2026-10-02 00:00:00;2026-10-07 00:00:00
2026-09-24 00:00:00;SO577889;C0024;VS005;599;2026-10-22 00:00:00;2026-10-23 00:00:00;2026-09-28 00:00:00;2026-09-29 00:00:00
2026-09-24 00:00:00;SO287584;C0027;CT003;618;2026-11-05 00:00:00;2026-11-10 00:00:00;2026-10-02 00:00:00;2026-10-07 00:00:00
2026-09-25 00:00:00;SO115923;C0004;AS005;577;2026-10-09 00:00:00;2026-10-15 00:00:00;2026-09-27 00:00:00;2026-10-03 00:00:00
2026-09-25 00:00:00;SO244917;C0002;CL002;487;2026-10-30 00:00:00;2026-10-24 00:00:00;2026-09-27 00:00:00;2026-09-21 00:00:00
2026-09-25 00:00:00;SO543620;C0001;CT003;630;2026-10-23 00:00:00;2026-11-02 00:00:00;2026-09-27 00:00:00;2026-10-07 00:00:00
2026-09-25 00:00:00;SO186402;C0023;CT001;460;2026-10-30 00:00:00;2026-10-28 00:00:00;2026-09-29 00:00:00;2026-09-27 00:00:00
2026-09-25 00:00:00;SO244917;C0002;CS004;571;2026-10-30 00:00:00;2026-11-07 00:00:00;2026-09-27 00:00:00;2026-10-05 00:00:00
2026-09-25 00:00:00;SO186402;C0023;VS005;950;2026-10-30 00:00:00;2026-11-08 00:00:00;2026-09-29 00:00:00;2026-10-08 00:00:00
2026-09-25 00:00:00;SO543620;C0001;CL002;1228;2026-10-23 00:00:00;2026-10-28 00:00:00;2026-09-27 00:00:00;2026-10-02 00:00:00
2026-09-25 00:00:00;SO244917;C0002;CT001;904;2026-10-30 00:00:00;2026-11-01 00:00:00;2026-09-27 00:00:00;2026-09-29 00:00:00
2026-09-25 00:00:00;SO186402;C0023;AT001;426;2026-10-30 00:00:00;2026-10-24 00:00:00;2026-09-29 00:00:00;2026-09-23 00:00:00
2026-09-25 00:00:00;SO543620;C0001;CL001;367;2026-10-23 00:00:00;2026-10-16 00:00:00;2026-09-27 00:00:00;2026-09-20 00:00:00
2026-09-25 00:00:00;SO543620;C0001;VS003;360;2026-10-23 00:00:00;2026-11-02 00:00:00;2026-09-27 00:00:00;2026-10-07 00:00:00
2026-09-25 00:00:00;SO543620;C0001;AS001;945;2026-10-23 00:00:00;2026-11-01 00:00:00;2026-09-27 00:00:00;2026-10-06 00:00:00
2026-09-28 00:00:00;SO376632;C0015;CS001;832;2026-11-09 00:00:00;2026-11-11 00:00:00;2026-10-02 00:00:00;2026-10-04 00:00:00
2026-09-28 00:00:00;SO9000034;C0023;VS001;819;2026-11-02 00:00:00;2026-10-23 00:00:00;2026-10-02 00:00:00;2026-09-22 00:00:00
2026-09-28 00:00:00;SO777020;C0010;VS004;656;2026-11-09 00:00:00;2026-11-17 00:00:00;2026-10-01 00:00:00;2026-10-09 00:00:00
2026-09-28 00:00:00;SO677389;C0007;AS002;1210;2026-11-30 00:00:00;2026-11-25 00:00:00;2026-10-01 00:00:00;2026-09-26 00:00:00
2026-09-28 00:00:00;SO376632;C0015;AS001;869;2026-11-09 00:00:00;2026-10-31 00:00:00;2026-10-02 00:00:00;2026-09-23 00:00:00
2026-09-28 00:00:00;SO677389;C0007;CT001;632;2026-11-30 00:00:00;2026-12-09 00:00:00;2026-10-01 00:00:00;2026-10-10 00:00:00
2026-09-28 00:00:00;SO376632;C0015;VS003;955;2026-11-09 00:00:00;2026-11-04 00:00:00;2026-10-02 00:00:00;2026-09-27 00:00:00
2026-09-28 00:00:00;SO777020;C0010;CT002;1107;2026-11-09 00:00:00;2026-11-13 00:00:00;2026-10-01 00:00:00;2026-10-05 00:00:00
2026-09-28 00:00:00;SO677389;C0007;AT001;569;2026-11-30 00:00:00;2026-12-08 00:00:00;2026-10-01 00:00:00;2026-10-09 00:00:00
2026-09-28 00:00:00;SO9000034;C0023;AS003;942;2026-11-02 00:00:00;2026-11-03 00:00:00;2026-10-02 00:00:00;2026-10-03 00:00:00
2026-09-28 00:00:00;SO777020;C0010;VS005;791;2026-11-09 00:00:00;2026-11-06 00:00:00;2026-10-01 00:00:00;2026-09-28 00:00:00
2026-09-28 00:00:00;SO677389;C0007;AL002;321;2026-11-30 00:00:00;2026-11-25 00:00:00;2026-10-01 00:00:00;2026-09-26 00:00:00
2026-09-28 00:00:00;SO777020;C0010;AS001;448;2026-11-09 00:00:00;2026-11-09 00:00:00;2026-10-01 00:00:00;2026-10-01 00:00:00
2026-09-28 00:00:00;SO777020;C0010;AS005;690;2026-11-09 00:00:00;2026-11-14 00:00:00;2026-10-01 00:00:00;2026-10-06 00:00:00
2026-09-28 00:00:00;SO777020;C0010;AS003;727;2026-11-09 00:00:00;2026-11-17 00:00:00;2026-10-01 00:00:00;2026-10-09 00:00:00
2026-09-28 00:00:00;SO777020;C0010;AS002;363;2026-11-09 00:00:00;2026-11-14 00:00:00;2026-10-01 00:00:00;2026-10-06 00:00:00
2026-09-28 00:00:00;SO9000034;C0023;AT001;928;2026-11-02 00:00:00;2026-11-09 00:00:00;2026-10-02 00:00:00;2026-10-09 00:00:00
2026-09-28 00:00:00;SO376632;C0015;VS005;846;2026-11-09 00:00:00;2026-10-30 00:00:00;2026-10-02 00:00:00;2026-09-22 00:00:00
2026-09-28 00:00:00;SO9000034;C0023;CT002;710;2026-11-02 00:00:00;2026-11-12 00:00:00;2026-10-02 00:00:00;2026-10-12 00:00:00
2026-09-29 00:00:00;SO186114;C0003;CS004;786;2026-11-10 00:00:00;2026-11-18 00:00:00;2026-10-01 00:00:00;2026-10-09 00:00:00
2026-09-29 00:00:00;SO432849;C0008;VS004;666;2026-11-24 00:00:00;2026-12-03 00:00:00;2026-10-02 00:00:00;2026-10-11 00:00:00
2026-09-29 00:00:00;SO432849;C0008;VS002;625;2026-11-24 00:00:00;2026-11-18 00:00:00;2026-10-02 00:00:00;2026-09-26 00:00:00
2026-09-29 00:00:00;SO186114;C0003;AT001;1353;2026-11-10 00:00:00;2026-11-10 00:00:00;2026-10-01 00:00:00;2026-10-01 00:00:00
2026-09-29 00:00:00;SO432849;C0008;AS002;832;2026-11-24 00:00:00;2026-11-22 00:00:00;2026-10-02 00:00:00;2026-09-30 00:00:00
2026-09-29 00:00:00;SO186114;C0003;CT003;562;2026-11-10 00:00:00;2026-11-08 00:00:00;2026-10-01 00:00:00;2026-09-29 00:00:00
2026-09-29 00:00:00;SO432849;C0008;CT003;651;2026-11-24 00:00:00;2026-12-01 00:00:00;2026-10-02 00:00:00;2026-10-09 00:00:00
2026-09-29 00:00:00;SO186114;C0003;CL002;1263;2026-11-10 00:00:00;2026-11-16 00:00:00;2026-10-01 00:00:00;2026-10-07 00:00:00
2026-09-29 00:00:00;SO432849;C0008;AS001;779;2026-11-24 00:00:00;2026-12-03 00:00:00;2026-10-02 00:00:00;2026-10-11 00:00:00
2026-09-29 00:00:00;SO432849;C0008;CS004;620;2026-11-24 00:00:00;2026-11-16 00:00:00;2026-10-02 00:00:00;2026-09-24 00:00:00
2026-09-29 00:00:00;SO432849;C0008;VS001;807;2026-11-24 00:00:00;2026-12-03 00:00:00;2026-10-02 00:00:00;2026-10-11 00:00:00
2026-09-29 00:00:00;SO186114;C0003;AS002;633;2026-11-10 00:00:00;2026-11-15 00:00:00;2026-10-01 00:00:00;2026-10-06 00:00:00
2026-09-29 00:00:00;SO432849;C0008;CT001;573;2026-11-24 00:00:00;2026-11-27 00:00:00;2026-10-02 00:00:00;2026-10-05 00:00:00
2026-09-29 00:00:00;SO186114;C0003;VS003;935;2026-11-10 00:00:00;2026-11-05 00:00:00;2026-10-01 00:00:00;2026-09-26 00:00:00
2026-09-29 00:00:00;SO186114;C0003;AS004;1166;2026-11-10 00:00:00;2026-10-31 00:00:00;2026-10-01 00:00:00;2026-09-21 00:00:00
2026-09-29 00:00:00;SO432849;C0008;VS003;323;2026-11-24 00:00:00;2026-12-04 00:00:00;2026-10-02 00:00:00;2026-10-12 00:00:00
2026-09-29 00:00:00;SO186114;C0003;VS004;686;2026-11-10 00:00:00;2026-11-13 00:00:00;2026-10-01 00:00:00;2026-10-04 00:00:00
2026-09-29 00:00:00;SO186114;C0003;CL001;549;2026-11-10 00:00:00;2026-11-10 00:00:00;2026-10-01 00:00:00;2026-10-01 00:00:00
2026-09-29 00:00:00;SO186114;C0003;AS003;732;2026-11-10 00:00:00;2026-11-13 00:00:00;2026-10-01 00:00:00;2026-10-04 00:00:00
2026-09-30 00:00:00;SO804308;C0007;AS001;949;2026-12-02 00:00:00;2026-12-02 00:00:00;2026-10-03 00:00:00;2026-10-03 00:00:00
2026-09-30 00:00:00;SO9000081;C0022;CT003;1063;2026-11-11 00:00:00;2026-11-14 00:00:00;2026-10-04 00:00:00;2026-10-07 00:00:00
2026-09-30 00:00:00;SO569933;C0009;VS003;941;2026-10-14 00:00:00;2026-10-05 00:00:00;2026-10-03 00:00:00;2026-09-24 00:00:00
2026-09-30 00:00:00;SO804308;C0007;CS004;573;2026-12-02 00:00:00;2026-11-28 00:00:00;2026-10-03 00:00:00;2026-09-29 00:00:00
2026-09-30 00:00:00;SO569933;C0009;CT001;869;2026-10-14 00:00:00;2026-10-20 00:00:00;2026-10-03 00:00:00;2026-10-09 00:00:00
2026-09-30 00:00:00;SO804308;C0007;CL001;405;2026-12-02 00:00:00;2026-12-09 00:00:00;2026-10-03 00:00:00;2026-10-10 00:00:00
2026-09-30 00:00:00;SO804308;C0007;CS001;805;2026-12-02 00:00:00;2026-12-10 00:00:00;2026-10-03 00:00:00;2026-10-11 00:00:00
2026-09-30 00:00:00;SO804308;C0007;AT001;876;2026-12-02 00:00:00;2026-11-25 00:00:00;2026-10-03 00:00:00;2026-09-26 00:00:00
2026-09-30 00:00:00;SO9000081;C0022;CS002;600;2026-11-11 00:00:00;2026-11-17 00:00:00;2026-10-04 00:00:00;2026-10-10 00:00:00
2026-09-30 00:00:00;SO804308;C0007;AS004;1410;2026-12-02 00:00:00;2026-12-01 00:00:00;2026-10-03 00:00:00;2026-10-02 00:00:00
2026-09-30 00:00:00;SO804308;C0007;CT003;992;2026-12-02 00:00:00;2026-11-27 00:00:00;2026-10-03 00:00:00;2026-09-28 00:00:00
2026-09-30 00:00:00;SO804308;C0007;CT002;313;2026-12-02 00:00:00;2026-12-11 00:00:00;2026-10-03 00:00:00;2026-10-12 00:00:00
2026-09-30 00:00:00;SO569933;C0009;AS001;1187;2026-10-14 00:00:00;2026-10-20 00:00:00;2026-10-03 00:00:00;2026-10-09 00:00:00
2026-09-30 00:00:00;SO9000081;C0022;AS004;984;2026-11-11 00:00:00;2026-11-17 00:00:00;2026-10-04 00:00:00;2026-10-10 00:00:00
2026-09-30 00:00:00;SO9000081;C0022;AL002;963;2026-11-11 00:00:00;2026-11-18 00:00:00;2026-10-04 00:00:00;2026-10-11 00:00:00
2026-09-30 00:00:00;SO9000081;C0022;CL002;907;2026-11-11 00:00:00;2026-11-08 00:00:00;2026-10-04 00:00:00;2026-10-01 00:00:00
2026-09-30 00:00:00;SO804308;C0007;VS001;698;2026-12-02 00:00:00;2026-12-12 00:00:00;2026-10-03 00:00:00;2026-10-13 00:00:00
2026-10-01 00:00:00;SO328883;C0009;AS005;873;2026-10-15 00:00:00;2026-10-19 00:00:00;2026-10-04 00:00:00;2026-10-08 00:00:00
2026-10-01 00:00:00;SO175024;C0029;CL002;1097;2026-11-26 00:00:00;2026-11-28 00:00:00;2026-10-09 00:00:00;2026-10-11 00:00:00
2026-10-01 00:00:00;SO779698;C0002;CS004;303;2026-11-05 00:00:00;2026-11-12 00:00:00;2026-10-03 00:00:00;2026-10-10 00:00:00
2026-10-01 00:00:00;SO779698;C0002;AS004;760;2026-11-05 00:00:00;2026-11-14 00:00:00;2026-10-03 00:00:00;2026-10-12 00:00:00
2026-10-01 00:00:00;SO175024;C0029;AL001;973;2026-11-26 00:00:00;2026-11-19 00:00:00;2026-10-09 00:00:00;2026-10-02 00:00:00
2026-10-01 00:00:00;SO779698;C0002;VS003;1063;2026-11-05 00:00:00;2026-11-10 00:00:00;2026-10-03 00:00:00;2026-10-08 00:00:00
2026-10-01 00:00:00;SO779698;C0002;CS001;987;2026-11-05 00:00:00;2026-11-01 00:00:00;2026-10-03 00:00:00;2026-09-29 00:00:00
2026-10-01 00:00:00;SO779698;C0002;CT002;588;2026-11-05 00:00:00;2026-11-14 00:00:00;2026-10-03 00:00:00;2026-10-12 00:00:00
2026-10-01 00:00:00;SO779698;C0002;CT001;1015;2026-11-05 00:00:00;2026-11-02 00:00:00;2026-10-03 00:00:00;2026-09-30 00:00:00
2026-10-01 00:00:00;SO328883;C0009;AL002;625;2026-10-15 00:00:00;2026-10-15 00:00:00;2026-10-04 00:00:00;2026-10-04 00:00:00
2026-10-01 00:00:00;SO328883;C0009;AS001;628;2026-10-15 00:00:00;2026-10-05 00:00:00;2026-10-04 00:00:00;2026-09-24 00:00:00
2026-10-01 00:00:00;SO779698;C0002;AS005;530;2026-11-05 00:00:00;2026-10-31 00:00:00;2026-10-03 00:00:00;2026-09-28 00:00:00
2026-10-01 00:00:00;SO175024;C0029;CL001;937;2026-11-26 00:00:00;2026-12-03 00:00:00;2026-10-09 00:00:00;2026-10-16 00:00:00
2026-10-01 00:00:00;SO175024;C0029;CS004;1124;2026-11-26 00:00:00;2026-11-27 00:00:00;2026-10-09 00:00:00;2026-10-10 00:00:00
2026-10-01 00:00:00;SO175024;C0029;VS003;648;2026-11-26 00:00:00;2026-12-05 00:00:00;2026-10-09 00:00:00;2026-10-18 00:00:00
2026-10-01 00:00:00;SO779698;C0002;VS005;897;2026-11-05 00:00:00;2026-10-27 00:00:00;2026-10-03 00:00:00;2026-09-24 00:00:00
2026-10-01 00:00:00;SO779698;C0002;CS003;429;2026-11-05 00:00:00;2026-11-15 00:00:00;2026-10-03 00:00:00;2026-10-13 00:00:00
2026-10-01 00:00:00;SO779698;C0002;VS002;793;2026-11-05 00:00:00;2026-10-27 00:00:00;2026-10-03 00:00:00;2026-09-24 00:00:00
2026-10-01 00:00:00;SO328883;C0009;CS004;472;2026-10-15 00:00:00;2026-10-19 00:00:00;2026-10-04 00:00:00;2026-10-08 00:00:00
2026-10-01 00:00:00;SO328883;C0009;VS004;618;2026-10-15 00:00:00;2026-10-23 00:00:00;2026-10-04 00:00:00;2026-10-12 00:00:00
2026-10-02 00:00:00;SO541332;C0010;VS005;774;2026-11-13 00:00:00;2026-11-23 00:00:00;2026-10-05 00:00:00;2026-10-15 00:00:00
2026-10-02 00:00:00;SO442528;C0007;AS002;509;2026-12-04 00:00:00;2026-11-29 00:00:00;2026-10-05 00:00:00;2026-09-30 00:00:00
2026-10-02 00:00:00;SO378957;C0021;AL002;843;2026-10-16 00:00:00;2026-10-17 00:00:00;2026-10-06 00:00:00;2026-10-07 00:00:00
2026-10-02 00:00:00;SO541332;C0010;AT002;1007;2026-11-13 00:00:00;2026-11-20 00:00:00;2026-10-05 00:00:00;2026-10-12 00:00:00
2026-10-02 00:00:00;SO541332;C0010;AS005;651;2026-11-13 00:00:00;2026-11-14 00:00:00;2026-10-05 00:00:00;2026-10-06 00:00:00
2026-10-02 00:00:00;SO442528;C0007;AS005;1130;2026-12-04 00:00:00;2026-12-06 00:00:00;2026-10-05 00:00:00;2026-10-07 00:00:00
2026-10-02 00:00:00;SO378957;C0021;AT001;476;2026-10-16 00:00:00;2026-10-21 00:00:00;2026-10-06 00:00:00;2026-10-11 00:00:00
2026-10-02 00:00:00;SO378957;C0021;AT002;1252;2026-10-16 00:00:00;2026-10-15 00:00:00;2026-10-06 00:00:00;2026-10-05 00:00:00
2026-10-02 00:00:00;SO378957;C0021;AL001;449;2026-10-16 00:00:00;2026-10-21 00:00:00;2026-10-06 00:00:00;2026-10-11 00:00:00
2026-10-02 00:00:00;SO541332;C0010;AS003;1230;2026-11-13 00:00:00;2026-11-07 00:00:00;2026-10-05 00:00:00;2026-09-29 00:00:00
2026-10-02 00:00:00;SO378957;C0021;AS004;876;2026-10-16 00:00:00;2026-10-20 00:00:00;2026-10-06 00:00:00;2026-10-10 00:00:00
2026-10-02 00:00:00;SO378957;C0021;CS001;769;2026-10-16 00:00:00;2026-10-08 00:00:00;2026-10-06 00:00:00;2026-09-28 00:00:00
2026-10-02 00:00:00;SO442528;C0007;CS001;945;2026-12-04 00:00:00;2026-12-08 00:00:00;2026-10-05 00:00:00;2026-10-09 00:00:00
2026-10-02 00:00:00;SO442528;C0007;VS002;856;2026-12-04 00:00:00;2026-12-03 00:00:00;2026-10-05 00:00:00;2026-10-04 00:00:00
2026-10-02 00:00:00;SO442528;C0007;AS001;419;2026-12-04 00:00:00;2026-12-10 00:00:00;2026-10-05 00:00:00;2026-10-11 00:00:00
2026-10-02 00:00:00;SO541332;C0010;AT001;695;2026-11-13 00:00:00;2026-11-08 00:00:00;2026-10-05 00:00:00;2026-09-30 00:00:00
2026-10-02 00:00:00;SO378957;C0021;CS004;462;2026-10-16 00:00:00;2026-10-24 00:00:00;2026-10-06 00:00:00;2026-10-14 00:00:00
2026-10-02 00:00:00;SO378957;C0021;CL002;1136;2026-10-16 00:00:00;2026-10-19 00:00:00;2026-10-06 00:00:00;2026-10-09 00:00:00
2026-10-02 00:00:00;SO442528;C0007;CT002;539;2026-12-04 00:00:00;2026-12-08 00:00:00;2026-10-05 00:00:00;2026-10-09 00:00:00
2026-10-05 00:00:00;SO102807;C0022;CL002;994;2026-11-16 00:00:00;2026-11-26 00:00:00;2026-10-09 00:00:00;2026-10-19 00:00:00
2026-10-05 00:00:00;SO172575;C0007;AS005;1084;2026-12-07 00:00:00;2026-12-05 00:00:00;2026-10-08 00:00:00;2026-10-06 00:00:00
2026-10-05 00:00:00;SO102807;C0022;CT003;776;2026-11-16 00:00:00;2026-11-26 00:00:00;2026-10-09 00:00:00;2026-10-19 00:00:00
2026-10-05 00:00:00;SO102807;C0022;AL001;1290;2026-11-16 00:00:00;2026-11-26 00:00:00;2026-10-09 00:00:00;2026-10-19 00:00:00
2026-10-05 00:00:00;SO172575;C0007;AT001;1291;2026-12-07 00:00:00;2026-12-12 00:00:00;2026-10-08 00:00:00;2026-10-13 00:00:00
2026-10-05 00:00:00;SO172575;C0007;CS003;1050;2026-12-07 00:00:00;2026-11-30 00:00:00;2026-10-08 00:00:00;2026-10-01 00:00:00
2026-10-05 00:00:00;SO102807;C0022;VS004;628;2026-11-16 00:00:00;2026-11-10 00:00:00;2026-10-09 00:00:00;2026-10-03 00:00:00
2026-10-05 00:00:00;SO102807;C0022;CS001;1183;2026-11-16 00:00:00;2026-11-19 00:00:00;2026-10-09 00:00:00;2026-10-12 00:00:00
2026-10-05 00:00:00;SO172575;C0007;AT002;1190;2026-12-07 00:00:00;2026-11-29 00:00:00;2026-10-08 00:00:00;2026-09-30 00:00:00
2026-10-05 00:00:00;SO172575;C0007;CT001;492;2026-12-07 00:00:00;2026-11-29 00:00:00;2026-10-08 00:00:00;2026-09-30 00:00:00
2026-10-05 00:00:00;SO102807;C0022;VS005;687;2026-11-16 00:00:00;2026-11-16 00:00:00;2026-10-09 00:00:00;2026-10-09 00:00:00
2026-10-05 00:00:00;SO172575;C0007;VS003;478;2026-12-07 00:00:00;2026-12-06 00:00:00;2026-10-08 00:00:00;2026-10-07 00:00:00
2026-10-05 00:00:00;SO102807;C0022;AS003;884;2026-11-16 00:00:00;2026-11-21 00:00:00;2026-10-09 00:00:00;2026-10-14 00:00:00
2026-10-05 00:00:00;SO172575;C0007;VS005;1026;2026-12-07 00:00:00;2026-12-17 00:00:00;2026-10-08 00:00:00;2026-10-18 00:00:00
2026-10-05 00:00:00;SO172575;C0007;CS004;704;2026-12-07 00:00:00;2026-12-13 00:00:00;2026-10-08 00:00:00;2026-10-14 00:00:00
2026-10-05 00:00:00;SO172575;C0007;AS003;864;2026-12-07 00:00:00;2026-12-03 00:00:00;2026-10-08 00:00:00;2026-10-04 00:00:00
2026-10-05 00:00:00;SO172575;C0007;VS004;580;2026-12-07 00:00:00;2026-12-17 00:00:00;2026-10-08 00:00:00;2026-10-18 00:00:00
2026-10-06 00:00:00;SO865873;C0002;VS001;1457;2026-11-10 00:00:00;2026-11-18 00:00:00;2026-10-08 00:00:00;2026-10-16 00:00:00
2026-10-06 00:00:00;SO555993;C0001;AS004;392;2026-11-03 00:00:00;2026-11-07 00:00:00;2026-10-08 00:00:00;2026-10-12 00:00:00
2026-10-06 00:00:00;SO752081;C0013;VS001;1016;2026-11-03 00:00:00;2026-11-01 00:00:00;2026-10-10 00:00:00;2026-10-08 00:00:00
2026-10-06 00:00:00;SO555993;C0001;CS003;577;2026-11-03 00:00:00;2026-11-06 00:00:00;2026-10-08 00:00:00;2026-10-11 00:00:00
2026-10-06 00:00:00;SO752081;C0013;CS001;1237;2026-11-03 00:00:00;2026-11-06 00:00:00;2026-10-10 00:00:00;2026-10-13 00:00:00
2026-10-06 00:00:00;SO752081;C0013;CT002;590;2026-11-03 00:00:00;2026-10-27 00:00:00;2026-10-10 00:00:00;2026-10-03 00:00:00
2026-10-06 00:00:00;SO555993;C0001;AS001;790;2026-11-03 00:00:00;2026-11-04 00:00:00;2026-10-08 00:00:00;2026-10-09 00:00:00
2026-10-06 00:00:00;SO555993;C0001;CT003;483;2026-11-03 00:00:00;2026-10-27 00:00:00;2026-10-08 00:00:00;2026-10-01 00:00:00
2026-10-06 00:00:00;SO555993;C0001;AL002;634;2026-11-03 00:00:00;2026-11-02 00:00:00;2026-10-08 00:00:00;2026-10-07 00:00:00
2026-10-06 00:00:00;SO752081;C0013;AS001;412;2026-11-03 00:00:00;2026-10-28 00:00:00;2026-10-10 00:00:00;2026-10-04 00:00:00
2026-10-06 00:00:00;SO752081;C0013;AT002;448;2026-11-03 00:00:00;2026-10-24 00:00:00;2026-10-10 00:00:00;2026-09-30 00:00:00
2026-10-06 00:00:00;SO555993;C0001;CL001;1248;2026-11-03 00:00:00;2026-11-04 00:00:00;2026-10-08 00:00:00;2026-10-09 00:00:00
2026-10-06 00:00:00;SO865873;C0002;AS001;478;2026-11-10 00:00:00;2026-11-18 00:00:00;2026-10-08 00:00:00;2026-10-16 00:00:00
2026-10-06 00:00:00;SO752081;C0013;CL001;752;2026-11-03 00:00:00;2026-10-27 00:00:00;2026-10-10 00:00:00;2026-10-03 00:00:00
2026-10-06 00:00:00;SO555993;C0001;AT002;592;2026-11-03 00:00:00;2026-11-03 00:00:00;2026-10-08 00:00:00;2026-10-08 00:00:00
2026-10-06 00:00:00;SO865873;C0002;VS005;941;2026-11-10 00:00:00;2026-11-02 00:00:00;2026-10-08 00:00:00;2026-09-30 00:00:00
2026-10-06 00:00:00;SO555993;C0001;VS005;709;2026-11-03 00:00:00;2026-11-07 00:00:00;2026-10-08 00:00:00;2026-10-12 00:00:00
2026-10-06 00:00:00;SO752081;C0013;VS003;1125;2026-11-03 00:00:00;2026-11-12 00:00:00;2026-10-10 00:00:00;2026-10-19 00:00:00
2026-10-07 00:00:00;SO545308;C0001;AS002;739;2026-11-04 00:00:00;2026-10-26 00:00:00;2026-10-09 00:00:00;2026-09-30 00:00:00
2026-10-07 00:00:00;SO483078;C0029;AT002;1365;2026-12-02 00:00:00;2026-11-30 00:00:00;2026-10-15 00:00:00;2026-10-13 00:00:00
2026-10-07 00:00:00;SO979407;C0008;CS001;312;2026-12-02 00:00:00;2026-12-11 00:00:00;2026-10-10 00:00:00;2026-10-19 00:00:00
2026-10-07 00:00:00;SO798221;C0030;AS003;841;2026-12-09 00:00:00;2026-12-01 00:00:00;2026-10-15 00:00:00;2026-10-07 00:00:00
2026-10-07 00:00:00;SO979407;C0008;AL001;682;2026-12-02 00:00:00;2026-12-04 00:00:00;2026-10-10 00:00:00;2026-10-12 00:00:00
2026-10-07 00:00:00;SO483078;C0029;VS001;432;2026-12-02 00:00:00;2026-11-28 00:00:00;2026-10-15 00:00:00;2026-10-11 00:00:00
2026-10-07 00:00:00;SO979407;C0008;AS002;930;2026-12-02 00:00:00;2026-11-25 00:00:00;2026-10-10 00:00:00;2026-10-03 00:00:00
2026-10-07 00:00:00;SO798221;C0030;VS002;618;2026-12-09 00:00:00;2026-12-08 00:00:00;2026-10-15 00:00:00;2026-10-14 00:00:00
2026-10-07 00:00:00;SO979407;C0008;AS005;1049;2026-12-02 00:00:00;2026-12-08 00:00:00;2026-10-10 00:00:00;2026-10-16 00:00:00
2026-10-07 00:00:00;SO545308;C0001;VS004;1036;2026-11-04 00:00:00;2026-11-08 00:00:00;2026-10-09 00:00:00;2026-10-13 00:00:00
2026-10-07 00:00:00;SO979407;C0008;AS004;639;2026-12-02 00:00:00;2026-12-11 00:00:00;2026-10-10 00:00:00;2026-10-19 00:00:00
2026-10-07 00:00:00;SO798221;C0030;AS001;856;2026-12-09 00:00:00;2026-12-08 00:00:00;2026-10-15 00:00:00;2026-10-14 00:00:00
2026-10-07 00:00:00;SO798221;C0030;CT003;775;2026-12-09 00:00:00;2026-12-01 00:00:00;2026-10-15 00:00:00;2026-10-07 00:00:00
2026-10-07 00:00:00;SO483078;C0029;CS001;1013;2026-12-02 00:00:00;2026-11-27 00:00:00;2026-10-15 00:00:00;2026-10-10 00:00:00
2026-10-07 00:00:00;SO545308;C0001;AS003;550;2026-11-04 00:00:00;2026-11-05 00:00:00;2026-10-09 00:00:00;2026-10-10 00:00:00
2026-10-07 00:00:00;SO545308;C0001;CS002;738;2026-11-04 00:00:00;2026-10-31 00:00:00;2026-10-09 00:00:00;2026-10-05 00:00:00
2026-10-07 00:00:00;SO979407;C0008;AT002;776;2026-12-02 00:00:00;2026-11-30 00:00:00;2026-10-10 00:00:00;2026-10-08 00:00:00
2026-10-07 00:00:00;SO545308;C0001;AS005;1195;2026-11-04 00:00:00;2026-10-31 00:00:00;2026-10-09 00:00:00;2026-10-05 00:00:00
2026-10-08 00:00:00;SO287586;C0028;AL001;1149;2026-10-22 00:00:00;2026-10-29 00:00:00;2026-10-16 00:00:00;2026-10-23 00:00:00
2026-10-08 00:00:00;SO150954;C0016;CL002;639;2026-10-22 00:00:00;2026-10-13 00:00:00;2026-10-12 00:00:00;2026-10-03 00:00:00
2026-10-08 00:00:00;SO150954;C0016;CT001;890;2026-10-22 00:00:00;2026-10-13 00:00:00;2026-10-12 00:00:00;2026-10-03 00:00:00
2026-10-08 00:00:00;SO287586;C0028;CS003;946;2026-10-22 00:00:00;2026-10-14 00:00:00;2026-10-16 00:00:00;2026-10-08 00:00:00
2026-10-08 00:00:00;SO287586;C0028;AT002;1152;2026-10-22 00:00:00;2026-10-13 00:00:00;2026-10-16 00:00:00;2026-10-07 00:00:00
2026-10-08 00:00:00;SO287586;C0028;AS002;358;2026-10-22 00:00:00;2026-10-16 00:00:00;2026-10-16 00:00:00;2026-10-10 00:00:00
2026-10-08 00:00:00;SO287586;C0028;AT001;1323;2026-10-22 00:00:00;2026-10-31 00:00:00;2026-10-16 00:00:00;2026-10-25 00:00:00
2026-10-08 00:00:00;SO287586;C0028;CS004;637;2026-10-22 00:00:00;2026-10-13 00:00:00;2026-10-16 00:00:00;2026-10-07 00:00:00
2026-10-08 00:00:00;SO150954;C0016;AT002;549;2026-10-22 00:00:00;2026-10-20 00:00:00;2026-10-12 00:00:00;2026-10-10 00:00:00
2026-10-08 00:00:00;SO287586;C0028;VS002;1021;2026-10-22 00:00:00;2026-10-19 00:00:00;2026-10-16 00:00:00;2026-10-13 00:00:00
2026-10-08 00:00:00;SO287586;C0028;VS001;510;2026-10-22 00:00:00;2026-10-19 00:00:00;2026-10-16 00:00:00;2026-10-13 00:00:00
2026-10-08 00:00:00;SO287586;C0028;CS001;476;2026-10-22 00:00:00;2026-10-20 00:00:00;2026-10-16 00:00:00;2026-10-14 00:00:00
2026-10-08 00:00:00;SO287586;C0028;VS003;502;2026-10-22 00:00:00;2026-10-27 00:00:00;2026-10-16 00:00:00;2026-10-21 00:00:00
2026-10-08 00:00:00;SO287586;C0028;VS005;987;2026-10-22 00:00:00;2026-10-27 00:00:00;2026-10-16 00:00:00;2026-10-21 00:00:00
2026-10-08 00:00:00;SO150954;C0016;CS002;1135;2026-10-22 00:00:00;2026-10-27 00:00:00;2026-10-12 00:00:00;2026-10-17 00:00:00
2026-10-08 00:00:00;SO150954;C0016;VS001;793;2026-10-22 00:00:00;2026-10-27 00:00:00;2026-10-12 00:00:00;2026-10-17 00:00:00
2026-10-08 00:00:00;SO150954;C0016;AL002;1054;2026-10-22 00:00:00;2026-10-12 00:00:00;2026-10-12 00:00:00;2026-10-02 00:00:00
2026-10-08 00:00:00;SO150954;C0016;CL001;398;2026-10-22 00:00:00;2026-10-22 00:00:00;2026-10-12 00:00:00;2026-10-12 00:00:00
2026-10-08 00:00:00;SO150954;C0016;AS002;359;2026-10-22 00:00:00;2026-10-12 00:00:00;2026-10-12 00:00:00;2026-10-02 00:00:00
2026-10-09 00:00:00;SO9000030;C0028;AL001;469;2026-10-23 00:00:00;2026-10-26 00:00:00;2026-10-17 00:00:00;2026-10-20 00:00:00
2026-10-09 00:00:00;SO376617;C0004;CT001;1091;2026-10-23 00:00:00;2026-11-02 00:00:00;2026-10-11 00:00:00;2026-10-21 00:00:00
2026-10-09 00:00:00;SO751378;C0014;VS002;1063;2026-11-13 00:00:00;2026-11-09 00:00:00;2026-10-13 00:00:00;2026-10-09 00:00:00
2026-10-09 00:00:00;SO440848;C0019;CS003;949;2026-12-11 00:00:00;2026-12-06 00:00:00;2026-10-13 00:00:00;2026-10-08 00:00:00
2026-10-09 00:00:00;SO9000030;C0028;AS005;566;2026-10-23 00:00:00;2026-10-28 00:00:00;2026-10-17 00:00:00;2026-10-22 00:00:00
2026-10-09 00:00:00;SO440848;C0019;CT002;1353;2026-12-11 00:00:00;2026-12-03 00:00:00;2026-10-13 00:00:00;2026-10-05 00:00:00
2026-10-09 00:00:00;SO751378;C0014;AT002;990;2026-11-13 00:00:00;2026-11-17 00:00:00;2026-10-13 00:00:00;2026-10-17 00:00:00
2026-10-09 00:00:00;SO9000030;C0028;CT002;1264;2026-10-23 00:00:00;2026-10-30 00:00:00;2026-10-17 00:00:00;2026-10-24 00:00:00
2026-10-09 00:00:00;SO440848;C0019;CS004;1178;2026-12-11 00:00:00;2026-12-02 00:00:00;2026-10-13 00:00:00;2026-10-04 00:00:00
2026-10-09 00:00:00;SO440848;C0019;VS001;1008;2026-12-11 00:00:00;2026-12-18 00:00:00;2026-10-13 00:00:00;2026-10-20 00:00:00
2026-10-09 00:00:00;SO9000030;C0028;CT001;506;2026-10-23 00:00:00;2026-10-20 00:00:00;2026-10-17 00:00:00;2026-10-14 00:00:00
2026-10-09 00:00:00;SO751378;C0014;VS004;1219;2026-11-13 00:00:00;2026-11-17 00:00:00;2026-10-13 00:00:00;2026-10-17 00:00:00
2026-10-09 00:00:00;SO376617;C0004;AT001;992;2026-10-23 00:00:00;2026-10-19 00:00:00;2026-10-11 00:00:00;2026-10-07 00:00:00
2026-10-09 00:00:00;SO440848;C0019;CS002;1049;2026-12-11 00:00:00;2026-12-05 00:00:00;2026-10-13 00:00:00;2026-10-07 00:00:00
2026-10-09 00:00:00;SO751378;C0014;CS003;306;2026-11-13 00:00:00;2026-11-10 00:00:00;2026-10-13 00:00:00;2026-10-10 00:00:00
2026-10-12 00:00:00;SO691619;C0004;CT001;520;2026-10-26 00:00:00;2026-10-31 00:00:00;2026-10-14 00:00:00;2026-10-19 00:00:00
2026-10-12 00:00:00;SO287969;C0014;AL002;1106;2026-11-16 00:00:00;2026-11-20 00:00:00;2026-10-16 00:00:00;2026-10-20 00:00:00
2026-10-12 00:00:00;SO110038;C0008;VS002;644;2026-12-07 00:00:00;2026-12-13 00:00:00;2026-10-15 00:00:00;2026-10-21 00:00:00
2026-10-12 00:00:00;SO345150;C0017;CL001;554;2026-12-07 00:00:00;2026-12-06 00:00:00;2026-10-16 00:00:00;2026-10-15 00:00:00
2026-10-12 00:00:00;SO287969;C0014;AS001;866;2026-11-16 00:00:00;2026-11-12 00:00:00;2026-10-16 00:00:00;2026-10-12 00:00:00
2026-10-12 00:00:00;SO345150;C0017;CT002;663;2026-12-07 00:00:00;2026-11-30 00:00:00;2026-10-16 00:00:00;2026-10-09 00:00:00
2026-10-12 00:00:00;SO691619;C0004;CT003;1240;2026-10-26 00:00:00;2026-11-02 00:00:00;2026-10-14 00:00:00;2026-10-21 00:00:00
2026-10-12 00:00:00;SO691619;C0004;CL002;1075;2026-10-26 00:00:00;2026-10-17 00:00:00;2026-10-14 00:00:00;2026-10-05 00:00:00
2026-10-12 00:00:00;SO110038;C0008;AS002;746;2026-12-07 00:00:00;2026-12-03 00:00:00;2026-10-15 00:00:00;2026-10-11 00:00:00
2026-10-12 00:00:00;SO691619;C0004;AS005;567;2026-10-26 00:00:00;2026-10-22 00:00:00;2026-10-14 00:00:00;2026-10-10 00:00:00
2026-10-12 00:00:00;SO345150;C0017;AT002;666;2026-12-07 00:00:00;2026-12-01 00:00:00;2026-10-16 00:00:00;2026-10-10 00:00:00
2026-10-12 00:00:00;SO287969;C0014;CS002;711;2026-11-16 00:00:00;2026-11-06 00:00:00;2026-10-16 00:00:00;2026-10-06 00:00:00
2026-10-12 00:00:00;SO691619;C0004;CS003;446;2026-10-26 00:00:00;2026-10-24 00:00:00;2026-10-14 00:00:00;2026-10-12 00:00:00
2026-10-12 00:00:00;SO691619;C0004;VS001;1116;2026-10-26 00:00:00;2026-10-26 00:00:00;2026-10-14 00:00:00;2026-10-14 00:00:00
2026-10-12 00:00:00;SO110038;C0008;CT002;977;2026-12-07 00:00:00;2026-12-15 00:00:00;2026-10-15 00:00:00;2026-10-23 00:00:00
2026-10-12 00:00:00;SO691619;C0004;AT001;435;2026-10-26 00:00:00;2026-10-22 00:00:00;2026-10-14 00:00:00;2026-10-10 00:00:00
2026-10-12 00:00:00;SO287969;C0014;AT001;1110;2026-11-16 00:00:00;2026-11-26 00:00:00;2026-10-16 00:00:00;2026-10-26 00:00:00
2026-10-12 00:00:00;SO110038;C0008;CS003;836;2026-12-07 00:00:00;2026-12-04 00:00:00;2026-10-15 00:00:00;2026-10-12 00:00:00
2026-10-13 00:00:00;SO522241;C0021;AS002;1007;2026-10-27 00:00:00;2026-10-31 00:00:00;2026-10-17 00:00:00;2026-10-21 00:00:00
2026-10-13 00:00:00;SO652634;C0028;CS002;459;2026-10-27 00:00:00;2026-10-17 00:00:00;2026-10-21 00:00:00;2026-10-11 00:00:00
2026-10-13 00:00:00;SO131038;C0002;AT001;553;2026-11-17 00:00:00;2026-11-07 00:00:00;2026-10-15 00:00:00;2026-10-05 00:00:00
2026-10-13 00:00:00;SO522241;C0021;VS005;1114;2026-10-27 00:00:00;2026-10-24 00:00:00;2026-10-17 00:00:00;2026-10-14 00:00:00
2026-10-13 00:00:00;SO652634;C0028;VS004;1296;2026-10-27 00:00:00;2026-11-02 00:00:00;2026-10-21 00:00:00;2026-10-27 00:00:00
2026-10-13 00:00:00;SO652634;C0028;CL001;909;2026-10-27 00:00:00;2026-10-21 00:00:00;2026-10-21 00:00:00;2026-10-15 00:00:00
2026-10-13 00:00:00;SO131038;C0002;CS003;736;2026-11-17 00:00:00;2026-11-17 00:00:00;2026-10-15 00:00:00;2026-10-15 00:00:00
2026-10-13 00:00:00;SO522241;C0021;VS001;555;2026-10-27 00:00:00;2026-10-17 00:00:00;2026-10-17 00:00:00;2026-10-07 00:00:00
2026-10-13 00:00:00;SO652634;C0028;CL002;682;2026-10-27 00:00:00;2026-10-24 00:00:00;2026-10-21 00:00:00;2026-10-18 00:00:00
2026-10-13 00:00:00;SO522241;C0021;AS004;1120;2026-10-27 00:00:00;2026-10-27 00:00:00;2026-10-17 00:00:00;2026-10-17 00:00:00
2026-10-13 00:00:00;SO652634;C0028;AT001;351;2026-10-27 00:00:00;2026-11-04 00:00:00;2026-10-21 00:00:00;2026-10-29 00:00:00
2026-10-13 00:00:00;SO522241;C0021;AS005;785;2026-10-27 00:00:00;2026-10-21 00:00:00;2026-10-17 00:00:00;2026-10-11 00:00:00
2026-10-14 00:00:00;SO792076;C0029;CS004;718;2026-12-09 00:00:00;2026-12-05 00:00:00;2026-10-22 00:00:00;2026-10-18 00:00:00
2026-10-14 00:00:00;SO379274;C0026;AS002;875;2026-11-18 00:00:00;2026-11-11 00:00:00;2026-10-22 00:00:00;2026-10-15 00:00:00
2026-10-14 00:00:00;SO885397;C0005;CS004;436;2026-12-09 00:00:00;2026-12-14 00:00:00;2026-10-16 00:00:00;2026-10-21 00:00:00
2026-10-14 00:00:00;SO892241;C0012;VS004;734;2026-11-11 00:00:00;2026-11-16 00:00:00;2026-10-17 00:00:00;2026-10-22 00:00:00
2026-10-14 00:00:00;SO892241;C0012;CS002;911;2026-11-11 00:00:00;2026-11-16 00:00:00;2026-10-17 00:00:00;2026-10-22 00:00:00
2026-10-14 00:00:00;SO379274;C0026;CT003;1214;2026-11-18 00:00:00;2026-11-16 00:00:00;2026-10-22 00:00:00;2026-10-20 00:00:00
2026-10-14 00:00:00;SO379274;C0026;AT002;615;2026-11-18 00:00:00;2026-11-25 00:00:00;2026-10-22 00:00:00;2026-10-29 00:00:00
2026-10-14 00:00:00;SO792076;C0029;CT001;378;2026-12-09 00:00:00;2026-12-10 00:00:00;2026-10-22 00:00:00;2026-10-23 00:00:00
2026-10-14 00:00:00;SO892241;C0012;CT001;897;2026-11-11 00:00:00;2026-11-13 00:00:00;2026-10-17 00:00:00;2026-10-19 00:00:00
2026-10-14 00:00:00;SO892241;C0012;CS004;932;2026-11-11 00:00:00;2026-11-17 00:00:00;2026-10-17 00:00:00;2026-10-23 00:00:00
2026-10-14 00:00:00;SO379274;C0026;VS002;1287;2026-11-18 00:00:00;2026-11-24 00:00:00;2026-10-22 00:00:00;2026-10-28 00:00:00
2026-10-14 00:00:00;SO379274;C0026;CS002;767;2026-11-18 00:00:00;2026-11-15 00:00:00;2026-10-22 00:00:00;2026-10-19 00:00:00
2026-10-15 00:00:00;SO554939;C0009;AS004;469;2026-10-29 00:00:00;2026-10-29 00:00:00;2026-10-18 00:00:00;2026-10-18 00:00:00
2026-10-15 00:00:00;SO332476;C0014;CS004;1112;2026-11-19 00:00:00;2026-11-13 00:00:00;2026-10-19 00:00:00;2026-10-13 00:00:00
2026-10-15 00:00:00;SO554939;C0009;CL002;1012;2026-10-29 00:00:00;2026-10-28 00:00:00;2026-10-18 00:00:00;2026-10-17 00:00:00
2026-10-15 00:00:00;SO332476;C0014;AS002;959;2026-11-19 00:00:00;2026-11-09 00:00:00;2026-10-19 00:00:00;2026-10-09 00:00:00
2026-10-15 00:00:00;SO554939;C0009;CS004;959;2026-10-29 00:00:00;2026-11-08 00:00:00;2026-10-18 00:00:00;2026-10-28 00:00:00
2026-10-15 00:00:00;SO332476;C0014;CS001;1119;2026-11-19 00:00:00;2026-11-11 00:00:00;2026-10-19 00:00:00;2026-10-11 00:00:00
2026-10-15 00:00:00;SO332476;C0014;AL002;558;2026-11-19 00:00:00;2026-11-10 00:00:00;2026-10-19 00:00:00;2026-10-10 00:00:00
2026-10-15 00:00:00;SO554939;C0009;VS004;1001;2026-10-29 00:00:00;2026-10-27 00:00:00;2026-10-18 00:00:00;2026-10-16 00:00:00
2026-10-15 00:00:00;SO554939;C0009;AS005;682;2026-10-29 00:00:00;2026-11-03 00:00:00;2026-10-18 00:00:00;2026-10-23 00:00:00
2026-10-15 00:00:00;SO554939;C0009;AS001;1049;2026-10-29 00:00:00;2026-10-20 00:00:00;2026-10-18 00:00:00;2026-10-09 00:00:00
2026-10-15 00:00:00;SO554939;C0009;AL001;538;2026-10-29 00:00:00;2026-11-08 00:00:00;2026-10-18 00:00:00;2026-10-28 00:00:00
2026-10-15 00:00:00;SO554939;C0009;AS002;317;2026-10-29 00:00:00;2026-11-06 00:00:00;2026-10-18 00:00:00;2026-10-26 00:00:00
2026-10-15 00:00:00;SO332476;C0014;AS003;543;2026-11-19 00:00:00;2026-11-16 00:00:00;2026-10-19 00:00:00;2026-10-16 00:00:00
2026-10-15 00:00:00;SO332476;C0014;VS005;856;2026-11-19 00:00:00;2026-11-21 00:00:00;2026-10-19 00:00:00;2026-10-21 00:00:00
2026-10-15 00:00:00;SO332476;C0014;CS003;1233;2026-11-19 00:00:00;2026-11-24 00:00:00;2026-10-19 00:00:00;2026-10-24 00:00:00
2026-10-15 00:00:00;SO554939;C0009;CS003;380;2026-10-29 00:00:00;2026-10-30 00:00:00;2026-10-18 00:00:00;2026-10-19 00:00:00
2026-10-15 00:00:00;SO554939;C0009;VS003;876;2026-10-29 00:00:00;2026-11-04 00:00:00;2026-10-18 00:00:00;2026-10-24 00:00:00
2026-10-15 00:00:00;SO554939;C0009;CL001;892;2026-10-29 00:00:00;2026-10-19 00:00:00;2026-10-18 00:00:00;2026-10-08 00:00:00
2026-10-15 00:00:00;SO332476;C0014;AT002;384;2026-11-19 00:00:00;2026-11-28 00:00:00;2026-10-19 00:00:00;2026-10-28 00:00:00
2026-10-16 00:00:00;SO597874;C0002;VS001;1081;2026-11-20 00:00:00;2026-11-22 00:00:00;2026-10-18 00:00:00;2026-10-20 00:00:00
2026-10-16 00:00:00;SO639483;C0004;VS004;474;2026-10-30 00:00:00;2026-11-01 00:00:00;2026-10-18 00:00:00;2026-10-20 00:00:00
2026-10-16 00:00:00;SO103922;C0018;VS003;1133;2026-12-18 00:00:00;2026-12-19 00:00:00;2026-10-20 00:00:00;2026-10-21 00:00:00
2026-10-16 00:00:00;SO998383;C0005;CT003;458;2026-12-11 00:00:00;2026-12-01 00:00:00;2026-10-18 00:00:00;2026-10-08 00:00:00
2026-10-16 00:00:00;SO597874;C0002;CS001;1138;2026-11-20 00:00:00;2026-11-28 00:00:00;2026-10-18 00:00:00;2026-10-26 00:00:00
2026-10-16 00:00:00;SO639483;C0004;AS005;1266;2026-10-30 00:00:00;2026-11-05 00:00:00;2026-10-18 00:00:00;2026-10-24 00:00:00
2026-10-16 00:00:00;SO103922;C0018;CS002;397;2026-12-18 00:00:00;2026-12-17 00:00:00;2026-10-20 00:00:00;2026-10-19 00:00:00
2026-10-16 00:00:00;SO597874;C0002;CS003;690;2026-11-20 00:00:00;2026-11-15 00:00:00;2026-10-18 00:00:00;2026-10-13 00:00:00
2026-10-16 00:00:00;SO103922;C0018;AS001;970;2026-12-18 00:00:00;2026-12-22 00:00:00;2026-10-20 00:00:00;2026-10-24 00:00:00
2026-10-16 00:00:00;SO103922;C0018;AT002;729;2026-12-18 00:00:00;2026-12-16 00:00:00;2026-10-20 00:00:00;2026-10-18 00:00:00
2026-10-16 00:00:00;SO103922;C0018;AS003;1242;2026-12-18 00:00:00;2026-12-16 00:00:00;2026-10-20 00:00:00;2026-10-18 00:00:00
2026-10-16 00:00:00;SO103922;C0018;CS003;883;2026-12-18 00:00:00;2026-12-17 00:00:00;2026-10-20 00:00:00;2026-10-19 00:00:00
2026-10-16 00:00:00;SO639483;C0004;CS004;945;2026-10-30 00:00:00;2026-11-03 00:00:00;2026-10-18 00:00:00;2026-10-22 00:00:00
2026-10-16 00:00:00;SO103922;C0018;AS005;403;2026-12-18 00:00:00;2026-12-26 00:00:00;2026-10-20 00:00:00;2026-10-28 00:00:00
2026-10-16 00:00:00;SO998383;C0005;CT001;908;2026-12-11 00:00:00;2026-12-01 00:00:00;2026-10-18 00:00:00;2026-10-08 00:00:00
2026-10-16 00:00:00;SO597874;C0002;AL001;727;2026-11-20 00:00:00;2026-11-21 00:00:00;2026-10-18 00:00:00;2026-10-19 00:00:00
2026-10-16 00:00:00;SO597874;C0002;AS002;922;2026-11-20 00:00:00;2026-11-12 00:00:00;2026-10-18 00:00:00;2026-10-10 00:00:00
2026-10-16 00:00:00;SO998383;C0005;VS005;585;2026-12-11 00:00:00;2026-12-09 00:00:00;2026-10-18 00:00:00;2026-10-16 00:00:00
2026-10-16 00:00:00;SO639483;C0004;AS004;620;2026-10-30 00:00:00;2026-10-31 00:00:00;2026-10-18 00:00:00;2026-10-19 00:00:00
2026-10-19 00:00:00;SO766334;C0023;AS004;417;2026-11-23 00:00:00;2026-11-30 00:00:00;2026-10-23 00:00:00;2026-10-30 00:00:00
2026-10-19 00:00:00;SO172667;C0024;AS004;1079;2026-11-16 00:00:00;2026-11-16 00:00:00;2026-10-23 00:00:00;2026-10-23 00:00:00
2026-10-19 00:00:00;SO172667;C0024;VS003;1276;2026-11-16 00:00:00;2026-11-06 00:00:00;2026-10-23 00:00:00;2026-10-13 00:00:00
2026-10-19 00:00:00;SO766334;C0023;CL001;647;2026-11-23 00:00:00;2026-11-18 00:00:00;2026-10-23 00:00:00;2026-10-18 00:00:00
2026-10-19 00:00:00;SO766334;C0023;AS005;604;2026-11-23 00:00:00;2026-11-23 00:00:00;2026-10-23 00:00:00;2026-10-23 00:00:00
2026-10-19 00:00:00;SO172667;C0024;AL002;405;2026-11-16 00:00:00;2026-11-07 00:00:00;2026-10-23 00:00:00;2026-10-14 00:00:00
2026-10-19 00:00:00;SO172667;C0024;VS001;938;2026-11-16 00:00:00;2026-11-11 00:00:00;2026-10-23 00:00:00;2026-10-18 00:00:00
2026-10-19 00:00:00;SO766334;C0023;AL001;552;2026-11-23 00:00:00;2026-11-15 00:00:00;2026-10-23 00:00:00;2026-10-15 00:00:00
2026-10-19 00:00:00;SO172667;C0024;CS002;256;2026-11-16 00:00:00;2026-11-20 00:00:00;2026-10-23 00:00:00;2026-10-27 00:00:00
2026-10-19 00:00:00;SO766334;C0023;CT001;463;2026-11-23 00:00:00;2026-11-13 00:00:00;2026-10-23 00:00:00;2026-10-13 00:00:00
2026-10-19 00:00:00;SO172667;C0024;VS005;477;2026-11-16 00:00:00;2026-11-22 00:00:00;2026-10-23 00:00:00;2026-10-29 00:00:00
2026-10-19 00:00:00;SO766334;C0023;VS001;382;2026-11-23 00:00:00;2026-11-18 00:00:00;2026-10-23 00:00:00;2026-10-18 00:00:00
2026-10-19 00:00:00;SO172667;C0024;VS004;1017;2026-11-16 00:00:00;2026-11-26 00:00:00;2026-10-23 00:00:00;2026-11-02 00:00:00
2026-10-19 00:00:00;SO172667;C0024;AT001;812;2026-11-16 00:00:00;2026-11-18 00:00:00;2026-10-23 00:00:00;2026-10-25 00:00:00
2026-10-19 00:00:00;SO172667;C0024;CT002;984;2026-11-16 00:00:00;2026-11-10 00:00:00;2026-10-23 00:00:00;2026-10-17 00:00:00
2026-10-19 00:00:00;SO172667;C0024;CS001;941;2026-11-16 00:00:00;2026-11-25 00:00:00;2026-10-23 00:00:00;2026-11-01 00:00:00
2026-10-19 00:00:00;SO766334;C0023;AT002;643;2026-11-23 00:00:00;2026-11-23 00:00:00;2026-10-23 00:00:00;2026-10-23 00:00:00
2026-10-19 00:00:00;SO766334;C0023;AS001;644;2026-11-23 00:00:00;2026-11-16 00:00:00;2026-10-23 00:00:00;2026-10-16 00:00:00
2026-10-19 00:00:00;SO172667;C0024;CS003;1115;2026-11-16 00:00:00;2026-11-19 00:00:00;2026-10-23 00:00:00;2026-10-26 00:00:00
2026-10-19 00:00:00;SO766334;C0023;VS005;755;2026-11-23 00:00:00;2026-11-27 00:00:00;2026-10-23 00:00:00;2026-10-27 00:00:00
2026-10-20 00:00:00;SO9000074;C0023;AS002;767;2026-11-24 00:00:00;2026-11-15 00:00:00;2026-10-24 00:00:00;2026-10-15 00:00:00
2026-10-20 00:00:00;SO202418;C0013;AS005;1169;2026-11-17 00:00:00;2026-11-25 00:00:00;2026-10-24 00:00:00;2026-11-01 00:00:00
2026-10-20 00:00:00;SO202418;C0013;AS003;438;2026-11-17 00:00:00;2026-11-23 00:00:00;2026-10-24 00:00:00;2026-10-30 00:00:00
2026-10-20 00:00:00;SO9000074;C0023;CS001;453;2026-11-24 00:00:00;2026-11-24 00:00:00;2026-10-24 00:00:00;2026-10-24 00:00:00
2026-10-20 00:00:00;SO202418;C0013;CL002;704;2026-11-17 00:00:00;2026-11-09 00:00:00;2026-10-24 00:00:00;2026-10-16 00:00:00
2026-10-20 00:00:00;SO202418;C0013;CT003;832;2026-11-17 00:00:00;2026-11-20 00:00:00;2026-10-24 00:00:00;2026-10-27 00:00:00
2026-10-20 00:00:00;SO9000074;C0023;CL002;1026;2026-11-24 00:00:00;2026-11-26 00:00:00;2026-10-24 00:00:00;2026-10-26 00:00:00
2026-10-20 00:00:00;SO9000074;C0023;CL001;808;2026-11-24 00:00:00;2026-11-18 00:00:00;2026-10-24 00:00:00;2026-10-18 00:00:00
2026-10-20 00:00:00;SO202418;C0013;AT001;899;2026-11-17 00:00:00;2026-11-12 00:00:00;2026-10-24 00:00:00;2026-10-19 00:00:00
2026-10-20 00:00:00;SO202418;C0013;AS004;1386;2026-11-17 00:00:00;2026-11-27 00:00:00;2026-10-24 00:00:00;2026-11-03 00:00:00
2026-10-20 00:00:00;SO202418;C0013;CS002;1010;2026-11-17 00:00:00;2026-11-15 00:00:00;2026-10-24 00:00:00;2026-10-22 00:00:00
2026-10-20 00:00:00;SO9000074;C0023;AL001;417;2026-11-24 00:00:00;2026-11-27 00:00:00;2026-10-24 00:00:00;2026-10-27 00:00:00
2026-10-21 00:00:00;SO164893;C0012;VS002;975;2026-11-18 00:00:00;2026-11-09 00:00:00;2026-10-24 00:00:00;2026-10-15 00:00:00
2026-10-21 00:00:00;SO219602;C0002;AL002;657;2026-11-25 00:00:00;2026-11-19 00:00:00;2026-10-23 00:00:00;2026-10-17 00:00:00
2026-10-21 00:00:00;SO817815;C0027;AS003;843;2026-12-02 00:00:00;2026-12-07 00:00:00;2026-10-29 00:00:00;2026-11-03 00:00:00
2026-10-21 00:00:00;SO279433;C0024;CS002;1083;2026-11-18 00:00:00;2026-11-16 00:00:00;2026-10-25 00:00:00;2026-10-23 00:00:00
2026-10-21 00:00:00;SO219602;C0002;AS001;753;2026-11-25 00:00:00;2026-11-22 00:00:00;2026-10-23 00:00:00;2026-10-20 00:00:00
2026-10-21 00:00:00;SO219602;C0002;AS002;561;2026-11-25 00:00:00;2026-11-30 00:00:00;2026-10-23 00:00:00;2026-10-28 00:00:00
2026-10-21 00:00:00;SO817815;C0027;VS004;1021;2026-12-02 00:00:00;2026-12-12 00:00:00;2026-10-29 00:00:00;2026-11-08 00:00:00
2026-10-21 00:00:00;SO219602;C0002;CT002;732;2026-11-25 00:00:00;2026-12-01 00:00:00;2026-10-23 00:00:00;2026-10-29 00:00:00
2026-10-21 00:00:00;SO164893;C0012;CS002;398;2026-11-18 00:00:00;2026-11-24 00:00:00;2026-10-24 00:00:00;2026-10-30 00:00:00
2026-10-21 00:00:00;SO164893;C0012;AS005;435;2026-11-18 00:00:00;2026-11-27 00:00:00;2026-10-24 00:00:00;2026-11-02 00:00:00
2026-10-21 00:00:00;SO817815;C0027;AS005;1126;2026-12-02 00:00:00;2026-12-10 00:00:00;2026-10-29 00:00:00;2026-11-06 00:00:00
2026-10-21 00:00:00;SO219602;C0002;CL002;388;2026-11-25 00:00:00;2026-11-20 00:00:00;2026-10-23 00:00:00;2026-10-18 00:00:00
2026-10-21 00:00:00;SO817815;C0027;CT002;710;2026-12-02 00:00:00;2026-11-22 00:00:00;2026-10-29 00:00:00;2026-10-19 00:00:00
2026-10-21 00:00:00;SO279433;C0024;VS005;399;2026-11-18 00:00:00;2026-11-18 00:00:00;2026-10-25 00:00:00;2026-10-25 00:00:00
2026-10-22 00:00:00;SO498061;C0018;VS001;476;2026-12-24 00:00:00;2026-12-19 00:00:00;2026-10-26 00:00:00;2026-10-21 00:00:00
2026-10-22 00:00:00;SO808911;C0014;CT002;734;2026-11-26 00:00:00;2026-12-01 00:00:00;2026-10-26 00:00:00;2026-10-31 00:00:00
2026-10-22 00:00:00;SO842440;C0015;CT001;490;2026-12-03 00:00:00;2026-11-25 00:00:00;2026-10-26 00:00:00;2026-10-18 00:00:00
2026-10-22 00:00:00;SO307322;C0017;VS002;558;2026-12-17 00:00:00;2026-12-24 00:00:00;2026-10-26 00:00:00;2026-11-02 00:00:00
2026-10-22 00:00:00;SO307322;C0017;VS004;1129;2026-12-17 00:00:00;2026-12-15 00:00:00;2026-10-26 00:00:00;2026-10-24 00:00:00
2026-10-22 00:00:00;SO498061;C0018;AS002;370;2026-12-24 00:00:00;2026-12-22 00:00:00;2026-10-26 00:00:00;2026-10-24 00:00:00
2026-10-22 00:00:00;SO808911;C0014;VS001;906;2026-11-26 00:00:00;2026-12-05 00:00:00;2026-10-26 00:00:00;2026-11-04 00:00:00
2026-10-22 00:00:00;SO307322;C0017;AS002;1320;2026-12-17 00:00:00;2026-12-24 00:00:00;2026-10-26 00:00:00;2026-11-02 00:00:00
2026-10-22 00:00:00;SO842440;C0015;AS003;936;2026-12-03 00:00:00;2026-11-25 00:00:00;2026-10-26 00:00:00;2026-10-18 00:00:00
2026-10-22 00:00:00;SO307322;C0017;VS001;440;2026-12-17 00:00:00;2026-12-26 00:00:00;2026-10-26 00:00:00;2026-11-04 00:00:00
2026-10-22 00:00:00;SO842440;C0015;AT001;977;2026-12-03 00:00:00;2026-11-24 00:00:00;2026-10-26 00:00:00;2026-10-17 00:00:00
2026-10-22 00:00:00;SO307322;C0017;AL001;406;2026-12-17 00:00:00;2026-12-14 00:00:00;2026-10-26 00:00:00;2026-10-23 00:00:00
2026-10-22 00:00:00;SO307322;C0017;CS001;1167;2026-12-17 00:00:00;2026-12-16 00:00:00;2026-10-26 00:00:00;2026-10-25 00:00:00
2026-10-22 00:00:00;SO842440;C0015;CL002;888;2026-12-03 00:00:00;2026-12-11 00:00:00;2026-10-26 00:00:00;2026-11-03 00:00:00
2026-10-22 00:00:00;SO307322;C0017;CS002;654;2026-12-17 00:00:00;2026-12-15 00:00:00;2026-10-26 00:00:00;2026-10-24 00:00:00
2026-10-23 00:00:00;SO136121;C0007;AS003;1093;2026-12-25 00:00:00;2026-12-24 00:00:00;2026-10-26 00:00:00;2026-10-25 00:00:00
2026-10-23 00:00:00;SO790890;C0012;CS002;1121;2026-11-20 00:00:00;2026-11-22 00:00:00;2026-10-26 00:00:00;2026-10-28 00:00:00
2026-10-23 00:00:00;SO681355;C0005;AS002;647;2026-12-18 00:00:00;2026-12-20 00:00:00;2026-10-25 00:00:00;2026-10-27 00:00:00
2026-10-23 00:00:00;SO512162;C0010;CS004;794;2026-12-04 00:00:00;2026-12-03 00:00:00;2026-10-26 00:00:00;2026-10-25 00:00:00
2026-10-23 00:00:00;SO136121;C0007;VS005;983;2026-12-25 00:00:00;2026-12-28 00:00:00;2026-10-26 00:00:00;2026-10-29 00:00:00
2026-10-23 00:00:00;SO790890;C0012;CT003;616;2026-11-20 00:00:00;2026-11-20 00:00:00;2026-10-26 00:00:00;2026-10-26 00:00:00
2026-10-23 00:00:00;SO136121;C0007;CS003;1346;2026-12-25 00:00:00;2026-12-15 00:00:00;2026-10-26 00:00:00;2026-10-16 00:00:00
2026-10-23 00:00:00;SO681355;C0005;AT001;635;2026-12-18 00:00:00;2026-12-26 00:00:00;2026-10-25 00:00:00;2026-11-02 00:00:00
2026-10-23 00:00:00;SO790890;C0012;AS001;550;2026-11-20 00:00:00;2026-11-11 00:00:00;2026-10-26 00:00:00;2026-10-17 00:00:00
2026-10-23 00:00:00;SO681355;C0005;VS002;1034;2026-12-18 00:00:00;2026-12-08 00:00:00;2026-10-25 00:00:00;2026-10-15 00:00:00
2026-10-23 00:00:00;SO790890;C0012;CS003;895;2026-11-20 00:00:00;2026-11-24 00:00:00;2026-10-26 00:00:00;2026-10-30 00:00:00
2026-10-23 00:00:00;SO681355;C0005;AS001;711;2026-12-18 00:00:00;2026-12-14 00:00:00;2026-10-25 00:00:00;2026-10-21 00:00:00
2026-10-23 00:00:00;SO790890;C0012;AT001;478;2026-11-20 00:00:00;2026-11-12 00:00:00;2026-10-26 00:00:00;2026-10-18 00:00:00
2026-10-26 00:00:00;SO833211;C0022;CS004;1253;2026-12-07 00:00:00;2026-12-08 00:00:00;2026-10-30 00:00:00;2026-10-31 00:00:00
2026-10-26 00:00:00;SO505930;C0014;VS004;1368;2026-11-30 00:00:00;2026-11-27 00:00:00;2026-10-30 00:00:00;2026-10-27 00:00:00
2026-10-26 00:00:00;SO547096;C0010;AS005;396;2026-12-07 00:00:00;2026-11-28 00:00:00;2026-10-29 00:00:00;2026-10-20 00:00:00
2026-10-26 00:00:00;SO401022;C0015;VS005;1218;2026-12-07 00:00:00;2026-12-12 00:00:00;2026-10-30 00:00:00;2026-11-04 00:00:00
2026-10-26 00:00:00;SO547096;C0010;CL002;771;2026-12-07 00:00:00;2026-12-08 00:00:00;2026-10-29 00:00:00;2026-10-30 00:00:00
2026-10-26 00:00:00;SO505930;C0014;CS002;585;2026-11-30 00:00:00;2026-11-25 00:00:00;2026-10-30 00:00:00;2026-10-25 00:00:00
2026-10-26 00:00:00;SO401022;C0015;VS001;399;2026-12-07 00:00:00;2026-12-02 00:00:00;2026-10-30 00:00:00;2026-10-25 00:00:00
2026-10-26 00:00:00;SO505930;C0014;CS004;552;2026-11-30 00:00:00;2026-12-07 00:00:00;2026-10-30 00:00:00;2026-11-06 00:00:00
2026-10-26 00:00:00;SO505930;C0014;AT002;663;2026-11-30 00:00:00;2026-11-23 00:00:00;2026-10-30 00:00:00;2026-10-23 00:00:00
2026-10-26 00:00:00;SO547096;C0010;AT001;1182;2026-12-07 00:00:00;2026-11-29 00:00:00;2026-10-29 00:00:00;2026-10-21 00:00:00
2026-10-26 00:00:00;SO547096;C0010;CL001;964;2026-12-07 00:00:00;2026-12-10 00:00:00;2026-10-29 00:00:00;2026-11-01 00:00:00
2026-10-26 00:00:00;SO505930;C0014;AS003;1131;2026-11-30 00:00:00;2026-12-05 00:00:00;2026-10-30 00:00:00;2026-11-04 00:00:00
2026-10-27 00:00:00;SO435339;C0024;AS002;728;2026-11-24 00:00:00;2026-11-28 00:00:00;2026-10-31 00:00:00;2026-11-04 00:00:00
2026-10-27 00:00:00;SO461891;C0001;CT003;467;2026-11-24 00:00:00;2026-11-16 00:00:00;2026-10-29 00:00:00;2026-10-21 00:00:00
2026-10-27 00:00:00;SO149822;C0008;CS001;1182;2026-12-22 00:00:00;2026-12-15 00:00:00;2026-10-30 00:00:00;2026-10-23 00:00:00
2026-10-27 00:00:00;SO435339;C0024;VS005;468;2026-11-24 00:00:00;2026-11-29 00:00:00;2026-10-31 00:00:00;2026-11-05 00:00:00
2026-10-27 00:00:00;SO149822;C0008;VS003;548;2026-12-22 00:00:00;2026-12-20 00:00:00;2026-10-30 00:00:00;2026-10-28 00:00:00
2026-10-27 00:00:00;SO461891;C0001;VS001;1037;2026-11-24 00:00:00;2026-11-25 00:00:00;2026-10-29 00:00:00;2026-10-30 00:00:00
2026-10-27 00:00:00;SO149822;C0008;VS004;543;2026-12-22 00:00:00;2026-12-14 00:00:00;2026-10-30 00:00:00;2026-10-22 00:00:00
2026-10-27 00:00:00;SO461891;C0001;CT001;1291;2026-11-24 00:00:00;2026-11-16 00:00:00;2026-10-29 00:00:00;2026-10-21 00:00:00
2026-10-27 00:00:00;SO461891;C0001;CS003;665;2026-11-24 00:00:00;2026-11-29 00:00:00;2026-10-29 00:00:00;2026-11-03 00:00:00
2026-10-27 00:00:00;SO435339;C0024;VS002;510;2026-11-24 00:00:00;2026-11-16 00:00:00;2026-10-31 00:00:00;2026-10-23 00:00:00
2026-10-27 00:00:00;SO461891;C0001;AL002;482;2026-11-24 00:00:00;2026-12-02 00:00:00;2026-10-29 00:00:00;2026-11-06 00:00:00
2026-10-27 00:00:00;SO435339;C0024;AS003;723;2026-11-24 00:00:00;2026-11-26 00:00:00;2026-10-31 00:00:00;2026-11-02 00:00:00
2026-10-27 00:00:00;SO461891;C0001;AT001;1207;2026-11-24 00:00:00;2026-11-27 00:00:00;2026-10-29 00:00:00;2026-11-01 00:00:00
2026-10-28 00:00:00;SO881462;C0025;AS004;266;2026-11-25 00:00:00;2026-11-29 00:00:00;2026-11-05 00:00:00;2026-11-09 00:00:00
2026-10-28 00:00:00;SO644068;C0007;CT003;347;2026-12-30 00:00:00;2026-12-25 00:00:00;2026-10-31 00:00:00;2026-10-26 00:00:00
2026-10-28 00:00:00;SO999419;C0027;AT002;412;2026-12-09 00:00:00;2026-11-30 00:00:00;2026-11-05 00:00:00;2026-10-27 00:00:00
2026-10-28 00:00:00;SO644068;C0007;VS001;866;2026-12-30 00:00:00;2027-01-07 00:00:00;2026-10-31 00:00:00;2026-11-08 00:00:00
2026-10-28 00:00:00;SO999419;C0027;AS004;471;2026-12-09 00:00:00;2026-12-16 00:00:00;2026-11-05 00:00:00;2026-11-12 00:00:00
2026-10-28 00:00:00;SO644068;C0007;AS001;875;2026-12-30 00:00:00;2026-12-21 00:00:00;2026-10-31 00:00:00;2026-10-22 00:00:00
2026-10-28 00:00:00;SO999419;C0027;CS002;1158;2026-12-09 00:00:00;2026-12-03 00:00:00;2026-11-05 00:00:00;2026-10-30 00:00:00
2026-10-28 00:00:00;SO999419;C0027;VS005;705;2026-12-09 00:00:00;2026-12-14 00:00:00;2026-11-05 00:00:00;2026-11-10 00:00:00
2026-10-28 00:00:00;SO999419;C0027;VS004;1365;2026-12-09 00:00:00;2026-12-15 00:00:00;2026-11-05 00:00:00;2026-11-11 00:00:00
2026-10-28 00:00:00;SO644068;C0007;CT002;545;2026-12-30 00:00:00;2027-01-09 00:00:00;2026-10-31 00:00:00;2026-11-10 00:00:00
2026-10-28 00:00:00;SO644068;C0007;CS001;493;2026-12-30 00:00:00;2026-12-30 00:00:00;2026-10-31 00:00:00;2026-10-31 00:00:00
2026-10-28 00:00:00;SO881462;C0025;AS003;937;2026-11-25 00:00:00;2026-11-20 00:00:00;2026-11-05 00:00:00;2026-10-31 00:00:00
2026-10-28 00:00:00;SO999419;C0027;AS003;1226;2026-12-09 00:00:00;2026-12-01 00:00:00;2026-11-05 00:00:00;2026-10-28 00:00:00
2026-10-29 00:00:00;SO365625;C0013;AL002;458;2026-11-26 00:00:00;2026-12-02 00:00:00;2026-11-02 00:00:00;2026-11-08 00:00:00
2026-10-29 00:00:00;SO212807;C0010;CS003;1220;2026-12-10 00:00:00;2026-12-09 00:00:00;2026-11-01 00:00:00;2026-10-31 00:00:00
2026-10-29 00:00:00;SO365625;C0013;AT001;917;2026-11-26 00:00:00;2026-11-25 00:00:00;2026-11-02 00:00:00;2026-11-01 00:00:00
2026-10-29 00:00:00;SO365625;C0013;CS001;906;2026-11-26 00:00:00;2026-11-16 00:00:00;2026-11-02 00:00:00;2026-10-23 00:00:00
2026-10-29 00:00:00;SO365625;C0013;VS001;862;2026-11-26 00:00:00;2026-11-20 00:00:00;2026-11-02 00:00:00;2026-10-27 00:00:00
2026-10-29 00:00:00;SO365625;C0013;VS004;476;2026-11-26 00:00:00;2026-11-16 00:00:00;2026-11-02 00:00:00;2026-10-23 00:00:00
2026-10-29 00:00:00;SO365625;C0013;AL001;663;2026-11-26 00:00:00;2026-12-04 00:00:00;2026-11-02 00:00:00;2026-11-10 00:00:00
2026-10-29 00:00:00;SO365625;C0013;CT002;786;2026-11-26 00:00:00;2026-12-03 00:00:00;2026-11-02 00:00:00;2026-11-09 00:00:00
2026-10-29 00:00:00;SO212807;C0010;CT002;623;2026-12-10 00:00:00;2026-12-12 00:00:00;2026-11-01 00:00:00;2026-11-03 00:00:00
2026-10-29 00:00:00;SO212807;C0010;AS005;671;2026-12-10 00:00:00;2026-12-06 00:00:00;2026-11-01 00:00:00;2026-10-28 00:00:00
2026-10-29 00:00:00;SO212807;C0010;AL002;703;2026-12-10 00:00:00;2026-12-02 00:00:00;2026-11-01 00:00:00;2026-10-24 00:00:00
2026-10-29 00:00:00;SO365625;C0013;CS002;635;2026-11-26 00:00:00;2026-11-19 00:00:00;2026-11-02 00:00:00;2026-10-26 00:00:00
2026-10-30 00:00:00;SO316783;C0027;CS004;744;2026-12-11 00:00:00;2026-12-04 00:00:00;2026-11-07 00:00:00;2026-10-31 00:00:00
2026-10-30 00:00:00;SO267870;C0006;VS005;731;2027-01-01 00:00:00;2026-12-29 00:00:00;2026-11-01 00:00:00;2026-10-29 00:00:00
2026-10-30 00:00:00;SO267870;C0006;AS002;795;2027-01-01 00:00:00;2027-01-05 00:00:00;2026-11-01 00:00:00;2026-11-05 00:00:00
2026-10-30 00:00:00;SO267870;C0006;CS003;464;2027-01-01 00:00:00;2027-01-11 00:00:00;2026-11-01 00:00:00;2026-11-11 00:00:00
2026-10-30 00:00:00;SO267870;C0006;VS004;769;2027-01-01 00:00:00;2027-01-06 00:00:00;2026-11-01 00:00:00;2026-11-06 00:00:00
2026-10-30 00:00:00;SO267870;C0006;AT002;1157;2027-01-01 00:00:00;2027-01-02 00:00:00;2026-11-01 00:00:00;2026-11-02 00:00:00
2026-10-30 00:00:00;SO267870;C0006;CL002;657;2027-01-01 00:00:00;2026-12-29 00:00:00;2026-11-01 00:00:00;2026-10-29 00:00:00
2026-10-30 00:00:00;SO316783;C0027;AS004;1457;2026-12-11 00:00:00;2026-12-01 00:00:00;2026-11-07 00:00:00;2026-10-28 00:00:00
2026-10-30 00:00:00;SO267870;C0006;AS004;817;2027-01-01 00:00:00;2026-12-27 00:00:00;2026-11-01 00:00:00;2026-10-27 00:00:00
2026-10-30 00:00:00;SO316783;C0027;AT001;1004;2026-12-11 00:00:00;2026-12-08 00:00:00;2026-11-07 00:00:00;2026-11-04 00:00:00
2026-10-30 00:00:00;SO316783;C0027;VS003;1437;2026-12-11 00:00:00;2026-12-09 00:00:00;2026-11-07 00:00:00;2026-11-05 00:00:00
2026-10-30 00:00:00;SO316783;C0027;AS001;410;2026-12-11 00:00:00;2026-12-02 00:00:00;2026-11-07 00:00:00;2026-10-29 00:00:00
2026-10-30 00:00:00;SO316783;C0027;CT001;1072;2026-12-11 00:00:00;2026-12-19 00:00:00;2026-11-07 00:00:00;2026-11-15 00:00:00
2026-10-30 00:00:00;SO267870;C0006;VS003;562;2027-01-01 00:00:00;2026-12-28 00:00:00;2026-11-01 00:00:00;2026-10-28 00:00:00
2026-11-02 00:00:00;SO309913;C0027;CT002;794;2026-12-14 00:00:00;2026-12-17 00:00:00;2026-11-10 00:00:00;2026-11-13 00:00:00
2026-11-02 00:00:00;SO106603;C0025;CT002;1168;2026-11-30 00:00:00;2026-12-02 00:00:00;2026-11-10 00:00:00;2026-11-12 00:00:00
2026-11-02 00:00:00;SO106603;C0025;AL001;648;2026-11-30 00:00:00;2026-11-20 00:00:00;2026-11-10 00:00:00;2026-10-31 00:00:00
2026-11-02 00:00:00;SO309913;C0027;CL002;850;2026-12-14 00:00:00;2026-12-05 00:00:00;2026-11-10 00:00:00;2026-11-01 00:00:00
2026-11-02 00:00:00;SO309913;C0027;VS003;987;2026-12-14 00:00:00;2026-12-09 00:00:00;2026-11-10 00:00:00;2026-11-05 00:00:00
2026-11-02 00:00:00;SO106603;C0025;AS005;785;2026-11-30 00:00:00;2026-12-03 00:00:00;2026-11-10 00:00:00;2026-11-13 00:00:00
2026-11-02 00:00:00;SO106603;C0025;CS004;435;2026-11-30 00:00:00;2026-12-08 00:00:00;2026-11-10 00:00:00;2026-11-18 00:00:00
2026-11-02 00:00:00;SO309913;C0027;CL001;984;2026-12-14 00:00:00;2026-12-13 00:00:00;2026-11-10 00:00:00;2026-11-09 00:00:00
2026-11-02 00:00:00;SO309913;C0027;CS004;1044;2026-12-14 00:00:00;2026-12-14 00:00:00;2026-11-10 00:00:00;2026-11-10 00:00:00
2026-11-02 00:00:00;SO106603;C0025;AL002;1138;2026-11-30 00:00:00;2026-11-28 00:00:00;2026-11-10 00:00:00;2026-11-08 00:00:00
2026-11-02 00:00:00;SO106603;C0025;VS003;1457;2026-11-30 00:00:00;2026-11-22 00:00:00;2026-11-10 00:00:00;2026-11-02 00:00:00
2026-11-02 00:00:00;SO106603;C0025;VS001;1050;2026-11-30 00:00:00;2026-11-30 00:00:00;2026-11-10 00:00:00;2026-11-10 00:00:00
2026-11-02 00:00:00;SO106603;C0025;VS004;426;2026-11-30 00:00:00;2026-11-24 00:00:00;2026-11-10 00:00:00;2026-11-04 00:00:00
2026-11-03 00:00:00;SO613625;C0012;CT002;850;2026-12-01 00:00:00;2026-12-08 00:00:00;2026-11-06 00:00:00;2026-11-13 00:00:00
2026-11-03 00:00:00;SO442282;C0017;VS004;942;2026-12-29 00:00:00;2026-12-19 00:00:00;2026-11-07 00:00:00;2026-10-28 00:00:00
2026-11-03 00:00:00;SO442282;C0017;AL001;1036;2026-12-29 00:00:00;2027-01-04 00:00:00;2026-11-07 00:00:00;2026-11-13 00:00:00
2026-11-03 00:00:00;SO613625;C0012;CL001;544;2026-12-01 00:00:00;2026-12-09 00:00:00;2026-11-06 00:00:00;2026-11-14 00:00:00
2026-11-03 00:00:00;SO442282;C0017;CL001;965;2026-12-29 00:00:00;2026-12-31 00:00:00;2026-11-07 00:00:00;2026-11-09 00:00:00
2026-11-03 00:00:00;SO613625;C0012;AS002;1006;2026-12-01 00:00:00;2026-12-04 00:00:00;2026-11-06 00:00:00;2026-11-09 00:00:00
2026-11-03 00:00:00;SO442282;C0017;CT002;691;2026-12-29 00:00:00;2027-01-02 00:00:00;2026-11-07 00:00:00;2026-11-11 00:00:00
2026-11-03 00:00:00;SO613625;C0012;CS002;585;2026-12-01 00:00:00;2026-12-07 00:00:00;2026-11-06 00:00:00;2026-11-12 00:00:00
2026-11-03 00:00:00;SO442282;C0017;CT003;1072;2026-12-29 00:00:00;2026-12-30 00:00:00;2026-11-07 00:00:00;2026-11-08 00:00:00
2026-11-03 00:00:00;SO613625;C0012;VS005;1200;2026-12-01 00:00:00;2026-12-07 00:00:00;2026-11-06 00:00:00;2026-11-12 00:00:00
2026-11-03 00:00:00;SO442282;C0017;AL002;539;2026-12-29 00:00:00;2027-01-02 00:00:00;2026-11-07 00:00:00;2026-11-11 00:00:00
2026-11-03 00:00:00;SO613625;C0012;CS003;897;2026-12-01 00:00:00;2026-12-08 00:00:00;2026-11-06 00:00:00;2026-11-13 00:00:00
2026-11-03 00:00:00;SO442282;C0017;AS005;993;2026-12-29 00:00:00;2026-12-20 00:00:00;2026-11-07 00:00:00;2026-10-29 00:00:00
2026-11-03 00:00:00;SO442282;C0017;AS004;483;2026-12-29 00:00:00;2027-01-05 00:00:00;2026-11-07 00:00:00;2026-11-14 00:00:00
2026-11-04 00:00:00;SO162612;C0007;VS002;885;2027-01-06 00:00:00;2026-12-31 00:00:00;2026-11-07 00:00:00;2026-11-01 00:00:00
2026-11-04 00:00:00;SO908070;C0023;AS002;881;2026-12-09 00:00:00;2026-12-05 00:00:00;2026-11-08 00:00:00;2026-11-04 00:00:00
2026-11-04 00:00:00;SO831415;C0012;CL002;931;2026-12-02 00:00:00;2026-11-25 00:00:00;2026-11-07 00:00:00;2026-10-31 00:00:00
2026-11-04 00:00:00;SO908070;C0023;VS002;1273;2026-12-09 00:00:00;2026-12-11 00:00:00;2026-11-08 00:00:00;2026-11-10 00:00:00
2026-11-04 00:00:00;SO831415;C0012;CT001;380;2026-12-02 00:00:00;2026-12-04 00:00:00;2026-11-07 00:00:00;2026-11-09 00:00:00
2026-11-04 00:00:00;SO831415;C0012;VS004;445;2026-12-02 00:00:00;2026-12-12 00:00:00;2026-11-07 00:00:00;2026-11-17 00:00:00
2026-11-04 00:00:00;SO162612;C0007;CT001;1035;2027-01-06 00:00:00;2027-01-01 00:00:00;2026-11-07 00:00:00;2026-11-02 00:00:00
2026-11-04 00:00:00;SO162612;C0007;VS004;1195;2027-01-06 00:00:00;2026-12-30 00:00:00;2026-11-07 00:00:00;2026-10-31 00:00:00
2026-11-04 00:00:00;SO831415;C0012;VS003;1139;2026-12-02 00:00:00;2026-12-09 00:00:00;2026-11-07 00:00:00;2026-11-14 00:00:00
2026-11-04 00:00:00;SO908070;C0023;AL001;648;2026-12-09 00:00:00;2026-12-10 00:00:00;2026-11-08 00:00:00;2026-11-09 00:00:00
2026-11-04 00:00:00;SO162612;C0007;CS003;503;2027-01-06 00:00:00;2027-01-02 00:00:00;2026-11-07 00:00:00;2026-11-03 00:00:00
2026-11-04 00:00:00;SO831415;C0012;VS002;648;2026-12-02 00:00:00;2026-11-27 00:00:00;2026-11-07 00:00:00;2026-11-02 00:00:00
2026-11-04 00:00:00;SO162612;C0007;VS005;696;2027-01-06 00:00:00;2027-01-10 00:00:00;2026-11-07 00:00:00;2026-11-11 00:00:00
2026-11-04 00:00:00;SO908070;C0023;CT001;1268;2026-12-09 00:00:00;2026-11-30 00:00:00;2026-11-08 00:00:00;2026-10-30 00:00:00
2026-11-04 00:00:00;SO162612;C0007;AT002;960;2027-01-06 00:00:00;2027-01-14 00:00:00;2026-11-07 00:00:00;2026-11-15 00:00:00
2026-11-04 00:00:00;SO162612;C0007;AS005;1136;2027-01-06 00:00:00;2026-12-29 00:00:00;2026-11-07 00:00:00;2026-10-30 00:00:00
2026-11-04 00:00:00;SO831415;C0012;AL001;775;2026-12-02 00:00:00;2026-12-02 00:00:00;2026-11-07 00:00:00;2026-11-07 00:00:00
2026-11-04 00:00:00;SO908070;C0023;AL002;1107;2026-12-09 00:00:00;2026-11-30 00:00:00;2026-11-08 00:00:00;2026-10-30 00:00:00
2026-11-05 00:00:00;SO862410;C0020;AT002;668;2026-12-31 00:00:00;2026-12-24 00:00:00;2026-11-09 00:00:00;2026-11-02 00:00:00
2026-11-05 00:00:00;SO258776;C0001;CT001;851;2026-12-03 00:00:00;2026-11-24 00:00:00;2026-11-07 00:00:00;2026-10-29 00:00:00
2026-11-05 00:00:00;SO874175;C0018;AS004;821;2027-01-07 00:00:00;2026-12-30 00:00:00;2026-11-09 00:00:00;2026-11-01 00:00:00
2026-11-05 00:00:00;SO862410;C0020;CS002;377;2026-12-31 00:00:00;2027-01-03 00:00:00;2026-11-09 00:00:00;2026-11-12 00:00:00
2026-11-05 00:00:00;SO258776;C0001;AS004;379;2026-12-03 00:00:00;2026-12-10 00:00:00;2026-11-07 00:00:00;2026-11-14 00:00:00
2026-11-05 00:00:00;SO258776;C0001;AL001;1027;2026-12-03 00:00:00;2026-11-28 00:00:00;2026-11-07 00:00:00;2026-11-02 00:00:00
2026-11-05 00:00:00;SO874175;C0018;CS001;711;2027-01-07 00:00:00;2026-12-29 00:00:00;2026-11-09 00:00:00;2026-10-31 00:00:00
2026-11-05 00:00:00;SO874175;C0018;AL001;318;2027-01-07 00:00:00;2026-12-30 00:00:00;2026-11-09 00:00:00;2026-11-01 00:00:00
2026-11-05 00:00:00;SO862410;C0020;VS004;377;2026-12-31 00:00:00;2026-12-25 00:00:00;2026-11-09 00:00:00;2026-11-03 00:00:00
2026-11-05 00:00:00;SO862410;C0020;CL001;637;2026-12-31 00:00:00;2026-12-29 00:00:00;2026-11-09 00:00:00;2026-11-07 00:00:00
2026-11-05 00:00:00;SO862410;C0020;AL001;1119;2026-12-31 00:00:00;2026-12-31 00:00:00;2026-11-09 00:00:00;2026-11-09 00:00:00
2026-11-05 00:00:00;SO862410;C0020;VS002;597;2026-12-31 00:00:00;2027-01-09 00:00:00;2026-11-09 00:00:00;2026-11-18 00:00:00
2026-11-05 00:00:00;SO874175;C0018;VS005;451;2027-01-07 00:00:00;2026-12-30 00:00:00;2026-11-09 00:00:00;2026-11-01 00:00:00
2026-11-05 00:00:00;SO874175;C0018;CS004;774;2027-01-07 00:00:00;2026-12-28 00:00:00;2026-11-09 00:00:00;2026-10-30 00:00:00
2026-11-05 00:00:00;SO258776;C0001;CS002;753;2026-12-03 00:00:00;2026-11-25 00:00:00;2026-11-07 00:00:00;2026-10-30 00:00:00
2026-11-05 00:00:00;SO258776;C0001;VS005;1202;2026-12-03 00:00:00;2026-11-28 00:00:00;2026-11-07 00:00:00;2026-11-02 00:00:00
2026-11-05 00:00:00;SO874175;C0018;AS002;1116;2027-01-07 00:00:00;2027-01-04 00:00:00;2026-11-09 00:00:00;2026-11-06 00:00:00
2026-11-05 00:00:00;SO874175;C0018;CT003;727;2027-01-07 00:00:00;2026-12-28 00:00:00;2026-11-09 00:00:00;2026-10-30 00:00:00
2026-11-06 00:00:00;SO339503;C0028;CT003;665;2026-11-20 00:00:00;2026-11-24 00:00:00;2026-11-14 00:00:00;2026-11-18 00:00:00
2026-11-06 00:00:00;SO816850;C0018;CT001;899;2027-01-08 00:00:00;2027-01-12 00:00:00;2026-11-10 00:00:00;2026-11-14 00:00:00
2026-11-06 00:00:00;SO214904;C0023;CS001;1007;2026-12-11 00:00:00;2026-12-10 00:00:00;2026-11-10 00:00:00;2026-11-09 00:00:00
2026-11-06 00:00:00;SO214904;C0023;VS003;701;2026-12-11 00:00:00;2026-12-08 00:00:00;2026-11-10 00:00:00;2026-11-07 00:00:00
2026-11-06 00:00:00;SO339503;C0028;VS005;1412;2026-11-20 00:00:00;2026-11-23 00:00:00;2026-11-14 00:00:00;2026-11-17 00:00:00
2026-11-06 00:00:00;SO339503;C0028;AS005;306;2026-11-20 00:00:00;2026-11-19 00:00:00;2026-11-14 00:00:00;2026-11-13 00:00:00
2026-11-06 00:00:00;SO339503;C0028;CT001;897;2026-11-20 00:00:00;2026-11-28 00:00:00;2026-11-14 00:00:00;2026-11-22 00:00:00
2026-11-06 00:00:00;SO816850;C0018;CS003;758;2027-01-08 00:00:00;2027-01-12 00:00:00;2026-11-10 00:00:00;2026-11-14 00:00:00
2026-11-06 00:00:00;SO339503;C0028;AL002;898;2026-11-20 00:00:00;2026-11-29 00:00:00;2026-11-14 00:00:00;2026-11-23 00:00:00
2026-11-06 00:00:00;SO816850;C0018;CL001;769;2027-01-08 00:00:00;2027-01-13 00:00:00;2026-11-10 00:00:00;2026-11-15 00:00:00
2026-11-06 00:00:00;SO214904;C0023;CT002;412;2026-12-11 00:00:00;2026-12-17 00:00:00;2026-11-10 00:00:00;2026-11-16 00:00:00
2026-11-06 00:00:00;SO816850;C0018;VS001;374;2027-01-08 00:00:00;2027-01-07 00:00:00;2026-11-10 00:00:00;2026-11-09 00:00:00
2026-11-06 00:00:00;SO339503;C0028;AS002;334;2026-11-20 00:00:00;2026-11-15 00:00:00;2026-11-14 00:00:00;2026-11-09 00:00:00
2026-11-06 00:00:00;SO214904;C0023;VS004;1073;2026-12-11 00:00:00;2026-12-06 00:00:00;2026-11-10 00:00:00;2026-11-05 00:00:00
2026-11-06 00:00:00;SO816850;C0018;AT002;1287;2027-01-08 00:00:00;2027-01-03 00:00:00;2026-11-10 00:00:00;2026-11-05 00:00:00
2026-11-06 00:00:00;SO214904;C0023;CT003;1026;2026-12-11 00:00:00;2026-12-20 00:00:00;2026-11-10 00:00:00;2026-11-19 00:00:00
2026-11-06 00:00:00;SO816850;C0018;CS001;369;2027-01-08 00:00:00;2027-01-18 00:00:00;2026-11-10 00:00:00;2026-11-20 00:00:00
2026-11-06 00:00:00;SO816850;C0018;CS004;496;2027-01-08 00:00:00;2026-12-31 00:00:00;2026-11-10 00:00:00;2026-11-02 00:00:00
2026-11-06 00:00:00;SO214904;C0023;AS005;564;2026-12-11 00:00:00;2026-12-01 00:00:00;2026-11-10 00:00:00;2026-10-31 00:00:00
2026-11-06 00:00:00;SO339503;C0028;AL001;815;2026-11-20 00:00:00;2026-11-21 00:00:00;2026-11-14 00:00:00;2026-11-15 00:00:00
2026-11-09 00:00:00;SO240848;C0015;CT001;746;2026-12-21 00:00:00;2026-12-11 00:00:00;2026-11-13 00:00:00;2026-11-03 00:00:00
2026-11-09 00:00:00;SO482967;C0027;CT002;539;2026-12-21 00:00:00;2026-12-12 00:00:00;2026-11-17 00:00:00;2026-11-08 00:00:00
2026-11-09 00:00:00;SO578542;C0014;VS003;420;2026-12-14 00:00:00;2026-12-12 00:00:00;2026-11-13 00:00:00;2026-11-11 00:00:00
2026-11-09 00:00:00;SO240848;C0015;CT003;926;2026-12-21 00:00:00;2026-12-27 00:00:00;2026-11-13 00:00:00;2026-11-19 00:00:00
2026-11-09 00:00:00;SO482967;C0027;CS002;341;2026-12-21 00:00:00;2026-12-22 00:00:00;2026-11-17 00:00:00;2026-11-18 00:00:00
2026-11-09 00:00:00;SO578542;C0014;CL001;785;2026-12-14 00:00:00;2026-12-09 00:00:00;2026-11-13 00:00:00;2026-11-08 00:00:00
2026-11-09 00:00:00;SO578542;C0014;CS004;648;2026-12-14 00:00:00;2026-12-21 00:00:00;2026-11-13 00:00:00;2026-11-20 00:00:00
2026-11-09 00:00:00;SO482967;C0027;CS001;836;2026-12-21 00:00:00;2026-12-17 00:00:00;2026-11-17 00:00:00;2026-11-13 00:00:00
2026-11-09 00:00:00;SO578542;C0014;CS001;963;2026-12-14 00:00:00;2026-12-16 00:00:00;2026-11-13 00:00:00;2026-11-15 00:00:00
2026-11-09 00:00:00;SO240848;C0015;CS004;827;2026-12-21 00:00:00;2026-12-13 00:00:00;2026-11-13 00:00:00;2026-11-05 00:00:00
2026-11-09 00:00:00;SO482967;C0027;CL002;1216;2026-12-21 00:00:00;2026-12-15 00:00:00;2026-11-17 00:00:00;2026-11-11 00:00:00
2026-11-09 00:00:00;SO482967;C0027;VS002;931;2026-12-21 00:00:00;2026-12-26 00:00:00;2026-11-17 00:00:00;2026-11-22 00:00:00
2026-11-09 00:00:00;SO240848;C0015;VS004;620;2026-12-21 00:00:00;2026-12-16 00:00:00;2026-11-13 00:00:00;2026-11-08 00:00:00
2026-11-09 00:00:00;SO482967;C0027;VS003;501;2026-12-21 00:00:00;2026-12-24 00:00:00;2026-11-17 00:00:00;2026-11-20 00:00:00
2026-11-09 00:00:00;SO482967;C0027;AS004;747;2026-12-21 00:00:00;2026-12-19 00:00:00;2026-11-17 00:00:00;2026-11-15 00:00:00
2026-11-09 00:00:00;SO578542;C0014;VS004;436;2026-12-14 00:00:00;2026-12-11 00:00:00;2026-11-13 00:00:00;2026-11-10 00:00:00
2026-11-10 00:00:00;SO898540;C0014;AS002;993;2026-12-15 00:00:00;2026-12-18 00:00:00;2026-11-14 00:00:00;2026-11-17 00:00:00
2026-11-10 00:00:00;SO528063;C0011;CS004;684;2026-12-15 00:00:00;2026-12-09 00:00:00;2026-11-13 00:00:00;2026-11-07 00:00:00
2026-11-10 00:00:00;SO918023;C0015;AS002;614;2026-12-22 00:00:00;2026-12-18 00:00:00;2026-11-14 00:00:00;2026-11-10 00:00:00
2026-11-10 00:00:00;SO439081;C0030;AS005;752;2027-01-12 00:00:00;2027-01-06 00:00:00;2026-11-18 00:00:00;2026-11-12 00:00:00
2026-11-10 00:00:00;SO918023;C0015;CT002;351;2026-12-22 00:00:00;2026-12-14 00:00:00;2026-11-14 00:00:00;2026-11-06 00:00:00
2026-11-10 00:00:00;SO898540;C0014;CT002;821;2026-12-15 00:00:00;2026-12-07 00:00:00;2026-11-14 00:00:00;2026-11-06 00:00:00
2026-11-10 00:00:00;SO439081;C0030;AL001;708;2027-01-12 00:00:00;2027-01-12 00:00:00;2026-11-18 00:00:00;2026-11-18 00:00:00
2026-11-10 00:00:00;SO528063;C0011;CS002;810;2026-12-15 00:00:00;2026-12-07 00:00:00;2026-11-13 00:00:00;2026-11-05 00:00:00
2026-11-10 00:00:00;SO439081;C0030;VS004;559;2027-01-12 00:00:00;2027-01-04 00:00:00;2026-11-18 00:00:00;2026-11-10 00:00:00
2026-11-10 00:00:00;SO918023;C0015;CS001;1001;2026-12-22 00:00:00;2026-12-15 00:00:00;2026-11-14 00:00:00;2026-11-07 00:00:00
2026-11-10 00:00:00;SO528063;C0011;CT003;938;2026-12-15 00:00:00;2026-12-18 00:00:00;2026-11-13 00:00:00;2026-11-16 00:00:00
2026-11-10 00:00:00;SO528063;C0011;AS005;854;2026-12-15 00:00:00;2026-12-13 00:00:00;2026-11-13 00:00:00;2026-11-11 00:00:00
2026-11-10 00:00:00;SO439081;C0030;CT001;458;2027-01-12 00:00:00;2027-01-22 00:00:00;2026-11-18 00:00:00;2026-11-28 00:00:00
2026-11-10 00:00:00;SO898540;C0014;VS002;590;2026-12-15 00:00:00;2026-12-06 00:00:00;2026-11-14 00:00:00;2026-11-05 00:00:00
2026-11-10 00:00:00;SO439081;C0030;AS002;1025;2027-01-12 00:00:00;2027-01-04 00:00:00;2026-11-18 00:00:00;2026-11-10 00:00:00
2026-11-10 00:00:00;SO439081;C0030;VS001;758;2027-01-12 00:00:00;2027-01-17 00:00:00;2026-11-18 00:00:00;2026-11-23 00:00:00
2026-11-10 00:00:00;SO918023;C0015;CT001;945;2026-12-22 00:00:00;2026-12-14 00:00:00;2026-11-14 00:00:00;2026-11-06 00:00:00
2026-11-10 00:00:00;SO918023;C0015;VS001;498;2026-12-22 00:00:00;2026-12-21 00:00:00;2026-11-14 00:00:00;2026-11-13 00:00:00
2026-11-11 00:00:00;SO106914;C0029;CL002;1108;2027-01-06 00:00:00;2026-12-28 00:00:00;2026-11-19 00:00:00;2026-11-10 00:00:00
2026-11-11 00:00:00;SO987481;C0016;AT001;548;2026-11-25 00:00:00;2026-11-25 00:00:00;2026-11-15 00:00:00;2026-11-15 00:00:00
2026-11-11 00:00:00;SO987481;C0016;CS004;817;2026-11-25 00:00:00;2026-11-29 00:00:00;2026-11-15 00:00:00;2026-11-19 00:00:00
2026-11-11 00:00:00;SO106914;C0029;AT002;742;2027-01-06 00:00:00;2027-01-13 00:00:00;2026-11-19 00:00:00;2026-11-26 00:00:00
2026-11-11 00:00:00;SO106914;C0029;VS001;1372;2027-01-06 00:00:00;2027-01-01 00:00:00;2026-11-19 00:00:00;2026-11-14 00:00:00
2026-11-11 00:00:00;SO106914;C0029;AS004;861;2027-01-06 00:00:00;2027-01-03 00:00:00;2026-11-19 00:00:00;2026-11-16 00:00:00
2026-11-11 00:00:00;SO106914;C0029;CS004;907;2027-01-06 00:00:00;2027-01-08 00:00:00;2026-11-19 00:00:00;2026-11-21 00:00:00
2026-11-11 00:00:00;SO106914;C0029;CS003;287;2027-01-06 00:00:00;2027-01-13 00:00:00;2026-11-19 00:00:00;2026-11-26 00:00:00
2026-11-11 00:00:00;SO106914;C0029;AT001;367;2027-01-06 00:00:00;2026-12-27 00:00:00;2026-11-19 00:00:00;2026-11-09 00:00:00
2026-11-11 00:00:00;SO987481;C0016;CT001;1183;2026-11-25 00:00:00;2026-11-29 00:00:00;2026-11-15 00:00:00;2026-11-19 00:00:00
2026-11-11 00:00:00;SO987481;C0016;AS002;827;2026-11-25 00:00:00;2026-12-05 00:00:00;2026-11-15 00:00:00;2026-11-25 00:00:00
2026-11-11 00:00:00;SO987481;C0016;CS001;1003;2026-11-25 00:00:00;2026-11-28 00:00:00;2026-11-15 00:00:00;2026-11-18 00:00:00
2026-11-11 00:00:00;SO987481;C0016;CL001;1256;2026-11-25 00:00:00;2026-11-15 00:00:00;2026-11-15 00:00:00;2026-11-05 00:00:00
2026-11-11 00:00:00;SO106914;C0029;VS004;955;2027-01-06 00:00:00;2027-01-02 00:00:00;2026-11-19 00:00:00;2026-11-15 00:00:00
2026-11-11 00:00:00;SO106914;C0029;CL001;1302;2027-01-06 00:00:00;2027-01-02 00:00:00;2026-11-19 00:00:00;2026-11-15 00:00:00
2026-11-11 00:00:00;SO106914;C0029;CT002;330;2027-01-06 00:00:00;2027-01-11 00:00:00;2026-11-19 00:00:00;2026-11-24 00:00:00
2026-11-11 00:00:00;SO987481;C0016;AT002;951;2026-11-25 00:00:00;2026-11-17 00:00:00;2026-11-15 00:00:00;2026-11-07 00:00:00
2026-11-11 00:00:00;SO987481;C0016;VS002;779;2026-11-25 00:00:00;2026-11-23 00:00:00;2026-11-15 00:00:00;2026-11-13 00:00:00
2026-11-11 00:00:00;SO987481;C0016;AL002;892;2026-11-25 00:00:00;2026-11-26 00:00:00;2026-11-15 00:00:00;2026-11-16 00:00:00
2026-11-12 00:00:00;SO134225;C0027;AS005;1020;2026-12-24 00:00:00;2026-12-30 00:00:00;2026-11-20 00:00:00;2026-11-26 00:00:00
2026-11-12 00:00:00;SO993961;C0004;VS004;895;2026-11-26 00:00:00;2026-11-30 00:00:00;2026-11-14 00:00:00;2026-11-18 00:00:00
2026-11-12 00:00:00;SO316988;C0024;CL002;307;2026-12-10 00:00:00;2026-12-11 00:00:00;2026-11-16 00:00:00;2026-11-17 00:00:00
2026-11-12 00:00:00;SO602994;C0008;AT001;1150;2027-01-07 00:00:00;2027-01-09 00:00:00;2026-11-15 00:00:00;2026-11-17 00:00:00
2026-11-12 00:00:00;SO602994;C0008;CS002;1160;2027-01-07 00:00:00;2027-01-09 00:00:00;2026-11-15 00:00:00;2026-11-17 00:00:00
2026-11-12 00:00:00;SO134225;C0027;AS002;302;2026-12-24 00:00:00;2027-01-03 00:00:00;2026-11-20 00:00:00;2026-11-30 00:00:00
2026-11-12 00:00:00;SO134225;C0027;VS004;804;2026-12-24 00:00:00;2026-12-19 00:00:00;2026-11-20 00:00:00;2026-11-15 00:00:00
2026-11-12 00:00:00;SO602994;C0008;CT002;1323;2027-01-07 00:00:00;2027-01-10 00:00:00;2026-11-15 00:00:00;2026-11-18 00:00:00
2026-11-12 00:00:00;SO602994;C0008;AS005;1281;2027-01-07 00:00:00;2027-01-12 00:00:00;2026-11-15 00:00:00;2026-11-20 00:00:00
2026-11-12 00:00:00;SO993961;C0004;VS003;1224;2026-11-26 00:00:00;2026-12-03 00:00:00;2026-11-14 00:00:00;2026-11-21 00:00:00
2026-11-12 00:00:00;SO602994;C0008;AL001;359;2027-01-07 00:00:00;2027-01-04 00:00:00;2026-11-15 00:00:00;2026-11-12 00:00:00
2026-11-12 00:00:00;SO134225;C0027;AL001;854;2026-12-24 00:00:00;2026-12-26 00:00:00;2026-11-20 00:00:00;2026-11-22 00:00:00
2026-11-12 00:00:00;SO134225;C0027;VS001;947;2026-12-24 00:00:00;2027-01-03 00:00:00;2026-11-20 00:00:00;2026-11-30 00:00:00
2026-11-12 00:00:00;SO134225;C0027;VS003;451;2026-12-24 00:00:00;2026-12-26 00:00:00;2026-11-20 00:00:00;2026-11-22 00:00:00
2026-11-12 00:00:00;SO993961;C0004;AT001;427;2026-11-26 00:00:00;2026-11-20 00:00:00;2026-11-14 00:00:00;2026-11-08 00:00:00
2026-11-12 00:00:00;SO602994;C0008;VS002;930;2027-01-07 00:00:00;2026-12-30 00:00:00;2026-11-15 00:00:00;2026-11-07 00:00:00
2026-11-12 00:00:00;SO993961;C0004;AS002;502;2026-11-26 00:00:00;2026-11-25 00:00:00;2026-11-14 00:00:00;2026-11-13 00:00:00
2026-11-13 00:00:00;SO704374;C0005;AL002;511;2027-01-08 00:00:00;2027-01-18 00:00:00;2026-11-15 00:00:00;2026-11-25 00:00:00
2026-11-13 00:00:00;SO198953;C0025;CS004;1054;2026-12-11 00:00:00;2026-12-19 00:00:00;2026-11-21 00:00:00;2026-11-29 00:00:00
2026-11-13 00:00:00;SO745095;C0013;AS002;1092;2026-12-11 00:00:00;2026-12-11 00:00:00;2026-11-17 00:00:00;2026-11-17 00:00:00
2026-11-13 00:00:00;SO613448;C0022;CS003;885;2026-12-25 00:00:00;2026-12-26 00:00:00;2026-11-17 00:00:00;2026-11-18 00:00:00
2026-11-13 00:00:00;SO198953;C0025;VS003;605;2026-12-11 00:00:00;2026-12-06 00:00:00;2026-11-21 00:00:00;2026-11-16 00:00:00
2026-11-13 00:00:00;SO704374;C0005;CS002;1041;2027-01-08 00:00:00;2027-01-15 00:00:00;2026-11-15 00:00:00;2026-11-22 00:00:00
2026-11-13 00:00:00;SO198953;C0025;CS001;1020;2026-12-11 00:00:00;2026-12-17 00:00:00;2026-11-21 00:00:00;2026-11-27 00:00:00
2026-11-13 00:00:00;SO613448;C0022;VS005;351;2026-12-25 00:00:00;2027-01-01 00:00:00;2026-11-17 00:00:00;2026-11-24 00:00:00
2026-11-13 00:00:00;SO613448;C0022;AL001;492;2026-12-25 00:00:00;2026-12-22 00:00:00;2026-11-17 00:00:00;2026-11-14 00:00:00
2026-11-13 00:00:00;SO613448;C0022;VS003;483;2026-12-25 00:00:00;2027-01-03 00:00:00;2026-11-17 00:00:00;2026-11-26 00:00:00
2026-11-13 00:00:00;SO613448;C0022;AT001;644;2026-12-25 00:00:00;2026-12-22 00:00:00;2026-11-17 00:00:00;2026-11-14 00:00:00
2026-11-13 00:00:00;SO704374;C0005;VS001;657;2027-01-08 00:00:00;2027-01-04 00:00:00;2026-11-15 00:00:00;2026-11-11 00:00:00
2026-11-13 00:00:00;SO613448;C0022;VS002;491;2026-12-25 00:00:00;2026-12-20 00:00:00;2026-11-17 00:00:00;2026-11-12 00:00:00
2026-11-16 00:00:00;SO935907;C0012;AS002;1256;2026-12-14 00:00:00;2026-12-11 00:00:00;2026-11-19 00:00:00;2026-11-16 00:00:00
2026-11-16 00:00:00;SO790460;C0018;VS005;597;2027-01-18 00:00:00;2027-01-10 00:00:00;2026-11-20 00:00:00;2026-11-12 00:00:00
2026-11-16 00:00:00;SO790460;C0018;CT003;814;2027-01-18 00:00:00;2027-01-14 00:00:00;2026-11-20 00:00:00;2026-11-16 00:00:00
2026-11-16 00:00:00;SO790460;C0018;AT002;733;2027-01-18 00:00:00;2027-01-26 00:00:00;2026-11-20 00:00:00;2026-11-28 00:00:00
2026-11-16 00:00:00;SO790460;C0018;VS002;892;2027-01-18 00:00:00;2027-01-18 00:00:00;2026-11-20 00:00:00;2026-11-20 00:00:00
2026-11-16 00:00:00;SO790460;C0018;AS005;670;2027-01-18 00:00:00;2027-01-12 00:00:00;2026-11-20 00:00:00;2026-11-14 00:00:00
2026-11-16 00:00:00;SO935907;C0012;CT003;985;2026-12-14 00:00:00;2026-12-22 00:00:00;2026-11-19 00:00:00;2026-11-27 00:00:00
2026-11-16 00:00:00;SO790460;C0018;AL001;435;2027-01-18 00:00:00;2027-01-13 00:00:00;2026-11-20 00:00:00;2026-11-15 00:00:00
2026-11-16 00:00:00;SO790460;C0018;CS003;1092;2027-01-18 00:00:00;2027-01-22 00:00:00;2026-11-20 00:00:00;2026-11-24 00:00:00
2026-11-16 00:00:00;SO935907;C0012;CL002;605;2026-12-14 00:00:00;2026-12-22 00:00:00;2026-11-19 00:00:00;2026-11-27 00:00:00
2026-11-16 00:00:00;SO935907;C0012;AS005;775;2026-12-14 00:00:00;2026-12-20 00:00:00;2026-11-19 00:00:00;2026-11-25 00:00:00
2026-11-16 00:00:00;SO935907;C0012;CT001;1139;2026-12-14 00:00:00;2026-12-24 00:00:00;2026-11-19 00:00:00;2026-11-29 00:00:00
2026-11-16 00:00:00;SO935907;C0012;CS002;1259;2026-12-14 00:00:00;2026-12-16 00:00:00;2026-11-19 00:00:00;2026-11-21 00:00:00
2026-11-17 00:00:00;SO971924;C0018;AS005;753;2027-01-19 00:00:00;2027-01-24 00:00:00;2026-11-21 00:00:00;2026-11-26 00:00:00
2026-11-17 00:00:00;SO895142;C0021;CS001;875;2026-12-01 00:00:00;2026-12-02 00:00:00;2026-11-21 00:00:00;2026-11-22 00:00:00
2026-11-17 00:00:00;SO821461;C0029;AL002;332;2027-01-12 00:00:00;2027-01-22 00:00:00;2026-11-25 00:00:00;2026-12-05 00:00:00
2026-11-17 00:00:00;SO859678;C0014;CT003;856;2026-12-22 00:00:00;2026-12-30 00:00:00;2026-11-21 00:00:00;2026-11-29 00:00:00
2026-11-17 00:00:00;SO859678;C0014;CL001;491;2026-12-22 00:00:00;2026-12-19 00:00:00;2026-11-21 00:00:00;2026-11-18 00:00:00
2026-11-17 00:00:00;SO821461;C0029;VS004;720;2027-01-12 00:00:00;2027-01-13 00:00:00;2026-11-25 00:00:00;2026-11-26 00:00:00
2026-11-17 00:00:00;SO859678;C0014;CS004;1021;2026-12-22 00:00:00;2026-12-29 00:00:00;2026-11-21 00:00:00;2026-11-28 00:00:00
2026-11-17 00:00:00;SO821461;C0029;VS003;918;2027-01-12 00:00:00;2027-01-09 00:00:00;2026-11-25 00:00:00;2026-11-22 00:00:00
2026-11-17 00:00:00;SO971924;C0018;AT002;378;2027-01-19 00:00:00;2027-01-16 00:00:00;2026-11-21 00:00:00;2026-11-18 00:00:00
2026-11-17 00:00:00;SO821461;C0029;VS001;405;2027-01-12 00:00:00;2027-01-04 00:00:00;2026-11-25 00:00:00;2026-11-17 00:00:00
2026-11-17 00:00:00;SO895142;C0021;AT002;379;2026-12-01 00:00:00;2026-11-23 00:00:00;2026-11-21 00:00:00;2026-11-13 00:00:00
2026-11-17 00:00:00;SO859678;C0014;VS005;728;2026-12-22 00:00:00;2026-12-17 00:00:00;2026-11-21 00:00:00;2026-11-16 00:00:00
2026-11-17 00:00:00;SO821461;C0029;CT003;835;2027-01-12 00:00:00;2027-01-20 00:00:00;2026-11-25 00:00:00;2026-12-03 00:00:00
2026-11-17 00:00:00;SO859678;C0014;CL002;403;2026-12-22 00:00:00;2026-12-24 00:00:00;2026-11-21 00:00:00;2026-11-23 00:00:00
2026-11-18 00:00:00;SO355633;C0009;CL002;450;2026-12-02 00:00:00;2026-12-05 00:00:00;2026-11-21 00:00:00;2026-11-24 00:00:00
2026-11-18 00:00:00;SO556441;C0024;VS005;621;2026-12-16 00:00:00;2026-12-11 00:00:00;2026-11-22 00:00:00;2026-11-17 00:00:00
2026-11-18 00:00:00;SO556441;C0024;CT002;1112;2026-12-16 00:00:00;2026-12-24 00:00:00;2026-11-22 00:00:00;2026-11-30 00:00:00
2026-11-18 00:00:00;SO556441;C0024;AS004;737;2026-12-16 00:00:00;2026-12-16 00:00:00;2026-11-22 00:00:00;2026-11-22 00:00:00
2026-11-18 00:00:00;SO556441;C0024;CT003;705;2026-12-16 00:00:00;2026-12-17 00:00:00;2026-11-22 00:00:00;2026-11-23 00:00:00
2026-11-18 00:00:00;SO355633;C0009;CT001;402;2026-12-02 00:00:00;2026-11-30 00:00:00;2026-11-21 00:00:00;2026-11-19 00:00:00
2026-11-18 00:00:00;SO556441;C0024;CS004;316;2026-12-16 00:00:00;2026-12-20 00:00:00;2026-11-22 00:00:00;2026-11-26 00:00:00
2026-11-18 00:00:00;SO556441;C0024;CS002;528;2026-12-16 00:00:00;2026-12-09 00:00:00;2026-11-22 00:00:00;2026-11-15 00:00:00
2026-11-18 00:00:00;SO355633;C0009;AS004;909;2026-12-02 00:00:00;2026-12-08 00:00:00;2026-11-21 00:00:00;2026-11-27 00:00:00
2026-11-18 00:00:00;SO556441;C0024;AS002;881;2026-12-16 00:00:00;2026-12-18 00:00:00;2026-11-22 00:00:00;2026-11-24 00:00:00
2026-11-18 00:00:00;SO556441;C0024;CL001;605;2026-12-16 00:00:00;2026-12-21 00:00:00;2026-11-22 00:00:00;2026-11-27 00:00:00
2026-11-18 00:00:00;SO355633;C0009;AT001;876;2026-12-02 00:00:00;2026-12-10 00:00:00;2026-11-21 00:00:00;2026-11-29 00:00:00
2026-11-18 00:00:00;SO355633;C0009;AL001;843;2026-12-02 00:00:00;2026-11-26 00:00:00;2026-11-21 00:00:00;2026-11-15 00:00:00
2026-11-19 00:00:00;SO275855;C0023;AL002;810;2026-12-24 00:00:00;2026-12-18 00:00:00;2026-11-23 00:00:00;2026-11-17 00:00:00
2026-11-19 00:00:00;SO636087;C0001;CS001;568;2026-12-17 00:00:00;2026-12-14 00:00:00;2026-11-21 00:00:00;2026-11-18 00:00:00
2026-11-19 00:00:00;SO636087;C0001;AS002;1098;2026-12-17 00:00:00;2026-12-23 00:00:00;2026-11-21 00:00:00;2026-11-27 00:00:00
2026-11-19 00:00:00;SO275855;C0023;CS001;1169;2026-12-24 00:00:00;2026-12-22 00:00:00;2026-11-23 00:00:00;2026-11-21 00:00:00
2026-11-19 00:00:00;SO275855;C0023;CT003;720;2026-12-24 00:00:00;2026-12-17 00:00:00;2026-11-23 00:00:00;2026-11-16 00:00:00
2026-11-19 00:00:00;SO636087;C0001;CS003;432;2026-12-17 00:00:00;2026-12-10 00:00:00;2026-11-21 00:00:00;2026-11-14 00:00:00
2026-11-19 00:00:00;SO275855;C0023;VS003;838;2026-12-24 00:00:00;2026-12-27 00:00:00;2026-11-23 00:00:00;2026-11-26 00:00:00
2026-11-19 00:00:00;SO636087;C0001;VS001;1049;2026-12-17 00:00:00;2026-12-27 00:00:00;2026-11-21 00:00:00;2026-12-01 00:00:00
2026-11-19 00:00:00;SO636087;C0001;VS002;479;2026-12-17 00:00:00;2026-12-21 00:00:00;2026-11-21 00:00:00;2026-11-25 00:00:00
2026-11-19 00:00:00;SO636087;C0001;CL001;511;2026-12-17 00:00:00;2026-12-10 00:00:00;2026-11-21 00:00:00;2026-11-14 00:00:00
2026-11-19 00:00:00;SO636087;C0001;AS005;1007;2026-12-17 00:00:00;2026-12-14 00:00:00;2026-11-21 00:00:00;2026-11-18 00:00:00
2026-11-19 00:00:00;SO636087;C0001;CT002;1278;2026-12-17 00:00:00;2026-12-22 00:00:00;2026-11-21 00:00:00;2026-11-26 00:00:00
2026-11-19 00:00:00;SO275855;C0023;VS004;389;2026-12-24 00:00:00;2026-12-15 00:00:00;2026-11-23 00:00:00;2026-11-14 00:00:00
2026-11-19 00:00:00;SO275855;C0023;CL002;1025;2026-12-24 00:00:00;2026-12-22 00:00:00;2026-11-23 00:00:00;2026-11-21 00:00:00
2026-11-19 00:00:00;SO636087;C0001;CS002;961;2026-12-17 00:00:00;2026-12-17 00:00:00;2026-11-21 00:00:00;2026-11-21 00:00:00
2026-11-19 00:00:00;SO636087;C0001;AL002;459;2026-12-17 00:00:00;2026-12-12 00:00:00;2026-11-21 00:00:00;2026-11-16 00:00:00
2026-11-19 00:00:00;SO275855;C0023;AT002;1276;2026-12-24 00:00:00;2026-12-14 00:00:00;2026-11-23 00:00:00;2026-11-13 00:00:00
2026-11-19 00:00:00;SO275855;C0023;CS004;835;2026-12-24 00:00:00;2026-12-25 00:00:00;2026-11-23 00:00:00;2026-11-24 00:00:00
2026-11-19 00:00:00;SO275855;C0023;AS005;692;2026-12-24 00:00:00;2026-12-15 00:00:00;2026-11-23 00:00:00;2026-11-14 00:00:00
2026-11-19 00:00:00;SO636087;C0001;VS004;533;2026-12-17 00:00:00;2026-12-20 00:00:00;2026-11-21 00:00:00;2026-11-24 00:00:00
2026-11-20 00:00:00;SO699799;C0030;AS004;1160;2027-01-22 00:00:00;2027-02-01 00:00:00;2026-11-28 00:00:00;2026-12-08 00:00:00
2026-11-20 00:00:00;SO951274;C0027;CT003;1077;2027-01-01 00:00:00;2026-12-29 00:00:00;2026-11-28 00:00:00;2026-11-25 00:00:00
2026-11-20 00:00:00;SO783018;C0026;CT003;826;2026-12-25 00:00:00;2026-12-19 00:00:00;2026-11-28 00:00:00;2026-11-22 00:00:00
2026-11-20 00:00:00;SO413092;C0028;AL002;1224;2026-12-04 00:00:00;2026-12-14 00:00:00;2026-11-28 00:00:00;2026-12-08 00:00:00
2026-11-20 00:00:00;SO951274;C0027;AS002;1148;2027-01-01 00:00:00;2026-12-26 00:00:00;2026-11-28 00:00:00;2026-11-22 00:00:00
2026-11-20 00:00:00;SO951274;C0027;CS002;805;2027-01-01 00:00:00;2026-12-27 00:00:00;2026-11-28 00:00:00;2026-11-23 00:00:00
2026-11-20 00:00:00;SO413092;C0028;CS004;441;2026-12-04 00:00:00;2026-11-26 00:00:00;2026-11-28 00:00:00;2026-11-20 00:00:00
2026-11-20 00:00:00;SO699799;C0030;VS002;1037;2027-01-22 00:00:00;2027-01-16 00:00:00;2026-11-28 00:00:00;2026-11-22 00:00:00
2026-11-20 00:00:00;SO783018;C0026;VS003;758;2026-12-25 00:00:00;2026-12-26 00:00:00;2026-11-28 00:00:00;2026-11-29 00:00:00
2026-11-20 00:00:00;SO783018;C0026;AT001;928;2026-12-25 00:00:00;2026-12-26 00:00:00;2026-11-28 00:00:00;2026-11-29 00:00:00
2026-11-20 00:00:00;SO699799;C0030;VS003;753;2027-01-22 00:00:00;2027-01-18 00:00:00;2026-11-28 00:00:00;2026-11-24 00:00:00
2026-11-20 00:00:00;SO783018;C0026;VS005;708;2026-12-25 00:00:00;2026-12-19 00:00:00;2026-11-28 00:00:00;2026-11-22 00:00:00
2026-11-20 00:00:00;SO413092;C0028;CS003;1363;2026-12-04 00:00:00;2026-11-30 00:00:00;2026-11-28 00:00:00;2026-11-24 00:00:00
2026-11-20 00:00:00;SO783018;C0026;AL001;402;2026-12-25 00:00:00;2026-12-25 00:00:00;2026-11-28 00:00:00;2026-11-28 00:00:00
2026-11-23 00:00:00;SO594488;C0023;AT001;380;2026-12-28 00:00:00;2027-01-06 00:00:00;2026-11-27 00:00:00;2026-12-06 00:00:00
2026-11-23 00:00:00;SO358743;C0030;AS004;1327;2027-01-25 00:00:00;2027-02-03 00:00:00;2026-12-01 00:00:00;2026-12-10 00:00:00
2026-11-23 00:00:00;SO358743;C0030;AT001;771;2027-01-25 00:00:00;2027-01-28 00:00:00;2026-12-01 00:00:00;2026-12-04 00:00:00
2026-11-23 00:00:00;SO358743;C0030;VS005;380;2027-01-25 00:00:00;2027-01-24 00:00:00;2026-12-01 00:00:00;2026-11-30 00:00:00
2026-11-23 00:00:00;SO594488;C0023;CT003;482;2026-12-28 00:00:00;2026-12-19 00:00:00;2026-11-27 00:00:00;2026-11-18 00:00:00
2026-11-23 00:00:00;SO358743;C0030;CL001;728;2027-01-25 00:00:00;2027-02-03 00:00:00;2026-12-01 00:00:00;2026-12-10 00:00:00
2026-11-23 00:00:00;SO594488;C0023;CL001;686;2026-12-28 00:00:00;2027-01-04 00:00:00;2026-11-27 00:00:00;2026-12-04 00:00:00
2026-11-23 00:00:00;SO594488;C0023;CT002;1302;2026-12-28 00:00:00;2026-12-22 00:00:00;2026-11-27 00:00:00;2026-11-21 00:00:00
2026-11-23 00:00:00;SO594488;C0023;CS004;502;2026-12-28 00:00:00;2026-12-31 00:00:00;2026-11-27 00:00:00;2026-11-30 00:00:00
2026-11-23 00:00:00;SO594488;C0023;CS003;412;2026-12-28 00:00:00;2027-01-03 00:00:00;2026-11-27 00:00:00;2026-12-03 00:00:00
2026-11-23 00:00:00;SO594488;C0023;AL001;1120;2026-12-28 00:00:00;2026-12-22 00:00:00;2026-11-27 00:00:00;2026-11-21 00:00:00
2026-11-23 00:00:00;SO358743;C0030;CL002;1065;2027-01-25 00:00:00;2027-02-01 00:00:00;2026-12-01 00:00:00;2026-12-08 00:00:00
2026-11-23 00:00:00;SO358743;C0030;AL001;860;2027-01-25 00:00:00;2027-01-20 00:00:00;2026-12-01 00:00:00;2026-11-26 00:00:00
2026-11-23 00:00:00;SO358743;C0030;VS003;993;2027-01-25 00:00:00;2027-02-04 00:00:00;2026-12-01 00:00:00;2026-12-11 00:00:00
2026-11-23 00:00:00;SO594488;C0023;VS001;1034;2026-12-28 00:00:00;2026-12-30 00:00:00;2026-11-27 00:00:00;2026-11-29 00:00:00
2026-11-23 00:00:00;SO594488;C0023;VS003;476;2026-12-28 00:00:00;2027-01-07 00:00:00;2026-11-27 00:00:00;2026-12-07 00:00:00
2026-11-23 00:00:00;SO594488;C0023;VS004;1122;2026-12-28 00:00:00;2026-12-29 00:00:00;2026-11-27 00:00:00;2026-11-28 00:00:00
2026-11-23 00:00:00;SO594488;C0023;CL002;855;2026-12-28 00:00:00;2026-12-29 00:00:00;2026-11-27 00:00:00;2026-11-28 00:00:00
2026-11-23 00:00:00;SO594488;C0023;VS005;973;2026-12-28 00:00:00;2026-12-20 00:00:00;2026-11-27 00:00:00;2026-11-19 00:00:00
2026-11-23 00:00:00;SO594488;C0023;VS002;673;2026-12-28 00:00:00;2026-12-25 00:00:00;2026-11-27 00:00:00;2026-11-24 00:00:00
2026-11-24 00:00:00;SO105225;C0022;CT003;788;2027-01-05 00:00:00;2027-01-02 00:00:00;2026-11-28 00:00:00;2026-11-25 00:00:00
2026-11-24 00:00:00;SO377299;C0002;CS003;897;2026-12-29 00:00:00;2027-01-02 00:00:00;2026-11-26 00:00:00;2026-11-30 00:00:00
2026-11-24 00:00:00;SO105225;C0022;CL001;1325;2027-01-05 00:00:00;2027-01-07 00:00:00;2026-11-28 00:00:00;2026-11-30 00:00:00
2026-11-24 00:00:00;SO377299;C0002;VS004;299;2026-12-29 00:00:00;2026-12-23 00:00:00;2026-11-26 00:00:00;2026-11-20 00:00:00
2026-11-24 00:00:00;SO105225;C0022;AS005;318;2027-01-05 00:00:00;2026-12-27 00:00:00;2026-11-28 00:00:00;2026-11-19 00:00:00
2026-11-24 00:00:00;SO105225;C0022;AS004;568;2027-01-05 00:00:00;2027-01-14 00:00:00;2026-11-28 00:00:00;2026-12-07 00:00:00
2026-11-24 00:00:00;SO377299;C0002;CT003;339;2026-12-29 00:00:00;2026-12-27 00:00:00;2026-11-26 00:00:00;2026-11-24 00:00:00
2026-11-24 00:00:00;SO377299;C0002;CS004;819;2026-12-29 00:00:00;2026-12-20 00:00:00;2026-11-26 00:00:00;2026-11-17 00:00:00
2026-11-24 00:00:00;SO105225;C0022;CS003;828;2027-01-05 00:00:00;2027-01-08 00:00:00;2026-11-28 00:00:00;2026-12-01 00:00:00
2026-11-24 00:00:00;SO377299;C0002;AS002;629;2026-12-29 00:00:00;2026-12-31 00:00:00;2026-11-26 00:00:00;2026-11-28 00:00:00
2026-11-24 00:00:00;SO105225;C0022;VS001;483;2027-01-05 00:00:00;2027-01-01 00:00:00;2026-11-28 00:00:00;2026-11-24 00:00:00
2026-11-24 00:00:00;SO105225;C0022;VS003;647;2027-01-05 00:00:00;2027-01-02 00:00:00;2026-11-28 00:00:00;2026-11-25 00:00:00
2026-11-25 00:00:00;SO210148;C0030;AS002;512;2027-01-27 00:00:00;2027-01-31 00:00:00;2026-12-03 00:00:00;2026-12-07 00:00:00
2026-11-25 00:00:00;SO829158;C0023;CL001;819;2026-12-30 00:00:00;2027-01-08 00:00:00;2026-11-29 00:00:00;2026-12-08 00:00:00
2026-11-25 00:00:00;SO473709;C0003;CS001;511;2027-01-06 00:00:00;2026-12-28 00:00:00;2026-11-27 00:00:00;2026-11-18 00:00:00
2026-11-25 00:00:00;SO829158;C0023;AS002;441;2026-12-30 00:00:00;2026-12-28 00:00:00;2026-11-29 00:00:00;2026-11-27 00:00:00
2026-11-25 00:00:00;SO829158;C0023;CT003;956;2026-12-30 00:00:00;2026-12-25 00:00:00;2026-11-29 00:00:00;2026-11-24 00:00:00
2026-11-25 00:00:00;SO210148;C0030;CS002;1361;2027-01-27 00:00:00;2027-01-28 00:00:00;2026-12-03 00:00:00;2026-12-04 00:00:00
2026-11-25 00:00:00;SO829158;C0023;AT001;548;2026-12-30 00:00:00;2027-01-04 00:00:00;2026-11-29 00:00:00;2026-12-04 00:00:00
2026-11-25 00:00:00;SO829158;C0023;AS004;575;2026-12-30 00:00:00;2027-01-03 00:00:00;2026-11-29 00:00:00;2026-12-03 00:00:00
2026-11-25 00:00:00;SO210148;C0030;VS003;1070;2027-01-27 00:00:00;2027-01-17 00:00:00;2026-12-03 00:00:00;2026-11-23 00:00:00
2026-11-25 00:00:00;SO829158;C0023;CS002;1163;2026-12-30 00:00:00;2026-12-22 00:00:00;2026-11-29 00:00:00;2026-11-21 00:00:00
2026-11-25 00:00:00;SO473709;C0003;CL002;567;2027-01-06 00:00:00;2027-01-02 00:00:00;2026-11-27 00:00:00;2026-11-23 00:00:00
2026-11-25 00:00:00;SO473709;C0003;CS004;1058;2027-01-06 00:00:00;2027-01-03 00:00:00;2026-11-27 00:00:00;2026-11-24 00:00:00
2026-11-25 00:00:00;SO829158;C0023;AT002;1058;2026-12-30 00:00:00;2026-12-27 00:00:00;2026-11-29 00:00:00;2026-11-26 00:00:00
2026-11-25 00:00:00;SO210148;C0030;AS004;383;2027-01-27 00:00:00;2027-01-18 00:00:00;2026-12-03 00:00:00;2026-11-24 00:00:00
2026-11-25 00:00:00;SO829158;C0023;CT002;1144;2026-12-30 00:00:00;2026-12-31 00:00:00;2026-11-29 00:00:00;2026-11-30 00:00:00
2026-11-25 00:00:00;SO473709;C0003;AT001;1097;2027-01-06 00:00:00;2027-01-08 00:00:00;2026-11-27 00:00:00;2026-11-29 00:00:00
2026-11-25 00:00:00;SO829158;C0023;CL002;321;2026-12-30 00:00:00;2027-01-08 00:00:00;2026-11-29 00:00:00;2026-12-08 00:00:00
2026-11-25 00:00:00;SO829158;C0023;AL001;942;2026-12-30 00:00:00;2026-12-29 00:00:00;2026-11-29 00:00:00;2026-11-28 00:00:00
2026-11-26 00:00:00;SO667213;C0010;CS004;1119;2027-01-07 00:00:00;2027-01-16 00:00:00;2026-11-29 00:00:00;2026-12-08 00:00:00
2026-11-26 00:00:00;SO842766;C0022;CS003;1004;2027-01-07 00:00:00;2027-01-02 00:00:00;2026-11-30 00:00:00;2026-11-25 00:00:00
2026-11-26 00:00:00;SO278735;C0009;CS003;585;2026-12-10 00:00:00;2026-12-06 00:00:00;2026-11-29 00:00:00;2026-11-25 00:00:00
2026-11-26 00:00:00;SO593417;C0013;AS004;501;2026-12-24 00:00:00;2026-12-26 00:00:00;2026-11-30 00:00:00;2026-12-02 00:00:00
2026-11-26 00:00:00;SO667213;C0010;CS003;892;2027-01-07 00:00:00;2027-01-14 00:00:00;2026-11-29 00:00:00;2026-12-06 00:00:00
2026-11-26 00:00:00;SO842766;C0022;CS001;977;2027-01-07 00:00:00;2026-12-28 00:00:00;2026-11-30 00:00:00;2026-11-20 00:00:00
2026-11-26 00:00:00;SO842766;C0022;CL001;665;2027-01-07 00:00:00;2026-12-31 00:00:00;2026-11-30 00:00:00;2026-11-23 00:00:00
2026-11-26 00:00:00;SO842766;C0022;CS002;744;2027-01-07 00:00:00;2027-01-03 00:00:00;2026-11-30 00:00:00;2026-11-26 00:00:00
2026-11-26 00:00:00;SO667213;C0010;AL001;1198;2027-01-07 00:00:00;2027-01-05 00:00:00;2026-11-29 00:00:00;2026-11-27 00:00:00
2026-11-26 00:00:00;SO593417;C0013;CT003;392;2026-12-24 00:00:00;2026-12-26 00:00:00;2026-11-30 00:00:00;2026-12-02 00:00:00
2026-11-26 00:00:00;SO667213;C0010;CT002;698;2027-01-07 00:00:00;2027-01-04 00:00:00;2026-11-29 00:00:00;2026-11-26 00:00:00
2026-11-26 00:00:00;SO278735;C0009;VS003;1017;2026-12-10 00:00:00;2026-12-15 00:00:00;2026-11-29 00:00:00;2026-12-04 00:00:00
2026-11-26 00:00:00;SO842766;C0022;CT001;1046;2027-01-07 00:00:00;2026-12-28 00:00:00;2026-11-30 00:00:00;2026-11-20 00:00:00
2026-11-26 00:00:00;SO667213;C0010;AS002;952;2027-01-07 00:00:00;2027-01-16 00:00:00;2026-11-29 00:00:00;2026-12-08 00:00:00
2026-11-26 00:00:00;SO593417;C0013;VS001;321;2026-12-24 00:00:00;2026-12-14 00:00:00;2026-11-30 00:00:00;2026-11-20 00:00:00
2026-11-26 00:00:00;SO278735;C0009;AT001;775;2026-12-10 00:00:00;2026-12-15 00:00:00;2026-11-29 00:00:00;2026-12-04 00:00:00
2026-11-26 00:00:00;SO278735;C0009;VS001;769;2026-12-10 00:00:00;2026-12-13 00:00:00;2026-11-29 00:00:00;2026-12-02 00:00:00
2026-11-26 00:00:00;SO593417;C0013;CL001;569;2026-12-24 00:00:00;2026-12-30 00:00:00;2026-11-30 00:00:00;2026-12-06 00:00:00
2026-11-27 00:00:00;SO407031;C0009;VS001;823;2026-12-11 00:00:00;2026-12-18 00:00:00;2026-11-30 00:00:00;2026-12-07 00:00:00
2026-11-27 00:00:00;SO964401;C0001;CS002;826;2026-12-25 00:00:00;2026-12-26 00:00:00;2026-11-29 00:00:00;2026-11-30 00:00:00
2026-11-27 00:00:00;SO164572;C0019;AS004;339;2027-01-29 00:00:00;2027-01-28 00:00:00;2026-12-01 00:00:00;2026-11-30 00:00:00
2026-11-27 00:00:00;SO308037;C0017;CL002;1422;2027-01-22 00:00:00;2027-01-19 00:00:00;2026-12-01 00:00:00;2026-11-28 00:00:00
2026-11-27 00:00:00;SO308037;C0017;CT003;449;2027-01-22 00:00:00;2027-02-01 00:00:00;2026-12-01 00:00:00;2026-12-11 00:00:00
2026-11-27 00:00:00;SO964401;C0001;VS005;917;2026-12-25 00:00:00;2027-01-01 00:00:00;2026-11-29 00:00:00;2026-12-06 00:00:00
2026-11-27 00:00:00;SO964401;C0001;CT001;861;2026-12-25 00:00:00;2027-01-01 00:00:00;2026-11-29 00:00:00;2026-12-06 00:00:00
2026-11-27 00:00:00;SO964401;C0001;CS004;753;2026-12-25 00:00:00;2026-12-22 00:00:00;2026-11-29 00:00:00;2026-11-26 00:00:00
2026-11-27 00:00:00;SO164572;C0019;VS004;1083;2027-01-29 00:00:00;2027-02-04 00:00:00;2026-12-01 00:00:00;2026-12-07 00:00:00
2026-11-27 00:00:00;SO308037;C0017;VS004;1368;2027-01-22 00:00:00;2027-01-13 00:00:00;2026-12-01 00:00:00;2026-11-22 00:00:00
2026-11-27 00:00:00;SO308037;C0017;AT001;312;2027-01-22 00:00:00;2027-01-27 00:00:00;2026-12-01 00:00:00;2026-12-06 00:00:00
2026-11-27 00:00:00;SO964401;C0001;CT003;699;2026-12-25 00:00:00;2026-12-30 00:00:00;2026-11-29 00:00:00;2026-12-04 00:00:00
2026-11-30 00:00:00;SO632893;C0020;CL001;479;2027-01-25 00:00:00;2027-01-20 00:00:00;2026-12-04 00:00:00;2026-11-29 00:00:00
2026-11-30 00:00:00;SO682637;C0015;AT001;762;2027-01-11 00:00:00;2027-01-01 00:00:00;2026-12-04 00:00:00;2026-11-24 00:00:00
2026-11-30 00:00:00;SO490486;C0009;AT002;629;2026-12-14 00:00:00;2026-12-16 00:00:00;2026-12-03 00:00:00;2026-12-05 00:00:00
2026-11-30 00:00:00;SO490486;C0009;AT001;762;2026-12-14 00:00:00;2026-12-09 00:00:00;2026-12-03 00:00:00;2026-11-28 00:00:00
2026-11-30 00:00:00;SO490486;C0009;CS003;588;2026-12-14 00:00:00;2026-12-19 00:00:00;2026-12-03 00:00:00;2026-12-08 00:00:00
2026-11-30 00:00:00;SO490486;C0009;AL002;378;2026-12-14 00:00:00;2026-12-17 00:00:00;2026-12-03 00:00:00;2026-12-06 00:00:00
2026-11-30 00:00:00;SO632893;C0020;AL002;720;2027-01-25 00:00:00;2027-02-04 00:00:00;2026-12-04 00:00:00;2026-12-14 00:00:00
2026-11-30 00:00:00;SO632893;C0020;AS004;1083;2027-01-25 00:00:00;2027-01-20 00:00:00;2026-12-04 00:00:00;2026-11-29 00:00:00
2026-11-30 00:00:00;SO632893;C0020;CT002;802;2027-01-25 00:00:00;2027-01-30 00:00:00;2026-12-04 00:00:00;2026-12-09 00:00:00
2026-11-30 00:00:00;SO632893;C0020;VS002;396;2027-01-25 00:00:00;2027-01-30 00:00:00;2026-12-04 00:00:00;2026-12-09 00:00:00
2026-11-30 00:00:00;SO682637;C0015;AS002;1140;2027-01-11 00:00:00;2027-01-14 00:00:00;2026-12-04 00:00:00;2026-12-07 00:00:00
2026-11-30 00:00:00;SO632893;C0020;CS002;684;2027-01-25 00:00:00;2027-01-20 00:00:00;2026-12-04 00:00:00;2026-11-29 00:00:00
2026-12-01 00:00:00;SO966800;C0016;CL001;897;2026-12-15 00:00:00;2026-12-08 00:00:00;2026-12-05 00:00:00;2026-11-28 00:00:00
2026-12-01 00:00:00;SO934153;C0027;VS005;884;2027-01-12 00:00:00;2027-01-13 00:00:00;2026-12-09 00:00:00;2026-12-10 00:00:00
2026-12-01 00:00:00;SO966800;C0016;CT001;1325;2026-12-15 00:00:00;2026-12-06 00:00:00;2026-12-05 00:00:00;2026-11-26 00:00:00
2026-12-01 00:00:00;SO934153;C0027;CS003;1053;2027-01-12 00:00:00;2027-01-14 00:00:00;2026-12-09 00:00:00;2026-12-11 00:00:00
2026-12-01 00:00:00;SO966800;C0016;CS004;549;2026-12-15 00:00:00;2026-12-06 00:00:00;2026-12-05 00:00:00;2026-11-26 00:00:00
2026-12-01 00:00:00;SO966800;C0016;AS004;823;2026-12-15 00:00:00;2026-12-13 00:00:00;2026-12-05 00:00:00;2026-12-03 00:00:00
2026-12-01 00:00:00;SO966800;C0016;CT003;424;2026-12-15 00:00:00;2026-12-19 00:00:00;2026-12-05 00:00:00;2026-12-09 00:00:00
2026-12-01 00:00:00;SO934153;C0027;CT001;653;2027-01-12 00:00:00;2027-01-14 00:00:00;2026-12-09 00:00:00;2026-12-11 00:00:00
2026-12-01 00:00:00;SO966800;C0016;CS002;1323;2026-12-15 00:00:00;2026-12-18 00:00:00;2026-12-05 00:00:00;2026-12-08 00:00:00
2026-12-01 00:00:00;SO934153;C0027;AL001;835;2027-01-12 00:00:00;2027-01-21 00:00:00;2026-12-09 00:00:00;2026-12-18 00:00:00
2026-12-01 00:00:00;SO966800;C0016;AS001;1192;2026-12-15 00:00:00;2026-12-17 00:00:00;2026-12-05 00:00:00;2026-12-07 00:00:00
2026-12-01 00:00:00;SO966800;C0016;AS002;438;2026-12-15 00:00:00;2026-12-14 00:00:00;2026-12-05 00:00:00;2026-12-04 00:00:00
2026-12-01 00:00:00;SO934153;C0027;AL002;389;2027-01-12 00:00:00;2027-01-04 00:00:00;2026-12-09 00:00:00;2026-12-01 00:00:00
2026-12-01 00:00:00;SO966800;C0016;VS001;1049;2026-12-15 00:00:00;2026-12-23 00:00:00;2026-12-05 00:00:00;2026-12-13 00:00:00
2026-12-01 00:00:00;SO934153;C0027;CL001;382;2027-01-12 00:00:00;2027-01-13 00:00:00;2026-12-09 00:00:00;2026-12-10 00:00:00
2026-12-01 00:00:00;SO966800;C0016;AT001;876;2026-12-15 00:00:00;2026-12-07 00:00:00;2026-12-05 00:00:00;2026-11-27 00:00:00
2026-12-01 00:00:00;SO966800;C0016;CL002;692;2026-12-15 00:00:00;2026-12-13 00:00:00;2026-12-05 00:00:00;2026-12-03 00:00:00
2026-12-01 00:00:00;SO934153;C0027;CT003;448;2027-01-12 00:00:00;2027-01-21 00:00:00;2026-12-09 00:00:00;2026-12-18 00:00:00
2026-12-01 00:00:00;SO966800;C0016;VS005;969;2026-12-15 00:00:00;2026-12-12 00:00:00;2026-12-05 00:00:00;2026-12-02 00:00:00
2026-12-02 00:00:00;SO660492;C0013;AS001;843;2026-12-30 00:00:00;2026-12-25 00:00:00;2026-12-06 00:00:00;2026-12-01 00:00:00
2026-12-02 00:00:00;SO956856;C0005;AL002;1323;2027-01-27 00:00:00;2027-01-19 00:00:00;2026-12-04 00:00:00;2026-11-26 00:00:00
2026-12-02 00:00:00;SO660492;C0013;CT001;320;2026-12-30 00:00:00;2027-01-07 00:00:00;2026-12-06 00:00:00;2026-12-14 00:00:00
2026-12-02 00:00:00;SO956856;C0005;CT002;1032;2027-01-27 00:00:00;2027-02-01 00:00:00;2026-12-04 00:00:00;2026-12-09 00:00:00
2026-12-02 00:00:00;SO956856;C0005;AS005;497;2027-01-27 00:00:00;2027-02-02 00:00:00;2026-12-04 00:00:00;2026-12-10 00:00:00
2026-12-02 00:00:00;SO660492;C0013;AS002;807;2026-12-30 00:00:00;2027-01-07 00:00:00;2026-12-06 00:00:00;2026-12-14 00:00:00
2026-12-02 00:00:00;SO660492;C0013;VS002;983;2026-12-30 00:00:00;2027-01-06 00:00:00;2026-12-06 00:00:00;2026-12-13 00:00:00
2026-12-02 00:00:00;SO956856;C0005;CL002;1259;2027-01-27 00:00:00;2027-01-22 00:00:00;2026-12-04 00:00:00;2026-11-29 00:00:00
2026-12-02 00:00:00;SO956856;C0005;CT001;1034;2027-01-27 00:00:00;2027-01-31 00:00:00;2026-12-04 00:00:00;2026-12-08 00:00:00
2026-12-02 00:00:00;SO956856;C0005;AS002;857;2027-01-27 00:00:00;2027-01-30 00:00:00;2026-12-04 00:00:00;2026-12-07 00:00:00
2026-12-02 00:00:00;SO956856;C0005;CL001;1157;2027-01-27 00:00:00;2027-01-22 00:00:00;2026-12-04 00:00:00;2026-11-29 00:00:00
2026-12-02 00:00:00;SO660492;C0013;AT001;1306;2026-12-30 00:00:00;2026-12-21 00:00:00;2026-12-06 00:00:00;2026-11-27 00:00:00
2026-12-03 00:00:00;SO170544;C0027;CS004;1025;2027-01-14 00:00:00;2027-01-13 00:00:00;2026-12-11 00:00:00;2026-12-10 00:00:00
2026-12-03 00:00:00;SO783093;C0018;VS004;640;2027-02-04 00:00:00;2027-01-29 00:00:00;2026-12-07 00:00:00;2026-12-01 00:00:00
2026-12-03 00:00:00;SO618291;C0011;CS001;855;2027-01-07 00:00:00;2027-01-05 00:00:00;2026-12-06 00:00:00;2026-12-04 00:00:00
2026-12-03 00:00:00;SO614360;C0015;CL002;1304;2027-01-14 00:00:00;2027-01-23 00:00:00;2026-12-07 00:00:00;2026-12-16 00:00:00
2026-12-03 00:00:00;SO618291;C0011;CL001;1148;2027-01-07 00:00:00;2027-01-06 00:00:00;2026-12-06 00:00:00;2026-12-05 00:00:00
2026-12-03 00:00:00;SO614360;C0015;CL001;520;2027-01-14 00:00:00;2027-01-22 00:00:00;2026-12-07 00:00:00;2026-12-15 00:00:00
2026-12-03 00:00:00;SO170544;C0027;CS002;1046;2027-01-14 00:00:00;2027-01-19 00:00:00;2026-12-11 00:00:00;2026-12-16 00:00:00
2026-12-03 00:00:00;SO618291;C0011;CS004;827;2027-01-07 00:00:00;2027-01-08 00:00:00;2026-12-06 00:00:00;2026-12-07 00:00:00
2026-12-03 00:00:00;SO614360;C0015;AS004;823;2027-01-14 00:00:00;2027-01-14 00:00:00;2026-12-07 00:00:00;2026-12-07 00:00:00
2026-12-03 00:00:00;SO783093;C0018;CT001;791;2027-02-04 00:00:00;2027-02-08 00:00:00;2026-12-07 00:00:00;2026-12-11 00:00:00
2026-12-03 00:00:00;SO614360;C0015;AL001;1244;2027-01-14 00:00:00;2027-01-11 00:00:00;2026-12-07 00:00:00;2026-12-04 00:00:00
2026-12-03 00:00:00;SO618291;C0011;AS004;965;2027-01-07 00:00:00;2026-12-30 00:00:00;2026-12-06 00:00:00;2026-11-28 00:00:00
2026-12-03 00:00:00;SO614360;C0015;CS001;985;2027-01-14 00:00:00;2027-01-05 00:00:00;2026-12-07 00:00:00;2026-11-28 00:00:00
2026-12-03 00:00:00;SO170544;C0027;AS003;1141;2027-01-14 00:00:00;2027-01-14 00:00:00;2026-12-11 00:00:00;2026-12-11 00:00:00
2026-12-03 00:00:00;SO618291;C0011;CT003;897;2027-01-07 00:00:00;2027-01-07 00:00:00;2026-12-06 00:00:00;2026-12-06 00:00:00
2026-12-03 00:00:00;SO783093;C0018;CT003;715;2027-02-04 00:00:00;2027-01-26 00:00:00;2026-12-07 00:00:00;2026-11-28 00:00:00
2026-12-03 00:00:00;SO618291;C0011;CS003;322;2027-01-07 00:00:00;2027-01-06 00:00:00;2026-12-06 00:00:00;2026-12-05 00:00:00
2026-12-03 00:00:00;SO614360;C0015;AS002;865;2027-01-14 00:00:00;2027-01-20 00:00:00;2026-12-07 00:00:00;2026-12-13 00:00:00
2026-12-03 00:00:00;SO614360;C0015;AS001;805;2027-01-14 00:00:00;2027-01-11 00:00:00;2026-12-07 00:00:00;2026-12-04 00:00:00
2026-12-03 00:00:00;SO783093;C0018;AL002;940;2027-02-04 00:00:00;2027-01-25 00:00:00;2026-12-07 00:00:00;2026-11-27 00:00:00
2026-12-04 00:00:00;SO964230;C0009;AS002;506;2026-12-18 00:00:00;2026-12-19 00:00:00;2026-12-07 00:00:00;2026-12-08 00:00:00
2026-12-04 00:00:00;SO736822;C0021;CT002;951;2026-12-18 00:00:00;2026-12-28 00:00:00;2026-12-08 00:00:00;2026-12-18 00:00:00
2026-12-04 00:00:00;SO976388;C0026;VS001;1020;2027-01-08 00:00:00;2027-01-07 00:00:00;2026-12-12 00:00:00;2026-12-11 00:00:00
2026-12-04 00:00:00;SO341379;C0025;AL002;1193;2027-01-01 00:00:00;2027-01-07 00:00:00;2026-12-12 00:00:00;2026-12-18 00:00:00
2026-12-04 00:00:00;SO976388;C0026;CS002;715;2027-01-08 00:00:00;2027-01-05 00:00:00;2026-12-12 00:00:00;2026-12-09 00:00:00
2026-12-04 00:00:00;SO964230;C0009;CT002;1144;2026-12-18 00:00:00;2026-12-24 00:00:00;2026-12-07 00:00:00;2026-12-13 00:00:00
2026-12-04 00:00:00;SO976388;C0026;CL002;509;2027-01-08 00:00:00;2027-01-04 00:00:00;2026-12-12 00:00:00;2026-12-08 00:00:00
2026-12-04 00:00:00;SO341379;C0025;CS001;431;2027-01-01 00:00:00;2026-12-24 00:00:00;2026-12-12 00:00:00;2026-12-04 00:00:00
2026-12-04 00:00:00;SO976388;C0026;AS002;719;2027-01-08 00:00:00;2027-01-01 00:00:00;2026-12-12 00:00:00;2026-12-05 00:00:00
2026-12-04 00:00:00;SO964230;C0009;AT001;790;2026-12-18 00:00:00;2026-12-26 00:00:00;2026-12-07 00:00:00;2026-12-15 00:00:00
2026-12-04 00:00:00;SO341379;C0025;CL001;526;2027-01-01 00:00:00;2026-12-29 00:00:00;2026-12-12 00:00:00;2026-12-09 00:00:00
2026-12-04 00:00:00;SO976388;C0026;AS004;689;2027-01-08 00:00:00;2027-01-04 00:00:00;2026-12-12 00:00:00;2026-12-08 00:00:00
2026-12-04 00:00:00;SO976388;C0026;VS005;517;2027-01-08 00:00:00;2026-12-30 00:00:00;2026-12-12 00:00:00;2026-12-03 00:00:00
2026-12-07 00:00:00;SO668014;C0006;CT003;519;2027-02-08 00:00:00;2027-01-29 00:00:00;2026-12-09 00:00:00;2026-11-29 00:00:00
2026-12-07 00:00:00;SO443794;C0008;CT002;476;2027-02-01 00:00:00;2027-02-03 00:00:00;2026-12-10 00:00:00;2026-12-12 00:00:00
2026-12-07 00:00:00;SO479374;C0027;VS005;1129;2027-01-18 00:00:00;2027-01-14 00:00:00;2026-12-15 00:00:00;2026-12-11 00:00:00
2026-12-07 00:00:00;SO163157;C0029;CL002;368;2027-02-01 00:00:00;2027-02-07 00:00:00;2026-12-15 00:00:00;2026-12-21 00:00:00
2026-12-07 00:00:00;SO443794;C0008;VS002;794;2027-02-01 00:00:00;2027-01-30 00:00:00;2026-12-10 00:00:00;2026-12-08 00:00:00
2026-12-07 00:00:00;SO163157;C0029;CL001;694;2027-02-01 00:00:00;2027-02-11 00:00:00;2026-12-15 00:00:00;2026-12-25 00:00:00
2026-12-07 00:00:00;SO668014;C0006;VS004;819;2027-02-08 00:00:00;2027-02-01 00:00:00;2026-12-09 00:00:00;2026-12-02 00:00:00
2026-12-07 00:00:00;SO479374;C0027;AS005;893;2027-01-18 00:00:00;2027-01-16 00:00:00;2026-12-15 00:00:00;2026-12-13 00:00:00
2026-12-07 00:00:00;SO479374;C0027;CS004;501;2027-01-18 00:00:00;2027-01-21 00:00:00;2026-12-15 00:00:00;2026-12-18 00:00:00
2026-12-07 00:00:00;SO163157;C0029;AS004;514;2027-02-01 00:00:00;2027-02-10 00:00:00;2026-12-15 00:00:00;2026-12-24 00:00:00
2026-12-07 00:00:00;SO668014;C0006;CT001;372;2027-02-08 00:00:00;2027-02-18 00:00:00;2026-12-09 00:00:00;2026-12-19 00:00:00
2026-12-07 00:00:00;SO163157;C0029;CS003;993;2027-02-01 00:00:00;2027-01-23 00:00:00;2026-12-15 00:00:00;2026-12-06 00:00:00
2026-12-07 00:00:00;SO668014;C0006;CL002;944;2027-02-08 00:00:00;2027-02-06 00:00:00;2026-12-09 00:00:00;2026-12-07 00:00:00
2026-12-08 00:00:00;SO722163;C0006;CT003;685;2027-02-09 00:00:00;2027-02-08 00:00:00;2026-12-10 00:00:00;2026-12-09 00:00:00
2026-12-08 00:00:00;SO873274;C0014;CL001;823;2027-01-12 00:00:00;2027-01-16 00:00:00;2026-12-12 00:00:00;2026-12-16 00:00:00
2026-12-08 00:00:00;SO995739;C0012;AT001;1082;2027-01-05 00:00:00;2027-01-12 00:00:00;2026-12-11 00:00:00;2026-12-18 00:00:00
2026-12-08 00:00:00;SO873274;C0014;CS004;1034;2027-01-12 00:00:00;2027-01-07 00:00:00;2026-12-12 00:00:00;2026-12-07 00:00:00
2026-12-08 00:00:00;SO873274;C0014;CS001;1050;2027-01-12 00:00:00;2027-01-20 00:00:00;2026-12-12 00:00:00;2026-12-20 00:00:00
2026-12-08 00:00:00;SO873274;C0014;AT001;824;2027-01-12 00:00:00;2027-01-12 00:00:00;2026-12-12 00:00:00;2026-12-12 00:00:00
2026-12-08 00:00:00;SO995739;C0012;AL002;965;2027-01-05 00:00:00;2027-01-03 00:00:00;2026-12-11 00:00:00;2026-12-09 00:00:00
2026-12-08 00:00:00;SO995739;C0012;AS004;945;2027-01-05 00:00:00;2027-01-03 00:00:00;2026-12-11 00:00:00;2026-12-09 00:00:00
2026-12-08 00:00:00;SO722163;C0006;AS003;1145;2027-02-09 00:00:00;2027-02-09 00:00:00;2026-12-10 00:00:00;2026-12-10 00:00:00
2026-12-08 00:00:00;SO873274;C0014;AS003;618;2027-01-12 00:00:00;2027-01-19 00:00:00;2026-12-12 00:00:00;2026-12-19 00:00:00
2026-12-08 00:00:00;SO722163;C0006;CS002;875;2027-02-09 00:00:00;2027-02-11 00:00:00;2026-12-10 00:00:00;2026-12-12 00:00:00
2026-12-08 00:00:00;SO873274;C0014;CT002;808;2027-01-12 00:00:00;2027-01-18 00:00:00;2026-12-12 00:00:00;2026-12-18 00:00:00
2026-12-08 00:00:00;SO995739;C0012;AS003;1210;2027-01-05 00:00:00;2027-01-10 00:00:00;2026-12-11 00:00:00;2026-12-16 00:00:00
2026-12-08 00:00:00;SO722163;C0006;AS005;646;2027-02-09 00:00:00;2027-02-16 00:00:00;2026-12-10 00:00:00;2026-12-17 00:00:00
2026-12-09 00:00:00;SO783801;C0001;VS002;1035;2027-01-06 00:00:00;2026-12-30 00:00:00;2026-12-11 00:00:00;2026-12-04 00:00:00
2026-12-09 00:00:00;SO578067;C0011;VS003;511;2027-01-13 00:00:00;2027-01-18 00:00:00;2026-12-12 00:00:00;2026-12-17 00:00:00
2026-12-09 00:00:00;SO578067;C0011;VS001;876;2027-01-13 00:00:00;2027-01-13 00:00:00;2026-12-12 00:00:00;2026-12-12 00:00:00
2026-12-09 00:00:00;SO783801;C0001;AS003;955;2027-01-06 00:00:00;2026-12-27 00:00:00;2026-12-11 00:00:00;2026-12-01 00:00:00
2026-12-09 00:00:00;SO783801;C0001;VS003;1017;2027-01-06 00:00:00;2026-12-27 00:00:00;2026-12-11 00:00:00;2026-12-01 00:00:00
2026-12-09 00:00:00;SO578067;C0011;CS001;1181;2027-01-13 00:00:00;2027-01-07 00:00:00;2026-12-12 00:00:00;2026-12-06 00:00:00
2026-12-09 00:00:00;SO783801;C0001;CL002;496;2027-01-06 00:00:00;2026-12-27 00:00:00;2026-12-11 00:00:00;2026-12-01 00:00:00
2026-12-09 00:00:00;SO578067;C0011;CT001;791;2027-01-13 00:00:00;2027-01-20 00:00:00;2026-12-12 00:00:00;2026-12-19 00:00:00
2026-12-09 00:00:00;SO783801;C0001;AL001;737;2027-01-06 00:00:00;2026-12-30 00:00:00;2026-12-11 00:00:00;2026-12-04 00:00:00
2026-12-09 00:00:00;SO578067;C0011;VS005;940;2027-01-13 00:00:00;2027-01-06 00:00:00;2026-12-12 00:00:00;2026-12-05 00:00:00
2026-12-09 00:00:00;SO783801;C0001;AS005;585;2027-01-06 00:00:00;2027-01-16 00:00:00;2026-12-11 00:00:00;2026-12-21 00:00:00
2026-12-09 00:00:00;SO783801;C0001;VS001;1235;2027-01-06 00:00:00;2027-01-06 00:00:00;2026-12-11 00:00:00;2026-12-11 00:00:00
2026-12-09 00:00:00;SO783801;C0001;CS002;1371;2027-01-06 00:00:00;2026-12-27 00:00:00;2026-12-11 00:00:00;2026-12-01 00:00:00
2026-12-10 00:00:00;SO773729;C0014;AS003;855;2027-01-14 00:00:00;2027-01-08 00:00:00;2026-12-14 00:00:00;2026-12-08 00:00:00
2026-12-10 00:00:00;SO906890;C0019;AS004;694;2027-02-11 00:00:00;2027-02-08 00:00:00;2026-12-14 00:00:00;2026-12-11 00:00:00
2026-12-10 00:00:00;SO938443;C0015;CS004;458;2027-01-21 00:00:00;2027-01-11 00:00:00;2026-12-14 00:00:00;2026-12-04 00:00:00
2026-12-10 00:00:00;SO925651;C0026;AL001;739;2027-01-14 00:00:00;2027-01-10 00:00:00;2026-12-18 00:00:00;2026-12-14 00:00:00
2026-12-10 00:00:00;SO925651;C0026;AS002;411;2027-01-14 00:00:00;2027-01-17 00:00:00;2026-12-18 00:00:00;2026-12-21 00:00:00
2026-12-10 00:00:00;SO938443;C0015;AT001;1163;2027-01-21 00:00:00;2027-01-23 00:00:00;2026-12-14 00:00:00;2026-12-16 00:00:00
2026-12-10 00:00:00;SO925651;C0026;CT001;605;2027-01-14 00:00:00;2027-01-07 00:00:00;2026-12-18 00:00:00;2026-12-11 00:00:00
2026-12-10 00:00:00;SO938443;C0015;AS004;889;2027-01-21 00:00:00;2027-01-31 00:00:00;2026-12-14 00:00:00;2026-12-24 00:00:00
2026-12-10 00:00:00;SO925651;C0026;CL002;1248;2027-01-14 00:00:00;2027-01-12 00:00:00;2026-12-18 00:00:00;2026-12-16 00:00:00
2026-12-10 00:00:00;SO906890;C0019;CS004;1112;2027-02-11 00:00:00;2027-02-19 00:00:00;2026-12-14 00:00:00;2026-12-22 00:00:00
2026-12-10 00:00:00;SO773729;C0014;CL001;1176;2027-01-14 00:00:00;2027-01-24 00:00:00;2026-12-14 00:00:00;2026-12-24 00:00:00
2026-12-10 00:00:00;SO925651;C0026;VS003;539;2027-01-14 00:00:00;2027-01-20 00:00:00;2026-12-18 00:00:00;2026-12-24 00:00:00
2026-12-10 00:00:00;SO925651;C0026;VS005;538;2027-01-14 00:00:00;2027-01-11 00:00:00;2026-12-18 00:00:00;2026-12-15 00:00:00
2026-12-10 00:00:00;SO938443;C0015;CS003;938;2027-01-21 00:00:00;2027-01-22 00:00:00;2026-12-14 00:00:00;2026-12-15 00:00:00
2026-12-10 00:00:00;SO925651;C0026;VS004;458;2027-01-14 00:00:00;2027-01-05 00:00:00;2026-12-18 00:00:00;2026-12-09 00:00:00
2026-12-11 00:00:00;SO517872;C0005;VS004;694;2027-02-05 00:00:00;2027-02-13 00:00:00;2026-12-13 00:00:00;2026-12-21 00:00:00
2026-12-11 00:00:00;SO251346;C0021;VS004;629;2026-12-25 00:00:00;2026-12-29 00:00:00;2026-12-15 00:00:00;2026-12-19 00:00:00
2026-12-11 00:00:00;SO757833;C0013;CS003;567;2027-01-08 00:00:00;2027-01-09 00:00:00;2026-12-15 00:00:00;2026-12-16 00:00:00
2026-12-11 00:00:00;SO368050;C0004;AS002;917;2026-12-25 00:00:00;2026-12-16 00:00:00;2026-12-13 00:00:00;2026-12-04 00:00:00
2026-12-11 00:00:00;SO757833;C0013;CS004;417;2027-01-08 00:00:00;2027-01-07 00:00:00;2026-12-15 00:00:00;2026-12-14 00:00:00
2026-12-11 00:00:00;SO368050;C0004;AS004;777;2026-12-25 00:00:00;2026-12-26 00:00:00;2026-12-13 00:00:00;2026-12-14 00:00:00
2026-12-11 00:00:00;SO517872;C0005;AS004;492;2027-02-05 00:00:00;2027-01-29 00:00:00;2026-12-13 00:00:00;2026-12-06 00:00:00
2026-12-11 00:00:00;SO757833;C0013;AL002;988;2027-01-08 00:00:00;2027-01-17 00:00:00;2026-12-15 00:00:00;2026-12-24 00:00:00
2026-12-11 00:00:00;SO757833;C0013;VS005;1048;2027-01-08 00:00:00;2027-01-07 00:00:00;2026-12-15 00:00:00;2026-12-14 00:00:00
2026-12-11 00:00:00;SO757833;C0013;CL001;515;2027-01-08 00:00:00;2027-01-05 00:00:00;2026-12-15 00:00:00;2026-12-12 00:00:00
2026-12-11 00:00:00;SO251346;C0021;AS005;807;2026-12-25 00:00:00;2026-12-21 00:00:00;2026-12-15 00:00:00;2026-12-11 00:00:00
2026-12-11 00:00:00;SO757833;C0013;CL002;445;2027-01-08 00:00:00;2027-01-12 00:00:00;2026-12-15 00:00:00;2026-12-19 00:00:00
2026-12-11 00:00:00;SO757833;C0013;AS001;446;2027-01-08 00:00:00;2027-01-09 00:00:00;2026-12-15 00:00:00;2026-12-16 00:00:00
2026-12-11 00:00:00;SO251346;C0021;AL001;1300;2026-12-25 00:00:00;2026-12-18 00:00:00;2026-12-15 00:00:00;2026-12-08 00:00:00
2026-12-11 00:00:00;SO517872;C0005;CS002;325;2027-02-05 00:00:00;2027-02-07 00:00:00;2026-12-13 00:00:00;2026-12-15 00:00:00
2026-12-11 00:00:00;SO517872;C0005;CT002;738;2027-02-05 00:00:00;2027-02-08 00:00:00;2026-12-13 00:00:00;2026-12-16 00:00:00
2026-12-11 00:00:00;SO517872;C0005;AS005;520;2027-02-05 00:00:00;2027-02-15 00:00:00;2026-12-13 00:00:00;2026-12-23 00:00:00
2026-12-11 00:00:00;SO251346;C0021;CS004;473;2026-12-25 00:00:00;2026-12-27 00:00:00;2026-12-15 00:00:00;2026-12-17 00:00:00
2026-12-11 00:00:00;SO251346;C0021;AT001;1311;2026-12-25 00:00:00;2026-12-25 00:00:00;2026-12-15 00:00:00;2026-12-15 00:00:00
2026-12-11 00:00:00;SO368050;C0004;CL001;1438;2026-12-25 00:00:00;2026-12-22 00:00:00;2026-12-13 00:00:00;2026-12-10 00:00:00
2026-12-14 00:00:00;SO664130;C0030;AS001;1271;2027-02-15 00:00:00;2027-02-20 00:00:00;2026-12-22 00:00:00;2026-12-27 00:00:00
2026-12-14 00:00:00;SO838134;C0029;AS001;700;2027-02-08 00:00:00;2027-01-31 00:00:00;2026-12-22 00:00:00;2026-12-14 00:00:00
2026-12-14 00:00:00;SO395153;C0001;AT001;396;2027-01-11 00:00:00;2027-01-19 00:00:00;2026-12-16 00:00:00;2026-12-24 00:00:00
2026-12-14 00:00:00;SO741502;C0008;AS004;453;2027-02-08 00:00:00;2027-02-14 00:00:00;2026-12-17 00:00:00;2026-12-23 00:00:00
2026-12-14 00:00:00;SO741502;C0008;CS004;977;2027-02-08 00:00:00;2027-02-14 00:00:00;2026-12-17 00:00:00;2026-12-23 00:00:00
2026-12-14 00:00:00;SO395153;C0001;CL001;980;2027-01-11 00:00:00;2027-01-03 00:00:00;2026-12-16 00:00:00;2026-12-08 00:00:00
2026-12-14 00:00:00;SO664130;C0030;CT002;492;2027-02-15 00:00:00;2027-02-05 00:00:00;2026-12-22 00:00:00;2026-12-12 00:00:00
2026-12-14 00:00:00;SO395153;C0001;VS001;536;2027-01-11 00:00:00;2027-01-15 00:00:00;2026-12-16 00:00:00;2026-12-20 00:00:00
2026-12-14 00:00:00;SO395153;C0001;VS002;741;2027-01-11 00:00:00;2027-01-02 00:00:00;2026-12-16 00:00:00;2026-12-07 00:00:00
2026-12-14 00:00:00;SO664130;C0030;AT001;451;2027-02-15 00:00:00;2027-02-16 00:00:00;2026-12-22 00:00:00;2026-12-23 00:00:00
2026-12-14 00:00:00;SO664130;C0030;CS002;1039;2027-02-15 00:00:00;2027-02-10 00:00:00;2026-12-22 00:00:00;2026-12-17 00:00:00
2026-12-14 00:00:00;SO664130;C0030;CS003;501;2027-02-15 00:00:00;2027-02-24 00:00:00;2026-12-22 00:00:00;2026-12-31 00:00:00
2026-12-14 00:00:00;SO395153;C0001;CS004;1115;2027-01-11 00:00:00;2027-01-02 00:00:00;2026-12-16 00:00:00;2026-12-07 00:00:00
2026-12-14 00:00:00;SO741502;C0008;CT002;1225;2027-02-08 00:00:00;2027-02-15 00:00:00;2026-12-17 00:00:00;2026-12-24 00:00:00
2026-12-14 00:00:00;SO395153;C0001;AS003;656;2027-01-11 00:00:00;2027-01-10 00:00:00;2026-12-16 00:00:00;2026-12-15 00:00:00
2026-12-14 00:00:00;SO838134;C0029;AL001;1029;2027-02-08 00:00:00;2027-02-07 00:00:00;2026-12-22 00:00:00;2026-12-21 00:00:00
2026-12-14 00:00:00;SO664130;C0030;AS005;761;2027-02-15 00:00:00;2027-02-11 00:00:00;2026-12-22 00:00:00;2026-12-18 00:00:00
2026-12-15 00:00:00;SO506167;C0025;CT001;630;2027-01-12 00:00:00;2027-01-14 00:00:00;2026-12-23 00:00:00;2026-12-25 00:00:00
2026-12-15 00:00:00;SO876998;C0027;VS002;1196;2027-01-26 00:00:00;2027-01-31 00:00:00;2026-12-23 00:00:00;2026-12-28 00:00:00
2026-12-15 00:00:00;SO876998;C0027;CL002;1230;2027-01-26 00:00:00;2027-02-03 00:00:00;2026-12-23 00:00:00;2026-12-31 00:00:00
2026-12-15 00:00:00;SO876998;C0027;AL002;469;2027-01-26 00:00:00;2027-01-27 00:00:00;2026-12-23 00:00:00;2026-12-24 00:00:00
2026-12-15 00:00:00;SO876998;C0027;VS005;1291;2027-01-26 00:00:00;2027-02-03 00:00:00;2026-12-23 00:00:00;2026-12-31 00:00:00
2026-12-15 00:00:00;SO506167;C0025;VS001;515;2027-01-12 00:00:00;2027-01-04 00:00:00;2026-12-23 00:00:00;2026-12-15 00:00:00
2026-12-15 00:00:00;SO876998;C0027;CS004;1192;2027-01-26 00:00:00;2027-01-23 00:00:00;2026-12-23 00:00:00;2026-12-20 00:00:00
2026-12-15 00:00:00;SO506167;C0025;CS004;1173;2027-01-12 00:00:00;2027-01-12 00:00:00;2026-12-23 00:00:00;2026-12-23 00:00:00
2026-12-15 00:00:00;SO876998;C0027;CT002;653;2027-01-26 00:00:00;2027-01-18 00:00:00;2026-12-23 00:00:00;2026-12-15 00:00:00
2026-12-15 00:00:00;SO506167;C0025;CT003;874;2027-01-12 00:00:00;2027-01-03 00:00:00;2026-12-23 00:00:00;2026-12-14 00:00:00
2026-12-15 00:00:00;SO506167;C0025;AL001;577;2027-01-12 00:00:00;2027-01-06 00:00:00;2026-12-23 00:00:00;2026-12-17 00:00:00
2026-12-15 00:00:00;SO506167;C0025;VS002;1127;2027-01-12 00:00:00;2027-01-22 00:00:00;2026-12-23 00:00:00;2027-01-02 00:00:00
2026-12-16 00:00:00;SO664773;C0027;CS002;663;2027-01-27 00:00:00;2027-01-29 00:00:00;2026-12-24 00:00:00;2026-12-26 00:00:00
2026-12-16 00:00:00;SO232036;C0006;AS003;530;2027-02-17 00:00:00;2027-02-08 00:00:00;2026-12-18 00:00:00;2026-12-09 00:00:00
2026-12-16 00:00:00;SO507106;C0005;VS005;1040;2027-02-10 00:00:00;2027-02-13 00:00:00;2026-12-18 00:00:00;2026-12-21 00:00:00
2026-12-16 00:00:00;SO507106;C0005;AL001;1001;2027-02-10 00:00:00;2027-02-16 00:00:00;2026-12-18 00:00:00;2026-12-24 00:00:00
2026-12-16 00:00:00;SO507106;C0005;AS002;582;2027-02-10 00:00:00;2027-02-08 00:00:00;2026-12-18 00:00:00;2026-12-16 00:00:00
2026-12-16 00:00:00;SO232036;C0006;VS002;460;2027-02-17 00:00:00;2027-02-07 00:00:00;2026-12-18 00:00:00;2026-12-08 00:00:00
2026-12-16 00:00:00;SO232036;C0006;VS005;274;2027-02-17 00:00:00;2027-02-17 00:00:00;2026-12-18 00:00:00;2026-12-18 00:00:00
2026-12-16 00:00:00;SO664773;C0027;VS005;728;2027-01-27 00:00:00;2027-02-04 00:00:00;2026-12-24 00:00:00;2027-01-01 00:00:00
2026-12-16 00:00:00;SO232036;C0006;CL001;449;2027-02-17 00:00:00;2027-02-11 00:00:00;2026-12-18 00:00:00;2026-12-12 00:00:00
2026-12-16 00:00:00;SO664773;C0027;AL001;501;2027-01-27 00:00:00;2027-02-05 00:00:00;2026-12-24 00:00:00;2027-01-02 00:00:00
2026-12-16 00:00:00;SO507106;C0005;CL001;534;2027-02-10 00:00:00;2027-02-06 00:00:00;2026-12-18 00:00:00;2026-12-14 00:00:00
2026-12-16 00:00:00;SO232036;C0006;AS004;353;2027-02-17 00:00:00;2027-02-07 00:00:00;2026-12-18 00:00:00;2026-12-08 00:00:00
2026-12-17 00:00:00;SO643919;C0019;CS004;765;2027-02-18 00:00:00;2027-02-25 00:00:00;2026-12-21 00:00:00;2026-12-28 00:00:00
2026-12-17 00:00:00;SO240637;C0005;AL002;1086;2027-02-11 00:00:00;2027-02-09 00:00:00;2026-12-19 00:00:00;2026-12-17 00:00:00
2026-12-17 00:00:00;SO863637;C0029;AL001;530;2027-02-11 00:00:00;2027-02-13 00:00:00;2026-12-25 00:00:00;2026-12-27 00:00:00
2026-12-17 00:00:00;SO240637;C0005;AS004;992;2027-02-11 00:00:00;2027-02-21 00:00:00;2026-12-19 00:00:00;2026-12-29 00:00:00
2026-12-17 00:00:00;SO863637;C0029;AL002;667;2027-02-11 00:00:00;2027-02-11 00:00:00;2026-12-25 00:00:00;2026-12-25 00:00:00
2026-12-17 00:00:00;SO240637;C0005;AL001;503;2027-02-11 00:00:00;2027-02-14 00:00:00;2026-12-19 00:00:00;2026-12-22 00:00:00
2026-12-17 00:00:00;SO643919;C0019;AS004;1041;2027-02-18 00:00:00;2027-02-28 00:00:00;2026-12-21 00:00:00;2026-12-31 00:00:00
2026-12-17 00:00:00;SO643919;C0019;VS003;970;2027-02-18 00:00:00;2027-02-11 00:00:00;2026-12-21 00:00:00;2026-12-14 00:00:00
2026-12-17 00:00:00;SO643919;C0019;CT003;977;2027-02-18 00:00:00;2027-02-23 00:00:00;2026-12-21 00:00:00;2026-12-26 00:00:00
2026-12-17 00:00:00;SO240637;C0005;CT003;453;2027-02-11 00:00:00;2027-02-20 00:00:00;2026-12-19 00:00:00;2026-12-28 00:00:00
2026-12-17 00:00:00;SO240637;C0005;AS003;1051;2027-02-11 00:00:00;2027-02-06 00:00:00;2026-12-19 00:00:00;2026-12-14 00:00:00
2026-12-17 00:00:00;SO863637;C0029;VS001;1035;2027-02-11 00:00:00;2027-02-05 00:00:00;2026-12-25 00:00:00;2026-12-19 00:00:00
2026-12-17 00:00:00;SO643919;C0019;CS001;325;2027-02-18 00:00:00;2027-02-23 00:00:00;2026-12-21 00:00:00;2026-12-26 00:00:00
2026-12-17 00:00:00;SO240637;C0005;CL002;1141;2027-02-11 00:00:00;2027-02-14 00:00:00;2026-12-19 00:00:00;2026-12-22 00:00:00
2026-12-17 00:00:00;SO643919;C0019;CT002;380;2027-02-18 00:00:00;2027-02-21 00:00:00;2026-12-21 00:00:00;2026-12-24 00:00:00
2026-12-17 00:00:00;SO240637;C0005;CT002;1157;2027-02-11 00:00:00;2027-02-09 00:00:00;2026-12-19 00:00:00;2026-12-17 00:00:00
2026-12-17 00:00:00;SO643919;C0019;CS003;1098;2027-02-18 00:00:00;2027-02-10 00:00:00;2026-12-21 00:00:00;2026-12-13 00:00:00
2026-12-17 00:00:00;SO643919;C0019;AT001;722;2027-02-18 00:00:00;2027-02-10 00:00:00;2026-12-21 00:00:00;2026-12-13 00:00:00
2026-12-17 00:00:00;SO863637;C0029;VS002;1266;2027-02-11 00:00:00;2027-02-13 00:00:00;2026-12-25 00:00:00;2026-12-27 00:00:00
2026-12-17 00:00:00;SO863637;C0029;AS002;723;2027-02-11 00:00:00;2027-02-11 00:00:00;2026-12-25 00:00:00;2026-12-25 00:00:00
2026-12-18 00:00:00;SO375837;C0003;CL002;384;2027-01-29 00:00:00;2027-02-04 00:00:00;2026-12-20 00:00:00;2026-12-26 00:00:00
2026-12-18 00:00:00;SO896659;C0021;VS003;512;2027-01-01 00:00:00;2027-01-04 00:00:00;2026-12-22 00:00:00;2026-12-25 00:00:00
2026-12-18 00:00:00;SO896659;C0021;AS005;723;2027-01-01 00:00:00;2027-01-06 00:00:00;2026-12-22 00:00:00;2026-12-27 00:00:00
2026-12-18 00:00:00;SO896659;C0021;CS002;727;2027-01-01 00:00:00;2027-01-01 00:00:00;2026-12-22 00:00:00;2026-12-22 00:00:00
2026-12-18 00:00:00;SO896659;C0021;CS003;843;2027-01-01 00:00:00;2027-01-07 00:00:00;2026-12-22 00:00:00;2026-12-28 00:00:00
2026-12-18 00:00:00;SO896659;C0021;VS005;799;2027-01-01 00:00:00;2026-12-27 00:00:00;2026-12-22 00:00:00;2026-12-17 00:00:00
2026-12-18 00:00:00;SO375837;C0003;AS002;1006;2027-01-29 00:00:00;2027-02-01 00:00:00;2026-12-20 00:00:00;2026-12-23 00:00:00
2026-12-18 00:00:00;SO896659;C0021;CT002;703;2027-01-01 00:00:00;2027-01-07 00:00:00;2026-12-22 00:00:00;2026-12-28 00:00:00
2026-12-18 00:00:00;SO375837;C0003;AL001;463;2027-01-29 00:00:00;2027-01-26 00:00:00;2026-12-20 00:00:00;2026-12-17 00:00:00
2026-12-18 00:00:00;SO896659;C0021;CS001;1342;2027-01-01 00:00:00;2027-01-08 00:00:00;2026-12-22 00:00:00;2026-12-29 00:00:00
2026-12-18 00:00:00;SO375837;C0003;AT001;1339;2027-01-29 00:00:00;2027-01-23 00:00:00;2026-12-20 00:00:00;2026-12-14 00:00:00
2026-12-18 00:00:00;SO896659;C0021;VS001;775;2027-01-01 00:00:00;2026-12-29 00:00:00;2026-12-22 00:00:00;2026-12-19 00:00:00
2026-12-18 00:00:00;SO896659;C0021;CL001;1282;2027-01-01 00:00:00;2027-01-11 00:00:00;2026-12-22 00:00:00;2027-01-01 00:00:00
2026-12-21 00:00:00;SO368224;C0013;CT001;852;2027-01-18 00:00:00;2027-01-08 00:00:00;2026-12-25 00:00:00;2026-12-15 00:00:00
2026-12-21 00:00:00;SO287810;C0010;AS003;994;2027-02-01 00:00:00;2027-02-08 00:00:00;2026-12-24 00:00:00;2026-12-31 00:00:00
2026-12-21 00:00:00;SO795305;C0017;CT001;382;2027-02-15 00:00:00;2027-02-19 00:00:00;2026-12-25 00:00:00;2026-12-29 00:00:00
2026-12-21 00:00:00;SO740190;C0006;AS001;772;2027-02-22 00:00:00;2027-02-17 00:00:00;2026-12-23 00:00:00;2026-12-18 00:00:00
2026-12-21 00:00:00;SO287810;C0010;AS001;699;2027-02-01 00:00:00;2027-01-30 00:00:00;2026-12-24 00:00:00;2026-12-22 00:00:00
2026-12-21 00:00:00;SO287810;C0010;CS003;1302;2027-02-01 00:00:00;2027-01-24 00:00:00;2026-12-24 00:00:00;2026-12-16 00:00:00
2026-12-21 00:00:00;SO287810;C0010;VS002;809;2027-02-01 00:00:00;2027-02-09 00:00:00;2026-12-24 00:00:00;2027-01-01 00:00:00
2026-12-21 00:00:00;SO740190;C0006;AS005;1149;2027-02-22 00:00:00;2027-02-12 00:00:00;2026-12-23 00:00:00;2026-12-13 00:00:00
2026-12-21 00:00:00;SO368224;C0013;CS001;684;2027-01-18 00:00:00;2027-01-16 00:00:00;2026-12-25 00:00:00;2026-12-23 00:00:00
2026-12-21 00:00:00;SO287810;C0010;CS002;724;2027-02-01 00:00:00;2027-02-06 00:00:00;2026-12-24 00:00:00;2026-12-29 00:00:00
2026-12-21 00:00:00;SO740190;C0006;AL001;1034;2027-02-22 00:00:00;2027-02-18 00:00:00;2026-12-23 00:00:00;2026-12-19 00:00:00
2026-12-21 00:00:00;SO368224;C0013;AS001;1443;2027-01-18 00:00:00;2027-01-28 00:00:00;2026-12-25 00:00:00;2027-01-04 00:00:00
2026-12-21 00:00:00;SO368224;C0013;AS003;1115;2027-01-18 00:00:00;2027-01-23 00:00:00;2026-12-25 00:00:00;2026-12-30 00:00:00
2026-12-21 00:00:00;SO287810;C0010;VS005;777;2027-02-01 00:00:00;2027-01-31 00:00:00;2026-12-24 00:00:00;2026-12-23 00:00:00
2026-12-21 00:00:00;SO740190;C0006;CS004;893;2027-02-22 00:00:00;2027-02-13 00:00:00;2026-12-23 00:00:00;2026-12-14 00:00:00
2026-12-21 00:00:00;SO795305;C0017;VS001;1160;2027-02-15 00:00:00;2027-02-07 00:00:00;2026-12-25 00:00:00;2026-12-17 00:00:00
2026-12-21 00:00:00;SO795305;C0017;AT001;1010;2027-02-15 00:00:00;2027-02-21 00:00:00;2026-12-25 00:00:00;2026-12-31 00:00:00
2026-12-21 00:00:00;SO368224;C0013;VS001;313;2027-01-18 00:00:00;2027-01-21 00:00:00;2026-12-25 00:00:00;2026-12-28 00:00:00
2026-12-22 00:00:00;SO278733;C0014;AS005;1045;2027-01-26 00:00:00;2027-02-04 00:00:00;2026-12-26 00:00:00;2027-01-04 00:00:00
2026-12-22 00:00:00;SO152627;C0021;AL001;875;2027-01-05 00:00:00;2027-01-14 00:00:00;2026-12-26 00:00:00;2027-01-04 00:00:00
2026-12-22 00:00:00;SO716190;C0010;CL001;516;2027-02-02 00:00:00;2027-02-04 00:00:00;2026-12-25 00:00:00;2026-12-27 00:00:00
2026-12-22 00:00:00;SO580425;C0022;VS002;449;2027-02-02 00:00:00;2027-02-10 00:00:00;2026-12-26 00:00:00;2027-01-03 00:00:00
2026-12-22 00:00:00;SO278733;C0014;VS003;646;2027-01-26 00:00:00;2027-01-16 00:00:00;2026-12-26 00:00:00;2026-12-16 00:00:00
2026-12-22 00:00:00;SO580425;C0022;CT001;971;2027-02-02 00:00:00;2027-01-31 00:00:00;2026-12-26 00:00:00;2026-12-24 00:00:00
2026-12-22 00:00:00;SO278733;C0014;VS001;769;2027-01-26 00:00:00;2027-01-21 00:00:00;2026-12-26 00:00:00;2026-12-21 00:00:00
2026-12-22 00:00:00;SO716190;C0010;VS004;661;2027-02-02 00:00:00;2027-01-25 00:00:00;2026-12-25 00:00:00;2026-12-17 00:00:00
2026-12-22 00:00:00;SO716190;C0010;CT001;684;2027-02-02 00:00:00;2027-02-10 00:00:00;2026-12-25 00:00:00;2027-01-02 00:00:00
2026-12-22 00:00:00;SO278733;C0014;CL002;387;2027-01-26 00:00:00;2027-01-24 00:00:00;2026-12-26 00:00:00;2026-12-24 00:00:00
2026-12-22 00:00:00;SO152627;C0021;AS003;439;2027-01-05 00:00:00;2027-01-10 00:00:00;2026-12-26 00:00:00;2026-12-31 00:00:00
2026-12-22 00:00:00;SO152627;C0021;VS004;873;2027-01-05 00:00:00;2027-01-01 00:00:00;2026-12-26 00:00:00;2026-12-22 00:00:00
2026-12-22 00:00:00;SO278733;C0014;VS005;1016;2027-01-26 00:00:00;2027-01-23 00:00:00;2026-12-26 00:00:00;2026-12-23 00:00:00
2026-12-22 00:00:00;SO278733;C0014;CS001;1146;2027-01-26 00:00:00;2027-01-16 00:00:00;2026-12-26 00:00:00;2026-12-16 00:00:00
2026-12-22 00:00:00;SO152627;C0021;CL002;727;2027-01-05 00:00:00;2026-12-31 00:00:00;2026-12-26 00:00:00;2026-12-21 00:00:00
2026-12-22 00:00:00;SO278733;C0014;VS002;1067;2027-01-26 00:00:00;2027-01-28 00:00:00;2026-12-26 00:00:00;2026-12-28 00:00:00
2026-12-22 00:00:00;SO580425;C0022;VS003;1158;2027-02-02 00:00:00;2027-02-08 00:00:00;2026-12-26 00:00:00;2027-01-01 00:00:00
2026-12-22 00:00:00;SO716190;C0010;AS004;479;2027-02-02 00:00:00;2027-02-06 00:00:00;2026-12-25 00:00:00;2026-12-29 00:00:00
2026-12-23 00:00:00;SO124416;C0024;AS005;800;2027-01-20 00:00:00;2027-01-10 00:00:00;2026-12-27 00:00:00;2026-12-17 00:00:00
2026-12-23 00:00:00;SO675514;C0010;CS003;751;2027-02-03 00:00:00;2027-02-10 00:00:00;2026-12-26 00:00:00;2027-01-02 00:00:00
2026-12-23 00:00:00;SO124416;C0024;CS001;531;2027-01-20 00:00:00;2027-01-17 00:00:00;2026-12-27 00:00:00;2026-12-24 00:00:00
2026-12-23 00:00:00;SO124416;C0024;AS004;1206;2027-01-20 00:00:00;2027-01-17 00:00:00;2026-12-27 00:00:00;2026-12-24 00:00:00
2026-12-23 00:00:00;SO675514;C0010;CT003;654;2027-02-03 00:00:00;2027-02-10 00:00:00;2026-12-26 00:00:00;2027-01-02 00:00:00
2026-12-23 00:00:00;SO675514;C0010;AL001;577;2027-02-03 00:00:00;2027-02-06 00:00:00;2026-12-26 00:00:00;2026-12-29 00:00:00
2026-12-23 00:00:00;SO675514;C0010;VS002;904;2027-02-03 00:00:00;2027-02-09 00:00:00;2026-12-26 00:00:00;2027-01-01 00:00:00
2026-12-23 00:00:00;SO675514;C0010;VS004;1415;2027-02-03 00:00:00;2027-02-07 00:00:00;2026-12-26 00:00:00;2026-12-30 00:00:00
2026-12-23 00:00:00;SO124416;C0024;AL002;1244;2027-01-20 00:00:00;2027-01-19 00:00:00;2026-12-27 00:00:00;2026-12-26 00:00:00
2026-12-23 00:00:00;SO124416;C0024;VS001;819;2027-01-20 00:00:00;2027-01-10 00:00:00;2026-12-27 00:00:00;2026-12-17 00:00:00
2026-12-23 00:00:00;SO124416;C0024;AT001;443;2027-01-20 00:00:00;2027-01-30 00:00:00;2026-12-27 00:00:00;2027-01-06 00:00:00
2026-12-23 00:00:00;SO124416;C0024;VS003;916;2027-01-20 00:00:00;2027-01-13 00:00:00;2026-12-27 00:00:00;2026-12-20 00:00:00
2026-12-23 00:00:00;SO124416;C0024;CS002;906;2027-01-20 00:00:00;2027-01-26 00:00:00;2026-12-27 00:00:00;2027-01-02 00:00:00
2026-12-23 00:00:00;SO124416;C0024;VS005;1262;2027-01-20 00:00:00;2027-01-25 00:00:00;2026-12-27 00:00:00;2027-01-01 00:00:00
2026-12-23 00:00:00;SO675514;C0010;VS003;614;2027-02-03 00:00:00;2027-01-31 00:00:00;2026-12-26 00:00:00;2026-12-23 00:00:00
2026-12-23 00:00:00;SO124416;C0024;CT003;897;2027-01-20 00:00:00;2027-01-27 00:00:00;2026-12-27 00:00:00;2027-01-03 00:00:00
2026-12-23 00:00:00;SO675514;C0010;AS005;1196;2027-02-03 00:00:00;2027-01-31 00:00:00;2026-12-26 00:00:00;2026-12-23 00:00:00
2026-12-23 00:00:00;SO124416;C0024;AS002;887;2027-01-20 00:00:00;2027-01-26 00:00:00;2026-12-27 00:00:00;2027-01-02 00:00:00
2026-12-24 00:00:00;SO221377;C0003;CT003;1067;2027-02-04 00:00:00;2027-02-13 00:00:00;2026-12-26 00:00:00;2027-01-04 00:00:00
2026-12-24 00:00:00;SO483213;C0009;CT002;486;2027-01-07 00:00:00;2027-01-16 00:00:00;2026-12-27 00:00:00;2027-01-05 00:00:00
2026-12-24 00:00:00;SO650974;C0002;CS003;993;2027-01-28 00:00:00;2027-01-25 00:00:00;2026-12-26 00:00:00;2026-12-23 00:00:00
2026-12-24 00:00:00;SO483213;C0009;VS003;875;2027-01-07 00:00:00;2027-01-03 00:00:00;2026-12-27 00:00:00;2026-12-23 00:00:00
2026-12-24 00:00:00;SO483213;C0009;AS003;609;2027-01-07 00:00:00;2027-01-10 00:00:00;2026-12-27 00:00:00;2026-12-30 00:00:00
2026-12-24 00:00:00;SO221377;C0003;CS002;1166;2027-02-04 00:00:00;2027-01-29 00:00:00;2026-12-26 00:00:00;2026-12-20 00:00:00
2026-12-24 00:00:00;SO483213;C0009;CL001;1134;2027-01-07 00:00:00;2026-12-31 00:00:00;2026-12-27 00:00:00;2026-12-20 00:00:00
2026-12-24 00:00:00;SO221377;C0003;AS003;699;2027-02-04 00:00:00;2027-02-07 00:00:00;2026-12-26 00:00:00;2026-12-29 00:00:00
2026-12-24 00:00:00;SO483213;C0009;VS005;737;2027-01-07 00:00:00;2027-01-14 00:00:00;2026-12-27 00:00:00;2027-01-03 00:00:00
2026-12-24 00:00:00;SO650974;C0002;CL002;747;2027-01-28 00:00:00;2027-01-18 00:00:00;2026-12-26 00:00:00;2026-12-16 00:00:00
2026-12-24 00:00:00;SO483213;C0009;AL001;736;2027-01-07 00:00:00;2027-01-13 00:00:00;2026-12-27 00:00:00;2027-01-02 00:00:00
2026-12-24 00:00:00;SO221377;C0003;CL001;649;2027-02-04 00:00:00;2027-02-06 00:00:00;2026-12-26 00:00:00;2026-12-28 00:00:00
2026-12-24 00:00:00;SO483213;C0009;AS002;756;2027-01-07 00:00:00;2027-01-06 00:00:00;2026-12-27 00:00:00;2026-12-26 00:00:00
2026-12-24 00:00:00;SO221377;C0003;AT001;1223;2027-02-04 00:00:00;2027-02-07 00:00:00;2026-12-26 00:00:00;2026-12-29 00:00:00
2026-12-24 00:00:00;SO650974;C0002;AS003;427;2027-01-28 00:00:00;2027-01-29 00:00:00;2026-12-26 00:00:00;2026-12-27 00:00:00
2026-12-25 00:00:00;SO746595;C0018;VS004;854;2027-02-26 00:00:00;2027-02-18 00:00:00;2026-12-29 00:00:00;2026-12-21 00:00:00
2026-12-25 00:00:00;SO712417;C0021;CS001;459;2027-01-08 00:00:00;2026-12-31 00:00:00;2026-12-29 00:00:00;2026-12-21 00:00:00
2026-12-25 00:00:00;SO779827;C0016;AS001;465;2027-01-08 00:00:00;2027-01-14 00:00:00;2026-12-29 00:00:00;2027-01-04 00:00:00
2026-12-25 00:00:00;SO154958;C0026;VS002;637;2027-01-29 00:00:00;2027-02-08 00:00:00;2027-01-02 00:00:00;2027-01-12 00:00:00
2026-12-25 00:00:00;SO154958;C0026;CT003;818;2027-01-29 00:00:00;2027-01-22 00:00:00;2027-01-02 00:00:00;2026-12-26 00:00:00
2026-12-25 00:00:00;SO779827;C0016;VS001;845;2027-01-08 00:00:00;2027-01-17 00:00:00;2026-12-29 00:00:00;2027-01-07 00:00:00
2026-12-25 00:00:00;SO712417;C0021;CS004;996;2027-01-08 00:00:00;2027-01-01 00:00:00;2026-12-29 00:00:00;2026-12-22 00:00:00
2026-12-25 00:00:00;SO154958;C0026;VS004;1039;2027-01-29 00:00:00;2027-01-28 00:00:00;2027-01-02 00:00:00;2027-01-01 00:00:00
2026-12-25 00:00:00;SO154958;C0026;AT001;382;2027-01-29 00:00:00;2027-01-30 00:00:00;2027-01-02 00:00:00;2027-01-03 00:00:00
2026-12-25 00:00:00;SO154958;C0026;AL001;576;2027-01-29 00:00:00;2027-02-04 00:00:00;2027-01-02 00:00:00;2027-01-08 00:00:00
2026-12-25 00:00:00;SO779827;C0016;CS001;902;2027-01-08 00:00:00;2027-01-06 00:00:00;2026-12-29 00:00:00;2026-12-27 00:00:00
2026-12-25 00:00:00;SO746595;C0018;CL002;861;2027-02-26 00:00:00;2027-03-07 00:00:00;2026-12-29 00:00:00;2027-01-07 00:00:00
2026-12-25 00:00:00;SO746595;C0018;AL001;1153;2027-02-26 00:00:00;2027-02-17 00:00:00;2026-12-29 00:00:00;2026-12-20 00:00:00
2026-12-25 00:00:00;SO154958;C0026;AL002;904;2027-01-29 00:00:00;2027-01-25 00:00:00;2027-01-02 00:00:00;2026-12-29 00:00:00
2026-12-25 00:00:00;SO712417;C0021;AL002;701;2027-01-08 00:00:00;2027-01-16 00:00:00;2026-12-29 00:00:00;2027-01-06 00:00:00
2026-12-25 00:00:00;SO712417;C0021;AS003;710;2027-01-08 00:00:00;2027-01-03 00:00:00;2026-12-29 00:00:00;2026-12-24 00:00:00
2026-12-25 00:00:00;SO712417;C0021;CS003;1025;2027-01-08 00:00:00;2027-01-02 00:00:00;2026-12-29 00:00:00;2026-12-23 00:00:00
2026-12-25 00:00:00;SO154958;C0026;VS005;831;2027-01-29 00:00:00;2027-01-20 00:00:00;2027-01-02 00:00:00;2026-12-24 00:00:00
2026-12-28 00:00:00;SO108942;C0002;CS004;1064;2027-02-01 00:00:00;2027-02-01 00:00:00;2026-12-30 00:00:00;2026-12-30 00:00:00
2026-12-28 00:00:00;SO655677;C0004;AS003;1060;2027-01-11 00:00:00;2027-01-11 00:00:00;2026-12-30 00:00:00;2026-12-30 00:00:00
2026-12-28 00:00:00;SO108942;C0002;CS001;790;2027-02-01 00:00:00;2027-01-26 00:00:00;2026-12-30 00:00:00;2026-12-24 00:00:00
2026-12-28 00:00:00;SO655677;C0004;CL001;935;2027-01-11 00:00:00;2027-01-19 00:00:00;2026-12-30 00:00:00;2027-01-07 00:00:00
2026-12-28 00:00:00;SO108942;C0002;CS002;1078;2027-02-01 00:00:00;2027-02-02 00:00:00;2026-12-30 00:00:00;2026-12-31 00:00:00
2026-12-28 00:00:00;SO655677;C0004;AS005;1044;2027-01-11 00:00:00;2027-01-21 00:00:00;2026-12-30 00:00:00;2027-01-09 00:00:00
2026-12-28 00:00:00;SO655677;C0004;CT002;1349;2027-01-11 00:00:00;2027-01-18 00:00:00;2026-12-30 00:00:00;2027-01-06 00:00:00
2026-12-28 00:00:00;SO655677;C0004;CS003;370;2027-01-11 00:00:00;2027-01-10 00:00:00;2026-12-30 00:00:00;2026-12-29 00:00:00
2026-12-28 00:00:00;SO655677;C0004;VS005;1021;2027-01-11 00:00:00;2027-01-16 00:00:00;2026-12-30 00:00:00;2027-01-04 00:00:00
2026-12-28 00:00:00;SO655677;C0004;VS004;1149;2027-01-11 00:00:00;2027-01-10 00:00:00;2026-12-30 00:00:00;2026-12-29 00:00:00
2026-12-28 00:00:00;SO655677;C0004;CL002;1029;2027-01-11 00:00:00;2027-01-21 00:00:00;2026-12-30 00:00:00;2027-01-09 00:00:00
2026-12-28 00:00:00;SO108942;C0002;CL001;671;2027-02-01 00:00:00;2027-02-01 00:00:00;2026-12-30 00:00:00;2026-12-30 00:00:00
2026-12-28 00:00:00;SO655677;C0004;AS001;1032;2027-01-11 00:00:00;2027-01-10 00:00:00;2026-12-30 00:00:00;2026-12-29 00:00:00
2026-12-29 00:00:00;SO559039;C0025;AS001;1226;2027-01-26 00:00:00;2027-01-18 00:00:00;2027-01-06 00:00:00;2026-12-29 00:00:00
2026-12-29 00:00:00;SO164346;C0009;AL001;326;2027-01-12 00:00:00;2027-01-09 00:00:00;2027-01-01 00:00:00;2026-12-29 00:00:00
2026-12-29 00:00:00;SO293127;C0029;CS004;772;2027-02-23 00:00:00;2027-02-19 00:00:00;2027-01-06 00:00:00;2027-01-02 00:00:00
2026-12-29 00:00:00;SO293127;C0029;VS002;675;2027-02-23 00:00:00;2027-02-17 00:00:00;2027-01-06 00:00:00;2026-12-31 00:00:00
2026-12-29 00:00:00;SO293127;C0029;CS003;1021;2027-02-23 00:00:00;2027-02-24 00:00:00;2027-01-06 00:00:00;2027-01-07 00:00:00
2026-12-29 00:00:00;SO164346;C0009;CS003;1115;2027-01-12 00:00:00;2027-01-10 00:00:00;2027-01-01 00:00:00;2026-12-30 00:00:00
2026-12-29 00:00:00;SO293127;C0029;AL001;906;2027-02-23 00:00:00;2027-02-17 00:00:00;2027-01-06 00:00:00;2026-12-31 00:00:00
2026-12-29 00:00:00;SO293127;C0029;AS001;807;2027-02-23 00:00:00;2027-02-18 00:00:00;2027-01-06 00:00:00;2027-01-01 00:00:00
2026-12-29 00:00:00;SO293127;C0029;AS005;964;2027-02-23 00:00:00;2027-02-20 00:00:00;2027-01-06 00:00:00;2027-01-03 00:00:00
2026-12-29 00:00:00;SO164346;C0009;CL001;890;2027-01-12 00:00:00;2027-01-19 00:00:00;2027-01-01 00:00:00;2027-01-08 00:00:00
2026-12-29 00:00:00;SO293127;C0029;VS003;594;2027-02-23 00:00:00;2027-02-15 00:00:00;2027-01-06 00:00:00;2026-12-29 00:00:00
2026-12-29 00:00:00;SO293127;C0029;AS002;988;2027-02-23 00:00:00;2027-02-20 00:00:00;2027-01-06 00:00:00;2027-01-03 00:00:00
2026-12-30 00:00:00;SO968742;C0008;CL001;1117;2027-02-24 00:00:00;2027-03-02 00:00:00;2027-01-02 00:00:00;2027-01-08 00:00:00
2026-12-30 00:00:00;SO175305;C0020;AS001;318;2027-02-24 00:00:00;2027-02-19 00:00:00;2027-01-03 00:00:00;2026-12-29 00:00:00
2026-12-30 00:00:00;SO968742;C0008;AS004;455;2027-02-24 00:00:00;2027-02-14 00:00:00;2027-01-02 00:00:00;2026-12-23 00:00:00
2026-12-30 00:00:00;SO175305;C0020;AS005;936;2027-02-24 00:00:00;2027-03-03 00:00:00;2027-01-03 00:00:00;2027-01-10 00:00:00
2026-12-30 00:00:00;SO175305;C0020;CL001;459;2027-02-24 00:00:00;2027-02-28 00:00:00;2027-01-03 00:00:00;2027-01-07 00:00:00
2026-12-30 00:00:00;SO968742;C0008;VS003;643;2027-02-24 00:00:00;2027-02-25 00:00:00;2027-01-02 00:00:00;2027-01-03 00:00:00
2026-12-30 00:00:00;SO175305;C0020;VS004;523;2027-02-24 00:00:00;2027-02-26 00:00:00;2027-01-03 00:00:00;2027-01-05 00:00:00
2026-12-30 00:00:00;SO175305;C0020;VS001;521;2027-02-24 00:00:00;2027-02-16 00:00:00;2027-01-03 00:00:00;2026-12-26 00:00:00
2026-12-30 00:00:00;SO968742;C0008;AS005;713;2027-02-24 00:00:00;2027-02-25 00:00:00;2027-01-02 00:00:00;2027-01-03 00:00:00
2026-12-30 00:00:00;SO968742;C0008;CS002;1130;2027-02-24 00:00:00;2027-02-20 00:00:00;2027-01-02 00:00:00;2026-12-29 00:00:00
2026-12-30 00:00:00;SO175305;C0020;VS003;1277;2027-02-24 00:00:00;2027-02-28 00:00:00;2027-01-03 00:00:00;2027-01-07 00:00:00
2026-12-30 00:00:00;SO968742;C0008;CT001;479;2027-02-24 00:00:00;2027-03-01 00:00:00;2027-01-02 00:00:00;2027-01-07 00:00:00
2026-12-30 00:00:00;SO175305;C0020;CL002;1027;2027-02-24 00:00:00;2027-02-26 00:00:00;2027-01-03 00:00:00;2027-01-05 00:00:00
2026-12-30 00:00:00;SO968742;C0008;CS001;443;2027-02-24 00:00:00;2027-02-16 00:00:00;2027-01-02 00:00:00;2026-12-25 00:00:00
2026-12-30 00:00:00;SO968742;C0008;AS003;1069;2027-02-24 00:00:00;2027-02-20 00:00:00;2027-01-02 00:00:00;2026-12-29 00:00:00
2026-12-30 00:00:00;SO968742;C0008;VS001;898;2027-02-24 00:00:00;2027-02-19 00:00:00;2027-01-02 00:00:00;2026-12-28 00:00:00
2026-12-30 00:00:00;SO968742;C0008;VS005;309;2027-02-24 00:00:00;2027-02-18 00:00:00;2027-01-02 00:00:00;2026-12-27 00:00:00
2026-12-30 00:00:00;SO175305;C0020;CS004;1178;2027-02-24 00:00:00;2027-02-28 00:00:00;2027-01-03 00:00:00;2027-01-07 00:00:00
2026-12-30 00:00:00;SO968742;C0008;CS003;553;2027-02-24 00:00:00;2027-03-04 00:00:00;2027-01-02 00:00:00;2027-01-10 00:00:00
2026-12-31 00:00:00;SO418923;C0006;CS004;1049;2027-03-04 00:00:00;2027-03-10 00:00:00;2027-01-02 00:00:00;2027-01-08 00:00:00
2026-12-31 00:00:00;SO320696;C0023;VS001;540;2027-02-04 00:00:00;2027-01-31 00:00:00;2027-01-04 00:00:00;2026-12-31 00:00:00
2026-12-31 00:00:00;SO320696;C0023;VS004;488;2027-02-04 00:00:00;2027-02-04 00:00:00;2027-01-04 00:00:00;2027-01-04 00:00:00
2026-12-31 00:00:00;SO418923;C0006;CS003;1018;2027-03-04 00:00:00;2027-03-12 00:00:00;2027-01-02 00:00:00;2027-01-10 00:00:00
2026-12-31 00:00:00;SO418923;C0006;CS001;1056;2027-03-04 00:00:00;2027-03-05 00:00:00;2027-01-02 00:00:00;2027-01-03 00:00:00
2026-12-31 00:00:00;SO418923;C0006;AL002;1263;2027-03-04 00:00:00;2027-03-08 00:00:00;2027-01-02 00:00:00;2027-01-06 00:00:00
2026-12-31 00:00:00;SO418923;C0006;CT002;1176;2027-03-04 00:00:00;2027-02-27 00:00:00;2027-01-02 00:00:00;2026-12-28 00:00:00
2026-12-31 00:00:00;SO418923;C0006;CL001;978;2027-03-04 00:00:00;2027-03-07 00:00:00;2027-01-02 00:00:00;2027-01-05 00:00:00
2026-12-31 00:00:00;SO320696;C0023;CL001;1087;2027-02-04 00:00:00;2027-02-05 00:00:00;2027-01-04 00:00:00;2027-01-05 00:00:00
2026-12-31 00:00:00;SO320696;C0023;CS003;1385;2027-02-04 00:00:00;2027-02-03 00:00:00;2027-01-04 00:00:00;2027-01-03 00:00:00
2026-12-31 00:00:00;SO418923;C0006;CS002;604;2027-03-04 00:00:00;2027-02-24 00:00:00;2027-01-02 00:00:00;2026-12-25 00:00:00
2026-12-31 00:00:00;SO320696;C0023;AT001;944;2027-02-04 00:00:00;2027-01-30 00:00:00;2027-01-04 00:00:00;2026-12-30 00:00:00
2026-12-31 00:00:00;SO320696;C0023;VS005;552;2027-02-04 00:00:00;2027-02-07 00:00:00;2027-01-04 00:00:00;2027-01-07 00:00:00
2026-12-31 00:00:00;SO418923;C0006;CT003;772;2027-03-04 00:00:00;2027-03-11 00:00:00;2027-01-02 00:00:00;2027-01-09 00:00:00
2026-12-31 00:00:00;SO320696;C0023;AS003;323;2027-02-04 00:00:00;2027-02-05 00:00:00;2027-01-04 00:00:00;2027-01-05 00:00:00
2026-12-31 00:00:00;SO418923;C0006;AT001;739;2027-03-04 00:00:00;2027-03-07 00:00:00;2027-01-02 00:00:00;2027-01-05 00:00:00
2026-12-31 00:00:00;SO418923;C0006;AS005;1120;2027-03-04 00:00:00;2027-02-22 00:00:00;2027-01-02 00:00:00;2026-12-23 00:00:00
2026-12-31 00:00:00;SO320696;C0023;AS001;1112;2027-02-04 00:00:00;2027-02-12 00:00:00;2027-01-04 00:00:00;2027-01-12 00:00:00
2026-12-31 00:00:00;SO418923;C0006;VS001;965;2027-03-04 00:00:00;2027-03-05 00:00:00;2027-01-02 00:00:00;2027-01-03 00:00:00
2026-12-31 00:00:00;SO320696;C0023;AL001;1267;2027-02-04 00:00:00;2027-02-03 00:00:00;2027-01-04 00:00:00;2027-01-03 00:00:00
