Data;Ordem de Venda;Cliente ID;Produto SKU;Qtde;Vencimento;Pagamento;Previsão de Entrega;Entrega Efetiva
2024-01-01 00:00:00;SO830525;C0024;AS002;776;2024-01-29 00:00:00;2024-02-06 00:00:00;2024-01-05 00:00:00;2024-01-13 00:00:00
2024-01-01 00:00:00;SO357882;C0018;CS001;750;2024-03-04 00:00:00;2024-03-04 00:00:00;2024-01-05 00:00:00;2024-01-05 00:00:00
2024-01-01 00:00:00;SO357882;C0018;AT002;996;2024-03-04 00:00:00;2024-02-27 00:00:00;2024-01-05 00:00:00;2023-12-30 00:00:00
2024-01-01 00:00:00;SO830525;C0024;AT002;312;2024-01-29 00:00:00;2024-02-06 00:00:00;2024-01-05 00:00:00;2024-01-13 00:00:00
2024-01-01 00:00:00;SO357882;C0018;VS005;795;2024-03-04 00:00:00;2024-02-27 00:00:00;2024-01-05 00:00:00;2023-12-30 00:00:00
2024-01-01 00:00:00;SO357882;C0018;CS002;1020;2024-03-04 00:00:00;2024-03-02 00:00:00;2024-01-05 00:00:00;2024-01-03 00:00:00
2024-01-01 00:00:00;SO357882;C0018;AS003;857;2024-03-04 00:00:00;2024-02-27 00:00:00;2024-01-05 00:00:00;2023-12-30 00:00:00
2024-01-01 00:00:00;SO830525;C0024;CL001;1065;2024-01-29 00:00:00;2024-02-07 00:00:00;2024-01-05 00:00:00;2024-01-14 00:00:00
2024-01-01 00:00:00;SO830525;C0024;CT002;494;2024-01-29 00:00:00;2024-01-27 00:00:00;2024-01-05 00:00:00;2024-01-03 00:00:00
2024-01-01 00:00:00;SO830525;C0024;VS002;846;2024-01-29 00:00:00;2024-02-02 00:00:00;2024-01-05 00:00:00;2024-01-09 00:00:00
2024-01-01 00:00:00;SO357882;C0018;AT001;1284;2024-03-04 00:00:00;2024-03-07 00:00:00;2024-01-05 00:00:00;2024-01-08 00:00:00
2024-01-01 00:00:00;SO830525;C0024;CS003;831;2024-01-29 00:00:00;2024-01-29 00:00:00;2024-01-05 00:00:00;2024-01-05 00:00:00
2024-01-01 00:00:00;SO357882;C0018;CS004;647;2024-03-04 00:00:00;2024-03-02 00:00:00;2024-01-05 00:00:00;2024-01-03 00:00:00
2024-01-01 00:00:00;SO830525;C0024;AS003;514;2024-01-29 00:00:00;2024-02-07 00:00:00;2024-01-05 00:00:00;2024-01-14 00:00:00
2024-01-01 00:00:00;SO357882;C0018;AS005;1182;2024-03-04 00:00:00;2024-03-14 00:00:00;2024-01-05 00:00:00;2024-01-15 00:00:00
2024-01-01 00:00:00;SO357882;C0018;CT001;411;2024-03-04 00:00:00;2024-02-29 00:00:00;2024-01-05 00:00:00;2024-01-01 00:00:00
2024-01-02 00:00:00;SO941530;C0028;AL002;503;2024-01-16 00:00:00;2024-01-26 00:00:00;2024-01-10 00:00:00;2024-01-20 00:00:00
2024-01-02 00:00:00;SO653574;C0024;AT002;1052;2024-01-30 00:00:00;2024-02-02 00:00:00;2024-01-06 00:00:00;2024-01-09 00:00:00
2024-01-02 00:00:00;SO653574;C0024;CT001;686;2024-01-30 00:00:00;2024-02-07 00:00:00;2024-01-06 00:00:00;2024-01-14 00:00:00
2024-01-02 00:00:00;SO941530;C0028;CL002;464;2024-01-16 00:00:00;2024-01-14 00:00:00;2024-01-10 00:00:00;2024-01-08 00:00:00
2024-01-02 00:00:00;SO653574;C0024;CL001;876;2024-01-30 00:00:00;2024-02-08 00:00:00;2024-01-06 00:00:00;2024-01-15 00:00:00
2024-01-02 00:00:00;SO653574;C0024;CT002;1089;2024-01-30 00:00:00;2024-02-02 00:00:00;2024-01-06 00:00:00;2024-01-09 00:00:00
2024-01-02 00:00:00;SO941530;C0028;VS001;405;2024-01-16 00:00:00;2024-01-20 00:00:00;2024-01-10 00:00:00;2024-01-14 00:00:00
2024-01-02 00:00:00;SO653574;C0024;CS004;1107;2024-01-30 00:00:00;2024-01-23 00:00:00;2024-01-06 00:00:00;2023-12-30 00:00:00
2024-01-02 00:00:00;SO941530;C0028;AS003;642;2024-01-16 00:00:00;2024-01-24 00:00:00;2024-01-10 00:00:00;2024-01-18 00:00:00
2024-01-02 00:00:00;SO653574;C0024;AT001;1107;2024-01-30 00:00:00;2024-02-03 00:00:00;2024-01-06 00:00:00;2024-01-10 00:00:00
2024-01-02 00:00:00;SO941530;C0028;CS004;546;2024-01-16 00:00:00;2024-01-20 00:00:00;2024-01-10 00:00:00;2024-01-14 00:00:00
2024-01-02 00:00:00;SO941530;C0028;CT003;324;2024-01-16 00:00:00;2024-01-13 00:00:00;2024-01-10 00:00:00;2024-01-07 00:00:00
2024-01-02 00:00:00;SO941530;C0028;AL001;985;2024-01-16 00:00:00;2024-01-23 00:00:00;2024-01-10 00:00:00;2024-01-17 00:00:00
2024-01-02 00:00:00;SO653574;C0024;CS001;941;2024-01-30 00:00:00;2024-01-24 00:00:00;2024-01-06 00:00:00;2023-12-31 00:00:00
2024-01-02 00:00:00;SO941530;C0028;VS005;750;2024-01-16 00:00:00;2024-01-23 00:00:00;2024-01-10 00:00:00;2024-01-17 00:00:00
2024-01-02 00:00:00;SO941530;C0028;CS002;531;2024-01-16 00:00:00;2024-01-19 00:00:00;2024-01-10 00:00:00;2024-01-13 00:00:00
2024-01-02 00:00:00;SO941530;C0028;AT001;1134;2024-01-16 00:00:00;2024-01-19 00:00:00;2024-01-10 00:00:00;2024-01-13 00:00:00
2024-01-03 00:00:00;SO891331;C0016;CS002;649;2024-01-17 00:00:00;2024-01-13 00:00:00;2024-01-07 00:00:00;2024-01-03 00:00:00
2024-01-03 00:00:00;SO225182;C0022;AL001;896;2024-02-14 00:00:00;2024-02-12 00:00:00;2024-01-07 00:00:00;2024-01-05 00:00:00
2024-01-03 00:00:00;SO981658;C0013;VS001;299;2024-01-31 00:00:00;2024-01-26 00:00:00;2024-01-07 00:00:00;2024-01-02 00:00:00
2024-01-03 00:00:00;SO981658;C0013;CS003;552;2024-01-31 00:00:00;2024-02-04 00:00:00;2024-01-07 00:00:00;2024-01-11 00:00:00
2024-01-03 00:00:00;SO891331;C0016;VS002;512;2024-01-17 00:00:00;2024-01-21 00:00:00;2024-01-07 00:00:00;2024-01-11 00:00:00
2024-01-03 00:00:00;SO225182;C0022;CL002;1045;2024-02-14 00:00:00;2024-02-08 00:00:00;2024-01-07 00:00:00;2024-01-01 00:00:00
2024-01-03 00:00:00;SO891331;C0016;VS005;1163;2024-01-17 00:00:00;2024-01-11 00:00:00;2024-01-07 00:00:00;2024-01-01 00:00:00
2024-01-03 00:00:00;SO981658;C0013;AL002;332;2024-01-31 00:00:00;2024-02-08 00:00:00;2024-01-07 00:00:00;2024-01-15 00:00:00
2024-01-03 00:00:00;SO981658;C0013;AL001;847;2024-01-31 00:00:00;2024-02-10 00:00:00;2024-01-07 00:00:00;2024-01-17 00:00:00
2024-01-03 00:00:00;SO981658;C0013;CT001;483;2024-01-31 00:00:00;2024-01-26 00:00:00;2024-01-07 00:00:00;2024-01-02 00:00:00
2024-01-03 00:00:00;SO891331;C0016;CS003;931;2024-01-17 00:00:00;2024-01-11 00:00:00;2024-01-07 00:00:00;2024-01-01 00:00:00
2024-01-03 00:00:00;SO891331;C0016;CT003;950;2024-01-17 00:00:00;2024-01-25 00:00:00;2024-01-07 00:00:00;2024-01-15 00:00:00
2024-01-03 00:00:00;SO981658;C0013;CS004;825;2024-01-31 00:00:00;2024-01-22 00:00:00;2024-01-07 00:00:00;2023-12-29 00:00:00
2024-01-03 00:00:00;SO981658;C0013;CL001;617;2024-01-31 00:00:00;2024-01-22 00:00:00;2024-01-07 00:00:00;2023-12-29 00:00:00
2024-01-03 00:00:00;SO981658;C0013;VS005;502;2024-01-31 00:00:00;2024-01-27 00:00:00;2024-01-07 00:00:00;2024-01-03 00:00:00
2024-01-04 00:00:00;SO712257;C0002;VS003;807;2024-02-08 00:00:00;2024-01-29 00:00:00;2024-01-06 00:00:00;2023-12-27 00:00:00
2024-01-04 00:00:00;SO647035;C0011;CS004;297;2024-02-08 00:00:00;2024-02-15 00:00:00;2024-01-07 00:00:00;2024-01-14 00:00:00
2024-01-04 00:00:00;SO432169;C0005;AL002;393;2024-02-29 00:00:00;2024-02-27 00:00:00;2024-01-06 00:00:00;2024-01-04 00:00:00
2024-01-04 00:00:00;SO647035;C0011;AS001;712;2024-02-08 00:00:00;2024-02-16 00:00:00;2024-01-07 00:00:00;2024-01-15 00:00:00
2024-01-04 00:00:00;SO432169;C0005;AS005;835;2024-02-29 00:00:00;2024-02-22 00:00:00;2024-01-06 00:00:00;2023-12-30 00:00:00
2024-01-04 00:00:00;SO712257;C0002;AS002;419;2024-02-08 00:00:00;2024-02-08 00:00:00;2024-01-06 00:00:00;2024-01-06 00:00:00
2024-01-04 00:00:00;SO647035;C0011;AS005;418;2024-02-08 00:00:00;2024-02-06 00:00:00;2024-01-07 00:00:00;2024-01-05 00:00:00
2024-01-04 00:00:00;SO712257;C0002;AT001;652;2024-02-08 00:00:00;2024-02-05 00:00:00;2024-01-06 00:00:00;2024-01-03 00:00:00
2024-01-04 00:00:00;SO432169;C0005;CS002;881;2024-02-29 00:00:00;2024-02-25 00:00:00;2024-01-06 00:00:00;2024-01-02 00:00:00
2024-01-04 00:00:00;SO712257;C0002;CS004;407;2024-02-08 00:00:00;2024-02-17 00:00:00;2024-01-06 00:00:00;2024-01-15 00:00:00
2024-01-04 00:00:00;SO432169;C0005;CT001;733;2024-02-29 00:00:00;2024-03-01 00:00:00;2024-01-06 00:00:00;2024-01-07 00:00:00
2024-01-04 00:00:00;SO712257;C0002;AL002;801;2024-02-08 00:00:00;2024-01-29 00:00:00;2024-01-06 00:00:00;2023-12-27 00:00:00
2024-01-04 00:00:00;SO712257;C0002;AS001;499;2024-02-08 00:00:00;2024-02-03 00:00:00;2024-01-06 00:00:00;2024-01-01 00:00:00
2024-01-04 00:00:00;SO647035;C0011;CL001;661;2024-02-08 00:00:00;2024-02-11 00:00:00;2024-01-07 00:00:00;2024-01-10 00:00:00
2024-01-04 00:00:00;SO647035;C0011;VS005;745;2024-02-08 00:00:00;2024-02-13 00:00:00;2024-01-07 00:00:00;2024-01-12 00:00:00
2024-01-05 00:00:00;SO282369;C0015;CL001;452;2024-02-16 00:00:00;2024-02-11 00:00:00;2024-01-09 00:00:00;2024-01-04 00:00:00
2024-01-05 00:00:00;SO697820;C0003;AS004;889;2024-02-16 00:00:00;2024-02-07 00:00:00;2024-01-07 00:00:00;2023-12-29 00:00:00
2024-01-05 00:00:00;SO181817;C0010;CS004;531;2024-02-16 00:00:00;2024-02-11 00:00:00;2024-01-08 00:00:00;2024-01-03 00:00:00
2024-01-05 00:00:00;SO697820;C0003;AS001;1073;2024-02-16 00:00:00;2024-02-14 00:00:00;2024-01-07 00:00:00;2024-01-05 00:00:00
2024-01-05 00:00:00;SO282369;C0015;AL001;612;2024-02-16 00:00:00;2024-02-16 00:00:00;2024-01-09 00:00:00;2024-01-09 00:00:00
2024-01-05 00:00:00;SO282369;C0015;CS004;669;2024-02-16 00:00:00;2024-02-14 00:00:00;2024-01-09 00:00:00;2024-01-07 00:00:00
2024-01-05 00:00:00;SO697820;C0003;AT001;867;2024-02-16 00:00:00;2024-02-17 00:00:00;2024-01-07 00:00:00;2024-01-08 00:00:00
2024-01-05 00:00:00;SO181817;C0010;VS005;856;2024-02-16 00:00:00;2024-02-23 00:00:00;2024-01-08 00:00:00;2024-01-15 00:00:00
2024-01-05 00:00:00;SO181817;C0010;AS003;824;2024-02-16 00:00:00;2024-02-07 00:00:00;2024-01-08 00:00:00;2023-12-30 00:00:00
2024-01-05 00:00:00;SO697820;C0003;AL001;1185;2024-02-16 00:00:00;2024-02-11 00:00:00;2024-01-07 00:00:00;2024-01-02 00:00:00
2024-01-05 00:00:00;SO181817;C0010;CT003;746;2024-02-16 00:00:00;2024-02-18 00:00:00;2024-01-08 00:00:00;2024-01-10 00:00:00
2024-01-05 00:00:00;SO697820;C0003;CT001;489;2024-02-16 00:00:00;2024-02-11 00:00:00;2024-01-07 00:00:00;2024-01-02 00:00:00
2024-01-05 00:00:00;SO181817;C0010;AT001;918;2024-02-16 00:00:00;2024-02-12 00:00:00;2024-01-08 00:00:00;2024-01-04 00:00:00
2024-01-08 00:00:00;SO505933;C0001;VS005;817;2024-02-05 00:00:00;2024-02-10 00:00:00;2024-01-10 00:00:00;2024-01-15 00:00:00
2024-01-08 00:00:00;SO546499;C0006;AT002;954;2024-03-11 00:00:00;2024-03-02 00:00:00;2024-01-10 00:00:00;2024-01-01 00:00:00
2024-01-08 00:00:00;SO505933;C0001;VS001;655;2024-02-05 00:00:00;2024-02-04 00:00:00;2024-01-10 00:00:00;2024-01-09 00:00:00
2024-01-08 00:00:00;SO546499;C0006;AL002;890;2024-03-11 00:00:00;2024-03-18 00:00:00;2024-01-10 00:00:00;2024-01-17 00:00:00
2024-01-08 00:00:00;SO505933;C0001;CS004;1154;2024-02-05 00:00:00;2024-02-14 00:00:00;2024-01-10 00:00:00;2024-01-19 00:00:00
2024-01-08 00:00:00;SO546499;C0006;CT001;602;2024-03-11 00:00:00;2024-03-04 00:00:00;2024-01-10 00:00:00;2024-01-03 00:00:00
2024-01-08 00:00:00;SO505933;C0001;CS001;279;2024-02-05 00:00:00;2024-02-15 00:00:00;2024-01-10 00:00:00;2024-01-20 00:00:00
2024-01-08 00:00:00;SO505933;C0001;AS002;819;2024-02-05 00:00:00;2024-02-10 00:00:00;2024-01-10 00:00:00;2024-01-15 00:00:00
2024-01-08 00:00:00;SO505933;C0001;AL001;826;2024-02-05 00:00:00;2024-02-01 00:00:00;2024-01-10 00:00:00;2024-01-06 00:00:00
2024-01-08 00:00:00;SO505933;C0001;VS003;568;2024-02-05 00:00:00;2024-01-31 00:00:00;2024-01-10 00:00:00;2024-01-05 00:00:00
2024-01-08 00:00:00;SO505933;C0001;CT003;1007;2024-02-05 00:00:00;2024-01-31 00:00:00;2024-01-10 00:00:00;2024-01-05 00:00:00
2024-01-08 00:00:00;SO546499;C0006;AS004;316;2024-03-11 00:00:00;2024-03-08 00:00:00;2024-01-10 00:00:00;2024-01-07 00:00:00
2024-01-09 00:00:00;SO156757;C0012;CL001;567;2024-02-06 00:00:00;2024-01-28 00:00:00;2024-01-12 00:00:00;2024-01-03 00:00:00
2024-01-09 00:00:00;SO151706;C0014;CT003;1006;2024-02-13 00:00:00;2024-02-21 00:00:00;2024-01-13 00:00:00;2024-01-21 00:00:00
2024-01-09 00:00:00;SO506304;C0017;CL001;847;2024-03-05 00:00:00;2024-03-01 00:00:00;2024-01-13 00:00:00;2024-01-09 00:00:00
2024-01-09 00:00:00;SO978077;C0023;AL002;906;2024-02-13 00:00:00;2024-02-21 00:00:00;2024-01-13 00:00:00;2024-01-21 00:00:00
2024-01-09 00:00:00;SO151706;C0014;AS004;690;2024-02-13 00:00:00;2024-02-13 00:00:00;2024-01-13 00:00:00;2024-01-13 00:00:00
2024-01-09 00:00:00;SO978077;C0023;VS002;355;2024-02-13 00:00:00;2024-02-13 00:00:00;2024-01-13 00:00:00;2024-01-13 00:00:00
2024-01-09 00:00:00;SO978077;C0023;AS001;941;2024-02-13 00:00:00;2024-02-16 00:00:00;2024-01-13 00:00:00;2024-01-16 00:00:00
2024-01-09 00:00:00;SO978077;C0023;CS001;490;2024-02-13 00:00:00;2024-02-19 00:00:00;2024-01-13 00:00:00;2024-01-19 00:00:00
2024-01-09 00:00:00;SO506304;C0017;AS005;862;2024-03-05 00:00:00;2024-03-07 00:00:00;2024-01-13 00:00:00;2024-01-15 00:00:00
2024-01-09 00:00:00;SO151706;C0014;AS002;1124;2024-02-13 00:00:00;2024-02-14 00:00:00;2024-01-13 00:00:00;2024-01-14 00:00:00
2024-01-09 00:00:00;SO151706;C0014;CS004;622;2024-02-13 00:00:00;2024-02-16 00:00:00;2024-01-13 00:00:00;2024-01-16 00:00:00
2024-01-09 00:00:00;SO151706;C0014;CL002;597;2024-02-13 00:00:00;2024-02-07 00:00:00;2024-01-13 00:00:00;2024-01-07 00:00:00
2024-01-09 00:00:00;SO506304;C0017;VS002;735;2024-03-05 00:00:00;2024-03-05 00:00:00;2024-01-13 00:00:00;2024-01-13 00:00:00
2024-01-09 00:00:00;SO978077;C0023;CS004;539;2024-02-13 00:00:00;2024-02-15 00:00:00;2024-01-13 00:00:00;2024-01-15 00:00:00
2024-01-09 00:00:00;SO978077;C0023;VS003;690;2024-02-13 00:00:00;2024-02-22 00:00:00;2024-01-13 00:00:00;2024-01-22 00:00:00
2024-01-09 00:00:00;SO506304;C0017;CS003;789;2024-03-05 00:00:00;2024-03-02 00:00:00;2024-01-13 00:00:00;2024-01-10 00:00:00
2024-01-09 00:00:00;SO506304;C0017;CT003;894;2024-03-05 00:00:00;2024-03-06 00:00:00;2024-01-13 00:00:00;2024-01-14 00:00:00
2024-01-10 00:00:00;SO184073;C0014;CT002;692;2024-02-14 00:00:00;2024-02-04 00:00:00;2024-01-14 00:00:00;2024-01-04 00:00:00
2024-01-10 00:00:00;SO853612;C0005;AL002;870;2024-03-06 00:00:00;2024-03-03 00:00:00;2024-01-12 00:00:00;2024-01-09 00:00:00
2024-01-10 00:00:00;SO105889;C0024;CL002;575;2024-02-07 00:00:00;2024-02-16 00:00:00;2024-01-14 00:00:00;2024-01-23 00:00:00
2024-01-10 00:00:00;SO853612;C0005;VS001;580;2024-03-06 00:00:00;2024-03-09 00:00:00;2024-01-12 00:00:00;2024-01-15 00:00:00
2024-01-10 00:00:00;SO853612;C0005;VS005;1295;2024-03-06 00:00:00;2024-02-25 00:00:00;2024-01-12 00:00:00;2024-01-02 00:00:00
2024-01-10 00:00:00;SO184073;C0014;AL001;980;2024-02-14 00:00:00;2024-02-17 00:00:00;2024-01-14 00:00:00;2024-01-17 00:00:00
2024-01-10 00:00:00;SO184073;C0014;AS004;997;2024-02-14 00:00:00;2024-02-06 00:00:00;2024-01-14 00:00:00;2024-01-06 00:00:00
2024-01-10 00:00:00;SO184073;C0014;AS001;880;2024-02-14 00:00:00;2024-02-16 00:00:00;2024-01-14 00:00:00;2024-01-16 00:00:00
2024-01-10 00:00:00;SO853612;C0005;CS002;489;2024-03-06 00:00:00;2024-03-08 00:00:00;2024-01-12 00:00:00;2024-01-14 00:00:00
2024-01-10 00:00:00;SO853612;C0005;CT002;915;2024-03-06 00:00:00;2024-03-06 00:00:00;2024-01-12 00:00:00;2024-01-12 00:00:00
2024-01-10 00:00:00;SO105889;C0024;VS001;592;2024-02-07 00:00:00;2024-02-04 00:00:00;2024-01-14 00:00:00;2024-01-11 00:00:00
2024-01-10 00:00:00;SO105889;C0024;CS002;568;2024-02-07 00:00:00;2024-02-17 00:00:00;2024-01-14 00:00:00;2024-01-24 00:00:00
2024-01-10 00:00:00;SO184073;C0014;CL001;775;2024-02-14 00:00:00;2024-02-16 00:00:00;2024-01-14 00:00:00;2024-01-16 00:00:00
2024-01-10 00:00:00;SO853612;C0005;CS001;1045;2024-03-06 00:00:00;2024-03-13 00:00:00;2024-01-12 00:00:00;2024-01-19 00:00:00
2024-01-10 00:00:00;SO853612;C0005;AL001;574;2024-03-06 00:00:00;2024-03-12 00:00:00;2024-01-12 00:00:00;2024-01-18 00:00:00
2024-01-10 00:00:00;SO105889;C0024;CS004;929;2024-02-07 00:00:00;2024-02-15 00:00:00;2024-01-14 00:00:00;2024-01-22 00:00:00
2024-01-11 00:00:00;SO950495;C0023;VS003;855;2024-02-15 00:00:00;2024-02-11 00:00:00;2024-01-15 00:00:00;2024-01-11 00:00:00
2024-01-11 00:00:00;SO891556;C0002;VS002;716;2024-02-15 00:00:00;2024-02-17 00:00:00;2024-01-13 00:00:00;2024-01-15 00:00:00
2024-01-11 00:00:00;SO891556;C0002;CT001;690;2024-02-15 00:00:00;2024-02-19 00:00:00;2024-01-13 00:00:00;2024-01-17 00:00:00
2024-01-11 00:00:00;SO891556;C0002;AL001;657;2024-02-15 00:00:00;2024-02-25 00:00:00;2024-01-13 00:00:00;2024-01-23 00:00:00
2024-01-11 00:00:00;SO950495;C0023;CT002;857;2024-02-15 00:00:00;2024-02-10 00:00:00;2024-01-15 00:00:00;2024-01-10 00:00:00
2024-01-11 00:00:00;SO891556;C0002;CS001;463;2024-02-15 00:00:00;2024-02-19 00:00:00;2024-01-13 00:00:00;2024-01-17 00:00:00
2024-01-11 00:00:00;SO950495;C0023;CS001;575;2024-02-15 00:00:00;2024-02-17 00:00:00;2024-01-15 00:00:00;2024-01-17 00:00:00
2024-01-11 00:00:00;SO891556;C0002;AS001;1069;2024-02-15 00:00:00;2024-02-08 00:00:00;2024-01-13 00:00:00;2024-01-06 00:00:00
2024-01-11 00:00:00;SO891556;C0002;CS003;386;2024-02-15 00:00:00;2024-02-14 00:00:00;2024-01-13 00:00:00;2024-01-12 00:00:00
2024-01-11 00:00:00;SO950495;C0023;CS004;679;2024-02-15 00:00:00;2024-02-17 00:00:00;2024-01-15 00:00:00;2024-01-17 00:00:00
2024-01-11 00:00:00;SO950495;C0023;CS003;501;2024-02-15 00:00:00;2024-02-13 00:00:00;2024-01-15 00:00:00;2024-01-13 00:00:00
2024-01-11 00:00:00;SO891556;C0002;AT001;958;2024-02-15 00:00:00;2024-02-14 00:00:00;2024-01-13 00:00:00;2024-01-12 00:00:00
2024-01-11 00:00:00;SO950495;C0023;AS001;1241;2024-02-15 00:00:00;2024-02-05 00:00:00;2024-01-15 00:00:00;2024-01-05 00:00:00
2024-01-11 00:00:00;SO891556;C0002;AT002;1131;2024-02-15 00:00:00;2024-02-07 00:00:00;2024-01-13 00:00:00;2024-01-05 00:00:00
2024-01-11 00:00:00;SO950495;C0023;VS002;1001;2024-02-15 00:00:00;2024-02-09 00:00:00;2024-01-15 00:00:00;2024-01-09 00:00:00
2024-01-12 00:00:00;SO606568;C0030;AS002;1131;2024-03-15 00:00:00;2024-03-19 00:00:00;2024-01-20 00:00:00;2024-01-24 00:00:00
2024-01-12 00:00:00;SO782077;C0006;AS001;806;2024-03-15 00:00:00;2024-03-10 00:00:00;2024-01-14 00:00:00;2024-01-09 00:00:00
2024-01-12 00:00:00;SO782077;C0006;CL002;547;2024-03-15 00:00:00;2024-03-18 00:00:00;2024-01-14 00:00:00;2024-01-17 00:00:00
2024-01-12 00:00:00;SO782077;C0006;CS002;768;2024-03-15 00:00:00;2024-03-12 00:00:00;2024-01-14 00:00:00;2024-01-11 00:00:00
2024-01-12 00:00:00;SO782077;C0006;AL001;766;2024-03-15 00:00:00;2024-03-23 00:00:00;2024-01-14 00:00:00;2024-01-22 00:00:00
2024-01-12 00:00:00;SO782077;C0006;AS004;592;2024-03-15 00:00:00;2024-03-21 00:00:00;2024-01-14 00:00:00;2024-01-20 00:00:00
2024-01-12 00:00:00;SO782077;C0006;VS005;574;2024-03-15 00:00:00;2024-03-08 00:00:00;2024-01-14 00:00:00;2024-01-07 00:00:00
2024-01-12 00:00:00;SO606568;C0030;VS002;996;2024-03-15 00:00:00;2024-03-09 00:00:00;2024-01-20 00:00:00;2024-01-14 00:00:00
2024-01-12 00:00:00;SO606568;C0030;AS004;718;2024-03-15 00:00:00;2024-03-24 00:00:00;2024-01-20 00:00:00;2024-01-29 00:00:00
2024-01-12 00:00:00;SO606568;C0030;CL001;299;2024-03-15 00:00:00;2024-03-22 00:00:00;2024-01-20 00:00:00;2024-01-27 00:00:00
2024-01-12 00:00:00;SO606568;C0030;VS005;585;2024-03-15 00:00:00;2024-03-25 00:00:00;2024-01-20 00:00:00;2024-01-30 00:00:00
2024-01-12 00:00:00;SO606568;C0030;CL002;462;2024-03-15 00:00:00;2024-03-16 00:00:00;2024-01-20 00:00:00;2024-01-21 00:00:00
2024-01-12 00:00:00;SO606568;C0030;VS003;784;2024-03-15 00:00:00;2024-03-25 00:00:00;2024-01-20 00:00:00;2024-01-30 00:00:00
2024-01-12 00:00:00;SO782077;C0006;AS005;831;2024-03-15 00:00:00;2024-03-22 00:00:00;2024-01-14 00:00:00;2024-01-21 00:00:00
2024-01-12 00:00:00;SO782077;C0006;CS001;865;2024-03-15 00:00:00;2024-03-12 00:00:00;2024-01-14 00:00:00;2024-01-11 00:00:00
2024-01-12 00:00:00;SO606568;C0030;CS004;1091;2024-03-15 00:00:00;2024-03-23 00:00:00;2024-01-20 00:00:00;2024-01-28 00:00:00
2024-01-12 00:00:00;SO782077;C0006;CS003;1036;2024-03-15 00:00:00;2024-03-06 00:00:00;2024-01-14 00:00:00;2024-01-05 00:00:00
2024-01-15 00:00:00;SO629750;C0030;CL002;912;2024-03-18 00:00:00;2024-03-15 00:00:00;2024-01-23 00:00:00;2024-01-20 00:00:00
2024-01-15 00:00:00;SO651132;C0018;VS005;1034;2024-03-18 00:00:00;2024-03-15 00:00:00;2024-01-19 00:00:00;2024-01-16 00:00:00
2024-01-15 00:00:00;SO651132;C0018;CL002;646;2024-03-18 00:00:00;2024-03-26 00:00:00;2024-01-19 00:00:00;2024-01-27 00:00:00
2024-01-15 00:00:00;SO651132;C0018;CS002;673;2024-03-18 00:00:00;2024-03-21 00:00:00;2024-01-19 00:00:00;2024-01-22 00:00:00
2024-01-15 00:00:00;SO651132;C0018;CT002;684;2024-03-18 00:00:00;2024-03-25 00:00:00;2024-01-19 00:00:00;2024-01-26 00:00:00
2024-01-15 00:00:00;SO651132;C0018;AL002;875;2024-03-18 00:00:00;2024-03-14 00:00:00;2024-01-19 00:00:00;2024-01-15 00:00:00
2024-01-15 00:00:00;SO629750;C0030;AL001;439;2024-03-18 00:00:00;2024-03-24 00:00:00;2024-01-23 00:00:00;2024-01-29 00:00:00
2024-01-15 00:00:00;SO629750;C0030;CS004;355;2024-03-18 00:00:00;2024-03-12 00:00:00;2024-01-23 00:00:00;2024-01-17 00:00:00
2024-01-15 00:00:00;SO651132;C0018;VS002;831;2024-03-18 00:00:00;2024-03-18 00:00:00;2024-01-19 00:00:00;2024-01-19 00:00:00
2024-01-15 00:00:00;SO651132;C0018;VS001;480;2024-03-18 00:00:00;2024-03-10 00:00:00;2024-01-19 00:00:00;2024-01-11 00:00:00
2024-01-15 00:00:00;SO651132;C0018;AS004;1246;2024-03-18 00:00:00;2024-03-22 00:00:00;2024-01-19 00:00:00;2024-01-23 00:00:00
2024-01-15 00:00:00;SO651132;C0018;AS005;990;2024-03-18 00:00:00;2024-03-22 00:00:00;2024-01-19 00:00:00;2024-01-23 00:00:00
2024-01-15 00:00:00;SO629750;C0030;AS005;394;2024-03-18 00:00:00;2024-03-22 00:00:00;2024-01-23 00:00:00;2024-01-27 00:00:00
2024-01-15 00:00:00;SO629750;C0030;VS001;806;2024-03-18 00:00:00;2024-03-12 00:00:00;2024-01-23 00:00:00;2024-01-17 00:00:00
2024-01-15 00:00:00;SO629750;C0030;CT003;624;2024-03-18 00:00:00;2024-03-14 00:00:00;2024-01-23 00:00:00;2024-01-19 00:00:00
2024-01-15 00:00:00;SO651132;C0018;CS004;494;2024-03-18 00:00:00;2024-03-16 00:00:00;2024-01-19 00:00:00;2024-01-17 00:00:00
2024-01-15 00:00:00;SO651132;C0018;CT003;278;2024-03-18 00:00:00;2024-03-26 00:00:00;2024-01-19 00:00:00;2024-01-27 00:00:00
2024-01-15 00:00:00;SO651132;C0018;AT001;468;2024-03-18 00:00:00;2024-03-10 00:00:00;2024-01-19 00:00:00;2024-01-11 00:00:00
2024-01-16 00:00:00;SO775299;C0017;VS003;990;2024-03-12 00:00:00;2024-03-07 00:00:00;2024-01-20 00:00:00;2024-01-15 00:00:00
2024-01-16 00:00:00;SO432256;C0021;VS003;868;2024-01-30 00:00:00;2024-01-25 00:00:00;2024-01-20 00:00:00;2024-01-15 00:00:00
2024-01-16 00:00:00;SO325189;C0006;AL001;823;2024-03-19 00:00:00;2024-03-21 00:00:00;2024-01-18 00:00:00;2024-01-20 00:00:00
2024-01-16 00:00:00;SO432256;C0021;AS002;895;2024-01-30 00:00:00;2024-01-26 00:00:00;2024-01-20 00:00:00;2024-01-16 00:00:00
2024-01-16 00:00:00;SO775299;C0017;CS002;1059;2024-03-12 00:00:00;2024-03-20 00:00:00;2024-01-20 00:00:00;2024-01-28 00:00:00
2024-01-16 00:00:00;SO432256;C0021;AT001;611;2024-01-30 00:00:00;2024-01-27 00:00:00;2024-01-20 00:00:00;2024-01-17 00:00:00
2024-01-16 00:00:00;SO432256;C0021;CL002;755;2024-01-30 00:00:00;2024-01-27 00:00:00;2024-01-20 00:00:00;2024-01-17 00:00:00
2024-01-16 00:00:00;SO325189;C0006;CT003;808;2024-03-19 00:00:00;2024-03-26 00:00:00;2024-01-18 00:00:00;2024-01-25 00:00:00
2024-01-16 00:00:00;SO325189;C0006;CT002;650;2024-03-19 00:00:00;2024-03-23 00:00:00;2024-01-18 00:00:00;2024-01-22 00:00:00
2024-01-16 00:00:00;SO325189;C0006;CL002;745;2024-03-19 00:00:00;2024-03-27 00:00:00;2024-01-18 00:00:00;2024-01-26 00:00:00
2024-01-16 00:00:00;SO325189;C0006;CL001;883;2024-03-19 00:00:00;2024-03-21 00:00:00;2024-01-18 00:00:00;2024-01-20 00:00:00
2024-01-16 00:00:00;SO432256;C0021;AS005;689;2024-01-30 00:00:00;2024-01-30 00:00:00;2024-01-20 00:00:00;2024-01-20 00:00:00
2024-01-16 00:00:00;SO325189;C0006;AS003;343;2024-03-19 00:00:00;2024-03-12 00:00:00;2024-01-18 00:00:00;2024-01-11 00:00:00
2024-01-16 00:00:00;SO432256;C0021;VS002;1109;2024-01-30 00:00:00;2024-01-29 00:00:00;2024-01-20 00:00:00;2024-01-19 00:00:00
2024-01-16 00:00:00;SO432256;C0021;CS002;1067;2024-01-30 00:00:00;2024-02-05 00:00:00;2024-01-20 00:00:00;2024-01-26 00:00:00
2024-01-16 00:00:00;SO432256;C0021;AS001;1182;2024-01-30 00:00:00;2024-01-30 00:00:00;2024-01-20 00:00:00;2024-01-20 00:00:00
2024-01-16 00:00:00;SO325189;C0006;AT001;767;2024-03-19 00:00:00;2024-03-17 00:00:00;2024-01-18 00:00:00;2024-01-16 00:00:00
2024-01-16 00:00:00;SO775299;C0017;AS005;1178;2024-03-12 00:00:00;2024-03-16 00:00:00;2024-01-20 00:00:00;2024-01-24 00:00:00
2024-01-16 00:00:00;SO325189;C0006;CS004;668;2024-03-19 00:00:00;2024-03-26 00:00:00;2024-01-18 00:00:00;2024-01-25 00:00:00
2024-01-16 00:00:00;SO325189;C0006;VS001;904;2024-03-19 00:00:00;2024-03-21 00:00:00;2024-01-18 00:00:00;2024-01-20 00:00:00
2024-01-17 00:00:00;SO774273;C0015;CL001;659;2024-02-28 00:00:00;2024-02-18 00:00:00;2024-01-21 00:00:00;2024-01-11 00:00:00
2024-01-17 00:00:00;SO814253;C0004;AS005;1298;2024-01-31 00:00:00;2024-01-28 00:00:00;2024-01-19 00:00:00;2024-01-16 00:00:00
2024-01-17 00:00:00;SO814253;C0004;AS004;295;2024-01-31 00:00:00;2024-01-25 00:00:00;2024-01-19 00:00:00;2024-01-13 00:00:00
2024-01-17 00:00:00;SO814253;C0004;CS004;1282;2024-01-31 00:00:00;2024-01-23 00:00:00;2024-01-19 00:00:00;2024-01-11 00:00:00
2024-01-17 00:00:00;SO814253;C0004;AT001;780;2024-01-31 00:00:00;2024-01-26 00:00:00;2024-01-19 00:00:00;2024-01-14 00:00:00
2024-01-17 00:00:00;SO814253;C0004;AS002;640;2024-01-31 00:00:00;2024-01-23 00:00:00;2024-01-19 00:00:00;2024-01-11 00:00:00
2024-01-17 00:00:00;SO774273;C0015;AS003;408;2024-02-28 00:00:00;2024-02-25 00:00:00;2024-01-21 00:00:00;2024-01-18 00:00:00
2024-01-17 00:00:00;SO814253;C0004;VS005;475;2024-01-31 00:00:00;2024-01-23 00:00:00;2024-01-19 00:00:00;2024-01-11 00:00:00
2024-01-17 00:00:00;SO814253;C0004;CS001;836;2024-01-31 00:00:00;2024-02-05 00:00:00;2024-01-19 00:00:00;2024-01-24 00:00:00
2024-01-17 00:00:00;SO774273;C0015;AL002;662;2024-02-28 00:00:00;2024-03-03 00:00:00;2024-01-21 00:00:00;2024-01-25 00:00:00
2024-01-17 00:00:00;SO774273;C0015;VS005;790;2024-02-28 00:00:00;2024-02-27 00:00:00;2024-01-21 00:00:00;2024-01-20 00:00:00
2024-01-17 00:00:00;SO774273;C0015;CS001;484;2024-02-28 00:00:00;2024-02-26 00:00:00;2024-01-21 00:00:00;2024-01-19 00:00:00
2024-01-17 00:00:00;SO774273;C0015;CS003;549;2024-02-28 00:00:00;2024-02-19 00:00:00;2024-01-21 00:00:00;2024-01-12 00:00:00
2024-01-17 00:00:00;SO774273;C0015;CS002;362;2024-02-28 00:00:00;2024-03-09 00:00:00;2024-01-21 00:00:00;2024-01-31 00:00:00
2024-01-17 00:00:00;SO814253;C0004;AS003;586;2024-01-31 00:00:00;2024-01-26 00:00:00;2024-01-19 00:00:00;2024-01-14 00:00:00
2024-01-17 00:00:00;SO774273;C0015;AS004;495;2024-02-28 00:00:00;2024-03-05 00:00:00;2024-01-21 00:00:00;2024-01-27 00:00:00
2024-01-17 00:00:00;SO774273;C0015;AT002;890;2024-02-28 00:00:00;2024-02-27 00:00:00;2024-01-21 00:00:00;2024-01-20 00:00:00
2024-01-17 00:00:00;SO774273;C0015;CT002;483;2024-02-28 00:00:00;2024-02-21 00:00:00;2024-01-21 00:00:00;2024-01-14 00:00:00
2024-01-18 00:00:00;SO957829;C0022;VS003;1087;2024-02-29 00:00:00;2024-03-10 00:00:00;2024-01-22 00:00:00;2024-02-01 00:00:00
2024-01-18 00:00:00;SO841759;C0002;VS001;1043;2024-02-22 00:00:00;2024-03-02 00:00:00;2024-01-20 00:00:00;2024-01-29 00:00:00
2024-01-18 00:00:00;SO957829;C0022;AT001;1388;2024-02-29 00:00:00;2024-03-02 00:00:00;2024-01-22 00:00:00;2024-01-24 00:00:00
2024-01-18 00:00:00;SO957829;C0022;AS005;661;2024-02-29 00:00:00;2024-02-26 00:00:00;2024-01-22 00:00:00;2024-01-19 00:00:00
2024-01-18 00:00:00;SO957829;C0022;AS002;922;2024-02-29 00:00:00;2024-02-27 00:00:00;2024-01-22 00:00:00;2024-01-20 00:00:00
2024-01-18 00:00:00;SO957829;C0022;AS003;596;2024-02-29 00:00:00;2024-03-05 00:00:00;2024-01-22 00:00:00;2024-01-27 00:00:00
2024-01-18 00:00:00;SO841759;C0002;AS001;711;2024-02-22 00:00:00;2024-02-17 00:00:00;2024-01-20 00:00:00;2024-01-15 00:00:00
2024-01-18 00:00:00;SO841759;C0002;AT002;964;2024-02-22 00:00:00;2024-02-16 00:00:00;2024-01-20 00:00:00;2024-01-14 00:00:00
2024-01-18 00:00:00;SO957829;C0022;CS002;1047;2024-02-29 00:00:00;2024-02-22 00:00:00;2024-01-22 00:00:00;2024-01-15 00:00:00
2024-01-18 00:00:00;SO957829;C0022;VS005;491;2024-02-29 00:00:00;2024-02-28 00:00:00;2024-01-22 00:00:00;2024-01-21 00:00:00
2024-01-18 00:00:00;SO957829;C0022;VS001;1003;2024-02-29 00:00:00;2024-03-10 00:00:00;2024-01-22 00:00:00;2024-02-01 00:00:00
2024-01-18 00:00:00;SO841759;C0002;AS002;1051;2024-02-22 00:00:00;2024-02-13 00:00:00;2024-01-20 00:00:00;2024-01-11 00:00:00
2024-01-18 00:00:00;SO841759;C0002;CT002;1084;2024-02-22 00:00:00;2024-02-22 00:00:00;2024-01-20 00:00:00;2024-01-20 00:00:00
2024-01-18 00:00:00;SO957829;C0022;CL002;789;2024-02-29 00:00:00;2024-02-23 00:00:00;2024-01-22 00:00:00;2024-01-16 00:00:00
2024-01-18 00:00:00;SO841759;C0002;CS001;1034;2024-02-22 00:00:00;2024-03-03 00:00:00;2024-01-20 00:00:00;2024-01-30 00:00:00
2024-01-18 00:00:00;SO957829;C0022;CS004;471;2024-02-29 00:00:00;2024-03-01 00:00:00;2024-01-22 00:00:00;2024-01-23 00:00:00
2024-01-18 00:00:00;SO957829;C0022;AL001;937;2024-02-29 00:00:00;2024-03-01 00:00:00;2024-01-22 00:00:00;2024-01-23 00:00:00
2024-01-18 00:00:00;SO957829;C0022;CS003;772;2024-02-29 00:00:00;2024-03-05 00:00:00;2024-01-22 00:00:00;2024-01-27 00:00:00
2024-01-18 00:00:00;SO957829;C0022;AT002;674;2024-02-29 00:00:00;2024-02-20 00:00:00;2024-01-22 00:00:00;2024-01-13 00:00:00
2024-01-19 00:00:00;SO920663;C0020;AT001;763;2024-03-15 00:00:00;2024-03-08 00:00:00;2024-01-23 00:00:00;2024-01-16 00:00:00
2024-01-19 00:00:00;SO750563;C0028;AL001;1140;2024-02-02 00:00:00;2024-01-31 00:00:00;2024-01-27 00:00:00;2024-01-25 00:00:00
2024-01-19 00:00:00;SO974061;C0009;VS001;429;2024-02-02 00:00:00;2024-02-05 00:00:00;2024-01-22 00:00:00;2024-01-25 00:00:00
2024-01-19 00:00:00;SO347998;C0008;CS002;351;2024-03-15 00:00:00;2024-03-24 00:00:00;2024-01-22 00:00:00;2024-01-31 00:00:00
2024-01-19 00:00:00;SO347998;C0008;AS005;581;2024-03-15 00:00:00;2024-03-05 00:00:00;2024-01-22 00:00:00;2024-01-12 00:00:00
2024-01-19 00:00:00;SO920663;C0020;AS002;751;2024-03-15 00:00:00;2024-03-15 00:00:00;2024-01-23 00:00:00;2024-01-23 00:00:00
2024-01-19 00:00:00;SO347998;C0008;VS003;1065;2024-03-15 00:00:00;2024-03-18 00:00:00;2024-01-22 00:00:00;2024-01-25 00:00:00
2024-01-19 00:00:00;SO974061;C0009;VS003;817;2024-02-02 00:00:00;2024-02-06 00:00:00;2024-01-22 00:00:00;2024-01-26 00:00:00
2024-01-19 00:00:00;SO974061;C0009;AS002;1067;2024-02-02 00:00:00;2024-02-10 00:00:00;2024-01-22 00:00:00;2024-01-30 00:00:00
2024-01-19 00:00:00;SO347998;C0008;AT001;902;2024-03-15 00:00:00;2024-03-07 00:00:00;2024-01-22 00:00:00;2024-01-14 00:00:00
2024-01-19 00:00:00;SO974061;C0009;CS002;989;2024-02-02 00:00:00;2024-02-08 00:00:00;2024-01-22 00:00:00;2024-01-28 00:00:00
2024-01-19 00:00:00;SO920663;C0020;CT002;802;2024-03-15 00:00:00;2024-03-10 00:00:00;2024-01-23 00:00:00;2024-01-18 00:00:00
2024-01-19 00:00:00;SO750563;C0028;CS002;1238;2024-02-02 00:00:00;2024-02-07 00:00:00;2024-01-27 00:00:00;2024-02-01 00:00:00
2024-01-19 00:00:00;SO974061;C0009;AL001;954;2024-02-02 00:00:00;2024-02-12 00:00:00;2024-01-22 00:00:00;2024-02-01 00:00:00
2024-01-19 00:00:00;SO974061;C0009;AS005;491;2024-02-02 00:00:00;2024-02-01 00:00:00;2024-01-22 00:00:00;2024-01-21 00:00:00
2024-01-22 00:00:00;SO884510;C0001;CS002;502;2024-02-19 00:00:00;2024-02-16 00:00:00;2024-01-24 00:00:00;2024-01-21 00:00:00
2024-01-22 00:00:00;SO136241;C0026;CL001;1173;2024-02-26 00:00:00;2024-03-04 00:00:00;2024-01-30 00:00:00;2024-02-06 00:00:00
2024-01-22 00:00:00;SO377623;C0030;AS002;460;2024-03-25 00:00:00;2024-03-18 00:00:00;2024-01-30 00:00:00;2024-01-23 00:00:00
2024-01-22 00:00:00;SO377623;C0030;VS003;940;2024-03-25 00:00:00;2024-03-20 00:00:00;2024-01-30 00:00:00;2024-01-25 00:00:00
2024-01-22 00:00:00;SO884510;C0001;AT001;856;2024-02-19 00:00:00;2024-02-18 00:00:00;2024-01-24 00:00:00;2024-01-23 00:00:00
2024-01-22 00:00:00;SO884510;C0001;CL001;1087;2024-02-19 00:00:00;2024-02-19 00:00:00;2024-01-24 00:00:00;2024-01-24 00:00:00
2024-01-22 00:00:00;SO377623;C0030;AS004;442;2024-03-25 00:00:00;2024-03-28 00:00:00;2024-01-30 00:00:00;2024-02-02 00:00:00
2024-01-22 00:00:00;SO136241;C0026;AS004;514;2024-02-26 00:00:00;2024-02-26 00:00:00;2024-01-30 00:00:00;2024-01-30 00:00:00
2024-01-22 00:00:00;SO884510;C0001;VS003;954;2024-02-19 00:00:00;2024-02-17 00:00:00;2024-01-24 00:00:00;2024-01-22 00:00:00
2024-01-22 00:00:00;SO884510;C0001;VS002;909;2024-02-19 00:00:00;2024-02-28 00:00:00;2024-01-24 00:00:00;2024-02-02 00:00:00
2024-01-22 00:00:00;SO377623;C0030;VS005;539;2024-03-25 00:00:00;2024-03-21 00:00:00;2024-01-30 00:00:00;2024-01-26 00:00:00
2024-01-22 00:00:00;SO377623;C0030;CT002;638;2024-03-25 00:00:00;2024-03-28 00:00:00;2024-01-30 00:00:00;2024-02-02 00:00:00
2024-01-22 00:00:00;SO884510;C0001;AS005;802;2024-02-19 00:00:00;2024-02-19 00:00:00;2024-01-24 00:00:00;2024-01-24 00:00:00
2024-01-22 00:00:00;SO377623;C0030;AS003;991;2024-03-25 00:00:00;2024-03-16 00:00:00;2024-01-30 00:00:00;2024-01-21 00:00:00
2024-01-22 00:00:00;SO884510;C0001;AT002;759;2024-02-19 00:00:00;2024-02-09 00:00:00;2024-01-24 00:00:00;2024-01-14 00:00:00
2024-01-22 00:00:00;SO884510;C0001;AS004;983;2024-02-19 00:00:00;2024-02-17 00:00:00;2024-01-24 00:00:00;2024-01-22 00:00:00
2024-01-23 00:00:00;SO662939;C0022;CL002;609;2024-03-05 00:00:00;2024-03-01 00:00:00;2024-01-27 00:00:00;2024-01-23 00:00:00
2024-01-23 00:00:00;SO384335;C0012;AT002;311;2024-02-20 00:00:00;2024-03-01 00:00:00;2024-01-26 00:00:00;2024-02-05 00:00:00
2024-01-23 00:00:00;SO572814;C0004;CT001;595;2024-02-06 00:00:00;2024-01-27 00:00:00;2024-01-25 00:00:00;2024-01-15 00:00:00
2024-01-23 00:00:00;SO662939;C0022;VS005;987;2024-03-05 00:00:00;2024-02-26 00:00:00;2024-01-27 00:00:00;2024-01-19 00:00:00
2024-01-23 00:00:00;SO384335;C0012;CT001;887;2024-02-20 00:00:00;2024-02-28 00:00:00;2024-01-26 00:00:00;2024-02-03 00:00:00
2024-01-23 00:00:00;SO662939;C0022;CT003;527;2024-03-05 00:00:00;2024-03-08 00:00:00;2024-01-27 00:00:00;2024-01-30 00:00:00
2024-01-23 00:00:00;SO572814;C0004;CS001;1154;2024-02-06 00:00:00;2024-01-27 00:00:00;2024-01-25 00:00:00;2024-01-15 00:00:00
2024-01-23 00:00:00;SO572814;C0004;AS001;1157;2024-02-06 00:00:00;2024-02-01 00:00:00;2024-01-25 00:00:00;2024-01-20 00:00:00
2024-01-23 00:00:00;SO572814;C0004;AS002;924;2024-02-06 00:00:00;2024-02-02 00:00:00;2024-01-25 00:00:00;2024-01-21 00:00:00
2024-01-23 00:00:00;SO662939;C0022;CS003;885;2024-03-05 00:00:00;2024-03-08 00:00:00;2024-01-27 00:00:00;2024-01-30 00:00:00
2024-01-23 00:00:00;SO662939;C0022;CS001;635;2024-03-05 00:00:00;2024-02-25 00:00:00;2024-01-27 00:00:00;2024-01-18 00:00:00
2024-01-23 00:00:00;SO572814;C0004;CL002;611;2024-02-06 00:00:00;2024-02-03 00:00:00;2024-01-25 00:00:00;2024-01-22 00:00:00
2024-01-23 00:00:00;SO384335;C0012;AS004;538;2024-02-20 00:00:00;2024-02-15 00:00:00;2024-01-26 00:00:00;2024-01-21 00:00:00
2024-01-23 00:00:00;SO384335;C0012;AS002;497;2024-02-20 00:00:00;2024-02-21 00:00:00;2024-01-26 00:00:00;2024-01-27 00:00:00
2024-01-23 00:00:00;SO384335;C0012;VS005;1071;2024-02-20 00:00:00;2024-02-24 00:00:00;2024-01-26 00:00:00;2024-01-30 00:00:00
2024-01-24 00:00:00;SO123948;C0001;CT003;544;2024-02-21 00:00:00;2024-02-20 00:00:00;2024-01-26 00:00:00;2024-01-25 00:00:00
2024-01-24 00:00:00;SO188734;C0003;CT002;752;2024-03-06 00:00:00;2024-03-11 00:00:00;2024-01-26 00:00:00;2024-01-31 00:00:00
2024-01-24 00:00:00;SO933903;C0013;CL001;1026;2024-02-21 00:00:00;2024-02-27 00:00:00;2024-01-28 00:00:00;2024-02-03 00:00:00
2024-01-24 00:00:00;SO396941;C0020;AS003;1126;2024-03-20 00:00:00;2024-03-23 00:00:00;2024-01-28 00:00:00;2024-01-31 00:00:00
2024-01-24 00:00:00;SO396941;C0020;AT002;468;2024-03-20 00:00:00;2024-03-28 00:00:00;2024-01-28 00:00:00;2024-02-05 00:00:00
2024-01-24 00:00:00;SO933903;C0013;AT002;1030;2024-02-21 00:00:00;2024-02-27 00:00:00;2024-01-28 00:00:00;2024-02-03 00:00:00
2024-01-24 00:00:00;SO396941;C0020;CT003;461;2024-03-20 00:00:00;2024-03-17 00:00:00;2024-01-28 00:00:00;2024-01-25 00:00:00
2024-01-24 00:00:00;SO396941;C0020;CS004;698;2024-03-20 00:00:00;2024-03-17 00:00:00;2024-01-28 00:00:00;2024-01-25 00:00:00
2024-01-24 00:00:00;SO188734;C0003;AS003;1387;2024-03-06 00:00:00;2024-03-14 00:00:00;2024-01-26 00:00:00;2024-02-03 00:00:00
2024-01-24 00:00:00;SO396941;C0020;CS002;745;2024-03-20 00:00:00;2024-03-25 00:00:00;2024-01-28 00:00:00;2024-02-02 00:00:00
2024-01-24 00:00:00;SO396941;C0020;AL002;818;2024-03-20 00:00:00;2024-03-19 00:00:00;2024-01-28 00:00:00;2024-01-27 00:00:00
2024-01-24 00:00:00;SO396941;C0020;CL001;878;2024-03-20 00:00:00;2024-03-27 00:00:00;2024-01-28 00:00:00;2024-02-04 00:00:00
2024-01-24 00:00:00;SO933903;C0013;AS005;987;2024-02-21 00:00:00;2024-02-27 00:00:00;2024-01-28 00:00:00;2024-02-03 00:00:00
2024-01-24 00:00:00;SO396941;C0020;CS001;1097;2024-03-20 00:00:00;2024-03-23 00:00:00;2024-01-28 00:00:00;2024-01-31 00:00:00
2024-01-24 00:00:00;SO123948;C0001;AL002;931;2024-02-21 00:00:00;2024-02-16 00:00:00;2024-01-26 00:00:00;2024-01-21 00:00:00
2024-01-24 00:00:00;SO123948;C0001;AS002;1071;2024-02-21 00:00:00;2024-02-28 00:00:00;2024-01-26 00:00:00;2024-02-02 00:00:00
2024-01-25 00:00:00;SO427341;C0023;VS001;333;2024-02-29 00:00:00;2024-03-02 00:00:00;2024-01-29 00:00:00;2024-01-31 00:00:00
2024-01-25 00:00:00;SO480402;C0026;AS003;918;2024-02-29 00:00:00;2024-02-26 00:00:00;2024-02-02 00:00:00;2024-01-30 00:00:00
2024-01-25 00:00:00;SO427341;C0023;AL001;881;2024-02-29 00:00:00;2024-02-26 00:00:00;2024-01-29 00:00:00;2024-01-26 00:00:00
2024-01-25 00:00:00;SO427341;C0023;CT001;1013;2024-02-29 00:00:00;2024-03-04 00:00:00;2024-01-29 00:00:00;2024-02-02 00:00:00
2024-01-25 00:00:00;SO427341;C0023;AS005;746;2024-02-29 00:00:00;2024-02-19 00:00:00;2024-01-29 00:00:00;2024-01-19 00:00:00
2024-01-25 00:00:00;SO480402;C0026;VS002;748;2024-02-29 00:00:00;2024-03-04 00:00:00;2024-02-02 00:00:00;2024-02-06 00:00:00
2024-01-25 00:00:00;SO427341;C0023;AT002;568;2024-02-29 00:00:00;2024-03-01 00:00:00;2024-01-29 00:00:00;2024-01-30 00:00:00
2024-01-25 00:00:00;SO480402;C0026;AS002;680;2024-02-29 00:00:00;2024-03-10 00:00:00;2024-02-02 00:00:00;2024-02-12 00:00:00
2024-01-25 00:00:00;SO480402;C0026;AS001;1215;2024-02-29 00:00:00;2024-02-24 00:00:00;2024-02-02 00:00:00;2024-01-28 00:00:00
2024-01-25 00:00:00;SO480402;C0026;CT002;773;2024-02-29 00:00:00;2024-02-19 00:00:00;2024-02-02 00:00:00;2024-01-23 00:00:00
2024-01-25 00:00:00;SO480402;C0026;VS001;551;2024-02-29 00:00:00;2024-02-21 00:00:00;2024-02-02 00:00:00;2024-01-25 00:00:00
2024-01-25 00:00:00;SO480402;C0026;AT001;874;2024-02-29 00:00:00;2024-02-19 00:00:00;2024-02-02 00:00:00;2024-01-23 00:00:00
2024-01-26 00:00:00;SO666159;C0004;CL001;787;2024-02-09 00:00:00;2024-02-06 00:00:00;2024-01-28 00:00:00;2024-01-25 00:00:00
2024-01-26 00:00:00;SO310933;C0003;AS003;338;2024-03-08 00:00:00;2024-03-13 00:00:00;2024-01-28 00:00:00;2024-02-02 00:00:00
2024-01-26 00:00:00;SO310933;C0003;VS001;1121;2024-03-08 00:00:00;2024-02-27 00:00:00;2024-01-28 00:00:00;2024-01-18 00:00:00
2024-01-26 00:00:00;SO666159;C0004;AS003;951;2024-02-09 00:00:00;2024-02-15 00:00:00;2024-01-28 00:00:00;2024-02-03 00:00:00
2024-01-26 00:00:00;SO310933;C0003;AT001;1097;2024-03-08 00:00:00;2024-03-07 00:00:00;2024-01-28 00:00:00;2024-01-27 00:00:00
2024-01-26 00:00:00;SO666159;C0004;CT001;447;2024-02-09 00:00:00;2024-02-04 00:00:00;2024-01-28 00:00:00;2024-01-23 00:00:00
2024-01-26 00:00:00;SO666159;C0004;CL002;486;2024-02-09 00:00:00;2024-02-16 00:00:00;2024-01-28 00:00:00;2024-02-04 00:00:00
2024-01-26 00:00:00;SO310933;C0003;VS002;1241;2024-03-08 00:00:00;2024-03-12 00:00:00;2024-01-28 00:00:00;2024-02-01 00:00:00
2024-01-26 00:00:00;SO310933;C0003;CL001;310;2024-03-08 00:00:00;2024-03-02 00:00:00;2024-01-28 00:00:00;2024-01-22 00:00:00
2024-01-26 00:00:00;SO666159;C0004;AL002;813;2024-02-09 00:00:00;2024-02-03 00:00:00;2024-01-28 00:00:00;2024-01-22 00:00:00
2024-01-26 00:00:00;SO310933;C0003;AS005;319;2024-03-08 00:00:00;2024-03-17 00:00:00;2024-01-28 00:00:00;2024-02-06 00:00:00
2024-01-26 00:00:00;SO666159;C0004;VS003;851;2024-02-09 00:00:00;2024-01-30 00:00:00;2024-01-28 00:00:00;2024-01-18 00:00:00
2024-01-26 00:00:00;SO666159;C0004;AS001;483;2024-02-09 00:00:00;2024-02-11 00:00:00;2024-01-28 00:00:00;2024-01-30 00:00:00
2024-01-26 00:00:00;SO666159;C0004;AS004;750;2024-02-09 00:00:00;2024-02-18 00:00:00;2024-01-28 00:00:00;2024-02-06 00:00:00
2024-01-26 00:00:00;SO310933;C0003;CS004;1212;2024-03-08 00:00:00;2024-02-29 00:00:00;2024-01-28 00:00:00;2024-01-20 00:00:00
2024-01-29 00:00:00;SO467356;C0024;AL001;1042;2024-02-26 00:00:00;2024-02-27 00:00:00;2024-02-02 00:00:00;2024-02-03 00:00:00
2024-01-29 00:00:00;SO170951;C0019;CT001;989;2024-04-01 00:00:00;2024-04-01 00:00:00;2024-02-02 00:00:00;2024-02-02 00:00:00
2024-01-29 00:00:00;SO918792;C0010;AS004;719;2024-03-11 00:00:00;2024-03-07 00:00:00;2024-02-01 00:00:00;2024-01-28 00:00:00
2024-01-29 00:00:00;SO918792;C0010;AL001;1062;2024-03-11 00:00:00;2024-03-09 00:00:00;2024-02-01 00:00:00;2024-01-30 00:00:00
2024-01-29 00:00:00;SO170951;C0019;CS003;1281;2024-04-01 00:00:00;2024-03-22 00:00:00;2024-02-02 00:00:00;2024-01-23 00:00:00
2024-01-29 00:00:00;SO467356;C0024;VS003;855;2024-02-26 00:00:00;2024-02-27 00:00:00;2024-02-02 00:00:00;2024-02-03 00:00:00
2024-01-29 00:00:00;SO467356;C0024;CS004;605;2024-02-26 00:00:00;2024-02-16 00:00:00;2024-02-02 00:00:00;2024-01-23 00:00:00
2024-01-29 00:00:00;SO918792;C0010;AT002;734;2024-03-11 00:00:00;2024-03-11 00:00:00;2024-02-01 00:00:00;2024-02-01 00:00:00
2024-01-29 00:00:00;SO467356;C0024;CL001;444;2024-02-26 00:00:00;2024-02-22 00:00:00;2024-02-02 00:00:00;2024-01-29 00:00:00
2024-01-29 00:00:00;SO170951;C0019;CS002;1092;2024-04-01 00:00:00;2024-03-29 00:00:00;2024-02-02 00:00:00;2024-01-30 00:00:00
2024-01-29 00:00:00;SO170951;C0019;AS002;403;2024-04-01 00:00:00;2024-04-08 00:00:00;2024-02-02 00:00:00;2024-02-09 00:00:00
2024-01-29 00:00:00;SO170951;C0019;AT001;895;2024-04-01 00:00:00;2024-04-08 00:00:00;2024-02-02 00:00:00;2024-02-09 00:00:00
2024-01-29 00:00:00;SO918792;C0010;VS005;993;2024-03-11 00:00:00;2024-03-03 00:00:00;2024-02-01 00:00:00;2024-01-24 00:00:00
2024-01-29 00:00:00;SO467356;C0024;VS002;805;2024-02-26 00:00:00;2024-02-28 00:00:00;2024-02-02 00:00:00;2024-02-04 00:00:00
2024-01-29 00:00:00;SO467356;C0024;AS004;876;2024-02-26 00:00:00;2024-03-07 00:00:00;2024-02-02 00:00:00;2024-02-12 00:00:00
2024-01-29 00:00:00;SO467356;C0024;CL002;874;2024-02-26 00:00:00;2024-03-02 00:00:00;2024-02-02 00:00:00;2024-02-07 00:00:00
2024-01-29 00:00:00;SO918792;C0010;CT001;477;2024-03-11 00:00:00;2024-03-08 00:00:00;2024-02-01 00:00:00;2024-01-29 00:00:00
2024-01-29 00:00:00;SO467356;C0024;AT001;590;2024-02-26 00:00:00;2024-02-28 00:00:00;2024-02-02 00:00:00;2024-02-04 00:00:00
2024-01-30 00:00:00;SO959500;C0016;CT003;617;2024-02-13 00:00:00;2024-02-07 00:00:00;2024-02-03 00:00:00;2024-01-28 00:00:00
2024-01-30 00:00:00;SO649618;C0028;VS005;996;2024-02-13 00:00:00;2024-02-18 00:00:00;2024-02-07 00:00:00;2024-02-12 00:00:00
2024-01-30 00:00:00;SO649618;C0028;AS001;1051;2024-02-13 00:00:00;2024-02-06 00:00:00;2024-02-07 00:00:00;2024-01-31 00:00:00
2024-01-30 00:00:00;SO649618;C0028;CS003;901;2024-02-13 00:00:00;2024-02-09 00:00:00;2024-02-07 00:00:00;2024-02-03 00:00:00
2024-01-30 00:00:00;SO649618;C0028;VS001;1326;2024-02-13 00:00:00;2024-02-10 00:00:00;2024-02-07 00:00:00;2024-02-04 00:00:00
2024-01-30 00:00:00;SO959500;C0016;AS004;540;2024-02-13 00:00:00;2024-02-09 00:00:00;2024-02-03 00:00:00;2024-01-30 00:00:00
2024-01-30 00:00:00;SO649618;C0028;CL002;1128;2024-02-13 00:00:00;2024-02-12 00:00:00;2024-02-07 00:00:00;2024-02-06 00:00:00
2024-01-30 00:00:00;SO649618;C0028;CS002;1023;2024-02-13 00:00:00;2024-02-22 00:00:00;2024-02-07 00:00:00;2024-02-16 00:00:00
2024-01-30 00:00:00;SO649618;C0028;AS004;813;2024-02-13 00:00:00;2024-02-07 00:00:00;2024-02-07 00:00:00;2024-02-01 00:00:00
2024-01-30 00:00:00;SO649618;C0028;AT001;772;2024-02-13 00:00:00;2024-02-15 00:00:00;2024-02-07 00:00:00;2024-02-09 00:00:00
2024-01-30 00:00:00;SO959500;C0016;AT002;450;2024-02-13 00:00:00;2024-02-22 00:00:00;2024-02-03 00:00:00;2024-02-12 00:00:00
2024-01-30 00:00:00;SO959500;C0016;VS001;1076;2024-02-13 00:00:00;2024-02-11 00:00:00;2024-02-03 00:00:00;2024-02-01 00:00:00
2024-01-30 00:00:00;SO649618;C0028;AL002;825;2024-02-13 00:00:00;2024-02-18 00:00:00;2024-02-07 00:00:00;2024-02-12 00:00:00
2024-01-30 00:00:00;SO649618;C0028;AT002;778;2024-02-13 00:00:00;2024-02-11 00:00:00;2024-02-07 00:00:00;2024-02-05 00:00:00
2024-01-30 00:00:00;SO649618;C0028;CT001;566;2024-02-13 00:00:00;2024-02-13 00:00:00;2024-02-07 00:00:00;2024-02-07 00:00:00
2024-01-30 00:00:00;SO959500;C0016;AS002;1338;2024-02-13 00:00:00;2024-02-07 00:00:00;2024-02-03 00:00:00;2024-01-28 00:00:00
2024-01-30 00:00:00;SO649618;C0028;CL001;1209;2024-02-13 00:00:00;2024-02-23 00:00:00;2024-02-07 00:00:00;2024-02-17 00:00:00
2024-01-30 00:00:00;SO959500;C0016;CL002;518;2024-02-13 00:00:00;2024-02-13 00:00:00;2024-02-03 00:00:00;2024-02-03 00:00:00
2024-01-30 00:00:00;SO649618;C0028;VS003;388;2024-02-13 00:00:00;2024-02-05 00:00:00;2024-02-07 00:00:00;2024-01-30 00:00:00
2024-01-31 00:00:00;SO292523;C0004;VS003;553;2024-02-14 00:00:00;2024-02-15 00:00:00;2024-02-02 00:00:00;2024-02-03 00:00:00
2024-01-31 00:00:00;SO879230;C0016;AS003;434;2024-02-14 00:00:00;2024-02-08 00:00:00;2024-02-04 00:00:00;2024-01-29 00:00:00
2024-01-31 00:00:00;SO812698;C0013;AS003;664;2024-02-28 00:00:00;2024-02-28 00:00:00;2024-02-04 00:00:00;2024-02-04 00:00:00
2024-01-31 00:00:00;SO292523;C0004;AL001;600;2024-02-14 00:00:00;2024-02-13 00:00:00;2024-02-02 00:00:00;2024-02-01 00:00:00
2024-01-31 00:00:00;SO292523;C0004;VS005;1169;2024-02-14 00:00:00;2024-02-06 00:00:00;2024-02-02 00:00:00;2024-01-25 00:00:00
2024-01-31 00:00:00;SO812698;C0013;VS001;701;2024-02-28 00:00:00;2024-03-08 00:00:00;2024-02-04 00:00:00;2024-02-13 00:00:00
2024-01-31 00:00:00;SO292523;C0004;AS002;904;2024-02-14 00:00:00;2024-02-17 00:00:00;2024-02-02 00:00:00;2024-02-05 00:00:00
2024-01-31 00:00:00;SO879230;C0016;CT002;987;2024-02-14 00:00:00;2024-02-21 00:00:00;2024-02-04 00:00:00;2024-02-11 00:00:00
2024-01-31 00:00:00;SO812698;C0013;CT003;790;2024-02-28 00:00:00;2024-03-05 00:00:00;2024-02-04 00:00:00;2024-02-10 00:00:00
2024-01-31 00:00:00;SO879230;C0016;CT001;794;2024-02-14 00:00:00;2024-02-14 00:00:00;2024-02-04 00:00:00;2024-02-04 00:00:00
2024-01-31 00:00:00;SO812698;C0013;AS001;1159;2024-02-28 00:00:00;2024-02-28 00:00:00;2024-02-04 00:00:00;2024-02-04 00:00:00
2024-01-31 00:00:00;SO879230;C0016;AT002;952;2024-02-14 00:00:00;2024-02-11 00:00:00;2024-02-04 00:00:00;2024-02-01 00:00:00
2024-01-31 00:00:00;SO879230;C0016;AL002;540;2024-02-14 00:00:00;2024-02-18 00:00:00;2024-02-04 00:00:00;2024-02-08 00:00:00
2024-02-01 00:00:00;SO645273;C0006;AS004;1115;2024-04-04 00:00:00;2024-04-07 00:00:00;2024-02-03 00:00:00;2024-02-06 00:00:00
2024-02-01 00:00:00;SO914316;C0011;CS004;917;2024-03-07 00:00:00;2024-02-28 00:00:00;2024-02-04 00:00:00;2024-01-27 00:00:00
2024-02-01 00:00:00;SO160826;C0009;AS001;776;2024-02-15 00:00:00;2024-02-13 00:00:00;2024-02-04 00:00:00;2024-02-02 00:00:00
2024-02-01 00:00:00;SO645273;C0006;AT002;436;2024-04-04 00:00:00;2024-04-11 00:00:00;2024-02-03 00:00:00;2024-02-10 00:00:00
2024-02-01 00:00:00;SO160826;C0009;AL002;786;2024-02-15 00:00:00;2024-02-24 00:00:00;2024-02-04 00:00:00;2024-02-13 00:00:00
2024-02-01 00:00:00;SO914316;C0011;CS002;774;2024-03-07 00:00:00;2024-02-29 00:00:00;2024-02-04 00:00:00;2024-01-28 00:00:00
2024-02-01 00:00:00;SO914316;C0011;CT002;360;2024-03-07 00:00:00;2024-02-26 00:00:00;2024-02-04 00:00:00;2024-01-25 00:00:00
2024-02-01 00:00:00;SO160826;C0009;VS002;513;2024-02-15 00:00:00;2024-02-16 00:00:00;2024-02-04 00:00:00;2024-02-05 00:00:00
2024-02-01 00:00:00;SO914316;C0011;AL002;1029;2024-03-07 00:00:00;2024-03-03 00:00:00;2024-02-04 00:00:00;2024-01-31 00:00:00
2024-02-01 00:00:00;SO160826;C0009;AT002;870;2024-02-15 00:00:00;2024-02-11 00:00:00;2024-02-04 00:00:00;2024-01-31 00:00:00
2024-02-01 00:00:00;SO645273;C0006;CT003;1070;2024-04-04 00:00:00;2024-03-27 00:00:00;2024-02-03 00:00:00;2024-01-26 00:00:00
2024-02-01 00:00:00;SO914316;C0011;VS001;939;2024-03-07 00:00:00;2024-03-17 00:00:00;2024-02-04 00:00:00;2024-02-14 00:00:00
2024-02-01 00:00:00;SO160826;C0009;CS002;954;2024-02-15 00:00:00;2024-02-22 00:00:00;2024-02-04 00:00:00;2024-02-11 00:00:00
2024-02-01 00:00:00;SO160826;C0009;AL001;1132;2024-02-15 00:00:00;2024-02-06 00:00:00;2024-02-04 00:00:00;2024-01-26 00:00:00
2024-02-01 00:00:00;SO914316;C0011;CS003;1120;2024-03-07 00:00:00;2024-03-13 00:00:00;2024-02-04 00:00:00;2024-02-10 00:00:00
2024-02-01 00:00:00;SO645273;C0006;CL002;895;2024-04-04 00:00:00;2024-04-12 00:00:00;2024-02-03 00:00:00;2024-02-11 00:00:00
2024-02-01 00:00:00;SO914316;C0011;AS003;474;2024-03-07 00:00:00;2024-03-04 00:00:00;2024-02-04 00:00:00;2024-02-01 00:00:00
2024-02-01 00:00:00;SO645273;C0006;VS001;913;2024-04-04 00:00:00;2024-04-12 00:00:00;2024-02-03 00:00:00;2024-02-11 00:00:00
2024-02-01 00:00:00;SO914316;C0011;VS004;1351;2024-03-07 00:00:00;2024-03-01 00:00:00;2024-02-04 00:00:00;2024-01-29 00:00:00
2024-02-02 00:00:00;SO917064;C0002;AL001;1206;2024-03-08 00:00:00;2024-02-28 00:00:00;2024-02-04 00:00:00;2024-01-26 00:00:00
2024-02-02 00:00:00;SO551120;C0001;VS001;867;2024-03-01 00:00:00;2024-02-27 00:00:00;2024-02-04 00:00:00;2024-02-01 00:00:00
2024-02-02 00:00:00;SO9000064;C0030;CL001;674;2024-04-05 00:00:00;2024-04-02 00:00:00;2024-02-10 00:00:00;2024-02-07 00:00:00
2024-02-02 00:00:00;SO176943;C0028;AL002;809;2024-02-16 00:00:00;2024-02-22 00:00:00;2024-02-10 00:00:00;2024-02-16 00:00:00
2024-02-02 00:00:00;SO917064;C0002;AS003;668;2024-03-08 00:00:00;2024-03-14 00:00:00;2024-02-04 00:00:00;2024-02-10 00:00:00
2024-02-02 00:00:00;SO917064;C0002;VS004;436;2024-03-08 00:00:00;2024-03-02 00:00:00;2024-02-04 00:00:00;2024-01-29 00:00:00
2024-02-02 00:00:00;SO9000064;C0030;AS004;686;2024-04-05 00:00:00;2024-03-28 00:00:00;2024-02-10 00:00:00;2024-02-02 00:00:00
2024-02-02 00:00:00;SO917064;C0002;AT002;1108;2024-03-08 00:00:00;2024-03-16 00:00:00;2024-02-04 00:00:00;2024-02-12 00:00:00
2024-02-02 00:00:00;SO176943;C0028;CS002;355;2024-02-16 00:00:00;2024-02-09 00:00:00;2024-02-10 00:00:00;2024-02-03 00:00:00
2024-02-02 00:00:00;SO917064;C0002;CL001;934;2024-03-08 00:00:00;2024-03-05 00:00:00;2024-02-04 00:00:00;2024-02-01 00:00:00
2024-02-02 00:00:00;SO917064;C0002;AS004;985;2024-03-08 00:00:00;2024-03-15 00:00:00;2024-02-04 00:00:00;2024-02-11 00:00:00
2024-02-02 00:00:00;SO917064;C0002;VS002;663;2024-03-08 00:00:00;2024-02-27 00:00:00;2024-02-04 00:00:00;2024-01-25 00:00:00
2024-02-02 00:00:00;SO9000064;C0030;CL002;566;2024-04-05 00:00:00;2024-04-11 00:00:00;2024-02-10 00:00:00;2024-02-16 00:00:00
2024-02-02 00:00:00;SO176943;C0028;CT001;945;2024-02-16 00:00:00;2024-02-16 00:00:00;2024-02-10 00:00:00;2024-02-10 00:00:00
2024-02-02 00:00:00;SO176943;C0028;VS003;525;2024-02-16 00:00:00;2024-02-10 00:00:00;2024-02-10 00:00:00;2024-02-04 00:00:00
2024-02-02 00:00:00;SO551120;C0001;VS004;807;2024-03-01 00:00:00;2024-02-27 00:00:00;2024-02-04 00:00:00;2024-02-01 00:00:00
2024-02-02 00:00:00;SO917064;C0002;AS001;945;2024-03-08 00:00:00;2024-03-14 00:00:00;2024-02-04 00:00:00;2024-02-10 00:00:00
2024-02-02 00:00:00;SO9000064;C0030;AS005;959;2024-04-05 00:00:00;2024-04-03 00:00:00;2024-02-10 00:00:00;2024-02-08 00:00:00
2024-02-02 00:00:00;SO917064;C0002;CT003;1134;2024-03-08 00:00:00;2024-03-15 00:00:00;2024-02-04 00:00:00;2024-02-11 00:00:00
2024-02-05 00:00:00;SO960519;C0017;CL002;462;2024-04-01 00:00:00;2024-04-01 00:00:00;2024-02-09 00:00:00;2024-02-09 00:00:00
2024-02-05 00:00:00;SO987984;C0020;CL001;1232;2024-04-01 00:00:00;2024-04-06 00:00:00;2024-02-09 00:00:00;2024-02-14 00:00:00
2024-02-05 00:00:00;SO540833;C0022;CS003;308;2024-03-18 00:00:00;2024-03-20 00:00:00;2024-02-09 00:00:00;2024-02-11 00:00:00
2024-02-05 00:00:00;SO540833;C0022;VS004;372;2024-03-18 00:00:00;2024-03-15 00:00:00;2024-02-09 00:00:00;2024-02-06 00:00:00
2024-02-05 00:00:00;SO540833;C0022;VS001;333;2024-03-18 00:00:00;2024-03-22 00:00:00;2024-02-09 00:00:00;2024-02-13 00:00:00
2024-02-05 00:00:00;SO540833;C0022;VS002;841;2024-03-18 00:00:00;2024-03-09 00:00:00;2024-02-09 00:00:00;2024-01-31 00:00:00
2024-02-05 00:00:00;SO960519;C0017;AS004;956;2024-04-01 00:00:00;2024-03-28 00:00:00;2024-02-09 00:00:00;2024-02-05 00:00:00
2024-02-05 00:00:00;SO987984;C0020;CS003;1009;2024-04-01 00:00:00;2024-04-09 00:00:00;2024-02-09 00:00:00;2024-02-17 00:00:00
2024-02-05 00:00:00;SO960519;C0017;AL001;344;2024-04-01 00:00:00;2024-04-10 00:00:00;2024-02-09 00:00:00;2024-02-18 00:00:00
2024-02-05 00:00:00;SO987984;C0020;VS004;328;2024-04-01 00:00:00;2024-04-01 00:00:00;2024-02-09 00:00:00;2024-02-09 00:00:00
2024-02-05 00:00:00;SO540833;C0022;AT002;983;2024-03-18 00:00:00;2024-03-23 00:00:00;2024-02-09 00:00:00;2024-02-14 00:00:00
2024-02-05 00:00:00;SO987984;C0020;CS004;755;2024-04-01 00:00:00;2024-04-02 00:00:00;2024-02-09 00:00:00;2024-02-10 00:00:00
2024-02-05 00:00:00;SO960519;C0017;VS003;1040;2024-04-01 00:00:00;2024-04-04 00:00:00;2024-02-09 00:00:00;2024-02-12 00:00:00
2024-02-05 00:00:00;SO960519;C0017;CT001;894;2024-04-01 00:00:00;2024-03-29 00:00:00;2024-02-09 00:00:00;2024-02-06 00:00:00
2024-02-05 00:00:00;SO960519;C0017;AS005;1075;2024-04-01 00:00:00;2024-04-05 00:00:00;2024-02-09 00:00:00;2024-02-13 00:00:00
2024-02-05 00:00:00;SO960519;C0017;CL001;909;2024-04-01 00:00:00;2024-04-03 00:00:00;2024-02-09 00:00:00;2024-02-11 00:00:00
2024-02-05 00:00:00;SO540833;C0022;CT002;257;2024-03-18 00:00:00;2024-03-18 00:00:00;2024-02-09 00:00:00;2024-02-09 00:00:00
2024-02-05 00:00:00;SO960519;C0017;AS003;1232;2024-04-01 00:00:00;2024-03-24 00:00:00;2024-02-09 00:00:00;2024-02-01 00:00:00
2024-02-05 00:00:00;SO960519;C0017;CS002;907;2024-04-01 00:00:00;2024-03-23 00:00:00;2024-02-09 00:00:00;2024-01-31 00:00:00
2024-02-05 00:00:00;SO540833;C0022;CL002;931;2024-03-18 00:00:00;2024-03-19 00:00:00;2024-02-09 00:00:00;2024-02-10 00:00:00
2024-02-06 00:00:00;SO757705;C0026;CS004;534;2024-03-12 00:00:00;2024-03-13 00:00:00;2024-02-14 00:00:00;2024-02-15 00:00:00
2024-02-06 00:00:00;SO940528;C0013;VS004;468;2024-03-05 00:00:00;2024-03-15 00:00:00;2024-02-10 00:00:00;2024-02-20 00:00:00
2024-02-06 00:00:00;SO859705;C0005;VS004;789;2024-04-02 00:00:00;2024-04-08 00:00:00;2024-02-08 00:00:00;2024-02-14 00:00:00
2024-02-06 00:00:00;SO164621;C0009;CT003;1113;2024-02-20 00:00:00;2024-02-23 00:00:00;2024-02-09 00:00:00;2024-02-12 00:00:00
2024-02-06 00:00:00;SO164621;C0009;CS004;1073;2024-02-20 00:00:00;2024-02-25 00:00:00;2024-02-09 00:00:00;2024-02-14 00:00:00
2024-02-06 00:00:00;SO164621;C0009;CS003;830;2024-02-20 00:00:00;2024-02-25 00:00:00;2024-02-09 00:00:00;2024-02-14 00:00:00
2024-02-06 00:00:00;SO859705;C0005;AT001;401;2024-04-02 00:00:00;2024-03-27 00:00:00;2024-02-08 00:00:00;2024-02-02 00:00:00
2024-02-06 00:00:00;SO757705;C0026;VS004;492;2024-03-12 00:00:00;2024-03-18 00:00:00;2024-02-14 00:00:00;2024-02-20 00:00:00
2024-02-06 00:00:00;SO757705;C0026;CT003;714;2024-03-12 00:00:00;2024-03-02 00:00:00;2024-02-14 00:00:00;2024-02-04 00:00:00
2024-02-06 00:00:00;SO757705;C0026;VS001;904;2024-03-12 00:00:00;2024-03-18 00:00:00;2024-02-14 00:00:00;2024-02-20 00:00:00
2024-02-06 00:00:00;SO757705;C0026;AL002;601;2024-03-12 00:00:00;2024-03-14 00:00:00;2024-02-14 00:00:00;2024-02-16 00:00:00
2024-02-06 00:00:00;SO757705;C0026;CS003;896;2024-03-12 00:00:00;2024-03-04 00:00:00;2024-02-14 00:00:00;2024-02-06 00:00:00
2024-02-06 00:00:00;SO164621;C0009;CS002;801;2024-02-20 00:00:00;2024-02-27 00:00:00;2024-02-09 00:00:00;2024-02-16 00:00:00
2024-02-06 00:00:00;SO940528;C0013;CT001;950;2024-03-05 00:00:00;2024-03-07 00:00:00;2024-02-10 00:00:00;2024-02-12 00:00:00
2024-02-06 00:00:00;SO940528;C0013;VS001;729;2024-03-05 00:00:00;2024-03-11 00:00:00;2024-02-10 00:00:00;2024-02-16 00:00:00
2024-02-06 00:00:00;SO940528;C0013;CL001;391;2024-03-05 00:00:00;2024-02-29 00:00:00;2024-02-10 00:00:00;2024-02-05 00:00:00
2024-02-06 00:00:00;SO757705;C0026;AS003;597;2024-03-12 00:00:00;2024-03-22 00:00:00;2024-02-14 00:00:00;2024-02-24 00:00:00
2024-02-06 00:00:00;SO940528;C0013;CS004;482;2024-03-05 00:00:00;2024-03-02 00:00:00;2024-02-10 00:00:00;2024-02-07 00:00:00
2024-02-06 00:00:00;SO164621;C0009;CT002;594;2024-02-20 00:00:00;2024-02-14 00:00:00;2024-02-09 00:00:00;2024-02-03 00:00:00
2024-02-06 00:00:00;SO859705;C0005;CT003;297;2024-04-02 00:00:00;2024-04-09 00:00:00;2024-02-08 00:00:00;2024-02-15 00:00:00
2024-02-07 00:00:00;SO869197;C0029;CT001;1082;2024-04-03 00:00:00;2024-03-30 00:00:00;2024-02-15 00:00:00;2024-02-11 00:00:00
2024-02-07 00:00:00;SO301891;C0001;AL002;639;2024-03-06 00:00:00;2024-03-05 00:00:00;2024-02-09 00:00:00;2024-02-08 00:00:00
2024-02-07 00:00:00;SO301891;C0001;VS002;484;2024-03-06 00:00:00;2024-03-09 00:00:00;2024-02-09 00:00:00;2024-02-12 00:00:00
2024-02-07 00:00:00;SO869197;C0029;AT002;853;2024-04-03 00:00:00;2024-04-04 00:00:00;2024-02-15 00:00:00;2024-02-16 00:00:00
2024-02-07 00:00:00;SO869197;C0029;CL002;585;2024-04-03 00:00:00;2024-04-02 00:00:00;2024-02-15 00:00:00;2024-02-14 00:00:00
2024-02-07 00:00:00;SO301891;C0001;AT002;1080;2024-03-06 00:00:00;2024-03-09 00:00:00;2024-02-09 00:00:00;2024-02-12 00:00:00
2024-02-07 00:00:00;SO301891;C0001;VS001;1140;2024-03-06 00:00:00;2024-03-03 00:00:00;2024-02-09 00:00:00;2024-02-06 00:00:00
2024-02-07 00:00:00;SO869197;C0029;VS003;911;2024-04-03 00:00:00;2024-04-05 00:00:00;2024-02-15 00:00:00;2024-02-17 00:00:00
2024-02-07 00:00:00;SO869197;C0029;AT001;614;2024-04-03 00:00:00;2024-04-08 00:00:00;2024-02-15 00:00:00;2024-02-20 00:00:00
2024-02-07 00:00:00;SO301891;C0001;CS003;366;2024-03-06 00:00:00;2024-03-14 00:00:00;2024-02-09 00:00:00;2024-02-17 00:00:00
2024-02-07 00:00:00;SO301891;C0001;CT001;1285;2024-03-06 00:00:00;2024-02-28 00:00:00;2024-02-09 00:00:00;2024-02-02 00:00:00
2024-02-07 00:00:00;SO301891;C0001;AS003;787;2024-03-06 00:00:00;2024-03-05 00:00:00;2024-02-09 00:00:00;2024-02-08 00:00:00
2024-02-07 00:00:00;SO301891;C0001;CL002;1331;2024-03-06 00:00:00;2024-02-27 00:00:00;2024-02-09 00:00:00;2024-02-01 00:00:00
2024-02-07 00:00:00;SO869197;C0029;AS003;495;2024-04-03 00:00:00;2024-03-24 00:00:00;2024-02-15 00:00:00;2024-02-05 00:00:00
2024-02-07 00:00:00;SO301891;C0001;CT003;745;2024-03-06 00:00:00;2024-03-07 00:00:00;2024-02-09 00:00:00;2024-02-10 00:00:00
2024-02-07 00:00:00;SO869197;C0029;VS001;762;2024-04-03 00:00:00;2024-04-10 00:00:00;2024-02-15 00:00:00;2024-02-22 00:00:00
2024-02-07 00:00:00;SO301891;C0001;VS004;496;2024-03-06 00:00:00;2024-03-02 00:00:00;2024-02-09 00:00:00;2024-02-05 00:00:00
2024-02-08 00:00:00;SO597374;C0023;AS003;408;2024-03-14 00:00:00;2024-03-19 00:00:00;2024-02-12 00:00:00;2024-02-17 00:00:00
2024-02-08 00:00:00;SO810778;C0001;VS001;800;2024-03-07 00:00:00;2024-03-01 00:00:00;2024-02-10 00:00:00;2024-02-04 00:00:00
2024-02-08 00:00:00;SO810778;C0001;AS004;368;2024-03-07 00:00:00;2024-03-03 00:00:00;2024-02-10 00:00:00;2024-02-06 00:00:00
2024-02-08 00:00:00;SO810778;C0001;VS003;528;2024-03-07 00:00:00;2024-03-13 00:00:00;2024-02-10 00:00:00;2024-02-16 00:00:00
2024-02-08 00:00:00;SO810778;C0001;AT002;845;2024-03-07 00:00:00;2024-03-14 00:00:00;2024-02-10 00:00:00;2024-02-17 00:00:00
2024-02-08 00:00:00;SO810778;C0001;CT001;436;2024-03-07 00:00:00;2024-03-14 00:00:00;2024-02-10 00:00:00;2024-02-17 00:00:00
2024-02-08 00:00:00;SO597374;C0023;AS001;422;2024-03-14 00:00:00;2024-03-09 00:00:00;2024-02-12 00:00:00;2024-02-07 00:00:00
2024-02-08 00:00:00;SO597374;C0023;CT003;1240;2024-03-14 00:00:00;2024-03-18 00:00:00;2024-02-12 00:00:00;2024-02-16 00:00:00
2024-02-08 00:00:00;SO597374;C0023;AL002;1051;2024-03-14 00:00:00;2024-03-22 00:00:00;2024-02-12 00:00:00;2024-02-20 00:00:00
2024-02-08 00:00:00;SO597374;C0023;CL001;442;2024-03-14 00:00:00;2024-03-07 00:00:00;2024-02-12 00:00:00;2024-02-05 00:00:00
2024-02-08 00:00:00;SO597374;C0023;AT001;1158;2024-03-14 00:00:00;2024-03-24 00:00:00;2024-02-12 00:00:00;2024-02-22 00:00:00
2024-02-08 00:00:00;SO597374;C0023;VS004;1012;2024-03-14 00:00:00;2024-03-05 00:00:00;2024-02-12 00:00:00;2024-02-03 00:00:00
2024-02-08 00:00:00;SO597374;C0023;CS003;456;2024-03-14 00:00:00;2024-03-12 00:00:00;2024-02-12 00:00:00;2024-02-10 00:00:00
2024-02-08 00:00:00;SO810778;C0001;CL001;546;2024-03-07 00:00:00;2024-03-16 00:00:00;2024-02-10 00:00:00;2024-02-19 00:00:00
2024-02-08 00:00:00;SO810778;C0001;CS002;403;2024-03-07 00:00:00;2024-03-09 00:00:00;2024-02-10 00:00:00;2024-02-12 00:00:00
2024-02-08 00:00:00;SO810778;C0001;AL001;479;2024-03-07 00:00:00;2024-02-27 00:00:00;2024-02-10 00:00:00;2024-02-01 00:00:00
2024-02-08 00:00:00;SO597374;C0023;AS004;518;2024-03-14 00:00:00;2024-03-10 00:00:00;2024-02-12 00:00:00;2024-02-08 00:00:00
2024-02-09 00:00:00;SO776552;C0008;CT002;739;2024-04-05 00:00:00;2024-03-28 00:00:00;2024-02-12 00:00:00;2024-02-04 00:00:00
2024-02-09 00:00:00;SO959748;C0015;AS004;641;2024-03-22 00:00:00;2024-03-22 00:00:00;2024-02-13 00:00:00;2024-02-13 00:00:00
2024-02-09 00:00:00;SO425673;C0001;AS004;380;2024-03-08 00:00:00;2024-03-13 00:00:00;2024-02-11 00:00:00;2024-02-16 00:00:00
2024-02-09 00:00:00;SO273968;C0016;AS001;987;2024-02-23 00:00:00;2024-02-16 00:00:00;2024-02-13 00:00:00;2024-02-06 00:00:00
2024-02-09 00:00:00;SO776552;C0008;AL002;1153;2024-04-05 00:00:00;2024-03-29 00:00:00;2024-02-12 00:00:00;2024-02-05 00:00:00
2024-02-09 00:00:00;SO959748;C0015;AL001;1076;2024-03-22 00:00:00;2024-03-26 00:00:00;2024-02-13 00:00:00;2024-02-17 00:00:00
2024-02-09 00:00:00;SO959748;C0015;AT002;874;2024-03-22 00:00:00;2024-03-25 00:00:00;2024-02-13 00:00:00;2024-02-16 00:00:00
2024-02-09 00:00:00;SO959748;C0015;CT001;332;2024-03-22 00:00:00;2024-03-24 00:00:00;2024-02-13 00:00:00;2024-02-15 00:00:00
2024-02-09 00:00:00;SO273968;C0016;CS003;1349;2024-02-23 00:00:00;2024-02-13 00:00:00;2024-02-13 00:00:00;2024-02-03 00:00:00
2024-02-09 00:00:00;SO776552;C0008;CT003;719;2024-04-05 00:00:00;2024-04-04 00:00:00;2024-02-12 00:00:00;2024-02-11 00:00:00
2024-02-09 00:00:00;SO273968;C0016;AL001;425;2024-02-23 00:00:00;2024-02-20 00:00:00;2024-02-13 00:00:00;2024-02-10 00:00:00
2024-02-09 00:00:00;SO776552;C0008;AT002;1142;2024-04-05 00:00:00;2024-04-15 00:00:00;2024-02-12 00:00:00;2024-02-22 00:00:00
2024-02-09 00:00:00;SO273968;C0016;VS001;425;2024-02-23 00:00:00;2024-02-28 00:00:00;2024-02-13 00:00:00;2024-02-18 00:00:00
2024-02-09 00:00:00;SO425673;C0001;CT001;605;2024-03-08 00:00:00;2024-03-17 00:00:00;2024-02-11 00:00:00;2024-02-20 00:00:00
2024-02-09 00:00:00;SO425673;C0001;AT002;363;2024-03-08 00:00:00;2024-03-11 00:00:00;2024-02-11 00:00:00;2024-02-14 00:00:00
2024-02-09 00:00:00;SO776552;C0008;VS003;361;2024-04-05 00:00:00;2024-04-11 00:00:00;2024-02-12 00:00:00;2024-02-18 00:00:00
2024-02-09 00:00:00;SO776552;C0008;AL001;655;2024-04-05 00:00:00;2024-04-02 00:00:00;2024-02-12 00:00:00;2024-02-09 00:00:00
2024-02-09 00:00:00;SO273968;C0016;CS002;644;2024-02-23 00:00:00;2024-02-14 00:00:00;2024-02-13 00:00:00;2024-02-04 00:00:00
2024-02-12 00:00:00;SO549795;C0016;AT001;638;2024-02-26 00:00:00;2024-03-01 00:00:00;2024-02-16 00:00:00;2024-02-20 00:00:00
2024-02-12 00:00:00;SO318745;C0005;AL001;368;2024-04-08 00:00:00;2024-04-17 00:00:00;2024-02-14 00:00:00;2024-02-23 00:00:00
2024-02-12 00:00:00;SO598733;C0017;CT001;740;2024-04-08 00:00:00;2024-04-17 00:00:00;2024-02-16 00:00:00;2024-02-25 00:00:00
2024-02-12 00:00:00;SO952451;C0010;AT001;652;2024-03-25 00:00:00;2024-03-23 00:00:00;2024-02-15 00:00:00;2024-02-13 00:00:00
2024-02-12 00:00:00;SO952451;C0010;VS003;609;2024-03-25 00:00:00;2024-03-30 00:00:00;2024-02-15 00:00:00;2024-02-20 00:00:00
2024-02-12 00:00:00;SO318745;C0005;AS005;623;2024-04-08 00:00:00;2024-04-16 00:00:00;2024-02-14 00:00:00;2024-02-22 00:00:00
2024-02-12 00:00:00;SO318745;C0005;AL002;785;2024-04-08 00:00:00;2024-04-07 00:00:00;2024-02-14 00:00:00;2024-02-13 00:00:00
2024-02-12 00:00:00;SO549795;C0016;AL001;1178;2024-02-26 00:00:00;2024-02-20 00:00:00;2024-02-16 00:00:00;2024-02-10 00:00:00
2024-02-12 00:00:00;SO598733;C0017;CT002;1187;2024-04-08 00:00:00;2024-04-08 00:00:00;2024-02-16 00:00:00;2024-02-16 00:00:00
2024-02-12 00:00:00;SO952451;C0010;AT002;494;2024-03-25 00:00:00;2024-03-30 00:00:00;2024-02-15 00:00:00;2024-02-20 00:00:00
2024-02-12 00:00:00;SO598733;C0017;AS001;700;2024-04-08 00:00:00;2024-04-06 00:00:00;2024-02-16 00:00:00;2024-02-14 00:00:00
2024-02-12 00:00:00;SO549795;C0016;AT002;630;2024-02-26 00:00:00;2024-03-01 00:00:00;2024-02-16 00:00:00;2024-02-20 00:00:00
2024-02-12 00:00:00;SO952451;C0010;AL002;915;2024-03-25 00:00:00;2024-03-25 00:00:00;2024-02-15 00:00:00;2024-02-15 00:00:00
2024-02-12 00:00:00;SO549795;C0016;CL001;750;2024-02-26 00:00:00;2024-03-05 00:00:00;2024-02-16 00:00:00;2024-02-24 00:00:00
2024-02-12 00:00:00;SO952451;C0010;CL002;635;2024-03-25 00:00:00;2024-03-18 00:00:00;2024-02-15 00:00:00;2024-02-08 00:00:00
2024-02-12 00:00:00;SO549795;C0016;CS002;449;2024-02-26 00:00:00;2024-02-22 00:00:00;2024-02-16 00:00:00;2024-02-12 00:00:00
2024-02-12 00:00:00;SO549795;C0016;AS004;902;2024-02-26 00:00:00;2024-02-29 00:00:00;2024-02-16 00:00:00;2024-02-19 00:00:00
2024-02-12 00:00:00;SO549795;C0016;CS004;667;2024-02-26 00:00:00;2024-02-20 00:00:00;2024-02-16 00:00:00;2024-02-10 00:00:00
2024-02-13 00:00:00;SO215639;C0012;AS005;708;2024-03-12 00:00:00;2024-03-04 00:00:00;2024-02-16 00:00:00;2024-02-08 00:00:00
2024-02-13 00:00:00;SO151100;C0025;CS004;463;2024-03-12 00:00:00;2024-03-12 00:00:00;2024-02-21 00:00:00;2024-02-21 00:00:00
2024-02-13 00:00:00;SO700046;C0029;AS001;817;2024-04-09 00:00:00;2024-04-08 00:00:00;2024-02-21 00:00:00;2024-02-20 00:00:00
2024-02-13 00:00:00;SO215639;C0012;CS003;1224;2024-03-12 00:00:00;2024-03-06 00:00:00;2024-02-16 00:00:00;2024-02-10 00:00:00
2024-02-13 00:00:00;SO215639;C0012;AT001;1356;2024-03-12 00:00:00;2024-03-08 00:00:00;2024-02-16 00:00:00;2024-02-12 00:00:00
2024-02-13 00:00:00;SO700046;C0029;AT002;1124;2024-04-09 00:00:00;2024-03-30 00:00:00;2024-02-21 00:00:00;2024-02-11 00:00:00
2024-02-13 00:00:00;SO700046;C0029;AS005;374;2024-04-09 00:00:00;2024-04-17 00:00:00;2024-02-21 00:00:00;2024-02-29 00:00:00
2024-02-13 00:00:00;SO215639;C0012;AS001;952;2024-03-12 00:00:00;2024-03-16 00:00:00;2024-02-16 00:00:00;2024-02-20 00:00:00
2024-02-13 00:00:00;SO700046;C0029;CS004;1093;2024-04-09 00:00:00;2024-04-13 00:00:00;2024-02-21 00:00:00;2024-02-25 00:00:00
2024-02-13 00:00:00;SO151100;C0025;VS003;568;2024-03-12 00:00:00;2024-03-14 00:00:00;2024-02-21 00:00:00;2024-02-23 00:00:00
2024-02-13 00:00:00;SO700046;C0029;CS002;1146;2024-04-09 00:00:00;2024-04-07 00:00:00;2024-02-21 00:00:00;2024-02-19 00:00:00
2024-02-13 00:00:00;SO700046;C0029;CT003;1224;2024-04-09 00:00:00;2024-04-03 00:00:00;2024-02-21 00:00:00;2024-02-15 00:00:00
2024-02-13 00:00:00;SO151100;C0025;AS001;584;2024-03-12 00:00:00;2024-03-17 00:00:00;2024-02-21 00:00:00;2024-02-26 00:00:00
2024-02-13 00:00:00;SO215639;C0012;VS001;818;2024-03-12 00:00:00;2024-03-08 00:00:00;2024-02-16 00:00:00;2024-02-12 00:00:00
2024-02-13 00:00:00;SO151100;C0025;AS004;602;2024-03-12 00:00:00;2024-03-16 00:00:00;2024-02-21 00:00:00;2024-02-25 00:00:00
2024-02-14 00:00:00;SO836180;C0015;CL002;1208;2024-03-27 00:00:00;2024-03-26 00:00:00;2024-02-18 00:00:00;2024-02-17 00:00:00
2024-02-14 00:00:00;SO950167;C0021;VS004;850;2024-02-28 00:00:00;2024-03-08 00:00:00;2024-02-18 00:00:00;2024-02-27 00:00:00
2024-02-14 00:00:00;SO294727;C0012;AT001;630;2024-03-13 00:00:00;2024-03-05 00:00:00;2024-02-17 00:00:00;2024-02-09 00:00:00
2024-02-14 00:00:00;SO284883;C0005;AS005;794;2024-04-10 00:00:00;2024-04-12 00:00:00;2024-02-16 00:00:00;2024-02-18 00:00:00
2024-02-14 00:00:00;SO284883;C0005;CL002;622;2024-04-10 00:00:00;2024-04-16 00:00:00;2024-02-16 00:00:00;2024-02-22 00:00:00
2024-02-14 00:00:00;SO950167;C0021;AS001;834;2024-02-28 00:00:00;2024-03-05 00:00:00;2024-02-18 00:00:00;2024-02-24 00:00:00
2024-02-14 00:00:00;SO284883;C0005;CL001;330;2024-04-10 00:00:00;2024-04-17 00:00:00;2024-02-16 00:00:00;2024-02-23 00:00:00
2024-02-14 00:00:00;SO836180;C0015;AL001;652;2024-03-27 00:00:00;2024-04-03 00:00:00;2024-02-18 00:00:00;2024-02-25 00:00:00
2024-02-14 00:00:00;SO294727;C0012;AS005;362;2024-03-13 00:00:00;2024-03-04 00:00:00;2024-02-17 00:00:00;2024-02-08 00:00:00
2024-02-14 00:00:00;SO950167;C0021;CS003;452;2024-02-28 00:00:00;2024-02-25 00:00:00;2024-02-18 00:00:00;2024-02-15 00:00:00
2024-02-14 00:00:00;SO836180;C0015;AS003;1081;2024-03-27 00:00:00;2024-03-28 00:00:00;2024-02-18 00:00:00;2024-02-19 00:00:00
2024-02-14 00:00:00;SO284883;C0005;CT001;377;2024-04-10 00:00:00;2024-04-16 00:00:00;2024-02-16 00:00:00;2024-02-22 00:00:00
2024-02-14 00:00:00;SO950167;C0021;AT001;739;2024-02-28 00:00:00;2024-02-27 00:00:00;2024-02-18 00:00:00;2024-02-17 00:00:00
2024-02-14 00:00:00;SO294727;C0012;AS004;791;2024-03-13 00:00:00;2024-03-16 00:00:00;2024-02-17 00:00:00;2024-02-20 00:00:00
2024-02-14 00:00:00;SO836180;C0015;AT001;628;2024-03-27 00:00:00;2024-03-22 00:00:00;2024-02-18 00:00:00;2024-02-13 00:00:00
2024-02-14 00:00:00;SO836180;C0015;VS003;524;2024-03-27 00:00:00;2024-04-03 00:00:00;2024-02-18 00:00:00;2024-02-25 00:00:00
2024-02-15 00:00:00;SO250523;C0002;CT002;884;2024-03-21 00:00:00;2024-03-11 00:00:00;2024-02-17 00:00:00;2024-02-07 00:00:00
2024-02-15 00:00:00;SO668847;C0004;AS003;800;2024-02-29 00:00:00;2024-02-22 00:00:00;2024-02-17 00:00:00;2024-02-10 00:00:00
2024-02-15 00:00:00;SO368256;C0011;AT002;645;2024-03-21 00:00:00;2024-03-31 00:00:00;2024-02-18 00:00:00;2024-02-28 00:00:00
2024-02-15 00:00:00;SO368256;C0011;AS004;970;2024-03-21 00:00:00;2024-03-30 00:00:00;2024-02-18 00:00:00;2024-02-27 00:00:00
2024-02-15 00:00:00;SO668847;C0004;VS003;731;2024-02-29 00:00:00;2024-02-23 00:00:00;2024-02-17 00:00:00;2024-02-11 00:00:00
2024-02-15 00:00:00;SO668847;C0004;VS002;752;2024-02-29 00:00:00;2024-03-05 00:00:00;2024-02-17 00:00:00;2024-02-22 00:00:00
2024-02-15 00:00:00;SO250523;C0002;CT003;1059;2024-03-21 00:00:00;2024-03-11 00:00:00;2024-02-17 00:00:00;2024-02-07 00:00:00
2024-02-15 00:00:00;SO368256;C0011;CT001;361;2024-03-21 00:00:00;2024-03-16 00:00:00;2024-02-18 00:00:00;2024-02-13 00:00:00
2024-02-15 00:00:00;SO250523;C0002;VS003;688;2024-03-21 00:00:00;2024-03-26 00:00:00;2024-02-17 00:00:00;2024-02-22 00:00:00
2024-02-15 00:00:00;SO368256;C0011;CL001;312;2024-03-21 00:00:00;2024-03-11 00:00:00;2024-02-18 00:00:00;2024-02-08 00:00:00
2024-02-15 00:00:00;SO368256;C0011;VS001;752;2024-03-21 00:00:00;2024-03-23 00:00:00;2024-02-18 00:00:00;2024-02-20 00:00:00
2024-02-15 00:00:00;SO668847;C0004;AT002;562;2024-02-29 00:00:00;2024-03-06 00:00:00;2024-02-17 00:00:00;2024-02-23 00:00:00
2024-02-15 00:00:00;SO668847;C0004;AL001;1037;2024-02-29 00:00:00;2024-02-19 00:00:00;2024-02-17 00:00:00;2024-02-07 00:00:00
2024-02-15 00:00:00;SO368256;C0011;CS003;1330;2024-03-21 00:00:00;2024-03-22 00:00:00;2024-02-18 00:00:00;2024-02-19 00:00:00
2024-02-15 00:00:00;SO368256;C0011;CS004;1008;2024-03-21 00:00:00;2024-03-16 00:00:00;2024-02-18 00:00:00;2024-02-13 00:00:00
2024-02-15 00:00:00;SO250523;C0002;CS003;569;2024-03-21 00:00:00;2024-03-19 00:00:00;2024-02-17 00:00:00;2024-02-15 00:00:00
2024-02-15 00:00:00;SO668847;C0004;VS001;385;2024-02-29 00:00:00;2024-02-21 00:00:00;2024-02-17 00:00:00;2024-02-09 00:00:00
2024-02-15 00:00:00;SO250523;C0002;AS003;607;2024-03-21 00:00:00;2024-03-31 00:00:00;2024-02-17 00:00:00;2024-02-27 00:00:00
2024-02-15 00:00:00;SO368256;C0011;AT001;427;2024-03-21 00:00:00;2024-03-31 00:00:00;2024-02-18 00:00:00;2024-02-28 00:00:00
2024-02-16 00:00:00;SO657875;C0018;VS002;540;2024-04-19 00:00:00;2024-04-24 00:00:00;2024-02-20 00:00:00;2024-02-25 00:00:00
2024-02-16 00:00:00;SO724106;C0002;CT002;785;2024-03-22 00:00:00;2024-03-14 00:00:00;2024-02-18 00:00:00;2024-02-10 00:00:00
2024-02-16 00:00:00;SO689704;C0006;CT002;567;2024-04-19 00:00:00;2024-04-20 00:00:00;2024-02-18 00:00:00;2024-02-19 00:00:00
2024-02-16 00:00:00;SO657875;C0018;AT001;1065;2024-04-19 00:00:00;2024-04-17 00:00:00;2024-02-20 00:00:00;2024-02-18 00:00:00
2024-02-16 00:00:00;SO724106;C0002;CL002;1058;2024-03-22 00:00:00;2024-03-12 00:00:00;2024-02-18 00:00:00;2024-02-08 00:00:00
2024-02-16 00:00:00;SO724106;C0002;VS004;907;2024-03-22 00:00:00;2024-03-28 00:00:00;2024-02-18 00:00:00;2024-02-24 00:00:00
2024-02-16 00:00:00;SO689704;C0006;VS001;992;2024-04-19 00:00:00;2024-04-19 00:00:00;2024-02-18 00:00:00;2024-02-18 00:00:00
2024-02-16 00:00:00;SO689704;C0006;AS003;1247;2024-04-19 00:00:00;2024-04-19 00:00:00;2024-02-18 00:00:00;2024-02-18 00:00:00
2024-02-16 00:00:00;SO724106;C0002;AS003;967;2024-03-22 00:00:00;2024-03-25 00:00:00;2024-02-18 00:00:00;2024-02-21 00:00:00
2024-02-16 00:00:00;SO657875;C0018;AL001;992;2024-04-19 00:00:00;2024-04-21 00:00:00;2024-02-20 00:00:00;2024-02-22 00:00:00
2024-02-16 00:00:00;SO689704;C0006;AL001;806;2024-04-19 00:00:00;2024-04-25 00:00:00;2024-02-18 00:00:00;2024-02-24 00:00:00
2024-02-16 00:00:00;SO724106;C0002;AT002;594;2024-03-22 00:00:00;2024-03-19 00:00:00;2024-02-18 00:00:00;2024-02-15 00:00:00
2024-02-16 00:00:00;SO724106;C0002;AL001;405;2024-03-22 00:00:00;2024-03-21 00:00:00;2024-02-18 00:00:00;2024-02-17 00:00:00
2024-02-19 00:00:00;SO438803;C0027;AS001;629;2024-04-01 00:00:00;2024-04-05 00:00:00;2024-02-27 00:00:00;2024-03-02 00:00:00
2024-02-19 00:00:00;SO469464;C0015;AL002;766;2024-04-01 00:00:00;2024-04-10 00:00:00;2024-02-23 00:00:00;2024-03-03 00:00:00
2024-02-19 00:00:00;SO647355;C0021;CS003;335;2024-03-04 00:00:00;2024-02-23 00:00:00;2024-02-23 00:00:00;2024-02-13 00:00:00
2024-02-19 00:00:00;SO438803;C0027;VS004;335;2024-04-01 00:00:00;2024-04-08 00:00:00;2024-02-27 00:00:00;2024-03-05 00:00:00
2024-02-19 00:00:00;SO438803;C0027;AL001;1086;2024-04-01 00:00:00;2024-03-25 00:00:00;2024-02-27 00:00:00;2024-02-20 00:00:00
2024-02-19 00:00:00;SO438803;C0027;CT002;473;2024-04-01 00:00:00;2024-03-30 00:00:00;2024-02-27 00:00:00;2024-02-25 00:00:00
2024-02-19 00:00:00;SO438803;C0027;AS004;574;2024-04-01 00:00:00;2024-03-22 00:00:00;2024-02-27 00:00:00;2024-02-17 00:00:00
2024-02-19 00:00:00;SO469464;C0015;AS003;954;2024-04-01 00:00:00;2024-04-04 00:00:00;2024-02-23 00:00:00;2024-02-26 00:00:00
2024-02-19 00:00:00;SO438803;C0027;VS001;486;2024-04-01 00:00:00;2024-03-22 00:00:00;2024-02-27 00:00:00;2024-02-17 00:00:00
2024-02-19 00:00:00;SO438803;C0027;AS005;926;2024-04-01 00:00:00;2024-04-05 00:00:00;2024-02-27 00:00:00;2024-03-02 00:00:00
2024-02-19 00:00:00;SO438803;C0027;CS004;518;2024-04-01 00:00:00;2024-03-23 00:00:00;2024-02-27 00:00:00;2024-02-18 00:00:00
2024-02-19 00:00:00;SO438803;C0027;CT001;1069;2024-04-01 00:00:00;2024-04-08 00:00:00;2024-02-27 00:00:00;2024-03-05 00:00:00
2024-02-19 00:00:00;SO647355;C0021;VS002;373;2024-03-04 00:00:00;2024-03-10 00:00:00;2024-02-23 00:00:00;2024-02-29 00:00:00
2024-02-19 00:00:00;SO647355;C0021;AS004;739;2024-03-04 00:00:00;2024-03-12 00:00:00;2024-02-23 00:00:00;2024-03-02 00:00:00
2024-02-20 00:00:00;SO571654;C0026;AL002;403;2024-03-26 00:00:00;2024-03-25 00:00:00;2024-02-28 00:00:00;2024-02-27 00:00:00
2024-02-20 00:00:00;SO9000072;C0015;CT002;919;2024-04-02 00:00:00;2024-04-03 00:00:00;2024-02-24 00:00:00;2024-02-25 00:00:00
2024-02-20 00:00:00;SO9000072;C0015;VS001;1323;2024-04-02 00:00:00;2024-03-26 00:00:00;2024-02-24 00:00:00;2024-02-17 00:00:00
2024-02-20 00:00:00;SO9000072;C0015;AS003;1306;2024-04-02 00:00:00;2024-04-02 00:00:00;2024-02-24 00:00:00;2024-02-24 00:00:00
2024-02-20 00:00:00;SO571654;C0026;AS003;859;2024-03-26 00:00:00;2024-03-19 00:00:00;2024-02-28 00:00:00;2024-02-21 00:00:00
2024-02-20 00:00:00;SO571654;C0026;CS003;500;2024-03-26 00:00:00;2024-04-01 00:00:00;2024-02-28 00:00:00;2024-03-05 00:00:00
2024-02-20 00:00:00;SO571654;C0026;CS002;469;2024-03-26 00:00:00;2024-04-04 00:00:00;2024-02-28 00:00:00;2024-03-08 00:00:00
2024-02-20 00:00:00;SO9000072;C0015;AS004;774;2024-04-02 00:00:00;2024-03-28 00:00:00;2024-02-24 00:00:00;2024-02-19 00:00:00
2024-02-20 00:00:00;SO571654;C0026;AS005;412;2024-03-26 00:00:00;2024-03-21 00:00:00;2024-02-28 00:00:00;2024-02-23 00:00:00
2024-02-20 00:00:00;SO9000072;C0015;VS003;256;2024-04-02 00:00:00;2024-03-31 00:00:00;2024-02-24 00:00:00;2024-02-22 00:00:00
2024-02-20 00:00:00;SO9000072;C0015;CS002;457;2024-04-02 00:00:00;2024-03-25 00:00:00;2024-02-24 00:00:00;2024-02-16 00:00:00
2024-02-20 00:00:00;SO9000072;C0015;AS005;1160;2024-04-02 00:00:00;2024-03-29 00:00:00;2024-02-24 00:00:00;2024-02-20 00:00:00
2024-02-20 00:00:00;SO571654;C0026;CT003;896;2024-03-26 00:00:00;2024-03-18 00:00:00;2024-02-28 00:00:00;2024-02-20 00:00:00
2024-02-20 00:00:00;SO571654;C0026;VS001;1182;2024-03-26 00:00:00;2024-03-22 00:00:00;2024-02-28 00:00:00;2024-02-24 00:00:00
2024-02-21 00:00:00;SO915793;C0017;AS003;686;2024-04-17 00:00:00;2024-04-23 00:00:00;2024-02-25 00:00:00;2024-03-02 00:00:00
2024-02-21 00:00:00;SO623804;C0022;AS005;585;2024-04-03 00:00:00;2024-03-26 00:00:00;2024-02-25 00:00:00;2024-02-17 00:00:00
2024-02-21 00:00:00;SO216506;C0021;VS001;450;2024-03-06 00:00:00;2024-03-13 00:00:00;2024-02-25 00:00:00;2024-03-03 00:00:00
2024-02-21 00:00:00;SO124198;C0027;AS001;653;2024-04-03 00:00:00;2024-04-06 00:00:00;2024-02-29 00:00:00;2024-03-03 00:00:00
2024-02-21 00:00:00;SO623804;C0022;CS003;953;2024-04-03 00:00:00;2024-04-04 00:00:00;2024-02-25 00:00:00;2024-02-26 00:00:00
2024-02-21 00:00:00;SO915793;C0017;CS002;819;2024-04-17 00:00:00;2024-04-18 00:00:00;2024-02-25 00:00:00;2024-02-26 00:00:00
2024-02-21 00:00:00;SO124198;C0027;CS003;837;2024-04-03 00:00:00;2024-04-13 00:00:00;2024-02-29 00:00:00;2024-03-10 00:00:00
2024-02-21 00:00:00;SO915793;C0017;AT002;641;2024-04-17 00:00:00;2024-04-20 00:00:00;2024-02-25 00:00:00;2024-02-28 00:00:00
2024-02-21 00:00:00;SO216506;C0021;AT002;496;2024-03-06 00:00:00;2024-03-15 00:00:00;2024-02-25 00:00:00;2024-03-05 00:00:00
2024-02-21 00:00:00;SO915793;C0017;CT003;847;2024-04-17 00:00:00;2024-04-22 00:00:00;2024-02-25 00:00:00;2024-03-01 00:00:00
2024-02-21 00:00:00;SO216506;C0021;VS004;896;2024-03-06 00:00:00;2024-02-26 00:00:00;2024-02-25 00:00:00;2024-02-16 00:00:00
2024-02-21 00:00:00;SO216506;C0021;AS001;1206;2024-03-06 00:00:00;2024-03-07 00:00:00;2024-02-25 00:00:00;2024-02-26 00:00:00
2024-02-21 00:00:00;SO216506;C0021;AL002;363;2024-03-06 00:00:00;2024-03-02 00:00:00;2024-02-25 00:00:00;2024-02-21 00:00:00
2024-02-21 00:00:00;SO915793;C0017;VS001;879;2024-04-17 00:00:00;2024-04-19 00:00:00;2024-02-25 00:00:00;2024-02-27 00:00:00
2024-02-21 00:00:00;SO915793;C0017;CT001;1125;2024-04-17 00:00:00;2024-04-08 00:00:00;2024-02-25 00:00:00;2024-02-16 00:00:00
2024-02-21 00:00:00;SO623804;C0022;AT001;981;2024-04-03 00:00:00;2024-04-10 00:00:00;2024-02-25 00:00:00;2024-03-03 00:00:00
2024-02-21 00:00:00;SO915793;C0017;AT001;335;2024-04-17 00:00:00;2024-04-17 00:00:00;2024-02-25 00:00:00;2024-02-25 00:00:00
2024-02-21 00:00:00;SO623804;C0022;AS004;1209;2024-04-03 00:00:00;2024-04-02 00:00:00;2024-02-25 00:00:00;2024-02-24 00:00:00
2024-02-21 00:00:00;SO124198;C0027;AT002;463;2024-04-03 00:00:00;2024-04-06 00:00:00;2024-02-29 00:00:00;2024-03-03 00:00:00
2024-02-21 00:00:00;SO623804;C0022;CT003;691;2024-04-03 00:00:00;2024-04-03 00:00:00;2024-02-25 00:00:00;2024-02-25 00:00:00
2024-02-22 00:00:00;SO266299;C0015;CT001;1097;2024-04-04 00:00:00;2024-03-26 00:00:00;2024-02-26 00:00:00;2024-02-17 00:00:00
2024-02-22 00:00:00;SO742096;C0030;CT003;489;2024-04-25 00:00:00;2024-04-20 00:00:00;2024-03-01 00:00:00;2024-02-25 00:00:00
2024-02-22 00:00:00;SO963514;C0021;AT001;1031;2024-03-07 00:00:00;2024-03-11 00:00:00;2024-02-26 00:00:00;2024-03-01 00:00:00
2024-02-22 00:00:00;SO266299;C0015;AL002;386;2024-04-04 00:00:00;2024-04-11 00:00:00;2024-02-26 00:00:00;2024-03-04 00:00:00
2024-02-22 00:00:00;SO963514;C0021;CS002;683;2024-03-07 00:00:00;2024-03-08 00:00:00;2024-02-26 00:00:00;2024-02-27 00:00:00
2024-02-22 00:00:00;SO266299;C0015;AS001;558;2024-04-04 00:00:00;2024-04-01 00:00:00;2024-02-26 00:00:00;2024-02-23 00:00:00
2024-02-22 00:00:00;SO963514;C0021;CS004;651;2024-03-07 00:00:00;2024-02-28 00:00:00;2024-02-26 00:00:00;2024-02-18 00:00:00
2024-02-22 00:00:00;SO963514;C0021;AT002;824;2024-03-07 00:00:00;2024-02-26 00:00:00;2024-02-26 00:00:00;2024-02-16 00:00:00
2024-02-22 00:00:00;SO742096;C0030;VS004;479;2024-04-25 00:00:00;2024-05-02 00:00:00;2024-03-01 00:00:00;2024-03-08 00:00:00
2024-02-22 00:00:00;SO266299;C0015;AS003;514;2024-04-04 00:00:00;2024-04-11 00:00:00;2024-02-26 00:00:00;2024-03-04 00:00:00
2024-02-22 00:00:00;SO742096;C0030;AT001;930;2024-04-25 00:00:00;2024-05-05 00:00:00;2024-03-01 00:00:00;2024-03-11 00:00:00
2024-02-22 00:00:00;SO266299;C0015;VS003;547;2024-04-04 00:00:00;2024-04-14 00:00:00;2024-02-26 00:00:00;2024-03-07 00:00:00
2024-02-22 00:00:00;SO742096;C0030;VS003;568;2024-04-25 00:00:00;2024-04-16 00:00:00;2024-03-01 00:00:00;2024-02-21 00:00:00
2024-02-22 00:00:00;SO742096;C0030;CS002;674;2024-04-25 00:00:00;2024-04-18 00:00:00;2024-03-01 00:00:00;2024-02-23 00:00:00
2024-02-23 00:00:00;SO368704;C0027;AS003;411;2024-04-05 00:00:00;2024-04-15 00:00:00;2024-03-02 00:00:00;2024-03-12 00:00:00
2024-02-23 00:00:00;SO991878;C0020;CT003;603;2024-04-19 00:00:00;2024-04-24 00:00:00;2024-02-27 00:00:00;2024-03-03 00:00:00
2024-02-23 00:00:00;SO869167;C0012;AS005;700;2024-03-22 00:00:00;2024-03-19 00:00:00;2024-02-26 00:00:00;2024-02-23 00:00:00
2024-02-23 00:00:00;SO534910;C0007;CS003;1265;2024-04-26 00:00:00;2024-04-17 00:00:00;2024-02-26 00:00:00;2024-02-17 00:00:00
2024-02-23 00:00:00;SO869167;C0012;AL002;585;2024-03-22 00:00:00;2024-03-28 00:00:00;2024-02-26 00:00:00;2024-03-03 00:00:00
2024-02-23 00:00:00;SO991878;C0020;AL001;399;2024-04-19 00:00:00;2024-04-25 00:00:00;2024-02-27 00:00:00;2024-03-04 00:00:00
2024-02-23 00:00:00;SO368704;C0027;AS005;744;2024-04-05 00:00:00;2024-04-07 00:00:00;2024-03-02 00:00:00;2024-03-04 00:00:00
2024-02-23 00:00:00;SO534910;C0007;VS001;631;2024-04-26 00:00:00;2024-05-02 00:00:00;2024-02-26 00:00:00;2024-03-03 00:00:00
2024-02-23 00:00:00;SO368704;C0027;VS002;460;2024-04-05 00:00:00;2024-04-09 00:00:00;2024-03-02 00:00:00;2024-03-06 00:00:00
2024-02-23 00:00:00;SO368704;C0027;AT002;847;2024-04-05 00:00:00;2024-04-12 00:00:00;2024-03-02 00:00:00;2024-03-09 00:00:00
2024-02-23 00:00:00;SO368704;C0027;CT001;768;2024-04-05 00:00:00;2024-03-29 00:00:00;2024-03-02 00:00:00;2024-02-24 00:00:00
2024-02-23 00:00:00;SO869167;C0012;VS001;647;2024-03-22 00:00:00;2024-03-19 00:00:00;2024-02-26 00:00:00;2024-02-23 00:00:00
2024-02-23 00:00:00;SO869167;C0012;AS003;898;2024-03-22 00:00:00;2024-03-28 00:00:00;2024-02-26 00:00:00;2024-03-03 00:00:00
2024-02-23 00:00:00;SO869167;C0012;CT002;1017;2024-03-22 00:00:00;2024-03-19 00:00:00;2024-02-26 00:00:00;2024-02-23 00:00:00
2024-02-23 00:00:00;SO368704;C0027;AT001;1119;2024-04-05 00:00:00;2024-04-09 00:00:00;2024-03-02 00:00:00;2024-03-06 00:00:00
2024-02-23 00:00:00;SO991878;C0020;AL002;806;2024-04-19 00:00:00;2024-04-23 00:00:00;2024-02-27 00:00:00;2024-03-02 00:00:00
2024-02-23 00:00:00;SO991878;C0020;CL001;750;2024-04-19 00:00:00;2024-04-29 00:00:00;2024-02-27 00:00:00;2024-03-08 00:00:00
2024-02-23 00:00:00;SO869167;C0012;CT001;556;2024-03-22 00:00:00;2024-03-24 00:00:00;2024-02-26 00:00:00;2024-02-28 00:00:00
2024-02-23 00:00:00;SO991878;C0020;CS004;1017;2024-04-19 00:00:00;2024-04-27 00:00:00;2024-02-27 00:00:00;2024-03-06 00:00:00
2024-02-26 00:00:00;SO152642;C0002;CL001;870;2024-04-01 00:00:00;2024-03-23 00:00:00;2024-02-28 00:00:00;2024-02-19 00:00:00
2024-02-26 00:00:00;SO530684;C0029;AS004;596;2024-04-22 00:00:00;2024-04-25 00:00:00;2024-03-05 00:00:00;2024-03-08 00:00:00
2024-02-26 00:00:00;SO381108;C0024;AS004;533;2024-03-25 00:00:00;2024-03-16 00:00:00;2024-03-01 00:00:00;2024-02-21 00:00:00
2024-02-26 00:00:00;SO756578;C0013;CT001;349;2024-03-25 00:00:00;2024-03-19 00:00:00;2024-03-01 00:00:00;2024-02-24 00:00:00
2024-02-26 00:00:00;SO152642;C0002;CS004;902;2024-04-01 00:00:00;2024-04-04 00:00:00;2024-02-28 00:00:00;2024-03-02 00:00:00
2024-02-26 00:00:00;SO381108;C0024;CS002;461;2024-03-25 00:00:00;2024-03-23 00:00:00;2024-03-01 00:00:00;2024-02-28 00:00:00
2024-02-26 00:00:00;SO152642;C0002;VS001;770;2024-04-01 00:00:00;2024-03-31 00:00:00;2024-02-28 00:00:00;2024-02-27 00:00:00
2024-02-26 00:00:00;SO381108;C0024;CL002;835;2024-03-25 00:00:00;2024-03-24 00:00:00;2024-03-01 00:00:00;2024-02-29 00:00:00
2024-02-26 00:00:00;SO381108;C0024;VS003;1028;2024-03-25 00:00:00;2024-03-26 00:00:00;2024-03-01 00:00:00;2024-03-02 00:00:00
2024-02-26 00:00:00;SO381108;C0024;AL001;646;2024-03-25 00:00:00;2024-03-22 00:00:00;2024-03-01 00:00:00;2024-02-27 00:00:00
2024-02-26 00:00:00;SO381108;C0024;AT002;1025;2024-03-25 00:00:00;2024-03-17 00:00:00;2024-03-01 00:00:00;2024-02-22 00:00:00
2024-02-26 00:00:00;SO152642;C0002;CL002;1140;2024-04-01 00:00:00;2024-03-29 00:00:00;2024-02-28 00:00:00;2024-02-25 00:00:00
2024-02-26 00:00:00;SO152642;C0002;AS005;980;2024-04-01 00:00:00;2024-03-27 00:00:00;2024-02-28 00:00:00;2024-02-23 00:00:00
2024-02-27 00:00:00;SO834502;C0001;VS001;629;2024-03-26 00:00:00;2024-03-30 00:00:00;2024-02-29 00:00:00;2024-03-04 00:00:00
2024-02-27 00:00:00;SO536352;C0025;AT002;1068;2024-03-26 00:00:00;2024-03-24 00:00:00;2024-03-06 00:00:00;2024-03-04 00:00:00
2024-02-27 00:00:00;SO770782;C0016;AL002;1159;2024-03-12 00:00:00;2024-03-02 00:00:00;2024-03-02 00:00:00;2024-02-21 00:00:00
2024-02-27 00:00:00;SO783312;C0022;AT001;1180;2024-04-09 00:00:00;2024-04-10 00:00:00;2024-03-02 00:00:00;2024-03-03 00:00:00
2024-02-27 00:00:00;SO770782;C0016;CS003;519;2024-03-12 00:00:00;2024-03-16 00:00:00;2024-03-02 00:00:00;2024-03-06 00:00:00
2024-02-27 00:00:00;SO834502;C0001;AS003;656;2024-03-26 00:00:00;2024-03-18 00:00:00;2024-02-29 00:00:00;2024-02-21 00:00:00
2024-02-27 00:00:00;SO783312;C0022;AL001;974;2024-04-09 00:00:00;2024-04-16 00:00:00;2024-03-02 00:00:00;2024-03-09 00:00:00
2024-02-27 00:00:00;SO770782;C0016;AT002;756;2024-03-12 00:00:00;2024-03-22 00:00:00;2024-03-02 00:00:00;2024-03-12 00:00:00
2024-02-27 00:00:00;SO536352;C0025;VS002;1019;2024-03-26 00:00:00;2024-03-19 00:00:00;2024-03-06 00:00:00;2024-02-28 00:00:00
2024-02-27 00:00:00;SO536352;C0025;CS003;551;2024-03-26 00:00:00;2024-03-21 00:00:00;2024-03-06 00:00:00;2024-03-01 00:00:00
2024-02-27 00:00:00;SO536352;C0025;CT002;382;2024-03-26 00:00:00;2024-03-16 00:00:00;2024-03-06 00:00:00;2024-02-25 00:00:00
2024-02-27 00:00:00;SO783312;C0022;VS002;558;2024-04-09 00:00:00;2024-04-01 00:00:00;2024-03-02 00:00:00;2024-02-23 00:00:00
2024-02-27 00:00:00;SO770782;C0016;AT001;1281;2024-03-12 00:00:00;2024-03-05 00:00:00;2024-03-02 00:00:00;2024-02-24 00:00:00
2024-02-27 00:00:00;SO536352;C0025;AS004;1345;2024-03-26 00:00:00;2024-03-25 00:00:00;2024-03-06 00:00:00;2024-03-05 00:00:00
2024-02-27 00:00:00;SO783312;C0022;CT001;362;2024-04-09 00:00:00;2024-04-10 00:00:00;2024-03-02 00:00:00;2024-03-03 00:00:00
2024-02-27 00:00:00;SO783312;C0022;CS002;471;2024-04-09 00:00:00;2024-03-30 00:00:00;2024-03-02 00:00:00;2024-02-21 00:00:00
2024-02-27 00:00:00;SO770782;C0016;CS004;900;2024-03-12 00:00:00;2024-03-12 00:00:00;2024-03-02 00:00:00;2024-03-02 00:00:00
2024-02-27 00:00:00;SO536352;C0025;VS001;792;2024-03-26 00:00:00;2024-03-28 00:00:00;2024-03-06 00:00:00;2024-03-08 00:00:00
2024-02-27 00:00:00;SO783312;C0022;CS004;650;2024-04-09 00:00:00;2024-03-31 00:00:00;2024-03-02 00:00:00;2024-02-22 00:00:00
2024-02-28 00:00:00;SO899305;C0009;VS004;384;2024-03-13 00:00:00;2024-03-10 00:00:00;2024-03-02 00:00:00;2024-02-28 00:00:00
2024-02-28 00:00:00;SO564413;C0014;CS003;1009;2024-04-03 00:00:00;2024-04-02 00:00:00;2024-03-03 00:00:00;2024-03-02 00:00:00
2024-02-28 00:00:00;SO742499;C0029;VS003;757;2024-04-24 00:00:00;2024-04-21 00:00:00;2024-03-07 00:00:00;2024-03-04 00:00:00
2024-02-28 00:00:00;SO732650;C0028;AS004;723;2024-03-13 00:00:00;2024-03-11 00:00:00;2024-03-07 00:00:00;2024-03-05 00:00:00
2024-02-28 00:00:00;SO564413;C0014;VS003;488;2024-04-03 00:00:00;2024-04-09 00:00:00;2024-03-03 00:00:00;2024-03-09 00:00:00
2024-02-28 00:00:00;SO742499;C0029;VS004;482;2024-04-24 00:00:00;2024-04-28 00:00:00;2024-03-07 00:00:00;2024-03-11 00:00:00
2024-02-28 00:00:00;SO899305;C0009;CL001;354;2024-03-13 00:00:00;2024-03-06 00:00:00;2024-03-02 00:00:00;2024-02-24 00:00:00
2024-02-28 00:00:00;SO732650;C0028;CS003;330;2024-03-13 00:00:00;2024-03-16 00:00:00;2024-03-07 00:00:00;2024-03-10 00:00:00
2024-02-28 00:00:00;SO742499;C0029;CS002;500;2024-04-24 00:00:00;2024-04-29 00:00:00;2024-03-07 00:00:00;2024-03-12 00:00:00
2024-02-28 00:00:00;SO564413;C0014;CL001;816;2024-04-03 00:00:00;2024-03-27 00:00:00;2024-03-03 00:00:00;2024-02-25 00:00:00
2024-02-28 00:00:00;SO899305;C0009;AL001;584;2024-03-13 00:00:00;2024-03-21 00:00:00;2024-03-02 00:00:00;2024-03-10 00:00:00
2024-02-28 00:00:00;SO732650;C0028;AT001;685;2024-03-13 00:00:00;2024-03-04 00:00:00;2024-03-07 00:00:00;2024-02-27 00:00:00
2024-02-28 00:00:00;SO564413;C0014;CS002;800;2024-04-03 00:00:00;2024-04-12 00:00:00;2024-03-03 00:00:00;2024-03-12 00:00:00
2024-02-28 00:00:00;SO899305;C0009;AS005;909;2024-03-13 00:00:00;2024-03-20 00:00:00;2024-03-02 00:00:00;2024-03-09 00:00:00
2024-02-29 00:00:00;SO889436;C0014;AL001;962;2024-04-04 00:00:00;2024-04-06 00:00:00;2024-03-04 00:00:00;2024-03-06 00:00:00
2024-02-29 00:00:00;SO265858;C0007;CT001;825;2024-05-02 00:00:00;2024-05-08 00:00:00;2024-03-03 00:00:00;2024-03-09 00:00:00
2024-02-29 00:00:00;SO889436;C0014;CL002;635;2024-04-04 00:00:00;2024-04-12 00:00:00;2024-03-04 00:00:00;2024-03-12 00:00:00
2024-02-29 00:00:00;SO889436;C0014;AT002;926;2024-04-04 00:00:00;2024-04-07 00:00:00;2024-03-04 00:00:00;2024-03-07 00:00:00
2024-02-29 00:00:00;SO889436;C0014;AL002;741;2024-04-04 00:00:00;2024-04-10 00:00:00;2024-03-04 00:00:00;2024-03-10 00:00:00
2024-02-29 00:00:00;SO889436;C0014;AS003;383;2024-04-04 00:00:00;2024-04-12 00:00:00;2024-03-04 00:00:00;2024-03-12 00:00:00
2024-02-29 00:00:00;SO265858;C0007;VS002;772;2024-05-02 00:00:00;2024-05-10 00:00:00;2024-03-03 00:00:00;2024-03-11 00:00:00
2024-02-29 00:00:00;SO265858;C0007;AT002;535;2024-05-02 00:00:00;2024-05-02 00:00:00;2024-03-03 00:00:00;2024-03-03 00:00:00
2024-02-29 00:00:00;SO265858;C0007;AS004;319;2024-05-02 00:00:00;2024-04-30 00:00:00;2024-03-03 00:00:00;2024-03-01 00:00:00
2024-02-29 00:00:00;SO889436;C0014;CL001;712;2024-04-04 00:00:00;2024-04-02 00:00:00;2024-03-04 00:00:00;2024-03-02 00:00:00
2024-02-29 00:00:00;SO265858;C0007;AL002;1052;2024-05-02 00:00:00;2024-05-05 00:00:00;2024-03-03 00:00:00;2024-03-06 00:00:00
2024-02-29 00:00:00;SO265858;C0007;CS002;1102;2024-05-02 00:00:00;2024-04-29 00:00:00;2024-03-03 00:00:00;2024-02-29 00:00:00
2024-02-29 00:00:00;SO889436;C0014;AT001;856;2024-04-04 00:00:00;2024-04-10 00:00:00;2024-03-04 00:00:00;2024-03-10 00:00:00
2024-02-29 00:00:00;SO265858;C0007;AS005;1067;2024-05-02 00:00:00;2024-05-04 00:00:00;2024-03-03 00:00:00;2024-03-05 00:00:00
2024-02-29 00:00:00;SO265858;C0007;CL002;656;2024-05-02 00:00:00;2024-05-04 00:00:00;2024-03-03 00:00:00;2024-03-05 00:00:00
2024-02-29 00:00:00;SO265858;C0007;AL001;1337;2024-05-02 00:00:00;2024-05-01 00:00:00;2024-03-03 00:00:00;2024-03-02 00:00:00
2024-03-01 00:00:00;SO520740;C0015;AS003;822;2024-04-12 00:00:00;2024-04-17 00:00:00;2024-03-05 00:00:00;2024-03-10 00:00:00
2024-03-01 00:00:00;SO145319;C0006;CT003;633;2024-05-03 00:00:00;2024-04-26 00:00:00;2024-03-03 00:00:00;2024-02-25 00:00:00
2024-03-01 00:00:00;SO520740;C0015;CT003;495;2024-04-12 00:00:00;2024-04-16 00:00:00;2024-03-05 00:00:00;2024-03-09 00:00:00
2024-03-01 00:00:00;SO145319;C0006;CS004;1132;2024-05-03 00:00:00;2024-05-05 00:00:00;2024-03-03 00:00:00;2024-03-05 00:00:00
2024-03-01 00:00:00;SO145319;C0006;CS002;891;2024-05-03 00:00:00;2024-05-06 00:00:00;2024-03-03 00:00:00;2024-03-06 00:00:00
2024-03-01 00:00:00;SO145319;C0006;VS002;379;2024-05-03 00:00:00;2024-04-24 00:00:00;2024-03-03 00:00:00;2024-02-23 00:00:00
2024-03-01 00:00:00;SO145319;C0006;VS004;739;2024-05-03 00:00:00;2024-04-24 00:00:00;2024-03-03 00:00:00;2024-02-23 00:00:00
2024-03-01 00:00:00;SO520740;C0015;CL001;978;2024-04-12 00:00:00;2024-04-21 00:00:00;2024-03-05 00:00:00;2024-03-14 00:00:00
2024-03-01 00:00:00;SO145319;C0006;AS005;935;2024-05-03 00:00:00;2024-05-02 00:00:00;2024-03-03 00:00:00;2024-03-02 00:00:00
2024-03-01 00:00:00;SO145319;C0006;CT001;646;2024-05-03 00:00:00;2024-05-06 00:00:00;2024-03-03 00:00:00;2024-03-06 00:00:00
2024-03-01 00:00:00;SO145319;C0006;AS004;828;2024-05-03 00:00:00;2024-05-04 00:00:00;2024-03-03 00:00:00;2024-03-04 00:00:00
2024-03-01 00:00:00;SO145319;C0006;CL001;755;2024-05-03 00:00:00;2024-04-28 00:00:00;2024-03-03 00:00:00;2024-02-27 00:00:00
2024-03-01 00:00:00;SO145319;C0006;CT002;1169;2024-05-03 00:00:00;2024-05-13 00:00:00;2024-03-03 00:00:00;2024-03-13 00:00:00
2024-03-01 00:00:00;SO520740;C0015;AS004;730;2024-04-12 00:00:00;2024-04-07 00:00:00;2024-03-05 00:00:00;2024-02-29 00:00:00
2024-03-01 00:00:00;SO145319;C0006;AS002;1043;2024-05-03 00:00:00;2024-04-24 00:00:00;2024-03-03 00:00:00;2024-02-23 00:00:00
2024-03-01 00:00:00;SO520740;C0015;VS004;531;2024-04-12 00:00:00;2024-04-13 00:00:00;2024-03-05 00:00:00;2024-03-06 00:00:00
2024-03-01 00:00:00;SO145319;C0006;AS003;862;2024-05-03 00:00:00;2024-04-23 00:00:00;2024-03-03 00:00:00;2024-02-22 00:00:00
2024-03-01 00:00:00;SO145319;C0006;CS003;1057;2024-05-03 00:00:00;2024-05-07 00:00:00;2024-03-03 00:00:00;2024-03-07 00:00:00
2024-03-01 00:00:00;SO520740;C0015;AL002;371;2024-04-12 00:00:00;2024-04-05 00:00:00;2024-03-05 00:00:00;2024-02-27 00:00:00
2024-03-01 00:00:00;SO145319;C0006;AT001;636;2024-05-03 00:00:00;2024-05-13 00:00:00;2024-03-03 00:00:00;2024-03-13 00:00:00
2024-03-04 00:00:00;SO943860;C0021;VS002;944;2024-03-18 00:00:00;2024-03-10 00:00:00;2024-03-08 00:00:00;2024-02-29 00:00:00
2024-03-04 00:00:00;SO576426;C0025;VS001;692;2024-04-01 00:00:00;2024-04-08 00:00:00;2024-03-12 00:00:00;2024-03-19 00:00:00
2024-03-04 00:00:00;SO107207;C0026;VS003;1089;2024-04-08 00:00:00;2024-04-01 00:00:00;2024-03-12 00:00:00;2024-03-05 00:00:00
2024-03-04 00:00:00;SO943860;C0021;AS005;894;2024-03-18 00:00:00;2024-03-19 00:00:00;2024-03-08 00:00:00;2024-03-09 00:00:00
2024-03-04 00:00:00;SO107207;C0026;AT002;341;2024-04-08 00:00:00;2024-04-03 00:00:00;2024-03-12 00:00:00;2024-03-07 00:00:00
2024-03-04 00:00:00;SO576426;C0025;AS002;1203;2024-04-01 00:00:00;2024-04-03 00:00:00;2024-03-12 00:00:00;2024-03-14 00:00:00
2024-03-04 00:00:00;SO107207;C0026;AL001;844;2024-04-08 00:00:00;2024-04-17 00:00:00;2024-03-12 00:00:00;2024-03-21 00:00:00
2024-03-04 00:00:00;SO107207;C0026;CS001;332;2024-04-08 00:00:00;2024-04-11 00:00:00;2024-03-12 00:00:00;2024-03-15 00:00:00
2024-03-04 00:00:00;SO107207;C0026;CT003;789;2024-04-08 00:00:00;2024-04-06 00:00:00;2024-03-12 00:00:00;2024-03-10 00:00:00
2024-03-04 00:00:00;SO107207;C0026;CS003;563;2024-04-08 00:00:00;2024-03-31 00:00:00;2024-03-12 00:00:00;2024-03-04 00:00:00
2024-03-04 00:00:00;SO943860;C0021;CT002;952;2024-03-18 00:00:00;2024-03-25 00:00:00;2024-03-08 00:00:00;2024-03-15 00:00:00
2024-03-04 00:00:00;SO576426;C0025;CT001;423;2024-04-01 00:00:00;2024-04-06 00:00:00;2024-03-12 00:00:00;2024-03-17 00:00:00
2024-03-04 00:00:00;SO576426;C0025;CS002;941;2024-04-01 00:00:00;2024-03-26 00:00:00;2024-03-12 00:00:00;2024-03-06 00:00:00
2024-03-04 00:00:00;SO576426;C0025;AL001;809;2024-04-01 00:00:00;2024-03-24 00:00:00;2024-03-12 00:00:00;2024-03-04 00:00:00
2024-03-04 00:00:00;SO576426;C0025;VS002;739;2024-04-01 00:00:00;2024-04-04 00:00:00;2024-03-12 00:00:00;2024-03-15 00:00:00
2024-03-04 00:00:00;SO943860;C0021;AS004;940;2024-03-18 00:00:00;2024-03-23 00:00:00;2024-03-08 00:00:00;2024-03-13 00:00:00
2024-03-04 00:00:00;SO576426;C0025;VS004;523;2024-04-01 00:00:00;2024-03-27 00:00:00;2024-03-12 00:00:00;2024-03-07 00:00:00
2024-03-04 00:00:00;SO943860;C0021;AL002;695;2024-03-18 00:00:00;2024-03-19 00:00:00;2024-03-08 00:00:00;2024-03-09 00:00:00
2024-03-05 00:00:00;SO9000073;C0008;CS003;980;2024-04-30 00:00:00;2024-04-27 00:00:00;2024-03-08 00:00:00;2024-03-05 00:00:00
2024-03-05 00:00:00;SO851618;C0004;CS001;1097;2024-03-19 00:00:00;2024-03-28 00:00:00;2024-03-07 00:00:00;2024-03-16 00:00:00
2024-03-05 00:00:00;SO851618;C0004;AS005;641;2024-03-19 00:00:00;2024-03-27 00:00:00;2024-03-07 00:00:00;2024-03-15 00:00:00
2024-03-05 00:00:00;SO851618;C0004;CS004;313;2024-03-19 00:00:00;2024-03-10 00:00:00;2024-03-07 00:00:00;2024-02-27 00:00:00
2024-03-05 00:00:00;SO9000073;C0008;CT003;529;2024-04-30 00:00:00;2024-05-08 00:00:00;2024-03-08 00:00:00;2024-03-16 00:00:00
2024-03-05 00:00:00;SO9000073;C0008;AS005;872;2024-04-30 00:00:00;2024-05-04 00:00:00;2024-03-08 00:00:00;2024-03-12 00:00:00
2024-03-05 00:00:00;SO851618;C0004;AS004;474;2024-03-19 00:00:00;2024-03-11 00:00:00;2024-03-07 00:00:00;2024-02-28 00:00:00
2024-03-05 00:00:00;SO9000073;C0008;AT002;712;2024-04-30 00:00:00;2024-05-09 00:00:00;2024-03-08 00:00:00;2024-03-17 00:00:00
2024-03-05 00:00:00;SO9000073;C0008;AT001;424;2024-04-30 00:00:00;2024-05-03 00:00:00;2024-03-08 00:00:00;2024-03-11 00:00:00
2024-03-05 00:00:00;SO9000073;C0008;AL001;1285;2024-04-30 00:00:00;2024-05-06 00:00:00;2024-03-08 00:00:00;2024-03-14 00:00:00
2024-03-05 00:00:00;SO9000073;C0008;CT001;416;2024-04-30 00:00:00;2024-04-24 00:00:00;2024-03-08 00:00:00;2024-03-02 00:00:00
2024-03-05 00:00:00;SO9000073;C0008;AL002;557;2024-04-30 00:00:00;2024-05-09 00:00:00;2024-03-08 00:00:00;2024-03-17 00:00:00
2024-03-06 00:00:00;SO417788;C0014;CL001;688;2024-04-10 00:00:00;2024-04-18 00:00:00;2024-03-10 00:00:00;2024-03-18 00:00:00
2024-03-06 00:00:00;SO542243;C0005;CS001;606;2024-05-01 00:00:00;2024-04-22 00:00:00;2024-03-08 00:00:00;2024-02-28 00:00:00
2024-03-06 00:00:00;SO417788;C0014;AL002;962;2024-04-10 00:00:00;2024-04-13 00:00:00;2024-03-10 00:00:00;2024-03-13 00:00:00
2024-03-06 00:00:00;SO417788;C0014;AS001;584;2024-04-10 00:00:00;2024-04-11 00:00:00;2024-03-10 00:00:00;2024-03-11 00:00:00
2024-03-06 00:00:00;SO542243;C0005;CL001;1207;2024-05-01 00:00:00;2024-05-03 00:00:00;2024-03-08 00:00:00;2024-03-10 00:00:00
2024-03-06 00:00:00;SO542243;C0005;CS004;881;2024-05-01 00:00:00;2024-04-28 00:00:00;2024-03-08 00:00:00;2024-03-05 00:00:00
2024-03-06 00:00:00;SO542243;C0005;AS002;531;2024-05-01 00:00:00;2024-05-03 00:00:00;2024-03-08 00:00:00;2024-03-10 00:00:00
2024-03-06 00:00:00;SO542243;C0005;CL002;1050;2024-05-01 00:00:00;2024-05-10 00:00:00;2024-03-08 00:00:00;2024-03-17 00:00:00
2024-03-06 00:00:00;SO542243;C0005;AS004;318;2024-05-01 00:00:00;2024-05-07 00:00:00;2024-03-08 00:00:00;2024-03-14 00:00:00
2024-03-06 00:00:00;SO417788;C0014;CS002;322;2024-04-10 00:00:00;2024-04-09 00:00:00;2024-03-10 00:00:00;2024-03-09 00:00:00
2024-03-06 00:00:00;SO542243;C0005;CT003;675;2024-05-01 00:00:00;2024-04-28 00:00:00;2024-03-08 00:00:00;2024-03-05 00:00:00
2024-03-06 00:00:00;SO542243;C0005;AT002;1274;2024-05-01 00:00:00;2024-05-05 00:00:00;2024-03-08 00:00:00;2024-03-12 00:00:00
2024-03-06 00:00:00;SO542243;C0005;AS005;684;2024-05-01 00:00:00;2024-04-30 00:00:00;2024-03-08 00:00:00;2024-03-07 00:00:00
2024-03-06 00:00:00;SO417788;C0014;AS004;1019;2024-04-10 00:00:00;2024-04-12 00:00:00;2024-03-10 00:00:00;2024-03-12 00:00:00
2024-03-06 00:00:00;SO417788;C0014;VS001;261;2024-04-10 00:00:00;2024-04-01 00:00:00;2024-03-10 00:00:00;2024-03-01 00:00:00
2024-03-06 00:00:00;SO417788;C0014;AL001;918;2024-04-10 00:00:00;2024-03-31 00:00:00;2024-03-10 00:00:00;2024-02-29 00:00:00
2024-03-07 00:00:00;SO684007;C0006;AS003;819;2024-05-09 00:00:00;2024-05-17 00:00:00;2024-03-09 00:00:00;2024-03-17 00:00:00
2024-03-07 00:00:00;SO180900;C0001;AS004;1079;2024-04-04 00:00:00;2024-03-26 00:00:00;2024-03-09 00:00:00;2024-02-29 00:00:00
2024-03-07 00:00:00;SO684007;C0006;VS001;820;2024-05-09 00:00:00;2024-05-13 00:00:00;2024-03-09 00:00:00;2024-03-13 00:00:00
2024-03-07 00:00:00;SO684007;C0006;CT001;1175;2024-05-09 00:00:00;2024-05-14 00:00:00;2024-03-09 00:00:00;2024-03-14 00:00:00
2024-03-07 00:00:00;SO180900;C0001;CL002;1337;2024-04-04 00:00:00;2024-04-01 00:00:00;2024-03-09 00:00:00;2024-03-06 00:00:00
2024-03-07 00:00:00;SO180900;C0001;CL001;613;2024-04-04 00:00:00;2024-04-01 00:00:00;2024-03-09 00:00:00;2024-03-06 00:00:00
2024-03-07 00:00:00;SO180900;C0001;VS002;316;2024-04-04 00:00:00;2024-04-11 00:00:00;2024-03-09 00:00:00;2024-03-16 00:00:00
2024-03-07 00:00:00;SO684007;C0006;VS004;354;2024-05-09 00:00:00;2024-05-06 00:00:00;2024-03-09 00:00:00;2024-03-06 00:00:00
2024-03-07 00:00:00;SO684007;C0006;CL002;439;2024-05-09 00:00:00;2024-05-19 00:00:00;2024-03-09 00:00:00;2024-03-19 00:00:00
2024-03-07 00:00:00;SO180900;C0001;AS001;773;2024-04-04 00:00:00;2024-03-28 00:00:00;2024-03-09 00:00:00;2024-03-02 00:00:00
2024-03-07 00:00:00;SO180900;C0001;AL002;620;2024-04-04 00:00:00;2024-04-07 00:00:00;2024-03-09 00:00:00;2024-03-12 00:00:00
2024-03-07 00:00:00;SO684007;C0006;AS001;463;2024-05-09 00:00:00;2024-05-17 00:00:00;2024-03-09 00:00:00;2024-03-17 00:00:00
2024-03-07 00:00:00;SO180900;C0001;CT001;1081;2024-04-04 00:00:00;2024-04-14 00:00:00;2024-03-09 00:00:00;2024-03-19 00:00:00
2024-03-08 00:00:00;SO338867;C0014;AT001;367;2024-04-12 00:00:00;2024-04-13 00:00:00;2024-03-12 00:00:00;2024-03-13 00:00:00
2024-03-08 00:00:00;SO747046;C0019;VS001;403;2024-05-10 00:00:00;2024-05-15 00:00:00;2024-03-12 00:00:00;2024-03-17 00:00:00
2024-03-08 00:00:00;SO282395;C0024;AS004;818;2024-04-05 00:00:00;2024-04-14 00:00:00;2024-03-12 00:00:00;2024-03-21 00:00:00
2024-03-08 00:00:00;SO814017;C0028;CT001;668;2024-03-22 00:00:00;2024-04-01 00:00:00;2024-03-16 00:00:00;2024-03-26 00:00:00
2024-03-08 00:00:00;SO282395;C0024;AT001;805;2024-04-05 00:00:00;2024-04-15 00:00:00;2024-03-12 00:00:00;2024-03-22 00:00:00
2024-03-08 00:00:00;SO814017;C0028;VS001;642;2024-03-22 00:00:00;2024-03-26 00:00:00;2024-03-16 00:00:00;2024-03-20 00:00:00
2024-03-08 00:00:00;SO747046;C0019;AT002;659;2024-05-10 00:00:00;2024-05-02 00:00:00;2024-03-12 00:00:00;2024-03-04 00:00:00
2024-03-08 00:00:00;SO282395;C0024;VS003;567;2024-04-05 00:00:00;2024-04-02 00:00:00;2024-03-12 00:00:00;2024-03-09 00:00:00
2024-03-08 00:00:00;SO814017;C0028;AL002;980;2024-03-22 00:00:00;2024-03-15 00:00:00;2024-03-16 00:00:00;2024-03-09 00:00:00
2024-03-08 00:00:00;SO814017;C0028;CS004;531;2024-03-22 00:00:00;2024-03-29 00:00:00;2024-03-16 00:00:00;2024-03-23 00:00:00
2024-03-08 00:00:00;SO747046;C0019;VS004;528;2024-05-10 00:00:00;2024-05-02 00:00:00;2024-03-12 00:00:00;2024-03-04 00:00:00
2024-03-08 00:00:00;SO282395;C0024;CS002;1196;2024-04-05 00:00:00;2024-04-12 00:00:00;2024-03-12 00:00:00;2024-03-19 00:00:00
2024-03-08 00:00:00;SO814017;C0028;AS003;819;2024-03-22 00:00:00;2024-04-01 00:00:00;2024-03-16 00:00:00;2024-03-26 00:00:00
2024-03-11 00:00:00;SO907326;C0015;CT003;1069;2024-04-22 00:00:00;2024-04-28 00:00:00;2024-03-15 00:00:00;2024-03-21 00:00:00
2024-03-11 00:00:00;SO841374;C0014;AS002;868;2024-04-15 00:00:00;2024-04-25 00:00:00;2024-03-15 00:00:00;2024-03-25 00:00:00
2024-03-11 00:00:00;SO209372;C0007;AS004;581;2024-05-13 00:00:00;2024-05-22 00:00:00;2024-03-14 00:00:00;2024-03-23 00:00:00
2024-03-11 00:00:00;SO392014;C0022;CL001;972;2024-04-22 00:00:00;2024-05-02 00:00:00;2024-03-15 00:00:00;2024-03-25 00:00:00
2024-03-11 00:00:00;SO841374;C0014;AS004;898;2024-04-15 00:00:00;2024-04-25 00:00:00;2024-03-15 00:00:00;2024-03-25 00:00:00
2024-03-11 00:00:00;SO841374;C0014;VS002;333;2024-04-15 00:00:00;2024-04-19 00:00:00;2024-03-15 00:00:00;2024-03-19 00:00:00
2024-03-11 00:00:00;SO209372;C0007;VS004;484;2024-05-13 00:00:00;2024-05-17 00:00:00;2024-03-14 00:00:00;2024-03-18 00:00:00
2024-03-11 00:00:00;SO209372;C0007;CT003;969;2024-05-13 00:00:00;2024-05-03 00:00:00;2024-03-14 00:00:00;2024-03-04 00:00:00
2024-03-11 00:00:00;SO209372;C0007;VS001;367;2024-05-13 00:00:00;2024-05-10 00:00:00;2024-03-14 00:00:00;2024-03-11 00:00:00
2024-03-11 00:00:00;SO907326;C0015;CL001;811;2024-04-22 00:00:00;2024-04-22 00:00:00;2024-03-15 00:00:00;2024-03-15 00:00:00
2024-03-11 00:00:00;SO907326;C0015;AS003;940;2024-04-22 00:00:00;2024-04-15 00:00:00;2024-03-15 00:00:00;2024-03-08 00:00:00
2024-03-11 00:00:00;SO209372;C0007;VS002;1159;2024-05-13 00:00:00;2024-05-11 00:00:00;2024-03-14 00:00:00;2024-03-12 00:00:00
2024-03-11 00:00:00;SO392014;C0022;CL002;755;2024-04-22 00:00:00;2024-05-01 00:00:00;2024-03-15 00:00:00;2024-03-24 00:00:00
2024-03-11 00:00:00;SO392014;C0022;AS002;1109;2024-04-22 00:00:00;2024-04-18 00:00:00;2024-03-15 00:00:00;2024-03-11 00:00:00
2024-03-11 00:00:00;SO392014;C0022;VS004;1085;2024-04-22 00:00:00;2024-04-14 00:00:00;2024-03-15 00:00:00;2024-03-07 00:00:00
2024-03-11 00:00:00;SO907326;C0015;CT001;986;2024-04-22 00:00:00;2024-04-16 00:00:00;2024-03-15 00:00:00;2024-03-09 00:00:00
2024-03-11 00:00:00;SO907326;C0015;AL002;1207;2024-04-22 00:00:00;2024-04-20 00:00:00;2024-03-15 00:00:00;2024-03-13 00:00:00
2024-03-11 00:00:00;SO841374;C0014;AT002;1304;2024-04-15 00:00:00;2024-04-21 00:00:00;2024-03-15 00:00:00;2024-03-21 00:00:00
2024-03-12 00:00:00;SO493154;C0021;AS001;759;2024-03-26 00:00:00;2024-04-05 00:00:00;2024-03-16 00:00:00;2024-03-26 00:00:00
2024-03-12 00:00:00;SO341498;C0009;AL002;785;2024-03-26 00:00:00;2024-04-01 00:00:00;2024-03-15 00:00:00;2024-03-21 00:00:00
2024-03-12 00:00:00;SO994107;C0023;AS002;1048;2024-04-16 00:00:00;2024-04-08 00:00:00;2024-03-16 00:00:00;2024-03-08 00:00:00
2024-03-12 00:00:00;SO341498;C0009;CS004;357;2024-03-26 00:00:00;2024-04-03 00:00:00;2024-03-15 00:00:00;2024-03-23 00:00:00
2024-03-12 00:00:00;SO493154;C0021;CL001;531;2024-03-26 00:00:00;2024-04-04 00:00:00;2024-03-16 00:00:00;2024-03-25 00:00:00
2024-03-12 00:00:00;SO493154;C0021;VS001;600;2024-03-26 00:00:00;2024-04-02 00:00:00;2024-03-16 00:00:00;2024-03-23 00:00:00
2024-03-12 00:00:00;SO341498;C0009;VS004;1253;2024-03-26 00:00:00;2024-03-19 00:00:00;2024-03-15 00:00:00;2024-03-08 00:00:00
2024-03-12 00:00:00;SO493154;C0021;AL001;747;2024-03-26 00:00:00;2024-04-03 00:00:00;2024-03-16 00:00:00;2024-03-24 00:00:00
2024-03-12 00:00:00;SO341498;C0009;VS003;659;2024-03-26 00:00:00;2024-03-24 00:00:00;2024-03-15 00:00:00;2024-03-13 00:00:00
2024-03-12 00:00:00;SO493154;C0021;CS003;1156;2024-03-26 00:00:00;2024-04-01 00:00:00;2024-03-16 00:00:00;2024-03-22 00:00:00
2024-03-12 00:00:00;SO493154;C0021;CS002;346;2024-03-26 00:00:00;2024-04-01 00:00:00;2024-03-16 00:00:00;2024-03-22 00:00:00
2024-03-12 00:00:00;SO341498;C0009;AT002;713;2024-03-26 00:00:00;2024-03-21 00:00:00;2024-03-15 00:00:00;2024-03-10 00:00:00
2024-03-12 00:00:00;SO341498;C0009;AS001;807;2024-03-26 00:00:00;2024-03-22 00:00:00;2024-03-15 00:00:00;2024-03-11 00:00:00
2024-03-13 00:00:00;SO220440;C0014;CS002;740;2024-04-17 00:00:00;2024-04-13 00:00:00;2024-03-17 00:00:00;2024-03-13 00:00:00
2024-03-13 00:00:00;SO317620;C0003;AT002;666;2024-04-24 00:00:00;2024-04-24 00:00:00;2024-03-15 00:00:00;2024-03-15 00:00:00
2024-03-13 00:00:00;SO864055;C0022;VS003;716;2024-04-24 00:00:00;2024-04-29 00:00:00;2024-03-17 00:00:00;2024-03-22 00:00:00
2024-03-13 00:00:00;SO220440;C0014;AS003;1095;2024-04-17 00:00:00;2024-04-09 00:00:00;2024-03-17 00:00:00;2024-03-09 00:00:00
2024-03-13 00:00:00;SO317620;C0003;CS004;357;2024-04-24 00:00:00;2024-04-20 00:00:00;2024-03-15 00:00:00;2024-03-11 00:00:00
2024-03-13 00:00:00;SO864055;C0022;CS004;569;2024-04-24 00:00:00;2024-04-21 00:00:00;2024-03-17 00:00:00;2024-03-14 00:00:00
2024-03-13 00:00:00;SO317620;C0003;AS005;1274;2024-04-24 00:00:00;2024-04-29 00:00:00;2024-03-15 00:00:00;2024-03-20 00:00:00
2024-03-13 00:00:00;SO864055;C0022;VS004;787;2024-04-24 00:00:00;2024-04-19 00:00:00;2024-03-17 00:00:00;2024-03-12 00:00:00
2024-03-13 00:00:00;SO220440;C0014;CS004;1359;2024-04-17 00:00:00;2024-04-10 00:00:00;2024-03-17 00:00:00;2024-03-10 00:00:00
2024-03-13 00:00:00;SO220440;C0014;CS001;556;2024-04-17 00:00:00;2024-04-14 00:00:00;2024-03-17 00:00:00;2024-03-14 00:00:00
2024-03-13 00:00:00;SO864055;C0022;AT001;334;2024-04-24 00:00:00;2024-05-04 00:00:00;2024-03-17 00:00:00;2024-03-27 00:00:00
2024-03-13 00:00:00;SO220440;C0014;AS005;692;2024-04-17 00:00:00;2024-04-25 00:00:00;2024-03-17 00:00:00;2024-03-25 00:00:00
2024-03-13 00:00:00;SO317620;C0003;AT001;831;2024-04-24 00:00:00;2024-05-04 00:00:00;2024-03-15 00:00:00;2024-03-25 00:00:00
2024-03-13 00:00:00;SO220440;C0014;CS003;1118;2024-04-17 00:00:00;2024-04-14 00:00:00;2024-03-17 00:00:00;2024-03-14 00:00:00
2024-03-13 00:00:00;SO317620;C0003;AS004;803;2024-04-24 00:00:00;2024-04-30 00:00:00;2024-03-15 00:00:00;2024-03-21 00:00:00
2024-03-13 00:00:00;SO864055;C0022;AT002;551;2024-04-24 00:00:00;2024-04-17 00:00:00;2024-03-17 00:00:00;2024-03-10 00:00:00
2024-03-13 00:00:00;SO864055;C0022;CT001;1041;2024-04-24 00:00:00;2024-04-26 00:00:00;2024-03-17 00:00:00;2024-03-19 00:00:00
2024-03-13 00:00:00;SO864055;C0022;AS005;592;2024-04-24 00:00:00;2024-04-23 00:00:00;2024-03-17 00:00:00;2024-03-16 00:00:00
2024-03-14 00:00:00;SO363893;C0014;CS001;500;2024-04-18 00:00:00;2024-04-10 00:00:00;2024-03-18 00:00:00;2024-03-10 00:00:00
2024-03-14 00:00:00;SO304070;C0016;VS003;791;2024-03-28 00:00:00;2024-03-24 00:00:00;2024-03-18 00:00:00;2024-03-14 00:00:00
2024-03-14 00:00:00;SO122343;C0002;AS003;1209;2024-04-18 00:00:00;2024-04-19 00:00:00;2024-03-16 00:00:00;2024-03-17 00:00:00
2024-03-14 00:00:00;SO122343;C0002;CT001;778;2024-04-18 00:00:00;2024-04-09 00:00:00;2024-03-16 00:00:00;2024-03-07 00:00:00
2024-03-14 00:00:00;SO122343;C0002;VS004;1106;2024-04-18 00:00:00;2024-04-13 00:00:00;2024-03-16 00:00:00;2024-03-11 00:00:00
2024-03-14 00:00:00;SO304070;C0016;VS004;1080;2024-03-28 00:00:00;2024-04-07 00:00:00;2024-03-18 00:00:00;2024-03-28 00:00:00
2024-03-14 00:00:00;SO304070;C0016;AT001;869;2024-03-28 00:00:00;2024-04-02 00:00:00;2024-03-18 00:00:00;2024-03-23 00:00:00
2024-03-14 00:00:00;SO122343;C0002;AL001;865;2024-04-18 00:00:00;2024-04-15 00:00:00;2024-03-16 00:00:00;2024-03-13 00:00:00
2024-03-14 00:00:00;SO363893;C0014;VS004;1371;2024-04-18 00:00:00;2024-04-18 00:00:00;2024-03-18 00:00:00;2024-03-18 00:00:00
2024-03-14 00:00:00;SO122343;C0002;CS003;496;2024-04-18 00:00:00;2024-04-23 00:00:00;2024-03-16 00:00:00;2024-03-21 00:00:00
2024-03-14 00:00:00;SO122343;C0002;CS002;1100;2024-04-18 00:00:00;2024-04-11 00:00:00;2024-03-16 00:00:00;2024-03-09 00:00:00
2024-03-14 00:00:00;SO363893;C0014;CS003;1164;2024-04-18 00:00:00;2024-04-25 00:00:00;2024-03-18 00:00:00;2024-03-25 00:00:00
2024-03-14 00:00:00;SO363893;C0014;AT002;778;2024-04-18 00:00:00;2024-04-19 00:00:00;2024-03-18 00:00:00;2024-03-19 00:00:00
2024-03-14 00:00:00;SO363893;C0014;CL002;471;2024-04-18 00:00:00;2024-04-22 00:00:00;2024-03-18 00:00:00;2024-03-22 00:00:00
2024-03-14 00:00:00;SO304070;C0016;CS001;616;2024-03-28 00:00:00;2024-04-04 00:00:00;2024-03-18 00:00:00;2024-03-25 00:00:00
2024-03-14 00:00:00;SO363893;C0014;AS005;926;2024-04-18 00:00:00;2024-04-11 00:00:00;2024-03-18 00:00:00;2024-03-11 00:00:00
2024-03-14 00:00:00;SO122343;C0002;CT003;436;2024-04-18 00:00:00;2024-04-15 00:00:00;2024-03-16 00:00:00;2024-03-13 00:00:00
2024-03-14 00:00:00;SO304070;C0016;CT001;686;2024-03-28 00:00:00;2024-03-18 00:00:00;2024-03-18 00:00:00;2024-03-08 00:00:00
2024-03-14 00:00:00;SO363893;C0014;CT002;778;2024-04-18 00:00:00;2024-04-13 00:00:00;2024-03-18 00:00:00;2024-03-13 00:00:00
2024-03-14 00:00:00;SO304070;C0016;AT002;590;2024-03-28 00:00:00;2024-04-05 00:00:00;2024-03-18 00:00:00;2024-03-26 00:00:00
2024-03-15 00:00:00;SO701811;C0011;CS003;1162;2024-04-19 00:00:00;2024-04-10 00:00:00;2024-03-18 00:00:00;2024-03-09 00:00:00
2024-03-15 00:00:00;SO698956;C0028;AL002;917;2024-03-29 00:00:00;2024-03-21 00:00:00;2024-03-23 00:00:00;2024-03-15 00:00:00
2024-03-15 00:00:00;SO383127;C0026;CS002;629;2024-04-19 00:00:00;2024-04-13 00:00:00;2024-03-23 00:00:00;2024-03-17 00:00:00
2024-03-15 00:00:00;SO701811;C0011;AL001;796;2024-04-19 00:00:00;2024-04-18 00:00:00;2024-03-18 00:00:00;2024-03-17 00:00:00
2024-03-15 00:00:00;SO701811;C0011;CS001;861;2024-04-19 00:00:00;2024-04-29 00:00:00;2024-03-18 00:00:00;2024-03-28 00:00:00
2024-03-15 00:00:00;SO383127;C0026;CL001;923;2024-04-19 00:00:00;2024-04-14 00:00:00;2024-03-23 00:00:00;2024-03-18 00:00:00
2024-03-15 00:00:00;SO383127;C0026;AS003;894;2024-04-19 00:00:00;2024-04-16 00:00:00;2024-03-23 00:00:00;2024-03-20 00:00:00
2024-03-15 00:00:00;SO701811;C0011;AS005;1101;2024-04-19 00:00:00;2024-04-29 00:00:00;2024-03-18 00:00:00;2024-03-28 00:00:00
2024-03-15 00:00:00;SO698956;C0028;AT001;542;2024-03-29 00:00:00;2024-04-03 00:00:00;2024-03-23 00:00:00;2024-03-28 00:00:00
2024-03-15 00:00:00;SO383127;C0026;CT003;352;2024-04-19 00:00:00;2024-04-10 00:00:00;2024-03-23 00:00:00;2024-03-14 00:00:00
2024-03-15 00:00:00;SO383127;C0026;VS003;1106;2024-04-19 00:00:00;2024-04-20 00:00:00;2024-03-23 00:00:00;2024-03-24 00:00:00
2024-03-15 00:00:00;SO701811;C0011;CT001;463;2024-04-19 00:00:00;2024-04-20 00:00:00;2024-03-18 00:00:00;2024-03-19 00:00:00
2024-03-15 00:00:00;SO698956;C0028;AS004;944;2024-03-29 00:00:00;2024-03-31 00:00:00;2024-03-23 00:00:00;2024-03-25 00:00:00
2024-03-15 00:00:00;SO383127;C0026;AS004;940;2024-04-19 00:00:00;2024-04-26 00:00:00;2024-03-23 00:00:00;2024-03-30 00:00:00
2024-03-15 00:00:00;SO383127;C0026;CL002;455;2024-04-19 00:00:00;2024-04-09 00:00:00;2024-03-23 00:00:00;2024-03-13 00:00:00
2024-03-15 00:00:00;SO383127;C0026;AS002;1137;2024-04-19 00:00:00;2024-04-23 00:00:00;2024-03-23 00:00:00;2024-03-27 00:00:00
2024-03-15 00:00:00;SO701811;C0011;AS004;904;2024-04-19 00:00:00;2024-04-10 00:00:00;2024-03-18 00:00:00;2024-03-09 00:00:00
2024-03-15 00:00:00;SO698956;C0028;CT002;386;2024-03-29 00:00:00;2024-04-03 00:00:00;2024-03-23 00:00:00;2024-03-28 00:00:00
2024-03-15 00:00:00;SO383127;C0026;CS001;439;2024-04-19 00:00:00;2024-04-13 00:00:00;2024-03-23 00:00:00;2024-03-17 00:00:00
2024-03-15 00:00:00;SO383127;C0026;VS004;876;2024-04-19 00:00:00;2024-04-15 00:00:00;2024-03-23 00:00:00;2024-03-19 00:00:00
2024-03-18 00:00:00;SO607807;C0023;CS001;795;2024-04-22 00:00:00;2024-04-22 00:00:00;2024-03-22 00:00:00;2024-03-22 00:00:00
2024-03-18 00:00:00;SO830715;C0005;CL002;1345;2024-05-13 00:00:00;2024-05-21 00:00:00;2024-03-20 00:00:00;2024-03-28 00:00:00
2024-03-18 00:00:00;SO607807;C0023;VS001;856;2024-04-22 00:00:00;2024-04-20 00:00:00;2024-03-22 00:00:00;2024-03-20 00:00:00
2024-03-18 00:00:00;SO830715;C0005;AS002;967;2024-05-13 00:00:00;2024-05-07 00:00:00;2024-03-20 00:00:00;2024-03-14 00:00:00
2024-03-18 00:00:00;SO830715;C0005;CT001;591;2024-05-13 00:00:00;2024-05-04 00:00:00;2024-03-20 00:00:00;2024-03-11 00:00:00
2024-03-18 00:00:00;SO607807;C0023;AS002;706;2024-04-22 00:00:00;2024-04-16 00:00:00;2024-03-22 00:00:00;2024-03-16 00:00:00
2024-03-18 00:00:00;SO607807;C0023;AT001;1048;2024-04-22 00:00:00;2024-05-01 00:00:00;2024-03-22 00:00:00;2024-03-31 00:00:00
2024-03-18 00:00:00;SO830715;C0005;CL001;748;2024-05-13 00:00:00;2024-05-11 00:00:00;2024-03-20 00:00:00;2024-03-18 00:00:00
2024-03-18 00:00:00;SO607807;C0023;VS004;490;2024-04-22 00:00:00;2024-04-18 00:00:00;2024-03-22 00:00:00;2024-03-18 00:00:00
2024-03-18 00:00:00;SO607807;C0023;AS003;552;2024-04-22 00:00:00;2024-05-02 00:00:00;2024-03-22 00:00:00;2024-04-01 00:00:00
2024-03-18 00:00:00;SO830715;C0005;AT002;482;2024-05-13 00:00:00;2024-05-19 00:00:00;2024-03-20 00:00:00;2024-03-26 00:00:00
2024-03-18 00:00:00;SO607807;C0023;CS002;511;2024-04-22 00:00:00;2024-05-01 00:00:00;2024-03-22 00:00:00;2024-03-31 00:00:00
2024-03-18 00:00:00;SO607807;C0023;CT003;482;2024-04-22 00:00:00;2024-04-15 00:00:00;2024-03-22 00:00:00;2024-03-15 00:00:00
2024-03-19 00:00:00;SO376196;C0004;CL001;784;2024-04-02 00:00:00;2024-03-25 00:00:00;2024-03-21 00:00:00;2024-03-13 00:00:00
2024-03-19 00:00:00;SO292630;C0009;VS002;744;2024-04-02 00:00:00;2024-03-27 00:00:00;2024-03-22 00:00:00;2024-03-16 00:00:00
2024-03-19 00:00:00;SO292630;C0009;VS003;808;2024-04-02 00:00:00;2024-04-06 00:00:00;2024-03-22 00:00:00;2024-03-26 00:00:00
2024-03-19 00:00:00;SO292630;C0009;VS001;894;2024-04-02 00:00:00;2024-04-10 00:00:00;2024-03-22 00:00:00;2024-03-30 00:00:00
2024-03-19 00:00:00;SO376196;C0004;CT001;900;2024-04-02 00:00:00;2024-04-07 00:00:00;2024-03-21 00:00:00;2024-03-26 00:00:00
2024-03-19 00:00:00;SO292630;C0009;AS001;300;2024-04-02 00:00:00;2024-04-06 00:00:00;2024-03-22 00:00:00;2024-03-26 00:00:00
2024-03-19 00:00:00;SO292630;C0009;AT002;411;2024-04-02 00:00:00;2024-03-29 00:00:00;2024-03-22 00:00:00;2024-03-18 00:00:00
2024-03-19 00:00:00;SO376196;C0004;AL001;1191;2024-04-02 00:00:00;2024-04-08 00:00:00;2024-03-21 00:00:00;2024-03-27 00:00:00
2024-03-19 00:00:00;SO376196;C0004;CT003;416;2024-04-02 00:00:00;2024-03-29 00:00:00;2024-03-21 00:00:00;2024-03-17 00:00:00
2024-03-19 00:00:00;SO376196;C0004;AS002;477;2024-04-02 00:00:00;2024-04-03 00:00:00;2024-03-21 00:00:00;2024-03-22 00:00:00
2024-03-19 00:00:00;SO376196;C0004;AS005;869;2024-04-02 00:00:00;2024-04-07 00:00:00;2024-03-21 00:00:00;2024-03-26 00:00:00
2024-03-19 00:00:00;SO292630;C0009;CL002;332;2024-04-02 00:00:00;2024-04-08 00:00:00;2024-03-22 00:00:00;2024-03-28 00:00:00
2024-03-19 00:00:00;SO292630;C0009;AS002;856;2024-04-02 00:00:00;2024-04-04 00:00:00;2024-03-22 00:00:00;2024-03-24 00:00:00
2024-03-19 00:00:00;SO292630;C0009;AT001;458;2024-04-02 00:00:00;2024-04-05 00:00:00;2024-03-22 00:00:00;2024-03-25 00:00:00
2024-03-20 00:00:00;SO711302;C0010;AL002;403;2024-05-01 00:00:00;2024-04-26 00:00:00;2024-03-23 00:00:00;2024-03-18 00:00:00
2024-03-20 00:00:00;SO362791;C0004;CL002;285;2024-04-03 00:00:00;2024-03-31 00:00:00;2024-03-22 00:00:00;2024-03-19 00:00:00
2024-03-20 00:00:00;SO410393;C0021;VS003;884;2024-04-03 00:00:00;2024-03-29 00:00:00;2024-03-24 00:00:00;2024-03-19 00:00:00
2024-03-20 00:00:00;SO560267;C0024;AT001;486;2024-04-17 00:00:00;2024-04-11 00:00:00;2024-03-24 00:00:00;2024-03-18 00:00:00
2024-03-20 00:00:00;SO560267;C0024;VS003;327;2024-04-17 00:00:00;2024-04-24 00:00:00;2024-03-24 00:00:00;2024-03-31 00:00:00
2024-03-20 00:00:00;SO362791;C0004;VS004;1418;2024-04-03 00:00:00;2024-04-12 00:00:00;2024-03-22 00:00:00;2024-03-31 00:00:00
2024-03-20 00:00:00;SO362791;C0004;VS002;401;2024-04-03 00:00:00;2024-03-28 00:00:00;2024-03-22 00:00:00;2024-03-16 00:00:00
2024-03-20 00:00:00;SO711302;C0010;CS004;542;2024-05-01 00:00:00;2024-04-30 00:00:00;2024-03-23 00:00:00;2024-03-22 00:00:00
2024-03-20 00:00:00;SO560267;C0024;CS004;1159;2024-04-17 00:00:00;2024-04-11 00:00:00;2024-03-24 00:00:00;2024-03-18 00:00:00
2024-03-20 00:00:00;SO711302;C0010;AT002;967;2024-05-01 00:00:00;2024-05-11 00:00:00;2024-03-23 00:00:00;2024-04-02 00:00:00
2024-03-20 00:00:00;SO362791;C0004;CT001;579;2024-04-03 00:00:00;2024-04-04 00:00:00;2024-03-22 00:00:00;2024-03-23 00:00:00
2024-03-20 00:00:00;SO711302;C0010;AT001;1242;2024-05-01 00:00:00;2024-04-22 00:00:00;2024-03-23 00:00:00;2024-03-14 00:00:00
2024-03-20 00:00:00;SO362791;C0004;AS004;780;2024-04-03 00:00:00;2024-04-02 00:00:00;2024-03-22 00:00:00;2024-03-21 00:00:00
2024-03-20 00:00:00;SO560267;C0024;CL001;556;2024-04-17 00:00:00;2024-04-26 00:00:00;2024-03-24 00:00:00;2024-04-02 00:00:00
2024-03-21 00:00:00;SO843301;C0025;VS003;1011;2024-04-18 00:00:00;2024-04-09 00:00:00;2024-03-29 00:00:00;2024-03-20 00:00:00
2024-03-21 00:00:00;SO225356;C0023;AS002;1061;2024-04-25 00:00:00;2024-05-03 00:00:00;2024-03-25 00:00:00;2024-04-02 00:00:00
2024-03-21 00:00:00;SO156394;C0024;AS004;449;2024-04-18 00:00:00;2024-04-19 00:00:00;2024-03-25 00:00:00;2024-03-26 00:00:00
2024-03-21 00:00:00;SO168766;C0007;CS001;959;2024-05-23 00:00:00;2024-05-23 00:00:00;2024-03-24 00:00:00;2024-03-24 00:00:00
2024-03-21 00:00:00;SO225356;C0023;VS004;580;2024-04-25 00:00:00;2024-04-17 00:00:00;2024-03-25 00:00:00;2024-03-17 00:00:00
2024-03-21 00:00:00;SO156394;C0024;CL001;923;2024-04-18 00:00:00;2024-04-24 00:00:00;2024-03-25 00:00:00;2024-03-31 00:00:00
2024-03-21 00:00:00;SO168766;C0007;AT002;405;2024-05-23 00:00:00;2024-06-02 00:00:00;2024-03-24 00:00:00;2024-04-03 00:00:00
2024-03-21 00:00:00;SO225356;C0023;CS002;1053;2024-04-25 00:00:00;2024-05-03 00:00:00;2024-03-25 00:00:00;2024-04-02 00:00:00
2024-03-21 00:00:00;SO168766;C0007;VS002;851;2024-05-23 00:00:00;2024-05-31 00:00:00;2024-03-24 00:00:00;2024-04-01 00:00:00
2024-03-21 00:00:00;SO156394;C0024;CL002;859;2024-04-18 00:00:00;2024-04-28 00:00:00;2024-03-25 00:00:00;2024-04-04 00:00:00
2024-03-21 00:00:00;SO168766;C0007;CT003;672;2024-05-23 00:00:00;2024-05-24 00:00:00;2024-03-24 00:00:00;2024-03-25 00:00:00
2024-03-21 00:00:00;SO156394;C0024;VS004;806;2024-04-18 00:00:00;2024-04-26 00:00:00;2024-03-25 00:00:00;2024-04-02 00:00:00
2024-03-21 00:00:00;SO168766;C0007;CS004;340;2024-05-23 00:00:00;2024-05-15 00:00:00;2024-03-24 00:00:00;2024-03-16 00:00:00
2024-03-21 00:00:00;SO225356;C0023;AS003;672;2024-04-25 00:00:00;2024-05-05 00:00:00;2024-03-25 00:00:00;2024-04-04 00:00:00
2024-03-21 00:00:00;SO156394;C0024;CS002;1096;2024-04-18 00:00:00;2024-04-23 00:00:00;2024-03-25 00:00:00;2024-03-30 00:00:00
2024-03-21 00:00:00;SO156394;C0024;VS003;377;2024-04-18 00:00:00;2024-04-13 00:00:00;2024-03-25 00:00:00;2024-03-20 00:00:00
2024-03-21 00:00:00;SO225356;C0023;AS005;692;2024-04-25 00:00:00;2024-04-21 00:00:00;2024-03-25 00:00:00;2024-03-21 00:00:00
2024-03-22 00:00:00;SO809221;C0021;VS002;806;2024-04-05 00:00:00;2024-04-10 00:00:00;2024-03-26 00:00:00;2024-03-31 00:00:00
2024-03-22 00:00:00;SO140480;C0029;CT001;1089;2024-05-17 00:00:00;2024-05-12 00:00:00;2024-03-30 00:00:00;2024-03-25 00:00:00
2024-03-22 00:00:00;SO809221;C0021;VS004;920;2024-04-05 00:00:00;2024-03-27 00:00:00;2024-03-26 00:00:00;2024-03-17 00:00:00
2024-03-22 00:00:00;SO140480;C0029;CS002;1353;2024-05-17 00:00:00;2024-05-10 00:00:00;2024-03-30 00:00:00;2024-03-23 00:00:00
2024-03-22 00:00:00;SO809221;C0021;AS003;1315;2024-04-05 00:00:00;2024-04-06 00:00:00;2024-03-26 00:00:00;2024-03-27 00:00:00
2024-03-22 00:00:00;SO140480;C0029;AT002;737;2024-05-17 00:00:00;2024-05-15 00:00:00;2024-03-30 00:00:00;2024-03-28 00:00:00
2024-03-22 00:00:00;SO809221;C0021;AT002;595;2024-04-05 00:00:00;2024-03-28 00:00:00;2024-03-26 00:00:00;2024-03-18 00:00:00
2024-03-22 00:00:00;SO140480;C0029;CT002;383;2024-05-17 00:00:00;2024-05-22 00:00:00;2024-03-30 00:00:00;2024-04-04 00:00:00
2024-03-22 00:00:00;SO809221;C0021;CL001;996;2024-04-05 00:00:00;2024-04-12 00:00:00;2024-03-26 00:00:00;2024-04-02 00:00:00
2024-03-22 00:00:00;SO140480;C0029;VS001;661;2024-05-17 00:00:00;2024-05-11 00:00:00;2024-03-30 00:00:00;2024-03-24 00:00:00
2024-03-22 00:00:00;SO140480;C0029;CS003;1085;2024-05-17 00:00:00;2024-05-13 00:00:00;2024-03-30 00:00:00;2024-03-26 00:00:00
2024-03-22 00:00:00;SO809221;C0021;CS001;658;2024-04-05 00:00:00;2024-03-27 00:00:00;2024-03-26 00:00:00;2024-03-17 00:00:00
2024-03-22 00:00:00;SO809221;C0021;CT001;984;2024-04-05 00:00:00;2024-04-08 00:00:00;2024-03-26 00:00:00;2024-03-29 00:00:00
2024-03-22 00:00:00;SO140480;C0029;AS001;836;2024-05-17 00:00:00;2024-05-14 00:00:00;2024-03-30 00:00:00;2024-03-27 00:00:00
2024-03-22 00:00:00;SO809221;C0021;CT002;1014;2024-04-05 00:00:00;2024-04-09 00:00:00;2024-03-26 00:00:00;2024-03-30 00:00:00
2024-03-22 00:00:00;SO140480;C0029;CS004;385;2024-05-17 00:00:00;2024-05-17 00:00:00;2024-03-30 00:00:00;2024-03-30 00:00:00
2024-03-22 00:00:00;SO140480;C0029;VS003;1086;2024-05-17 00:00:00;2024-05-24 00:00:00;2024-03-30 00:00:00;2024-04-06 00:00:00
2024-03-22 00:00:00;SO809221;C0021;AL002;646;2024-04-05 00:00:00;2024-03-26 00:00:00;2024-03-26 00:00:00;2024-03-16 00:00:00
2024-03-22 00:00:00;SO809221;C0021;AS002;1063;2024-04-05 00:00:00;2024-04-02 00:00:00;2024-03-26 00:00:00;2024-03-23 00:00:00
2024-03-22 00:00:00;SO809221;C0021;AS005;1182;2024-04-05 00:00:00;2024-03-26 00:00:00;2024-03-26 00:00:00;2024-03-16 00:00:00
2024-03-25 00:00:00;SO195053;C0004;AS003;1085;2024-04-08 00:00:00;2024-04-06 00:00:00;2024-03-27 00:00:00;2024-03-25 00:00:00
2024-03-25 00:00:00;SO330601;C0016;AS004;785;2024-04-08 00:00:00;2024-04-14 00:00:00;2024-03-29 00:00:00;2024-04-04 00:00:00
2024-03-25 00:00:00;SO390896;C0008;AS004;339;2024-05-20 00:00:00;2024-05-24 00:00:00;2024-03-28 00:00:00;2024-04-01 00:00:00
2024-03-25 00:00:00;SO195053;C0004;CS001;613;2024-04-08 00:00:00;2024-04-06 00:00:00;2024-03-27 00:00:00;2024-03-25 00:00:00
2024-03-25 00:00:00;SO390896;C0008;CS004;1023;2024-05-20 00:00:00;2024-05-20 00:00:00;2024-03-28 00:00:00;2024-03-28 00:00:00
2024-03-25 00:00:00;SO330601;C0016;CT003;525;2024-04-08 00:00:00;2024-04-18 00:00:00;2024-03-29 00:00:00;2024-04-08 00:00:00
2024-03-25 00:00:00;SO195053;C0004;VS002;740;2024-04-08 00:00:00;2024-03-31 00:00:00;2024-03-27 00:00:00;2024-03-19 00:00:00
2024-03-25 00:00:00;SO330601;C0016;AS002;836;2024-04-08 00:00:00;2024-04-17 00:00:00;2024-03-29 00:00:00;2024-04-07 00:00:00
2024-03-25 00:00:00;SO195053;C0004;CL002;954;2024-04-08 00:00:00;2024-04-01 00:00:00;2024-03-27 00:00:00;2024-03-20 00:00:00
2024-03-25 00:00:00;SO195053;C0004;CL001;581;2024-04-08 00:00:00;2024-03-30 00:00:00;2024-03-27 00:00:00;2024-03-18 00:00:00
2024-03-25 00:00:00;SO390896;C0008;AT001;1104;2024-05-20 00:00:00;2024-05-12 00:00:00;2024-03-28 00:00:00;2024-03-20 00:00:00
2024-03-25 00:00:00;SO390896;C0008;CS002;865;2024-05-20 00:00:00;2024-05-13 00:00:00;2024-03-28 00:00:00;2024-03-21 00:00:00
2024-03-25 00:00:00;SO195053;C0004;CT003;622;2024-04-08 00:00:00;2024-04-17 00:00:00;2024-03-27 00:00:00;2024-04-05 00:00:00
2024-03-25 00:00:00;SO330601;C0016;VS004;1011;2024-04-08 00:00:00;2024-04-13 00:00:00;2024-03-29 00:00:00;2024-04-03 00:00:00
2024-03-25 00:00:00;SO390896;C0008;AS002;345;2024-05-20 00:00:00;2024-05-10 00:00:00;2024-03-28 00:00:00;2024-03-18 00:00:00
2024-03-25 00:00:00;SO390896;C0008;CS001;700;2024-05-20 00:00:00;2024-05-14 00:00:00;2024-03-28 00:00:00;2024-03-22 00:00:00
2024-03-25 00:00:00;SO390896;C0008;CS003;1162;2024-05-20 00:00:00;2024-05-13 00:00:00;2024-03-28 00:00:00;2024-03-21 00:00:00
2024-03-25 00:00:00;SO390896;C0008;CT002;1046;2024-05-20 00:00:00;2024-05-10 00:00:00;2024-03-28 00:00:00;2024-03-18 00:00:00
2024-03-25 00:00:00;SO330601;C0016;CL001;657;2024-04-08 00:00:00;2024-03-31 00:00:00;2024-03-29 00:00:00;2024-03-21 00:00:00
2024-03-25 00:00:00;SO330601;C0016;CS004;1008;2024-04-08 00:00:00;2024-04-11 00:00:00;2024-03-29 00:00:00;2024-04-01 00:00:00
2024-03-26 00:00:00;SO100983;C0017;VS002;670;2024-05-21 00:00:00;2024-05-19 00:00:00;2024-03-30 00:00:00;2024-03-28 00:00:00
2024-03-26 00:00:00;SO708157;C0009;AL001;618;2024-04-09 00:00:00;2024-04-03 00:00:00;2024-03-29 00:00:00;2024-03-23 00:00:00
2024-03-26 00:00:00;SO358509;C0027;VS004;574;2024-05-07 00:00:00;2024-05-14 00:00:00;2024-04-03 00:00:00;2024-04-10 00:00:00
2024-03-26 00:00:00;SO733669;C0001;AL001;607;2024-04-23 00:00:00;2024-05-03 00:00:00;2024-03-28 00:00:00;2024-04-07 00:00:00
2024-03-26 00:00:00;SO100983;C0017;AS004;1335;2024-05-21 00:00:00;2024-05-24 00:00:00;2024-03-30 00:00:00;2024-04-02 00:00:00
2024-03-26 00:00:00;SO358509;C0027;AL002;597;2024-05-07 00:00:00;2024-04-30 00:00:00;2024-04-03 00:00:00;2024-03-27 00:00:00
2024-03-26 00:00:00;SO708157;C0009;AT002;1070;2024-04-09 00:00:00;2024-04-05 00:00:00;2024-03-29 00:00:00;2024-03-25 00:00:00
2024-03-26 00:00:00;SO708157;C0009;AS002;619;2024-04-09 00:00:00;2024-04-08 00:00:00;2024-03-29 00:00:00;2024-03-28 00:00:00
2024-03-26 00:00:00;SO708157;C0009;AT001;853;2024-04-09 00:00:00;2024-03-31 00:00:00;2024-03-29 00:00:00;2024-03-20 00:00:00
2024-03-26 00:00:00;SO708157;C0009;AS004;527;2024-04-09 00:00:00;2024-04-11 00:00:00;2024-03-29 00:00:00;2024-03-31 00:00:00
2024-03-26 00:00:00;SO733669;C0001;CT001;577;2024-04-23 00:00:00;2024-05-02 00:00:00;2024-03-28 00:00:00;2024-04-06 00:00:00
2024-03-26 00:00:00;SO733669;C0001;AS002;555;2024-04-23 00:00:00;2024-04-19 00:00:00;2024-03-28 00:00:00;2024-03-24 00:00:00
2024-03-26 00:00:00;SO708157;C0009;AS005;961;2024-04-09 00:00:00;2024-04-15 00:00:00;2024-03-29 00:00:00;2024-04-04 00:00:00
2024-03-26 00:00:00;SO100983;C0017;CT002;857;2024-05-21 00:00:00;2024-05-26 00:00:00;2024-03-30 00:00:00;2024-04-04 00:00:00
2024-03-26 00:00:00;SO733669;C0001;AT001;479;2024-04-23 00:00:00;2024-04-22 00:00:00;2024-03-28 00:00:00;2024-03-27 00:00:00
2024-03-27 00:00:00;SO501635;C0003;VS001;503;2024-05-08 00:00:00;2024-05-08 00:00:00;2024-03-29 00:00:00;2024-03-29 00:00:00
2024-03-27 00:00:00;SO124042;C0009;AS001;980;2024-04-10 00:00:00;2024-04-12 00:00:00;2024-03-30 00:00:00;2024-04-01 00:00:00
2024-03-27 00:00:00;SO124042;C0009;VS001;545;2024-04-10 00:00:00;2024-04-05 00:00:00;2024-03-30 00:00:00;2024-03-25 00:00:00
2024-03-27 00:00:00;SO124042;C0009;VS003;508;2024-04-10 00:00:00;2024-04-15 00:00:00;2024-03-30 00:00:00;2024-04-04 00:00:00
2024-03-27 00:00:00;SO501635;C0003;CL001;574;2024-05-08 00:00:00;2024-05-18 00:00:00;2024-03-29 00:00:00;2024-04-08 00:00:00
2024-03-27 00:00:00;SO124042;C0009;VS004;859;2024-04-10 00:00:00;2024-04-03 00:00:00;2024-03-30 00:00:00;2024-03-23 00:00:00
2024-03-27 00:00:00;SO501635;C0003;AS002;950;2024-05-08 00:00:00;2024-05-06 00:00:00;2024-03-29 00:00:00;2024-03-27 00:00:00
2024-03-27 00:00:00;SO124042;C0009;CS001;744;2024-04-10 00:00:00;2024-03-31 00:00:00;2024-03-30 00:00:00;2024-03-20 00:00:00
2024-03-27 00:00:00;SO124042;C0009;CS003;881;2024-04-10 00:00:00;2024-04-14 00:00:00;2024-03-30 00:00:00;2024-04-03 00:00:00
2024-03-27 00:00:00;SO501635;C0003;CT001;785;2024-05-08 00:00:00;2024-05-09 00:00:00;2024-03-29 00:00:00;2024-03-30 00:00:00
2024-03-27 00:00:00;SO124042;C0009;AL002;1069;2024-04-10 00:00:00;2024-04-13 00:00:00;2024-03-30 00:00:00;2024-04-02 00:00:00
2024-03-27 00:00:00;SO501635;C0003;CL002;675;2024-05-08 00:00:00;2024-05-17 00:00:00;2024-03-29 00:00:00;2024-04-07 00:00:00
2024-03-27 00:00:00;SO501635;C0003;CS003;502;2024-05-08 00:00:00;2024-05-07 00:00:00;2024-03-29 00:00:00;2024-03-28 00:00:00
2024-03-27 00:00:00;SO501635;C0003;CS002;678;2024-05-08 00:00:00;2024-05-08 00:00:00;2024-03-29 00:00:00;2024-03-29 00:00:00
2024-03-27 00:00:00;SO501635;C0003;AT001;844;2024-05-08 00:00:00;2024-05-07 00:00:00;2024-03-29 00:00:00;2024-03-28 00:00:00
2024-03-27 00:00:00;SO124042;C0009;CT002;333;2024-04-10 00:00:00;2024-04-06 00:00:00;2024-03-30 00:00:00;2024-03-26 00:00:00
2024-03-27 00:00:00;SO124042;C0009;VS002;841;2024-04-10 00:00:00;2024-04-12 00:00:00;2024-03-30 00:00:00;2024-04-01 00:00:00
2024-03-27 00:00:00;SO124042;C0009;AS002;472;2024-04-10 00:00:00;2024-04-13 00:00:00;2024-03-30 00:00:00;2024-04-02 00:00:00
2024-03-28 00:00:00;SO479661;C0024;AS002;914;2024-04-25 00:00:00;2024-04-15 00:00:00;2024-04-01 00:00:00;2024-03-22 00:00:00
2024-03-28 00:00:00;SO450768;C0026;AS003;731;2024-05-02 00:00:00;2024-04-25 00:00:00;2024-04-05 00:00:00;2024-03-29 00:00:00
2024-03-28 00:00:00;SO926898;C0030;CL001;538;2024-05-30 00:00:00;2024-06-06 00:00:00;2024-04-05 00:00:00;2024-04-12 00:00:00
2024-03-28 00:00:00;SO450768;C0026;CL002;553;2024-05-02 00:00:00;2024-05-12 00:00:00;2024-04-05 00:00:00;2024-04-15 00:00:00
2024-03-28 00:00:00;SO926898;C0030;CS001;822;2024-05-30 00:00:00;2024-05-31 00:00:00;2024-04-05 00:00:00;2024-04-06 00:00:00
2024-03-28 00:00:00;SO926898;C0030;AS005;897;2024-05-30 00:00:00;2024-06-02 00:00:00;2024-04-05 00:00:00;2024-04-08 00:00:00
2024-03-28 00:00:00;SO450768;C0026;CS003;1000;2024-05-02 00:00:00;2024-05-05 00:00:00;2024-04-05 00:00:00;2024-04-08 00:00:00
2024-03-28 00:00:00;SO479661;C0024;AT002;640;2024-04-25 00:00:00;2024-04-15 00:00:00;2024-04-01 00:00:00;2024-03-22 00:00:00
2024-03-28 00:00:00;SO450768;C0026;CT003;948;2024-05-02 00:00:00;2024-04-23 00:00:00;2024-04-05 00:00:00;2024-03-27 00:00:00
2024-03-28 00:00:00;SO926898;C0030;VS002;1029;2024-05-30 00:00:00;2024-05-28 00:00:00;2024-04-05 00:00:00;2024-04-03 00:00:00
2024-03-28 00:00:00;SO479661;C0024;CS003;875;2024-04-25 00:00:00;2024-04-30 00:00:00;2024-04-01 00:00:00;2024-04-06 00:00:00
2024-03-28 00:00:00;SO479661;C0024;CS002;338;2024-04-25 00:00:00;2024-04-25 00:00:00;2024-04-01 00:00:00;2024-04-01 00:00:00
2024-03-28 00:00:00;SO450768;C0026;CL001;744;2024-05-02 00:00:00;2024-05-01 00:00:00;2024-04-05 00:00:00;2024-04-04 00:00:00
2024-03-28 00:00:00;SO450768;C0026;VS002;763;2024-05-02 00:00:00;2024-05-09 00:00:00;2024-04-05 00:00:00;2024-04-12 00:00:00
2024-03-28 00:00:00;SO450768;C0026;AS005;728;2024-05-02 00:00:00;2024-04-30 00:00:00;2024-04-05 00:00:00;2024-04-03 00:00:00
2024-03-28 00:00:00;SO450768;C0026;VS004;1015;2024-05-02 00:00:00;2024-04-24 00:00:00;2024-04-05 00:00:00;2024-03-28 00:00:00
2024-03-28 00:00:00;SO479661;C0024;AL001;645;2024-04-25 00:00:00;2024-05-04 00:00:00;2024-04-01 00:00:00;2024-04-10 00:00:00
2024-03-28 00:00:00;SO450768;C0026;AS001;503;2024-05-02 00:00:00;2024-05-12 00:00:00;2024-04-05 00:00:00;2024-04-15 00:00:00
2024-03-28 00:00:00;SO926898;C0030;VS001;840;2024-05-30 00:00:00;2024-05-20 00:00:00;2024-04-05 00:00:00;2024-03-26 00:00:00
2024-03-28 00:00:00;SO450768;C0026;AT001;540;2024-05-02 00:00:00;2024-05-06 00:00:00;2024-04-05 00:00:00;2024-04-09 00:00:00
2024-03-29 00:00:00;SO635412;C0007;AS004;1346;2024-05-31 00:00:00;2024-06-09 00:00:00;2024-04-01 00:00:00;2024-04-10 00:00:00
2024-03-29 00:00:00;SO440501;C0024;CT003;1315;2024-04-26 00:00:00;2024-05-06 00:00:00;2024-04-02 00:00:00;2024-04-12 00:00:00
2024-03-29 00:00:00;SO635412;C0007;CT001;979;2024-05-31 00:00:00;2024-05-25 00:00:00;2024-04-01 00:00:00;2024-03-26 00:00:00
2024-03-29 00:00:00;SO440501;C0024;AL001;616;2024-04-26 00:00:00;2024-05-06 00:00:00;2024-04-02 00:00:00;2024-04-12 00:00:00
2024-03-29 00:00:00;SO635412;C0007;AL001;814;2024-05-31 00:00:00;2024-06-08 00:00:00;2024-04-01 00:00:00;2024-04-09 00:00:00
2024-03-29 00:00:00;SO440501;C0024;AL002;496;2024-04-26 00:00:00;2024-04-24 00:00:00;2024-04-02 00:00:00;2024-03-31 00:00:00
2024-03-29 00:00:00;SO635412;C0007;AS003;923;2024-05-31 00:00:00;2024-05-23 00:00:00;2024-04-01 00:00:00;2024-03-24 00:00:00
2024-03-29 00:00:00;SO440501;C0024;CT002;1315;2024-04-26 00:00:00;2024-04-27 00:00:00;2024-04-02 00:00:00;2024-04-03 00:00:00
2024-03-29 00:00:00;SO440501;C0024;CL001;408;2024-04-26 00:00:00;2024-04-26 00:00:00;2024-04-02 00:00:00;2024-04-02 00:00:00
2024-03-29 00:00:00;SO440501;C0024;VS004;780;2024-04-26 00:00:00;2024-05-04 00:00:00;2024-04-02 00:00:00;2024-04-10 00:00:00
2024-03-29 00:00:00;SO440501;C0024;AS002;656;2024-04-26 00:00:00;2024-04-30 00:00:00;2024-04-02 00:00:00;2024-04-06 00:00:00
2024-03-29 00:00:00;SO635412;C0007;AS005;1006;2024-05-31 00:00:00;2024-06-10 00:00:00;2024-04-01 00:00:00;2024-04-11 00:00:00
2024-03-29 00:00:00;SO440501;C0024;AS001;707;2024-04-26 00:00:00;2024-04-19 00:00:00;2024-04-02 00:00:00;2024-03-26 00:00:00
2024-03-29 00:00:00;SO635412;C0007;CS004;496;2024-05-31 00:00:00;2024-05-21 00:00:00;2024-04-01 00:00:00;2024-03-22 00:00:00
2024-03-29 00:00:00;SO635412;C0007;CS001;818;2024-05-31 00:00:00;2024-06-09 00:00:00;2024-04-01 00:00:00;2024-04-10 00:00:00
2024-03-29 00:00:00;SO440501;C0024;AT002;382;2024-04-26 00:00:00;2024-04-26 00:00:00;2024-04-02 00:00:00;2024-04-02 00:00:00
2024-03-29 00:00:00;SO635412;C0007;VS001;304;2024-05-31 00:00:00;2024-06-06 00:00:00;2024-04-01 00:00:00;2024-04-07 00:00:00
2024-03-29 00:00:00;SO440501;C0024;VS002;1061;2024-04-26 00:00:00;2024-05-02 00:00:00;2024-04-02 00:00:00;2024-04-08 00:00:00
2024-03-29 00:00:00;SO440501;C0024;CL002;449;2024-04-26 00:00:00;2024-04-30 00:00:00;2024-04-02 00:00:00;2024-04-06 00:00:00
2024-03-29 00:00:00;SO635412;C0007;CL002;897;2024-05-31 00:00:00;2024-05-23 00:00:00;2024-04-01 00:00:00;2024-03-24 00:00:00
2024-04-01 00:00:00;SO652727;C0020;VS003;876;2024-05-27 00:00:00;2024-05-26 00:00:00;2024-04-05 00:00:00;2024-04-04 00:00:00
2024-04-01 00:00:00;SO352827;C0022;CS001;324;2024-05-13 00:00:00;2024-05-06 00:00:00;2024-04-05 00:00:00;2024-03-29 00:00:00
2024-04-01 00:00:00;SO994134;C0025;AS004;318;2024-04-29 00:00:00;2024-05-09 00:00:00;2024-04-09 00:00:00;2024-04-19 00:00:00
2024-04-01 00:00:00;SO473018;C0019;AS004;463;2024-06-03 00:00:00;2024-06-08 00:00:00;2024-04-05 00:00:00;2024-04-10 00:00:00
2024-04-01 00:00:00;SO352827;C0022;VS002;640;2024-05-13 00:00:00;2024-05-12 00:00:00;2024-04-05 00:00:00;2024-04-04 00:00:00
2024-04-01 00:00:00;SO473018;C0019;AT002;578;2024-06-03 00:00:00;2024-06-11 00:00:00;2024-04-05 00:00:00;2024-04-13 00:00:00
2024-04-01 00:00:00;SO994134;C0025;AT002;1130;2024-04-29 00:00:00;2024-04-25 00:00:00;2024-04-09 00:00:00;2024-04-05 00:00:00
2024-04-01 00:00:00;SO994134;C0025;AS005;1034;2024-04-29 00:00:00;2024-05-09 00:00:00;2024-04-09 00:00:00;2024-04-19 00:00:00
2024-04-01 00:00:00;SO652727;C0020;AS004;656;2024-05-27 00:00:00;2024-05-20 00:00:00;2024-04-05 00:00:00;2024-03-29 00:00:00
2024-04-01 00:00:00;SO994134;C0025;AL001;324;2024-04-29 00:00:00;2024-04-20 00:00:00;2024-04-09 00:00:00;2024-03-31 00:00:00
2024-04-01 00:00:00;SO352827;C0022;CT003;979;2024-05-13 00:00:00;2024-05-04 00:00:00;2024-04-05 00:00:00;2024-03-27 00:00:00
2024-04-01 00:00:00;SO994134;C0025;VS001;892;2024-04-29 00:00:00;2024-04-30 00:00:00;2024-04-09 00:00:00;2024-04-10 00:00:00
2024-04-01 00:00:00;SO652727;C0020;VS001;480;2024-05-27 00:00:00;2024-05-23 00:00:00;2024-04-05 00:00:00;2024-04-01 00:00:00
2024-04-01 00:00:00;SO652727;C0020;AS003;322;2024-05-27 00:00:00;2024-05-25 00:00:00;2024-04-05 00:00:00;2024-04-03 00:00:00
2024-04-01 00:00:00;SO473018;C0019;AL002;1001;2024-06-03 00:00:00;2024-06-01 00:00:00;2024-04-05 00:00:00;2024-04-03 00:00:00
2024-04-02 00:00:00;SO828578;C0020;VS003;1071;2024-05-28 00:00:00;2024-06-05 00:00:00;2024-04-06 00:00:00;2024-04-14 00:00:00
2024-04-02 00:00:00;SO666782;C0030;AS003;597;2024-06-04 00:00:00;2024-06-03 00:00:00;2024-04-10 00:00:00;2024-04-09 00:00:00
2024-04-02 00:00:00;SO974078;C0016;AS005;265;2024-04-16 00:00:00;2024-04-18 00:00:00;2024-04-06 00:00:00;2024-04-08 00:00:00
2024-04-02 00:00:00;SO974078;C0016;AT002;1112;2024-04-16 00:00:00;2024-04-15 00:00:00;2024-04-06 00:00:00;2024-04-05 00:00:00
2024-04-02 00:00:00;SO666782;C0030;AL001;1212;2024-06-04 00:00:00;2024-05-28 00:00:00;2024-04-10 00:00:00;2024-04-03 00:00:00
2024-04-02 00:00:00;SO828578;C0020;AL002;616;2024-05-28 00:00:00;2024-05-22 00:00:00;2024-04-06 00:00:00;2024-03-31 00:00:00
2024-04-02 00:00:00;SO974078;C0016;VS001;645;2024-04-16 00:00:00;2024-04-20 00:00:00;2024-04-06 00:00:00;2024-04-10 00:00:00
2024-04-02 00:00:00;SO666782;C0030;AS004;527;2024-06-04 00:00:00;2024-06-03 00:00:00;2024-04-10 00:00:00;2024-04-09 00:00:00
2024-04-02 00:00:00;SO828578;C0020;CS001;1008;2024-05-28 00:00:00;2024-06-03 00:00:00;2024-04-06 00:00:00;2024-04-12 00:00:00
2024-04-02 00:00:00;SO666782;C0030;VS001;1043;2024-06-04 00:00:00;2024-06-02 00:00:00;2024-04-10 00:00:00;2024-04-08 00:00:00
2024-04-02 00:00:00;SO666782;C0030;AS005;785;2024-06-04 00:00:00;2024-05-25 00:00:00;2024-04-10 00:00:00;2024-03-31 00:00:00
2024-04-02 00:00:00;SO666782;C0030;CS001;1068;2024-06-04 00:00:00;2024-05-29 00:00:00;2024-04-10 00:00:00;2024-04-04 00:00:00
2024-04-02 00:00:00;SO974078;C0016;AS004;873;2024-04-16 00:00:00;2024-04-22 00:00:00;2024-04-06 00:00:00;2024-04-12 00:00:00
2024-04-02 00:00:00;SO974078;C0016;CS004;1053;2024-04-16 00:00:00;2024-04-23 00:00:00;2024-04-06 00:00:00;2024-04-13 00:00:00
2024-04-02 00:00:00;SO828578;C0020;CT003;652;2024-05-28 00:00:00;2024-05-27 00:00:00;2024-04-06 00:00:00;2024-04-05 00:00:00
2024-04-02 00:00:00;SO828578;C0020;VS001;1025;2024-05-28 00:00:00;2024-05-19 00:00:00;2024-04-06 00:00:00;2024-03-28 00:00:00
2024-04-02 00:00:00;SO828578;C0020;CL001;1247;2024-05-28 00:00:00;2024-06-06 00:00:00;2024-04-06 00:00:00;2024-04-15 00:00:00
2024-04-02 00:00:00;SO666782;C0030;AT002;1215;2024-06-04 00:00:00;2024-05-25 00:00:00;2024-04-10 00:00:00;2024-03-31 00:00:00
2024-04-02 00:00:00;SO666782;C0030;CS004;480;2024-06-04 00:00:00;2024-05-30 00:00:00;2024-04-10 00:00:00;2024-04-05 00:00:00
2024-04-03 00:00:00;SO382616;C0005;VS002;357;2024-05-29 00:00:00;2024-05-31 00:00:00;2024-04-05 00:00:00;2024-04-07 00:00:00
2024-04-03 00:00:00;SO596563;C0018;CS004;341;2024-06-05 00:00:00;2024-06-06 00:00:00;2024-04-07 00:00:00;2024-04-08 00:00:00
2024-04-03 00:00:00;SO596563;C0018;AL002;794;2024-06-05 00:00:00;2024-05-26 00:00:00;2024-04-07 00:00:00;2024-03-28 00:00:00
2024-04-03 00:00:00;SO596563;C0018;VS002;511;2024-06-05 00:00:00;2024-05-30 00:00:00;2024-04-07 00:00:00;2024-04-01 00:00:00
2024-04-03 00:00:00;SO382616;C0005;CS001;667;2024-05-29 00:00:00;2024-06-03 00:00:00;2024-04-05 00:00:00;2024-04-10 00:00:00
2024-04-03 00:00:00;SO382616;C0005;CL001;709;2024-05-29 00:00:00;2024-06-03 00:00:00;2024-04-05 00:00:00;2024-04-10 00:00:00
2024-04-03 00:00:00;SO596563;C0018;CS001;529;2024-06-05 00:00:00;2024-06-08 00:00:00;2024-04-07 00:00:00;2024-04-10 00:00:00
2024-04-03 00:00:00;SO382616;C0005;AS005;986;2024-05-29 00:00:00;2024-06-06 00:00:00;2024-04-05 00:00:00;2024-04-13 00:00:00
2024-04-03 00:00:00;SO596563;C0018;CT003;841;2024-06-05 00:00:00;2024-06-12 00:00:00;2024-04-07 00:00:00;2024-04-14 00:00:00
2024-04-03 00:00:00;SO596563;C0018;VS001;742;2024-06-05 00:00:00;2024-06-10 00:00:00;2024-04-07 00:00:00;2024-04-12 00:00:00
2024-04-03 00:00:00;SO596563;C0018;AL001;401;2024-06-05 00:00:00;2024-06-15 00:00:00;2024-04-07 00:00:00;2024-04-17 00:00:00
2024-04-03 00:00:00;SO382616;C0005;AT002;506;2024-05-29 00:00:00;2024-05-25 00:00:00;2024-04-05 00:00:00;2024-04-01 00:00:00
2024-04-03 00:00:00;SO596563;C0018;CL001;1057;2024-06-05 00:00:00;2024-05-31 00:00:00;2024-04-07 00:00:00;2024-04-02 00:00:00
2024-04-03 00:00:00;SO382616;C0005;CS004;856;2024-05-29 00:00:00;2024-06-02 00:00:00;2024-04-05 00:00:00;2024-04-09 00:00:00
2024-04-03 00:00:00;SO382616;C0005;VS003;876;2024-05-29 00:00:00;2024-05-25 00:00:00;2024-04-05 00:00:00;2024-04-01 00:00:00
2024-04-03 00:00:00;SO382616;C0005;AS004;834;2024-05-29 00:00:00;2024-06-08 00:00:00;2024-04-05 00:00:00;2024-04-15 00:00:00
2024-04-04 00:00:00;SO653268;C0001;AL001;689;2024-05-02 00:00:00;2024-05-05 00:00:00;2024-04-06 00:00:00;2024-04-09 00:00:00
2024-04-04 00:00:00;SO467203;C0006;CL001;549;2024-06-06 00:00:00;2024-05-30 00:00:00;2024-04-06 00:00:00;2024-03-30 00:00:00
2024-04-04 00:00:00;SO300686;C0018;CT003;812;2024-06-06 00:00:00;2024-06-03 00:00:00;2024-04-08 00:00:00;2024-04-05 00:00:00
2024-04-04 00:00:00;SO653268;C0001;AS003;798;2024-05-02 00:00:00;2024-04-22 00:00:00;2024-04-06 00:00:00;2024-03-27 00:00:00
2024-04-04 00:00:00;SO300686;C0018;VS001;528;2024-06-06 00:00:00;2024-06-08 00:00:00;2024-04-08 00:00:00;2024-04-10 00:00:00
2024-04-04 00:00:00;SO653268;C0001;VS001;833;2024-05-02 00:00:00;2024-05-02 00:00:00;2024-04-06 00:00:00;2024-04-06 00:00:00
2024-04-04 00:00:00;SO300686;C0018;VS003;323;2024-06-06 00:00:00;2024-06-13 00:00:00;2024-04-08 00:00:00;2024-04-15 00:00:00
2024-04-04 00:00:00;SO653268;C0001;AS005;455;2024-05-02 00:00:00;2024-05-06 00:00:00;2024-04-06 00:00:00;2024-04-10 00:00:00
2024-04-04 00:00:00;SO300686;C0018;AL001;730;2024-06-06 00:00:00;2024-06-07 00:00:00;2024-04-08 00:00:00;2024-04-09 00:00:00
2024-04-04 00:00:00;SO653268;C0001;AT002;534;2024-05-02 00:00:00;2024-05-11 00:00:00;2024-04-06 00:00:00;2024-04-15 00:00:00
2024-04-04 00:00:00;SO467203;C0006;CT003;964;2024-06-06 00:00:00;2024-05-28 00:00:00;2024-04-06 00:00:00;2024-03-28 00:00:00
2024-04-04 00:00:00;SO300686;C0018;CS001;1050;2024-06-06 00:00:00;2024-06-14 00:00:00;2024-04-08 00:00:00;2024-04-16 00:00:00
2024-04-04 00:00:00;SO300686;C0018;CL001;917;2024-06-06 00:00:00;2024-06-14 00:00:00;2024-04-08 00:00:00;2024-04-16 00:00:00
2024-04-05 00:00:00;SO501612;C0017;VS003;662;2024-05-31 00:00:00;2024-05-25 00:00:00;2024-04-09 00:00:00;2024-04-03 00:00:00
2024-04-05 00:00:00;SO500589;C0019;AS005;918;2024-06-07 00:00:00;2024-06-16 00:00:00;2024-04-09 00:00:00;2024-04-18 00:00:00
2024-04-05 00:00:00;SO959970;C0001;VS002;1071;2024-05-03 00:00:00;2024-05-07 00:00:00;2024-04-07 00:00:00;2024-04-11 00:00:00
2024-04-05 00:00:00;SO767388;C0026;CL001;440;2024-05-10 00:00:00;2024-05-01 00:00:00;2024-04-13 00:00:00;2024-04-04 00:00:00
2024-04-05 00:00:00;SO500589;C0019;VS001;1113;2024-06-07 00:00:00;2024-06-01 00:00:00;2024-04-09 00:00:00;2024-04-03 00:00:00
2024-04-05 00:00:00;SO500589;C0019;CS004;499;2024-06-07 00:00:00;2024-06-04 00:00:00;2024-04-09 00:00:00;2024-04-06 00:00:00
2024-04-05 00:00:00;SO959970;C0001;AS004;439;2024-05-03 00:00:00;2024-05-03 00:00:00;2024-04-07 00:00:00;2024-04-07 00:00:00
2024-04-05 00:00:00;SO500589;C0019;AT002;698;2024-06-07 00:00:00;2024-05-31 00:00:00;2024-04-09 00:00:00;2024-04-02 00:00:00
2024-04-05 00:00:00;SO959970;C0001;AL002;1102;2024-05-03 00:00:00;2024-05-07 00:00:00;2024-04-07 00:00:00;2024-04-11 00:00:00
2024-04-05 00:00:00;SO959970;C0001;CT003;1207;2024-05-03 00:00:00;2024-05-09 00:00:00;2024-04-07 00:00:00;2024-04-13 00:00:00
2024-04-05 00:00:00;SO500589;C0019;CS001;746;2024-06-07 00:00:00;2024-06-12 00:00:00;2024-04-09 00:00:00;2024-04-14 00:00:00
2024-04-05 00:00:00;SO501612;C0017;AS005;657;2024-05-31 00:00:00;2024-05-25 00:00:00;2024-04-09 00:00:00;2024-04-03 00:00:00
2024-04-05 00:00:00;SO959970;C0001;AS003;592;2024-05-03 00:00:00;2024-05-07 00:00:00;2024-04-07 00:00:00;2024-04-11 00:00:00
2024-04-05 00:00:00;SO500589;C0019;VS002;1341;2024-06-07 00:00:00;2024-06-05 00:00:00;2024-04-09 00:00:00;2024-04-07 00:00:00
2024-04-08 00:00:00;SO666945;C0011;CS001;412;2024-05-13 00:00:00;2024-05-06 00:00:00;2024-04-11 00:00:00;2024-04-04 00:00:00
2024-04-08 00:00:00;SO197540;C0023;CT003;634;2024-05-13 00:00:00;2024-05-10 00:00:00;2024-04-12 00:00:00;2024-04-09 00:00:00
2024-04-08 00:00:00;SO197540;C0023;AS005;1158;2024-05-13 00:00:00;2024-05-03 00:00:00;2024-04-12 00:00:00;2024-04-02 00:00:00
2024-04-08 00:00:00;SO666945;C0011;AT002;546;2024-05-13 00:00:00;2024-05-22 00:00:00;2024-04-11 00:00:00;2024-04-20 00:00:00
2024-04-08 00:00:00;SO666945;C0011;AS005;881;2024-05-13 00:00:00;2024-05-23 00:00:00;2024-04-11 00:00:00;2024-04-21 00:00:00
2024-04-08 00:00:00;SO197540;C0023;AL001;944;2024-05-13 00:00:00;2024-05-23 00:00:00;2024-04-12 00:00:00;2024-04-22 00:00:00
2024-04-08 00:00:00;SO666945;C0011;AL002;814;2024-05-13 00:00:00;2024-05-03 00:00:00;2024-04-11 00:00:00;2024-04-01 00:00:00
2024-04-08 00:00:00;SO197540;C0023;AL002;564;2024-05-13 00:00:00;2024-05-21 00:00:00;2024-04-12 00:00:00;2024-04-20 00:00:00
2024-04-08 00:00:00;SO197540;C0023;AT002;1059;2024-05-13 00:00:00;2024-05-12 00:00:00;2024-04-12 00:00:00;2024-04-11 00:00:00
2024-04-08 00:00:00;SO666945;C0011;AS003;599;2024-05-13 00:00:00;2024-05-12 00:00:00;2024-04-11 00:00:00;2024-04-10 00:00:00
2024-04-08 00:00:00;SO197540;C0023;VS001;447;2024-05-13 00:00:00;2024-05-16 00:00:00;2024-04-12 00:00:00;2024-04-15 00:00:00
2024-04-08 00:00:00;SO197540;C0023;CL001;372;2024-05-13 00:00:00;2024-05-20 00:00:00;2024-04-12 00:00:00;2024-04-19 00:00:00
2024-04-08 00:00:00;SO197540;C0023;CS001;1009;2024-05-13 00:00:00;2024-05-19 00:00:00;2024-04-12 00:00:00;2024-04-18 00:00:00
2024-04-08 00:00:00;SO197540;C0023;AS003;778;2024-05-13 00:00:00;2024-05-13 00:00:00;2024-04-12 00:00:00;2024-04-12 00:00:00
2024-04-08 00:00:00;SO197540;C0023;CS004;649;2024-05-13 00:00:00;2024-05-03 00:00:00;2024-04-12 00:00:00;2024-04-02 00:00:00
2024-04-09 00:00:00;SO840716;C0029;CT003;873;2024-06-04 00:00:00;2024-06-07 00:00:00;2024-04-17 00:00:00;2024-04-20 00:00:00
2024-04-09 00:00:00;SO247538;C0025;AS003;302;2024-05-07 00:00:00;2024-05-08 00:00:00;2024-04-17 00:00:00;2024-04-18 00:00:00
2024-04-09 00:00:00;SO247538;C0025;AS005;521;2024-05-07 00:00:00;2024-05-01 00:00:00;2024-04-17 00:00:00;2024-04-11 00:00:00
2024-04-09 00:00:00;SO840716;C0029;AL001;1011;2024-06-04 00:00:00;2024-06-05 00:00:00;2024-04-17 00:00:00;2024-04-18 00:00:00
2024-04-09 00:00:00;SO247538;C0025;VS002;366;2024-05-07 00:00:00;2024-05-09 00:00:00;2024-04-17 00:00:00;2024-04-19 00:00:00
2024-04-09 00:00:00;SO247538;C0025;AL002;1219;2024-05-07 00:00:00;2024-05-07 00:00:00;2024-04-17 00:00:00;2024-04-17 00:00:00
2024-04-09 00:00:00;SO840716;C0029;AS005;664;2024-06-04 00:00:00;2024-06-10 00:00:00;2024-04-17 00:00:00;2024-04-23 00:00:00
2024-04-09 00:00:00;SO247538;C0025;AT002;569;2024-05-07 00:00:00;2024-05-10 00:00:00;2024-04-17 00:00:00;2024-04-20 00:00:00
2024-04-09 00:00:00;SO247538;C0025;CS004;764;2024-05-07 00:00:00;2024-04-28 00:00:00;2024-04-17 00:00:00;2024-04-08 00:00:00
2024-04-09 00:00:00;SO247538;C0025;VS001;775;2024-05-07 00:00:00;2024-05-17 00:00:00;2024-04-17 00:00:00;2024-04-27 00:00:00
2024-04-09 00:00:00;SO247538;C0025;AL001;1273;2024-05-07 00:00:00;2024-04-30 00:00:00;2024-04-17 00:00:00;2024-04-10 00:00:00
2024-04-09 00:00:00;SO840716;C0029;VS001;969;2024-06-04 00:00:00;2024-05-25 00:00:00;2024-04-17 00:00:00;2024-04-07 00:00:00
2024-04-09 00:00:00;SO247538;C0025;AS004;668;2024-05-07 00:00:00;2024-04-27 00:00:00;2024-04-17 00:00:00;2024-04-07 00:00:00
2024-04-09 00:00:00;SO247538;C0025;CS001;453;2024-05-07 00:00:00;2024-05-09 00:00:00;2024-04-17 00:00:00;2024-04-19 00:00:00
2024-04-09 00:00:00;SO247538;C0025;CL001;947;2024-05-07 00:00:00;2024-05-06 00:00:00;2024-04-17 00:00:00;2024-04-16 00:00:00
2024-04-09 00:00:00;SO247538;C0025;CT003;1332;2024-05-07 00:00:00;2024-05-13 00:00:00;2024-04-17 00:00:00;2024-04-23 00:00:00
2024-04-09 00:00:00;SO247538;C0025;VS003;394;2024-05-07 00:00:00;2024-05-02 00:00:00;2024-04-17 00:00:00;2024-04-12 00:00:00
2024-04-10 00:00:00;SO523515;C0023;CS001;644;2024-05-15 00:00:00;2024-05-19 00:00:00;2024-04-14 00:00:00;2024-04-18 00:00:00
2024-04-10 00:00:00;SO195036;C0005;AT002;428;2024-06-05 00:00:00;2024-06-03 00:00:00;2024-04-12 00:00:00;2024-04-10 00:00:00
2024-04-10 00:00:00;SO195036;C0005;CL001;928;2024-06-05 00:00:00;2024-06-03 00:00:00;2024-04-12 00:00:00;2024-04-10 00:00:00
2024-04-10 00:00:00;SO523515;C0023;AS003;553;2024-05-15 00:00:00;2024-05-25 00:00:00;2024-04-14 00:00:00;2024-04-24 00:00:00
2024-04-10 00:00:00;SO523515;C0023;AL001;611;2024-05-15 00:00:00;2024-05-22 00:00:00;2024-04-14 00:00:00;2024-04-21 00:00:00
2024-04-10 00:00:00;SO195036;C0005;VS002;881;2024-06-05 00:00:00;2024-06-15 00:00:00;2024-04-12 00:00:00;2024-04-22 00:00:00
2024-04-10 00:00:00;SO523515;C0023;VS003;857;2024-05-15 00:00:00;2024-05-18 00:00:00;2024-04-14 00:00:00;2024-04-17 00:00:00
2024-04-10 00:00:00;SO195036;C0005;AS003;1029;2024-06-05 00:00:00;2024-06-08 00:00:00;2024-04-12 00:00:00;2024-04-15 00:00:00
2024-04-10 00:00:00;SO523515;C0023;CL001;322;2024-05-15 00:00:00;2024-05-16 00:00:00;2024-04-14 00:00:00;2024-04-15 00:00:00
2024-04-10 00:00:00;SO195036;C0005;AL002;403;2024-06-05 00:00:00;2024-06-08 00:00:00;2024-04-12 00:00:00;2024-04-15 00:00:00
2024-04-10 00:00:00;SO523515;C0023;AT002;617;2024-05-15 00:00:00;2024-05-24 00:00:00;2024-04-14 00:00:00;2024-04-23 00:00:00
2024-04-10 00:00:00;SO195036;C0005;AS005;506;2024-06-05 00:00:00;2024-06-02 00:00:00;2024-04-12 00:00:00;2024-04-09 00:00:00
2024-04-11 00:00:00;SO502186;C0015;VS001;347;2024-05-23 00:00:00;2024-05-25 00:00:00;2024-04-15 00:00:00;2024-04-17 00:00:00
2024-04-11 00:00:00;SO642539;C0011;CS001;1009;2024-05-16 00:00:00;2024-05-24 00:00:00;2024-04-14 00:00:00;2024-04-22 00:00:00
2024-04-11 00:00:00;SO642539;C0011;AS004;341;2024-05-16 00:00:00;2024-05-08 00:00:00;2024-04-14 00:00:00;2024-04-06 00:00:00
2024-04-11 00:00:00;SO502186;C0015;CS004;719;2024-05-23 00:00:00;2024-05-23 00:00:00;2024-04-15 00:00:00;2024-04-15 00:00:00
2024-04-11 00:00:00;SO502186;C0015;AS003;746;2024-05-23 00:00:00;2024-05-25 00:00:00;2024-04-15 00:00:00;2024-04-17 00:00:00
2024-04-11 00:00:00;SO502186;C0015;AL001;638;2024-05-23 00:00:00;2024-05-13 00:00:00;2024-04-15 00:00:00;2024-04-05 00:00:00
2024-04-11 00:00:00;SO642539;C0011;VS002;696;2024-05-16 00:00:00;2024-05-13 00:00:00;2024-04-14 00:00:00;2024-04-11 00:00:00
2024-04-11 00:00:00;SO642539;C0011;AL001;463;2024-05-16 00:00:00;2024-05-09 00:00:00;2024-04-14 00:00:00;2024-04-07 00:00:00
2024-04-11 00:00:00;SO502186;C0015;AS004;817;2024-05-23 00:00:00;2024-05-30 00:00:00;2024-04-15 00:00:00;2024-04-22 00:00:00
2024-04-11 00:00:00;SO642539;C0011;CL001;881;2024-05-16 00:00:00;2024-05-22 00:00:00;2024-04-14 00:00:00;2024-04-20 00:00:00
2024-04-11 00:00:00;SO502186;C0015;AT002;907;2024-05-23 00:00:00;2024-05-23 00:00:00;2024-04-15 00:00:00;2024-04-15 00:00:00
2024-04-11 00:00:00;SO642539;C0011;AL002;702;2024-05-16 00:00:00;2024-05-20 00:00:00;2024-04-14 00:00:00;2024-04-18 00:00:00
2024-04-11 00:00:00;SO642539;C0011;AS003;1017;2024-05-16 00:00:00;2024-05-13 00:00:00;2024-04-14 00:00:00;2024-04-11 00:00:00
2024-04-11 00:00:00;SO502186;C0015;AL002;692;2024-05-23 00:00:00;2024-05-24 00:00:00;2024-04-15 00:00:00;2024-04-16 00:00:00
2024-04-11 00:00:00;SO642539;C0011;VS003;444;2024-05-16 00:00:00;2024-05-19 00:00:00;2024-04-14 00:00:00;2024-04-17 00:00:00
2024-04-11 00:00:00;SO642539;C0011;CS004;595;2024-05-16 00:00:00;2024-05-14 00:00:00;2024-04-14 00:00:00;2024-04-12 00:00:00
2024-04-11 00:00:00;SO502186;C0015;AS005;941;2024-05-23 00:00:00;2024-05-23 00:00:00;2024-04-15 00:00:00;2024-04-15 00:00:00
2024-04-11 00:00:00;SO502186;C0015;CL001;1135;2024-05-23 00:00:00;2024-05-28 00:00:00;2024-04-15 00:00:00;2024-04-20 00:00:00
2024-04-11 00:00:00;SO502186;C0015;CT003;308;2024-05-23 00:00:00;2024-05-19 00:00:00;2024-04-15 00:00:00;2024-04-11 00:00:00
2024-04-11 00:00:00;SO502186;C0015;VS002;375;2024-05-23 00:00:00;2024-05-31 00:00:00;2024-04-15 00:00:00;2024-04-23 00:00:00
2024-04-12 00:00:00;SO952243;C0015;VS003;1046;2024-05-24 00:00:00;2024-05-31 00:00:00;2024-04-16 00:00:00;2024-04-23 00:00:00
2024-04-12 00:00:00;SO961409;C0020;VS002;979;2024-06-07 00:00:00;2024-06-10 00:00:00;2024-04-16 00:00:00;2024-04-19 00:00:00
2024-04-12 00:00:00;SO212825;C0016;VS001;672;2024-04-26 00:00:00;2024-04-24 00:00:00;2024-04-16 00:00:00;2024-04-14 00:00:00
2024-04-12 00:00:00;SO952243;C0015;CS001;862;2024-05-24 00:00:00;2024-05-15 00:00:00;2024-04-16 00:00:00;2024-04-07 00:00:00
2024-04-12 00:00:00;SO952243;C0015;AL002;909;2024-05-24 00:00:00;2024-05-14 00:00:00;2024-04-16 00:00:00;2024-04-06 00:00:00
2024-04-12 00:00:00;SO952243;C0015;VS001;781;2024-05-24 00:00:00;2024-05-26 00:00:00;2024-04-16 00:00:00;2024-04-18 00:00:00
2024-04-12 00:00:00;SO961409;C0020;CS001;379;2024-06-07 00:00:00;2024-06-09 00:00:00;2024-04-16 00:00:00;2024-04-18 00:00:00
2024-04-12 00:00:00;SO952243;C0015;CT003;629;2024-05-24 00:00:00;2024-05-23 00:00:00;2024-04-16 00:00:00;2024-04-15 00:00:00
2024-04-12 00:00:00;SO212825;C0016;VS002;494;2024-04-26 00:00:00;2024-04-27 00:00:00;2024-04-16 00:00:00;2024-04-17 00:00:00
2024-04-12 00:00:00;SO952243;C0015;AS003;558;2024-05-24 00:00:00;2024-05-26 00:00:00;2024-04-16 00:00:00;2024-04-18 00:00:00
2024-04-12 00:00:00;SO961409;C0020;AL001;783;2024-06-07 00:00:00;2024-06-09 00:00:00;2024-04-16 00:00:00;2024-04-18 00:00:00
2024-04-12 00:00:00;SO212825;C0016;AS004;619;2024-04-26 00:00:00;2024-04-28 00:00:00;2024-04-16 00:00:00;2024-04-18 00:00:00
2024-04-12 00:00:00;SO952243;C0015;AS005;1179;2024-05-24 00:00:00;2024-05-30 00:00:00;2024-04-16 00:00:00;2024-04-22 00:00:00
2024-04-12 00:00:00;SO952243;C0015;CL001;823;2024-05-24 00:00:00;2024-06-03 00:00:00;2024-04-16 00:00:00;2024-04-26 00:00:00
2024-04-12 00:00:00;SO961409;C0020;VS001;969;2024-06-07 00:00:00;2024-06-12 00:00:00;2024-04-16 00:00:00;2024-04-21 00:00:00
2024-04-12 00:00:00;SO961409;C0020;AS005;502;2024-06-07 00:00:00;2024-06-01 00:00:00;2024-04-16 00:00:00;2024-04-10 00:00:00
2024-04-12 00:00:00;SO212825;C0016;AS005;540;2024-04-26 00:00:00;2024-04-30 00:00:00;2024-04-16 00:00:00;2024-04-20 00:00:00
2024-04-12 00:00:00;SO961409;C0020;CS004;1159;2024-06-07 00:00:00;2024-05-31 00:00:00;2024-04-16 00:00:00;2024-04-09 00:00:00
2024-04-12 00:00:00;SO952243;C0015;CS004;963;2024-05-24 00:00:00;2024-06-01 00:00:00;2024-04-16 00:00:00;2024-04-24 00:00:00
2024-04-12 00:00:00;SO212825;C0016;VS003;946;2024-04-26 00:00:00;2024-04-21 00:00:00;2024-04-16 00:00:00;2024-04-11 00:00:00
2024-04-15 00:00:00;SO179156;C0002;AT002;1113;2024-05-20 00:00:00;2024-05-24 00:00:00;2024-04-17 00:00:00;2024-04-21 00:00:00
2024-04-15 00:00:00;SO872641;C0012;AL001;474;2024-05-13 00:00:00;2024-05-09 00:00:00;2024-04-18 00:00:00;2024-04-14 00:00:00
2024-04-15 00:00:00;SO872641;C0012;CT003;625;2024-05-13 00:00:00;2024-05-19 00:00:00;2024-04-18 00:00:00;2024-04-24 00:00:00
2024-04-15 00:00:00;SO179156;C0002;AS004;663;2024-05-20 00:00:00;2024-05-13 00:00:00;2024-04-17 00:00:00;2024-04-10 00:00:00
2024-04-15 00:00:00;SO872641;C0012;AS003;1007;2024-05-13 00:00:00;2024-05-04 00:00:00;2024-04-18 00:00:00;2024-04-09 00:00:00
2024-04-15 00:00:00;SO872641;C0012;CS001;597;2024-05-13 00:00:00;2024-05-04 00:00:00;2024-04-18 00:00:00;2024-04-09 00:00:00
2024-04-15 00:00:00;SO872641;C0012;AL002;908;2024-05-13 00:00:00;2024-05-03 00:00:00;2024-04-18 00:00:00;2024-04-08 00:00:00
2024-04-15 00:00:00;SO179156;C0002;AS005;805;2024-05-20 00:00:00;2024-05-23 00:00:00;2024-04-17 00:00:00;2024-04-20 00:00:00
2024-04-15 00:00:00;SO872641;C0012;CS004;421;2024-05-13 00:00:00;2024-05-18 00:00:00;2024-04-18 00:00:00;2024-04-23 00:00:00
2024-04-15 00:00:00;SO179156;C0002;AL001;897;2024-05-20 00:00:00;2024-05-30 00:00:00;2024-04-17 00:00:00;2024-04-27 00:00:00
2024-04-15 00:00:00;SO872641;C0012;AS004;897;2024-05-13 00:00:00;2024-05-19 00:00:00;2024-04-18 00:00:00;2024-04-24 00:00:00
2024-04-15 00:00:00;SO179156;C0002;CL001;1226;2024-05-20 00:00:00;2024-05-24 00:00:00;2024-04-17 00:00:00;2024-04-21 00:00:00
2024-04-15 00:00:00;SO872641;C0012;VS002;484;2024-05-13 00:00:00;2024-05-11 00:00:00;2024-04-18 00:00:00;2024-04-16 00:00:00
2024-04-15 00:00:00;SO872641;C0012;CL001;741;2024-05-13 00:00:00;2024-05-10 00:00:00;2024-04-18 00:00:00;2024-04-15 00:00:00
2024-04-15 00:00:00;SO872641;C0012;VS001;1184;2024-05-13 00:00:00;2024-05-21 00:00:00;2024-04-18 00:00:00;2024-04-26 00:00:00
2024-04-15 00:00:00;SO179156;C0002;CS004;589;2024-05-20 00:00:00;2024-05-27 00:00:00;2024-04-17 00:00:00;2024-04-24 00:00:00
2024-04-15 00:00:00;SO872641;C0012;AT002;1196;2024-05-13 00:00:00;2024-05-23 00:00:00;2024-04-18 00:00:00;2024-04-28 00:00:00
2024-04-16 00:00:00;SO524873;C0018;CS001;1009;2024-06-18 00:00:00;2024-06-26 00:00:00;2024-04-20 00:00:00;2024-04-28 00:00:00
2024-04-16 00:00:00;SO868174;C0026;VS003;958;2024-05-21 00:00:00;2024-05-23 00:00:00;2024-04-24 00:00:00;2024-04-26 00:00:00
2024-04-16 00:00:00;SO687650;C0003;VS003;403;2024-05-28 00:00:00;2024-05-20 00:00:00;2024-04-18 00:00:00;2024-04-10 00:00:00
2024-04-16 00:00:00;SO687650;C0003;VS001;383;2024-05-28 00:00:00;2024-05-31 00:00:00;2024-04-18 00:00:00;2024-04-21 00:00:00
2024-04-16 00:00:00;SO687650;C0003;AS004;535;2024-05-28 00:00:00;2024-05-18 00:00:00;2024-04-18 00:00:00;2024-04-08 00:00:00
2024-04-16 00:00:00;SO687650;C0003;AT002;367;2024-05-28 00:00:00;2024-05-24 00:00:00;2024-04-18 00:00:00;2024-04-14 00:00:00
2024-04-16 00:00:00;SO524873;C0018;AL002;538;2024-06-18 00:00:00;2024-06-21 00:00:00;2024-04-20 00:00:00;2024-04-23 00:00:00
2024-04-16 00:00:00;SO687650;C0003;CS001;458;2024-05-28 00:00:00;2024-06-03 00:00:00;2024-04-18 00:00:00;2024-04-24 00:00:00
2024-04-16 00:00:00;SO868174;C0026;AL001;380;2024-05-21 00:00:00;2024-05-12 00:00:00;2024-04-24 00:00:00;2024-04-15 00:00:00
2024-04-16 00:00:00;SO687650;C0003;VS002;586;2024-05-28 00:00:00;2024-05-25 00:00:00;2024-04-18 00:00:00;2024-04-15 00:00:00
2024-04-16 00:00:00;SO868174;C0026;AS003;993;2024-05-21 00:00:00;2024-05-20 00:00:00;2024-04-24 00:00:00;2024-04-23 00:00:00
2024-04-16 00:00:00;SO524873;C0018;AS004;900;2024-06-18 00:00:00;2024-06-10 00:00:00;2024-04-20 00:00:00;2024-04-12 00:00:00
2024-04-16 00:00:00;SO524873;C0018;CL001;688;2024-06-18 00:00:00;2024-06-21 00:00:00;2024-04-20 00:00:00;2024-04-23 00:00:00
2024-04-16 00:00:00;SO524873;C0018;VS002;747;2024-06-18 00:00:00;2024-06-14 00:00:00;2024-04-20 00:00:00;2024-04-16 00:00:00
2024-04-17 00:00:00;SO536655;C0003;AT002;731;2024-05-29 00:00:00;2024-05-23 00:00:00;2024-04-19 00:00:00;2024-04-13 00:00:00
2024-04-17 00:00:00;SO775692;C0025;AL002;368;2024-05-15 00:00:00;2024-05-08 00:00:00;2024-04-25 00:00:00;2024-04-18 00:00:00
2024-04-17 00:00:00;SO536655;C0003;AL001;946;2024-05-29 00:00:00;2024-06-06 00:00:00;2024-04-19 00:00:00;2024-04-27 00:00:00
2024-04-17 00:00:00;SO536655;C0003;VS003;563;2024-05-29 00:00:00;2024-05-21 00:00:00;2024-04-19 00:00:00;2024-04-11 00:00:00
2024-04-17 00:00:00;SO775692;C0025;AS005;939;2024-05-15 00:00:00;2024-05-18 00:00:00;2024-04-25 00:00:00;2024-04-28 00:00:00
2024-04-17 00:00:00;SO775692;C0025;AS004;746;2024-05-15 00:00:00;2024-05-10 00:00:00;2024-04-25 00:00:00;2024-04-20 00:00:00
2024-04-17 00:00:00;SO775692;C0025;VS002;627;2024-05-15 00:00:00;2024-05-10 00:00:00;2024-04-25 00:00:00;2024-04-20 00:00:00
2024-04-17 00:00:00;SO775692;C0025;VS003;489;2024-05-15 00:00:00;2024-05-12 00:00:00;2024-04-25 00:00:00;2024-04-22 00:00:00
2024-04-17 00:00:00;SO536655;C0003;AL002;390;2024-05-29 00:00:00;2024-05-22 00:00:00;2024-04-19 00:00:00;2024-04-12 00:00:00
2024-04-17 00:00:00;SO775692;C0025;AS003;307;2024-05-15 00:00:00;2024-05-05 00:00:00;2024-04-25 00:00:00;2024-04-15 00:00:00
2024-04-17 00:00:00;SO775692;C0025;CL001;445;2024-05-15 00:00:00;2024-05-16 00:00:00;2024-04-25 00:00:00;2024-04-26 00:00:00
2024-04-17 00:00:00;SO536655;C0003;AS004;360;2024-05-29 00:00:00;2024-05-27 00:00:00;2024-04-19 00:00:00;2024-04-17 00:00:00
2024-04-18 00:00:00;SO678683;C0012;AS004;902;2024-05-16 00:00:00;2024-05-17 00:00:00;2024-04-21 00:00:00;2024-04-22 00:00:00
2024-04-18 00:00:00;SO393711;C0006;AS005;926;2024-06-20 00:00:00;2024-06-24 00:00:00;2024-04-20 00:00:00;2024-04-24 00:00:00
2024-04-18 00:00:00;SO761780;C0017;VS001;1134;2024-06-13 00:00:00;2024-06-08 00:00:00;2024-04-22 00:00:00;2024-04-17 00:00:00
2024-04-18 00:00:00;SO393711;C0006;CS004;1000;2024-06-20 00:00:00;2024-06-11 00:00:00;2024-04-20 00:00:00;2024-04-11 00:00:00
2024-04-18 00:00:00;SO393711;C0006;AL001;1219;2024-06-20 00:00:00;2024-06-17 00:00:00;2024-04-20 00:00:00;2024-04-17 00:00:00
2024-04-18 00:00:00;SO678683;C0012;VS001;527;2024-05-16 00:00:00;2024-05-26 00:00:00;2024-04-21 00:00:00;2024-05-01 00:00:00
2024-04-18 00:00:00;SO393711;C0006;VS001;712;2024-06-20 00:00:00;2024-06-24 00:00:00;2024-04-20 00:00:00;2024-04-24 00:00:00
2024-04-18 00:00:00;SO761780;C0017;AS003;456;2024-06-13 00:00:00;2024-06-06 00:00:00;2024-04-22 00:00:00;2024-04-15 00:00:00
2024-04-18 00:00:00;SO393711;C0006;AL002;784;2024-06-20 00:00:00;2024-06-23 00:00:00;2024-04-20 00:00:00;2024-04-23 00:00:00
2024-04-18 00:00:00;SO678683;C0012;CS004;996;2024-05-16 00:00:00;2024-05-19 00:00:00;2024-04-21 00:00:00;2024-04-24 00:00:00
2024-04-18 00:00:00;SO393711;C0006;VS002;322;2024-06-20 00:00:00;2024-06-16 00:00:00;2024-04-20 00:00:00;2024-04-16 00:00:00
2024-04-18 00:00:00;SO761780;C0017;AS004;862;2024-06-13 00:00:00;2024-06-20 00:00:00;2024-04-22 00:00:00;2024-04-29 00:00:00
2024-04-18 00:00:00;SO678683;C0012;AL001;992;2024-05-16 00:00:00;2024-05-23 00:00:00;2024-04-21 00:00:00;2024-04-28 00:00:00
2024-04-18 00:00:00;SO393711;C0006;CT003;638;2024-06-20 00:00:00;2024-06-24 00:00:00;2024-04-20 00:00:00;2024-04-24 00:00:00
2024-04-18 00:00:00;SO678683;C0012;CL001;556;2024-05-16 00:00:00;2024-05-15 00:00:00;2024-04-21 00:00:00;2024-04-20 00:00:00
2024-04-18 00:00:00;SO678683;C0012;VS003;751;2024-05-16 00:00:00;2024-05-21 00:00:00;2024-04-21 00:00:00;2024-04-26 00:00:00
2024-04-19 00:00:00;SO155379;C0016;AS005;833;2024-05-03 00:00:00;2024-05-04 00:00:00;2024-04-23 00:00:00;2024-04-24 00:00:00
2024-04-19 00:00:00;SO488094;C0011;CT003;928;2024-05-24 00:00:00;2024-05-24 00:00:00;2024-04-22 00:00:00;2024-04-22 00:00:00
2024-04-19 00:00:00;SO406812;C0017;CS004;992;2024-06-14 00:00:00;2024-06-15 00:00:00;2024-04-23 00:00:00;2024-04-24 00:00:00
2024-04-19 00:00:00;SO406812;C0017;AS005;435;2024-06-14 00:00:00;2024-06-20 00:00:00;2024-04-23 00:00:00;2024-04-29 00:00:00
2024-04-19 00:00:00;SO155379;C0016;CL001;712;2024-05-03 00:00:00;2024-04-30 00:00:00;2024-04-23 00:00:00;2024-04-20 00:00:00
2024-04-19 00:00:00;SO488094;C0011;CL001;698;2024-05-24 00:00:00;2024-05-16 00:00:00;2024-04-22 00:00:00;2024-04-14 00:00:00
2024-04-19 00:00:00;SO488094;C0011;VS001;389;2024-05-24 00:00:00;2024-06-01 00:00:00;2024-04-22 00:00:00;2024-04-30 00:00:00
2024-04-19 00:00:00;SO406812;C0017;AS004;1232;2024-06-14 00:00:00;2024-06-22 00:00:00;2024-04-23 00:00:00;2024-05-01 00:00:00
2024-04-19 00:00:00;SO155379;C0016;VS003;1048;2024-05-03 00:00:00;2024-04-26 00:00:00;2024-04-23 00:00:00;2024-04-16 00:00:00
2024-04-19 00:00:00;SO155379;C0016;AT002;918;2024-05-03 00:00:00;2024-05-11 00:00:00;2024-04-23 00:00:00;2024-05-01 00:00:00
2024-04-19 00:00:00;SO155379;C0016;VS002;500;2024-05-03 00:00:00;2024-05-07 00:00:00;2024-04-23 00:00:00;2024-04-27 00:00:00
2024-04-19 00:00:00;SO488094;C0011;VS003;542;2024-05-24 00:00:00;2024-05-29 00:00:00;2024-04-22 00:00:00;2024-04-27 00:00:00
2024-04-19 00:00:00;SO155379;C0016;AS004;1095;2024-05-03 00:00:00;2024-04-27 00:00:00;2024-04-23 00:00:00;2024-04-17 00:00:00
2024-04-19 00:00:00;SO488094;C0011;CS004;1091;2024-05-24 00:00:00;2024-05-20 00:00:00;2024-04-22 00:00:00;2024-04-18 00:00:00
2024-04-19 00:00:00;SO155379;C0016;AL001;491;2024-05-03 00:00:00;2024-05-10 00:00:00;2024-04-23 00:00:00;2024-04-30 00:00:00
2024-04-22 00:00:00;SO620776;C0003;AS004;992;2024-06-03 00:00:00;2024-06-08 00:00:00;2024-04-24 00:00:00;2024-04-29 00:00:00
2024-04-22 00:00:00;SO230047;C0021;AL001;483;2024-05-06 00:00:00;2024-05-03 00:00:00;2024-04-26 00:00:00;2024-04-23 00:00:00
2024-04-22 00:00:00;SO230047;C0021;AL002;479;2024-05-06 00:00:00;2024-05-11 00:00:00;2024-04-26 00:00:00;2024-05-01 00:00:00
2024-04-22 00:00:00;SO620776;C0003;AL001;489;2024-06-03 00:00:00;2024-06-04 00:00:00;2024-04-24 00:00:00;2024-04-25 00:00:00
2024-04-22 00:00:00;SO620776;C0003;CS004;484;2024-06-03 00:00:00;2024-06-13 00:00:00;2024-04-24 00:00:00;2024-05-04 00:00:00
2024-04-22 00:00:00;SO230047;C0021;VS002;984;2024-05-06 00:00:00;2024-04-30 00:00:00;2024-04-26 00:00:00;2024-04-20 00:00:00
2024-04-22 00:00:00;SO230047;C0021;CS001;506;2024-05-06 00:00:00;2024-04-29 00:00:00;2024-04-26 00:00:00;2024-04-19 00:00:00
2024-04-22 00:00:00;SO230047;C0021;AS005;920;2024-05-06 00:00:00;2024-05-04 00:00:00;2024-04-26 00:00:00;2024-04-24 00:00:00
2024-04-22 00:00:00;SO230047;C0021;VS003;612;2024-05-06 00:00:00;2024-05-16 00:00:00;2024-04-26 00:00:00;2024-05-06 00:00:00
2024-04-22 00:00:00;SO230047;C0021;CS004;297;2024-05-06 00:00:00;2024-05-05 00:00:00;2024-04-26 00:00:00;2024-04-25 00:00:00
2024-04-22 00:00:00;SO620776;C0003;AL002;457;2024-06-03 00:00:00;2024-06-13 00:00:00;2024-04-24 00:00:00;2024-05-04 00:00:00
2024-04-22 00:00:00;SO230047;C0021;AT002;383;2024-05-06 00:00:00;2024-04-26 00:00:00;2024-04-26 00:00:00;2024-04-16 00:00:00
2024-04-22 00:00:00;SO230047;C0021;AS004;423;2024-05-06 00:00:00;2024-05-13 00:00:00;2024-04-26 00:00:00;2024-05-03 00:00:00
2024-04-22 00:00:00;SO230047;C0021;CL001;695;2024-05-06 00:00:00;2024-04-30 00:00:00;2024-04-26 00:00:00;2024-04-20 00:00:00
2024-04-22 00:00:00;SO620776;C0003;VS002;928;2024-06-03 00:00:00;2024-05-30 00:00:00;2024-04-24 00:00:00;2024-04-20 00:00:00
2024-04-22 00:00:00;SO620776;C0003;VS003;474;2024-06-03 00:00:00;2024-06-07 00:00:00;2024-04-24 00:00:00;2024-04-28 00:00:00
2024-04-22 00:00:00;SO620776;C0003;CL001;907;2024-06-03 00:00:00;2024-05-29 00:00:00;2024-04-24 00:00:00;2024-04-19 00:00:00
2024-04-23 00:00:00;SO650510;C0030;AS004;834;2024-06-25 00:00:00;2024-06-30 00:00:00;2024-05-01 00:00:00;2024-05-06 00:00:00
2024-04-23 00:00:00;SO993444;C0019;VS002;1012;2024-06-25 00:00:00;2024-06-30 00:00:00;2024-04-27 00:00:00;2024-05-02 00:00:00
2024-04-23 00:00:00;SO656731;C0025;CL001;1058;2024-05-21 00:00:00;2024-05-19 00:00:00;2024-05-01 00:00:00;2024-04-29 00:00:00
2024-04-23 00:00:00;SO650510;C0030;AL002;499;2024-06-25 00:00:00;2024-06-17 00:00:00;2024-05-01 00:00:00;2024-04-23 00:00:00
2024-04-23 00:00:00;SO650510;C0030;AL001;1207;2024-06-25 00:00:00;2024-06-23 00:00:00;2024-05-01 00:00:00;2024-04-29 00:00:00
2024-04-23 00:00:00;SO656731;C0025;AS004;536;2024-05-21 00:00:00;2024-05-24 00:00:00;2024-05-01 00:00:00;2024-05-04 00:00:00
2024-04-23 00:00:00;SO656731;C0025;AT002;1062;2024-05-21 00:00:00;2024-05-11 00:00:00;2024-05-01 00:00:00;2024-04-21 00:00:00
2024-04-23 00:00:00;SO656731;C0025;VS001;530;2024-05-21 00:00:00;2024-05-27 00:00:00;2024-05-01 00:00:00;2024-05-07 00:00:00
2024-04-23 00:00:00;SO650510;C0030;AS005;802;2024-06-25 00:00:00;2024-06-27 00:00:00;2024-05-01 00:00:00;2024-05-03 00:00:00
2024-04-23 00:00:00;SO650510;C0030;CL001;516;2024-06-25 00:00:00;2024-06-24 00:00:00;2024-05-01 00:00:00;2024-04-30 00:00:00
2024-04-23 00:00:00;SO993444;C0019;AS003;1024;2024-06-25 00:00:00;2024-07-03 00:00:00;2024-04-27 00:00:00;2024-05-05 00:00:00
2024-04-23 00:00:00;SO656731;C0025;AL002;719;2024-05-21 00:00:00;2024-05-22 00:00:00;2024-05-01 00:00:00;2024-05-02 00:00:00
2024-04-23 00:00:00;SO650510;C0030;AS003;397;2024-06-25 00:00:00;2024-06-25 00:00:00;2024-05-01 00:00:00;2024-05-01 00:00:00
2024-04-23 00:00:00;SO993444;C0019;VS003;540;2024-06-25 00:00:00;2024-06-20 00:00:00;2024-04-27 00:00:00;2024-04-22 00:00:00
2024-04-23 00:00:00;SO993444;C0019;AS004;400;2024-06-25 00:00:00;2024-06-28 00:00:00;2024-04-27 00:00:00;2024-04-30 00:00:00
2024-04-24 00:00:00;SO696874;C0002;AS004;673;2024-05-29 00:00:00;2024-06-03 00:00:00;2024-04-26 00:00:00;2024-05-01 00:00:00
2024-04-24 00:00:00;SO614118;C0026;AS003;1274;2024-05-29 00:00:00;2024-05-20 00:00:00;2024-05-02 00:00:00;2024-04-23 00:00:00
2024-04-24 00:00:00;SO688385;C0014;CS004;633;2024-05-29 00:00:00;2024-05-26 00:00:00;2024-04-28 00:00:00;2024-04-25 00:00:00
2024-04-24 00:00:00;SO614118;C0026;AS004;1107;2024-05-29 00:00:00;2024-05-27 00:00:00;2024-05-02 00:00:00;2024-04-30 00:00:00
2024-04-24 00:00:00;SO696874;C0002;AL001;903;2024-05-29 00:00:00;2024-05-26 00:00:00;2024-04-26 00:00:00;2024-04-23 00:00:00
2024-04-24 00:00:00;SO614118;C0026;VS001;345;2024-05-29 00:00:00;2024-05-20 00:00:00;2024-05-02 00:00:00;2024-04-23 00:00:00
2024-04-24 00:00:00;SO688385;C0014;AS004;469;2024-05-29 00:00:00;2024-05-22 00:00:00;2024-04-28 00:00:00;2024-04-21 00:00:00
2024-04-24 00:00:00;SO614118;C0026;VS003;659;2024-05-29 00:00:00;2024-06-05 00:00:00;2024-05-02 00:00:00;2024-05-09 00:00:00
2024-04-24 00:00:00;SO688385;C0014;AS003;864;2024-05-29 00:00:00;2024-05-29 00:00:00;2024-04-28 00:00:00;2024-04-28 00:00:00
2024-04-24 00:00:00;SO696874;C0002;CS004;1089;2024-05-29 00:00:00;2024-06-02 00:00:00;2024-04-26 00:00:00;2024-04-30 00:00:00
2024-04-24 00:00:00;SO614118;C0026;CS001;745;2024-05-29 00:00:00;2024-05-31 00:00:00;2024-05-02 00:00:00;2024-05-04 00:00:00
2024-04-24 00:00:00;SO688385;C0014;AL002;486;2024-05-29 00:00:00;2024-05-23 00:00:00;2024-04-28 00:00:00;2024-04-22 00:00:00
2024-04-24 00:00:00;SO614118;C0026;CS004;713;2024-05-29 00:00:00;2024-05-29 00:00:00;2024-05-02 00:00:00;2024-05-02 00:00:00
2024-04-24 00:00:00;SO696874;C0002;CL001;834;2024-05-29 00:00:00;2024-06-01 00:00:00;2024-04-26 00:00:00;2024-04-29 00:00:00
2024-04-24 00:00:00;SO688385;C0014;CT003;769;2024-05-29 00:00:00;2024-05-19 00:00:00;2024-04-28 00:00:00;2024-04-18 00:00:00
2024-04-24 00:00:00;SO696874;C0002;CS001;928;2024-05-29 00:00:00;2024-05-28 00:00:00;2024-04-26 00:00:00;2024-04-25 00:00:00
2024-04-24 00:00:00;SO696874;C0002;AL002;456;2024-05-29 00:00:00;2024-05-27 00:00:00;2024-04-26 00:00:00;2024-04-24 00:00:00
2024-04-24 00:00:00;SO614118;C0026;AS005;556;2024-05-29 00:00:00;2024-05-21 00:00:00;2024-05-02 00:00:00;2024-04-24 00:00:00
2024-04-24 00:00:00;SO696874;C0002;VS001;417;2024-05-29 00:00:00;2024-05-20 00:00:00;2024-04-26 00:00:00;2024-04-17 00:00:00
2024-04-25 00:00:00;SO709909;C0019;CS004;783;2024-06-27 00:00:00;2024-06-28 00:00:00;2024-04-29 00:00:00;2024-04-30 00:00:00
2024-04-25 00:00:00;SO196986;C0023;AS005;525;2024-05-30 00:00:00;2024-05-26 00:00:00;2024-04-29 00:00:00;2024-04-25 00:00:00
2024-04-25 00:00:00;SO935090;C0029;VS003;374;2024-06-20 00:00:00;2024-06-28 00:00:00;2024-05-03 00:00:00;2024-05-11 00:00:00
2024-04-25 00:00:00;SO816504;C0004;AT002;891;2024-05-09 00:00:00;2024-04-29 00:00:00;2024-04-27 00:00:00;2024-04-17 00:00:00
2024-04-25 00:00:00;SO935090;C0029;AS005;753;2024-06-20 00:00:00;2024-06-18 00:00:00;2024-05-03 00:00:00;2024-05-01 00:00:00
2024-04-25 00:00:00;SO935090;C0029;CL001;818;2024-06-20 00:00:00;2024-06-10 00:00:00;2024-05-03 00:00:00;2024-04-23 00:00:00
2024-04-25 00:00:00;SO816504;C0004;AL002;528;2024-05-09 00:00:00;2024-05-11 00:00:00;2024-04-27 00:00:00;2024-04-29 00:00:00
2024-04-25 00:00:00;SO196986;C0023;AL002;1303;2024-05-30 00:00:00;2024-05-27 00:00:00;2024-04-29 00:00:00;2024-04-26 00:00:00
2024-04-25 00:00:00;SO196986;C0023;VS001;894;2024-05-30 00:00:00;2024-05-28 00:00:00;2024-04-29 00:00:00;2024-04-27 00:00:00
2024-04-25 00:00:00;SO709909;C0019;VS003;396;2024-06-27 00:00:00;2024-07-07 00:00:00;2024-04-29 00:00:00;2024-05-09 00:00:00
2024-04-25 00:00:00;SO709909;C0019;AS003;918;2024-06-27 00:00:00;2024-07-04 00:00:00;2024-04-29 00:00:00;2024-05-06 00:00:00
2024-04-25 00:00:00;SO816504;C0004;VS002;445;2024-05-09 00:00:00;2024-05-05 00:00:00;2024-04-27 00:00:00;2024-04-23 00:00:00
2024-04-26 00:00:00;SO333448;C0017;VS003;1059;2024-06-21 00:00:00;2024-06-19 00:00:00;2024-04-30 00:00:00;2024-04-28 00:00:00
2024-04-26 00:00:00;SO103626;C0015;CS004;845;2024-06-07 00:00:00;2024-06-02 00:00:00;2024-04-30 00:00:00;2024-04-25 00:00:00
2024-04-26 00:00:00;SO546753;C0013;AT002;328;2024-05-24 00:00:00;2024-06-03 00:00:00;2024-04-30 00:00:00;2024-05-10 00:00:00
2024-04-26 00:00:00;SO546753;C0013;CL001;722;2024-05-24 00:00:00;2024-05-30 00:00:00;2024-04-30 00:00:00;2024-05-06 00:00:00
2024-04-26 00:00:00;SO333448;C0017;CT003;329;2024-06-21 00:00:00;2024-06-14 00:00:00;2024-04-30 00:00:00;2024-04-23 00:00:00
2024-04-26 00:00:00;SO546753;C0013;VS003;640;2024-05-24 00:00:00;2024-05-20 00:00:00;2024-04-30 00:00:00;2024-04-26 00:00:00
2024-04-26 00:00:00;SO546753;C0013;AS004;343;2024-05-24 00:00:00;2024-05-31 00:00:00;2024-04-30 00:00:00;2024-05-07 00:00:00
2024-04-26 00:00:00;SO103626;C0015;VS003;1090;2024-06-07 00:00:00;2024-06-05 00:00:00;2024-04-30 00:00:00;2024-04-28 00:00:00
2024-04-26 00:00:00;SO333448;C0017;AS004;1019;2024-06-21 00:00:00;2024-06-16 00:00:00;2024-04-30 00:00:00;2024-04-25 00:00:00
2024-04-26 00:00:00;SO103626;C0015;CL001;826;2024-06-07 00:00:00;2024-06-04 00:00:00;2024-04-30 00:00:00;2024-04-27 00:00:00
2024-04-26 00:00:00;SO333448;C0017;AS003;538;2024-06-21 00:00:00;2024-06-15 00:00:00;2024-04-30 00:00:00;2024-04-24 00:00:00
2024-04-26 00:00:00;SO333448;C0017;CS001;744;2024-06-21 00:00:00;2024-06-17 00:00:00;2024-04-30 00:00:00;2024-04-26 00:00:00
2024-04-26 00:00:00;SO103626;C0015;AS004;694;2024-06-07 00:00:00;2024-06-12 00:00:00;2024-04-30 00:00:00;2024-05-05 00:00:00
2024-04-26 00:00:00;SO333448;C0017;CL001;372;2024-06-21 00:00:00;2024-06-20 00:00:00;2024-04-30 00:00:00;2024-04-29 00:00:00
2024-04-26 00:00:00;SO333448;C0017;AT002;783;2024-06-21 00:00:00;2024-06-29 00:00:00;2024-04-30 00:00:00;2024-05-08 00:00:00
2024-04-26 00:00:00;SO333448;C0017;AL002;755;2024-06-21 00:00:00;2024-06-12 00:00:00;2024-04-30 00:00:00;2024-04-21 00:00:00
2024-04-26 00:00:00;SO546753;C0013;CS001;457;2024-05-24 00:00:00;2024-05-23 00:00:00;2024-04-30 00:00:00;2024-04-29 00:00:00
2024-04-26 00:00:00;SO546753;C0013;AS005;947;2024-05-24 00:00:00;2024-05-29 00:00:00;2024-04-30 00:00:00;2024-05-05 00:00:00
2024-04-29 00:00:00;SO779881;C0017;AS005;847;2024-06-24 00:00:00;2024-06-24 00:00:00;2024-05-03 00:00:00;2024-05-03 00:00:00
2024-04-29 00:00:00;SO174837;C0022;VS001;456;2024-06-10 00:00:00;2024-06-20 00:00:00;2024-05-03 00:00:00;2024-05-13 00:00:00
2024-04-29 00:00:00;SO599369;C0003;CL001;408;2024-06-10 00:00:00;2024-06-04 00:00:00;2024-05-01 00:00:00;2024-04-25 00:00:00
2024-04-29 00:00:00;SO369749;C0030;AL001;1190;2024-07-01 00:00:00;2024-06-28 00:00:00;2024-05-07 00:00:00;2024-05-04 00:00:00
2024-04-29 00:00:00;SO174837;C0022;AL001;650;2024-06-10 00:00:00;2024-06-20 00:00:00;2024-05-03 00:00:00;2024-05-13 00:00:00
2024-04-29 00:00:00;SO779881;C0017;VS002;1112;2024-06-24 00:00:00;2024-07-02 00:00:00;2024-05-03 00:00:00;2024-05-11 00:00:00
2024-04-29 00:00:00;SO174837;C0022;AS005;924;2024-06-10 00:00:00;2024-06-12 00:00:00;2024-05-03 00:00:00;2024-05-05 00:00:00
2024-04-29 00:00:00;SO779881;C0017;VS003;742;2024-06-24 00:00:00;2024-07-02 00:00:00;2024-05-03 00:00:00;2024-05-11 00:00:00
2024-04-29 00:00:00;SO174837;C0022;VS002;600;2024-06-10 00:00:00;2024-06-19 00:00:00;2024-05-03 00:00:00;2024-05-12 00:00:00
2024-04-29 00:00:00;SO369749;C0030;VS001;557;2024-07-01 00:00:00;2024-07-03 00:00:00;2024-05-07 00:00:00;2024-05-09 00:00:00
2024-04-29 00:00:00;SO174837;C0022;AL002;1192;2024-06-10 00:00:00;2024-06-04 00:00:00;2024-05-03 00:00:00;2024-04-27 00:00:00
2024-04-29 00:00:00;SO599369;C0003;CS004;897;2024-06-10 00:00:00;2024-06-19 00:00:00;2024-05-01 00:00:00;2024-05-10 00:00:00
2024-04-29 00:00:00;SO599369;C0003;VS002;884;2024-06-10 00:00:00;2024-06-17 00:00:00;2024-05-01 00:00:00;2024-05-08 00:00:00
2024-04-29 00:00:00;SO599369;C0003;AS003;542;2024-06-10 00:00:00;2024-06-08 00:00:00;2024-05-01 00:00:00;2024-04-29 00:00:00
2024-04-29 00:00:00;SO599369;C0003;CT003;505;2024-06-10 00:00:00;2024-06-16 00:00:00;2024-05-01 00:00:00;2024-05-07 00:00:00
2024-04-30 00:00:00;SO382039;C0001;AT002;572;2024-05-28 00:00:00;2024-05-19 00:00:00;2024-05-02 00:00:00;2024-04-23 00:00:00
2024-04-30 00:00:00;SO948447;C0004;AL001;535;2024-05-14 00:00:00;2024-05-24 00:00:00;2024-05-02 00:00:00;2024-05-12 00:00:00
2024-04-30 00:00:00;SO948447;C0004;AS003;419;2024-05-14 00:00:00;2024-05-04 00:00:00;2024-05-02 00:00:00;2024-04-22 00:00:00
2024-04-30 00:00:00;SO382039;C0001;AS004;578;2024-05-28 00:00:00;2024-06-02 00:00:00;2024-05-02 00:00:00;2024-05-07 00:00:00
2024-04-30 00:00:00;SO382039;C0001;CS001;1160;2024-05-28 00:00:00;2024-05-22 00:00:00;2024-05-02 00:00:00;2024-04-26 00:00:00
2024-04-30 00:00:00;SO382039;C0001;CS004;711;2024-05-28 00:00:00;2024-05-22 00:00:00;2024-05-02 00:00:00;2024-04-26 00:00:00
2024-04-30 00:00:00;SO382039;C0001;CL001;558;2024-05-28 00:00:00;2024-06-05 00:00:00;2024-05-02 00:00:00;2024-05-10 00:00:00
2024-04-30 00:00:00;SO948447;C0004;AS005;1147;2024-05-14 00:00:00;2024-05-15 00:00:00;2024-05-02 00:00:00;2024-05-03 00:00:00
2024-04-30 00:00:00;SO382039;C0001;CT003;1100;2024-05-28 00:00:00;2024-05-20 00:00:00;2024-05-02 00:00:00;2024-04-24 00:00:00
2024-04-30 00:00:00;SO948447;C0004;CL001;881;2024-05-14 00:00:00;2024-05-16 00:00:00;2024-05-02 00:00:00;2024-05-04 00:00:00
2024-04-30 00:00:00;SO382039;C0001;AL001;724;2024-05-28 00:00:00;2024-06-05 00:00:00;2024-05-02 00:00:00;2024-05-10 00:00:00
2024-04-30 00:00:00;SO382039;C0001;VS001;939;2024-05-28 00:00:00;2024-05-24 00:00:00;2024-05-02 00:00:00;2024-04-28 00:00:00
2024-05-01 00:00:00;SO950168;C0004;VS002;539;2024-05-15 00:00:00;2024-05-07 00:00:00;2024-05-03 00:00:00;2024-04-25 00:00:00
2024-05-01 00:00:00;SO444393;C0012;AT001;650;2024-05-29 00:00:00;2024-05-22 00:00:00;2024-05-04 00:00:00;2024-04-27 00:00:00
2024-05-01 00:00:00;SO608729;C0018;CT003;557;2024-07-03 00:00:00;2024-06-23 00:00:00;2024-05-05 00:00:00;2024-04-25 00:00:00
2024-05-01 00:00:00;SO444393;C0012;AL002;783;2024-05-29 00:00:00;2024-05-20 00:00:00;2024-05-04 00:00:00;2024-04-25 00:00:00
2024-05-01 00:00:00;SO950168;C0004;CL002;1253;2024-05-15 00:00:00;2024-05-10 00:00:00;2024-05-03 00:00:00;2024-04-28 00:00:00
2024-05-01 00:00:00;SO444393;C0012;AS004;289;2024-05-29 00:00:00;2024-05-31 00:00:00;2024-05-04 00:00:00;2024-05-06 00:00:00
2024-05-01 00:00:00;SO444393;C0012;CS001;1050;2024-05-29 00:00:00;2024-05-20 00:00:00;2024-05-04 00:00:00;2024-04-25 00:00:00
2024-05-01 00:00:00;SO950168;C0004;AL002;534;2024-05-15 00:00:00;2024-05-23 00:00:00;2024-05-03 00:00:00;2024-05-11 00:00:00
2024-05-01 00:00:00;SO608729;C0018;VS005;1071;2024-07-03 00:00:00;2024-07-05 00:00:00;2024-05-05 00:00:00;2024-05-07 00:00:00
2024-05-01 00:00:00;SO950168;C0004;CS001;311;2024-05-15 00:00:00;2024-05-20 00:00:00;2024-05-03 00:00:00;2024-05-08 00:00:00
2024-05-01 00:00:00;SO608729;C0018;AS005;606;2024-07-03 00:00:00;2024-07-10 00:00:00;2024-05-05 00:00:00;2024-05-12 00:00:00
2024-05-01 00:00:00;SO950168;C0004;AS005;1097;2024-05-15 00:00:00;2024-05-19 00:00:00;2024-05-03 00:00:00;2024-05-07 00:00:00
2024-05-01 00:00:00;SO608729;C0018;AT001;1053;2024-07-03 00:00:00;2024-07-04 00:00:00;2024-05-05 00:00:00;2024-05-06 00:00:00
2024-05-01 00:00:00;SO608729;C0018;CL002;566;2024-07-03 00:00:00;2024-07-10 00:00:00;2024-05-05 00:00:00;2024-05-12 00:00:00
2024-05-01 00:00:00;SO444393;C0012;VS005;933;2024-05-29 00:00:00;2024-05-23 00:00:00;2024-05-04 00:00:00;2024-04-28 00:00:00
2024-05-01 00:00:00;SO950168;C0004;AL001;522;2024-05-15 00:00:00;2024-05-20 00:00:00;2024-05-03 00:00:00;2024-05-08 00:00:00
2024-05-01 00:00:00;SO444393;C0012;VS002;600;2024-05-29 00:00:00;2024-05-25 00:00:00;2024-05-04 00:00:00;2024-04-30 00:00:00
2024-05-01 00:00:00;SO608729;C0018;AS001;1252;2024-07-03 00:00:00;2024-07-04 00:00:00;2024-05-05 00:00:00;2024-05-06 00:00:00
2024-05-01 00:00:00;SO444393;C0012;AT002;1070;2024-05-29 00:00:00;2024-05-22 00:00:00;2024-05-04 00:00:00;2024-04-27 00:00:00
2024-05-01 00:00:00;SO950168;C0004;CT003;628;2024-05-15 00:00:00;2024-05-12 00:00:00;2024-05-03 00:00:00;2024-04-30 00:00:00
2024-05-02 00:00:00;SO173336;C0003;AL002;964;2024-06-13 00:00:00;2024-06-07 00:00:00;2024-05-04 00:00:00;2024-04-28 00:00:00
2024-05-02 00:00:00;SO621202;C0029;CT003;477;2024-06-27 00:00:00;2024-06-29 00:00:00;2024-05-10 00:00:00;2024-05-12 00:00:00
2024-05-02 00:00:00;SO372281;C0004;VS005;841;2024-05-16 00:00:00;2024-05-21 00:00:00;2024-05-04 00:00:00;2024-05-09 00:00:00
2024-05-02 00:00:00;SO372281;C0004;AS004;1001;2024-05-16 00:00:00;2024-05-15 00:00:00;2024-05-04 00:00:00;2024-05-03 00:00:00
2024-05-02 00:00:00;SO372281;C0004;CS001;930;2024-05-16 00:00:00;2024-05-08 00:00:00;2024-05-04 00:00:00;2024-04-26 00:00:00
2024-05-02 00:00:00;SO173336;C0003;AS005;552;2024-06-13 00:00:00;2024-06-13 00:00:00;2024-05-04 00:00:00;2024-05-04 00:00:00
2024-05-02 00:00:00;SO621202;C0029;AS005;634;2024-06-27 00:00:00;2024-07-05 00:00:00;2024-05-10 00:00:00;2024-05-18 00:00:00
2024-05-02 00:00:00;SO621202;C0029;CS002;830;2024-06-27 00:00:00;2024-06-17 00:00:00;2024-05-10 00:00:00;2024-04-30 00:00:00
2024-05-02 00:00:00;SO372281;C0004;VS002;903;2024-05-16 00:00:00;2024-05-08 00:00:00;2024-05-04 00:00:00;2024-04-26 00:00:00
2024-05-02 00:00:00;SO372281;C0004;AL002;664;2024-05-16 00:00:00;2024-05-23 00:00:00;2024-05-04 00:00:00;2024-05-11 00:00:00
2024-05-02 00:00:00;SO173336;C0003;CS002;823;2024-06-13 00:00:00;2024-06-22 00:00:00;2024-05-04 00:00:00;2024-05-13 00:00:00
2024-05-02 00:00:00;SO173336;C0003;AS004;889;2024-06-13 00:00:00;2024-06-07 00:00:00;2024-05-04 00:00:00;2024-04-28 00:00:00
2024-05-02 00:00:00;SO173336;C0003;AS003;1246;2024-06-13 00:00:00;2024-06-15 00:00:00;2024-05-04 00:00:00;2024-05-06 00:00:00
2024-05-02 00:00:00;SO372281;C0004;CS004;531;2024-05-16 00:00:00;2024-05-10 00:00:00;2024-05-04 00:00:00;2024-04-28 00:00:00
2024-05-02 00:00:00;SO173336;C0003;VS005;823;2024-06-13 00:00:00;2024-06-13 00:00:00;2024-05-04 00:00:00;2024-05-04 00:00:00
2024-05-03 00:00:00;SO873270;C0008;CS001;853;2024-06-28 00:00:00;2024-06-30 00:00:00;2024-05-06 00:00:00;2024-05-08 00:00:00
2024-05-03 00:00:00;SO745274;C0013;CS004;685;2024-05-31 00:00:00;2024-05-28 00:00:00;2024-05-07 00:00:00;2024-05-04 00:00:00
2024-05-03 00:00:00;SO147140;C0022;AS004;840;2024-06-14 00:00:00;2024-06-09 00:00:00;2024-05-07 00:00:00;2024-05-02 00:00:00
2024-05-03 00:00:00;SO809165;C0005;AL001;490;2024-06-28 00:00:00;2024-07-01 00:00:00;2024-05-05 00:00:00;2024-05-08 00:00:00
2024-05-03 00:00:00;SO809165;C0005;VS002;658;2024-06-28 00:00:00;2024-06-25 00:00:00;2024-05-05 00:00:00;2024-05-02 00:00:00
2024-05-03 00:00:00;SO873270;C0008;AS003;595;2024-06-28 00:00:00;2024-06-24 00:00:00;2024-05-06 00:00:00;2024-05-02 00:00:00
2024-05-03 00:00:00;SO809165;C0005;CS001;1181;2024-06-28 00:00:00;2024-06-23 00:00:00;2024-05-05 00:00:00;2024-04-30 00:00:00
2024-05-03 00:00:00;SO809165;C0005;AT001;880;2024-06-28 00:00:00;2024-06-24 00:00:00;2024-05-05 00:00:00;2024-05-01 00:00:00
2024-05-03 00:00:00;SO873270;C0008;AL001;640;2024-06-28 00:00:00;2024-06-18 00:00:00;2024-05-06 00:00:00;2024-04-26 00:00:00
2024-05-03 00:00:00;SO809165;C0005;AL002;1178;2024-06-28 00:00:00;2024-06-30 00:00:00;2024-05-05 00:00:00;2024-05-07 00:00:00
2024-05-03 00:00:00;SO873270;C0008;CT003;656;2024-06-28 00:00:00;2024-07-08 00:00:00;2024-05-06 00:00:00;2024-05-16 00:00:00
2024-05-03 00:00:00;SO745274;C0013;CT003;473;2024-05-31 00:00:00;2024-06-06 00:00:00;2024-05-07 00:00:00;2024-05-13 00:00:00
2024-05-03 00:00:00;SO873270;C0008;VS002;802;2024-06-28 00:00:00;2024-06-26 00:00:00;2024-05-06 00:00:00;2024-05-04 00:00:00
2024-05-03 00:00:00;SO809165;C0005;AS003;1092;2024-06-28 00:00:00;2024-06-20 00:00:00;2024-05-05 00:00:00;2024-04-27 00:00:00
2024-05-03 00:00:00;SO745274;C0013;AT001;629;2024-05-31 00:00:00;2024-06-09 00:00:00;2024-05-07 00:00:00;2024-05-16 00:00:00
2024-05-03 00:00:00;SO745274;C0013;AS004;700;2024-05-31 00:00:00;2024-06-09 00:00:00;2024-05-07 00:00:00;2024-05-16 00:00:00
2024-05-06 00:00:00;SO948961;C0007;AS003;1169;2024-07-08 00:00:00;2024-06-29 00:00:00;2024-05-09 00:00:00;2024-04-30 00:00:00
2024-05-06 00:00:00;SO362368;C0006;CL002;761;2024-07-08 00:00:00;2024-07-01 00:00:00;2024-05-08 00:00:00;2024-05-01 00:00:00
2024-05-06 00:00:00;SO492159;C0024;AS001;689;2024-06-03 00:00:00;2024-06-13 00:00:00;2024-05-10 00:00:00;2024-05-20 00:00:00
2024-05-06 00:00:00;SO362368;C0006;AS003;834;2024-07-08 00:00:00;2024-06-28 00:00:00;2024-05-08 00:00:00;2024-04-28 00:00:00
2024-05-06 00:00:00;SO492159;C0024;AT001;1061;2024-06-03 00:00:00;2024-05-24 00:00:00;2024-05-10 00:00:00;2024-04-30 00:00:00
2024-05-06 00:00:00;SO492159;C0024;CL002;895;2024-06-03 00:00:00;2024-06-05 00:00:00;2024-05-10 00:00:00;2024-05-12 00:00:00
2024-05-06 00:00:00;SO362368;C0006;AS001;513;2024-07-08 00:00:00;2024-07-08 00:00:00;2024-05-08 00:00:00;2024-05-08 00:00:00
2024-05-06 00:00:00;SO948961;C0007;CS002;936;2024-07-08 00:00:00;2024-07-10 00:00:00;2024-05-09 00:00:00;2024-05-11 00:00:00
2024-05-06 00:00:00;SO362368;C0006;AT002;1045;2024-07-08 00:00:00;2024-07-10 00:00:00;2024-05-08 00:00:00;2024-05-10 00:00:00
2024-05-06 00:00:00;SO492159;C0024;AL002;363;2024-06-03 00:00:00;2024-06-11 00:00:00;2024-05-10 00:00:00;2024-05-18 00:00:00
2024-05-06 00:00:00;SO362368;C0006;CS004;561;2024-07-08 00:00:00;2024-07-06 00:00:00;2024-05-08 00:00:00;2024-05-06 00:00:00
2024-05-06 00:00:00;SO492159;C0024;AS005;564;2024-06-03 00:00:00;2024-06-02 00:00:00;2024-05-10 00:00:00;2024-05-09 00:00:00
2024-05-06 00:00:00;SO492159;C0024;AS004;875;2024-06-03 00:00:00;2024-06-13 00:00:00;2024-05-10 00:00:00;2024-05-20 00:00:00
2024-05-06 00:00:00;SO492159;C0024;CS001;1102;2024-06-03 00:00:00;2024-06-01 00:00:00;2024-05-10 00:00:00;2024-05-08 00:00:00
2024-05-07 00:00:00;SO502929;C0003;AL002;986;2024-06-18 00:00:00;2024-06-12 00:00:00;2024-05-09 00:00:00;2024-05-03 00:00:00
2024-05-07 00:00:00;SO893604;C0021;AT002;1043;2024-05-21 00:00:00;2024-05-23 00:00:00;2024-05-11 00:00:00;2024-05-13 00:00:00
2024-05-07 00:00:00;SO881370;C0019;VS005;483;2024-07-09 00:00:00;2024-07-08 00:00:00;2024-05-11 00:00:00;2024-05-10 00:00:00
2024-05-07 00:00:00;SO536645;C0020;AT001;935;2024-07-02 00:00:00;2024-06-23 00:00:00;2024-05-11 00:00:00;2024-05-02 00:00:00
2024-05-07 00:00:00;SO536645;C0020;AT002;1130;2024-07-02 00:00:00;2024-06-23 00:00:00;2024-05-11 00:00:00;2024-05-02 00:00:00
2024-05-07 00:00:00;SO881370;C0019;AT002;874;2024-07-09 00:00:00;2024-07-02 00:00:00;2024-05-11 00:00:00;2024-05-04 00:00:00
2024-05-07 00:00:00;SO502929;C0003;CT003;502;2024-06-18 00:00:00;2024-06-11 00:00:00;2024-05-09 00:00:00;2024-05-02 00:00:00
2024-05-07 00:00:00;SO893604;C0021;AT001;373;2024-05-21 00:00:00;2024-05-16 00:00:00;2024-05-11 00:00:00;2024-05-06 00:00:00
2024-05-07 00:00:00;SO881370;C0019;AL002;474;2024-07-09 00:00:00;2024-07-17 00:00:00;2024-05-11 00:00:00;2024-05-19 00:00:00
2024-05-07 00:00:00;SO536645;C0020;AL002;452;2024-07-02 00:00:00;2024-07-06 00:00:00;2024-05-11 00:00:00;2024-05-15 00:00:00
2024-05-07 00:00:00;SO536645;C0020;CL002;1091;2024-07-02 00:00:00;2024-07-04 00:00:00;2024-05-11 00:00:00;2024-05-13 00:00:00
2024-05-07 00:00:00;SO502929;C0003;CL002;724;2024-06-18 00:00:00;2024-06-16 00:00:00;2024-05-09 00:00:00;2024-05-07 00:00:00
2024-05-07 00:00:00;SO893604;C0021;AS003;930;2024-05-21 00:00:00;2024-05-28 00:00:00;2024-05-11 00:00:00;2024-05-18 00:00:00
2024-05-07 00:00:00;SO893604;C0021;AS001;344;2024-05-21 00:00:00;2024-05-20 00:00:00;2024-05-11 00:00:00;2024-05-10 00:00:00
2024-05-07 00:00:00;SO502929;C0003;CS002;745;2024-06-18 00:00:00;2024-06-23 00:00:00;2024-05-09 00:00:00;2024-05-14 00:00:00
2024-05-07 00:00:00;SO502929;C0003;AS005;489;2024-06-18 00:00:00;2024-06-20 00:00:00;2024-05-09 00:00:00;2024-05-11 00:00:00
2024-05-07 00:00:00;SO502929;C0003;AS001;542;2024-06-18 00:00:00;2024-06-08 00:00:00;2024-05-09 00:00:00;2024-04-29 00:00:00
2024-05-07 00:00:00;SO536645;C0020;AS005;600;2024-07-02 00:00:00;2024-06-29 00:00:00;2024-05-11 00:00:00;2024-05-08 00:00:00
2024-05-07 00:00:00;SO502929;C0003;AT002;664;2024-06-18 00:00:00;2024-06-18 00:00:00;2024-05-09 00:00:00;2024-05-09 00:00:00
2024-05-07 00:00:00;SO893604;C0021;CT003;555;2024-05-21 00:00:00;2024-05-21 00:00:00;2024-05-11 00:00:00;2024-05-11 00:00:00
2024-05-08 00:00:00;SO263074;C0001;VS002;931;2024-06-05 00:00:00;2024-06-07 00:00:00;2024-05-10 00:00:00;2024-05-12 00:00:00
2024-05-08 00:00:00;SO167886;C0022;AT002;818;2024-06-19 00:00:00;2024-06-18 00:00:00;2024-05-12 00:00:00;2024-05-11 00:00:00
2024-05-08 00:00:00;SO185468;C0021;AS004;1175;2024-05-22 00:00:00;2024-05-21 00:00:00;2024-05-12 00:00:00;2024-05-11 00:00:00
2024-05-08 00:00:00;SO167886;C0022;AT001;1349;2024-06-19 00:00:00;2024-06-09 00:00:00;2024-05-12 00:00:00;2024-05-02 00:00:00
2024-05-08 00:00:00;SO185468;C0021;AS005;352;2024-05-22 00:00:00;2024-05-26 00:00:00;2024-05-12 00:00:00;2024-05-16 00:00:00
2024-05-08 00:00:00;SO263074;C0001;CS001;996;2024-06-05 00:00:00;2024-06-13 00:00:00;2024-05-10 00:00:00;2024-05-18 00:00:00
2024-05-08 00:00:00;SO185468;C0021;AS001;1034;2024-05-22 00:00:00;2024-05-28 00:00:00;2024-05-12 00:00:00;2024-05-18 00:00:00
2024-05-08 00:00:00;SO185468;C0021;AS003;620;2024-05-22 00:00:00;2024-05-12 00:00:00;2024-05-12 00:00:00;2024-05-02 00:00:00
2024-05-08 00:00:00;SO185468;C0021;VS005;499;2024-05-22 00:00:00;2024-05-26 00:00:00;2024-05-12 00:00:00;2024-05-16 00:00:00
2024-05-08 00:00:00;SO185468;C0021;CS004;449;2024-05-22 00:00:00;2024-05-19 00:00:00;2024-05-12 00:00:00;2024-05-09 00:00:00
2024-05-08 00:00:00;SO185468;C0021;VS002;572;2024-05-22 00:00:00;2024-05-18 00:00:00;2024-05-12 00:00:00;2024-05-08 00:00:00
2024-05-08 00:00:00;SO185468;C0021;CS002;288;2024-05-22 00:00:00;2024-05-16 00:00:00;2024-05-12 00:00:00;2024-05-06 00:00:00
2024-05-08 00:00:00;SO263074;C0001;AS003;785;2024-06-05 00:00:00;2024-06-07 00:00:00;2024-05-10 00:00:00;2024-05-12 00:00:00
2024-05-08 00:00:00;SO185468;C0021;AT002;872;2024-05-22 00:00:00;2024-05-16 00:00:00;2024-05-12 00:00:00;2024-05-06 00:00:00
2024-05-08 00:00:00;SO263074;C0001;CT003;1064;2024-06-05 00:00:00;2024-06-03 00:00:00;2024-05-10 00:00:00;2024-05-08 00:00:00
2024-05-08 00:00:00;SO167886;C0022;CS001;1030;2024-06-19 00:00:00;2024-06-17 00:00:00;2024-05-12 00:00:00;2024-05-10 00:00:00
2024-05-08 00:00:00;SO263074;C0001;AT002;502;2024-06-05 00:00:00;2024-06-04 00:00:00;2024-05-10 00:00:00;2024-05-09 00:00:00
2024-05-09 00:00:00;SO915062;C0013;AS001;958;2024-06-06 00:00:00;2024-06-16 00:00:00;2024-05-13 00:00:00;2024-05-23 00:00:00
2024-05-09 00:00:00;SO808468;C0005;CS001;616;2024-07-04 00:00:00;2024-07-06 00:00:00;2024-05-11 00:00:00;2024-05-13 00:00:00
2024-05-09 00:00:00;SO264170;C0030;AS001;1078;2024-07-11 00:00:00;2024-07-07 00:00:00;2024-05-17 00:00:00;2024-05-13 00:00:00
2024-05-09 00:00:00;SO415827;C0006;VS002;796;2024-07-11 00:00:00;2024-07-09 00:00:00;2024-05-11 00:00:00;2024-05-09 00:00:00
2024-05-09 00:00:00;SO415827;C0006;CT003;1073;2024-07-11 00:00:00;2024-07-14 00:00:00;2024-05-11 00:00:00;2024-05-14 00:00:00
2024-05-09 00:00:00;SO264170;C0030;AT001;1264;2024-07-11 00:00:00;2024-07-16 00:00:00;2024-05-17 00:00:00;2024-05-22 00:00:00
2024-05-09 00:00:00;SO264170;C0030;AS003;638;2024-07-11 00:00:00;2024-07-12 00:00:00;2024-05-17 00:00:00;2024-05-18 00:00:00
2024-05-09 00:00:00;SO415827;C0006;AL002;778;2024-07-11 00:00:00;2024-07-06 00:00:00;2024-05-11 00:00:00;2024-05-06 00:00:00
2024-05-09 00:00:00;SO808468;C0005;AS001;386;2024-07-04 00:00:00;2024-07-01 00:00:00;2024-05-11 00:00:00;2024-05-08 00:00:00
2024-05-09 00:00:00;SO915062;C0013;CL002;880;2024-06-06 00:00:00;2024-05-27 00:00:00;2024-05-13 00:00:00;2024-05-03 00:00:00
2024-05-09 00:00:00;SO915062;C0013;AS003;774;2024-06-06 00:00:00;2024-05-28 00:00:00;2024-05-13 00:00:00;2024-05-04 00:00:00
2024-05-09 00:00:00;SO915062;C0013;VS005;482;2024-06-06 00:00:00;2024-06-12 00:00:00;2024-05-13 00:00:00;2024-05-19 00:00:00
2024-05-09 00:00:00;SO808468;C0005;CL002;1007;2024-07-04 00:00:00;2024-07-04 00:00:00;2024-05-11 00:00:00;2024-05-11 00:00:00
2024-05-09 00:00:00;SO415827;C0006;AS003;1151;2024-07-11 00:00:00;2024-07-05 00:00:00;2024-05-11 00:00:00;2024-05-05 00:00:00
2024-05-09 00:00:00;SO808468;C0005;CS004;482;2024-07-04 00:00:00;2024-07-01 00:00:00;2024-05-11 00:00:00;2024-05-08 00:00:00
2024-05-09 00:00:00;SO915062;C0013;AT002;697;2024-06-06 00:00:00;2024-06-04 00:00:00;2024-05-13 00:00:00;2024-05-11 00:00:00
2024-05-10 00:00:00;SO576422;C0030;VS002;677;2024-07-12 00:00:00;2024-07-20 00:00:00;2024-05-18 00:00:00;2024-05-26 00:00:00
2024-05-10 00:00:00;SO354001;C0010;AL002;527;2024-06-21 00:00:00;2024-06-28 00:00:00;2024-05-13 00:00:00;2024-05-20 00:00:00
2024-05-10 00:00:00;SO183197;C0022;VS005;965;2024-06-21 00:00:00;2024-06-15 00:00:00;2024-05-14 00:00:00;2024-05-08 00:00:00
2024-05-10 00:00:00;SO160857;C0021;AL001;761;2024-05-24 00:00:00;2024-06-01 00:00:00;2024-05-14 00:00:00;2024-05-22 00:00:00
2024-05-10 00:00:00;SO160857;C0021;AL002;377;2024-05-24 00:00:00;2024-05-17 00:00:00;2024-05-14 00:00:00;2024-05-07 00:00:00
2024-05-10 00:00:00;SO576422;C0030;CS001;662;2024-07-12 00:00:00;2024-07-20 00:00:00;2024-05-18 00:00:00;2024-05-26 00:00:00
2024-05-10 00:00:00;SO354001;C0010;CS004;573;2024-06-21 00:00:00;2024-06-15 00:00:00;2024-05-13 00:00:00;2024-05-07 00:00:00
2024-05-10 00:00:00;SO354001;C0010;AT002;1052;2024-06-21 00:00:00;2024-06-15 00:00:00;2024-05-13 00:00:00;2024-05-07 00:00:00
2024-05-10 00:00:00;SO183197;C0022;AL002;733;2024-06-21 00:00:00;2024-06-23 00:00:00;2024-05-14 00:00:00;2024-05-16 00:00:00
2024-05-10 00:00:00;SO576422;C0030;AS005;1042;2024-07-12 00:00:00;2024-07-22 00:00:00;2024-05-18 00:00:00;2024-05-28 00:00:00
2024-05-10 00:00:00;SO576422;C0030;AT002;449;2024-07-12 00:00:00;2024-07-12 00:00:00;2024-05-18 00:00:00;2024-05-18 00:00:00
2024-05-10 00:00:00;SO160857;C0021;AS004;1136;2024-05-24 00:00:00;2024-06-01 00:00:00;2024-05-14 00:00:00;2024-05-22 00:00:00
2024-05-10 00:00:00;SO354001;C0010;VS005;617;2024-06-21 00:00:00;2024-07-01 00:00:00;2024-05-13 00:00:00;2024-05-23 00:00:00
2024-05-10 00:00:00;SO160857;C0021;CS001;458;2024-05-24 00:00:00;2024-05-22 00:00:00;2024-05-14 00:00:00;2024-05-12 00:00:00
2024-05-10 00:00:00;SO160857;C0021;AS003;441;2024-05-24 00:00:00;2024-05-30 00:00:00;2024-05-14 00:00:00;2024-05-20 00:00:00
2024-05-13 00:00:00;SO323387;C0028;AS003;1263;2024-05-27 00:00:00;2024-06-06 00:00:00;2024-05-21 00:00:00;2024-05-31 00:00:00
2024-05-13 00:00:00;SO237322;C0019;CS002;887;2024-07-15 00:00:00;2024-07-07 00:00:00;2024-05-17 00:00:00;2024-05-09 00:00:00
2024-05-13 00:00:00;SO237322;C0019;AT001;739;2024-07-15 00:00:00;2024-07-13 00:00:00;2024-05-17 00:00:00;2024-05-15 00:00:00
2024-05-13 00:00:00;SO323387;C0028;AT001;991;2024-05-27 00:00:00;2024-05-20 00:00:00;2024-05-21 00:00:00;2024-05-14 00:00:00
2024-05-13 00:00:00;SO237322;C0019;CL002;373;2024-07-15 00:00:00;2024-07-22 00:00:00;2024-05-17 00:00:00;2024-05-24 00:00:00
2024-05-13 00:00:00;SO237322;C0019;CT003;467;2024-07-15 00:00:00;2024-07-09 00:00:00;2024-05-17 00:00:00;2024-05-11 00:00:00
2024-05-13 00:00:00;SO323387;C0028;VS005;672;2024-05-27 00:00:00;2024-05-23 00:00:00;2024-05-21 00:00:00;2024-05-17 00:00:00
2024-05-13 00:00:00;SO323387;C0028;AS005;1025;2024-05-27 00:00:00;2024-05-27 00:00:00;2024-05-21 00:00:00;2024-05-21 00:00:00
2024-05-13 00:00:00;SO323387;C0028;CS004;590;2024-05-27 00:00:00;2024-05-20 00:00:00;2024-05-21 00:00:00;2024-05-14 00:00:00
2024-05-13 00:00:00;SO237322;C0019;CS004;401;2024-07-15 00:00:00;2024-07-15 00:00:00;2024-05-17 00:00:00;2024-05-17 00:00:00
2024-05-13 00:00:00;SO237322;C0019;AT002;862;2024-07-15 00:00:00;2024-07-23 00:00:00;2024-05-17 00:00:00;2024-05-25 00:00:00
2024-05-13 00:00:00;SO323387;C0028;AS001;774;2024-05-27 00:00:00;2024-05-20 00:00:00;2024-05-21 00:00:00;2024-05-14 00:00:00
2024-05-13 00:00:00;SO237322;C0019;AL002;1186;2024-07-15 00:00:00;2024-07-05 00:00:00;2024-05-17 00:00:00;2024-05-07 00:00:00
2024-05-14 00:00:00;SO655562;C0015;AL002;538;2024-06-25 00:00:00;2024-06-27 00:00:00;2024-05-18 00:00:00;2024-05-20 00:00:00
2024-05-14 00:00:00;SO146622;C0023;AL001;1053;2024-06-18 00:00:00;2024-06-13 00:00:00;2024-05-18 00:00:00;2024-05-13 00:00:00
2024-05-14 00:00:00;SO593793;C0027;AT001;780;2024-06-25 00:00:00;2024-07-05 00:00:00;2024-05-22 00:00:00;2024-06-01 00:00:00
2024-05-14 00:00:00;SO534485;C0020;CT003;840;2024-07-09 00:00:00;2024-07-14 00:00:00;2024-05-18 00:00:00;2024-05-23 00:00:00
2024-05-14 00:00:00;SO534485;C0020;CS001;435;2024-07-09 00:00:00;2024-07-15 00:00:00;2024-05-18 00:00:00;2024-05-24 00:00:00
2024-05-14 00:00:00;SO593793;C0027;CS002;783;2024-06-25 00:00:00;2024-06-16 00:00:00;2024-05-22 00:00:00;2024-05-13 00:00:00
2024-05-14 00:00:00;SO146622;C0023;AS003;869;2024-06-18 00:00:00;2024-06-14 00:00:00;2024-05-18 00:00:00;2024-05-14 00:00:00
2024-05-14 00:00:00;SO146622;C0023;AT001;709;2024-06-18 00:00:00;2024-06-14 00:00:00;2024-05-18 00:00:00;2024-05-14 00:00:00
2024-05-14 00:00:00;SO593793;C0027;AL002;1157;2024-06-25 00:00:00;2024-06-22 00:00:00;2024-05-22 00:00:00;2024-05-19 00:00:00
2024-05-14 00:00:00;SO534485;C0020;AS005;825;2024-07-09 00:00:00;2024-07-08 00:00:00;2024-05-18 00:00:00;2024-05-17 00:00:00
2024-05-14 00:00:00;SO146622;C0023;AS005;973;2024-06-18 00:00:00;2024-06-14 00:00:00;2024-05-18 00:00:00;2024-05-14 00:00:00
2024-05-14 00:00:00;SO534485;C0020;AS001;570;2024-07-09 00:00:00;2024-07-01 00:00:00;2024-05-18 00:00:00;2024-05-10 00:00:00
2024-05-15 00:00:00;SO301182;C0007;VS002;758;2024-07-17 00:00:00;2024-07-08 00:00:00;2024-05-18 00:00:00;2024-05-09 00:00:00
2024-05-15 00:00:00;SO306806;C0008;AS003;1015;2024-07-10 00:00:00;2024-07-17 00:00:00;2024-05-18 00:00:00;2024-05-25 00:00:00
2024-05-15 00:00:00;SO301182;C0007;VS005;744;2024-07-17 00:00:00;2024-07-08 00:00:00;2024-05-18 00:00:00;2024-05-09 00:00:00
2024-05-15 00:00:00;SO301182;C0007;AS001;708;2024-07-17 00:00:00;2024-07-19 00:00:00;2024-05-18 00:00:00;2024-05-20 00:00:00
2024-05-15 00:00:00;SO301182;C0007;CS002;678;2024-07-17 00:00:00;2024-07-21 00:00:00;2024-05-18 00:00:00;2024-05-22 00:00:00
2024-05-15 00:00:00;SO301182;C0007;CT003;617;2024-07-17 00:00:00;2024-07-22 00:00:00;2024-05-18 00:00:00;2024-05-23 00:00:00
2024-05-15 00:00:00;SO306806;C0008;AS001;980;2024-07-10 00:00:00;2024-07-07 00:00:00;2024-05-18 00:00:00;2024-05-15 00:00:00
2024-05-15 00:00:00;SO306806;C0008;CS004;372;2024-07-10 00:00:00;2024-07-13 00:00:00;2024-05-18 00:00:00;2024-05-21 00:00:00
2024-05-15 00:00:00;SO306806;C0008;AT002;523;2024-07-10 00:00:00;2024-07-06 00:00:00;2024-05-18 00:00:00;2024-05-14 00:00:00
2024-05-15 00:00:00;SO301182;C0007;CS004;909;2024-07-17 00:00:00;2024-07-08 00:00:00;2024-05-18 00:00:00;2024-05-09 00:00:00
2024-05-15 00:00:00;SO306806;C0008;CL002;299;2024-07-10 00:00:00;2024-07-10 00:00:00;2024-05-18 00:00:00;2024-05-18 00:00:00
2024-05-15 00:00:00;SO306806;C0008;AS004;925;2024-07-10 00:00:00;2024-07-16 00:00:00;2024-05-18 00:00:00;2024-05-24 00:00:00
2024-05-16 00:00:00;SO529797;C0028;AT002;851;2024-05-30 00:00:00;2024-06-04 00:00:00;2024-05-24 00:00:00;2024-05-29 00:00:00
2024-05-16 00:00:00;SO486339;C0001;CT003;700;2024-06-13 00:00:00;2024-06-09 00:00:00;2024-05-18 00:00:00;2024-05-14 00:00:00
2024-05-16 00:00:00;SO529797;C0028;AS003;792;2024-05-30 00:00:00;2024-05-21 00:00:00;2024-05-24 00:00:00;2024-05-15 00:00:00
2024-05-16 00:00:00;SO529797;C0028;VS002;981;2024-05-30 00:00:00;2024-05-30 00:00:00;2024-05-24 00:00:00;2024-05-24 00:00:00
2024-05-16 00:00:00;SO529797;C0028;CS001;1056;2024-05-30 00:00:00;2024-05-27 00:00:00;2024-05-24 00:00:00;2024-05-21 00:00:00
2024-05-16 00:00:00;SO486339;C0001;CS001;784;2024-06-13 00:00:00;2024-06-16 00:00:00;2024-05-18 00:00:00;2024-05-21 00:00:00
2024-05-16 00:00:00;SO529797;C0028;AT001;981;2024-05-30 00:00:00;2024-06-02 00:00:00;2024-05-24 00:00:00;2024-05-27 00:00:00
2024-05-16 00:00:00;SO486339;C0001;CS004;505;2024-06-13 00:00:00;2024-06-06 00:00:00;2024-05-18 00:00:00;2024-05-11 00:00:00
2024-05-16 00:00:00;SO529797;C0028;CS002;944;2024-05-30 00:00:00;2024-05-24 00:00:00;2024-05-24 00:00:00;2024-05-18 00:00:00
2024-05-16 00:00:00;SO529797;C0028;CL002;954;2024-05-30 00:00:00;2024-05-25 00:00:00;2024-05-24 00:00:00;2024-05-19 00:00:00
2024-05-16 00:00:00;SO486339;C0001;AT001;456;2024-06-13 00:00:00;2024-06-15 00:00:00;2024-05-18 00:00:00;2024-05-20 00:00:00
2024-05-16 00:00:00;SO486339;C0001;AT002;961;2024-06-13 00:00:00;2024-06-05 00:00:00;2024-05-18 00:00:00;2024-05-10 00:00:00
2024-05-17 00:00:00;SO988397;C0002;AT001;718;2024-06-21 00:00:00;2024-06-15 00:00:00;2024-05-19 00:00:00;2024-05-13 00:00:00
2024-05-17 00:00:00;SO467990;C0023;CL002;594;2024-06-21 00:00:00;2024-06-11 00:00:00;2024-05-21 00:00:00;2024-05-11 00:00:00
2024-05-17 00:00:00;SO988397;C0002;AS005;691;2024-06-21 00:00:00;2024-06-11 00:00:00;2024-05-19 00:00:00;2024-05-09 00:00:00
2024-05-17 00:00:00;SO988397;C0002;CT003;746;2024-06-21 00:00:00;2024-06-24 00:00:00;2024-05-19 00:00:00;2024-05-22 00:00:00
2024-05-17 00:00:00;SO467990;C0023;AL001;990;2024-06-21 00:00:00;2024-06-14 00:00:00;2024-05-21 00:00:00;2024-05-14 00:00:00
2024-05-17 00:00:00;SO467990;C0023;AT002;752;2024-06-21 00:00:00;2024-06-23 00:00:00;2024-05-21 00:00:00;2024-05-23 00:00:00
2024-05-17 00:00:00;SO467990;C0023;AS001;1023;2024-06-21 00:00:00;2024-06-22 00:00:00;2024-05-21 00:00:00;2024-05-22 00:00:00
2024-05-17 00:00:00;SO988397;C0002;CS001;373;2024-06-21 00:00:00;2024-06-22 00:00:00;2024-05-19 00:00:00;2024-05-20 00:00:00
2024-05-17 00:00:00;SO988397;C0002;AS001;863;2024-06-21 00:00:00;2024-06-15 00:00:00;2024-05-19 00:00:00;2024-05-13 00:00:00
2024-05-17 00:00:00;SO988397;C0002;CL002;1078;2024-06-21 00:00:00;2024-06-20 00:00:00;2024-05-19 00:00:00;2024-05-18 00:00:00
2024-05-17 00:00:00;SO467990;C0023;CS002;904;2024-06-21 00:00:00;2024-06-11 00:00:00;2024-05-21 00:00:00;2024-05-11 00:00:00
2024-05-17 00:00:00;SO988397;C0002;AT002;688;2024-06-21 00:00:00;2024-06-25 00:00:00;2024-05-19 00:00:00;2024-05-23 00:00:00
2024-05-20 00:00:00;SO480280;C0025;AS005;663;2024-06-17 00:00:00;2024-06-13 00:00:00;2024-05-28 00:00:00;2024-05-24 00:00:00
2024-05-20 00:00:00;SO670761;C0003;CS002;1050;2024-07-01 00:00:00;2024-07-05 00:00:00;2024-05-22 00:00:00;2024-05-26 00:00:00
2024-05-20 00:00:00;SO670761;C0003;VS005;396;2024-07-01 00:00:00;2024-06-26 00:00:00;2024-05-22 00:00:00;2024-05-17 00:00:00
2024-05-20 00:00:00;SO670761;C0003;CS004;1135;2024-07-01 00:00:00;2024-07-08 00:00:00;2024-05-22 00:00:00;2024-05-29 00:00:00
2024-05-20 00:00:00;SO670761;C0003;AS004;714;2024-07-01 00:00:00;2024-06-21 00:00:00;2024-05-22 00:00:00;2024-05-12 00:00:00
2024-05-20 00:00:00;SO480280;C0025;AL002;779;2024-06-17 00:00:00;2024-06-27 00:00:00;2024-05-28 00:00:00;2024-06-07 00:00:00
2024-05-20 00:00:00;SO670761;C0003;CL002;606;2024-07-01 00:00:00;2024-07-10 00:00:00;2024-05-22 00:00:00;2024-05-31 00:00:00
2024-05-20 00:00:00;SO480280;C0025;CS002;691;2024-06-17 00:00:00;2024-06-27 00:00:00;2024-05-28 00:00:00;2024-06-07 00:00:00
2024-05-20 00:00:00;SO480280;C0025;AT001;464;2024-06-17 00:00:00;2024-06-12 00:00:00;2024-05-28 00:00:00;2024-05-23 00:00:00
2024-05-20 00:00:00;SO670761;C0003;AL001;496;2024-07-01 00:00:00;2024-06-26 00:00:00;2024-05-22 00:00:00;2024-05-17 00:00:00
2024-05-20 00:00:00;SO670761;C0003;VS002;347;2024-07-01 00:00:00;2024-07-11 00:00:00;2024-05-22 00:00:00;2024-06-01 00:00:00
2024-05-20 00:00:00;SO670761;C0003;CS001;1252;2024-07-01 00:00:00;2024-07-06 00:00:00;2024-05-22 00:00:00;2024-05-27 00:00:00
2024-05-20 00:00:00;SO670761;C0003;AS001;992;2024-07-01 00:00:00;2024-06-28 00:00:00;2024-05-22 00:00:00;2024-05-19 00:00:00
2024-05-20 00:00:00;SO480280;C0025;AL001;912;2024-06-17 00:00:00;2024-06-13 00:00:00;2024-05-28 00:00:00;2024-05-24 00:00:00
2024-05-20 00:00:00;SO480280;C0025;VS002;952;2024-06-17 00:00:00;2024-06-16 00:00:00;2024-05-28 00:00:00;2024-05-27 00:00:00
2024-05-20 00:00:00;SO670761;C0003;CT003;1028;2024-07-01 00:00:00;2024-06-23 00:00:00;2024-05-22 00:00:00;2024-05-14 00:00:00
2024-05-20 00:00:00;SO670761;C0003;AS005;519;2024-07-01 00:00:00;2024-06-22 00:00:00;2024-05-22 00:00:00;2024-05-13 00:00:00
2024-05-20 00:00:00;SO480280;C0025;AS004;678;2024-06-17 00:00:00;2024-06-24 00:00:00;2024-05-28 00:00:00;2024-06-04 00:00:00
2024-05-20 00:00:00;SO670761;C0003;AL002;913;2024-07-01 00:00:00;2024-06-26 00:00:00;2024-05-22 00:00:00;2024-05-17 00:00:00
2024-05-20 00:00:00;SO670761;C0003;AT002;1013;2024-07-01 00:00:00;2024-06-24 00:00:00;2024-05-22 00:00:00;2024-05-15 00:00:00
2024-05-21 00:00:00;SO237638;C0023;CS002;1100;2024-06-25 00:00:00;2024-06-17 00:00:00;2024-05-25 00:00:00;2024-05-17 00:00:00
2024-05-21 00:00:00;SO321936;C0002;CL002;807;2024-06-25 00:00:00;2024-07-03 00:00:00;2024-05-23 00:00:00;2024-05-31 00:00:00
2024-05-21 00:00:00;SO237638;C0023;CT003;1207;2024-06-25 00:00:00;2024-06-25 00:00:00;2024-05-25 00:00:00;2024-05-25 00:00:00
2024-05-21 00:00:00;SO321936;C0002;CT003;601;2024-06-25 00:00:00;2024-06-17 00:00:00;2024-05-23 00:00:00;2024-05-15 00:00:00
2024-05-21 00:00:00;SO321936;C0002;AT001;946;2024-06-25 00:00:00;2024-06-15 00:00:00;2024-05-23 00:00:00;2024-05-13 00:00:00
2024-05-21 00:00:00;SO237638;C0023;AS001;834;2024-06-25 00:00:00;2024-07-02 00:00:00;2024-05-25 00:00:00;2024-06-01 00:00:00
2024-05-21 00:00:00;SO321936;C0002;CS002;435;2024-06-25 00:00:00;2024-06-30 00:00:00;2024-05-23 00:00:00;2024-05-28 00:00:00
2024-05-21 00:00:00;SO321936;C0002;VS002;606;2024-06-25 00:00:00;2024-07-05 00:00:00;2024-05-23 00:00:00;2024-06-02 00:00:00
2024-05-21 00:00:00;SO237638;C0023;AS005;1298;2024-06-25 00:00:00;2024-06-28 00:00:00;2024-05-25 00:00:00;2024-05-28 00:00:00
2024-05-21 00:00:00;SO237638;C0023;VS005;606;2024-06-25 00:00:00;2024-06-16 00:00:00;2024-05-25 00:00:00;2024-05-16 00:00:00
2024-05-21 00:00:00;SO321936;C0002;VS005;1162;2024-06-25 00:00:00;2024-06-25 00:00:00;2024-05-23 00:00:00;2024-05-23 00:00:00
2024-05-21 00:00:00;SO321936;C0002;AS003;377;2024-06-25 00:00:00;2024-06-15 00:00:00;2024-05-23 00:00:00;2024-05-13 00:00:00
2024-05-21 00:00:00;SO237638;C0023;AT002;605;2024-06-25 00:00:00;2024-06-30 00:00:00;2024-05-25 00:00:00;2024-05-30 00:00:00
2024-05-21 00:00:00;SO321936;C0002;CS004;861;2024-06-25 00:00:00;2024-06-20 00:00:00;2024-05-23 00:00:00;2024-05-18 00:00:00
2024-05-21 00:00:00;SO237638;C0023;AL001;941;2024-06-25 00:00:00;2024-06-24 00:00:00;2024-05-25 00:00:00;2024-05-24 00:00:00
2024-05-21 00:00:00;SO237638;C0023;CS001;746;2024-06-25 00:00:00;2024-06-15 00:00:00;2024-05-25 00:00:00;2024-05-15 00:00:00
2024-05-21 00:00:00;SO237638;C0023;AS003;896;2024-06-25 00:00:00;2024-06-21 00:00:00;2024-05-25 00:00:00;2024-05-21 00:00:00
2024-05-22 00:00:00;SO381961;C0025;AS001;340;2024-06-19 00:00:00;2024-06-12 00:00:00;2024-05-30 00:00:00;2024-05-23 00:00:00
2024-05-22 00:00:00;SO988180;C0008;CS001;346;2024-07-17 00:00:00;2024-07-21 00:00:00;2024-05-25 00:00:00;2024-05-29 00:00:00
2024-05-22 00:00:00;SO587976;C0003;AL002;1104;2024-07-03 00:00:00;2024-07-12 00:00:00;2024-05-24 00:00:00;2024-06-02 00:00:00
2024-05-22 00:00:00;SO587976;C0003;CS001;783;2024-07-03 00:00:00;2024-06-28 00:00:00;2024-05-24 00:00:00;2024-05-19 00:00:00
2024-05-22 00:00:00;SO988180;C0008;CS002;1258;2024-07-17 00:00:00;2024-07-19 00:00:00;2024-05-25 00:00:00;2024-05-27 00:00:00
2024-05-22 00:00:00;SO587976;C0003;AS004;1004;2024-07-03 00:00:00;2024-07-06 00:00:00;2024-05-24 00:00:00;2024-05-27 00:00:00
2024-05-22 00:00:00;SO587976;C0003;CT003;1148;2024-07-03 00:00:00;2024-06-30 00:00:00;2024-05-24 00:00:00;2024-05-21 00:00:00
2024-05-22 00:00:00;SO988180;C0008;VS002;668;2024-07-17 00:00:00;2024-07-17 00:00:00;2024-05-25 00:00:00;2024-05-25 00:00:00
2024-05-22 00:00:00;SO988180;C0008;CL002;1206;2024-07-17 00:00:00;2024-07-15 00:00:00;2024-05-25 00:00:00;2024-05-23 00:00:00
2024-05-22 00:00:00;SO988180;C0008;AS004;1187;2024-07-17 00:00:00;2024-07-09 00:00:00;2024-05-25 00:00:00;2024-05-17 00:00:00
2024-05-22 00:00:00;SO587976;C0003;AS005;391;2024-07-03 00:00:00;2024-07-01 00:00:00;2024-05-24 00:00:00;2024-05-22 00:00:00
2024-05-22 00:00:00;SO381961;C0025;AT002;847;2024-06-19 00:00:00;2024-06-28 00:00:00;2024-05-30 00:00:00;2024-06-08 00:00:00
2024-05-23 00:00:00;SO314581;C0012;CT003;872;2024-06-20 00:00:00;2024-06-13 00:00:00;2024-05-26 00:00:00;2024-05-19 00:00:00
2024-05-23 00:00:00;SO117264;C0019;AL002;820;2024-07-25 00:00:00;2024-08-03 00:00:00;2024-05-27 00:00:00;2024-06-05 00:00:00
2024-05-23 00:00:00;SO279707;C0018;AL002;564;2024-07-25 00:00:00;2024-07-29 00:00:00;2024-05-27 00:00:00;2024-05-31 00:00:00
2024-05-23 00:00:00;SO117264;C0019;VS005;472;2024-07-25 00:00:00;2024-07-29 00:00:00;2024-05-27 00:00:00;2024-05-31 00:00:00
2024-05-23 00:00:00;SO117264;C0019;AT001;980;2024-07-25 00:00:00;2024-07-22 00:00:00;2024-05-27 00:00:00;2024-05-24 00:00:00
2024-05-23 00:00:00;SO279707;C0018;VS005;368;2024-07-25 00:00:00;2024-07-15 00:00:00;2024-05-27 00:00:00;2024-05-17 00:00:00
2024-05-23 00:00:00;SO279707;C0018;CS002;1058;2024-07-25 00:00:00;2024-08-01 00:00:00;2024-05-27 00:00:00;2024-06-03 00:00:00
2024-05-23 00:00:00;SO117264;C0019;VS002;915;2024-07-25 00:00:00;2024-08-03 00:00:00;2024-05-27 00:00:00;2024-06-05 00:00:00
2024-05-23 00:00:00;SO279707;C0018;CT003;1379;2024-07-25 00:00:00;2024-07-18 00:00:00;2024-05-27 00:00:00;2024-05-20 00:00:00
2024-05-23 00:00:00;SO279707;C0018;CL002;1112;2024-07-25 00:00:00;2024-07-16 00:00:00;2024-05-27 00:00:00;2024-05-18 00:00:00
2024-05-23 00:00:00;SO117264;C0019;CL002;981;2024-07-25 00:00:00;2024-07-24 00:00:00;2024-05-27 00:00:00;2024-05-26 00:00:00
2024-05-23 00:00:00;SO314581;C0012;AS001;517;2024-06-20 00:00:00;2024-06-12 00:00:00;2024-05-26 00:00:00;2024-05-18 00:00:00
2024-05-24 00:00:00;SO758509;C0014;AT002;961;2024-06-28 00:00:00;2024-06-18 00:00:00;2024-05-28 00:00:00;2024-05-18 00:00:00
2024-05-24 00:00:00;SO114474;C0020;AL001;1040;2024-07-19 00:00:00;2024-07-17 00:00:00;2024-05-28 00:00:00;2024-05-26 00:00:00
2024-05-24 00:00:00;SO114474;C0020;VS002;318;2024-07-19 00:00:00;2024-07-09 00:00:00;2024-05-28 00:00:00;2024-05-18 00:00:00
2024-05-24 00:00:00;SO758509;C0014;AL002;328;2024-06-28 00:00:00;2024-06-28 00:00:00;2024-05-28 00:00:00;2024-05-28 00:00:00
2024-05-24 00:00:00;SO758509;C0014;AS005;585;2024-06-28 00:00:00;2024-06-24 00:00:00;2024-05-28 00:00:00;2024-05-24 00:00:00
2024-05-24 00:00:00;SO114474;C0020;AT001;623;2024-07-19 00:00:00;2024-07-18 00:00:00;2024-05-28 00:00:00;2024-05-27 00:00:00
2024-05-24 00:00:00;SO758509;C0014;CS004;1148;2024-06-28 00:00:00;2024-06-25 00:00:00;2024-05-28 00:00:00;2024-05-25 00:00:00
2024-05-24 00:00:00;SO114474;C0020;AT002;1167;2024-07-19 00:00:00;2024-07-26 00:00:00;2024-05-28 00:00:00;2024-06-04 00:00:00
2024-05-24 00:00:00;SO758509;C0014;AS001;908;2024-06-28 00:00:00;2024-07-03 00:00:00;2024-05-28 00:00:00;2024-06-02 00:00:00
2024-05-24 00:00:00;SO758509;C0014;CS002;667;2024-06-28 00:00:00;2024-07-08 00:00:00;2024-05-28 00:00:00;2024-06-07 00:00:00
2024-05-24 00:00:00;SO114474;C0020;AS001;1371;2024-07-19 00:00:00;2024-07-17 00:00:00;2024-05-28 00:00:00;2024-05-26 00:00:00
2024-05-24 00:00:00;SO114474;C0020;CS001;1011;2024-07-19 00:00:00;2024-07-27 00:00:00;2024-05-28 00:00:00;2024-06-05 00:00:00
2024-05-24 00:00:00;SO114474;C0020;VS005;517;2024-07-19 00:00:00;2024-07-19 00:00:00;2024-05-28 00:00:00;2024-05-28 00:00:00
2024-05-24 00:00:00;SO114474;C0020;AS005;889;2024-07-19 00:00:00;2024-07-29 00:00:00;2024-05-28 00:00:00;2024-06-07 00:00:00
2024-05-24 00:00:00;SO758509;C0014;AT001;746;2024-06-28 00:00:00;2024-06-22 00:00:00;2024-05-28 00:00:00;2024-05-22 00:00:00
2024-05-24 00:00:00;SO114474;C0020;AS004;841;2024-07-19 00:00:00;2024-07-12 00:00:00;2024-05-28 00:00:00;2024-05-21 00:00:00
2024-05-24 00:00:00;SO758509;C0014;CT003;1087;2024-06-28 00:00:00;2024-06-30 00:00:00;2024-05-28 00:00:00;2024-05-30 00:00:00
2024-05-24 00:00:00;SO758509;C0014;CL002;324;2024-06-28 00:00:00;2024-07-03 00:00:00;2024-05-28 00:00:00;2024-06-02 00:00:00
2024-05-24 00:00:00;SO114474;C0020;CT003;1225;2024-07-19 00:00:00;2024-07-27 00:00:00;2024-05-28 00:00:00;2024-06-05 00:00:00
2024-05-24 00:00:00;SO114474;C0020;CS004;540;2024-07-19 00:00:00;2024-07-11 00:00:00;2024-05-28 00:00:00;2024-05-20 00:00:00
2024-05-27 00:00:00;SO578216;C0005;CS002;635;2024-07-22 00:00:00;2024-07-21 00:00:00;2024-05-29 00:00:00;2024-05-28 00:00:00
2024-05-27 00:00:00;SO324887;C0015;CL002;661;2024-07-08 00:00:00;2024-07-16 00:00:00;2024-05-31 00:00:00;2024-06-08 00:00:00
2024-05-27 00:00:00;SO324887;C0015;CS002;1197;2024-07-08 00:00:00;2024-06-30 00:00:00;2024-05-31 00:00:00;2024-05-23 00:00:00
2024-05-27 00:00:00;SO578216;C0005;AT002;794;2024-07-22 00:00:00;2024-07-23 00:00:00;2024-05-29 00:00:00;2024-05-30 00:00:00
2024-05-27 00:00:00;SO324887;C0015;AT001;891;2024-07-08 00:00:00;2024-07-18 00:00:00;2024-05-31 00:00:00;2024-06-10 00:00:00
2024-05-27 00:00:00;SO578216;C0005;AS001;468;2024-07-22 00:00:00;2024-07-21 00:00:00;2024-05-29 00:00:00;2024-05-28 00:00:00
2024-05-27 00:00:00;SO578216;C0005;AL002;1235;2024-07-22 00:00:00;2024-07-26 00:00:00;2024-05-29 00:00:00;2024-06-02 00:00:00
2024-05-27 00:00:00;SO578216;C0005;AL001;373;2024-07-22 00:00:00;2024-07-30 00:00:00;2024-05-29 00:00:00;2024-06-06 00:00:00
2024-05-27 00:00:00;SO324887;C0015;VS002;981;2024-07-08 00:00:00;2024-07-15 00:00:00;2024-05-31 00:00:00;2024-06-07 00:00:00
2024-05-27 00:00:00;SO578216;C0005;CT003;961;2024-07-22 00:00:00;2024-07-20 00:00:00;2024-05-29 00:00:00;2024-05-27 00:00:00
2024-05-27 00:00:00;SO578216;C0005;VS005;327;2024-07-22 00:00:00;2024-07-22 00:00:00;2024-05-29 00:00:00;2024-05-29 00:00:00
2024-05-27 00:00:00;SO578216;C0005;AS004;747;2024-07-22 00:00:00;2024-08-01 00:00:00;2024-05-29 00:00:00;2024-06-08 00:00:00
2024-05-27 00:00:00;SO578216;C0005;AS003;748;2024-07-22 00:00:00;2024-07-17 00:00:00;2024-05-29 00:00:00;2024-05-24 00:00:00
2024-05-27 00:00:00;SO324887;C0015;AL001;533;2024-07-08 00:00:00;2024-07-06 00:00:00;2024-05-31 00:00:00;2024-05-29 00:00:00
2024-05-27 00:00:00;SO324887;C0015;CT003;917;2024-07-08 00:00:00;2024-07-12 00:00:00;2024-05-31 00:00:00;2024-06-04 00:00:00
2024-05-27 00:00:00;SO324887;C0015;AT002;965;2024-07-08 00:00:00;2024-07-18 00:00:00;2024-05-31 00:00:00;2024-06-10 00:00:00
2024-05-27 00:00:00;SO324887;C0015;AS001;940;2024-07-08 00:00:00;2024-07-15 00:00:00;2024-05-31 00:00:00;2024-06-07 00:00:00
2024-05-28 00:00:00;SO690093;C0007;CT003;945;2024-07-30 00:00:00;2024-08-04 00:00:00;2024-05-31 00:00:00;2024-06-05 00:00:00
2024-05-28 00:00:00;SO780898;C0012;VS002;1014;2024-06-25 00:00:00;2024-06-24 00:00:00;2024-05-31 00:00:00;2024-05-30 00:00:00
2024-05-28 00:00:00;SO690093;C0007;AT002;540;2024-07-30 00:00:00;2024-07-27 00:00:00;2024-05-31 00:00:00;2024-05-28 00:00:00
2024-05-28 00:00:00;SO690093;C0007;VS005;396;2024-07-30 00:00:00;2024-08-05 00:00:00;2024-05-31 00:00:00;2024-06-06 00:00:00
2024-05-28 00:00:00;SO690093;C0007;VS002;1025;2024-07-30 00:00:00;2024-08-08 00:00:00;2024-05-31 00:00:00;2024-06-09 00:00:00
2024-05-28 00:00:00;SO690093;C0007;AS005;696;2024-07-30 00:00:00;2024-08-09 00:00:00;2024-05-31 00:00:00;2024-06-10 00:00:00
2024-05-28 00:00:00;SO780898;C0012;AL001;767;2024-06-25 00:00:00;2024-06-23 00:00:00;2024-05-31 00:00:00;2024-05-29 00:00:00
2024-05-28 00:00:00;SO780898;C0012;AS004;998;2024-06-25 00:00:00;2024-06-20 00:00:00;2024-05-31 00:00:00;2024-05-26 00:00:00
2024-05-28 00:00:00;SO690093;C0007;AS004;742;2024-07-30 00:00:00;2024-07-27 00:00:00;2024-05-31 00:00:00;2024-05-28 00:00:00
2024-05-28 00:00:00;SO690093;C0007;CL002;1285;2024-07-30 00:00:00;2024-08-02 00:00:00;2024-05-31 00:00:00;2024-06-03 00:00:00
2024-05-28 00:00:00;SO780898;C0012;CL002;1332;2024-06-25 00:00:00;2024-06-26 00:00:00;2024-05-31 00:00:00;2024-06-01 00:00:00
2024-05-28 00:00:00;SO780898;C0012;CT003;880;2024-06-25 00:00:00;2024-06-25 00:00:00;2024-05-31 00:00:00;2024-05-31 00:00:00
2024-05-28 00:00:00;SO690093;C0007;CS002;656;2024-07-30 00:00:00;2024-07-28 00:00:00;2024-05-31 00:00:00;2024-05-29 00:00:00
2024-05-28 00:00:00;SO780898;C0012;AT002;1002;2024-06-25 00:00:00;2024-07-03 00:00:00;2024-05-31 00:00:00;2024-06-08 00:00:00
2024-05-28 00:00:00;SO690093;C0007;AT001;414;2024-07-30 00:00:00;2024-07-27 00:00:00;2024-05-31 00:00:00;2024-05-28 00:00:00
2024-05-28 00:00:00;SO780898;C0012;VS005;759;2024-06-25 00:00:00;2024-06-27 00:00:00;2024-05-31 00:00:00;2024-06-02 00:00:00
2024-05-28 00:00:00;SO780898;C0012;CS004;484;2024-06-25 00:00:00;2024-06-24 00:00:00;2024-05-31 00:00:00;2024-05-30 00:00:00
2024-05-28 00:00:00;SO780898;C0012;CS002;970;2024-06-25 00:00:00;2024-06-21 00:00:00;2024-05-31 00:00:00;2024-05-27 00:00:00
2024-05-28 00:00:00;SO780898;C0012;CS001;428;2024-06-25 00:00:00;2024-06-27 00:00:00;2024-05-31 00:00:00;2024-06-02 00:00:00
2024-05-29 00:00:00;SO747959;C0006;AL002;986;2024-07-31 00:00:00;2024-08-01 00:00:00;2024-05-31 00:00:00;2024-06-01 00:00:00
2024-05-29 00:00:00;SO792386;C0007;AT001;450;2024-07-31 00:00:00;2024-08-07 00:00:00;2024-06-01 00:00:00;2024-06-08 00:00:00
2024-05-29 00:00:00;SO418325;C0018;AS005;776;2024-07-31 00:00:00;2024-07-25 00:00:00;2024-06-02 00:00:00;2024-05-27 00:00:00
2024-05-29 00:00:00;SO571615;C0002;VS002;629;2024-07-03 00:00:00;2024-06-25 00:00:00;2024-05-31 00:00:00;2024-05-23 00:00:00
2024-05-29 00:00:00;SO792386;C0007;CS002;549;2024-07-31 00:00:00;2024-07-26 00:00:00;2024-06-01 00:00:00;2024-05-27 00:00:00
2024-05-29 00:00:00;SO747959;C0006;AL001;891;2024-07-31 00:00:00;2024-08-03 00:00:00;2024-05-31 00:00:00;2024-06-03 00:00:00
2024-05-29 00:00:00;SO747959;C0006;CL002;457;2024-07-31 00:00:00;2024-08-03 00:00:00;2024-05-31 00:00:00;2024-06-03 00:00:00
2024-05-29 00:00:00;SO571615;C0002;AS005;539;2024-07-03 00:00:00;2024-07-10 00:00:00;2024-05-31 00:00:00;2024-06-07 00:00:00
2024-05-29 00:00:00;SO418325;C0018;AS001;497;2024-07-31 00:00:00;2024-08-07 00:00:00;2024-06-02 00:00:00;2024-06-09 00:00:00
2024-05-29 00:00:00;SO571615;C0002;AS003;803;2024-07-03 00:00:00;2024-06-30 00:00:00;2024-05-31 00:00:00;2024-05-28 00:00:00
2024-05-29 00:00:00;SO418325;C0018;AS003;961;2024-07-31 00:00:00;2024-07-21 00:00:00;2024-06-02 00:00:00;2024-05-23 00:00:00
2024-05-29 00:00:00;SO418325;C0018;CT003;962;2024-07-31 00:00:00;2024-07-21 00:00:00;2024-06-02 00:00:00;2024-05-23 00:00:00
2024-05-29 00:00:00;SO418325;C0018;CS004;748;2024-07-31 00:00:00;2024-08-08 00:00:00;2024-06-02 00:00:00;2024-06-10 00:00:00
2024-05-29 00:00:00;SO418325;C0018;AL001;1075;2024-07-31 00:00:00;2024-07-28 00:00:00;2024-06-02 00:00:00;2024-05-30 00:00:00
2024-05-29 00:00:00;SO418325;C0018;CS002;767;2024-07-31 00:00:00;2024-07-21 00:00:00;2024-06-02 00:00:00;2024-05-23 00:00:00
2024-05-30 00:00:00;SO696030;C0030;AL002;701;2024-08-01 00:00:00;2024-08-01 00:00:00;2024-06-07 00:00:00;2024-06-07 00:00:00
2024-05-30 00:00:00;SO109827;C0018;AL001;382;2024-08-01 00:00:00;2024-07-27 00:00:00;2024-06-03 00:00:00;2024-05-29 00:00:00
2024-05-30 00:00:00;SO688733;C0006;AS005;809;2024-08-01 00:00:00;2024-07-28 00:00:00;2024-06-01 00:00:00;2024-05-28 00:00:00
2024-05-30 00:00:00;SO486968;C0010;VS002;747;2024-07-11 00:00:00;2024-07-03 00:00:00;2024-06-02 00:00:00;2024-05-25 00:00:00
2024-05-30 00:00:00;SO486968;C0010;CS004;948;2024-07-11 00:00:00;2024-07-18 00:00:00;2024-06-02 00:00:00;2024-06-09 00:00:00
2024-05-30 00:00:00;SO486968;C0010;AT002;875;2024-07-11 00:00:00;2024-07-09 00:00:00;2024-06-02 00:00:00;2024-05-31 00:00:00
2024-05-30 00:00:00;SO696030;C0030;VS005;599;2024-08-01 00:00:00;2024-07-28 00:00:00;2024-06-07 00:00:00;2024-06-03 00:00:00
2024-05-30 00:00:00;SO688733;C0006;AS003;553;2024-08-01 00:00:00;2024-08-01 00:00:00;2024-06-01 00:00:00;2024-06-01 00:00:00
2024-05-30 00:00:00;SO109827;C0018;VS005;1253;2024-08-01 00:00:00;2024-08-04 00:00:00;2024-06-03 00:00:00;2024-06-06 00:00:00
2024-05-30 00:00:00;SO688733;C0006;AT002;1151;2024-08-01 00:00:00;2024-07-28 00:00:00;2024-06-01 00:00:00;2024-05-28 00:00:00
2024-05-30 00:00:00;SO696030;C0030;AS005;1001;2024-08-01 00:00:00;2024-08-08 00:00:00;2024-06-07 00:00:00;2024-06-14 00:00:00
2024-05-30 00:00:00;SO486968;C0010;AS001;1180;2024-07-11 00:00:00;2024-07-08 00:00:00;2024-06-02 00:00:00;2024-05-30 00:00:00
2024-05-30 00:00:00;SO486968;C0010;AL001;419;2024-07-11 00:00:00;2024-07-14 00:00:00;2024-06-02 00:00:00;2024-06-05 00:00:00
2024-05-30 00:00:00;SO688733;C0006;AT001;1085;2024-08-01 00:00:00;2024-08-05 00:00:00;2024-06-01 00:00:00;2024-06-05 00:00:00
2024-05-30 00:00:00;SO696030;C0030;CS001;855;2024-08-01 00:00:00;2024-07-23 00:00:00;2024-06-07 00:00:00;2024-05-29 00:00:00
2024-05-31 00:00:00;SO141649;C0001;AS001;673;2024-06-28 00:00:00;2024-07-06 00:00:00;2024-06-02 00:00:00;2024-06-10 00:00:00
2024-05-31 00:00:00;SO826930;C0013;CS004;770;2024-06-28 00:00:00;2024-07-07 00:00:00;2024-06-04 00:00:00;2024-06-13 00:00:00
2024-05-31 00:00:00;SO864388;C0018;VS002;890;2024-08-02 00:00:00;2024-07-27 00:00:00;2024-06-04 00:00:00;2024-05-29 00:00:00
2024-05-31 00:00:00;SO148893;C0023;AL001;853;2024-07-05 00:00:00;2024-06-30 00:00:00;2024-06-04 00:00:00;2024-05-30 00:00:00
2024-05-31 00:00:00;SO148893;C0023;AS001;1185;2024-07-05 00:00:00;2024-07-07 00:00:00;2024-06-04 00:00:00;2024-06-06 00:00:00
2024-05-31 00:00:00;SO864388;C0018;AT002;972;2024-08-02 00:00:00;2024-08-02 00:00:00;2024-06-04 00:00:00;2024-06-04 00:00:00
2024-05-31 00:00:00;SO148893;C0023;CL002;1120;2024-07-05 00:00:00;2024-07-03 00:00:00;2024-06-04 00:00:00;2024-06-02 00:00:00
2024-05-31 00:00:00;SO148893;C0023;AS004;573;2024-07-05 00:00:00;2024-07-07 00:00:00;2024-06-04 00:00:00;2024-06-06 00:00:00
2024-05-31 00:00:00;SO148893;C0023;AS005;673;2024-07-05 00:00:00;2024-06-27 00:00:00;2024-06-04 00:00:00;2024-05-27 00:00:00
2024-05-31 00:00:00;SO141649;C0001;CS001;803;2024-06-28 00:00:00;2024-07-08 00:00:00;2024-06-02 00:00:00;2024-06-12 00:00:00
2024-05-31 00:00:00;SO864388;C0018;AS001;374;2024-08-02 00:00:00;2024-08-10 00:00:00;2024-06-04 00:00:00;2024-06-12 00:00:00
2024-05-31 00:00:00;SO148893;C0023;AT001;1053;2024-07-05 00:00:00;2024-07-04 00:00:00;2024-06-04 00:00:00;2024-06-03 00:00:00
2024-05-31 00:00:00;SO864388;C0018;CS002;846;2024-08-02 00:00:00;2024-08-12 00:00:00;2024-06-04 00:00:00;2024-06-14 00:00:00
2024-05-31 00:00:00;SO148893;C0023;CS002;1026;2024-07-05 00:00:00;2024-06-26 00:00:00;2024-06-04 00:00:00;2024-05-26 00:00:00
2024-06-03 00:00:00;SO125069;C0014;CS001;1092;2024-07-08 00:00:00;2024-07-02 00:00:00;2024-06-07 00:00:00;2024-06-01 00:00:00
2024-06-03 00:00:00;SO579110;C0004;VS004;813;2024-06-17 00:00:00;2024-06-19 00:00:00;2024-06-05 00:00:00;2024-06-07 00:00:00
2024-06-03 00:00:00;SO448428;C0006;CS001;1075;2024-08-05 00:00:00;2024-08-10 00:00:00;2024-06-05 00:00:00;2024-06-10 00:00:00
2024-06-03 00:00:00;SO579110;C0004;VS003;1114;2024-06-17 00:00:00;2024-06-22 00:00:00;2024-06-05 00:00:00;2024-06-10 00:00:00
2024-06-03 00:00:00;SO579110;C0004;CT002;641;2024-06-17 00:00:00;2024-06-14 00:00:00;2024-06-05 00:00:00;2024-06-02 00:00:00
2024-06-03 00:00:00;SO579110;C0004;CS002;985;2024-06-17 00:00:00;2024-06-20 00:00:00;2024-06-05 00:00:00;2024-06-08 00:00:00
2024-06-03 00:00:00;SO579110;C0004;AT001;469;2024-06-17 00:00:00;2024-06-19 00:00:00;2024-06-05 00:00:00;2024-06-07 00:00:00
2024-06-03 00:00:00;SO125069;C0014;AT001;529;2024-07-08 00:00:00;2024-07-15 00:00:00;2024-06-07 00:00:00;2024-06-14 00:00:00
2024-06-03 00:00:00;SO579110;C0004;AS002;757;2024-06-17 00:00:00;2024-06-13 00:00:00;2024-06-05 00:00:00;2024-06-01 00:00:00
2024-06-03 00:00:00;SO448428;C0006;CT001;656;2024-08-05 00:00:00;2024-08-04 00:00:00;2024-06-05 00:00:00;2024-06-04 00:00:00
2024-06-03 00:00:00;SO579110;C0004;AS005;1059;2024-06-17 00:00:00;2024-06-17 00:00:00;2024-06-05 00:00:00;2024-06-05 00:00:00
2024-06-03 00:00:00;SO125069;C0014;AS004;425;2024-07-08 00:00:00;2024-07-11 00:00:00;2024-06-07 00:00:00;2024-06-10 00:00:00
2024-06-03 00:00:00;SO448428;C0006;AS004;1220;2024-08-05 00:00:00;2024-08-05 00:00:00;2024-06-05 00:00:00;2024-06-05 00:00:00
2024-06-03 00:00:00;SO448428;C0006;CS003;529;2024-08-05 00:00:00;2024-08-01 00:00:00;2024-06-05 00:00:00;2024-06-01 00:00:00
2024-06-04 00:00:00;SO101329;C0013;VS003;386;2024-07-02 00:00:00;2024-07-08 00:00:00;2024-06-08 00:00:00;2024-06-14 00:00:00
2024-06-04 00:00:00;SO481254;C0007;AS004;369;2024-08-06 00:00:00;2024-08-10 00:00:00;2024-06-07 00:00:00;2024-06-11 00:00:00
2024-06-04 00:00:00;SO481254;C0007;VS004;490;2024-08-06 00:00:00;2024-08-10 00:00:00;2024-06-07 00:00:00;2024-06-11 00:00:00
2024-06-04 00:00:00;SO481254;C0007;AL001;652;2024-08-06 00:00:00;2024-08-09 00:00:00;2024-06-07 00:00:00;2024-06-10 00:00:00
2024-06-04 00:00:00;SO481254;C0007;CS002;517;2024-08-06 00:00:00;2024-08-09 00:00:00;2024-06-07 00:00:00;2024-06-10 00:00:00
2024-06-04 00:00:00;SO481254;C0007;VS003;457;2024-08-06 00:00:00;2024-08-11 00:00:00;2024-06-07 00:00:00;2024-06-12 00:00:00
2024-06-04 00:00:00;SO101329;C0013;AT001;872;2024-07-02 00:00:00;2024-07-03 00:00:00;2024-06-08 00:00:00;2024-06-09 00:00:00
2024-06-04 00:00:00;SO101329;C0013;VS001;705;2024-07-02 00:00:00;2024-07-10 00:00:00;2024-06-08 00:00:00;2024-06-16 00:00:00
2024-06-04 00:00:00;SO101329;C0013;AS002;929;2024-07-02 00:00:00;2024-06-23 00:00:00;2024-06-08 00:00:00;2024-05-30 00:00:00
2024-06-04 00:00:00;SO481254;C0007;CL002;1341;2024-08-06 00:00:00;2024-08-04 00:00:00;2024-06-07 00:00:00;2024-06-05 00:00:00
2024-06-04 00:00:00;SO481254;C0007;AS005;822;2024-08-06 00:00:00;2024-08-05 00:00:00;2024-06-07 00:00:00;2024-06-06 00:00:00
2024-06-04 00:00:00;SO101329;C0013;CT001;741;2024-07-02 00:00:00;2024-07-08 00:00:00;2024-06-08 00:00:00;2024-06-14 00:00:00
2024-06-04 00:00:00;SO101329;C0013;CS004;471;2024-07-02 00:00:00;2024-06-30 00:00:00;2024-06-08 00:00:00;2024-06-06 00:00:00
2024-06-04 00:00:00;SO101329;C0013;CS003;505;2024-07-02 00:00:00;2024-07-07 00:00:00;2024-06-08 00:00:00;2024-06-13 00:00:00
2024-06-04 00:00:00;SO481254;C0007;AS003;978;2024-08-06 00:00:00;2024-07-28 00:00:00;2024-06-07 00:00:00;2024-05-29 00:00:00
2024-06-04 00:00:00;SO481254;C0007;CT001;980;2024-08-06 00:00:00;2024-08-02 00:00:00;2024-06-07 00:00:00;2024-06-03 00:00:00
2024-06-05 00:00:00;SO343719;C0019;VS001;495;2024-08-07 00:00:00;2024-08-09 00:00:00;2024-06-09 00:00:00;2024-06-11 00:00:00
2024-06-05 00:00:00;SO736013;C0028;CS003;846;2024-06-19 00:00:00;2024-06-23 00:00:00;2024-06-13 00:00:00;2024-06-17 00:00:00
2024-06-05 00:00:00;SO603525;C0025;VS004;379;2024-07-03 00:00:00;2024-06-29 00:00:00;2024-06-13 00:00:00;2024-06-09 00:00:00
2024-06-05 00:00:00;SO543085;C0022;CL002;933;2024-07-17 00:00:00;2024-07-26 00:00:00;2024-06-09 00:00:00;2024-06-18 00:00:00
2024-06-05 00:00:00;SO736013;C0028;CT001;551;2024-06-19 00:00:00;2024-06-27 00:00:00;2024-06-13 00:00:00;2024-06-21 00:00:00
2024-06-05 00:00:00;SO543085;C0022;CS001;563;2024-07-17 00:00:00;2024-07-13 00:00:00;2024-06-09 00:00:00;2024-06-05 00:00:00
2024-06-05 00:00:00;SO343719;C0019;CT001;592;2024-08-07 00:00:00;2024-08-08 00:00:00;2024-06-09 00:00:00;2024-06-10 00:00:00
2024-06-05 00:00:00;SO603525;C0025;CL001;1075;2024-07-03 00:00:00;2024-06-25 00:00:00;2024-06-13 00:00:00;2024-06-05 00:00:00
2024-06-05 00:00:00;SO603525;C0025;CT003;1084;2024-07-03 00:00:00;2024-07-08 00:00:00;2024-06-13 00:00:00;2024-06-18 00:00:00
2024-06-05 00:00:00;SO603525;C0025;CT002;766;2024-07-03 00:00:00;2024-07-12 00:00:00;2024-06-13 00:00:00;2024-06-22 00:00:00
2024-06-05 00:00:00;SO736013;C0028;AT001;879;2024-06-19 00:00:00;2024-06-09 00:00:00;2024-06-13 00:00:00;2024-06-03 00:00:00
2024-06-05 00:00:00;SO343719;C0019;VS002;1128;2024-08-07 00:00:00;2024-08-13 00:00:00;2024-06-09 00:00:00;2024-06-15 00:00:00
2024-06-05 00:00:00;SO543085;C0022;VS001;880;2024-07-17 00:00:00;2024-07-22 00:00:00;2024-06-09 00:00:00;2024-06-14 00:00:00
2024-06-06 00:00:00;SO280370;C0015;CL002;912;2024-07-18 00:00:00;2024-07-14 00:00:00;2024-06-10 00:00:00;2024-06-06 00:00:00
2024-06-06 00:00:00;SO426584;C0003;AL002;1387;2024-07-18 00:00:00;2024-07-16 00:00:00;2024-06-08 00:00:00;2024-06-06 00:00:00
2024-06-06 00:00:00;SO759877;C0009;VS004;1057;2024-06-20 00:00:00;2024-06-29 00:00:00;2024-06-09 00:00:00;2024-06-18 00:00:00
2024-06-06 00:00:00;SO655370;C0029;CS001;499;2024-08-01 00:00:00;2024-08-02 00:00:00;2024-06-14 00:00:00;2024-06-15 00:00:00
2024-06-06 00:00:00;SO655370;C0029;AT002;1203;2024-08-01 00:00:00;2024-07-27 00:00:00;2024-06-14 00:00:00;2024-06-09 00:00:00
2024-06-06 00:00:00;SO655370;C0029;AS004;1258;2024-08-01 00:00:00;2024-08-05 00:00:00;2024-06-14 00:00:00;2024-06-18 00:00:00
2024-06-06 00:00:00;SO759877;C0009;CL001;640;2024-06-20 00:00:00;2024-06-26 00:00:00;2024-06-09 00:00:00;2024-06-15 00:00:00
2024-06-06 00:00:00;SO426584;C0003;AS002;538;2024-07-18 00:00:00;2024-07-24 00:00:00;2024-06-08 00:00:00;2024-06-14 00:00:00
2024-06-06 00:00:00;SO280370;C0015;AS001;842;2024-07-18 00:00:00;2024-07-23 00:00:00;2024-06-10 00:00:00;2024-06-15 00:00:00
2024-06-06 00:00:00;SO759877;C0009;AT001;433;2024-06-20 00:00:00;2024-06-21 00:00:00;2024-06-09 00:00:00;2024-06-10 00:00:00
2024-06-06 00:00:00;SO759877;C0009;CS004;1036;2024-06-20 00:00:00;2024-06-24 00:00:00;2024-06-09 00:00:00;2024-06-13 00:00:00
2024-06-06 00:00:00;SO280370;C0015;CT003;729;2024-07-18 00:00:00;2024-07-08 00:00:00;2024-06-10 00:00:00;2024-05-31 00:00:00
2024-06-06 00:00:00;SO759877;C0009;AL001;833;2024-06-20 00:00:00;2024-06-19 00:00:00;2024-06-09 00:00:00;2024-06-08 00:00:00
2024-06-07 00:00:00;SO944437;C0016;CL002;876;2024-06-21 00:00:00;2024-07-01 00:00:00;2024-06-11 00:00:00;2024-06-21 00:00:00
2024-06-07 00:00:00;SO471464;C0002;AS003;922;2024-07-12 00:00:00;2024-07-10 00:00:00;2024-06-09 00:00:00;2024-06-07 00:00:00
2024-06-07 00:00:00;SO868511;C0015;CL001;624;2024-07-19 00:00:00;2024-07-18 00:00:00;2024-06-11 00:00:00;2024-06-10 00:00:00
2024-06-07 00:00:00;SO471464;C0002;VS002;396;2024-07-12 00:00:00;2024-07-16 00:00:00;2024-06-09 00:00:00;2024-06-13 00:00:00
2024-06-07 00:00:00;SO944437;C0016;CT001;979;2024-06-21 00:00:00;2024-06-15 00:00:00;2024-06-11 00:00:00;2024-06-05 00:00:00
2024-06-07 00:00:00;SO868511;C0015;VS003;573;2024-07-19 00:00:00;2024-07-15 00:00:00;2024-06-11 00:00:00;2024-06-07 00:00:00
2024-06-07 00:00:00;SO868511;C0015;CS002;345;2024-07-19 00:00:00;2024-07-16 00:00:00;2024-06-11 00:00:00;2024-06-08 00:00:00
2024-06-07 00:00:00;SO868511;C0015;AT001;697;2024-07-19 00:00:00;2024-07-20 00:00:00;2024-06-11 00:00:00;2024-06-12 00:00:00
2024-06-07 00:00:00;SO471464;C0002;AS002;717;2024-07-12 00:00:00;2024-07-11 00:00:00;2024-06-09 00:00:00;2024-06-08 00:00:00
2024-06-07 00:00:00;SO471464;C0002;VS003;483;2024-07-12 00:00:00;2024-07-02 00:00:00;2024-06-09 00:00:00;2024-05-30 00:00:00
2024-06-07 00:00:00;SO471464;C0002;AL002;1231;2024-07-12 00:00:00;2024-07-12 00:00:00;2024-06-09 00:00:00;2024-06-09 00:00:00
2024-06-07 00:00:00;SO471464;C0002;AS004;907;2024-07-12 00:00:00;2024-07-05 00:00:00;2024-06-09 00:00:00;2024-06-02 00:00:00
2024-06-07 00:00:00;SO868511;C0015;AL002;1326;2024-07-19 00:00:00;2024-07-29 00:00:00;2024-06-11 00:00:00;2024-06-21 00:00:00
2024-06-07 00:00:00;SO868511;C0015;AS005;391;2024-07-19 00:00:00;2024-07-26 00:00:00;2024-06-11 00:00:00;2024-06-18 00:00:00
2024-06-07 00:00:00;SO868511;C0015;CS003;261;2024-07-19 00:00:00;2024-07-12 00:00:00;2024-06-11 00:00:00;2024-06-04 00:00:00
2024-06-07 00:00:00;SO868511;C0015;AS003;697;2024-07-19 00:00:00;2024-07-17 00:00:00;2024-06-11 00:00:00;2024-06-09 00:00:00
2024-06-07 00:00:00;SO471464;C0002;CT003;689;2024-07-12 00:00:00;2024-07-09 00:00:00;2024-06-09 00:00:00;2024-06-06 00:00:00
2024-06-10 00:00:00;SO826479;C0029;VS004;957;2024-08-05 00:00:00;2024-08-07 00:00:00;2024-06-18 00:00:00;2024-06-20 00:00:00
2024-06-10 00:00:00;SO754161;C0009;VS001;393;2024-06-24 00:00:00;2024-06-14 00:00:00;2024-06-13 00:00:00;2024-06-03 00:00:00
2024-06-10 00:00:00;SO766008;C0010;AS001;961;2024-07-22 00:00:00;2024-07-30 00:00:00;2024-06-13 00:00:00;2024-06-21 00:00:00
2024-06-10 00:00:00;SO453627;C0027;CS003;954;2024-07-22 00:00:00;2024-07-19 00:00:00;2024-06-18 00:00:00;2024-06-15 00:00:00
2024-06-10 00:00:00;SO826479;C0029;CT001;794;2024-08-05 00:00:00;2024-08-06 00:00:00;2024-06-18 00:00:00;2024-06-19 00:00:00
2024-06-10 00:00:00;SO766008;C0010;CS004;842;2024-07-22 00:00:00;2024-07-27 00:00:00;2024-06-13 00:00:00;2024-06-18 00:00:00
2024-06-10 00:00:00;SO453627;C0027;VS003;1001;2024-07-22 00:00:00;2024-07-21 00:00:00;2024-06-18 00:00:00;2024-06-17 00:00:00
2024-06-10 00:00:00;SO453627;C0027;AS003;483;2024-07-22 00:00:00;2024-08-01 00:00:00;2024-06-18 00:00:00;2024-06-28 00:00:00
2024-06-10 00:00:00;SO766008;C0010;CT003;809;2024-07-22 00:00:00;2024-07-31 00:00:00;2024-06-13 00:00:00;2024-06-22 00:00:00
2024-06-10 00:00:00;SO826479;C0029;AT002;1048;2024-08-05 00:00:00;2024-08-12 00:00:00;2024-06-18 00:00:00;2024-06-25 00:00:00
2024-06-10 00:00:00;SO453627;C0027;AL001;829;2024-07-22 00:00:00;2024-07-14 00:00:00;2024-06-18 00:00:00;2024-06-10 00:00:00
2024-06-10 00:00:00;SO453627;C0027;VS001;1265;2024-07-22 00:00:00;2024-07-22 00:00:00;2024-06-18 00:00:00;2024-06-18 00:00:00
2024-06-10 00:00:00;SO754161;C0009;VS004;836;2024-06-24 00:00:00;2024-06-24 00:00:00;2024-06-13 00:00:00;2024-06-13 00:00:00
2024-06-11 00:00:00;SO379866;C0022;AT001;349;2024-07-23 00:00:00;2024-07-28 00:00:00;2024-06-15 00:00:00;2024-06-20 00:00:00
2024-06-11 00:00:00;SO880028;C0015;CS004;502;2024-07-23 00:00:00;2024-07-25 00:00:00;2024-06-15 00:00:00;2024-06-17 00:00:00
2024-06-11 00:00:00;SO880028;C0015;AS001;366;2024-07-23 00:00:00;2024-07-17 00:00:00;2024-06-15 00:00:00;2024-06-09 00:00:00
2024-06-11 00:00:00;SO880028;C0015;VS003;717;2024-07-23 00:00:00;2024-07-27 00:00:00;2024-06-15 00:00:00;2024-06-19 00:00:00
2024-06-11 00:00:00;SO379866;C0022;CS002;730;2024-07-23 00:00:00;2024-07-15 00:00:00;2024-06-15 00:00:00;2024-06-07 00:00:00
2024-06-11 00:00:00;SO379866;C0022;AS003;1247;2024-07-23 00:00:00;2024-07-17 00:00:00;2024-06-15 00:00:00;2024-06-09 00:00:00
2024-06-11 00:00:00;SO880028;C0015;AS004;625;2024-07-23 00:00:00;2024-07-21 00:00:00;2024-06-15 00:00:00;2024-06-13 00:00:00
2024-06-11 00:00:00;SO379866;C0022;AT002;757;2024-07-23 00:00:00;2024-07-26 00:00:00;2024-06-15 00:00:00;2024-06-18 00:00:00
2024-06-11 00:00:00;SO880028;C0015;AL002;1162;2024-07-23 00:00:00;2024-07-17 00:00:00;2024-06-15 00:00:00;2024-06-09 00:00:00
2024-06-11 00:00:00;SO379866;C0022;CS001;1182;2024-07-23 00:00:00;2024-08-01 00:00:00;2024-06-15 00:00:00;2024-06-24 00:00:00
2024-06-11 00:00:00;SO379866;C0022;VS002;1085;2024-07-23 00:00:00;2024-07-24 00:00:00;2024-06-15 00:00:00;2024-06-16 00:00:00
2024-06-11 00:00:00;SO880028;C0015;AS003;547;2024-07-23 00:00:00;2024-07-16 00:00:00;2024-06-15 00:00:00;2024-06-08 00:00:00
2024-06-11 00:00:00;SO379866;C0022;AS005;388;2024-07-23 00:00:00;2024-07-16 00:00:00;2024-06-15 00:00:00;2024-06-08 00:00:00
2024-06-11 00:00:00;SO880028;C0015;VS002;535;2024-07-23 00:00:00;2024-07-21 00:00:00;2024-06-15 00:00:00;2024-06-13 00:00:00
2024-06-11 00:00:00;SO379866;C0022;CT001;447;2024-07-23 00:00:00;2024-07-21 00:00:00;2024-06-15 00:00:00;2024-06-13 00:00:00
2024-06-11 00:00:00;SO379866;C0022;CT002;1004;2024-07-23 00:00:00;2024-07-18 00:00:00;2024-06-15 00:00:00;2024-06-10 00:00:00
2024-06-11 00:00:00;SO379866;C0022;CS004;1011;2024-07-23 00:00:00;2024-07-28 00:00:00;2024-06-15 00:00:00;2024-06-20 00:00:00
2024-06-12 00:00:00;SO518551;C0020;AS001;1039;2024-08-07 00:00:00;2024-07-30 00:00:00;2024-06-16 00:00:00;2024-06-08 00:00:00
2024-06-12 00:00:00;SO637607;C0019;CT001;484;2024-08-14 00:00:00;2024-08-06 00:00:00;2024-06-16 00:00:00;2024-06-08 00:00:00
2024-06-12 00:00:00;SO518551;C0020;CS004;595;2024-08-07 00:00:00;2024-08-05 00:00:00;2024-06-16 00:00:00;2024-06-14 00:00:00
2024-06-12 00:00:00;SO518551;C0020;AL002;798;2024-08-07 00:00:00;2024-07-29 00:00:00;2024-06-16 00:00:00;2024-06-07 00:00:00
2024-06-12 00:00:00;SO518551;C0020;CT002;484;2024-08-07 00:00:00;2024-08-10 00:00:00;2024-06-16 00:00:00;2024-06-19 00:00:00
2024-06-12 00:00:00;SO637607;C0019;AS005;734;2024-08-14 00:00:00;2024-08-09 00:00:00;2024-06-16 00:00:00;2024-06-11 00:00:00
2024-06-12 00:00:00;SO518551;C0020;VS003;920;2024-08-07 00:00:00;2024-08-01 00:00:00;2024-06-16 00:00:00;2024-06-10 00:00:00
2024-06-12 00:00:00;SO637607;C0019;VS002;473;2024-08-14 00:00:00;2024-08-09 00:00:00;2024-06-16 00:00:00;2024-06-11 00:00:00
2024-06-12 00:00:00;SO637607;C0019;AL001;835;2024-08-14 00:00:00;2024-08-12 00:00:00;2024-06-16 00:00:00;2024-06-14 00:00:00
2024-06-12 00:00:00;SO518551;C0020;CS002;876;2024-08-07 00:00:00;2024-08-05 00:00:00;2024-06-16 00:00:00;2024-06-14 00:00:00
2024-06-12 00:00:00;SO637607;C0019;AS001;304;2024-08-14 00:00:00;2024-08-20 00:00:00;2024-06-16 00:00:00;2024-06-22 00:00:00
2024-06-12 00:00:00;SO518551;C0020;CL001;367;2024-08-07 00:00:00;2024-08-05 00:00:00;2024-06-16 00:00:00;2024-06-14 00:00:00
2024-06-12 00:00:00;SO518551;C0020;AS002;887;2024-08-07 00:00:00;2024-08-17 00:00:00;2024-06-16 00:00:00;2024-06-26 00:00:00
2024-06-12 00:00:00;SO637607;C0019;AS003;688;2024-08-14 00:00:00;2024-08-20 00:00:00;2024-06-16 00:00:00;2024-06-22 00:00:00
2024-06-12 00:00:00;SO637607;C0019;CL002;823;2024-08-14 00:00:00;2024-08-12 00:00:00;2024-06-16 00:00:00;2024-06-14 00:00:00
2024-06-13 00:00:00;SO803767;C0026;CS001;996;2024-07-18 00:00:00;2024-07-24 00:00:00;2024-06-21 00:00:00;2024-06-27 00:00:00
2024-06-13 00:00:00;SO883236;C0019;CL002;1104;2024-08-15 00:00:00;2024-08-24 00:00:00;2024-06-17 00:00:00;2024-06-26 00:00:00
2024-06-13 00:00:00;SO445495;C0024;CT001;362;2024-07-11 00:00:00;2024-07-13 00:00:00;2024-06-17 00:00:00;2024-06-19 00:00:00
2024-06-13 00:00:00;SO445495;C0024;CL002;794;2024-07-11 00:00:00;2024-07-21 00:00:00;2024-06-17 00:00:00;2024-06-27 00:00:00
2024-06-13 00:00:00;SO883236;C0019;AT001;752;2024-08-15 00:00:00;2024-08-09 00:00:00;2024-06-17 00:00:00;2024-06-11 00:00:00
2024-06-13 00:00:00;SO883236;C0019;AS002;1008;2024-08-15 00:00:00;2024-08-10 00:00:00;2024-06-17 00:00:00;2024-06-12 00:00:00
2024-06-13 00:00:00;SO883236;C0019;AL002;428;2024-08-15 00:00:00;2024-08-08 00:00:00;2024-06-17 00:00:00;2024-06-10 00:00:00
2024-06-13 00:00:00;SO803767;C0026;AS001;430;2024-07-18 00:00:00;2024-07-26 00:00:00;2024-06-21 00:00:00;2024-06-29 00:00:00
2024-06-13 00:00:00;SO445495;C0024;CL001;896;2024-07-11 00:00:00;2024-07-06 00:00:00;2024-06-17 00:00:00;2024-06-12 00:00:00
2024-06-13 00:00:00;SO883236;C0019;CL001;969;2024-08-15 00:00:00;2024-08-13 00:00:00;2024-06-17 00:00:00;2024-06-15 00:00:00
2024-06-13 00:00:00;SO445495;C0024;AL001;750;2024-07-11 00:00:00;2024-07-09 00:00:00;2024-06-17 00:00:00;2024-06-15 00:00:00
2024-06-13 00:00:00;SO803767;C0026;AS003;1101;2024-07-18 00:00:00;2024-07-15 00:00:00;2024-06-21 00:00:00;2024-06-18 00:00:00
2024-06-13 00:00:00;SO883236;C0019;VS003;996;2024-08-15 00:00:00;2024-08-11 00:00:00;2024-06-17 00:00:00;2024-06-13 00:00:00
2024-06-13 00:00:00;SO803767;C0026;AS005;580;2024-07-18 00:00:00;2024-07-16 00:00:00;2024-06-21 00:00:00;2024-06-19 00:00:00
2024-06-13 00:00:00;SO803767;C0026;AS002;795;2024-07-18 00:00:00;2024-07-16 00:00:00;2024-06-21 00:00:00;2024-06-19 00:00:00
2024-06-13 00:00:00;SO803767;C0026;VS003;683;2024-07-18 00:00:00;2024-07-08 00:00:00;2024-06-21 00:00:00;2024-06-11 00:00:00
2024-06-13 00:00:00;SO445495;C0024;AS001;981;2024-07-11 00:00:00;2024-07-16 00:00:00;2024-06-17 00:00:00;2024-06-22 00:00:00
2024-06-13 00:00:00;SO803767;C0026;CT003;926;2024-07-18 00:00:00;2024-07-26 00:00:00;2024-06-21 00:00:00;2024-06-29 00:00:00
2024-06-13 00:00:00;SO445495;C0024;AS005;434;2024-07-11 00:00:00;2024-07-12 00:00:00;2024-06-17 00:00:00;2024-06-18 00:00:00
2024-06-13 00:00:00;SO803767;C0026;AT001;482;2024-07-18 00:00:00;2024-07-23 00:00:00;2024-06-21 00:00:00;2024-06-26 00:00:00
2024-06-14 00:00:00;SO868544;C0017;AL002;986;2024-08-09 00:00:00;2024-08-14 00:00:00;2024-06-18 00:00:00;2024-06-23 00:00:00
2024-06-14 00:00:00;SO652713;C0006;VS003;644;2024-08-16 00:00:00;2024-08-21 00:00:00;2024-06-16 00:00:00;2024-06-21 00:00:00
2024-06-14 00:00:00;SO389122;C0008;CL001;327;2024-08-09 00:00:00;2024-08-10 00:00:00;2024-06-17 00:00:00;2024-06-18 00:00:00
2024-06-14 00:00:00;SO471511;C0001;AS005;369;2024-07-12 00:00:00;2024-07-16 00:00:00;2024-06-16 00:00:00;2024-06-20 00:00:00
2024-06-14 00:00:00;SO471511;C0001;AL001;1179;2024-07-12 00:00:00;2024-07-21 00:00:00;2024-06-16 00:00:00;2024-06-25 00:00:00
2024-06-14 00:00:00;SO868544;C0017;CL001;947;2024-08-09 00:00:00;2024-08-10 00:00:00;2024-06-18 00:00:00;2024-06-19 00:00:00
2024-06-14 00:00:00;SO868544;C0017;VS003;1058;2024-08-09 00:00:00;2024-08-13 00:00:00;2024-06-18 00:00:00;2024-06-22 00:00:00
2024-06-14 00:00:00;SO389122;C0008;CS002;825;2024-08-09 00:00:00;2024-08-14 00:00:00;2024-06-17 00:00:00;2024-06-22 00:00:00
2024-06-14 00:00:00;SO652713;C0006;AT001;384;2024-08-16 00:00:00;2024-08-12 00:00:00;2024-06-16 00:00:00;2024-06-12 00:00:00
2024-06-14 00:00:00;SO471511;C0001;AL002;606;2024-07-12 00:00:00;2024-07-13 00:00:00;2024-06-16 00:00:00;2024-06-17 00:00:00
2024-06-14 00:00:00;SO868544;C0017;CL002;564;2024-08-09 00:00:00;2024-08-10 00:00:00;2024-06-18 00:00:00;2024-06-19 00:00:00
2024-06-14 00:00:00;SO471511;C0001;AT001;920;2024-07-12 00:00:00;2024-07-14 00:00:00;2024-06-16 00:00:00;2024-06-18 00:00:00
2024-06-14 00:00:00;SO868544;C0017;AT002;884;2024-08-09 00:00:00;2024-08-01 00:00:00;2024-06-18 00:00:00;2024-06-10 00:00:00
2024-06-14 00:00:00;SO471511;C0001;VS003;1065;2024-07-12 00:00:00;2024-07-05 00:00:00;2024-06-16 00:00:00;2024-06-09 00:00:00
2024-06-14 00:00:00;SO868544;C0017;VS004;842;2024-08-09 00:00:00;2024-08-12 00:00:00;2024-06-18 00:00:00;2024-06-21 00:00:00
2024-06-14 00:00:00;SO868544;C0017;AT001;550;2024-08-09 00:00:00;2024-08-19 00:00:00;2024-06-18 00:00:00;2024-06-28 00:00:00
2024-06-14 00:00:00;SO389122;C0008;AS004;410;2024-08-09 00:00:00;2024-08-02 00:00:00;2024-06-17 00:00:00;2024-06-10 00:00:00
2024-06-14 00:00:00;SO652713;C0006;VS004;436;2024-08-16 00:00:00;2024-08-18 00:00:00;2024-06-16 00:00:00;2024-06-18 00:00:00
2024-06-14 00:00:00;SO471511;C0001;CT002;809;2024-07-12 00:00:00;2024-07-15 00:00:00;2024-06-16 00:00:00;2024-06-19 00:00:00
2024-06-14 00:00:00;SO652713;C0006;AL002;1115;2024-08-16 00:00:00;2024-08-23 00:00:00;2024-06-16 00:00:00;2024-06-23 00:00:00
2024-06-17 00:00:00;SO393232;C0014;VS002;808;2024-07-22 00:00:00;2024-07-25 00:00:00;2024-06-21 00:00:00;2024-06-24 00:00:00
2024-06-17 00:00:00;SO894224;C0001;AS004;583;2024-07-15 00:00:00;2024-07-16 00:00:00;2024-06-19 00:00:00;2024-06-20 00:00:00
2024-06-17 00:00:00;SO393232;C0014;AS004;517;2024-07-22 00:00:00;2024-07-18 00:00:00;2024-06-21 00:00:00;2024-06-17 00:00:00
2024-06-17 00:00:00;SO894224;C0001;AS001;1115;2024-07-15 00:00:00;2024-07-22 00:00:00;2024-06-19 00:00:00;2024-06-26 00:00:00
2024-06-17 00:00:00;SO393232;C0014;AL002;422;2024-07-22 00:00:00;2024-07-19 00:00:00;2024-06-21 00:00:00;2024-06-18 00:00:00
2024-06-17 00:00:00;SO393232;C0014;CL002;856;2024-07-22 00:00:00;2024-07-22 00:00:00;2024-06-21 00:00:00;2024-06-21 00:00:00
2024-06-17 00:00:00;SO894224;C0001;AT001;662;2024-07-15 00:00:00;2024-07-18 00:00:00;2024-06-19 00:00:00;2024-06-22 00:00:00
2024-06-17 00:00:00;SO393232;C0014;CT003;839;2024-07-22 00:00:00;2024-07-17 00:00:00;2024-06-21 00:00:00;2024-06-16 00:00:00
2024-06-17 00:00:00;SO894224;C0001;AS003;1134;2024-07-15 00:00:00;2024-07-15 00:00:00;2024-06-19 00:00:00;2024-06-19 00:00:00
2024-06-17 00:00:00;SO393232;C0014;CS002;745;2024-07-22 00:00:00;2024-07-27 00:00:00;2024-06-21 00:00:00;2024-06-26 00:00:00
2024-06-17 00:00:00;SO894224;C0001;VS004;650;2024-07-15 00:00:00;2024-07-15 00:00:00;2024-06-19 00:00:00;2024-06-19 00:00:00
2024-06-17 00:00:00;SO894224;C0001;CL001;1160;2024-07-15 00:00:00;2024-07-05 00:00:00;2024-06-19 00:00:00;2024-06-09 00:00:00
2024-06-17 00:00:00;SO894224;C0001;AT002;792;2024-07-15 00:00:00;2024-07-16 00:00:00;2024-06-19 00:00:00;2024-06-20 00:00:00
2024-06-17 00:00:00;SO894224;C0001;CS001;1080;2024-07-15 00:00:00;2024-07-07 00:00:00;2024-06-19 00:00:00;2024-06-11 00:00:00
2024-06-17 00:00:00;SO894224;C0001;CS002;647;2024-07-15 00:00:00;2024-07-24 00:00:00;2024-06-19 00:00:00;2024-06-28 00:00:00
2024-06-17 00:00:00;SO894224;C0001;CT002;696;2024-07-15 00:00:00;2024-07-05 00:00:00;2024-06-19 00:00:00;2024-06-09 00:00:00
2024-06-17 00:00:00;SO894224;C0001;CL002;689;2024-07-15 00:00:00;2024-07-14 00:00:00;2024-06-19 00:00:00;2024-06-18 00:00:00
2024-06-17 00:00:00;SO393232;C0014;AT001;962;2024-07-22 00:00:00;2024-07-14 00:00:00;2024-06-21 00:00:00;2024-06-13 00:00:00
2024-06-17 00:00:00;SO393232;C0014;VS001;962;2024-07-22 00:00:00;2024-08-01 00:00:00;2024-06-21 00:00:00;2024-07-01 00:00:00
2024-06-18 00:00:00;SO899446;C0008;AT001;844;2024-08-13 00:00:00;2024-08-20 00:00:00;2024-06-21 00:00:00;2024-06-28 00:00:00
2024-06-18 00:00:00;SO986588;C0010;CT003;976;2024-07-30 00:00:00;2024-07-20 00:00:00;2024-06-21 00:00:00;2024-06-11 00:00:00
2024-06-18 00:00:00;SO108183;C0026;CS004;1112;2024-07-23 00:00:00;2024-07-30 00:00:00;2024-06-26 00:00:00;2024-07-03 00:00:00
2024-06-18 00:00:00;SO748842;C0003;CL002;428;2024-07-30 00:00:00;2024-07-29 00:00:00;2024-06-20 00:00:00;2024-06-19 00:00:00
2024-06-18 00:00:00;SO748842;C0003;VS001;981;2024-07-30 00:00:00;2024-07-25 00:00:00;2024-06-20 00:00:00;2024-06-15 00:00:00
2024-06-18 00:00:00;SO899446;C0008;CS002;1056;2024-08-13 00:00:00;2024-08-17 00:00:00;2024-06-21 00:00:00;2024-06-25 00:00:00
2024-06-18 00:00:00;SO986588;C0010;CS004;803;2024-07-30 00:00:00;2024-07-29 00:00:00;2024-06-21 00:00:00;2024-06-20 00:00:00
2024-06-18 00:00:00;SO986588;C0010;CS002;787;2024-07-30 00:00:00;2024-07-23 00:00:00;2024-06-21 00:00:00;2024-06-14 00:00:00
2024-06-18 00:00:00;SO899446;C0008;AS005;572;2024-08-13 00:00:00;2024-08-06 00:00:00;2024-06-21 00:00:00;2024-06-14 00:00:00
2024-06-18 00:00:00;SO748842;C0003;AS004;418;2024-07-30 00:00:00;2024-07-20 00:00:00;2024-06-20 00:00:00;2024-06-10 00:00:00
2024-06-18 00:00:00;SO748842;C0003;AT002;624;2024-07-30 00:00:00;2024-07-30 00:00:00;2024-06-20 00:00:00;2024-06-20 00:00:00
2024-06-18 00:00:00;SO986588;C0010;CT001;1114;2024-07-30 00:00:00;2024-07-22 00:00:00;2024-06-21 00:00:00;2024-06-13 00:00:00
2024-06-18 00:00:00;SO899446;C0008;AS001;661;2024-08-13 00:00:00;2024-08-23 00:00:00;2024-06-21 00:00:00;2024-07-01 00:00:00
2024-06-18 00:00:00;SO748842;C0003;AS003;411;2024-07-30 00:00:00;2024-07-30 00:00:00;2024-06-20 00:00:00;2024-06-20 00:00:00
2024-06-18 00:00:00;SO748842;C0003;AS002;940;2024-07-30 00:00:00;2024-08-08 00:00:00;2024-06-20 00:00:00;2024-06-29 00:00:00
2024-06-18 00:00:00;SO899446;C0008;CS004;701;2024-08-13 00:00:00;2024-08-23 00:00:00;2024-06-21 00:00:00;2024-07-01 00:00:00
2024-06-18 00:00:00;SO748842;C0003;AL002;403;2024-07-30 00:00:00;2024-07-22 00:00:00;2024-06-20 00:00:00;2024-06-12 00:00:00
2024-06-18 00:00:00;SO986588;C0010;AL001;1097;2024-07-30 00:00:00;2024-07-23 00:00:00;2024-06-21 00:00:00;2024-06-14 00:00:00
2024-06-18 00:00:00;SO899446;C0008;AL002;1017;2024-08-13 00:00:00;2024-08-04 00:00:00;2024-06-21 00:00:00;2024-06-12 00:00:00
2024-06-18 00:00:00;SO986588;C0010;AT002;820;2024-07-30 00:00:00;2024-08-03 00:00:00;2024-06-21 00:00:00;2024-06-25 00:00:00
2024-06-19 00:00:00;SO796855;C0030;VS002;974;2024-08-21 00:00:00;2024-08-30 00:00:00;2024-06-27 00:00:00;2024-07-06 00:00:00
2024-06-19 00:00:00;SO750546;C0022;CL002;1284;2024-07-31 00:00:00;2024-08-03 00:00:00;2024-06-23 00:00:00;2024-06-26 00:00:00
2024-06-19 00:00:00;SO477606;C0023;CL002;803;2024-07-24 00:00:00;2024-08-02 00:00:00;2024-06-23 00:00:00;2024-07-02 00:00:00
2024-06-19 00:00:00;SO514074;C0006;AS004;457;2024-08-21 00:00:00;2024-08-12 00:00:00;2024-06-21 00:00:00;2024-06-12 00:00:00
2024-06-19 00:00:00;SO514074;C0006;VS002;652;2024-08-21 00:00:00;2024-08-14 00:00:00;2024-06-21 00:00:00;2024-06-14 00:00:00
2024-06-19 00:00:00;SO796855;C0030;AT002;707;2024-08-21 00:00:00;2024-08-22 00:00:00;2024-06-27 00:00:00;2024-06-28 00:00:00
2024-06-19 00:00:00;SO796855;C0030;VS003;816;2024-08-21 00:00:00;2024-08-26 00:00:00;2024-06-27 00:00:00;2024-07-02 00:00:00
2024-06-19 00:00:00;SO514074;C0006;VS004;798;2024-08-21 00:00:00;2024-08-15 00:00:00;2024-06-21 00:00:00;2024-06-15 00:00:00
2024-06-19 00:00:00;SO477606;C0023;CS001;702;2024-07-24 00:00:00;2024-07-22 00:00:00;2024-06-23 00:00:00;2024-06-21 00:00:00
2024-06-19 00:00:00;SO514074;C0006;CS003;620;2024-08-21 00:00:00;2024-08-14 00:00:00;2024-06-21 00:00:00;2024-06-14 00:00:00
2024-06-19 00:00:00;SO514074;C0006;CT001;416;2024-08-21 00:00:00;2024-08-19 00:00:00;2024-06-21 00:00:00;2024-06-19 00:00:00
2024-06-19 00:00:00;SO750546;C0022;AS002;670;2024-07-31 00:00:00;2024-07-22 00:00:00;2024-06-23 00:00:00;2024-06-14 00:00:00
2024-06-19 00:00:00;SO796855;C0030;AS004;806;2024-08-21 00:00:00;2024-08-11 00:00:00;2024-06-27 00:00:00;2024-06-17 00:00:00
2024-06-19 00:00:00;SO514074;C0006;AT002;1007;2024-08-21 00:00:00;2024-08-11 00:00:00;2024-06-21 00:00:00;2024-06-11 00:00:00
2024-06-19 00:00:00;SO796855;C0030;AL002;1062;2024-08-21 00:00:00;2024-08-18 00:00:00;2024-06-27 00:00:00;2024-06-24 00:00:00
2024-06-19 00:00:00;SO796855;C0030;AT001;1070;2024-08-21 00:00:00;2024-08-21 00:00:00;2024-06-27 00:00:00;2024-06-27 00:00:00
2024-06-19 00:00:00;SO477606;C0023;CS003;795;2024-07-24 00:00:00;2024-07-19 00:00:00;2024-06-23 00:00:00;2024-06-18 00:00:00
2024-06-19 00:00:00;SO796855;C0030;AS003;417;2024-08-21 00:00:00;2024-08-19 00:00:00;2024-06-27 00:00:00;2024-06-25 00:00:00
2024-06-19 00:00:00;SO477606;C0023;VS003;516;2024-07-24 00:00:00;2024-07-27 00:00:00;2024-06-23 00:00:00;2024-06-26 00:00:00
2024-06-19 00:00:00;SO750546;C0022;CS001;1043;2024-07-31 00:00:00;2024-08-07 00:00:00;2024-06-23 00:00:00;2024-06-30 00:00:00
2024-06-20 00:00:00;SO703015;C0028;AS005;497;2024-07-04 00:00:00;2024-07-12 00:00:00;2024-06-28 00:00:00;2024-07-06 00:00:00
2024-06-20 00:00:00;SO536476;C0030;CL002;952;2024-08-22 00:00:00;2024-08-25 00:00:00;2024-06-28 00:00:00;2024-07-01 00:00:00
2024-06-20 00:00:00;SO103464;C0015;CT003;1041;2024-08-01 00:00:00;2024-07-28 00:00:00;2024-06-24 00:00:00;2024-06-20 00:00:00
2024-06-20 00:00:00;SO489883;C0029;CS004;683;2024-08-15 00:00:00;2024-08-05 00:00:00;2024-06-28 00:00:00;2024-06-18 00:00:00
2024-06-20 00:00:00;SO536476;C0030;CT002;362;2024-08-22 00:00:00;2024-08-31 00:00:00;2024-06-28 00:00:00;2024-07-07 00:00:00
2024-06-20 00:00:00;SO703015;C0028;CS004;1048;2024-07-04 00:00:00;2024-07-02 00:00:00;2024-06-28 00:00:00;2024-06-26 00:00:00
2024-06-20 00:00:00;SO103464;C0015;CL002;657;2024-08-01 00:00:00;2024-07-31 00:00:00;2024-06-24 00:00:00;2024-06-23 00:00:00
2024-06-20 00:00:00;SO103464;C0015;CT001;397;2024-08-01 00:00:00;2024-08-03 00:00:00;2024-06-24 00:00:00;2024-06-26 00:00:00
2024-06-20 00:00:00;SO703015;C0028;AS003;1075;2024-07-04 00:00:00;2024-07-14 00:00:00;2024-06-28 00:00:00;2024-07-08 00:00:00
2024-06-20 00:00:00;SO489883;C0029;VS003;1003;2024-08-15 00:00:00;2024-08-08 00:00:00;2024-06-28 00:00:00;2024-06-21 00:00:00
2024-06-20 00:00:00;SO536476;C0030;AS003;685;2024-08-22 00:00:00;2024-08-17 00:00:00;2024-06-28 00:00:00;2024-06-23 00:00:00
2024-06-20 00:00:00;SO103464;C0015;VS003;343;2024-08-01 00:00:00;2024-08-01 00:00:00;2024-06-24 00:00:00;2024-06-24 00:00:00
2024-06-21 00:00:00;SO851597;C0016;CT003;549;2024-07-05 00:00:00;2024-07-04 00:00:00;2024-06-25 00:00:00;2024-06-24 00:00:00
2024-06-21 00:00:00;SO794303;C0025;CT002;627;2024-07-19 00:00:00;2024-07-21 00:00:00;2024-06-29 00:00:00;2024-07-01 00:00:00
2024-06-21 00:00:00;SO976488;C0018;AS002;1207;2024-08-23 00:00:00;2024-08-15 00:00:00;2024-06-25 00:00:00;2024-06-17 00:00:00
2024-06-21 00:00:00;SO851597;C0016;AS002;492;2024-07-05 00:00:00;2024-07-08 00:00:00;2024-06-25 00:00:00;2024-06-28 00:00:00
2024-06-21 00:00:00;SO794303;C0025;CS002;903;2024-07-19 00:00:00;2024-07-18 00:00:00;2024-06-29 00:00:00;2024-06-28 00:00:00
2024-06-21 00:00:00;SO976488;C0018;CL002;1128;2024-08-23 00:00:00;2024-08-27 00:00:00;2024-06-25 00:00:00;2024-06-29 00:00:00
2024-06-21 00:00:00;SO976488;C0018;AL002;922;2024-08-23 00:00:00;2024-08-31 00:00:00;2024-06-25 00:00:00;2024-07-03 00:00:00
2024-06-21 00:00:00;SO851597;C0016;VS002;868;2024-07-05 00:00:00;2024-07-02 00:00:00;2024-06-25 00:00:00;2024-06-22 00:00:00
2024-06-21 00:00:00;SO794303;C0025;AS001;1063;2024-07-19 00:00:00;2024-07-18 00:00:00;2024-06-29 00:00:00;2024-06-28 00:00:00
2024-06-21 00:00:00;SO976488;C0018;VS002;1007;2024-08-23 00:00:00;2024-09-01 00:00:00;2024-06-25 00:00:00;2024-07-04 00:00:00
2024-06-21 00:00:00;SO976488;C0018;CT002;1020;2024-08-23 00:00:00;2024-08-21 00:00:00;2024-06-25 00:00:00;2024-06-23 00:00:00
2024-06-21 00:00:00;SO976488;C0018;AS003;567;2024-08-23 00:00:00;2024-09-02 00:00:00;2024-06-25 00:00:00;2024-07-05 00:00:00
2024-06-21 00:00:00;SO851597;C0016;CL001;794;2024-07-05 00:00:00;2024-07-11 00:00:00;2024-06-25 00:00:00;2024-07-01 00:00:00
2024-06-24 00:00:00;SO764238;C0015;CL002;901;2024-08-05 00:00:00;2024-08-13 00:00:00;2024-06-28 00:00:00;2024-07-06 00:00:00
2024-06-24 00:00:00;SO974598;C0008;CS001;601;2024-08-19 00:00:00;2024-08-13 00:00:00;2024-06-27 00:00:00;2024-06-21 00:00:00
2024-06-24 00:00:00;SO974598;C0008;AL001;970;2024-08-19 00:00:00;2024-08-26 00:00:00;2024-06-27 00:00:00;2024-07-04 00:00:00
2024-06-24 00:00:00;SO764238;C0015;AT001;452;2024-08-05 00:00:00;2024-07-29 00:00:00;2024-06-28 00:00:00;2024-06-21 00:00:00
2024-06-24 00:00:00;SO764238;C0015;CS001;773;2024-08-05 00:00:00;2024-07-26 00:00:00;2024-06-28 00:00:00;2024-06-18 00:00:00
2024-06-24 00:00:00;SO974598;C0008;AL002;759;2024-08-19 00:00:00;2024-08-19 00:00:00;2024-06-27 00:00:00;2024-06-27 00:00:00
2024-06-24 00:00:00;SO974598;C0008;CL001;428;2024-08-19 00:00:00;2024-08-15 00:00:00;2024-06-27 00:00:00;2024-06-23 00:00:00
2024-06-24 00:00:00;SO764238;C0015;CT001;1009;2024-08-05 00:00:00;2024-08-09 00:00:00;2024-06-28 00:00:00;2024-07-02 00:00:00
2024-06-24 00:00:00;SO764238;C0015;AS003;1267;2024-08-05 00:00:00;2024-08-10 00:00:00;2024-06-28 00:00:00;2024-07-03 00:00:00
2024-06-24 00:00:00;SO974598;C0008;AT002;780;2024-08-19 00:00:00;2024-08-27 00:00:00;2024-06-27 00:00:00;2024-07-05 00:00:00
2024-06-24 00:00:00;SO974598;C0008;AS002;572;2024-08-19 00:00:00;2024-08-12 00:00:00;2024-06-27 00:00:00;2024-06-20 00:00:00
2024-06-24 00:00:00;SO974598;C0008;VS003;1123;2024-08-19 00:00:00;2024-08-18 00:00:00;2024-06-27 00:00:00;2024-06-26 00:00:00
2024-06-24 00:00:00;SO974598;C0008;CT003;834;2024-08-19 00:00:00;2024-08-20 00:00:00;2024-06-27 00:00:00;2024-06-28 00:00:00
2024-06-24 00:00:00;SO974598;C0008;CT001;524;2024-08-19 00:00:00;2024-08-19 00:00:00;2024-06-27 00:00:00;2024-06-27 00:00:00
2024-06-24 00:00:00;SO764238;C0015;CT003;633;2024-08-05 00:00:00;2024-08-13 00:00:00;2024-06-28 00:00:00;2024-07-06 00:00:00
2024-06-24 00:00:00;SO764238;C0015;AS002;908;2024-08-05 00:00:00;2024-07-28 00:00:00;2024-06-28 00:00:00;2024-06-20 00:00:00
2024-06-24 00:00:00;SO764238;C0015;AT002;372;2024-08-05 00:00:00;2024-08-06 00:00:00;2024-06-28 00:00:00;2024-06-29 00:00:00
2024-06-24 00:00:00;SO764238;C0015;VS002;1013;2024-08-05 00:00:00;2024-08-01 00:00:00;2024-06-28 00:00:00;2024-06-24 00:00:00
2024-06-24 00:00:00;SO764238;C0015;CT002;670;2024-08-05 00:00:00;2024-08-09 00:00:00;2024-06-28 00:00:00;2024-07-02 00:00:00
2024-06-24 00:00:00;SO764238;C0015;AS001;463;2024-08-05 00:00:00;2024-08-05 00:00:00;2024-06-28 00:00:00;2024-06-28 00:00:00
2024-06-25 00:00:00;SO413002;C0028;CS003;740;2024-07-09 00:00:00;2024-07-15 00:00:00;2024-07-03 00:00:00;2024-07-09 00:00:00
2024-06-25 00:00:00;SO866103;C0001;AL001;778;2024-07-23 00:00:00;2024-07-20 00:00:00;2024-06-27 00:00:00;2024-06-24 00:00:00
2024-06-25 00:00:00;SO866103;C0001;CT001;714;2024-07-23 00:00:00;2024-07-23 00:00:00;2024-06-27 00:00:00;2024-06-27 00:00:00
2024-06-25 00:00:00;SO866103;C0001;CT003;828;2024-07-23 00:00:00;2024-07-29 00:00:00;2024-06-27 00:00:00;2024-07-03 00:00:00
2024-06-25 00:00:00;SO413002;C0028;CT003;1101;2024-07-09 00:00:00;2024-07-05 00:00:00;2024-07-03 00:00:00;2024-06-29 00:00:00
2024-06-25 00:00:00;SO413002;C0028;CL001;489;2024-07-09 00:00:00;2024-07-13 00:00:00;2024-07-03 00:00:00;2024-07-07 00:00:00
2024-06-25 00:00:00;SO866103;C0001;AS002;937;2024-07-23 00:00:00;2024-07-25 00:00:00;2024-06-27 00:00:00;2024-06-29 00:00:00
2024-06-25 00:00:00;SO866103;C0001;AL002;602;2024-07-23 00:00:00;2024-08-01 00:00:00;2024-06-27 00:00:00;2024-07-06 00:00:00
2024-06-25 00:00:00;SO866103;C0001;VS003;424;2024-07-23 00:00:00;2024-07-24 00:00:00;2024-06-27 00:00:00;2024-06-28 00:00:00
2024-06-25 00:00:00;SO413002;C0028;VS002;951;2024-07-09 00:00:00;2024-07-07 00:00:00;2024-07-03 00:00:00;2024-07-01 00:00:00
2024-06-25 00:00:00;SO413002;C0028;VS001;484;2024-07-09 00:00:00;2024-07-19 00:00:00;2024-07-03 00:00:00;2024-07-13 00:00:00
2024-06-25 00:00:00;SO413002;C0028;AL001;1047;2024-07-09 00:00:00;2024-07-04 00:00:00;2024-07-03 00:00:00;2024-06-28 00:00:00
2024-06-25 00:00:00;SO866103;C0001;CL002;992;2024-07-23 00:00:00;2024-07-18 00:00:00;2024-06-27 00:00:00;2024-06-22 00:00:00
2024-06-25 00:00:00;SO866103;C0001;AT001;774;2024-07-23 00:00:00;2024-07-20 00:00:00;2024-06-27 00:00:00;2024-06-24 00:00:00
2024-06-25 00:00:00;SO413002;C0028;AS004;508;2024-07-09 00:00:00;2024-07-17 00:00:00;2024-07-03 00:00:00;2024-07-11 00:00:00
2024-06-25 00:00:00;SO866103;C0001;CS003;574;2024-07-23 00:00:00;2024-07-25 00:00:00;2024-06-27 00:00:00;2024-06-29 00:00:00
2024-06-25 00:00:00;SO866103;C0001;VS001;539;2024-07-23 00:00:00;2024-07-18 00:00:00;2024-06-27 00:00:00;2024-06-22 00:00:00
2024-06-25 00:00:00;SO413002;C0028;CT001;776;2024-07-09 00:00:00;2024-07-14 00:00:00;2024-07-03 00:00:00;2024-07-08 00:00:00
2024-06-25 00:00:00;SO413002;C0028;AL002;826;2024-07-09 00:00:00;2024-07-02 00:00:00;2024-07-03 00:00:00;2024-06-26 00:00:00
2024-06-26 00:00:00;SO145551;C0011;CT002;427;2024-07-31 00:00:00;2024-07-21 00:00:00;2024-06-29 00:00:00;2024-06-19 00:00:00
2024-06-26 00:00:00;SO277556;C0026;CL002;1048;2024-07-31 00:00:00;2024-07-22 00:00:00;2024-07-04 00:00:00;2024-06-25 00:00:00
2024-06-26 00:00:00;SO742877;C0025;AS004;646;2024-07-24 00:00:00;2024-08-02 00:00:00;2024-07-04 00:00:00;2024-07-13 00:00:00
2024-06-26 00:00:00;SO277556;C0026;AS005;958;2024-07-31 00:00:00;2024-08-07 00:00:00;2024-07-04 00:00:00;2024-07-11 00:00:00
2024-06-26 00:00:00;SO277556;C0026;VS001;547;2024-07-31 00:00:00;2024-08-03 00:00:00;2024-07-04 00:00:00;2024-07-07 00:00:00
2024-06-26 00:00:00;SO145551;C0011;CS003;574;2024-07-31 00:00:00;2024-08-01 00:00:00;2024-06-29 00:00:00;2024-06-30 00:00:00
2024-06-26 00:00:00;SO145551;C0011;VS001;362;2024-07-31 00:00:00;2024-07-31 00:00:00;2024-06-29 00:00:00;2024-06-29 00:00:00
2024-06-26 00:00:00;SO742877;C0025;AS003;1167;2024-07-24 00:00:00;2024-07-21 00:00:00;2024-07-04 00:00:00;2024-07-01 00:00:00
2024-06-26 00:00:00;SO742877;C0025;CT001;445;2024-07-24 00:00:00;2024-08-01 00:00:00;2024-07-04 00:00:00;2024-07-12 00:00:00
2024-06-26 00:00:00;SO145551;C0011;AL001;583;2024-07-31 00:00:00;2024-07-24 00:00:00;2024-06-29 00:00:00;2024-06-22 00:00:00
2024-06-26 00:00:00;SO277556;C0026;VS003;380;2024-07-31 00:00:00;2024-08-10 00:00:00;2024-07-04 00:00:00;2024-07-14 00:00:00
2024-06-26 00:00:00;SO277556;C0026;AS002;986;2024-07-31 00:00:00;2024-08-05 00:00:00;2024-07-04 00:00:00;2024-07-09 00:00:00
2024-06-26 00:00:00;SO742877;C0025;VS002;280;2024-07-24 00:00:00;2024-07-24 00:00:00;2024-07-04 00:00:00;2024-07-04 00:00:00
2024-06-26 00:00:00;SO277556;C0026;CS002;974;2024-07-31 00:00:00;2024-07-25 00:00:00;2024-07-04 00:00:00;2024-06-28 00:00:00
2024-06-26 00:00:00;SO145551;C0011;CS002;491;2024-07-31 00:00:00;2024-07-24 00:00:00;2024-06-29 00:00:00;2024-06-22 00:00:00
2024-06-26 00:00:00;SO145551;C0011;AT002;1201;2024-07-31 00:00:00;2024-07-30 00:00:00;2024-06-29 00:00:00;2024-06-28 00:00:00
2024-06-26 00:00:00;SO145551;C0011;AS001;807;2024-07-31 00:00:00;2024-08-01 00:00:00;2024-06-29 00:00:00;2024-06-30 00:00:00
2024-06-26 00:00:00;SO145551;C0011;CT001;752;2024-07-31 00:00:00;2024-08-09 00:00:00;2024-06-29 00:00:00;2024-07-08 00:00:00
2024-06-26 00:00:00;SO277556;C0026;CS004;490;2024-07-31 00:00:00;2024-07-30 00:00:00;2024-07-04 00:00:00;2024-07-03 00:00:00
2024-06-26 00:00:00;SO742877;C0025;AT002;646;2024-07-24 00:00:00;2024-07-16 00:00:00;2024-07-04 00:00:00;2024-06-26 00:00:00
2024-06-27 00:00:00;SO619160;C0020;CL002;1259;2024-08-22 00:00:00;2024-08-29 00:00:00;2024-07-01 00:00:00;2024-07-08 00:00:00
2024-06-27 00:00:00;SO974923;C0012;CL001;830;2024-07-25 00:00:00;2024-07-20 00:00:00;2024-06-30 00:00:00;2024-06-25 00:00:00
2024-06-27 00:00:00;SO856887;C0006;AS003;688;2024-08-29 00:00:00;2024-09-08 00:00:00;2024-06-29 00:00:00;2024-07-09 00:00:00
2024-06-27 00:00:00;SO619160;C0020;AS003;717;2024-08-22 00:00:00;2024-08-18 00:00:00;2024-07-01 00:00:00;2024-06-27 00:00:00
2024-06-27 00:00:00;SO856887;C0006;CS003;730;2024-08-29 00:00:00;2024-09-08 00:00:00;2024-06-29 00:00:00;2024-07-09 00:00:00
2024-06-27 00:00:00;SO619160;C0020;CS004;429;2024-08-22 00:00:00;2024-08-12 00:00:00;2024-07-01 00:00:00;2024-06-21 00:00:00
2024-06-27 00:00:00;SO974923;C0012;AS003;430;2024-07-25 00:00:00;2024-07-31 00:00:00;2024-06-30 00:00:00;2024-07-06 00:00:00
2024-06-27 00:00:00;SO856887;C0006;CT001;784;2024-08-29 00:00:00;2024-08-28 00:00:00;2024-06-29 00:00:00;2024-06-28 00:00:00
2024-06-27 00:00:00;SO619160;C0020;CT002;450;2024-08-22 00:00:00;2024-08-14 00:00:00;2024-07-01 00:00:00;2024-06-23 00:00:00
2024-06-27 00:00:00;SO974923;C0012;AL002;1209;2024-07-25 00:00:00;2024-07-26 00:00:00;2024-06-30 00:00:00;2024-07-01 00:00:00
2024-06-27 00:00:00;SO856887;C0006;AS002;662;2024-08-29 00:00:00;2024-08-23 00:00:00;2024-06-29 00:00:00;2024-06-23 00:00:00
2024-06-27 00:00:00;SO619160;C0020;AS002;1019;2024-08-22 00:00:00;2024-08-28 00:00:00;2024-07-01 00:00:00;2024-07-07 00:00:00
2024-06-27 00:00:00;SO619160;C0020;CL001;477;2024-08-22 00:00:00;2024-08-17 00:00:00;2024-07-01 00:00:00;2024-06-26 00:00:00
2024-06-27 00:00:00;SO974923;C0012;CT003;414;2024-07-25 00:00:00;2024-07-31 00:00:00;2024-06-30 00:00:00;2024-07-06 00:00:00
2024-06-27 00:00:00;SO974923;C0012;AS004;608;2024-07-25 00:00:00;2024-07-26 00:00:00;2024-06-30 00:00:00;2024-07-01 00:00:00
2024-06-28 00:00:00;SO863602;C0030;CS003;839;2024-08-30 00:00:00;2024-09-09 00:00:00;2024-07-06 00:00:00;2024-07-16 00:00:00
2024-06-28 00:00:00;SO129714;C0023;CL001;739;2024-08-02 00:00:00;2024-08-11 00:00:00;2024-07-02 00:00:00;2024-07-11 00:00:00
2024-06-28 00:00:00;SO129714;C0023;AS002;354;2024-08-02 00:00:00;2024-07-28 00:00:00;2024-07-02 00:00:00;2024-06-27 00:00:00
2024-06-28 00:00:00;SO863602;C0030;CT001;489;2024-08-30 00:00:00;2024-08-24 00:00:00;2024-07-06 00:00:00;2024-06-30 00:00:00
2024-06-28 00:00:00;SO863602;C0030;AL002;511;2024-08-30 00:00:00;2024-08-29 00:00:00;2024-07-06 00:00:00;2024-07-05 00:00:00
2024-06-28 00:00:00;SO129714;C0023;AS004;1041;2024-08-02 00:00:00;2024-08-07 00:00:00;2024-07-02 00:00:00;2024-07-07 00:00:00
2024-06-28 00:00:00;SO129714;C0023;CS002;599;2024-08-02 00:00:00;2024-07-24 00:00:00;2024-07-02 00:00:00;2024-06-23 00:00:00
2024-06-28 00:00:00;SO129714;C0023;VS003;622;2024-08-02 00:00:00;2024-07-24 00:00:00;2024-07-02 00:00:00;2024-06-23 00:00:00
2024-06-28 00:00:00;SO129714;C0023;CS001;1232;2024-08-02 00:00:00;2024-08-03 00:00:00;2024-07-02 00:00:00;2024-07-03 00:00:00
2024-06-28 00:00:00;SO129714;C0023;VS004;1104;2024-08-02 00:00:00;2024-08-07 00:00:00;2024-07-02 00:00:00;2024-07-07 00:00:00
2024-06-28 00:00:00;SO863602;C0030;VS004;798;2024-08-30 00:00:00;2024-08-30 00:00:00;2024-07-06 00:00:00;2024-07-06 00:00:00
2024-06-28 00:00:00;SO129714;C0023;CT003;809;2024-08-02 00:00:00;2024-08-01 00:00:00;2024-07-02 00:00:00;2024-07-01 00:00:00
2024-06-28 00:00:00;SO863602;C0030;AS001;1181;2024-08-30 00:00:00;2024-08-26 00:00:00;2024-07-06 00:00:00;2024-07-02 00:00:00
2024-06-28 00:00:00;SO129714;C0023;VS002;809;2024-08-02 00:00:00;2024-08-10 00:00:00;2024-07-02 00:00:00;2024-07-10 00:00:00
2024-06-28 00:00:00;SO863602;C0030;CS002;806;2024-08-30 00:00:00;2024-08-23 00:00:00;2024-07-06 00:00:00;2024-06-29 00:00:00
2024-07-01 00:00:00;SO664152;C0015;CT003;386;2024-08-12 00:00:00;2024-08-19 00:00:00;2024-07-05 00:00:00;2024-07-12 00:00:00
2024-07-01 00:00:00;SO417472;C0028;AS003;1163;2024-07-15 00:00:00;2024-07-09 00:00:00;2024-07-09 00:00:00;2024-07-03 00:00:00
2024-07-01 00:00:00;SO417472;C0028;CS004;1030;2024-07-15 00:00:00;2024-07-23 00:00:00;2024-07-09 00:00:00;2024-07-17 00:00:00
2024-07-01 00:00:00;SO417472;C0028;VS001;736;2024-07-15 00:00:00;2024-07-12 00:00:00;2024-07-09 00:00:00;2024-07-06 00:00:00
2024-07-01 00:00:00;SO664152;C0015;CS003;1101;2024-08-12 00:00:00;2024-08-07 00:00:00;2024-07-05 00:00:00;2024-06-30 00:00:00
2024-07-01 00:00:00;SO417472;C0028;CT003;1109;2024-07-15 00:00:00;2024-07-17 00:00:00;2024-07-09 00:00:00;2024-07-11 00:00:00
2024-07-01 00:00:00;SO664152;C0015;CS004;1032;2024-08-12 00:00:00;2024-08-21 00:00:00;2024-07-05 00:00:00;2024-07-14 00:00:00
2024-07-01 00:00:00;SO664152;C0015;AT002;341;2024-08-12 00:00:00;2024-08-11 00:00:00;2024-07-05 00:00:00;2024-07-04 00:00:00
2024-07-01 00:00:00;SO664152;C0015;AL001;578;2024-08-12 00:00:00;2024-08-04 00:00:00;2024-07-05 00:00:00;2024-06-27 00:00:00
2024-07-01 00:00:00;SO417472;C0028;AS004;267;2024-07-15 00:00:00;2024-07-17 00:00:00;2024-07-09 00:00:00;2024-07-11 00:00:00
2024-07-01 00:00:00;SO417472;C0028;VS004;742;2024-07-15 00:00:00;2024-07-22 00:00:00;2024-07-09 00:00:00;2024-07-16 00:00:00
2024-07-01 00:00:00;SO417472;C0028;CT002;801;2024-07-15 00:00:00;2024-07-09 00:00:00;2024-07-09 00:00:00;2024-07-03 00:00:00
2024-07-01 00:00:00;SO417472;C0028;CL002;659;2024-07-15 00:00:00;2024-07-11 00:00:00;2024-07-09 00:00:00;2024-07-05 00:00:00
2024-07-01 00:00:00;SO417472;C0028;AL001;696;2024-07-15 00:00:00;2024-07-14 00:00:00;2024-07-09 00:00:00;2024-07-08 00:00:00
2024-07-02 00:00:00;SO527878;C0007;AS003;510;2024-09-03 00:00:00;2024-09-02 00:00:00;2024-07-05 00:00:00;2024-07-04 00:00:00
2024-07-02 00:00:00;SO593269;C0001;AL001;833;2024-07-30 00:00:00;2024-08-02 00:00:00;2024-07-04 00:00:00;2024-07-07 00:00:00
2024-07-02 00:00:00;SO593269;C0001;VS004;1168;2024-07-30 00:00:00;2024-07-22 00:00:00;2024-07-04 00:00:00;2024-06-26 00:00:00
2024-07-02 00:00:00;SO527878;C0007;CS002;773;2024-09-03 00:00:00;2024-09-01 00:00:00;2024-07-05 00:00:00;2024-07-03 00:00:00
2024-07-02 00:00:00;SO593269;C0001;CT003;789;2024-07-30 00:00:00;2024-07-31 00:00:00;2024-07-04 00:00:00;2024-07-05 00:00:00
2024-07-02 00:00:00;SO593269;C0001;AT002;450;2024-07-30 00:00:00;2024-07-28 00:00:00;2024-07-04 00:00:00;2024-07-02 00:00:00
2024-07-02 00:00:00;SO593269;C0001;CS001;522;2024-07-30 00:00:00;2024-07-31 00:00:00;2024-07-04 00:00:00;2024-07-05 00:00:00
2024-07-02 00:00:00;SO593269;C0001;AL002;492;2024-07-30 00:00:00;2024-07-28 00:00:00;2024-07-04 00:00:00;2024-07-02 00:00:00
2024-07-02 00:00:00;SO593269;C0001;CT002;993;2024-07-30 00:00:00;2024-07-28 00:00:00;2024-07-04 00:00:00;2024-07-02 00:00:00
2024-07-02 00:00:00;SO527878;C0007;CL002;575;2024-09-03 00:00:00;2024-08-29 00:00:00;2024-07-05 00:00:00;2024-06-30 00:00:00
2024-07-02 00:00:00;SO593269;C0001;CS003;747;2024-07-30 00:00:00;2024-07-29 00:00:00;2024-07-04 00:00:00;2024-07-03 00:00:00
2024-07-02 00:00:00;SO527878;C0007;CT003;343;2024-09-03 00:00:00;2024-09-12 00:00:00;2024-07-05 00:00:00;2024-07-14 00:00:00
2024-07-02 00:00:00;SO527878;C0007;CS003;535;2024-09-03 00:00:00;2024-08-24 00:00:00;2024-07-05 00:00:00;2024-06-25 00:00:00
2024-07-02 00:00:00;SO593269;C0001;VS001;412;2024-07-30 00:00:00;2024-07-22 00:00:00;2024-07-04 00:00:00;2024-06-26 00:00:00
2024-07-02 00:00:00;SO527878;C0007;CS004;1134;2024-09-03 00:00:00;2024-09-11 00:00:00;2024-07-05 00:00:00;2024-07-13 00:00:00
2024-07-02 00:00:00;SO527878;C0007;VS002;473;2024-09-03 00:00:00;2024-08-25 00:00:00;2024-07-05 00:00:00;2024-06-26 00:00:00
2024-07-02 00:00:00;SO527878;C0007;VS004;458;2024-09-03 00:00:00;2024-09-07 00:00:00;2024-07-05 00:00:00;2024-07-09 00:00:00
2024-07-02 00:00:00;SO527878;C0007;VS001;634;2024-09-03 00:00:00;2024-08-28 00:00:00;2024-07-05 00:00:00;2024-06-29 00:00:00
2024-07-02 00:00:00;SO593269;C0001;CS002;384;2024-07-30 00:00:00;2024-07-29 00:00:00;2024-07-04 00:00:00;2024-07-03 00:00:00
2024-07-03 00:00:00;SO376368;C0019;CS003;1036;2024-09-04 00:00:00;2024-08-31 00:00:00;2024-07-07 00:00:00;2024-07-03 00:00:00
2024-07-03 00:00:00;SO293117;C0024;VS004;486;2024-07-31 00:00:00;2024-08-10 00:00:00;2024-07-07 00:00:00;2024-07-17 00:00:00
2024-07-03 00:00:00;SO376368;C0019;CT002;845;2024-09-04 00:00:00;2024-09-08 00:00:00;2024-07-07 00:00:00;2024-07-11 00:00:00
2024-07-03 00:00:00;SO293117;C0024;AL002;931;2024-07-31 00:00:00;2024-07-30 00:00:00;2024-07-07 00:00:00;2024-07-06 00:00:00
2024-07-03 00:00:00;SO293117;C0024;AT001;1321;2024-07-31 00:00:00;2024-08-07 00:00:00;2024-07-07 00:00:00;2024-07-14 00:00:00
2024-07-03 00:00:00;SO293117;C0024;AL001;573;2024-07-31 00:00:00;2024-08-08 00:00:00;2024-07-07 00:00:00;2024-07-15 00:00:00
2024-07-03 00:00:00;SO293117;C0024;AT002;556;2024-07-31 00:00:00;2024-08-07 00:00:00;2024-07-07 00:00:00;2024-07-14 00:00:00
2024-07-03 00:00:00;SO376368;C0019;CS001;525;2024-09-04 00:00:00;2024-09-03 00:00:00;2024-07-07 00:00:00;2024-07-06 00:00:00
2024-07-03 00:00:00;SO293117;C0024;VS001;1064;2024-07-31 00:00:00;2024-07-22 00:00:00;2024-07-07 00:00:00;2024-06-28 00:00:00
2024-07-03 00:00:00;SO293117;C0024;VS003;1018;2024-07-31 00:00:00;2024-07-27 00:00:00;2024-07-07 00:00:00;2024-07-03 00:00:00
2024-07-03 00:00:00;SO293117;C0024;CT002;483;2024-07-31 00:00:00;2024-07-21 00:00:00;2024-07-07 00:00:00;2024-06-27 00:00:00
2024-07-03 00:00:00;SO293117;C0024;AS003;722;2024-07-31 00:00:00;2024-07-30 00:00:00;2024-07-07 00:00:00;2024-07-06 00:00:00
2024-07-03 00:00:00;SO376368;C0019;AL002;457;2024-09-04 00:00:00;2024-09-05 00:00:00;2024-07-07 00:00:00;2024-07-08 00:00:00
2024-07-03 00:00:00;SO376368;C0019;AS004;1092;2024-09-04 00:00:00;2024-08-28 00:00:00;2024-07-07 00:00:00;2024-06-30 00:00:00
2024-07-03 00:00:00;SO293117;C0024;CT001;701;2024-07-31 00:00:00;2024-07-24 00:00:00;2024-07-07 00:00:00;2024-06-30 00:00:00
2024-07-03 00:00:00;SO376368;C0019;VS002;663;2024-09-04 00:00:00;2024-09-10 00:00:00;2024-07-07 00:00:00;2024-07-13 00:00:00
2024-07-03 00:00:00;SO293117;C0024;AS005;393;2024-07-31 00:00:00;2024-08-07 00:00:00;2024-07-07 00:00:00;2024-07-14 00:00:00
2024-07-03 00:00:00;SO293117;C0024;CL002;458;2024-07-31 00:00:00;2024-08-03 00:00:00;2024-07-07 00:00:00;2024-07-10 00:00:00
2024-07-03 00:00:00;SO376368;C0019;AL001;406;2024-09-04 00:00:00;2024-09-11 00:00:00;2024-07-07 00:00:00;2024-07-14 00:00:00
2024-07-04 00:00:00;SO872279;C0004;CS004;1270;2024-07-18 00:00:00;2024-07-11 00:00:00;2024-07-06 00:00:00;2024-06-29 00:00:00
2024-07-04 00:00:00;SO648298;C0022;CT002;729;2024-08-15 00:00:00;2024-08-20 00:00:00;2024-07-08 00:00:00;2024-07-13 00:00:00
2024-07-04 00:00:00;SO648298;C0022;VS001;567;2024-08-15 00:00:00;2024-08-16 00:00:00;2024-07-08 00:00:00;2024-07-09 00:00:00
2024-07-04 00:00:00;SO872279;C0004;AL002;813;2024-07-18 00:00:00;2024-07-16 00:00:00;2024-07-06 00:00:00;2024-07-04 00:00:00
2024-07-04 00:00:00;SO872279;C0004;AS004;1037;2024-07-18 00:00:00;2024-07-17 00:00:00;2024-07-06 00:00:00;2024-07-05 00:00:00
2024-07-04 00:00:00;SO648298;C0022;VS003;450;2024-08-15 00:00:00;2024-08-11 00:00:00;2024-07-08 00:00:00;2024-07-04 00:00:00
2024-07-04 00:00:00;SO648298;C0022;CS001;1085;2024-08-15 00:00:00;2024-08-22 00:00:00;2024-07-08 00:00:00;2024-07-15 00:00:00
2024-07-04 00:00:00;SO648298;C0022;AS005;675;2024-08-15 00:00:00;2024-08-07 00:00:00;2024-07-08 00:00:00;2024-06-30 00:00:00
2024-07-04 00:00:00;SO872279;C0004;AT001;471;2024-07-18 00:00:00;2024-07-15 00:00:00;2024-07-06 00:00:00;2024-07-03 00:00:00
2024-07-04 00:00:00;SO648298;C0022;AL002;976;2024-08-15 00:00:00;2024-08-09 00:00:00;2024-07-08 00:00:00;2024-07-02 00:00:00
2024-07-04 00:00:00;SO872279;C0004;CS001;492;2024-07-18 00:00:00;2024-07-17 00:00:00;2024-07-06 00:00:00;2024-07-05 00:00:00
2024-07-04 00:00:00;SO872279;C0004;AS003;491;2024-07-18 00:00:00;2024-07-21 00:00:00;2024-07-06 00:00:00;2024-07-09 00:00:00
2024-07-04 00:00:00;SO648298;C0022;AS003;440;2024-08-15 00:00:00;2024-08-09 00:00:00;2024-07-08 00:00:00;2024-07-02 00:00:00
2024-07-04 00:00:00;SO872279;C0004;CL002;310;2024-07-18 00:00:00;2024-07-20 00:00:00;2024-07-06 00:00:00;2024-07-08 00:00:00
2024-07-04 00:00:00;SO872279;C0004;AT002;1096;2024-07-18 00:00:00;2024-07-08 00:00:00;2024-07-06 00:00:00;2024-06-26 00:00:00
2024-07-04 00:00:00;SO872279;C0004;CT001;483;2024-07-18 00:00:00;2024-07-26 00:00:00;2024-07-06 00:00:00;2024-07-14 00:00:00
2024-07-04 00:00:00;SO872279;C0004;AL001;457;2024-07-18 00:00:00;2024-07-08 00:00:00;2024-07-06 00:00:00;2024-06-26 00:00:00
2024-07-04 00:00:00;SO872279;C0004;CT002;801;2024-07-18 00:00:00;2024-07-24 00:00:00;2024-07-06 00:00:00;2024-07-12 00:00:00
2024-07-05 00:00:00;SO481827;C0011;AT001;1046;2024-08-09 00:00:00;2024-08-03 00:00:00;2024-07-08 00:00:00;2024-07-02 00:00:00
2024-07-05 00:00:00;SO633447;C0002;AS005;809;2024-08-09 00:00:00;2024-08-09 00:00:00;2024-07-07 00:00:00;2024-07-07 00:00:00
2024-07-05 00:00:00;SO103493;C0004;VS002;727;2024-07-19 00:00:00;2024-07-18 00:00:00;2024-07-07 00:00:00;2024-07-06 00:00:00
2024-07-05 00:00:00;SO481827;C0011;AS004;818;2024-08-09 00:00:00;2024-08-03 00:00:00;2024-07-08 00:00:00;2024-07-02 00:00:00
2024-07-05 00:00:00;SO103493;C0004;CS001;901;2024-07-19 00:00:00;2024-07-11 00:00:00;2024-07-07 00:00:00;2024-06-29 00:00:00
2024-07-05 00:00:00;SO103493;C0004;CL002;1034;2024-07-19 00:00:00;2024-07-16 00:00:00;2024-07-07 00:00:00;2024-07-04 00:00:00
2024-07-05 00:00:00;SO103493;C0004;CS004;474;2024-07-19 00:00:00;2024-07-11 00:00:00;2024-07-07 00:00:00;2024-06-29 00:00:00
2024-07-05 00:00:00;SO633447;C0002;CS001;391;2024-08-09 00:00:00;2024-08-14 00:00:00;2024-07-07 00:00:00;2024-07-12 00:00:00
2024-07-05 00:00:00;SO633447;C0002;CS002;497;2024-08-09 00:00:00;2024-08-15 00:00:00;2024-07-07 00:00:00;2024-07-13 00:00:00
2024-07-05 00:00:00;SO633447;C0002;CS004;908;2024-08-09 00:00:00;2024-08-03 00:00:00;2024-07-07 00:00:00;2024-07-01 00:00:00
2024-07-05 00:00:00;SO103493;C0004;CT002;1091;2024-07-19 00:00:00;2024-07-27 00:00:00;2024-07-07 00:00:00;2024-07-15 00:00:00
2024-07-05 00:00:00;SO481827;C0011;AS003;620;2024-08-09 00:00:00;2024-08-10 00:00:00;2024-07-08 00:00:00;2024-07-09 00:00:00
2024-07-05 00:00:00;SO481827;C0011;VS002;506;2024-08-09 00:00:00;2024-08-15 00:00:00;2024-07-08 00:00:00;2024-07-14 00:00:00
2024-07-08 00:00:00;SO336007;C0007;CS003;304;2024-09-09 00:00:00;2024-08-31 00:00:00;2024-07-11 00:00:00;2024-07-02 00:00:00
2024-07-08 00:00:00;SO376221;C0008;AS003;1119;2024-09-02 00:00:00;2024-09-02 00:00:00;2024-07-11 00:00:00;2024-07-11 00:00:00
2024-07-08 00:00:00;SO376221;C0008;CT003;608;2024-09-02 00:00:00;2024-09-10 00:00:00;2024-07-11 00:00:00;2024-07-19 00:00:00
2024-07-08 00:00:00;SO336007;C0007;CS002;516;2024-09-09 00:00:00;2024-09-03 00:00:00;2024-07-11 00:00:00;2024-07-05 00:00:00
2024-07-08 00:00:00;SO336007;C0007;VS004;674;2024-09-09 00:00:00;2024-09-02 00:00:00;2024-07-11 00:00:00;2024-07-04 00:00:00
2024-07-08 00:00:00;SO336007;C0007;CS001;416;2024-09-09 00:00:00;2024-09-01 00:00:00;2024-07-11 00:00:00;2024-07-03 00:00:00
2024-07-08 00:00:00;SO336007;C0007;CL002;586;2024-09-09 00:00:00;2024-09-14 00:00:00;2024-07-11 00:00:00;2024-07-16 00:00:00
2024-07-08 00:00:00;SO376221;C0008;AS004;1004;2024-09-02 00:00:00;2024-08-27 00:00:00;2024-07-11 00:00:00;2024-07-05 00:00:00
2024-07-08 00:00:00;SO376221;C0008;VS001;980;2024-09-02 00:00:00;2024-09-05 00:00:00;2024-07-11 00:00:00;2024-07-14 00:00:00
2024-07-08 00:00:00;SO376221;C0008;VS002;989;2024-09-02 00:00:00;2024-09-09 00:00:00;2024-07-11 00:00:00;2024-07-18 00:00:00
2024-07-08 00:00:00;SO336007;C0007;AT001;855;2024-09-09 00:00:00;2024-09-01 00:00:00;2024-07-11 00:00:00;2024-07-03 00:00:00
2024-07-08 00:00:00;SO376221;C0008;AS005;494;2024-09-02 00:00:00;2024-09-01 00:00:00;2024-07-11 00:00:00;2024-07-10 00:00:00
2024-07-08 00:00:00;SO336007;C0007;VS003;599;2024-09-09 00:00:00;2024-09-03 00:00:00;2024-07-11 00:00:00;2024-07-05 00:00:00
2024-07-08 00:00:00;SO376221;C0008;CS001;775;2024-09-02 00:00:00;2024-09-09 00:00:00;2024-07-11 00:00:00;2024-07-18 00:00:00
2024-07-08 00:00:00;SO376221;C0008;CT002;783;2024-09-02 00:00:00;2024-09-10 00:00:00;2024-07-11 00:00:00;2024-07-19 00:00:00
2024-07-08 00:00:00;SO376221;C0008;AL002;719;2024-09-02 00:00:00;2024-09-01 00:00:00;2024-07-11 00:00:00;2024-07-10 00:00:00
2024-07-08 00:00:00;SO336007;C0007;CT001;1193;2024-09-09 00:00:00;2024-08-31 00:00:00;2024-07-11 00:00:00;2024-07-02 00:00:00
2024-07-08 00:00:00;SO336007;C0007;CT003;789;2024-09-09 00:00:00;2024-09-08 00:00:00;2024-07-11 00:00:00;2024-07-10 00:00:00
2024-07-08 00:00:00;SO376221;C0008;CS002;638;2024-09-02 00:00:00;2024-09-12 00:00:00;2024-07-11 00:00:00;2024-07-21 00:00:00
2024-07-09 00:00:00;SO210446;C0027;VS001;714;2024-08-20 00:00:00;2024-08-24 00:00:00;2024-07-17 00:00:00;2024-07-21 00:00:00
2024-07-09 00:00:00;SO454983;C0001;CS002;779;2024-08-06 00:00:00;2024-07-28 00:00:00;2024-07-11 00:00:00;2024-07-02 00:00:00
2024-07-09 00:00:00;SO104188;C0020;CS002;1084;2024-09-03 00:00:00;2024-09-06 00:00:00;2024-07-13 00:00:00;2024-07-16 00:00:00
2024-07-09 00:00:00;SO747088;C0018;CT003;557;2024-09-10 00:00:00;2024-09-05 00:00:00;2024-07-13 00:00:00;2024-07-08 00:00:00
2024-07-09 00:00:00;SO747088;C0018;VS002;645;2024-09-10 00:00:00;2024-09-20 00:00:00;2024-07-13 00:00:00;2024-07-23 00:00:00
2024-07-09 00:00:00;SO454983;C0001;AS005;917;2024-08-06 00:00:00;2024-07-29 00:00:00;2024-07-11 00:00:00;2024-07-03 00:00:00
2024-07-09 00:00:00;SO454983;C0001;AT001;1121;2024-08-06 00:00:00;2024-08-10 00:00:00;2024-07-11 00:00:00;2024-07-15 00:00:00
2024-07-09 00:00:00;SO747088;C0018;CT002;784;2024-09-10 00:00:00;2024-09-04 00:00:00;2024-07-13 00:00:00;2024-07-07 00:00:00
2024-07-09 00:00:00;SO747088;C0018;AS003;1112;2024-09-10 00:00:00;2024-09-19 00:00:00;2024-07-13 00:00:00;2024-07-22 00:00:00
2024-07-09 00:00:00;SO210446;C0027;CS001;990;2024-08-20 00:00:00;2024-08-12 00:00:00;2024-07-17 00:00:00;2024-07-09 00:00:00
2024-07-09 00:00:00;SO210446;C0027;AS004;1065;2024-08-20 00:00:00;2024-08-12 00:00:00;2024-07-17 00:00:00;2024-07-09 00:00:00
2024-07-09 00:00:00;SO454983;C0001;AT002;393;2024-08-06 00:00:00;2024-08-09 00:00:00;2024-07-11 00:00:00;2024-07-14 00:00:00
2024-07-10 00:00:00;SO102714;C0003;VS002;525;2024-08-21 00:00:00;2024-08-27 00:00:00;2024-07-12 00:00:00;2024-07-18 00:00:00
2024-07-10 00:00:00;SO636945;C0030;CS004;772;2024-09-11 00:00:00;2024-09-07 00:00:00;2024-07-18 00:00:00;2024-07-14 00:00:00
2024-07-10 00:00:00;SO464574;C0007;VS004;588;2024-09-11 00:00:00;2024-09-01 00:00:00;2024-07-13 00:00:00;2024-07-03 00:00:00
2024-07-10 00:00:00;SO102714;C0003;VS004;383;2024-08-21 00:00:00;2024-08-22 00:00:00;2024-07-12 00:00:00;2024-07-13 00:00:00
2024-07-10 00:00:00;SO464574;C0007;AS005;434;2024-09-11 00:00:00;2024-09-21 00:00:00;2024-07-13 00:00:00;2024-07-23 00:00:00
2024-07-10 00:00:00;SO102714;C0003;CS002;590;2024-08-21 00:00:00;2024-08-17 00:00:00;2024-07-12 00:00:00;2024-07-08 00:00:00
2024-07-10 00:00:00;SO636945;C0030;VS004;1123;2024-09-11 00:00:00;2024-09-02 00:00:00;2024-07-18 00:00:00;2024-07-09 00:00:00
2024-07-10 00:00:00;SO464574;C0007;CS003;624;2024-09-11 00:00:00;2024-09-14 00:00:00;2024-07-13 00:00:00;2024-07-16 00:00:00
2024-07-10 00:00:00;SO464574;C0007;CT003;442;2024-09-11 00:00:00;2024-09-07 00:00:00;2024-07-13 00:00:00;2024-07-09 00:00:00
2024-07-10 00:00:00;SO102714;C0003;CS004;1254;2024-08-21 00:00:00;2024-08-19 00:00:00;2024-07-12 00:00:00;2024-07-10 00:00:00
2024-07-10 00:00:00;SO636945;C0030;CS003;763;2024-09-11 00:00:00;2024-09-07 00:00:00;2024-07-18 00:00:00;2024-07-14 00:00:00
2024-07-10 00:00:00;SO102714;C0003;AS004;1180;2024-08-21 00:00:00;2024-08-30 00:00:00;2024-07-12 00:00:00;2024-07-21 00:00:00
2024-07-10 00:00:00;SO102714;C0003;VS003;784;2024-08-21 00:00:00;2024-08-23 00:00:00;2024-07-12 00:00:00;2024-07-14 00:00:00
2024-07-10 00:00:00;SO636945;C0030;CS002;1075;2024-09-11 00:00:00;2024-09-11 00:00:00;2024-07-18 00:00:00;2024-07-18 00:00:00
2024-07-10 00:00:00;SO636945;C0030;AL001;947;2024-09-11 00:00:00;2024-09-06 00:00:00;2024-07-18 00:00:00;2024-07-13 00:00:00
2024-07-10 00:00:00;SO102714;C0003;CS001;969;2024-08-21 00:00:00;2024-08-21 00:00:00;2024-07-12 00:00:00;2024-07-12 00:00:00
2024-07-11 00:00:00;SO733594;C0030;CT002;718;2024-09-12 00:00:00;2024-09-20 00:00:00;2024-07-19 00:00:00;2024-07-27 00:00:00
2024-07-11 00:00:00;SO711506;C0008;VS004;783;2024-09-05 00:00:00;2024-09-11 00:00:00;2024-07-14 00:00:00;2024-07-20 00:00:00
2024-07-11 00:00:00;SO232358;C0020;AL001;282;2024-09-05 00:00:00;2024-09-02 00:00:00;2024-07-15 00:00:00;2024-07-12 00:00:00
2024-07-11 00:00:00;SO711506;C0008;AS004;688;2024-09-05 00:00:00;2024-09-05 00:00:00;2024-07-14 00:00:00;2024-07-14 00:00:00
2024-07-11 00:00:00;SO711506;C0008;AT002;1252;2024-09-05 00:00:00;2024-09-14 00:00:00;2024-07-14 00:00:00;2024-07-23 00:00:00
2024-07-11 00:00:00;SO711506;C0008;AL002;969;2024-09-05 00:00:00;2024-09-14 00:00:00;2024-07-14 00:00:00;2024-07-23 00:00:00
2024-07-11 00:00:00;SO733594;C0030;VS004;1288;2024-09-12 00:00:00;2024-09-21 00:00:00;2024-07-19 00:00:00;2024-07-28 00:00:00
2024-07-11 00:00:00;SO733594;C0030;AL002;653;2024-09-12 00:00:00;2024-09-18 00:00:00;2024-07-19 00:00:00;2024-07-25 00:00:00
2024-07-11 00:00:00;SO232358;C0020;CS002;1063;2024-09-05 00:00:00;2024-08-30 00:00:00;2024-07-15 00:00:00;2024-07-09 00:00:00
2024-07-11 00:00:00;SO232358;C0020;AL002;346;2024-09-05 00:00:00;2024-09-14 00:00:00;2024-07-15 00:00:00;2024-07-24 00:00:00
2024-07-11 00:00:00;SO232358;C0020;CS003;954;2024-09-05 00:00:00;2024-08-28 00:00:00;2024-07-15 00:00:00;2024-07-07 00:00:00
2024-07-11 00:00:00;SO733594;C0030;CL002;752;2024-09-12 00:00:00;2024-09-20 00:00:00;2024-07-19 00:00:00;2024-07-27 00:00:00
2024-07-11 00:00:00;SO733594;C0030;CS004;857;2024-09-12 00:00:00;2024-09-08 00:00:00;2024-07-19 00:00:00;2024-07-15 00:00:00
2024-07-11 00:00:00;SO232358;C0020;AS004;399;2024-09-05 00:00:00;2024-09-03 00:00:00;2024-07-15 00:00:00;2024-07-13 00:00:00
2024-07-11 00:00:00;SO232358;C0020;AS003;1037;2024-09-05 00:00:00;2024-09-13 00:00:00;2024-07-15 00:00:00;2024-07-23 00:00:00
2024-07-11 00:00:00;SO711506;C0008;CL002;708;2024-09-05 00:00:00;2024-09-11 00:00:00;2024-07-14 00:00:00;2024-07-20 00:00:00
2024-07-12 00:00:00;SO203029;C0002;CT002;826;2024-08-16 00:00:00;2024-08-24 00:00:00;2024-07-14 00:00:00;2024-07-22 00:00:00
2024-07-12 00:00:00;SO367121;C0025;CS001;1171;2024-08-09 00:00:00;2024-08-15 00:00:00;2024-07-20 00:00:00;2024-07-26 00:00:00
2024-07-12 00:00:00;SO113523;C0016;AT002;883;2024-07-26 00:00:00;2024-08-03 00:00:00;2024-07-16 00:00:00;2024-07-24 00:00:00
2024-07-12 00:00:00;SO367121;C0025;AL002;1042;2024-08-09 00:00:00;2024-08-19 00:00:00;2024-07-20 00:00:00;2024-07-30 00:00:00
2024-07-12 00:00:00;SO113523;C0016;VS004;862;2024-07-26 00:00:00;2024-07-31 00:00:00;2024-07-16 00:00:00;2024-07-21 00:00:00
2024-07-12 00:00:00;SO203029;C0002;CS004;636;2024-08-16 00:00:00;2024-08-23 00:00:00;2024-07-14 00:00:00;2024-07-21 00:00:00
2024-07-12 00:00:00;SO367121;C0025;CT003;1087;2024-08-09 00:00:00;2024-08-19 00:00:00;2024-07-20 00:00:00;2024-07-30 00:00:00
2024-07-12 00:00:00;SO113523;C0016;AL002;1150;2024-07-26 00:00:00;2024-07-17 00:00:00;2024-07-16 00:00:00;2024-07-07 00:00:00
2024-07-12 00:00:00;SO203029;C0002;AS003;968;2024-08-16 00:00:00;2024-08-14 00:00:00;2024-07-14 00:00:00;2024-07-12 00:00:00
2024-07-12 00:00:00;SO113523;C0016;VS001;689;2024-07-26 00:00:00;2024-08-02 00:00:00;2024-07-16 00:00:00;2024-07-23 00:00:00
2024-07-12 00:00:00;SO367121;C0025;AT002;445;2024-08-09 00:00:00;2024-08-15 00:00:00;2024-07-20 00:00:00;2024-07-26 00:00:00
2024-07-12 00:00:00;SO203029;C0002;VS001;1376;2024-08-16 00:00:00;2024-08-10 00:00:00;2024-07-14 00:00:00;2024-07-08 00:00:00
2024-07-12 00:00:00;SO203029;C0002;CL002;408;2024-08-16 00:00:00;2024-08-16 00:00:00;2024-07-14 00:00:00;2024-07-14 00:00:00
2024-07-12 00:00:00;SO203029;C0002;CT001;553;2024-08-16 00:00:00;2024-08-16 00:00:00;2024-07-14 00:00:00;2024-07-14 00:00:00
2024-07-12 00:00:00;SO113523;C0016;VS002;1111;2024-07-26 00:00:00;2024-07-26 00:00:00;2024-07-16 00:00:00;2024-07-16 00:00:00
2024-07-12 00:00:00;SO203029;C0002;AL002;923;2024-08-16 00:00:00;2024-08-21 00:00:00;2024-07-14 00:00:00;2024-07-19 00:00:00
2024-07-12 00:00:00;SO203029;C0002;AT002;851;2024-08-16 00:00:00;2024-08-10 00:00:00;2024-07-14 00:00:00;2024-07-08 00:00:00
2024-07-12 00:00:00;SO203029;C0002;AS005;831;2024-08-16 00:00:00;2024-08-15 00:00:00;2024-07-14 00:00:00;2024-07-13 00:00:00
2024-07-15 00:00:00;SO734816;C0023;AS004;993;2024-08-19 00:00:00;2024-08-24 00:00:00;2024-07-19 00:00:00;2024-07-24 00:00:00
2024-07-15 00:00:00;SO9000001;C0028;VS002;546;2024-07-29 00:00:00;2024-08-02 00:00:00;2024-07-23 00:00:00;2024-07-27 00:00:00
2024-07-15 00:00:00;SO734816;C0023;CT003;484;2024-08-19 00:00:00;2024-08-28 00:00:00;2024-07-19 00:00:00;2024-07-28 00:00:00
2024-07-15 00:00:00;SO9000001;C0028;CS001;1256;2024-07-29 00:00:00;2024-07-28 00:00:00;2024-07-23 00:00:00;2024-07-22 00:00:00
2024-07-15 00:00:00;SO9000001;C0028;CL002;545;2024-07-29 00:00:00;2024-07-25 00:00:00;2024-07-23 00:00:00;2024-07-19 00:00:00
2024-07-15 00:00:00;SO9000001;C0028;AL001;879;2024-07-29 00:00:00;2024-08-08 00:00:00;2024-07-23 00:00:00;2024-08-02 00:00:00
2024-07-15 00:00:00;SO9000001;C0028;AT002;1032;2024-07-29 00:00:00;2024-07-25 00:00:00;2024-07-23 00:00:00;2024-07-19 00:00:00
2024-07-15 00:00:00;SO734816;C0023;AT001;1046;2024-08-19 00:00:00;2024-08-22 00:00:00;2024-07-19 00:00:00;2024-07-22 00:00:00
2024-07-15 00:00:00;SO9000001;C0028;CT001;881;2024-07-29 00:00:00;2024-07-27 00:00:00;2024-07-23 00:00:00;2024-07-21 00:00:00
2024-07-15 00:00:00;SO734816;C0023;CS002;790;2024-08-19 00:00:00;2024-08-28 00:00:00;2024-07-19 00:00:00;2024-07-28 00:00:00
2024-07-15 00:00:00;SO9000001;C0028;CS004;848;2024-07-29 00:00:00;2024-07-24 00:00:00;2024-07-23 00:00:00;2024-07-18 00:00:00
2024-07-15 00:00:00;SO9000001;C0028;VS001;568;2024-07-29 00:00:00;2024-07-30 00:00:00;2024-07-23 00:00:00;2024-07-24 00:00:00
2024-07-15 00:00:00;SO9000001;C0028;CS003;892;2024-07-29 00:00:00;2024-08-02 00:00:00;2024-07-23 00:00:00;2024-07-27 00:00:00
2024-07-15 00:00:00;SO9000001;C0028;AS004;855;2024-07-29 00:00:00;2024-07-26 00:00:00;2024-07-23 00:00:00;2024-07-20 00:00:00
2024-07-16 00:00:00;SO504189;C0005;CS004;1130;2024-09-10 00:00:00;2024-09-12 00:00:00;2024-07-18 00:00:00;2024-07-20 00:00:00
2024-07-16 00:00:00;SO743383;C0030;CT002;750;2024-09-17 00:00:00;2024-09-18 00:00:00;2024-07-24 00:00:00;2024-07-25 00:00:00
2024-07-16 00:00:00;SO948625;C0010;CS002;613;2024-08-27 00:00:00;2024-08-24 00:00:00;2024-07-19 00:00:00;2024-07-16 00:00:00
2024-07-16 00:00:00;SO504189;C0005;CS002;934;2024-09-10 00:00:00;2024-09-20 00:00:00;2024-07-18 00:00:00;2024-07-28 00:00:00
2024-07-16 00:00:00;SO504189;C0005;VS004;1107;2024-09-10 00:00:00;2024-09-04 00:00:00;2024-07-18 00:00:00;2024-07-12 00:00:00
2024-07-16 00:00:00;SO948625;C0010;AT002;954;2024-08-27 00:00:00;2024-09-03 00:00:00;2024-07-19 00:00:00;2024-07-26 00:00:00
2024-07-16 00:00:00;SO743383;C0030;VS001;511;2024-09-17 00:00:00;2024-09-11 00:00:00;2024-07-24 00:00:00;2024-07-18 00:00:00
2024-07-16 00:00:00;SO948625;C0010;AT001;766;2024-08-27 00:00:00;2024-08-18 00:00:00;2024-07-19 00:00:00;2024-07-10 00:00:00
2024-07-16 00:00:00;SO504189;C0005;CS003;274;2024-09-10 00:00:00;2024-09-17 00:00:00;2024-07-18 00:00:00;2024-07-25 00:00:00
2024-07-16 00:00:00;SO504189;C0005;AS004;985;2024-09-10 00:00:00;2024-09-08 00:00:00;2024-07-18 00:00:00;2024-07-16 00:00:00
2024-07-16 00:00:00;SO504189;C0005;VS001;976;2024-09-10 00:00:00;2024-09-17 00:00:00;2024-07-18 00:00:00;2024-07-25 00:00:00
2024-07-16 00:00:00;SO504189;C0005;AT001;512;2024-09-10 00:00:00;2024-09-06 00:00:00;2024-07-18 00:00:00;2024-07-14 00:00:00
2024-07-16 00:00:00;SO743383;C0030;AT002;434;2024-09-17 00:00:00;2024-09-19 00:00:00;2024-07-24 00:00:00;2024-07-26 00:00:00
2024-07-16 00:00:00;SO743383;C0030;VS002;1020;2024-09-17 00:00:00;2024-09-12 00:00:00;2024-07-24 00:00:00;2024-07-19 00:00:00
2024-07-16 00:00:00;SO743383;C0030;AS003;936;2024-09-17 00:00:00;2024-09-24 00:00:00;2024-07-24 00:00:00;2024-07-31 00:00:00
2024-07-16 00:00:00;SO504189;C0005;VS003;1252;2024-09-10 00:00:00;2024-09-17 00:00:00;2024-07-18 00:00:00;2024-07-25 00:00:00
2024-07-16 00:00:00;SO948625;C0010;AS005;567;2024-08-27 00:00:00;2024-09-01 00:00:00;2024-07-19 00:00:00;2024-07-24 00:00:00
2024-07-16 00:00:00;SO948625;C0010;CT003;328;2024-08-27 00:00:00;2024-08-25 00:00:00;2024-07-19 00:00:00;2024-07-17 00:00:00
2024-07-16 00:00:00;SO743383;C0030;VS003;1180;2024-09-17 00:00:00;2024-09-20 00:00:00;2024-07-24 00:00:00;2024-07-27 00:00:00
2024-07-17 00:00:00;SO498664;C0023;CS004;1048;2024-08-21 00:00:00;2024-08-22 00:00:00;2024-07-21 00:00:00;2024-07-22 00:00:00
2024-07-17 00:00:00;SO637426;C0010;CT001;278;2024-08-28 00:00:00;2024-08-22 00:00:00;2024-07-20 00:00:00;2024-07-14 00:00:00
2024-07-17 00:00:00;SO498664;C0023;CL002;349;2024-08-21 00:00:00;2024-08-17 00:00:00;2024-07-21 00:00:00;2024-07-17 00:00:00
2024-07-17 00:00:00;SO637426;C0010;VS001;1247;2024-08-28 00:00:00;2024-09-07 00:00:00;2024-07-20 00:00:00;2024-07-30 00:00:00
2024-07-17 00:00:00;SO637426;C0010;AS005;1256;2024-08-28 00:00:00;2024-08-29 00:00:00;2024-07-20 00:00:00;2024-07-21 00:00:00
2024-07-17 00:00:00;SO637426;C0010;VS004;333;2024-08-28 00:00:00;2024-09-05 00:00:00;2024-07-20 00:00:00;2024-07-28 00:00:00
2024-07-17 00:00:00;SO637426;C0010;CS003;579;2024-08-28 00:00:00;2024-09-04 00:00:00;2024-07-20 00:00:00;2024-07-27 00:00:00
2024-07-17 00:00:00;SO637426;C0010;AL001;759;2024-08-28 00:00:00;2024-08-27 00:00:00;2024-07-20 00:00:00;2024-07-19 00:00:00
2024-07-17 00:00:00;SO498664;C0023;CT002;915;2024-08-21 00:00:00;2024-08-23 00:00:00;2024-07-21 00:00:00;2024-07-23 00:00:00
2024-07-17 00:00:00;SO637426;C0010;CL002;382;2024-08-28 00:00:00;2024-08-26 00:00:00;2024-07-20 00:00:00;2024-07-18 00:00:00
2024-07-17 00:00:00;SO637426;C0010;AT001;289;2024-08-28 00:00:00;2024-08-25 00:00:00;2024-07-20 00:00:00;2024-07-17 00:00:00
2024-07-17 00:00:00;SO637426;C0010;AS004;924;2024-08-28 00:00:00;2024-08-20 00:00:00;2024-07-20 00:00:00;2024-07-12 00:00:00
2024-07-17 00:00:00;SO637426;C0010;CS004;494;2024-08-28 00:00:00;2024-08-24 00:00:00;2024-07-20 00:00:00;2024-07-16 00:00:00
2024-07-17 00:00:00;SO637426;C0010;AS003;657;2024-08-28 00:00:00;2024-08-25 00:00:00;2024-07-20 00:00:00;2024-07-17 00:00:00
2024-07-17 00:00:00;SO637426;C0010;VS002;925;2024-08-28 00:00:00;2024-09-07 00:00:00;2024-07-20 00:00:00;2024-07-30 00:00:00
2024-07-17 00:00:00;SO498664;C0023;AT001;917;2024-08-21 00:00:00;2024-08-26 00:00:00;2024-07-21 00:00:00;2024-07-26 00:00:00
2024-07-18 00:00:00;SO308244;C0011;AT001;533;2024-08-22 00:00:00;2024-08-21 00:00:00;2024-07-21 00:00:00;2024-07-20 00:00:00
2024-07-18 00:00:00;SO402577;C0028;VS003;1137;2024-08-01 00:00:00;2024-08-07 00:00:00;2024-07-26 00:00:00;2024-08-01 00:00:00
2024-07-18 00:00:00;SO308244;C0011;VS001;594;2024-08-22 00:00:00;2024-08-25 00:00:00;2024-07-21 00:00:00;2024-07-24 00:00:00
2024-07-18 00:00:00;SO308244;C0011;CT001;794;2024-08-22 00:00:00;2024-08-26 00:00:00;2024-07-21 00:00:00;2024-07-25 00:00:00
2024-07-18 00:00:00;SO308244;C0011;VS003;701;2024-08-22 00:00:00;2024-08-21 00:00:00;2024-07-21 00:00:00;2024-07-20 00:00:00
2024-07-18 00:00:00;SO308244;C0011;AL002;649;2024-08-22 00:00:00;2024-08-16 00:00:00;2024-07-21 00:00:00;2024-07-15 00:00:00
2024-07-18 00:00:00;SO402577;C0028;AL001;965;2024-08-01 00:00:00;2024-08-07 00:00:00;2024-07-26 00:00:00;2024-08-01 00:00:00
2024-07-18 00:00:00;SO402577;C0028;VS002;1265;2024-08-01 00:00:00;2024-07-22 00:00:00;2024-07-26 00:00:00;2024-07-16 00:00:00
2024-07-18 00:00:00;SO402577;C0028;AS004;442;2024-08-01 00:00:00;2024-08-02 00:00:00;2024-07-26 00:00:00;2024-07-27 00:00:00
2024-07-18 00:00:00;SO308244;C0011;CL002;638;2024-08-22 00:00:00;2024-08-12 00:00:00;2024-07-21 00:00:00;2024-07-11 00:00:00
2024-07-18 00:00:00;SO402577;C0028;CL002;884;2024-08-01 00:00:00;2024-07-25 00:00:00;2024-07-26 00:00:00;2024-07-19 00:00:00
2024-07-18 00:00:00;SO402577;C0028;VS001;836;2024-08-01 00:00:00;2024-07-31 00:00:00;2024-07-26 00:00:00;2024-07-25 00:00:00
2024-07-18 00:00:00;SO402577;C0028;CS003;629;2024-08-01 00:00:00;2024-08-01 00:00:00;2024-07-26 00:00:00;2024-07-26 00:00:00
2024-07-18 00:00:00;SO402577;C0028;CS002;948;2024-08-01 00:00:00;2024-08-04 00:00:00;2024-07-26 00:00:00;2024-07-29 00:00:00
2024-07-19 00:00:00;SO664771;C0017;CS001;373;2024-09-13 00:00:00;2024-09-06 00:00:00;2024-07-23 00:00:00;2024-07-16 00:00:00
2024-07-19 00:00:00;SO364693;C0018;CT003;690;2024-09-20 00:00:00;2024-09-22 00:00:00;2024-07-23 00:00:00;2024-07-25 00:00:00
2024-07-19 00:00:00;SO364693;C0018;AT001;864;2024-09-20 00:00:00;2024-09-25 00:00:00;2024-07-23 00:00:00;2024-07-28 00:00:00
2024-07-19 00:00:00;SO364693;C0018;CS003;1154;2024-09-20 00:00:00;2024-09-24 00:00:00;2024-07-23 00:00:00;2024-07-27 00:00:00
2024-07-19 00:00:00;SO364693;C0018;CT001;1295;2024-09-20 00:00:00;2024-09-13 00:00:00;2024-07-23 00:00:00;2024-07-16 00:00:00
2024-07-19 00:00:00;SO364693;C0018;AS004;997;2024-09-20 00:00:00;2024-09-16 00:00:00;2024-07-23 00:00:00;2024-07-19 00:00:00
2024-07-19 00:00:00;SO364693;C0018;AL002;546;2024-09-20 00:00:00;2024-09-23 00:00:00;2024-07-23 00:00:00;2024-07-26 00:00:00
2024-07-19 00:00:00;SO364693;C0018;AS003;533;2024-09-20 00:00:00;2024-09-15 00:00:00;2024-07-23 00:00:00;2024-07-18 00:00:00
2024-07-19 00:00:00;SO364693;C0018;AL001;530;2024-09-20 00:00:00;2024-09-27 00:00:00;2024-07-23 00:00:00;2024-07-30 00:00:00
2024-07-19 00:00:00;SO364693;C0018;VS001;417;2024-09-20 00:00:00;2024-09-19 00:00:00;2024-07-23 00:00:00;2024-07-22 00:00:00
2024-07-19 00:00:00;SO364693;C0018;VS003;557;2024-09-20 00:00:00;2024-09-17 00:00:00;2024-07-23 00:00:00;2024-07-20 00:00:00
2024-07-19 00:00:00;SO664771;C0017;VS002;931;2024-09-13 00:00:00;2024-09-14 00:00:00;2024-07-23 00:00:00;2024-07-24 00:00:00
2024-07-19 00:00:00;SO364693;C0018;VS004;987;2024-09-20 00:00:00;2024-09-14 00:00:00;2024-07-23 00:00:00;2024-07-17 00:00:00
2024-07-19 00:00:00;SO364693;C0018;CL002;1249;2024-09-20 00:00:00;2024-09-10 00:00:00;2024-07-23 00:00:00;2024-07-13 00:00:00
2024-07-19 00:00:00;SO364693;C0018;VS002;1022;2024-09-20 00:00:00;2024-09-21 00:00:00;2024-07-23 00:00:00;2024-07-24 00:00:00
2024-07-19 00:00:00;SO364693;C0018;CS001;707;2024-09-20 00:00:00;2024-09-17 00:00:00;2024-07-23 00:00:00;2024-07-20 00:00:00
2024-07-19 00:00:00;SO364693;C0018;CS002;625;2024-09-20 00:00:00;2024-09-12 00:00:00;2024-07-23 00:00:00;2024-07-15 00:00:00
2024-07-19 00:00:00;SO364693;C0018;AS005;1037;2024-09-20 00:00:00;2024-09-21 00:00:00;2024-07-23 00:00:00;2024-07-24 00:00:00
2024-07-19 00:00:00;SO664771;C0017;AL002;822;2024-09-13 00:00:00;2024-09-17 00:00:00;2024-07-23 00:00:00;2024-07-27 00:00:00
2024-07-19 00:00:00;SO664771;C0017;CL002;335;2024-09-13 00:00:00;2024-09-19 00:00:00;2024-07-23 00:00:00;2024-07-29 00:00:00
2024-07-22 00:00:00;SO925811;C0003;CS004;846;2024-09-02 00:00:00;2024-09-08 00:00:00;2024-07-24 00:00:00;2024-07-30 00:00:00
2024-07-22 00:00:00;SO619063;C0025;CS003;768;2024-08-19 00:00:00;2024-08-12 00:00:00;2024-07-30 00:00:00;2024-07-23 00:00:00
2024-07-22 00:00:00;SO804503;C0010;AS004;350;2024-09-02 00:00:00;2024-09-01 00:00:00;2024-07-25 00:00:00;2024-07-24 00:00:00
2024-07-22 00:00:00;SO517708;C0006;AL002;651;2024-09-23 00:00:00;2024-09-28 00:00:00;2024-07-24 00:00:00;2024-07-29 00:00:00
2024-07-22 00:00:00;SO619063;C0025;AS004;452;2024-08-19 00:00:00;2024-08-18 00:00:00;2024-07-30 00:00:00;2024-07-29 00:00:00
2024-07-22 00:00:00;SO619063;C0025;VS004;853;2024-08-19 00:00:00;2024-08-24 00:00:00;2024-07-30 00:00:00;2024-08-04 00:00:00
2024-07-22 00:00:00;SO517708;C0006;VS003;883;2024-09-23 00:00:00;2024-09-25 00:00:00;2024-07-24 00:00:00;2024-07-26 00:00:00
2024-07-22 00:00:00;SO925811;C0003;AT001;499;2024-09-02 00:00:00;2024-09-12 00:00:00;2024-07-24 00:00:00;2024-08-03 00:00:00
2024-07-22 00:00:00;SO925811;C0003;CT002;299;2024-09-02 00:00:00;2024-08-31 00:00:00;2024-07-24 00:00:00;2024-07-22 00:00:00
2024-07-22 00:00:00;SO804503;C0010;CT002;942;2024-09-02 00:00:00;2024-09-12 00:00:00;2024-07-25 00:00:00;2024-08-04 00:00:00
2024-07-22 00:00:00;SO619063;C0025;AL002;1000;2024-08-19 00:00:00;2024-08-25 00:00:00;2024-07-30 00:00:00;2024-08-05 00:00:00
2024-07-22 00:00:00;SO925811;C0003;AL001;517;2024-09-02 00:00:00;2024-08-28 00:00:00;2024-07-24 00:00:00;2024-07-19 00:00:00
2024-07-22 00:00:00;SO517708;C0006;VS004;1201;2024-09-23 00:00:00;2024-09-20 00:00:00;2024-07-24 00:00:00;2024-07-21 00:00:00
2024-07-22 00:00:00;SO619063;C0025;CS002;936;2024-08-19 00:00:00;2024-08-25 00:00:00;2024-07-30 00:00:00;2024-08-05 00:00:00
2024-07-22 00:00:00;SO517708;C0006;CT001;405;2024-09-23 00:00:00;2024-09-22 00:00:00;2024-07-24 00:00:00;2024-07-23 00:00:00
2024-07-23 00:00:00;SO468861;C0017;CS001;865;2024-09-17 00:00:00;2024-09-17 00:00:00;2024-07-27 00:00:00;2024-07-27 00:00:00
2024-07-23 00:00:00;SO332447;C0010;CS002;1317;2024-09-03 00:00:00;2024-08-31 00:00:00;2024-07-26 00:00:00;2024-07-23 00:00:00
2024-07-23 00:00:00;SO468861;C0017;VS001;516;2024-09-17 00:00:00;2024-09-08 00:00:00;2024-07-27 00:00:00;2024-07-18 00:00:00
2024-07-23 00:00:00;SO468861;C0017;AT001;601;2024-09-17 00:00:00;2024-09-17 00:00:00;2024-07-27 00:00:00;2024-07-27 00:00:00
2024-07-23 00:00:00;SO332447;C0010;AS005;842;2024-09-03 00:00:00;2024-09-10 00:00:00;2024-07-26 00:00:00;2024-08-02 00:00:00
2024-07-23 00:00:00;SO468861;C0017;VS003;541;2024-09-17 00:00:00;2024-09-11 00:00:00;2024-07-27 00:00:00;2024-07-21 00:00:00
2024-07-23 00:00:00;SO468861;C0017;CS004;1159;2024-09-17 00:00:00;2024-09-24 00:00:00;2024-07-27 00:00:00;2024-08-03 00:00:00
2024-07-23 00:00:00;SO332447;C0010;CT003;541;2024-09-03 00:00:00;2024-08-24 00:00:00;2024-07-26 00:00:00;2024-07-16 00:00:00
2024-07-23 00:00:00;SO468861;C0017;CS002;1179;2024-09-17 00:00:00;2024-09-11 00:00:00;2024-07-27 00:00:00;2024-07-21 00:00:00
2024-07-23 00:00:00;SO468861;C0017;AT002;313;2024-09-17 00:00:00;2024-09-13 00:00:00;2024-07-27 00:00:00;2024-07-23 00:00:00
2024-07-23 00:00:00;SO468861;C0017;AL001;1115;2024-09-17 00:00:00;2024-09-26 00:00:00;2024-07-27 00:00:00;2024-08-05 00:00:00
2024-07-23 00:00:00;SO468861;C0017;CL002;1176;2024-09-17 00:00:00;2024-09-17 00:00:00;2024-07-27 00:00:00;2024-07-27 00:00:00
2024-07-23 00:00:00;SO332447;C0010;AS003;1008;2024-09-03 00:00:00;2024-09-09 00:00:00;2024-07-26 00:00:00;2024-08-01 00:00:00
2024-07-23 00:00:00;SO468861;C0017;AL002;474;2024-09-17 00:00:00;2024-09-25 00:00:00;2024-07-27 00:00:00;2024-08-04 00:00:00
2024-07-23 00:00:00;SO332447;C0010;AL002;410;2024-09-03 00:00:00;2024-09-12 00:00:00;2024-07-26 00:00:00;2024-08-04 00:00:00
2024-07-23 00:00:00;SO332447;C0010;CL002;841;2024-09-03 00:00:00;2024-09-05 00:00:00;2024-07-26 00:00:00;2024-07-28 00:00:00
2024-07-23 00:00:00;SO332447;C0010;VS004;1061;2024-09-03 00:00:00;2024-09-01 00:00:00;2024-07-26 00:00:00;2024-07-24 00:00:00
2024-07-24 00:00:00;SO198017;C0007;VS003;802;2024-09-25 00:00:00;2024-09-20 00:00:00;2024-07-27 00:00:00;2024-07-22 00:00:00
2024-07-24 00:00:00;SO630731;C0008;AS005;987;2024-09-18 00:00:00;2024-09-26 00:00:00;2024-07-27 00:00:00;2024-08-04 00:00:00
2024-07-24 00:00:00;SO962346;C0009;AL002;539;2024-08-07 00:00:00;2024-08-13 00:00:00;2024-07-27 00:00:00;2024-08-02 00:00:00
2024-07-24 00:00:00;SO198017;C0007;CS003;1123;2024-09-25 00:00:00;2024-09-27 00:00:00;2024-07-27 00:00:00;2024-07-29 00:00:00
2024-07-24 00:00:00;SO962346;C0009;AS003;773;2024-08-07 00:00:00;2024-08-07 00:00:00;2024-07-27 00:00:00;2024-07-27 00:00:00
2024-07-24 00:00:00;SO630731;C0008;CL002;1146;2024-09-18 00:00:00;2024-09-16 00:00:00;2024-07-27 00:00:00;2024-07-25 00:00:00
2024-07-24 00:00:00;SO630731;C0008;AL001;705;2024-09-18 00:00:00;2024-09-24 00:00:00;2024-07-27 00:00:00;2024-08-02 00:00:00
2024-07-24 00:00:00;SO198017;C0007;AT002;350;2024-09-25 00:00:00;2024-09-30 00:00:00;2024-07-27 00:00:00;2024-08-01 00:00:00
2024-07-24 00:00:00;SO198017;C0007;CT001;1181;2024-09-25 00:00:00;2024-09-19 00:00:00;2024-07-27 00:00:00;2024-07-21 00:00:00
2024-07-24 00:00:00;SO198017;C0007;CS001;518;2024-09-25 00:00:00;2024-09-17 00:00:00;2024-07-27 00:00:00;2024-07-19 00:00:00
2024-07-24 00:00:00;SO630731;C0008;CT001;859;2024-09-18 00:00:00;2024-09-17 00:00:00;2024-07-27 00:00:00;2024-07-26 00:00:00
2024-07-24 00:00:00;SO198017;C0007;AL001;334;2024-09-25 00:00:00;2024-09-17 00:00:00;2024-07-27 00:00:00;2024-07-19 00:00:00
2024-07-24 00:00:00;SO198017;C0007;AS004;652;2024-09-25 00:00:00;2024-09-20 00:00:00;2024-07-27 00:00:00;2024-07-22 00:00:00
2024-07-24 00:00:00;SO962346;C0009;CT001;421;2024-08-07 00:00:00;2024-08-05 00:00:00;2024-07-27 00:00:00;2024-07-25 00:00:00
2024-07-24 00:00:00;SO198017;C0007;AS003;770;2024-09-25 00:00:00;2024-09-20 00:00:00;2024-07-27 00:00:00;2024-07-22 00:00:00
2024-07-24 00:00:00;SO630731;C0008;AT002;1070;2024-09-18 00:00:00;2024-09-27 00:00:00;2024-07-27 00:00:00;2024-08-05 00:00:00
2024-07-25 00:00:00;SO791631;C0023;CT003;316;2024-08-29 00:00:00;2024-08-21 00:00:00;2024-07-29 00:00:00;2024-07-21 00:00:00
2024-07-25 00:00:00;SO645254;C0028;VS002;667;2024-08-08 00:00:00;2024-08-18 00:00:00;2024-08-02 00:00:00;2024-08-12 00:00:00
2024-07-25 00:00:00;SO971536;C0026;AS003;946;2024-08-29 00:00:00;2024-09-01 00:00:00;2024-08-02 00:00:00;2024-08-05 00:00:00
2024-07-25 00:00:00;SO775286;C0006;CS001;946;2024-09-26 00:00:00;2024-09-21 00:00:00;2024-07-27 00:00:00;2024-07-22 00:00:00
2024-07-25 00:00:00;SO971536;C0026;CS004;817;2024-08-29 00:00:00;2024-09-01 00:00:00;2024-08-02 00:00:00;2024-08-05 00:00:00
2024-07-25 00:00:00;SO791631;C0023;AS005;812;2024-08-29 00:00:00;2024-09-03 00:00:00;2024-07-29 00:00:00;2024-08-03 00:00:00
2024-07-25 00:00:00;SO775286;C0006;CS003;1091;2024-09-26 00:00:00;2024-10-04 00:00:00;2024-07-27 00:00:00;2024-08-04 00:00:00
2024-07-25 00:00:00;SO971536;C0026;VS003;948;2024-08-29 00:00:00;2024-09-01 00:00:00;2024-08-02 00:00:00;2024-08-05 00:00:00
2024-07-25 00:00:00;SO791631;C0023;AL001;674;2024-08-29 00:00:00;2024-08-19 00:00:00;2024-07-29 00:00:00;2024-07-19 00:00:00
2024-07-25 00:00:00;SO775286;C0006;AS004;627;2024-09-26 00:00:00;2024-09-30 00:00:00;2024-07-27 00:00:00;2024-07-31 00:00:00
2024-07-25 00:00:00;SO971536;C0026;CS001;557;2024-08-29 00:00:00;2024-09-08 00:00:00;2024-08-02 00:00:00;2024-08-12 00:00:00
2024-07-25 00:00:00;SO791631;C0023;CS001;768;2024-08-29 00:00:00;2024-08-19 00:00:00;2024-07-29 00:00:00;2024-07-19 00:00:00
2024-07-25 00:00:00;SO775286;C0006;VS003;634;2024-09-26 00:00:00;2024-09-18 00:00:00;2024-07-27 00:00:00;2024-07-19 00:00:00
2024-07-25 00:00:00;SO775286;C0006;AS003;590;2024-09-26 00:00:00;2024-09-21 00:00:00;2024-07-27 00:00:00;2024-07-22 00:00:00
2024-07-25 00:00:00;SO775286;C0006;AT002;896;2024-09-26 00:00:00;2024-09-17 00:00:00;2024-07-27 00:00:00;2024-07-18 00:00:00
2024-07-25 00:00:00;SO645254;C0028;AS005;265;2024-08-08 00:00:00;2024-07-29 00:00:00;2024-08-02 00:00:00;2024-07-23 00:00:00
2024-07-25 00:00:00;SO791631;C0023;AS004;1114;2024-08-29 00:00:00;2024-09-07 00:00:00;2024-07-29 00:00:00;2024-08-07 00:00:00
2024-07-25 00:00:00;SO791631;C0023;AS003;984;2024-08-29 00:00:00;2024-09-08 00:00:00;2024-07-29 00:00:00;2024-08-08 00:00:00
2024-07-25 00:00:00;SO971536;C0026;AL001;819;2024-08-29 00:00:00;2024-09-07 00:00:00;2024-08-02 00:00:00;2024-08-11 00:00:00
2024-07-25 00:00:00;SO791631;C0023;CT001;698;2024-08-29 00:00:00;2024-08-21 00:00:00;2024-07-29 00:00:00;2024-07-21 00:00:00
2024-07-26 00:00:00;SO926743;C0021;CT002;352;2024-08-09 00:00:00;2024-08-15 00:00:00;2024-07-30 00:00:00;2024-08-05 00:00:00
2024-07-26 00:00:00;SO554059;C0015;CT003;1004;2024-09-06 00:00:00;2024-09-04 00:00:00;2024-07-30 00:00:00;2024-07-28 00:00:00
2024-07-26 00:00:00;SO926743;C0021;AS003;1197;2024-08-09 00:00:00;2024-08-13 00:00:00;2024-07-30 00:00:00;2024-08-03 00:00:00
2024-07-26 00:00:00;SO926743;C0021;CT003;602;2024-08-09 00:00:00;2024-07-30 00:00:00;2024-07-30 00:00:00;2024-07-20 00:00:00
2024-07-26 00:00:00;SO554059;C0015;CT001;535;2024-09-06 00:00:00;2024-09-10 00:00:00;2024-07-30 00:00:00;2024-08-03 00:00:00
2024-07-26 00:00:00;SO926743;C0021;CS001;1018;2024-08-09 00:00:00;2024-08-16 00:00:00;2024-07-30 00:00:00;2024-08-06 00:00:00
2024-07-26 00:00:00;SO554059;C0015;AL002;586;2024-09-06 00:00:00;2024-09-15 00:00:00;2024-07-30 00:00:00;2024-08-08 00:00:00
2024-07-26 00:00:00;SO554059;C0015;CS003;925;2024-09-06 00:00:00;2024-09-13 00:00:00;2024-07-30 00:00:00;2024-08-06 00:00:00
2024-07-26 00:00:00;SO554059;C0015;VS003;787;2024-09-06 00:00:00;2024-09-08 00:00:00;2024-07-30 00:00:00;2024-08-01 00:00:00
2024-07-26 00:00:00;SO554059;C0015;CS004;485;2024-09-06 00:00:00;2024-09-02 00:00:00;2024-07-30 00:00:00;2024-07-26 00:00:00
2024-07-26 00:00:00;SO554059;C0015;CS002;1043;2024-09-06 00:00:00;2024-09-12 00:00:00;2024-07-30 00:00:00;2024-08-05 00:00:00
2024-07-26 00:00:00;SO554059;C0015;CL002;755;2024-09-06 00:00:00;2024-08-31 00:00:00;2024-07-30 00:00:00;2024-07-24 00:00:00
2024-07-26 00:00:00;SO926743;C0021;CS003;364;2024-08-09 00:00:00;2024-08-13 00:00:00;2024-07-30 00:00:00;2024-08-03 00:00:00
2024-07-26 00:00:00;SO554059;C0015;VS001;848;2024-09-06 00:00:00;2024-09-05 00:00:00;2024-07-30 00:00:00;2024-07-29 00:00:00
2024-07-26 00:00:00;SO554059;C0015;AT002;630;2024-09-06 00:00:00;2024-09-04 00:00:00;2024-07-30 00:00:00;2024-07-28 00:00:00
2024-07-26 00:00:00;SO554059;C0015;VS002;824;2024-09-06 00:00:00;2024-08-29 00:00:00;2024-07-30 00:00:00;2024-07-22 00:00:00
2024-07-26 00:00:00;SO926743;C0021;CL002;597;2024-08-09 00:00:00;2024-08-18 00:00:00;2024-07-30 00:00:00;2024-08-08 00:00:00
2024-07-26 00:00:00;SO926743;C0021;VS002;540;2024-08-09 00:00:00;2024-08-02 00:00:00;2024-07-30 00:00:00;2024-07-23 00:00:00
2024-07-26 00:00:00;SO554059;C0015;CS001;647;2024-09-06 00:00:00;2024-09-05 00:00:00;2024-07-30 00:00:00;2024-07-29 00:00:00
2024-07-29 00:00:00;SO346412;C0009;AL002;1253;2024-08-12 00:00:00;2024-08-06 00:00:00;2024-08-01 00:00:00;2024-07-26 00:00:00
2024-07-29 00:00:00;SO249070;C0026;CT002;403;2024-09-02 00:00:00;2024-09-09 00:00:00;2024-08-06 00:00:00;2024-08-13 00:00:00
2024-07-29 00:00:00;SO999328;C0011;AS005;814;2024-09-02 00:00:00;2024-09-04 00:00:00;2024-08-01 00:00:00;2024-08-03 00:00:00
2024-07-29 00:00:00;SO999328;C0011;CS002;1063;2024-09-02 00:00:00;2024-09-03 00:00:00;2024-08-01 00:00:00;2024-08-02 00:00:00
2024-07-29 00:00:00;SO346412;C0009;CT002;533;2024-08-12 00:00:00;2024-08-21 00:00:00;2024-08-01 00:00:00;2024-08-10 00:00:00
2024-07-29 00:00:00;SO249070;C0026;VS002;752;2024-09-02 00:00:00;2024-09-11 00:00:00;2024-08-06 00:00:00;2024-08-15 00:00:00
2024-07-29 00:00:00;SO346412;C0009;CS003;1045;2024-08-12 00:00:00;2024-08-06 00:00:00;2024-08-01 00:00:00;2024-07-26 00:00:00
2024-07-29 00:00:00;SO999328;C0011;CT002;978;2024-09-02 00:00:00;2024-09-05 00:00:00;2024-08-01 00:00:00;2024-08-04 00:00:00
2024-07-29 00:00:00;SO346412;C0009;AL001;531;2024-08-12 00:00:00;2024-08-17 00:00:00;2024-08-01 00:00:00;2024-08-06 00:00:00
2024-07-29 00:00:00;SO249070;C0026;CS002;482;2024-09-02 00:00:00;2024-09-09 00:00:00;2024-08-06 00:00:00;2024-08-13 00:00:00
2024-07-29 00:00:00;SO999328;C0011;VS003;501;2024-09-02 00:00:00;2024-08-25 00:00:00;2024-08-01 00:00:00;2024-07-24 00:00:00
2024-07-29 00:00:00;SO999328;C0011;AT002;766;2024-09-02 00:00:00;2024-08-31 00:00:00;2024-08-01 00:00:00;2024-07-30 00:00:00
2024-07-29 00:00:00;SO999328;C0011;VS001;802;2024-09-02 00:00:00;2024-09-04 00:00:00;2024-08-01 00:00:00;2024-08-03 00:00:00
2024-07-29 00:00:00;SO999328;C0011;CS004;1140;2024-09-02 00:00:00;2024-08-29 00:00:00;2024-08-01 00:00:00;2024-07-28 00:00:00
2024-07-29 00:00:00;SO346412;C0009;CL002;273;2024-08-12 00:00:00;2024-08-13 00:00:00;2024-08-01 00:00:00;2024-08-02 00:00:00
2024-07-29 00:00:00;SO249070;C0026;CS004;319;2024-09-02 00:00:00;2024-09-04 00:00:00;2024-08-06 00:00:00;2024-08-08 00:00:00
2024-07-29 00:00:00;SO249070;C0026;AS003;990;2024-09-02 00:00:00;2024-09-06 00:00:00;2024-08-06 00:00:00;2024-08-10 00:00:00
2024-07-29 00:00:00;SO249070;C0026;AL001;499;2024-09-02 00:00:00;2024-09-11 00:00:00;2024-08-06 00:00:00;2024-08-15 00:00:00
2024-07-30 00:00:00;SO386719;C0010;AT001;656;2024-09-10 00:00:00;2024-08-31 00:00:00;2024-08-02 00:00:00;2024-07-23 00:00:00
2024-07-30 00:00:00;SO203419;C0004;AS003;1006;2024-08-13 00:00:00;2024-08-15 00:00:00;2024-08-01 00:00:00;2024-08-03 00:00:00
2024-07-30 00:00:00;SO386719;C0010;CS003;620;2024-09-10 00:00:00;2024-09-08 00:00:00;2024-08-02 00:00:00;2024-07-31 00:00:00
2024-07-30 00:00:00;SO386719;C0010;AT002;962;2024-09-10 00:00:00;2024-09-10 00:00:00;2024-08-02 00:00:00;2024-08-02 00:00:00
2024-07-30 00:00:00;SO203419;C0004;AT001;1210;2024-08-13 00:00:00;2024-08-13 00:00:00;2024-08-01 00:00:00;2024-08-01 00:00:00
2024-07-30 00:00:00;SO386719;C0010;VS004;335;2024-09-10 00:00:00;2024-09-07 00:00:00;2024-08-02 00:00:00;2024-07-30 00:00:00
2024-07-30 00:00:00;SO386719;C0010;CT001;861;2024-09-10 00:00:00;2024-09-09 00:00:00;2024-08-02 00:00:00;2024-08-01 00:00:00
2024-07-30 00:00:00;SO203419;C0004;CS003;763;2024-08-13 00:00:00;2024-08-11 00:00:00;2024-08-01 00:00:00;2024-07-30 00:00:00
2024-07-30 00:00:00;SO386719;C0010;AL001;764;2024-09-10 00:00:00;2024-09-11 00:00:00;2024-08-02 00:00:00;2024-08-03 00:00:00
2024-07-30 00:00:00;SO203419;C0004;AS004;985;2024-08-13 00:00:00;2024-08-08 00:00:00;2024-08-01 00:00:00;2024-07-27 00:00:00
2024-07-30 00:00:00;SO386719;C0010;AS005;319;2024-09-10 00:00:00;2024-09-18 00:00:00;2024-08-02 00:00:00;2024-08-10 00:00:00
2024-07-30 00:00:00;SO386719;C0010;AS003;874;2024-09-10 00:00:00;2024-09-17 00:00:00;2024-08-02 00:00:00;2024-08-09 00:00:00
2024-07-30 00:00:00;SO203419;C0004;VS001;634;2024-08-13 00:00:00;2024-08-04 00:00:00;2024-08-01 00:00:00;2024-07-23 00:00:00
2024-07-30 00:00:00;SO386719;C0010;CS001;745;2024-09-10 00:00:00;2024-09-18 00:00:00;2024-08-02 00:00:00;2024-08-10 00:00:00
2024-07-31 00:00:00;SO577990;C0020;VS001;546;2024-09-25 00:00:00;2024-09-23 00:00:00;2024-08-04 00:00:00;2024-08-02 00:00:00
2024-07-31 00:00:00;SO639605;C0030;AT002;917;2024-10-02 00:00:00;2024-10-06 00:00:00;2024-08-08 00:00:00;2024-08-12 00:00:00
2024-07-31 00:00:00;SO310302;C0024;AS003;794;2024-08-28 00:00:00;2024-08-23 00:00:00;2024-08-04 00:00:00;2024-07-30 00:00:00
2024-07-31 00:00:00;SO423817;C0018;AS004;978;2024-10-02 00:00:00;2024-10-09 00:00:00;2024-08-04 00:00:00;2024-08-11 00:00:00
2024-07-31 00:00:00;SO639605;C0030;AS005;400;2024-10-02 00:00:00;2024-10-02 00:00:00;2024-08-08 00:00:00;2024-08-08 00:00:00
2024-07-31 00:00:00;SO423817;C0018;AS005;545;2024-10-02 00:00:00;2024-10-02 00:00:00;2024-08-04 00:00:00;2024-08-04 00:00:00
2024-07-31 00:00:00;SO310302;C0024;AL001;778;2024-08-28 00:00:00;2024-08-27 00:00:00;2024-08-04 00:00:00;2024-08-03 00:00:00
2024-07-31 00:00:00;SO577990;C0020;CT003;649;2024-09-25 00:00:00;2024-09-22 00:00:00;2024-08-04 00:00:00;2024-08-01 00:00:00
2024-07-31 00:00:00;SO423817;C0018;AL001;473;2024-10-02 00:00:00;2024-09-25 00:00:00;2024-08-04 00:00:00;2024-07-28 00:00:00
2024-07-31 00:00:00;SO577990;C0020;AL002;707;2024-09-25 00:00:00;2024-09-30 00:00:00;2024-08-04 00:00:00;2024-08-09 00:00:00
2024-07-31 00:00:00;SO577990;C0020;AT001;928;2024-09-25 00:00:00;2024-09-29 00:00:00;2024-08-04 00:00:00;2024-08-08 00:00:00
2024-07-31 00:00:00;SO423817;C0018;VS002;809;2024-10-02 00:00:00;2024-10-05 00:00:00;2024-08-04 00:00:00;2024-08-07 00:00:00
2024-07-31 00:00:00;SO577990;C0020;AL001;640;2024-09-25 00:00:00;2024-10-03 00:00:00;2024-08-04 00:00:00;2024-08-12 00:00:00
2024-07-31 00:00:00;SO577990;C0020;AS005;800;2024-09-25 00:00:00;2024-10-05 00:00:00;2024-08-04 00:00:00;2024-08-14 00:00:00
2024-07-31 00:00:00;SO577990;C0020;AS004;672;2024-09-25 00:00:00;2024-10-02 00:00:00;2024-08-04 00:00:00;2024-08-11 00:00:00
2024-07-31 00:00:00;SO423817;C0018;AT001;1057;2024-10-02 00:00:00;2024-10-07 00:00:00;2024-08-04 00:00:00;2024-08-09 00:00:00
2024-08-01 00:00:00;SO166350;C0016;CS001;1052;2024-08-15 00:00:00;2024-08-11 00:00:00;2024-08-05 00:00:00;2024-08-01 00:00:00
2024-08-01 00:00:00;SO265666;C0006;AT001;719;2024-10-03 00:00:00;2024-10-02 00:00:00;2024-08-03 00:00:00;2024-08-02 00:00:00
2024-08-01 00:00:00;SO296685;C0023;AL001;816;2024-09-05 00:00:00;2024-09-10 00:00:00;2024-08-05 00:00:00;2024-08-10 00:00:00
2024-08-01 00:00:00;SO618824;C0017;AT001;422;2024-09-26 00:00:00;2024-09-27 00:00:00;2024-08-05 00:00:00;2024-08-06 00:00:00
2024-08-01 00:00:00;SO166350;C0016;AT002;535;2024-08-15 00:00:00;2024-08-23 00:00:00;2024-08-05 00:00:00;2024-08-13 00:00:00
2024-08-01 00:00:00;SO265666;C0006;AL001;659;2024-10-03 00:00:00;2024-09-27 00:00:00;2024-08-03 00:00:00;2024-07-28 00:00:00
2024-08-01 00:00:00;SO618824;C0017;CT003;868;2024-09-26 00:00:00;2024-09-26 00:00:00;2024-08-05 00:00:00;2024-08-05 00:00:00
2024-08-01 00:00:00;SO618824;C0017;AL002;714;2024-09-26 00:00:00;2024-10-03 00:00:00;2024-08-05 00:00:00;2024-08-12 00:00:00
2024-08-01 00:00:00;SO265666;C0006;AS004;992;2024-10-03 00:00:00;2024-09-28 00:00:00;2024-08-03 00:00:00;2024-07-29 00:00:00
2024-08-01 00:00:00;SO296685;C0023;VS002;1334;2024-09-05 00:00:00;2024-08-26 00:00:00;2024-08-05 00:00:00;2024-07-26 00:00:00
2024-08-01 00:00:00;SO296685;C0023;CS001;1058;2024-09-05 00:00:00;2024-09-03 00:00:00;2024-08-05 00:00:00;2024-08-03 00:00:00
2024-08-01 00:00:00;SO265666;C0006;VS003;512;2024-10-03 00:00:00;2024-10-11 00:00:00;2024-08-03 00:00:00;2024-08-11 00:00:00
2024-08-01 00:00:00;SO618824;C0017;VS004;973;2024-09-26 00:00:00;2024-09-22 00:00:00;2024-08-05 00:00:00;2024-08-01 00:00:00
2024-08-01 00:00:00;SO166350;C0016;VS004;1114;2024-08-15 00:00:00;2024-08-16 00:00:00;2024-08-05 00:00:00;2024-08-06 00:00:00
2024-08-01 00:00:00;SO296685;C0023;VS001;441;2024-09-05 00:00:00;2024-09-14 00:00:00;2024-08-05 00:00:00;2024-08-14 00:00:00
2024-08-01 00:00:00;SO618824;C0017;AT002;533;2024-09-26 00:00:00;2024-09-27 00:00:00;2024-08-05 00:00:00;2024-08-06 00:00:00
2024-08-01 00:00:00;SO265666;C0006;CT001;712;2024-10-03 00:00:00;2024-09-25 00:00:00;2024-08-03 00:00:00;2024-07-26 00:00:00
2024-08-01 00:00:00;SO618824;C0017;AL001;510;2024-09-26 00:00:00;2024-10-05 00:00:00;2024-08-05 00:00:00;2024-08-14 00:00:00
2024-08-02 00:00:00;SO899712;C0020;CT002;918;2024-09-27 00:00:00;2024-09-17 00:00:00;2024-08-06 00:00:00;2024-07-27 00:00:00
2024-08-02 00:00:00;SO988821;C0001;CS003;695;2024-08-30 00:00:00;2024-09-08 00:00:00;2024-08-04 00:00:00;2024-08-13 00:00:00
2024-08-02 00:00:00;SO899712;C0020;CS004;757;2024-09-27 00:00:00;2024-09-20 00:00:00;2024-08-06 00:00:00;2024-07-30 00:00:00
2024-08-02 00:00:00;SO988821;C0001;CS001;297;2024-08-30 00:00:00;2024-09-07 00:00:00;2024-08-04 00:00:00;2024-08-12 00:00:00
2024-08-02 00:00:00;SO899712;C0020;AL001;638;2024-09-27 00:00:00;2024-09-30 00:00:00;2024-08-06 00:00:00;2024-08-09 00:00:00
2024-08-02 00:00:00;SO988821;C0001;AS005;794;2024-08-30 00:00:00;2024-09-07 00:00:00;2024-08-04 00:00:00;2024-08-12 00:00:00
2024-08-02 00:00:00;SO899712;C0020;AS004;413;2024-09-27 00:00:00;2024-09-17 00:00:00;2024-08-06 00:00:00;2024-07-27 00:00:00
2024-08-02 00:00:00;SO899712;C0020;VS003;928;2024-09-27 00:00:00;2024-09-23 00:00:00;2024-08-06 00:00:00;2024-08-02 00:00:00
2024-08-02 00:00:00;SO988821;C0001;CT002;742;2024-08-30 00:00:00;2024-08-25 00:00:00;2024-08-04 00:00:00;2024-07-30 00:00:00
2024-08-02 00:00:00;SO899712;C0020;VS004;870;2024-09-27 00:00:00;2024-09-27 00:00:00;2024-08-06 00:00:00;2024-08-06 00:00:00
2024-08-02 00:00:00;SO899712;C0020;AT001;362;2024-09-27 00:00:00;2024-09-19 00:00:00;2024-08-06 00:00:00;2024-07-29 00:00:00
2024-08-02 00:00:00;SO899712;C0020;VS002;761;2024-09-27 00:00:00;2024-09-29 00:00:00;2024-08-06 00:00:00;2024-08-08 00:00:00
2024-08-02 00:00:00;SO899712;C0020;CS003;255;2024-09-27 00:00:00;2024-09-24 00:00:00;2024-08-06 00:00:00;2024-08-03 00:00:00
2024-08-02 00:00:00;SO899712;C0020;CS001;724;2024-09-27 00:00:00;2024-10-04 00:00:00;2024-08-06 00:00:00;2024-08-13 00:00:00
2024-08-02 00:00:00;SO899712;C0020;AS005;1048;2024-09-27 00:00:00;2024-10-07 00:00:00;2024-08-06 00:00:00;2024-08-16 00:00:00
2024-08-02 00:00:00;SO988821;C0001;VS003;954;2024-08-30 00:00:00;2024-08-31 00:00:00;2024-08-04 00:00:00;2024-08-05 00:00:00
2024-08-02 00:00:00;SO899712;C0020;CT003;898;2024-09-27 00:00:00;2024-09-22 00:00:00;2024-08-06 00:00:00;2024-08-01 00:00:00
2024-08-02 00:00:00;SO899712;C0020;VS001;541;2024-09-27 00:00:00;2024-09-28 00:00:00;2024-08-06 00:00:00;2024-08-07 00:00:00
2024-08-02 00:00:00;SO988821;C0001;CS004;308;2024-08-30 00:00:00;2024-09-02 00:00:00;2024-08-04 00:00:00;2024-08-07 00:00:00
2024-08-05 00:00:00;SO382841;C0001;CT002;926;2024-09-02 00:00:00;2024-09-04 00:00:00;2024-08-07 00:00:00;2024-08-09 00:00:00
2024-08-05 00:00:00;SO284110;C0009;AS002;578;2024-08-19 00:00:00;2024-08-29 00:00:00;2024-08-08 00:00:00;2024-08-18 00:00:00
2024-08-05 00:00:00;SO284110;C0009;AS005;716;2024-08-19 00:00:00;2024-08-15 00:00:00;2024-08-08 00:00:00;2024-08-04 00:00:00
2024-08-05 00:00:00;SO382841;C0001;AT002;691;2024-09-02 00:00:00;2024-08-28 00:00:00;2024-08-07 00:00:00;2024-08-02 00:00:00
2024-08-05 00:00:00;SO382841;C0001;AS005;1123;2024-09-02 00:00:00;2024-08-26 00:00:00;2024-08-07 00:00:00;2024-07-31 00:00:00
2024-08-05 00:00:00;SO284110;C0009;CS001;857;2024-08-19 00:00:00;2024-08-12 00:00:00;2024-08-08 00:00:00;2024-08-01 00:00:00
2024-08-05 00:00:00;SO382841;C0001;VS002;690;2024-09-02 00:00:00;2024-09-09 00:00:00;2024-08-07 00:00:00;2024-08-14 00:00:00
2024-08-05 00:00:00;SO284110;C0009;AT001;408;2024-08-19 00:00:00;2024-08-18 00:00:00;2024-08-08 00:00:00;2024-08-07 00:00:00
2024-08-05 00:00:00;SO382841;C0001;VS001;418;2024-09-02 00:00:00;2024-09-12 00:00:00;2024-08-07 00:00:00;2024-08-17 00:00:00
2024-08-05 00:00:00;SO382841;C0001;AS002;536;2024-09-02 00:00:00;2024-08-24 00:00:00;2024-08-07 00:00:00;2024-07-29 00:00:00
2024-08-05 00:00:00;SO284110;C0009;CS004;828;2024-08-19 00:00:00;2024-08-22 00:00:00;2024-08-08 00:00:00;2024-08-11 00:00:00
2024-08-05 00:00:00;SO382841;C0001;AL001;646;2024-09-02 00:00:00;2024-08-24 00:00:00;2024-08-07 00:00:00;2024-07-29 00:00:00
2024-08-05 00:00:00;SO382841;C0001;CS003;795;2024-09-02 00:00:00;2024-09-03 00:00:00;2024-08-07 00:00:00;2024-08-08 00:00:00
2024-08-06 00:00:00;SO661749;C0009;AT001;892;2024-08-20 00:00:00;2024-08-24 00:00:00;2024-08-09 00:00:00;2024-08-13 00:00:00
2024-08-06 00:00:00;SO331035;C0021;AL001;890;2024-08-20 00:00:00;2024-08-22 00:00:00;2024-08-10 00:00:00;2024-08-12 00:00:00
2024-08-06 00:00:00;SO331035;C0021;VS001;806;2024-08-20 00:00:00;2024-08-25 00:00:00;2024-08-10 00:00:00;2024-08-15 00:00:00
2024-08-06 00:00:00;SO331035;C0021;AS004;316;2024-08-20 00:00:00;2024-08-12 00:00:00;2024-08-10 00:00:00;2024-08-02 00:00:00
2024-08-06 00:00:00;SO661749;C0009;AS005;1012;2024-08-20 00:00:00;2024-08-20 00:00:00;2024-08-09 00:00:00;2024-08-09 00:00:00
2024-08-06 00:00:00;SO661749;C0009;AS002;1263;2024-08-20 00:00:00;2024-08-24 00:00:00;2024-08-09 00:00:00;2024-08-13 00:00:00
2024-08-06 00:00:00;SO331035;C0021;AT001;848;2024-08-20 00:00:00;2024-08-18 00:00:00;2024-08-10 00:00:00;2024-08-08 00:00:00
2024-08-06 00:00:00;SO331035;C0021;AT002;1104;2024-08-20 00:00:00;2024-08-27 00:00:00;2024-08-10 00:00:00;2024-08-17 00:00:00
2024-08-06 00:00:00;SO331035;C0021;CT001;797;2024-08-20 00:00:00;2024-08-21 00:00:00;2024-08-10 00:00:00;2024-08-11 00:00:00
2024-08-06 00:00:00;SO331035;C0021;VS003;958;2024-08-20 00:00:00;2024-08-24 00:00:00;2024-08-10 00:00:00;2024-08-14 00:00:00
2024-08-06 00:00:00;SO331035;C0021;CT002;1232;2024-08-20 00:00:00;2024-08-25 00:00:00;2024-08-10 00:00:00;2024-08-15 00:00:00
2024-08-06 00:00:00;SO661749;C0009;AT002;453;2024-08-20 00:00:00;2024-08-16 00:00:00;2024-08-09 00:00:00;2024-08-05 00:00:00
2024-08-06 00:00:00;SO661749;C0009;AS004;672;2024-08-20 00:00:00;2024-08-15 00:00:00;2024-08-09 00:00:00;2024-08-04 00:00:00
2024-08-07 00:00:00;SO238559;C0020;AL002;691;2024-10-02 00:00:00;2024-10-08 00:00:00;2024-08-11 00:00:00;2024-08-17 00:00:00
2024-08-07 00:00:00;SO753177;C0014;CS004;892;2024-09-11 00:00:00;2024-09-04 00:00:00;2024-08-11 00:00:00;2024-08-04 00:00:00
2024-08-07 00:00:00;SO238559;C0020;VS002;876;2024-10-02 00:00:00;2024-10-03 00:00:00;2024-08-11 00:00:00;2024-08-12 00:00:00
2024-08-07 00:00:00;SO238559;C0020;CT002;673;2024-10-02 00:00:00;2024-09-25 00:00:00;2024-08-11 00:00:00;2024-08-04 00:00:00
2024-08-07 00:00:00;SO753177;C0014;VS002;373;2024-09-11 00:00:00;2024-09-05 00:00:00;2024-08-11 00:00:00;2024-08-05 00:00:00
2024-08-07 00:00:00;SO238559;C0020;CT001;1343;2024-10-02 00:00:00;2024-10-07 00:00:00;2024-08-11 00:00:00;2024-08-16 00:00:00
2024-08-07 00:00:00;SO238559;C0020;AT001;745;2024-10-02 00:00:00;2024-10-10 00:00:00;2024-08-11 00:00:00;2024-08-19 00:00:00
2024-08-07 00:00:00;SO753177;C0014;AS004;808;2024-09-11 00:00:00;2024-09-09 00:00:00;2024-08-11 00:00:00;2024-08-09 00:00:00
2024-08-07 00:00:00;SO753177;C0014;AS002;511;2024-09-11 00:00:00;2024-09-10 00:00:00;2024-08-11 00:00:00;2024-08-10 00:00:00
2024-08-07 00:00:00;SO238559;C0020;VS001;757;2024-10-02 00:00:00;2024-09-22 00:00:00;2024-08-11 00:00:00;2024-08-01 00:00:00
2024-08-07 00:00:00;SO753177;C0014;CT003;669;2024-09-11 00:00:00;2024-09-10 00:00:00;2024-08-11 00:00:00;2024-08-10 00:00:00
2024-08-07 00:00:00;SO238559;C0020;AL001;503;2024-10-02 00:00:00;2024-10-09 00:00:00;2024-08-11 00:00:00;2024-08-18 00:00:00
2024-08-08 00:00:00;SO328496;C0021;AS005;818;2024-08-22 00:00:00;2024-08-18 00:00:00;2024-08-12 00:00:00;2024-08-08 00:00:00
2024-08-08 00:00:00;SO754030;C0004;VS002;984;2024-08-22 00:00:00;2024-08-30 00:00:00;2024-08-10 00:00:00;2024-08-18 00:00:00
2024-08-08 00:00:00;SO146270;C0024;AL001;790;2024-09-05 00:00:00;2024-09-12 00:00:00;2024-08-12 00:00:00;2024-08-19 00:00:00
2024-08-08 00:00:00;SO475404;C0027;AT001;438;2024-09-19 00:00:00;2024-09-12 00:00:00;2024-08-16 00:00:00;2024-08-09 00:00:00
2024-08-08 00:00:00;SO146270;C0024;CT003;467;2024-09-05 00:00:00;2024-09-14 00:00:00;2024-08-12 00:00:00;2024-08-21 00:00:00
2024-08-08 00:00:00;SO475404;C0027;CT001;455;2024-09-19 00:00:00;2024-09-27 00:00:00;2024-08-16 00:00:00;2024-08-24 00:00:00
2024-08-08 00:00:00;SO328496;C0021;AS004;820;2024-08-22 00:00:00;2024-08-16 00:00:00;2024-08-12 00:00:00;2024-08-06 00:00:00
2024-08-08 00:00:00;SO328496;C0021;AS002;1290;2024-08-22 00:00:00;2024-08-19 00:00:00;2024-08-12 00:00:00;2024-08-09 00:00:00
2024-08-08 00:00:00;SO475404;C0027;VS001;439;2024-09-19 00:00:00;2024-09-13 00:00:00;2024-08-16 00:00:00;2024-08-10 00:00:00
2024-08-08 00:00:00;SO475404;C0027;AS002;713;2024-09-19 00:00:00;2024-09-11 00:00:00;2024-08-16 00:00:00;2024-08-08 00:00:00
2024-08-08 00:00:00;SO328496;C0021;CT002;835;2024-08-22 00:00:00;2024-08-24 00:00:00;2024-08-12 00:00:00;2024-08-14 00:00:00
2024-08-08 00:00:00;SO146270;C0024;VS001;1203;2024-09-05 00:00:00;2024-08-31 00:00:00;2024-08-12 00:00:00;2024-08-07 00:00:00
2024-08-08 00:00:00;SO146270;C0024;CT001;870;2024-09-05 00:00:00;2024-08-31 00:00:00;2024-08-12 00:00:00;2024-08-07 00:00:00
2024-08-08 00:00:00;SO328496;C0021;VS001;1325;2024-08-22 00:00:00;2024-08-20 00:00:00;2024-08-12 00:00:00;2024-08-10 00:00:00
2024-08-08 00:00:00;SO146270;C0024;AT001;1061;2024-09-05 00:00:00;2024-08-30 00:00:00;2024-08-12 00:00:00;2024-08-06 00:00:00
2024-08-08 00:00:00;SO328496;C0021;VS003;742;2024-08-22 00:00:00;2024-08-24 00:00:00;2024-08-12 00:00:00;2024-08-14 00:00:00
2024-08-08 00:00:00;SO475404;C0027;AL001;812;2024-09-19 00:00:00;2024-09-10 00:00:00;2024-08-16 00:00:00;2024-08-07 00:00:00
2024-08-09 00:00:00;SO313718;C0016;AT001;953;2024-08-23 00:00:00;2024-08-20 00:00:00;2024-08-13 00:00:00;2024-08-10 00:00:00
2024-08-09 00:00:00;SO161694;C0030;CS004;1158;2024-10-11 00:00:00;2024-10-04 00:00:00;2024-08-17 00:00:00;2024-08-10 00:00:00
2024-08-09 00:00:00;SO969582;C0008;CS001;1332;2024-10-04 00:00:00;2024-10-01 00:00:00;2024-08-12 00:00:00;2024-08-09 00:00:00
2024-08-09 00:00:00;SO969582;C0008;AS002;998;2024-10-04 00:00:00;2024-09-28 00:00:00;2024-08-12 00:00:00;2024-08-06 00:00:00
2024-08-09 00:00:00;SO313718;C0016;VS001;1192;2024-08-23 00:00:00;2024-08-30 00:00:00;2024-08-13 00:00:00;2024-08-20 00:00:00
2024-08-09 00:00:00;SO313718;C0016;CS003;1073;2024-08-23 00:00:00;2024-08-20 00:00:00;2024-08-13 00:00:00;2024-08-10 00:00:00
2024-08-09 00:00:00;SO969582;C0008;CS003;1240;2024-10-04 00:00:00;2024-10-04 00:00:00;2024-08-12 00:00:00;2024-08-12 00:00:00
2024-08-09 00:00:00;SO161694;C0030;CS003;1104;2024-10-11 00:00:00;2024-10-17 00:00:00;2024-08-17 00:00:00;2024-08-23 00:00:00
2024-08-09 00:00:00;SO161694;C0030;CS001;641;2024-10-11 00:00:00;2024-10-07 00:00:00;2024-08-17 00:00:00;2024-08-13 00:00:00
2024-08-09 00:00:00;SO969582;C0008;VS001;1145;2024-10-04 00:00:00;2024-09-25 00:00:00;2024-08-12 00:00:00;2024-08-03 00:00:00
2024-08-09 00:00:00;SO313718;C0016;AS002;887;2024-08-23 00:00:00;2024-08-24 00:00:00;2024-08-13 00:00:00;2024-08-14 00:00:00
2024-08-09 00:00:00;SO969582;C0008;VS002;1181;2024-10-04 00:00:00;2024-10-01 00:00:00;2024-08-12 00:00:00;2024-08-09 00:00:00
2024-08-09 00:00:00;SO161694;C0030;VS002;340;2024-10-11 00:00:00;2024-10-08 00:00:00;2024-08-17 00:00:00;2024-08-14 00:00:00
2024-08-09 00:00:00;SO313718;C0016;AL002;412;2024-08-23 00:00:00;2024-08-21 00:00:00;2024-08-13 00:00:00;2024-08-11 00:00:00
2024-08-09 00:00:00;SO161694;C0030;VS004;378;2024-10-11 00:00:00;2024-10-04 00:00:00;2024-08-17 00:00:00;2024-08-10 00:00:00
2024-08-09 00:00:00;SO969582;C0008;AL002;957;2024-10-04 00:00:00;2024-10-08 00:00:00;2024-08-12 00:00:00;2024-08-16 00:00:00
2024-08-09 00:00:00;SO969582;C0008;AT001;836;2024-10-04 00:00:00;2024-09-25 00:00:00;2024-08-12 00:00:00;2024-08-03 00:00:00
2024-08-09 00:00:00;SO161694;C0030;AS005;725;2024-10-11 00:00:00;2024-10-08 00:00:00;2024-08-17 00:00:00;2024-08-14 00:00:00
2024-08-12 00:00:00;SO272137;C0013;CS001;991;2024-09-09 00:00:00;2024-09-10 00:00:00;2024-08-16 00:00:00;2024-08-17 00:00:00
2024-08-12 00:00:00;SO908878;C0006;AS004;1106;2024-10-14 00:00:00;2024-10-24 00:00:00;2024-08-14 00:00:00;2024-08-24 00:00:00
2024-08-12 00:00:00;SO753772;C0001;AL001;1121;2024-09-09 00:00:00;2024-09-06 00:00:00;2024-08-14 00:00:00;2024-08-11 00:00:00
2024-08-12 00:00:00;SO641841;C0029;VS004;952;2024-10-07 00:00:00;2024-10-06 00:00:00;2024-08-20 00:00:00;2024-08-19 00:00:00
2024-08-12 00:00:00;SO753772;C0001;AS005;405;2024-09-09 00:00:00;2024-09-19 00:00:00;2024-08-14 00:00:00;2024-08-24 00:00:00
2024-08-12 00:00:00;SO908878;C0006;CT003;1168;2024-10-14 00:00:00;2024-10-11 00:00:00;2024-08-14 00:00:00;2024-08-11 00:00:00
2024-08-12 00:00:00;SO641841;C0029;AL001;1114;2024-10-07 00:00:00;2024-10-13 00:00:00;2024-08-20 00:00:00;2024-08-26 00:00:00
2024-08-12 00:00:00;SO753772;C0001;AS004;895;2024-09-09 00:00:00;2024-09-02 00:00:00;2024-08-14 00:00:00;2024-08-07 00:00:00
2024-08-12 00:00:00;SO753772;C0001;VS001;1020;2024-09-09 00:00:00;2024-09-04 00:00:00;2024-08-14 00:00:00;2024-08-09 00:00:00
2024-08-12 00:00:00;SO641841;C0029;CT002;433;2024-10-07 00:00:00;2024-09-30 00:00:00;2024-08-20 00:00:00;2024-08-13 00:00:00
2024-08-12 00:00:00;SO753772;C0001;AS002;1052;2024-09-09 00:00:00;2024-09-17 00:00:00;2024-08-14 00:00:00;2024-08-22 00:00:00
2024-08-12 00:00:00;SO753772;C0001;CT003;657;2024-09-09 00:00:00;2024-09-11 00:00:00;2024-08-14 00:00:00;2024-08-16 00:00:00
2024-08-12 00:00:00;SO753772;C0001;CT001;716;2024-09-09 00:00:00;2024-09-07 00:00:00;2024-08-14 00:00:00;2024-08-12 00:00:00
2024-08-13 00:00:00;SO316629;C0007;CS001;1067;2024-10-15 00:00:00;2024-10-23 00:00:00;2024-08-16 00:00:00;2024-08-24 00:00:00
2024-08-13 00:00:00;SO416609;C0026;AL002;897;2024-09-17 00:00:00;2024-09-11 00:00:00;2024-08-21 00:00:00;2024-08-15 00:00:00
2024-08-13 00:00:00;SO205355;C0017;AS004;758;2024-10-08 00:00:00;2024-10-06 00:00:00;2024-08-17 00:00:00;2024-08-15 00:00:00
2024-08-13 00:00:00;SO416609;C0026;AS005;1159;2024-09-17 00:00:00;2024-09-10 00:00:00;2024-08-21 00:00:00;2024-08-14 00:00:00
2024-08-13 00:00:00;SO416609;C0026;CS004;474;2024-09-17 00:00:00;2024-09-17 00:00:00;2024-08-21 00:00:00;2024-08-21 00:00:00
2024-08-13 00:00:00;SO205355;C0017;VS002;991;2024-10-08 00:00:00;2024-10-05 00:00:00;2024-08-17 00:00:00;2024-08-14 00:00:00
2024-08-13 00:00:00;SO416609;C0026;VS001;965;2024-09-17 00:00:00;2024-09-18 00:00:00;2024-08-21 00:00:00;2024-08-22 00:00:00
2024-08-13 00:00:00;SO416609;C0026;CT003;1102;2024-09-17 00:00:00;2024-09-16 00:00:00;2024-08-21 00:00:00;2024-08-20 00:00:00
2024-08-13 00:00:00;SO416609;C0026;VS002;968;2024-09-17 00:00:00;2024-09-16 00:00:00;2024-08-21 00:00:00;2024-08-20 00:00:00
2024-08-13 00:00:00;SO205355;C0017;AS005;1028;2024-10-08 00:00:00;2024-09-30 00:00:00;2024-08-17 00:00:00;2024-08-09 00:00:00
2024-08-13 00:00:00;SO205355;C0017;VS003;724;2024-10-08 00:00:00;2024-10-05 00:00:00;2024-08-17 00:00:00;2024-08-14 00:00:00
2024-08-13 00:00:00;SO316629;C0007;AT001;755;2024-10-15 00:00:00;2024-10-09 00:00:00;2024-08-16 00:00:00;2024-08-10 00:00:00
2024-08-13 00:00:00;SO205355;C0017;CT003;887;2024-10-08 00:00:00;2024-10-06 00:00:00;2024-08-17 00:00:00;2024-08-15 00:00:00
2024-08-13 00:00:00;SO205355;C0017;CS003;822;2024-10-08 00:00:00;2024-10-16 00:00:00;2024-08-17 00:00:00;2024-08-25 00:00:00
2024-08-14 00:00:00;SO299669;C0018;VS001;756;2024-10-16 00:00:00;2024-10-09 00:00:00;2024-08-18 00:00:00;2024-08-11 00:00:00
2024-08-14 00:00:00;SO737763;C0024;AT001;1057;2024-09-11 00:00:00;2024-09-05 00:00:00;2024-08-18 00:00:00;2024-08-12 00:00:00
2024-08-14 00:00:00;SO727393;C0026;AL001;488;2024-09-18 00:00:00;2024-09-13 00:00:00;2024-08-22 00:00:00;2024-08-17 00:00:00
2024-08-14 00:00:00;SO727393;C0026;CT002;725;2024-09-18 00:00:00;2024-09-23 00:00:00;2024-08-22 00:00:00;2024-08-27 00:00:00
2024-08-14 00:00:00;SO727393;C0026;AS002;508;2024-09-18 00:00:00;2024-09-19 00:00:00;2024-08-22 00:00:00;2024-08-23 00:00:00
2024-08-14 00:00:00;SO727393;C0026;AS004;1009;2024-09-18 00:00:00;2024-09-21 00:00:00;2024-08-22 00:00:00;2024-08-25 00:00:00
2024-08-14 00:00:00;SO299669;C0018;AT001;1112;2024-10-16 00:00:00;2024-10-07 00:00:00;2024-08-18 00:00:00;2024-08-09 00:00:00
2024-08-14 00:00:00;SO727393;C0026;CT001;894;2024-09-18 00:00:00;2024-09-23 00:00:00;2024-08-22 00:00:00;2024-08-27 00:00:00
2024-08-14 00:00:00;SO737763;C0024;CT001;492;2024-09-11 00:00:00;2024-09-16 00:00:00;2024-08-18 00:00:00;2024-08-23 00:00:00
2024-08-14 00:00:00;SO727393;C0026;AT002;408;2024-09-18 00:00:00;2024-09-13 00:00:00;2024-08-22 00:00:00;2024-08-17 00:00:00
2024-08-14 00:00:00;SO727393;C0026;AT001;747;2024-09-18 00:00:00;2024-09-14 00:00:00;2024-08-22 00:00:00;2024-08-18 00:00:00
2024-08-14 00:00:00;SO737763;C0024;AT002;1156;2024-09-11 00:00:00;2024-09-11 00:00:00;2024-08-18 00:00:00;2024-08-18 00:00:00
2024-08-14 00:00:00;SO727393;C0026;CS003;641;2024-09-18 00:00:00;2024-09-19 00:00:00;2024-08-22 00:00:00;2024-08-23 00:00:00
2024-08-14 00:00:00;SO727393;C0026;CS001;490;2024-09-18 00:00:00;2024-09-13 00:00:00;2024-08-22 00:00:00;2024-08-17 00:00:00
2024-08-14 00:00:00;SO727393;C0026;VS002;840;2024-09-18 00:00:00;2024-09-21 00:00:00;2024-08-22 00:00:00;2024-08-25 00:00:00
2024-08-14 00:00:00;SO299669;C0018;CS003;355;2024-10-16 00:00:00;2024-10-19 00:00:00;2024-08-18 00:00:00;2024-08-21 00:00:00
2024-08-14 00:00:00;SO299669;C0018;CS001;1382;2024-10-16 00:00:00;2024-10-12 00:00:00;2024-08-18 00:00:00;2024-08-14 00:00:00
2024-08-15 00:00:00;SO426220;C0018;VS001;614;2024-10-17 00:00:00;2024-10-19 00:00:00;2024-08-19 00:00:00;2024-08-21 00:00:00
2024-08-15 00:00:00;SO283529;C0016;VS004;889;2024-08-29 00:00:00;2024-08-27 00:00:00;2024-08-19 00:00:00;2024-08-17 00:00:00
2024-08-15 00:00:00;SO705901;C0019;VS003;891;2024-10-17 00:00:00;2024-10-19 00:00:00;2024-08-19 00:00:00;2024-08-21 00:00:00
2024-08-15 00:00:00;SO426220;C0018;AS005;630;2024-10-17 00:00:00;2024-10-22 00:00:00;2024-08-19 00:00:00;2024-08-24 00:00:00
2024-08-15 00:00:00;SO705901;C0019;AL001;809;2024-10-17 00:00:00;2024-10-24 00:00:00;2024-08-19 00:00:00;2024-08-26 00:00:00
2024-08-15 00:00:00;SO426220;C0018;CS001;756;2024-10-17 00:00:00;2024-10-23 00:00:00;2024-08-19 00:00:00;2024-08-25 00:00:00
2024-08-15 00:00:00;SO705901;C0019;VS004;472;2024-10-17 00:00:00;2024-10-18 00:00:00;2024-08-19 00:00:00;2024-08-20 00:00:00
2024-08-15 00:00:00;SO705901;C0019;CS003;644;2024-10-17 00:00:00;2024-10-07 00:00:00;2024-08-19 00:00:00;2024-08-09 00:00:00
2024-08-15 00:00:00;SO283529;C0016;VS001;518;2024-08-29 00:00:00;2024-08-31 00:00:00;2024-08-19 00:00:00;2024-08-21 00:00:00
2024-08-15 00:00:00;SO426220;C0018;AT001;901;2024-10-17 00:00:00;2024-10-18 00:00:00;2024-08-19 00:00:00;2024-08-20 00:00:00
2024-08-15 00:00:00;SO705901;C0019;VS002;809;2024-10-17 00:00:00;2024-10-12 00:00:00;2024-08-19 00:00:00;2024-08-14 00:00:00
2024-08-15 00:00:00;SO705901;C0019;CT002;862;2024-10-17 00:00:00;2024-10-16 00:00:00;2024-08-19 00:00:00;2024-08-18 00:00:00
2024-08-16 00:00:00;SO617511;C0020;VS003;679;2024-10-11 00:00:00;2024-10-20 00:00:00;2024-08-20 00:00:00;2024-08-29 00:00:00
2024-08-16 00:00:00;SO808943;C0014;AS004;970;2024-09-20 00:00:00;2024-09-21 00:00:00;2024-08-20 00:00:00;2024-08-21 00:00:00
2024-08-16 00:00:00;SO486810;C0022;AS002;776;2024-09-27 00:00:00;2024-10-07 00:00:00;2024-08-20 00:00:00;2024-08-30 00:00:00
2024-08-16 00:00:00;SO617511;C0020;CS003;678;2024-10-11 00:00:00;2024-10-04 00:00:00;2024-08-20 00:00:00;2024-08-13 00:00:00
2024-08-16 00:00:00;SO486810;C0022;CS004;341;2024-09-27 00:00:00;2024-09-30 00:00:00;2024-08-20 00:00:00;2024-08-23 00:00:00
2024-08-16 00:00:00;SO486810;C0022;CS003;697;2024-09-27 00:00:00;2024-09-20 00:00:00;2024-08-20 00:00:00;2024-08-13 00:00:00
2024-08-16 00:00:00;SO617511;C0020;AT001;266;2024-10-11 00:00:00;2024-10-21 00:00:00;2024-08-20 00:00:00;2024-08-30 00:00:00
2024-08-16 00:00:00;SO617511;C0020;AS004;482;2024-10-11 00:00:00;2024-10-08 00:00:00;2024-08-20 00:00:00;2024-08-17 00:00:00
2024-08-16 00:00:00;SO486810;C0022;AS004;388;2024-09-27 00:00:00;2024-09-20 00:00:00;2024-08-20 00:00:00;2024-08-13 00:00:00
2024-08-16 00:00:00;SO617511;C0020;VS001;779;2024-10-11 00:00:00;2024-10-21 00:00:00;2024-08-20 00:00:00;2024-08-30 00:00:00
2024-08-16 00:00:00;SO808943;C0014;CS001;984;2024-09-20 00:00:00;2024-09-22 00:00:00;2024-08-20 00:00:00;2024-08-22 00:00:00
2024-08-16 00:00:00;SO617511;C0020;AT002;600;2024-10-11 00:00:00;2024-10-09 00:00:00;2024-08-20 00:00:00;2024-08-18 00:00:00
2024-08-19 00:00:00;SO358473;C0020;CT003;752;2024-10-14 00:00:00;2024-10-10 00:00:00;2024-08-23 00:00:00;2024-08-19 00:00:00
2024-08-19 00:00:00;SO269760;C0022;VS002;1134;2024-09-30 00:00:00;2024-10-08 00:00:00;2024-08-23 00:00:00;2024-08-31 00:00:00
2024-08-19 00:00:00;SO620257;C0030;AS004;1134;2024-10-21 00:00:00;2024-10-11 00:00:00;2024-08-27 00:00:00;2024-08-17 00:00:00
2024-08-19 00:00:00;SO293211;C0021;VS004;733;2024-09-02 00:00:00;2024-09-11 00:00:00;2024-08-23 00:00:00;2024-09-01 00:00:00
2024-08-19 00:00:00;SO269760;C0022;CS004;1089;2024-09-30 00:00:00;2024-09-29 00:00:00;2024-08-23 00:00:00;2024-08-22 00:00:00
2024-08-19 00:00:00;SO620257;C0030;AT002;352;2024-10-21 00:00:00;2024-10-18 00:00:00;2024-08-27 00:00:00;2024-08-24 00:00:00
2024-08-19 00:00:00;SO358473;C0020;VS001;606;2024-10-14 00:00:00;2024-10-08 00:00:00;2024-08-23 00:00:00;2024-08-17 00:00:00
2024-08-19 00:00:00;SO620257;C0030;VS002;1186;2024-10-21 00:00:00;2024-10-31 00:00:00;2024-08-27 00:00:00;2024-09-06 00:00:00
2024-08-19 00:00:00;SO358473;C0020;CS003;286;2024-10-14 00:00:00;2024-10-23 00:00:00;2024-08-23 00:00:00;2024-09-01 00:00:00
2024-08-19 00:00:00;SO293211;C0021;VS002;691;2024-09-02 00:00:00;2024-08-27 00:00:00;2024-08-23 00:00:00;2024-08-17 00:00:00
2024-08-19 00:00:00;SO358473;C0020;CS004;510;2024-10-14 00:00:00;2024-10-06 00:00:00;2024-08-23 00:00:00;2024-08-15 00:00:00
2024-08-19 00:00:00;SO269760;C0022;CS001;500;2024-09-30 00:00:00;2024-09-21 00:00:00;2024-08-23 00:00:00;2024-08-14 00:00:00
2024-08-19 00:00:00;SO269760;C0022;VS001;1040;2024-09-30 00:00:00;2024-10-10 00:00:00;2024-08-23 00:00:00;2024-09-02 00:00:00
2024-08-20 00:00:00;SO141524;C0013;CT002;696;2024-09-17 00:00:00;2024-09-17 00:00:00;2024-08-24 00:00:00;2024-08-24 00:00:00
2024-08-20 00:00:00;SO137123;C0005;AS002;907;2024-10-15 00:00:00;2024-10-07 00:00:00;2024-08-22 00:00:00;2024-08-14 00:00:00
2024-08-20 00:00:00;SO141524;C0013;VS003;644;2024-09-17 00:00:00;2024-09-16 00:00:00;2024-08-24 00:00:00;2024-08-23 00:00:00
2024-08-20 00:00:00;SO137123;C0005;AL002;478;2024-10-15 00:00:00;2024-10-15 00:00:00;2024-08-22 00:00:00;2024-08-22 00:00:00
2024-08-20 00:00:00;SO141524;C0013;AS005;306;2024-09-17 00:00:00;2024-09-11 00:00:00;2024-08-24 00:00:00;2024-08-18 00:00:00
2024-08-20 00:00:00;SO137123;C0005;CT002;896;2024-10-15 00:00:00;2024-10-18 00:00:00;2024-08-22 00:00:00;2024-08-25 00:00:00
2024-08-20 00:00:00;SO137123;C0005;CS003;492;2024-10-15 00:00:00;2024-10-23 00:00:00;2024-08-22 00:00:00;2024-08-30 00:00:00
2024-08-20 00:00:00;SO137123;C0005;AS004;386;2024-10-15 00:00:00;2024-10-07 00:00:00;2024-08-22 00:00:00;2024-08-14 00:00:00
2024-08-20 00:00:00;SO141524;C0013;CS003;1135;2024-09-17 00:00:00;2024-09-23 00:00:00;2024-08-24 00:00:00;2024-08-30 00:00:00
2024-08-20 00:00:00;SO137123;C0005;CT003;1093;2024-10-15 00:00:00;2024-10-09 00:00:00;2024-08-22 00:00:00;2024-08-16 00:00:00
2024-08-20 00:00:00;SO141524;C0013;AS002;1054;2024-09-17 00:00:00;2024-09-19 00:00:00;2024-08-24 00:00:00;2024-08-26 00:00:00
2024-08-20 00:00:00;SO141524;C0013;CT001;560;2024-09-17 00:00:00;2024-09-10 00:00:00;2024-08-24 00:00:00;2024-08-17 00:00:00
2024-08-20 00:00:00;SO141524;C0013;VS004;530;2024-09-17 00:00:00;2024-09-16 00:00:00;2024-08-24 00:00:00;2024-08-23 00:00:00
2024-08-20 00:00:00;SO137123;C0005;AT002;1193;2024-10-15 00:00:00;2024-10-11 00:00:00;2024-08-22 00:00:00;2024-08-18 00:00:00
2024-08-20 00:00:00;SO137123;C0005;CS001;685;2024-10-15 00:00:00;2024-10-18 00:00:00;2024-08-22 00:00:00;2024-08-25 00:00:00
2024-08-20 00:00:00;SO141524;C0013;VS002;703;2024-09-17 00:00:00;2024-09-14 00:00:00;2024-08-24 00:00:00;2024-08-21 00:00:00
2024-08-20 00:00:00;SO141524;C0013;CS001;619;2024-09-17 00:00:00;2024-09-17 00:00:00;2024-08-24 00:00:00;2024-08-24 00:00:00
2024-08-20 00:00:00;SO141524;C0013;CT003;829;2024-09-17 00:00:00;2024-09-18 00:00:00;2024-08-24 00:00:00;2024-08-25 00:00:00
2024-08-21 00:00:00;SO255823;C0008;CT003;477;2024-10-16 00:00:00;2024-10-19 00:00:00;2024-08-24 00:00:00;2024-08-27 00:00:00
2024-08-21 00:00:00;SO957243;C0012;VS001;881;2024-09-18 00:00:00;2024-09-15 00:00:00;2024-08-24 00:00:00;2024-08-21 00:00:00
2024-08-21 00:00:00;SO926838;C0002;CS004;928;2024-09-25 00:00:00;2024-09-18 00:00:00;2024-08-23 00:00:00;2024-08-16 00:00:00
2024-08-21 00:00:00;SO590588;C0014;AL001;741;2024-09-25 00:00:00;2024-09-23 00:00:00;2024-08-25 00:00:00;2024-08-23 00:00:00
2024-08-21 00:00:00;SO590588;C0014;CS004;705;2024-09-25 00:00:00;2024-10-03 00:00:00;2024-08-25 00:00:00;2024-09-02 00:00:00
2024-08-21 00:00:00;SO957243;C0012;AT001;483;2024-09-18 00:00:00;2024-09-15 00:00:00;2024-08-24 00:00:00;2024-08-21 00:00:00
2024-08-21 00:00:00;SO926838;C0002;VS002;274;2024-09-25 00:00:00;2024-09-17 00:00:00;2024-08-23 00:00:00;2024-08-15 00:00:00
2024-08-21 00:00:00;SO957243;C0012;VS004;488;2024-09-18 00:00:00;2024-09-13 00:00:00;2024-08-24 00:00:00;2024-08-19 00:00:00
2024-08-21 00:00:00;SO957243;C0012;VS002;452;2024-09-18 00:00:00;2024-09-22 00:00:00;2024-08-24 00:00:00;2024-08-28 00:00:00
2024-08-21 00:00:00;SO926838;C0002;AL001;904;2024-09-25 00:00:00;2024-09-30 00:00:00;2024-08-23 00:00:00;2024-08-28 00:00:00
2024-08-21 00:00:00;SO926838;C0002;CT003;878;2024-09-25 00:00:00;2024-10-04 00:00:00;2024-08-23 00:00:00;2024-09-01 00:00:00
2024-08-21 00:00:00;SO926838;C0002;VS004;847;2024-09-25 00:00:00;2024-09-20 00:00:00;2024-08-23 00:00:00;2024-08-18 00:00:00
2024-08-21 00:00:00;SO926838;C0002;CT002;823;2024-09-25 00:00:00;2024-09-19 00:00:00;2024-08-23 00:00:00;2024-08-17 00:00:00
2024-08-21 00:00:00;SO590588;C0014;CT002;517;2024-09-25 00:00:00;2024-09-25 00:00:00;2024-08-25 00:00:00;2024-08-25 00:00:00
2024-08-21 00:00:00;SO590588;C0014;AT002;305;2024-09-25 00:00:00;2024-09-30 00:00:00;2024-08-25 00:00:00;2024-08-30 00:00:00
2024-08-22 00:00:00;SO148918;C0008;AS005;920;2024-10-17 00:00:00;2024-10-27 00:00:00;2024-08-25 00:00:00;2024-09-04 00:00:00
2024-08-22 00:00:00;SO226333;C0030;AT001;914;2024-10-24 00:00:00;2024-10-23 00:00:00;2024-08-30 00:00:00;2024-08-29 00:00:00
2024-08-22 00:00:00;SO186001;C0025;VS003;976;2024-09-19 00:00:00;2024-09-27 00:00:00;2024-08-30 00:00:00;2024-09-07 00:00:00
2024-08-22 00:00:00;SO522808;C0012;VS001;1160;2024-09-19 00:00:00;2024-09-13 00:00:00;2024-08-25 00:00:00;2024-08-19 00:00:00
2024-08-22 00:00:00;SO148918;C0008;CS001;1263;2024-10-17 00:00:00;2024-10-24 00:00:00;2024-08-25 00:00:00;2024-09-01 00:00:00
2024-08-22 00:00:00;SO186001;C0025;AS002;1132;2024-09-19 00:00:00;2024-09-21 00:00:00;2024-08-30 00:00:00;2024-09-01 00:00:00
2024-08-22 00:00:00;SO186001;C0025;VS001;602;2024-09-19 00:00:00;2024-09-11 00:00:00;2024-08-30 00:00:00;2024-08-22 00:00:00
2024-08-22 00:00:00;SO186001;C0025;CS004;341;2024-09-19 00:00:00;2024-09-21 00:00:00;2024-08-30 00:00:00;2024-09-01 00:00:00
2024-08-22 00:00:00;SO148918;C0008;CT002;447;2024-10-17 00:00:00;2024-10-14 00:00:00;2024-08-25 00:00:00;2024-08-22 00:00:00
2024-08-22 00:00:00;SO186001;C0025;AS004;380;2024-09-19 00:00:00;2024-09-16 00:00:00;2024-08-30 00:00:00;2024-08-27 00:00:00
2024-08-22 00:00:00;SO522808;C0012;VS004;641;2024-09-19 00:00:00;2024-09-28 00:00:00;2024-08-25 00:00:00;2024-09-03 00:00:00
2024-08-22 00:00:00;SO148918;C0008;VS003;1002;2024-10-17 00:00:00;2024-10-20 00:00:00;2024-08-25 00:00:00;2024-08-28 00:00:00
2024-08-22 00:00:00;SO522808;C0012;AL002;524;2024-09-19 00:00:00;2024-09-20 00:00:00;2024-08-25 00:00:00;2024-08-26 00:00:00
2024-08-22 00:00:00;SO226333;C0030;AL002;486;2024-10-24 00:00:00;2024-10-22 00:00:00;2024-08-30 00:00:00;2024-08-28 00:00:00
2024-08-22 00:00:00;SO522808;C0012;CS004;644;2024-09-19 00:00:00;2024-09-25 00:00:00;2024-08-25 00:00:00;2024-08-31 00:00:00
2024-08-22 00:00:00;SO226333;C0030;CT001;278;2024-10-24 00:00:00;2024-10-23 00:00:00;2024-08-30 00:00:00;2024-08-29 00:00:00
2024-08-22 00:00:00;SO522808;C0012;AS005;505;2024-09-19 00:00:00;2024-09-22 00:00:00;2024-08-25 00:00:00;2024-08-28 00:00:00
2024-08-22 00:00:00;SO522808;C0012;CT003;1304;2024-09-19 00:00:00;2024-09-14 00:00:00;2024-08-25 00:00:00;2024-08-20 00:00:00
2024-08-23 00:00:00;SO619638;C0015;AS002;508;2024-10-04 00:00:00;2024-09-28 00:00:00;2024-08-27 00:00:00;2024-08-21 00:00:00
2024-08-23 00:00:00;SO238550;C0025;AS005;1093;2024-09-20 00:00:00;2024-09-21 00:00:00;2024-08-31 00:00:00;2024-09-01 00:00:00
2024-08-23 00:00:00;SO331142;C0030;CS004;918;2024-10-25 00:00:00;2024-10-30 00:00:00;2024-08-31 00:00:00;2024-09-05 00:00:00
2024-08-23 00:00:00;SO238550;C0025;VS004;745;2024-09-20 00:00:00;2024-09-30 00:00:00;2024-08-31 00:00:00;2024-09-10 00:00:00
2024-08-23 00:00:00;SO619638;C0015;AT001;670;2024-10-04 00:00:00;2024-10-11 00:00:00;2024-08-27 00:00:00;2024-09-03 00:00:00
2024-08-23 00:00:00;SO331142;C0030;AS005;544;2024-10-25 00:00:00;2024-10-28 00:00:00;2024-08-31 00:00:00;2024-09-03 00:00:00
2024-08-23 00:00:00;SO619638;C0015;VS004;541;2024-10-04 00:00:00;2024-10-06 00:00:00;2024-08-27 00:00:00;2024-08-29 00:00:00
2024-08-23 00:00:00;SO238550;C0025;CS003;800;2024-09-20 00:00:00;2024-09-21 00:00:00;2024-08-31 00:00:00;2024-09-01 00:00:00
2024-08-23 00:00:00;SO331142;C0030;VS003;702;2024-10-25 00:00:00;2024-10-30 00:00:00;2024-08-31 00:00:00;2024-09-05 00:00:00
2024-08-23 00:00:00;SO331142;C0030;CT001;835;2024-10-25 00:00:00;2024-10-15 00:00:00;2024-08-31 00:00:00;2024-08-21 00:00:00
2024-08-23 00:00:00;SO238550;C0025;CT002;697;2024-09-20 00:00:00;2024-09-13 00:00:00;2024-08-31 00:00:00;2024-08-24 00:00:00
2024-08-23 00:00:00;SO238550;C0025;AT001;591;2024-09-20 00:00:00;2024-09-15 00:00:00;2024-08-31 00:00:00;2024-08-26 00:00:00
2024-08-23 00:00:00;SO331142;C0030;AS004;580;2024-10-25 00:00:00;2024-10-31 00:00:00;2024-08-31 00:00:00;2024-09-06 00:00:00
2024-08-23 00:00:00;SO619638;C0015;CS001;1273;2024-10-04 00:00:00;2024-10-10 00:00:00;2024-08-27 00:00:00;2024-09-02 00:00:00
2024-08-23 00:00:00;SO619638;C0015;CT003;488;2024-10-04 00:00:00;2024-10-07 00:00:00;2024-08-27 00:00:00;2024-08-30 00:00:00
2024-08-23 00:00:00;SO619638;C0015;AT002;1342;2024-10-04 00:00:00;2024-10-02 00:00:00;2024-08-27 00:00:00;2024-08-25 00:00:00
2024-08-23 00:00:00;SO619638;C0015;AL001;1034;2024-10-04 00:00:00;2024-10-11 00:00:00;2024-08-27 00:00:00;2024-09-03 00:00:00
2024-08-26 00:00:00;SO269401;C0010;AL001;452;2024-10-07 00:00:00;2024-10-04 00:00:00;2024-08-29 00:00:00;2024-08-26 00:00:00
2024-08-26 00:00:00;SO999023;C0018;AL001;688;2024-10-28 00:00:00;2024-11-07 00:00:00;2024-08-30 00:00:00;2024-09-09 00:00:00
2024-08-26 00:00:00;SO565023;C0026;CT001;628;2024-09-30 00:00:00;2024-10-06 00:00:00;2024-09-03 00:00:00;2024-09-09 00:00:00
2024-08-26 00:00:00;SO904629;C0009;CT003;606;2024-09-09 00:00:00;2024-09-16 00:00:00;2024-08-29 00:00:00;2024-09-05 00:00:00
2024-08-26 00:00:00;SO565023;C0026;VS003;634;2024-09-30 00:00:00;2024-10-04 00:00:00;2024-09-03 00:00:00;2024-09-07 00:00:00
2024-08-26 00:00:00;SO999023;C0018;AT002;1212;2024-10-28 00:00:00;2024-10-27 00:00:00;2024-08-30 00:00:00;2024-08-29 00:00:00
2024-08-26 00:00:00;SO999023;C0018;CS004;1076;2024-10-28 00:00:00;2024-10-24 00:00:00;2024-08-30 00:00:00;2024-08-26 00:00:00
2024-08-26 00:00:00;SO904629;C0009;AS002;707;2024-09-09 00:00:00;2024-09-05 00:00:00;2024-08-29 00:00:00;2024-08-25 00:00:00
2024-08-26 00:00:00;SO565023;C0026;AL001;897;2024-09-30 00:00:00;2024-10-10 00:00:00;2024-09-03 00:00:00;2024-09-13 00:00:00
2024-08-26 00:00:00;SO565023;C0026;VS002;490;2024-09-30 00:00:00;2024-09-30 00:00:00;2024-09-03 00:00:00;2024-09-03 00:00:00
2024-08-26 00:00:00;SO269401;C0010;VS003;1106;2024-10-07 00:00:00;2024-10-11 00:00:00;2024-08-29 00:00:00;2024-09-02 00:00:00
2024-08-26 00:00:00;SO269401;C0010;AT002;755;2024-10-07 00:00:00;2024-10-09 00:00:00;2024-08-29 00:00:00;2024-08-31 00:00:00
2024-08-26 00:00:00;SO269401;C0010;AS002;555;2024-10-07 00:00:00;2024-10-16 00:00:00;2024-08-29 00:00:00;2024-09-07 00:00:00
2024-08-27 00:00:00;SO944717;C0027;AT001;536;2024-10-08 00:00:00;2024-09-29 00:00:00;2024-09-04 00:00:00;2024-08-26 00:00:00
2024-08-27 00:00:00;SO433521;C0025;VS004;1012;2024-09-24 00:00:00;2024-09-25 00:00:00;2024-09-04 00:00:00;2024-09-05 00:00:00
2024-08-27 00:00:00;SO311606;C0020;CT003;850;2024-10-22 00:00:00;2024-10-26 00:00:00;2024-08-31 00:00:00;2024-09-04 00:00:00
2024-08-27 00:00:00;SO537297;C0026;CS003;396;2024-10-01 00:00:00;2024-10-07 00:00:00;2024-09-04 00:00:00;2024-09-10 00:00:00
2024-08-27 00:00:00;SO944717;C0027;AS005;591;2024-10-08 00:00:00;2024-09-28 00:00:00;2024-09-04 00:00:00;2024-08-25 00:00:00
2024-08-27 00:00:00;SO537297;C0026;CS001;599;2024-10-01 00:00:00;2024-10-09 00:00:00;2024-09-04 00:00:00;2024-09-12 00:00:00
2024-08-27 00:00:00;SO537297;C0026;VS004;864;2024-10-01 00:00:00;2024-10-06 00:00:00;2024-09-04 00:00:00;2024-09-09 00:00:00
2024-08-27 00:00:00;SO537297;C0026;AL002;684;2024-10-01 00:00:00;2024-10-04 00:00:00;2024-09-04 00:00:00;2024-09-07 00:00:00
2024-08-27 00:00:00;SO433521;C0025;CT003;424;2024-09-24 00:00:00;2024-09-22 00:00:00;2024-09-04 00:00:00;2024-09-02 00:00:00
2024-08-27 00:00:00;SO537297;C0026;CT003;728;2024-10-01 00:00:00;2024-10-01 00:00:00;2024-09-04 00:00:00;2024-09-04 00:00:00
2024-08-27 00:00:00;SO433521;C0025;VS002;752;2024-09-24 00:00:00;2024-09-19 00:00:00;2024-09-04 00:00:00;2024-08-30 00:00:00
2024-08-27 00:00:00;SO433521;C0025;AS002;750;2024-09-24 00:00:00;2024-09-19 00:00:00;2024-09-04 00:00:00;2024-08-30 00:00:00
2024-08-27 00:00:00;SO311606;C0020;VS002;807;2024-10-22 00:00:00;2024-10-14 00:00:00;2024-08-31 00:00:00;2024-08-23 00:00:00
2024-08-27 00:00:00;SO944717;C0027;AL001;589;2024-10-08 00:00:00;2024-10-10 00:00:00;2024-09-04 00:00:00;2024-09-06 00:00:00
2024-08-27 00:00:00;SO311606;C0020;AL002;1032;2024-10-22 00:00:00;2024-10-26 00:00:00;2024-08-31 00:00:00;2024-09-04 00:00:00
2024-08-27 00:00:00;SO433521;C0025;AS005;1173;2024-09-24 00:00:00;2024-10-03 00:00:00;2024-09-04 00:00:00;2024-09-13 00:00:00
2024-08-27 00:00:00;SO537297;C0026;CS004;858;2024-10-01 00:00:00;2024-10-11 00:00:00;2024-09-04 00:00:00;2024-09-14 00:00:00
2024-08-27 00:00:00;SO311606;C0020;CS001;1282;2024-10-22 00:00:00;2024-10-28 00:00:00;2024-08-31 00:00:00;2024-09-06 00:00:00
2024-08-28 00:00:00;SO162969;C0002;CT002;783;2024-10-02 00:00:00;2024-10-02 00:00:00;2024-08-30 00:00:00;2024-08-30 00:00:00
2024-08-28 00:00:00;SO971441;C0021;CT003;926;2024-09-11 00:00:00;2024-09-11 00:00:00;2024-09-01 00:00:00;2024-09-01 00:00:00
2024-08-28 00:00:00;SO162969;C0002;CS004;1308;2024-10-02 00:00:00;2024-09-27 00:00:00;2024-08-30 00:00:00;2024-08-25 00:00:00
2024-08-28 00:00:00;SO162969;C0002;VS004;991;2024-10-02 00:00:00;2024-10-09 00:00:00;2024-08-30 00:00:00;2024-09-06 00:00:00
2024-08-28 00:00:00;SO971441;C0021;CT001;1029;2024-09-11 00:00:00;2024-09-10 00:00:00;2024-09-01 00:00:00;2024-08-31 00:00:00
2024-08-28 00:00:00;SO971441;C0021;VS002;831;2024-09-11 00:00:00;2024-09-01 00:00:00;2024-09-01 00:00:00;2024-08-22 00:00:00
2024-08-28 00:00:00;SO162969;C0002;CT001;414;2024-10-02 00:00:00;2024-09-29 00:00:00;2024-08-30 00:00:00;2024-08-27 00:00:00
2024-08-28 00:00:00;SO971441;C0021;AS002;997;2024-09-11 00:00:00;2024-09-09 00:00:00;2024-09-01 00:00:00;2024-08-30 00:00:00
2024-08-28 00:00:00;SO971441;C0021;AS004;634;2024-09-11 00:00:00;2024-09-07 00:00:00;2024-09-01 00:00:00;2024-08-28 00:00:00
2024-08-28 00:00:00;SO162969;C0002;AS002;679;2024-10-02 00:00:00;2024-10-09 00:00:00;2024-08-30 00:00:00;2024-09-06 00:00:00
2024-08-28 00:00:00;SO971441;C0021;CT002;892;2024-09-11 00:00:00;2024-09-02 00:00:00;2024-09-01 00:00:00;2024-08-23 00:00:00
2024-08-28 00:00:00;SO162969;C0002;VS001;969;2024-10-02 00:00:00;2024-09-22 00:00:00;2024-08-30 00:00:00;2024-08-20 00:00:00
2024-08-28 00:00:00;SO971441;C0021;VS003;848;2024-09-11 00:00:00;2024-09-20 00:00:00;2024-09-01 00:00:00;2024-09-10 00:00:00
2024-08-28 00:00:00;SO971441;C0021;AT001;553;2024-09-11 00:00:00;2024-09-07 00:00:00;2024-09-01 00:00:00;2024-08-28 00:00:00
2024-08-28 00:00:00;SO971441;C0021;VS001;670;2024-09-11 00:00:00;2024-09-18 00:00:00;2024-09-01 00:00:00;2024-09-08 00:00:00
2024-08-28 00:00:00;SO162969;C0002;AL002;711;2024-10-02 00:00:00;2024-09-29 00:00:00;2024-08-30 00:00:00;2024-08-27 00:00:00
2024-08-28 00:00:00;SO971441;C0021;AL001;1053;2024-09-11 00:00:00;2024-09-09 00:00:00;2024-09-01 00:00:00;2024-08-30 00:00:00
2024-08-28 00:00:00;SO162969;C0002;AT001;600;2024-10-02 00:00:00;2024-10-10 00:00:00;2024-08-30 00:00:00;2024-09-07 00:00:00
2024-08-28 00:00:00;SO971441;C0021;AT002;684;2024-09-11 00:00:00;2024-09-12 00:00:00;2024-09-01 00:00:00;2024-09-02 00:00:00
2024-08-28 00:00:00;SO971441;C0021;AS005;322;2024-09-11 00:00:00;2024-09-04 00:00:00;2024-09-01 00:00:00;2024-08-25 00:00:00
2024-08-29 00:00:00;SO640445;C0017;CS001;823;2024-10-24 00:00:00;2024-10-19 00:00:00;2024-09-02 00:00:00;2024-08-28 00:00:00
2024-08-29 00:00:00;SO689427;C0025;CS001;770;2024-09-26 00:00:00;2024-09-24 00:00:00;2024-09-06 00:00:00;2024-09-04 00:00:00
2024-08-29 00:00:00;SO283275;C0015;AS005;756;2024-10-10 00:00:00;2024-10-17 00:00:00;2024-09-02 00:00:00;2024-09-09 00:00:00
2024-08-29 00:00:00;SO640445;C0017;CS003;607;2024-10-24 00:00:00;2024-10-19 00:00:00;2024-09-02 00:00:00;2024-08-28 00:00:00
2024-08-29 00:00:00;SO283275;C0015;AS002;868;2024-10-10 00:00:00;2024-10-15 00:00:00;2024-09-02 00:00:00;2024-09-07 00:00:00
2024-08-29 00:00:00;SO283275;C0015;CT001;1062;2024-10-10 00:00:00;2024-10-06 00:00:00;2024-09-02 00:00:00;2024-08-29 00:00:00
2024-08-29 00:00:00;SO689427;C0025;AS005;1347;2024-09-26 00:00:00;2024-09-16 00:00:00;2024-09-06 00:00:00;2024-08-27 00:00:00
2024-08-29 00:00:00;SO283275;C0015;VS003;322;2024-10-10 00:00:00;2024-10-06 00:00:00;2024-09-02 00:00:00;2024-08-29 00:00:00
2024-08-29 00:00:00;SO689427;C0025;CT002;1187;2024-09-26 00:00:00;2024-10-02 00:00:00;2024-09-06 00:00:00;2024-09-12 00:00:00
2024-08-29 00:00:00;SO689427;C0025;AT001;362;2024-09-26 00:00:00;2024-09-18 00:00:00;2024-09-06 00:00:00;2024-08-29 00:00:00
2024-08-29 00:00:00;SO640445;C0017;VS001;718;2024-10-24 00:00:00;2024-10-24 00:00:00;2024-09-02 00:00:00;2024-09-02 00:00:00
2024-08-29 00:00:00;SO640445;C0017;CT001;1184;2024-10-24 00:00:00;2024-10-20 00:00:00;2024-09-02 00:00:00;2024-08-29 00:00:00
2024-08-29 00:00:00;SO640445;C0017;AL002;440;2024-10-24 00:00:00;2024-10-20 00:00:00;2024-09-02 00:00:00;2024-08-29 00:00:00
2024-08-29 00:00:00;SO689427;C0025;VS003;427;2024-09-26 00:00:00;2024-09-27 00:00:00;2024-09-06 00:00:00;2024-09-07 00:00:00
2024-08-29 00:00:00;SO640445;C0017;VS003;1100;2024-10-24 00:00:00;2024-10-22 00:00:00;2024-09-02 00:00:00;2024-08-31 00:00:00
2024-08-29 00:00:00;SO283275;C0015;AS004;1124;2024-10-10 00:00:00;2024-10-19 00:00:00;2024-09-02 00:00:00;2024-09-11 00:00:00
2024-08-29 00:00:00;SO689427;C0025;VS004;775;2024-09-26 00:00:00;2024-09-28 00:00:00;2024-09-06 00:00:00;2024-09-08 00:00:00
2024-08-30 00:00:00;SO128454;C0024;CT001;817;2024-09-27 00:00:00;2024-10-07 00:00:00;2024-09-03 00:00:00;2024-09-13 00:00:00
2024-08-30 00:00:00;SO626962;C0007;VS004;762;2024-11-01 00:00:00;2024-10-25 00:00:00;2024-09-02 00:00:00;2024-08-26 00:00:00
2024-08-30 00:00:00;SO537993;C0009;CS004;862;2024-09-13 00:00:00;2024-09-18 00:00:00;2024-09-02 00:00:00;2024-09-07 00:00:00
2024-08-30 00:00:00;SO783687;C0025;AS005;692;2024-09-27 00:00:00;2024-09-27 00:00:00;2024-09-07 00:00:00;2024-09-07 00:00:00
2024-08-30 00:00:00;SO626962;C0007;AT002;873;2024-11-01 00:00:00;2024-11-01 00:00:00;2024-09-02 00:00:00;2024-09-02 00:00:00
2024-08-30 00:00:00;SO783687;C0025;AS004;1371;2024-09-27 00:00:00;2024-09-26 00:00:00;2024-09-07 00:00:00;2024-09-06 00:00:00
2024-08-30 00:00:00;SO626962;C0007;CS003;438;2024-11-01 00:00:00;2024-10-28 00:00:00;2024-09-02 00:00:00;2024-08-29 00:00:00
2024-08-30 00:00:00;SO128454;C0024;VS001;442;2024-09-27 00:00:00;2024-09-27 00:00:00;2024-09-03 00:00:00;2024-09-03 00:00:00
2024-08-30 00:00:00;SO537993;C0009;AS005;1001;2024-09-13 00:00:00;2024-09-06 00:00:00;2024-09-02 00:00:00;2024-08-26 00:00:00
2024-08-30 00:00:00;SO626962;C0007;CS004;1076;2024-11-01 00:00:00;2024-10-31 00:00:00;2024-09-02 00:00:00;2024-09-01 00:00:00
2024-08-30 00:00:00;SO783687;C0025;CT002;725;2024-09-27 00:00:00;2024-10-02 00:00:00;2024-09-07 00:00:00;2024-09-12 00:00:00
2024-08-30 00:00:00;SO128454;C0024;AS005;1337;2024-09-27 00:00:00;2024-09-25 00:00:00;2024-09-03 00:00:00;2024-09-01 00:00:00
2024-08-30 00:00:00;SO537993;C0009;AT002;689;2024-09-13 00:00:00;2024-09-14 00:00:00;2024-09-02 00:00:00;2024-09-03 00:00:00
2024-08-30 00:00:00;SO537993;C0009;AS002;368;2024-09-13 00:00:00;2024-09-18 00:00:00;2024-09-02 00:00:00;2024-09-07 00:00:00
2024-08-30 00:00:00;SO537993;C0009;CS001;560;2024-09-13 00:00:00;2024-09-11 00:00:00;2024-09-02 00:00:00;2024-08-31 00:00:00
2024-09-02 00:00:00;SO759070;C0006;AS002;602;2024-11-04 00:00:00;2024-10-26 00:00:00;2024-09-04 00:00:00;2024-08-26 00:00:00
2024-09-02 00:00:00;SO974569;C0027;AS002;386;2024-10-14 00:00:00;2024-10-18 00:00:00;2024-09-10 00:00:00;2024-09-14 00:00:00
2024-09-02 00:00:00;SO944163;C0011;AS001;483;2024-10-07 00:00:00;2024-10-15 00:00:00;2024-09-05 00:00:00;2024-09-13 00:00:00
2024-09-02 00:00:00;SO944163;C0011;CT003;863;2024-10-07 00:00:00;2024-10-15 00:00:00;2024-09-05 00:00:00;2024-09-13 00:00:00
2024-09-02 00:00:00;SO974569;C0027;AT001;1063;2024-10-14 00:00:00;2024-10-12 00:00:00;2024-09-10 00:00:00;2024-09-08 00:00:00
2024-09-02 00:00:00;SO944163;C0011;AS004;638;2024-10-07 00:00:00;2024-10-09 00:00:00;2024-09-05 00:00:00;2024-09-07 00:00:00
2024-09-02 00:00:00;SO759070;C0006;AS003;442;2024-11-04 00:00:00;2024-11-11 00:00:00;2024-09-04 00:00:00;2024-09-11 00:00:00
2024-09-02 00:00:00;SO974569;C0027;VS005;936;2024-10-14 00:00:00;2024-10-24 00:00:00;2024-09-10 00:00:00;2024-09-20 00:00:00
2024-09-02 00:00:00;SO944163;C0011;VS005;812;2024-10-07 00:00:00;2024-10-11 00:00:00;2024-09-05 00:00:00;2024-09-09 00:00:00
2024-09-02 00:00:00;SO974569;C0027;AL001;428;2024-10-14 00:00:00;2024-10-10 00:00:00;2024-09-10 00:00:00;2024-09-06 00:00:00
2024-09-02 00:00:00;SO944163;C0011;AS005;1045;2024-10-07 00:00:00;2024-09-27 00:00:00;2024-09-05 00:00:00;2024-08-26 00:00:00
2024-09-02 00:00:00;SO974569;C0027;CT002;506;2024-10-14 00:00:00;2024-10-18 00:00:00;2024-09-10 00:00:00;2024-09-14 00:00:00
2024-09-02 00:00:00;SO974569;C0027;VS003;898;2024-10-14 00:00:00;2024-10-11 00:00:00;2024-09-10 00:00:00;2024-09-07 00:00:00
2024-09-03 00:00:00;SO728412;C0014;AT002;690;2024-10-08 00:00:00;2024-10-02 00:00:00;2024-09-07 00:00:00;2024-09-01 00:00:00
2024-09-03 00:00:00;SO301097;C0005;AS003;998;2024-10-29 00:00:00;2024-10-21 00:00:00;2024-09-05 00:00:00;2024-08-28 00:00:00
2024-09-03 00:00:00;SO952021;C0020;CT003;835;2024-10-29 00:00:00;2024-10-25 00:00:00;2024-09-07 00:00:00;2024-09-03 00:00:00
2024-09-03 00:00:00;SO892961;C0008;VS001;556;2024-10-29 00:00:00;2024-11-05 00:00:00;2024-09-06 00:00:00;2024-09-13 00:00:00
2024-09-03 00:00:00;SO728412;C0014;AL002;973;2024-10-08 00:00:00;2024-10-08 00:00:00;2024-09-07 00:00:00;2024-09-07 00:00:00
2024-09-03 00:00:00;SO892961;C0008;AS005;859;2024-10-29 00:00:00;2024-10-19 00:00:00;2024-09-06 00:00:00;2024-08-27 00:00:00
2024-09-03 00:00:00;SO892961;C0008;CS001;1371;2024-10-29 00:00:00;2024-10-21 00:00:00;2024-09-06 00:00:00;2024-08-29 00:00:00
2024-09-03 00:00:00;SO952021;C0020;CS003;703;2024-10-29 00:00:00;2024-11-06 00:00:00;2024-09-07 00:00:00;2024-09-15 00:00:00
2024-09-03 00:00:00;SO301097;C0005;VS004;872;2024-10-29 00:00:00;2024-10-26 00:00:00;2024-09-05 00:00:00;2024-09-02 00:00:00
2024-09-03 00:00:00;SO952021;C0020;AT001;450;2024-10-29 00:00:00;2024-10-20 00:00:00;2024-09-07 00:00:00;2024-08-29 00:00:00
2024-09-03 00:00:00;SO301097;C0005;CS004;456;2024-10-29 00:00:00;2024-10-29 00:00:00;2024-09-05 00:00:00;2024-09-05 00:00:00
2024-09-03 00:00:00;SO728412;C0014;CS004;829;2024-10-08 00:00:00;2024-10-08 00:00:00;2024-09-07 00:00:00;2024-09-07 00:00:00
2024-09-03 00:00:00;SO301097;C0005;CT003;1054;2024-10-29 00:00:00;2024-10-19 00:00:00;2024-09-05 00:00:00;2024-08-26 00:00:00
2024-09-04 00:00:00;SO761713;C0014;VS004;552;2024-10-09 00:00:00;2024-10-03 00:00:00;2024-09-08 00:00:00;2024-09-02 00:00:00
2024-09-04 00:00:00;SO564441;C0013;AT001;876;2024-10-02 00:00:00;2024-10-10 00:00:00;2024-09-08 00:00:00;2024-09-16 00:00:00
2024-09-04 00:00:00;SO564441;C0013;CT003;411;2024-10-02 00:00:00;2024-09-27 00:00:00;2024-09-08 00:00:00;2024-09-03 00:00:00
2024-09-04 00:00:00;SO564441;C0013;VS001;789;2024-10-02 00:00:00;2024-10-07 00:00:00;2024-09-08 00:00:00;2024-09-13 00:00:00
2024-09-04 00:00:00;SO761713;C0014;AS004;744;2024-10-09 00:00:00;2024-10-14 00:00:00;2024-09-08 00:00:00;2024-09-13 00:00:00
2024-09-04 00:00:00;SO761713;C0014;AS005;796;2024-10-09 00:00:00;2024-10-06 00:00:00;2024-09-08 00:00:00;2024-09-05 00:00:00
2024-09-04 00:00:00;SO564441;C0013;CS001;589;2024-10-02 00:00:00;2024-09-30 00:00:00;2024-09-08 00:00:00;2024-09-06 00:00:00
2024-09-04 00:00:00;SO761713;C0014;VS002;1052;2024-10-09 00:00:00;2024-10-08 00:00:00;2024-09-08 00:00:00;2024-09-07 00:00:00
2024-09-04 00:00:00;SO761713;C0014;CS001;967;2024-10-09 00:00:00;2024-10-03 00:00:00;2024-09-08 00:00:00;2024-09-02 00:00:00
2024-09-04 00:00:00;SO564441;C0013;VS003;677;2024-10-02 00:00:00;2024-10-05 00:00:00;2024-09-08 00:00:00;2024-09-11 00:00:00
2024-09-04 00:00:00;SO564441;C0013;AS001;1203;2024-10-02 00:00:00;2024-10-01 00:00:00;2024-09-08 00:00:00;2024-09-07 00:00:00
2024-09-04 00:00:00;SO564441;C0013;AS005;887;2024-10-02 00:00:00;2024-09-22 00:00:00;2024-09-08 00:00:00;2024-08-29 00:00:00
2024-09-04 00:00:00;SO761713;C0014;CT003;1132;2024-10-09 00:00:00;2024-10-16 00:00:00;2024-09-08 00:00:00;2024-09-15 00:00:00
2024-09-04 00:00:00;SO564441;C0013;CT001;917;2024-10-02 00:00:00;2024-10-11 00:00:00;2024-09-08 00:00:00;2024-09-17 00:00:00
2024-09-05 00:00:00;SO664189;C0026;CT001;886;2024-10-10 00:00:00;2024-10-10 00:00:00;2024-09-13 00:00:00;2024-09-13 00:00:00
2024-09-05 00:00:00;SO166687;C0012;VS001;802;2024-10-03 00:00:00;2024-10-02 00:00:00;2024-09-08 00:00:00;2024-09-07 00:00:00
2024-09-05 00:00:00;SO880699;C0020;VS003;883;2024-10-31 00:00:00;2024-11-05 00:00:00;2024-09-09 00:00:00;2024-09-14 00:00:00
2024-09-05 00:00:00;SO167979;C0028;CS003;330;2024-09-19 00:00:00;2024-09-22 00:00:00;2024-09-13 00:00:00;2024-09-16 00:00:00
2024-09-05 00:00:00;SO664189;C0026;AS005;619;2024-10-10 00:00:00;2024-10-19 00:00:00;2024-09-13 00:00:00;2024-09-22 00:00:00
2024-09-05 00:00:00;SO664189;C0026;AT002;796;2024-10-10 00:00:00;2024-10-03 00:00:00;2024-09-13 00:00:00;2024-09-06 00:00:00
2024-09-05 00:00:00;SO166687;C0012;CT002;499;2024-10-03 00:00:00;2024-10-07 00:00:00;2024-09-08 00:00:00;2024-09-12 00:00:00
2024-09-05 00:00:00;SO880699;C0020;CL002;1120;2024-10-31 00:00:00;2024-10-29 00:00:00;2024-09-09 00:00:00;2024-09-07 00:00:00
2024-09-05 00:00:00;SO166687;C0012;AS004;540;2024-10-03 00:00:00;2024-10-08 00:00:00;2024-09-08 00:00:00;2024-09-13 00:00:00
2024-09-05 00:00:00;SO880699;C0020;AS002;618;2024-10-31 00:00:00;2024-10-25 00:00:00;2024-09-09 00:00:00;2024-09-03 00:00:00
2024-09-05 00:00:00;SO167979;C0028;VS001;807;2024-09-19 00:00:00;2024-09-11 00:00:00;2024-09-13 00:00:00;2024-09-05 00:00:00
2024-09-05 00:00:00;SO664189;C0026;CS001;622;2024-10-10 00:00:00;2024-10-12 00:00:00;2024-09-13 00:00:00;2024-09-15 00:00:00
2024-09-05 00:00:00;SO166687;C0012;VS003;1377;2024-10-03 00:00:00;2024-10-08 00:00:00;2024-09-08 00:00:00;2024-09-13 00:00:00
2024-09-05 00:00:00;SO167979;C0028;VS004;479;2024-09-19 00:00:00;2024-09-21 00:00:00;2024-09-13 00:00:00;2024-09-15 00:00:00
2024-09-05 00:00:00;SO664189;C0026;AT001;837;2024-10-10 00:00:00;2024-10-03 00:00:00;2024-09-13 00:00:00;2024-09-06 00:00:00
2024-09-05 00:00:00;SO880699;C0020;VS004;954;2024-10-31 00:00:00;2024-10-31 00:00:00;2024-09-09 00:00:00;2024-09-09 00:00:00
2024-09-05 00:00:00;SO166687;C0012;AS002;625;2024-10-03 00:00:00;2024-10-11 00:00:00;2024-09-08 00:00:00;2024-09-16 00:00:00
2024-09-05 00:00:00;SO166687;C0012;VS002;901;2024-10-03 00:00:00;2024-10-11 00:00:00;2024-09-08 00:00:00;2024-09-16 00:00:00
2024-09-05 00:00:00;SO664189;C0026;CT002;828;2024-10-10 00:00:00;2024-10-03 00:00:00;2024-09-13 00:00:00;2024-09-06 00:00:00
2024-09-06 00:00:00;SO796645;C0018;AS002;664;2024-11-08 00:00:00;2024-10-29 00:00:00;2024-09-10 00:00:00;2024-08-31 00:00:00
2024-09-06 00:00:00;SO911044;C0020;CT002;783;2024-11-01 00:00:00;2024-11-06 00:00:00;2024-09-10 00:00:00;2024-09-15 00:00:00
2024-09-06 00:00:00;SO528578;C0013;CL002;1065;2024-10-04 00:00:00;2024-10-05 00:00:00;2024-09-10 00:00:00;2024-09-11 00:00:00
2024-09-06 00:00:00;SO796645;C0018;CS004;1247;2024-11-08 00:00:00;2024-11-09 00:00:00;2024-09-10 00:00:00;2024-09-11 00:00:00
2024-09-06 00:00:00;SO796645;C0018;CT002;1123;2024-11-08 00:00:00;2024-11-16 00:00:00;2024-09-10 00:00:00;2024-09-18 00:00:00
2024-09-06 00:00:00;SO911044;C0020;AT002;585;2024-11-01 00:00:00;2024-10-28 00:00:00;2024-09-10 00:00:00;2024-09-06 00:00:00
2024-09-06 00:00:00;SO528578;C0013;AL001;369;2024-10-04 00:00:00;2024-10-05 00:00:00;2024-09-10 00:00:00;2024-09-11 00:00:00
2024-09-06 00:00:00;SO528578;C0013;VS003;501;2024-10-04 00:00:00;2024-09-30 00:00:00;2024-09-10 00:00:00;2024-09-06 00:00:00
2024-09-06 00:00:00;SO528578;C0013;VS005;708;2024-10-04 00:00:00;2024-10-11 00:00:00;2024-09-10 00:00:00;2024-09-17 00:00:00
2024-09-06 00:00:00;SO796645;C0018;VS002;362;2024-11-08 00:00:00;2024-11-01 00:00:00;2024-09-10 00:00:00;2024-09-03 00:00:00
2024-09-06 00:00:00;SO796645;C0018;AT002;349;2024-11-08 00:00:00;2024-11-06 00:00:00;2024-09-10 00:00:00;2024-09-08 00:00:00
2024-09-06 00:00:00;SO796645;C0018;VS005;1204;2024-11-08 00:00:00;2024-11-18 00:00:00;2024-09-10 00:00:00;2024-09-20 00:00:00
2024-09-09 00:00:00;SO277441;C0024;AS002;486;2024-10-07 00:00:00;2024-09-28 00:00:00;2024-09-13 00:00:00;2024-09-04 00:00:00
2024-09-09 00:00:00;SO677851;C0001;VS002;528;2024-10-07 00:00:00;2024-10-04 00:00:00;2024-09-11 00:00:00;2024-09-08 00:00:00
2024-09-09 00:00:00;SO916920;C0030;AS002;1226;2024-11-11 00:00:00;2024-11-04 00:00:00;2024-09-17 00:00:00;2024-09-10 00:00:00
2024-09-09 00:00:00;SO677851;C0001;AL002;675;2024-10-07 00:00:00;2024-10-10 00:00:00;2024-09-11 00:00:00;2024-09-14 00:00:00
2024-09-09 00:00:00;SO677851;C0001;AT002;394;2024-10-07 00:00:00;2024-10-04 00:00:00;2024-09-11 00:00:00;2024-09-08 00:00:00
2024-09-09 00:00:00;SO916920;C0030;AT001;900;2024-11-11 00:00:00;2024-11-18 00:00:00;2024-09-17 00:00:00;2024-09-24 00:00:00
2024-09-09 00:00:00;SO916920;C0030;CS001;937;2024-11-11 00:00:00;2024-11-07 00:00:00;2024-09-17 00:00:00;2024-09-13 00:00:00
2024-09-09 00:00:00;SO916920;C0030;AL002;425;2024-11-11 00:00:00;2024-11-18 00:00:00;2024-09-17 00:00:00;2024-09-24 00:00:00
2024-09-09 00:00:00;SO277441;C0024;AS001;657;2024-10-07 00:00:00;2024-10-17 00:00:00;2024-09-13 00:00:00;2024-09-23 00:00:00
2024-09-09 00:00:00;SO277441;C0024;VS002;814;2024-10-07 00:00:00;2024-10-09 00:00:00;2024-09-13 00:00:00;2024-09-15 00:00:00
2024-09-09 00:00:00;SO277441;C0024;CT002;1037;2024-10-07 00:00:00;2024-10-14 00:00:00;2024-09-13 00:00:00;2024-09-20 00:00:00
2024-09-09 00:00:00;SO277441;C0024;VS004;489;2024-10-07 00:00:00;2024-10-13 00:00:00;2024-09-13 00:00:00;2024-09-19 00:00:00
2024-09-09 00:00:00;SO916920;C0030;AS003;379;2024-11-11 00:00:00;2024-11-21 00:00:00;2024-09-17 00:00:00;2024-09-27 00:00:00
2024-09-09 00:00:00;SO277441;C0024;AS004;1081;2024-10-07 00:00:00;2024-10-01 00:00:00;2024-09-13 00:00:00;2024-09-07 00:00:00
2024-09-09 00:00:00;SO277441;C0024;AS003;680;2024-10-07 00:00:00;2024-10-08 00:00:00;2024-09-13 00:00:00;2024-09-14 00:00:00
2024-09-09 00:00:00;SO277441;C0024;VS005;1025;2024-10-07 00:00:00;2024-10-13 00:00:00;2024-09-13 00:00:00;2024-09-19 00:00:00
2024-09-09 00:00:00;SO277441;C0024;CL002;646;2024-10-07 00:00:00;2024-10-03 00:00:00;2024-09-13 00:00:00;2024-09-09 00:00:00
2024-09-09 00:00:00;SO677851;C0001;VS005;817;2024-10-07 00:00:00;2024-10-06 00:00:00;2024-09-11 00:00:00;2024-09-10 00:00:00
2024-09-09 00:00:00;SO677851;C0001;CT002;1252;2024-10-07 00:00:00;2024-10-08 00:00:00;2024-09-11 00:00:00;2024-09-12 00:00:00
2024-09-09 00:00:00;SO677851;C0001;CL002;513;2024-10-07 00:00:00;2024-10-11 00:00:00;2024-09-11 00:00:00;2024-09-15 00:00:00
2024-09-10 00:00:00;SO141518;C0027;VS002;542;2024-10-22 00:00:00;2024-10-20 00:00:00;2024-09-18 00:00:00;2024-09-16 00:00:00
2024-09-10 00:00:00;SO921083;C0007;AS002;635;2024-11-12 00:00:00;2024-11-16 00:00:00;2024-09-13 00:00:00;2024-09-17 00:00:00
2024-09-10 00:00:00;SO921083;C0007;AT002;939;2024-11-12 00:00:00;2024-11-10 00:00:00;2024-09-13 00:00:00;2024-09-11 00:00:00
2024-09-10 00:00:00;SO921083;C0007;CL002;441;2024-11-12 00:00:00;2024-11-08 00:00:00;2024-09-13 00:00:00;2024-09-09 00:00:00
2024-09-10 00:00:00;SO141518;C0027;AS002;1379;2024-10-22 00:00:00;2024-10-23 00:00:00;2024-09-18 00:00:00;2024-09-19 00:00:00
2024-09-10 00:00:00;SO141518;C0027;AL002;874;2024-10-22 00:00:00;2024-10-21 00:00:00;2024-09-18 00:00:00;2024-09-17 00:00:00
2024-09-10 00:00:00;SO141518;C0027;AT002;696;2024-10-22 00:00:00;2024-10-31 00:00:00;2024-09-18 00:00:00;2024-09-27 00:00:00
2024-09-10 00:00:00;SO141518;C0027;CT002;656;2024-10-22 00:00:00;2024-10-23 00:00:00;2024-09-18 00:00:00;2024-09-19 00:00:00
2024-09-10 00:00:00;SO141518;C0027;AS005;366;2024-10-22 00:00:00;2024-10-26 00:00:00;2024-09-18 00:00:00;2024-09-22 00:00:00
2024-09-10 00:00:00;SO921083;C0007;CS001;1203;2024-11-12 00:00:00;2024-11-08 00:00:00;2024-09-13 00:00:00;2024-09-09 00:00:00
2024-09-10 00:00:00;SO921083;C0007;AS004;560;2024-11-12 00:00:00;2024-11-21 00:00:00;2024-09-13 00:00:00;2024-09-22 00:00:00
2024-09-10 00:00:00;SO141518;C0027;CT003;642;2024-10-22 00:00:00;2024-10-24 00:00:00;2024-09-18 00:00:00;2024-09-20 00:00:00
2024-09-10 00:00:00;SO921083;C0007;CT001;357;2024-11-12 00:00:00;2024-11-03 00:00:00;2024-09-13 00:00:00;2024-09-04 00:00:00
2024-09-10 00:00:00;SO921083;C0007;AL002;762;2024-11-12 00:00:00;2024-11-15 00:00:00;2024-09-13 00:00:00;2024-09-16 00:00:00
2024-09-10 00:00:00;SO141518;C0027;CL002;1158;2024-10-22 00:00:00;2024-10-15 00:00:00;2024-09-18 00:00:00;2024-09-11 00:00:00
2024-09-11 00:00:00;SO413514;C0019;CT002;1179;2024-11-13 00:00:00;2024-11-06 00:00:00;2024-09-15 00:00:00;2024-09-08 00:00:00
2024-09-11 00:00:00;SO388601;C0013;CS004;1112;2024-10-09 00:00:00;2024-10-16 00:00:00;2024-09-15 00:00:00;2024-09-22 00:00:00
2024-09-11 00:00:00;SO229802;C0011;AS003;570;2024-10-16 00:00:00;2024-10-12 00:00:00;2024-09-14 00:00:00;2024-09-10 00:00:00
2024-09-11 00:00:00;SO800187;C0028;AS004;855;2024-09-25 00:00:00;2024-10-03 00:00:00;2024-09-19 00:00:00;2024-09-27 00:00:00
2024-09-11 00:00:00;SO800187;C0028;CS003;720;2024-09-25 00:00:00;2024-09-20 00:00:00;2024-09-19 00:00:00;2024-09-14 00:00:00
2024-09-11 00:00:00;SO413514;C0019;CS004;885;2024-11-13 00:00:00;2024-11-03 00:00:00;2024-09-15 00:00:00;2024-09-05 00:00:00
2024-09-11 00:00:00;SO388601;C0013;CT003;725;2024-10-09 00:00:00;2024-10-08 00:00:00;2024-09-15 00:00:00;2024-09-14 00:00:00
2024-09-11 00:00:00;SO229802;C0011;CL001;1268;2024-10-16 00:00:00;2024-10-10 00:00:00;2024-09-14 00:00:00;2024-09-08 00:00:00
2024-09-11 00:00:00;SO413514;C0019;CT003;948;2024-11-13 00:00:00;2024-11-16 00:00:00;2024-09-15 00:00:00;2024-09-18 00:00:00
2024-09-11 00:00:00;SO229802;C0011;VS003;341;2024-10-16 00:00:00;2024-10-10 00:00:00;2024-09-14 00:00:00;2024-09-08 00:00:00
2024-09-11 00:00:00;SO388601;C0013;AS002;917;2024-10-09 00:00:00;2024-10-02 00:00:00;2024-09-15 00:00:00;2024-09-08 00:00:00
2024-09-11 00:00:00;SO800187;C0028;CS001;464;2024-09-25 00:00:00;2024-09-20 00:00:00;2024-09-19 00:00:00;2024-09-14 00:00:00
2024-09-11 00:00:00;SO388601;C0013;CT002;946;2024-10-09 00:00:00;2024-09-30 00:00:00;2024-09-15 00:00:00;2024-09-06 00:00:00
2024-09-11 00:00:00;SO229802;C0011;AT001;473;2024-10-16 00:00:00;2024-10-13 00:00:00;2024-09-14 00:00:00;2024-09-11 00:00:00
2024-09-11 00:00:00;SO388601;C0013;AT001;419;2024-10-09 00:00:00;2024-10-18 00:00:00;2024-09-15 00:00:00;2024-09-24 00:00:00
2024-09-11 00:00:00;SO388601;C0013;AS004;607;2024-10-09 00:00:00;2024-10-18 00:00:00;2024-09-15 00:00:00;2024-09-24 00:00:00
2024-09-11 00:00:00;SO800187;C0028;AS005;719;2024-09-25 00:00:00;2024-09-27 00:00:00;2024-09-19 00:00:00;2024-09-21 00:00:00
2024-09-11 00:00:00;SO229802;C0011;AS002;419;2024-10-16 00:00:00;2024-10-15 00:00:00;2024-09-14 00:00:00;2024-09-13 00:00:00
2024-09-11 00:00:00;SO800187;C0028;VS001;846;2024-09-25 00:00:00;2024-09-16 00:00:00;2024-09-19 00:00:00;2024-09-10 00:00:00
2024-09-12 00:00:00;SO166829;C0021;AL002;806;2024-09-26 00:00:00;2024-09-16 00:00:00;2024-09-16 00:00:00;2024-09-06 00:00:00
2024-09-12 00:00:00;SO272703;C0012;VS003;657;2024-10-10 00:00:00;2024-10-16 00:00:00;2024-09-15 00:00:00;2024-09-21 00:00:00
2024-09-12 00:00:00;SO976592;C0018;CT002;826;2024-11-14 00:00:00;2024-11-20 00:00:00;2024-09-16 00:00:00;2024-09-22 00:00:00
2024-09-12 00:00:00;SO166829;C0021;AS005;435;2024-09-26 00:00:00;2024-09-30 00:00:00;2024-09-16 00:00:00;2024-09-20 00:00:00
2024-09-12 00:00:00;SO272703;C0012;VS002;357;2024-10-10 00:00:00;2024-09-30 00:00:00;2024-09-15 00:00:00;2024-09-05 00:00:00
2024-09-12 00:00:00;SO272703;C0012;AL002;439;2024-10-10 00:00:00;2024-10-16 00:00:00;2024-09-15 00:00:00;2024-09-21 00:00:00
2024-09-12 00:00:00;SO272703;C0012;AL001;740;2024-10-10 00:00:00;2024-10-18 00:00:00;2024-09-15 00:00:00;2024-09-23 00:00:00
2024-09-12 00:00:00;SO166829;C0021;VS001;580;2024-09-26 00:00:00;2024-09-23 00:00:00;2024-09-16 00:00:00;2024-09-13 00:00:00
2024-09-12 00:00:00;SO166829;C0021;CS004;885;2024-09-26 00:00:00;2024-10-01 00:00:00;2024-09-16 00:00:00;2024-09-21 00:00:00
2024-09-12 00:00:00;SO976592;C0018;CL001;563;2024-11-14 00:00:00;2024-11-15 00:00:00;2024-09-16 00:00:00;2024-09-17 00:00:00
2024-09-12 00:00:00;SO166829;C0021;CT002;507;2024-09-26 00:00:00;2024-09-27 00:00:00;2024-09-16 00:00:00;2024-09-17 00:00:00
2024-09-12 00:00:00;SO272703;C0012;CT001;445;2024-10-10 00:00:00;2024-10-08 00:00:00;2024-09-15 00:00:00;2024-09-13 00:00:00
2024-09-12 00:00:00;SO976592;C0018;VS002;540;2024-11-14 00:00:00;2024-11-23 00:00:00;2024-09-16 00:00:00;2024-09-25 00:00:00
2024-09-12 00:00:00;SO976592;C0018;AS004;737;2024-11-14 00:00:00;2024-11-23 00:00:00;2024-09-16 00:00:00;2024-09-25 00:00:00
2024-09-12 00:00:00;SO166829;C0021;AS004;772;2024-09-26 00:00:00;2024-10-06 00:00:00;2024-09-16 00:00:00;2024-09-26 00:00:00
2024-09-13 00:00:00;SO704141;C0017;AS001;778;2024-11-08 00:00:00;2024-11-05 00:00:00;2024-09-17 00:00:00;2024-09-14 00:00:00
2024-09-13 00:00:00;SO746002;C0012;AT001;1108;2024-10-11 00:00:00;2024-10-14 00:00:00;2024-09-16 00:00:00;2024-09-19 00:00:00
2024-09-13 00:00:00;SO811119;C0009;AS002;442;2024-09-27 00:00:00;2024-09-23 00:00:00;2024-09-16 00:00:00;2024-09-12 00:00:00
2024-09-13 00:00:00;SO811119;C0009;CT001;766;2024-09-27 00:00:00;2024-10-04 00:00:00;2024-09-16 00:00:00;2024-09-23 00:00:00
2024-09-13 00:00:00;SO704141;C0017;CS003;741;2024-11-08 00:00:00;2024-10-30 00:00:00;2024-09-17 00:00:00;2024-09-08 00:00:00
2024-09-13 00:00:00;SO704141;C0017;AS002;1053;2024-11-08 00:00:00;2024-11-13 00:00:00;2024-09-17 00:00:00;2024-09-22 00:00:00
2024-09-13 00:00:00;SO746002;C0012;AS004;469;2024-10-11 00:00:00;2024-10-11 00:00:00;2024-09-16 00:00:00;2024-09-16 00:00:00
2024-09-13 00:00:00;SO704141;C0017;VS003;464;2024-11-08 00:00:00;2024-11-11 00:00:00;2024-09-17 00:00:00;2024-09-20 00:00:00
2024-09-13 00:00:00;SO704141;C0017;AS005;1271;2024-11-08 00:00:00;2024-11-17 00:00:00;2024-09-17 00:00:00;2024-09-26 00:00:00
2024-09-13 00:00:00;SO811119;C0009;CS003;1210;2024-09-27 00:00:00;2024-09-19 00:00:00;2024-09-16 00:00:00;2024-09-08 00:00:00
2024-09-13 00:00:00;SO746002;C0012;VS001;731;2024-10-11 00:00:00;2024-10-16 00:00:00;2024-09-16 00:00:00;2024-09-21 00:00:00
2024-09-13 00:00:00;SO746002;C0012;VS002;1167;2024-10-11 00:00:00;2024-10-18 00:00:00;2024-09-16 00:00:00;2024-09-23 00:00:00
2024-09-13 00:00:00;SO746002;C0012;CL002;1082;2024-10-11 00:00:00;2024-10-16 00:00:00;2024-09-16 00:00:00;2024-09-21 00:00:00
2024-09-13 00:00:00;SO746002;C0012;CS004;1297;2024-10-11 00:00:00;2024-10-10 00:00:00;2024-09-16 00:00:00;2024-09-15 00:00:00
2024-09-13 00:00:00;SO746002;C0012;CS001;400;2024-10-11 00:00:00;2024-10-06 00:00:00;2024-09-16 00:00:00;2024-09-11 00:00:00
2024-09-13 00:00:00;SO746002;C0012;AL001;1007;2024-10-11 00:00:00;2024-10-06 00:00:00;2024-09-16 00:00:00;2024-09-11 00:00:00
2024-09-13 00:00:00;SO704141;C0017;AL002;581;2024-11-08 00:00:00;2024-11-02 00:00:00;2024-09-17 00:00:00;2024-09-11 00:00:00
2024-09-13 00:00:00;SO811119;C0009;CT003;1104;2024-09-27 00:00:00;2024-09-18 00:00:00;2024-09-16 00:00:00;2024-09-07 00:00:00
2024-09-16 00:00:00;SO309275;C0006;CL001;968;2024-11-18 00:00:00;2024-11-16 00:00:00;2024-09-18 00:00:00;2024-09-16 00:00:00
2024-09-16 00:00:00;SO873439;C0013;AS003;517;2024-10-14 00:00:00;2024-10-23 00:00:00;2024-09-20 00:00:00;2024-09-29 00:00:00
2024-09-16 00:00:00;SO966311;C0003;CL001;573;2024-10-28 00:00:00;2024-11-05 00:00:00;2024-09-18 00:00:00;2024-09-26 00:00:00
2024-09-16 00:00:00;SO966311;C0003;AT001;531;2024-10-28 00:00:00;2024-10-20 00:00:00;2024-09-18 00:00:00;2024-09-10 00:00:00
2024-09-16 00:00:00;SO873439;C0013;AL001;1081;2024-10-14 00:00:00;2024-10-17 00:00:00;2024-09-20 00:00:00;2024-09-23 00:00:00
2024-09-16 00:00:00;SO873439;C0013;VS003;468;2024-10-14 00:00:00;2024-10-08 00:00:00;2024-09-20 00:00:00;2024-09-14 00:00:00
2024-09-16 00:00:00;SO309275;C0006;AS005;480;2024-11-18 00:00:00;2024-11-16 00:00:00;2024-09-18 00:00:00;2024-09-16 00:00:00
2024-09-16 00:00:00;SO309275;C0006;CS001;767;2024-11-18 00:00:00;2024-11-22 00:00:00;2024-09-18 00:00:00;2024-09-22 00:00:00
2024-09-16 00:00:00;SO873439;C0013;AS001;767;2024-10-14 00:00:00;2024-10-22 00:00:00;2024-09-20 00:00:00;2024-09-28 00:00:00
2024-09-16 00:00:00;SO309275;C0006;AS004;427;2024-11-18 00:00:00;2024-11-27 00:00:00;2024-09-18 00:00:00;2024-09-27 00:00:00
2024-09-16 00:00:00;SO966311;C0003;AS001;822;2024-10-28 00:00:00;2024-11-02 00:00:00;2024-09-18 00:00:00;2024-09-23 00:00:00
2024-09-16 00:00:00;SO309275;C0006;AT002;663;2024-11-18 00:00:00;2024-11-20 00:00:00;2024-09-18 00:00:00;2024-09-20 00:00:00
2024-09-16 00:00:00;SO873439;C0013;AT001;456;2024-10-14 00:00:00;2024-10-04 00:00:00;2024-09-20 00:00:00;2024-09-10 00:00:00
2024-09-16 00:00:00;SO873439;C0013;CL001;1252;2024-10-14 00:00:00;2024-10-09 00:00:00;2024-09-20 00:00:00;2024-09-15 00:00:00
2024-09-16 00:00:00;SO966311;C0003;CT001;981;2024-10-28 00:00:00;2024-10-20 00:00:00;2024-09-18 00:00:00;2024-09-10 00:00:00
2024-09-17 00:00:00;SO338102;C0018;AS004;729;2024-11-19 00:00:00;2024-11-11 00:00:00;2024-09-21 00:00:00;2024-09-13 00:00:00
2024-09-17 00:00:00;SO580458;C0027;CL001;1089;2024-10-29 00:00:00;2024-10-29 00:00:00;2024-09-25 00:00:00;2024-09-25 00:00:00
2024-09-17 00:00:00;SO462420;C0016;CS001;361;2024-10-01 00:00:00;2024-09-28 00:00:00;2024-09-21 00:00:00;2024-09-18 00:00:00
2024-09-17 00:00:00;SO124154;C0014;AS005;506;2024-10-22 00:00:00;2024-10-20 00:00:00;2024-09-21 00:00:00;2024-09-19 00:00:00
2024-09-17 00:00:00;SO338102;C0018;AT002;518;2024-11-19 00:00:00;2024-11-23 00:00:00;2024-09-21 00:00:00;2024-09-25 00:00:00
2024-09-17 00:00:00;SO124154;C0014;AT002;1051;2024-10-22 00:00:00;2024-10-28 00:00:00;2024-09-21 00:00:00;2024-09-27 00:00:00
2024-09-17 00:00:00;SO338102;C0018;CS001;674;2024-11-19 00:00:00;2024-11-17 00:00:00;2024-09-21 00:00:00;2024-09-19 00:00:00
2024-09-17 00:00:00;SO462420;C0016;CT002;410;2024-10-01 00:00:00;2024-10-02 00:00:00;2024-09-21 00:00:00;2024-09-22 00:00:00
2024-09-17 00:00:00;SO580458;C0027;VS005;1025;2024-10-29 00:00:00;2024-11-05 00:00:00;2024-09-25 00:00:00;2024-10-02 00:00:00
2024-09-17 00:00:00;SO462420;C0016;AL001;518;2024-10-01 00:00:00;2024-10-04 00:00:00;2024-09-21 00:00:00;2024-09-24 00:00:00
2024-09-17 00:00:00;SO124154;C0014;CT001;986;2024-10-22 00:00:00;2024-10-23 00:00:00;2024-09-21 00:00:00;2024-09-22 00:00:00
2024-09-17 00:00:00;SO462420;C0016;VS004;688;2024-10-01 00:00:00;2024-09-30 00:00:00;2024-09-21 00:00:00;2024-09-20 00:00:00
2024-09-17 00:00:00;SO338102;C0018;VS002;336;2024-11-19 00:00:00;2024-11-14 00:00:00;2024-09-21 00:00:00;2024-09-16 00:00:00
2024-09-18 00:00:00;SO389948;C0013;AS002;460;2024-10-16 00:00:00;2024-10-13 00:00:00;2024-09-22 00:00:00;2024-09-19 00:00:00
2024-09-18 00:00:00;SO569037;C0012;CS004;557;2024-10-16 00:00:00;2024-10-11 00:00:00;2024-09-21 00:00:00;2024-09-16 00:00:00
2024-09-18 00:00:00;SO457036;C0030;AS004;1146;2024-11-20 00:00:00;2024-11-19 00:00:00;2024-09-26 00:00:00;2024-09-25 00:00:00
2024-09-18 00:00:00;SO926595;C0016;AS005;1071;2024-10-02 00:00:00;2024-10-03 00:00:00;2024-09-22 00:00:00;2024-09-23 00:00:00
2024-09-18 00:00:00;SO926595;C0016;VS003;1382;2024-10-02 00:00:00;2024-09-23 00:00:00;2024-09-22 00:00:00;2024-09-13 00:00:00
2024-09-18 00:00:00;SO389948;C0013;AS005;432;2024-10-16 00:00:00;2024-10-19 00:00:00;2024-09-22 00:00:00;2024-09-25 00:00:00
2024-09-18 00:00:00;SO569037;C0012;VS005;1270;2024-10-16 00:00:00;2024-10-07 00:00:00;2024-09-21 00:00:00;2024-09-12 00:00:00
2024-09-18 00:00:00;SO569037;C0012;VS003;369;2024-10-16 00:00:00;2024-10-24 00:00:00;2024-09-21 00:00:00;2024-09-29 00:00:00
2024-09-18 00:00:00;SO389948;C0013;VS001;372;2024-10-16 00:00:00;2024-10-21 00:00:00;2024-09-22 00:00:00;2024-09-27 00:00:00
2024-09-18 00:00:00;SO926595;C0016;CS003;482;2024-10-02 00:00:00;2024-10-08 00:00:00;2024-09-22 00:00:00;2024-09-28 00:00:00
2024-09-18 00:00:00;SO389948;C0013;CT002;471;2024-10-16 00:00:00;2024-10-19 00:00:00;2024-09-22 00:00:00;2024-09-25 00:00:00
2024-09-18 00:00:00;SO457036;C0030;VS001;656;2024-11-20 00:00:00;2024-11-22 00:00:00;2024-09-26 00:00:00;2024-09-28 00:00:00
2024-09-18 00:00:00;SO457036;C0030;CS003;495;2024-11-20 00:00:00;2024-11-25 00:00:00;2024-09-26 00:00:00;2024-10-01 00:00:00
2024-09-18 00:00:00;SO457036;C0030;AT002;403;2024-11-20 00:00:00;2024-11-16 00:00:00;2024-09-26 00:00:00;2024-09-22 00:00:00
2024-09-18 00:00:00;SO569037;C0012;VS002;661;2024-10-16 00:00:00;2024-10-15 00:00:00;2024-09-21 00:00:00;2024-09-20 00:00:00
2024-09-18 00:00:00;SO926595;C0016;VS005;634;2024-10-02 00:00:00;2024-10-11 00:00:00;2024-09-22 00:00:00;2024-10-01 00:00:00
2024-09-18 00:00:00;SO569037;C0012;CT003;902;2024-10-16 00:00:00;2024-10-26 00:00:00;2024-09-21 00:00:00;2024-10-01 00:00:00
2024-09-18 00:00:00;SO569037;C0012;CT001;1085;2024-10-16 00:00:00;2024-10-20 00:00:00;2024-09-21 00:00:00;2024-09-25 00:00:00
2024-09-19 00:00:00;SO459604;C0021;AT002;890;2024-10-03 00:00:00;2024-10-06 00:00:00;2024-09-23 00:00:00;2024-09-26 00:00:00
2024-09-19 00:00:00;SO936848;C0016;VS004;1070;2024-10-03 00:00:00;2024-10-08 00:00:00;2024-09-23 00:00:00;2024-09-28 00:00:00
2024-09-19 00:00:00;SO237802;C0010;CS001;868;2024-10-31 00:00:00;2024-10-31 00:00:00;2024-09-22 00:00:00;2024-09-22 00:00:00
2024-09-19 00:00:00;SO936848;C0016;CS003;399;2024-10-03 00:00:00;2024-09-29 00:00:00;2024-09-23 00:00:00;2024-09-19 00:00:00
2024-09-19 00:00:00;SO459604;C0021;AT001;912;2024-10-03 00:00:00;2024-10-01 00:00:00;2024-09-23 00:00:00;2024-09-21 00:00:00
2024-09-19 00:00:00;SO237802;C0010;AS001;761;2024-10-31 00:00:00;2024-10-31 00:00:00;2024-09-22 00:00:00;2024-09-22 00:00:00
2024-09-19 00:00:00;SO936848;C0016;AS003;534;2024-10-03 00:00:00;2024-09-24 00:00:00;2024-09-23 00:00:00;2024-09-14 00:00:00
2024-09-19 00:00:00;SO459604;C0021;CL001;708;2024-10-03 00:00:00;2024-10-02 00:00:00;2024-09-23 00:00:00;2024-09-22 00:00:00
2024-09-19 00:00:00;SO936848;C0016;VS002;880;2024-10-03 00:00:00;2024-10-08 00:00:00;2024-09-23 00:00:00;2024-09-28 00:00:00
2024-09-19 00:00:00;SO936848;C0016;AT001;418;2024-10-03 00:00:00;2024-09-29 00:00:00;2024-09-23 00:00:00;2024-09-19 00:00:00
2024-09-19 00:00:00;SO936848;C0016;CT003;428;2024-10-03 00:00:00;2024-09-29 00:00:00;2024-09-23 00:00:00;2024-09-19 00:00:00
2024-09-19 00:00:00;SO459604;C0021;CS003;1003;2024-10-03 00:00:00;2024-09-27 00:00:00;2024-09-23 00:00:00;2024-09-17 00:00:00
2024-09-19 00:00:00;SO459604;C0021;VS001;895;2024-10-03 00:00:00;2024-10-08 00:00:00;2024-09-23 00:00:00;2024-09-28 00:00:00
2024-09-20 00:00:00;SO770781;C0021;AL002;876;2024-10-04 00:00:00;2024-10-09 00:00:00;2024-09-24 00:00:00;2024-09-29 00:00:00
2024-09-20 00:00:00;SO818920;C0012;AS004;923;2024-10-18 00:00:00;2024-10-27 00:00:00;2024-09-23 00:00:00;2024-10-02 00:00:00
2024-09-20 00:00:00;SO374188;C0026;VS003;855;2024-10-25 00:00:00;2024-10-16 00:00:00;2024-09-28 00:00:00;2024-09-19 00:00:00
2024-09-20 00:00:00;SO770781;C0021;VS004;486;2024-10-04 00:00:00;2024-10-09 00:00:00;2024-09-24 00:00:00;2024-09-29 00:00:00
2024-09-20 00:00:00;SO818920;C0012;AT002;951;2024-10-18 00:00:00;2024-10-28 00:00:00;2024-09-23 00:00:00;2024-10-03 00:00:00
2024-09-20 00:00:00;SO770781;C0021;VS001;786;2024-10-04 00:00:00;2024-10-10 00:00:00;2024-09-24 00:00:00;2024-09-30 00:00:00
2024-09-20 00:00:00;SO818920;C0012;CT001;374;2024-10-18 00:00:00;2024-10-15 00:00:00;2024-09-23 00:00:00;2024-09-20 00:00:00
2024-09-20 00:00:00;SO818920;C0012;AS001;1043;2024-10-18 00:00:00;2024-10-25 00:00:00;2024-09-23 00:00:00;2024-09-30 00:00:00
2024-09-20 00:00:00;SO374188;C0026;VS001;965;2024-10-25 00:00:00;2024-11-02 00:00:00;2024-09-28 00:00:00;2024-10-06 00:00:00
2024-09-20 00:00:00;SO818920;C0012;AS003;460;2024-10-18 00:00:00;2024-10-23 00:00:00;2024-09-23 00:00:00;2024-09-28 00:00:00
2024-09-20 00:00:00;SO374188;C0026;VS004;934;2024-10-25 00:00:00;2024-10-21 00:00:00;2024-09-28 00:00:00;2024-09-24 00:00:00
2024-09-20 00:00:00;SO770781;C0021;AT002;830;2024-10-04 00:00:00;2024-10-09 00:00:00;2024-09-24 00:00:00;2024-09-29 00:00:00
2024-09-20 00:00:00;SO374188;C0026;AS004;538;2024-10-25 00:00:00;2024-10-17 00:00:00;2024-09-28 00:00:00;2024-09-20 00:00:00
2024-09-20 00:00:00;SO818920;C0012;AL001;855;2024-10-18 00:00:00;2024-10-08 00:00:00;2024-09-23 00:00:00;2024-09-13 00:00:00
2024-09-20 00:00:00;SO374188;C0026;AT002;993;2024-10-25 00:00:00;2024-10-31 00:00:00;2024-09-28 00:00:00;2024-10-04 00:00:00
2024-09-20 00:00:00;SO374188;C0026;VS005;343;2024-10-25 00:00:00;2024-10-26 00:00:00;2024-09-28 00:00:00;2024-09-29 00:00:00
2024-09-20 00:00:00;SO374188;C0026;AT001;740;2024-10-25 00:00:00;2024-10-29 00:00:00;2024-09-28 00:00:00;2024-10-02 00:00:00
2024-09-20 00:00:00;SO770781;C0021;CT001;718;2024-10-04 00:00:00;2024-09-27 00:00:00;2024-09-24 00:00:00;2024-09-17 00:00:00
2024-09-20 00:00:00;SO818920;C0012;CS003;1070;2024-10-18 00:00:00;2024-10-14 00:00:00;2024-09-23 00:00:00;2024-09-19 00:00:00
2024-09-20 00:00:00;SO818920;C0012;VS004;1242;2024-10-18 00:00:00;2024-10-14 00:00:00;2024-09-23 00:00:00;2024-09-19 00:00:00
2024-09-23 00:00:00;SO604323;C0003;CS003;385;2024-11-04 00:00:00;2024-11-09 00:00:00;2024-09-25 00:00:00;2024-09-30 00:00:00
2024-09-23 00:00:00;SO825121;C0029;CS004;791;2024-11-18 00:00:00;2024-11-19 00:00:00;2024-10-01 00:00:00;2024-10-02 00:00:00
2024-09-23 00:00:00;SO604323;C0003;AS002;896;2024-11-04 00:00:00;2024-11-12 00:00:00;2024-09-25 00:00:00;2024-10-03 00:00:00
2024-09-23 00:00:00;SO604323;C0003;AT001;887;2024-11-04 00:00:00;2024-10-28 00:00:00;2024-09-25 00:00:00;2024-09-18 00:00:00
2024-09-23 00:00:00;SO825121;C0029;VS002;552;2024-11-18 00:00:00;2024-11-17 00:00:00;2024-10-01 00:00:00;2024-09-30 00:00:00
2024-09-23 00:00:00;SO825121;C0029;AT001;1067;2024-11-18 00:00:00;2024-11-13 00:00:00;2024-10-01 00:00:00;2024-09-26 00:00:00
2024-09-23 00:00:00;SO825121;C0029;CT001;992;2024-11-18 00:00:00;2024-11-27 00:00:00;2024-10-01 00:00:00;2024-10-10 00:00:00
2024-09-23 00:00:00;SO604323;C0003;VS004;791;2024-11-04 00:00:00;2024-11-14 00:00:00;2024-09-25 00:00:00;2024-10-05 00:00:00
2024-09-23 00:00:00;SO604323;C0003;CS004;357;2024-11-04 00:00:00;2024-11-06 00:00:00;2024-09-25 00:00:00;2024-09-27 00:00:00
2024-09-23 00:00:00;SO604323;C0003;AL002;439;2024-11-04 00:00:00;2024-10-31 00:00:00;2024-09-25 00:00:00;2024-09-21 00:00:00
2024-09-23 00:00:00;SO825121;C0029;AS001;685;2024-11-18 00:00:00;2024-11-18 00:00:00;2024-10-01 00:00:00;2024-10-01 00:00:00
2024-09-23 00:00:00;SO604323;C0003;VS005;851;2024-11-04 00:00:00;2024-11-11 00:00:00;2024-09-25 00:00:00;2024-10-02 00:00:00
2024-09-23 00:00:00;SO825121;C0029;AT002;330;2024-11-18 00:00:00;2024-11-14 00:00:00;2024-10-01 00:00:00;2024-09-27 00:00:00
2024-09-23 00:00:00;SO604323;C0003;AS004;455;2024-11-04 00:00:00;2024-10-27 00:00:00;2024-09-25 00:00:00;2024-09-17 00:00:00
2024-09-24 00:00:00;SO578240;C0003;AL002;942;2024-11-05 00:00:00;2024-11-08 00:00:00;2024-09-26 00:00:00;2024-09-29 00:00:00
2024-09-24 00:00:00;SO186367;C0012;VS002;830;2024-10-22 00:00:00;2024-10-12 00:00:00;2024-09-27 00:00:00;2024-09-17 00:00:00
2024-09-24 00:00:00;SO360363;C0011;VS003;690;2024-10-29 00:00:00;2024-10-29 00:00:00;2024-09-27 00:00:00;2024-09-27 00:00:00
2024-09-24 00:00:00;SO377749;C0001;CL001;685;2024-10-22 00:00:00;2024-10-24 00:00:00;2024-09-26 00:00:00;2024-09-28 00:00:00
2024-09-24 00:00:00;SO377749;C0001;VS005;906;2024-10-22 00:00:00;2024-10-29 00:00:00;2024-09-26 00:00:00;2024-10-03 00:00:00
2024-09-24 00:00:00;SO377749;C0001;AS001;778;2024-10-22 00:00:00;2024-10-30 00:00:00;2024-09-26 00:00:00;2024-10-04 00:00:00
2024-09-24 00:00:00;SO377749;C0001;CS004;484;2024-10-22 00:00:00;2024-10-25 00:00:00;2024-09-26 00:00:00;2024-09-29 00:00:00
2024-09-24 00:00:00;SO186367;C0012;AS004;875;2024-10-22 00:00:00;2024-10-22 00:00:00;2024-09-27 00:00:00;2024-09-27 00:00:00
2024-09-24 00:00:00;SO360363;C0011;CT003;406;2024-10-29 00:00:00;2024-10-20 00:00:00;2024-09-27 00:00:00;2024-09-18 00:00:00
2024-09-24 00:00:00;SO377749;C0001;CL002;928;2024-10-22 00:00:00;2024-10-26 00:00:00;2024-09-26 00:00:00;2024-09-30 00:00:00
2024-09-24 00:00:00;SO578240;C0003;CT002;572;2024-11-05 00:00:00;2024-10-28 00:00:00;2024-09-26 00:00:00;2024-09-18 00:00:00
2024-09-24 00:00:00;SO578240;C0003;CS003;278;2024-11-05 00:00:00;2024-11-15 00:00:00;2024-09-26 00:00:00;2024-10-06 00:00:00
2024-09-24 00:00:00;SO578240;C0003;VS002;483;2024-11-05 00:00:00;2024-10-27 00:00:00;2024-09-26 00:00:00;2024-09-17 00:00:00
2024-09-24 00:00:00;SO377749;C0001;CT002;683;2024-10-22 00:00:00;2024-10-14 00:00:00;2024-09-26 00:00:00;2024-09-18 00:00:00
2024-09-24 00:00:00;SO186367;C0012;VS005;1203;2024-10-22 00:00:00;2024-10-26 00:00:00;2024-09-27 00:00:00;2024-10-01 00:00:00
2024-09-24 00:00:00;SO377749;C0001;AL001;573;2024-10-22 00:00:00;2024-10-18 00:00:00;2024-09-26 00:00:00;2024-09-22 00:00:00
2024-09-24 00:00:00;SO578240;C0003;CS001;538;2024-11-05 00:00:00;2024-10-26 00:00:00;2024-09-26 00:00:00;2024-09-16 00:00:00
2024-09-24 00:00:00;SO360363;C0011;CS001;1013;2024-10-29 00:00:00;2024-10-21 00:00:00;2024-09-27 00:00:00;2024-09-19 00:00:00
2024-09-24 00:00:00;SO578240;C0003;VS005;619;2024-11-05 00:00:00;2024-10-30 00:00:00;2024-09-26 00:00:00;2024-09-20 00:00:00
2024-09-25 00:00:00;SO163760;C0022;CS003;657;2024-11-06 00:00:00;2024-11-13 00:00:00;2024-09-29 00:00:00;2024-10-06 00:00:00
2024-09-25 00:00:00;SO922307;C0011;CL002;808;2024-10-30 00:00:00;2024-10-23 00:00:00;2024-09-28 00:00:00;2024-09-21 00:00:00
2024-09-25 00:00:00;SO150953;C0005;AS003;1159;2024-11-20 00:00:00;2024-11-15 00:00:00;2024-09-27 00:00:00;2024-09-22 00:00:00
2024-09-25 00:00:00;SO922307;C0011;AL002;931;2024-10-30 00:00:00;2024-10-28 00:00:00;2024-09-28 00:00:00;2024-09-26 00:00:00
2024-09-25 00:00:00;SO922307;C0011;CS004;547;2024-10-30 00:00:00;2024-10-26 00:00:00;2024-09-28 00:00:00;2024-09-24 00:00:00
2024-09-25 00:00:00;SO922307;C0011;VS001;1237;2024-10-30 00:00:00;2024-11-02 00:00:00;2024-09-28 00:00:00;2024-10-01 00:00:00
2024-09-25 00:00:00;SO150953;C0005;VS003;395;2024-11-20 00:00:00;2024-11-18 00:00:00;2024-09-27 00:00:00;2024-09-25 00:00:00
2024-09-25 00:00:00;SO922307;C0011;AS005;1368;2024-10-30 00:00:00;2024-11-05 00:00:00;2024-09-28 00:00:00;2024-10-04 00:00:00
2024-09-25 00:00:00;SO150953;C0005;VS004;366;2024-11-20 00:00:00;2024-11-29 00:00:00;2024-09-27 00:00:00;2024-10-06 00:00:00
2024-09-25 00:00:00;SO163760;C0022;AL001;573;2024-11-06 00:00:00;2024-11-01 00:00:00;2024-09-29 00:00:00;2024-09-24 00:00:00
2024-09-25 00:00:00;SO150953;C0005;AT001;1106;2024-11-20 00:00:00;2024-11-13 00:00:00;2024-09-27 00:00:00;2024-09-20 00:00:00
2024-09-25 00:00:00;SO150953;C0005;AS004;797;2024-11-20 00:00:00;2024-11-20 00:00:00;2024-09-27 00:00:00;2024-09-27 00:00:00
2024-09-25 00:00:00;SO922307;C0011;CT002;873;2024-10-30 00:00:00;2024-10-20 00:00:00;2024-09-28 00:00:00;2024-09-18 00:00:00
2024-09-26 00:00:00;SO189871;C0010;AS005;985;2024-11-07 00:00:00;2024-10-31 00:00:00;2024-09-29 00:00:00;2024-09-22 00:00:00
2024-09-26 00:00:00;SO662314;C0024;AS002;1068;2024-10-24 00:00:00;2024-10-23 00:00:00;2024-09-30 00:00:00;2024-09-29 00:00:00
2024-09-26 00:00:00;SO662314;C0024;CT001;435;2024-10-24 00:00:00;2024-10-31 00:00:00;2024-09-30 00:00:00;2024-10-07 00:00:00
2024-09-26 00:00:00;SO662314;C0024;AS003;464;2024-10-24 00:00:00;2024-10-24 00:00:00;2024-09-30 00:00:00;2024-09-30 00:00:00
2024-09-26 00:00:00;SO662314;C0024;AS004;372;2024-10-24 00:00:00;2024-10-19 00:00:00;2024-09-30 00:00:00;2024-09-25 00:00:00
2024-09-26 00:00:00;SO662314;C0024;AS001;757;2024-10-24 00:00:00;2024-10-24 00:00:00;2024-09-30 00:00:00;2024-09-30 00:00:00
2024-09-26 00:00:00;SO189871;C0010;AL002;670;2024-11-07 00:00:00;2024-11-05 00:00:00;2024-09-29 00:00:00;2024-09-27 00:00:00
2024-09-26 00:00:00;SO189871;C0010;AS004;521;2024-11-07 00:00:00;2024-11-11 00:00:00;2024-09-29 00:00:00;2024-10-03 00:00:00
2024-09-26 00:00:00;SO189871;C0010;VS005;901;2024-11-07 00:00:00;2024-11-17 00:00:00;2024-09-29 00:00:00;2024-10-09 00:00:00
2024-09-26 00:00:00;SO189871;C0010;AL001;904;2024-11-07 00:00:00;2024-11-13 00:00:00;2024-09-29 00:00:00;2024-10-05 00:00:00
2024-09-26 00:00:00;SO189871;C0010;CL002;1065;2024-11-07 00:00:00;2024-11-11 00:00:00;2024-09-29 00:00:00;2024-10-03 00:00:00
2024-09-26 00:00:00;SO662314;C0024;AT002;429;2024-10-24 00:00:00;2024-10-31 00:00:00;2024-09-30 00:00:00;2024-10-07 00:00:00
2024-09-26 00:00:00;SO662314;C0024;AL002;1080;2024-10-24 00:00:00;2024-10-18 00:00:00;2024-09-30 00:00:00;2024-09-24 00:00:00
2024-09-27 00:00:00;SO724714;C0030;CT001;486;2024-11-29 00:00:00;2024-12-03 00:00:00;2024-10-05 00:00:00;2024-10-09 00:00:00
2024-09-27 00:00:00;SO960887;C0004;CS003;758;2024-10-11 00:00:00;2024-10-21 00:00:00;2024-09-29 00:00:00;2024-10-09 00:00:00
2024-09-27 00:00:00;SO450226;C0005;AT002;987;2024-11-22 00:00:00;2024-11-16 00:00:00;2024-09-29 00:00:00;2024-09-23 00:00:00
2024-09-27 00:00:00;SO427510;C0019;VS001;936;2024-11-29 00:00:00;2024-11-29 00:00:00;2024-10-01 00:00:00;2024-10-01 00:00:00
2024-09-27 00:00:00;SO427510;C0019;AT001;636;2024-11-29 00:00:00;2024-11-22 00:00:00;2024-10-01 00:00:00;2024-09-24 00:00:00
2024-09-27 00:00:00;SO960887;C0004;CL001;323;2024-10-11 00:00:00;2024-10-16 00:00:00;2024-09-29 00:00:00;2024-10-04 00:00:00
2024-09-27 00:00:00;SO427510;C0019;CS003;761;2024-11-29 00:00:00;2024-11-21 00:00:00;2024-10-01 00:00:00;2024-09-23 00:00:00
2024-09-27 00:00:00;SO724714;C0030;AS003;567;2024-11-29 00:00:00;2024-12-05 00:00:00;2024-10-05 00:00:00;2024-10-11 00:00:00
2024-09-27 00:00:00;SO960887;C0004;VS004;656;2024-10-11 00:00:00;2024-10-18 00:00:00;2024-09-29 00:00:00;2024-10-06 00:00:00
2024-09-27 00:00:00;SO960887;C0004;CT003;500;2024-10-11 00:00:00;2024-10-11 00:00:00;2024-09-29 00:00:00;2024-09-29 00:00:00
2024-09-27 00:00:00;SO960887;C0004;AT002;997;2024-10-11 00:00:00;2024-10-11 00:00:00;2024-09-29 00:00:00;2024-09-29 00:00:00
2024-09-27 00:00:00;SO450226;C0005;AS001;979;2024-11-22 00:00:00;2024-11-19 00:00:00;2024-09-29 00:00:00;2024-09-26 00:00:00
2024-09-27 00:00:00;SO450226;C0005;AT001;1114;2024-11-22 00:00:00;2024-11-16 00:00:00;2024-09-29 00:00:00;2024-09-23 00:00:00
2024-09-27 00:00:00;SO724714;C0030;CT003;380;2024-11-29 00:00:00;2024-12-02 00:00:00;2024-10-05 00:00:00;2024-10-08 00:00:00
2024-09-27 00:00:00;SO450226;C0005;CS001;1041;2024-11-22 00:00:00;2024-11-26 00:00:00;2024-09-29 00:00:00;2024-10-03 00:00:00
2024-09-27 00:00:00;SO450226;C0005;AL001;928;2024-11-22 00:00:00;2024-12-01 00:00:00;2024-09-29 00:00:00;2024-10-08 00:00:00
2024-09-27 00:00:00;SO960887;C0004;CT001;399;2024-10-11 00:00:00;2024-10-21 00:00:00;2024-09-29 00:00:00;2024-10-09 00:00:00
2024-09-27 00:00:00;SO960887;C0004;CS001;723;2024-10-11 00:00:00;2024-10-16 00:00:00;2024-09-29 00:00:00;2024-10-04 00:00:00
2024-09-27 00:00:00;SO960887;C0004;CS004;578;2024-10-11 00:00:00;2024-10-20 00:00:00;2024-09-29 00:00:00;2024-10-08 00:00:00
2024-09-30 00:00:00;SO916417;C0014;CT003;775;2024-11-04 00:00:00;2024-10-26 00:00:00;2024-10-04 00:00:00;2024-09-25 00:00:00
2024-09-30 00:00:00;SO563158;C0015;CT002;513;2024-11-11 00:00:00;2024-11-07 00:00:00;2024-10-04 00:00:00;2024-09-30 00:00:00
2024-09-30 00:00:00;SO563158;C0015;AT002;1035;2024-11-11 00:00:00;2024-11-05 00:00:00;2024-10-04 00:00:00;2024-09-28 00:00:00
2024-09-30 00:00:00;SO916417;C0014;VS002;1008;2024-11-04 00:00:00;2024-10-27 00:00:00;2024-10-04 00:00:00;2024-09-26 00:00:00
2024-09-30 00:00:00;SO916417;C0014;VS003;954;2024-11-04 00:00:00;2024-10-28 00:00:00;2024-10-04 00:00:00;2024-09-27 00:00:00
2024-09-30 00:00:00;SO916417;C0014;AT002;903;2024-11-04 00:00:00;2024-11-05 00:00:00;2024-10-04 00:00:00;2024-10-05 00:00:00
2024-09-30 00:00:00;SO916417;C0014;VS001;1051;2024-11-04 00:00:00;2024-11-11 00:00:00;2024-10-04 00:00:00;2024-10-11 00:00:00
2024-09-30 00:00:00;SO563158;C0015;AS004;840;2024-11-11 00:00:00;2024-11-17 00:00:00;2024-10-04 00:00:00;2024-10-10 00:00:00
2024-09-30 00:00:00;SO916417;C0014;AL001;408;2024-11-04 00:00:00;2024-11-07 00:00:00;2024-10-04 00:00:00;2024-10-07 00:00:00
2024-09-30 00:00:00;SO916417;C0014;CT001;780;2024-11-04 00:00:00;2024-10-26 00:00:00;2024-10-04 00:00:00;2024-09-25 00:00:00
2024-09-30 00:00:00;SO916417;C0014;CS001;667;2024-11-04 00:00:00;2024-11-13 00:00:00;2024-10-04 00:00:00;2024-10-13 00:00:00
2024-09-30 00:00:00;SO563158;C0015;AS001;744;2024-11-11 00:00:00;2024-11-14 00:00:00;2024-10-04 00:00:00;2024-10-07 00:00:00
2024-09-30 00:00:00;SO916417;C0014;CL002;453;2024-11-04 00:00:00;2024-11-05 00:00:00;2024-10-04 00:00:00;2024-10-05 00:00:00
2024-09-30 00:00:00;SO563158;C0015;CS003;1101;2024-11-11 00:00:00;2024-11-02 00:00:00;2024-10-04 00:00:00;2024-09-25 00:00:00
2024-09-30 00:00:00;SO916417;C0014;CT002;811;2024-11-04 00:00:00;2024-11-12 00:00:00;2024-10-04 00:00:00;2024-10-12 00:00:00
2024-10-01 00:00:00;SO726220;C0023;AS005;1000;2024-11-05 00:00:00;2024-11-08 00:00:00;2024-10-05 00:00:00;2024-10-08 00:00:00
2024-10-01 00:00:00;SO991703;C0009;VS004;567;2024-10-15 00:00:00;2024-10-15 00:00:00;2024-10-04 00:00:00;2024-10-04 00:00:00
2024-10-01 00:00:00;SO407771;C0011;AS001;807;2024-11-05 00:00:00;2024-11-09 00:00:00;2024-10-04 00:00:00;2024-10-08 00:00:00
2024-10-01 00:00:00;SO760161;C0007;AS001;739;2024-12-03 00:00:00;2024-12-05 00:00:00;2024-10-04 00:00:00;2024-10-06 00:00:00
2024-10-01 00:00:00;SO407771;C0011;AL001;948;2024-11-05 00:00:00;2024-11-14 00:00:00;2024-10-04 00:00:00;2024-10-13 00:00:00
2024-10-01 00:00:00;SO991703;C0009;AT002;656;2024-10-15 00:00:00;2024-10-11 00:00:00;2024-10-04 00:00:00;2024-09-30 00:00:00
2024-10-01 00:00:00;SO726220;C0023;AS001;690;2024-11-05 00:00:00;2024-10-27 00:00:00;2024-10-05 00:00:00;2024-09-26 00:00:00
2024-10-01 00:00:00;SO407771;C0011;VS001;728;2024-11-05 00:00:00;2024-11-02 00:00:00;2024-10-04 00:00:00;2024-10-01 00:00:00
2024-10-01 00:00:00;SO407771;C0011;AT002;644;2024-11-05 00:00:00;2024-11-14 00:00:00;2024-10-04 00:00:00;2024-10-13 00:00:00
2024-10-01 00:00:00;SO726220;C0023;CT003;346;2024-11-05 00:00:00;2024-11-09 00:00:00;2024-10-05 00:00:00;2024-10-09 00:00:00
2024-10-01 00:00:00;SO991703;C0009;CS001;705;2024-10-15 00:00:00;2024-10-20 00:00:00;2024-10-04 00:00:00;2024-10-09 00:00:00
2024-10-01 00:00:00;SO726220;C0023;AT002;709;2024-11-05 00:00:00;2024-11-02 00:00:00;2024-10-05 00:00:00;2024-10-02 00:00:00
2024-10-02 00:00:00;SO878856;C0001;AS001;1062;2024-10-30 00:00:00;2024-11-02 00:00:00;2024-10-04 00:00:00;2024-10-07 00:00:00
2024-10-02 00:00:00;SO591968;C0023;CS003;1215;2024-11-06 00:00:00;2024-11-09 00:00:00;2024-10-06 00:00:00;2024-10-09 00:00:00
2024-10-02 00:00:00;SO798665;C0007;CL002;785;2024-12-04 00:00:00;2024-12-07 00:00:00;2024-10-05 00:00:00;2024-10-08 00:00:00
2024-10-02 00:00:00;SO718913;C0008;CS001;642;2024-11-27 00:00:00;2024-11-17 00:00:00;2024-10-05 00:00:00;2024-09-25 00:00:00
2024-10-02 00:00:00;SO718913;C0008;AS004;755;2024-11-27 00:00:00;2024-12-06 00:00:00;2024-10-05 00:00:00;2024-10-14 00:00:00
2024-10-02 00:00:00;SO798665;C0007;CS003;550;2024-12-04 00:00:00;2024-12-10 00:00:00;2024-10-05 00:00:00;2024-10-11 00:00:00
2024-10-02 00:00:00;SO878856;C0001;VS003;484;2024-10-30 00:00:00;2024-11-05 00:00:00;2024-10-04 00:00:00;2024-10-10 00:00:00
2024-10-02 00:00:00;SO591968;C0023;CT003;1171;2024-11-06 00:00:00;2024-11-03 00:00:00;2024-10-06 00:00:00;2024-10-03 00:00:00
2024-10-02 00:00:00;SO591968;C0023;VS003;575;2024-11-06 00:00:00;2024-10-28 00:00:00;2024-10-06 00:00:00;2024-09-27 00:00:00
2024-10-02 00:00:00;SO798665;C0007;CT001;1159;2024-12-04 00:00:00;2024-12-14 00:00:00;2024-10-05 00:00:00;2024-10-15 00:00:00
2024-10-02 00:00:00;SO718913;C0008;CT001;844;2024-11-27 00:00:00;2024-12-02 00:00:00;2024-10-05 00:00:00;2024-10-10 00:00:00
2024-10-02 00:00:00;SO591968;C0023;AS002;355;2024-11-06 00:00:00;2024-11-01 00:00:00;2024-10-06 00:00:00;2024-10-01 00:00:00
2024-10-02 00:00:00;SO798665;C0007;VS004;324;2024-12-04 00:00:00;2024-12-13 00:00:00;2024-10-05 00:00:00;2024-10-14 00:00:00
2024-10-02 00:00:00;SO718913;C0008;CL001;786;2024-11-27 00:00:00;2024-12-04 00:00:00;2024-10-05 00:00:00;2024-10-12 00:00:00
2024-10-02 00:00:00;SO718913;C0008;AS002;897;2024-11-27 00:00:00;2024-11-24 00:00:00;2024-10-05 00:00:00;2024-10-02 00:00:00
2024-10-02 00:00:00;SO591968;C0023;AS005;774;2024-11-06 00:00:00;2024-11-13 00:00:00;2024-10-06 00:00:00;2024-10-13 00:00:00
2024-10-02 00:00:00;SO878856;C0001;AS005;583;2024-10-30 00:00:00;2024-11-01 00:00:00;2024-10-04 00:00:00;2024-10-06 00:00:00
2024-10-02 00:00:00;SO878856;C0001;CL002;647;2024-10-30 00:00:00;2024-10-28 00:00:00;2024-10-04 00:00:00;2024-10-02 00:00:00
2024-10-02 00:00:00;SO878856;C0001;CL001;1381;2024-10-30 00:00:00;2024-11-02 00:00:00;2024-10-04 00:00:00;2024-10-07 00:00:00
2024-10-02 00:00:00;SO798665;C0007;AS003;709;2024-12-04 00:00:00;2024-12-03 00:00:00;2024-10-05 00:00:00;2024-10-04 00:00:00
2024-10-03 00:00:00;SO477264;C0019;VS003;623;2024-12-05 00:00:00;2024-12-10 00:00:00;2024-10-07 00:00:00;2024-10-12 00:00:00
2024-10-03 00:00:00;SO678947;C0025;CS001;563;2024-10-31 00:00:00;2024-11-08 00:00:00;2024-10-11 00:00:00;2024-10-19 00:00:00
2024-10-03 00:00:00;SO477264;C0019;AS004;422;2024-12-05 00:00:00;2024-11-25 00:00:00;2024-10-07 00:00:00;2024-09-27 00:00:00
2024-10-03 00:00:00;SO477264;C0019;VS001;484;2024-12-05 00:00:00;2024-12-02 00:00:00;2024-10-07 00:00:00;2024-10-04 00:00:00
2024-10-03 00:00:00;SO678947;C0025;AS003;689;2024-10-31 00:00:00;2024-10-21 00:00:00;2024-10-11 00:00:00;2024-10-01 00:00:00
2024-10-03 00:00:00;SO678947;C0025;CT003;1137;2024-10-31 00:00:00;2024-11-05 00:00:00;2024-10-11 00:00:00;2024-10-16 00:00:00
2024-10-03 00:00:00;SO678947;C0025;AL001;450;2024-10-31 00:00:00;2024-10-25 00:00:00;2024-10-11 00:00:00;2024-10-05 00:00:00
2024-10-03 00:00:00;SO477264;C0019;AL001;588;2024-12-05 00:00:00;2024-12-03 00:00:00;2024-10-07 00:00:00;2024-10-05 00:00:00
2024-10-03 00:00:00;SO477264;C0019;CS003;956;2024-12-05 00:00:00;2024-12-15 00:00:00;2024-10-07 00:00:00;2024-10-17 00:00:00
2024-10-03 00:00:00;SO477264;C0019;CT001;709;2024-12-05 00:00:00;2024-12-05 00:00:00;2024-10-07 00:00:00;2024-10-07 00:00:00
2024-10-03 00:00:00;SO678947;C0025;CL002;901;2024-10-31 00:00:00;2024-10-23 00:00:00;2024-10-11 00:00:00;2024-10-03 00:00:00
2024-10-03 00:00:00;SO678947;C0025;VS001;674;2024-10-31 00:00:00;2024-11-08 00:00:00;2024-10-11 00:00:00;2024-10-19 00:00:00
2024-10-03 00:00:00;SO678947;C0025;AS004;725;2024-10-31 00:00:00;2024-11-09 00:00:00;2024-10-11 00:00:00;2024-10-20 00:00:00
2024-10-03 00:00:00;SO678947;C0025;AS002;301;2024-10-31 00:00:00;2024-10-22 00:00:00;2024-10-11 00:00:00;2024-10-02 00:00:00
2024-10-04 00:00:00;SO894654;C0027;CS004;438;2024-11-15 00:00:00;2024-11-14 00:00:00;2024-10-12 00:00:00;2024-10-11 00:00:00
2024-10-04 00:00:00;SO476242;C0017;CS003;407;2024-11-29 00:00:00;2024-12-04 00:00:00;2024-10-08 00:00:00;2024-10-13 00:00:00
2024-10-04 00:00:00;SO772616;C0021;CS004;651;2024-10-18 00:00:00;2024-10-28 00:00:00;2024-10-08 00:00:00;2024-10-18 00:00:00
2024-10-04 00:00:00;SO972148;C0030;CT002;503;2024-12-06 00:00:00;2024-12-14 00:00:00;2024-10-12 00:00:00;2024-10-20 00:00:00
2024-10-04 00:00:00;SO972148;C0030;AT002;1171;2024-12-06 00:00:00;2024-11-29 00:00:00;2024-10-12 00:00:00;2024-10-05 00:00:00
2024-10-04 00:00:00;SO476242;C0017;CT002;795;2024-11-29 00:00:00;2024-12-02 00:00:00;2024-10-08 00:00:00;2024-10-11 00:00:00
2024-10-04 00:00:00;SO772616;C0021;CS001;1065;2024-10-18 00:00:00;2024-10-08 00:00:00;2024-10-08 00:00:00;2024-09-28 00:00:00
2024-10-04 00:00:00;SO772616;C0021;CT002;1008;2024-10-18 00:00:00;2024-10-13 00:00:00;2024-10-08 00:00:00;2024-10-03 00:00:00
2024-10-04 00:00:00;SO772616;C0021;CT003;886;2024-10-18 00:00:00;2024-10-12 00:00:00;2024-10-08 00:00:00;2024-10-02 00:00:00
2024-10-04 00:00:00;SO972148;C0030;VS004;794;2024-12-06 00:00:00;2024-12-03 00:00:00;2024-10-12 00:00:00;2024-10-09 00:00:00
2024-10-04 00:00:00;SO894654;C0027;VS001;1048;2024-11-15 00:00:00;2024-11-19 00:00:00;2024-10-12 00:00:00;2024-10-16 00:00:00
2024-10-04 00:00:00;SO972148;C0030;VS001;683;2024-12-06 00:00:00;2024-12-16 00:00:00;2024-10-12 00:00:00;2024-10-22 00:00:00
2024-10-04 00:00:00;SO772616;C0021;VS003;1278;2024-10-18 00:00:00;2024-10-22 00:00:00;2024-10-08 00:00:00;2024-10-12 00:00:00
2024-10-04 00:00:00;SO476242;C0017;AT002;857;2024-11-29 00:00:00;2024-12-03 00:00:00;2024-10-08 00:00:00;2024-10-12 00:00:00
2024-10-04 00:00:00;SO772616;C0021;AS002;1071;2024-10-18 00:00:00;2024-10-08 00:00:00;2024-10-08 00:00:00;2024-09-28 00:00:00
2024-10-04 00:00:00;SO476242;C0017;CL002;438;2024-11-29 00:00:00;2024-11-25 00:00:00;2024-10-08 00:00:00;2024-10-04 00:00:00
2024-10-04 00:00:00;SO972148;C0030;VS003;1126;2024-12-06 00:00:00;2024-11-29 00:00:00;2024-10-12 00:00:00;2024-10-05 00:00:00
2024-10-07 00:00:00;SO463794;C0030;CT003;698;2024-12-09 00:00:00;2024-12-12 00:00:00;2024-10-15 00:00:00;2024-10-18 00:00:00
2024-10-07 00:00:00;SO722700;C0026;AT002;708;2024-11-11 00:00:00;2024-11-15 00:00:00;2024-10-15 00:00:00;2024-10-19 00:00:00
2024-10-07 00:00:00;SO463794;C0030;AT001;796;2024-12-09 00:00:00;2024-12-12 00:00:00;2024-10-15 00:00:00;2024-10-18 00:00:00
2024-10-07 00:00:00;SO463794;C0030;CS004;386;2024-12-09 00:00:00;2024-12-17 00:00:00;2024-10-15 00:00:00;2024-10-23 00:00:00
2024-10-07 00:00:00;SO722700;C0026;VS004;741;2024-11-11 00:00:00;2024-11-09 00:00:00;2024-10-15 00:00:00;2024-10-13 00:00:00
2024-10-07 00:00:00;SO463794;C0030;AS002;435;2024-12-09 00:00:00;2024-12-16 00:00:00;2024-10-15 00:00:00;2024-10-22 00:00:00
2024-10-07 00:00:00;SO722700;C0026;CT001;962;2024-11-11 00:00:00;2024-11-11 00:00:00;2024-10-15 00:00:00;2024-10-15 00:00:00
2024-10-07 00:00:00;SO463794;C0030;CL002;867;2024-12-09 00:00:00;2024-12-14 00:00:00;2024-10-15 00:00:00;2024-10-20 00:00:00
2024-10-07 00:00:00;SO463794;C0030;CS003;1213;2024-12-09 00:00:00;2024-12-02 00:00:00;2024-10-15 00:00:00;2024-10-08 00:00:00
2024-10-07 00:00:00;SO722700;C0026;AS002;935;2024-11-11 00:00:00;2024-11-14 00:00:00;2024-10-15 00:00:00;2024-10-18 00:00:00
2024-10-07 00:00:00;SO722700;C0026;AS001;432;2024-11-11 00:00:00;2024-11-14 00:00:00;2024-10-15 00:00:00;2024-10-18 00:00:00
2024-10-07 00:00:00;SO722700;C0026;CT003;970;2024-11-11 00:00:00;2024-11-12 00:00:00;2024-10-15 00:00:00;2024-10-16 00:00:00
2024-10-07 00:00:00;SO463794;C0030;AT002;522;2024-12-09 00:00:00;2024-11-29 00:00:00;2024-10-15 00:00:00;2024-10-05 00:00:00
2024-10-07 00:00:00;SO722700;C0026;AL001;475;2024-11-11 00:00:00;2024-11-20 00:00:00;2024-10-15 00:00:00;2024-10-24 00:00:00
2024-10-07 00:00:00;SO722700;C0026;VS001;852;2024-11-11 00:00:00;2024-11-20 00:00:00;2024-10-15 00:00:00;2024-10-24 00:00:00
2024-10-07 00:00:00;SO463794;C0030;AL001;666;2024-12-09 00:00:00;2024-12-03 00:00:00;2024-10-15 00:00:00;2024-10-09 00:00:00
2024-10-07 00:00:00;SO722700;C0026;CT002;635;2024-11-11 00:00:00;2024-11-14 00:00:00;2024-10-15 00:00:00;2024-10-18 00:00:00
2024-10-07 00:00:00;SO463794;C0030;VS001;618;2024-12-09 00:00:00;2024-12-03 00:00:00;2024-10-15 00:00:00;2024-10-09 00:00:00
2024-10-08 00:00:00;SO664320;C0011;AS004;429;2024-11-12 00:00:00;2024-11-16 00:00:00;2024-10-11 00:00:00;2024-10-15 00:00:00
2024-10-08 00:00:00;SO719571;C0014;CT003;577;2024-11-12 00:00:00;2024-11-09 00:00:00;2024-10-12 00:00:00;2024-10-09 00:00:00
2024-10-08 00:00:00;SO921211;C0019;AS003;819;2024-12-10 00:00:00;2024-12-03 00:00:00;2024-10-12 00:00:00;2024-10-05 00:00:00
2024-10-08 00:00:00;SO719571;C0014;VS003;423;2024-11-12 00:00:00;2024-11-09 00:00:00;2024-10-12 00:00:00;2024-10-09 00:00:00
2024-10-08 00:00:00;SO921211;C0019;AT001;679;2024-12-10 00:00:00;2024-12-11 00:00:00;2024-10-12 00:00:00;2024-10-13 00:00:00
2024-10-08 00:00:00;SO719571;C0014;AS005;421;2024-11-12 00:00:00;2024-11-04 00:00:00;2024-10-12 00:00:00;2024-10-04 00:00:00
2024-10-08 00:00:00;SO719571;C0014;CS004;602;2024-11-12 00:00:00;2024-11-03 00:00:00;2024-10-12 00:00:00;2024-10-03 00:00:00
2024-10-08 00:00:00;SO664320;C0011;CL001;636;2024-11-12 00:00:00;2024-11-05 00:00:00;2024-10-11 00:00:00;2024-10-04 00:00:00
2024-10-08 00:00:00;SO664320;C0011;AS005;855;2024-11-12 00:00:00;2024-11-20 00:00:00;2024-10-11 00:00:00;2024-10-19 00:00:00
2024-10-08 00:00:00;SO664320;C0011;AS001;644;2024-11-12 00:00:00;2024-11-22 00:00:00;2024-10-11 00:00:00;2024-10-21 00:00:00
2024-10-08 00:00:00;SO664320;C0011;AS003;290;2024-11-12 00:00:00;2024-11-10 00:00:00;2024-10-11 00:00:00;2024-10-09 00:00:00
2024-10-08 00:00:00;SO921211;C0019;CT003;725;2024-12-10 00:00:00;2024-12-12 00:00:00;2024-10-12 00:00:00;2024-10-14 00:00:00
2024-10-08 00:00:00;SO664320;C0011;CT001;1207;2024-11-12 00:00:00;2024-11-05 00:00:00;2024-10-11 00:00:00;2024-10-04 00:00:00
2024-10-08 00:00:00;SO921211;C0019;CL002;934;2024-12-10 00:00:00;2024-12-01 00:00:00;2024-10-12 00:00:00;2024-10-03 00:00:00
2024-10-08 00:00:00;SO719571;C0014;VS001;826;2024-11-12 00:00:00;2024-11-14 00:00:00;2024-10-12 00:00:00;2024-10-14 00:00:00
2024-10-09 00:00:00;SO452183;C0001;CS001;755;2024-11-06 00:00:00;2024-11-09 00:00:00;2024-10-11 00:00:00;2024-10-14 00:00:00
2024-10-09 00:00:00;SO237951;C0003;AS002;336;2024-11-20 00:00:00;2024-11-23 00:00:00;2024-10-11 00:00:00;2024-10-14 00:00:00
2024-10-09 00:00:00;SO967302;C0026;AS004;1003;2024-11-13 00:00:00;2024-11-16 00:00:00;2024-10-17 00:00:00;2024-10-20 00:00:00
2024-10-09 00:00:00;SO967302;C0026;VS004;1035;2024-11-13 00:00:00;2024-11-07 00:00:00;2024-10-17 00:00:00;2024-10-11 00:00:00
2024-10-09 00:00:00;SO452183;C0001;AS005;561;2024-11-06 00:00:00;2024-10-30 00:00:00;2024-10-11 00:00:00;2024-10-04 00:00:00
2024-10-09 00:00:00;SO237951;C0003;CS003;779;2024-11-20 00:00:00;2024-11-11 00:00:00;2024-10-11 00:00:00;2024-10-02 00:00:00
2024-10-09 00:00:00;SO452183;C0001;AS003;338;2024-11-06 00:00:00;2024-10-31 00:00:00;2024-10-11 00:00:00;2024-10-05 00:00:00
2024-10-09 00:00:00;SO237951;C0003;AL001;1310;2024-11-20 00:00:00;2024-11-17 00:00:00;2024-10-11 00:00:00;2024-10-08 00:00:00
2024-10-09 00:00:00;SO967302;C0026;CS004;735;2024-11-13 00:00:00;2024-11-14 00:00:00;2024-10-17 00:00:00;2024-10-18 00:00:00
2024-10-09 00:00:00;SO452183;C0001;AL001;449;2024-11-06 00:00:00;2024-11-02 00:00:00;2024-10-11 00:00:00;2024-10-07 00:00:00
2024-10-09 00:00:00;SO237951;C0003;CL001;508;2024-11-20 00:00:00;2024-11-11 00:00:00;2024-10-11 00:00:00;2024-10-02 00:00:00
2024-10-09 00:00:00;SO452183;C0001;CS004;824;2024-11-06 00:00:00;2024-11-14 00:00:00;2024-10-11 00:00:00;2024-10-19 00:00:00
2024-10-09 00:00:00;SO967302;C0026;AL001;1267;2024-11-13 00:00:00;2024-11-09 00:00:00;2024-10-17 00:00:00;2024-10-13 00:00:00
2024-10-09 00:00:00;SO452183;C0001;CL002;745;2024-11-06 00:00:00;2024-11-03 00:00:00;2024-10-11 00:00:00;2024-10-08 00:00:00
2024-10-09 00:00:00;SO237951;C0003;CS004;633;2024-11-20 00:00:00;2024-11-15 00:00:00;2024-10-11 00:00:00;2024-10-06 00:00:00
2024-10-09 00:00:00;SO452183;C0001;CS003;335;2024-11-06 00:00:00;2024-10-31 00:00:00;2024-10-11 00:00:00;2024-10-05 00:00:00
2024-10-09 00:00:00;SO452183;C0001;CT002;764;2024-11-06 00:00:00;2024-11-12 00:00:00;2024-10-11 00:00:00;2024-10-17 00:00:00
2024-10-09 00:00:00;SO237951;C0003;VS001;940;2024-11-20 00:00:00;2024-11-18 00:00:00;2024-10-11 00:00:00;2024-10-09 00:00:00
2024-10-09 00:00:00;SO452183;C0001;CT001;356;2024-11-06 00:00:00;2024-11-10 00:00:00;2024-10-11 00:00:00;2024-10-15 00:00:00
2024-10-10 00:00:00;SO415742;C0030;CS003;783;2024-12-12 00:00:00;2024-12-06 00:00:00;2024-10-18 00:00:00;2024-10-12 00:00:00
2024-10-10 00:00:00;SO641129;C0022;CT001;1069;2024-11-21 00:00:00;2024-11-23 00:00:00;2024-10-14 00:00:00;2024-10-16 00:00:00
2024-10-10 00:00:00;SO593346;C0003;AT001;941;2024-11-21 00:00:00;2024-11-29 00:00:00;2024-10-12 00:00:00;2024-10-20 00:00:00
2024-10-10 00:00:00;SO415742;C0030;CS004;926;2024-12-12 00:00:00;2024-12-10 00:00:00;2024-10-18 00:00:00;2024-10-16 00:00:00
2024-10-10 00:00:00;SO641129;C0022;AT002;867;2024-11-21 00:00:00;2024-11-27 00:00:00;2024-10-14 00:00:00;2024-10-20 00:00:00
2024-10-10 00:00:00;SO641129;C0022;CS004;983;2024-11-21 00:00:00;2024-11-19 00:00:00;2024-10-14 00:00:00;2024-10-12 00:00:00
2024-10-10 00:00:00;SO641129;C0022;AS001;898;2024-11-21 00:00:00;2024-11-29 00:00:00;2024-10-14 00:00:00;2024-10-22 00:00:00
2024-10-10 00:00:00;SO415742;C0030;CT002;424;2024-12-12 00:00:00;2024-12-16 00:00:00;2024-10-18 00:00:00;2024-10-22 00:00:00
2024-10-10 00:00:00;SO415742;C0030;AS005;1257;2024-12-12 00:00:00;2024-12-15 00:00:00;2024-10-18 00:00:00;2024-10-21 00:00:00
2024-10-10 00:00:00;SO593346;C0003;AS005;274;2024-11-21 00:00:00;2024-11-18 00:00:00;2024-10-12 00:00:00;2024-10-09 00:00:00
2024-10-10 00:00:00;SO415742;C0030;AS004;741;2024-12-12 00:00:00;2024-12-04 00:00:00;2024-10-18 00:00:00;2024-10-10 00:00:00
2024-10-10 00:00:00;SO415742;C0030;AT001;659;2024-12-12 00:00:00;2024-12-15 00:00:00;2024-10-18 00:00:00;2024-10-21 00:00:00
2024-10-10 00:00:00;SO415742;C0030;CL002;948;2024-12-12 00:00:00;2024-12-16 00:00:00;2024-10-18 00:00:00;2024-10-22 00:00:00
2024-10-10 00:00:00;SO415742;C0030;AS002;645;2024-12-12 00:00:00;2024-12-13 00:00:00;2024-10-18 00:00:00;2024-10-19 00:00:00
2024-10-11 00:00:00;SO796529;C0024;CS004;1092;2024-11-08 00:00:00;2024-11-10 00:00:00;2024-10-15 00:00:00;2024-10-17 00:00:00
2024-10-11 00:00:00;SO921521;C0026;CT001;1017;2024-11-15 00:00:00;2024-11-17 00:00:00;2024-10-19 00:00:00;2024-10-21 00:00:00
2024-10-11 00:00:00;SO796529;C0024;AS003;602;2024-11-08 00:00:00;2024-11-16 00:00:00;2024-10-15 00:00:00;2024-10-23 00:00:00
2024-10-11 00:00:00;SO921521;C0026;VS001;529;2024-11-15 00:00:00;2024-11-15 00:00:00;2024-10-19 00:00:00;2024-10-19 00:00:00
2024-10-11 00:00:00;SO796529;C0024;AS001;692;2024-11-08 00:00:00;2024-10-31 00:00:00;2024-10-15 00:00:00;2024-10-07 00:00:00
2024-10-11 00:00:00;SO796529;C0024;CS001;315;2024-11-08 00:00:00;2024-11-07 00:00:00;2024-10-15 00:00:00;2024-10-14 00:00:00
2024-10-11 00:00:00;SO796529;C0024;AT002;629;2024-11-08 00:00:00;2024-11-09 00:00:00;2024-10-15 00:00:00;2024-10-16 00:00:00
2024-10-11 00:00:00;SO796529;C0024;CT002;452;2024-11-08 00:00:00;2024-11-08 00:00:00;2024-10-15 00:00:00;2024-10-15 00:00:00
2024-10-11 00:00:00;SO796529;C0024;CT001;408;2024-11-08 00:00:00;2024-11-08 00:00:00;2024-10-15 00:00:00;2024-10-15 00:00:00
2024-10-11 00:00:00;SO921521;C0026;AT002;790;2024-11-15 00:00:00;2024-11-17 00:00:00;2024-10-19 00:00:00;2024-10-21 00:00:00
2024-10-11 00:00:00;SO921521;C0026;AS003;709;2024-11-15 00:00:00;2024-11-06 00:00:00;2024-10-19 00:00:00;2024-10-10 00:00:00
2024-10-11 00:00:00;SO796529;C0024;VS001;986;2024-11-08 00:00:00;2024-10-29 00:00:00;2024-10-15 00:00:00;2024-10-05 00:00:00
2024-10-11 00:00:00;SO796529;C0024;CL001;898;2024-11-08 00:00:00;2024-11-15 00:00:00;2024-10-15 00:00:00;2024-10-22 00:00:00
2024-10-11 00:00:00;SO796529;C0024;AL001;857;2024-11-08 00:00:00;2024-11-06 00:00:00;2024-10-15 00:00:00;2024-10-13 00:00:00
2024-10-11 00:00:00;SO921521;C0026;AS005;870;2024-11-15 00:00:00;2024-11-15 00:00:00;2024-10-19 00:00:00;2024-10-19 00:00:00
2024-10-11 00:00:00;SO921521;C0026;CS001;672;2024-11-15 00:00:00;2024-11-19 00:00:00;2024-10-19 00:00:00;2024-10-23 00:00:00
2024-10-11 00:00:00;SO796529;C0024;AS002;897;2024-11-08 00:00:00;2024-11-04 00:00:00;2024-10-15 00:00:00;2024-10-11 00:00:00
2024-10-11 00:00:00;SO796529;C0024;VS004;551;2024-11-08 00:00:00;2024-11-07 00:00:00;2024-10-15 00:00:00;2024-10-14 00:00:00
2024-10-14 00:00:00;SO345302;C0028;CL001;846;2024-10-28 00:00:00;2024-10-24 00:00:00;2024-10-22 00:00:00;2024-10-18 00:00:00
2024-10-14 00:00:00;SO952004;C0017;CT001;948;2024-12-09 00:00:00;2024-11-30 00:00:00;2024-10-18 00:00:00;2024-10-09 00:00:00
2024-10-14 00:00:00;SO389290;C0011;CL001;1163;2024-11-18 00:00:00;2024-11-15 00:00:00;2024-10-17 00:00:00;2024-10-14 00:00:00
2024-10-14 00:00:00;SO924494;C0006;AS004;1142;2024-12-16 00:00:00;2024-12-20 00:00:00;2024-10-16 00:00:00;2024-10-20 00:00:00
2024-10-14 00:00:00;SO389290;C0011;CS001;1061;2024-11-18 00:00:00;2024-11-18 00:00:00;2024-10-17 00:00:00;2024-10-17 00:00:00
2024-10-14 00:00:00;SO952004;C0017;CS001;774;2024-12-09 00:00:00;2024-12-19 00:00:00;2024-10-18 00:00:00;2024-10-28 00:00:00
2024-10-14 00:00:00;SO924494;C0006;CS003;1140;2024-12-16 00:00:00;2024-12-10 00:00:00;2024-10-16 00:00:00;2024-10-10 00:00:00
2024-10-14 00:00:00;SO924494;C0006;AS005;614;2024-12-16 00:00:00;2024-12-25 00:00:00;2024-10-16 00:00:00;2024-10-25 00:00:00
2024-10-14 00:00:00;SO952004;C0017;CS003;419;2024-12-09 00:00:00;2024-12-12 00:00:00;2024-10-18 00:00:00;2024-10-21 00:00:00
2024-10-14 00:00:00;SO924494;C0006;CL002;867;2024-12-16 00:00:00;2024-12-06 00:00:00;2024-10-16 00:00:00;2024-10-06 00:00:00
2024-10-14 00:00:00;SO389290;C0011;AS005;926;2024-11-18 00:00:00;2024-11-19 00:00:00;2024-10-17 00:00:00;2024-10-18 00:00:00
2024-10-14 00:00:00;SO924494;C0006;CT003;896;2024-12-16 00:00:00;2024-12-07 00:00:00;2024-10-16 00:00:00;2024-10-07 00:00:00
2024-10-14 00:00:00;SO345302;C0028;VS004;486;2024-10-28 00:00:00;2024-10-31 00:00:00;2024-10-22 00:00:00;2024-10-25 00:00:00
2024-10-14 00:00:00;SO345302;C0028;AT001;800;2024-10-28 00:00:00;2024-10-18 00:00:00;2024-10-22 00:00:00;2024-10-12 00:00:00
2024-10-15 00:00:00;SO634983;C0008;CS004;411;2024-12-10 00:00:00;2024-12-13 00:00:00;2024-10-18 00:00:00;2024-10-21 00:00:00
2024-10-15 00:00:00;SO428095;C0029;AT001;339;2024-12-10 00:00:00;2024-12-15 00:00:00;2024-10-23 00:00:00;2024-10-28 00:00:00
2024-10-15 00:00:00;SO634983;C0008;AS003;986;2024-12-10 00:00:00;2024-12-10 00:00:00;2024-10-18 00:00:00;2024-10-18 00:00:00
2024-10-15 00:00:00;SO428095;C0029;CT003;508;2024-12-10 00:00:00;2024-12-16 00:00:00;2024-10-23 00:00:00;2024-10-29 00:00:00
2024-10-15 00:00:00;SO428095;C0029;VS004;700;2024-12-10 00:00:00;2024-12-10 00:00:00;2024-10-23 00:00:00;2024-10-23 00:00:00
2024-10-15 00:00:00;SO634983;C0008;AS002;549;2024-12-10 00:00:00;2024-12-14 00:00:00;2024-10-18 00:00:00;2024-10-22 00:00:00
2024-10-15 00:00:00;SO634983;C0008;VS003;651;2024-12-10 00:00:00;2024-12-02 00:00:00;2024-10-18 00:00:00;2024-10-10 00:00:00
2024-10-15 00:00:00;SO634983;C0008;VS004;707;2024-12-10 00:00:00;2024-12-01 00:00:00;2024-10-18 00:00:00;2024-10-09 00:00:00
2024-10-15 00:00:00;SO428095;C0029;VS003;1109;2024-12-10 00:00:00;2024-12-02 00:00:00;2024-10-23 00:00:00;2024-10-15 00:00:00
2024-10-15 00:00:00;SO428095;C0029;CL002;305;2024-12-10 00:00:00;2024-12-11 00:00:00;2024-10-23 00:00:00;2024-10-24 00:00:00
2024-10-15 00:00:00;SO634983;C0008;CL002;1140;2024-12-10 00:00:00;2024-12-01 00:00:00;2024-10-18 00:00:00;2024-10-09 00:00:00
2024-10-15 00:00:00;SO428095;C0029;AS003;716;2024-12-10 00:00:00;2024-12-18 00:00:00;2024-10-23 00:00:00;2024-10-31 00:00:00
2024-10-15 00:00:00;SO428095;C0029;CL001;864;2024-12-10 00:00:00;2024-12-16 00:00:00;2024-10-23 00:00:00;2024-10-29 00:00:00
2024-10-15 00:00:00;SO634983;C0008;AS001;530;2024-12-10 00:00:00;2024-12-19 00:00:00;2024-10-18 00:00:00;2024-10-27 00:00:00
2024-10-16 00:00:00;SO887824;C0005;VS003;958;2024-12-11 00:00:00;2024-12-20 00:00:00;2024-10-18 00:00:00;2024-10-27 00:00:00
2024-10-16 00:00:00;SO906204;C0003;AS002;1323;2024-11-27 00:00:00;2024-12-05 00:00:00;2024-10-18 00:00:00;2024-10-26 00:00:00
2024-10-16 00:00:00;SO865750;C0028;AT002;698;2024-10-30 00:00:00;2024-10-20 00:00:00;2024-10-24 00:00:00;2024-10-14 00:00:00
2024-10-16 00:00:00;SO887824;C0005;VS001;323;2024-12-11 00:00:00;2024-12-18 00:00:00;2024-10-18 00:00:00;2024-10-25 00:00:00
2024-10-16 00:00:00;SO887824;C0005;CS004;546;2024-12-11 00:00:00;2024-12-13 00:00:00;2024-10-18 00:00:00;2024-10-20 00:00:00
2024-10-16 00:00:00;SO865750;C0028;AS003;1089;2024-10-30 00:00:00;2024-10-24 00:00:00;2024-10-24 00:00:00;2024-10-18 00:00:00
2024-10-16 00:00:00;SO865750;C0028;CT003;970;2024-10-30 00:00:00;2024-11-06 00:00:00;2024-10-24 00:00:00;2024-10-31 00:00:00
2024-10-16 00:00:00;SO906204;C0003;AT002;1140;2024-11-27 00:00:00;2024-11-17 00:00:00;2024-10-18 00:00:00;2024-10-08 00:00:00
2024-10-16 00:00:00;SO887824;C0005;AS005;596;2024-12-11 00:00:00;2024-12-08 00:00:00;2024-10-18 00:00:00;2024-10-15 00:00:00
2024-10-16 00:00:00;SO906204;C0003;CS001;581;2024-11-27 00:00:00;2024-11-29 00:00:00;2024-10-18 00:00:00;2024-10-20 00:00:00
2024-10-16 00:00:00;SO865750;C0028;AL001;339;2024-10-30 00:00:00;2024-10-22 00:00:00;2024-10-24 00:00:00;2024-10-16 00:00:00
2024-10-16 00:00:00;SO906204;C0003;CL001;629;2024-11-27 00:00:00;2024-11-24 00:00:00;2024-10-18 00:00:00;2024-10-15 00:00:00
2024-10-16 00:00:00;SO865750;C0028;CL001;758;2024-10-30 00:00:00;2024-10-21 00:00:00;2024-10-24 00:00:00;2024-10-15 00:00:00
2024-10-16 00:00:00;SO865750;C0028;AS002;1004;2024-10-30 00:00:00;2024-10-27 00:00:00;2024-10-24 00:00:00;2024-10-21 00:00:00
2024-10-16 00:00:00;SO865750;C0028;CS004;1108;2024-10-30 00:00:00;2024-10-20 00:00:00;2024-10-24 00:00:00;2024-10-14 00:00:00
2024-10-16 00:00:00;SO906204;C0003;CT002;669;2024-11-27 00:00:00;2024-11-20 00:00:00;2024-10-18 00:00:00;2024-10-11 00:00:00
2024-10-16 00:00:00;SO887824;C0005;CL001;1129;2024-12-11 00:00:00;2024-12-12 00:00:00;2024-10-18 00:00:00;2024-10-19 00:00:00
2024-10-16 00:00:00;SO887824;C0005;AT002;783;2024-12-11 00:00:00;2024-12-01 00:00:00;2024-10-18 00:00:00;2024-10-08 00:00:00
2024-10-17 00:00:00;SO829012;C0013;AS002;541;2024-11-14 00:00:00;2024-11-09 00:00:00;2024-10-21 00:00:00;2024-10-16 00:00:00
2024-10-17 00:00:00;SO905674;C0027;CS004;1029;2024-11-28 00:00:00;2024-12-07 00:00:00;2024-10-25 00:00:00;2024-11-03 00:00:00
2024-10-17 00:00:00;SO348050;C0007;VS001;692;2024-12-19 00:00:00;2024-12-22 00:00:00;2024-10-20 00:00:00;2024-10-23 00:00:00
2024-10-17 00:00:00;SO905674;C0027;AS001;686;2024-11-28 00:00:00;2024-11-22 00:00:00;2024-10-25 00:00:00;2024-10-19 00:00:00
2024-10-17 00:00:00;SO348050;C0007;CT003;514;2024-12-19 00:00:00;2024-12-25 00:00:00;2024-10-20 00:00:00;2024-10-26 00:00:00
2024-10-17 00:00:00;SO348050;C0007;CL001;674;2024-12-19 00:00:00;2024-12-10 00:00:00;2024-10-20 00:00:00;2024-10-11 00:00:00
2024-10-17 00:00:00;SO829012;C0013;AS005;708;2024-11-14 00:00:00;2024-11-04 00:00:00;2024-10-21 00:00:00;2024-10-11 00:00:00
2024-10-17 00:00:00;SO348050;C0007;AT001;1048;2024-12-19 00:00:00;2024-12-28 00:00:00;2024-10-20 00:00:00;2024-10-29 00:00:00
2024-10-17 00:00:00;SO348050;C0007;CS003;1158;2024-12-19 00:00:00;2024-12-16 00:00:00;2024-10-20 00:00:00;2024-10-17 00:00:00
2024-10-17 00:00:00;SO829012;C0013;VS001;862;2024-11-14 00:00:00;2024-11-23 00:00:00;2024-10-21 00:00:00;2024-10-30 00:00:00
2024-10-17 00:00:00;SO348050;C0007;CT001;993;2024-12-19 00:00:00;2024-12-21 00:00:00;2024-10-20 00:00:00;2024-10-22 00:00:00
2024-10-17 00:00:00;SO348050;C0007;CT002;883;2024-12-19 00:00:00;2024-12-28 00:00:00;2024-10-20 00:00:00;2024-10-29 00:00:00
2024-10-17 00:00:00;SO829012;C0013;CS004;346;2024-11-14 00:00:00;2024-11-19 00:00:00;2024-10-21 00:00:00;2024-10-26 00:00:00
2024-10-17 00:00:00;SO829012;C0013;CS001;709;2024-11-14 00:00:00;2024-11-08 00:00:00;2024-10-21 00:00:00;2024-10-15 00:00:00
2024-10-17 00:00:00;SO905674;C0027;CT002;1134;2024-11-28 00:00:00;2024-11-22 00:00:00;2024-10-25 00:00:00;2024-10-19 00:00:00
2024-10-17 00:00:00;SO905674;C0027;CS003;959;2024-11-28 00:00:00;2024-11-27 00:00:00;2024-10-25 00:00:00;2024-10-24 00:00:00
2024-10-17 00:00:00;SO905674;C0027;CT003;510;2024-11-28 00:00:00;2024-11-18 00:00:00;2024-10-25 00:00:00;2024-10-15 00:00:00
2024-10-17 00:00:00;SO905674;C0027;CT001;748;2024-11-28 00:00:00;2024-12-03 00:00:00;2024-10-25 00:00:00;2024-10-30 00:00:00
2024-10-18 00:00:00;SO961406;C0012;CT002;496;2024-11-15 00:00:00;2024-11-10 00:00:00;2024-10-21 00:00:00;2024-10-16 00:00:00
2024-10-18 00:00:00;SO446617;C0018;AT002;709;2024-12-20 00:00:00;2024-12-20 00:00:00;2024-10-22 00:00:00;2024-10-22 00:00:00
2024-10-18 00:00:00;SO740979;C0001;AS001;378;2024-11-15 00:00:00;2024-11-19 00:00:00;2024-10-20 00:00:00;2024-10-24 00:00:00
2024-10-18 00:00:00;SO639181;C0003;CT003;869;2024-11-29 00:00:00;2024-11-26 00:00:00;2024-10-20 00:00:00;2024-10-17 00:00:00
2024-10-18 00:00:00;SO740979;C0001;AL001;613;2024-11-15 00:00:00;2024-11-09 00:00:00;2024-10-20 00:00:00;2024-10-14 00:00:00
2024-10-18 00:00:00;SO446617;C0018;CS001;872;2024-12-20 00:00:00;2024-12-23 00:00:00;2024-10-22 00:00:00;2024-10-25 00:00:00
2024-10-18 00:00:00;SO961406;C0012;AT001;591;2024-11-15 00:00:00;2024-11-24 00:00:00;2024-10-21 00:00:00;2024-10-30 00:00:00
2024-10-18 00:00:00;SO639181;C0003;AS003;1001;2024-11-29 00:00:00;2024-11-22 00:00:00;2024-10-20 00:00:00;2024-10-13 00:00:00
2024-10-18 00:00:00;SO961406;C0012;VS001;679;2024-11-15 00:00:00;2024-11-22 00:00:00;2024-10-21 00:00:00;2024-10-28 00:00:00
2024-10-18 00:00:00;SO961406;C0012;CS003;1290;2024-11-15 00:00:00;2024-11-06 00:00:00;2024-10-21 00:00:00;2024-10-12 00:00:00
2024-10-18 00:00:00;SO740979;C0001;AS005;745;2024-11-15 00:00:00;2024-11-05 00:00:00;2024-10-20 00:00:00;2024-10-10 00:00:00
2024-10-18 00:00:00;SO446617;C0018;AL001;1003;2024-12-20 00:00:00;2024-12-27 00:00:00;2024-10-22 00:00:00;2024-10-29 00:00:00
2024-10-21 00:00:00;SO880237;C0001;AL001;809;2024-11-18 00:00:00;2024-11-26 00:00:00;2024-10-23 00:00:00;2024-10-31 00:00:00
2024-10-21 00:00:00;SO540720;C0002;CT003;787;2024-11-25 00:00:00;2024-11-30 00:00:00;2024-10-23 00:00:00;2024-10-28 00:00:00
2024-10-21 00:00:00;SO557225;C0015;CT003;969;2024-12-02 00:00:00;2024-11-23 00:00:00;2024-10-25 00:00:00;2024-10-16 00:00:00
2024-10-21 00:00:00;SO557225;C0015;VS003;275;2024-12-02 00:00:00;2024-12-06 00:00:00;2024-10-25 00:00:00;2024-10-29 00:00:00
2024-10-21 00:00:00;SO880237;C0001;CS001;1078;2024-11-18 00:00:00;2024-11-26 00:00:00;2024-10-23 00:00:00;2024-10-31 00:00:00
2024-10-21 00:00:00;SO540720;C0002;AS003;502;2024-11-25 00:00:00;2024-11-16 00:00:00;2024-10-23 00:00:00;2024-10-14 00:00:00
2024-10-21 00:00:00;SO540720;C0002;CS001;733;2024-11-25 00:00:00;2024-12-01 00:00:00;2024-10-23 00:00:00;2024-10-29 00:00:00
2024-10-21 00:00:00;SO557225;C0015;AT002;414;2024-12-02 00:00:00;2024-11-26 00:00:00;2024-10-25 00:00:00;2024-10-19 00:00:00
2024-10-21 00:00:00;SO540720;C0002;VS004;371;2024-11-25 00:00:00;2024-11-24 00:00:00;2024-10-23 00:00:00;2024-10-22 00:00:00
2024-10-21 00:00:00;SO540720;C0002;VS003;1163;2024-11-25 00:00:00;2024-12-01 00:00:00;2024-10-23 00:00:00;2024-10-29 00:00:00
2024-10-21 00:00:00;SO880237;C0001;AS001;829;2024-11-18 00:00:00;2024-11-09 00:00:00;2024-10-23 00:00:00;2024-10-14 00:00:00
2024-10-21 00:00:00;SO540720;C0002;AS005;841;2024-11-25 00:00:00;2024-12-05 00:00:00;2024-10-23 00:00:00;2024-11-02 00:00:00
2024-10-21 00:00:00;SO557225;C0015;VS004;853;2024-12-02 00:00:00;2024-11-27 00:00:00;2024-10-25 00:00:00;2024-10-20 00:00:00
2024-10-21 00:00:00;SO880237;C0001;CS004;947;2024-11-18 00:00:00;2024-11-27 00:00:00;2024-10-23 00:00:00;2024-11-01 00:00:00
2024-10-21 00:00:00;SO557225;C0015;AS003;930;2024-12-02 00:00:00;2024-11-25 00:00:00;2024-10-25 00:00:00;2024-10-18 00:00:00
2024-10-21 00:00:00;SO880237;C0001;CL002;1037;2024-11-18 00:00:00;2024-11-15 00:00:00;2024-10-23 00:00:00;2024-10-20 00:00:00
2024-10-21 00:00:00;SO557225;C0015;AS002;478;2024-12-02 00:00:00;2024-12-01 00:00:00;2024-10-25 00:00:00;2024-10-24 00:00:00
2024-10-21 00:00:00;SO557225;C0015;AS004;918;2024-12-02 00:00:00;2024-12-08 00:00:00;2024-10-25 00:00:00;2024-10-31 00:00:00
2024-10-22 00:00:00;SO376959;C0007;VS001;508;2024-12-24 00:00:00;2025-01-01 00:00:00;2024-10-25 00:00:00;2024-11-02 00:00:00
2024-10-22 00:00:00;SO489461;C0030;CT001;1041;2024-12-24 00:00:00;2024-12-22 00:00:00;2024-10-30 00:00:00;2024-10-28 00:00:00
2024-10-22 00:00:00;SO489461;C0030;AS004;657;2024-12-24 00:00:00;2024-12-26 00:00:00;2024-10-30 00:00:00;2024-11-01 00:00:00
2024-10-22 00:00:00;SO489461;C0030;VS003;725;2024-12-24 00:00:00;2024-12-21 00:00:00;2024-10-30 00:00:00;2024-10-27 00:00:00
2024-10-22 00:00:00;SO489461;C0030;VS001;944;2024-12-24 00:00:00;2024-12-17 00:00:00;2024-10-30 00:00:00;2024-10-23 00:00:00
2024-10-22 00:00:00;SO489461;C0030;VS004;668;2024-12-24 00:00:00;2024-12-26 00:00:00;2024-10-30 00:00:00;2024-11-01 00:00:00
2024-10-22 00:00:00;SO489461;C0030;AL001;979;2024-12-24 00:00:00;2024-12-25 00:00:00;2024-10-30 00:00:00;2024-10-31 00:00:00
2024-10-22 00:00:00;SO489461;C0030;CS001;1046;2024-12-24 00:00:00;2024-12-29 00:00:00;2024-10-30 00:00:00;2024-11-04 00:00:00
2024-10-22 00:00:00;SO489461;C0030;AT001;305;2024-12-24 00:00:00;2024-12-27 00:00:00;2024-10-30 00:00:00;2024-11-02 00:00:00
2024-10-22 00:00:00;SO376959;C0007;CT002;945;2024-12-24 00:00:00;2024-12-22 00:00:00;2024-10-25 00:00:00;2024-10-23 00:00:00
2024-10-22 00:00:00;SO376959;C0007;CS003;645;2024-12-24 00:00:00;2024-12-19 00:00:00;2024-10-25 00:00:00;2024-10-20 00:00:00
2024-10-22 00:00:00;SO489461;C0030;AS003;1268;2024-12-24 00:00:00;2024-12-14 00:00:00;2024-10-30 00:00:00;2024-10-20 00:00:00
2024-10-22 00:00:00;SO376959;C0007;AS001;740;2024-12-24 00:00:00;2024-12-24 00:00:00;2024-10-25 00:00:00;2024-10-25 00:00:00
2024-10-22 00:00:00;SO489461;C0030;AS002;981;2024-12-24 00:00:00;2024-12-18 00:00:00;2024-10-30 00:00:00;2024-10-24 00:00:00
2024-10-22 00:00:00;SO376959;C0007;VS003;429;2024-12-24 00:00:00;2024-12-16 00:00:00;2024-10-25 00:00:00;2024-10-17 00:00:00
2024-10-22 00:00:00;SO376959;C0007;CL001;518;2024-12-24 00:00:00;2025-01-03 00:00:00;2024-10-25 00:00:00;2024-11-04 00:00:00
2024-10-22 00:00:00;SO376959;C0007;CT003;617;2024-12-24 00:00:00;2024-12-30 00:00:00;2024-10-25 00:00:00;2024-10-31 00:00:00
2024-10-22 00:00:00;SO376959;C0007;AL001;1215;2024-12-24 00:00:00;2024-12-22 00:00:00;2024-10-25 00:00:00;2024-10-23 00:00:00
2024-10-22 00:00:00;SO376959;C0007;AS002;714;2024-12-24 00:00:00;2024-12-19 00:00:00;2024-10-25 00:00:00;2024-10-20 00:00:00
2024-10-22 00:00:00;SO376959;C0007;AT002;645;2024-12-24 00:00:00;2024-12-23 00:00:00;2024-10-25 00:00:00;2024-10-24 00:00:00
2024-10-23 00:00:00;SO206655;C0018;CT003;678;2024-12-25 00:00:00;2024-12-16 00:00:00;2024-10-27 00:00:00;2024-10-18 00:00:00
2024-10-23 00:00:00;SO167155;C0009;VS001;341;2024-11-06 00:00:00;2024-11-01 00:00:00;2024-10-26 00:00:00;2024-10-21 00:00:00
2024-10-23 00:00:00;SO167155;C0009;AT002;718;2024-11-06 00:00:00;2024-11-01 00:00:00;2024-10-26 00:00:00;2024-10-21 00:00:00
2024-10-23 00:00:00;SO206655;C0018;CT001;1084;2024-12-25 00:00:00;2024-12-31 00:00:00;2024-10-27 00:00:00;2024-11-02 00:00:00
2024-10-23 00:00:00;SO167155;C0009;AS005;909;2024-11-06 00:00:00;2024-10-29 00:00:00;2024-10-26 00:00:00;2024-10-18 00:00:00
2024-10-23 00:00:00;SO206655;C0018;AS004;1112;2024-12-25 00:00:00;2024-12-18 00:00:00;2024-10-27 00:00:00;2024-10-20 00:00:00
2024-10-23 00:00:00;SO167155;C0009;CS003;797;2024-11-06 00:00:00;2024-11-12 00:00:00;2024-10-26 00:00:00;2024-11-01 00:00:00
2024-10-23 00:00:00;SO206655;C0018;AT001;828;2024-12-25 00:00:00;2025-01-01 00:00:00;2024-10-27 00:00:00;2024-11-03 00:00:00
2024-10-23 00:00:00;SO206655;C0018;CL001;967;2024-12-25 00:00:00;2024-12-16 00:00:00;2024-10-27 00:00:00;2024-10-18 00:00:00
2024-10-23 00:00:00;SO206655;C0018;AS002;414;2024-12-25 00:00:00;2024-12-15 00:00:00;2024-10-27 00:00:00;2024-10-17 00:00:00
2024-10-23 00:00:00;SO206655;C0018;CL002;1071;2024-12-25 00:00:00;2024-12-26 00:00:00;2024-10-27 00:00:00;2024-10-28 00:00:00
2024-10-23 00:00:00;SO206655;C0018;CT002;395;2024-12-25 00:00:00;2024-12-27 00:00:00;2024-10-27 00:00:00;2024-10-29 00:00:00
2024-10-23 00:00:00;SO167155;C0009;AS003;623;2024-11-06 00:00:00;2024-11-07 00:00:00;2024-10-26 00:00:00;2024-10-27 00:00:00
2024-10-23 00:00:00;SO206655;C0018;VS003;824;2024-12-25 00:00:00;2024-12-23 00:00:00;2024-10-27 00:00:00;2024-10-25 00:00:00
2024-10-23 00:00:00;SO167155;C0009;CS004;718;2024-11-06 00:00:00;2024-10-27 00:00:00;2024-10-26 00:00:00;2024-10-16 00:00:00
2024-10-23 00:00:00;SO206655;C0018;AS005;440;2024-12-25 00:00:00;2025-01-01 00:00:00;2024-10-27 00:00:00;2024-11-03 00:00:00
2024-10-24 00:00:00;SO492071;C0001;CS001;1015;2024-11-21 00:00:00;2024-11-25 00:00:00;2024-10-26 00:00:00;2024-10-30 00:00:00
2024-10-24 00:00:00;SO296455;C0004;AL001;1000;2024-11-07 00:00:00;2024-11-03 00:00:00;2024-10-26 00:00:00;2024-10-22 00:00:00
2024-10-24 00:00:00;SO492071;C0001;CS004;695;2024-11-21 00:00:00;2024-11-12 00:00:00;2024-10-26 00:00:00;2024-10-17 00:00:00
2024-10-24 00:00:00;SO296455;C0004;AS004;491;2024-11-07 00:00:00;2024-11-05 00:00:00;2024-10-26 00:00:00;2024-10-24 00:00:00
2024-10-24 00:00:00;SO296455;C0004;CS004;411;2024-11-07 00:00:00;2024-11-17 00:00:00;2024-10-26 00:00:00;2024-11-05 00:00:00
2024-10-24 00:00:00;SO296455;C0004;AS003;1065;2024-11-07 00:00:00;2024-11-09 00:00:00;2024-10-26 00:00:00;2024-10-28 00:00:00
2024-10-24 00:00:00;SO492071;C0001;AL001;511;2024-11-21 00:00:00;2024-11-26 00:00:00;2024-10-26 00:00:00;2024-10-31 00:00:00
2024-10-24 00:00:00;SO492071;C0001;CT001;1041;2024-11-21 00:00:00;2024-11-11 00:00:00;2024-10-26 00:00:00;2024-10-16 00:00:00
2024-10-24 00:00:00;SO296455;C0004;CS001;709;2024-11-07 00:00:00;2024-11-03 00:00:00;2024-10-26 00:00:00;2024-10-22 00:00:00
2024-10-24 00:00:00;SO296455;C0004;CL002;954;2024-11-07 00:00:00;2024-11-14 00:00:00;2024-10-26 00:00:00;2024-11-02 00:00:00
2024-10-24 00:00:00;SO296455;C0004;AS001;1275;2024-11-07 00:00:00;2024-10-31 00:00:00;2024-10-26 00:00:00;2024-10-19 00:00:00
2024-10-24 00:00:00;SO296455;C0004;VS004;1190;2024-11-07 00:00:00;2024-11-03 00:00:00;2024-10-26 00:00:00;2024-10-22 00:00:00
2024-10-24 00:00:00;SO492071;C0001;CL002;450;2024-11-21 00:00:00;2024-11-29 00:00:00;2024-10-26 00:00:00;2024-11-03 00:00:00
2024-10-24 00:00:00;SO492071;C0001;AS001;913;2024-11-21 00:00:00;2024-12-01 00:00:00;2024-10-26 00:00:00;2024-11-05 00:00:00
2024-10-24 00:00:00;SO296455;C0004;CS003;725;2024-11-07 00:00:00;2024-11-14 00:00:00;2024-10-26 00:00:00;2024-11-02 00:00:00
2024-10-24 00:00:00;SO296455;C0004;CT001;435;2024-11-07 00:00:00;2024-11-12 00:00:00;2024-10-26 00:00:00;2024-10-31 00:00:00
2024-10-24 00:00:00;SO296455;C0004;AS005;644;2024-11-07 00:00:00;2024-11-07 00:00:00;2024-10-26 00:00:00;2024-10-26 00:00:00
2024-10-24 00:00:00;SO296455;C0004;VS003;703;2024-11-07 00:00:00;2024-11-08 00:00:00;2024-10-26 00:00:00;2024-10-27 00:00:00
2024-10-25 00:00:00;SO758937;C0013;AS002;669;2024-11-22 00:00:00;2024-11-20 00:00:00;2024-10-29 00:00:00;2024-10-27 00:00:00
2024-10-25 00:00:00;SO547200;C0022;CT003;307;2024-12-06 00:00:00;2024-11-26 00:00:00;2024-10-29 00:00:00;2024-10-19 00:00:00
2024-10-25 00:00:00;SO274196;C0012;VS004;1025;2024-11-22 00:00:00;2024-11-23 00:00:00;2024-10-28 00:00:00;2024-10-29 00:00:00
2024-10-25 00:00:00;SO547200;C0022;AS002;528;2024-12-06 00:00:00;2024-12-02 00:00:00;2024-10-29 00:00:00;2024-10-25 00:00:00
2024-10-25 00:00:00;SO274196;C0012;CS001;947;2024-11-22 00:00:00;2024-12-01 00:00:00;2024-10-28 00:00:00;2024-11-06 00:00:00
2024-10-25 00:00:00;SO758937;C0013;VS003;1015;2024-11-22 00:00:00;2024-11-29 00:00:00;2024-10-29 00:00:00;2024-11-05 00:00:00
2024-10-25 00:00:00;SO274196;C0012;VS003;887;2024-11-22 00:00:00;2024-11-15 00:00:00;2024-10-28 00:00:00;2024-10-21 00:00:00
2024-10-25 00:00:00;SO274196;C0012;AT002;744;2024-11-22 00:00:00;2024-11-19 00:00:00;2024-10-28 00:00:00;2024-10-25 00:00:00
2024-10-25 00:00:00;SO758937;C0013;AS005;595;2024-11-22 00:00:00;2024-11-25 00:00:00;2024-10-29 00:00:00;2024-11-01 00:00:00
2024-10-25 00:00:00;SO274196;C0012;CT001;1365;2024-11-22 00:00:00;2024-11-24 00:00:00;2024-10-28 00:00:00;2024-10-30 00:00:00
2024-10-25 00:00:00;SO547200;C0022;AS004;1067;2024-12-06 00:00:00;2024-12-14 00:00:00;2024-10-29 00:00:00;2024-11-06 00:00:00
2024-10-25 00:00:00;SO758937;C0013;VS004;608;2024-11-22 00:00:00;2024-11-26 00:00:00;2024-10-29 00:00:00;2024-11-02 00:00:00
2024-10-25 00:00:00;SO547200;C0022;CT002;1295;2024-12-06 00:00:00;2024-12-10 00:00:00;2024-10-29 00:00:00;2024-11-02 00:00:00
2024-10-25 00:00:00;SO274196;C0012;CT002;797;2024-11-22 00:00:00;2024-11-26 00:00:00;2024-10-28 00:00:00;2024-11-01 00:00:00
2024-10-25 00:00:00;SO547200;C0022;AS001;748;2024-12-06 00:00:00;2024-11-29 00:00:00;2024-10-29 00:00:00;2024-10-22 00:00:00
2024-10-25 00:00:00;SO547200;C0022;CL002;1041;2024-12-06 00:00:00;2024-12-11 00:00:00;2024-10-29 00:00:00;2024-11-03 00:00:00
2024-10-25 00:00:00;SO758937;C0013;AL001;897;2024-11-22 00:00:00;2024-11-22 00:00:00;2024-10-29 00:00:00;2024-10-29 00:00:00
2024-10-28 00:00:00;SO690571;C0008;CS001;478;2024-12-23 00:00:00;2024-12-19 00:00:00;2024-10-31 00:00:00;2024-10-27 00:00:00
2024-10-28 00:00:00;SO788723;C0018;AS003;384;2024-12-30 00:00:00;2025-01-08 00:00:00;2024-11-01 00:00:00;2024-11-10 00:00:00
2024-10-28 00:00:00;SO690571;C0008;VS001;802;2024-12-23 00:00:00;2024-12-27 00:00:00;2024-10-31 00:00:00;2024-11-04 00:00:00
2024-10-28 00:00:00;SO788723;C0018;AL001;1004;2024-12-30 00:00:00;2025-01-07 00:00:00;2024-11-01 00:00:00;2024-11-09 00:00:00
2024-10-28 00:00:00;SO690571;C0008;CT003;912;2024-12-23 00:00:00;2024-12-17 00:00:00;2024-10-31 00:00:00;2024-10-25 00:00:00
2024-10-28 00:00:00;SO788723;C0018;CT002;946;2024-12-30 00:00:00;2024-12-24 00:00:00;2024-11-01 00:00:00;2024-10-26 00:00:00
2024-10-28 00:00:00;SO690571;C0008;CT001;911;2024-12-23 00:00:00;2024-12-30 00:00:00;2024-10-31 00:00:00;2024-11-07 00:00:00
2024-10-28 00:00:00;SO788723;C0018;AS004;347;2024-12-30 00:00:00;2024-12-21 00:00:00;2024-11-01 00:00:00;2024-10-23 00:00:00
2024-10-28 00:00:00;SO690571;C0008;CS004;686;2024-12-23 00:00:00;2024-12-30 00:00:00;2024-10-31 00:00:00;2024-11-07 00:00:00
2024-10-28 00:00:00;SO788723;C0018;CT003;807;2024-12-30 00:00:00;2024-12-28 00:00:00;2024-11-01 00:00:00;2024-10-30 00:00:00
2024-10-28 00:00:00;SO788723;C0018;CS004;566;2024-12-30 00:00:00;2025-01-04 00:00:00;2024-11-01 00:00:00;2024-11-06 00:00:00
2024-10-28 00:00:00;SO788723;C0018;CT001;549;2024-12-30 00:00:00;2024-12-21 00:00:00;2024-11-01 00:00:00;2024-10-23 00:00:00
2024-10-28 00:00:00;SO690571;C0008;AS002;1137;2024-12-23 00:00:00;2024-12-30 00:00:00;2024-10-31 00:00:00;2024-11-07 00:00:00
2024-10-28 00:00:00;SO690571;C0008;AT001;956;2024-12-23 00:00:00;2024-12-25 00:00:00;2024-10-31 00:00:00;2024-11-02 00:00:00
2024-10-28 00:00:00;SO788723;C0018;AS005;318;2024-12-30 00:00:00;2024-12-28 00:00:00;2024-11-01 00:00:00;2024-10-30 00:00:00
2024-10-28 00:00:00;SO788723;C0018;AT002;432;2024-12-30 00:00:00;2025-01-07 00:00:00;2024-11-01 00:00:00;2024-11-09 00:00:00
2024-10-29 00:00:00;SO626061;C0010;CS003;886;2024-12-10 00:00:00;2024-12-06 00:00:00;2024-11-01 00:00:00;2024-10-28 00:00:00
2024-10-29 00:00:00;SO748807;C0003;CT003;449;2024-12-10 00:00:00;2024-12-01 00:00:00;2024-10-31 00:00:00;2024-10-22 00:00:00
2024-10-29 00:00:00;SO176352;C0002;AS002;1323;2024-12-03 00:00:00;2024-12-03 00:00:00;2024-10-31 00:00:00;2024-10-31 00:00:00
2024-10-29 00:00:00;SO176352;C0002;VS001;1213;2024-12-03 00:00:00;2024-12-07 00:00:00;2024-10-31 00:00:00;2024-11-04 00:00:00
2024-10-29 00:00:00;SO748807;C0003;AS002;577;2024-12-10 00:00:00;2024-12-02 00:00:00;2024-10-31 00:00:00;2024-10-23 00:00:00
2024-10-29 00:00:00;SO748807;C0003;AT002;695;2024-12-10 00:00:00;2024-12-14 00:00:00;2024-10-31 00:00:00;2024-11-04 00:00:00
2024-10-29 00:00:00;SO748807;C0003;CL002;1040;2024-12-10 00:00:00;2024-12-12 00:00:00;2024-10-31 00:00:00;2024-11-02 00:00:00
2024-10-29 00:00:00;SO176352;C0002;CS003;847;2024-12-03 00:00:00;2024-11-24 00:00:00;2024-10-31 00:00:00;2024-10-22 00:00:00
2024-10-29 00:00:00;SO626061;C0010;VS001;1141;2024-12-10 00:00:00;2024-11-30 00:00:00;2024-11-01 00:00:00;2024-10-22 00:00:00
2024-10-29 00:00:00;SO626061;C0010;CS004;500;2024-12-10 00:00:00;2024-12-15 00:00:00;2024-11-01 00:00:00;2024-11-06 00:00:00
2024-10-29 00:00:00;SO748807;C0003;VS003;876;2024-12-10 00:00:00;2024-12-19 00:00:00;2024-10-31 00:00:00;2024-11-09 00:00:00
2024-10-29 00:00:00;SO176352;C0002;CS004;837;2024-12-03 00:00:00;2024-12-11 00:00:00;2024-10-31 00:00:00;2024-11-08 00:00:00
2024-10-29 00:00:00;SO626061;C0010;VS004;989;2024-12-10 00:00:00;2024-12-13 00:00:00;2024-11-01 00:00:00;2024-11-04 00:00:00
2024-10-30 00:00:00;SO484087;C0001;CS003;1030;2024-11-27 00:00:00;2024-11-28 00:00:00;2024-11-01 00:00:00;2024-11-02 00:00:00
2024-10-30 00:00:00;SO688491;C0009;AT002;1053;2024-11-13 00:00:00;2024-11-09 00:00:00;2024-11-02 00:00:00;2024-10-29 00:00:00
2024-10-30 00:00:00;SO484087;C0001;AS003;1089;2024-11-27 00:00:00;2024-11-20 00:00:00;2024-11-01 00:00:00;2024-10-25 00:00:00
2024-10-30 00:00:00;SO688491;C0009;AS005;447;2024-11-13 00:00:00;2024-11-09 00:00:00;2024-11-02 00:00:00;2024-10-29 00:00:00
2024-10-30 00:00:00;SO484087;C0001;AT002;673;2024-11-27 00:00:00;2024-11-29 00:00:00;2024-11-01 00:00:00;2024-11-03 00:00:00
2024-10-30 00:00:00;SO688491;C0009;VS004;925;2024-11-13 00:00:00;2024-11-10 00:00:00;2024-11-02 00:00:00;2024-10-30 00:00:00
2024-10-30 00:00:00;SO688491;C0009;CL002;557;2024-11-13 00:00:00;2024-11-08 00:00:00;2024-11-02 00:00:00;2024-10-28 00:00:00
2024-10-30 00:00:00;SO484087;C0001;CT001;1241;2024-11-27 00:00:00;2024-12-07 00:00:00;2024-11-01 00:00:00;2024-11-11 00:00:00
2024-10-30 00:00:00;SO484087;C0001;CL002;841;2024-11-27 00:00:00;2024-11-27 00:00:00;2024-11-01 00:00:00;2024-11-01 00:00:00
2024-10-30 00:00:00;SO688491;C0009;VS001;725;2024-11-13 00:00:00;2024-11-14 00:00:00;2024-11-02 00:00:00;2024-11-03 00:00:00
2024-10-30 00:00:00;SO484087;C0001;AS001;813;2024-11-27 00:00:00;2024-11-17 00:00:00;2024-11-01 00:00:00;2024-10-22 00:00:00
2024-10-30 00:00:00;SO484087;C0001;AS002;813;2024-11-27 00:00:00;2024-12-03 00:00:00;2024-11-01 00:00:00;2024-11-07 00:00:00
2024-10-30 00:00:00;SO484087;C0001;AS004;773;2024-11-27 00:00:00;2024-11-29 00:00:00;2024-11-01 00:00:00;2024-11-03 00:00:00
2024-10-30 00:00:00;SO688491;C0009;AS004;1045;2024-11-13 00:00:00;2024-11-10 00:00:00;2024-11-02 00:00:00;2024-10-30 00:00:00
2024-10-30 00:00:00;SO688491;C0009;CT001;862;2024-11-13 00:00:00;2024-11-22 00:00:00;2024-11-02 00:00:00;2024-11-11 00:00:00
2024-10-30 00:00:00;SO688491;C0009;AS003;447;2024-11-13 00:00:00;2024-11-21 00:00:00;2024-11-02 00:00:00;2024-11-10 00:00:00
2024-10-30 00:00:00;SO484087;C0001;CS001;846;2024-11-27 00:00:00;2024-11-22 00:00:00;2024-11-01 00:00:00;2024-10-27 00:00:00
2024-10-30 00:00:00;SO484087;C0001;CL001;1000;2024-11-27 00:00:00;2024-12-02 00:00:00;2024-11-01 00:00:00;2024-11-06 00:00:00
2024-10-31 00:00:00;SO809601;C0017;AL001;1112;2024-12-26 00:00:00;2025-01-01 00:00:00;2024-11-04 00:00:00;2024-11-10 00:00:00
2024-10-31 00:00:00;SO219670;C0008;CT001;514;2024-12-26 00:00:00;2024-12-22 00:00:00;2024-11-03 00:00:00;2024-10-30 00:00:00
2024-10-31 00:00:00;SO809601;C0017;CS004;1351;2024-12-26 00:00:00;2024-12-31 00:00:00;2024-11-04 00:00:00;2024-11-09 00:00:00
2024-10-31 00:00:00;SO219670;C0008;CS003;596;2024-12-26 00:00:00;2024-12-20 00:00:00;2024-11-03 00:00:00;2024-10-28 00:00:00
2024-10-31 00:00:00;SO809601;C0017;AT001;516;2024-12-26 00:00:00;2024-12-26 00:00:00;2024-11-04 00:00:00;2024-11-04 00:00:00
2024-10-31 00:00:00;SO809601;C0017;AS001;728;2024-12-26 00:00:00;2024-12-23 00:00:00;2024-11-04 00:00:00;2024-11-01 00:00:00
2024-10-31 00:00:00;SO809601;C0017;CS001;405;2024-12-26 00:00:00;2024-12-27 00:00:00;2024-11-04 00:00:00;2024-11-05 00:00:00
2024-10-31 00:00:00;SO219670;C0008;AS002;681;2024-12-26 00:00:00;2025-01-05 00:00:00;2024-11-03 00:00:00;2024-11-13 00:00:00
2024-10-31 00:00:00;SO809601;C0017;CT002;1100;2024-12-26 00:00:00;2024-12-22 00:00:00;2024-11-04 00:00:00;2024-10-31 00:00:00
2024-10-31 00:00:00;SO809601;C0017;AT002;552;2024-12-26 00:00:00;2024-12-26 00:00:00;2024-11-04 00:00:00;2024-11-04 00:00:00
2024-10-31 00:00:00;SO219670;C0008;CT002;456;2024-12-26 00:00:00;2024-12-30 00:00:00;2024-11-03 00:00:00;2024-11-07 00:00:00
2024-10-31 00:00:00;SO809601;C0017;VS004;463;2024-12-26 00:00:00;2025-01-03 00:00:00;2024-11-04 00:00:00;2024-11-12 00:00:00
2024-10-31 00:00:00;SO809601;C0017;CL001;680;2024-12-26 00:00:00;2024-12-18 00:00:00;2024-11-04 00:00:00;2024-10-27 00:00:00
2024-10-31 00:00:00;SO809601;C0017;CL002;883;2024-12-26 00:00:00;2024-12-27 00:00:00;2024-11-04 00:00:00;2024-11-05 00:00:00
2024-10-31 00:00:00;SO809601;C0017;AS005;947;2024-12-26 00:00:00;2024-12-22 00:00:00;2024-11-04 00:00:00;2024-10-31 00:00:00
2024-10-31 00:00:00;SO809601;C0017;CT003;668;2024-12-26 00:00:00;2024-12-31 00:00:00;2024-11-04 00:00:00;2024-11-09 00:00:00
2024-10-31 00:00:00;SO809601;C0017;CS003;997;2024-12-26 00:00:00;2025-01-03 00:00:00;2024-11-04 00:00:00;2024-11-12 00:00:00
2024-10-31 00:00:00;SO219670;C0008;CS001;439;2024-12-26 00:00:00;2024-12-21 00:00:00;2024-11-03 00:00:00;2024-10-29 00:00:00
2024-10-31 00:00:00;SO219670;C0008;CT003;500;2024-12-26 00:00:00;2024-12-25 00:00:00;2024-11-03 00:00:00;2024-11-02 00:00:00
2024-10-31 00:00:00;SO809601;C0017;CT001;516;2024-12-26 00:00:00;2024-12-23 00:00:00;2024-11-04 00:00:00;2024-11-01 00:00:00
2024-11-01 00:00:00;SO749610;C0003;AS001;828;2024-12-13 00:00:00;2024-12-19 00:00:00;2024-11-03 00:00:00;2024-11-09 00:00:00
2024-11-01 00:00:00;SO413863;C0024;AS001;996;2024-11-29 00:00:00;2024-12-09 00:00:00;2024-11-05 00:00:00;2024-11-15 00:00:00
2024-11-01 00:00:00;SO749610;C0003;AS004;1036;2024-12-13 00:00:00;2024-12-03 00:00:00;2024-11-03 00:00:00;2024-10-24 00:00:00
2024-11-01 00:00:00;SO749610;C0003;AS003;881;2024-12-13 00:00:00;2024-12-21 00:00:00;2024-11-03 00:00:00;2024-11-11 00:00:00
2024-11-01 00:00:00;SO413863;C0024;AS003;589;2024-11-29 00:00:00;2024-12-08 00:00:00;2024-11-05 00:00:00;2024-11-14 00:00:00
2024-11-01 00:00:00;SO749610;C0003;AS005;1025;2024-12-13 00:00:00;2024-12-07 00:00:00;2024-11-03 00:00:00;2024-10-28 00:00:00
2024-11-01 00:00:00;SO749610;C0003;VS005;728;2024-12-13 00:00:00;2024-12-16 00:00:00;2024-11-03 00:00:00;2024-11-06 00:00:00
2024-11-01 00:00:00;SO413863;C0024;CL002;1098;2024-11-29 00:00:00;2024-11-29 00:00:00;2024-11-05 00:00:00;2024-11-05 00:00:00
2024-11-01 00:00:00;SO413863;C0024;AS004;449;2024-11-29 00:00:00;2024-11-21 00:00:00;2024-11-05 00:00:00;2024-10-28 00:00:00
2024-11-01 00:00:00;SO413863;C0024;CS004;1082;2024-11-29 00:00:00;2024-12-03 00:00:00;2024-11-05 00:00:00;2024-11-09 00:00:00
2024-11-01 00:00:00;SO749610;C0003;CL001;828;2024-12-13 00:00:00;2024-12-10 00:00:00;2024-11-03 00:00:00;2024-10-31 00:00:00
2024-11-01 00:00:00;SO413863;C0024;AL002;625;2024-11-29 00:00:00;2024-12-06 00:00:00;2024-11-05 00:00:00;2024-11-12 00:00:00
2024-11-01 00:00:00;SO413863;C0024;AS005;835;2024-11-29 00:00:00;2024-12-03 00:00:00;2024-11-05 00:00:00;2024-11-09 00:00:00
2024-11-01 00:00:00;SO749610;C0003;AL002;858;2024-12-13 00:00:00;2024-12-22 00:00:00;2024-11-03 00:00:00;2024-11-12 00:00:00
2024-11-01 00:00:00;SO413863;C0024;VS002;869;2024-11-29 00:00:00;2024-11-25 00:00:00;2024-11-05 00:00:00;2024-11-01 00:00:00
2024-11-01 00:00:00;SO749610;C0003;VS001;1109;2024-12-13 00:00:00;2024-12-06 00:00:00;2024-11-03 00:00:00;2024-10-27 00:00:00
2024-11-04 00:00:00;SO962217;C0003;CS004;1025;2024-12-16 00:00:00;2024-12-07 00:00:00;2024-11-06 00:00:00;2024-10-28 00:00:00
2024-11-04 00:00:00;SO619818;C0004;CS003;1170;2024-11-18 00:00:00;2024-11-12 00:00:00;2024-11-06 00:00:00;2024-10-31 00:00:00
2024-11-04 00:00:00;SO401467;C0013;CL002;652;2024-12-02 00:00:00;2024-12-06 00:00:00;2024-11-08 00:00:00;2024-11-12 00:00:00
2024-11-04 00:00:00;SO790220;C0005;AT002;541;2024-12-30 00:00:00;2024-12-26 00:00:00;2024-11-06 00:00:00;2024-11-02 00:00:00
2024-11-04 00:00:00;SO401467;C0013;VS005;408;2024-12-02 00:00:00;2024-11-30 00:00:00;2024-11-08 00:00:00;2024-11-06 00:00:00
2024-11-04 00:00:00;SO962217;C0003;AS003;805;2024-12-16 00:00:00;2024-12-20 00:00:00;2024-11-06 00:00:00;2024-11-10 00:00:00
2024-11-04 00:00:00;SO401467;C0013;AL002;823;2024-12-02 00:00:00;2024-12-10 00:00:00;2024-11-08 00:00:00;2024-11-16 00:00:00
2024-11-04 00:00:00;SO790220;C0005;CL002;1073;2024-12-30 00:00:00;2025-01-04 00:00:00;2024-11-06 00:00:00;2024-11-11 00:00:00
2024-11-04 00:00:00;SO790220;C0005;AS003;1126;2024-12-30 00:00:00;2024-12-22 00:00:00;2024-11-06 00:00:00;2024-10-29 00:00:00
2024-11-04 00:00:00;SO401467;C0013;AS003;474;2024-12-02 00:00:00;2024-11-30 00:00:00;2024-11-08 00:00:00;2024-11-06 00:00:00
2024-11-04 00:00:00;SO790220;C0005;VS001;630;2024-12-30 00:00:00;2025-01-09 00:00:00;2024-11-06 00:00:00;2024-11-16 00:00:00
2024-11-04 00:00:00;SO790220;C0005;AS004;922;2024-12-30 00:00:00;2025-01-09 00:00:00;2024-11-06 00:00:00;2024-11-16 00:00:00
2024-11-04 00:00:00;SO619818;C0004;AS005;944;2024-11-18 00:00:00;2024-11-22 00:00:00;2024-11-06 00:00:00;2024-11-10 00:00:00
2024-11-04 00:00:00;SO790220;C0005;VS004;968;2024-12-30 00:00:00;2024-12-21 00:00:00;2024-11-06 00:00:00;2024-10-28 00:00:00
2024-11-04 00:00:00;SO401467;C0013;AS004;597;2024-12-02 00:00:00;2024-11-28 00:00:00;2024-11-08 00:00:00;2024-11-04 00:00:00
2024-11-04 00:00:00;SO401467;C0013;VS004;491;2024-12-02 00:00:00;2024-11-30 00:00:00;2024-11-08 00:00:00;2024-11-06 00:00:00
2024-11-04 00:00:00;SO962217;C0003;AT002;402;2024-12-16 00:00:00;2024-12-13 00:00:00;2024-11-06 00:00:00;2024-11-03 00:00:00
2024-11-04 00:00:00;SO790220;C0005;AL001;408;2024-12-30 00:00:00;2025-01-04 00:00:00;2024-11-06 00:00:00;2024-11-11 00:00:00
2024-11-04 00:00:00;SO619818;C0004;AL002;1247;2024-11-18 00:00:00;2024-11-27 00:00:00;2024-11-06 00:00:00;2024-11-15 00:00:00
2024-11-05 00:00:00;SO980395;C0018;AS001;1146;2025-01-07 00:00:00;2025-01-06 00:00:00;2024-11-09 00:00:00;2024-11-08 00:00:00
2024-11-05 00:00:00;SO372986;C0001;CS003;447;2024-12-03 00:00:00;2024-12-09 00:00:00;2024-11-07 00:00:00;2024-11-13 00:00:00
2024-11-05 00:00:00;SO980395;C0018;CS003;343;2025-01-07 00:00:00;2025-01-16 00:00:00;2024-11-09 00:00:00;2024-11-18 00:00:00
2024-11-05 00:00:00;SO372986;C0001;VS004;956;2024-12-03 00:00:00;2024-12-10 00:00:00;2024-11-07 00:00:00;2024-11-14 00:00:00
2024-11-05 00:00:00;SO372986;C0001;CL001;1098;2024-12-03 00:00:00;2024-11-26 00:00:00;2024-11-07 00:00:00;2024-10-31 00:00:00
2024-11-05 00:00:00;SO372986;C0001;VS002;536;2024-12-03 00:00:00;2024-12-13 00:00:00;2024-11-07 00:00:00;2024-11-17 00:00:00
2024-11-05 00:00:00;SO372986;C0001;CT003;627;2024-12-03 00:00:00;2024-12-03 00:00:00;2024-11-07 00:00:00;2024-11-07 00:00:00
2024-11-05 00:00:00;SO372986;C0001;CS004;970;2024-12-03 00:00:00;2024-12-11 00:00:00;2024-11-07 00:00:00;2024-11-15 00:00:00
2024-11-05 00:00:00;SO372986;C0001;AS003;724;2024-12-03 00:00:00;2024-12-02 00:00:00;2024-11-07 00:00:00;2024-11-06 00:00:00
2024-11-05 00:00:00;SO980395;C0018;CT003;950;2025-01-07 00:00:00;2024-12-31 00:00:00;2024-11-09 00:00:00;2024-11-02 00:00:00
2024-11-05 00:00:00;SO372986;C0001;AL002;506;2024-12-03 00:00:00;2024-11-27 00:00:00;2024-11-07 00:00:00;2024-11-01 00:00:00
2024-11-05 00:00:00;SO372986;C0001;AS004;668;2024-12-03 00:00:00;2024-12-11 00:00:00;2024-11-07 00:00:00;2024-11-15 00:00:00
2024-11-05 00:00:00;SO372986;C0001;AT002;936;2024-12-03 00:00:00;2024-11-27 00:00:00;2024-11-07 00:00:00;2024-11-01 00:00:00
2024-11-05 00:00:00;SO980395;C0018;VS003;479;2025-01-07 00:00:00;2025-01-05 00:00:00;2024-11-09 00:00:00;2024-11-07 00:00:00
2024-11-05 00:00:00;SO372986;C0001;VS001;722;2024-12-03 00:00:00;2024-12-01 00:00:00;2024-11-07 00:00:00;2024-11-05 00:00:00
2024-11-05 00:00:00;SO372986;C0001;AL001;809;2024-12-03 00:00:00;2024-12-08 00:00:00;2024-11-07 00:00:00;2024-11-12 00:00:00
2024-11-05 00:00:00;SO980395;C0018;CS004;852;2025-01-07 00:00:00;2025-01-09 00:00:00;2024-11-09 00:00:00;2024-11-11 00:00:00
2024-11-05 00:00:00;SO980395;C0018;AS003;841;2025-01-07 00:00:00;2025-01-05 00:00:00;2024-11-09 00:00:00;2024-11-07 00:00:00
2024-11-05 00:00:00;SO980395;C0018;CL002;808;2025-01-07 00:00:00;2025-01-13 00:00:00;2024-11-09 00:00:00;2024-11-15 00:00:00
2024-11-05 00:00:00;SO372986;C0001;VS003;991;2024-12-03 00:00:00;2024-11-30 00:00:00;2024-11-07 00:00:00;2024-11-04 00:00:00
2024-11-06 00:00:00;SO275820;C0021;CT003;697;2024-11-20 00:00:00;2024-11-14 00:00:00;2024-11-10 00:00:00;2024-11-04 00:00:00
2024-11-06 00:00:00;SO821182;C0019;AS004;588;2025-01-08 00:00:00;2024-12-31 00:00:00;2024-11-10 00:00:00;2024-11-02 00:00:00
2024-11-06 00:00:00;SO821182;C0019;AL002;640;2025-01-08 00:00:00;2025-01-10 00:00:00;2024-11-10 00:00:00;2024-11-12 00:00:00
2024-11-06 00:00:00;SO821182;C0019;AS003;897;2025-01-08 00:00:00;2024-12-31 00:00:00;2024-11-10 00:00:00;2024-11-02 00:00:00
2024-11-06 00:00:00;SO821182;C0019;VS001;847;2025-01-08 00:00:00;2025-01-18 00:00:00;2024-11-10 00:00:00;2024-11-20 00:00:00
2024-11-06 00:00:00;SO275820;C0021;AL001;629;2024-11-20 00:00:00;2024-11-14 00:00:00;2024-11-10 00:00:00;2024-11-04 00:00:00
2024-11-06 00:00:00;SO275820;C0021;AS004;900;2024-11-20 00:00:00;2024-11-23 00:00:00;2024-11-10 00:00:00;2024-11-13 00:00:00
2024-11-06 00:00:00;SO821182;C0019;CT003;580;2025-01-08 00:00:00;2025-01-04 00:00:00;2024-11-10 00:00:00;2024-11-06 00:00:00
2024-11-06 00:00:00;SO275820;C0021;AS003;1164;2024-11-20 00:00:00;2024-11-29 00:00:00;2024-11-10 00:00:00;2024-11-19 00:00:00
2024-11-06 00:00:00;SO821182;C0019;VS003;464;2025-01-08 00:00:00;2025-01-11 00:00:00;2024-11-10 00:00:00;2024-11-13 00:00:00
2024-11-06 00:00:00;SO275820;C0021;VS004;623;2024-11-20 00:00:00;2024-11-25 00:00:00;2024-11-10 00:00:00;2024-11-15 00:00:00
2024-11-06 00:00:00;SO821182;C0019;CS003;873;2025-01-08 00:00:00;2025-01-10 00:00:00;2024-11-10 00:00:00;2024-11-12 00:00:00
2024-11-06 00:00:00;SO821182;C0019;CS004;1093;2025-01-08 00:00:00;2025-01-11 00:00:00;2024-11-10 00:00:00;2024-11-13 00:00:00
2024-11-06 00:00:00;SO821182;C0019;AT002;1186;2025-01-08 00:00:00;2025-01-09 00:00:00;2024-11-10 00:00:00;2024-11-11 00:00:00
2024-11-06 00:00:00;SO821182;C0019;VS005;391;2025-01-08 00:00:00;2025-01-12 00:00:00;2024-11-10 00:00:00;2024-11-14 00:00:00
2024-11-06 00:00:00;SO275820;C0021;CL001;692;2024-11-20 00:00:00;2024-11-16 00:00:00;2024-11-10 00:00:00;2024-11-06 00:00:00
2024-11-06 00:00:00;SO821182;C0019;CL002;585;2025-01-08 00:00:00;2025-01-16 00:00:00;2024-11-10 00:00:00;2024-11-18 00:00:00
2024-11-06 00:00:00;SO821182;C0019;VS004;954;2025-01-08 00:00:00;2025-01-03 00:00:00;2024-11-10 00:00:00;2024-11-05 00:00:00
2024-11-06 00:00:00;SO821182;C0019;AL001;1065;2025-01-08 00:00:00;2025-01-04 00:00:00;2024-11-10 00:00:00;2024-11-06 00:00:00
2024-11-06 00:00:00;SO275820;C0021;AL002;606;2024-11-20 00:00:00;2024-11-23 00:00:00;2024-11-10 00:00:00;2024-11-13 00:00:00
2024-11-07 00:00:00;SO822487;C0023;VS004;763;2024-12-12 00:00:00;2024-12-10 00:00:00;2024-11-11 00:00:00;2024-11-09 00:00:00
2024-11-07 00:00:00;SO830125;C0016;CT003;439;2024-11-21 00:00:00;2024-11-17 00:00:00;2024-11-11 00:00:00;2024-11-07 00:00:00
2024-11-07 00:00:00;SO782773;C0024;VS005;673;2024-12-05 00:00:00;2024-12-03 00:00:00;2024-11-11 00:00:00;2024-11-09 00:00:00
2024-11-07 00:00:00;SO511556;C0011;VS003;1017;2024-12-12 00:00:00;2024-12-10 00:00:00;2024-11-10 00:00:00;2024-11-08 00:00:00
2024-11-07 00:00:00;SO822487;C0023;AL001;540;2024-12-12 00:00:00;2024-12-11 00:00:00;2024-11-11 00:00:00;2024-11-10 00:00:00
2024-11-07 00:00:00;SO822487;C0023;AS004;474;2024-12-12 00:00:00;2024-12-16 00:00:00;2024-11-11 00:00:00;2024-11-15 00:00:00
2024-11-07 00:00:00;SO782773;C0024;VS003;834;2024-12-05 00:00:00;2024-11-26 00:00:00;2024-11-11 00:00:00;2024-11-02 00:00:00
2024-11-07 00:00:00;SO511556;C0011;AS001;483;2024-12-12 00:00:00;2024-12-09 00:00:00;2024-11-10 00:00:00;2024-11-07 00:00:00
2024-11-07 00:00:00;SO830125;C0016;CL002;424;2024-11-21 00:00:00;2024-11-24 00:00:00;2024-11-11 00:00:00;2024-11-14 00:00:00
2024-11-07 00:00:00;SO511556;C0011;VS004;851;2024-12-12 00:00:00;2024-12-03 00:00:00;2024-11-10 00:00:00;2024-11-01 00:00:00
2024-11-07 00:00:00;SO782773;C0024;CS004;597;2024-12-05 00:00:00;2024-12-11 00:00:00;2024-11-11 00:00:00;2024-11-17 00:00:00
2024-11-07 00:00:00;SO830125;C0016;AS005;1137;2024-11-21 00:00:00;2024-11-12 00:00:00;2024-11-11 00:00:00;2024-11-02 00:00:00
2024-11-07 00:00:00;SO511556;C0011;VS005;883;2024-12-12 00:00:00;2024-12-02 00:00:00;2024-11-10 00:00:00;2024-10-31 00:00:00
2024-11-07 00:00:00;SO822487;C0023;VS001;474;2024-12-12 00:00:00;2024-12-19 00:00:00;2024-11-11 00:00:00;2024-11-18 00:00:00
2024-11-07 00:00:00;SO830125;C0016;AL002;1119;2024-11-21 00:00:00;2024-11-28 00:00:00;2024-11-11 00:00:00;2024-11-18 00:00:00
2024-11-07 00:00:00;SO822487;C0023;AS005;530;2024-12-12 00:00:00;2024-12-22 00:00:00;2024-11-11 00:00:00;2024-11-21 00:00:00
2024-11-08 00:00:00;SO482052;C0026;AL001;300;2024-12-13 00:00:00;2024-12-06 00:00:00;2024-11-16 00:00:00;2024-11-09 00:00:00
2024-11-08 00:00:00;SO444265;C0018;AL002;345;2025-01-10 00:00:00;2025-01-08 00:00:00;2024-11-12 00:00:00;2024-11-10 00:00:00
2024-11-08 00:00:00;SO164603;C0006;AS004;1376;2025-01-10 00:00:00;2025-01-12 00:00:00;2024-11-10 00:00:00;2024-11-12 00:00:00
2024-11-08 00:00:00;SO482052;C0026;AS001;792;2024-12-13 00:00:00;2024-12-10 00:00:00;2024-11-16 00:00:00;2024-11-13 00:00:00
2024-11-08 00:00:00;SO164603;C0006;CT003;403;2025-01-10 00:00:00;2025-01-10 00:00:00;2024-11-10 00:00:00;2024-11-10 00:00:00
2024-11-08 00:00:00;SO482052;C0026;CL001;1100;2024-12-13 00:00:00;2024-12-04 00:00:00;2024-11-16 00:00:00;2024-11-07 00:00:00
2024-11-08 00:00:00;SO164603;C0006;AS005;447;2025-01-10 00:00:00;2025-01-18 00:00:00;2024-11-10 00:00:00;2024-11-18 00:00:00
2024-11-08 00:00:00;SO164603;C0006;CL002;670;2025-01-10 00:00:00;2025-01-14 00:00:00;2024-11-10 00:00:00;2024-11-14 00:00:00
2024-11-08 00:00:00;SO482052;C0026;VS004;917;2024-12-13 00:00:00;2024-12-16 00:00:00;2024-11-16 00:00:00;2024-11-19 00:00:00
2024-11-08 00:00:00;SO482052;C0026;VS002;412;2024-12-13 00:00:00;2024-12-23 00:00:00;2024-11-16 00:00:00;2024-11-26 00:00:00
2024-11-08 00:00:00;SO444265;C0018;AS004;670;2025-01-10 00:00:00;2025-01-02 00:00:00;2024-11-12 00:00:00;2024-11-04 00:00:00
2024-11-08 00:00:00;SO164603;C0006;VS005;512;2025-01-10 00:00:00;2025-01-01 00:00:00;2024-11-10 00:00:00;2024-11-01 00:00:00
2024-11-08 00:00:00;SO164603;C0006;VS004;631;2025-01-10 00:00:00;2025-01-16 00:00:00;2024-11-10 00:00:00;2024-11-16 00:00:00
2024-11-11 00:00:00;SO668170;C0010;CS003;670;2024-12-23 00:00:00;2024-12-26 00:00:00;2024-11-14 00:00:00;2024-11-17 00:00:00
2024-11-11 00:00:00;SO154818;C0009;AL002;544;2024-11-25 00:00:00;2024-11-18 00:00:00;2024-11-14 00:00:00;2024-11-07 00:00:00
2024-11-11 00:00:00;SO774471;C0002;AL001;482;2024-12-16 00:00:00;2024-12-15 00:00:00;2024-11-13 00:00:00;2024-11-12 00:00:00
2024-11-11 00:00:00;SO668170;C0010;AS005;826;2024-12-23 00:00:00;2025-01-02 00:00:00;2024-11-14 00:00:00;2024-11-24 00:00:00
2024-11-11 00:00:00;SO154818;C0009;AS001;567;2024-11-25 00:00:00;2024-11-25 00:00:00;2024-11-14 00:00:00;2024-11-14 00:00:00
2024-11-11 00:00:00;SO154818;C0009;AL001;969;2024-11-25 00:00:00;2024-11-21 00:00:00;2024-11-14 00:00:00;2024-11-10 00:00:00
2024-11-11 00:00:00;SO774471;C0002;AL002;399;2024-12-16 00:00:00;2024-12-22 00:00:00;2024-11-13 00:00:00;2024-11-19 00:00:00
2024-11-11 00:00:00;SO668170;C0010;AL001;848;2024-12-23 00:00:00;2024-12-15 00:00:00;2024-11-14 00:00:00;2024-11-06 00:00:00
2024-11-11 00:00:00;SO154818;C0009;CS004;806;2024-11-25 00:00:00;2024-11-27 00:00:00;2024-11-14 00:00:00;2024-11-16 00:00:00
2024-11-11 00:00:00;SO668170;C0010;VS005;482;2024-12-23 00:00:00;2024-12-20 00:00:00;2024-11-14 00:00:00;2024-11-11 00:00:00
2024-11-11 00:00:00;SO154818;C0009;AS005;480;2024-11-25 00:00:00;2024-11-23 00:00:00;2024-11-14 00:00:00;2024-11-12 00:00:00
2024-11-11 00:00:00;SO668170;C0010;CS004;672;2024-12-23 00:00:00;2024-12-14 00:00:00;2024-11-14 00:00:00;2024-11-05 00:00:00
2024-11-11 00:00:00;SO154818;C0009;VS004;790;2024-11-25 00:00:00;2024-11-15 00:00:00;2024-11-14 00:00:00;2024-11-04 00:00:00
2024-11-11 00:00:00;SO774471;C0002;CS004;529;2024-12-16 00:00:00;2024-12-18 00:00:00;2024-11-13 00:00:00;2024-11-15 00:00:00
2024-11-12 00:00:00;SO564763;C0017;VS005;1014;2025-01-07 00:00:00;2024-12-28 00:00:00;2024-11-16 00:00:00;2024-11-06 00:00:00
2024-11-12 00:00:00;SO454115;C0001;CT003;1111;2024-12-10 00:00:00;2024-12-07 00:00:00;2024-11-14 00:00:00;2024-11-11 00:00:00
2024-11-12 00:00:00;SO958060;C0009;AS003;1185;2024-11-26 00:00:00;2024-11-18 00:00:00;2024-11-15 00:00:00;2024-11-07 00:00:00
2024-11-12 00:00:00;SO815996;C0013;VS005;826;2024-12-10 00:00:00;2024-11-30 00:00:00;2024-11-16 00:00:00;2024-11-06 00:00:00
2024-11-12 00:00:00;SO564763;C0017;VS002;1159;2025-01-07 00:00:00;2024-12-29 00:00:00;2024-11-16 00:00:00;2024-11-07 00:00:00
2024-11-12 00:00:00;SO815996;C0013;VS001;803;2024-12-10 00:00:00;2024-12-08 00:00:00;2024-11-16 00:00:00;2024-11-14 00:00:00
2024-11-12 00:00:00;SO815996;C0013;AS004;1046;2024-12-10 00:00:00;2024-12-05 00:00:00;2024-11-16 00:00:00;2024-11-11 00:00:00
2024-11-12 00:00:00;SO815996;C0013;AL001;434;2024-12-10 00:00:00;2024-12-09 00:00:00;2024-11-16 00:00:00;2024-11-15 00:00:00
2024-11-12 00:00:00;SO454115;C0001;VS003;495;2024-12-10 00:00:00;2024-12-12 00:00:00;2024-11-14 00:00:00;2024-11-16 00:00:00
2024-11-12 00:00:00;SO564763;C0017;VS004;901;2025-01-07 00:00:00;2025-01-08 00:00:00;2024-11-16 00:00:00;2024-11-17 00:00:00
2024-11-12 00:00:00;SO564763;C0017;CT003;922;2025-01-07 00:00:00;2025-01-02 00:00:00;2024-11-16 00:00:00;2024-11-11 00:00:00
2024-11-12 00:00:00;SO815996;C0013;AL002;990;2024-12-10 00:00:00;2024-12-19 00:00:00;2024-11-16 00:00:00;2024-11-25 00:00:00
2024-11-12 00:00:00;SO958060;C0009;AS004;824;2024-11-26 00:00:00;2024-11-24 00:00:00;2024-11-15 00:00:00;2024-11-13 00:00:00
2024-11-12 00:00:00;SO958060;C0009;AS001;1100;2024-11-26 00:00:00;2024-11-25 00:00:00;2024-11-15 00:00:00;2024-11-14 00:00:00
2024-11-13 00:00:00;SO257441;C0014;AS005;1174;2024-12-18 00:00:00;2024-12-12 00:00:00;2024-11-17 00:00:00;2024-11-11 00:00:00
2024-11-13 00:00:00;SO970476;C0011;AL001;318;2024-12-18 00:00:00;2024-12-28 00:00:00;2024-11-16 00:00:00;2024-11-26 00:00:00
2024-11-13 00:00:00;SO785039;C0010;VS004;1082;2024-12-25 00:00:00;2025-01-01 00:00:00;2024-11-16 00:00:00;2024-11-23 00:00:00
2024-11-13 00:00:00;SO972347;C0008;VS005;605;2025-01-08 00:00:00;2025-01-09 00:00:00;2024-11-16 00:00:00;2024-11-17 00:00:00
2024-11-13 00:00:00;SO785039;C0010;VS003;414;2024-12-25 00:00:00;2024-12-17 00:00:00;2024-11-16 00:00:00;2024-11-08 00:00:00
2024-11-13 00:00:00;SO257441;C0014;VS005;1175;2024-12-18 00:00:00;2024-12-15 00:00:00;2024-11-17 00:00:00;2024-11-14 00:00:00
2024-11-13 00:00:00;SO257441;C0014;AL002;406;2024-12-18 00:00:00;2024-12-17 00:00:00;2024-11-17 00:00:00;2024-11-16 00:00:00
2024-11-13 00:00:00;SO257441;C0014;AS003;954;2024-12-18 00:00:00;2024-12-28 00:00:00;2024-11-17 00:00:00;2024-11-27 00:00:00
2024-11-13 00:00:00;SO257441;C0014;AL001;1030;2024-12-18 00:00:00;2024-12-13 00:00:00;2024-11-17 00:00:00;2024-11-12 00:00:00
2024-11-13 00:00:00;SO785039;C0010;AS005;1022;2024-12-25 00:00:00;2024-12-24 00:00:00;2024-11-16 00:00:00;2024-11-15 00:00:00
2024-11-13 00:00:00;SO785039;C0010;CS003;661;2024-12-25 00:00:00;2024-12-29 00:00:00;2024-11-16 00:00:00;2024-11-20 00:00:00
2024-11-13 00:00:00;SO972347;C0008;CL001;297;2025-01-08 00:00:00;2025-01-09 00:00:00;2024-11-16 00:00:00;2024-11-17 00:00:00
2024-11-13 00:00:00;SO785039;C0010;AS003;1070;2024-12-25 00:00:00;2024-12-30 00:00:00;2024-11-16 00:00:00;2024-11-21 00:00:00
2024-11-14 00:00:00;SO810180;C0002;CS004;691;2024-12-19 00:00:00;2024-12-28 00:00:00;2024-11-16 00:00:00;2024-11-25 00:00:00
2024-11-14 00:00:00;SO959893;C0029;VS005;986;2025-01-09 00:00:00;2025-01-12 00:00:00;2024-11-22 00:00:00;2024-11-25 00:00:00
2024-11-14 00:00:00;SO628489;C0011;AS003;480;2024-12-19 00:00:00;2024-12-09 00:00:00;2024-11-17 00:00:00;2024-11-07 00:00:00
2024-11-14 00:00:00;SO837562;C0018;AT002;355;2025-01-16 00:00:00;2025-01-17 00:00:00;2024-11-18 00:00:00;2024-11-19 00:00:00
2024-11-14 00:00:00;SO837562;C0018;VS002;869;2025-01-16 00:00:00;2025-01-25 00:00:00;2024-11-18 00:00:00;2024-11-27 00:00:00
2024-11-14 00:00:00;SO959893;C0029;CT003;992;2025-01-09 00:00:00;2025-01-17 00:00:00;2024-11-22 00:00:00;2024-11-30 00:00:00
2024-11-14 00:00:00;SO628489;C0011;AL001;1238;2024-12-19 00:00:00;2024-12-22 00:00:00;2024-11-17 00:00:00;2024-11-20 00:00:00
2024-11-14 00:00:00;SO959893;C0029;CS004;933;2025-01-09 00:00:00;2025-01-09 00:00:00;2024-11-22 00:00:00;2024-11-22 00:00:00
2024-11-14 00:00:00;SO837562;C0018;VS005;952;2025-01-16 00:00:00;2025-01-08 00:00:00;2024-11-18 00:00:00;2024-11-10 00:00:00
2024-11-14 00:00:00;SO628489;C0011;CL002;917;2024-12-19 00:00:00;2024-12-15 00:00:00;2024-11-17 00:00:00;2024-11-13 00:00:00
2024-11-14 00:00:00;SO959893;C0029;CL001;700;2025-01-09 00:00:00;2025-01-11 00:00:00;2024-11-22 00:00:00;2024-11-24 00:00:00
2024-11-14 00:00:00;SO959893;C0029;CS003;935;2025-01-09 00:00:00;2024-12-30 00:00:00;2024-11-22 00:00:00;2024-11-12 00:00:00
2024-11-14 00:00:00;SO628489;C0011;AT002;775;2024-12-19 00:00:00;2024-12-10 00:00:00;2024-11-17 00:00:00;2024-11-08 00:00:00
2024-11-14 00:00:00;SO837562;C0018;CL001;756;2025-01-16 00:00:00;2025-01-15 00:00:00;2024-11-18 00:00:00;2024-11-17 00:00:00
2024-11-14 00:00:00;SO628489;C0011;AS005;979;2024-12-19 00:00:00;2024-12-15 00:00:00;2024-11-17 00:00:00;2024-11-13 00:00:00
2024-11-14 00:00:00;SO959893;C0029;VS002;512;2025-01-09 00:00:00;2025-01-01 00:00:00;2024-11-22 00:00:00;2024-11-14 00:00:00
2024-11-14 00:00:00;SO628489;C0011;CL001;1069;2024-12-19 00:00:00;2024-12-16 00:00:00;2024-11-17 00:00:00;2024-11-14 00:00:00
2024-11-15 00:00:00;SO471270;C0001;CL001;1067;2024-12-13 00:00:00;2024-12-18 00:00:00;2024-11-17 00:00:00;2024-11-22 00:00:00
2024-11-15 00:00:00;SO718380;C0016;AS003;1140;2024-11-29 00:00:00;2024-12-02 00:00:00;2024-11-19 00:00:00;2024-11-22 00:00:00
2024-11-15 00:00:00;SO718380;C0016;VS005;1296;2024-11-29 00:00:00;2024-12-01 00:00:00;2024-11-19 00:00:00;2024-11-21 00:00:00
2024-11-15 00:00:00;SO718380;C0016;VS002;1101;2024-11-29 00:00:00;2024-11-25 00:00:00;2024-11-19 00:00:00;2024-11-15 00:00:00
2024-11-15 00:00:00;SO718380;C0016;CT003;527;2024-11-29 00:00:00;2024-11-19 00:00:00;2024-11-19 00:00:00;2024-11-09 00:00:00
2024-11-15 00:00:00;SO718380;C0016;VS004;1221;2024-11-29 00:00:00;2024-12-06 00:00:00;2024-11-19 00:00:00;2024-11-26 00:00:00
2024-11-15 00:00:00;SO718380;C0016;CL002;822;2024-11-29 00:00:00;2024-12-03 00:00:00;2024-11-19 00:00:00;2024-11-23 00:00:00
2024-11-15 00:00:00;SO471270;C0001;AS001;322;2024-12-13 00:00:00;2024-12-13 00:00:00;2024-11-17 00:00:00;2024-11-17 00:00:00
2024-11-15 00:00:00;SO471270;C0001;AS003;568;2024-12-13 00:00:00;2024-12-12 00:00:00;2024-11-17 00:00:00;2024-11-16 00:00:00
2024-11-15 00:00:00;SO718380;C0016;CL001;1158;2024-11-29 00:00:00;2024-11-28 00:00:00;2024-11-19 00:00:00;2024-11-18 00:00:00
2024-11-15 00:00:00;SO471270;C0001;AS004;896;2024-12-13 00:00:00;2024-12-03 00:00:00;2024-11-17 00:00:00;2024-11-07 00:00:00
2024-11-15 00:00:00;SO471270;C0001;AL002;996;2024-12-13 00:00:00;2024-12-14 00:00:00;2024-11-17 00:00:00;2024-11-18 00:00:00
2024-11-18 00:00:00;SO956292;C0003;CS003;325;2024-12-30 00:00:00;2025-01-01 00:00:00;2024-11-20 00:00:00;2024-11-22 00:00:00
2024-11-18 00:00:00;SO582033;C0004;CL002;808;2024-12-02 00:00:00;2024-12-04 00:00:00;2024-11-20 00:00:00;2024-11-22 00:00:00
2024-11-18 00:00:00;SO438576;C0022;CS003;998;2024-12-30 00:00:00;2024-12-24 00:00:00;2024-11-22 00:00:00;2024-11-16 00:00:00
2024-11-18 00:00:00;SO582033;C0004;AS003;844;2024-12-02 00:00:00;2024-12-07 00:00:00;2024-11-20 00:00:00;2024-11-25 00:00:00
2024-11-18 00:00:00;SO956292;C0003;AS005;305;2024-12-30 00:00:00;2024-12-26 00:00:00;2024-11-20 00:00:00;2024-11-16 00:00:00
2024-11-18 00:00:00;SO582033;C0004;AL002;351;2024-12-02 00:00:00;2024-11-24 00:00:00;2024-11-20 00:00:00;2024-11-12 00:00:00
2024-11-18 00:00:00;SO956292;C0003;AS003;1151;2024-12-30 00:00:00;2024-12-26 00:00:00;2024-11-20 00:00:00;2024-11-16 00:00:00
2024-11-18 00:00:00;SO438576;C0022;CL002;1164;2024-12-30 00:00:00;2025-01-07 00:00:00;2024-11-22 00:00:00;2024-11-30 00:00:00
2024-11-18 00:00:00;SO582033;C0004;VS005;1358;2024-12-02 00:00:00;2024-11-28 00:00:00;2024-11-20 00:00:00;2024-11-16 00:00:00
2024-11-18 00:00:00;SO582033;C0004;AL001;895;2024-12-02 00:00:00;2024-11-22 00:00:00;2024-11-20 00:00:00;2024-11-10 00:00:00
2024-11-18 00:00:00;SO582033;C0004;VS001;745;2024-12-02 00:00:00;2024-12-08 00:00:00;2024-11-20 00:00:00;2024-11-26 00:00:00
2024-11-18 00:00:00;SO582033;C0004;CT003;422;2024-12-02 00:00:00;2024-12-02 00:00:00;2024-11-20 00:00:00;2024-11-20 00:00:00
2024-11-18 00:00:00;SO438576;C0022;AL002;528;2024-12-30 00:00:00;2024-12-27 00:00:00;2024-11-22 00:00:00;2024-11-19 00:00:00
2024-11-18 00:00:00;SO956292;C0003;AS001;397;2024-12-30 00:00:00;2024-12-22 00:00:00;2024-11-20 00:00:00;2024-11-12 00:00:00
2024-11-18 00:00:00;SO438576;C0022;VS003;741;2024-12-30 00:00:00;2024-12-28 00:00:00;2024-11-22 00:00:00;2024-11-20 00:00:00
2024-11-18 00:00:00;SO438576;C0022;AS001;560;2024-12-30 00:00:00;2025-01-04 00:00:00;2024-11-22 00:00:00;2024-11-27 00:00:00
2024-11-18 00:00:00;SO582033;C0004;CL001;436;2024-12-02 00:00:00;2024-11-30 00:00:00;2024-11-20 00:00:00;2024-11-18 00:00:00
2024-11-18 00:00:00;SO956292;C0003;AT002;506;2024-12-30 00:00:00;2025-01-05 00:00:00;2024-11-20 00:00:00;2024-11-26 00:00:00
2024-11-19 00:00:00;SO782455;C0013;CL001;950;2024-12-17 00:00:00;2024-12-11 00:00:00;2024-11-23 00:00:00;2024-11-17 00:00:00
2024-11-19 00:00:00;SO514606;C0005;AT002;701;2025-01-14 00:00:00;2025-01-18 00:00:00;2024-11-21 00:00:00;2024-11-25 00:00:00
2024-11-19 00:00:00;SO514606;C0005;VS005;462;2025-01-14 00:00:00;2025-01-18 00:00:00;2024-11-21 00:00:00;2024-11-25 00:00:00
2024-11-19 00:00:00;SO514606;C0005;AS001;596;2025-01-14 00:00:00;2025-01-06 00:00:00;2024-11-21 00:00:00;2024-11-13 00:00:00
2024-11-19 00:00:00;SO514606;C0005;AL002;970;2025-01-14 00:00:00;2025-01-20 00:00:00;2024-11-21 00:00:00;2024-11-27 00:00:00
2024-11-19 00:00:00;SO514606;C0005;CS003;394;2025-01-14 00:00:00;2025-01-08 00:00:00;2024-11-21 00:00:00;2024-11-15 00:00:00
2024-11-19 00:00:00;SO514606;C0005;AS005;978;2025-01-14 00:00:00;2025-01-16 00:00:00;2024-11-21 00:00:00;2024-11-23 00:00:00
2024-11-19 00:00:00;SO514606;C0005;CL002;924;2025-01-14 00:00:00;2025-01-05 00:00:00;2024-11-21 00:00:00;2024-11-12 00:00:00
2024-11-19 00:00:00;SO782455;C0013;VS005;979;2024-12-17 00:00:00;2024-12-10 00:00:00;2024-11-23 00:00:00;2024-11-16 00:00:00
2024-11-19 00:00:00;SO514606;C0005;AL001;951;2025-01-14 00:00:00;2025-01-24 00:00:00;2024-11-21 00:00:00;2024-12-01 00:00:00
2024-11-19 00:00:00;SO782455;C0013;CT003;828;2024-12-17 00:00:00;2024-12-07 00:00:00;2024-11-23 00:00:00;2024-11-13 00:00:00
2024-11-19 00:00:00;SO514606;C0005;AS003;1246;2025-01-14 00:00:00;2025-01-16 00:00:00;2024-11-21 00:00:00;2024-11-23 00:00:00
2024-11-19 00:00:00;SO782455;C0013;AS001;451;2024-12-17 00:00:00;2024-12-19 00:00:00;2024-11-23 00:00:00;2024-11-25 00:00:00
2024-11-20 00:00:00;SO884238;C0018;CL002;689;2025-01-22 00:00:00;2025-01-12 00:00:00;2024-11-24 00:00:00;2024-11-14 00:00:00
2024-11-20 00:00:00;SO380900;C0015;VS005;1217;2025-01-01 00:00:00;2024-12-29 00:00:00;2024-11-24 00:00:00;2024-11-21 00:00:00
2024-11-20 00:00:00;SO380900;C0015;VS002;446;2025-01-01 00:00:00;2024-12-28 00:00:00;2024-11-24 00:00:00;2024-11-20 00:00:00
2024-11-20 00:00:00;SO380900;C0015;VS003;1061;2025-01-01 00:00:00;2025-01-06 00:00:00;2024-11-24 00:00:00;2024-11-29 00:00:00
2024-11-20 00:00:00;SO380900;C0015;CS004;1323;2025-01-01 00:00:00;2025-01-05 00:00:00;2024-11-24 00:00:00;2024-11-28 00:00:00
2024-11-20 00:00:00;SO380900;C0015;VS004;756;2025-01-01 00:00:00;2024-12-22 00:00:00;2024-11-24 00:00:00;2024-11-14 00:00:00
2024-11-20 00:00:00;SO884238;C0018;AL001;940;2025-01-22 00:00:00;2025-01-28 00:00:00;2024-11-24 00:00:00;2024-11-30 00:00:00
2024-11-20 00:00:00;SO380900;C0015;CL002;677;2025-01-01 00:00:00;2024-12-25 00:00:00;2024-11-24 00:00:00;2024-11-17 00:00:00
2024-11-20 00:00:00;SO884238;C0018;VS002;618;2025-01-22 00:00:00;2025-01-26 00:00:00;2024-11-24 00:00:00;2024-11-28 00:00:00
2024-11-20 00:00:00;SO884238;C0018;CS004;557;2025-01-22 00:00:00;2025-01-24 00:00:00;2024-11-24 00:00:00;2024-11-26 00:00:00
2024-11-20 00:00:00;SO380900;C0015;VS001;723;2025-01-01 00:00:00;2024-12-25 00:00:00;2024-11-24 00:00:00;2024-11-17 00:00:00
2024-11-20 00:00:00;SO884238;C0018;VS003;901;2025-01-22 00:00:00;2025-01-28 00:00:00;2024-11-24 00:00:00;2024-11-30 00:00:00
2024-11-20 00:00:00;SO884238;C0018;VS001;393;2025-01-22 00:00:00;2025-01-30 00:00:00;2024-11-24 00:00:00;2024-12-02 00:00:00
2024-11-20 00:00:00;SO380900;C0015;AS001;747;2025-01-01 00:00:00;2025-01-09 00:00:00;2024-11-24 00:00:00;2024-12-02 00:00:00
2024-11-21 00:00:00;SO886043;C0011;VS002;1026;2024-12-26 00:00:00;2024-12-24 00:00:00;2024-11-24 00:00:00;2024-11-22 00:00:00
2024-11-21 00:00:00;SO166990;C0005;VS001;572;2025-01-16 00:00:00;2025-01-13 00:00:00;2024-11-23 00:00:00;2024-11-20 00:00:00
2024-11-21 00:00:00;SO774658;C0026;CS003;834;2024-12-26 00:00:00;2024-12-29 00:00:00;2024-11-29 00:00:00;2024-12-02 00:00:00
2024-11-21 00:00:00;SO957555;C0001;VS005;1124;2024-12-19 00:00:00;2024-12-14 00:00:00;2024-11-23 00:00:00;2024-11-18 00:00:00
2024-11-21 00:00:00;SO886043;C0011;CL002;1101;2024-12-26 00:00:00;2024-12-23 00:00:00;2024-11-24 00:00:00;2024-11-21 00:00:00
2024-11-21 00:00:00;SO774658;C0026;AL002;801;2024-12-26 00:00:00;2025-01-04 00:00:00;2024-11-29 00:00:00;2024-12-08 00:00:00
2024-11-21 00:00:00;SO774658;C0026;VS001;1109;2024-12-26 00:00:00;2024-12-24 00:00:00;2024-11-29 00:00:00;2024-11-27 00:00:00
2024-11-21 00:00:00;SO886043;C0011;VS003;325;2024-12-26 00:00:00;2025-01-04 00:00:00;2024-11-24 00:00:00;2024-12-03 00:00:00
2024-11-21 00:00:00;SO957555;C0001;CL002;1008;2024-12-19 00:00:00;2024-12-20 00:00:00;2024-11-23 00:00:00;2024-11-24 00:00:00
2024-11-21 00:00:00;SO886043;C0011;CL001;497;2024-12-26 00:00:00;2024-12-16 00:00:00;2024-11-24 00:00:00;2024-11-14 00:00:00
2024-11-21 00:00:00;SO886043;C0011;VS001;477;2024-12-26 00:00:00;2024-12-17 00:00:00;2024-11-24 00:00:00;2024-11-15 00:00:00
2024-11-21 00:00:00;SO166990;C0005;VS005;685;2025-01-16 00:00:00;2025-01-14 00:00:00;2024-11-23 00:00:00;2024-11-21 00:00:00
2024-11-21 00:00:00;SO774658;C0026;CS004;907;2024-12-26 00:00:00;2025-01-05 00:00:00;2024-11-29 00:00:00;2024-12-09 00:00:00
2024-11-21 00:00:00;SO957555;C0001;CT003;728;2024-12-19 00:00:00;2024-12-25 00:00:00;2024-11-23 00:00:00;2024-11-29 00:00:00
2024-11-21 00:00:00;SO166990;C0005;CS004;1267;2025-01-16 00:00:00;2025-01-19 00:00:00;2024-11-23 00:00:00;2024-11-26 00:00:00
2024-11-21 00:00:00;SO957555;C0001;CS004;729;2024-12-19 00:00:00;2024-12-17 00:00:00;2024-11-23 00:00:00;2024-11-21 00:00:00
2024-11-22 00:00:00;SO711776;C0022;VS002;588;2025-01-03 00:00:00;2025-01-01 00:00:00;2024-11-26 00:00:00;2024-11-24 00:00:00
2024-11-22 00:00:00;SO130547;C0002;CL001;388;2024-12-27 00:00:00;2024-12-27 00:00:00;2024-11-24 00:00:00;2024-11-24 00:00:00
2024-11-22 00:00:00;SO170287;C0003;CS004;499;2025-01-03 00:00:00;2024-12-24 00:00:00;2024-11-24 00:00:00;2024-11-14 00:00:00
2024-11-22 00:00:00;SO194226;C0007;AS005;936;2025-01-24 00:00:00;2025-01-17 00:00:00;2024-11-25 00:00:00;2024-11-18 00:00:00
2024-11-22 00:00:00;SO130547;C0002;CS004;959;2024-12-27 00:00:00;2024-12-31 00:00:00;2024-11-24 00:00:00;2024-11-28 00:00:00
2024-11-22 00:00:00;SO711776;C0022;AS004;463;2025-01-03 00:00:00;2024-12-31 00:00:00;2024-11-26 00:00:00;2024-11-23 00:00:00
2024-11-22 00:00:00;SO170287;C0003;VS002;579;2025-01-03 00:00:00;2024-12-28 00:00:00;2024-11-24 00:00:00;2024-11-18 00:00:00
2024-11-22 00:00:00;SO711776;C0022;AL001;713;2025-01-03 00:00:00;2024-12-25 00:00:00;2024-11-26 00:00:00;2024-11-17 00:00:00
2024-11-22 00:00:00;SO170287;C0003;CS003;510;2025-01-03 00:00:00;2024-12-29 00:00:00;2024-11-24 00:00:00;2024-11-19 00:00:00
2024-11-22 00:00:00;SO711776;C0022;AS003;790;2025-01-03 00:00:00;2025-01-12 00:00:00;2024-11-26 00:00:00;2024-12-05 00:00:00
2024-11-22 00:00:00;SO711776;C0022;CS004;792;2025-01-03 00:00:00;2025-01-04 00:00:00;2024-11-26 00:00:00;2024-11-27 00:00:00
2024-11-22 00:00:00;SO130547;C0002;VS001;473;2024-12-27 00:00:00;2025-01-06 00:00:00;2024-11-24 00:00:00;2024-12-04 00:00:00
2024-11-22 00:00:00;SO711776;C0022;AT002;1226;2025-01-03 00:00:00;2025-01-01 00:00:00;2024-11-26 00:00:00;2024-11-24 00:00:00
2024-11-22 00:00:00;SO194226;C0007;AT002;931;2025-01-24 00:00:00;2025-01-28 00:00:00;2024-11-25 00:00:00;2024-11-29 00:00:00
2024-11-22 00:00:00;SO711776;C0022;VS004;297;2025-01-03 00:00:00;2025-01-03 00:00:00;2024-11-26 00:00:00;2024-11-26 00:00:00
2024-11-22 00:00:00;SO130547;C0002;AS003;625;2024-12-27 00:00:00;2024-12-25 00:00:00;2024-11-24 00:00:00;2024-11-22 00:00:00
2024-11-22 00:00:00;SO170287;C0003;AL002;634;2025-01-03 00:00:00;2025-01-09 00:00:00;2024-11-24 00:00:00;2024-11-30 00:00:00
2024-11-22 00:00:00;SO130547;C0002;CT003;741;2024-12-27 00:00:00;2024-12-17 00:00:00;2024-11-24 00:00:00;2024-11-14 00:00:00
2024-11-22 00:00:00;SO170287;C0003;CL001;1375;2025-01-03 00:00:00;2024-12-26 00:00:00;2024-11-24 00:00:00;2024-11-16 00:00:00
2024-11-22 00:00:00;SO170287;C0003;AL001;979;2025-01-03 00:00:00;2025-01-06 00:00:00;2024-11-24 00:00:00;2024-11-27 00:00:00
2024-11-25 00:00:00;SO852957;C0016;VS001;1203;2024-12-09 00:00:00;2024-12-03 00:00:00;2024-11-29 00:00:00;2024-11-23 00:00:00
2024-11-25 00:00:00;SO245288;C0006;CS003;830;2025-01-27 00:00:00;2025-02-04 00:00:00;2024-11-27 00:00:00;2024-12-05 00:00:00
2024-11-25 00:00:00;SO852957;C0016;VS005;1034;2024-12-09 00:00:00;2024-12-13 00:00:00;2024-11-29 00:00:00;2024-12-03 00:00:00
2024-11-25 00:00:00;SO852957;C0016;VS002;450;2024-12-09 00:00:00;2024-12-17 00:00:00;2024-11-29 00:00:00;2024-12-07 00:00:00
2024-11-25 00:00:00;SO852957;C0016;VS004;1101;2024-12-09 00:00:00;2024-12-02 00:00:00;2024-11-29 00:00:00;2024-11-22 00:00:00
2024-11-25 00:00:00;SO852957;C0016;AS005;968;2024-12-09 00:00:00;2024-11-29 00:00:00;2024-11-29 00:00:00;2024-11-19 00:00:00
2024-11-25 00:00:00;SO852957;C0016;CS004;1153;2024-12-09 00:00:00;2024-12-12 00:00:00;2024-11-29 00:00:00;2024-12-02 00:00:00
2024-11-25 00:00:00;SO852957;C0016;AT002;652;2024-12-09 00:00:00;2024-12-15 00:00:00;2024-11-29 00:00:00;2024-12-05 00:00:00
2024-11-25 00:00:00;SO852957;C0016;CL002;734;2024-12-09 00:00:00;2024-12-09 00:00:00;2024-11-29 00:00:00;2024-11-29 00:00:00
2024-11-25 00:00:00;SO245288;C0006;VS002;709;2025-01-27 00:00:00;2025-01-20 00:00:00;2024-11-27 00:00:00;2024-11-20 00:00:00
2024-11-25 00:00:00;SO245288;C0006;AS004;856;2025-01-27 00:00:00;2025-01-25 00:00:00;2024-11-27 00:00:00;2024-11-25 00:00:00
2024-11-25 00:00:00;SO852957;C0016;AS004;490;2024-12-09 00:00:00;2024-12-10 00:00:00;2024-11-29 00:00:00;2024-11-30 00:00:00
2024-11-25 00:00:00;SO245288;C0006;AT002;642;2025-01-27 00:00:00;2025-01-24 00:00:00;2024-11-27 00:00:00;2024-11-24 00:00:00
2024-11-25 00:00:00;SO245288;C0006;CT003;959;2025-01-27 00:00:00;2025-01-19 00:00:00;2024-11-27 00:00:00;2024-11-19 00:00:00
2024-11-25 00:00:00;SO852957;C0016;AL002;588;2024-12-09 00:00:00;2024-12-15 00:00:00;2024-11-29 00:00:00;2024-12-05 00:00:00
2024-11-26 00:00:00;SO645404;C0004;AS004;511;2024-12-10 00:00:00;2024-12-08 00:00:00;2024-11-28 00:00:00;2024-11-26 00:00:00
2024-11-26 00:00:00;SO771277;C0017;AS001;1039;2025-01-21 00:00:00;2025-01-18 00:00:00;2024-11-30 00:00:00;2024-11-27 00:00:00
2024-11-26 00:00:00;SO645404;C0004;VS003;1048;2024-12-10 00:00:00;2024-12-07 00:00:00;2024-11-28 00:00:00;2024-11-25 00:00:00
2024-11-26 00:00:00;SO771277;C0017;AS005;751;2025-01-21 00:00:00;2025-01-21 00:00:00;2024-11-30 00:00:00;2024-11-30 00:00:00
2024-11-26 00:00:00;SO645404;C0004;CS004;508;2024-12-10 00:00:00;2024-12-20 00:00:00;2024-11-28 00:00:00;2024-12-08 00:00:00
2024-11-26 00:00:00;SO771277;C0017;VS003;889;2025-01-21 00:00:00;2025-01-15 00:00:00;2024-11-30 00:00:00;2024-11-24 00:00:00
2024-11-26 00:00:00;SO645404;C0004;VS001;1029;2024-12-10 00:00:00;2024-11-30 00:00:00;2024-11-28 00:00:00;2024-11-18 00:00:00
2024-11-26 00:00:00;SO645404;C0004;CL002;503;2024-12-10 00:00:00;2024-12-20 00:00:00;2024-11-28 00:00:00;2024-12-08 00:00:00
2024-11-26 00:00:00;SO771277;C0017;VS001;472;2025-01-21 00:00:00;2025-01-21 00:00:00;2024-11-30 00:00:00;2024-11-30 00:00:00
2024-11-26 00:00:00;SO771277;C0017;VS005;1124;2025-01-21 00:00:00;2025-01-30 00:00:00;2024-11-30 00:00:00;2024-12-09 00:00:00
2024-11-26 00:00:00;SO771277;C0017;CT003;301;2025-01-21 00:00:00;2025-01-19 00:00:00;2024-11-30 00:00:00;2024-11-28 00:00:00
2024-11-26 00:00:00;SO771277;C0017;AL002;432;2025-01-21 00:00:00;2025-01-14 00:00:00;2024-11-30 00:00:00;2024-11-23 00:00:00
2024-11-26 00:00:00;SO645404;C0004;VS002;1262;2024-12-10 00:00:00;2024-12-17 00:00:00;2024-11-28 00:00:00;2024-12-05 00:00:00
2024-11-26 00:00:00;SO771277;C0017;CL002;696;2025-01-21 00:00:00;2025-01-27 00:00:00;2024-11-30 00:00:00;2024-12-06 00:00:00
2024-11-26 00:00:00;SO771277;C0017;AS004;1203;2025-01-21 00:00:00;2025-01-14 00:00:00;2024-11-30 00:00:00;2024-11-23 00:00:00
2024-11-26 00:00:00;SO771277;C0017;CS003;680;2025-01-21 00:00:00;2025-01-16 00:00:00;2024-11-30 00:00:00;2024-11-25 00:00:00
2024-11-26 00:00:00;SO771277;C0017;CL001;848;2025-01-21 00:00:00;2025-01-11 00:00:00;2024-11-30 00:00:00;2024-11-20 00:00:00
2024-11-27 00:00:00;SO270194;C0023;VS002;575;2025-01-01 00:00:00;2025-01-02 00:00:00;2024-12-01 00:00:00;2024-12-02 00:00:00
2024-11-27 00:00:00;SO129929;C0010;VS004;776;2025-01-08 00:00:00;2025-01-07 00:00:00;2024-11-30 00:00:00;2024-11-29 00:00:00
2024-11-27 00:00:00;SO114609;C0004;CL002;390;2024-12-11 00:00:00;2024-12-15 00:00:00;2024-11-29 00:00:00;2024-12-03 00:00:00
2024-11-27 00:00:00;SO449309;C0008;AS001;673;2025-01-22 00:00:00;2025-01-18 00:00:00;2024-11-30 00:00:00;2024-11-26 00:00:00
2024-11-27 00:00:00;SO114609;C0004;AL001;989;2024-12-11 00:00:00;2024-12-10 00:00:00;2024-11-29 00:00:00;2024-11-28 00:00:00
2024-11-27 00:00:00;SO449309;C0008;VS004;874;2025-01-22 00:00:00;2025-01-20 00:00:00;2024-11-30 00:00:00;2024-11-28 00:00:00
2024-11-27 00:00:00;SO270194;C0023;VS001;1008;2025-01-01 00:00:00;2025-01-07 00:00:00;2024-12-01 00:00:00;2024-12-07 00:00:00
2024-11-27 00:00:00;SO114609;C0004;VS005;1061;2024-12-11 00:00:00;2024-12-14 00:00:00;2024-11-29 00:00:00;2024-12-02 00:00:00
2024-11-27 00:00:00;SO449309;C0008;AT002;924;2025-01-22 00:00:00;2025-01-28 00:00:00;2024-11-30 00:00:00;2024-12-06 00:00:00
2024-11-27 00:00:00;SO129929;C0010;CL002;282;2025-01-08 00:00:00;2024-12-31 00:00:00;2024-11-30 00:00:00;2024-11-22 00:00:00
2024-11-27 00:00:00;SO449309;C0008;AS003;567;2025-01-22 00:00:00;2025-01-15 00:00:00;2024-11-30 00:00:00;2024-11-23 00:00:00
2024-11-27 00:00:00;SO449309;C0008;CS004;407;2025-01-22 00:00:00;2025-01-18 00:00:00;2024-11-30 00:00:00;2024-11-26 00:00:00
2024-11-27 00:00:00;SO114609;C0004;VS004;1052;2024-12-11 00:00:00;2024-12-07 00:00:00;2024-11-29 00:00:00;2024-11-25 00:00:00
2024-11-27 00:00:00;SO114609;C0004;AS005;1082;2024-12-11 00:00:00;2024-12-17 00:00:00;2024-11-29 00:00:00;2024-12-05 00:00:00
2024-11-27 00:00:00;SO114609;C0004;VS002;894;2024-12-11 00:00:00;2024-12-09 00:00:00;2024-11-29 00:00:00;2024-11-27 00:00:00
2024-11-27 00:00:00;SO129929;C0010;CL001;675;2025-01-08 00:00:00;2025-01-15 00:00:00;2024-11-30 00:00:00;2024-12-07 00:00:00
2024-11-27 00:00:00;SO449309;C0008;VS002;1090;2025-01-22 00:00:00;2025-01-27 00:00:00;2024-11-30 00:00:00;2024-12-05 00:00:00
2024-11-28 00:00:00;SO374675;C0027;CL001;1087;2025-01-09 00:00:00;2025-01-10 00:00:00;2024-12-06 00:00:00;2024-12-07 00:00:00
2024-11-28 00:00:00;SO334419;C0024;VS002;1178;2024-12-26 00:00:00;2024-12-21 00:00:00;2024-12-02 00:00:00;2024-11-27 00:00:00
2024-11-28 00:00:00;SO374675;C0027;VS002;514;2025-01-09 00:00:00;2025-01-16 00:00:00;2024-12-06 00:00:00;2024-12-13 00:00:00
2024-11-28 00:00:00;SO374675;C0027;VS001;764;2025-01-09 00:00:00;2025-01-01 00:00:00;2024-12-06 00:00:00;2024-11-28 00:00:00
2024-11-28 00:00:00;SO374675;C0027;CT003;1391;2025-01-09 00:00:00;2025-01-06 00:00:00;2024-12-06 00:00:00;2024-12-03 00:00:00
2024-11-28 00:00:00;SO374675;C0027;AS004;695;2025-01-09 00:00:00;2024-12-31 00:00:00;2024-12-06 00:00:00;2024-11-27 00:00:00
2024-11-28 00:00:00;SO374675;C0027;CS003;1009;2025-01-09 00:00:00;2024-12-31 00:00:00;2024-12-06 00:00:00;2024-11-27 00:00:00
2024-11-28 00:00:00;SO334419;C0024;VS004;784;2024-12-26 00:00:00;2025-01-04 00:00:00;2024-12-02 00:00:00;2024-12-11 00:00:00
2024-11-28 00:00:00;SO334419;C0024;CL002;522;2024-12-26 00:00:00;2025-01-01 00:00:00;2024-12-02 00:00:00;2024-12-08 00:00:00
2024-11-28 00:00:00;SO334419;C0024;AT002;447;2024-12-26 00:00:00;2024-12-27 00:00:00;2024-12-02 00:00:00;2024-12-03 00:00:00
2024-11-28 00:00:00;SO374675;C0027;AS001;1165;2025-01-09 00:00:00;2025-01-01 00:00:00;2024-12-06 00:00:00;2024-11-28 00:00:00
2024-11-28 00:00:00;SO374675;C0027;AL002;474;2025-01-09 00:00:00;2025-01-02 00:00:00;2024-12-06 00:00:00;2024-11-29 00:00:00
2024-11-29 00:00:00;SO834795;C0010;VS001;1132;2025-01-10 00:00:00;2025-01-06 00:00:00;2024-12-02 00:00:00;2024-11-28 00:00:00
2024-11-29 00:00:00;SO709433;C0009;VS002;697;2024-12-13 00:00:00;2024-12-05 00:00:00;2024-12-02 00:00:00;2024-11-24 00:00:00
2024-11-29 00:00:00;SO104402;C0005;CT003;649;2025-01-24 00:00:00;2025-01-15 00:00:00;2024-12-01 00:00:00;2024-11-22 00:00:00
2024-11-29 00:00:00;SO530913;C0024;AL002;929;2024-12-27 00:00:00;2024-12-28 00:00:00;2024-12-03 00:00:00;2024-12-04 00:00:00
2024-11-29 00:00:00;SO709433;C0009;AL002;1115;2024-12-13 00:00:00;2024-12-19 00:00:00;2024-12-02 00:00:00;2024-12-08 00:00:00
2024-11-29 00:00:00;SO104402;C0005;CS003;896;2025-01-24 00:00:00;2025-01-26 00:00:00;2024-12-01 00:00:00;2024-12-03 00:00:00
2024-11-29 00:00:00;SO530913;C0024;AS001;333;2024-12-27 00:00:00;2024-12-23 00:00:00;2024-12-03 00:00:00;2024-11-29 00:00:00
2024-11-29 00:00:00;SO834795;C0010;AL002;1003;2025-01-10 00:00:00;2025-01-03 00:00:00;2024-12-02 00:00:00;2024-11-25 00:00:00
2024-11-29 00:00:00;SO834795;C0010;CT003;1073;2025-01-10 00:00:00;2025-01-15 00:00:00;2024-12-02 00:00:00;2024-12-07 00:00:00
2024-11-29 00:00:00;SO834795;C0010;CL002;758;2025-01-10 00:00:00;2025-01-06 00:00:00;2024-12-02 00:00:00;2024-11-28 00:00:00
2024-11-29 00:00:00;SO834795;C0010;CS003;640;2025-01-10 00:00:00;2025-01-11 00:00:00;2024-12-02 00:00:00;2024-12-03 00:00:00
2024-11-29 00:00:00;SO530913;C0024;AS003;925;2024-12-27 00:00:00;2024-12-26 00:00:00;2024-12-03 00:00:00;2024-12-02 00:00:00
2024-11-29 00:00:00;SO530913;C0024;VS004;346;2024-12-27 00:00:00;2024-12-23 00:00:00;2024-12-03 00:00:00;2024-11-29 00:00:00
2024-11-29 00:00:00;SO104402;C0005;CL001;914;2025-01-24 00:00:00;2025-01-14 00:00:00;2024-12-01 00:00:00;2024-11-21 00:00:00
2024-12-02 00:00:00;SO745586;C0020;VS001;1061;2025-01-27 00:00:00;2025-01-24 00:00:00;2024-12-06 00:00:00;2024-12-03 00:00:00
2024-12-02 00:00:00;SO574664;C0029;CT003;605;2025-01-27 00:00:00;2025-02-01 00:00:00;2024-12-10 00:00:00;2024-12-15 00:00:00
2024-12-02 00:00:00;SO423545;C0006;AL001;978;2025-02-03 00:00:00;2025-02-13 00:00:00;2024-12-04 00:00:00;2024-12-14 00:00:00
2024-12-02 00:00:00;SO139314;C0014;AL002;601;2025-01-06 00:00:00;2025-01-16 00:00:00;2024-12-06 00:00:00;2024-12-16 00:00:00
2024-12-02 00:00:00;SO139314;C0014;CT003;1178;2025-01-06 00:00:00;2025-01-13 00:00:00;2024-12-06 00:00:00;2024-12-13 00:00:00
2024-12-02 00:00:00;SO139314;C0014;CL002;901;2025-01-06 00:00:00;2025-01-08 00:00:00;2024-12-06 00:00:00;2024-12-08 00:00:00
2024-12-02 00:00:00;SO745586;C0020;AS004;961;2025-01-27 00:00:00;2025-02-02 00:00:00;2024-12-06 00:00:00;2024-12-12 00:00:00
2024-12-02 00:00:00;SO423545;C0006;CT001;1091;2025-02-03 00:00:00;2025-01-24 00:00:00;2024-12-04 00:00:00;2024-11-24 00:00:00
2024-12-02 00:00:00;SO423545;C0006;CS001;667;2025-02-03 00:00:00;2025-02-07 00:00:00;2024-12-04 00:00:00;2024-12-08 00:00:00
2024-12-02 00:00:00;SO574664;C0029;VS002;1181;2025-01-27 00:00:00;2025-01-27 00:00:00;2024-12-10 00:00:00;2024-12-10 00:00:00
2024-12-02 00:00:00;SO745586;C0020;AS005;456;2025-01-27 00:00:00;2025-02-03 00:00:00;2024-12-06 00:00:00;2024-12-13 00:00:00
2024-12-02 00:00:00;SO745586;C0020;AL002;1051;2025-01-27 00:00:00;2025-01-19 00:00:00;2024-12-06 00:00:00;2024-11-28 00:00:00
2024-12-02 00:00:00;SO423545;C0006;AS002;659;2025-02-03 00:00:00;2025-02-03 00:00:00;2024-12-04 00:00:00;2024-12-04 00:00:00
2024-12-02 00:00:00;SO574664;C0029;CL002;575;2025-01-27 00:00:00;2025-01-20 00:00:00;2024-12-10 00:00:00;2024-12-03 00:00:00
2024-12-02 00:00:00;SO423545;C0006;CS004;447;2025-02-03 00:00:00;2025-01-30 00:00:00;2024-12-04 00:00:00;2024-11-30 00:00:00
2024-12-02 00:00:00;SO745586;C0020;AL001;551;2025-01-27 00:00:00;2025-02-05 00:00:00;2024-12-06 00:00:00;2024-12-15 00:00:00
2024-12-02 00:00:00;SO139314;C0014;AT002;444;2025-01-06 00:00:00;2024-12-29 00:00:00;2024-12-06 00:00:00;2024-11-28 00:00:00
2024-12-03 00:00:00;SO475932;C0011;AS004;904;2025-01-07 00:00:00;2025-01-07 00:00:00;2024-12-06 00:00:00;2024-12-06 00:00:00
2024-12-03 00:00:00;SO681648;C0016;CT002;611;2024-12-17 00:00:00;2024-12-13 00:00:00;2024-12-07 00:00:00;2024-12-03 00:00:00
2024-12-03 00:00:00;SO681648;C0016;VS003;935;2024-12-17 00:00:00;2024-12-20 00:00:00;2024-12-07 00:00:00;2024-12-10 00:00:00
2024-12-03 00:00:00;SO681648;C0016;AT002;783;2024-12-17 00:00:00;2024-12-13 00:00:00;2024-12-07 00:00:00;2024-12-03 00:00:00
2024-12-03 00:00:00;SO475932;C0011;CS003;668;2025-01-07 00:00:00;2024-12-28 00:00:00;2024-12-06 00:00:00;2024-11-26 00:00:00
2024-12-03 00:00:00;SO475932;C0011;CS002;744;2025-01-07 00:00:00;2025-01-03 00:00:00;2024-12-06 00:00:00;2024-12-02 00:00:00
2024-12-03 00:00:00;SO681648;C0016;AS005;961;2024-12-17 00:00:00;2024-12-12 00:00:00;2024-12-07 00:00:00;2024-12-02 00:00:00
2024-12-03 00:00:00;SO475932;C0011;AS003;1249;2025-01-07 00:00:00;2024-12-29 00:00:00;2024-12-06 00:00:00;2024-11-27 00:00:00
2024-12-03 00:00:00;SO475932;C0011;AT001;272;2025-01-07 00:00:00;2025-01-13 00:00:00;2024-12-06 00:00:00;2024-12-12 00:00:00
2024-12-03 00:00:00;SO681648;C0016;VS001;880;2024-12-17 00:00:00;2024-12-09 00:00:00;2024-12-07 00:00:00;2024-11-29 00:00:00
2024-12-03 00:00:00;SO475932;C0011;VS001;433;2025-01-07 00:00:00;2025-01-15 00:00:00;2024-12-06 00:00:00;2024-12-14 00:00:00
2024-12-03 00:00:00;SO681648;C0016;AT001;397;2024-12-17 00:00:00;2024-12-08 00:00:00;2024-12-07 00:00:00;2024-11-28 00:00:00
2024-12-04 00:00:00;SO104150;C0020;AS005;681;2025-01-29 00:00:00;2025-01-25 00:00:00;2024-12-08 00:00:00;2024-12-04 00:00:00
2024-12-04 00:00:00;SO252223;C0015;AT002;533;2025-01-15 00:00:00;2025-01-16 00:00:00;2024-12-08 00:00:00;2024-12-09 00:00:00
2024-12-04 00:00:00;SO104150;C0020;CS002;513;2025-01-29 00:00:00;2025-01-29 00:00:00;2024-12-08 00:00:00;2024-12-08 00:00:00
2024-12-04 00:00:00;SO104150;C0020;AS002;691;2025-01-29 00:00:00;2025-01-26 00:00:00;2024-12-08 00:00:00;2024-12-05 00:00:00
2024-12-04 00:00:00;SO252223;C0015;AS002;570;2025-01-15 00:00:00;2025-01-20 00:00:00;2024-12-08 00:00:00;2024-12-13 00:00:00
2024-12-04 00:00:00;SO252223;C0015;CS001;825;2025-01-15 00:00:00;2025-01-11 00:00:00;2024-12-08 00:00:00;2024-12-04 00:00:00
2024-12-04 00:00:00;SO104150;C0020;AS003;742;2025-01-29 00:00:00;2025-01-28 00:00:00;2024-12-08 00:00:00;2024-12-07 00:00:00
2024-12-04 00:00:00;SO104150;C0020;CT001;389;2025-01-29 00:00:00;2025-02-06 00:00:00;2024-12-08 00:00:00;2024-12-16 00:00:00
2024-12-04 00:00:00;SO104150;C0020;AS004;385;2025-01-29 00:00:00;2025-01-26 00:00:00;2024-12-08 00:00:00;2024-12-05 00:00:00
2024-12-04 00:00:00;SO252223;C0015;CT003;622;2025-01-15 00:00:00;2025-01-14 00:00:00;2024-12-08 00:00:00;2024-12-07 00:00:00
2024-12-04 00:00:00;SO252223;C0015;CS002;739;2025-01-15 00:00:00;2025-01-21 00:00:00;2024-12-08 00:00:00;2024-12-14 00:00:00
2024-12-04 00:00:00;SO104150;C0020;CS003;1091;2025-01-29 00:00:00;2025-01-24 00:00:00;2024-12-08 00:00:00;2024-12-03 00:00:00
2024-12-04 00:00:00;SO252223;C0015;CS003;1095;2025-01-15 00:00:00;2025-01-10 00:00:00;2024-12-08 00:00:00;2024-12-03 00:00:00
2024-12-04 00:00:00;SO104150;C0020;CT003;530;2025-01-29 00:00:00;2025-01-26 00:00:00;2024-12-08 00:00:00;2024-12-05 00:00:00
2024-12-04 00:00:00;SO252223;C0015;AL002;609;2025-01-15 00:00:00;2025-01-08 00:00:00;2024-12-08 00:00:00;2024-12-01 00:00:00
2024-12-05 00:00:00;SO446238;C0004;VS001;734;2024-12-19 00:00:00;2024-12-17 00:00:00;2024-12-07 00:00:00;2024-12-05 00:00:00
2024-12-05 00:00:00;SO418492;C0007;AL002;421;2025-02-06 00:00:00;2025-02-16 00:00:00;2024-12-08 00:00:00;2024-12-18 00:00:00
2024-12-05 00:00:00;SO977446;C0020;AS003;891;2025-01-30 00:00:00;2025-01-20 00:00:00;2024-12-09 00:00:00;2024-11-29 00:00:00
2024-12-05 00:00:00;SO388096;C0005;AT002;346;2025-01-30 00:00:00;2025-01-20 00:00:00;2024-12-07 00:00:00;2024-11-27 00:00:00
2024-12-05 00:00:00;SO446238;C0004;CL001;385;2024-12-19 00:00:00;2024-12-10 00:00:00;2024-12-07 00:00:00;2024-11-28 00:00:00
2024-12-05 00:00:00;SO446238;C0004;CT001;510;2024-12-19 00:00:00;2024-12-15 00:00:00;2024-12-07 00:00:00;2024-12-03 00:00:00
2024-12-05 00:00:00;SO418492;C0007;AS001;528;2025-02-06 00:00:00;2025-02-11 00:00:00;2024-12-08 00:00:00;2024-12-13 00:00:00
2024-12-05 00:00:00;SO977446;C0020;AS001;1120;2025-01-30 00:00:00;2025-01-24 00:00:00;2024-12-09 00:00:00;2024-12-03 00:00:00
2024-12-05 00:00:00;SO418492;C0007;VS005;709;2025-02-06 00:00:00;2025-01-30 00:00:00;2024-12-08 00:00:00;2024-12-01 00:00:00
2024-12-05 00:00:00;SO977446;C0020;CL001;703;2025-01-30 00:00:00;2025-01-30 00:00:00;2024-12-09 00:00:00;2024-12-09 00:00:00
2024-12-05 00:00:00;SO388096;C0005;AT001;378;2025-01-30 00:00:00;2025-01-29 00:00:00;2024-12-07 00:00:00;2024-12-06 00:00:00
2024-12-05 00:00:00;SO388096;C0005;AS001;989;2025-01-30 00:00:00;2025-01-25 00:00:00;2024-12-07 00:00:00;2024-12-02 00:00:00
2024-12-05 00:00:00;SO977446;C0020;CS002;1057;2025-01-30 00:00:00;2025-02-05 00:00:00;2024-12-09 00:00:00;2024-12-15 00:00:00
2024-12-05 00:00:00;SO977446;C0020;VS002;968;2025-01-30 00:00:00;2025-01-29 00:00:00;2024-12-09 00:00:00;2024-12-08 00:00:00
2024-12-05 00:00:00;SO388096;C0005;VS003;709;2025-01-30 00:00:00;2025-01-28 00:00:00;2024-12-07 00:00:00;2024-12-05 00:00:00
2024-12-05 00:00:00;SO977446;C0020;CS001;316;2025-01-30 00:00:00;2025-01-23 00:00:00;2024-12-09 00:00:00;2024-12-02 00:00:00
2024-12-05 00:00:00;SO446238;C0004;VS004;862;2024-12-19 00:00:00;2024-12-27 00:00:00;2024-12-07 00:00:00;2024-12-15 00:00:00
2024-12-05 00:00:00;SO418492;C0007;CS002;737;2025-02-06 00:00:00;2025-02-16 00:00:00;2024-12-08 00:00:00;2024-12-18 00:00:00
2024-12-06 00:00:00;SO820733;C0008;AL002;867;2025-01-31 00:00:00;2025-01-23 00:00:00;2024-12-09 00:00:00;2024-12-01 00:00:00
2024-12-06 00:00:00;SO471167;C0007;AL002;1070;2025-02-07 00:00:00;2025-02-09 00:00:00;2024-12-09 00:00:00;2024-12-11 00:00:00
2024-12-06 00:00:00;SO145884;C0014;VS001;452;2025-01-10 00:00:00;2025-01-08 00:00:00;2024-12-10 00:00:00;2024-12-08 00:00:00
2024-12-06 00:00:00;SO247817;C0013;CL002;393;2025-01-03 00:00:00;2025-01-01 00:00:00;2024-12-10 00:00:00;2024-12-08 00:00:00
2024-12-06 00:00:00;SO471167;C0007;CT001;1140;2025-02-07 00:00:00;2025-02-17 00:00:00;2024-12-09 00:00:00;2024-12-19 00:00:00
2024-12-06 00:00:00;SO247817;C0013;VS004;317;2025-01-03 00:00:00;2025-01-09 00:00:00;2024-12-10 00:00:00;2024-12-16 00:00:00
2024-12-06 00:00:00;SO471167;C0007;CL002;542;2025-02-07 00:00:00;2025-02-13 00:00:00;2024-12-09 00:00:00;2024-12-15 00:00:00
2024-12-06 00:00:00;SO471167;C0007;CL001;613;2025-02-07 00:00:00;2025-02-14 00:00:00;2024-12-09 00:00:00;2024-12-16 00:00:00
2024-12-06 00:00:00;SO247817;C0013;AL001;1039;2025-01-03 00:00:00;2025-01-04 00:00:00;2024-12-10 00:00:00;2024-12-11 00:00:00
2024-12-06 00:00:00;SO471167;C0007;VS005;349;2025-02-07 00:00:00;2025-02-08 00:00:00;2024-12-09 00:00:00;2024-12-10 00:00:00
2024-12-06 00:00:00;SO820733;C0008;AS002;808;2025-01-31 00:00:00;2025-02-08 00:00:00;2024-12-09 00:00:00;2024-12-17 00:00:00
2024-12-06 00:00:00;SO820733;C0008;CS003;762;2025-01-31 00:00:00;2025-02-03 00:00:00;2024-12-09 00:00:00;2024-12-12 00:00:00
2024-12-06 00:00:00;SO820733;C0008;CL001;845;2025-01-31 00:00:00;2025-02-06 00:00:00;2024-12-09 00:00:00;2024-12-15 00:00:00
2024-12-06 00:00:00;SO247817;C0013;AS001;911;2025-01-03 00:00:00;2025-01-01 00:00:00;2024-12-10 00:00:00;2024-12-08 00:00:00
2024-12-06 00:00:00;SO471167;C0007;CS004;876;2025-02-07 00:00:00;2025-01-29 00:00:00;2024-12-09 00:00:00;2024-11-30 00:00:00
2024-12-06 00:00:00;SO820733;C0008;AS003;601;2025-01-31 00:00:00;2025-02-07 00:00:00;2024-12-09 00:00:00;2024-12-16 00:00:00
2024-12-06 00:00:00;SO145884;C0014;VS004;644;2025-01-10 00:00:00;2025-01-09 00:00:00;2024-12-10 00:00:00;2024-12-09 00:00:00
2024-12-06 00:00:00;SO145884;C0014;AL001;1178;2025-01-10 00:00:00;2025-01-05 00:00:00;2024-12-10 00:00:00;2024-12-05 00:00:00
2024-12-06 00:00:00;SO820733;C0008;AS001;533;2025-01-31 00:00:00;2025-01-26 00:00:00;2024-12-09 00:00:00;2024-12-04 00:00:00
2024-12-09 00:00:00;SO868745;C0019;VS003;346;2025-02-10 00:00:00;2025-02-01 00:00:00;2024-12-13 00:00:00;2024-12-04 00:00:00
2024-12-09 00:00:00;SO739290;C0023;AS003;649;2025-01-13 00:00:00;2025-01-23 00:00:00;2024-12-13 00:00:00;2024-12-23 00:00:00
2024-12-09 00:00:00;SO695889;C0011;CS002;539;2025-01-13 00:00:00;2025-01-15 00:00:00;2024-12-12 00:00:00;2024-12-14 00:00:00
2024-12-09 00:00:00;SO622738;C0026;AL002;1051;2025-01-13 00:00:00;2025-01-18 00:00:00;2024-12-17 00:00:00;2024-12-22 00:00:00
2024-12-09 00:00:00;SO739290;C0023;AT002;739;2025-01-13 00:00:00;2025-01-18 00:00:00;2024-12-13 00:00:00;2024-12-18 00:00:00
2024-12-09 00:00:00;SO739290;C0023;CL001;284;2025-01-13 00:00:00;2025-01-13 00:00:00;2024-12-13 00:00:00;2024-12-13 00:00:00
2024-12-09 00:00:00;SO739290;C0023;CS001;410;2025-01-13 00:00:00;2025-01-17 00:00:00;2024-12-13 00:00:00;2024-12-17 00:00:00
2024-12-09 00:00:00;SO695889;C0011;AS002;708;2025-01-13 00:00:00;2025-01-06 00:00:00;2024-12-12 00:00:00;2024-12-05 00:00:00
2024-12-09 00:00:00;SO868745;C0019;VS004;291;2025-02-10 00:00:00;2025-02-20 00:00:00;2024-12-13 00:00:00;2024-12-23 00:00:00
2024-12-09 00:00:00;SO739290;C0023;VS004;339;2025-01-13 00:00:00;2025-01-22 00:00:00;2024-12-13 00:00:00;2024-12-22 00:00:00
2024-12-09 00:00:00;SO739290;C0023;VS005;806;2025-01-13 00:00:00;2025-01-07 00:00:00;2024-12-13 00:00:00;2024-12-07 00:00:00
2024-12-09 00:00:00;SO622738;C0026;AL001;542;2025-01-13 00:00:00;2025-01-07 00:00:00;2024-12-17 00:00:00;2024-12-11 00:00:00
2024-12-09 00:00:00;SO695889;C0011;AT001;1247;2025-01-13 00:00:00;2025-01-22 00:00:00;2024-12-12 00:00:00;2024-12-21 00:00:00
2024-12-09 00:00:00;SO868745;C0019;CS004;1158;2025-02-10 00:00:00;2025-02-10 00:00:00;2024-12-13 00:00:00;2024-12-13 00:00:00
2024-12-09 00:00:00;SO868745;C0019;AS002;368;2025-02-10 00:00:00;2025-02-16 00:00:00;2024-12-13 00:00:00;2024-12-19 00:00:00
2024-12-09 00:00:00;SO622738;C0026;CS001;959;2025-01-13 00:00:00;2025-01-09 00:00:00;2024-12-17 00:00:00;2024-12-13 00:00:00
2024-12-09 00:00:00;SO695889;C0011;VS001;707;2025-01-13 00:00:00;2025-01-11 00:00:00;2024-12-12 00:00:00;2024-12-10 00:00:00
2024-12-09 00:00:00;SO739290;C0023;CT002;1248;2025-01-13 00:00:00;2025-01-09 00:00:00;2024-12-13 00:00:00;2024-12-09 00:00:00
2024-12-09 00:00:00;SO868745;C0019;AL001;568;2025-02-10 00:00:00;2025-02-19 00:00:00;2024-12-13 00:00:00;2024-12-22 00:00:00
2024-12-09 00:00:00;SO622738;C0026;CS004;926;2025-01-13 00:00:00;2025-01-22 00:00:00;2024-12-17 00:00:00;2024-12-26 00:00:00
2024-12-10 00:00:00;SO278168;C0009;CS001;769;2024-12-24 00:00:00;2025-01-02 00:00:00;2024-12-13 00:00:00;2024-12-22 00:00:00
2024-12-10 00:00:00;SO764903;C0018;CT002;686;2025-02-11 00:00:00;2025-02-16 00:00:00;2024-12-14 00:00:00;2024-12-19 00:00:00
2024-12-10 00:00:00;SO844145;C0025;CT003;952;2025-01-07 00:00:00;2025-01-07 00:00:00;2024-12-18 00:00:00;2024-12-18 00:00:00
2024-12-10 00:00:00;SO278168;C0009;VS005;574;2024-12-24 00:00:00;2024-12-29 00:00:00;2024-12-13 00:00:00;2024-12-18 00:00:00
2024-12-10 00:00:00;SO844145;C0025;CT002;784;2025-01-07 00:00:00;2024-12-30 00:00:00;2024-12-18 00:00:00;2024-12-10 00:00:00
2024-12-10 00:00:00;SO844145;C0025;CS003;435;2025-01-07 00:00:00;2025-01-16 00:00:00;2024-12-18 00:00:00;2024-12-27 00:00:00
2024-12-10 00:00:00;SO278168;C0009;AL001;794;2024-12-24 00:00:00;2024-12-20 00:00:00;2024-12-13 00:00:00;2024-12-09 00:00:00
2024-12-10 00:00:00;SO764903;C0018;CT003;1113;2025-02-11 00:00:00;2025-02-02 00:00:00;2024-12-14 00:00:00;2024-12-05 00:00:00
2024-12-10 00:00:00;SO844145;C0025;AS003;484;2025-01-07 00:00:00;2025-01-07 00:00:00;2024-12-18 00:00:00;2024-12-18 00:00:00
2024-12-10 00:00:00;SO764903;C0018;AS004;772;2025-02-11 00:00:00;2025-02-20 00:00:00;2024-12-14 00:00:00;2024-12-23 00:00:00
2024-12-10 00:00:00;SO764903;C0018;AS001;867;2025-02-11 00:00:00;2025-02-01 00:00:00;2024-12-14 00:00:00;2024-12-04 00:00:00
2024-12-10 00:00:00;SO844145;C0025;AL002;450;2025-01-07 00:00:00;2025-01-06 00:00:00;2024-12-18 00:00:00;2024-12-17 00:00:00
2024-12-10 00:00:00;SO764903;C0018;CS001;814;2025-02-11 00:00:00;2025-02-08 00:00:00;2024-12-14 00:00:00;2024-12-11 00:00:00
2024-12-10 00:00:00;SO764903;C0018;AT001;562;2025-02-11 00:00:00;2025-02-06 00:00:00;2024-12-14 00:00:00;2024-12-09 00:00:00
2024-12-10 00:00:00;SO844145;C0025;VS001;694;2025-01-07 00:00:00;2025-01-15 00:00:00;2024-12-18 00:00:00;2024-12-26 00:00:00
2024-12-10 00:00:00;SO844145;C0025;AL001;990;2025-01-07 00:00:00;2025-01-04 00:00:00;2024-12-18 00:00:00;2024-12-15 00:00:00
2024-12-10 00:00:00;SO278168;C0009;AS003;1054;2024-12-24 00:00:00;2024-12-31 00:00:00;2024-12-13 00:00:00;2024-12-20 00:00:00
2024-12-11 00:00:00;SO332526;C0013;AT002;636;2025-01-08 00:00:00;2024-12-30 00:00:00;2024-12-15 00:00:00;2024-12-06 00:00:00
2024-12-11 00:00:00;SO828241;C0030;CS004;391;2025-02-12 00:00:00;2025-02-10 00:00:00;2024-12-19 00:00:00;2024-12-17 00:00:00
2024-12-11 00:00:00;SO332526;C0013;CS001;1210;2025-01-08 00:00:00;2025-01-18 00:00:00;2024-12-15 00:00:00;2024-12-25 00:00:00
2024-12-11 00:00:00;SO828241;C0030;AS004;649;2025-02-12 00:00:00;2025-02-04 00:00:00;2024-12-19 00:00:00;2024-12-11 00:00:00
2024-12-11 00:00:00;SO332526;C0013;AS005;942;2025-01-08 00:00:00;2025-01-06 00:00:00;2024-12-15 00:00:00;2024-12-13 00:00:00
2024-12-11 00:00:00;SO332526;C0013;CL001;709;2025-01-08 00:00:00;2024-12-29 00:00:00;2024-12-15 00:00:00;2024-12-05 00:00:00
2024-12-11 00:00:00;SO332526;C0013;AS003;330;2025-01-08 00:00:00;2025-01-10 00:00:00;2024-12-15 00:00:00;2024-12-17 00:00:00
2024-12-11 00:00:00;SO828241;C0030;VS001;473;2025-02-12 00:00:00;2025-02-15 00:00:00;2024-12-19 00:00:00;2024-12-22 00:00:00
2024-12-11 00:00:00;SO828241;C0030;VS004;573;2025-02-12 00:00:00;2025-02-12 00:00:00;2024-12-19 00:00:00;2024-12-19 00:00:00
2024-12-11 00:00:00;SO828241;C0030;CT001;366;2025-02-12 00:00:00;2025-02-05 00:00:00;2024-12-19 00:00:00;2024-12-12 00:00:00
2024-12-11 00:00:00;SO828241;C0030;CL001;776;2025-02-12 00:00:00;2025-02-10 00:00:00;2024-12-19 00:00:00;2024-12-17 00:00:00
2024-12-11 00:00:00;SO828241;C0030;AS005;335;2025-02-12 00:00:00;2025-02-05 00:00:00;2024-12-19 00:00:00;2024-12-12 00:00:00
2024-12-11 00:00:00;SO332526;C0013;VS003;706;2025-01-08 00:00:00;2025-01-06 00:00:00;2024-12-15 00:00:00;2024-12-13 00:00:00
2024-12-12 00:00:00;SO262544;C0003;VS004;592;2025-01-23 00:00:00;2025-01-27 00:00:00;2024-12-14 00:00:00;2024-12-18 00:00:00
2024-12-12 00:00:00;SO278953;C0026;CT002;802;2025-01-16 00:00:00;2025-01-21 00:00:00;2024-12-20 00:00:00;2024-12-25 00:00:00
2024-12-12 00:00:00;SO278953;C0026;AT002;791;2025-01-16 00:00:00;2025-01-10 00:00:00;2024-12-20 00:00:00;2024-12-14 00:00:00
2024-12-12 00:00:00;SO262544;C0003;AS005;439;2025-01-23 00:00:00;2025-01-15 00:00:00;2024-12-14 00:00:00;2024-12-06 00:00:00
2024-12-12 00:00:00;SO262544;C0003;AS004;1147;2025-01-23 00:00:00;2025-01-20 00:00:00;2024-12-14 00:00:00;2024-12-11 00:00:00
2024-12-12 00:00:00;SO278953;C0026;AS001;401;2025-01-16 00:00:00;2025-01-14 00:00:00;2024-12-20 00:00:00;2024-12-18 00:00:00
2024-12-12 00:00:00;SO262544;C0003;CL002;655;2025-01-23 00:00:00;2025-01-16 00:00:00;2024-12-14 00:00:00;2024-12-07 00:00:00
2024-12-12 00:00:00;SO262544;C0003;VS003;293;2025-01-23 00:00:00;2025-01-16 00:00:00;2024-12-14 00:00:00;2024-12-07 00:00:00
2024-12-12 00:00:00;SO262544;C0003;AS002;573;2025-01-23 00:00:00;2025-01-26 00:00:00;2024-12-14 00:00:00;2024-12-17 00:00:00
2024-12-12 00:00:00;SO262544;C0003;AT001;1095;2025-01-23 00:00:00;2025-01-22 00:00:00;2024-12-14 00:00:00;2024-12-13 00:00:00
2024-12-12 00:00:00;SO262544;C0003;CS004;313;2025-01-23 00:00:00;2025-01-31 00:00:00;2024-12-14 00:00:00;2024-12-22 00:00:00
2024-12-12 00:00:00;SO278953;C0026;CT003;395;2025-01-16 00:00:00;2025-01-08 00:00:00;2024-12-20 00:00:00;2024-12-12 00:00:00
2024-12-12 00:00:00;SO278953;C0026;AL002;291;2025-01-16 00:00:00;2025-01-17 00:00:00;2024-12-20 00:00:00;2024-12-21 00:00:00
2024-12-12 00:00:00;SO278953;C0026;AS004;483;2025-01-16 00:00:00;2025-01-26 00:00:00;2024-12-20 00:00:00;2024-12-30 00:00:00
2024-12-13 00:00:00;SO555987;C0006;AS003;784;2025-02-14 00:00:00;2025-02-24 00:00:00;2024-12-15 00:00:00;2024-12-25 00:00:00
2024-12-13 00:00:00;SO452829;C0008;CL001;1353;2025-02-07 00:00:00;2025-01-28 00:00:00;2024-12-16 00:00:00;2024-12-06 00:00:00
2024-12-13 00:00:00;SO452829;C0008;VS003;469;2025-02-07 00:00:00;2025-01-29 00:00:00;2024-12-16 00:00:00;2024-12-07 00:00:00
2024-12-13 00:00:00;SO452829;C0008;CT001;826;2025-02-07 00:00:00;2025-02-03 00:00:00;2024-12-16 00:00:00;2024-12-12 00:00:00
2024-12-13 00:00:00;SO452829;C0008;AL002;828;2025-02-07 00:00:00;2025-02-01 00:00:00;2024-12-16 00:00:00;2024-12-10 00:00:00
2024-12-13 00:00:00;SO452829;C0008;AS004;1210;2025-02-07 00:00:00;2025-02-12 00:00:00;2024-12-16 00:00:00;2024-12-21 00:00:00
2024-12-13 00:00:00;SO452829;C0008;CS001;842;2025-02-07 00:00:00;2025-02-14 00:00:00;2024-12-16 00:00:00;2024-12-23 00:00:00
2024-12-13 00:00:00;SO452829;C0008;AS003;913;2025-02-07 00:00:00;2025-02-10 00:00:00;2024-12-16 00:00:00;2024-12-19 00:00:00
2024-12-13 00:00:00;SO555987;C0006;AS005;599;2025-02-14 00:00:00;2025-02-05 00:00:00;2024-12-15 00:00:00;2024-12-06 00:00:00
2024-12-13 00:00:00;SO555987;C0006;AS004;540;2025-02-14 00:00:00;2025-02-04 00:00:00;2024-12-15 00:00:00;2024-12-05 00:00:00
2024-12-13 00:00:00;SO555987;C0006;CS003;719;2025-02-14 00:00:00;2025-02-07 00:00:00;2024-12-15 00:00:00;2024-12-08 00:00:00
2024-12-13 00:00:00;SO555987;C0006;CT001;575;2025-02-14 00:00:00;2025-02-16 00:00:00;2024-12-15 00:00:00;2024-12-17 00:00:00
2024-12-13 00:00:00;SO555987;C0006;AT001;495;2025-02-14 00:00:00;2025-02-05 00:00:00;2024-12-15 00:00:00;2024-12-06 00:00:00
2024-12-13 00:00:00;SO555987;C0006;CT003;1292;2025-02-14 00:00:00;2025-02-10 00:00:00;2024-12-15 00:00:00;2024-12-11 00:00:00
2024-12-13 00:00:00;SO555987;C0006;VS004;1253;2025-02-14 00:00:00;2025-02-13 00:00:00;2024-12-15 00:00:00;2024-12-14 00:00:00
2024-12-13 00:00:00;SO555987;C0006;AL002;1043;2025-02-14 00:00:00;2025-02-18 00:00:00;2024-12-15 00:00:00;2024-12-19 00:00:00
2024-12-13 00:00:00;SO452829;C0008;AT002;965;2025-02-07 00:00:00;2025-02-17 00:00:00;2024-12-16 00:00:00;2024-12-26 00:00:00
2024-12-16 00:00:00;SO110630;C0006;AS001;964;2025-02-17 00:00:00;2025-02-10 00:00:00;2024-12-18 00:00:00;2024-12-11 00:00:00
2024-12-16 00:00:00;SO324954;C0002;AS004;808;2025-01-20 00:00:00;2025-01-17 00:00:00;2024-12-18 00:00:00;2024-12-15 00:00:00
2024-12-16 00:00:00;SO786156;C0017;CS003;701;2025-02-10 00:00:00;2025-02-19 00:00:00;2024-12-20 00:00:00;2024-12-29 00:00:00
2024-12-16 00:00:00;SO447615;C0003;CL002;803;2025-01-27 00:00:00;2025-01-22 00:00:00;2024-12-18 00:00:00;2024-12-13 00:00:00
2024-12-16 00:00:00;SO110630;C0006;VS003;262;2025-02-17 00:00:00;2025-02-15 00:00:00;2024-12-18 00:00:00;2024-12-16 00:00:00
2024-12-16 00:00:00;SO110630;C0006;AL001;934;2025-02-17 00:00:00;2025-02-20 00:00:00;2024-12-18 00:00:00;2024-12-21 00:00:00
2024-12-16 00:00:00;SO110630;C0006;CT003;1103;2025-02-17 00:00:00;2025-02-23 00:00:00;2024-12-18 00:00:00;2024-12-24 00:00:00
2024-12-16 00:00:00;SO110630;C0006;CT001;778;2025-02-17 00:00:00;2025-02-27 00:00:00;2024-12-18 00:00:00;2024-12-28 00:00:00
2024-12-16 00:00:00;SO786156;C0017;AT001;417;2025-02-10 00:00:00;2025-02-04 00:00:00;2024-12-20 00:00:00;2024-12-14 00:00:00
2024-12-16 00:00:00;SO786156;C0017;CL001;985;2025-02-10 00:00:00;2025-02-05 00:00:00;2024-12-20 00:00:00;2024-12-15 00:00:00
2024-12-16 00:00:00;SO786156;C0017;AL001;484;2025-02-10 00:00:00;2025-02-14 00:00:00;2024-12-20 00:00:00;2024-12-24 00:00:00
2024-12-16 00:00:00;SO786156;C0017;CS002;634;2025-02-10 00:00:00;2025-02-19 00:00:00;2024-12-20 00:00:00;2024-12-29 00:00:00
2024-12-16 00:00:00;SO447615;C0003;VS003;1020;2025-01-27 00:00:00;2025-01-21 00:00:00;2024-12-18 00:00:00;2024-12-12 00:00:00
2024-12-16 00:00:00;SO324954;C0002;AS001;745;2025-01-20 00:00:00;2025-01-17 00:00:00;2024-12-18 00:00:00;2024-12-15 00:00:00
2024-12-16 00:00:00;SO110630;C0006;CT002;575;2025-02-17 00:00:00;2025-02-07 00:00:00;2024-12-18 00:00:00;2024-12-08 00:00:00
2024-12-16 00:00:00;SO786156;C0017;CL002;891;2025-02-10 00:00:00;2025-02-02 00:00:00;2024-12-20 00:00:00;2024-12-12 00:00:00
2024-12-16 00:00:00;SO447615;C0003;CS003;1218;2025-01-27 00:00:00;2025-02-06 00:00:00;2024-12-18 00:00:00;2024-12-28 00:00:00
2024-12-16 00:00:00;SO324954;C0002;VS005;697;2025-01-20 00:00:00;2025-01-27 00:00:00;2024-12-18 00:00:00;2024-12-25 00:00:00
2024-12-16 00:00:00;SO324954;C0002;AS002;875;2025-01-20 00:00:00;2025-01-26 00:00:00;2024-12-18 00:00:00;2024-12-24 00:00:00
2024-12-17 00:00:00;SO816856;C0007;CT001;962;2025-02-18 00:00:00;2025-02-19 00:00:00;2024-12-20 00:00:00;2024-12-21 00:00:00
2024-12-17 00:00:00;SO177307;C0004;VS002;453;2024-12-31 00:00:00;2025-01-07 00:00:00;2024-12-19 00:00:00;2024-12-26 00:00:00
2024-12-17 00:00:00;SO347415;C0029;CS002;1087;2025-02-11 00:00:00;2025-02-13 00:00:00;2024-12-25 00:00:00;2024-12-27 00:00:00
2024-12-17 00:00:00;SO973307;C0017;VS004;1253;2025-02-11 00:00:00;2025-02-10 00:00:00;2024-12-21 00:00:00;2024-12-20 00:00:00
2024-12-17 00:00:00;SO973307;C0017;CS004;939;2025-02-11 00:00:00;2025-02-11 00:00:00;2024-12-21 00:00:00;2024-12-21 00:00:00
2024-12-17 00:00:00;SO816856;C0007;AL001;983;2025-02-18 00:00:00;2025-02-24 00:00:00;2024-12-20 00:00:00;2024-12-26 00:00:00
2024-12-17 00:00:00;SO973307;C0017;VS005;975;2025-02-11 00:00:00;2025-02-16 00:00:00;2024-12-21 00:00:00;2024-12-26 00:00:00
2024-12-17 00:00:00;SO347415;C0029;VS003;822;2025-02-11 00:00:00;2025-02-12 00:00:00;2024-12-25 00:00:00;2024-12-26 00:00:00
2024-12-17 00:00:00;SO816856;C0007;CT002;703;2025-02-18 00:00:00;2025-02-20 00:00:00;2024-12-20 00:00:00;2024-12-22 00:00:00
2024-12-17 00:00:00;SO347415;C0029;AS003;483;2025-02-11 00:00:00;2025-02-01 00:00:00;2024-12-25 00:00:00;2024-12-15 00:00:00
2024-12-17 00:00:00;SO973307;C0017;AT001;461;2025-02-11 00:00:00;2025-02-20 00:00:00;2024-12-21 00:00:00;2024-12-30 00:00:00
2024-12-17 00:00:00;SO816856;C0007;AS001;1117;2025-02-18 00:00:00;2025-02-25 00:00:00;2024-12-20 00:00:00;2024-12-27 00:00:00
2024-12-17 00:00:00;SO973307;C0017;VS001;295;2025-02-11 00:00:00;2025-02-21 00:00:00;2024-12-21 00:00:00;2024-12-31 00:00:00
2024-12-18 00:00:00;SO111804;C0014;AS004;445;2025-01-22 00:00:00;2025-01-17 00:00:00;2024-12-22 00:00:00;2024-12-17 00:00:00
2024-12-18 00:00:00;SO525738;C0024;CT002;991;2025-01-15 00:00:00;2025-01-07 00:00:00;2024-12-22 00:00:00;2024-12-14 00:00:00
2024-12-18 00:00:00;SO111804;C0014;CT003;747;2025-01-22 00:00:00;2025-01-12 00:00:00;2024-12-22 00:00:00;2024-12-12 00:00:00
2024-12-18 00:00:00;SO525738;C0024;VS005;811;2025-01-15 00:00:00;2025-01-07 00:00:00;2024-12-22 00:00:00;2024-12-14 00:00:00
2024-12-18 00:00:00;SO111804;C0014;CS001;570;2025-01-22 00:00:00;2025-02-01 00:00:00;2024-12-22 00:00:00;2025-01-01 00:00:00
2024-12-18 00:00:00;SO111804;C0014;CS002;1057;2025-01-22 00:00:00;2025-01-22 00:00:00;2024-12-22 00:00:00;2024-12-22 00:00:00
2024-12-18 00:00:00;SO111804;C0014;AS002;914;2025-01-22 00:00:00;2025-01-16 00:00:00;2024-12-22 00:00:00;2024-12-16 00:00:00
2024-12-18 00:00:00;SO525738;C0024;AL002;442;2025-01-15 00:00:00;2025-01-11 00:00:00;2024-12-22 00:00:00;2024-12-18 00:00:00
2024-12-18 00:00:00;SO111804;C0014;CS003;495;2025-01-22 00:00:00;2025-01-18 00:00:00;2024-12-22 00:00:00;2024-12-18 00:00:00
2024-12-18 00:00:00;SO111804;C0014;CT001;764;2025-01-22 00:00:00;2025-01-14 00:00:00;2024-12-22 00:00:00;2024-12-14 00:00:00
2024-12-18 00:00:00;SO111804;C0014;AL002;542;2025-01-22 00:00:00;2025-01-22 00:00:00;2024-12-22 00:00:00;2024-12-22 00:00:00
2024-12-18 00:00:00;SO525738;C0024;AT002;479;2025-01-15 00:00:00;2025-01-17 00:00:00;2024-12-22 00:00:00;2024-12-24 00:00:00
2024-12-19 00:00:00;SO667503;C0004;VS001;895;2025-01-02 00:00:00;2024-12-30 00:00:00;2024-12-21 00:00:00;2024-12-18 00:00:00
2024-12-19 00:00:00;SO414640;C0026;CS001;502;2025-01-23 00:00:00;2025-01-15 00:00:00;2024-12-27 00:00:00;2024-12-19 00:00:00
2024-12-19 00:00:00;SO414640;C0026;AT001;948;2025-01-23 00:00:00;2025-01-19 00:00:00;2024-12-27 00:00:00;2024-12-23 00:00:00
2024-12-19 00:00:00;SO667503;C0004;CS003;518;2025-01-02 00:00:00;2025-01-03 00:00:00;2024-12-21 00:00:00;2024-12-22 00:00:00
2024-12-19 00:00:00;SO414640;C0026;AS005;417;2025-01-23 00:00:00;2025-01-14 00:00:00;2024-12-27 00:00:00;2024-12-18 00:00:00
2024-12-19 00:00:00;SO414640;C0026;CS002;1418;2025-01-23 00:00:00;2025-01-21 00:00:00;2024-12-27 00:00:00;2024-12-25 00:00:00
2024-12-19 00:00:00;SO667503;C0004;CS004;917;2025-01-02 00:00:00;2025-01-11 00:00:00;2024-12-21 00:00:00;2024-12-30 00:00:00
2024-12-19 00:00:00;SO667503;C0004;VS004;631;2025-01-02 00:00:00;2025-01-05 00:00:00;2024-12-21 00:00:00;2024-12-24 00:00:00
2024-12-19 00:00:00;SO414640;C0026;CS003;770;2025-01-23 00:00:00;2025-01-17 00:00:00;2024-12-27 00:00:00;2024-12-21 00:00:00
2024-12-19 00:00:00;SO414640;C0026;AL002;1262;2025-01-23 00:00:00;2025-01-25 00:00:00;2024-12-27 00:00:00;2024-12-29 00:00:00
2024-12-19 00:00:00;SO667503;C0004;AT001;438;2025-01-02 00:00:00;2025-01-11 00:00:00;2024-12-21 00:00:00;2024-12-30 00:00:00
2024-12-19 00:00:00;SO667503;C0004;CT001;602;2025-01-02 00:00:00;2025-01-08 00:00:00;2024-12-21 00:00:00;2024-12-27 00:00:00
2024-12-19 00:00:00;SO414640;C0026;VS005;761;2025-01-23 00:00:00;2025-01-19 00:00:00;2024-12-27 00:00:00;2024-12-23 00:00:00
2024-12-20 00:00:00;SO893806;C0029;CS004;533;2025-02-14 00:00:00;2025-02-12 00:00:00;2024-12-28 00:00:00;2024-12-26 00:00:00
2024-12-20 00:00:00;SO870753;C0003;CL001;951;2025-01-31 00:00:00;2025-02-01 00:00:00;2024-12-22 00:00:00;2024-12-23 00:00:00
2024-12-20 00:00:00;SO420491;C0030;AL001;979;2025-02-21 00:00:00;2025-02-15 00:00:00;2024-12-28 00:00:00;2024-12-22 00:00:00
2024-12-20 00:00:00;SO893806;C0029;AS003;883;2025-02-14 00:00:00;2025-02-06 00:00:00;2024-12-28 00:00:00;2024-12-20 00:00:00
2024-12-20 00:00:00;SO870753;C0003;VS003;336;2025-01-31 00:00:00;2025-02-03 00:00:00;2024-12-22 00:00:00;2024-12-25 00:00:00
2024-12-20 00:00:00;SO420491;C0030;CS001;766;2025-02-21 00:00:00;2025-02-14 00:00:00;2024-12-28 00:00:00;2024-12-21 00:00:00
2024-12-20 00:00:00;SO420491;C0030;CT003;300;2025-02-21 00:00:00;2025-02-13 00:00:00;2024-12-28 00:00:00;2024-12-20 00:00:00
2024-12-20 00:00:00;SO870753;C0003;AT001;1302;2025-01-31 00:00:00;2025-02-10 00:00:00;2024-12-22 00:00:00;2025-01-01 00:00:00
2024-12-20 00:00:00;SO420491;C0030;CS004;826;2025-02-21 00:00:00;2025-02-27 00:00:00;2024-12-28 00:00:00;2025-01-03 00:00:00
2024-12-20 00:00:00;SO870753;C0003;VS002;545;2025-01-31 00:00:00;2025-01-27 00:00:00;2024-12-22 00:00:00;2024-12-18 00:00:00
2024-12-20 00:00:00;SO893806;C0029;VS005;997;2025-02-14 00:00:00;2025-02-08 00:00:00;2024-12-28 00:00:00;2024-12-22 00:00:00
2024-12-20 00:00:00;SO893806;C0029;AS004;674;2025-02-14 00:00:00;2025-02-04 00:00:00;2024-12-28 00:00:00;2024-12-18 00:00:00
2024-12-20 00:00:00;SO893806;C0029;VS004;1186;2025-02-14 00:00:00;2025-02-13 00:00:00;2024-12-28 00:00:00;2024-12-27 00:00:00
2024-12-20 00:00:00;SO893806;C0029;CS002;1368;2025-02-14 00:00:00;2025-02-23 00:00:00;2024-12-28 00:00:00;2025-01-06 00:00:00
2024-12-23 00:00:00;SO289399;C0017;AT002;918;2025-02-17 00:00:00;2025-02-19 00:00:00;2024-12-27 00:00:00;2024-12-29 00:00:00
2024-12-23 00:00:00;SO579582;C0004;CT001;851;2025-01-06 00:00:00;2025-01-13 00:00:00;2024-12-25 00:00:00;2025-01-01 00:00:00
2024-12-23 00:00:00;SO900630;C0019;VS002;922;2025-02-24 00:00:00;2025-02-18 00:00:00;2024-12-27 00:00:00;2024-12-21 00:00:00
2024-12-23 00:00:00;SO947545;C0007;CS002;951;2025-02-24 00:00:00;2025-03-06 00:00:00;2024-12-26 00:00:00;2025-01-05 00:00:00
2024-12-23 00:00:00;SO947545;C0007;AS004;978;2025-02-24 00:00:00;2025-02-19 00:00:00;2024-12-26 00:00:00;2024-12-21 00:00:00
2024-12-23 00:00:00;SO900630;C0019;AS002;989;2025-02-24 00:00:00;2025-02-27 00:00:00;2024-12-27 00:00:00;2024-12-30 00:00:00
2024-12-23 00:00:00;SO947545;C0007;AS005;317;2025-02-24 00:00:00;2025-02-16 00:00:00;2024-12-26 00:00:00;2024-12-18 00:00:00
2024-12-23 00:00:00;SO947545;C0007;CL001;874;2025-02-24 00:00:00;2025-02-19 00:00:00;2024-12-26 00:00:00;2024-12-21 00:00:00
2024-12-23 00:00:00;SO947545;C0007;CS003;1115;2025-02-24 00:00:00;2025-02-17 00:00:00;2024-12-26 00:00:00;2024-12-19 00:00:00
2024-12-23 00:00:00;SO289399;C0017;CS004;344;2025-02-17 00:00:00;2025-02-25 00:00:00;2024-12-27 00:00:00;2025-01-04 00:00:00
2024-12-23 00:00:00;SO947545;C0007;VS005;1235;2025-02-24 00:00:00;2025-02-24 00:00:00;2024-12-26 00:00:00;2024-12-26 00:00:00
2024-12-23 00:00:00;SO947545;C0007;CT003;531;2025-02-24 00:00:00;2025-02-18 00:00:00;2024-12-26 00:00:00;2024-12-20 00:00:00
2024-12-23 00:00:00;SO579582;C0004;CL002;573;2025-01-06 00:00:00;2025-01-09 00:00:00;2024-12-25 00:00:00;2024-12-28 00:00:00
2024-12-23 00:00:00;SO900630;C0019;VS004;525;2025-02-24 00:00:00;2025-02-21 00:00:00;2024-12-27 00:00:00;2024-12-24 00:00:00
2024-12-23 00:00:00;SO900630;C0019;AL002;845;2025-02-24 00:00:00;2025-03-03 00:00:00;2024-12-27 00:00:00;2025-01-03 00:00:00
2024-12-23 00:00:00;SO947545;C0007;AT002;577;2025-02-24 00:00:00;2025-02-23 00:00:00;2024-12-26 00:00:00;2024-12-25 00:00:00
2024-12-23 00:00:00;SO289399;C0017;AS001;906;2025-02-17 00:00:00;2025-02-08 00:00:00;2024-12-27 00:00:00;2024-12-18 00:00:00
2024-12-23 00:00:00;SO289399;C0017;CL001;734;2025-02-17 00:00:00;2025-02-19 00:00:00;2024-12-27 00:00:00;2024-12-29 00:00:00
2024-12-23 00:00:00;SO947545;C0007;VS003;403;2025-02-24 00:00:00;2025-02-23 00:00:00;2024-12-26 00:00:00;2024-12-25 00:00:00
2024-12-24 00:00:00;SO771616;C0009;VS003;908;2025-01-07 00:00:00;2025-01-06 00:00:00;2024-12-27 00:00:00;2024-12-26 00:00:00
2024-12-24 00:00:00;SO157417;C0008;VS002;891;2025-02-18 00:00:00;2025-02-28 00:00:00;2024-12-27 00:00:00;2025-01-06 00:00:00
2024-12-24 00:00:00;SO900547;C0013;VS002;741;2025-01-21 00:00:00;2025-01-12 00:00:00;2024-12-28 00:00:00;2024-12-19 00:00:00
2024-12-24 00:00:00;SO229364;C0030;CT001;603;2025-02-25 00:00:00;2025-02-15 00:00:00;2025-01-01 00:00:00;2024-12-22 00:00:00
2024-12-24 00:00:00;SO157417;C0008;VS004;334;2025-02-18 00:00:00;2025-02-25 00:00:00;2024-12-27 00:00:00;2025-01-03 00:00:00
2024-12-24 00:00:00;SO229364;C0030;VS001;933;2025-02-25 00:00:00;2025-02-23 00:00:00;2025-01-01 00:00:00;2024-12-30 00:00:00
2024-12-24 00:00:00;SO157417;C0008;AT002;629;2025-02-18 00:00:00;2025-02-20 00:00:00;2024-12-27 00:00:00;2024-12-29 00:00:00
2024-12-24 00:00:00;SO157417;C0008;CL002;737;2025-02-18 00:00:00;2025-02-18 00:00:00;2024-12-27 00:00:00;2024-12-27 00:00:00
2024-12-24 00:00:00;SO229364;C0030;CS002;1271;2025-02-25 00:00:00;2025-03-04 00:00:00;2025-01-01 00:00:00;2025-01-08 00:00:00
2024-12-24 00:00:00;SO229364;C0030;CS004;791;2025-02-25 00:00:00;2025-03-02 00:00:00;2025-01-01 00:00:00;2025-01-06 00:00:00
2024-12-24 00:00:00;SO157417;C0008;CT003;564;2025-02-18 00:00:00;2025-02-18 00:00:00;2024-12-27 00:00:00;2024-12-27 00:00:00
2024-12-24 00:00:00;SO157417;C0008;AS001;1387;2025-02-18 00:00:00;2025-02-21 00:00:00;2024-12-27 00:00:00;2024-12-30 00:00:00
2024-12-24 00:00:00;SO157417;C0008;AS002;341;2025-02-18 00:00:00;2025-02-24 00:00:00;2024-12-27 00:00:00;2025-01-02 00:00:00
2024-12-24 00:00:00;SO900547;C0013;VS005;962;2025-01-21 00:00:00;2025-01-30 00:00:00;2024-12-28 00:00:00;2025-01-06 00:00:00
2024-12-24 00:00:00;SO771616;C0009;CS003;862;2025-01-07 00:00:00;2025-01-11 00:00:00;2024-12-27 00:00:00;2024-12-31 00:00:00
2024-12-25 00:00:00;SO9000002;C0026;VS003;878;2025-01-29 00:00:00;2025-01-29 00:00:00;2025-01-02 00:00:00;2025-01-02 00:00:00
2024-12-25 00:00:00;SO136225;C0030;AS003;505;2025-02-26 00:00:00;2025-03-03 00:00:00;2025-01-02 00:00:00;2025-01-07 00:00:00
2024-12-25 00:00:00;SO982870;C0003;AT001;909;2025-02-05 00:00:00;2025-02-08 00:00:00;2024-12-27 00:00:00;2024-12-30 00:00:00
2024-12-25 00:00:00;SO706415;C0008;VS003;757;2025-02-19 00:00:00;2025-02-13 00:00:00;2024-12-28 00:00:00;2024-12-22 00:00:00
2024-12-25 00:00:00;SO982870;C0003;AS005;600;2025-02-05 00:00:00;2025-02-15 00:00:00;2024-12-27 00:00:00;2025-01-06 00:00:00
2024-12-25 00:00:00;SO982870;C0003;AL002;613;2025-02-05 00:00:00;2025-02-12 00:00:00;2024-12-27 00:00:00;2025-01-03 00:00:00
2024-12-25 00:00:00;SO136225;C0030;VS002;686;2025-02-26 00:00:00;2025-02-20 00:00:00;2025-01-02 00:00:00;2024-12-27 00:00:00
2024-12-25 00:00:00;SO9000002;C0026;AT001;705;2025-01-29 00:00:00;2025-02-07 00:00:00;2025-01-02 00:00:00;2025-01-11 00:00:00
2024-12-25 00:00:00;SO9000002;C0026;AS004;745;2025-01-29 00:00:00;2025-01-20 00:00:00;2025-01-02 00:00:00;2024-12-24 00:00:00
2024-12-25 00:00:00;SO982870;C0003;CS003;1036;2025-02-05 00:00:00;2025-02-09 00:00:00;2024-12-27 00:00:00;2024-12-31 00:00:00
2024-12-25 00:00:00;SO9000002;C0026;AL002;395;2025-01-29 00:00:00;2025-01-27 00:00:00;2025-01-02 00:00:00;2024-12-31 00:00:00
2024-12-25 00:00:00;SO136225;C0030;AS002;538;2025-02-26 00:00:00;2025-03-08 00:00:00;2025-01-02 00:00:00;2025-01-12 00:00:00
2024-12-25 00:00:00;SO982870;C0003;CT003;918;2025-02-05 00:00:00;2025-01-29 00:00:00;2024-12-27 00:00:00;2024-12-20 00:00:00
2024-12-25 00:00:00;SO706415;C0008;AT002;513;2025-02-19 00:00:00;2025-02-15 00:00:00;2024-12-28 00:00:00;2024-12-24 00:00:00
2024-12-25 00:00:00;SO706415;C0008;CS003;1097;2025-02-19 00:00:00;2025-02-09 00:00:00;2024-12-28 00:00:00;2024-12-18 00:00:00
2024-12-25 00:00:00;SO982870;C0003;AS001;367;2025-02-05 00:00:00;2025-02-07 00:00:00;2024-12-27 00:00:00;2024-12-29 00:00:00
2024-12-25 00:00:00;SO982870;C0003;CL001;1096;2025-02-05 00:00:00;2025-02-12 00:00:00;2024-12-27 00:00:00;2025-01-03 00:00:00
2024-12-25 00:00:00;SO9000002;C0026;VS001;407;2025-01-29 00:00:00;2025-01-28 00:00:00;2025-01-02 00:00:00;2025-01-01 00:00:00
2024-12-26 00:00:00;SO869484;C0009;VS001;469;2025-01-09 00:00:00;2025-01-10 00:00:00;2024-12-29 00:00:00;2024-12-30 00:00:00
2024-12-26 00:00:00;SO570741;C0010;AS005;652;2025-02-06 00:00:00;2025-02-11 00:00:00;2024-12-29 00:00:00;2025-01-03 00:00:00
2024-12-26 00:00:00;SO463160;C0007;VS002;517;2025-02-27 00:00:00;2025-02-17 00:00:00;2024-12-29 00:00:00;2024-12-19 00:00:00
2024-12-26 00:00:00;SO463160;C0007;VS001;357;2025-02-27 00:00:00;2025-03-08 00:00:00;2024-12-29 00:00:00;2025-01-07 00:00:00
2024-12-26 00:00:00;SO463160;C0007;VS004;442;2025-02-27 00:00:00;2025-02-27 00:00:00;2024-12-29 00:00:00;2024-12-29 00:00:00
2024-12-26 00:00:00;SO463160;C0007;CL002;590;2025-02-27 00:00:00;2025-03-02 00:00:00;2024-12-29 00:00:00;2025-01-01 00:00:00
2024-12-26 00:00:00;SO869484;C0009;VS003;580;2025-01-09 00:00:00;2025-01-07 00:00:00;2024-12-29 00:00:00;2024-12-27 00:00:00
2024-12-26 00:00:00;SO463160;C0007;CT001;656;2025-02-27 00:00:00;2025-03-09 00:00:00;2024-12-29 00:00:00;2025-01-08 00:00:00
2024-12-26 00:00:00;SO869484;C0009;CS003;826;2025-01-09 00:00:00;2024-12-30 00:00:00;2024-12-29 00:00:00;2024-12-19 00:00:00
2024-12-26 00:00:00;SO869484;C0009;AS003;708;2025-01-09 00:00:00;2025-01-17 00:00:00;2024-12-29 00:00:00;2025-01-06 00:00:00
2024-12-26 00:00:00;SO463160;C0007;VS005;579;2025-02-27 00:00:00;2025-03-03 00:00:00;2024-12-29 00:00:00;2025-01-02 00:00:00
2024-12-26 00:00:00;SO869484;C0009;CL001;1097;2025-01-09 00:00:00;2025-01-02 00:00:00;2024-12-29 00:00:00;2024-12-22 00:00:00
2024-12-26 00:00:00;SO869484;C0009;AL002;902;2025-01-09 00:00:00;2025-01-18 00:00:00;2024-12-29 00:00:00;2025-01-07 00:00:00
2024-12-26 00:00:00;SO570741;C0010;CS003;488;2025-02-06 00:00:00;2025-02-16 00:00:00;2024-12-29 00:00:00;2025-01-08 00:00:00
2024-12-26 00:00:00;SO463160;C0007;AS003;942;2025-02-27 00:00:00;2025-02-21 00:00:00;2024-12-29 00:00:00;2024-12-23 00:00:00
2024-12-26 00:00:00;SO463160;C0007;CT002;674;2025-02-27 00:00:00;2025-03-08 00:00:00;2024-12-29 00:00:00;2025-01-07 00:00:00
2024-12-26 00:00:00;SO463160;C0007;CS001;756;2025-02-27 00:00:00;2025-02-22 00:00:00;2024-12-29 00:00:00;2024-12-24 00:00:00
2024-12-26 00:00:00;SO570741;C0010;CS001;328;2025-02-06 00:00:00;2025-01-29 00:00:00;2024-12-29 00:00:00;2024-12-21 00:00:00
2024-12-26 00:00:00;SO463160;C0007;AS001;613;2025-02-27 00:00:00;2025-03-04 00:00:00;2024-12-29 00:00:00;2025-01-03 00:00:00
2024-12-26 00:00:00;SO570741;C0010;CS004;1082;2025-02-06 00:00:00;2025-02-16 00:00:00;2024-12-29 00:00:00;2025-01-08 00:00:00
2024-12-27 00:00:00;SO901962;C0019;AS004;349;2025-02-28 00:00:00;2025-03-02 00:00:00;2024-12-31 00:00:00;2025-01-02 00:00:00
2024-12-27 00:00:00;SO386914;C0017;AT001;975;2025-02-21 00:00:00;2025-02-22 00:00:00;2024-12-31 00:00:00;2025-01-01 00:00:00
2024-12-27 00:00:00;SO116264;C0004;CS002;497;2025-01-10 00:00:00;2025-01-09 00:00:00;2024-12-29 00:00:00;2024-12-28 00:00:00
2024-12-27 00:00:00;SO227979;C0010;AS003;482;2025-02-07 00:00:00;2025-02-13 00:00:00;2024-12-30 00:00:00;2025-01-05 00:00:00
2024-12-27 00:00:00;SO227979;C0010;AS001;1218;2025-02-07 00:00:00;2025-01-31 00:00:00;2024-12-30 00:00:00;2024-12-23 00:00:00
2024-12-27 00:00:00;SO901962;C0019;AL002;847;2025-02-28 00:00:00;2025-02-28 00:00:00;2024-12-31 00:00:00;2024-12-31 00:00:00
2024-12-27 00:00:00;SO386914;C0017;CT003;817;2025-02-21 00:00:00;2025-02-17 00:00:00;2024-12-31 00:00:00;2024-12-27 00:00:00
2024-12-27 00:00:00;SO227979;C0010;CL001;379;2025-02-07 00:00:00;2025-02-14 00:00:00;2024-12-30 00:00:00;2025-01-06 00:00:00
2024-12-27 00:00:00;SO116264;C0004;AS003;907;2025-01-10 00:00:00;2025-01-08 00:00:00;2024-12-29 00:00:00;2024-12-27 00:00:00
2024-12-27 00:00:00;SO386914;C0017;AS003;954;2025-02-21 00:00:00;2025-02-12 00:00:00;2024-12-31 00:00:00;2024-12-22 00:00:00
2024-12-27 00:00:00;SO386914;C0017;AS002;1095;2025-02-21 00:00:00;2025-02-16 00:00:00;2024-12-31 00:00:00;2024-12-26 00:00:00
2024-12-27 00:00:00;SO116264;C0004;AS005;386;2025-01-10 00:00:00;2025-01-04 00:00:00;2024-12-29 00:00:00;2024-12-23 00:00:00
2024-12-27 00:00:00;SO901962;C0019;CS002;987;2025-02-28 00:00:00;2025-02-20 00:00:00;2024-12-31 00:00:00;2024-12-23 00:00:00
2024-12-27 00:00:00;SO116264;C0004;CT002;1031;2025-01-10 00:00:00;2025-01-04 00:00:00;2024-12-29 00:00:00;2024-12-23 00:00:00
2024-12-30 00:00:00;SO418714;C0024;AT002;1108;2025-01-27 00:00:00;2025-01-24 00:00:00;2025-01-03 00:00:00;2024-12-31 00:00:00
2024-12-30 00:00:00;SO734813;C0022;CS002;1162;2025-02-10 00:00:00;2025-01-31 00:00:00;2025-01-03 00:00:00;2024-12-24 00:00:00
2024-12-30 00:00:00;SO700261;C0017;VS003;778;2025-02-24 00:00:00;2025-02-15 00:00:00;2025-01-03 00:00:00;2024-12-25 00:00:00
2024-12-30 00:00:00;SO734813;C0022;CT002;611;2025-02-10 00:00:00;2025-02-16 00:00:00;2025-01-03 00:00:00;2025-01-09 00:00:00
2024-12-30 00:00:00;SO700261;C0017;CS004;670;2025-02-24 00:00:00;2025-03-01 00:00:00;2025-01-03 00:00:00;2025-01-08 00:00:00
2024-12-30 00:00:00;SO418714;C0024;AS005;865;2025-01-27 00:00:00;2025-02-01 00:00:00;2025-01-03 00:00:00;2025-01-08 00:00:00
2024-12-30 00:00:00;SO700261;C0017;CL001;937;2025-02-24 00:00:00;2025-03-02 00:00:00;2025-01-03 00:00:00;2025-01-09 00:00:00
2024-12-30 00:00:00;SO734813;C0022;AS005;1068;2025-02-10 00:00:00;2025-02-18 00:00:00;2025-01-03 00:00:00;2025-01-11 00:00:00
2024-12-30 00:00:00;SO418714;C0024;CS001;819;2025-01-27 00:00:00;2025-01-22 00:00:00;2025-01-03 00:00:00;2024-12-29 00:00:00
2024-12-30 00:00:00;SO734813;C0022;AL001;357;2025-02-10 00:00:00;2025-02-03 00:00:00;2025-01-03 00:00:00;2024-12-27 00:00:00
2024-12-30 00:00:00;SO700261;C0017;AS003;645;2025-02-24 00:00:00;2025-02-24 00:00:00;2025-01-03 00:00:00;2025-01-03 00:00:00
2024-12-30 00:00:00;SO700261;C0017;AL002;478;2025-02-24 00:00:00;2025-02-25 00:00:00;2025-01-03 00:00:00;2025-01-04 00:00:00
2024-12-30 00:00:00;SO418714;C0024;CS003;618;2025-01-27 00:00:00;2025-01-18 00:00:00;2025-01-03 00:00:00;2024-12-25 00:00:00
2024-12-30 00:00:00;SO734813;C0022;CS001;623;2025-02-10 00:00:00;2025-02-04 00:00:00;2025-01-03 00:00:00;2024-12-28 00:00:00
2024-12-30 00:00:00;SO700261;C0017;CT001;907;2025-02-24 00:00:00;2025-03-04 00:00:00;2025-01-03 00:00:00;2025-01-11 00:00:00
2024-12-31 00:00:00;SO751488;C0001;VS001;691;2025-01-28 00:00:00;2025-01-29 00:00:00;2025-01-02 00:00:00;2025-01-03 00:00:00
2024-12-31 00:00:00;SO692541;C0027;CS004;1048;2025-02-11 00:00:00;2025-02-18 00:00:00;2025-01-08 00:00:00;2025-01-15 00:00:00
2024-12-31 00:00:00;SO694831;C0012;VS005;779;2025-01-28 00:00:00;2025-01-24 00:00:00;2025-01-03 00:00:00;2024-12-30 00:00:00
2024-12-31 00:00:00;SO694831;C0012;CS001;499;2025-01-28 00:00:00;2025-02-07 00:00:00;2025-01-03 00:00:00;2025-01-13 00:00:00
2024-12-31 00:00:00;SO692541;C0027;AS004;924;2025-02-11 00:00:00;2025-02-04 00:00:00;2025-01-08 00:00:00;2025-01-01 00:00:00
2024-12-31 00:00:00;SO751488;C0001;VS002;752;2025-01-28 00:00:00;2025-02-01 00:00:00;2025-01-02 00:00:00;2025-01-06 00:00:00
2024-12-31 00:00:00;SO751488;C0001;AL002;873;2025-01-28 00:00:00;2025-01-29 00:00:00;2025-01-02 00:00:00;2025-01-03 00:00:00
2024-12-31 00:00:00;SO692541;C0027;CS002;908;2025-02-11 00:00:00;2025-02-14 00:00:00;2025-01-08 00:00:00;2025-01-11 00:00:00
2024-12-31 00:00:00;SO751488;C0001;CS002;483;2025-01-28 00:00:00;2025-01-26 00:00:00;2025-01-02 00:00:00;2024-12-31 00:00:00
2024-12-31 00:00:00;SO692541;C0027;AT001;696;2025-02-11 00:00:00;2025-02-11 00:00:00;2025-01-08 00:00:00;2025-01-08 00:00:00
2024-12-31 00:00:00;SO692541;C0027;VS002;1124;2025-02-11 00:00:00;2025-02-16 00:00:00;2025-01-08 00:00:00;2025-01-13 00:00:00
2024-12-31 00:00:00;SO694831;C0012;CL002;778;2025-01-28 00:00:00;2025-01-22 00:00:00;2025-01-03 00:00:00;2024-12-28 00:00:00
2024-12-31 00:00:00;SO694831;C0012;CT001;413;2025-01-28 00:00:00;2025-01-31 00:00:00;2025-01-03 00:00:00;2025-01-06 00:00:00
2024-12-31 00:00:00;SO692541;C0027;AS003;731;2025-02-11 00:00:00;2025-02-05 00:00:00;2025-01-08 00:00:00;2025-01-02 00:00:00
2024-12-31 00:00:00;SO692541;C0027;CL002;506;2025-02-11 00:00:00;2025-02-16 00:00:00;2025-01-08 00:00:00;2025-01-13 00:00:00
