Data;Ordem de Venda;Cliente ID;Produto SKU;Qtde;Vencimento;Pagamento;Previsão de Entrega;Entrega Efetiva
2030-01-01 00:00:00;SO777962;C0006;CS001;468;2030-03-05 00:00:00;2030-03-15 00:00:00;2030-01-03 00:00:00;2030-01-13 00:00:00
2030-01-01 00:00:00;SO356272;C0010;CS001;1174;2030-02-12 00:00:00;2030-02-20 00:00:00;2030-01-04 00:00:00;2030-01-12 00:00:00
2030-01-01 00:00:00;SO777962;C0006;CS002;659;2030-03-05 00:00:00;2030-02-25 00:00:00;2030-01-03 00:00:00;2029-12-26 00:00:00
2030-01-01 00:00:00;SO777962;C0006;AS003;437;2030-03-05 00:00:00;2030-03-13 00:00:00;2030-01-03 00:00:00;2030-01-11 00:00:00
2030-01-01 00:00:00;SO356272;C0010;CS004;1126;2030-02-12 00:00:00;2030-02-11 00:00:00;2030-01-04 00:00:00;2030-01-03 00:00:00
2030-01-01 00:00:00;SO777962;C0006;VS005;923;2030-03-05 00:00:00;2030-03-02 00:00:00;2030-01-03 00:00:00;2029-12-31 00:00:00
2030-01-01 00:00:00;SO777962;C0006;CS004;714;2030-03-05 00:00:00;2030-03-02 00:00:00;2030-01-03 00:00:00;2029-12-31 00:00:00
2030-01-01 00:00:00;SO777962;C0006;VS001;891;2030-03-05 00:00:00;2030-03-10 00:00:00;2030-01-03 00:00:00;2030-01-08 00:00:00
2030-01-01 00:00:00;SO777962;C0006;AT002;914;2030-03-05 00:00:00;2030-02-23 00:00:00;2030-01-03 00:00:00;2029-12-24 00:00:00
2030-01-01 00:00:00;SO356272;C0010;VS005;538;2030-02-12 00:00:00;2030-02-22 00:00:00;2030-01-04 00:00:00;2030-01-14 00:00:00
2030-01-01 00:00:00;SO356272;C0010;CT002;688;2030-02-12 00:00:00;2030-02-07 00:00:00;2030-01-04 00:00:00;2029-12-30 00:00:00
2030-01-01 00:00:00;SO777962;C0006;VS002;696;2030-03-05 00:00:00;2030-03-12 00:00:00;2030-01-03 00:00:00;2030-01-10 00:00:00
2030-01-01 00:00:00;SO356272;C0010;AS002;1168;2030-02-12 00:00:00;2030-02-16 00:00:00;2030-01-04 00:00:00;2030-01-08 00:00:00
2030-01-01 00:00:00;SO777962;C0006;AS002;1019;2030-03-05 00:00:00;2030-03-12 00:00:00;2030-01-03 00:00:00;2030-01-10 00:00:00
2030-01-01 00:00:00;SO356272;C0010;VS002;441;2030-02-12 00:00:00;2030-02-17 00:00:00;2030-01-04 00:00:00;2030-01-09 00:00:00
2030-01-01 00:00:00;SO356272;C0010;VS003;1005;2030-02-12 00:00:00;2030-02-19 00:00:00;2030-01-04 00:00:00;2030-01-11 00:00:00
2030-01-01 00:00:00;SO777962;C0006;AS004;448;2030-03-05 00:00:00;2030-03-11 00:00:00;2030-01-03 00:00:00;2030-01-09 00:00:00
2030-01-01 00:00:00;SO356272;C0010;AL002;921;2030-02-12 00:00:00;2030-02-13 00:00:00;2030-01-04 00:00:00;2030-01-05 00:00:00
2030-01-02 00:00:00;SO656356;C0018;VS001;868;2030-03-06 00:00:00;2030-03-01 00:00:00;2030-01-06 00:00:00;2030-01-01 00:00:00
2030-01-02 00:00:00;SO598557;C0002;AS005;630;2030-02-06 00:00:00;2030-01-30 00:00:00;2030-01-04 00:00:00;2029-12-28 00:00:00
2030-01-02 00:00:00;SO598557;C0002;AS003;722;2030-02-06 00:00:00;2030-02-14 00:00:00;2030-01-04 00:00:00;2030-01-12 00:00:00
2030-01-02 00:00:00;SO656356;C0018;VS002;1273;2030-03-06 00:00:00;2030-03-13 00:00:00;2030-01-06 00:00:00;2030-01-13 00:00:00
2030-01-02 00:00:00;SO598557;C0002;AS004;388;2030-02-06 00:00:00;2030-02-04 00:00:00;2030-01-04 00:00:00;2030-01-02 00:00:00
2030-01-02 00:00:00;SO656356;C0018;CS004;1035;2030-03-06 00:00:00;2030-03-04 00:00:00;2030-01-06 00:00:00;2030-01-04 00:00:00
2030-01-02 00:00:00;SO656356;C0018;AT002;826;2030-03-06 00:00:00;2030-03-04 00:00:00;2030-01-06 00:00:00;2030-01-04 00:00:00
2030-01-02 00:00:00;SO656356;C0018;VS004;1061;2030-03-06 00:00:00;2030-03-07 00:00:00;2030-01-06 00:00:00;2030-01-07 00:00:00
2030-01-02 00:00:00;SO656356;C0018;CT003;1214;2030-03-06 00:00:00;2030-03-02 00:00:00;2030-01-06 00:00:00;2030-01-02 00:00:00
2030-01-02 00:00:00;SO656356;C0018;AL002;655;2030-03-06 00:00:00;2030-03-16 00:00:00;2030-01-06 00:00:00;2030-01-16 00:00:00
2030-01-02 00:00:00;SO656356;C0018;CT002;1236;2030-03-06 00:00:00;2030-03-11 00:00:00;2030-01-06 00:00:00;2030-01-11 00:00:00
2030-01-02 00:00:00;SO598557;C0002;CT003;1312;2030-02-06 00:00:00;2030-02-12 00:00:00;2030-01-04 00:00:00;2030-01-10 00:00:00
2030-01-02 00:00:00;SO598557;C0002;CS001;914;2030-02-06 00:00:00;2030-01-30 00:00:00;2030-01-04 00:00:00;2029-12-28 00:00:00
2030-01-02 00:00:00;SO598557;C0002;AT002;1001;2030-02-06 00:00:00;2030-02-11 00:00:00;2030-01-04 00:00:00;2030-01-09 00:00:00
2030-01-02 00:00:00;SO656356;C0018;AS004;1034;2030-03-06 00:00:00;2030-03-15 00:00:00;2030-01-06 00:00:00;2030-01-15 00:00:00
2030-01-03 00:00:00;SO356330;C0019;CT003;1176;2030-03-07 00:00:00;2030-03-14 00:00:00;2030-01-07 00:00:00;2030-01-14 00:00:00
2030-01-03 00:00:00;SO424191;C0017;CS004;809;2030-02-28 00:00:00;2030-02-28 00:00:00;2030-01-07 00:00:00;2030-01-07 00:00:00
2030-01-03 00:00:00;SO966163;C0027;AS002;618;2030-02-14 00:00:00;2030-02-06 00:00:00;2030-01-11 00:00:00;2030-01-03 00:00:00
2030-01-03 00:00:00;SO340466;C0002;CT003;605;2030-02-07 00:00:00;2030-01-31 00:00:00;2030-01-05 00:00:00;2029-12-29 00:00:00
2030-01-03 00:00:00;SO356330;C0019;CS002;1094;2030-03-07 00:00:00;2030-03-11 00:00:00;2030-01-07 00:00:00;2030-01-11 00:00:00
2030-01-03 00:00:00;SO340466;C0002;VS004;803;2030-02-07 00:00:00;2030-02-08 00:00:00;2030-01-05 00:00:00;2030-01-06 00:00:00
2030-01-03 00:00:00;SO424191;C0017;VS005;850;2030-02-28 00:00:00;2030-02-22 00:00:00;2030-01-07 00:00:00;2030-01-01 00:00:00
2030-01-03 00:00:00;SO966163;C0027;VS003;1045;2030-02-14 00:00:00;2030-02-18 00:00:00;2030-01-11 00:00:00;2030-01-15 00:00:00
2030-01-03 00:00:00;SO424191;C0017;CS002;640;2030-02-28 00:00:00;2030-02-26 00:00:00;2030-01-07 00:00:00;2030-01-05 00:00:00
2030-01-03 00:00:00;SO966163;C0027;VS001;1150;2030-02-14 00:00:00;2030-02-09 00:00:00;2030-01-11 00:00:00;2030-01-06 00:00:00
2030-01-03 00:00:00;SO340466;C0002;AS004;443;2030-02-07 00:00:00;2030-02-16 00:00:00;2030-01-05 00:00:00;2030-01-14 00:00:00
2030-01-03 00:00:00;SO356330;C0019;VS001;645;2030-03-07 00:00:00;2030-03-05 00:00:00;2030-01-07 00:00:00;2030-01-05 00:00:00
2030-01-03 00:00:00;SO424191;C0017;AS002;456;2030-02-28 00:00:00;2030-02-22 00:00:00;2030-01-07 00:00:00;2030-01-01 00:00:00
2030-01-03 00:00:00;SO340466;C0002;AS003;1063;2030-02-07 00:00:00;2030-02-09 00:00:00;2030-01-05 00:00:00;2030-01-07 00:00:00
2030-01-03 00:00:00;SO340466;C0002;CS002;469;2030-02-07 00:00:00;2030-01-31 00:00:00;2030-01-05 00:00:00;2029-12-29 00:00:00
2030-01-03 00:00:00;SO424191;C0017;AS005;999;2030-02-28 00:00:00;2030-03-09 00:00:00;2030-01-07 00:00:00;2030-01-16 00:00:00
2030-01-03 00:00:00;SO356330;C0019;CS001;1105;2030-03-07 00:00:00;2030-03-05 00:00:00;2030-01-07 00:00:00;2030-01-05 00:00:00
2030-01-03 00:00:00;SO356330;C0019;AS005;766;2030-03-07 00:00:00;2030-03-15 00:00:00;2030-01-07 00:00:00;2030-01-15 00:00:00
2030-01-03 00:00:00;SO340466;C0002;VS003;929;2030-02-07 00:00:00;2030-01-30 00:00:00;2030-01-05 00:00:00;2029-12-28 00:00:00
2030-01-03 00:00:00;SO356330;C0019;VS002;1218;2030-03-07 00:00:00;2030-03-10 00:00:00;2030-01-07 00:00:00;2030-01-10 00:00:00
2030-01-04 00:00:00;SO892642;C0026;CT002;356;2030-02-08 00:00:00;2030-02-06 00:00:00;2030-01-12 00:00:00;2030-01-10 00:00:00
2030-01-04 00:00:00;SO653646;C0022;VS002;983;2030-02-15 00:00:00;2030-02-18 00:00:00;2030-01-08 00:00:00;2030-01-11 00:00:00
2030-01-04 00:00:00;SO902626;C0019;CS001;932;2030-03-08 00:00:00;2030-02-28 00:00:00;2030-01-08 00:00:00;2029-12-31 00:00:00
2030-01-04 00:00:00;SO774603;C0017;AS003;583;2030-03-01 00:00:00;2030-03-05 00:00:00;2030-01-08 00:00:00;2030-01-12 00:00:00
2030-01-04 00:00:00;SO774603;C0017;CT002;1122;2030-03-01 00:00:00;2030-02-26 00:00:00;2030-01-08 00:00:00;2030-01-05 00:00:00
2030-01-04 00:00:00;SO653646;C0022;AT002;755;2030-02-15 00:00:00;2030-02-07 00:00:00;2030-01-08 00:00:00;2029-12-31 00:00:00
2030-01-04 00:00:00;SO892642;C0026;AS003;1306;2030-02-08 00:00:00;2030-02-09 00:00:00;2030-01-12 00:00:00;2030-01-13 00:00:00
2030-01-04 00:00:00;SO774603;C0017;AS004;474;2030-03-01 00:00:00;2030-02-20 00:00:00;2030-01-08 00:00:00;2029-12-30 00:00:00
2030-01-04 00:00:00;SO902626;C0019;VS001;1492;2030-03-08 00:00:00;2030-03-05 00:00:00;2030-01-08 00:00:00;2030-01-05 00:00:00
2030-01-04 00:00:00;SO774603;C0017;CS001;1229;2030-03-01 00:00:00;2030-03-10 00:00:00;2030-01-08 00:00:00;2030-01-17 00:00:00
2030-01-04 00:00:00;SO902626;C0019;AL002;881;2030-03-08 00:00:00;2030-03-03 00:00:00;2030-01-08 00:00:00;2030-01-03 00:00:00
2030-01-04 00:00:00;SO653646;C0022;AS004;931;2030-02-15 00:00:00;2030-02-07 00:00:00;2030-01-08 00:00:00;2029-12-31 00:00:00
2030-01-04 00:00:00;SO892642;C0026;VS001;777;2030-02-08 00:00:00;2030-02-13 00:00:00;2030-01-12 00:00:00;2030-01-17 00:00:00
2030-01-04 00:00:00;SO902626;C0019;AS002;847;2030-03-08 00:00:00;2030-03-08 00:00:00;2030-01-08 00:00:00;2030-01-08 00:00:00
2030-01-07 00:00:00;SO138546;C0003;VS001;1075;2030-02-18 00:00:00;2030-02-11 00:00:00;2030-01-09 00:00:00;2030-01-02 00:00:00
2030-01-07 00:00:00;SO212534;C0026;AS002;883;2030-02-11 00:00:00;2030-02-19 00:00:00;2030-01-15 00:00:00;2030-01-23 00:00:00
2030-01-07 00:00:00;SO444324;C0019;AL002;1172;2030-03-11 00:00:00;2030-03-10 00:00:00;2030-01-11 00:00:00;2030-01-10 00:00:00
2030-01-07 00:00:00;SO605791;C0025;CT003;548;2030-02-04 00:00:00;2030-02-13 00:00:00;2030-01-15 00:00:00;2030-01-24 00:00:00
2030-01-07 00:00:00;SO212534;C0026;CS004;1204;2030-02-11 00:00:00;2030-02-01 00:00:00;2030-01-15 00:00:00;2030-01-05 00:00:00
2030-01-07 00:00:00;SO605791;C0025;VS004;524;2030-02-04 00:00:00;2030-01-29 00:00:00;2030-01-15 00:00:00;2030-01-09 00:00:00
2030-01-07 00:00:00;SO444324;C0019;VS003;523;2030-03-11 00:00:00;2030-03-18 00:00:00;2030-01-11 00:00:00;2030-01-18 00:00:00
2030-01-07 00:00:00;SO138546;C0003;VS004;820;2030-02-18 00:00:00;2030-02-14 00:00:00;2030-01-09 00:00:00;2030-01-05 00:00:00
2030-01-07 00:00:00;SO212534;C0026;AL002;699;2030-02-11 00:00:00;2030-02-18 00:00:00;2030-01-15 00:00:00;2030-01-22 00:00:00
2030-01-07 00:00:00;SO444324;C0019;AS004;642;2030-03-11 00:00:00;2030-03-08 00:00:00;2030-01-11 00:00:00;2030-01-08 00:00:00
2030-01-07 00:00:00;SO138546;C0003;AT002;734;2030-02-18 00:00:00;2030-02-10 00:00:00;2030-01-09 00:00:00;2030-01-01 00:00:00
2030-01-07 00:00:00;SO444324;C0019;VS004;431;2030-03-11 00:00:00;2030-03-05 00:00:00;2030-01-11 00:00:00;2030-01-05 00:00:00
2030-01-07 00:00:00;SO212534;C0026;CT002;1181;2030-02-11 00:00:00;2030-02-11 00:00:00;2030-01-15 00:00:00;2030-01-15 00:00:00
2030-01-07 00:00:00;SO605791;C0025;AS003;651;2030-02-04 00:00:00;2030-02-01 00:00:00;2030-01-15 00:00:00;2030-01-12 00:00:00
2030-01-08 00:00:00;SO717754;C0006;AS002;509;2030-03-12 00:00:00;2030-03-04 00:00:00;2030-01-10 00:00:00;2030-01-02 00:00:00
2030-01-08 00:00:00;SO528723;C0016;AS004;699;2030-01-22 00:00:00;2030-01-21 00:00:00;2030-01-12 00:00:00;2030-01-11 00:00:00
2030-01-08 00:00:00;SO609068;C0009;VS004;923;2030-01-22 00:00:00;2030-01-25 00:00:00;2030-01-11 00:00:00;2030-01-14 00:00:00
2030-01-08 00:00:00;SO528723;C0016;AL002;725;2030-01-22 00:00:00;2030-01-24 00:00:00;2030-01-12 00:00:00;2030-01-14 00:00:00
2030-01-08 00:00:00;SO609068;C0009;VS003;840;2030-01-22 00:00:00;2030-01-16 00:00:00;2030-01-11 00:00:00;2030-01-05 00:00:00
2030-01-08 00:00:00;SO717754;C0006;CS002;861;2030-03-12 00:00:00;2030-03-14 00:00:00;2030-01-10 00:00:00;2030-01-12 00:00:00
2030-01-08 00:00:00;SO609068;C0009;AT002;966;2030-01-22 00:00:00;2030-01-15 00:00:00;2030-01-11 00:00:00;2030-01-04 00:00:00
2030-01-08 00:00:00;SO528723;C0016;VS002;780;2030-01-22 00:00:00;2030-01-16 00:00:00;2030-01-12 00:00:00;2030-01-06 00:00:00
2030-01-08 00:00:00;SO717754;C0006;CT003;504;2030-03-12 00:00:00;2030-03-18 00:00:00;2030-01-10 00:00:00;2030-01-16 00:00:00
2030-01-08 00:00:00;SO717754;C0006;AT002;953;2030-03-12 00:00:00;2030-03-22 00:00:00;2030-01-10 00:00:00;2030-01-20 00:00:00
2030-01-08 00:00:00;SO609068;C0009;AS005;357;2030-01-22 00:00:00;2030-01-23 00:00:00;2030-01-11 00:00:00;2030-01-12 00:00:00
2030-01-08 00:00:00;SO717754;C0006;CT002;942;2030-03-12 00:00:00;2030-03-09 00:00:00;2030-01-10 00:00:00;2030-01-07 00:00:00
2030-01-08 00:00:00;SO528723;C0016;CT002;876;2030-01-22 00:00:00;2030-01-19 00:00:00;2030-01-12 00:00:00;2030-01-09 00:00:00
2030-01-08 00:00:00;SO717754;C0006;AS004;784;2030-03-12 00:00:00;2030-03-02 00:00:00;2030-01-10 00:00:00;2029-12-31 00:00:00
2030-01-09 00:00:00;SO381862;C0008;CS004;977;2030-03-06 00:00:00;2030-03-12 00:00:00;2030-01-12 00:00:00;2030-01-18 00:00:00
2030-01-09 00:00:00;SO847819;C0015;VS004;1017;2030-02-20 00:00:00;2030-02-12 00:00:00;2030-01-13 00:00:00;2030-01-05 00:00:00
2030-01-09 00:00:00;SO445515;C0026;CS004;1034;2030-02-13 00:00:00;2030-02-16 00:00:00;2030-01-17 00:00:00;2030-01-20 00:00:00
2030-01-09 00:00:00;SO902866;C0030;CS004;1231;2030-03-13 00:00:00;2030-03-23 00:00:00;2030-01-17 00:00:00;2030-01-27 00:00:00
2030-01-09 00:00:00;SO902866;C0030;AS005;748;2030-03-13 00:00:00;2030-03-11 00:00:00;2030-01-17 00:00:00;2030-01-15 00:00:00
2030-01-09 00:00:00;SO445515;C0026;AS005;951;2030-02-13 00:00:00;2030-02-10 00:00:00;2030-01-17 00:00:00;2030-01-14 00:00:00
2030-01-09 00:00:00;SO381862;C0008;AS002;947;2030-03-06 00:00:00;2030-03-07 00:00:00;2030-01-12 00:00:00;2030-01-13 00:00:00
2030-01-09 00:00:00;SO847819;C0015;VS002;638;2030-02-20 00:00:00;2030-02-14 00:00:00;2030-01-13 00:00:00;2030-01-07 00:00:00
2030-01-09 00:00:00;SO847819;C0015;VS001;1156;2030-02-20 00:00:00;2030-02-17 00:00:00;2030-01-13 00:00:00;2030-01-10 00:00:00
2030-01-09 00:00:00;SO445515;C0026;AS002;450;2030-02-13 00:00:00;2030-02-10 00:00:00;2030-01-17 00:00:00;2030-01-14 00:00:00
2030-01-09 00:00:00;SO902866;C0030;CS001;469;2030-03-13 00:00:00;2030-03-20 00:00:00;2030-01-17 00:00:00;2030-01-24 00:00:00
2030-01-09 00:00:00;SO847819;C0015;CS001;1167;2030-02-20 00:00:00;2030-02-17 00:00:00;2030-01-13 00:00:00;2030-01-10 00:00:00
2030-01-10 00:00:00;SO159261;C0024;VS001;990;2030-02-07 00:00:00;2030-01-28 00:00:00;2030-01-14 00:00:00;2030-01-04 00:00:00
2030-01-10 00:00:00;SO325470;C0002;CS002;1348;2030-02-14 00:00:00;2030-02-11 00:00:00;2030-01-12 00:00:00;2030-01-09 00:00:00
2030-01-10 00:00:00;SO379845;C0008;AS002;1012;2030-03-07 00:00:00;2030-03-10 00:00:00;2030-01-13 00:00:00;2030-01-16 00:00:00
2030-01-10 00:00:00;SO379845;C0008;CS001;990;2030-03-07 00:00:00;2030-02-25 00:00:00;2030-01-13 00:00:00;2030-01-03 00:00:00
2030-01-10 00:00:00;SO159261;C0024;CS004;566;2030-02-07 00:00:00;2030-02-06 00:00:00;2030-01-14 00:00:00;2030-01-13 00:00:00
2030-01-10 00:00:00;SO159261;C0024;AS005;693;2030-02-07 00:00:00;2030-02-15 00:00:00;2030-01-14 00:00:00;2030-01-22 00:00:00
2030-01-10 00:00:00;SO379845;C0008;CT002;950;2030-03-07 00:00:00;2030-03-07 00:00:00;2030-01-13 00:00:00;2030-01-13 00:00:00
2030-01-10 00:00:00;SO325470;C0002;VS001;600;2030-02-14 00:00:00;2030-02-12 00:00:00;2030-01-12 00:00:00;2030-01-10 00:00:00
2030-01-10 00:00:00;SO379845;C0008;CS004;395;2030-03-07 00:00:00;2030-02-26 00:00:00;2030-01-13 00:00:00;2030-01-04 00:00:00
2030-01-10 00:00:00;SO325470;C0002;AS005;736;2030-02-14 00:00:00;2030-02-16 00:00:00;2030-01-12 00:00:00;2030-01-14 00:00:00
2030-01-10 00:00:00;SO379845;C0008;VS005;825;2030-03-07 00:00:00;2030-03-08 00:00:00;2030-01-13 00:00:00;2030-01-14 00:00:00
2030-01-10 00:00:00;SO325470;C0002;AS004;1253;2030-02-14 00:00:00;2030-02-23 00:00:00;2030-01-12 00:00:00;2030-01-21 00:00:00
2030-01-10 00:00:00;SO325470;C0002;CS001;452;2030-02-14 00:00:00;2030-02-08 00:00:00;2030-01-12 00:00:00;2030-01-06 00:00:00
2030-01-10 00:00:00;SO325470;C0002;VS002;700;2030-02-14 00:00:00;2030-02-17 00:00:00;2030-01-12 00:00:00;2030-01-15 00:00:00
2030-01-10 00:00:00;SO379845;C0008;CT003;1303;2030-03-07 00:00:00;2030-02-25 00:00:00;2030-01-13 00:00:00;2030-01-03 00:00:00
2030-01-10 00:00:00;SO325470;C0002;AS002;614;2030-02-14 00:00:00;2030-02-06 00:00:00;2030-01-12 00:00:00;2030-01-04 00:00:00
2030-01-11 00:00:00;SO294555;C0016;AT002;358;2030-01-25 00:00:00;2030-01-31 00:00:00;2030-01-15 00:00:00;2030-01-21 00:00:00
2030-01-11 00:00:00;SO417983;C0006;VS002;662;2030-03-15 00:00:00;2030-03-24 00:00:00;2030-01-13 00:00:00;2030-01-22 00:00:00
2030-01-11 00:00:00;SO179685;C0004;CS002;1095;2030-01-25 00:00:00;2030-01-19 00:00:00;2030-01-13 00:00:00;2030-01-07 00:00:00
2030-01-11 00:00:00;SO663433;C0013;AL002;803;2030-02-08 00:00:00;2030-01-29 00:00:00;2030-01-15 00:00:00;2030-01-05 00:00:00
2030-01-11 00:00:00;SO663433;C0013;CT002;891;2030-02-08 00:00:00;2030-02-06 00:00:00;2030-01-15 00:00:00;2030-01-13 00:00:00
2030-01-11 00:00:00;SO294555;C0016;VS001;1021;2030-01-25 00:00:00;2030-02-03 00:00:00;2030-01-15 00:00:00;2030-01-24 00:00:00
2030-01-11 00:00:00;SO663433;C0013;VS004;459;2030-02-08 00:00:00;2030-01-30 00:00:00;2030-01-15 00:00:00;2030-01-06 00:00:00
2030-01-11 00:00:00;SO179685;C0004;VS003;887;2030-01-25 00:00:00;2030-02-01 00:00:00;2030-01-13 00:00:00;2030-01-20 00:00:00
2030-01-11 00:00:00;SO179685;C0004;VS001;858;2030-01-25 00:00:00;2030-01-15 00:00:00;2030-01-13 00:00:00;2030-01-03 00:00:00
2030-01-11 00:00:00;SO417983;C0006;AS005;1016;2030-03-15 00:00:00;2030-03-24 00:00:00;2030-01-13 00:00:00;2030-01-22 00:00:00
2030-01-11 00:00:00;SO294555;C0016;AL002;987;2030-01-25 00:00:00;2030-02-01 00:00:00;2030-01-15 00:00:00;2030-01-22 00:00:00
2030-01-11 00:00:00;SO179685;C0004;AT002;1268;2030-01-25 00:00:00;2030-01-26 00:00:00;2030-01-13 00:00:00;2030-01-14 00:00:00
2030-01-11 00:00:00;SO663433;C0013;AS005;622;2030-02-08 00:00:00;2030-02-14 00:00:00;2030-01-15 00:00:00;2030-01-21 00:00:00
2030-01-11 00:00:00;SO294555;C0016;AS002;811;2030-01-25 00:00:00;2030-01-31 00:00:00;2030-01-15 00:00:00;2030-01-21 00:00:00
2030-01-11 00:00:00;SO663433;C0013;CS002;1208;2030-02-08 00:00:00;2030-02-08 00:00:00;2030-01-15 00:00:00;2030-01-15 00:00:00
2030-01-14 00:00:00;SO200801;C0008;VS001;457;2030-03-11 00:00:00;2030-03-09 00:00:00;2030-01-17 00:00:00;2030-01-15 00:00:00
2030-01-14 00:00:00;SO610121;C0019;VS003;1032;2030-03-18 00:00:00;2030-03-13 00:00:00;2030-01-18 00:00:00;2030-01-13 00:00:00
2030-01-14 00:00:00;SO200801;C0008;CS001;854;2030-03-11 00:00:00;2030-03-17 00:00:00;2030-01-17 00:00:00;2030-01-23 00:00:00
2030-01-14 00:00:00;SO610121;C0019;AS005;529;2030-03-18 00:00:00;2030-03-23 00:00:00;2030-01-18 00:00:00;2030-01-23 00:00:00
2030-01-14 00:00:00;SO610121;C0019;AS003;1056;2030-03-18 00:00:00;2030-03-16 00:00:00;2030-01-18 00:00:00;2030-01-16 00:00:00
2030-01-14 00:00:00;SO200801;C0008;AS002;1370;2030-03-11 00:00:00;2030-03-17 00:00:00;2030-01-17 00:00:00;2030-01-23 00:00:00
2030-01-14 00:00:00;SO200801;C0008;AT002;448;2030-03-11 00:00:00;2030-03-10 00:00:00;2030-01-17 00:00:00;2030-01-16 00:00:00
2030-01-14 00:00:00;SO610121;C0019;AL002;599;2030-03-18 00:00:00;2030-03-12 00:00:00;2030-01-18 00:00:00;2030-01-12 00:00:00
2030-01-14 00:00:00;SO200801;C0008;CT002;594;2030-03-11 00:00:00;2030-03-01 00:00:00;2030-01-17 00:00:00;2030-01-07 00:00:00
2030-01-14 00:00:00;SO610121;C0019;AS002;467;2030-03-18 00:00:00;2030-03-20 00:00:00;2030-01-18 00:00:00;2030-01-20 00:00:00
2030-01-14 00:00:00;SO200801;C0008;AS004;1117;2030-03-11 00:00:00;2030-03-01 00:00:00;2030-01-17 00:00:00;2030-01-07 00:00:00
2030-01-14 00:00:00;SO610121;C0019;AT002;534;2030-03-18 00:00:00;2030-03-13 00:00:00;2030-01-18 00:00:00;2030-01-13 00:00:00
2030-01-14 00:00:00;SO200801;C0008;VS004;1201;2030-03-11 00:00:00;2030-03-17 00:00:00;2030-01-17 00:00:00;2030-01-23 00:00:00
2030-01-14 00:00:00;SO610121;C0019;CT003;918;2030-03-18 00:00:00;2030-03-28 00:00:00;2030-01-18 00:00:00;2030-01-28 00:00:00
2030-01-14 00:00:00;SO610121;C0019;CS004;338;2030-03-18 00:00:00;2030-03-22 00:00:00;2030-01-18 00:00:00;2030-01-22 00:00:00
2030-01-14 00:00:00;SO610121;C0019;VS005;1299;2030-03-18 00:00:00;2030-03-20 00:00:00;2030-01-18 00:00:00;2030-01-20 00:00:00
2030-01-14 00:00:00;SO610121;C0019;CS002;673;2030-03-18 00:00:00;2030-03-11 00:00:00;2030-01-18 00:00:00;2030-01-11 00:00:00
2030-01-15 00:00:00;SO650528;C0017;CS004;1012;2030-03-12 00:00:00;2030-03-14 00:00:00;2030-01-19 00:00:00;2030-01-21 00:00:00
2030-01-15 00:00:00;SO499509;C0020;AT002;471;2030-03-12 00:00:00;2030-03-05 00:00:00;2030-01-19 00:00:00;2030-01-12 00:00:00
2030-01-15 00:00:00;SO614035;C0004;AS004;957;2030-01-29 00:00:00;2030-01-22 00:00:00;2030-01-17 00:00:00;2030-01-10 00:00:00
2030-01-15 00:00:00;SO694118;C0028;AS002;1299;2030-01-29 00:00:00;2030-02-07 00:00:00;2030-01-23 00:00:00;2030-02-01 00:00:00
2030-01-15 00:00:00;SO614035;C0004;CT002;1028;2030-01-29 00:00:00;2030-02-05 00:00:00;2030-01-17 00:00:00;2030-01-24 00:00:00
2030-01-15 00:00:00;SO614035;C0004;AS005;756;2030-01-29 00:00:00;2030-02-05 00:00:00;2030-01-17 00:00:00;2030-01-24 00:00:00
2030-01-15 00:00:00;SO650528;C0017;VS001;1396;2030-03-12 00:00:00;2030-03-08 00:00:00;2030-01-19 00:00:00;2030-01-15 00:00:00
2030-01-15 00:00:00;SO694118;C0028;VS001;1248;2030-01-29 00:00:00;2030-02-04 00:00:00;2030-01-23 00:00:00;2030-01-29 00:00:00
2030-01-15 00:00:00;SO614035;C0004;CT003;810;2030-01-29 00:00:00;2030-02-01 00:00:00;2030-01-17 00:00:00;2030-01-20 00:00:00
2030-01-15 00:00:00;SO694118;C0028;AS003;464;2030-01-29 00:00:00;2030-01-28 00:00:00;2030-01-23 00:00:00;2030-01-22 00:00:00
2030-01-15 00:00:00;SO499509;C0020;VS004;986;2030-03-12 00:00:00;2030-03-14 00:00:00;2030-01-19 00:00:00;2030-01-21 00:00:00
2030-01-15 00:00:00;SO614035;C0004;CS004;1198;2030-01-29 00:00:00;2030-02-02 00:00:00;2030-01-17 00:00:00;2030-01-21 00:00:00
2030-01-15 00:00:00;SO650528;C0017;AL002;485;2030-03-12 00:00:00;2030-03-11 00:00:00;2030-01-19 00:00:00;2030-01-18 00:00:00
2030-01-15 00:00:00;SO499509;C0020;CS002;1290;2030-03-12 00:00:00;2030-03-02 00:00:00;2030-01-19 00:00:00;2030-01-09 00:00:00
2030-01-15 00:00:00;SO694118;C0028;AS005;1068;2030-01-29 00:00:00;2030-02-05 00:00:00;2030-01-23 00:00:00;2030-01-30 00:00:00
2030-01-16 00:00:00;SO691320;C0016;VS001;636;2030-01-30 00:00:00;2030-01-21 00:00:00;2030-01-20 00:00:00;2030-01-11 00:00:00
2030-01-16 00:00:00;SO680212;C0010;AL002;607;2030-02-27 00:00:00;2030-02-19 00:00:00;2030-01-19 00:00:00;2030-01-11 00:00:00
2030-01-16 00:00:00;SO742587;C0023;VS001;1223;2030-02-20 00:00:00;2030-02-14 00:00:00;2030-01-20 00:00:00;2030-01-14 00:00:00
2030-01-16 00:00:00;SO691320;C0016;AS005;1028;2030-01-30 00:00:00;2030-02-05 00:00:00;2030-01-20 00:00:00;2030-01-26 00:00:00
2030-01-16 00:00:00;SO742587;C0023;CS004;792;2030-02-20 00:00:00;2030-03-01 00:00:00;2030-01-20 00:00:00;2030-01-29 00:00:00
2030-01-16 00:00:00;SO680212;C0010;CS004;706;2030-02-27 00:00:00;2030-02-17 00:00:00;2030-01-19 00:00:00;2030-01-09 00:00:00
2030-01-16 00:00:00;SO691320;C0016;CS002;1126;2030-01-30 00:00:00;2030-02-05 00:00:00;2030-01-20 00:00:00;2030-01-26 00:00:00
2030-01-16 00:00:00;SO680212;C0010;AS004;1248;2030-02-27 00:00:00;2030-03-01 00:00:00;2030-01-19 00:00:00;2030-01-21 00:00:00
2030-01-16 00:00:00;SO742587;C0023;VS004;728;2030-02-20 00:00:00;2030-02-10 00:00:00;2030-01-20 00:00:00;2030-01-10 00:00:00
2030-01-16 00:00:00;SO691320;C0016;AS004;772;2030-01-30 00:00:00;2030-02-09 00:00:00;2030-01-20 00:00:00;2030-01-30 00:00:00
2030-01-16 00:00:00;SO680212;C0010;VS005;581;2030-02-27 00:00:00;2030-02-26 00:00:00;2030-01-19 00:00:00;2030-01-18 00:00:00
2030-01-16 00:00:00;SO691320;C0016;VS002;439;2030-01-30 00:00:00;2030-01-27 00:00:00;2030-01-20 00:00:00;2030-01-17 00:00:00
2030-01-16 00:00:00;SO691320;C0016;CS001;544;2030-01-30 00:00:00;2030-02-05 00:00:00;2030-01-20 00:00:00;2030-01-26 00:00:00
2030-01-16 00:00:00;SO680212;C0010;VS002;640;2030-02-27 00:00:00;2030-02-22 00:00:00;2030-01-19 00:00:00;2030-01-14 00:00:00
2030-01-16 00:00:00;SO680212;C0010;VS003;1234;2030-02-27 00:00:00;2030-02-17 00:00:00;2030-01-19 00:00:00;2030-01-09 00:00:00
2030-01-16 00:00:00;SO742587;C0023;AT002;975;2030-02-20 00:00:00;2030-02-14 00:00:00;2030-01-20 00:00:00;2030-01-14 00:00:00
2030-01-16 00:00:00;SO691320;C0016;AS003;1334;2030-01-30 00:00:00;2030-02-08 00:00:00;2030-01-20 00:00:00;2030-01-29 00:00:00
2030-01-16 00:00:00;SO691320;C0016;CT003;522;2030-01-30 00:00:00;2030-01-21 00:00:00;2030-01-20 00:00:00;2030-01-11 00:00:00
2030-01-16 00:00:00;SO691320;C0016;AT002;1046;2030-01-30 00:00:00;2030-02-08 00:00:00;2030-01-20 00:00:00;2030-01-29 00:00:00
2030-01-17 00:00:00;SO348856;C0014;CT002;634;2030-02-21 00:00:00;2030-02-16 00:00:00;2030-01-21 00:00:00;2030-01-16 00:00:00
2030-01-17 00:00:00;SO816472;C0026;CT003;594;2030-02-21 00:00:00;2030-03-03 00:00:00;2030-01-25 00:00:00;2030-02-04 00:00:00
2030-01-17 00:00:00;SO348856;C0014;CS004;832;2030-02-21 00:00:00;2030-02-20 00:00:00;2030-01-21 00:00:00;2030-01-20 00:00:00
2030-01-17 00:00:00;SO348856;C0014;VS005;637;2030-02-21 00:00:00;2030-02-27 00:00:00;2030-01-21 00:00:00;2030-01-27 00:00:00
2030-01-17 00:00:00;SO816472;C0026;VS004;494;2030-02-21 00:00:00;2030-02-15 00:00:00;2030-01-25 00:00:00;2030-01-19 00:00:00
2030-01-17 00:00:00;SO348856;C0014;AS003;594;2030-02-21 00:00:00;2030-02-22 00:00:00;2030-01-21 00:00:00;2030-01-22 00:00:00
2030-01-17 00:00:00;SO816472;C0026;AS004;748;2030-02-21 00:00:00;2030-02-25 00:00:00;2030-01-25 00:00:00;2030-01-29 00:00:00
2030-01-17 00:00:00;SO816472;C0026;VS002;305;2030-02-21 00:00:00;2030-02-11 00:00:00;2030-01-25 00:00:00;2030-01-15 00:00:00
2030-01-17 00:00:00;SO816472;C0026;AS002;1278;2030-02-21 00:00:00;2030-02-16 00:00:00;2030-01-25 00:00:00;2030-01-20 00:00:00
2030-01-17 00:00:00;SO348856;C0014;VS003;1192;2030-02-21 00:00:00;2030-02-12 00:00:00;2030-01-21 00:00:00;2030-01-12 00:00:00
2030-01-17 00:00:00;SO348856;C0014;VS002;822;2030-02-21 00:00:00;2030-02-22 00:00:00;2030-01-21 00:00:00;2030-01-22 00:00:00
2030-01-17 00:00:00;SO816472;C0026;CS002;1149;2030-02-21 00:00:00;2030-02-28 00:00:00;2030-01-25 00:00:00;2030-02-01 00:00:00
2030-01-17 00:00:00;SO348856;C0014;AS005;785;2030-02-21 00:00:00;2030-02-27 00:00:00;2030-01-21 00:00:00;2030-01-27 00:00:00
2030-01-17 00:00:00;SO348856;C0014;AL002;362;2030-02-21 00:00:00;2030-02-25 00:00:00;2030-01-21 00:00:00;2030-01-25 00:00:00
2030-01-17 00:00:00;SO348856;C0014;CS001;1153;2030-02-21 00:00:00;2030-02-27 00:00:00;2030-01-21 00:00:00;2030-01-27 00:00:00
2030-01-17 00:00:00;SO348856;C0014;AT002;850;2030-02-21 00:00:00;2030-02-16 00:00:00;2030-01-21 00:00:00;2030-01-16 00:00:00
2030-01-17 00:00:00;SO816472;C0026;AT002;1012;2030-02-21 00:00:00;2030-02-25 00:00:00;2030-01-25 00:00:00;2030-01-29 00:00:00
2030-01-17 00:00:00;SO348856;C0014;AS004;561;2030-02-21 00:00:00;2030-02-13 00:00:00;2030-01-21 00:00:00;2030-01-13 00:00:00
2030-01-17 00:00:00;SO348856;C0014;VS001;1047;2030-02-21 00:00:00;2030-02-28 00:00:00;2030-01-21 00:00:00;2030-01-28 00:00:00
2030-01-18 00:00:00;SO737805;C0029;AS003;1152;2030-03-15 00:00:00;2030-03-15 00:00:00;2030-01-26 00:00:00;2030-01-26 00:00:00
2030-01-18 00:00:00;SO107395;C0027;CT003;501;2030-03-01 00:00:00;2030-03-01 00:00:00;2030-01-26 00:00:00;2030-01-26 00:00:00
2030-01-18 00:00:00;SO107395;C0027;AT002;957;2030-03-01 00:00:00;2030-02-23 00:00:00;2030-01-26 00:00:00;2030-01-20 00:00:00
2030-01-18 00:00:00;SO107395;C0027;CT002;325;2030-03-01 00:00:00;2030-02-20 00:00:00;2030-01-26 00:00:00;2030-01-17 00:00:00
2030-01-18 00:00:00;SO737805;C0029;AL002;435;2030-03-15 00:00:00;2030-03-22 00:00:00;2030-01-26 00:00:00;2030-02-02 00:00:00
2030-01-18 00:00:00;SO737805;C0029;VS005;940;2030-03-15 00:00:00;2030-03-21 00:00:00;2030-01-26 00:00:00;2030-02-01 00:00:00
2030-01-18 00:00:00;SO737805;C0029;CS004;670;2030-03-15 00:00:00;2030-03-23 00:00:00;2030-01-26 00:00:00;2030-02-03 00:00:00
2030-01-18 00:00:00;SO737805;C0029;VS004;428;2030-03-15 00:00:00;2030-03-19 00:00:00;2030-01-26 00:00:00;2030-01-30 00:00:00
2030-01-18 00:00:00;SO737805;C0029;CT003;987;2030-03-15 00:00:00;2030-03-18 00:00:00;2030-01-26 00:00:00;2030-01-29 00:00:00
2030-01-18 00:00:00;SO107395;C0027;CS004;636;2030-03-01 00:00:00;2030-03-08 00:00:00;2030-01-26 00:00:00;2030-02-02 00:00:00
2030-01-18 00:00:00;SO107395;C0027;CS002;356;2030-03-01 00:00:00;2030-02-23 00:00:00;2030-01-26 00:00:00;2030-01-20 00:00:00
2030-01-18 00:00:00;SO107395;C0027;VS001;815;2030-03-01 00:00:00;2030-03-03 00:00:00;2030-01-26 00:00:00;2030-01-28 00:00:00
2030-01-18 00:00:00;SO737805;C0029;VS002;1312;2030-03-15 00:00:00;2030-03-05 00:00:00;2030-01-26 00:00:00;2030-01-16 00:00:00
2030-01-18 00:00:00;SO737805;C0029;AT002;1181;2030-03-15 00:00:00;2030-03-20 00:00:00;2030-01-26 00:00:00;2030-01-31 00:00:00
2030-01-18 00:00:00;SO107395;C0027;CS001;1053;2030-03-01 00:00:00;2030-02-26 00:00:00;2030-01-26 00:00:00;2030-01-23 00:00:00
2030-01-21 00:00:00;SO968010;C0030;VS003;957;2030-03-25 00:00:00;2030-03-26 00:00:00;2030-01-29 00:00:00;2030-01-30 00:00:00
2030-01-21 00:00:00;SO237536;C0004;AS004;1443;2030-02-04 00:00:00;2030-02-08 00:00:00;2030-01-23 00:00:00;2030-01-27 00:00:00
2030-01-21 00:00:00;SO237536;C0004;CT002;1122;2030-02-04 00:00:00;2030-02-07 00:00:00;2030-01-23 00:00:00;2030-01-26 00:00:00
2030-01-21 00:00:00;SO968010;C0030;AS002;914;2030-03-25 00:00:00;2030-03-27 00:00:00;2030-01-29 00:00:00;2030-01-31 00:00:00
2030-01-21 00:00:00;SO237536;C0004;AS005;421;2030-02-04 00:00:00;2030-01-30 00:00:00;2030-01-23 00:00:00;2030-01-18 00:00:00
2030-01-21 00:00:00;SO237536;C0004;AS003;1091;2030-02-04 00:00:00;2030-02-08 00:00:00;2030-01-23 00:00:00;2030-01-27 00:00:00
2030-01-21 00:00:00;SO237536;C0004;CS004;677;2030-02-04 00:00:00;2030-01-29 00:00:00;2030-01-23 00:00:00;2030-01-17 00:00:00
2030-01-21 00:00:00;SO237536;C0004;VS004;1168;2030-02-04 00:00:00;2030-01-25 00:00:00;2030-01-23 00:00:00;2030-01-13 00:00:00
2030-01-21 00:00:00;SO968010;C0030;VS001;718;2030-03-25 00:00:00;2030-04-03 00:00:00;2030-01-29 00:00:00;2030-02-07 00:00:00
2030-01-21 00:00:00;SO968010;C0030;CT002;1311;2030-03-25 00:00:00;2030-03-22 00:00:00;2030-01-29 00:00:00;2030-01-26 00:00:00
2030-01-21 00:00:00;SO237536;C0004;CS002;1415;2030-02-04 00:00:00;2030-02-08 00:00:00;2030-01-23 00:00:00;2030-01-27 00:00:00
2030-01-21 00:00:00;SO968010;C0030;AS005;582;2030-03-25 00:00:00;2030-03-28 00:00:00;2030-01-29 00:00:00;2030-02-01 00:00:00
2030-01-21 00:00:00;SO237536;C0004;CS001;343;2030-02-04 00:00:00;2030-02-10 00:00:00;2030-01-23 00:00:00;2030-01-29 00:00:00
2030-01-21 00:00:00;SO968010;C0030;CS002;1039;2030-03-25 00:00:00;2030-03-23 00:00:00;2030-01-29 00:00:00;2030-01-27 00:00:00
2030-01-22 00:00:00;SO187100;C0013;AS003;1100;2030-02-19 00:00:00;2030-02-10 00:00:00;2030-01-26 00:00:00;2030-01-17 00:00:00
2030-01-22 00:00:00;SO617189;C0015;CS001;984;2030-03-05 00:00:00;2030-03-11 00:00:00;2030-01-26 00:00:00;2030-02-01 00:00:00
2030-01-22 00:00:00;SO434440;C0011;CS004;1043;2030-02-26 00:00:00;2030-02-22 00:00:00;2030-01-25 00:00:00;2030-01-21 00:00:00
2030-01-22 00:00:00;SO792740;C0029;CS001;461;2030-03-19 00:00:00;2030-03-21 00:00:00;2030-01-30 00:00:00;2030-02-01 00:00:00
2030-01-22 00:00:00;SO187100;C0013;CT002;1231;2030-02-19 00:00:00;2030-02-27 00:00:00;2030-01-26 00:00:00;2030-02-03 00:00:00
2030-01-22 00:00:00;SO187100;C0013;AT002;1273;2030-02-19 00:00:00;2030-02-28 00:00:00;2030-01-26 00:00:00;2030-02-04 00:00:00
2030-01-22 00:00:00;SO434440;C0011;AS004;884;2030-02-26 00:00:00;2030-03-08 00:00:00;2030-01-25 00:00:00;2030-02-04 00:00:00
2030-01-22 00:00:00;SO434440;C0011;VS003;1144;2030-02-26 00:00:00;2030-03-05 00:00:00;2030-01-25 00:00:00;2030-02-01 00:00:00
2030-01-22 00:00:00;SO187100;C0013;CS001;507;2030-02-19 00:00:00;2030-02-27 00:00:00;2030-01-26 00:00:00;2030-02-03 00:00:00
2030-01-22 00:00:00;SO792740;C0029;VS003;1256;2030-03-19 00:00:00;2030-03-12 00:00:00;2030-01-30 00:00:00;2030-01-23 00:00:00
2030-01-22 00:00:00;SO792740;C0029;CS004;594;2030-03-19 00:00:00;2030-03-17 00:00:00;2030-01-30 00:00:00;2030-01-28 00:00:00
2030-01-22 00:00:00;SO434440;C0011;CS001;1104;2030-02-26 00:00:00;2030-03-07 00:00:00;2030-01-25 00:00:00;2030-02-03 00:00:00
2030-01-22 00:00:00;SO617189;C0015;CS002;601;2030-03-05 00:00:00;2030-03-15 00:00:00;2030-01-26 00:00:00;2030-02-05 00:00:00
2030-01-22 00:00:00;SO187100;C0013;AS004;572;2030-02-19 00:00:00;2030-02-09 00:00:00;2030-01-26 00:00:00;2030-01-16 00:00:00
2030-01-22 00:00:00;SO617189;C0015;CT002;692;2030-03-05 00:00:00;2030-03-05 00:00:00;2030-01-26 00:00:00;2030-01-26 00:00:00
2030-01-22 00:00:00;SO617189;C0015;CT003;1396;2030-03-05 00:00:00;2030-02-24 00:00:00;2030-01-26 00:00:00;2030-01-17 00:00:00
2030-01-23 00:00:00;SO717991;C0026;AS005;430;2030-02-27 00:00:00;2030-03-04 00:00:00;2030-01-31 00:00:00;2030-02-05 00:00:00
2030-01-23 00:00:00;SO699200;C0019;VS003;1027;2030-03-27 00:00:00;2030-03-18 00:00:00;2030-01-27 00:00:00;2030-01-18 00:00:00
2030-01-23 00:00:00;SO427971;C0009;CS001;616;2030-02-06 00:00:00;2030-02-04 00:00:00;2030-01-26 00:00:00;2030-01-24 00:00:00
2030-01-23 00:00:00;SO627191;C0029;VS001;479;2030-03-20 00:00:00;2030-03-12 00:00:00;2030-01-31 00:00:00;2030-01-23 00:00:00
2030-01-23 00:00:00;SO427971;C0009;VS003;658;2030-02-06 00:00:00;2030-02-02 00:00:00;2030-01-26 00:00:00;2030-01-22 00:00:00
2030-01-23 00:00:00;SO717991;C0026;VS004;1009;2030-02-27 00:00:00;2030-03-09 00:00:00;2030-01-31 00:00:00;2030-02-10 00:00:00
2030-01-23 00:00:00;SO717991;C0026;AS004;1043;2030-02-27 00:00:00;2030-02-26 00:00:00;2030-01-31 00:00:00;2030-01-30 00:00:00
2030-01-23 00:00:00;SO717991;C0026;CS001;625;2030-02-27 00:00:00;2030-03-09 00:00:00;2030-01-31 00:00:00;2030-02-10 00:00:00
2030-01-23 00:00:00;SO699200;C0019;VS004;637;2030-03-27 00:00:00;2030-03-26 00:00:00;2030-01-27 00:00:00;2030-01-26 00:00:00
2030-01-23 00:00:00;SO627191;C0029;CT002;1179;2030-03-20 00:00:00;2030-03-22 00:00:00;2030-01-31 00:00:00;2030-02-02 00:00:00
2030-01-23 00:00:00;SO717991;C0026;VS001;1013;2030-02-27 00:00:00;2030-02-22 00:00:00;2030-01-31 00:00:00;2030-01-26 00:00:00
2030-01-23 00:00:00;SO717991;C0026;CS004;636;2030-02-27 00:00:00;2030-02-25 00:00:00;2030-01-31 00:00:00;2030-01-29 00:00:00
2030-01-23 00:00:00;SO427971;C0009;CS002;1415;2030-02-06 00:00:00;2030-01-27 00:00:00;2030-01-26 00:00:00;2030-01-16 00:00:00
2030-01-23 00:00:00;SO699200;C0019;VS001;673;2030-03-27 00:00:00;2030-03-18 00:00:00;2030-01-27 00:00:00;2030-01-18 00:00:00
2030-01-23 00:00:00;SO427971;C0009;AL002;811;2030-02-06 00:00:00;2030-02-05 00:00:00;2030-01-26 00:00:00;2030-01-25 00:00:00
2030-01-23 00:00:00;SO699200;C0019;CS002;1101;2030-03-27 00:00:00;2030-04-06 00:00:00;2030-01-27 00:00:00;2030-02-06 00:00:00
2030-01-23 00:00:00;SO627191;C0029;AS005;1327;2030-03-20 00:00:00;2030-03-30 00:00:00;2030-01-31 00:00:00;2030-02-10 00:00:00
2030-01-23 00:00:00;SO427971;C0009;AS004;1005;2030-02-06 00:00:00;2030-01-28 00:00:00;2030-01-26 00:00:00;2030-01-17 00:00:00
2030-01-23 00:00:00;SO699200;C0019;AL002;1359;2030-03-27 00:00:00;2030-03-30 00:00:00;2030-01-27 00:00:00;2030-01-30 00:00:00
2030-01-23 00:00:00;SO627191;C0029;VS004;1540;2030-03-20 00:00:00;2030-03-16 00:00:00;2030-01-31 00:00:00;2030-01-27 00:00:00
2030-01-24 00:00:00;SO110664;C0013;AS002;817;2030-02-21 00:00:00;2030-02-15 00:00:00;2030-01-28 00:00:00;2030-01-22 00:00:00
2030-01-24 00:00:00;SO753794;C0022;VS004;439;2030-03-07 00:00:00;2030-03-08 00:00:00;2030-01-28 00:00:00;2030-01-29 00:00:00
2030-01-24 00:00:00;SO324464;C0024;VS005;971;2030-02-21 00:00:00;2030-02-19 00:00:00;2030-01-28 00:00:00;2030-01-26 00:00:00
2030-01-24 00:00:00;SO110664;C0013;AT002;424;2030-02-21 00:00:00;2030-02-26 00:00:00;2030-01-28 00:00:00;2030-02-02 00:00:00
2030-01-24 00:00:00;SO110664;C0013;CS001;932;2030-02-21 00:00:00;2030-02-13 00:00:00;2030-01-28 00:00:00;2030-01-20 00:00:00
2030-01-24 00:00:00;SO324464;C0024;AS002;553;2030-02-21 00:00:00;2030-02-26 00:00:00;2030-01-28 00:00:00;2030-02-02 00:00:00
2030-01-24 00:00:00;SO110664;C0013;CS004;765;2030-02-21 00:00:00;2030-02-25 00:00:00;2030-01-28 00:00:00;2030-02-01 00:00:00
2030-01-24 00:00:00;SO753794;C0022;AL002;968;2030-03-07 00:00:00;2030-03-02 00:00:00;2030-01-28 00:00:00;2030-01-23 00:00:00
2030-01-24 00:00:00;SO753794;C0022;VS003;913;2030-03-07 00:00:00;2030-03-02 00:00:00;2030-01-28 00:00:00;2030-01-23 00:00:00
2030-01-24 00:00:00;SO753794;C0022;VS002;918;2030-03-07 00:00:00;2030-02-27 00:00:00;2030-01-28 00:00:00;2030-01-20 00:00:00
2030-01-24 00:00:00;SO324464;C0024;AS005;907;2030-02-21 00:00:00;2030-02-11 00:00:00;2030-01-28 00:00:00;2030-01-18 00:00:00
2030-01-24 00:00:00;SO753794;C0022;CT003;1527;2030-03-07 00:00:00;2030-03-15 00:00:00;2030-01-28 00:00:00;2030-02-05 00:00:00
2030-01-24 00:00:00;SO324464;C0024;VS001;1005;2030-02-21 00:00:00;2030-02-13 00:00:00;2030-01-28 00:00:00;2030-01-20 00:00:00
2030-01-24 00:00:00;SO110664;C0013;CT002;1010;2030-02-21 00:00:00;2030-03-03 00:00:00;2030-01-28 00:00:00;2030-02-07 00:00:00
2030-01-24 00:00:00;SO110664;C0013;AS004;1111;2030-02-21 00:00:00;2030-02-23 00:00:00;2030-01-28 00:00:00;2030-01-30 00:00:00
2030-01-24 00:00:00;SO753794;C0022;CS004;935;2030-03-07 00:00:00;2030-03-03 00:00:00;2030-01-28 00:00:00;2030-01-24 00:00:00
2030-01-24 00:00:00;SO324464;C0024;CS001;686;2030-02-21 00:00:00;2030-02-15 00:00:00;2030-01-28 00:00:00;2030-01-22 00:00:00
2030-01-24 00:00:00;SO753794;C0022;AT002;868;2030-03-07 00:00:00;2030-03-07 00:00:00;2030-01-28 00:00:00;2030-01-28 00:00:00
2030-01-24 00:00:00;SO753794;C0022;CS001;516;2030-03-07 00:00:00;2030-03-09 00:00:00;2030-01-28 00:00:00;2030-01-30 00:00:00
2030-01-24 00:00:00;SO753794;C0022;VS001;920;2030-03-07 00:00:00;2030-03-05 00:00:00;2030-01-28 00:00:00;2030-01-26 00:00:00
2030-01-25 00:00:00;SO420477;C0004;VS001;847;2030-02-08 00:00:00;2030-02-09 00:00:00;2030-01-27 00:00:00;2030-01-28 00:00:00
2030-01-25 00:00:00;SO437298;C0018;CT003;975;2030-03-29 00:00:00;2030-03-19 00:00:00;2030-01-29 00:00:00;2030-01-19 00:00:00
2030-01-25 00:00:00;SO491679;C0012;AS005;1299;2030-02-22 00:00:00;2030-02-15 00:00:00;2030-01-28 00:00:00;2030-01-21 00:00:00
2030-01-25 00:00:00;SO186862;C0003;CS002;582;2030-03-08 00:00:00;2030-03-04 00:00:00;2030-01-27 00:00:00;2030-01-23 00:00:00
2030-01-25 00:00:00;SO437298;C0018;AS005;772;2030-03-29 00:00:00;2030-04-06 00:00:00;2030-01-29 00:00:00;2030-02-06 00:00:00
2030-01-25 00:00:00;SO186862;C0003;CT003;1024;2030-03-08 00:00:00;2030-03-15 00:00:00;2030-01-27 00:00:00;2030-02-03 00:00:00
2030-01-25 00:00:00;SO186862;C0003;VS002;489;2030-03-08 00:00:00;2030-02-26 00:00:00;2030-01-27 00:00:00;2030-01-17 00:00:00
2030-01-25 00:00:00;SO491679;C0012;AS002;944;2030-02-22 00:00:00;2030-02-25 00:00:00;2030-01-28 00:00:00;2030-01-31 00:00:00
2030-01-25 00:00:00;SO420477;C0004;AS005;717;2030-02-08 00:00:00;2030-02-01 00:00:00;2030-01-27 00:00:00;2030-01-20 00:00:00
2030-01-25 00:00:00;SO420477;C0004;AS003;714;2030-02-08 00:00:00;2030-02-07 00:00:00;2030-01-27 00:00:00;2030-01-26 00:00:00
2030-01-25 00:00:00;SO186862;C0003;CS001;732;2030-03-08 00:00:00;2030-02-26 00:00:00;2030-01-27 00:00:00;2030-01-17 00:00:00
2030-01-25 00:00:00;SO491679;C0012;CS004;869;2030-02-22 00:00:00;2030-02-25 00:00:00;2030-01-28 00:00:00;2030-01-31 00:00:00
2030-01-25 00:00:00;SO437298;C0018;VS003;868;2030-03-29 00:00:00;2030-03-22 00:00:00;2030-01-29 00:00:00;2030-01-22 00:00:00
2030-01-25 00:00:00;SO420477;C0004;VS005;1116;2030-02-08 00:00:00;2030-02-04 00:00:00;2030-01-27 00:00:00;2030-01-23 00:00:00
2030-01-25 00:00:00;SO420477;C0004;VS003;1171;2030-02-08 00:00:00;2030-02-12 00:00:00;2030-01-27 00:00:00;2030-01-31 00:00:00
2030-01-25 00:00:00;SO186862;C0003;AS002;901;2030-03-08 00:00:00;2030-03-04 00:00:00;2030-01-27 00:00:00;2030-01-23 00:00:00
2030-01-25 00:00:00;SO420477;C0004;VS004;773;2030-02-08 00:00:00;2030-02-16 00:00:00;2030-01-27 00:00:00;2030-02-04 00:00:00
2030-01-25 00:00:00;SO437298;C0018;CS004;292;2030-03-29 00:00:00;2030-04-04 00:00:00;2030-01-29 00:00:00;2030-02-04 00:00:00
2030-01-28 00:00:00;SO751527;C0028;CT003;349;2030-02-11 00:00:00;2030-02-06 00:00:00;2030-02-05 00:00:00;2030-01-31 00:00:00
2030-01-28 00:00:00;SO161560;C0001;AS002;334;2030-02-25 00:00:00;2030-03-02 00:00:00;2030-01-30 00:00:00;2030-02-04 00:00:00
2030-01-28 00:00:00;SO631582;C0007;AS002;883;2030-04-01 00:00:00;2030-04-02 00:00:00;2030-01-31 00:00:00;2030-02-01 00:00:00
2030-01-28 00:00:00;SO214427;C0022;AS003;1528;2030-03-11 00:00:00;2030-03-18 00:00:00;2030-02-01 00:00:00;2030-02-08 00:00:00
2030-01-28 00:00:00;SO214427;C0022;AS002;1229;2030-03-11 00:00:00;2030-03-01 00:00:00;2030-02-01 00:00:00;2030-01-22 00:00:00
2030-01-28 00:00:00;SO214427;C0022;VS001;879;2030-03-11 00:00:00;2030-03-13 00:00:00;2030-02-01 00:00:00;2030-02-03 00:00:00
2030-01-28 00:00:00;SO751527;C0028;AS004;673;2030-02-11 00:00:00;2030-02-19 00:00:00;2030-02-05 00:00:00;2030-02-13 00:00:00
2030-01-28 00:00:00;SO214427;C0022;AS005;1068;2030-03-11 00:00:00;2030-03-10 00:00:00;2030-02-01 00:00:00;2030-01-31 00:00:00
2030-01-28 00:00:00;SO214427;C0022;AL002;785;2030-03-11 00:00:00;2030-03-08 00:00:00;2030-02-01 00:00:00;2030-01-29 00:00:00
2030-01-28 00:00:00;SO214427;C0022;VS003;531;2030-03-11 00:00:00;2030-03-18 00:00:00;2030-02-01 00:00:00;2030-02-08 00:00:00
2030-01-28 00:00:00;SO631582;C0007;VS003;372;2030-04-01 00:00:00;2030-04-09 00:00:00;2030-01-31 00:00:00;2030-02-08 00:00:00
2030-01-28 00:00:00;SO214427;C0022;VS005;890;2030-03-11 00:00:00;2030-03-06 00:00:00;2030-02-01 00:00:00;2030-01-27 00:00:00
2030-01-28 00:00:00;SO751527;C0028;VS005;954;2030-02-11 00:00:00;2030-02-08 00:00:00;2030-02-05 00:00:00;2030-02-02 00:00:00
2030-01-28 00:00:00;SO214427;C0022;CS001;501;2030-03-11 00:00:00;2030-03-07 00:00:00;2030-02-01 00:00:00;2030-01-28 00:00:00
2030-01-28 00:00:00;SO631582;C0007;CS002;437;2030-04-01 00:00:00;2030-04-03 00:00:00;2030-01-31 00:00:00;2030-02-02 00:00:00
2030-01-28 00:00:00;SO751527;C0028;CS001;566;2030-02-11 00:00:00;2030-02-09 00:00:00;2030-02-05 00:00:00;2030-02-03 00:00:00
2030-01-28 00:00:00;SO631582;C0007;CT002;1209;2030-04-01 00:00:00;2030-03-30 00:00:00;2030-01-31 00:00:00;2030-01-29 00:00:00
2030-01-28 00:00:00;SO214427;C0022;CS004;579;2030-03-11 00:00:00;2030-03-17 00:00:00;2030-02-01 00:00:00;2030-02-07 00:00:00
2030-01-29 00:00:00;SO892652;C0026;VS003;566;2030-03-05 00:00:00;2030-02-25 00:00:00;2030-02-06 00:00:00;2030-01-29 00:00:00
2030-01-29 00:00:00;SO947466;C0022;CS004;663;2030-03-12 00:00:00;2030-03-06 00:00:00;2030-02-02 00:00:00;2030-01-27 00:00:00
2030-01-29 00:00:00;SO579260;C0005;VS005;804;2030-03-26 00:00:00;2030-03-30 00:00:00;2030-01-31 00:00:00;2030-02-04 00:00:00
2030-01-29 00:00:00;SO721695;C0025;AS003;947;2030-02-26 00:00:00;2030-02-17 00:00:00;2030-02-06 00:00:00;2030-01-28 00:00:00
2030-01-29 00:00:00;SO721695;C0025;CS004;1119;2030-02-26 00:00:00;2030-02-20 00:00:00;2030-02-06 00:00:00;2030-01-31 00:00:00
2030-01-29 00:00:00;SO947466;C0022;VS002;516;2030-03-12 00:00:00;2030-03-14 00:00:00;2030-02-02 00:00:00;2030-02-04 00:00:00
2030-01-29 00:00:00;SO947466;C0022;VS005;843;2030-03-12 00:00:00;2030-03-07 00:00:00;2030-02-02 00:00:00;2030-01-28 00:00:00
2030-01-29 00:00:00;SO892652;C0026;CS002;1557;2030-03-05 00:00:00;2030-02-25 00:00:00;2030-02-06 00:00:00;2030-01-29 00:00:00
2030-01-29 00:00:00;SO892652;C0026;AT002;873;2030-03-05 00:00:00;2030-03-09 00:00:00;2030-02-06 00:00:00;2030-02-10 00:00:00
2030-01-29 00:00:00;SO947466;C0022;CS001;1087;2030-03-12 00:00:00;2030-03-05 00:00:00;2030-02-02 00:00:00;2030-01-26 00:00:00
2030-01-29 00:00:00;SO892652;C0026;AS004;404;2030-03-05 00:00:00;2030-03-07 00:00:00;2030-02-06 00:00:00;2030-02-08 00:00:00
2030-01-29 00:00:00;SO892652;C0026;CS001;663;2030-03-05 00:00:00;2030-03-11 00:00:00;2030-02-06 00:00:00;2030-02-12 00:00:00
2030-01-29 00:00:00;SO721695;C0025;CS002;448;2030-02-26 00:00:00;2030-03-04 00:00:00;2030-02-06 00:00:00;2030-02-12 00:00:00
2030-01-29 00:00:00;SO892652;C0026;VS005;1046;2030-03-05 00:00:00;2030-03-07 00:00:00;2030-02-06 00:00:00;2030-02-08 00:00:00
2030-01-29 00:00:00;SO947466;C0022;CT003;581;2030-03-12 00:00:00;2030-03-20 00:00:00;2030-02-02 00:00:00;2030-02-10 00:00:00
2030-01-29 00:00:00;SO947466;C0022;VS001;1285;2030-03-12 00:00:00;2030-03-06 00:00:00;2030-02-02 00:00:00;2030-01-27 00:00:00
2030-01-30 00:00:00;SO480387;C0011;AS003;1027;2030-03-06 00:00:00;2030-03-06 00:00:00;2030-02-02 00:00:00;2030-02-02 00:00:00
2030-01-30 00:00:00;SO873502;C0008;VS003;1041;2030-03-27 00:00:00;2030-04-06 00:00:00;2030-02-02 00:00:00;2030-02-12 00:00:00
2030-01-30 00:00:00;SO650839;C0020;AL002;567;2030-03-27 00:00:00;2030-04-06 00:00:00;2030-02-03 00:00:00;2030-02-13 00:00:00
2030-01-30 00:00:00;SO650839;C0020;VS004;399;2030-03-27 00:00:00;2030-03-27 00:00:00;2030-02-03 00:00:00;2030-02-03 00:00:00
2030-01-30 00:00:00;SO480387;C0011;AL002;653;2030-03-06 00:00:00;2030-03-06 00:00:00;2030-02-02 00:00:00;2030-02-02 00:00:00
2030-01-30 00:00:00;SO480387;C0011;AS002;699;2030-03-06 00:00:00;2030-02-28 00:00:00;2030-02-02 00:00:00;2030-01-27 00:00:00
2030-01-30 00:00:00;SO650839;C0020;VS003;1443;2030-03-27 00:00:00;2030-04-05 00:00:00;2030-02-03 00:00:00;2030-02-12 00:00:00
2030-01-30 00:00:00;SO480387;C0011;VS001;1117;2030-03-06 00:00:00;2030-03-08 00:00:00;2030-02-02 00:00:00;2030-02-04 00:00:00
2030-01-30 00:00:00;SO873502;C0008;AS004;870;2030-03-27 00:00:00;2030-04-04 00:00:00;2030-02-02 00:00:00;2030-02-10 00:00:00
2030-01-30 00:00:00;SO650839;C0020;AS002;968;2030-03-27 00:00:00;2030-03-31 00:00:00;2030-02-03 00:00:00;2030-02-07 00:00:00
2030-01-30 00:00:00;SO873502;C0008;CT002;725;2030-03-27 00:00:00;2030-03-30 00:00:00;2030-02-02 00:00:00;2030-02-05 00:00:00
2030-01-30 00:00:00;SO650839;C0020;AS003;1046;2030-03-27 00:00:00;2030-03-29 00:00:00;2030-02-03 00:00:00;2030-02-05 00:00:00
2030-01-30 00:00:00;SO480387;C0011;VS004;1273;2030-03-06 00:00:00;2030-02-24 00:00:00;2030-02-02 00:00:00;2030-01-23 00:00:00
2030-01-31 00:00:00;SO784066;C0010;VS002;467;2030-03-14 00:00:00;2030-03-17 00:00:00;2030-02-03 00:00:00;2030-02-06 00:00:00
2030-01-31 00:00:00;SO100637;C0001;CS002;756;2030-02-28 00:00:00;2030-03-05 00:00:00;2030-02-02 00:00:00;2030-02-07 00:00:00
2030-01-31 00:00:00;SO784066;C0010;AT002;854;2030-03-14 00:00:00;2030-03-18 00:00:00;2030-02-03 00:00:00;2030-02-07 00:00:00
2030-01-31 00:00:00;SO100637;C0001;VS002;986;2030-02-28 00:00:00;2030-02-28 00:00:00;2030-02-02 00:00:00;2030-02-02 00:00:00
2030-01-31 00:00:00;SO784066;C0010;AS004;1021;2030-03-14 00:00:00;2030-03-12 00:00:00;2030-02-03 00:00:00;2030-02-01 00:00:00
2030-01-31 00:00:00;SO100637;C0001;VS004;1212;2030-02-28 00:00:00;2030-03-10 00:00:00;2030-02-02 00:00:00;2030-02-12 00:00:00
2030-01-31 00:00:00;SO100637;C0001;AS002;324;2030-02-28 00:00:00;2030-02-25 00:00:00;2030-02-02 00:00:00;2030-01-30 00:00:00
2030-01-31 00:00:00;SO784066;C0010;AS003;846;2030-03-14 00:00:00;2030-03-18 00:00:00;2030-02-03 00:00:00;2030-02-07 00:00:00
2030-01-31 00:00:00;SO100637;C0001;CT002;430;2030-02-28 00:00:00;2030-03-08 00:00:00;2030-02-02 00:00:00;2030-02-10 00:00:00
2030-01-31 00:00:00;SO100637;C0001;AS004;977;2030-02-28 00:00:00;2030-02-23 00:00:00;2030-02-02 00:00:00;2030-01-28 00:00:00
2030-01-31 00:00:00;SO784066;C0010;CT003;697;2030-03-14 00:00:00;2030-03-14 00:00:00;2030-02-03 00:00:00;2030-02-03 00:00:00
2030-01-31 00:00:00;SO100637;C0001;AL002;669;2030-02-28 00:00:00;2030-02-18 00:00:00;2030-02-02 00:00:00;2030-01-23 00:00:00
2030-02-01 00:00:00;SO966019;C0010;AS004;680;2030-03-15 00:00:00;2030-03-14 00:00:00;2030-02-04 00:00:00;2030-02-03 00:00:00
2030-02-01 00:00:00;SO912645;C0017;CS003;696;2030-03-29 00:00:00;2030-03-23 00:00:00;2030-02-05 00:00:00;2030-01-30 00:00:00
2030-02-01 00:00:00;SO353872;C0009;CT001;415;2030-02-15 00:00:00;2030-02-07 00:00:00;2030-02-04 00:00:00;2030-01-27 00:00:00
2030-02-01 00:00:00;SO918878;C0008;AS002;925;2030-03-29 00:00:00;2030-03-19 00:00:00;2030-02-04 00:00:00;2030-01-25 00:00:00
2030-02-01 00:00:00;SO353872;C0009;CT003;912;2030-02-15 00:00:00;2030-02-11 00:00:00;2030-02-04 00:00:00;2030-01-31 00:00:00
2030-02-01 00:00:00;SO918878;C0008;AL002;1483;2030-03-29 00:00:00;2030-04-04 00:00:00;2030-02-04 00:00:00;2030-02-10 00:00:00
2030-02-01 00:00:00;SO912645;C0017;VS004;405;2030-03-29 00:00:00;2030-04-07 00:00:00;2030-02-05 00:00:00;2030-02-14 00:00:00
2030-02-01 00:00:00;SO912645;C0017;AT002;1279;2030-03-29 00:00:00;2030-04-08 00:00:00;2030-02-05 00:00:00;2030-02-15 00:00:00
2030-02-01 00:00:00;SO912645;C0017;AS003;755;2030-03-29 00:00:00;2030-03-27 00:00:00;2030-02-05 00:00:00;2030-02-03 00:00:00
2030-02-01 00:00:00;SO918878;C0008;CS002;1145;2030-03-29 00:00:00;2030-03-19 00:00:00;2030-02-04 00:00:00;2030-01-25 00:00:00
2030-02-01 00:00:00;SO912645;C0017;AS004;464;2030-03-29 00:00:00;2030-03-27 00:00:00;2030-02-05 00:00:00;2030-02-03 00:00:00
2030-02-01 00:00:00;SO912645;C0017;VS003;1244;2030-03-29 00:00:00;2030-03-24 00:00:00;2030-02-05 00:00:00;2030-01-31 00:00:00
2030-02-01 00:00:00;SO966019;C0010;AL002;743;2030-03-15 00:00:00;2030-03-15 00:00:00;2030-02-04 00:00:00;2030-02-04 00:00:00
2030-02-01 00:00:00;SO353872;C0009;VS003;700;2030-02-15 00:00:00;2030-02-25 00:00:00;2030-02-04 00:00:00;2030-02-14 00:00:00
2030-02-01 00:00:00;SO918878;C0008;AS005;688;2030-03-29 00:00:00;2030-03-21 00:00:00;2030-02-04 00:00:00;2030-01-27 00:00:00
2030-02-01 00:00:00;SO353872;C0009;AS005;811;2030-02-15 00:00:00;2030-02-22 00:00:00;2030-02-04 00:00:00;2030-02-11 00:00:00
2030-02-04 00:00:00;SO114615;C0011;CT002;993;2030-03-11 00:00:00;2030-03-09 00:00:00;2030-02-07 00:00:00;2030-02-05 00:00:00
2030-02-04 00:00:00;SO629156;C0019;AL002;589;2030-04-08 00:00:00;2030-04-07 00:00:00;2030-02-08 00:00:00;2030-02-07 00:00:00
2030-02-04 00:00:00;SO114615;C0011;VS004;873;2030-03-11 00:00:00;2030-03-01 00:00:00;2030-02-07 00:00:00;2030-01-28 00:00:00
2030-02-04 00:00:00;SO629156;C0019;CS004;559;2030-04-08 00:00:00;2030-04-04 00:00:00;2030-02-08 00:00:00;2030-02-04 00:00:00
2030-02-04 00:00:00;SO114615;C0011;AS002;997;2030-03-11 00:00:00;2030-03-14 00:00:00;2030-02-07 00:00:00;2030-02-10 00:00:00
2030-02-04 00:00:00;SO114615;C0011;CL001;966;2030-03-11 00:00:00;2030-03-10 00:00:00;2030-02-07 00:00:00;2030-02-06 00:00:00
2030-02-04 00:00:00;SO114615;C0011;VS002;1069;2030-03-11 00:00:00;2030-03-01 00:00:00;2030-02-07 00:00:00;2030-01-28 00:00:00
2030-02-04 00:00:00;SO629156;C0019;VS002;995;2030-04-08 00:00:00;2030-04-17 00:00:00;2030-02-08 00:00:00;2030-02-17 00:00:00
2030-02-04 00:00:00;SO114615;C0011;CS002;534;2030-03-11 00:00:00;2030-03-21 00:00:00;2030-02-07 00:00:00;2030-02-17 00:00:00
2030-02-04 00:00:00;SO629156;C0019;AL001;1080;2030-04-08 00:00:00;2030-04-15 00:00:00;2030-02-08 00:00:00;2030-02-15 00:00:00
2030-02-04 00:00:00;SO114615;C0011;CT001;1436;2030-03-11 00:00:00;2030-03-06 00:00:00;2030-02-07 00:00:00;2030-02-02 00:00:00
2030-02-04 00:00:00;SO629156;C0019;AT002;824;2030-04-08 00:00:00;2030-04-14 00:00:00;2030-02-08 00:00:00;2030-02-14 00:00:00
2030-02-04 00:00:00;SO629156;C0019;CS003;1196;2030-04-08 00:00:00;2030-04-06 00:00:00;2030-02-08 00:00:00;2030-02-06 00:00:00
2030-02-04 00:00:00;SO629156;C0019;VS005;523;2030-04-08 00:00:00;2030-04-17 00:00:00;2030-02-08 00:00:00;2030-02-17 00:00:00
2030-02-04 00:00:00;SO629156;C0019;AS001;575;2030-04-08 00:00:00;2030-04-18 00:00:00;2030-02-08 00:00:00;2030-02-18 00:00:00
2030-02-04 00:00:00;SO114615;C0011;CS003;483;2030-03-11 00:00:00;2030-03-13 00:00:00;2030-02-07 00:00:00;2030-02-09 00:00:00
2030-02-04 00:00:00;SO629156;C0019;AS004;1083;2030-04-08 00:00:00;2030-04-07 00:00:00;2030-02-08 00:00:00;2030-02-07 00:00:00
2030-02-04 00:00:00;SO629156;C0019;AS005;792;2030-04-08 00:00:00;2030-04-01 00:00:00;2030-02-08 00:00:00;2030-02-01 00:00:00
2030-02-04 00:00:00;SO114615;C0011;AS004;553;2030-03-11 00:00:00;2030-03-08 00:00:00;2030-02-07 00:00:00;2030-02-04 00:00:00
2030-02-05 00:00:00;SO535810;C0001;CS002;1075;2030-03-05 00:00:00;2030-02-25 00:00:00;2030-02-07 00:00:00;2030-01-30 00:00:00
2030-02-05 00:00:00;SO345838;C0012;AL001;1253;2030-03-05 00:00:00;2030-03-06 00:00:00;2030-02-08 00:00:00;2030-02-09 00:00:00
2030-02-05 00:00:00;SO345838;C0012;CS001;1369;2030-03-05 00:00:00;2030-03-07 00:00:00;2030-02-08 00:00:00;2030-02-10 00:00:00
2030-02-05 00:00:00;SO535810;C0001;AS001;940;2030-03-05 00:00:00;2030-02-23 00:00:00;2030-02-07 00:00:00;2030-01-28 00:00:00
2030-02-05 00:00:00;SO345838;C0012;AS004;832;2030-03-05 00:00:00;2030-03-04 00:00:00;2030-02-08 00:00:00;2030-02-07 00:00:00
2030-02-05 00:00:00;SO345838;C0012;CS003;534;2030-03-05 00:00:00;2030-03-11 00:00:00;2030-02-08 00:00:00;2030-02-14 00:00:00
2030-02-05 00:00:00;SO345838;C0012;AS005;1090;2030-03-05 00:00:00;2030-03-01 00:00:00;2030-02-08 00:00:00;2030-02-04 00:00:00
2030-02-05 00:00:00;SO345838;C0012;VS004;693;2030-03-05 00:00:00;2030-03-14 00:00:00;2030-02-08 00:00:00;2030-02-17 00:00:00
2030-02-05 00:00:00;SO345838;C0012;AL002;1186;2030-03-05 00:00:00;2030-02-26 00:00:00;2030-02-08 00:00:00;2030-02-01 00:00:00
2030-02-05 00:00:00;SO535810;C0001;VS002;371;2030-03-05 00:00:00;2030-02-25 00:00:00;2030-02-07 00:00:00;2030-01-30 00:00:00
2030-02-05 00:00:00;SO535810;C0001;CS001;1137;2030-03-05 00:00:00;2030-03-08 00:00:00;2030-02-07 00:00:00;2030-02-10 00:00:00
2030-02-05 00:00:00;SO535810;C0001;AL002;567;2030-03-05 00:00:00;2030-03-11 00:00:00;2030-02-07 00:00:00;2030-02-13 00:00:00
2030-02-05 00:00:00;SO535810;C0001;AS004;828;2030-03-05 00:00:00;2030-02-24 00:00:00;2030-02-07 00:00:00;2030-01-29 00:00:00
2030-02-05 00:00:00;SO345838;C0012;CL001;1115;2030-03-05 00:00:00;2030-03-10 00:00:00;2030-02-08 00:00:00;2030-02-13 00:00:00
2030-02-05 00:00:00;SO535810;C0001;CL001;874;2030-03-05 00:00:00;2030-03-11 00:00:00;2030-02-07 00:00:00;2030-02-13 00:00:00
2030-02-05 00:00:00;SO345838;C0012;VS003;1095;2030-03-05 00:00:00;2030-03-03 00:00:00;2030-02-08 00:00:00;2030-02-06 00:00:00
2030-02-05 00:00:00;SO345838;C0012;AS002;434;2030-03-05 00:00:00;2030-02-26 00:00:00;2030-02-08 00:00:00;2030-02-01 00:00:00
2030-02-05 00:00:00;SO345838;C0012;VS002;898;2030-03-05 00:00:00;2030-03-14 00:00:00;2030-02-08 00:00:00;2030-02-17 00:00:00
2030-02-05 00:00:00;SO535810;C0001;AS005;1069;2030-03-05 00:00:00;2030-03-01 00:00:00;2030-02-07 00:00:00;2030-02-03 00:00:00
2030-02-05 00:00:00;SO345838;C0012;CS002;1201;2030-03-05 00:00:00;2030-03-02 00:00:00;2030-02-08 00:00:00;2030-02-05 00:00:00
2030-02-06 00:00:00;SO142054;C0007;VS002;700;2030-04-10 00:00:00;2030-04-09 00:00:00;2030-02-09 00:00:00;2030-02-08 00:00:00
2030-02-06 00:00:00;SO579670;C0028;AS002;1054;2030-02-20 00:00:00;2030-02-21 00:00:00;2030-02-14 00:00:00;2030-02-15 00:00:00
2030-02-06 00:00:00;SO805785;C0004;VS003;364;2030-02-20 00:00:00;2030-03-02 00:00:00;2030-02-08 00:00:00;2030-02-18 00:00:00
2030-02-06 00:00:00;SO579670;C0028;CS001;869;2030-02-20 00:00:00;2030-02-15 00:00:00;2030-02-14 00:00:00;2030-02-09 00:00:00
2030-02-06 00:00:00;SO579670;C0028;CT003;457;2030-02-20 00:00:00;2030-02-11 00:00:00;2030-02-14 00:00:00;2030-02-05 00:00:00
2030-02-06 00:00:00;SO142054;C0007;AS001;859;2030-04-10 00:00:00;2030-04-09 00:00:00;2030-02-09 00:00:00;2030-02-08 00:00:00
2030-02-06 00:00:00;SO142054;C0007;AS003;1204;2030-04-10 00:00:00;2030-04-16 00:00:00;2030-02-09 00:00:00;2030-02-15 00:00:00
2030-02-06 00:00:00;SO805785;C0004;CS003;434;2030-02-20 00:00:00;2030-02-14 00:00:00;2030-02-08 00:00:00;2030-02-02 00:00:00
2030-02-06 00:00:00;SO579670;C0028;VS002;693;2030-02-20 00:00:00;2030-02-14 00:00:00;2030-02-14 00:00:00;2030-02-08 00:00:00
2030-02-06 00:00:00;SO579670;C0028;AL002;1072;2030-02-20 00:00:00;2030-02-14 00:00:00;2030-02-14 00:00:00;2030-02-08 00:00:00
2030-02-06 00:00:00;SO579670;C0028;AL001;369;2030-02-20 00:00:00;2030-02-18 00:00:00;2030-02-14 00:00:00;2030-02-12 00:00:00
2030-02-06 00:00:00;SO805785;C0004;CL001;1277;2030-02-20 00:00:00;2030-02-17 00:00:00;2030-02-08 00:00:00;2030-02-05 00:00:00
2030-02-06 00:00:00;SO579670;C0028;CS002;1465;2030-02-20 00:00:00;2030-02-19 00:00:00;2030-02-14 00:00:00;2030-02-13 00:00:00
2030-02-06 00:00:00;SO579670;C0028;AS001;313;2030-02-20 00:00:00;2030-02-15 00:00:00;2030-02-14 00:00:00;2030-02-09 00:00:00
2030-02-07 00:00:00;SO289483;C0026;AS004;413;2030-03-14 00:00:00;2030-03-04 00:00:00;2030-02-15 00:00:00;2030-02-05 00:00:00
2030-02-07 00:00:00;SO746320;C0015;AL002;493;2030-03-21 00:00:00;2030-03-18 00:00:00;2030-02-11 00:00:00;2030-02-08 00:00:00
2030-02-07 00:00:00;SO289483;C0026;AT002;1200;2030-03-14 00:00:00;2030-03-17 00:00:00;2030-02-15 00:00:00;2030-02-18 00:00:00
2030-02-07 00:00:00;SO289483;C0026;VS004;1207;2030-03-14 00:00:00;2030-03-09 00:00:00;2030-02-15 00:00:00;2030-02-10 00:00:00
2030-02-07 00:00:00;SO746320;C0015;AS002;534;2030-03-21 00:00:00;2030-03-23 00:00:00;2030-02-11 00:00:00;2030-02-13 00:00:00
2030-02-07 00:00:00;SO289483;C0026;CS002;1038;2030-03-14 00:00:00;2030-03-13 00:00:00;2030-02-15 00:00:00;2030-02-14 00:00:00
2030-02-07 00:00:00;SO746320;C0015;CT002;468;2030-03-21 00:00:00;2030-03-21 00:00:00;2030-02-11 00:00:00;2030-02-11 00:00:00
2030-02-07 00:00:00;SO289483;C0026;CS001;634;2030-03-14 00:00:00;2030-03-15 00:00:00;2030-02-15 00:00:00;2030-02-16 00:00:00
2030-02-07 00:00:00;SO289483;C0026;AS003;574;2030-03-14 00:00:00;2030-03-11 00:00:00;2030-02-15 00:00:00;2030-02-12 00:00:00
2030-02-07 00:00:00;SO746320;C0015;AT002;905;2030-03-21 00:00:00;2030-03-16 00:00:00;2030-02-11 00:00:00;2030-02-06 00:00:00
2030-02-07 00:00:00;SO746320;C0015;AL001;730;2030-03-21 00:00:00;2030-03-28 00:00:00;2030-02-11 00:00:00;2030-02-18 00:00:00
2030-02-07 00:00:00;SO746320;C0015;AS005;682;2030-03-21 00:00:00;2030-03-22 00:00:00;2030-02-11 00:00:00;2030-02-12 00:00:00
2030-02-07 00:00:00;SO746320;C0015;CS001;1355;2030-03-21 00:00:00;2030-03-22 00:00:00;2030-02-11 00:00:00;2030-02-12 00:00:00
2030-02-07 00:00:00;SO746320;C0015;AS004;744;2030-03-21 00:00:00;2030-03-29 00:00:00;2030-02-11 00:00:00;2030-02-19 00:00:00
2030-02-07 00:00:00;SO746320;C0015;CS003;1426;2030-03-21 00:00:00;2030-03-24 00:00:00;2030-02-11 00:00:00;2030-02-14 00:00:00
2030-02-07 00:00:00;SO289483;C0026;VS003;857;2030-03-14 00:00:00;2030-03-05 00:00:00;2030-02-15 00:00:00;2030-02-06 00:00:00
2030-02-07 00:00:00;SO746320;C0015;AS001;670;2030-03-21 00:00:00;2030-03-22 00:00:00;2030-02-11 00:00:00;2030-02-12 00:00:00
2030-02-08 00:00:00;SO979846;C0020;AS001;509;2030-04-05 00:00:00;2030-04-07 00:00:00;2030-02-12 00:00:00;2030-02-14 00:00:00
2030-02-08 00:00:00;SO903134;C0009;AT002;1012;2030-02-22 00:00:00;2030-02-24 00:00:00;2030-02-11 00:00:00;2030-02-13 00:00:00
2030-02-08 00:00:00;SO903134;C0009;AS002;1256;2030-02-22 00:00:00;2030-02-13 00:00:00;2030-02-11 00:00:00;2030-02-02 00:00:00
2030-02-08 00:00:00;SO903134;C0009;AS005;465;2030-02-22 00:00:00;2030-02-24 00:00:00;2030-02-11 00:00:00;2030-02-13 00:00:00
2030-02-08 00:00:00;SO903134;C0009;CT002;707;2030-02-22 00:00:00;2030-03-04 00:00:00;2030-02-11 00:00:00;2030-02-21 00:00:00
2030-02-08 00:00:00;SO903134;C0009;AS004;711;2030-02-22 00:00:00;2030-02-14 00:00:00;2030-02-11 00:00:00;2030-02-03 00:00:00
2030-02-08 00:00:00;SO979846;C0020;CT003;582;2030-04-05 00:00:00;2030-03-28 00:00:00;2030-02-12 00:00:00;2030-02-04 00:00:00
2030-02-08 00:00:00;SO903134;C0009;CT003;1001;2030-02-22 00:00:00;2030-02-23 00:00:00;2030-02-11 00:00:00;2030-02-12 00:00:00
2030-02-08 00:00:00;SO979846;C0020;AS004;1314;2030-04-05 00:00:00;2030-04-11 00:00:00;2030-02-12 00:00:00;2030-02-18 00:00:00
2030-02-08 00:00:00;SO903134;C0009;VS004;618;2030-02-22 00:00:00;2030-02-13 00:00:00;2030-02-11 00:00:00;2030-02-02 00:00:00
2030-02-08 00:00:00;SO903134;C0009;CS003;1185;2030-02-22 00:00:00;2030-02-27 00:00:00;2030-02-11 00:00:00;2030-02-16 00:00:00
2030-02-08 00:00:00;SO979846;C0020;AL002;1381;2030-04-05 00:00:00;2030-04-07 00:00:00;2030-02-12 00:00:00;2030-02-14 00:00:00
2030-02-08 00:00:00;SO979846;C0020;VS005;725;2030-04-05 00:00:00;2030-03-27 00:00:00;2030-02-12 00:00:00;2030-02-03 00:00:00
2030-02-08 00:00:00;SO979846;C0020;CL001;534;2030-04-05 00:00:00;2030-04-10 00:00:00;2030-02-12 00:00:00;2030-02-17 00:00:00
2030-02-08 00:00:00;SO979846;C0020;CS004;873;2030-04-05 00:00:00;2030-04-13 00:00:00;2030-02-12 00:00:00;2030-02-20 00:00:00
2030-02-08 00:00:00;SO903134;C0009;VS003;605;2030-02-22 00:00:00;2030-02-25 00:00:00;2030-02-11 00:00:00;2030-02-14 00:00:00
2030-02-08 00:00:00;SO979846;C0020;VS003;821;2030-04-05 00:00:00;2030-04-07 00:00:00;2030-02-12 00:00:00;2030-02-14 00:00:00
2030-02-11 00:00:00;SO928412;C0016;CT001;898;2030-02-25 00:00:00;2030-03-03 00:00:00;2030-02-15 00:00:00;2030-02-21 00:00:00
2030-02-11 00:00:00;SO641178;C0029;CS001;545;2030-04-08 00:00:00;2030-04-07 00:00:00;2030-02-19 00:00:00;2030-02-18 00:00:00
2030-02-11 00:00:00;SO903587;C0005;CT003;894;2030-04-08 00:00:00;2030-04-03 00:00:00;2030-02-13 00:00:00;2030-02-08 00:00:00
2030-02-11 00:00:00;SO928412;C0016;AS003;1290;2030-02-25 00:00:00;2030-02-27 00:00:00;2030-02-15 00:00:00;2030-02-17 00:00:00
2030-02-11 00:00:00;SO928412;C0016;CS002;776;2030-02-25 00:00:00;2030-02-16 00:00:00;2030-02-15 00:00:00;2030-02-06 00:00:00
2030-02-11 00:00:00;SO928412;C0016;AS002;567;2030-02-25 00:00:00;2030-02-24 00:00:00;2030-02-15 00:00:00;2030-02-14 00:00:00
2030-02-11 00:00:00;SO903587;C0005;AS005;712;2030-04-08 00:00:00;2030-04-18 00:00:00;2030-02-13 00:00:00;2030-02-23 00:00:00
2030-02-11 00:00:00;SO928412;C0016;AT002;1111;2030-02-25 00:00:00;2030-03-04 00:00:00;2030-02-15 00:00:00;2030-02-22 00:00:00
2030-02-11 00:00:00;SO903587;C0005;CS002;894;2030-04-08 00:00:00;2030-03-31 00:00:00;2030-02-13 00:00:00;2030-02-05 00:00:00
2030-02-11 00:00:00;SO903587;C0005;CS004;463;2030-04-08 00:00:00;2030-04-07 00:00:00;2030-02-13 00:00:00;2030-02-12 00:00:00
2030-02-11 00:00:00;SO928412;C0016;VS004;1278;2030-02-25 00:00:00;2030-02-15 00:00:00;2030-02-15 00:00:00;2030-02-05 00:00:00
2030-02-11 00:00:00;SO928412;C0016;VS005;831;2030-02-25 00:00:00;2030-02-25 00:00:00;2030-02-15 00:00:00;2030-02-15 00:00:00
2030-02-11 00:00:00;SO641178;C0029;VS002;380;2030-04-08 00:00:00;2030-04-09 00:00:00;2030-02-19 00:00:00;2030-02-20 00:00:00
2030-02-11 00:00:00;SO641178;C0029;CS002;1470;2030-04-08 00:00:00;2030-04-15 00:00:00;2030-02-19 00:00:00;2030-02-26 00:00:00
2030-02-11 00:00:00;SO928412;C0016;CS003;1220;2030-02-25 00:00:00;2030-02-22 00:00:00;2030-02-15 00:00:00;2030-02-12 00:00:00
2030-02-11 00:00:00;SO641178;C0029;CT002;1034;2030-04-08 00:00:00;2030-04-14 00:00:00;2030-02-19 00:00:00;2030-02-25 00:00:00
2030-02-11 00:00:00;SO928412;C0016;AL001;334;2030-02-25 00:00:00;2030-02-19 00:00:00;2030-02-15 00:00:00;2030-02-09 00:00:00
2030-02-12 00:00:00;SO282991;C0022;VS004;791;2030-03-26 00:00:00;2030-03-25 00:00:00;2030-02-16 00:00:00;2030-02-15 00:00:00
2030-02-12 00:00:00;SO666381;C0006;VS005;707;2030-04-16 00:00:00;2030-04-14 00:00:00;2030-02-14 00:00:00;2030-02-12 00:00:00
2030-02-12 00:00:00;SO134549;C0015;AS004;651;2030-03-26 00:00:00;2030-03-25 00:00:00;2030-02-16 00:00:00;2030-02-15 00:00:00
2030-02-12 00:00:00;SO282991;C0022;AL002;1185;2030-03-26 00:00:00;2030-03-28 00:00:00;2030-02-16 00:00:00;2030-02-18 00:00:00
2030-02-12 00:00:00;SO282991;C0022;VS002;508;2030-03-26 00:00:00;2030-03-29 00:00:00;2030-02-16 00:00:00;2030-02-19 00:00:00
2030-02-12 00:00:00;SO134549;C0015;AT002;1273;2030-03-26 00:00:00;2030-03-26 00:00:00;2030-02-16 00:00:00;2030-02-16 00:00:00
2030-02-12 00:00:00;SO666381;C0006;CS003;916;2030-04-16 00:00:00;2030-04-10 00:00:00;2030-02-14 00:00:00;2030-02-08 00:00:00
2030-02-12 00:00:00;SO134549;C0015;AL001;1240;2030-03-26 00:00:00;2030-03-27 00:00:00;2030-02-16 00:00:00;2030-02-17 00:00:00
2030-02-12 00:00:00;SO666381;C0006;CT002;1333;2030-04-16 00:00:00;2030-04-07 00:00:00;2030-02-14 00:00:00;2030-02-05 00:00:00
2030-02-12 00:00:00;SO282991;C0022;AL001;979;2030-03-26 00:00:00;2030-03-29 00:00:00;2030-02-16 00:00:00;2030-02-19 00:00:00
2030-02-12 00:00:00;SO282991;C0022;AS003;699;2030-03-26 00:00:00;2030-04-01 00:00:00;2030-02-16 00:00:00;2030-02-22 00:00:00
2030-02-12 00:00:00;SO282991;C0022;VS003;1111;2030-03-26 00:00:00;2030-03-23 00:00:00;2030-02-16 00:00:00;2030-02-13 00:00:00
2030-02-12 00:00:00;SO282991;C0022;CS003;641;2030-03-26 00:00:00;2030-04-01 00:00:00;2030-02-16 00:00:00;2030-02-22 00:00:00
2030-02-12 00:00:00;SO666381;C0006;CS002;1146;2030-04-16 00:00:00;2030-04-12 00:00:00;2030-02-14 00:00:00;2030-02-10 00:00:00
2030-02-12 00:00:00;SO134549;C0015;CS004;1002;2030-03-26 00:00:00;2030-04-05 00:00:00;2030-02-16 00:00:00;2030-02-26 00:00:00
2030-02-13 00:00:00;SO338697;C0013;VS002;456;2030-03-13 00:00:00;2030-03-11 00:00:00;2030-02-17 00:00:00;2030-02-15 00:00:00
2030-02-13 00:00:00;SO831389;C0005;CT001;618;2030-04-10 00:00:00;2030-04-15 00:00:00;2030-02-15 00:00:00;2030-02-20 00:00:00
2030-02-13 00:00:00;SO831389;C0005;CS002;924;2030-04-10 00:00:00;2030-04-06 00:00:00;2030-02-15 00:00:00;2030-02-11 00:00:00
2030-02-13 00:00:00;SO338697;C0013;VS005;814;2030-03-13 00:00:00;2030-03-17 00:00:00;2030-02-17 00:00:00;2030-02-21 00:00:00
2030-02-13 00:00:00;SO831389;C0005;AS004;658;2030-04-10 00:00:00;2030-04-11 00:00:00;2030-02-15 00:00:00;2030-02-16 00:00:00
2030-02-13 00:00:00;SO338697;C0013;AL001;1001;2030-03-13 00:00:00;2030-03-23 00:00:00;2030-02-17 00:00:00;2030-02-27 00:00:00
2030-02-13 00:00:00;SO831389;C0005;CT002;398;2030-04-10 00:00:00;2030-04-13 00:00:00;2030-02-15 00:00:00;2030-02-18 00:00:00
2030-02-13 00:00:00;SO831389;C0005;AS005;497;2030-04-10 00:00:00;2030-04-06 00:00:00;2030-02-15 00:00:00;2030-02-11 00:00:00
2030-02-13 00:00:00;SO338697;C0013;CS004;1164;2030-03-13 00:00:00;2030-03-10 00:00:00;2030-02-17 00:00:00;2030-02-14 00:00:00
2030-02-13 00:00:00;SO831389;C0005;AS001;725;2030-04-10 00:00:00;2030-04-19 00:00:00;2030-02-15 00:00:00;2030-02-24 00:00:00
2030-02-13 00:00:00;SO338697;C0013;VS003;752;2030-03-13 00:00:00;2030-03-14 00:00:00;2030-02-17 00:00:00;2030-02-18 00:00:00
2030-02-13 00:00:00;SO831389;C0005;AL002;1245;2030-04-10 00:00:00;2030-04-09 00:00:00;2030-02-15 00:00:00;2030-02-14 00:00:00
2030-02-13 00:00:00;SO338697;C0013;CT003;1201;2030-03-13 00:00:00;2030-03-08 00:00:00;2030-02-17 00:00:00;2030-02-12 00:00:00
2030-02-13 00:00:00;SO831389;C0005;AS002;393;2030-04-10 00:00:00;2030-04-20 00:00:00;2030-02-15 00:00:00;2030-02-25 00:00:00
2030-02-13 00:00:00;SO831389;C0005;CL001;1444;2030-04-10 00:00:00;2030-04-01 00:00:00;2030-02-15 00:00:00;2030-02-06 00:00:00
2030-02-13 00:00:00;SO831389;C0005;CT003;692;2030-04-10 00:00:00;2030-04-07 00:00:00;2030-02-15 00:00:00;2030-02-12 00:00:00
2030-02-13 00:00:00;SO831389;C0005;VS003;383;2030-04-10 00:00:00;2030-04-09 00:00:00;2030-02-15 00:00:00;2030-02-14 00:00:00
2030-02-13 00:00:00;SO338697;C0013;AS004;888;2030-03-13 00:00:00;2030-03-03 00:00:00;2030-02-17 00:00:00;2030-02-07 00:00:00
2030-02-13 00:00:00;SO338697;C0013;AT002;885;2030-03-13 00:00:00;2030-03-06 00:00:00;2030-02-17 00:00:00;2030-02-10 00:00:00
2030-02-14 00:00:00;SO502655;C0030;AS005;835;2030-04-18 00:00:00;2030-04-27 00:00:00;2030-02-22 00:00:00;2030-03-03 00:00:00
2030-02-14 00:00:00;SO803911;C0007;CT003;988;2030-04-18 00:00:00;2030-04-12 00:00:00;2030-02-17 00:00:00;2030-02-11 00:00:00
2030-02-14 00:00:00;SO403370;C0010;AS004;866;2030-03-28 00:00:00;2030-04-06 00:00:00;2030-02-17 00:00:00;2030-02-26 00:00:00
2030-02-14 00:00:00;SO403370;C0010;CS003;888;2030-03-28 00:00:00;2030-03-18 00:00:00;2030-02-17 00:00:00;2030-02-07 00:00:00
2030-02-14 00:00:00;SO502655;C0030;CS004;1257;2030-04-18 00:00:00;2030-04-28 00:00:00;2030-02-22 00:00:00;2030-03-04 00:00:00
2030-02-14 00:00:00;SO403370;C0010;AS001;837;2030-03-28 00:00:00;2030-03-21 00:00:00;2030-02-17 00:00:00;2030-02-10 00:00:00
2030-02-14 00:00:00;SO502655;C0030;VS005;1038;2030-04-18 00:00:00;2030-04-15 00:00:00;2030-02-22 00:00:00;2030-02-19 00:00:00
2030-02-14 00:00:00;SO403370;C0010;CT002;798;2030-03-28 00:00:00;2030-03-30 00:00:00;2030-02-17 00:00:00;2030-02-19 00:00:00
2030-02-14 00:00:00;SO502655;C0030;CL001;784;2030-04-18 00:00:00;2030-04-24 00:00:00;2030-02-22 00:00:00;2030-02-28 00:00:00
2030-02-14 00:00:00;SO803911;C0007;AL002;618;2030-04-18 00:00:00;2030-04-08 00:00:00;2030-02-17 00:00:00;2030-02-07 00:00:00
2030-02-14 00:00:00;SO403370;C0010;CS001;299;2030-03-28 00:00:00;2030-03-29 00:00:00;2030-02-17 00:00:00;2030-02-18 00:00:00
2030-02-14 00:00:00;SO803911;C0007;AT002;420;2030-04-18 00:00:00;2030-04-21 00:00:00;2030-02-17 00:00:00;2030-02-20 00:00:00
2030-02-15 00:00:00;SO554447;C0029;AS005;294;2030-04-12 00:00:00;2030-04-05 00:00:00;2030-02-23 00:00:00;2030-02-16 00:00:00
2030-02-15 00:00:00;SO682860;C0018;CS003;478;2030-04-19 00:00:00;2030-04-20 00:00:00;2030-02-19 00:00:00;2030-02-20 00:00:00
2030-02-15 00:00:00;SO682860;C0018;CS001;537;2030-04-19 00:00:00;2030-04-09 00:00:00;2030-02-19 00:00:00;2030-02-09 00:00:00
2030-02-15 00:00:00;SO554447;C0029;AS003;944;2030-04-12 00:00:00;2030-04-22 00:00:00;2030-02-23 00:00:00;2030-03-05 00:00:00
2030-02-15 00:00:00;SO682860;C0018;AS002;537;2030-04-19 00:00:00;2030-04-17 00:00:00;2030-02-19 00:00:00;2030-02-17 00:00:00
2030-02-15 00:00:00;SO554447;C0029;AL002;766;2030-04-12 00:00:00;2030-04-08 00:00:00;2030-02-23 00:00:00;2030-02-19 00:00:00
2030-02-15 00:00:00;SO682860;C0018;AS001;669;2030-04-19 00:00:00;2030-04-27 00:00:00;2030-02-19 00:00:00;2030-02-27 00:00:00
2030-02-15 00:00:00;SO554447;C0029;VS004;673;2030-04-12 00:00:00;2030-04-10 00:00:00;2030-02-23 00:00:00;2030-02-21 00:00:00
2030-02-15 00:00:00;SO554447;C0029;CS003;651;2030-04-12 00:00:00;2030-04-04 00:00:00;2030-02-23 00:00:00;2030-02-15 00:00:00
2030-02-15 00:00:00;SO682860;C0018;AT002;894;2030-04-19 00:00:00;2030-04-28 00:00:00;2030-02-19 00:00:00;2030-02-28 00:00:00
2030-02-15 00:00:00;SO554447;C0029;CT002;907;2030-04-12 00:00:00;2030-04-08 00:00:00;2030-02-23 00:00:00;2030-02-19 00:00:00
2030-02-15 00:00:00;SO554447;C0029;CS001;454;2030-04-12 00:00:00;2030-04-11 00:00:00;2030-02-23 00:00:00;2030-02-22 00:00:00
2030-02-18 00:00:00;SO323058;C0005;CS001;1196;2030-04-15 00:00:00;2030-04-17 00:00:00;2030-02-20 00:00:00;2030-02-22 00:00:00
2030-02-18 00:00:00;SO442320;C0003;VS005;556;2030-04-01 00:00:00;2030-04-01 00:00:00;2030-02-20 00:00:00;2030-02-20 00:00:00
2030-02-18 00:00:00;SO304127;C0019;VS005;984;2030-04-22 00:00:00;2030-04-30 00:00:00;2030-02-22 00:00:00;2030-03-02 00:00:00
2030-02-18 00:00:00;SO323058;C0005;VS003;365;2030-04-15 00:00:00;2030-04-07 00:00:00;2030-02-20 00:00:00;2030-02-12 00:00:00
2030-02-18 00:00:00;SO442320;C0003;VS004;706;2030-04-01 00:00:00;2030-03-26 00:00:00;2030-02-20 00:00:00;2030-02-14 00:00:00
2030-02-18 00:00:00;SO442320;C0003;CS001;1117;2030-04-01 00:00:00;2030-03-30 00:00:00;2030-02-20 00:00:00;2030-02-18 00:00:00
2030-02-18 00:00:00;SO323058;C0005;AS002;611;2030-04-15 00:00:00;2030-04-06 00:00:00;2030-02-20 00:00:00;2030-02-11 00:00:00
2030-02-18 00:00:00;SO323058;C0005;CS004;1010;2030-04-15 00:00:00;2030-04-11 00:00:00;2030-02-20 00:00:00;2030-02-16 00:00:00
2030-02-18 00:00:00;SO323058;C0005;AL002;754;2030-04-15 00:00:00;2030-04-23 00:00:00;2030-02-20 00:00:00;2030-02-28 00:00:00
2030-02-18 00:00:00;SO304127;C0019;VS002;443;2030-04-22 00:00:00;2030-04-22 00:00:00;2030-02-22 00:00:00;2030-02-22 00:00:00
2030-02-18 00:00:00;SO304127;C0019;CS002;884;2030-04-22 00:00:00;2030-05-02 00:00:00;2030-02-22 00:00:00;2030-03-04 00:00:00
2030-02-18 00:00:00;SO304127;C0019;VS004;1499;2030-04-22 00:00:00;2030-04-14 00:00:00;2030-02-22 00:00:00;2030-02-14 00:00:00
2030-02-18 00:00:00;SO442320;C0003;VS002;1128;2030-04-01 00:00:00;2030-03-30 00:00:00;2030-02-20 00:00:00;2030-02-18 00:00:00
2030-02-18 00:00:00;SO304127;C0019;CT002;925;2030-04-22 00:00:00;2030-04-13 00:00:00;2030-02-22 00:00:00;2030-02-13 00:00:00
2030-02-18 00:00:00;SO323058;C0005;AS005;674;2030-04-15 00:00:00;2030-04-21 00:00:00;2030-02-20 00:00:00;2030-02-26 00:00:00
2030-02-18 00:00:00;SO442320;C0003;VS003;1124;2030-04-01 00:00:00;2030-03-27 00:00:00;2030-02-20 00:00:00;2030-02-15 00:00:00
2030-02-18 00:00:00;SO442320;C0003;CT003;335;2030-04-01 00:00:00;2030-03-31 00:00:00;2030-02-20 00:00:00;2030-02-19 00:00:00
2030-02-18 00:00:00;SO323058;C0005;VS005;714;2030-04-15 00:00:00;2030-04-12 00:00:00;2030-02-20 00:00:00;2030-02-17 00:00:00
2030-02-18 00:00:00;SO442320;C0003;AL002;818;2030-04-01 00:00:00;2030-04-04 00:00:00;2030-02-20 00:00:00;2030-02-23 00:00:00
2030-02-19 00:00:00;SO121732;C0022;AS002;754;2030-04-02 00:00:00;2030-03-23 00:00:00;2030-02-23 00:00:00;2030-02-13 00:00:00
2030-02-19 00:00:00;SO764176;C0005;AS003;1484;2030-04-16 00:00:00;2030-04-08 00:00:00;2030-02-21 00:00:00;2030-02-13 00:00:00
2030-02-19 00:00:00;SO572949;C0003;AS002;570;2030-04-02 00:00:00;2030-03-25 00:00:00;2030-02-21 00:00:00;2030-02-13 00:00:00
2030-02-19 00:00:00;SO203846;C0004;VS005;398;2030-03-05 00:00:00;2030-03-15 00:00:00;2030-02-21 00:00:00;2030-03-03 00:00:00
2030-02-19 00:00:00;SO203846;C0004;CT001;961;2030-03-05 00:00:00;2030-03-11 00:00:00;2030-02-21 00:00:00;2030-02-27 00:00:00
2030-02-19 00:00:00;SO572949;C0003;AS005;817;2030-04-02 00:00:00;2030-04-03 00:00:00;2030-02-21 00:00:00;2030-02-22 00:00:00
2030-02-19 00:00:00;SO764176;C0005;AS001;1293;2030-04-16 00:00:00;2030-04-18 00:00:00;2030-02-21 00:00:00;2030-02-23 00:00:00
2030-02-19 00:00:00;SO572949;C0003;AL002;1218;2030-04-02 00:00:00;2030-04-03 00:00:00;2030-02-21 00:00:00;2030-02-22 00:00:00
2030-02-19 00:00:00;SO203846;C0004;AT002;1396;2030-03-05 00:00:00;2030-03-15 00:00:00;2030-02-21 00:00:00;2030-03-03 00:00:00
2030-02-19 00:00:00;SO203846;C0004;AS001;729;2030-03-05 00:00:00;2030-02-24 00:00:00;2030-02-21 00:00:00;2030-02-12 00:00:00
2030-02-19 00:00:00;SO764176;C0005;CS003;1263;2030-04-16 00:00:00;2030-04-17 00:00:00;2030-02-21 00:00:00;2030-02-22 00:00:00
2030-02-19 00:00:00;SO121732;C0022;CS003;714;2030-04-02 00:00:00;2030-03-28 00:00:00;2030-02-23 00:00:00;2030-02-18 00:00:00
2030-02-19 00:00:00;SO121732;C0022;VS004;1432;2030-04-02 00:00:00;2030-03-28 00:00:00;2030-02-23 00:00:00;2030-02-18 00:00:00
2030-02-20 00:00:00;SO518881;C0026;CT002;1075;2030-03-27 00:00:00;2030-04-05 00:00:00;2030-02-28 00:00:00;2030-03-09 00:00:00
2030-02-20 00:00:00;SO111687;C0001;AS004;1170;2030-03-20 00:00:00;2030-03-23 00:00:00;2030-02-22 00:00:00;2030-02-25 00:00:00
2030-02-20 00:00:00;SO518881;C0026;CS004;975;2030-03-27 00:00:00;2030-04-02 00:00:00;2030-02-28 00:00:00;2030-03-06 00:00:00
2030-02-20 00:00:00;SO111687;C0001;VS004;566;2030-03-20 00:00:00;2030-03-14 00:00:00;2030-02-22 00:00:00;2030-02-16 00:00:00
2030-02-20 00:00:00;SO518881;C0026;VS005;1275;2030-03-27 00:00:00;2030-03-22 00:00:00;2030-02-28 00:00:00;2030-02-23 00:00:00
2030-02-20 00:00:00;SO518881;C0026;AS004;1057;2030-03-27 00:00:00;2030-04-05 00:00:00;2030-02-28 00:00:00;2030-03-09 00:00:00
2030-02-20 00:00:00;SO111687;C0001;CT001;960;2030-03-20 00:00:00;2030-03-30 00:00:00;2030-02-22 00:00:00;2030-03-04 00:00:00
2030-02-20 00:00:00;SO111687;C0001;AS001;1193;2030-03-20 00:00:00;2030-03-20 00:00:00;2030-02-22 00:00:00;2030-02-22 00:00:00
2030-02-20 00:00:00;SO518881;C0026;CS003;1124;2030-03-27 00:00:00;2030-03-19 00:00:00;2030-02-28 00:00:00;2030-02-20 00:00:00
2030-02-20 00:00:00;SO111687;C0001;AL001;972;2030-03-20 00:00:00;2030-03-23 00:00:00;2030-02-22 00:00:00;2030-02-25 00:00:00
2030-02-20 00:00:00;SO111687;C0001;CT002;431;2030-03-20 00:00:00;2030-03-22 00:00:00;2030-02-22 00:00:00;2030-02-24 00:00:00
2030-02-20 00:00:00;SO518881;C0026;AS001;522;2030-03-27 00:00:00;2030-04-06 00:00:00;2030-02-28 00:00:00;2030-03-10 00:00:00
2030-02-20 00:00:00;SO111687;C0001;VS003;1393;2030-03-20 00:00:00;2030-03-11 00:00:00;2030-02-22 00:00:00;2030-02-13 00:00:00
2030-02-21 00:00:00;SO302911;C0010;VS003;1091;2030-04-04 00:00:00;2030-03-25 00:00:00;2030-02-24 00:00:00;2030-02-14 00:00:00
2030-02-21 00:00:00;SO364817;C0017;VS002;1470;2030-04-18 00:00:00;2030-04-12 00:00:00;2030-02-25 00:00:00;2030-02-19 00:00:00
2030-02-21 00:00:00;SO273909;C0014;AL002;1198;2030-03-28 00:00:00;2030-03-30 00:00:00;2030-02-25 00:00:00;2030-02-27 00:00:00
2030-02-21 00:00:00;SO273909;C0014;AS005;519;2030-03-28 00:00:00;2030-03-29 00:00:00;2030-02-25 00:00:00;2030-02-26 00:00:00
2030-02-21 00:00:00;SO364817;C0017;AT002;957;2030-04-18 00:00:00;2030-04-20 00:00:00;2030-02-25 00:00:00;2030-02-27 00:00:00
2030-02-21 00:00:00;SO364817;C0017;AS003;519;2030-04-18 00:00:00;2030-04-10 00:00:00;2030-02-25 00:00:00;2030-02-17 00:00:00
2030-02-21 00:00:00;SO364817;C0017;AL001;772;2030-04-18 00:00:00;2030-04-27 00:00:00;2030-02-25 00:00:00;2030-03-06 00:00:00
2030-02-21 00:00:00;SO364817;C0017;CT002;772;2030-04-18 00:00:00;2030-04-17 00:00:00;2030-02-25 00:00:00;2030-02-24 00:00:00
2030-02-21 00:00:00;SO273909;C0014;VS005;384;2030-03-28 00:00:00;2030-03-30 00:00:00;2030-02-25 00:00:00;2030-02-27 00:00:00
2030-02-21 00:00:00;SO364817;C0017;AS002;365;2030-04-18 00:00:00;2030-04-23 00:00:00;2030-02-25 00:00:00;2030-03-02 00:00:00
2030-02-21 00:00:00;SO302911;C0010;VS005;831;2030-04-04 00:00:00;2030-04-12 00:00:00;2030-02-24 00:00:00;2030-03-04 00:00:00
2030-02-21 00:00:00;SO302911;C0010;AT002;809;2030-04-04 00:00:00;2030-04-06 00:00:00;2030-02-24 00:00:00;2030-02-26 00:00:00
2030-02-21 00:00:00;SO302911;C0010;AS003;1266;2030-04-04 00:00:00;2030-03-25 00:00:00;2030-02-24 00:00:00;2030-02-14 00:00:00
2030-02-22 00:00:00;SO733158;C0012;CT001;980;2030-03-22 00:00:00;2030-03-18 00:00:00;2030-02-25 00:00:00;2030-02-21 00:00:00
2030-02-22 00:00:00;SO584544;C0026;AT002;1097;2030-03-29 00:00:00;2030-03-28 00:00:00;2030-03-02 00:00:00;2030-03-01 00:00:00
2030-02-22 00:00:00;SO498102;C0001;CT001;538;2030-03-22 00:00:00;2030-03-23 00:00:00;2030-02-24 00:00:00;2030-02-25 00:00:00
2030-02-22 00:00:00;SO656305;C0028;VS003;1030;2030-03-08 00:00:00;2030-03-02 00:00:00;2030-03-02 00:00:00;2030-02-24 00:00:00
2030-02-22 00:00:00;SO656305;C0028;AS002;993;2030-03-08 00:00:00;2030-03-16 00:00:00;2030-03-02 00:00:00;2030-03-10 00:00:00
2030-02-22 00:00:00;SO733158;C0012;AS005;376;2030-03-22 00:00:00;2030-03-13 00:00:00;2030-02-25 00:00:00;2030-02-16 00:00:00
2030-02-22 00:00:00;SO584544;C0026;VS004;1138;2030-03-29 00:00:00;2030-03-25 00:00:00;2030-03-02 00:00:00;2030-02-26 00:00:00
2030-02-22 00:00:00;SO656305;C0028;CT002;776;2030-03-08 00:00:00;2030-03-16 00:00:00;2030-03-02 00:00:00;2030-03-10 00:00:00
2030-02-22 00:00:00;SO656305;C0028;AS004;612;2030-03-08 00:00:00;2030-03-15 00:00:00;2030-03-02 00:00:00;2030-03-09 00:00:00
2030-02-22 00:00:00;SO584544;C0026;AL001;695;2030-03-29 00:00:00;2030-03-31 00:00:00;2030-03-02 00:00:00;2030-03-04 00:00:00
2030-02-22 00:00:00;SO656305;C0028;AT002;1135;2030-03-08 00:00:00;2030-03-11 00:00:00;2030-03-02 00:00:00;2030-03-05 00:00:00
2030-02-22 00:00:00;SO733158;C0012;CS004;538;2030-03-22 00:00:00;2030-03-27 00:00:00;2030-02-25 00:00:00;2030-03-02 00:00:00
2030-02-25 00:00:00;SO940473;C0017;AS003;876;2030-04-22 00:00:00;2030-04-28 00:00:00;2030-03-01 00:00:00;2030-03-07 00:00:00
2030-02-25 00:00:00;SO269147;C0012;VS005;446;2030-03-25 00:00:00;2030-03-29 00:00:00;2030-02-28 00:00:00;2030-03-04 00:00:00
2030-02-25 00:00:00;SO435015;C0004;CS003;673;2030-03-11 00:00:00;2030-03-09 00:00:00;2030-02-27 00:00:00;2030-02-25 00:00:00
2030-02-25 00:00:00;SO435015;C0004;AS004;836;2030-03-11 00:00:00;2030-03-09 00:00:00;2030-02-27 00:00:00;2030-02-25 00:00:00
2030-02-25 00:00:00;SO940473;C0017;AT002;1300;2030-04-22 00:00:00;2030-05-01 00:00:00;2030-03-01 00:00:00;2030-03-10 00:00:00
2030-02-25 00:00:00;SO940473;C0017;CS004;652;2030-04-22 00:00:00;2030-04-19 00:00:00;2030-03-01 00:00:00;2030-02-26 00:00:00
2030-02-25 00:00:00;SO940473;C0017;VS003;770;2030-04-22 00:00:00;2030-05-02 00:00:00;2030-03-01 00:00:00;2030-03-11 00:00:00
2030-02-25 00:00:00;SO435015;C0004;CL001;1058;2030-03-11 00:00:00;2030-03-10 00:00:00;2030-02-27 00:00:00;2030-02-26 00:00:00
2030-02-25 00:00:00;SO435015;C0004;CT003;885;2030-03-11 00:00:00;2030-03-13 00:00:00;2030-02-27 00:00:00;2030-03-01 00:00:00
2030-02-25 00:00:00;SO940473;C0017;CT002;633;2030-04-22 00:00:00;2030-04-28 00:00:00;2030-03-01 00:00:00;2030-03-07 00:00:00
2030-02-25 00:00:00;SO435015;C0004;AS005;1116;2030-03-11 00:00:00;2030-03-07 00:00:00;2030-02-27 00:00:00;2030-02-23 00:00:00
2030-02-25 00:00:00;SO269147;C0012;VS002;891;2030-03-25 00:00:00;2030-03-20 00:00:00;2030-02-28 00:00:00;2030-02-23 00:00:00
2030-02-25 00:00:00;SO269147;C0012;AL002;526;2030-03-25 00:00:00;2030-03-30 00:00:00;2030-02-28 00:00:00;2030-03-05 00:00:00
2030-02-25 00:00:00;SO269147;C0012;CS003;1446;2030-03-25 00:00:00;2030-04-03 00:00:00;2030-02-28 00:00:00;2030-03-09 00:00:00
2030-02-25 00:00:00;SO435015;C0004;AS001;1127;2030-03-11 00:00:00;2030-03-18 00:00:00;2030-02-27 00:00:00;2030-03-06 00:00:00
2030-02-25 00:00:00;SO940473;C0017;AS002;730;2030-04-22 00:00:00;2030-04-26 00:00:00;2030-03-01 00:00:00;2030-03-05 00:00:00
2030-02-26 00:00:00;SO865182;C0019;CL001;553;2030-04-30 00:00:00;2030-05-04 00:00:00;2030-03-02 00:00:00;2030-03-06 00:00:00
2030-02-26 00:00:00;SO668197;C0011;CT001;415;2030-04-02 00:00:00;2030-04-03 00:00:00;2030-03-01 00:00:00;2030-03-02 00:00:00
2030-02-26 00:00:00;SO865182;C0019;VS002;626;2030-04-30 00:00:00;2030-05-08 00:00:00;2030-03-02 00:00:00;2030-03-10 00:00:00
2030-02-26 00:00:00;SO865182;C0019;AL001;751;2030-04-30 00:00:00;2030-05-07 00:00:00;2030-03-02 00:00:00;2030-03-09 00:00:00
2030-02-26 00:00:00;SO668197;C0011;VS004;550;2030-04-02 00:00:00;2030-03-30 00:00:00;2030-03-01 00:00:00;2030-02-26 00:00:00
2030-02-26 00:00:00;SO668197;C0011;AL001;1351;2030-04-02 00:00:00;2030-04-12 00:00:00;2030-03-01 00:00:00;2030-03-11 00:00:00
2030-02-26 00:00:00;SO865182;C0019;AS003;708;2030-04-30 00:00:00;2030-04-25 00:00:00;2030-03-02 00:00:00;2030-02-25 00:00:00
2030-02-26 00:00:00;SO668197;C0011;AS002;1288;2030-04-02 00:00:00;2030-04-05 00:00:00;2030-03-01 00:00:00;2030-03-04 00:00:00
2030-02-26 00:00:00;SO668197;C0011;AL002;428;2030-04-02 00:00:00;2030-03-27 00:00:00;2030-03-01 00:00:00;2030-02-23 00:00:00
2030-02-26 00:00:00;SO865182;C0019;CS001;733;2030-04-30 00:00:00;2030-04-30 00:00:00;2030-03-02 00:00:00;2030-03-02 00:00:00
2030-02-26 00:00:00;SO668197;C0011;AS003;658;2030-04-02 00:00:00;2030-04-07 00:00:00;2030-03-01 00:00:00;2030-03-06 00:00:00
2030-02-26 00:00:00;SO865182;C0019;AS002;546;2030-04-30 00:00:00;2030-04-20 00:00:00;2030-03-02 00:00:00;2030-02-20 00:00:00
2030-02-26 00:00:00;SO668197;C0011;VS005;454;2030-04-02 00:00:00;2030-04-05 00:00:00;2030-03-01 00:00:00;2030-03-04 00:00:00
2030-02-26 00:00:00;SO865182;C0019;VS003;940;2030-04-30 00:00:00;2030-04-21 00:00:00;2030-03-02 00:00:00;2030-02-21 00:00:00
2030-02-26 00:00:00;SO668197;C0011;AT002;435;2030-04-02 00:00:00;2030-04-04 00:00:00;2030-03-01 00:00:00;2030-03-03 00:00:00
2030-02-26 00:00:00;SO865182;C0019;AL002;456;2030-04-30 00:00:00;2030-05-01 00:00:00;2030-03-02 00:00:00;2030-03-03 00:00:00
2030-02-26 00:00:00;SO865182;C0019;VS005;965;2030-04-30 00:00:00;2030-04-29 00:00:00;2030-03-02 00:00:00;2030-03-01 00:00:00
2030-02-26 00:00:00;SO668197;C0011;CL001;382;2030-04-02 00:00:00;2030-03-23 00:00:00;2030-03-01 00:00:00;2030-02-19 00:00:00
2030-02-27 00:00:00;SO788831;C0001;AS002;633;2030-03-27 00:00:00;2030-04-05 00:00:00;2030-03-01 00:00:00;2030-03-10 00:00:00
2030-02-27 00:00:00;SO922256;C0023;VS005;320;2030-04-03 00:00:00;2030-03-29 00:00:00;2030-03-03 00:00:00;2030-02-26 00:00:00
2030-02-27 00:00:00;SO922256;C0023;CT001;1237;2030-04-03 00:00:00;2030-04-04 00:00:00;2030-03-03 00:00:00;2030-03-04 00:00:00
2030-02-27 00:00:00;SO922256;C0023;AS002;636;2030-04-03 00:00:00;2030-04-13 00:00:00;2030-03-03 00:00:00;2030-03-13 00:00:00
2030-02-27 00:00:00;SO788831;C0001;CS003;1038;2030-03-27 00:00:00;2030-03-23 00:00:00;2030-03-01 00:00:00;2030-02-25 00:00:00
2030-02-27 00:00:00;SO922256;C0023;VS002;815;2030-04-03 00:00:00;2030-03-28 00:00:00;2030-03-03 00:00:00;2030-02-25 00:00:00
2030-02-27 00:00:00;SO922256;C0023;AS001;625;2030-04-03 00:00:00;2030-04-09 00:00:00;2030-03-03 00:00:00;2030-03-09 00:00:00
2030-02-27 00:00:00;SO788831;C0001;AT002;545;2030-03-27 00:00:00;2030-03-25 00:00:00;2030-03-01 00:00:00;2030-02-27 00:00:00
2030-02-27 00:00:00;SO788831;C0001;CT001;465;2030-03-27 00:00:00;2030-04-04 00:00:00;2030-03-01 00:00:00;2030-03-09 00:00:00
2030-02-27 00:00:00;SO788831;C0001;AS005;449;2030-03-27 00:00:00;2030-03-24 00:00:00;2030-03-01 00:00:00;2030-02-26 00:00:00
2030-02-27 00:00:00;SO922256;C0023;AL002;1164;2030-04-03 00:00:00;2030-04-02 00:00:00;2030-03-03 00:00:00;2030-03-02 00:00:00
2030-02-27 00:00:00;SO788831;C0001;CS001;442;2030-03-27 00:00:00;2030-03-17 00:00:00;2030-03-01 00:00:00;2030-02-19 00:00:00
2030-02-27 00:00:00;SO788831;C0001;CT003;1349;2030-03-27 00:00:00;2030-03-21 00:00:00;2030-03-01 00:00:00;2030-02-23 00:00:00
2030-02-27 00:00:00;SO788831;C0001;AS001;747;2030-03-27 00:00:00;2030-03-19 00:00:00;2030-03-01 00:00:00;2030-02-21 00:00:00
2030-02-27 00:00:00;SO788831;C0001;CS002;1499;2030-03-27 00:00:00;2030-03-29 00:00:00;2030-03-01 00:00:00;2030-03-03 00:00:00
2030-02-27 00:00:00;SO922256;C0023;AS003;335;2030-04-03 00:00:00;2030-04-06 00:00:00;2030-03-03 00:00:00;2030-03-06 00:00:00
2030-02-27 00:00:00;SO788831;C0001;AL002;631;2030-03-27 00:00:00;2030-04-04 00:00:00;2030-03-01 00:00:00;2030-03-09 00:00:00
2030-02-28 00:00:00;SO604935;C0020;AS003;701;2030-04-25 00:00:00;2030-04-21 00:00:00;2030-03-04 00:00:00;2030-02-28 00:00:00
2030-02-28 00:00:00;SO268223;C0014;AS002;453;2030-04-04 00:00:00;2030-04-10 00:00:00;2030-03-04 00:00:00;2030-03-10 00:00:00
2030-02-28 00:00:00;SO268223;C0014;AS004;1301;2030-04-04 00:00:00;2030-03-25 00:00:00;2030-03-04 00:00:00;2030-02-22 00:00:00
2030-02-28 00:00:00;SO268223;C0014;CT001;774;2030-04-04 00:00:00;2030-03-31 00:00:00;2030-03-04 00:00:00;2030-02-28 00:00:00
2030-02-28 00:00:00;SO604935;C0020;AS002;600;2030-04-25 00:00:00;2030-04-23 00:00:00;2030-03-04 00:00:00;2030-03-02 00:00:00
2030-02-28 00:00:00;SO604935;C0020;CT001;710;2030-04-25 00:00:00;2030-04-21 00:00:00;2030-03-04 00:00:00;2030-02-28 00:00:00
2030-02-28 00:00:00;SO268223;C0014;VS002;538;2030-04-04 00:00:00;2030-04-07 00:00:00;2030-03-04 00:00:00;2030-03-07 00:00:00
2030-02-28 00:00:00;SO604935;C0020;AS001;637;2030-04-25 00:00:00;2030-04-24 00:00:00;2030-03-04 00:00:00;2030-03-03 00:00:00
2030-02-28 00:00:00;SO604935;C0020;CT002;798;2030-04-25 00:00:00;2030-04-20 00:00:00;2030-03-04 00:00:00;2030-02-27 00:00:00
2030-02-28 00:00:00;SO268223;C0014;CS002;776;2030-04-04 00:00:00;2030-04-10 00:00:00;2030-03-04 00:00:00;2030-03-10 00:00:00
2030-02-28 00:00:00;SO604935;C0020;CS004;437;2030-04-25 00:00:00;2030-05-03 00:00:00;2030-03-04 00:00:00;2030-03-12 00:00:00
2030-02-28 00:00:00;SO604935;C0020;CS002;581;2030-04-25 00:00:00;2030-04-15 00:00:00;2030-03-04 00:00:00;2030-02-22 00:00:00
2030-02-28 00:00:00;SO604935;C0020;CS003;1097;2030-04-25 00:00:00;2030-04-17 00:00:00;2030-03-04 00:00:00;2030-02-24 00:00:00
2030-02-28 00:00:00;SO268223;C0014;CT003;1323;2030-04-04 00:00:00;2030-03-25 00:00:00;2030-03-04 00:00:00;2030-02-22 00:00:00
2030-02-28 00:00:00;SO268223;C0014;VS003;697;2030-04-04 00:00:00;2030-03-28 00:00:00;2030-03-04 00:00:00;2030-02-25 00:00:00
2030-02-28 00:00:00;SO604935;C0020;CL001;696;2030-04-25 00:00:00;2030-04-25 00:00:00;2030-03-04 00:00:00;2030-03-04 00:00:00
2030-02-28 00:00:00;SO268223;C0014;CS001;954;2030-04-04 00:00:00;2030-04-04 00:00:00;2030-03-04 00:00:00;2030-03-04 00:00:00
2030-02-28 00:00:00;SO268223;C0014;AL001;564;2030-04-04 00:00:00;2030-03-31 00:00:00;2030-03-04 00:00:00;2030-02-28 00:00:00
2030-02-28 00:00:00;SO604935;C0020;AT002;912;2030-04-25 00:00:00;2030-05-01 00:00:00;2030-03-04 00:00:00;2030-03-10 00:00:00
2030-02-28 00:00:00;SO604935;C0020;AS005;1032;2030-04-25 00:00:00;2030-05-05 00:00:00;2030-03-04 00:00:00;2030-03-14 00:00:00
2030-03-01 00:00:00;SO169294;C0021;CT001;527;2030-03-15 00:00:00;2030-03-23 00:00:00;2030-03-05 00:00:00;2030-03-13 00:00:00
2030-03-01 00:00:00;SO762721;C0001;CT002;820;2030-03-29 00:00:00;2030-03-24 00:00:00;2030-03-03 00:00:00;2030-02-26 00:00:00
2030-03-01 00:00:00;SO169294;C0021;AS002;857;2030-03-15 00:00:00;2030-03-15 00:00:00;2030-03-05 00:00:00;2030-03-05 00:00:00
2030-03-01 00:00:00;SO762721;C0001;CS004;545;2030-03-29 00:00:00;2030-03-22 00:00:00;2030-03-03 00:00:00;2030-02-24 00:00:00
2030-03-01 00:00:00;SO762721;C0001;CS002;1171;2030-03-29 00:00:00;2030-04-01 00:00:00;2030-03-03 00:00:00;2030-03-06 00:00:00
2030-03-01 00:00:00;SO169294;C0021;AS004;415;2030-03-15 00:00:00;2030-03-23 00:00:00;2030-03-05 00:00:00;2030-03-13 00:00:00
2030-03-01 00:00:00;SO169294;C0021;AT002;1111;2030-03-15 00:00:00;2030-03-08 00:00:00;2030-03-05 00:00:00;2030-02-26 00:00:00
2030-03-01 00:00:00;SO762721;C0001;VS002;789;2030-03-29 00:00:00;2030-03-27 00:00:00;2030-03-03 00:00:00;2030-03-01 00:00:00
2030-03-01 00:00:00;SO169294;C0021;AL001;976;2030-03-15 00:00:00;2030-03-23 00:00:00;2030-03-05 00:00:00;2030-03-13 00:00:00
2030-03-01 00:00:00;SO762721;C0001;VS003;1159;2030-03-29 00:00:00;2030-03-31 00:00:00;2030-03-03 00:00:00;2030-03-05 00:00:00
2030-03-01 00:00:00;SO762721;C0001;AS003;697;2030-03-29 00:00:00;2030-03-26 00:00:00;2030-03-03 00:00:00;2030-02-28 00:00:00
2030-03-01 00:00:00;SO169294;C0021;CL002;475;2030-03-15 00:00:00;2030-03-10 00:00:00;2030-03-05 00:00:00;2030-02-28 00:00:00
2030-03-01 00:00:00;SO169294;C0021;CS001;1447;2030-03-15 00:00:00;2030-03-25 00:00:00;2030-03-05 00:00:00;2030-03-15 00:00:00
2030-03-01 00:00:00;SO762721;C0001;AL001;876;2030-03-29 00:00:00;2030-03-28 00:00:00;2030-03-03 00:00:00;2030-03-02 00:00:00
2030-03-01 00:00:00;SO762721;C0001;AS001;493;2030-03-29 00:00:00;2030-04-07 00:00:00;2030-03-03 00:00:00;2030-03-12 00:00:00
2030-03-01 00:00:00;SO762721;C0001;VS005;496;2030-03-29 00:00:00;2030-03-30 00:00:00;2030-03-03 00:00:00;2030-03-04 00:00:00
2030-03-01 00:00:00;SO762721;C0001;CT001;671;2030-03-29 00:00:00;2030-03-25 00:00:00;2030-03-03 00:00:00;2030-02-27 00:00:00
2030-03-04 00:00:00;SO674107;C0002;CL001;586;2030-04-08 00:00:00;2030-04-05 00:00:00;2030-03-06 00:00:00;2030-03-03 00:00:00
2030-03-04 00:00:00;SO883808;C0030;CS004;441;2030-05-06 00:00:00;2030-04-29 00:00:00;2030-03-12 00:00:00;2030-03-05 00:00:00
2030-03-04 00:00:00;SO883808;C0030;CS003;1289;2030-05-06 00:00:00;2030-05-01 00:00:00;2030-03-12 00:00:00;2030-03-07 00:00:00
2030-03-04 00:00:00;SO674107;C0002;CT002;426;2030-04-08 00:00:00;2030-04-18 00:00:00;2030-03-06 00:00:00;2030-03-16 00:00:00
2030-03-04 00:00:00;SO883808;C0030;CS001;701;2030-05-06 00:00:00;2030-05-14 00:00:00;2030-03-12 00:00:00;2030-03-20 00:00:00
2030-03-04 00:00:00;SO674107;C0002;CS002;658;2030-04-08 00:00:00;2030-04-10 00:00:00;2030-03-06 00:00:00;2030-03-08 00:00:00
2030-03-04 00:00:00;SO883808;C0030;CL001;380;2030-05-06 00:00:00;2030-05-09 00:00:00;2030-03-12 00:00:00;2030-03-15 00:00:00
2030-03-04 00:00:00;SO674107;C0002;AS002;1035;2030-04-08 00:00:00;2030-04-05 00:00:00;2030-03-06 00:00:00;2030-03-03 00:00:00
2030-03-04 00:00:00;SO883808;C0030;AT002;754;2030-05-06 00:00:00;2030-05-04 00:00:00;2030-03-12 00:00:00;2030-03-10 00:00:00
2030-03-04 00:00:00;SO883808;C0030;AS003;446;2030-05-06 00:00:00;2030-05-09 00:00:00;2030-03-12 00:00:00;2030-03-15 00:00:00
2030-03-04 00:00:00;SO883808;C0030;AS004;619;2030-05-06 00:00:00;2030-04-27 00:00:00;2030-03-12 00:00:00;2030-03-03 00:00:00
2030-03-04 00:00:00;SO883808;C0030;AL001;891;2030-05-06 00:00:00;2030-05-07 00:00:00;2030-03-12 00:00:00;2030-03-13 00:00:00
2030-03-05 00:00:00;SO628043;C0024;AL002;791;2030-04-02 00:00:00;2030-03-30 00:00:00;2030-03-09 00:00:00;2030-03-06 00:00:00
2030-03-05 00:00:00;SO922554;C0006;AT002;776;2030-05-07 00:00:00;2030-05-05 00:00:00;2030-03-07 00:00:00;2030-03-05 00:00:00
2030-03-05 00:00:00;SO922554;C0006;CT003;1286;2030-05-07 00:00:00;2030-05-06 00:00:00;2030-03-07 00:00:00;2030-03-06 00:00:00
2030-03-05 00:00:00;SO922554;C0006;AS003;1035;2030-05-07 00:00:00;2030-05-01 00:00:00;2030-03-07 00:00:00;2030-03-01 00:00:00
2030-03-05 00:00:00;SO922554;C0006;CL002;714;2030-05-07 00:00:00;2030-04-28 00:00:00;2030-03-07 00:00:00;2030-02-26 00:00:00
2030-03-05 00:00:00;SO628043;C0024;AT001;940;2030-04-02 00:00:00;2030-03-27 00:00:00;2030-03-09 00:00:00;2030-03-03 00:00:00
2030-03-05 00:00:00;SO922554;C0006;AS005;957;2030-05-07 00:00:00;2030-05-11 00:00:00;2030-03-07 00:00:00;2030-03-11 00:00:00
2030-03-05 00:00:00;SO628043;C0024;AS005;1407;2030-04-02 00:00:00;2030-03-28 00:00:00;2030-03-09 00:00:00;2030-03-04 00:00:00
2030-03-05 00:00:00;SO922554;C0006;VS001;859;2030-05-07 00:00:00;2030-05-02 00:00:00;2030-03-07 00:00:00;2030-03-02 00:00:00
2030-03-05 00:00:00;SO922554;C0006;CS001;734;2030-05-07 00:00:00;2030-05-14 00:00:00;2030-03-07 00:00:00;2030-03-14 00:00:00
2030-03-05 00:00:00;SO922554;C0006;AL001;1244;2030-05-07 00:00:00;2030-05-14 00:00:00;2030-03-07 00:00:00;2030-03-14 00:00:00
2030-03-05 00:00:00;SO628043;C0024;CL002;1489;2030-04-02 00:00:00;2030-03-25 00:00:00;2030-03-09 00:00:00;2030-03-01 00:00:00
2030-03-05 00:00:00;SO628043;C0024;VS001;671;2030-04-02 00:00:00;2030-04-09 00:00:00;2030-03-09 00:00:00;2030-03-16 00:00:00
2030-03-05 00:00:00;SO628043;C0024;CT002;1049;2030-04-02 00:00:00;2030-04-08 00:00:00;2030-03-09 00:00:00;2030-03-15 00:00:00
2030-03-05 00:00:00;SO628043;C0024;CT003;758;2030-04-02 00:00:00;2030-03-30 00:00:00;2030-03-09 00:00:00;2030-03-06 00:00:00
2030-03-05 00:00:00;SO922554;C0006;CT002;870;2030-05-07 00:00:00;2030-05-04 00:00:00;2030-03-07 00:00:00;2030-03-04 00:00:00
2030-03-05 00:00:00;SO628043;C0024;AT002;774;2030-04-02 00:00:00;2030-04-09 00:00:00;2030-03-09 00:00:00;2030-03-16 00:00:00
2030-03-05 00:00:00;SO628043;C0024;CS004;1094;2030-04-02 00:00:00;2030-03-29 00:00:00;2030-03-09 00:00:00;2030-03-05 00:00:00
2030-03-06 00:00:00;SO604484;C0029;AS004;781;2030-05-01 00:00:00;2030-05-05 00:00:00;2030-03-14 00:00:00;2030-03-18 00:00:00
2030-03-06 00:00:00;SO708470;C0012;CL002;1358;2030-04-03 00:00:00;2030-04-02 00:00:00;2030-03-09 00:00:00;2030-03-08 00:00:00
2030-03-06 00:00:00;SO409279;C0009;CL002;1281;2030-03-20 00:00:00;2030-03-27 00:00:00;2030-03-09 00:00:00;2030-03-16 00:00:00
2030-03-06 00:00:00;SO849189;C0023;AS004;840;2030-04-10 00:00:00;2030-04-19 00:00:00;2030-03-10 00:00:00;2030-03-19 00:00:00
2030-03-06 00:00:00;SO849189;C0023;VS003;1047;2030-04-10 00:00:00;2030-04-08 00:00:00;2030-03-10 00:00:00;2030-03-08 00:00:00
2030-03-06 00:00:00;SO849189;C0023;CL002;1186;2030-04-10 00:00:00;2030-04-10 00:00:00;2030-03-10 00:00:00;2030-03-10 00:00:00
2030-03-06 00:00:00;SO708470;C0012;AL002;540;2030-04-03 00:00:00;2030-04-13 00:00:00;2030-03-09 00:00:00;2030-03-19 00:00:00
2030-03-06 00:00:00;SO708470;C0012;AS003;1306;2030-04-03 00:00:00;2030-04-05 00:00:00;2030-03-09 00:00:00;2030-03-11 00:00:00
2030-03-06 00:00:00;SO849189;C0023;VS002;437;2030-04-10 00:00:00;2030-04-09 00:00:00;2030-03-10 00:00:00;2030-03-09 00:00:00
2030-03-06 00:00:00;SO604484;C0029;CL001;953;2030-05-01 00:00:00;2030-05-05 00:00:00;2030-03-14 00:00:00;2030-03-18 00:00:00
2030-03-06 00:00:00;SO409279;C0009;VS001;966;2030-03-20 00:00:00;2030-03-20 00:00:00;2030-03-09 00:00:00;2030-03-09 00:00:00
2030-03-06 00:00:00;SO849189;C0023;CT003;1197;2030-04-10 00:00:00;2030-04-08 00:00:00;2030-03-10 00:00:00;2030-03-08 00:00:00
2030-03-06 00:00:00;SO708470;C0012;AT001;1226;2030-04-03 00:00:00;2030-04-09 00:00:00;2030-03-09 00:00:00;2030-03-15 00:00:00
2030-03-06 00:00:00;SO604484;C0029;AT002;892;2030-05-01 00:00:00;2030-05-06 00:00:00;2030-03-14 00:00:00;2030-03-19 00:00:00
2030-03-07 00:00:00;SO125416;C0017;AS004;1150;2030-05-02 00:00:00;2030-05-09 00:00:00;2030-03-11 00:00:00;2030-03-18 00:00:00
2030-03-07 00:00:00;SO891772;C0009;CT001;1376;2030-03-21 00:00:00;2030-03-17 00:00:00;2030-03-10 00:00:00;2030-03-06 00:00:00
2030-03-07 00:00:00;SO420455;C0027;VS001;1083;2030-04-18 00:00:00;2030-04-28 00:00:00;2030-03-15 00:00:00;2030-03-25 00:00:00
2030-03-07 00:00:00;SO125416;C0017;AS003;685;2030-05-02 00:00:00;2030-04-23 00:00:00;2030-03-11 00:00:00;2030-03-02 00:00:00
2030-03-07 00:00:00;SO420455;C0027;AL002;288;2030-04-18 00:00:00;2030-04-25 00:00:00;2030-03-15 00:00:00;2030-03-22 00:00:00
2030-03-07 00:00:00;SO125416;C0017;CL002;774;2030-05-02 00:00:00;2030-05-01 00:00:00;2030-03-11 00:00:00;2030-03-10 00:00:00
2030-03-07 00:00:00;SO125416;C0017;CT001;1277;2030-05-02 00:00:00;2030-05-09 00:00:00;2030-03-11 00:00:00;2030-03-18 00:00:00
2030-03-07 00:00:00;SO891772;C0009;CS004;427;2030-03-21 00:00:00;2030-03-14 00:00:00;2030-03-10 00:00:00;2030-03-03 00:00:00
2030-03-07 00:00:00;SO125416;C0017;CT002;390;2030-05-02 00:00:00;2030-05-10 00:00:00;2030-03-11 00:00:00;2030-03-19 00:00:00
2030-03-07 00:00:00;SO420455;C0027;CL002;457;2030-04-18 00:00:00;2030-04-12 00:00:00;2030-03-15 00:00:00;2030-03-09 00:00:00
2030-03-07 00:00:00;SO420455;C0027;AS002;804;2030-04-18 00:00:00;2030-04-19 00:00:00;2030-03-15 00:00:00;2030-03-16 00:00:00
2030-03-07 00:00:00;SO891772;C0009;AS002;1256;2030-03-21 00:00:00;2030-03-26 00:00:00;2030-03-10 00:00:00;2030-03-15 00:00:00
2030-03-07 00:00:00;SO125416;C0017;CS001;1465;2030-05-02 00:00:00;2030-05-12 00:00:00;2030-03-11 00:00:00;2030-03-21 00:00:00
2030-03-07 00:00:00;SO891772;C0009;AL001;854;2030-03-21 00:00:00;2030-03-27 00:00:00;2030-03-10 00:00:00;2030-03-16 00:00:00
2030-03-07 00:00:00;SO891772;C0009;CT003;1141;2030-03-21 00:00:00;2030-03-29 00:00:00;2030-03-10 00:00:00;2030-03-18 00:00:00
2030-03-07 00:00:00;SO891772;C0009;VS005;1367;2030-03-21 00:00:00;2030-03-18 00:00:00;2030-03-10 00:00:00;2030-03-07 00:00:00
2030-03-08 00:00:00;SO291948;C0013;AT001;710;2030-04-05 00:00:00;2030-03-28 00:00:00;2030-03-12 00:00:00;2030-03-04 00:00:00
2030-03-08 00:00:00;SO360939;C0024;AT002;688;2030-04-05 00:00:00;2030-03-30 00:00:00;2030-03-12 00:00:00;2030-03-06 00:00:00
2030-03-08 00:00:00;SO360939;C0024;AS003;1321;2030-04-05 00:00:00;2030-04-13 00:00:00;2030-03-12 00:00:00;2030-03-20 00:00:00
2030-03-08 00:00:00;SO360939;C0024;CS001;780;2030-04-05 00:00:00;2030-04-12 00:00:00;2030-03-12 00:00:00;2030-03-19 00:00:00
2030-03-08 00:00:00;SO360939;C0024;CT002;501;2030-04-05 00:00:00;2030-04-01 00:00:00;2030-03-12 00:00:00;2030-03-08 00:00:00
2030-03-08 00:00:00;SO291948;C0013;CS002;520;2030-04-05 00:00:00;2030-03-31 00:00:00;2030-03-12 00:00:00;2030-03-07 00:00:00
2030-03-08 00:00:00;SO291948;C0013;VS005;831;2030-04-05 00:00:00;2030-04-01 00:00:00;2030-03-12 00:00:00;2030-03-08 00:00:00
2030-03-08 00:00:00;SO360939;C0024;VS002;905;2030-04-05 00:00:00;2030-04-07 00:00:00;2030-03-12 00:00:00;2030-03-14 00:00:00
2030-03-08 00:00:00;SO291948;C0013;AS002;1131;2030-04-05 00:00:00;2030-03-26 00:00:00;2030-03-12 00:00:00;2030-03-02 00:00:00
2030-03-08 00:00:00;SO360939;C0024;CS003;1332;2030-04-05 00:00:00;2030-03-27 00:00:00;2030-03-12 00:00:00;2030-03-03 00:00:00
2030-03-08 00:00:00;SO291948;C0013;CS004;799;2030-04-05 00:00:00;2030-04-06 00:00:00;2030-03-12 00:00:00;2030-03-13 00:00:00
2030-03-08 00:00:00;SO291948;C0013;CS001;1174;2030-04-05 00:00:00;2030-04-15 00:00:00;2030-03-12 00:00:00;2030-03-22 00:00:00
2030-03-08 00:00:00;SO360939;C0024;AS001;550;2030-04-05 00:00:00;2030-04-01 00:00:00;2030-03-12 00:00:00;2030-03-08 00:00:00
2030-03-08 00:00:00;SO360939;C0024;CT001;1183;2030-04-05 00:00:00;2030-03-28 00:00:00;2030-03-12 00:00:00;2030-03-04 00:00:00
2030-03-11 00:00:00;SO387709;C0017;AS003;391;2030-05-06 00:00:00;2030-05-14 00:00:00;2030-03-15 00:00:00;2030-03-23 00:00:00
2030-03-11 00:00:00;SO432540;C0020;AS003;765;2030-05-06 00:00:00;2030-05-16 00:00:00;2030-03-15 00:00:00;2030-03-25 00:00:00
2030-03-11 00:00:00;SO428603;C0001;AS004;1075;2030-04-08 00:00:00;2030-03-30 00:00:00;2030-03-13 00:00:00;2030-03-04 00:00:00
2030-03-11 00:00:00;SO387709;C0017;CL002;1194;2030-05-06 00:00:00;2030-05-06 00:00:00;2030-03-15 00:00:00;2030-03-15 00:00:00
2030-03-11 00:00:00;SO387709;C0017;VS003;1067;2030-05-06 00:00:00;2030-05-01 00:00:00;2030-03-15 00:00:00;2030-03-10 00:00:00
2030-03-11 00:00:00;SO428603;C0001;AS002;781;2030-04-08 00:00:00;2030-04-11 00:00:00;2030-03-13 00:00:00;2030-03-16 00:00:00
2030-03-11 00:00:00;SO432540;C0020;CL001;494;2030-05-06 00:00:00;2030-05-12 00:00:00;2030-03-15 00:00:00;2030-03-21 00:00:00
2030-03-11 00:00:00;SO428603;C0001;VS002;644;2030-04-08 00:00:00;2030-04-18 00:00:00;2030-03-13 00:00:00;2030-03-23 00:00:00
2030-03-11 00:00:00;SO387709;C0017;AL002;1122;2030-05-06 00:00:00;2030-05-11 00:00:00;2030-03-15 00:00:00;2030-03-20 00:00:00
2030-03-11 00:00:00;SO432540;C0020;AL002;1091;2030-05-06 00:00:00;2030-04-26 00:00:00;2030-03-15 00:00:00;2030-03-05 00:00:00
2030-03-11 00:00:00;SO428603;C0001;AL001;1095;2030-04-08 00:00:00;2030-04-13 00:00:00;2030-03-13 00:00:00;2030-03-18 00:00:00
2030-03-11 00:00:00;SO428603;C0001;AS003;548;2030-04-08 00:00:00;2030-04-02 00:00:00;2030-03-13 00:00:00;2030-03-07 00:00:00
2030-03-11 00:00:00;SO432540;C0020;VS005;497;2030-05-06 00:00:00;2030-05-02 00:00:00;2030-03-15 00:00:00;2030-03-11 00:00:00
2030-03-11 00:00:00;SO387709;C0017;AS005;962;2030-05-06 00:00:00;2030-05-09 00:00:00;2030-03-15 00:00:00;2030-03-18 00:00:00
2030-03-11 00:00:00;SO428603;C0001;VS005;732;2030-04-08 00:00:00;2030-03-30 00:00:00;2030-03-13 00:00:00;2030-03-04 00:00:00
2030-03-12 00:00:00;SO565864;C0022;CL002;527;2030-04-23 00:00:00;2030-04-14 00:00:00;2030-03-16 00:00:00;2030-03-07 00:00:00
2030-03-12 00:00:00;SO413200;C0005;CT002;741;2030-05-07 00:00:00;2030-05-06 00:00:00;2030-03-14 00:00:00;2030-03-13 00:00:00
2030-03-12 00:00:00;SO236930;C0025;CS001;332;2030-04-09 00:00:00;2030-03-30 00:00:00;2030-03-20 00:00:00;2030-03-10 00:00:00
2030-03-12 00:00:00;SO236930;C0025;AS004;809;2030-04-09 00:00:00;2030-04-13 00:00:00;2030-03-20 00:00:00;2030-03-24 00:00:00
2030-03-12 00:00:00;SO565864;C0022;AS003;1200;2030-04-23 00:00:00;2030-04-23 00:00:00;2030-03-16 00:00:00;2030-03-16 00:00:00
2030-03-12 00:00:00;SO565864;C0022;VS005;822;2030-04-23 00:00:00;2030-04-14 00:00:00;2030-03-16 00:00:00;2030-03-07 00:00:00
2030-03-12 00:00:00;SO236930;C0025;AS001;901;2030-04-09 00:00:00;2030-04-18 00:00:00;2030-03-20 00:00:00;2030-03-29 00:00:00
2030-03-12 00:00:00;SO236930;C0025;CT003;1095;2030-04-09 00:00:00;2030-04-02 00:00:00;2030-03-20 00:00:00;2030-03-13 00:00:00
2030-03-12 00:00:00;SO565864;C0022;VS002;958;2030-04-23 00:00:00;2030-05-02 00:00:00;2030-03-16 00:00:00;2030-03-25 00:00:00
2030-03-12 00:00:00;SO413200;C0005;AL001;670;2030-05-07 00:00:00;2030-05-04 00:00:00;2030-03-14 00:00:00;2030-03-11 00:00:00
2030-03-12 00:00:00;SO236930;C0025;VS002;571;2030-04-09 00:00:00;2030-04-03 00:00:00;2030-03-20 00:00:00;2030-03-14 00:00:00
2030-03-12 00:00:00;SO565864;C0022;CT003;1179;2030-04-23 00:00:00;2030-04-23 00:00:00;2030-03-16 00:00:00;2030-03-16 00:00:00
2030-03-12 00:00:00;SO236930;C0025;AT002;704;2030-04-09 00:00:00;2030-04-05 00:00:00;2030-03-20 00:00:00;2030-03-16 00:00:00
2030-03-12 00:00:00;SO413200;C0005;CS001;1312;2030-05-07 00:00:00;2030-05-10 00:00:00;2030-03-14 00:00:00;2030-03-17 00:00:00
2030-03-12 00:00:00;SO236930;C0025;VS001;695;2030-04-09 00:00:00;2030-04-10 00:00:00;2030-03-20 00:00:00;2030-03-21 00:00:00
2030-03-12 00:00:00;SO565864;C0022;CS002;364;2030-04-23 00:00:00;2030-04-14 00:00:00;2030-03-16 00:00:00;2030-03-07 00:00:00
2030-03-12 00:00:00;SO565864;C0022;AS002;899;2030-04-23 00:00:00;2030-04-16 00:00:00;2030-03-16 00:00:00;2030-03-09 00:00:00
2030-03-13 00:00:00;SO269239;C0004;CS002;678;2030-03-27 00:00:00;2030-04-03 00:00:00;2030-03-15 00:00:00;2030-03-22 00:00:00
2030-03-13 00:00:00;SO848702;C0028;CS002;397;2030-03-27 00:00:00;2030-03-18 00:00:00;2030-03-21 00:00:00;2030-03-12 00:00:00
2030-03-13 00:00:00;SO848702;C0028;AT002;1014;2030-03-27 00:00:00;2030-03-31 00:00:00;2030-03-21 00:00:00;2030-03-25 00:00:00
2030-03-13 00:00:00;SO269239;C0004;AS004;750;2030-03-27 00:00:00;2030-03-21 00:00:00;2030-03-15 00:00:00;2030-03-09 00:00:00
2030-03-13 00:00:00;SO848702;C0028;CS003;1330;2030-03-27 00:00:00;2030-03-30 00:00:00;2030-03-21 00:00:00;2030-03-24 00:00:00
2030-03-13 00:00:00;SO848702;C0028;CT003;725;2030-03-27 00:00:00;2030-03-22 00:00:00;2030-03-21 00:00:00;2030-03-16 00:00:00
2030-03-13 00:00:00;SO269239;C0004;CT003;395;2030-03-27 00:00:00;2030-03-18 00:00:00;2030-03-15 00:00:00;2030-03-06 00:00:00
2030-03-13 00:00:00;SO848702;C0028;VS003;1017;2030-03-27 00:00:00;2030-03-17 00:00:00;2030-03-21 00:00:00;2030-03-11 00:00:00
2030-03-13 00:00:00;SO269239;C0004;AS001;1488;2030-03-27 00:00:00;2030-03-31 00:00:00;2030-03-15 00:00:00;2030-03-19 00:00:00
2030-03-13 00:00:00;SO269239;C0004;VS005;851;2030-03-27 00:00:00;2030-03-18 00:00:00;2030-03-15 00:00:00;2030-03-06 00:00:00
2030-03-13 00:00:00;SO269239;C0004;CS001;660;2030-03-27 00:00:00;2030-03-28 00:00:00;2030-03-15 00:00:00;2030-03-16 00:00:00
2030-03-13 00:00:00;SO269239;C0004;CS003;1293;2030-03-27 00:00:00;2030-03-29 00:00:00;2030-03-15 00:00:00;2030-03-17 00:00:00
2030-03-13 00:00:00;SO269239;C0004;AL002;950;2030-03-27 00:00:00;2030-03-28 00:00:00;2030-03-15 00:00:00;2030-03-16 00:00:00
2030-03-14 00:00:00;SO292042;C0029;AT001;772;2030-05-09 00:00:00;2030-05-12 00:00:00;2030-03-22 00:00:00;2030-03-25 00:00:00
2030-03-14 00:00:00;SO987190;C0002;CT002;416;2030-04-18 00:00:00;2030-04-24 00:00:00;2030-03-16 00:00:00;2030-03-22 00:00:00
2030-03-14 00:00:00;SO264382;C0011;VS001;439;2030-04-18 00:00:00;2030-04-12 00:00:00;2030-03-17 00:00:00;2030-03-11 00:00:00
2030-03-14 00:00:00;SO300640;C0018;CS002;1038;2030-05-16 00:00:00;2030-05-25 00:00:00;2030-03-18 00:00:00;2030-03-27 00:00:00
2030-03-14 00:00:00;SO264382;C0011;AT001;1171;2030-04-18 00:00:00;2030-04-20 00:00:00;2030-03-17 00:00:00;2030-03-19 00:00:00
2030-03-14 00:00:00;SO292042;C0029;CS003;972;2030-05-09 00:00:00;2030-05-16 00:00:00;2030-03-22 00:00:00;2030-03-29 00:00:00
2030-03-14 00:00:00;SO264382;C0011;AS001;711;2030-04-18 00:00:00;2030-04-28 00:00:00;2030-03-17 00:00:00;2030-03-27 00:00:00
2030-03-14 00:00:00;SO292042;C0029;VS002;437;2030-05-09 00:00:00;2030-04-29 00:00:00;2030-03-22 00:00:00;2030-03-12 00:00:00
2030-03-14 00:00:00;SO264382;C0011;AS005;480;2030-04-18 00:00:00;2030-04-19 00:00:00;2030-03-17 00:00:00;2030-03-18 00:00:00
2030-03-14 00:00:00;SO300640;C0018;AS002;1304;2030-05-16 00:00:00;2030-05-19 00:00:00;2030-03-18 00:00:00;2030-03-21 00:00:00
2030-03-14 00:00:00;SO987190;C0002;AS001;413;2030-04-18 00:00:00;2030-04-24 00:00:00;2030-03-16 00:00:00;2030-03-22 00:00:00
2030-03-14 00:00:00;SO987190;C0002;AL002;575;2030-04-18 00:00:00;2030-04-20 00:00:00;2030-03-16 00:00:00;2030-03-18 00:00:00
2030-03-14 00:00:00;SO292042;C0029;AL001;454;2030-05-09 00:00:00;2030-05-16 00:00:00;2030-03-22 00:00:00;2030-03-29 00:00:00
2030-03-14 00:00:00;SO292042;C0029;CL001;940;2030-05-09 00:00:00;2030-05-11 00:00:00;2030-03-22 00:00:00;2030-03-24 00:00:00
2030-03-15 00:00:00;SO651510;C0006;VS005;1064;2030-05-17 00:00:00;2030-05-23 00:00:00;2030-03-17 00:00:00;2030-03-23 00:00:00
2030-03-15 00:00:00;SO939244;C0018;AT002;840;2030-05-17 00:00:00;2030-05-14 00:00:00;2030-03-19 00:00:00;2030-03-16 00:00:00
2030-03-15 00:00:00;SO939244;C0018;CS001;542;2030-05-17 00:00:00;2030-05-26 00:00:00;2030-03-19 00:00:00;2030-03-28 00:00:00
2030-03-15 00:00:00;SO939244;C0018;CS004;1290;2030-05-17 00:00:00;2030-05-11 00:00:00;2030-03-19 00:00:00;2030-03-13 00:00:00
2030-03-15 00:00:00;SO651510;C0006;CL001;343;2030-05-17 00:00:00;2030-05-11 00:00:00;2030-03-17 00:00:00;2030-03-11 00:00:00
2030-03-15 00:00:00;SO939244;C0018;CS002;594;2030-05-17 00:00:00;2030-05-27 00:00:00;2030-03-19 00:00:00;2030-03-29 00:00:00
2030-03-15 00:00:00;SO651510;C0006;AL001;1429;2030-05-17 00:00:00;2030-05-10 00:00:00;2030-03-17 00:00:00;2030-03-10 00:00:00
2030-03-15 00:00:00;SO651510;C0006;CS002;1013;2030-05-17 00:00:00;2030-05-09 00:00:00;2030-03-17 00:00:00;2030-03-09 00:00:00
2030-03-15 00:00:00;SO939244;C0018;AT001;817;2030-05-17 00:00:00;2030-05-26 00:00:00;2030-03-19 00:00:00;2030-03-28 00:00:00
2030-03-15 00:00:00;SO939244;C0018;CL002;1032;2030-05-17 00:00:00;2030-05-09 00:00:00;2030-03-19 00:00:00;2030-03-11 00:00:00
2030-03-15 00:00:00;SO651510;C0006;CT001;999;2030-05-17 00:00:00;2030-05-08 00:00:00;2030-03-17 00:00:00;2030-03-08 00:00:00
2030-03-15 00:00:00;SO939244;C0018;CL001;906;2030-05-17 00:00:00;2030-05-07 00:00:00;2030-03-19 00:00:00;2030-03-09 00:00:00
2030-03-15 00:00:00;SO939244;C0018;CS003;469;2030-05-17 00:00:00;2030-05-18 00:00:00;2030-03-19 00:00:00;2030-03-20 00:00:00
2030-03-15 00:00:00;SO939244;C0018;VS005;730;2030-05-17 00:00:00;2030-05-10 00:00:00;2030-03-19 00:00:00;2030-03-12 00:00:00
2030-03-15 00:00:00;SO651510;C0006;VS001;593;2030-05-17 00:00:00;2030-05-16 00:00:00;2030-03-17 00:00:00;2030-03-16 00:00:00
2030-03-15 00:00:00;SO651510;C0006;AS002;697;2030-05-17 00:00:00;2030-05-08 00:00:00;2030-03-17 00:00:00;2030-03-08 00:00:00
2030-03-15 00:00:00;SO939244;C0018;CT002;1016;2030-05-17 00:00:00;2030-05-21 00:00:00;2030-03-19 00:00:00;2030-03-23 00:00:00
2030-03-15 00:00:00;SO651510;C0006;AT002;1462;2030-05-17 00:00:00;2030-05-24 00:00:00;2030-03-17 00:00:00;2030-03-24 00:00:00
2030-03-15 00:00:00;SO651510;C0006;AS005;940;2030-05-17 00:00:00;2030-05-16 00:00:00;2030-03-17 00:00:00;2030-03-16 00:00:00
2030-03-15 00:00:00;SO651510;C0006;CT003;799;2030-05-17 00:00:00;2030-05-10 00:00:00;2030-03-17 00:00:00;2030-03-10 00:00:00
2030-03-18 00:00:00;SO175076;C0030;AT002;1117;2030-05-20 00:00:00;2030-05-23 00:00:00;2030-03-26 00:00:00;2030-03-29 00:00:00
2030-03-18 00:00:00;SO612469;C0004;CL002;961;2030-04-01 00:00:00;2030-04-07 00:00:00;2030-03-20 00:00:00;2030-03-26 00:00:00
2030-03-18 00:00:00;SO612469;C0004;AS002;572;2030-04-01 00:00:00;2030-04-03 00:00:00;2030-03-20 00:00:00;2030-03-22 00:00:00
2030-03-18 00:00:00;SO612469;C0004;CS004;1126;2030-04-01 00:00:00;2030-03-26 00:00:00;2030-03-20 00:00:00;2030-03-14 00:00:00
2030-03-18 00:00:00;SO175076;C0030;AS003;999;2030-05-20 00:00:00;2030-05-11 00:00:00;2030-03-26 00:00:00;2030-03-17 00:00:00
2030-03-18 00:00:00;SO612469;C0004;AL001;512;2030-04-01 00:00:00;2030-04-07 00:00:00;2030-03-20 00:00:00;2030-03-26 00:00:00
2030-03-18 00:00:00;SO612469;C0004;AS004;892;2030-04-01 00:00:00;2030-03-31 00:00:00;2030-03-20 00:00:00;2030-03-19 00:00:00
2030-03-18 00:00:00;SO175076;C0030;CL002;599;2030-05-20 00:00:00;2030-05-27 00:00:00;2030-03-26 00:00:00;2030-04-02 00:00:00
2030-03-18 00:00:00;SO175076;C0030;AS005;865;2030-05-20 00:00:00;2030-05-19 00:00:00;2030-03-26 00:00:00;2030-03-25 00:00:00
2030-03-18 00:00:00;SO175076;C0030;VS005;513;2030-05-20 00:00:00;2030-05-18 00:00:00;2030-03-26 00:00:00;2030-03-24 00:00:00
2030-03-18 00:00:00;SO175076;C0030;AS001;294;2030-05-20 00:00:00;2030-05-14 00:00:00;2030-03-26 00:00:00;2030-03-20 00:00:00
2030-03-18 00:00:00;SO175076;C0030;VS002;512;2030-05-20 00:00:00;2030-05-30 00:00:00;2030-03-26 00:00:00;2030-04-05 00:00:00
2030-03-18 00:00:00;SO175076;C0030;CT001;1028;2030-05-20 00:00:00;2030-05-28 00:00:00;2030-03-26 00:00:00;2030-04-03 00:00:00
2030-03-18 00:00:00;SO175076;C0030;AL002;1138;2030-05-20 00:00:00;2030-05-18 00:00:00;2030-03-26 00:00:00;2030-03-24 00:00:00
2030-03-18 00:00:00;SO612469;C0004;AS001;552;2030-04-01 00:00:00;2030-04-03 00:00:00;2030-03-20 00:00:00;2030-03-22 00:00:00
2030-03-18 00:00:00;SO612469;C0004;CT003;704;2030-04-01 00:00:00;2030-03-26 00:00:00;2030-03-20 00:00:00;2030-03-14 00:00:00
2030-03-18 00:00:00;SO175076;C0030;CS004;468;2030-05-20 00:00:00;2030-05-25 00:00:00;2030-03-26 00:00:00;2030-03-31 00:00:00
2030-03-18 00:00:00;SO612469;C0004;CS001;575;2030-04-01 00:00:00;2030-03-22 00:00:00;2030-03-20 00:00:00;2030-03-10 00:00:00
2030-03-19 00:00:00;SO947939;C0012;VS002;835;2030-04-16 00:00:00;2030-04-17 00:00:00;2030-03-22 00:00:00;2030-03-23 00:00:00
2030-03-19 00:00:00;SO183004;C0017;CS003;482;2030-05-14 00:00:00;2030-05-20 00:00:00;2030-03-23 00:00:00;2030-03-29 00:00:00
2030-03-19 00:00:00;SO453509;C0013;CT003;745;2030-04-16 00:00:00;2030-04-15 00:00:00;2030-03-23 00:00:00;2030-03-22 00:00:00
2030-03-19 00:00:00;SO555872;C0006;AS004;1045;2030-05-21 00:00:00;2030-05-29 00:00:00;2030-03-21 00:00:00;2030-03-29 00:00:00
2030-03-19 00:00:00;SO947939;C0012;CT001;405;2030-04-16 00:00:00;2030-04-16 00:00:00;2030-03-22 00:00:00;2030-03-22 00:00:00
2030-03-19 00:00:00;SO555872;C0006;AS003;512;2030-05-21 00:00:00;2030-05-21 00:00:00;2030-03-21 00:00:00;2030-03-21 00:00:00
2030-03-19 00:00:00;SO947939;C0012;CS002;575;2030-04-16 00:00:00;2030-04-21 00:00:00;2030-03-22 00:00:00;2030-03-27 00:00:00
2030-03-19 00:00:00;SO555872;C0006;VS002;504;2030-05-21 00:00:00;2030-05-30 00:00:00;2030-03-21 00:00:00;2030-03-30 00:00:00
2030-03-19 00:00:00;SO947939;C0012;CT002;1063;2030-04-16 00:00:00;2030-04-17 00:00:00;2030-03-22 00:00:00;2030-03-23 00:00:00
2030-03-19 00:00:00;SO555872;C0006;CS002;868;2030-05-21 00:00:00;2030-05-18 00:00:00;2030-03-21 00:00:00;2030-03-18 00:00:00
2030-03-19 00:00:00;SO555872;C0006;CL002;1159;2030-05-21 00:00:00;2030-05-15 00:00:00;2030-03-21 00:00:00;2030-03-15 00:00:00
2030-03-19 00:00:00;SO183004;C0017;AL001;1378;2030-05-14 00:00:00;2030-05-11 00:00:00;2030-03-23 00:00:00;2030-03-20 00:00:00
2030-03-19 00:00:00;SO453509;C0013;VS005;545;2030-04-16 00:00:00;2030-04-10 00:00:00;2030-03-23 00:00:00;2030-03-17 00:00:00
2030-03-19 00:00:00;SO947939;C0012;CL002;901;2030-04-16 00:00:00;2030-04-08 00:00:00;2030-03-22 00:00:00;2030-03-14 00:00:00
2030-03-19 00:00:00;SO947939;C0012;CS003;836;2030-04-16 00:00:00;2030-04-24 00:00:00;2030-03-22 00:00:00;2030-03-30 00:00:00
2030-03-19 00:00:00;SO453509;C0013;CS003;1130;2030-04-16 00:00:00;2030-04-20 00:00:00;2030-03-23 00:00:00;2030-03-27 00:00:00
2030-03-19 00:00:00;SO555872;C0006;VS001;1153;2030-05-21 00:00:00;2030-05-25 00:00:00;2030-03-21 00:00:00;2030-03-25 00:00:00
2030-03-19 00:00:00;SO555872;C0006;CS001;1253;2030-05-21 00:00:00;2030-05-13 00:00:00;2030-03-21 00:00:00;2030-03-13 00:00:00
2030-03-20 00:00:00;SO507285;C0002;AS001;1135;2030-04-24 00:00:00;2030-04-19 00:00:00;2030-03-22 00:00:00;2030-03-17 00:00:00
2030-03-20 00:00:00;SO382704;C0012;CS003;780;2030-04-17 00:00:00;2030-04-08 00:00:00;2030-03-23 00:00:00;2030-03-14 00:00:00
2030-03-20 00:00:00;SO420835;C0030;AL001;766;2030-05-22 00:00:00;2030-05-29 00:00:00;2030-03-28 00:00:00;2030-04-04 00:00:00
2030-03-20 00:00:00;SO823247;C0007;CL002;310;2030-05-22 00:00:00;2030-05-30 00:00:00;2030-03-23 00:00:00;2030-03-31 00:00:00
2030-03-20 00:00:00;SO507285;C0002;AL002;1496;2030-04-24 00:00:00;2030-04-22 00:00:00;2030-03-22 00:00:00;2030-03-20 00:00:00
2030-03-20 00:00:00;SO382704;C0012;CS001;372;2030-04-17 00:00:00;2030-04-23 00:00:00;2030-03-23 00:00:00;2030-03-29 00:00:00
2030-03-20 00:00:00;SO382704;C0012;CL002;626;2030-04-17 00:00:00;2030-04-15 00:00:00;2030-03-23 00:00:00;2030-03-21 00:00:00
2030-03-20 00:00:00;SO507285;C0002;AT001;1105;2030-04-24 00:00:00;2030-05-02 00:00:00;2030-03-22 00:00:00;2030-03-30 00:00:00
2030-03-20 00:00:00;SO420835;C0030;VS002;1027;2030-05-22 00:00:00;2030-05-16 00:00:00;2030-03-28 00:00:00;2030-03-22 00:00:00
2030-03-20 00:00:00;SO507285;C0002;CS001;1053;2030-04-24 00:00:00;2030-04-22 00:00:00;2030-03-22 00:00:00;2030-03-20 00:00:00
2030-03-20 00:00:00;SO420835;C0030;AT001;770;2030-05-22 00:00:00;2030-05-27 00:00:00;2030-03-28 00:00:00;2030-04-02 00:00:00
2030-03-20 00:00:00;SO420835;C0030;AT002;1116;2030-05-22 00:00:00;2030-05-14 00:00:00;2030-03-28 00:00:00;2030-03-20 00:00:00
2030-03-20 00:00:00;SO823247;C0007;AS001;701;2030-05-22 00:00:00;2030-05-15 00:00:00;2030-03-23 00:00:00;2030-03-16 00:00:00
2030-03-20 00:00:00;SO507285;C0002;AL001;691;2030-04-24 00:00:00;2030-05-03 00:00:00;2030-03-22 00:00:00;2030-03-31 00:00:00
2030-03-20 00:00:00;SO382704;C0012;AL001;320;2030-04-17 00:00:00;2030-04-15 00:00:00;2030-03-23 00:00:00;2030-03-21 00:00:00
2030-03-20 00:00:00;SO823247;C0007;AT002;1149;2030-05-22 00:00:00;2030-05-23 00:00:00;2030-03-23 00:00:00;2030-03-24 00:00:00
2030-03-20 00:00:00;SO823247;C0007;CS003;586;2030-05-22 00:00:00;2030-05-18 00:00:00;2030-03-23 00:00:00;2030-03-19 00:00:00
2030-03-20 00:00:00;SO420835;C0030;AL002;776;2030-05-22 00:00:00;2030-05-20 00:00:00;2030-03-28 00:00:00;2030-03-26 00:00:00
2030-03-21 00:00:00;SO653832;C0019;AS002;1036;2030-05-23 00:00:00;2030-06-02 00:00:00;2030-03-25 00:00:00;2030-04-04 00:00:00
2030-03-21 00:00:00;SO494359;C0021;CS002;1500;2030-04-04 00:00:00;2030-03-26 00:00:00;2030-03-25 00:00:00;2030-03-16 00:00:00
2030-03-21 00:00:00;SO144734;C0003;AS003;552;2030-05-02 00:00:00;2030-04-29 00:00:00;2030-03-23 00:00:00;2030-03-20 00:00:00
2030-03-21 00:00:00;SO653832;C0019;AT001;752;2030-05-23 00:00:00;2030-06-01 00:00:00;2030-03-25 00:00:00;2030-04-03 00:00:00
2030-03-21 00:00:00;SO653832;C0019;AS004;1050;2030-05-23 00:00:00;2030-05-23 00:00:00;2030-03-25 00:00:00;2030-03-25 00:00:00
2030-03-21 00:00:00;SO653832;C0019;CS003;1080;2030-05-23 00:00:00;2030-05-13 00:00:00;2030-03-25 00:00:00;2030-03-15 00:00:00
2030-03-21 00:00:00;SO144734;C0003;AL002;917;2030-05-02 00:00:00;2030-05-04 00:00:00;2030-03-23 00:00:00;2030-03-25 00:00:00
2030-03-21 00:00:00;SO494359;C0021;CS004;1168;2030-04-04 00:00:00;2030-04-01 00:00:00;2030-03-25 00:00:00;2030-03-22 00:00:00
2030-03-21 00:00:00;SO144734;C0003;AS002;1167;2030-05-02 00:00:00;2030-05-01 00:00:00;2030-03-23 00:00:00;2030-03-22 00:00:00
2030-03-21 00:00:00;SO653832;C0019;CS002;457;2030-05-23 00:00:00;2030-05-31 00:00:00;2030-03-25 00:00:00;2030-04-02 00:00:00
2030-03-21 00:00:00;SO144734;C0003;AL001;927;2030-05-02 00:00:00;2030-05-09 00:00:00;2030-03-23 00:00:00;2030-03-30 00:00:00
2030-03-21 00:00:00;SO653832;C0019;CS004;1052;2030-05-23 00:00:00;2030-05-28 00:00:00;2030-03-25 00:00:00;2030-03-30 00:00:00
2030-03-21 00:00:00;SO144734;C0003;VS002;999;2030-05-02 00:00:00;2030-04-23 00:00:00;2030-03-23 00:00:00;2030-03-14 00:00:00
2030-03-21 00:00:00;SO653832;C0019;AT002;364;2030-05-23 00:00:00;2030-05-29 00:00:00;2030-03-25 00:00:00;2030-03-31 00:00:00
2030-03-21 00:00:00;SO494359;C0021;CL001;734;2030-04-04 00:00:00;2030-04-12 00:00:00;2030-03-25 00:00:00;2030-04-02 00:00:00
2030-03-21 00:00:00;SO494359;C0021;VS001;824;2030-04-04 00:00:00;2030-04-06 00:00:00;2030-03-25 00:00:00;2030-03-27 00:00:00
2030-03-21 00:00:00;SO144734;C0003;VS003;824;2030-05-02 00:00:00;2030-05-08 00:00:00;2030-03-23 00:00:00;2030-03-29 00:00:00
2030-03-21 00:00:00;SO653832;C0019;CT001;804;2030-05-23 00:00:00;2030-05-19 00:00:00;2030-03-25 00:00:00;2030-03-21 00:00:00
2030-03-22 00:00:00;SO678836;C0017;CS003;412;2030-05-17 00:00:00;2030-05-08 00:00:00;2030-03-26 00:00:00;2030-03-17 00:00:00
2030-03-22 00:00:00;SO669041;C0013;CL002;557;2030-04-19 00:00:00;2030-04-10 00:00:00;2030-03-26 00:00:00;2030-03-17 00:00:00
2030-03-22 00:00:00;SO462861;C0024;CS002;420;2030-04-19 00:00:00;2030-04-21 00:00:00;2030-03-26 00:00:00;2030-03-28 00:00:00
2030-03-22 00:00:00;SO653175;C0003;CT003;772;2030-05-03 00:00:00;2030-05-09 00:00:00;2030-03-24 00:00:00;2030-03-30 00:00:00
2030-03-22 00:00:00;SO678836;C0017;CS004;885;2030-05-17 00:00:00;2030-05-20 00:00:00;2030-03-26 00:00:00;2030-03-29 00:00:00
2030-03-22 00:00:00;SO462861;C0024;AL002;434;2030-04-19 00:00:00;2030-04-22 00:00:00;2030-03-26 00:00:00;2030-03-29 00:00:00
2030-03-22 00:00:00;SO669041;C0013;AS001;766;2030-04-19 00:00:00;2030-04-16 00:00:00;2030-03-26 00:00:00;2030-03-23 00:00:00
2030-03-22 00:00:00;SO462861;C0024;VS002;332;2030-04-19 00:00:00;2030-04-09 00:00:00;2030-03-26 00:00:00;2030-03-16 00:00:00
2030-03-22 00:00:00;SO669041;C0013;CS003;843;2030-04-19 00:00:00;2030-04-26 00:00:00;2030-03-26 00:00:00;2030-04-02 00:00:00
2030-03-22 00:00:00;SO653175;C0003;CS001;611;2030-05-03 00:00:00;2030-04-24 00:00:00;2030-03-24 00:00:00;2030-03-15 00:00:00
2030-03-22 00:00:00;SO653175;C0003;VS003;549;2030-05-03 00:00:00;2030-04-24 00:00:00;2030-03-24 00:00:00;2030-03-15 00:00:00
2030-03-22 00:00:00;SO678836;C0017;CT001;1164;2030-05-17 00:00:00;2030-05-12 00:00:00;2030-03-26 00:00:00;2030-03-21 00:00:00
2030-03-22 00:00:00;SO653175;C0003;VS002;706;2030-05-03 00:00:00;2030-04-30 00:00:00;2030-03-24 00:00:00;2030-03-21 00:00:00
2030-03-22 00:00:00;SO653175;C0003;AS002;1130;2030-05-03 00:00:00;2030-05-05 00:00:00;2030-03-24 00:00:00;2030-03-26 00:00:00
2030-03-25 00:00:00;SO860663;C0017;VS002;1034;2030-05-20 00:00:00;2030-05-21 00:00:00;2030-03-29 00:00:00;2030-03-30 00:00:00
2030-03-25 00:00:00;SO884749;C0015;AL002;1021;2030-05-06 00:00:00;2030-04-29 00:00:00;2030-03-29 00:00:00;2030-03-22 00:00:00
2030-03-25 00:00:00;SO884749;C0015;VS001;699;2030-05-06 00:00:00;2030-05-08 00:00:00;2030-03-29 00:00:00;2030-03-31 00:00:00
2030-03-25 00:00:00;SO860663;C0017;CS004;1004;2030-05-20 00:00:00;2030-05-30 00:00:00;2030-03-29 00:00:00;2030-04-08 00:00:00
2030-03-25 00:00:00;SO884749;C0015;CS003;975;2030-05-06 00:00:00;2030-05-12 00:00:00;2030-03-29 00:00:00;2030-04-04 00:00:00
2030-03-25 00:00:00;SO884749;C0015;VS002;1337;2030-05-06 00:00:00;2030-05-15 00:00:00;2030-03-29 00:00:00;2030-04-07 00:00:00
2030-03-25 00:00:00;SO884749;C0015;AS005;1124;2030-05-06 00:00:00;2030-05-01 00:00:00;2030-03-29 00:00:00;2030-03-24 00:00:00
2030-03-25 00:00:00;SO860663;C0017;CT003;960;2030-05-20 00:00:00;2030-05-19 00:00:00;2030-03-29 00:00:00;2030-03-28 00:00:00
2030-03-25 00:00:00;SO884749;C0015;AL001;453;2030-05-06 00:00:00;2030-05-15 00:00:00;2030-03-29 00:00:00;2030-04-07 00:00:00
2030-03-25 00:00:00;SO860663;C0017;AT001;1028;2030-05-20 00:00:00;2030-05-21 00:00:00;2030-03-29 00:00:00;2030-03-30 00:00:00
2030-03-25 00:00:00;SO860663;C0017;AT002;899;2030-05-20 00:00:00;2030-05-27 00:00:00;2030-03-29 00:00:00;2030-04-05 00:00:00
2030-03-25 00:00:00;SO860663;C0017;CS003;929;2030-05-20 00:00:00;2030-05-23 00:00:00;2030-03-29 00:00:00;2030-04-01 00:00:00
2030-03-26 00:00:00;SO323789;C0016;AS002;469;2030-04-09 00:00:00;2030-04-17 00:00:00;2030-03-30 00:00:00;2030-04-07 00:00:00
2030-03-26 00:00:00;SO855067;C0027;VS001;1391;2030-05-07 00:00:00;2030-05-16 00:00:00;2030-04-03 00:00:00;2030-04-12 00:00:00
2030-03-26 00:00:00;SO996630;C0017;CS001;1326;2030-05-21 00:00:00;2030-05-11 00:00:00;2030-03-30 00:00:00;2030-03-20 00:00:00
2030-03-26 00:00:00;SO996630;C0017;AS001;1032;2030-05-21 00:00:00;2030-05-29 00:00:00;2030-03-30 00:00:00;2030-04-07 00:00:00
2030-03-26 00:00:00;SO855067;C0027;CS002;1163;2030-05-07 00:00:00;2030-05-02 00:00:00;2030-04-03 00:00:00;2030-03-29 00:00:00
2030-03-26 00:00:00;SO855067;C0027;CS004;526;2030-05-07 00:00:00;2030-05-12 00:00:00;2030-04-03 00:00:00;2030-04-08 00:00:00
2030-03-26 00:00:00;SO996630;C0017;AS003;1057;2030-05-21 00:00:00;2030-05-24 00:00:00;2030-03-30 00:00:00;2030-04-02 00:00:00
2030-03-26 00:00:00;SO996630;C0017;VS003;781;2030-05-21 00:00:00;2030-05-30 00:00:00;2030-03-30 00:00:00;2030-04-08 00:00:00
2030-03-26 00:00:00;SO996630;C0017;CS002;1089;2030-05-21 00:00:00;2030-05-29 00:00:00;2030-03-30 00:00:00;2030-04-07 00:00:00
2030-03-26 00:00:00;SO855067;C0027;CT001;1106;2030-05-07 00:00:00;2030-05-11 00:00:00;2030-04-03 00:00:00;2030-04-07 00:00:00
2030-03-26 00:00:00;SO855067;C0027;CL002;1106;2030-05-07 00:00:00;2030-04-28 00:00:00;2030-04-03 00:00:00;2030-03-25 00:00:00
2030-03-26 00:00:00;SO855067;C0027;AS002;859;2030-05-07 00:00:00;2030-05-04 00:00:00;2030-04-03 00:00:00;2030-03-31 00:00:00
2030-03-26 00:00:00;SO323789;C0016;AS005;758;2030-04-09 00:00:00;2030-04-16 00:00:00;2030-03-30 00:00:00;2030-04-06 00:00:00
2030-03-26 00:00:00;SO996630;C0017;AS005;835;2030-05-21 00:00:00;2030-05-16 00:00:00;2030-03-30 00:00:00;2030-03-25 00:00:00
2030-03-26 00:00:00;SO996630;C0017;VS002;1021;2030-05-21 00:00:00;2030-05-13 00:00:00;2030-03-30 00:00:00;2030-03-22 00:00:00
2030-03-26 00:00:00;SO855067;C0027;AT001;1083;2030-05-07 00:00:00;2030-05-03 00:00:00;2030-04-03 00:00:00;2030-03-30 00:00:00
2030-03-26 00:00:00;SO323789;C0016;VS005;480;2030-04-09 00:00:00;2030-04-12 00:00:00;2030-03-30 00:00:00;2030-04-02 00:00:00
2030-03-27 00:00:00;SO275001;C0026;AT002;615;2030-05-01 00:00:00;2030-05-03 00:00:00;2030-04-04 00:00:00;2030-04-06 00:00:00
2030-03-27 00:00:00;SO442994;C0003;AS004;1306;2030-05-08 00:00:00;2030-05-06 00:00:00;2030-03-29 00:00:00;2030-03-27 00:00:00
2030-03-27 00:00:00;SO670090;C0025;VS002;1041;2030-04-24 00:00:00;2030-04-26 00:00:00;2030-04-04 00:00:00;2030-04-06 00:00:00
2030-03-27 00:00:00;SO670090;C0025;AS003;353;2030-04-24 00:00:00;2030-04-21 00:00:00;2030-04-04 00:00:00;2030-04-01 00:00:00
2030-03-27 00:00:00;SO670090;C0025;CS003;497;2030-04-24 00:00:00;2030-05-03 00:00:00;2030-04-04 00:00:00;2030-04-13 00:00:00
2030-03-27 00:00:00;SO670090;C0025;VS005;570;2030-04-24 00:00:00;2030-04-21 00:00:00;2030-04-04 00:00:00;2030-04-01 00:00:00
2030-03-27 00:00:00;SO442994;C0003;VS003;1266;2030-05-08 00:00:00;2030-05-04 00:00:00;2030-03-29 00:00:00;2030-03-25 00:00:00
2030-03-27 00:00:00;SO670090;C0025;CT001;986;2030-04-24 00:00:00;2030-04-28 00:00:00;2030-04-04 00:00:00;2030-04-08 00:00:00
2030-03-27 00:00:00;SO442994;C0003;CS003;1175;2030-05-08 00:00:00;2030-05-03 00:00:00;2030-03-29 00:00:00;2030-03-24 00:00:00
2030-03-27 00:00:00;SO442994;C0003;CS002;699;2030-05-08 00:00:00;2030-05-15 00:00:00;2030-03-29 00:00:00;2030-04-05 00:00:00
2030-03-27 00:00:00;SO670090;C0025;VS001;699;2030-04-24 00:00:00;2030-05-01 00:00:00;2030-04-04 00:00:00;2030-04-11 00:00:00
2030-03-27 00:00:00;SO670090;C0025;AL002;1130;2030-04-24 00:00:00;2030-04-24 00:00:00;2030-04-04 00:00:00;2030-04-04 00:00:00
2030-03-27 00:00:00;SO275001;C0026;AS005;777;2030-05-01 00:00:00;2030-04-22 00:00:00;2030-04-04 00:00:00;2030-03-26 00:00:00
2030-03-27 00:00:00;SO275001;C0026;AL001;840;2030-05-01 00:00:00;2030-04-27 00:00:00;2030-04-04 00:00:00;2030-03-31 00:00:00
2030-03-28 00:00:00;SO321619;C0002;CS003;725;2030-05-02 00:00:00;2030-04-25 00:00:00;2030-03-30 00:00:00;2030-03-23 00:00:00
2030-03-28 00:00:00;SO780058;C0013;CS002;1236;2030-04-25 00:00:00;2030-04-28 00:00:00;2030-04-01 00:00:00;2030-04-04 00:00:00
2030-03-28 00:00:00;SO288293;C0017;CS002;578;2030-05-23 00:00:00;2030-05-13 00:00:00;2030-04-01 00:00:00;2030-03-22 00:00:00
2030-03-28 00:00:00;SO288293;C0017;CT001;349;2030-05-23 00:00:00;2030-05-14 00:00:00;2030-04-01 00:00:00;2030-03-23 00:00:00
2030-03-28 00:00:00;SO780058;C0013;CS004;822;2030-04-25 00:00:00;2030-04-29 00:00:00;2030-04-01 00:00:00;2030-04-05 00:00:00
2030-03-28 00:00:00;SO780058;C0013;CT001;420;2030-04-25 00:00:00;2030-04-28 00:00:00;2030-04-01 00:00:00;2030-04-04 00:00:00
2030-03-28 00:00:00;SO321619;C0002;AS005;1253;2030-05-02 00:00:00;2030-05-06 00:00:00;2030-03-30 00:00:00;2030-04-03 00:00:00
2030-03-28 00:00:00;SO288293;C0017;AS003;1192;2030-05-23 00:00:00;2030-05-16 00:00:00;2030-04-01 00:00:00;2030-03-25 00:00:00
2030-03-28 00:00:00;SO321619;C0002;CS002;1141;2030-05-02 00:00:00;2030-05-07 00:00:00;2030-03-30 00:00:00;2030-04-04 00:00:00
2030-03-28 00:00:00;SO780058;C0013;AS005;961;2030-04-25 00:00:00;2030-04-24 00:00:00;2030-04-01 00:00:00;2030-03-31 00:00:00
2030-03-28 00:00:00;SO321619;C0002;VS001;883;2030-05-02 00:00:00;2030-05-06 00:00:00;2030-03-30 00:00:00;2030-04-03 00:00:00
2030-03-28 00:00:00;SO288293;C0017;VS002;1089;2030-05-23 00:00:00;2030-05-17 00:00:00;2030-04-01 00:00:00;2030-03-26 00:00:00
2030-03-28 00:00:00;SO321619;C0002;AS002;1207;2030-05-02 00:00:00;2030-05-04 00:00:00;2030-03-30 00:00:00;2030-04-01 00:00:00
2030-03-28 00:00:00;SO780058;C0013;AS003;1190;2030-04-25 00:00:00;2030-04-22 00:00:00;2030-04-01 00:00:00;2030-03-29 00:00:00
2030-03-28 00:00:00;SO321619;C0002;AL001;693;2030-05-02 00:00:00;2030-05-08 00:00:00;2030-03-30 00:00:00;2030-04-05 00:00:00
2030-03-29 00:00:00;SO158086;C0027;CS002;480;2030-05-10 00:00:00;2030-05-08 00:00:00;2030-04-06 00:00:00;2030-04-04 00:00:00
2030-03-29 00:00:00;SO897516;C0009;AS001;837;2030-04-12 00:00:00;2030-04-19 00:00:00;2030-04-01 00:00:00;2030-04-08 00:00:00
2030-03-29 00:00:00;SO608570;C0020;AT002;677;2030-05-24 00:00:00;2030-05-28 00:00:00;2030-04-02 00:00:00;2030-04-06 00:00:00
2030-03-29 00:00:00;SO608570;C0020;VS002;1175;2030-05-24 00:00:00;2030-05-22 00:00:00;2030-04-02 00:00:00;2030-03-31 00:00:00
2030-03-29 00:00:00;SO608570;C0020;CL001;999;2030-05-24 00:00:00;2030-05-21 00:00:00;2030-04-02 00:00:00;2030-03-30 00:00:00
2030-03-29 00:00:00;SO897516;C0009;VS003;802;2030-04-12 00:00:00;2030-04-04 00:00:00;2030-04-01 00:00:00;2030-03-24 00:00:00
2030-03-29 00:00:00;SO158086;C0027;AS005;872;2030-05-10 00:00:00;2030-05-20 00:00:00;2030-04-06 00:00:00;2030-04-16 00:00:00
2030-03-29 00:00:00;SO158086;C0027;CS003;994;2030-05-10 00:00:00;2030-05-04 00:00:00;2030-04-06 00:00:00;2030-03-31 00:00:00
2030-03-29 00:00:00;SO608570;C0020;AL001;994;2030-05-24 00:00:00;2030-05-29 00:00:00;2030-04-02 00:00:00;2030-04-07 00:00:00
2030-03-29 00:00:00;SO608570;C0020;VS003;491;2030-05-24 00:00:00;2030-05-31 00:00:00;2030-04-02 00:00:00;2030-04-09 00:00:00
2030-03-29 00:00:00;SO897516;C0009;CT003;1160;2030-04-12 00:00:00;2030-04-06 00:00:00;2030-04-01 00:00:00;2030-03-26 00:00:00
2030-03-29 00:00:00;SO158086;C0027;VS001;696;2030-05-10 00:00:00;2030-05-03 00:00:00;2030-04-06 00:00:00;2030-03-30 00:00:00
2030-03-29 00:00:00;SO897516;C0009;AS003;1109;2030-04-12 00:00:00;2030-04-22 00:00:00;2030-04-01 00:00:00;2030-04-11 00:00:00
2030-03-29 00:00:00;SO608570;C0020;AL002;1080;2030-05-24 00:00:00;2030-06-01 00:00:00;2030-04-02 00:00:00;2030-04-10 00:00:00
2030-03-29 00:00:00;SO158086;C0027;VS005;1219;2030-05-10 00:00:00;2030-05-14 00:00:00;2030-04-06 00:00:00;2030-04-10 00:00:00
2030-03-29 00:00:00;SO897516;C0009;CT001;468;2030-04-12 00:00:00;2030-04-13 00:00:00;2030-04-01 00:00:00;2030-04-02 00:00:00
2030-03-29 00:00:00;SO158086;C0027;CT002;508;2030-05-10 00:00:00;2030-05-09 00:00:00;2030-04-06 00:00:00;2030-04-05 00:00:00
2030-03-29 00:00:00;SO158086;C0027;CS004;777;2030-05-10 00:00:00;2030-05-03 00:00:00;2030-04-06 00:00:00;2030-03-30 00:00:00
2030-03-29 00:00:00;SO158086;C0027;AL002;493;2030-05-10 00:00:00;2030-05-05 00:00:00;2030-04-06 00:00:00;2030-04-01 00:00:00
2030-03-29 00:00:00;SO158086;C0027;AT001;766;2030-05-10 00:00:00;2030-05-15 00:00:00;2030-04-06 00:00:00;2030-04-11 00:00:00
2030-04-01 00:00:00;SO429300;C0024;CS004;581;2030-04-29 00:00:00;2030-05-05 00:00:00;2030-04-05 00:00:00;2030-04-11 00:00:00
2030-04-01 00:00:00;SO543958;C0013;VS001;1063;2030-04-29 00:00:00;2030-04-25 00:00:00;2030-04-05 00:00:00;2030-04-01 00:00:00
2030-04-01 00:00:00;SO543958;C0013;AS005;1192;2030-04-29 00:00:00;2030-04-27 00:00:00;2030-04-05 00:00:00;2030-04-03 00:00:00
2030-04-01 00:00:00;SO429300;C0024;VS002;957;2030-04-29 00:00:00;2030-04-22 00:00:00;2030-04-05 00:00:00;2030-03-29 00:00:00
2030-04-01 00:00:00;SO543958;C0013;VS003;1126;2030-04-29 00:00:00;2030-04-23 00:00:00;2030-04-05 00:00:00;2030-03-30 00:00:00
2030-04-01 00:00:00;SO543958;C0013;AS002;1149;2030-04-29 00:00:00;2030-04-25 00:00:00;2030-04-05 00:00:00;2030-04-01 00:00:00
2030-04-01 00:00:00;SO543958;C0013;AL002;778;2030-04-29 00:00:00;2030-05-03 00:00:00;2030-04-05 00:00:00;2030-04-09 00:00:00
2030-04-01 00:00:00;SO429300;C0024;AS004;579;2030-04-29 00:00:00;2030-04-29 00:00:00;2030-04-05 00:00:00;2030-04-05 00:00:00
2030-04-01 00:00:00;SO543958;C0013;AT001;515;2030-04-29 00:00:00;2030-05-08 00:00:00;2030-04-05 00:00:00;2030-04-14 00:00:00
2030-04-01 00:00:00;SO429300;C0024;CL001;943;2030-04-29 00:00:00;2030-04-29 00:00:00;2030-04-05 00:00:00;2030-04-05 00:00:00
2030-04-01 00:00:00;SO543958;C0013;VS002;1205;2030-04-29 00:00:00;2030-04-28 00:00:00;2030-04-05 00:00:00;2030-04-04 00:00:00
2030-04-01 00:00:00;SO543958;C0013;CT002;1238;2030-04-29 00:00:00;2030-04-30 00:00:00;2030-04-05 00:00:00;2030-04-06 00:00:00
2030-04-02 00:00:00;SO782199;C0018;CL002;1510;2030-06-04 00:00:00;2030-06-05 00:00:00;2030-04-06 00:00:00;2030-04-07 00:00:00
2030-04-02 00:00:00;SO391790;C0021;CS002;600;2030-04-16 00:00:00;2030-04-15 00:00:00;2030-04-06 00:00:00;2030-04-05 00:00:00
2030-04-02 00:00:00;SO337535;C0005;AT001;782;2030-05-28 00:00:00;2030-05-18 00:00:00;2030-04-04 00:00:00;2030-03-25 00:00:00
2030-04-02 00:00:00;SO782199;C0018;CS002;1021;2030-06-04 00:00:00;2030-05-25 00:00:00;2030-04-06 00:00:00;2030-03-27 00:00:00
2030-04-02 00:00:00;SO391790;C0021;VS002;762;2030-04-16 00:00:00;2030-04-11 00:00:00;2030-04-06 00:00:00;2030-04-01 00:00:00
2030-04-02 00:00:00;SO337535;C0005;VS003;1216;2030-05-28 00:00:00;2030-05-22 00:00:00;2030-04-04 00:00:00;2030-03-29 00:00:00
2030-04-02 00:00:00;SO391790;C0021;AL002;929;2030-04-16 00:00:00;2030-04-10 00:00:00;2030-04-06 00:00:00;2030-03-31 00:00:00
2030-04-02 00:00:00;SO337535;C0005;AS002;343;2030-05-28 00:00:00;2030-06-04 00:00:00;2030-04-04 00:00:00;2030-04-11 00:00:00
2030-04-02 00:00:00;SO391790;C0021;CT002;1496;2030-04-16 00:00:00;2030-04-22 00:00:00;2030-04-06 00:00:00;2030-04-12 00:00:00
2030-04-02 00:00:00;SO391790;C0021;AS005;938;2030-04-16 00:00:00;2030-04-15 00:00:00;2030-04-06 00:00:00;2030-04-05 00:00:00
2030-04-02 00:00:00;SO337535;C0005;CL002;983;2030-05-28 00:00:00;2030-05-24 00:00:00;2030-04-04 00:00:00;2030-03-31 00:00:00
2030-04-02 00:00:00;SO782199;C0018;CS001;583;2030-06-04 00:00:00;2030-06-01 00:00:00;2030-04-06 00:00:00;2030-04-03 00:00:00
2030-04-02 00:00:00;SO391790;C0021;CL002;892;2030-04-16 00:00:00;2030-04-08 00:00:00;2030-04-06 00:00:00;2030-03-29 00:00:00
2030-04-02 00:00:00;SO337535;C0005;CS003;1039;2030-05-28 00:00:00;2030-06-01 00:00:00;2030-04-04 00:00:00;2030-04-08 00:00:00
2030-04-02 00:00:00;SO337535;C0005;AS004;833;2030-05-28 00:00:00;2030-06-07 00:00:00;2030-04-04 00:00:00;2030-04-14 00:00:00
2030-04-02 00:00:00;SO337535;C0005;CL001;1087;2030-05-28 00:00:00;2030-05-31 00:00:00;2030-04-04 00:00:00;2030-04-07 00:00:00
2030-04-03 00:00:00;SO856742;C0030;AS004;982;2030-06-05 00:00:00;2030-06-15 00:00:00;2030-04-11 00:00:00;2030-04-21 00:00:00
2030-04-03 00:00:00;SO743024;C0001;CT003;1393;2030-05-01 00:00:00;2030-04-27 00:00:00;2030-04-05 00:00:00;2030-04-01 00:00:00
2030-04-03 00:00:00;SO174421;C0004;AS002;1226;2030-04-17 00:00:00;2030-04-07 00:00:00;2030-04-05 00:00:00;2030-03-26 00:00:00
2030-04-03 00:00:00;SO743024;C0001;AL002;494;2030-05-01 00:00:00;2030-05-02 00:00:00;2030-04-05 00:00:00;2030-04-06 00:00:00
2030-04-03 00:00:00;SO174421;C0004;AT002;504;2030-04-17 00:00:00;2030-04-08 00:00:00;2030-04-05 00:00:00;2030-03-27 00:00:00
2030-04-03 00:00:00;SO743024;C0001;AS005;1311;2030-05-01 00:00:00;2030-05-08 00:00:00;2030-04-05 00:00:00;2030-04-12 00:00:00
2030-04-03 00:00:00;SO174421;C0004;VS005;593;2030-04-17 00:00:00;2030-04-25 00:00:00;2030-04-05 00:00:00;2030-04-13 00:00:00
2030-04-03 00:00:00;SO743024;C0001;AT001;745;2030-05-01 00:00:00;2030-04-29 00:00:00;2030-04-05 00:00:00;2030-04-03 00:00:00
2030-04-03 00:00:00;SO743024;C0001;CS001;811;2030-05-01 00:00:00;2030-05-09 00:00:00;2030-04-05 00:00:00;2030-04-13 00:00:00
2030-04-03 00:00:00;SO743024;C0001;AS002;1444;2030-05-01 00:00:00;2030-05-09 00:00:00;2030-04-05 00:00:00;2030-04-13 00:00:00
2030-04-03 00:00:00;SO856742;C0030;AS005;669;2030-06-05 00:00:00;2030-05-31 00:00:00;2030-04-11 00:00:00;2030-04-06 00:00:00
2030-04-03 00:00:00;SO174421;C0004;AL002;1146;2030-04-17 00:00:00;2030-04-23 00:00:00;2030-04-05 00:00:00;2030-04-11 00:00:00
2030-04-03 00:00:00;SO174421;C0004;AS005;874;2030-04-17 00:00:00;2030-04-20 00:00:00;2030-04-05 00:00:00;2030-04-08 00:00:00
2030-04-03 00:00:00;SO174421;C0004;VS003;756;2030-04-17 00:00:00;2030-04-13 00:00:00;2030-04-05 00:00:00;2030-04-01 00:00:00
2030-04-03 00:00:00;SO743024;C0001;VS001;645;2030-05-01 00:00:00;2030-04-23 00:00:00;2030-04-05 00:00:00;2030-03-28 00:00:00
2030-04-03 00:00:00;SO174421;C0004;VS001;540;2030-04-17 00:00:00;2030-04-10 00:00:00;2030-04-05 00:00:00;2030-03-29 00:00:00
2030-04-03 00:00:00;SO743024;C0001;AT002;583;2030-05-01 00:00:00;2030-05-04 00:00:00;2030-04-05 00:00:00;2030-04-08 00:00:00
2030-04-03 00:00:00;SO856742;C0030;AS002;973;2030-06-05 00:00:00;2030-05-31 00:00:00;2030-04-11 00:00:00;2030-04-06 00:00:00
2030-04-03 00:00:00;SO743024;C0001;VS003;563;2030-05-01 00:00:00;2030-05-03 00:00:00;2030-04-05 00:00:00;2030-04-07 00:00:00
2030-04-03 00:00:00;SO743024;C0001;CS003;857;2030-05-01 00:00:00;2030-04-29 00:00:00;2030-04-05 00:00:00;2030-04-03 00:00:00
2030-04-04 00:00:00;SO907332;C0026;CT002;1036;2030-05-09 00:00:00;2030-05-03 00:00:00;2030-04-12 00:00:00;2030-04-06 00:00:00
2030-04-04 00:00:00;SO576900;C0014;CL002;846;2030-05-09 00:00:00;2030-05-19 00:00:00;2030-04-08 00:00:00;2030-04-18 00:00:00
2030-04-04 00:00:00;SO739265;C0027;CL002;1016;2030-05-16 00:00:00;2030-05-21 00:00:00;2030-04-12 00:00:00;2030-04-17 00:00:00
2030-04-04 00:00:00;SO359571;C0030;AS005;1133;2030-06-06 00:00:00;2030-06-02 00:00:00;2030-04-12 00:00:00;2030-04-08 00:00:00
2030-04-04 00:00:00;SO576900;C0014;VS003;1367;2030-05-09 00:00:00;2030-05-04 00:00:00;2030-04-08 00:00:00;2030-04-03 00:00:00
2030-04-04 00:00:00;SO359571;C0030;VS003;491;2030-06-06 00:00:00;2030-06-03 00:00:00;2030-04-12 00:00:00;2030-04-09 00:00:00
2030-04-04 00:00:00;SO739265;C0027;CS002;899;2030-05-16 00:00:00;2030-05-24 00:00:00;2030-04-12 00:00:00;2030-04-20 00:00:00
2030-04-04 00:00:00;SO576900;C0014;CT002;872;2030-05-09 00:00:00;2030-05-02 00:00:00;2030-04-08 00:00:00;2030-04-01 00:00:00
2030-04-04 00:00:00;SO739265;C0027;CL001;772;2030-05-16 00:00:00;2030-05-21 00:00:00;2030-04-12 00:00:00;2030-04-17 00:00:00
2030-04-04 00:00:00;SO576900;C0014;AT002;964;2030-05-09 00:00:00;2030-05-19 00:00:00;2030-04-08 00:00:00;2030-04-18 00:00:00
2030-04-04 00:00:00;SO576900;C0014;CS003;1252;2030-05-09 00:00:00;2030-05-09 00:00:00;2030-04-08 00:00:00;2030-04-08 00:00:00
2030-04-04 00:00:00;SO576900;C0014;AS004;354;2030-05-09 00:00:00;2030-05-04 00:00:00;2030-04-08 00:00:00;2030-04-03 00:00:00
2030-04-04 00:00:00;SO576900;C0014;CS004;929;2030-05-09 00:00:00;2030-05-18 00:00:00;2030-04-08 00:00:00;2030-04-17 00:00:00
2030-04-04 00:00:00;SO576900;C0014;CS001;401;2030-05-09 00:00:00;2030-05-15 00:00:00;2030-04-08 00:00:00;2030-04-14 00:00:00
2030-04-04 00:00:00;SO739265;C0027;VS002;556;2030-05-16 00:00:00;2030-05-17 00:00:00;2030-04-12 00:00:00;2030-04-13 00:00:00
2030-04-04 00:00:00;SO359571;C0030;AL002;335;2030-06-06 00:00:00;2030-05-28 00:00:00;2030-04-12 00:00:00;2030-04-03 00:00:00
2030-04-04 00:00:00;SO907332;C0026;AT001;1304;2030-05-09 00:00:00;2030-05-07 00:00:00;2030-04-12 00:00:00;2030-04-10 00:00:00
2030-04-04 00:00:00;SO739265;C0027;VS005;741;2030-05-16 00:00:00;2030-05-08 00:00:00;2030-04-12 00:00:00;2030-04-04 00:00:00
2030-04-04 00:00:00;SO739265;C0027;AT002;471;2030-05-16 00:00:00;2030-05-26 00:00:00;2030-04-12 00:00:00;2030-04-22 00:00:00
2030-04-04 00:00:00;SO359571;C0030;CS002;895;2030-06-06 00:00:00;2030-06-02 00:00:00;2030-04-12 00:00:00;2030-04-08 00:00:00
2030-04-05 00:00:00;SO590563;C0005;VS005;1439;2030-05-31 00:00:00;2030-05-23 00:00:00;2030-04-07 00:00:00;2030-03-30 00:00:00
2030-04-05 00:00:00;SO213500;C0003;CL001;469;2030-05-17 00:00:00;2030-05-27 00:00:00;2030-04-07 00:00:00;2030-04-17 00:00:00
2030-04-05 00:00:00;SO383191;C0016;CS004;1209;2030-04-19 00:00:00;2030-04-09 00:00:00;2030-04-09 00:00:00;2030-03-30 00:00:00
2030-04-05 00:00:00;SO677926;C0027;CL001;1167;2030-05-17 00:00:00;2030-05-25 00:00:00;2030-04-13 00:00:00;2030-04-21 00:00:00
2030-04-05 00:00:00;SO590563;C0005;CS001;1067;2030-05-31 00:00:00;2030-05-30 00:00:00;2030-04-07 00:00:00;2030-04-06 00:00:00
2030-04-05 00:00:00;SO213500;C0003;CS002;535;2030-05-17 00:00:00;2030-05-12 00:00:00;2030-04-07 00:00:00;2030-04-02 00:00:00
2030-04-05 00:00:00;SO590563;C0005;AS002;1329;2030-05-31 00:00:00;2030-06-01 00:00:00;2030-04-07 00:00:00;2030-04-08 00:00:00
2030-04-05 00:00:00;SO383191;C0016;AL002;1176;2030-04-19 00:00:00;2030-04-09 00:00:00;2030-04-09 00:00:00;2030-03-30 00:00:00
2030-04-05 00:00:00;SO383191;C0016;AS005;1204;2030-04-19 00:00:00;2030-04-14 00:00:00;2030-04-09 00:00:00;2030-04-04 00:00:00
2030-04-05 00:00:00;SO590563;C0005;VS003;509;2030-05-31 00:00:00;2030-06-02 00:00:00;2030-04-07 00:00:00;2030-04-09 00:00:00
2030-04-05 00:00:00;SO383191;C0016;AS004;641;2030-04-19 00:00:00;2030-04-17 00:00:00;2030-04-09 00:00:00;2030-04-07 00:00:00
2030-04-05 00:00:00;SO213500;C0003;VS003;1307;2030-05-17 00:00:00;2030-05-24 00:00:00;2030-04-07 00:00:00;2030-04-14 00:00:00
2030-04-05 00:00:00;SO677926;C0027;AT002;1476;2030-05-17 00:00:00;2030-05-11 00:00:00;2030-04-13 00:00:00;2030-04-07 00:00:00
2030-04-05 00:00:00;SO677926;C0027;VS002;815;2030-05-17 00:00:00;2030-05-24 00:00:00;2030-04-13 00:00:00;2030-04-20 00:00:00
2030-04-05 00:00:00;SO383191;C0016;AT002;1337;2030-04-19 00:00:00;2030-04-28 00:00:00;2030-04-09 00:00:00;2030-04-18 00:00:00
2030-04-05 00:00:00;SO213500;C0003;CS003;496;2030-05-17 00:00:00;2030-05-09 00:00:00;2030-04-07 00:00:00;2030-03-30 00:00:00
2030-04-05 00:00:00;SO677926;C0027;CS001;1575;2030-05-17 00:00:00;2030-05-18 00:00:00;2030-04-13 00:00:00;2030-04-14 00:00:00
2030-04-05 00:00:00;SO213500;C0003;AS005;983;2030-05-17 00:00:00;2030-05-16 00:00:00;2030-04-07 00:00:00;2030-04-06 00:00:00
2030-04-08 00:00:00;SO188963;C0017;CS004;1124;2030-06-03 00:00:00;2030-06-09 00:00:00;2030-04-12 00:00:00;2030-04-18 00:00:00
2030-04-08 00:00:00;SO772497;C0008;CS004;980;2030-06-03 00:00:00;2030-06-05 00:00:00;2030-04-11 00:00:00;2030-04-13 00:00:00
2030-04-08 00:00:00;SO602236;C0015;CS001;975;2030-05-20 00:00:00;2030-05-18 00:00:00;2030-04-12 00:00:00;2030-04-10 00:00:00
2030-04-08 00:00:00;SO361610;C0002;CS003;1334;2030-05-13 00:00:00;2030-05-04 00:00:00;2030-04-10 00:00:00;2030-04-01 00:00:00
2030-04-08 00:00:00;SO188963;C0017;CS001;520;2030-06-03 00:00:00;2030-05-29 00:00:00;2030-04-12 00:00:00;2030-04-07 00:00:00
2030-04-08 00:00:00;SO772497;C0008;CL002;1119;2030-06-03 00:00:00;2030-06-07 00:00:00;2030-04-11 00:00:00;2030-04-15 00:00:00
2030-04-08 00:00:00;SO361610;C0002;CT003;1138;2030-05-13 00:00:00;2030-05-09 00:00:00;2030-04-10 00:00:00;2030-04-06 00:00:00
2030-04-08 00:00:00;SO361610;C0002;AT001;1446;2030-05-13 00:00:00;2030-05-18 00:00:00;2030-04-10 00:00:00;2030-04-15 00:00:00
2030-04-08 00:00:00;SO188963;C0017;CL002;1281;2030-06-03 00:00:00;2030-06-10 00:00:00;2030-04-12 00:00:00;2030-04-19 00:00:00
2030-04-08 00:00:00;SO772497;C0008;VS002;1187;2030-06-03 00:00:00;2030-06-01 00:00:00;2030-04-11 00:00:00;2030-04-09 00:00:00
2030-04-08 00:00:00;SO188963;C0017;VS003;1389;2030-06-03 00:00:00;2030-06-06 00:00:00;2030-04-12 00:00:00;2030-04-15 00:00:00
2030-04-08 00:00:00;SO772497;C0008;AS002;1321;2030-06-03 00:00:00;2030-06-06 00:00:00;2030-04-11 00:00:00;2030-04-14 00:00:00
2030-04-08 00:00:00;SO602236;C0015;VS005;861;2030-05-20 00:00:00;2030-05-29 00:00:00;2030-04-12 00:00:00;2030-04-21 00:00:00
2030-04-08 00:00:00;SO361610;C0002;AS002;1117;2030-05-13 00:00:00;2030-05-12 00:00:00;2030-04-10 00:00:00;2030-04-09 00:00:00
2030-04-08 00:00:00;SO188963;C0017;CT003;1229;2030-06-03 00:00:00;2030-06-01 00:00:00;2030-04-12 00:00:00;2030-04-10 00:00:00
2030-04-08 00:00:00;SO602236;C0015;CL002;637;2030-05-20 00:00:00;2030-05-27 00:00:00;2030-04-12 00:00:00;2030-04-19 00:00:00
2030-04-09 00:00:00;SO446644;C0030;VS003;1159;2030-06-11 00:00:00;2030-06-15 00:00:00;2030-04-17 00:00:00;2030-04-21 00:00:00
2030-04-09 00:00:00;SO323303;C0015;CL001;802;2030-05-21 00:00:00;2030-05-20 00:00:00;2030-04-13 00:00:00;2030-04-12 00:00:00
2030-04-09 00:00:00;SO446644;C0030;AT002;1312;2030-06-11 00:00:00;2030-06-05 00:00:00;2030-04-17 00:00:00;2030-04-11 00:00:00
2030-04-09 00:00:00;SO446644;C0030;VS001;474;2030-06-11 00:00:00;2030-06-14 00:00:00;2030-04-17 00:00:00;2030-04-20 00:00:00
2030-04-09 00:00:00;SO323303;C0015;VS003;923;2030-05-21 00:00:00;2030-05-28 00:00:00;2030-04-13 00:00:00;2030-04-20 00:00:00
2030-04-09 00:00:00;SO323303;C0015;AT001;861;2030-05-21 00:00:00;2030-05-16 00:00:00;2030-04-13 00:00:00;2030-04-08 00:00:00
2030-04-09 00:00:00;SO446644;C0030;CT002;512;2030-06-11 00:00:00;2030-06-07 00:00:00;2030-04-17 00:00:00;2030-04-13 00:00:00
2030-04-09 00:00:00;SO446644;C0030;CL002;682;2030-06-11 00:00:00;2030-06-09 00:00:00;2030-04-17 00:00:00;2030-04-15 00:00:00
2030-04-09 00:00:00;SO323303;C0015;CL002;614;2030-05-21 00:00:00;2030-05-29 00:00:00;2030-04-13 00:00:00;2030-04-21 00:00:00
2030-04-09 00:00:00;SO446644;C0030;AL002;454;2030-06-11 00:00:00;2030-06-17 00:00:00;2030-04-17 00:00:00;2030-04-23 00:00:00
2030-04-09 00:00:00;SO323303;C0015;VS001;542;2030-05-21 00:00:00;2030-05-17 00:00:00;2030-04-13 00:00:00;2030-04-09 00:00:00
2030-04-09 00:00:00;SO446644;C0030;VS002;531;2030-06-11 00:00:00;2030-06-19 00:00:00;2030-04-17 00:00:00;2030-04-25 00:00:00
2030-04-09 00:00:00;SO446644;C0030;AS004;763;2030-06-11 00:00:00;2030-06-11 00:00:00;2030-04-17 00:00:00;2030-04-17 00:00:00
2030-04-09 00:00:00;SO323303;C0015;CS001;638;2030-05-21 00:00:00;2030-05-26 00:00:00;2030-04-13 00:00:00;2030-04-18 00:00:00
2030-04-09 00:00:00;SO446644;C0030;VS005;674;2030-06-11 00:00:00;2030-06-16 00:00:00;2030-04-17 00:00:00;2030-04-22 00:00:00
2030-04-09 00:00:00;SO323303;C0015;AS005;486;2030-05-21 00:00:00;2030-05-31 00:00:00;2030-04-13 00:00:00;2030-04-23 00:00:00
2030-04-09 00:00:00;SO446644;C0030;CS004;1155;2030-06-11 00:00:00;2030-06-20 00:00:00;2030-04-17 00:00:00;2030-04-26 00:00:00
2030-04-09 00:00:00;SO446644;C0030;AS005;1171;2030-06-11 00:00:00;2030-06-07 00:00:00;2030-04-17 00:00:00;2030-04-13 00:00:00
2030-04-10 00:00:00;SO809331;C0013;CS002;811;2030-05-08 00:00:00;2030-05-08 00:00:00;2030-04-14 00:00:00;2030-04-14 00:00:00
2030-04-10 00:00:00;SO949098;C0003;AS002;563;2030-05-22 00:00:00;2030-05-14 00:00:00;2030-04-12 00:00:00;2030-04-04 00:00:00
2030-04-10 00:00:00;SO955305;C0020;AS002;1078;2030-06-05 00:00:00;2030-06-01 00:00:00;2030-04-14 00:00:00;2030-04-10 00:00:00
2030-04-10 00:00:00;SO949098;C0003;VS003;1086;2030-05-22 00:00:00;2030-05-15 00:00:00;2030-04-12 00:00:00;2030-04-05 00:00:00
2030-04-10 00:00:00;SO955305;C0020;VS002;737;2030-06-05 00:00:00;2030-06-04 00:00:00;2030-04-14 00:00:00;2030-04-13 00:00:00
2030-04-10 00:00:00;SO949098;C0003;CS004;859;2030-05-22 00:00:00;2030-05-12 00:00:00;2030-04-12 00:00:00;2030-04-02 00:00:00
2030-04-10 00:00:00;SO955305;C0020;CS001;833;2030-06-05 00:00:00;2030-06-12 00:00:00;2030-04-14 00:00:00;2030-04-21 00:00:00
2030-04-10 00:00:00;SO949098;C0003;CS002;960;2030-05-22 00:00:00;2030-05-26 00:00:00;2030-04-12 00:00:00;2030-04-16 00:00:00
2030-04-10 00:00:00;SO949098;C0003;CL002;1242;2030-05-22 00:00:00;2030-05-19 00:00:00;2030-04-12 00:00:00;2030-04-09 00:00:00
2030-04-10 00:00:00;SO949098;C0003;AL002;1223;2030-05-22 00:00:00;2030-05-22 00:00:00;2030-04-12 00:00:00;2030-04-12 00:00:00
2030-04-10 00:00:00;SO949098;C0003;CT002;804;2030-05-22 00:00:00;2030-05-28 00:00:00;2030-04-12 00:00:00;2030-04-18 00:00:00
2030-04-10 00:00:00;SO949098;C0003;CT003;1063;2030-05-22 00:00:00;2030-05-27 00:00:00;2030-04-12 00:00:00;2030-04-17 00:00:00
2030-04-11 00:00:00;SO260848;C0013;AL002;544;2030-05-09 00:00:00;2030-05-06 00:00:00;2030-04-15 00:00:00;2030-04-12 00:00:00
2030-04-11 00:00:00;SO863063;C0028;VS005;362;2030-04-25 00:00:00;2030-04-16 00:00:00;2030-04-19 00:00:00;2030-04-10 00:00:00
2030-04-11 00:00:00;SO551273;C0007;CS003;791;2030-06-13 00:00:00;2030-06-19 00:00:00;2030-04-14 00:00:00;2030-04-20 00:00:00
2030-04-11 00:00:00;SO551273;C0007;VS005;817;2030-06-13 00:00:00;2030-06-08 00:00:00;2030-04-14 00:00:00;2030-04-09 00:00:00
2030-04-11 00:00:00;SO863063;C0028;AS005;1030;2030-04-25 00:00:00;2030-04-26 00:00:00;2030-04-19 00:00:00;2030-04-20 00:00:00
2030-04-11 00:00:00;SO551273;C0007;CS001;501;2030-06-13 00:00:00;2030-06-23 00:00:00;2030-04-14 00:00:00;2030-04-24 00:00:00
2030-04-11 00:00:00;SO863063;C0028;CT002;1520;2030-04-25 00:00:00;2030-04-21 00:00:00;2030-04-19 00:00:00;2030-04-15 00:00:00
2030-04-11 00:00:00;SO863063;C0028;CS002;940;2030-04-25 00:00:00;2030-04-15 00:00:00;2030-04-19 00:00:00;2030-04-09 00:00:00
2030-04-11 00:00:00;SO260848;C0013;AS002;448;2030-05-09 00:00:00;2030-04-30 00:00:00;2030-04-15 00:00:00;2030-04-06 00:00:00
2030-04-11 00:00:00;SO260848;C0013;AS004;737;2030-05-09 00:00:00;2030-05-01 00:00:00;2030-04-15 00:00:00;2030-04-07 00:00:00
2030-04-11 00:00:00;SO551273;C0007;CL001;561;2030-06-13 00:00:00;2030-06-20 00:00:00;2030-04-14 00:00:00;2030-04-21 00:00:00
2030-04-11 00:00:00;SO260848;C0013;CS003;1098;2030-05-09 00:00:00;2030-05-02 00:00:00;2030-04-15 00:00:00;2030-04-08 00:00:00
2030-04-12 00:00:00;SO141770;C0022;VS003;1028;2030-05-24 00:00:00;2030-06-01 00:00:00;2030-04-16 00:00:00;2030-04-24 00:00:00
2030-04-12 00:00:00;SO255233;C0008;CS004;883;2030-06-07 00:00:00;2030-06-03 00:00:00;2030-04-15 00:00:00;2030-04-11 00:00:00
2030-04-12 00:00:00;SO462373;C0016;AS002;840;2030-04-26 00:00:00;2030-04-22 00:00:00;2030-04-16 00:00:00;2030-04-12 00:00:00
2030-04-12 00:00:00;SO203237;C0013;VS003;641;2030-05-10 00:00:00;2030-05-04 00:00:00;2030-04-16 00:00:00;2030-04-10 00:00:00
2030-04-12 00:00:00;SO203237;C0013;CT002;1068;2030-05-10 00:00:00;2030-05-03 00:00:00;2030-04-16 00:00:00;2030-04-09 00:00:00
2030-04-12 00:00:00;SO255233;C0008;CL001;1105;2030-06-07 00:00:00;2030-06-16 00:00:00;2030-04-15 00:00:00;2030-04-24 00:00:00
2030-04-12 00:00:00;SO203237;C0013;VS005;903;2030-05-10 00:00:00;2030-05-13 00:00:00;2030-04-16 00:00:00;2030-04-19 00:00:00
2030-04-12 00:00:00;SO255233;C0008;AT001;831;2030-06-07 00:00:00;2030-05-31 00:00:00;2030-04-15 00:00:00;2030-04-08 00:00:00
2030-04-12 00:00:00;SO203237;C0013;CS002;515;2030-05-10 00:00:00;2030-05-13 00:00:00;2030-04-16 00:00:00;2030-04-19 00:00:00
2030-04-12 00:00:00;SO462373;C0016;AS005;641;2030-04-26 00:00:00;2030-04-28 00:00:00;2030-04-16 00:00:00;2030-04-18 00:00:00
2030-04-12 00:00:00;SO255233;C0008;CS002;474;2030-06-07 00:00:00;2030-06-15 00:00:00;2030-04-15 00:00:00;2030-04-23 00:00:00
2030-04-12 00:00:00;SO255233;C0008;VS002;419;2030-06-07 00:00:00;2030-06-04 00:00:00;2030-04-15 00:00:00;2030-04-12 00:00:00
2030-04-15 00:00:00;SO305091;C0021;AL002;703;2030-04-29 00:00:00;2030-04-23 00:00:00;2030-04-19 00:00:00;2030-04-13 00:00:00
2030-04-15 00:00:00;SO187766;C0008;CS002;1194;2030-06-10 00:00:00;2030-06-03 00:00:00;2030-04-18 00:00:00;2030-04-11 00:00:00
2030-04-15 00:00:00;SO712882;C0013;VS002;1418;2030-05-13 00:00:00;2030-05-06 00:00:00;2030-04-19 00:00:00;2030-04-12 00:00:00
2030-04-15 00:00:00;SO712882;C0013;CL001;1246;2030-05-13 00:00:00;2030-05-06 00:00:00;2030-04-19 00:00:00;2030-04-12 00:00:00
2030-04-15 00:00:00;SO305091;C0021;VS001;1181;2030-04-29 00:00:00;2030-04-30 00:00:00;2030-04-19 00:00:00;2030-04-20 00:00:00
2030-04-15 00:00:00;SO712882;C0013;VS003;641;2030-05-13 00:00:00;2030-05-22 00:00:00;2030-04-19 00:00:00;2030-04-28 00:00:00
2030-04-15 00:00:00;SO712882;C0013;CL002;1411;2030-05-13 00:00:00;2030-05-20 00:00:00;2030-04-19 00:00:00;2030-04-26 00:00:00
2030-04-15 00:00:00;SO712882;C0013;VS005;1204;2030-05-13 00:00:00;2030-05-16 00:00:00;2030-04-19 00:00:00;2030-04-22 00:00:00
2030-04-15 00:00:00;SO712882;C0013;AL002;544;2030-05-13 00:00:00;2030-05-04 00:00:00;2030-04-19 00:00:00;2030-04-10 00:00:00
2030-04-15 00:00:00;SO712882;C0013;CT002;818;2030-05-13 00:00:00;2030-05-04 00:00:00;2030-04-19 00:00:00;2030-04-10 00:00:00
2030-04-15 00:00:00;SO305091;C0021;CS003;1208;2030-04-29 00:00:00;2030-04-29 00:00:00;2030-04-19 00:00:00;2030-04-19 00:00:00
2030-04-15 00:00:00;SO712882;C0013;CT003;1308;2030-05-13 00:00:00;2030-05-15 00:00:00;2030-04-19 00:00:00;2030-04-21 00:00:00
2030-04-15 00:00:00;SO305091;C0021;CS004;732;2030-04-29 00:00:00;2030-05-03 00:00:00;2030-04-19 00:00:00;2030-04-23 00:00:00
2030-04-15 00:00:00;SO712882;C0013;AT002;1259;2030-05-13 00:00:00;2030-05-07 00:00:00;2030-04-19 00:00:00;2030-04-13 00:00:00
2030-04-15 00:00:00;SO305091;C0021;CT003;1514;2030-04-29 00:00:00;2030-04-19 00:00:00;2030-04-19 00:00:00;2030-04-09 00:00:00
2030-04-15 00:00:00;SO187766;C0008;CL001;530;2030-06-10 00:00:00;2030-06-18 00:00:00;2030-04-18 00:00:00;2030-04-26 00:00:00
2030-04-16 00:00:00;SO331039;C0004;AT001;1057;2030-04-30 00:00:00;2030-04-24 00:00:00;2030-04-18 00:00:00;2030-04-12 00:00:00
2030-04-16 00:00:00;SO299317;C0022;AS004;997;2030-05-28 00:00:00;2030-05-21 00:00:00;2030-04-20 00:00:00;2030-04-13 00:00:00
2030-04-16 00:00:00;SO331039;C0004;CL002;1521;2030-04-30 00:00:00;2030-04-29 00:00:00;2030-04-18 00:00:00;2030-04-17 00:00:00
2030-04-16 00:00:00;SO331039;C0004;VS003;1315;2030-04-30 00:00:00;2030-05-01 00:00:00;2030-04-18 00:00:00;2030-04-19 00:00:00
2030-04-16 00:00:00;SO331039;C0004;AT002;957;2030-04-30 00:00:00;2030-04-23 00:00:00;2030-04-18 00:00:00;2030-04-11 00:00:00
2030-04-16 00:00:00;SO331039;C0004;AL002;927;2030-04-30 00:00:00;2030-04-30 00:00:00;2030-04-18 00:00:00;2030-04-18 00:00:00
2030-04-16 00:00:00;SO331039;C0004;VS002;566;2030-04-30 00:00:00;2030-05-01 00:00:00;2030-04-18 00:00:00;2030-04-19 00:00:00
2030-04-16 00:00:00;SO331039;C0004;AS005;1064;2030-04-30 00:00:00;2030-05-10 00:00:00;2030-04-18 00:00:00;2030-04-28 00:00:00
2030-04-16 00:00:00;SO299317;C0022;AS005;995;2030-05-28 00:00:00;2030-05-23 00:00:00;2030-04-20 00:00:00;2030-04-15 00:00:00
2030-04-16 00:00:00;SO299317;C0022;CT002;1028;2030-05-28 00:00:00;2030-05-18 00:00:00;2030-04-20 00:00:00;2030-04-10 00:00:00
2030-04-16 00:00:00;SO299317;C0022;VS003;542;2030-05-28 00:00:00;2030-06-02 00:00:00;2030-04-20 00:00:00;2030-04-25 00:00:00
2030-04-16 00:00:00;SO299317;C0022;VS001;982;2030-05-28 00:00:00;2030-06-07 00:00:00;2030-04-20 00:00:00;2030-04-30 00:00:00
2030-04-16 00:00:00;SO331039;C0004;CL001;1264;2030-04-30 00:00:00;2030-04-30 00:00:00;2030-04-18 00:00:00;2030-04-18 00:00:00
2030-04-16 00:00:00;SO331039;C0004;VS001;884;2030-04-30 00:00:00;2030-04-22 00:00:00;2030-04-18 00:00:00;2030-04-10 00:00:00
2030-04-16 00:00:00;SO331039;C0004;AS004;795;2030-04-30 00:00:00;2030-05-05 00:00:00;2030-04-18 00:00:00;2030-04-23 00:00:00
2030-04-16 00:00:00;SO299317;C0022;AL002;1039;2030-05-28 00:00:00;2030-05-18 00:00:00;2030-04-20 00:00:00;2030-04-10 00:00:00
2030-04-16 00:00:00;SO299317;C0022;CS004;1138;2030-05-28 00:00:00;2030-05-21 00:00:00;2030-04-20 00:00:00;2030-04-13 00:00:00
2030-04-16 00:00:00;SO299317;C0022;AT002;638;2030-05-28 00:00:00;2030-06-04 00:00:00;2030-04-20 00:00:00;2030-04-27 00:00:00
2030-04-17 00:00:00;SO896447;C0003;CT002;511;2030-05-29 00:00:00;2030-05-27 00:00:00;2030-04-19 00:00:00;2030-04-17 00:00:00
2030-04-17 00:00:00;SO967571;C0023;AL002;817;2030-05-22 00:00:00;2030-05-12 00:00:00;2030-04-21 00:00:00;2030-04-11 00:00:00
2030-04-17 00:00:00;SO896447;C0003;AT002;1078;2030-05-29 00:00:00;2030-06-08 00:00:00;2030-04-19 00:00:00;2030-04-29 00:00:00
2030-04-17 00:00:00;SO967571;C0023;CS003;589;2030-05-22 00:00:00;2030-05-31 00:00:00;2030-04-21 00:00:00;2030-04-30 00:00:00
2030-04-17 00:00:00;SO896447;C0003;CS001;936;2030-05-29 00:00:00;2030-05-31 00:00:00;2030-04-19 00:00:00;2030-04-21 00:00:00
2030-04-17 00:00:00;SO967571;C0023;VS002;1111;2030-05-22 00:00:00;2030-05-17 00:00:00;2030-04-21 00:00:00;2030-04-16 00:00:00
2030-04-17 00:00:00;SO967571;C0023;CS001;866;2030-05-22 00:00:00;2030-05-22 00:00:00;2030-04-21 00:00:00;2030-04-21 00:00:00
2030-04-17 00:00:00;SO967571;C0023;AS004;313;2030-05-22 00:00:00;2030-06-01 00:00:00;2030-04-21 00:00:00;2030-05-01 00:00:00
2030-04-17 00:00:00;SO896447;C0003;VS005;745;2030-05-29 00:00:00;2030-06-08 00:00:00;2030-04-19 00:00:00;2030-04-29 00:00:00
2030-04-17 00:00:00;SO967571;C0023;CS002;719;2030-05-22 00:00:00;2030-05-23 00:00:00;2030-04-21 00:00:00;2030-04-22 00:00:00
2030-04-17 00:00:00;SO896447;C0003;CS002;401;2030-05-29 00:00:00;2030-05-26 00:00:00;2030-04-19 00:00:00;2030-04-16 00:00:00
2030-04-17 00:00:00;SO967571;C0023;AS002;932;2030-05-22 00:00:00;2030-05-13 00:00:00;2030-04-21 00:00:00;2030-04-12 00:00:00
2030-04-17 00:00:00;SO967571;C0023;AT001;1248;2030-05-22 00:00:00;2030-05-27 00:00:00;2030-04-21 00:00:00;2030-04-26 00:00:00
2030-04-18 00:00:00;SO692100;C0004;VS005;1315;2030-05-02 00:00:00;2030-05-01 00:00:00;2030-04-20 00:00:00;2030-04-19 00:00:00
2030-04-18 00:00:00;SO196741;C0023;CL001;332;2030-05-23 00:00:00;2030-05-30 00:00:00;2030-04-22 00:00:00;2030-04-29 00:00:00
2030-04-18 00:00:00;SO839004;C0027;AT002;681;2030-05-30 00:00:00;2030-06-04 00:00:00;2030-04-26 00:00:00;2030-05-01 00:00:00
2030-04-18 00:00:00;SO196741;C0023;AS004;1190;2030-05-23 00:00:00;2030-05-29 00:00:00;2030-04-22 00:00:00;2030-04-28 00:00:00
2030-04-18 00:00:00;SO839004;C0027;VS001;578;2030-05-30 00:00:00;2030-05-27 00:00:00;2030-04-26 00:00:00;2030-04-23 00:00:00
2030-04-18 00:00:00;SO196741;C0023;AS005;920;2030-05-23 00:00:00;2030-05-22 00:00:00;2030-04-22 00:00:00;2030-04-21 00:00:00
2030-04-18 00:00:00;SO196741;C0023;AT002;540;2030-05-23 00:00:00;2030-05-26 00:00:00;2030-04-22 00:00:00;2030-04-25 00:00:00
2030-04-18 00:00:00;SO839004;C0027;CS001;811;2030-05-30 00:00:00;2030-06-01 00:00:00;2030-04-26 00:00:00;2030-04-28 00:00:00
2030-04-18 00:00:00;SO692100;C0004;CL001;707;2030-05-02 00:00:00;2030-05-03 00:00:00;2030-04-20 00:00:00;2030-04-21 00:00:00
2030-04-18 00:00:00;SO196741;C0023;CT003;331;2030-05-23 00:00:00;2030-05-29 00:00:00;2030-04-22 00:00:00;2030-04-28 00:00:00
2030-04-18 00:00:00;SO839004;C0027;CL001;571;2030-05-30 00:00:00;2030-05-23 00:00:00;2030-04-26 00:00:00;2030-04-19 00:00:00
2030-04-18 00:00:00;SO692100;C0004;CS003;715;2030-05-02 00:00:00;2030-05-04 00:00:00;2030-04-20 00:00:00;2030-04-22 00:00:00
2030-04-18 00:00:00;SO196741;C0023;VS003;611;2030-05-23 00:00:00;2030-05-13 00:00:00;2030-04-22 00:00:00;2030-04-12 00:00:00
2030-04-18 00:00:00;SO692100;C0004;CS002;582;2030-05-02 00:00:00;2030-05-10 00:00:00;2030-04-20 00:00:00;2030-04-28 00:00:00
2030-04-18 00:00:00;SO692100;C0004;CS004;843;2030-05-02 00:00:00;2030-05-07 00:00:00;2030-04-20 00:00:00;2030-04-25 00:00:00
2030-04-19 00:00:00;SO384565;C0022;CT002;965;2030-05-31 00:00:00;2030-06-03 00:00:00;2030-04-23 00:00:00;2030-04-26 00:00:00
2030-04-19 00:00:00;SO488375;C0030;CL002;518;2030-06-21 00:00:00;2030-06-12 00:00:00;2030-04-27 00:00:00;2030-04-18 00:00:00
2030-04-19 00:00:00;SO186055;C0025;CS004;410;2030-05-17 00:00:00;2030-05-18 00:00:00;2030-04-27 00:00:00;2030-04-28 00:00:00
2030-04-19 00:00:00;SO488375;C0030;CS003;529;2030-06-21 00:00:00;2030-06-17 00:00:00;2030-04-27 00:00:00;2030-04-23 00:00:00
2030-04-19 00:00:00;SO186055;C0025;CT002;467;2030-05-17 00:00:00;2030-05-22 00:00:00;2030-04-27 00:00:00;2030-05-02 00:00:00
2030-04-19 00:00:00;SO384565;C0022;AS002;1017;2030-05-31 00:00:00;2030-05-23 00:00:00;2030-04-23 00:00:00;2030-04-15 00:00:00
2030-04-19 00:00:00;SO384565;C0022;AT001;995;2030-05-31 00:00:00;2030-06-09 00:00:00;2030-04-23 00:00:00;2030-05-02 00:00:00
2030-04-19 00:00:00;SO186055;C0025;AS004;767;2030-05-17 00:00:00;2030-05-20 00:00:00;2030-04-27 00:00:00;2030-04-30 00:00:00
2030-04-19 00:00:00;SO384565;C0022;CS001;1102;2030-05-31 00:00:00;2030-05-28 00:00:00;2030-04-23 00:00:00;2030-04-20 00:00:00
2030-04-19 00:00:00;SO384565;C0022;CS004;957;2030-05-31 00:00:00;2030-05-29 00:00:00;2030-04-23 00:00:00;2030-04-21 00:00:00
2030-04-19 00:00:00;SO384565;C0022;AL002;592;2030-05-31 00:00:00;2030-06-09 00:00:00;2030-04-23 00:00:00;2030-05-02 00:00:00
2030-04-19 00:00:00;SO488375;C0030;VS002;1414;2030-06-21 00:00:00;2030-06-28 00:00:00;2030-04-27 00:00:00;2030-05-04 00:00:00
2030-04-19 00:00:00;SO384565;C0022;AS004;1198;2030-05-31 00:00:00;2030-05-29 00:00:00;2030-04-23 00:00:00;2030-04-21 00:00:00
2030-04-19 00:00:00;SO384565;C0022;CT003;1135;2030-05-31 00:00:00;2030-06-07 00:00:00;2030-04-23 00:00:00;2030-04-30 00:00:00
2030-04-19 00:00:00;SO186055;C0025;AT002;852;2030-05-17 00:00:00;2030-05-09 00:00:00;2030-04-27 00:00:00;2030-04-19 00:00:00
2030-04-19 00:00:00;SO488375;C0030;CS001;1006;2030-06-21 00:00:00;2030-06-18 00:00:00;2030-04-27 00:00:00;2030-04-24 00:00:00
2030-04-19 00:00:00;SO384565;C0022;CS002;739;2030-05-31 00:00:00;2030-05-30 00:00:00;2030-04-23 00:00:00;2030-04-22 00:00:00
2030-04-19 00:00:00;SO186055;C0025;CL002;1012;2030-05-17 00:00:00;2030-05-15 00:00:00;2030-04-27 00:00:00;2030-04-25 00:00:00
2030-04-19 00:00:00;SO488375;C0030;VS001;1203;2030-06-21 00:00:00;2030-06-27 00:00:00;2030-04-27 00:00:00;2030-05-03 00:00:00
2030-04-19 00:00:00;SO384565;C0022;VS005;1138;2030-05-31 00:00:00;2030-06-09 00:00:00;2030-04-23 00:00:00;2030-05-02 00:00:00
2030-04-22 00:00:00;SO820569;C0012;AT001;1133;2030-05-20 00:00:00;2030-05-17 00:00:00;2030-04-25 00:00:00;2030-04-22 00:00:00
2030-04-22 00:00:00;SO121274;C0028;AT001;1030;2030-05-06 00:00:00;2030-05-06 00:00:00;2030-04-30 00:00:00;2030-04-30 00:00:00
2030-04-22 00:00:00;SO192042;C0002;AL002;476;2030-05-27 00:00:00;2030-05-18 00:00:00;2030-04-24 00:00:00;2030-04-15 00:00:00
2030-04-22 00:00:00;SO452502;C0006;AL002;793;2030-06-24 00:00:00;2030-06-19 00:00:00;2030-04-24 00:00:00;2030-04-19 00:00:00
2030-04-22 00:00:00;SO121274;C0028;CS003;1045;2030-05-06 00:00:00;2030-04-26 00:00:00;2030-04-30 00:00:00;2030-04-20 00:00:00
2030-04-22 00:00:00;SO121274;C0028;CT003;777;2030-05-06 00:00:00;2030-05-03 00:00:00;2030-04-30 00:00:00;2030-04-27 00:00:00
2030-04-22 00:00:00;SO452502;C0006;CT003;844;2030-06-24 00:00:00;2030-06-29 00:00:00;2030-04-24 00:00:00;2030-04-29 00:00:00
2030-04-22 00:00:00;SO192042;C0002;VS001;1484;2030-05-27 00:00:00;2030-05-31 00:00:00;2030-04-24 00:00:00;2030-04-28 00:00:00
2030-04-22 00:00:00;SO452502;C0006;CS001;467;2030-06-24 00:00:00;2030-06-23 00:00:00;2030-04-24 00:00:00;2030-04-23 00:00:00
2030-04-22 00:00:00;SO192042;C0002;AS002;1091;2030-05-27 00:00:00;2030-05-20 00:00:00;2030-04-24 00:00:00;2030-04-17 00:00:00
2030-04-22 00:00:00;SO192042;C0002;CT003;1156;2030-05-27 00:00:00;2030-05-20 00:00:00;2030-04-24 00:00:00;2030-04-17 00:00:00
2030-04-22 00:00:00;SO192042;C0002;CL002;437;2030-05-27 00:00:00;2030-05-31 00:00:00;2030-04-24 00:00:00;2030-04-28 00:00:00
2030-04-23 00:00:00;SO205326;C0009;AS005;744;2030-05-07 00:00:00;2030-05-02 00:00:00;2030-04-26 00:00:00;2030-04-21 00:00:00
2030-04-23 00:00:00;SO737750;C0030;CS002;368;2030-06-25 00:00:00;2030-07-03 00:00:00;2030-05-01 00:00:00;2030-05-09 00:00:00
2030-04-23 00:00:00;SO737750;C0030;CL002;1160;2030-06-25 00:00:00;2030-07-04 00:00:00;2030-05-01 00:00:00;2030-05-10 00:00:00
2030-04-23 00:00:00;SO737750;C0030;VS002;1564;2030-06-25 00:00:00;2030-06-22 00:00:00;2030-05-01 00:00:00;2030-04-28 00:00:00
2030-04-23 00:00:00;SO737750;C0030;CS004;1111;2030-06-25 00:00:00;2030-06-25 00:00:00;2030-05-01 00:00:00;2030-05-01 00:00:00
2030-04-23 00:00:00;SO737750;C0030;VS001;397;2030-06-25 00:00:00;2030-07-03 00:00:00;2030-05-01 00:00:00;2030-05-09 00:00:00
2030-04-23 00:00:00;SO737750;C0030;AS002;467;2030-06-25 00:00:00;2030-06-16 00:00:00;2030-05-01 00:00:00;2030-04-22 00:00:00
2030-04-23 00:00:00;SO205326;C0009;VS001;1299;2030-05-07 00:00:00;2030-05-02 00:00:00;2030-04-26 00:00:00;2030-04-21 00:00:00
2030-04-23 00:00:00;SO737750;C0030;AS005;796;2030-06-25 00:00:00;2030-07-02 00:00:00;2030-05-01 00:00:00;2030-05-08 00:00:00
2030-04-23 00:00:00;SO205326;C0009;AS004;997;2030-05-07 00:00:00;2030-04-27 00:00:00;2030-04-26 00:00:00;2030-04-16 00:00:00
2030-04-23 00:00:00;SO737750;C0030;CS001;563;2030-06-25 00:00:00;2030-06-22 00:00:00;2030-05-01 00:00:00;2030-04-28 00:00:00
2030-04-23 00:00:00;SO737750;C0030;VS003;504;2030-06-25 00:00:00;2030-07-02 00:00:00;2030-05-01 00:00:00;2030-05-08 00:00:00
2030-04-23 00:00:00;SO737750;C0030;CS003;833;2030-06-25 00:00:00;2030-07-05 00:00:00;2030-05-01 00:00:00;2030-05-11 00:00:00
2030-04-23 00:00:00;SO737750;C0030;AL002;806;2030-06-25 00:00:00;2030-07-01 00:00:00;2030-05-01 00:00:00;2030-05-07 00:00:00
2030-04-23 00:00:00;SO205326;C0009;AS002;618;2030-05-07 00:00:00;2030-05-03 00:00:00;2030-04-26 00:00:00;2030-04-22 00:00:00
2030-04-23 00:00:00;SO737750;C0030;CL001;1113;2030-06-25 00:00:00;2030-06-28 00:00:00;2030-05-01 00:00:00;2030-05-04 00:00:00
2030-04-24 00:00:00;SO434898;C0025;CT003;1047;2030-05-22 00:00:00;2030-05-12 00:00:00;2030-05-02 00:00:00;2030-04-22 00:00:00
2030-04-24 00:00:00;SO898918;C0012;CS004;1218;2030-05-22 00:00:00;2030-05-18 00:00:00;2030-04-27 00:00:00;2030-04-23 00:00:00
2030-04-24 00:00:00;SO932650;C0008;AS002;540;2030-06-19 00:00:00;2030-06-28 00:00:00;2030-04-27 00:00:00;2030-05-06 00:00:00
2030-04-24 00:00:00;SO375531;C0017;AT001;712;2030-06-19 00:00:00;2030-06-16 00:00:00;2030-04-28 00:00:00;2030-04-25 00:00:00
2030-04-24 00:00:00;SO932650;C0008;CS001;1223;2030-06-19 00:00:00;2030-06-15 00:00:00;2030-04-27 00:00:00;2030-04-23 00:00:00
2030-04-24 00:00:00;SO434898;C0025;AS004;349;2030-05-22 00:00:00;2030-05-15 00:00:00;2030-05-02 00:00:00;2030-04-25 00:00:00
2030-04-24 00:00:00;SO375531;C0017;AT002;1164;2030-06-19 00:00:00;2030-06-18 00:00:00;2030-04-28 00:00:00;2030-04-27 00:00:00
2030-04-24 00:00:00;SO898918;C0012;VS003;1428;2030-05-22 00:00:00;2030-05-14 00:00:00;2030-04-27 00:00:00;2030-04-19 00:00:00
2030-04-24 00:00:00;SO898918;C0012;AS005;949;2030-05-22 00:00:00;2030-05-26 00:00:00;2030-04-27 00:00:00;2030-05-01 00:00:00
2030-04-24 00:00:00;SO898918;C0012;CT002;1241;2030-05-22 00:00:00;2030-05-17 00:00:00;2030-04-27 00:00:00;2030-04-22 00:00:00
2030-04-24 00:00:00;SO375531;C0017;VS002;611;2030-06-19 00:00:00;2030-06-09 00:00:00;2030-04-28 00:00:00;2030-04-18 00:00:00
2030-04-24 00:00:00;SO932650;C0008;CS002;339;2030-06-19 00:00:00;2030-06-10 00:00:00;2030-04-27 00:00:00;2030-04-18 00:00:00
2030-04-24 00:00:00;SO898918;C0012;AL002;1098;2030-05-22 00:00:00;2030-05-29 00:00:00;2030-04-27 00:00:00;2030-05-04 00:00:00
2030-04-24 00:00:00;SO434898;C0025;AL002;815;2030-05-22 00:00:00;2030-05-15 00:00:00;2030-05-02 00:00:00;2030-04-25 00:00:00
2030-04-24 00:00:00;SO898918;C0012;VS005;670;2030-05-22 00:00:00;2030-05-14 00:00:00;2030-04-27 00:00:00;2030-04-19 00:00:00
2030-04-24 00:00:00;SO898918;C0012;CS003;822;2030-05-22 00:00:00;2030-05-16 00:00:00;2030-04-27 00:00:00;2030-04-21 00:00:00
2030-04-24 00:00:00;SO898918;C0012;CS002;800;2030-05-22 00:00:00;2030-05-20 00:00:00;2030-04-27 00:00:00;2030-04-25 00:00:00
2030-04-24 00:00:00;SO434898;C0025;AS005;1315;2030-05-22 00:00:00;2030-05-25 00:00:00;2030-05-02 00:00:00;2030-05-05 00:00:00
2030-04-25 00:00:00;SO294668;C0015;VS005;1078;2030-06-06 00:00:00;2030-06-12 00:00:00;2030-04-29 00:00:00;2030-05-05 00:00:00
2030-04-25 00:00:00;SO853205;C0007;VS005;670;2030-06-27 00:00:00;2030-06-17 00:00:00;2030-04-28 00:00:00;2030-04-18 00:00:00
2030-04-25 00:00:00;SO413835;C0027;AS004;572;2030-06-06 00:00:00;2030-06-04 00:00:00;2030-05-03 00:00:00;2030-05-01 00:00:00
2030-04-25 00:00:00;SO294668;C0015;CS002;877;2030-06-06 00:00:00;2030-06-03 00:00:00;2030-04-29 00:00:00;2030-04-26 00:00:00
2030-04-25 00:00:00;SO413835;C0027;VS001;482;2030-06-06 00:00:00;2030-06-08 00:00:00;2030-05-03 00:00:00;2030-05-05 00:00:00
2030-04-25 00:00:00;SO413835;C0027;CS003;1023;2030-06-06 00:00:00;2030-06-07 00:00:00;2030-05-03 00:00:00;2030-05-04 00:00:00
2030-04-25 00:00:00;SO853205;C0007;AS005;544;2030-06-27 00:00:00;2030-06-20 00:00:00;2030-04-28 00:00:00;2030-04-21 00:00:00
2030-04-25 00:00:00;SO294668;C0015;CL002;785;2030-06-06 00:00:00;2030-06-13 00:00:00;2030-04-29 00:00:00;2030-05-06 00:00:00
2030-04-25 00:00:00;SO413835;C0027;AL002;684;2030-06-06 00:00:00;2030-05-27 00:00:00;2030-05-03 00:00:00;2030-04-23 00:00:00
2030-04-25 00:00:00;SO413835;C0027;CT002;960;2030-06-06 00:00:00;2030-06-11 00:00:00;2030-05-03 00:00:00;2030-05-08 00:00:00
2030-04-25 00:00:00;SO413835;C0027;AS002;729;2030-06-06 00:00:00;2030-05-27 00:00:00;2030-05-03 00:00:00;2030-04-23 00:00:00
2030-04-25 00:00:00;SO294668;C0015;CS003;1127;2030-06-06 00:00:00;2030-06-13 00:00:00;2030-04-29 00:00:00;2030-05-06 00:00:00
2030-04-26 00:00:00;SO608218;C0020;CS001;1137;2030-06-21 00:00:00;2030-06-27 00:00:00;2030-04-30 00:00:00;2030-05-06 00:00:00
2030-04-26 00:00:00;SO493471;C0016;AT001;729;2030-05-10 00:00:00;2030-05-17 00:00:00;2030-04-30 00:00:00;2030-05-07 00:00:00
2030-04-26 00:00:00;SO465708;C0025;VS005;939;2030-05-24 00:00:00;2030-05-30 00:00:00;2030-05-04 00:00:00;2030-05-10 00:00:00
2030-04-26 00:00:00;SO608218;C0020;CT003;1024;2030-06-21 00:00:00;2030-06-25 00:00:00;2030-04-30 00:00:00;2030-05-04 00:00:00
2030-04-26 00:00:00;SO465708;C0025;AS004;877;2030-05-24 00:00:00;2030-05-19 00:00:00;2030-05-04 00:00:00;2030-04-29 00:00:00
2030-04-26 00:00:00;SO493471;C0016;AS004;479;2030-05-10 00:00:00;2030-04-30 00:00:00;2030-04-30 00:00:00;2030-04-20 00:00:00
2030-04-26 00:00:00;SO608218;C0020;VS001;1443;2030-06-21 00:00:00;2030-06-24 00:00:00;2030-04-30 00:00:00;2030-05-03 00:00:00
2030-04-26 00:00:00;SO608218;C0020;VS005;1108;2030-06-21 00:00:00;2030-06-15 00:00:00;2030-04-30 00:00:00;2030-04-24 00:00:00
2030-04-26 00:00:00;SO465708;C0025;AT001;907;2030-05-24 00:00:00;2030-05-15 00:00:00;2030-05-04 00:00:00;2030-04-25 00:00:00
2030-04-26 00:00:00;SO493471;C0016;VS003;446;2030-05-10 00:00:00;2030-05-03 00:00:00;2030-04-30 00:00:00;2030-04-23 00:00:00
2030-04-26 00:00:00;SO493471;C0016;CL002;951;2030-05-10 00:00:00;2030-05-18 00:00:00;2030-04-30 00:00:00;2030-05-08 00:00:00
2030-04-26 00:00:00;SO608218;C0020;VS003;1120;2030-06-21 00:00:00;2030-06-18 00:00:00;2030-04-30 00:00:00;2030-04-27 00:00:00
2030-04-29 00:00:00;SO299456;C0021;VS001;1053;2030-05-13 00:00:00;2030-05-10 00:00:00;2030-05-03 00:00:00;2030-04-30 00:00:00
2030-04-29 00:00:00;SO401097;C0009;AS005;863;2030-05-13 00:00:00;2030-05-20 00:00:00;2030-05-02 00:00:00;2030-05-09 00:00:00
2030-04-29 00:00:00;SO631486;C0019;VS001;1510;2030-07-01 00:00:00;2030-06-23 00:00:00;2030-05-03 00:00:00;2030-04-25 00:00:00
2030-04-29 00:00:00;SO974284;C0014;AT002;496;2030-06-03 00:00:00;2030-05-31 00:00:00;2030-05-03 00:00:00;2030-04-30 00:00:00
2030-04-29 00:00:00;SO299456;C0021;AS005;404;2030-05-13 00:00:00;2030-05-09 00:00:00;2030-05-03 00:00:00;2030-04-29 00:00:00
2030-04-29 00:00:00;SO974284;C0014;VS001;993;2030-06-03 00:00:00;2030-05-24 00:00:00;2030-05-03 00:00:00;2030-04-23 00:00:00
2030-04-29 00:00:00;SO401097;C0009;CS004;733;2030-05-13 00:00:00;2030-05-07 00:00:00;2030-05-02 00:00:00;2030-04-26 00:00:00
2030-04-29 00:00:00;SO299456;C0021;CS004;1061;2030-05-13 00:00:00;2030-05-16 00:00:00;2030-05-03 00:00:00;2030-05-06 00:00:00
2030-04-29 00:00:00;SO299456;C0021;VS002;1371;2030-05-13 00:00:00;2030-05-19 00:00:00;2030-05-03 00:00:00;2030-05-09 00:00:00
2030-04-29 00:00:00;SO631486;C0019;VS005;1176;2030-07-01 00:00:00;2030-06-27 00:00:00;2030-05-03 00:00:00;2030-04-29 00:00:00
2030-04-29 00:00:00;SO299456;C0021;CT003;362;2030-05-13 00:00:00;2030-05-08 00:00:00;2030-05-03 00:00:00;2030-04-28 00:00:00
2030-04-29 00:00:00;SO631486;C0019;CS002;846;2030-07-01 00:00:00;2030-07-05 00:00:00;2030-05-03 00:00:00;2030-05-07 00:00:00
2030-04-29 00:00:00;SO631486;C0019;AL002;619;2030-07-01 00:00:00;2030-07-09 00:00:00;2030-05-03 00:00:00;2030-05-11 00:00:00
2030-04-29 00:00:00;SO974284;C0014;CT002;1002;2030-06-03 00:00:00;2030-06-08 00:00:00;2030-05-03 00:00:00;2030-05-08 00:00:00
2030-04-29 00:00:00;SO631486;C0019;AS002;1255;2030-07-01 00:00:00;2030-06-27 00:00:00;2030-05-03 00:00:00;2030-04-29 00:00:00
2030-04-29 00:00:00;SO299456;C0021;CS002;505;2030-05-13 00:00:00;2030-05-20 00:00:00;2030-05-03 00:00:00;2030-05-10 00:00:00
2030-04-29 00:00:00;SO631486;C0019;CL001;743;2030-07-01 00:00:00;2030-07-09 00:00:00;2030-05-03 00:00:00;2030-05-11 00:00:00
2030-04-29 00:00:00;SO299456;C0021;AS002;898;2030-05-13 00:00:00;2030-05-11 00:00:00;2030-05-03 00:00:00;2030-05-01 00:00:00
2030-04-29 00:00:00;SO401097;C0009;AS004;1299;2030-05-13 00:00:00;2030-05-07 00:00:00;2030-05-02 00:00:00;2030-04-26 00:00:00
2030-04-29 00:00:00;SO974284;C0014;CS004;751;2030-06-03 00:00:00;2030-05-26 00:00:00;2030-05-03 00:00:00;2030-04-25 00:00:00
2030-04-30 00:00:00;SO730542;C0029;CT002;881;2030-06-25 00:00:00;2030-06-19 00:00:00;2030-05-08 00:00:00;2030-05-02 00:00:00
2030-04-30 00:00:00;SO382593;C0018;CL001;940;2030-07-02 00:00:00;2030-07-07 00:00:00;2030-05-04 00:00:00;2030-05-09 00:00:00
2030-04-30 00:00:00;SO910068;C0023;AT001;881;2030-06-04 00:00:00;2030-06-02 00:00:00;2030-05-04 00:00:00;2030-05-02 00:00:00
2030-04-30 00:00:00;SO382593;C0018;VS005;504;2030-07-02 00:00:00;2030-07-05 00:00:00;2030-05-04 00:00:00;2030-05-07 00:00:00
2030-04-30 00:00:00;SO382593;C0018;AT002;610;2030-07-02 00:00:00;2030-06-28 00:00:00;2030-05-04 00:00:00;2030-04-30 00:00:00
2030-04-30 00:00:00;SO730542;C0029;VS005;1292;2030-06-25 00:00:00;2030-06-27 00:00:00;2030-05-08 00:00:00;2030-05-10 00:00:00
2030-04-30 00:00:00;SO730542;C0029;AT001;1216;2030-06-25 00:00:00;2030-07-05 00:00:00;2030-05-08 00:00:00;2030-05-18 00:00:00
2030-04-30 00:00:00;SO730542;C0029;CS003;1071;2030-06-25 00:00:00;2030-06-26 00:00:00;2030-05-08 00:00:00;2030-05-09 00:00:00
2030-04-30 00:00:00;SO910068;C0023;VS005;633;2030-06-04 00:00:00;2030-06-01 00:00:00;2030-05-04 00:00:00;2030-05-01 00:00:00
2030-04-30 00:00:00;SO382593;C0018;VS002;479;2030-07-02 00:00:00;2030-06-24 00:00:00;2030-05-04 00:00:00;2030-04-26 00:00:00
2030-04-30 00:00:00;SO382593;C0018;VS001;1023;2030-07-02 00:00:00;2030-07-01 00:00:00;2030-05-04 00:00:00;2030-05-03 00:00:00
2030-04-30 00:00:00;SO730542;C0029;CS004;995;2030-06-25 00:00:00;2030-06-22 00:00:00;2030-05-08 00:00:00;2030-05-05 00:00:00
2030-04-30 00:00:00;SO382593;C0018;VS003;1085;2030-07-02 00:00:00;2030-06-29 00:00:00;2030-05-04 00:00:00;2030-05-01 00:00:00
2030-04-30 00:00:00;SO382593;C0018;AL002;976;2030-07-02 00:00:00;2030-07-01 00:00:00;2030-05-04 00:00:00;2030-05-03 00:00:00
2030-04-30 00:00:00;SO382593;C0018;CS003;755;2030-07-02 00:00:00;2030-06-27 00:00:00;2030-05-04 00:00:00;2030-04-29 00:00:00
2030-04-30 00:00:00;SO910068;C0023;CT002;391;2030-06-04 00:00:00;2030-06-08 00:00:00;2030-05-04 00:00:00;2030-05-08 00:00:00
2030-04-30 00:00:00;SO382593;C0018;AS004;745;2030-07-02 00:00:00;2030-07-04 00:00:00;2030-05-04 00:00:00;2030-05-06 00:00:00
2030-04-30 00:00:00;SO382593;C0018;CS001;684;2030-07-02 00:00:00;2030-07-05 00:00:00;2030-05-04 00:00:00;2030-05-07 00:00:00
2030-05-01 00:00:00;SO617745;C0024;VS004;843;2030-05-29 00:00:00;2030-05-19 00:00:00;2030-05-05 00:00:00;2030-04-25 00:00:00
2030-05-01 00:00:00;SO952959;C0020;CS002;710;2030-06-26 00:00:00;2030-06-27 00:00:00;2030-05-05 00:00:00;2030-05-06 00:00:00
2030-05-01 00:00:00;SO419677;C0013;CT002;1039;2030-05-29 00:00:00;2030-05-21 00:00:00;2030-05-05 00:00:00;2030-04-27 00:00:00
2030-05-01 00:00:00;SO445553;C0012;CS002;843;2030-05-29 00:00:00;2030-06-03 00:00:00;2030-05-04 00:00:00;2030-05-09 00:00:00
2030-05-01 00:00:00;SO617745;C0024;AS001;589;2030-05-29 00:00:00;2030-06-06 00:00:00;2030-05-05 00:00:00;2030-05-13 00:00:00
2030-05-01 00:00:00;SO445553;C0012;CT001;696;2030-05-29 00:00:00;2030-06-05 00:00:00;2030-05-04 00:00:00;2030-05-11 00:00:00
2030-05-01 00:00:00;SO419677;C0013;AT002;338;2030-05-29 00:00:00;2030-05-21 00:00:00;2030-05-05 00:00:00;2030-04-27 00:00:00
2030-05-01 00:00:00;SO952959;C0020;VS001;611;2030-06-26 00:00:00;2030-07-05 00:00:00;2030-05-05 00:00:00;2030-05-14 00:00:00
2030-05-01 00:00:00;SO419677;C0013;AS005;1340;2030-05-29 00:00:00;2030-05-31 00:00:00;2030-05-05 00:00:00;2030-05-07 00:00:00
2030-05-01 00:00:00;SO952959;C0020;CL002;950;2030-06-26 00:00:00;2030-06-29 00:00:00;2030-05-05 00:00:00;2030-05-08 00:00:00
2030-05-01 00:00:00;SO952959;C0020;VS005;898;2030-06-26 00:00:00;2030-06-18 00:00:00;2030-05-05 00:00:00;2030-04-27 00:00:00
2030-05-01 00:00:00;SO445553;C0012;AT001;965;2030-05-29 00:00:00;2030-05-27 00:00:00;2030-05-04 00:00:00;2030-05-02 00:00:00
2030-05-01 00:00:00;SO617745;C0024;AT002;851;2030-05-29 00:00:00;2030-05-28 00:00:00;2030-05-05 00:00:00;2030-05-04 00:00:00
2030-05-01 00:00:00;SO952959;C0020;CT001;799;2030-06-26 00:00:00;2030-07-02 00:00:00;2030-05-05 00:00:00;2030-05-11 00:00:00
2030-05-01 00:00:00;SO617745;C0024;VS005;931;2030-05-29 00:00:00;2030-06-05 00:00:00;2030-05-05 00:00:00;2030-05-12 00:00:00
2030-05-02 00:00:00;SO434917;C0022;AT001;1068;2030-06-13 00:00:00;2030-06-06 00:00:00;2030-05-06 00:00:00;2030-04-29 00:00:00
2030-05-02 00:00:00;SO517916;C0021;VS005;714;2030-05-16 00:00:00;2030-05-22 00:00:00;2030-05-06 00:00:00;2030-05-12 00:00:00
2030-05-02 00:00:00;SO517916;C0021;VS003;831;2030-05-16 00:00:00;2030-05-21 00:00:00;2030-05-06 00:00:00;2030-05-11 00:00:00
2030-05-02 00:00:00;SO434917;C0022;AS001;703;2030-06-13 00:00:00;2030-06-13 00:00:00;2030-05-06 00:00:00;2030-05-06 00:00:00
2030-05-02 00:00:00;SO434917;C0022;AS004;1510;2030-06-13 00:00:00;2030-06-13 00:00:00;2030-05-06 00:00:00;2030-05-06 00:00:00
2030-05-02 00:00:00;SO434917;C0022;AL002;822;2030-06-13 00:00:00;2030-06-20 00:00:00;2030-05-06 00:00:00;2030-05-13 00:00:00
2030-05-02 00:00:00;SO517916;C0021;AT002;772;2030-05-16 00:00:00;2030-05-10 00:00:00;2030-05-06 00:00:00;2030-04-30 00:00:00
2030-05-02 00:00:00;SO517916;C0021;CS002;803;2030-05-16 00:00:00;2030-05-20 00:00:00;2030-05-06 00:00:00;2030-05-10 00:00:00
2030-05-02 00:00:00;SO434917;C0022;CS001;1034;2030-06-13 00:00:00;2030-06-07 00:00:00;2030-05-06 00:00:00;2030-04-30 00:00:00
2030-05-02 00:00:00;SO434917;C0022;CS003;939;2030-06-13 00:00:00;2030-06-08 00:00:00;2030-05-06 00:00:00;2030-05-01 00:00:00
2030-05-02 00:00:00;SO434917;C0022;CL001;751;2030-06-13 00:00:00;2030-06-03 00:00:00;2030-05-06 00:00:00;2030-04-26 00:00:00
2030-05-02 00:00:00;SO517916;C0021;CT003;988;2030-05-16 00:00:00;2030-05-26 00:00:00;2030-05-06 00:00:00;2030-05-16 00:00:00
2030-05-02 00:00:00;SO517916;C0021;CT001;375;2030-05-16 00:00:00;2030-05-26 00:00:00;2030-05-06 00:00:00;2030-05-16 00:00:00
2030-05-02 00:00:00;SO434917;C0022;CT002;482;2030-06-13 00:00:00;2030-06-13 00:00:00;2030-05-06 00:00:00;2030-05-06 00:00:00
2030-05-02 00:00:00;SO434917;C0022;CT003;579;2030-06-13 00:00:00;2030-06-14 00:00:00;2030-05-06 00:00:00;2030-05-07 00:00:00
2030-05-02 00:00:00;SO434917;C0022;VS003;960;2030-06-13 00:00:00;2030-06-18 00:00:00;2030-05-06 00:00:00;2030-05-11 00:00:00
2030-05-02 00:00:00;SO517916;C0021;VS001;1054;2030-05-16 00:00:00;2030-05-09 00:00:00;2030-05-06 00:00:00;2030-04-29 00:00:00
2030-05-03 00:00:00;SO542578;C0023;AL002;1149;2030-06-07 00:00:00;2030-05-29 00:00:00;2030-05-07 00:00:00;2030-04-28 00:00:00
2030-05-03 00:00:00;SO995118;C0013;AS001;541;2030-05-31 00:00:00;2030-06-09 00:00:00;2030-05-07 00:00:00;2030-05-16 00:00:00
2030-05-03 00:00:00;SO946916;C0029;AL001;932;2030-06-28 00:00:00;2030-06-20 00:00:00;2030-05-11 00:00:00;2030-05-03 00:00:00
2030-05-03 00:00:00;SO119488;C0012;AT001;1019;2030-05-31 00:00:00;2030-05-22 00:00:00;2030-05-06 00:00:00;2030-04-27 00:00:00
2030-05-03 00:00:00;SO542578;C0023;AS001;940;2030-06-07 00:00:00;2030-06-16 00:00:00;2030-05-07 00:00:00;2030-05-16 00:00:00
2030-05-03 00:00:00;SO119488;C0012;CS002;379;2030-05-31 00:00:00;2030-05-25 00:00:00;2030-05-06 00:00:00;2030-04-30 00:00:00
2030-05-03 00:00:00;SO119488;C0012;CS001;572;2030-05-31 00:00:00;2030-05-29 00:00:00;2030-05-06 00:00:00;2030-05-04 00:00:00
2030-05-03 00:00:00;SO119488;C0012;CL001;1174;2030-05-31 00:00:00;2030-05-21 00:00:00;2030-05-06 00:00:00;2030-04-26 00:00:00
2030-05-03 00:00:00;SO542578;C0023;CL001;636;2030-06-07 00:00:00;2030-06-09 00:00:00;2030-05-07 00:00:00;2030-05-09 00:00:00
2030-05-03 00:00:00;SO119488;C0012;AS004;1411;2030-05-31 00:00:00;2030-06-01 00:00:00;2030-05-06 00:00:00;2030-05-07 00:00:00
2030-05-03 00:00:00;SO946916;C0029;AS001;817;2030-06-28 00:00:00;2030-06-25 00:00:00;2030-05-11 00:00:00;2030-05-08 00:00:00
2030-05-03 00:00:00;SO119488;C0012;VS005;406;2030-05-31 00:00:00;2030-06-04 00:00:00;2030-05-06 00:00:00;2030-05-10 00:00:00
2030-05-03 00:00:00;SO946916;C0029;AS004;1093;2030-06-28 00:00:00;2030-07-03 00:00:00;2030-05-11 00:00:00;2030-05-16 00:00:00
2030-05-03 00:00:00;SO119488;C0012;VS004;1443;2030-05-31 00:00:00;2030-05-21 00:00:00;2030-05-06 00:00:00;2030-04-26 00:00:00
2030-05-03 00:00:00;SO542578;C0023;AS004;607;2030-06-07 00:00:00;2030-06-07 00:00:00;2030-05-07 00:00:00;2030-05-07 00:00:00
2030-05-03 00:00:00;SO119488;C0012;CS003;1369;2030-05-31 00:00:00;2030-05-27 00:00:00;2030-05-06 00:00:00;2030-05-02 00:00:00
2030-05-03 00:00:00;SO946916;C0029;CS003;1067;2030-06-28 00:00:00;2030-07-02 00:00:00;2030-05-11 00:00:00;2030-05-15 00:00:00
2030-05-03 00:00:00;SO995118;C0013;AL002;577;2030-05-31 00:00:00;2030-06-07 00:00:00;2030-05-07 00:00:00;2030-05-14 00:00:00
2030-05-03 00:00:00;SO946916;C0029;CS002;829;2030-06-28 00:00:00;2030-06-27 00:00:00;2030-05-11 00:00:00;2030-05-10 00:00:00
2030-05-03 00:00:00;SO542578;C0023;AS005;1170;2030-06-07 00:00:00;2030-05-30 00:00:00;2030-05-07 00:00:00;2030-04-29 00:00:00
2030-05-06 00:00:00;SO631377;C0026;CS001;1153;2030-06-10 00:00:00;2030-06-02 00:00:00;2030-05-14 00:00:00;2030-05-06 00:00:00
2030-05-06 00:00:00;SO901832;C0025;AS004;1216;2030-06-03 00:00:00;2030-06-07 00:00:00;2030-05-14 00:00:00;2030-05-18 00:00:00
2030-05-06 00:00:00;SO113469;C0018;AT002;443;2030-07-08 00:00:00;2030-07-02 00:00:00;2030-05-10 00:00:00;2030-05-04 00:00:00
2030-05-06 00:00:00;SO631377;C0026;CS003;792;2030-06-10 00:00:00;2030-06-09 00:00:00;2030-05-14 00:00:00;2030-05-13 00:00:00
2030-05-06 00:00:00;SO113469;C0018;AS003;1310;2030-07-08 00:00:00;2030-07-05 00:00:00;2030-05-10 00:00:00;2030-05-07 00:00:00
2030-05-06 00:00:00;SO113469;C0018;CS003;994;2030-07-08 00:00:00;2030-07-15 00:00:00;2030-05-10 00:00:00;2030-05-17 00:00:00
2030-05-06 00:00:00;SO631377;C0026;AS001;988;2030-06-10 00:00:00;2030-06-07 00:00:00;2030-05-14 00:00:00;2030-05-11 00:00:00
2030-05-06 00:00:00;SO113469;C0018;CT003;936;2030-07-08 00:00:00;2030-07-16 00:00:00;2030-05-10 00:00:00;2030-05-18 00:00:00
2030-05-06 00:00:00;SO631377;C0026;AS002;879;2030-06-10 00:00:00;2030-06-10 00:00:00;2030-05-14 00:00:00;2030-05-14 00:00:00
2030-05-06 00:00:00;SO901832;C0025;VS005;343;2030-06-03 00:00:00;2030-06-05 00:00:00;2030-05-14 00:00:00;2030-05-16 00:00:00
2030-05-06 00:00:00;SO113469;C0018;AS004;1249;2030-07-08 00:00:00;2030-07-10 00:00:00;2030-05-10 00:00:00;2030-05-12 00:00:00
2030-05-06 00:00:00;SO631377;C0026;CS004;1019;2030-06-10 00:00:00;2030-05-31 00:00:00;2030-05-14 00:00:00;2030-05-04 00:00:00
2030-05-06 00:00:00;SO113469;C0018;CS001;1034;2030-07-08 00:00:00;2030-07-09 00:00:00;2030-05-10 00:00:00;2030-05-11 00:00:00
2030-05-06 00:00:00;SO901832;C0025;AT001;567;2030-06-03 00:00:00;2030-06-03 00:00:00;2030-05-14 00:00:00;2030-05-14 00:00:00
2030-05-06 00:00:00;SO113469;C0018;VS005;821;2030-07-08 00:00:00;2030-07-08 00:00:00;2030-05-10 00:00:00;2030-05-10 00:00:00
2030-05-07 00:00:00;SO794594;C0006;VS001;644;2030-07-09 00:00:00;2030-07-07 00:00:00;2030-05-09 00:00:00;2030-05-07 00:00:00
2030-05-07 00:00:00;SO869938;C0008;VS001;443;2030-07-02 00:00:00;2030-07-08 00:00:00;2030-05-10 00:00:00;2030-05-16 00:00:00
2030-05-07 00:00:00;SO146102;C0004;AS001;1006;2030-05-21 00:00:00;2030-05-19 00:00:00;2030-05-09 00:00:00;2030-05-07 00:00:00
2030-05-07 00:00:00;SO692477;C0029;CS004;634;2030-07-02 00:00:00;2030-07-12 00:00:00;2030-05-15 00:00:00;2030-05-25 00:00:00
2030-05-07 00:00:00;SO692477;C0029;AT001;585;2030-07-02 00:00:00;2030-07-11 00:00:00;2030-05-15 00:00:00;2030-05-24 00:00:00
2030-05-07 00:00:00;SO794594;C0006;AS002;1233;2030-07-09 00:00:00;2030-07-05 00:00:00;2030-05-09 00:00:00;2030-05-05 00:00:00
2030-05-07 00:00:00;SO869938;C0008;CT002;802;2030-07-02 00:00:00;2030-07-07 00:00:00;2030-05-10 00:00:00;2030-05-15 00:00:00
2030-05-07 00:00:00;SO869938;C0008;CS003;594;2030-07-02 00:00:00;2030-06-30 00:00:00;2030-05-10 00:00:00;2030-05-08 00:00:00
2030-05-07 00:00:00;SO692477;C0029;CL001;541;2030-07-02 00:00:00;2030-06-27 00:00:00;2030-05-15 00:00:00;2030-05-10 00:00:00
2030-05-07 00:00:00;SO146102;C0004;VS003;872;2030-05-21 00:00:00;2030-05-28 00:00:00;2030-05-09 00:00:00;2030-05-16 00:00:00
2030-05-07 00:00:00;SO794594;C0006;AL002;1360;2030-07-09 00:00:00;2030-07-11 00:00:00;2030-05-09 00:00:00;2030-05-11 00:00:00
2030-05-07 00:00:00;SO692477;C0029;AS004;678;2030-07-02 00:00:00;2030-07-06 00:00:00;2030-05-15 00:00:00;2030-05-19 00:00:00
2030-05-08 00:00:00;SO335691;C0026;AS002;1150;2030-06-12 00:00:00;2030-06-22 00:00:00;2030-05-16 00:00:00;2030-05-26 00:00:00
2030-05-08 00:00:00;SO496418;C0029;CS002;1171;2030-07-03 00:00:00;2030-07-01 00:00:00;2030-05-16 00:00:00;2030-05-14 00:00:00
2030-05-08 00:00:00;SO945849;C0003;VS003;478;2030-06-19 00:00:00;2030-06-20 00:00:00;2030-05-10 00:00:00;2030-05-11 00:00:00
2030-05-08 00:00:00;SO128202;C0017;CT001;964;2030-07-03 00:00:00;2030-07-03 00:00:00;2030-05-12 00:00:00;2030-05-12 00:00:00
2030-05-08 00:00:00;SO496418;C0029;AT002;615;2030-07-03 00:00:00;2030-06-24 00:00:00;2030-05-16 00:00:00;2030-05-07 00:00:00
2030-05-08 00:00:00;SO128202;C0017;CL001;1204;2030-07-03 00:00:00;2030-07-02 00:00:00;2030-05-12 00:00:00;2030-05-11 00:00:00
2030-05-08 00:00:00;SO945849;C0003;AS001;743;2030-06-19 00:00:00;2030-06-16 00:00:00;2030-05-10 00:00:00;2030-05-07 00:00:00
2030-05-08 00:00:00;SO496418;C0029;AT001;850;2030-07-03 00:00:00;2030-07-13 00:00:00;2030-05-16 00:00:00;2030-05-26 00:00:00
2030-05-08 00:00:00;SO128202;C0017;AS005;1306;2030-07-03 00:00:00;2030-07-12 00:00:00;2030-05-12 00:00:00;2030-05-21 00:00:00
2030-05-08 00:00:00;SO128202;C0017;AS001;574;2030-07-03 00:00:00;2030-06-23 00:00:00;2030-05-12 00:00:00;2030-05-02 00:00:00
2030-05-08 00:00:00;SO945849;C0003;AS003;778;2030-06-19 00:00:00;2030-06-14 00:00:00;2030-05-10 00:00:00;2030-05-05 00:00:00
2030-05-08 00:00:00;SO496418;C0029;AS001;1138;2030-07-03 00:00:00;2030-07-07 00:00:00;2030-05-16 00:00:00;2030-05-20 00:00:00
2030-05-08 00:00:00;SO128202;C0017;AS002;419;2030-07-03 00:00:00;2030-07-04 00:00:00;2030-05-12 00:00:00;2030-05-13 00:00:00
2030-05-08 00:00:00;SO335691;C0026;VS001;1253;2030-06-12 00:00:00;2030-06-21 00:00:00;2030-05-16 00:00:00;2030-05-25 00:00:00
2030-05-08 00:00:00;SO945849;C0003;VS001;1023;2030-06-19 00:00:00;2030-06-24 00:00:00;2030-05-10 00:00:00;2030-05-15 00:00:00
2030-05-08 00:00:00;SO128202;C0017;VS005;1457;2030-07-03 00:00:00;2030-06-26 00:00:00;2030-05-12 00:00:00;2030-05-05 00:00:00
2030-05-09 00:00:00;SO297206;C0005;AS002;1259;2030-07-04 00:00:00;2030-07-08 00:00:00;2030-05-11 00:00:00;2030-05-15 00:00:00
2030-05-09 00:00:00;SO641609;C0026;AL001;918;2030-06-13 00:00:00;2030-06-12 00:00:00;2030-05-17 00:00:00;2030-05-16 00:00:00
2030-05-09 00:00:00;SO896498;C0018;CT003;384;2030-07-11 00:00:00;2030-07-03 00:00:00;2030-05-13 00:00:00;2030-05-05 00:00:00
2030-05-09 00:00:00;SO896498;C0018;CS002;1061;2030-07-11 00:00:00;2030-07-13 00:00:00;2030-05-13 00:00:00;2030-05-15 00:00:00
2030-05-09 00:00:00;SO896498;C0018;CS003;722;2030-07-11 00:00:00;2030-07-14 00:00:00;2030-05-13 00:00:00;2030-05-16 00:00:00
2030-05-09 00:00:00;SO297206;C0005;AS003;1075;2030-07-04 00:00:00;2030-06-26 00:00:00;2030-05-11 00:00:00;2030-05-03 00:00:00
2030-05-09 00:00:00;SO297206;C0005;CS003;552;2030-07-04 00:00:00;2030-07-14 00:00:00;2030-05-11 00:00:00;2030-05-21 00:00:00
2030-05-09 00:00:00;SO896498;C0018;AS005;1253;2030-07-11 00:00:00;2030-07-08 00:00:00;2030-05-13 00:00:00;2030-05-10 00:00:00
2030-05-09 00:00:00;SO297206;C0005;CS002;397;2030-07-04 00:00:00;2030-06-27 00:00:00;2030-05-11 00:00:00;2030-05-04 00:00:00
2030-05-09 00:00:00;SO297206;C0005;CS001;1341;2030-07-04 00:00:00;2030-07-01 00:00:00;2030-05-11 00:00:00;2030-05-08 00:00:00
2030-05-09 00:00:00;SO641609;C0026;VS003;1078;2030-06-13 00:00:00;2030-06-22 00:00:00;2030-05-17 00:00:00;2030-05-26 00:00:00
2030-05-09 00:00:00;SO297206;C0005;AS005;968;2030-07-04 00:00:00;2030-07-10 00:00:00;2030-05-11 00:00:00;2030-05-17 00:00:00
2030-05-09 00:00:00;SO297206;C0005;CL001;557;2030-07-04 00:00:00;2030-06-25 00:00:00;2030-05-11 00:00:00;2030-05-02 00:00:00
2030-05-09 00:00:00;SO896498;C0018;AT001;548;2030-07-11 00:00:00;2030-07-04 00:00:00;2030-05-13 00:00:00;2030-05-06 00:00:00
2030-05-09 00:00:00;SO641609;C0026;CL001;483;2030-06-13 00:00:00;2030-06-09 00:00:00;2030-05-17 00:00:00;2030-05-13 00:00:00
2030-05-09 00:00:00;SO641609;C0026;CS002;787;2030-06-13 00:00:00;2030-06-03 00:00:00;2030-05-17 00:00:00;2030-05-07 00:00:00
2030-05-10 00:00:00;SO557586;C0022;AS001;550;2030-06-21 00:00:00;2030-06-28 00:00:00;2030-05-14 00:00:00;2030-05-21 00:00:00
2030-05-10 00:00:00;SO926897;C0003;VS005;529;2030-06-21 00:00:00;2030-06-30 00:00:00;2030-05-12 00:00:00;2030-05-21 00:00:00
2030-05-10 00:00:00;SO959232;C0016;CS002;553;2030-05-24 00:00:00;2030-05-21 00:00:00;2030-05-14 00:00:00;2030-05-11 00:00:00
2030-05-10 00:00:00;SO926897;C0003;CL002;798;2030-06-21 00:00:00;2030-06-13 00:00:00;2030-05-12 00:00:00;2030-05-04 00:00:00
2030-05-10 00:00:00;SO959232;C0016;CS004;636;2030-05-24 00:00:00;2030-05-16 00:00:00;2030-05-14 00:00:00;2030-05-06 00:00:00
2030-05-10 00:00:00;SO557586;C0022;CT001;879;2030-06-21 00:00:00;2030-06-24 00:00:00;2030-05-14 00:00:00;2030-05-17 00:00:00
2030-05-10 00:00:00;SO959232;C0016;CS001;1363;2030-05-24 00:00:00;2030-05-22 00:00:00;2030-05-14 00:00:00;2030-05-12 00:00:00
2030-05-10 00:00:00;SO926897;C0003;AL001;648;2030-06-21 00:00:00;2030-06-22 00:00:00;2030-05-12 00:00:00;2030-05-13 00:00:00
2030-05-10 00:00:00;SO926897;C0003;AS004;395;2030-06-21 00:00:00;2030-06-14 00:00:00;2030-05-12 00:00:00;2030-05-05 00:00:00
2030-05-10 00:00:00;SO926897;C0003;CS004;1163;2030-06-21 00:00:00;2030-06-13 00:00:00;2030-05-12 00:00:00;2030-05-04 00:00:00
2030-05-10 00:00:00;SO959232;C0016;AL002;748;2030-05-24 00:00:00;2030-05-29 00:00:00;2030-05-14 00:00:00;2030-05-19 00:00:00
2030-05-10 00:00:00;SO959232;C0016;VS004;593;2030-05-24 00:00:00;2030-05-14 00:00:00;2030-05-14 00:00:00;2030-05-04 00:00:00
2030-05-10 00:00:00;SO557586;C0022;CL001;839;2030-06-21 00:00:00;2030-06-13 00:00:00;2030-05-14 00:00:00;2030-05-06 00:00:00
2030-05-10 00:00:00;SO959232;C0016;AS003;1201;2030-05-24 00:00:00;2030-05-18 00:00:00;2030-05-14 00:00:00;2030-05-08 00:00:00
2030-05-10 00:00:00;SO959232;C0016;AL001;1209;2030-05-24 00:00:00;2030-05-20 00:00:00;2030-05-14 00:00:00;2030-05-10 00:00:00
2030-05-13 00:00:00;SO891667;C0018;AS004;1222;2030-07-15 00:00:00;2030-07-11 00:00:00;2030-05-17 00:00:00;2030-05-13 00:00:00
2030-05-13 00:00:00;SO158988;C0006;VS001;1135;2030-07-15 00:00:00;2030-07-14 00:00:00;2030-05-15 00:00:00;2030-05-14 00:00:00
2030-05-13 00:00:00;SO258055;C0026;CT003;391;2030-06-17 00:00:00;2030-06-12 00:00:00;2030-05-21 00:00:00;2030-05-16 00:00:00
2030-05-13 00:00:00;SO511475;C0004;AL002;1207;2030-05-27 00:00:00;2030-05-27 00:00:00;2030-05-15 00:00:00;2030-05-15 00:00:00
2030-05-13 00:00:00;SO511475;C0004;VS003;954;2030-05-27 00:00:00;2030-06-05 00:00:00;2030-05-15 00:00:00;2030-05-24 00:00:00
2030-05-13 00:00:00;SO158988;C0006;VS003;1139;2030-07-15 00:00:00;2030-07-15 00:00:00;2030-05-15 00:00:00;2030-05-15 00:00:00
2030-05-13 00:00:00;SO511475;C0004;CL001;1229;2030-05-27 00:00:00;2030-06-02 00:00:00;2030-05-15 00:00:00;2030-05-21 00:00:00
2030-05-13 00:00:00;SO158988;C0006;VS005;1275;2030-07-15 00:00:00;2030-07-07 00:00:00;2030-05-15 00:00:00;2030-05-07 00:00:00
2030-05-13 00:00:00;SO158988;C0006;AS005;513;2030-07-15 00:00:00;2030-07-22 00:00:00;2030-05-15 00:00:00;2030-05-22 00:00:00
2030-05-13 00:00:00;SO891667;C0018;CS004;420;2030-07-15 00:00:00;2030-07-12 00:00:00;2030-05-17 00:00:00;2030-05-14 00:00:00
2030-05-13 00:00:00;SO891667;C0018;VS001;1341;2030-07-15 00:00:00;2030-07-20 00:00:00;2030-05-17 00:00:00;2030-05-22 00:00:00
2030-05-13 00:00:00;SO258055;C0026;CS001;630;2030-06-17 00:00:00;2030-06-17 00:00:00;2030-05-21 00:00:00;2030-05-21 00:00:00
2030-05-13 00:00:00;SO511475;C0004;AS004;1014;2030-05-27 00:00:00;2030-06-01 00:00:00;2030-05-15 00:00:00;2030-05-20 00:00:00
2030-05-13 00:00:00;SO511475;C0004;CT002;1124;2030-05-27 00:00:00;2030-05-26 00:00:00;2030-05-15 00:00:00;2030-05-14 00:00:00
2030-05-13 00:00:00;SO511475;C0004;VS005;1500;2030-05-27 00:00:00;2030-06-03 00:00:00;2030-05-15 00:00:00;2030-05-22 00:00:00
2030-05-13 00:00:00;SO891667;C0018;AT001;1028;2030-07-15 00:00:00;2030-07-18 00:00:00;2030-05-17 00:00:00;2030-05-20 00:00:00
2030-05-14 00:00:00;SO682294;C0030;AL002;1315;2030-07-16 00:00:00;2030-07-18 00:00:00;2030-05-22 00:00:00;2030-05-24 00:00:00
2030-05-14 00:00:00;SO188762;C0007;VS001;1341;2030-07-16 00:00:00;2030-07-11 00:00:00;2030-05-17 00:00:00;2030-05-12 00:00:00
2030-05-14 00:00:00;SO877217;C0016;CT003;792;2030-05-28 00:00:00;2030-05-29 00:00:00;2030-05-18 00:00:00;2030-05-19 00:00:00
2030-05-14 00:00:00;SO877217;C0016;AS005;634;2030-05-28 00:00:00;2030-06-05 00:00:00;2030-05-18 00:00:00;2030-05-26 00:00:00
2030-05-14 00:00:00;SO188762;C0007;CT003;596;2030-07-16 00:00:00;2030-07-18 00:00:00;2030-05-17 00:00:00;2030-05-19 00:00:00
2030-05-14 00:00:00;SO682294;C0030;CS004;929;2030-07-16 00:00:00;2030-07-15 00:00:00;2030-05-22 00:00:00;2030-05-21 00:00:00
2030-05-14 00:00:00;SO188762;C0007;CT001;955;2030-07-16 00:00:00;2030-07-08 00:00:00;2030-05-17 00:00:00;2030-05-09 00:00:00
2030-05-14 00:00:00;SO682294;C0030;CS003;990;2030-07-16 00:00:00;2030-07-21 00:00:00;2030-05-22 00:00:00;2030-05-27 00:00:00
2030-05-14 00:00:00;SO877217;C0016;AL002;938;2030-05-28 00:00:00;2030-05-27 00:00:00;2030-05-18 00:00:00;2030-05-17 00:00:00
2030-05-14 00:00:00;SO877217;C0016;AT001;913;2030-05-28 00:00:00;2030-05-26 00:00:00;2030-05-18 00:00:00;2030-05-16 00:00:00
2030-05-14 00:00:00;SO188762;C0007;AS004;994;2030-07-16 00:00:00;2030-07-11 00:00:00;2030-05-17 00:00:00;2030-05-12 00:00:00
2030-05-14 00:00:00;SO188762;C0007;AS002;953;2030-07-16 00:00:00;2030-07-22 00:00:00;2030-05-17 00:00:00;2030-05-23 00:00:00
2030-05-14 00:00:00;SO682294;C0030;AS005;467;2030-07-16 00:00:00;2030-07-16 00:00:00;2030-05-22 00:00:00;2030-05-22 00:00:00
2030-05-14 00:00:00;SO188762;C0007;CL002;778;2030-07-16 00:00:00;2030-07-09 00:00:00;2030-05-17 00:00:00;2030-05-10 00:00:00
2030-05-15 00:00:00;SO728391;C0007;AL001;895;2030-07-17 00:00:00;2030-07-25 00:00:00;2030-05-18 00:00:00;2030-05-26 00:00:00
2030-05-15 00:00:00;SO868837;C0017;CS003;623;2030-07-10 00:00:00;2030-07-09 00:00:00;2030-05-19 00:00:00;2030-05-18 00:00:00
2030-05-15 00:00:00;SO169030;C0018;CL002;1138;2030-07-17 00:00:00;2030-07-11 00:00:00;2030-05-19 00:00:00;2030-05-13 00:00:00
2030-05-15 00:00:00;SO228680;C0028;AS002;424;2030-05-29 00:00:00;2030-05-25 00:00:00;2030-05-23 00:00:00;2030-05-19 00:00:00
2030-05-15 00:00:00;SO169030;C0018;CT002;1127;2030-07-17 00:00:00;2030-07-14 00:00:00;2030-05-19 00:00:00;2030-05-16 00:00:00
2030-05-15 00:00:00;SO728391;C0007;AS004;553;2030-07-17 00:00:00;2030-07-20 00:00:00;2030-05-18 00:00:00;2030-05-21 00:00:00
2030-05-15 00:00:00;SO868837;C0017;AS003;508;2030-07-10 00:00:00;2030-07-10 00:00:00;2030-05-19 00:00:00;2030-05-19 00:00:00
2030-05-15 00:00:00;SO228680;C0028;CT002;1549;2030-05-29 00:00:00;2030-05-26 00:00:00;2030-05-23 00:00:00;2030-05-20 00:00:00
2030-05-15 00:00:00;SO169030;C0018;VS005;413;2030-07-17 00:00:00;2030-07-19 00:00:00;2030-05-19 00:00:00;2030-05-21 00:00:00
2030-05-15 00:00:00;SO228680;C0028;VS003;1378;2030-05-29 00:00:00;2030-05-29 00:00:00;2030-05-23 00:00:00;2030-05-23 00:00:00
2030-05-15 00:00:00;SO728391;C0007;CS002;907;2030-07-17 00:00:00;2030-07-19 00:00:00;2030-05-18 00:00:00;2030-05-20 00:00:00
2030-05-15 00:00:00;SO868837;C0017;CS004;1069;2030-07-10 00:00:00;2030-07-07 00:00:00;2030-05-19 00:00:00;2030-05-16 00:00:00
2030-05-15 00:00:00;SO169030;C0018;CT003;604;2030-07-17 00:00:00;2030-07-23 00:00:00;2030-05-19 00:00:00;2030-05-25 00:00:00
2030-05-15 00:00:00;SO868837;C0017;AS001;664;2030-07-10 00:00:00;2030-06-30 00:00:00;2030-05-19 00:00:00;2030-05-09 00:00:00
2030-05-15 00:00:00;SO228680;C0028;CS004;1119;2030-05-29 00:00:00;2030-05-23 00:00:00;2030-05-23 00:00:00;2030-05-17 00:00:00
2030-05-15 00:00:00;SO868837;C0017;VS004;928;2030-07-10 00:00:00;2030-07-18 00:00:00;2030-05-19 00:00:00;2030-05-27 00:00:00
2030-05-15 00:00:00;SO228680;C0028;CT003;1236;2030-05-29 00:00:00;2030-06-04 00:00:00;2030-05-23 00:00:00;2030-05-29 00:00:00
2030-05-16 00:00:00;SO708615;C0015;CS004;579;2030-06-27 00:00:00;2030-06-23 00:00:00;2030-05-20 00:00:00;2030-05-16 00:00:00
2030-05-16 00:00:00;SO489534;C0013;CS004;708;2030-06-13 00:00:00;2030-06-22 00:00:00;2030-05-20 00:00:00;2030-05-29 00:00:00
2030-05-16 00:00:00;SO708615;C0015;AS003;384;2030-06-27 00:00:00;2030-06-25 00:00:00;2030-05-20 00:00:00;2030-05-18 00:00:00
2030-05-16 00:00:00;SO489534;C0013;CT001;977;2030-06-13 00:00:00;2030-06-21 00:00:00;2030-05-20 00:00:00;2030-05-28 00:00:00
2030-05-16 00:00:00;SO708615;C0015;VS003;328;2030-06-27 00:00:00;2030-06-22 00:00:00;2030-05-20 00:00:00;2030-05-15 00:00:00
2030-05-16 00:00:00;SO708615;C0015;AL002;1251;2030-06-27 00:00:00;2030-06-22 00:00:00;2030-05-20 00:00:00;2030-05-15 00:00:00
2030-05-16 00:00:00;SO489534;C0013;AS004;1057;2030-06-13 00:00:00;2030-06-03 00:00:00;2030-05-20 00:00:00;2030-05-10 00:00:00
2030-05-16 00:00:00;SO708615;C0015;AL001;360;2030-06-27 00:00:00;2030-06-20 00:00:00;2030-05-20 00:00:00;2030-05-13 00:00:00
2030-05-16 00:00:00;SO489534;C0013;AT002;772;2030-06-13 00:00:00;2030-06-11 00:00:00;2030-05-20 00:00:00;2030-05-18 00:00:00
2030-05-16 00:00:00;SO489534;C0013;CS001;1014;2030-06-13 00:00:00;2030-06-21 00:00:00;2030-05-20 00:00:00;2030-05-28 00:00:00
2030-05-16 00:00:00;SO708615;C0015;CT003;489;2030-06-27 00:00:00;2030-06-29 00:00:00;2030-05-20 00:00:00;2030-05-22 00:00:00
2030-05-16 00:00:00;SO708615;C0015;AT002;762;2030-06-27 00:00:00;2030-06-26 00:00:00;2030-05-20 00:00:00;2030-05-19 00:00:00
2030-05-16 00:00:00;SO489534;C0013;CL002;402;2030-06-13 00:00:00;2030-06-22 00:00:00;2030-05-20 00:00:00;2030-05-29 00:00:00
2030-05-16 00:00:00;SO708615;C0015;CS001;1310;2030-06-27 00:00:00;2030-06-22 00:00:00;2030-05-20 00:00:00;2030-05-15 00:00:00
2030-05-16 00:00:00;SO489534;C0013;CS002;1042;2030-06-13 00:00:00;2030-06-19 00:00:00;2030-05-20 00:00:00;2030-05-26 00:00:00
2030-05-16 00:00:00;SO489534;C0013;AT001;728;2030-06-13 00:00:00;2030-06-08 00:00:00;2030-05-20 00:00:00;2030-05-15 00:00:00
2030-05-16 00:00:00;SO489534;C0013;AS005;848;2030-06-13 00:00:00;2030-06-22 00:00:00;2030-05-20 00:00:00;2030-05-29 00:00:00
2030-05-16 00:00:00;SO489534;C0013;AL001;605;2030-06-13 00:00:00;2030-06-17 00:00:00;2030-05-20 00:00:00;2030-05-24 00:00:00
2030-05-17 00:00:00;SO344796;C0026;CS004;1404;2030-06-21 00:00:00;2030-06-13 00:00:00;2030-05-25 00:00:00;2030-05-17 00:00:00
2030-05-17 00:00:00;SO529730;C0029;VS004;460;2030-07-12 00:00:00;2030-07-05 00:00:00;2030-05-25 00:00:00;2030-05-18 00:00:00
2030-05-17 00:00:00;SO172936;C0016;CS004;1414;2030-05-31 00:00:00;2030-06-01 00:00:00;2030-05-21 00:00:00;2030-05-22 00:00:00
2030-05-17 00:00:00;SO815886;C0002;AS001;950;2030-06-21 00:00:00;2030-06-17 00:00:00;2030-05-19 00:00:00;2030-05-15 00:00:00
2030-05-17 00:00:00;SO172936;C0016;AL001;858;2030-05-31 00:00:00;2030-05-21 00:00:00;2030-05-21 00:00:00;2030-05-11 00:00:00
2030-05-17 00:00:00;SO815886;C0002;CT003;1307;2030-06-21 00:00:00;2030-06-19 00:00:00;2030-05-19 00:00:00;2030-05-17 00:00:00
2030-05-17 00:00:00;SO529730;C0029;CS001;960;2030-07-12 00:00:00;2030-07-21 00:00:00;2030-05-25 00:00:00;2030-06-03 00:00:00
2030-05-17 00:00:00;SO344796;C0026;AS001;1470;2030-06-21 00:00:00;2030-06-30 00:00:00;2030-05-25 00:00:00;2030-06-03 00:00:00
2030-05-17 00:00:00;SO344796;C0026;AS004;815;2030-06-21 00:00:00;2030-06-24 00:00:00;2030-05-25 00:00:00;2030-05-28 00:00:00
2030-05-17 00:00:00;SO815886;C0002;VS005;1159;2030-06-21 00:00:00;2030-06-24 00:00:00;2030-05-19 00:00:00;2030-05-22 00:00:00
2030-05-17 00:00:00;SO815886;C0002;AS005;855;2030-06-21 00:00:00;2030-06-14 00:00:00;2030-05-19 00:00:00;2030-05-12 00:00:00
2030-05-17 00:00:00;SO529730;C0029;AT002;619;2030-07-12 00:00:00;2030-07-10 00:00:00;2030-05-25 00:00:00;2030-05-23 00:00:00
2030-05-17 00:00:00;SO172936;C0016;CS001;822;2030-05-31 00:00:00;2030-05-25 00:00:00;2030-05-21 00:00:00;2030-05-15 00:00:00
2030-05-17 00:00:00;SO172936;C0016;VS003;880;2030-05-31 00:00:00;2030-06-09 00:00:00;2030-05-21 00:00:00;2030-05-30 00:00:00
2030-05-17 00:00:00;SO815886;C0002;CS003;1087;2030-06-21 00:00:00;2030-06-13 00:00:00;2030-05-19 00:00:00;2030-05-11 00:00:00
2030-05-17 00:00:00;SO529730;C0029;AL002;862;2030-07-12 00:00:00;2030-07-12 00:00:00;2030-05-25 00:00:00;2030-05-25 00:00:00
2030-05-17 00:00:00;SO344796;C0026;VS004;533;2030-06-21 00:00:00;2030-06-12 00:00:00;2030-05-25 00:00:00;2030-05-16 00:00:00
2030-05-17 00:00:00;SO172936;C0016;CL001;1458;2030-05-31 00:00:00;2030-05-24 00:00:00;2030-05-21 00:00:00;2030-05-14 00:00:00
2030-05-20 00:00:00;SO116094;C0022;CS003;994;2030-07-01 00:00:00;2030-06-29 00:00:00;2030-05-24 00:00:00;2030-05-22 00:00:00
2030-05-20 00:00:00;SO158712;C0013;VS004;452;2030-06-17 00:00:00;2030-06-12 00:00:00;2030-05-24 00:00:00;2030-05-19 00:00:00
2030-05-20 00:00:00;SO167479;C0017;AL002;1314;2030-07-15 00:00:00;2030-07-10 00:00:00;2030-05-24 00:00:00;2030-05-19 00:00:00
2030-05-20 00:00:00;SO366669;C0007;CT002;787;2030-07-22 00:00:00;2030-08-01 00:00:00;2030-05-23 00:00:00;2030-06-02 00:00:00
2030-05-20 00:00:00;SO158712;C0013;AT002;928;2030-06-17 00:00:00;2030-06-11 00:00:00;2030-05-24 00:00:00;2030-05-18 00:00:00
2030-05-20 00:00:00;SO366669;C0007;CL002;1262;2030-07-22 00:00:00;2030-07-21 00:00:00;2030-05-23 00:00:00;2030-05-22 00:00:00
2030-05-20 00:00:00;SO366669;C0007;CL001;938;2030-07-22 00:00:00;2030-07-12 00:00:00;2030-05-23 00:00:00;2030-05-13 00:00:00
2030-05-20 00:00:00;SO366669;C0007;CS004;402;2030-07-22 00:00:00;2030-08-01 00:00:00;2030-05-23 00:00:00;2030-06-02 00:00:00
2030-05-20 00:00:00;SO158712;C0013;CT001;939;2030-06-17 00:00:00;2030-06-25 00:00:00;2030-05-24 00:00:00;2030-06-01 00:00:00
2030-05-20 00:00:00;SO116094;C0022;AS003;870;2030-07-01 00:00:00;2030-07-01 00:00:00;2030-05-24 00:00:00;2030-05-24 00:00:00
2030-05-20 00:00:00;SO366669;C0007;AS001;1197;2030-07-22 00:00:00;2030-07-26 00:00:00;2030-05-23 00:00:00;2030-05-27 00:00:00
2030-05-20 00:00:00;SO158712;C0013;VS003;1008;2030-06-17 00:00:00;2030-06-09 00:00:00;2030-05-24 00:00:00;2030-05-16 00:00:00
2030-05-20 00:00:00;SO116094;C0022;CT003;423;2030-07-01 00:00:00;2030-07-02 00:00:00;2030-05-24 00:00:00;2030-05-25 00:00:00
2030-05-20 00:00:00;SO366669;C0007;AS003;1104;2030-07-22 00:00:00;2030-07-27 00:00:00;2030-05-23 00:00:00;2030-05-28 00:00:00
2030-05-21 00:00:00;SO327626;C0015;AS003;1584;2030-07-02 00:00:00;2030-07-04 00:00:00;2030-05-25 00:00:00;2030-05-27 00:00:00
2030-05-21 00:00:00;SO838251;C0024;CS002;542;2030-06-18 00:00:00;2030-06-09 00:00:00;2030-05-25 00:00:00;2030-05-16 00:00:00
2030-05-21 00:00:00;SO149844;C0004;VS001;1046;2030-06-04 00:00:00;2030-05-31 00:00:00;2030-05-23 00:00:00;2030-05-19 00:00:00
2030-05-21 00:00:00;SO838251;C0024;AL002;540;2030-06-18 00:00:00;2030-06-20 00:00:00;2030-05-25 00:00:00;2030-05-27 00:00:00
2030-05-21 00:00:00;SO327626;C0015;CS002;1389;2030-07-02 00:00:00;2030-07-03 00:00:00;2030-05-25 00:00:00;2030-05-26 00:00:00
2030-05-21 00:00:00;SO149844;C0004;AS002;1306;2030-06-04 00:00:00;2030-06-13 00:00:00;2030-05-23 00:00:00;2030-06-01 00:00:00
2030-05-21 00:00:00;SO838251;C0024;AS003;544;2030-06-18 00:00:00;2030-06-19 00:00:00;2030-05-25 00:00:00;2030-05-26 00:00:00
2030-05-21 00:00:00;SO838251;C0024;AL001;697;2030-06-18 00:00:00;2030-06-13 00:00:00;2030-05-25 00:00:00;2030-05-20 00:00:00
2030-05-21 00:00:00;SO149844;C0004;CS004;1086;2030-06-04 00:00:00;2030-06-06 00:00:00;2030-05-23 00:00:00;2030-05-25 00:00:00
2030-05-21 00:00:00;SO327626;C0015;AS001;1155;2030-07-02 00:00:00;2030-06-22 00:00:00;2030-05-25 00:00:00;2030-05-15 00:00:00
2030-05-21 00:00:00;SO327626;C0015;CL001;568;2030-07-02 00:00:00;2030-06-26 00:00:00;2030-05-25 00:00:00;2030-05-19 00:00:00
2030-05-21 00:00:00;SO149844;C0004;AS003;1160;2030-06-04 00:00:00;2030-05-26 00:00:00;2030-05-23 00:00:00;2030-05-14 00:00:00
2030-05-21 00:00:00;SO149844;C0004;CT003;703;2030-06-04 00:00:00;2030-06-09 00:00:00;2030-05-23 00:00:00;2030-05-28 00:00:00
2030-05-21 00:00:00;SO327626;C0015;CS001;1286;2030-07-02 00:00:00;2030-07-02 00:00:00;2030-05-25 00:00:00;2030-05-25 00:00:00
2030-05-21 00:00:00;SO149844;C0004;VS004;1225;2030-06-04 00:00:00;2030-05-26 00:00:00;2030-05-23 00:00:00;2030-05-14 00:00:00
2030-05-22 00:00:00;SO863954;C0029;AS003;568;2030-07-17 00:00:00;2030-07-21 00:00:00;2030-05-30 00:00:00;2030-06-03 00:00:00
2030-05-22 00:00:00;SO784424;C0007;AT002;434;2030-07-24 00:00:00;2030-07-27 00:00:00;2030-05-25 00:00:00;2030-05-28 00:00:00
2030-05-22 00:00:00;SO784424;C0007;AS001;829;2030-07-24 00:00:00;2030-07-22 00:00:00;2030-05-25 00:00:00;2030-05-23 00:00:00
2030-05-22 00:00:00;SO863954;C0029;AL001;879;2030-07-17 00:00:00;2030-07-18 00:00:00;2030-05-30 00:00:00;2030-05-31 00:00:00
2030-05-22 00:00:00;SO784424;C0007;VS005;1176;2030-07-24 00:00:00;2030-07-22 00:00:00;2030-05-25 00:00:00;2030-05-23 00:00:00
2030-05-22 00:00:00;SO784424;C0007;VS004;384;2030-07-24 00:00:00;2030-08-03 00:00:00;2030-05-25 00:00:00;2030-06-04 00:00:00
2030-05-22 00:00:00;SO784424;C0007;CL002;697;2030-07-24 00:00:00;2030-07-31 00:00:00;2030-05-25 00:00:00;2030-06-01 00:00:00
2030-05-22 00:00:00;SO784424;C0007;VS003;604;2030-07-24 00:00:00;2030-07-31 00:00:00;2030-05-25 00:00:00;2030-06-01 00:00:00
2030-05-22 00:00:00;SO863954;C0029;AS002;468;2030-07-17 00:00:00;2030-07-20 00:00:00;2030-05-30 00:00:00;2030-06-02 00:00:00
2030-05-22 00:00:00;SO863954;C0029;VS003;678;2030-07-17 00:00:00;2030-07-12 00:00:00;2030-05-30 00:00:00;2030-05-25 00:00:00
2030-05-22 00:00:00;SO863954;C0029;CL002;1065;2030-07-17 00:00:00;2030-07-26 00:00:00;2030-05-30 00:00:00;2030-06-08 00:00:00
2030-05-22 00:00:00;SO784424;C0007;AL001;1095;2030-07-24 00:00:00;2030-07-23 00:00:00;2030-05-25 00:00:00;2030-05-24 00:00:00
2030-05-22 00:00:00;SO784424;C0007;AS002;612;2030-07-24 00:00:00;2030-08-03 00:00:00;2030-05-25 00:00:00;2030-06-04 00:00:00
2030-05-22 00:00:00;SO863954;C0029;VS001;1222;2030-07-17 00:00:00;2030-07-24 00:00:00;2030-05-30 00:00:00;2030-06-06 00:00:00
2030-05-22 00:00:00;SO784424;C0007;AS005;1061;2030-07-24 00:00:00;2030-07-15 00:00:00;2030-05-25 00:00:00;2030-05-16 00:00:00
2030-05-22 00:00:00;SO784424;C0007;AS004;541;2030-07-24 00:00:00;2030-07-22 00:00:00;2030-05-25 00:00:00;2030-05-23 00:00:00
2030-05-22 00:00:00;SO863954;C0029;CS003;1326;2030-07-17 00:00:00;2030-07-15 00:00:00;2030-05-30 00:00:00;2030-05-28 00:00:00
2030-05-23 00:00:00;SO329972;C0007;AT002;988;2030-07-25 00:00:00;2030-07-29 00:00:00;2030-05-26 00:00:00;2030-05-30 00:00:00
2030-05-23 00:00:00;SO452485;C0021;VS003;1234;2030-06-06 00:00:00;2030-06-13 00:00:00;2030-05-27 00:00:00;2030-06-03 00:00:00
2030-05-23 00:00:00;SO207333;C0016;CS002;1021;2030-06-06 00:00:00;2030-06-01 00:00:00;2030-05-27 00:00:00;2030-05-22 00:00:00
2030-05-23 00:00:00;SO329972;C0007;CT002;1281;2030-07-25 00:00:00;2030-07-25 00:00:00;2030-05-26 00:00:00;2030-05-26 00:00:00
2030-05-23 00:00:00;SO452485;C0021;CS003;714;2030-06-06 00:00:00;2030-05-28 00:00:00;2030-05-27 00:00:00;2030-05-18 00:00:00
2030-05-23 00:00:00;SO329972;C0007;AS002;729;2030-07-25 00:00:00;2030-07-31 00:00:00;2030-05-26 00:00:00;2030-06-01 00:00:00
2030-05-23 00:00:00;SO329972;C0007;VS003;744;2030-07-25 00:00:00;2030-07-22 00:00:00;2030-05-26 00:00:00;2030-05-23 00:00:00
2030-05-23 00:00:00;SO207333;C0016;AS005;1009;2030-06-06 00:00:00;2030-06-07 00:00:00;2030-05-27 00:00:00;2030-05-28 00:00:00
2030-05-23 00:00:00;SO452485;C0021;VS001;625;2030-06-06 00:00:00;2030-06-10 00:00:00;2030-05-27 00:00:00;2030-05-31 00:00:00
2030-05-23 00:00:00;SO329972;C0007;AT001;785;2030-07-25 00:00:00;2030-07-22 00:00:00;2030-05-26 00:00:00;2030-05-23 00:00:00
2030-05-23 00:00:00;SO329972;C0007;AL002;1036;2030-07-25 00:00:00;2030-08-03 00:00:00;2030-05-26 00:00:00;2030-06-04 00:00:00
2030-05-23 00:00:00;SO207333;C0016;AS001;817;2030-06-06 00:00:00;2030-06-01 00:00:00;2030-05-27 00:00:00;2030-05-22 00:00:00
2030-05-23 00:00:00;SO329972;C0007;CT001;909;2030-07-25 00:00:00;2030-07-17 00:00:00;2030-05-26 00:00:00;2030-05-18 00:00:00
2030-05-23 00:00:00;SO452485;C0021;AS005;605;2030-06-06 00:00:00;2030-06-02 00:00:00;2030-05-27 00:00:00;2030-05-23 00:00:00
2030-05-23 00:00:00;SO329972;C0007;AS004;975;2030-07-25 00:00:00;2030-07-26 00:00:00;2030-05-26 00:00:00;2030-05-27 00:00:00
2030-05-23 00:00:00;SO207333;C0016;CS004;1186;2030-06-06 00:00:00;2030-06-09 00:00:00;2030-05-27 00:00:00;2030-05-30 00:00:00
2030-05-23 00:00:00;SO452485;C0021;AS004;737;2030-06-06 00:00:00;2030-06-01 00:00:00;2030-05-27 00:00:00;2030-05-22 00:00:00
2030-05-24 00:00:00;SO501770;C0001;CS001;563;2030-06-21 00:00:00;2030-06-26 00:00:00;2030-05-26 00:00:00;2030-05-31 00:00:00
2030-05-24 00:00:00;SO394117;C0030;CS002;468;2030-07-26 00:00:00;2030-07-17 00:00:00;2030-06-01 00:00:00;2030-05-23 00:00:00
2030-05-24 00:00:00;SO602252;C0023;CS001;608;2030-06-28 00:00:00;2030-06-24 00:00:00;2030-05-28 00:00:00;2030-05-24 00:00:00
2030-05-24 00:00:00;SO501770;C0001;CL002;474;2030-06-21 00:00:00;2030-06-13 00:00:00;2030-05-26 00:00:00;2030-05-18 00:00:00
2030-05-24 00:00:00;SO394117;C0030;AL001;1352;2030-07-26 00:00:00;2030-07-31 00:00:00;2030-06-01 00:00:00;2030-06-06 00:00:00
2030-05-24 00:00:00;SO602252;C0023;CT001;515;2030-06-28 00:00:00;2030-07-02 00:00:00;2030-05-28 00:00:00;2030-06-01 00:00:00
2030-05-24 00:00:00;SO501770;C0001;CL001;677;2030-06-21 00:00:00;2030-06-18 00:00:00;2030-05-26 00:00:00;2030-05-23 00:00:00
2030-05-24 00:00:00;SO501770;C0001;CS002;1179;2030-06-21 00:00:00;2030-06-14 00:00:00;2030-05-26 00:00:00;2030-05-19 00:00:00
2030-05-24 00:00:00;SO501770;C0001;CS004;925;2030-06-21 00:00:00;2030-06-17 00:00:00;2030-05-26 00:00:00;2030-05-22 00:00:00
2030-05-24 00:00:00;SO602252;C0023;AT001;1271;2030-06-28 00:00:00;2030-06-24 00:00:00;2030-05-28 00:00:00;2030-05-24 00:00:00
2030-05-24 00:00:00;SO602252;C0023;AS003;1233;2030-06-28 00:00:00;2030-06-22 00:00:00;2030-05-28 00:00:00;2030-05-22 00:00:00
2030-05-24 00:00:00;SO602252;C0023;CT003;803;2030-06-28 00:00:00;2030-07-06 00:00:00;2030-05-28 00:00:00;2030-06-05 00:00:00
2030-05-24 00:00:00;SO501770;C0001;CT002;1234;2030-06-21 00:00:00;2030-06-23 00:00:00;2030-05-26 00:00:00;2030-05-28 00:00:00
2030-05-24 00:00:00;SO602252;C0023;CS004;870;2030-06-28 00:00:00;2030-07-06 00:00:00;2030-05-28 00:00:00;2030-06-05 00:00:00
2030-05-27 00:00:00;SO373404;C0010;AS001;1130;2030-07-08 00:00:00;2030-07-09 00:00:00;2030-05-30 00:00:00;2030-05-31 00:00:00
2030-05-27 00:00:00;SO686408;C0018;AS004;1410;2030-07-29 00:00:00;2030-08-05 00:00:00;2030-05-31 00:00:00;2030-06-07 00:00:00
2030-05-27 00:00:00;SO245333;C0023;CL001;531;2030-07-01 00:00:00;2030-07-04 00:00:00;2030-05-31 00:00:00;2030-06-03 00:00:00
2030-05-27 00:00:00;SO322209;C0015;CS004;895;2030-07-08 00:00:00;2030-07-12 00:00:00;2030-05-31 00:00:00;2030-06-04 00:00:00
2030-05-27 00:00:00;SO686408;C0018;CS001;585;2030-07-29 00:00:00;2030-07-20 00:00:00;2030-05-31 00:00:00;2030-05-22 00:00:00
2030-05-27 00:00:00;SO245333;C0023;AS004;1220;2030-07-01 00:00:00;2030-06-22 00:00:00;2030-05-31 00:00:00;2030-05-22 00:00:00
2030-05-27 00:00:00;SO373404;C0010;AS003;519;2030-07-08 00:00:00;2030-07-08 00:00:00;2030-05-30 00:00:00;2030-05-30 00:00:00
2030-05-27 00:00:00;SO373404;C0010;CT003;1211;2030-07-08 00:00:00;2030-06-30 00:00:00;2030-05-30 00:00:00;2030-05-22 00:00:00
2030-05-27 00:00:00;SO373404;C0010;CS003;862;2030-07-08 00:00:00;2030-07-17 00:00:00;2030-05-30 00:00:00;2030-06-08 00:00:00
2030-05-27 00:00:00;SO245333;C0023;AL002;1087;2030-07-01 00:00:00;2030-07-01 00:00:00;2030-05-31 00:00:00;2030-05-31 00:00:00
2030-05-27 00:00:00;SO686408;C0018;AS002;962;2030-07-29 00:00:00;2030-08-06 00:00:00;2030-05-31 00:00:00;2030-06-08 00:00:00
2030-05-27 00:00:00;SO322209;C0015;VS004;1231;2030-07-08 00:00:00;2030-07-15 00:00:00;2030-05-31 00:00:00;2030-06-07 00:00:00
2030-05-27 00:00:00;SO322209;C0015;VS005;1009;2030-07-08 00:00:00;2030-07-12 00:00:00;2030-05-31 00:00:00;2030-06-04 00:00:00
2030-05-27 00:00:00;SO686408;C0018;CS004;605;2030-07-29 00:00:00;2030-07-28 00:00:00;2030-05-31 00:00:00;2030-05-30 00:00:00
2030-05-28 00:00:00;SO442063;C0027;AS003;614;2030-07-09 00:00:00;2030-07-04 00:00:00;2030-06-05 00:00:00;2030-05-31 00:00:00
2030-05-28 00:00:00;SO520112;C0009;CS002;1249;2030-06-11 00:00:00;2030-06-10 00:00:00;2030-05-31 00:00:00;2030-05-30 00:00:00
2030-05-28 00:00:00;SO624630;C0018;VS005;662;2030-07-30 00:00:00;2030-07-23 00:00:00;2030-06-01 00:00:00;2030-05-25 00:00:00
2030-05-28 00:00:00;SO520112;C0009;AT002;940;2030-06-11 00:00:00;2030-06-16 00:00:00;2030-05-31 00:00:00;2030-06-05 00:00:00
2030-05-28 00:00:00;SO520112;C0009;CS001;1020;2030-06-11 00:00:00;2030-06-03 00:00:00;2030-05-31 00:00:00;2030-05-23 00:00:00
2030-05-28 00:00:00;SO624630;C0018;CS004;1032;2030-07-30 00:00:00;2030-08-06 00:00:00;2030-06-01 00:00:00;2030-06-08 00:00:00
2030-05-28 00:00:00;SO442063;C0027;AT001;772;2030-07-09 00:00:00;2030-07-08 00:00:00;2030-06-05 00:00:00;2030-06-04 00:00:00
2030-05-28 00:00:00;SO624630;C0018;AT002;490;2030-07-30 00:00:00;2030-07-27 00:00:00;2030-06-01 00:00:00;2030-05-29 00:00:00
2030-05-28 00:00:00;SO520112;C0009;AL001;890;2030-06-11 00:00:00;2030-06-20 00:00:00;2030-05-31 00:00:00;2030-06-09 00:00:00
2030-05-28 00:00:00;SO624630;C0018;CT002;754;2030-07-30 00:00:00;2030-07-29 00:00:00;2030-06-01 00:00:00;2030-05-31 00:00:00
2030-05-28 00:00:00;SO520112;C0009;CS003;579;2030-06-11 00:00:00;2030-06-03 00:00:00;2030-05-31 00:00:00;2030-05-23 00:00:00
2030-05-28 00:00:00;SO520112;C0009;AS004;1133;2030-06-11 00:00:00;2030-06-20 00:00:00;2030-05-31 00:00:00;2030-06-09 00:00:00
2030-05-28 00:00:00;SO520112;C0009;VS005;1085;2030-06-11 00:00:00;2030-06-20 00:00:00;2030-05-31 00:00:00;2030-06-09 00:00:00
2030-05-28 00:00:00;SO442063;C0027;AS002;1263;2030-07-09 00:00:00;2030-07-10 00:00:00;2030-06-05 00:00:00;2030-06-06 00:00:00
2030-05-28 00:00:00;SO624630;C0018;AS005;927;2030-07-30 00:00:00;2030-08-08 00:00:00;2030-06-01 00:00:00;2030-06-10 00:00:00
2030-05-28 00:00:00;SO624630;C0018;AL001;365;2030-07-30 00:00:00;2030-07-23 00:00:00;2030-06-01 00:00:00;2030-05-25 00:00:00
2030-05-29 00:00:00;SO504586;C0021;AT001;1130;2030-06-12 00:00:00;2030-06-21 00:00:00;2030-06-02 00:00:00;2030-06-11 00:00:00
2030-05-29 00:00:00;SO658219;C0026;AS004;659;2030-07-03 00:00:00;2030-07-09 00:00:00;2030-06-06 00:00:00;2030-06-12 00:00:00
2030-05-29 00:00:00;SO913350;C0028;CL001;1024;2030-06-12 00:00:00;2030-06-06 00:00:00;2030-06-06 00:00:00;2030-05-31 00:00:00
2030-05-29 00:00:00;SO504586;C0021;VS004;1374;2030-06-12 00:00:00;2030-06-09 00:00:00;2030-06-02 00:00:00;2030-05-30 00:00:00
2030-05-29 00:00:00;SO504586;C0021;AL002;905;2030-06-12 00:00:00;2030-06-09 00:00:00;2030-06-02 00:00:00;2030-05-30 00:00:00
2030-05-29 00:00:00;SO504586;C0021;AS001;515;2030-06-12 00:00:00;2030-06-09 00:00:00;2030-06-02 00:00:00;2030-05-30 00:00:00
2030-05-29 00:00:00;SO504586;C0021;VS005;695;2030-06-12 00:00:00;2030-06-03 00:00:00;2030-06-02 00:00:00;2030-05-24 00:00:00
2030-05-29 00:00:00;SO658219;C0026;AT002;984;2030-07-03 00:00:00;2030-07-12 00:00:00;2030-06-06 00:00:00;2030-06-15 00:00:00
2030-05-29 00:00:00;SO913350;C0028;AS005;544;2030-06-12 00:00:00;2030-06-17 00:00:00;2030-06-06 00:00:00;2030-06-11 00:00:00
2030-05-29 00:00:00;SO504586;C0021;CS003;901;2030-06-12 00:00:00;2030-06-08 00:00:00;2030-06-02 00:00:00;2030-05-29 00:00:00
2030-05-29 00:00:00;SO504586;C0021;CS004;1488;2030-06-12 00:00:00;2030-06-10 00:00:00;2030-06-02 00:00:00;2030-05-31 00:00:00
2030-05-29 00:00:00;SO913350;C0028;VS005;754;2030-06-12 00:00:00;2030-06-03 00:00:00;2030-06-06 00:00:00;2030-05-28 00:00:00
2030-05-29 00:00:00;SO504586;C0021;AS003;618;2030-06-12 00:00:00;2030-06-21 00:00:00;2030-06-02 00:00:00;2030-06-11 00:00:00
2030-05-29 00:00:00;SO658219;C0026;CS003;372;2030-07-03 00:00:00;2030-07-08 00:00:00;2030-06-06 00:00:00;2030-06-11 00:00:00
2030-05-29 00:00:00;SO658219;C0026;AS005;384;2030-07-03 00:00:00;2030-07-06 00:00:00;2030-06-06 00:00:00;2030-06-09 00:00:00
2030-05-29 00:00:00;SO658219;C0026;VS001;1182;2030-07-03 00:00:00;2030-06-30 00:00:00;2030-06-06 00:00:00;2030-06-03 00:00:00
2030-05-29 00:00:00;SO658219;C0026;AS001;890;2030-07-03 00:00:00;2030-07-09 00:00:00;2030-06-06 00:00:00;2030-06-12 00:00:00
2030-05-30 00:00:00;SO574420;C0020;CS001;1194;2030-07-25 00:00:00;2030-07-21 00:00:00;2030-06-03 00:00:00;2030-05-30 00:00:00
2030-05-30 00:00:00;SO406968;C0027;CT003;825;2030-07-11 00:00:00;2030-07-10 00:00:00;2030-06-07 00:00:00;2030-06-06 00:00:00
2030-05-30 00:00:00;SO406968;C0027;AL001;1300;2030-07-11 00:00:00;2030-07-07 00:00:00;2030-06-07 00:00:00;2030-06-03 00:00:00
2030-05-30 00:00:00;SO406968;C0027;AS004;1122;2030-07-11 00:00:00;2030-07-04 00:00:00;2030-06-07 00:00:00;2030-05-31 00:00:00
2030-05-30 00:00:00;SO574420;C0020;AL001;815;2030-07-25 00:00:00;2030-07-16 00:00:00;2030-06-03 00:00:00;2030-05-25 00:00:00
2030-05-30 00:00:00;SO574420;C0020;CT003;1098;2030-07-25 00:00:00;2030-07-25 00:00:00;2030-06-03 00:00:00;2030-06-03 00:00:00
2030-05-30 00:00:00;SO406968;C0027;AS001;350;2030-07-11 00:00:00;2030-07-08 00:00:00;2030-06-07 00:00:00;2030-06-04 00:00:00
2030-05-30 00:00:00;SO574420;C0020;AS002;1133;2030-07-25 00:00:00;2030-07-24 00:00:00;2030-06-03 00:00:00;2030-06-02 00:00:00
2030-05-30 00:00:00;SO406968;C0027;VS005;1148;2030-07-11 00:00:00;2030-07-07 00:00:00;2030-06-07 00:00:00;2030-06-03 00:00:00
2030-05-30 00:00:00;SO406968;C0027;AS002;518;2030-07-11 00:00:00;2030-07-05 00:00:00;2030-06-07 00:00:00;2030-06-01 00:00:00
2030-05-30 00:00:00;SO406968;C0027;CT002;1207;2030-07-11 00:00:00;2030-07-15 00:00:00;2030-06-07 00:00:00;2030-06-11 00:00:00
2030-05-30 00:00:00;SO406968;C0027;VS003;1014;2030-07-11 00:00:00;2030-07-10 00:00:00;2030-06-07 00:00:00;2030-06-06 00:00:00
2030-05-30 00:00:00;SO406968;C0027;AS005;691;2030-07-11 00:00:00;2030-07-08 00:00:00;2030-06-07 00:00:00;2030-06-04 00:00:00
2030-05-30 00:00:00;SO406968;C0027;CS002;958;2030-07-11 00:00:00;2030-07-07 00:00:00;2030-06-07 00:00:00;2030-06-03 00:00:00
2030-05-30 00:00:00;SO406968;C0027;CS004;485;2030-07-11 00:00:00;2030-07-06 00:00:00;2030-06-07 00:00:00;2030-06-02 00:00:00
2030-05-31 00:00:00;SO662279;C0029;AT002;544;2030-07-26 00:00:00;2030-07-24 00:00:00;2030-06-08 00:00:00;2030-06-06 00:00:00
2030-05-31 00:00:00;SO516906;C0011;AS003;999;2030-07-05 00:00:00;2030-06-28 00:00:00;2030-06-03 00:00:00;2030-05-27 00:00:00
2030-05-31 00:00:00;SO748242;C0002;CL001;490;2030-07-05 00:00:00;2030-07-10 00:00:00;2030-06-02 00:00:00;2030-06-07 00:00:00
2030-05-31 00:00:00;SO516906;C0011;AT001;673;2030-07-05 00:00:00;2030-07-03 00:00:00;2030-06-03 00:00:00;2030-06-01 00:00:00
2030-05-31 00:00:00;SO748242;C0002;VS003;1130;2030-07-05 00:00:00;2030-07-06 00:00:00;2030-06-02 00:00:00;2030-06-03 00:00:00
2030-05-31 00:00:00;SO516906;C0011;CL001;982;2030-07-05 00:00:00;2030-06-27 00:00:00;2030-06-03 00:00:00;2030-05-26 00:00:00
2030-05-31 00:00:00;SO516906;C0011;VS001;725;2030-07-05 00:00:00;2030-06-30 00:00:00;2030-06-03 00:00:00;2030-05-29 00:00:00
2030-05-31 00:00:00;SO516906;C0011;VS004;1233;2030-07-05 00:00:00;2030-07-08 00:00:00;2030-06-03 00:00:00;2030-06-06 00:00:00
2030-05-31 00:00:00;SO662279;C0029;VS003;582;2030-07-26 00:00:00;2030-07-18 00:00:00;2030-06-08 00:00:00;2030-05-31 00:00:00
2030-05-31 00:00:00;SO748242;C0002;AL001;703;2030-07-05 00:00:00;2030-07-06 00:00:00;2030-06-02 00:00:00;2030-06-03 00:00:00
2030-05-31 00:00:00;SO748242;C0002;AS005;524;2030-07-05 00:00:00;2030-07-05 00:00:00;2030-06-02 00:00:00;2030-06-02 00:00:00
2030-05-31 00:00:00;SO748242;C0002;CS002;920;2030-07-05 00:00:00;2030-06-26 00:00:00;2030-06-02 00:00:00;2030-05-24 00:00:00
2030-05-31 00:00:00;SO662279;C0029;AS004;1466;2030-07-26 00:00:00;2030-07-31 00:00:00;2030-06-08 00:00:00;2030-06-13 00:00:00
2030-05-31 00:00:00;SO748242;C0002;AS004;1422;2030-07-05 00:00:00;2030-07-15 00:00:00;2030-06-02 00:00:00;2030-06-12 00:00:00
2030-05-31 00:00:00;SO662279;C0029;AS002;1116;2030-07-26 00:00:00;2030-07-31 00:00:00;2030-06-08 00:00:00;2030-06-13 00:00:00
2030-05-31 00:00:00;SO748242;C0002;AL002;848;2030-07-05 00:00:00;2030-07-05 00:00:00;2030-06-02 00:00:00;2030-06-02 00:00:00
2030-06-03 00:00:00;SO107887;C0021;VS002;940;2030-06-17 00:00:00;2030-06-20 00:00:00;2030-06-07 00:00:00;2030-06-10 00:00:00
2030-06-03 00:00:00;SO643807;C0004;AS001;1214;2030-06-17 00:00:00;2030-06-09 00:00:00;2030-06-05 00:00:00;2030-05-28 00:00:00
2030-06-03 00:00:00;SO625226;C0020;CS004;1075;2030-07-29 00:00:00;2030-07-24 00:00:00;2030-06-07 00:00:00;2030-06-02 00:00:00
2030-06-03 00:00:00;SO643807;C0004;CT003;730;2030-06-17 00:00:00;2030-06-08 00:00:00;2030-06-05 00:00:00;2030-05-27 00:00:00
2030-06-03 00:00:00;SO643807;C0004;CT002;474;2030-06-17 00:00:00;2030-06-16 00:00:00;2030-06-05 00:00:00;2030-06-04 00:00:00
2030-06-03 00:00:00;SO625226;C0020;CT002;1090;2030-07-29 00:00:00;2030-08-07 00:00:00;2030-06-07 00:00:00;2030-06-16 00:00:00
2030-06-03 00:00:00;SO625226;C0020;CS001;464;2030-07-29 00:00:00;2030-07-25 00:00:00;2030-06-07 00:00:00;2030-06-03 00:00:00
2030-06-03 00:00:00;SO107887;C0021;AL001;1145;2030-06-17 00:00:00;2030-06-13 00:00:00;2030-06-07 00:00:00;2030-06-03 00:00:00
2030-06-03 00:00:00;SO643807;C0004;VS002;946;2030-06-17 00:00:00;2030-06-16 00:00:00;2030-06-05 00:00:00;2030-06-04 00:00:00
2030-06-03 00:00:00;SO107887;C0021;CS002;1067;2030-06-17 00:00:00;2030-06-07 00:00:00;2030-06-07 00:00:00;2030-05-28 00:00:00
2030-06-03 00:00:00;SO625226;C0020;AS003;1182;2030-07-29 00:00:00;2030-08-05 00:00:00;2030-06-07 00:00:00;2030-06-14 00:00:00
2030-06-03 00:00:00;SO107887;C0021;AT001;1290;2030-06-17 00:00:00;2030-06-27 00:00:00;2030-06-07 00:00:00;2030-06-17 00:00:00
2030-06-03 00:00:00;SO625226;C0020;AS005;957;2030-07-29 00:00:00;2030-07-31 00:00:00;2030-06-07 00:00:00;2030-06-09 00:00:00
2030-06-03 00:00:00;SO625226;C0020;CS002;386;2030-07-29 00:00:00;2030-08-02 00:00:00;2030-06-07 00:00:00;2030-06-11 00:00:00
2030-06-03 00:00:00;SO107887;C0021;CS001;682;2030-06-17 00:00:00;2030-06-09 00:00:00;2030-06-07 00:00:00;2030-05-30 00:00:00
2030-06-03 00:00:00;SO107887;C0021;VS005;1013;2030-06-17 00:00:00;2030-06-23 00:00:00;2030-06-07 00:00:00;2030-06-13 00:00:00
2030-06-03 00:00:00;SO643807;C0004;AS005;1227;2030-06-17 00:00:00;2030-06-15 00:00:00;2030-06-05 00:00:00;2030-06-03 00:00:00
2030-06-04 00:00:00;SO241851;C0027;CS004;803;2030-07-16 00:00:00;2030-07-07 00:00:00;2030-06-12 00:00:00;2030-06-03 00:00:00
2030-06-04 00:00:00;SO407672;C0013;AT001;723;2030-07-02 00:00:00;2030-07-05 00:00:00;2030-06-08 00:00:00;2030-06-11 00:00:00
2030-06-04 00:00:00;SO387622;C0015;CS002;1292;2030-07-16 00:00:00;2030-07-24 00:00:00;2030-06-08 00:00:00;2030-06-16 00:00:00
2030-06-04 00:00:00;SO387622;C0015;AL002;1304;2030-07-16 00:00:00;2030-07-10 00:00:00;2030-06-08 00:00:00;2030-06-02 00:00:00
2030-06-04 00:00:00;SO407672;C0013;AS002;574;2030-07-02 00:00:00;2030-06-28 00:00:00;2030-06-08 00:00:00;2030-06-04 00:00:00
2030-06-04 00:00:00;SO387622;C0015;AS001;976;2030-07-16 00:00:00;2030-07-14 00:00:00;2030-06-08 00:00:00;2030-06-06 00:00:00
2030-06-04 00:00:00;SO407672;C0013;AT002;1273;2030-07-02 00:00:00;2030-06-23 00:00:00;2030-06-08 00:00:00;2030-05-30 00:00:00
2030-06-04 00:00:00;SO387622;C0015;AL001;1117;2030-07-16 00:00:00;2030-07-10 00:00:00;2030-06-08 00:00:00;2030-06-02 00:00:00
2030-06-04 00:00:00;SO407672;C0013;AS005;994;2030-07-02 00:00:00;2030-07-09 00:00:00;2030-06-08 00:00:00;2030-06-15 00:00:00
2030-06-04 00:00:00;SO407672;C0013;CS004;511;2030-07-02 00:00:00;2030-06-26 00:00:00;2030-06-08 00:00:00;2030-06-02 00:00:00
2030-06-04 00:00:00;SO241851;C0027;CS002;546;2030-07-16 00:00:00;2030-07-11 00:00:00;2030-06-12 00:00:00;2030-06-07 00:00:00
2030-06-04 00:00:00;SO407672;C0013;VS005;1201;2030-07-02 00:00:00;2030-06-26 00:00:00;2030-06-08 00:00:00;2030-06-02 00:00:00
2030-06-04 00:00:00;SO407672;C0013;AL001;896;2030-07-02 00:00:00;2030-06-23 00:00:00;2030-06-08 00:00:00;2030-05-30 00:00:00
2030-06-04 00:00:00;SO407672;C0013;CT003;416;2030-07-02 00:00:00;2030-06-24 00:00:00;2030-06-08 00:00:00;2030-05-31 00:00:00
2030-06-04 00:00:00;SO241851;C0027;CS001;410;2030-07-16 00:00:00;2030-07-26 00:00:00;2030-06-12 00:00:00;2030-06-22 00:00:00
2030-06-04 00:00:00;SO241851;C0027;VS005;546;2030-07-16 00:00:00;2030-07-14 00:00:00;2030-06-12 00:00:00;2030-06-10 00:00:00
2030-06-04 00:00:00;SO387622;C0015;CT003;857;2030-07-16 00:00:00;2030-07-25 00:00:00;2030-06-08 00:00:00;2030-06-17 00:00:00
2030-06-04 00:00:00;SO407672;C0013;AL002;1146;2030-07-02 00:00:00;2030-06-26 00:00:00;2030-06-08 00:00:00;2030-06-02 00:00:00
2030-06-04 00:00:00;SO387622;C0015;VS001;703;2030-07-16 00:00:00;2030-07-23 00:00:00;2030-06-08 00:00:00;2030-06-15 00:00:00
2030-06-04 00:00:00;SO387622;C0015;AS005;796;2030-07-16 00:00:00;2030-07-11 00:00:00;2030-06-08 00:00:00;2030-06-03 00:00:00
2030-06-05 00:00:00;SO838177;C0023;CS001;513;2030-07-10 00:00:00;2030-07-10 00:00:00;2030-06-09 00:00:00;2030-06-09 00:00:00
2030-06-05 00:00:00;SO315678;C0011;AT001;507;2030-07-10 00:00:00;2030-07-15 00:00:00;2030-06-08 00:00:00;2030-06-13 00:00:00
2030-06-05 00:00:00;SO557768;C0022;AT001;373;2030-07-17 00:00:00;2030-07-22 00:00:00;2030-06-09 00:00:00;2030-06-14 00:00:00
2030-06-05 00:00:00;SO315678;C0011;CS004;467;2030-07-10 00:00:00;2030-07-11 00:00:00;2030-06-08 00:00:00;2030-06-09 00:00:00
2030-06-05 00:00:00;SO838177;C0023;VS005;1012;2030-07-10 00:00:00;2030-07-02 00:00:00;2030-06-09 00:00:00;2030-06-01 00:00:00
2030-06-05 00:00:00;SO315678;C0011;VS001;513;2030-07-10 00:00:00;2030-07-15 00:00:00;2030-06-08 00:00:00;2030-06-13 00:00:00
2030-06-05 00:00:00;SO315678;C0011;AS001;1074;2030-07-10 00:00:00;2030-07-01 00:00:00;2030-06-08 00:00:00;2030-05-30 00:00:00
2030-06-05 00:00:00;SO315678;C0011;VS005;737;2030-07-10 00:00:00;2030-07-13 00:00:00;2030-06-08 00:00:00;2030-06-11 00:00:00
2030-06-05 00:00:00;SO838177;C0023;AS001;469;2030-07-10 00:00:00;2030-07-08 00:00:00;2030-06-09 00:00:00;2030-06-07 00:00:00
2030-06-05 00:00:00;SO838177;C0023;VS002;574;2030-07-10 00:00:00;2030-07-09 00:00:00;2030-06-09 00:00:00;2030-06-08 00:00:00
2030-06-05 00:00:00;SO838177;C0023;AT001;1366;2030-07-10 00:00:00;2030-07-10 00:00:00;2030-06-09 00:00:00;2030-06-09 00:00:00
2030-06-05 00:00:00;SO315678;C0011;VS002;1001;2030-07-10 00:00:00;2030-07-01 00:00:00;2030-06-08 00:00:00;2030-05-30 00:00:00
2030-06-05 00:00:00;SO557768;C0022;CL001;758;2030-07-17 00:00:00;2030-07-24 00:00:00;2030-06-09 00:00:00;2030-06-16 00:00:00
2030-06-05 00:00:00;SO557768;C0022;AS005;1430;2030-07-17 00:00:00;2030-07-10 00:00:00;2030-06-09 00:00:00;2030-06-02 00:00:00
2030-06-05 00:00:00;SO838177;C0023;AL001;1233;2030-07-10 00:00:00;2030-07-13 00:00:00;2030-06-09 00:00:00;2030-06-12 00:00:00
2030-06-05 00:00:00;SO557768;C0022;CT003;993;2030-07-17 00:00:00;2030-07-23 00:00:00;2030-06-09 00:00:00;2030-06-15 00:00:00
2030-06-05 00:00:00;SO557768;C0022;VS002;1570;2030-07-17 00:00:00;2030-07-20 00:00:00;2030-06-09 00:00:00;2030-06-12 00:00:00
2030-06-05 00:00:00;SO838177;C0023;AL002;1061;2030-07-10 00:00:00;2030-07-15 00:00:00;2030-06-09 00:00:00;2030-06-14 00:00:00
2030-06-05 00:00:00;SO557768;C0022;VS005;1043;2030-07-17 00:00:00;2030-07-21 00:00:00;2030-06-09 00:00:00;2030-06-13 00:00:00
2030-06-05 00:00:00;SO315678;C0011;AS002;1042;2030-07-10 00:00:00;2030-07-17 00:00:00;2030-06-08 00:00:00;2030-06-15 00:00:00
2030-06-06 00:00:00;SO657171;C0018;CS004;1064;2030-08-08 00:00:00;2030-08-11 00:00:00;2030-06-10 00:00:00;2030-06-13 00:00:00
2030-06-06 00:00:00;SO9000090;C0029;AS001;1520;2030-08-01 00:00:00;2030-08-08 00:00:00;2030-06-14 00:00:00;2030-06-21 00:00:00
2030-06-06 00:00:00;SO797962;C0012;CT003;1178;2030-07-04 00:00:00;2030-07-09 00:00:00;2030-06-09 00:00:00;2030-06-14 00:00:00
2030-06-06 00:00:00;SO771805;C0016;VS002;651;2030-06-20 00:00:00;2030-06-14 00:00:00;2030-06-10 00:00:00;2030-06-04 00:00:00
2030-06-06 00:00:00;SO657171;C0018;CS002;1264;2030-08-08 00:00:00;2030-08-08 00:00:00;2030-06-10 00:00:00;2030-06-10 00:00:00
2030-06-06 00:00:00;SO657171;C0018;AT001;1093;2030-08-08 00:00:00;2030-07-31 00:00:00;2030-06-10 00:00:00;2030-06-02 00:00:00
2030-06-06 00:00:00;SO9000090;C0029;CS004;1252;2030-08-01 00:00:00;2030-07-30 00:00:00;2030-06-14 00:00:00;2030-06-12 00:00:00
2030-06-06 00:00:00;SO657171;C0018;AL001;435;2030-08-08 00:00:00;2030-07-30 00:00:00;2030-06-10 00:00:00;2030-06-01 00:00:00
2030-06-06 00:00:00;SO657171;C0018;AS003;1240;2030-08-08 00:00:00;2030-08-04 00:00:00;2030-06-10 00:00:00;2030-06-06 00:00:00
2030-06-06 00:00:00;SO9000090;C0029;AS003;1024;2030-08-01 00:00:00;2030-07-30 00:00:00;2030-06-14 00:00:00;2030-06-12 00:00:00
2030-06-06 00:00:00;SO657171;C0018;VS005;1183;2030-08-08 00:00:00;2030-07-31 00:00:00;2030-06-10 00:00:00;2030-06-02 00:00:00
2030-06-06 00:00:00;SO797962;C0012;AL002;721;2030-07-04 00:00:00;2030-07-08 00:00:00;2030-06-09 00:00:00;2030-06-13 00:00:00
2030-06-06 00:00:00;SO657171;C0018;AS005;1049;2030-08-08 00:00:00;2030-07-30 00:00:00;2030-06-10 00:00:00;2030-06-01 00:00:00
2030-06-06 00:00:00;SO657171;C0018;VS001;430;2030-08-08 00:00:00;2030-08-04 00:00:00;2030-06-10 00:00:00;2030-06-06 00:00:00
2030-06-06 00:00:00;SO771805;C0016;CT002;1060;2030-06-20 00:00:00;2030-06-18 00:00:00;2030-06-10 00:00:00;2030-06-08 00:00:00
2030-06-06 00:00:00;SO797962;C0012;VS005;1171;2030-07-04 00:00:00;2030-07-09 00:00:00;2030-06-09 00:00:00;2030-06-14 00:00:00
2030-06-07 00:00:00;SO353306;C0012;CT002;667;2030-07-05 00:00:00;2030-07-04 00:00:00;2030-06-10 00:00:00;2030-06-09 00:00:00
2030-06-07 00:00:00;SO450683;C0009;VS005;594;2030-06-21 00:00:00;2030-06-26 00:00:00;2030-06-10 00:00:00;2030-06-15 00:00:00
2030-06-07 00:00:00;SO126681;C0020;AS001;1263;2030-08-02 00:00:00;2030-07-28 00:00:00;2030-06-11 00:00:00;2030-06-06 00:00:00
2030-06-07 00:00:00;SO126681;C0020;CL001;1131;2030-08-02 00:00:00;2030-08-11 00:00:00;2030-06-11 00:00:00;2030-06-20 00:00:00
2030-06-07 00:00:00;SO353306;C0012;AL001;559;2030-07-05 00:00:00;2030-07-01 00:00:00;2030-06-10 00:00:00;2030-06-06 00:00:00
2030-06-07 00:00:00;SO353306;C0012;AT001;885;2030-07-05 00:00:00;2030-06-26 00:00:00;2030-06-10 00:00:00;2030-06-01 00:00:00
2030-06-07 00:00:00;SO450683;C0009;CS002;943;2030-06-21 00:00:00;2030-06-16 00:00:00;2030-06-10 00:00:00;2030-06-05 00:00:00
2030-06-07 00:00:00;SO450683;C0009;AL001;752;2030-06-21 00:00:00;2030-06-29 00:00:00;2030-06-10 00:00:00;2030-06-18 00:00:00
2030-06-07 00:00:00;SO353306;C0012;AS003;777;2030-07-05 00:00:00;2030-07-08 00:00:00;2030-06-10 00:00:00;2030-06-13 00:00:00
2030-06-07 00:00:00;SO126681;C0020;AT002;1041;2030-08-02 00:00:00;2030-07-26 00:00:00;2030-06-11 00:00:00;2030-06-04 00:00:00
2030-06-07 00:00:00;SO450683;C0009;CS001;655;2030-06-21 00:00:00;2030-06-29 00:00:00;2030-06-10 00:00:00;2030-06-18 00:00:00
2030-06-07 00:00:00;SO353306;C0012;VS001;516;2030-07-05 00:00:00;2030-07-06 00:00:00;2030-06-10 00:00:00;2030-06-11 00:00:00
2030-06-07 00:00:00;SO353306;C0012;AS005;401;2030-07-05 00:00:00;2030-06-30 00:00:00;2030-06-10 00:00:00;2030-06-05 00:00:00
2030-06-07 00:00:00;SO353306;C0012;CS001;1032;2030-07-05 00:00:00;2030-07-11 00:00:00;2030-06-10 00:00:00;2030-06-16 00:00:00
2030-06-07 00:00:00;SO126681;C0020;AT001;513;2030-08-02 00:00:00;2030-08-09 00:00:00;2030-06-11 00:00:00;2030-06-18 00:00:00
2030-06-07 00:00:00;SO353306;C0012;VS005;1112;2030-07-05 00:00:00;2030-07-12 00:00:00;2030-06-10 00:00:00;2030-06-17 00:00:00
2030-06-07 00:00:00;SO450683;C0009;VS001;1236;2030-06-21 00:00:00;2030-06-13 00:00:00;2030-06-10 00:00:00;2030-06-02 00:00:00
2030-06-10 00:00:00;SO548090;C0010;AT001;611;2030-07-22 00:00:00;2030-07-14 00:00:00;2030-06-13 00:00:00;2030-06-05 00:00:00
2030-06-10 00:00:00;SO800646;C0001;AT002;968;2030-07-08 00:00:00;2030-06-30 00:00:00;2030-06-12 00:00:00;2030-06-04 00:00:00
2030-06-10 00:00:00;SO530456;C0006;CS001;1054;2030-08-12 00:00:00;2030-08-10 00:00:00;2030-06-12 00:00:00;2030-06-10 00:00:00
2030-06-10 00:00:00;SO548090;C0010;AL002;610;2030-07-22 00:00:00;2030-07-31 00:00:00;2030-06-13 00:00:00;2030-06-22 00:00:00
2030-06-10 00:00:00;SO530456;C0006;AS003;553;2030-08-12 00:00:00;2030-08-21 00:00:00;2030-06-12 00:00:00;2030-06-21 00:00:00
2030-06-10 00:00:00;SO530456;C0006;AS001;1208;2030-08-12 00:00:00;2030-08-07 00:00:00;2030-06-12 00:00:00;2030-06-07 00:00:00
2030-06-10 00:00:00;SO548090;C0010;AS003;741;2030-07-22 00:00:00;2030-07-13 00:00:00;2030-06-13 00:00:00;2030-06-04 00:00:00
2030-06-10 00:00:00;SO530456;C0006;AL001;357;2030-08-12 00:00:00;2030-08-20 00:00:00;2030-06-12 00:00:00;2030-06-20 00:00:00
2030-06-10 00:00:00;SO530456;C0006;VS001;388;2030-08-12 00:00:00;2030-08-20 00:00:00;2030-06-12 00:00:00;2030-06-20 00:00:00
2030-06-10 00:00:00;SO530456;C0006;CL001;722;2030-08-12 00:00:00;2030-08-06 00:00:00;2030-06-12 00:00:00;2030-06-06 00:00:00
2030-06-10 00:00:00;SO800646;C0001;AS005;1214;2030-07-08 00:00:00;2030-07-03 00:00:00;2030-06-12 00:00:00;2030-06-07 00:00:00
2030-06-10 00:00:00;SO530456;C0006;AT001;1074;2030-08-12 00:00:00;2030-08-19 00:00:00;2030-06-12 00:00:00;2030-06-19 00:00:00
2030-06-10 00:00:00;SO800646;C0001;VS002;744;2030-07-08 00:00:00;2030-07-08 00:00:00;2030-06-12 00:00:00;2030-06-12 00:00:00
2030-06-10 00:00:00;SO548090;C0010;CS001;454;2030-07-22 00:00:00;2030-07-24 00:00:00;2030-06-13 00:00:00;2030-06-15 00:00:00
2030-06-10 00:00:00;SO530456;C0006;CS004;522;2030-08-12 00:00:00;2030-08-14 00:00:00;2030-06-12 00:00:00;2030-06-14 00:00:00
2030-06-10 00:00:00;SO800646;C0001;AS001;744;2030-07-08 00:00:00;2030-07-12 00:00:00;2030-06-12 00:00:00;2030-06-16 00:00:00
2030-06-11 00:00:00;SO493449;C0010;VS001;1030;2030-07-23 00:00:00;2030-07-31 00:00:00;2030-06-14 00:00:00;2030-06-22 00:00:00
2030-06-11 00:00:00;SO875240;C0030;CT003;556;2030-08-13 00:00:00;2030-08-05 00:00:00;2030-06-19 00:00:00;2030-06-11 00:00:00
2030-06-11 00:00:00;SO493449;C0010;CS002;741;2030-07-23 00:00:00;2030-07-30 00:00:00;2030-06-14 00:00:00;2030-06-21 00:00:00
2030-06-11 00:00:00;SO493449;C0010;AL002;388;2030-07-23 00:00:00;2030-07-22 00:00:00;2030-06-14 00:00:00;2030-06-13 00:00:00
2030-06-11 00:00:00;SO875240;C0030;CS002;586;2030-08-13 00:00:00;2030-08-22 00:00:00;2030-06-19 00:00:00;2030-06-28 00:00:00
2030-06-11 00:00:00;SO875240;C0030;AL001;421;2030-08-13 00:00:00;2030-08-14 00:00:00;2030-06-19 00:00:00;2030-06-20 00:00:00
2030-06-11 00:00:00;SO875240;C0030;AS003;997;2030-08-13 00:00:00;2030-08-13 00:00:00;2030-06-19 00:00:00;2030-06-19 00:00:00
2030-06-11 00:00:00;SO875240;C0030;AT002;616;2030-08-13 00:00:00;2030-08-21 00:00:00;2030-06-19 00:00:00;2030-06-27 00:00:00
2030-06-11 00:00:00;SO875240;C0030;AT001;637;2030-08-13 00:00:00;2030-08-11 00:00:00;2030-06-19 00:00:00;2030-06-17 00:00:00
2030-06-11 00:00:00;SO875240;C0030;AS002;1069;2030-08-13 00:00:00;2030-08-04 00:00:00;2030-06-19 00:00:00;2030-06-10 00:00:00
2030-06-11 00:00:00;SO493449;C0010;VS002;610;2030-07-23 00:00:00;2030-07-20 00:00:00;2030-06-14 00:00:00;2030-06-11 00:00:00
2030-06-11 00:00:00;SO493449;C0010;CS004;673;2030-07-23 00:00:00;2030-07-25 00:00:00;2030-06-14 00:00:00;2030-06-16 00:00:00
2030-06-12 00:00:00;SO344061;C0003;VS001;556;2030-07-24 00:00:00;2030-08-01 00:00:00;2030-06-14 00:00:00;2030-06-22 00:00:00
2030-06-12 00:00:00;SO741657;C0009;CS001;958;2030-06-26 00:00:00;2030-07-01 00:00:00;2030-06-15 00:00:00;2030-06-20 00:00:00
2030-06-12 00:00:00;SO155005;C0022;AS001;750;2030-07-24 00:00:00;2030-07-14 00:00:00;2030-06-16 00:00:00;2030-06-06 00:00:00
2030-06-12 00:00:00;SO123581;C0004;AS001;397;2030-06-26 00:00:00;2030-07-04 00:00:00;2030-06-14 00:00:00;2030-06-22 00:00:00
2030-06-12 00:00:00;SO344061;C0003;CL001;552;2030-07-24 00:00:00;2030-07-25 00:00:00;2030-06-14 00:00:00;2030-06-15 00:00:00
2030-06-12 00:00:00;SO123581;C0004;VS005;940;2030-06-26 00:00:00;2030-06-25 00:00:00;2030-06-14 00:00:00;2030-06-13 00:00:00
2030-06-12 00:00:00;SO155005;C0022;AT001;1194;2030-07-24 00:00:00;2030-07-19 00:00:00;2030-06-16 00:00:00;2030-06-11 00:00:00
2030-06-12 00:00:00;SO344061;C0003;VS005;938;2030-07-24 00:00:00;2030-07-18 00:00:00;2030-06-14 00:00:00;2030-06-08 00:00:00
2030-06-12 00:00:00;SO344061;C0003;AT002;815;2030-07-24 00:00:00;2030-07-26 00:00:00;2030-06-14 00:00:00;2030-06-16 00:00:00
2030-06-12 00:00:00;SO123581;C0004;AS005;1500;2030-06-26 00:00:00;2030-06-22 00:00:00;2030-06-14 00:00:00;2030-06-10 00:00:00
2030-06-12 00:00:00;SO123581;C0004;CL001;850;2030-06-26 00:00:00;2030-07-05 00:00:00;2030-06-14 00:00:00;2030-06-23 00:00:00
2030-06-12 00:00:00;SO344061;C0003;CS004;1078;2030-07-24 00:00:00;2030-07-21 00:00:00;2030-06-14 00:00:00;2030-06-11 00:00:00
2030-06-12 00:00:00;SO344061;C0003;AL002;1337;2030-07-24 00:00:00;2030-07-20 00:00:00;2030-06-14 00:00:00;2030-06-10 00:00:00
2030-06-12 00:00:00;SO123581;C0004;AL001;1176;2030-06-26 00:00:00;2030-07-06 00:00:00;2030-06-14 00:00:00;2030-06-24 00:00:00
2030-06-12 00:00:00;SO741657;C0009;VS001;888;2030-06-26 00:00:00;2030-07-06 00:00:00;2030-06-15 00:00:00;2030-06-25 00:00:00
2030-06-12 00:00:00;SO155005;C0022;AL002;555;2030-07-24 00:00:00;2030-07-14 00:00:00;2030-06-16 00:00:00;2030-06-06 00:00:00
2030-06-12 00:00:00;SO155005;C0022;VS002;765;2030-07-24 00:00:00;2030-07-15 00:00:00;2030-06-16 00:00:00;2030-06-07 00:00:00
2030-06-12 00:00:00;SO123581;C0004;AL002;1126;2030-06-26 00:00:00;2030-07-03 00:00:00;2030-06-14 00:00:00;2030-06-21 00:00:00
2030-06-12 00:00:00;SO344061;C0003;AT001;1045;2030-07-24 00:00:00;2030-07-29 00:00:00;2030-06-14 00:00:00;2030-06-19 00:00:00
2030-06-12 00:00:00;SO155005;C0022;VS001;1100;2030-07-24 00:00:00;2030-07-27 00:00:00;2030-06-16 00:00:00;2030-06-19 00:00:00
2030-06-13 00:00:00;SO258042;C0028;AT002;633;2030-06-27 00:00:00;2030-06-17 00:00:00;2030-06-21 00:00:00;2030-06-11 00:00:00
2030-06-13 00:00:00;SO474203;C0029;AT002;787;2030-08-08 00:00:00;2030-08-15 00:00:00;2030-06-21 00:00:00;2030-06-28 00:00:00
2030-06-13 00:00:00;SO116308;C0007;CT003;1085;2030-08-15 00:00:00;2030-08-12 00:00:00;2030-06-16 00:00:00;2030-06-13 00:00:00
2030-06-13 00:00:00;SO629502;C0024;AS005;599;2030-07-11 00:00:00;2030-07-03 00:00:00;2030-06-17 00:00:00;2030-06-09 00:00:00
2030-06-13 00:00:00;SO116308;C0007;VS001;825;2030-08-15 00:00:00;2030-08-18 00:00:00;2030-06-16 00:00:00;2030-06-19 00:00:00
2030-06-13 00:00:00;SO474203;C0029;AS003;726;2030-08-08 00:00:00;2030-08-04 00:00:00;2030-06-21 00:00:00;2030-06-17 00:00:00
2030-06-13 00:00:00;SO258042;C0028;AS003;1105;2030-06-27 00:00:00;2030-06-30 00:00:00;2030-06-21 00:00:00;2030-06-24 00:00:00
2030-06-13 00:00:00;SO258042;C0028;VS002;605;2030-06-27 00:00:00;2030-07-06 00:00:00;2030-06-21 00:00:00;2030-06-30 00:00:00
2030-06-13 00:00:00;SO629502;C0024;CT003;1012;2030-07-11 00:00:00;2030-07-07 00:00:00;2030-06-17 00:00:00;2030-06-13 00:00:00
2030-06-13 00:00:00;SO629502;C0024;CT002;585;2030-07-11 00:00:00;2030-07-10 00:00:00;2030-06-17 00:00:00;2030-06-16 00:00:00
2030-06-13 00:00:00;SO258042;C0028;AS002;803;2030-06-27 00:00:00;2030-06-22 00:00:00;2030-06-21 00:00:00;2030-06-16 00:00:00
2030-06-13 00:00:00;SO629502;C0024;AL002;463;2030-07-11 00:00:00;2030-07-12 00:00:00;2030-06-17 00:00:00;2030-06-18 00:00:00
2030-06-13 00:00:00;SO258042;C0028;CS004;993;2030-06-27 00:00:00;2030-07-02 00:00:00;2030-06-21 00:00:00;2030-06-26 00:00:00
2030-06-14 00:00:00;SO581778;C0019;CS002;1115;2030-08-16 00:00:00;2030-08-13 00:00:00;2030-06-18 00:00:00;2030-06-15 00:00:00
2030-06-14 00:00:00;SO946449;C0011;CT003;637;2030-07-19 00:00:00;2030-07-24 00:00:00;2030-06-17 00:00:00;2030-06-22 00:00:00
2030-06-14 00:00:00;SO854876;C0004;AL001;987;2030-06-28 00:00:00;2030-06-26 00:00:00;2030-06-16 00:00:00;2030-06-14 00:00:00
2030-06-14 00:00:00;SO946449;C0011;AT001;929;2030-07-19 00:00:00;2030-07-25 00:00:00;2030-06-17 00:00:00;2030-06-23 00:00:00
2030-06-14 00:00:00;SO854876;C0004;AL002;653;2030-06-28 00:00:00;2030-06-20 00:00:00;2030-06-16 00:00:00;2030-06-08 00:00:00
2030-06-14 00:00:00;SO946449;C0011;CT002;485;2030-07-19 00:00:00;2030-07-20 00:00:00;2030-06-17 00:00:00;2030-06-18 00:00:00
2030-06-14 00:00:00;SO854876;C0004;AT002;1106;2030-06-28 00:00:00;2030-06-20 00:00:00;2030-06-16 00:00:00;2030-06-08 00:00:00
2030-06-14 00:00:00;SO581778;C0019;AS001;1034;2030-08-16 00:00:00;2030-08-14 00:00:00;2030-06-18 00:00:00;2030-06-16 00:00:00
2030-06-14 00:00:00;SO581778;C0019;AS005;549;2030-08-16 00:00:00;2030-08-24 00:00:00;2030-06-18 00:00:00;2030-06-26 00:00:00
2030-06-14 00:00:00;SO854876;C0004;AS005;804;2030-06-28 00:00:00;2030-06-20 00:00:00;2030-06-16 00:00:00;2030-06-08 00:00:00
2030-06-14 00:00:00;SO946449;C0011;CS002;1163;2030-07-19 00:00:00;2030-07-25 00:00:00;2030-06-17 00:00:00;2030-06-23 00:00:00
2030-06-14 00:00:00;SO946449;C0011;CS004;489;2030-07-19 00:00:00;2030-07-16 00:00:00;2030-06-17 00:00:00;2030-06-14 00:00:00
2030-06-14 00:00:00;SO854876;C0004;VS005;640;2030-06-28 00:00:00;2030-06-22 00:00:00;2030-06-16 00:00:00;2030-06-10 00:00:00
2030-06-14 00:00:00;SO854876;C0004;CS002;891;2030-06-28 00:00:00;2030-06-27 00:00:00;2030-06-16 00:00:00;2030-06-15 00:00:00
2030-06-14 00:00:00;SO581778;C0019;CS001;450;2030-08-16 00:00:00;2030-08-08 00:00:00;2030-06-18 00:00:00;2030-06-10 00:00:00
2030-06-14 00:00:00;SO854876;C0004;VS002;1083;2030-06-28 00:00:00;2030-06-23 00:00:00;2030-06-16 00:00:00;2030-06-11 00:00:00
2030-06-17 00:00:00;SO154464;C0015;AS002;961;2030-07-29 00:00:00;2030-07-20 00:00:00;2030-06-21 00:00:00;2030-06-12 00:00:00
2030-06-17 00:00:00;SO163720;C0029;AS002;637;2030-08-12 00:00:00;2030-08-16 00:00:00;2030-06-25 00:00:00;2030-06-29 00:00:00
2030-06-17 00:00:00;SO154464;C0015;VS002;658;2030-07-29 00:00:00;2030-08-08 00:00:00;2030-06-21 00:00:00;2030-07-01 00:00:00
2030-06-17 00:00:00;SO163720;C0029;CT003;1047;2030-08-12 00:00:00;2030-08-06 00:00:00;2030-06-25 00:00:00;2030-06-19 00:00:00
2030-06-17 00:00:00;SO154464;C0015;CL001;1194;2030-07-29 00:00:00;2030-07-25 00:00:00;2030-06-21 00:00:00;2030-06-17 00:00:00
2030-06-17 00:00:00;SO154464;C0015;VS005;372;2030-07-29 00:00:00;2030-08-07 00:00:00;2030-06-21 00:00:00;2030-06-30 00:00:00
2030-06-17 00:00:00;SO163720;C0029;CS002;467;2030-08-12 00:00:00;2030-08-07 00:00:00;2030-06-25 00:00:00;2030-06-20 00:00:00
2030-06-17 00:00:00;SO163720;C0029;CT002;552;2030-08-12 00:00:00;2030-08-18 00:00:00;2030-06-25 00:00:00;2030-07-01 00:00:00
2030-06-17 00:00:00;SO163720;C0029;AT002;1510;2030-08-12 00:00:00;2030-08-20 00:00:00;2030-06-25 00:00:00;2030-07-03 00:00:00
2030-06-17 00:00:00;SO154464;C0015;VS001;540;2030-07-29 00:00:00;2030-07-29 00:00:00;2030-06-21 00:00:00;2030-06-21 00:00:00
2030-06-17 00:00:00;SO163720;C0029;AT001;826;2030-08-12 00:00:00;2030-08-08 00:00:00;2030-06-25 00:00:00;2030-06-21 00:00:00
2030-06-17 00:00:00;SO163720;C0029;AL002;1404;2030-08-12 00:00:00;2030-08-05 00:00:00;2030-06-25 00:00:00;2030-06-18 00:00:00
2030-06-17 00:00:00;SO154464;C0015;AT001;490;2030-07-29 00:00:00;2030-08-08 00:00:00;2030-06-21 00:00:00;2030-07-01 00:00:00
2030-06-17 00:00:00;SO163720;C0029;CL001;1053;2030-08-12 00:00:00;2030-08-06 00:00:00;2030-06-25 00:00:00;2030-06-19 00:00:00
2030-06-17 00:00:00;SO163720;C0029;VS001;1069;2030-08-12 00:00:00;2030-08-21 00:00:00;2030-06-25 00:00:00;2030-07-04 00:00:00
2030-06-17 00:00:00;SO154464;C0015;CS002;465;2030-07-29 00:00:00;2030-07-27 00:00:00;2030-06-21 00:00:00;2030-06-19 00:00:00
2030-06-17 00:00:00;SO154464;C0015;AL002;1124;2030-07-29 00:00:00;2030-07-29 00:00:00;2030-06-21 00:00:00;2030-06-21 00:00:00
2030-06-17 00:00:00;SO154464;C0015;AL001;748;2030-07-29 00:00:00;2030-07-28 00:00:00;2030-06-21 00:00:00;2030-06-20 00:00:00
2030-06-17 00:00:00;SO154464;C0015;CS004;689;2030-07-29 00:00:00;2030-07-27 00:00:00;2030-06-21 00:00:00;2030-06-19 00:00:00
2030-06-17 00:00:00;SO163720;C0029;AS005;479;2030-08-12 00:00:00;2030-08-18 00:00:00;2030-06-25 00:00:00;2030-07-01 00:00:00
2030-06-18 00:00:00;SO698566;C0022;CT003;899;2030-07-30 00:00:00;2030-07-21 00:00:00;2030-06-22 00:00:00;2030-06-13 00:00:00
2030-06-18 00:00:00;SO204501;C0015;AL002;840;2030-07-30 00:00:00;2030-07-20 00:00:00;2030-06-22 00:00:00;2030-06-12 00:00:00
2030-06-18 00:00:00;SO893812;C0011;CT003;824;2030-07-23 00:00:00;2030-07-30 00:00:00;2030-06-21 00:00:00;2030-06-28 00:00:00
2030-06-18 00:00:00;SO352192;C0014;AS001;1259;2030-07-23 00:00:00;2030-08-01 00:00:00;2030-06-22 00:00:00;2030-07-01 00:00:00
2030-06-18 00:00:00;SO698566;C0022;AS001;468;2030-07-30 00:00:00;2030-08-06 00:00:00;2030-06-22 00:00:00;2030-06-29 00:00:00
2030-06-18 00:00:00;SO204501;C0015;VS002;1021;2030-07-30 00:00:00;2030-08-08 00:00:00;2030-06-22 00:00:00;2030-07-01 00:00:00
2030-06-18 00:00:00;SO204501;C0015;AS005;1286;2030-07-30 00:00:00;2030-07-21 00:00:00;2030-06-22 00:00:00;2030-06-13 00:00:00
2030-06-18 00:00:00;SO352192;C0014;CS004;1352;2030-07-23 00:00:00;2030-07-18 00:00:00;2030-06-22 00:00:00;2030-06-17 00:00:00
2030-06-18 00:00:00;SO893812;C0011;VS005;653;2030-07-23 00:00:00;2030-08-02 00:00:00;2030-06-21 00:00:00;2030-07-01 00:00:00
2030-06-18 00:00:00;SO352192;C0014;VS002;1091;2030-07-23 00:00:00;2030-07-14 00:00:00;2030-06-22 00:00:00;2030-06-13 00:00:00
2030-06-18 00:00:00;SO893812;C0011;AS001;990;2030-07-23 00:00:00;2030-07-17 00:00:00;2030-06-21 00:00:00;2030-06-15 00:00:00
2030-06-18 00:00:00;SO352192;C0014;AS003;741;2030-07-23 00:00:00;2030-07-18 00:00:00;2030-06-22 00:00:00;2030-06-17 00:00:00
2030-06-18 00:00:00;SO204501;C0015;AS001;814;2030-07-30 00:00:00;2030-07-23 00:00:00;2030-06-22 00:00:00;2030-06-15 00:00:00
2030-06-18 00:00:00;SO698566;C0022;CS002;1205;2030-07-30 00:00:00;2030-07-22 00:00:00;2030-06-22 00:00:00;2030-06-14 00:00:00
2030-06-18 00:00:00;SO204501;C0015;CT002;1288;2030-07-30 00:00:00;2030-07-23 00:00:00;2030-06-22 00:00:00;2030-06-15 00:00:00
2030-06-18 00:00:00;SO893812;C0011;AL001;1090;2030-07-23 00:00:00;2030-07-26 00:00:00;2030-06-21 00:00:00;2030-06-24 00:00:00
2030-06-18 00:00:00;SO893812;C0011;CT002;1229;2030-07-23 00:00:00;2030-07-25 00:00:00;2030-06-21 00:00:00;2030-06-23 00:00:00
2030-06-19 00:00:00;SO876720;C0024;VS005;840;2030-07-17 00:00:00;2030-07-20 00:00:00;2030-06-23 00:00:00;2030-06-26 00:00:00
2030-06-19 00:00:00;SO936908;C0006;CS004;697;2030-08-21 00:00:00;2030-08-22 00:00:00;2030-06-21 00:00:00;2030-06-22 00:00:00
2030-06-19 00:00:00;SO845210;C0019;AS005;1356;2030-08-21 00:00:00;2030-08-14 00:00:00;2030-06-23 00:00:00;2030-06-16 00:00:00
2030-06-19 00:00:00;SO936908;C0006;VS002;928;2030-08-21 00:00:00;2030-08-15 00:00:00;2030-06-21 00:00:00;2030-06-15 00:00:00
2030-06-19 00:00:00;SO936908;C0006;AS002;570;2030-08-21 00:00:00;2030-08-21 00:00:00;2030-06-21 00:00:00;2030-06-21 00:00:00
2030-06-19 00:00:00;SO845210;C0019;AS003;531;2030-08-21 00:00:00;2030-08-22 00:00:00;2030-06-23 00:00:00;2030-06-24 00:00:00
2030-06-19 00:00:00;SO936908;C0006;AL002;1124;2030-08-21 00:00:00;2030-08-11 00:00:00;2030-06-21 00:00:00;2030-06-11 00:00:00
2030-06-19 00:00:00;SO876720;C0024;AS001;876;2030-07-17 00:00:00;2030-07-27 00:00:00;2030-06-23 00:00:00;2030-07-03 00:00:00
2030-06-19 00:00:00;SO936908;C0006;AT002;1008;2030-08-21 00:00:00;2030-08-11 00:00:00;2030-06-21 00:00:00;2030-06-11 00:00:00
2030-06-19 00:00:00;SO936908;C0006;CT002;398;2030-08-21 00:00:00;2030-08-26 00:00:00;2030-06-21 00:00:00;2030-06-26 00:00:00
2030-06-19 00:00:00;SO936908;C0006;AL001;975;2030-08-21 00:00:00;2030-08-16 00:00:00;2030-06-21 00:00:00;2030-06-16 00:00:00
2030-06-19 00:00:00;SO936908;C0006;CS001;1220;2030-08-21 00:00:00;2030-08-12 00:00:00;2030-06-21 00:00:00;2030-06-12 00:00:00
2030-06-20 00:00:00;SO629893;C0020;VS002;706;2030-08-15 00:00:00;2030-08-05 00:00:00;2030-06-24 00:00:00;2030-06-14 00:00:00
2030-06-20 00:00:00;SO309949;C0002;CS001;413;2030-07-25 00:00:00;2030-07-25 00:00:00;2030-06-22 00:00:00;2030-06-22 00:00:00
2030-06-20 00:00:00;SO895091;C0001;CS004;820;2030-07-18 00:00:00;2030-07-12 00:00:00;2030-06-22 00:00:00;2030-06-16 00:00:00
2030-06-20 00:00:00;SO629893;C0020;CT002;1252;2030-08-15 00:00:00;2030-08-06 00:00:00;2030-06-24 00:00:00;2030-06-15 00:00:00
2030-06-20 00:00:00;SO895091;C0001;AT002;1248;2030-07-18 00:00:00;2030-07-25 00:00:00;2030-06-22 00:00:00;2030-06-29 00:00:00
2030-06-20 00:00:00;SO629893;C0020;AS005;659;2030-08-15 00:00:00;2030-08-13 00:00:00;2030-06-24 00:00:00;2030-06-22 00:00:00
2030-06-20 00:00:00;SO309949;C0002;AT002;653;2030-07-25 00:00:00;2030-08-01 00:00:00;2030-06-22 00:00:00;2030-06-29 00:00:00
2030-06-20 00:00:00;SO309949;C0002;AS005;629;2030-07-25 00:00:00;2030-07-18 00:00:00;2030-06-22 00:00:00;2030-06-15 00:00:00
2030-06-20 00:00:00;SO629893;C0020;VS005;427;2030-08-15 00:00:00;2030-08-05 00:00:00;2030-06-24 00:00:00;2030-06-14 00:00:00
2030-06-20 00:00:00;SO895091;C0001;AS001;1038;2030-07-18 00:00:00;2030-07-23 00:00:00;2030-06-22 00:00:00;2030-06-27 00:00:00
2030-06-20 00:00:00;SO309949;C0002;AL002;785;2030-07-25 00:00:00;2030-07-16 00:00:00;2030-06-22 00:00:00;2030-06-13 00:00:00
2030-06-20 00:00:00;SO309949;C0002;CT002;1122;2030-07-25 00:00:00;2030-07-29 00:00:00;2030-06-22 00:00:00;2030-06-26 00:00:00
2030-06-20 00:00:00;SO895091;C0001;VS002;1159;2030-07-18 00:00:00;2030-07-25 00:00:00;2030-06-22 00:00:00;2030-06-29 00:00:00
2030-06-20 00:00:00;SO629893;C0020;AS002;523;2030-08-15 00:00:00;2030-08-08 00:00:00;2030-06-24 00:00:00;2030-06-17 00:00:00
2030-06-20 00:00:00;SO895091;C0001;CT002;1229;2030-07-18 00:00:00;2030-07-25 00:00:00;2030-06-22 00:00:00;2030-06-29 00:00:00
2030-06-20 00:00:00;SO895091;C0001;VS001;487;2030-07-18 00:00:00;2030-07-21 00:00:00;2030-06-22 00:00:00;2030-06-25 00:00:00
2030-06-20 00:00:00;SO629893;C0020;AL001;1030;2030-08-15 00:00:00;2030-08-22 00:00:00;2030-06-24 00:00:00;2030-07-01 00:00:00
2030-06-20 00:00:00;SO895091;C0001;CT003;1094;2030-07-18 00:00:00;2030-07-15 00:00:00;2030-06-22 00:00:00;2030-06-19 00:00:00
2030-06-20 00:00:00;SO629893;C0020;CS004;892;2030-08-15 00:00:00;2030-08-18 00:00:00;2030-06-24 00:00:00;2030-06-27 00:00:00
2030-06-20 00:00:00;SO895091;C0001;AL002;822;2030-07-18 00:00:00;2030-07-10 00:00:00;2030-06-22 00:00:00;2030-06-14 00:00:00
2030-06-21 00:00:00;SO854207;C0016;CL001;1038;2030-07-05 00:00:00;2030-07-09 00:00:00;2030-06-25 00:00:00;2030-06-29 00:00:00
2030-06-21 00:00:00;SO819015;C0004;CT003;611;2030-07-05 00:00:00;2030-07-15 00:00:00;2030-06-23 00:00:00;2030-07-03 00:00:00
2030-06-21 00:00:00;SO152295;C0021;AT001;802;2030-07-05 00:00:00;2030-07-15 00:00:00;2030-06-25 00:00:00;2030-07-05 00:00:00
2030-06-21 00:00:00;SO334677;C0027;VS005;566;2030-08-02 00:00:00;2030-08-05 00:00:00;2030-06-29 00:00:00;2030-07-02 00:00:00
2030-06-21 00:00:00;SO854207;C0016;CT002;781;2030-07-05 00:00:00;2030-07-02 00:00:00;2030-06-25 00:00:00;2030-06-22 00:00:00
2030-06-21 00:00:00;SO819015;C0004;AT002;491;2030-07-05 00:00:00;2030-06-30 00:00:00;2030-06-23 00:00:00;2030-06-18 00:00:00
2030-06-21 00:00:00;SO152295;C0021;VS005;550;2030-07-05 00:00:00;2030-07-15 00:00:00;2030-06-25 00:00:00;2030-07-05 00:00:00
2030-06-21 00:00:00;SO819015;C0004;VS005;638;2030-07-05 00:00:00;2030-07-12 00:00:00;2030-06-23 00:00:00;2030-06-30 00:00:00
2030-06-21 00:00:00;SO334677;C0027;AS003;879;2030-08-02 00:00:00;2030-07-25 00:00:00;2030-06-29 00:00:00;2030-06-21 00:00:00
2030-06-21 00:00:00;SO152295;C0021;AL002;625;2030-07-05 00:00:00;2030-07-10 00:00:00;2030-06-25 00:00:00;2030-06-30 00:00:00
2030-06-21 00:00:00;SO854207;C0016;VS002;1236;2030-07-05 00:00:00;2030-06-28 00:00:00;2030-06-25 00:00:00;2030-06-18 00:00:00
2030-06-21 00:00:00;SO819015;C0004;CS004;590;2030-07-05 00:00:00;2030-07-11 00:00:00;2030-06-23 00:00:00;2030-06-29 00:00:00
2030-06-21 00:00:00;SO152295;C0021;CS002;435;2030-07-05 00:00:00;2030-07-06 00:00:00;2030-06-25 00:00:00;2030-06-26 00:00:00
2030-06-21 00:00:00;SO819015;C0004;AL001;821;2030-07-05 00:00:00;2030-07-08 00:00:00;2030-06-23 00:00:00;2030-06-26 00:00:00
2030-06-21 00:00:00;SO819015;C0004;CL001;899;2030-07-05 00:00:00;2030-07-12 00:00:00;2030-06-23 00:00:00;2030-06-30 00:00:00
2030-06-21 00:00:00;SO152295;C0021;AS005;962;2030-07-05 00:00:00;2030-07-05 00:00:00;2030-06-25 00:00:00;2030-06-25 00:00:00
2030-06-21 00:00:00;SO334677;C0027;VS002;910;2030-08-02 00:00:00;2030-07-30 00:00:00;2030-06-29 00:00:00;2030-06-26 00:00:00
2030-06-21 00:00:00;SO819015;C0004;AL002;691;2030-07-05 00:00:00;2030-07-03 00:00:00;2030-06-23 00:00:00;2030-06-21 00:00:00
2030-06-21 00:00:00;SO819015;C0004;AS003;653;2030-07-05 00:00:00;2030-07-06 00:00:00;2030-06-23 00:00:00;2030-06-24 00:00:00
2030-06-24 00:00:00;SO305322;C0021;CS001;567;2030-07-08 00:00:00;2030-07-03 00:00:00;2030-06-28 00:00:00;2030-06-23 00:00:00
2030-06-24 00:00:00;SO642496;C0001;AS001;515;2030-07-22 00:00:00;2030-07-31 00:00:00;2030-06-26 00:00:00;2030-07-05 00:00:00
2030-06-24 00:00:00;SO753754;C0030;AS003;1087;2030-08-26 00:00:00;2030-09-03 00:00:00;2030-07-02 00:00:00;2030-07-10 00:00:00
2030-06-24 00:00:00;SO793989;C0019;VS001;1102;2030-08-26 00:00:00;2030-08-28 00:00:00;2030-06-28 00:00:00;2030-06-30 00:00:00
2030-06-24 00:00:00;SO753754;C0030;AT002;578;2030-08-26 00:00:00;2030-08-26 00:00:00;2030-07-02 00:00:00;2030-07-02 00:00:00
2030-06-24 00:00:00;SO642496;C0001;AS005;1157;2030-07-22 00:00:00;2030-07-26 00:00:00;2030-06-26 00:00:00;2030-06-30 00:00:00
2030-06-24 00:00:00;SO305322;C0021;VS005;434;2030-07-08 00:00:00;2030-07-11 00:00:00;2030-06-28 00:00:00;2030-07-01 00:00:00
2030-06-24 00:00:00;SO753754;C0030;VS001;446;2030-08-26 00:00:00;2030-08-16 00:00:00;2030-07-02 00:00:00;2030-06-22 00:00:00
2030-06-24 00:00:00;SO793989;C0019;VS002;531;2030-08-26 00:00:00;2030-08-27 00:00:00;2030-06-28 00:00:00;2030-06-29 00:00:00
2030-06-24 00:00:00;SO793989;C0019;CT002;881;2030-08-26 00:00:00;2030-08-18 00:00:00;2030-06-28 00:00:00;2030-06-20 00:00:00
2030-06-24 00:00:00;SO305322;C0021;CS004;1006;2030-07-08 00:00:00;2030-07-09 00:00:00;2030-06-28 00:00:00;2030-06-29 00:00:00
2030-06-24 00:00:00;SO753754;C0030;AS005;744;2030-08-26 00:00:00;2030-08-25 00:00:00;2030-07-02 00:00:00;2030-07-01 00:00:00
2030-06-24 00:00:00;SO642496;C0001;AL001;902;2030-07-22 00:00:00;2030-07-27 00:00:00;2030-06-26 00:00:00;2030-07-01 00:00:00
2030-06-24 00:00:00;SO753754;C0030;CS004;459;2030-08-26 00:00:00;2030-08-28 00:00:00;2030-07-02 00:00:00;2030-07-04 00:00:00
2030-06-24 00:00:00;SO793989;C0019;AS005;491;2030-08-26 00:00:00;2030-09-05 00:00:00;2030-06-28 00:00:00;2030-07-08 00:00:00
2030-06-25 00:00:00;SO174052;C0024;CS001;1285;2030-07-23 00:00:00;2030-08-02 00:00:00;2030-06-29 00:00:00;2030-07-09 00:00:00
2030-06-25 00:00:00;SO176324;C0017;CS004;648;2030-08-20 00:00:00;2030-08-19 00:00:00;2030-06-29 00:00:00;2030-06-28 00:00:00
2030-06-25 00:00:00;SO176324;C0017;AL001;486;2030-08-20 00:00:00;2030-08-12 00:00:00;2030-06-29 00:00:00;2030-06-21 00:00:00
2030-06-25 00:00:00;SO176324;C0017;CS001;733;2030-08-20 00:00:00;2030-08-23 00:00:00;2030-06-29 00:00:00;2030-07-02 00:00:00
2030-06-25 00:00:00;SO176324;C0017;AT002;358;2030-08-20 00:00:00;2030-08-22 00:00:00;2030-06-29 00:00:00;2030-07-01 00:00:00
2030-06-25 00:00:00;SO176324;C0017;AS003;456;2030-08-20 00:00:00;2030-08-29 00:00:00;2030-06-29 00:00:00;2030-07-08 00:00:00
2030-06-25 00:00:00;SO176324;C0017;AS002;761;2030-08-20 00:00:00;2030-08-28 00:00:00;2030-06-29 00:00:00;2030-07-07 00:00:00
2030-06-25 00:00:00;SO174052;C0024;AS002;721;2030-07-23 00:00:00;2030-07-17 00:00:00;2030-06-29 00:00:00;2030-06-23 00:00:00
2030-06-25 00:00:00;SO176324;C0017;AT001;1176;2030-08-20 00:00:00;2030-08-26 00:00:00;2030-06-29 00:00:00;2030-07-05 00:00:00
2030-06-25 00:00:00;SO176324;C0017;CS002;1205;2030-08-20 00:00:00;2030-08-20 00:00:00;2030-06-29 00:00:00;2030-06-29 00:00:00
2030-06-25 00:00:00;SO176324;C0017;AL002;754;2030-08-20 00:00:00;2030-08-19 00:00:00;2030-06-29 00:00:00;2030-06-28 00:00:00
2030-06-25 00:00:00;SO176324;C0017;AS005;625;2030-08-20 00:00:00;2030-08-29 00:00:00;2030-06-29 00:00:00;2030-07-08 00:00:00
2030-06-25 00:00:00;SO174052;C0024;CL001;1439;2030-07-23 00:00:00;2030-07-15 00:00:00;2030-06-29 00:00:00;2030-06-21 00:00:00
2030-06-25 00:00:00;SO176324;C0017;CT003;693;2030-08-20 00:00:00;2030-08-18 00:00:00;2030-06-29 00:00:00;2030-06-27 00:00:00
2030-06-26 00:00:00;SO545966;C0011;AT001;441;2030-07-31 00:00:00;2030-07-25 00:00:00;2030-06-29 00:00:00;2030-06-23 00:00:00
2030-06-26 00:00:00;SO245247;C0019;AS001;1130;2030-08-28 00:00:00;2030-09-03 00:00:00;2030-06-30 00:00:00;2030-07-06 00:00:00
2030-06-26 00:00:00;SO592026;C0008;VS005;907;2030-08-21 00:00:00;2030-08-21 00:00:00;2030-06-29 00:00:00;2030-06-29 00:00:00
2030-06-26 00:00:00;SO592026;C0008;AS003;544;2030-08-21 00:00:00;2030-08-17 00:00:00;2030-06-29 00:00:00;2030-06-25 00:00:00
2030-06-26 00:00:00;SO245247;C0019;AS005;1086;2030-08-28 00:00:00;2030-08-25 00:00:00;2030-06-30 00:00:00;2030-06-27 00:00:00
2030-06-26 00:00:00;SO592026;C0008;CS002;592;2030-08-21 00:00:00;2030-08-28 00:00:00;2030-06-29 00:00:00;2030-07-06 00:00:00
2030-06-26 00:00:00;SO245247;C0019;AL001;708;2030-08-28 00:00:00;2030-08-18 00:00:00;2030-06-30 00:00:00;2030-06-20 00:00:00
2030-06-26 00:00:00;SO545966;C0011;CS001;907;2030-07-31 00:00:00;2030-08-06 00:00:00;2030-06-29 00:00:00;2030-07-05 00:00:00
2030-06-26 00:00:00;SO545966;C0011;CL001;740;2030-07-31 00:00:00;2030-07-29 00:00:00;2030-06-29 00:00:00;2030-06-27 00:00:00
2030-06-26 00:00:00;SO245247;C0019;VS001;1245;2030-08-28 00:00:00;2030-08-24 00:00:00;2030-06-30 00:00:00;2030-06-26 00:00:00
2030-06-26 00:00:00;SO245247;C0019;CT002;479;2030-08-28 00:00:00;2030-08-26 00:00:00;2030-06-30 00:00:00;2030-06-28 00:00:00
2030-06-26 00:00:00;SO245247;C0019;AS002;630;2030-08-28 00:00:00;2030-08-19 00:00:00;2030-06-30 00:00:00;2030-06-21 00:00:00
2030-06-26 00:00:00;SO545966;C0011;VS002;1034;2030-07-31 00:00:00;2030-07-26 00:00:00;2030-06-29 00:00:00;2030-06-24 00:00:00
2030-06-27 00:00:00;SO773272;C0022;CT003;669;2030-08-08 00:00:00;2030-08-06 00:00:00;2030-07-01 00:00:00;2030-06-29 00:00:00
2030-06-27 00:00:00;SO700979;C0028;CS001;910;2030-07-11 00:00:00;2030-07-18 00:00:00;2030-07-05 00:00:00;2030-07-12 00:00:00
2030-06-27 00:00:00;SO773272;C0022;AL002;1171;2030-08-08 00:00:00;2030-08-14 00:00:00;2030-07-01 00:00:00;2030-07-07 00:00:00
2030-06-27 00:00:00;SO773272;C0022;VS002;540;2030-08-08 00:00:00;2030-08-05 00:00:00;2030-07-01 00:00:00;2030-06-28 00:00:00
2030-06-27 00:00:00;SO700979;C0028;CT002;1041;2030-07-11 00:00:00;2030-07-18 00:00:00;2030-07-05 00:00:00;2030-07-12 00:00:00
2030-06-27 00:00:00;SO773272;C0022;CS001;548;2030-08-08 00:00:00;2030-07-29 00:00:00;2030-07-01 00:00:00;2030-06-21 00:00:00
2030-06-27 00:00:00;SO700979;C0028;AT001;881;2030-07-11 00:00:00;2030-07-12 00:00:00;2030-07-05 00:00:00;2030-07-06 00:00:00
2030-06-27 00:00:00;SO700979;C0028;CL001;486;2030-07-11 00:00:00;2030-07-02 00:00:00;2030-07-05 00:00:00;2030-06-26 00:00:00
2030-06-27 00:00:00;SO700979;C0028;CS004;623;2030-07-11 00:00:00;2030-07-04 00:00:00;2030-07-05 00:00:00;2030-06-28 00:00:00
2030-06-27 00:00:00;SO773272;C0022;AT001;605;2030-08-08 00:00:00;2030-08-14 00:00:00;2030-07-01 00:00:00;2030-07-07 00:00:00
2030-06-27 00:00:00;SO773272;C0022;CT002;638;2030-08-08 00:00:00;2030-08-10 00:00:00;2030-07-01 00:00:00;2030-07-03 00:00:00
2030-06-27 00:00:00;SO773272;C0022;CS004;666;2030-08-08 00:00:00;2030-08-15 00:00:00;2030-07-01 00:00:00;2030-07-08 00:00:00
2030-06-27 00:00:00;SO700979;C0028;CS002;552;2030-07-11 00:00:00;2030-07-17 00:00:00;2030-07-05 00:00:00;2030-07-11 00:00:00
2030-06-27 00:00:00;SO700979;C0028;AT002;1285;2030-07-11 00:00:00;2030-07-06 00:00:00;2030-07-05 00:00:00;2030-06-30 00:00:00
2030-06-27 00:00:00;SO773272;C0022;VS001;1104;2030-08-08 00:00:00;2030-08-06 00:00:00;2030-07-01 00:00:00;2030-06-29 00:00:00
2030-06-27 00:00:00;SO700979;C0028;AS001;949;2030-07-11 00:00:00;2030-07-15 00:00:00;2030-07-05 00:00:00;2030-07-09 00:00:00
2030-06-27 00:00:00;SO773272;C0022;CS002;501;2030-08-08 00:00:00;2030-08-07 00:00:00;2030-07-01 00:00:00;2030-06-30 00:00:00
2030-06-27 00:00:00;SO773272;C0022;CL001;369;2030-08-08 00:00:00;2030-08-05 00:00:00;2030-07-01 00:00:00;2030-06-28 00:00:00
2030-06-27 00:00:00;SO700979;C0028;AL002;708;2030-07-11 00:00:00;2030-07-02 00:00:00;2030-07-05 00:00:00;2030-06-26 00:00:00
2030-06-28 00:00:00;SO247453;C0009;AS003;772;2030-07-12 00:00:00;2030-07-22 00:00:00;2030-07-01 00:00:00;2030-07-11 00:00:00
2030-06-28 00:00:00;SO447880;C0010;AS003;932;2030-08-09 00:00:00;2030-07-31 00:00:00;2030-07-01 00:00:00;2030-06-22 00:00:00
2030-06-28 00:00:00;SO842364;C0012;AS005;541;2030-07-26 00:00:00;2030-08-01 00:00:00;2030-07-01 00:00:00;2030-07-07 00:00:00
2030-06-28 00:00:00;SO447880;C0010;CS002;912;2030-08-09 00:00:00;2030-08-05 00:00:00;2030-07-01 00:00:00;2030-06-27 00:00:00
2030-06-28 00:00:00;SO447880;C0010;CT002;1200;2030-08-09 00:00:00;2030-08-17 00:00:00;2030-07-01 00:00:00;2030-07-09 00:00:00
2030-06-28 00:00:00;SO842364;C0012;VS001;512;2030-07-26 00:00:00;2030-08-05 00:00:00;2030-07-01 00:00:00;2030-07-11 00:00:00
2030-06-28 00:00:00;SO842364;C0012;CT002;534;2030-07-26 00:00:00;2030-07-25 00:00:00;2030-07-01 00:00:00;2030-06-30 00:00:00
2030-06-28 00:00:00;SO842364;C0012;AL001;669;2030-07-26 00:00:00;2030-08-04 00:00:00;2030-07-01 00:00:00;2030-07-10 00:00:00
2030-06-28 00:00:00;SO247453;C0009;CL001;1446;2030-07-12 00:00:00;2030-07-04 00:00:00;2030-07-01 00:00:00;2030-06-23 00:00:00
2030-06-28 00:00:00;SO447880;C0010;CS004;505;2030-08-09 00:00:00;2030-07-31 00:00:00;2030-07-01 00:00:00;2030-06-22 00:00:00
2030-06-28 00:00:00;SO447880;C0010;VS002;1345;2030-08-09 00:00:00;2030-07-30 00:00:00;2030-07-01 00:00:00;2030-06-21 00:00:00
2030-06-28 00:00:00;SO842364;C0012;AT002;1226;2030-07-26 00:00:00;2030-07-28 00:00:00;2030-07-01 00:00:00;2030-07-03 00:00:00
2030-06-28 00:00:00;SO447880;C0010;AT002;1332;2030-08-09 00:00:00;2030-07-31 00:00:00;2030-07-01 00:00:00;2030-06-22 00:00:00
2030-06-28 00:00:00;SO247453;C0009;VS005;777;2030-07-12 00:00:00;2030-07-05 00:00:00;2030-07-01 00:00:00;2030-06-24 00:00:00
2030-06-28 00:00:00;SO447880;C0010;CL001;715;2030-08-09 00:00:00;2030-08-07 00:00:00;2030-07-01 00:00:00;2030-06-29 00:00:00
2030-06-28 00:00:00;SO247453;C0009;AT001;820;2030-07-12 00:00:00;2030-07-08 00:00:00;2030-07-01 00:00:00;2030-06-27 00:00:00
2030-06-28 00:00:00;SO247453;C0009;AL001;1012;2030-07-12 00:00:00;2030-07-15 00:00:00;2030-07-01 00:00:00;2030-07-04 00:00:00
2030-06-28 00:00:00;SO247453;C0009;CT003;1200;2030-07-12 00:00:00;2030-07-22 00:00:00;2030-07-01 00:00:00;2030-07-11 00:00:00
2030-07-01 00:00:00;SO153075;C0015;CT002;1178;2030-08-12 00:00:00;2030-08-14 00:00:00;2030-07-05 00:00:00;2030-07-07 00:00:00
2030-07-01 00:00:00;SO651043;C0016;CT002;575;2030-07-15 00:00:00;2030-07-09 00:00:00;2030-07-05 00:00:00;2030-06-29 00:00:00
2030-07-01 00:00:00;SO461978;C0027;AL002;625;2030-08-12 00:00:00;2030-08-19 00:00:00;2030-07-09 00:00:00;2030-07-16 00:00:00
2030-07-01 00:00:00;SO651043;C0016;AL002;1223;2030-07-15 00:00:00;2030-07-12 00:00:00;2030-07-05 00:00:00;2030-07-02 00:00:00
2030-07-01 00:00:00;SO153075;C0015;AL002;1069;2030-08-12 00:00:00;2030-08-10 00:00:00;2030-07-05 00:00:00;2030-07-03 00:00:00
2030-07-01 00:00:00;SO461978;C0027;CS004;1376;2030-08-12 00:00:00;2030-08-09 00:00:00;2030-07-09 00:00:00;2030-07-06 00:00:00
2030-07-01 00:00:00;SO461978;C0027;CS003;977;2030-08-12 00:00:00;2030-08-20 00:00:00;2030-07-09 00:00:00;2030-07-17 00:00:00
2030-07-01 00:00:00;SO461978;C0027;CS001;1060;2030-08-12 00:00:00;2030-08-16 00:00:00;2030-07-09 00:00:00;2030-07-13 00:00:00
2030-07-01 00:00:00;SO461978;C0027;AL001;577;2030-08-12 00:00:00;2030-08-15 00:00:00;2030-07-09 00:00:00;2030-07-12 00:00:00
2030-07-01 00:00:00;SO651043;C0016;AS004;467;2030-07-15 00:00:00;2030-07-24 00:00:00;2030-07-05 00:00:00;2030-07-14 00:00:00
2030-07-01 00:00:00;SO651043;C0016;CL002;1196;2030-07-15 00:00:00;2030-07-12 00:00:00;2030-07-05 00:00:00;2030-07-02 00:00:00
2030-07-01 00:00:00;SO461978;C0027;VS001;818;2030-08-12 00:00:00;2030-08-13 00:00:00;2030-07-09 00:00:00;2030-07-10 00:00:00
2030-07-01 00:00:00;SO461978;C0027;CT003;515;2030-08-12 00:00:00;2030-08-22 00:00:00;2030-07-09 00:00:00;2030-07-19 00:00:00
2030-07-01 00:00:00;SO153075;C0015;AT001;388;2030-08-12 00:00:00;2030-08-22 00:00:00;2030-07-05 00:00:00;2030-07-15 00:00:00
2030-07-01 00:00:00;SO461978;C0027;AS004;1255;2030-08-12 00:00:00;2030-08-19 00:00:00;2030-07-09 00:00:00;2030-07-16 00:00:00
2030-07-01 00:00:00;SO461978;C0027;CL001;918;2030-08-12 00:00:00;2030-08-10 00:00:00;2030-07-09 00:00:00;2030-07-07 00:00:00
2030-07-01 00:00:00;SO461978;C0027;VS002;732;2030-08-12 00:00:00;2030-08-21 00:00:00;2030-07-09 00:00:00;2030-07-18 00:00:00
2030-07-02 00:00:00;SO955580;C0013;AL002;993;2030-07-30 00:00:00;2030-08-01 00:00:00;2030-07-06 00:00:00;2030-07-08 00:00:00
2030-07-02 00:00:00;SO857891;C0015;CS002;1480;2030-08-13 00:00:00;2030-08-03 00:00:00;2030-07-06 00:00:00;2030-06-26 00:00:00
2030-07-02 00:00:00;SO233474;C0018;CS001;895;2030-09-03 00:00:00;2030-09-07 00:00:00;2030-07-06 00:00:00;2030-07-10 00:00:00
2030-07-02 00:00:00;SO579644;C0003;CT003;1065;2030-08-13 00:00:00;2030-08-09 00:00:00;2030-07-04 00:00:00;2030-06-30 00:00:00
2030-07-02 00:00:00;SO955580;C0013;VS003;1410;2030-07-30 00:00:00;2030-07-27 00:00:00;2030-07-06 00:00:00;2030-07-03 00:00:00
2030-07-02 00:00:00;SO955580;C0013;VS002;824;2030-07-30 00:00:00;2030-07-29 00:00:00;2030-07-06 00:00:00;2030-07-05 00:00:00
2030-07-02 00:00:00;SO955580;C0013;CL001;980;2030-07-30 00:00:00;2030-08-07 00:00:00;2030-07-06 00:00:00;2030-07-14 00:00:00
2030-07-02 00:00:00;SO857891;C0015;AS005;612;2030-08-13 00:00:00;2030-08-19 00:00:00;2030-07-06 00:00:00;2030-07-12 00:00:00
2030-07-02 00:00:00;SO233474;C0018;VS002;544;2030-09-03 00:00:00;2030-08-25 00:00:00;2030-07-06 00:00:00;2030-06-27 00:00:00
2030-07-02 00:00:00;SO955580;C0013;CT003;367;2030-07-30 00:00:00;2030-08-06 00:00:00;2030-07-06 00:00:00;2030-07-13 00:00:00
2030-07-02 00:00:00;SO579644;C0003;VS004;494;2030-08-13 00:00:00;2030-08-19 00:00:00;2030-07-04 00:00:00;2030-07-10 00:00:00
2030-07-02 00:00:00;SO233474;C0018;CT002;443;2030-09-03 00:00:00;2030-08-30 00:00:00;2030-07-06 00:00:00;2030-07-02 00:00:00
2030-07-03 00:00:00;SO186088;C0001;CS001;906;2030-07-31 00:00:00;2030-08-08 00:00:00;2030-07-05 00:00:00;2030-07-13 00:00:00
2030-07-03 00:00:00;SO224707;C0009;CS004;638;2030-07-17 00:00:00;2030-07-07 00:00:00;2030-07-06 00:00:00;2030-06-26 00:00:00
2030-07-03 00:00:00;SO463424;C0003;CL002;1027;2030-08-14 00:00:00;2030-08-18 00:00:00;2030-07-05 00:00:00;2030-07-09 00:00:00
2030-07-03 00:00:00;SO848512;C0024;CS003;577;2030-07-31 00:00:00;2030-08-03 00:00:00;2030-07-07 00:00:00;2030-07-10 00:00:00
2030-07-03 00:00:00;SO224707;C0009;AS003;594;2030-07-17 00:00:00;2030-07-12 00:00:00;2030-07-06 00:00:00;2030-07-01 00:00:00
2030-07-03 00:00:00;SO848512;C0024;AS005;597;2030-07-31 00:00:00;2030-08-04 00:00:00;2030-07-07 00:00:00;2030-07-11 00:00:00
2030-07-03 00:00:00;SO463424;C0003;CL001;707;2030-08-14 00:00:00;2030-08-12 00:00:00;2030-07-05 00:00:00;2030-07-03 00:00:00
2030-07-03 00:00:00;SO848512;C0024;AS004;691;2030-07-31 00:00:00;2030-08-10 00:00:00;2030-07-07 00:00:00;2030-07-17 00:00:00
2030-07-03 00:00:00;SO224707;C0009;CT002;1207;2030-07-17 00:00:00;2030-07-09 00:00:00;2030-07-06 00:00:00;2030-06-28 00:00:00
2030-07-03 00:00:00;SO463424;C0003;AS005;611;2030-08-14 00:00:00;2030-08-19 00:00:00;2030-07-05 00:00:00;2030-07-10 00:00:00
2030-07-03 00:00:00;SO224707;C0009;AT002;968;2030-07-17 00:00:00;2030-07-11 00:00:00;2030-07-06 00:00:00;2030-06-30 00:00:00
2030-07-03 00:00:00;SO463424;C0003;AS003;1194;2030-08-14 00:00:00;2030-08-19 00:00:00;2030-07-05 00:00:00;2030-07-10 00:00:00
2030-07-03 00:00:00;SO848512;C0024;CS001;453;2030-07-31 00:00:00;2030-07-25 00:00:00;2030-07-07 00:00:00;2030-07-01 00:00:00
2030-07-03 00:00:00;SO848512;C0024;AL002;641;2030-07-31 00:00:00;2030-07-24 00:00:00;2030-07-07 00:00:00;2030-06-30 00:00:00
2030-07-04 00:00:00;SO376662;C0022;CS001;1009;2030-08-15 00:00:00;2030-08-05 00:00:00;2030-07-08 00:00:00;2030-06-28 00:00:00
2030-07-04 00:00:00;SO991224;C0015;CS003;449;2030-08-15 00:00:00;2030-08-18 00:00:00;2030-07-08 00:00:00;2030-07-11 00:00:00
2030-07-04 00:00:00;SO783409;C0029;AS004;1178;2030-08-29 00:00:00;2030-08-23 00:00:00;2030-07-12 00:00:00;2030-07-06 00:00:00
2030-07-04 00:00:00;SO783409;C0029;AT002;408;2030-08-29 00:00:00;2030-09-02 00:00:00;2030-07-12 00:00:00;2030-07-16 00:00:00
2030-07-04 00:00:00;SO991224;C0015;AS002;1002;2030-08-15 00:00:00;2030-08-14 00:00:00;2030-07-08 00:00:00;2030-07-07 00:00:00
2030-07-04 00:00:00;SO783409;C0029;CT001;459;2030-08-29 00:00:00;2030-08-26 00:00:00;2030-07-12 00:00:00;2030-07-09 00:00:00
2030-07-04 00:00:00;SO783409;C0029;CT002;1240;2030-08-29 00:00:00;2030-08-23 00:00:00;2030-07-12 00:00:00;2030-07-06 00:00:00
2030-07-04 00:00:00;SO376662;C0022;AS003;454;2030-08-15 00:00:00;2030-08-14 00:00:00;2030-07-08 00:00:00;2030-07-07 00:00:00
2030-07-04 00:00:00;SO991224;C0015;AT002;317;2030-08-15 00:00:00;2030-08-07 00:00:00;2030-07-08 00:00:00;2030-06-30 00:00:00
2030-07-04 00:00:00;SO376662;C0022;AS002;1137;2030-08-15 00:00:00;2030-08-23 00:00:00;2030-07-08 00:00:00;2030-07-16 00:00:00
2030-07-04 00:00:00;SO376662;C0022;VS003;1146;2030-08-15 00:00:00;2030-08-14 00:00:00;2030-07-08 00:00:00;2030-07-07 00:00:00
2030-07-04 00:00:00;SO991224;C0015;CS004;837;2030-08-15 00:00:00;2030-08-08 00:00:00;2030-07-08 00:00:00;2030-07-01 00:00:00
2030-07-04 00:00:00;SO783409;C0029;VS002;1315;2030-08-29 00:00:00;2030-08-31 00:00:00;2030-07-12 00:00:00;2030-07-14 00:00:00
2030-07-04 00:00:00;SO783409;C0029;VS003;1157;2030-08-29 00:00:00;2030-09-02 00:00:00;2030-07-12 00:00:00;2030-07-16 00:00:00
2030-07-04 00:00:00;SO376662;C0022;CT003;478;2030-08-15 00:00:00;2030-08-19 00:00:00;2030-07-08 00:00:00;2030-07-12 00:00:00
2030-07-04 00:00:00;SO991224;C0015;AS004;1477;2030-08-15 00:00:00;2030-08-12 00:00:00;2030-07-08 00:00:00;2030-07-05 00:00:00
2030-07-04 00:00:00;SO376662;C0022;VS004;1063;2030-08-15 00:00:00;2030-08-17 00:00:00;2030-07-08 00:00:00;2030-07-10 00:00:00
2030-07-04 00:00:00;SO783409;C0029;AL002;623;2030-08-29 00:00:00;2030-08-26 00:00:00;2030-07-12 00:00:00;2030-07-09 00:00:00
2030-07-04 00:00:00;SO376662;C0022;AS004;678;2030-08-15 00:00:00;2030-08-23 00:00:00;2030-07-08 00:00:00;2030-07-16 00:00:00
2030-07-05 00:00:00;SO780908;C0006;AS002;642;2030-09-06 00:00:00;2030-09-11 00:00:00;2030-07-07 00:00:00;2030-07-12 00:00:00
2030-07-05 00:00:00;SO688433;C0005;VS002;594;2030-08-30 00:00:00;2030-08-24 00:00:00;2030-07-07 00:00:00;2030-07-01 00:00:00
2030-07-05 00:00:00;SO772913;C0016;AL002;1214;2030-07-19 00:00:00;2030-07-28 00:00:00;2030-07-09 00:00:00;2030-07-18 00:00:00
2030-07-05 00:00:00;SO688433;C0005;CS001;1348;2030-08-30 00:00:00;2030-09-04 00:00:00;2030-07-07 00:00:00;2030-07-12 00:00:00
2030-07-05 00:00:00;SO772913;C0016;VS004;1354;2030-07-19 00:00:00;2030-07-25 00:00:00;2030-07-09 00:00:00;2030-07-15 00:00:00
2030-07-05 00:00:00;SO688433;C0005;AL001;890;2030-08-30 00:00:00;2030-08-25 00:00:00;2030-07-07 00:00:00;2030-07-02 00:00:00
2030-07-05 00:00:00;SO688433;C0005;CS003;611;2030-08-30 00:00:00;2030-08-29 00:00:00;2030-07-07 00:00:00;2030-07-06 00:00:00
2030-07-05 00:00:00;SO780908;C0006;CL002;826;2030-09-06 00:00:00;2030-09-01 00:00:00;2030-07-07 00:00:00;2030-07-02 00:00:00
2030-07-05 00:00:00;SO772913;C0016;VS002;961;2030-07-19 00:00:00;2030-07-27 00:00:00;2030-07-09 00:00:00;2030-07-17 00:00:00
2030-07-05 00:00:00;SO772913;C0016;CS003;1344;2030-07-19 00:00:00;2030-07-09 00:00:00;2030-07-09 00:00:00;2030-06-29 00:00:00
2030-07-05 00:00:00;SO688433;C0005;AT001;442;2030-08-30 00:00:00;2030-08-29 00:00:00;2030-07-07 00:00:00;2030-07-06 00:00:00
2030-07-05 00:00:00;SO772913;C0016;CS001;752;2030-07-19 00:00:00;2030-07-28 00:00:00;2030-07-09 00:00:00;2030-07-18 00:00:00
2030-07-05 00:00:00;SO780908;C0006;VS003;793;2030-09-06 00:00:00;2030-09-02 00:00:00;2030-07-07 00:00:00;2030-07-03 00:00:00
2030-07-05 00:00:00;SO688433;C0005;AS003;1112;2030-08-30 00:00:00;2030-08-24 00:00:00;2030-07-07 00:00:00;2030-07-01 00:00:00
2030-07-05 00:00:00;SO780908;C0006;CS002;1550;2030-09-06 00:00:00;2030-09-10 00:00:00;2030-07-07 00:00:00;2030-07-11 00:00:00
2030-07-08 00:00:00;SO892440;C0015;AS003;795;2030-08-19 00:00:00;2030-08-11 00:00:00;2030-07-12 00:00:00;2030-07-04 00:00:00
2030-07-08 00:00:00;SO639206;C0016;CS004;496;2030-07-22 00:00:00;2030-07-23 00:00:00;2030-07-12 00:00:00;2030-07-13 00:00:00
2030-07-08 00:00:00;SO927825;C0017;CT003;475;2030-09-02 00:00:00;2030-09-09 00:00:00;2030-07-12 00:00:00;2030-07-19 00:00:00
2030-07-08 00:00:00;SO441692;C0021;VS003;585;2030-07-22 00:00:00;2030-07-15 00:00:00;2030-07-12 00:00:00;2030-07-05 00:00:00
2030-07-08 00:00:00;SO441692;C0021;CT003;843;2030-07-22 00:00:00;2030-07-15 00:00:00;2030-07-12 00:00:00;2030-07-05 00:00:00
2030-07-08 00:00:00;SO892440;C0015;AL002;593;2030-08-19 00:00:00;2030-08-12 00:00:00;2030-07-12 00:00:00;2030-07-05 00:00:00
2030-07-08 00:00:00;SO441692;C0021;AS005;769;2030-07-22 00:00:00;2030-07-28 00:00:00;2030-07-12 00:00:00;2030-07-18 00:00:00
2030-07-08 00:00:00;SO441692;C0021;CT002;1186;2030-07-22 00:00:00;2030-07-19 00:00:00;2030-07-12 00:00:00;2030-07-09 00:00:00
2030-07-08 00:00:00;SO441692;C0021;CS004;1189;2030-07-22 00:00:00;2030-07-21 00:00:00;2030-07-12 00:00:00;2030-07-11 00:00:00
2030-07-08 00:00:00;SO927825;C0017;CS004;563;2030-09-02 00:00:00;2030-09-11 00:00:00;2030-07-12 00:00:00;2030-07-21 00:00:00
2030-07-08 00:00:00;SO927825;C0017;CL001;1174;2030-09-02 00:00:00;2030-09-05 00:00:00;2030-07-12 00:00:00;2030-07-15 00:00:00
2030-07-08 00:00:00;SO639206;C0016;VS004;795;2030-07-22 00:00:00;2030-07-25 00:00:00;2030-07-12 00:00:00;2030-07-15 00:00:00
2030-07-08 00:00:00;SO927825;C0017;AL002;1079;2030-09-02 00:00:00;2030-09-02 00:00:00;2030-07-12 00:00:00;2030-07-12 00:00:00
2030-07-08 00:00:00;SO441692;C0021;AS004;802;2030-07-22 00:00:00;2030-07-20 00:00:00;2030-07-12 00:00:00;2030-07-10 00:00:00
2030-07-08 00:00:00;SO927825;C0017;VS002;832;2030-09-02 00:00:00;2030-09-06 00:00:00;2030-07-12 00:00:00;2030-07-16 00:00:00
2030-07-08 00:00:00;SO441692;C0021;CT001;861;2030-07-22 00:00:00;2030-07-20 00:00:00;2030-07-12 00:00:00;2030-07-10 00:00:00
2030-07-08 00:00:00;SO892440;C0015;VS004;726;2030-08-19 00:00:00;2030-08-26 00:00:00;2030-07-12 00:00:00;2030-07-19 00:00:00
2030-07-08 00:00:00;SO639206;C0016;AL001;1006;2030-07-22 00:00:00;2030-07-13 00:00:00;2030-07-12 00:00:00;2030-07-03 00:00:00
2030-07-09 00:00:00;SO506162;C0002;AT001;892;2030-08-13 00:00:00;2030-08-22 00:00:00;2030-07-11 00:00:00;2030-07-20 00:00:00
2030-07-09 00:00:00;SO646498;C0019;AS002;971;2030-09-10 00:00:00;2030-09-18 00:00:00;2030-07-13 00:00:00;2030-07-21 00:00:00
2030-07-09 00:00:00;SO646498;C0019;AL002;476;2030-09-10 00:00:00;2030-09-15 00:00:00;2030-07-13 00:00:00;2030-07-18 00:00:00
2030-07-09 00:00:00;SO506162;C0002;AS005;958;2030-08-13 00:00:00;2030-08-09 00:00:00;2030-07-11 00:00:00;2030-07-07 00:00:00
2030-07-09 00:00:00;SO506162;C0002;CT002;445;2030-08-13 00:00:00;2030-08-05 00:00:00;2030-07-11 00:00:00;2030-07-03 00:00:00
2030-07-09 00:00:00;SO506162;C0002;CL001;932;2030-08-13 00:00:00;2030-08-11 00:00:00;2030-07-11 00:00:00;2030-07-09 00:00:00
2030-07-09 00:00:00;SO506162;C0002;VS002;1322;2030-08-13 00:00:00;2030-08-15 00:00:00;2030-07-11 00:00:00;2030-07-13 00:00:00
2030-07-09 00:00:00;SO506162;C0002;AL002;638;2030-08-13 00:00:00;2030-08-21 00:00:00;2030-07-11 00:00:00;2030-07-19 00:00:00
2030-07-09 00:00:00;SO506162;C0002;CS004;1196;2030-08-13 00:00:00;2030-08-23 00:00:00;2030-07-11 00:00:00;2030-07-21 00:00:00
2030-07-09 00:00:00;SO646498;C0019;AS003;852;2030-09-10 00:00:00;2030-09-03 00:00:00;2030-07-13 00:00:00;2030-07-06 00:00:00
2030-07-09 00:00:00;SO506162;C0002;AL001;1065;2030-08-13 00:00:00;2030-08-20 00:00:00;2030-07-11 00:00:00;2030-07-18 00:00:00
2030-07-09 00:00:00;SO646498;C0019;AS005;912;2030-09-10 00:00:00;2030-09-05 00:00:00;2030-07-13 00:00:00;2030-07-08 00:00:00
2030-07-09 00:00:00;SO646498;C0019;CT002;697;2030-09-10 00:00:00;2030-09-12 00:00:00;2030-07-13 00:00:00;2030-07-15 00:00:00
2030-07-09 00:00:00;SO646498;C0019;AL001;821;2030-09-10 00:00:00;2030-09-01 00:00:00;2030-07-13 00:00:00;2030-07-04 00:00:00
2030-07-10 00:00:00;SO846714;C0029;AL002;718;2030-09-04 00:00:00;2030-09-08 00:00:00;2030-07-18 00:00:00;2030-07-22 00:00:00
2030-07-10 00:00:00;SO100778;C0028;AS004;836;2030-07-24 00:00:00;2030-07-16 00:00:00;2030-07-18 00:00:00;2030-07-10 00:00:00
2030-07-10 00:00:00;SO100778;C0028;CT001;976;2030-07-24 00:00:00;2030-07-28 00:00:00;2030-07-18 00:00:00;2030-07-22 00:00:00
2030-07-10 00:00:00;SO846714;C0029;AT001;1255;2030-09-04 00:00:00;2030-09-05 00:00:00;2030-07-18 00:00:00;2030-07-19 00:00:00
2030-07-10 00:00:00;SO846714;C0029;CL001;1032;2030-09-04 00:00:00;2030-09-06 00:00:00;2030-07-18 00:00:00;2030-07-20 00:00:00
2030-07-10 00:00:00;SO100778;C0028;CS002;1337;2030-07-24 00:00:00;2030-07-31 00:00:00;2030-07-18 00:00:00;2030-07-25 00:00:00
2030-07-10 00:00:00;SO100778;C0028;VS003;814;2030-07-24 00:00:00;2030-07-20 00:00:00;2030-07-18 00:00:00;2030-07-14 00:00:00
2030-07-10 00:00:00;SO846714;C0029;AS002;1030;2030-09-04 00:00:00;2030-09-02 00:00:00;2030-07-18 00:00:00;2030-07-16 00:00:00
2030-07-10 00:00:00;SO100778;C0028;AL002;950;2030-07-24 00:00:00;2030-07-30 00:00:00;2030-07-18 00:00:00;2030-07-24 00:00:00
2030-07-10 00:00:00;SO100778;C0028;VS002;1198;2030-07-24 00:00:00;2030-07-22 00:00:00;2030-07-18 00:00:00;2030-07-16 00:00:00
2030-07-10 00:00:00;SO846714;C0029;CS002;343;2030-09-04 00:00:00;2030-08-25 00:00:00;2030-07-18 00:00:00;2030-07-08 00:00:00
2030-07-10 00:00:00;SO846714;C0029;CL002;806;2030-09-04 00:00:00;2030-08-29 00:00:00;2030-07-18 00:00:00;2030-07-12 00:00:00
2030-07-10 00:00:00;SO100778;C0028;AT002;707;2030-07-24 00:00:00;2030-07-31 00:00:00;2030-07-18 00:00:00;2030-07-25 00:00:00
2030-07-10 00:00:00;SO100778;C0028;CS003;1046;2030-07-24 00:00:00;2030-07-14 00:00:00;2030-07-18 00:00:00;2030-07-08 00:00:00
2030-07-10 00:00:00;SO100778;C0028;AS005;605;2030-07-24 00:00:00;2030-07-19 00:00:00;2030-07-18 00:00:00;2030-07-13 00:00:00
2030-07-11 00:00:00;SO780902;C0002;AL001;545;2030-08-15 00:00:00;2030-08-20 00:00:00;2030-07-13 00:00:00;2030-07-18 00:00:00
2030-07-11 00:00:00;SO947953;C0030;CL002;648;2030-09-12 00:00:00;2030-09-04 00:00:00;2030-07-19 00:00:00;2030-07-11 00:00:00
2030-07-11 00:00:00;SO262543;C0006;VS001;1264;2030-09-12 00:00:00;2030-09-04 00:00:00;2030-07-13 00:00:00;2030-07-05 00:00:00
2030-07-11 00:00:00;SO780902;C0002;VS004;1100;2030-08-15 00:00:00;2030-08-18 00:00:00;2030-07-13 00:00:00;2030-07-16 00:00:00
2030-07-11 00:00:00;SO947953;C0030;AS002;809;2030-09-12 00:00:00;2030-09-08 00:00:00;2030-07-19 00:00:00;2030-07-15 00:00:00
2030-07-11 00:00:00;SO780902;C0002;CT003;1001;2030-08-15 00:00:00;2030-08-10 00:00:00;2030-07-13 00:00:00;2030-07-08 00:00:00
2030-07-11 00:00:00;SO780902;C0002;VS002;1150;2030-08-15 00:00:00;2030-08-05 00:00:00;2030-07-13 00:00:00;2030-07-03 00:00:00
2030-07-11 00:00:00;SO262543;C0006;AL001;472;2030-09-12 00:00:00;2030-09-12 00:00:00;2030-07-13 00:00:00;2030-07-13 00:00:00
2030-07-11 00:00:00;SO262543;C0006;CL002;701;2030-09-12 00:00:00;2030-09-04 00:00:00;2030-07-13 00:00:00;2030-07-05 00:00:00
2030-07-11 00:00:00;SO780902;C0002;AS002;608;2030-08-15 00:00:00;2030-08-14 00:00:00;2030-07-13 00:00:00;2030-07-12 00:00:00
2030-07-11 00:00:00;SO780902;C0002;CS003;430;2030-08-15 00:00:00;2030-08-21 00:00:00;2030-07-13 00:00:00;2030-07-19 00:00:00
2030-07-11 00:00:00;SO947953;C0030;AS005;1222;2030-09-12 00:00:00;2030-09-09 00:00:00;2030-07-19 00:00:00;2030-07-16 00:00:00
2030-07-11 00:00:00;SO780902;C0002;CT001;1343;2030-08-15 00:00:00;2030-08-10 00:00:00;2030-07-13 00:00:00;2030-07-08 00:00:00
2030-07-11 00:00:00;SO947953;C0030;CS003;1516;2030-09-12 00:00:00;2030-09-07 00:00:00;2030-07-19 00:00:00;2030-07-14 00:00:00
2030-07-11 00:00:00;SO780902;C0002;CL002;1160;2030-08-15 00:00:00;2030-08-21 00:00:00;2030-07-13 00:00:00;2030-07-19 00:00:00
2030-07-11 00:00:00;SO780902;C0002;AT002;1155;2030-08-15 00:00:00;2030-08-22 00:00:00;2030-07-13 00:00:00;2030-07-20 00:00:00
2030-07-12 00:00:00;SO268688;C0017;CL001;719;2030-09-06 00:00:00;2030-09-07 00:00:00;2030-07-16 00:00:00;2030-07-17 00:00:00
2030-07-12 00:00:00;SO889297;C0006;CS003;1344;2030-09-13 00:00:00;2030-09-05 00:00:00;2030-07-14 00:00:00;2030-07-06 00:00:00
2030-07-12 00:00:00;SO661003;C0010;CS004;1178;2030-08-23 00:00:00;2030-08-28 00:00:00;2030-07-15 00:00:00;2030-07-20 00:00:00
2030-07-12 00:00:00;SO644280;C0025;CL001;758;2030-08-09 00:00:00;2030-08-09 00:00:00;2030-07-20 00:00:00;2030-07-20 00:00:00
2030-07-12 00:00:00;SO661003;C0010;AS005;800;2030-08-23 00:00:00;2030-08-18 00:00:00;2030-07-15 00:00:00;2030-07-10 00:00:00
2030-07-12 00:00:00;SO889297;C0006;VS001;555;2030-09-13 00:00:00;2030-09-20 00:00:00;2030-07-14 00:00:00;2030-07-21 00:00:00
2030-07-12 00:00:00;SO661003;C0010;CT001;1268;2030-08-23 00:00:00;2030-08-31 00:00:00;2030-07-15 00:00:00;2030-07-23 00:00:00
2030-07-12 00:00:00;SO889297;C0006;VS003;728;2030-09-13 00:00:00;2030-09-04 00:00:00;2030-07-14 00:00:00;2030-07-05 00:00:00
2030-07-12 00:00:00;SO889297;C0006;VS004;589;2030-09-13 00:00:00;2030-09-04 00:00:00;2030-07-14 00:00:00;2030-07-05 00:00:00
2030-07-12 00:00:00;SO889297;C0006;AS003;961;2030-09-13 00:00:00;2030-09-12 00:00:00;2030-07-14 00:00:00;2030-07-13 00:00:00
2030-07-12 00:00:00;SO644280;C0025;CS001;936;2030-08-09 00:00:00;2030-08-19 00:00:00;2030-07-20 00:00:00;2030-07-30 00:00:00
2030-07-12 00:00:00;SO661003;C0010;CL001;815;2030-08-23 00:00:00;2030-08-14 00:00:00;2030-07-15 00:00:00;2030-07-06 00:00:00
2030-07-12 00:00:00;SO644280;C0025;VS004;1085;2030-08-09 00:00:00;2030-08-02 00:00:00;2030-07-20 00:00:00;2030-07-13 00:00:00
2030-07-12 00:00:00;SO661003;C0010;AS003;1080;2030-08-23 00:00:00;2030-08-28 00:00:00;2030-07-15 00:00:00;2030-07-20 00:00:00
2030-07-12 00:00:00;SO889297;C0006;CL002;578;2030-09-13 00:00:00;2030-09-13 00:00:00;2030-07-14 00:00:00;2030-07-14 00:00:00
2030-07-12 00:00:00;SO661003;C0010;AL002;701;2030-08-23 00:00:00;2030-09-02 00:00:00;2030-07-15 00:00:00;2030-07-25 00:00:00
2030-07-12 00:00:00;SO268688;C0017;AL001;633;2030-09-06 00:00:00;2030-09-16 00:00:00;2030-07-16 00:00:00;2030-07-26 00:00:00
2030-07-15 00:00:00;SO764900;C0007;CS002;909;2030-09-16 00:00:00;2030-09-11 00:00:00;2030-07-18 00:00:00;2030-07-13 00:00:00
2030-07-15 00:00:00;SO357793;C0008;CT002;809;2030-09-09 00:00:00;2030-08-30 00:00:00;2030-07-18 00:00:00;2030-07-08 00:00:00
2030-07-15 00:00:00;SO764900;C0007;AS005;428;2030-09-16 00:00:00;2030-09-25 00:00:00;2030-07-18 00:00:00;2030-07-27 00:00:00
2030-07-15 00:00:00;SO764900;C0007;AL002;1038;2030-09-16 00:00:00;2030-09-19 00:00:00;2030-07-18 00:00:00;2030-07-21 00:00:00
2030-07-15 00:00:00;SO764900;C0007;VS003;1470;2030-09-16 00:00:00;2030-09-20 00:00:00;2030-07-18 00:00:00;2030-07-22 00:00:00
2030-07-15 00:00:00;SO764900;C0007;AL001;1155;2030-09-16 00:00:00;2030-09-18 00:00:00;2030-07-18 00:00:00;2030-07-20 00:00:00
2030-07-15 00:00:00;SO357793;C0008;VS004;1385;2030-09-09 00:00:00;2030-09-09 00:00:00;2030-07-18 00:00:00;2030-07-18 00:00:00
2030-07-15 00:00:00;SO357793;C0008;CT003;688;2030-09-09 00:00:00;2030-09-13 00:00:00;2030-07-18 00:00:00;2030-07-22 00:00:00
2030-07-15 00:00:00;SO357793;C0008;VS001;1193;2030-09-09 00:00:00;2030-09-10 00:00:00;2030-07-18 00:00:00;2030-07-19 00:00:00
2030-07-15 00:00:00;SO357793;C0008;CS002;1176;2030-09-09 00:00:00;2030-09-05 00:00:00;2030-07-18 00:00:00;2030-07-14 00:00:00
2030-07-15 00:00:00;SO357793;C0008;CL002;1131;2030-09-09 00:00:00;2030-09-16 00:00:00;2030-07-18 00:00:00;2030-07-25 00:00:00
2030-07-15 00:00:00;SO357793;C0008;CL001;568;2030-09-09 00:00:00;2030-09-10 00:00:00;2030-07-18 00:00:00;2030-07-19 00:00:00
2030-07-15 00:00:00;SO357793;C0008;AL001;327;2030-09-09 00:00:00;2030-09-13 00:00:00;2030-07-18 00:00:00;2030-07-22 00:00:00
2030-07-15 00:00:00;SO357793;C0008;CS003;946;2030-09-09 00:00:00;2030-09-12 00:00:00;2030-07-18 00:00:00;2030-07-21 00:00:00
2030-07-15 00:00:00;SO357793;C0008;CS001;1403;2030-09-09 00:00:00;2030-09-14 00:00:00;2030-07-18 00:00:00;2030-07-23 00:00:00
2030-07-15 00:00:00;SO357793;C0008;AS003;912;2030-09-09 00:00:00;2030-09-14 00:00:00;2030-07-18 00:00:00;2030-07-23 00:00:00
2030-07-15 00:00:00;SO357793;C0008;AS004;1160;2030-09-09 00:00:00;2030-09-08 00:00:00;2030-07-18 00:00:00;2030-07-17 00:00:00
2030-07-15 00:00:00;SO764900;C0007;AS002;1046;2030-09-16 00:00:00;2030-09-06 00:00:00;2030-07-18 00:00:00;2030-07-08 00:00:00
2030-07-15 00:00:00;SO357793;C0008;AL002;903;2030-09-09 00:00:00;2030-08-31 00:00:00;2030-07-18 00:00:00;2030-07-09 00:00:00
2030-07-15 00:00:00;SO764900;C0007;AS004;453;2030-09-16 00:00:00;2030-09-16 00:00:00;2030-07-18 00:00:00;2030-07-18 00:00:00
2030-07-16 00:00:00;SO606147;C0013;VS002;1139;2030-08-13 00:00:00;2030-08-04 00:00:00;2030-07-20 00:00:00;2030-07-11 00:00:00
2030-07-16 00:00:00;SO558278;C0021;CL001;1142;2030-07-30 00:00:00;2030-07-31 00:00:00;2030-07-20 00:00:00;2030-07-21 00:00:00
2030-07-16 00:00:00;SO539261;C0025;CS004;924;2030-08-13 00:00:00;2030-08-08 00:00:00;2030-07-24 00:00:00;2030-07-19 00:00:00
2030-07-16 00:00:00;SO113323;C0030;CS001;1300;2030-09-17 00:00:00;2030-09-21 00:00:00;2030-07-24 00:00:00;2030-07-28 00:00:00
2030-07-16 00:00:00;SO558278;C0021;AS003;960;2030-07-30 00:00:00;2030-07-26 00:00:00;2030-07-20 00:00:00;2030-07-16 00:00:00
2030-07-16 00:00:00;SO539261;C0025;CT001;507;2030-08-13 00:00:00;2030-08-06 00:00:00;2030-07-24 00:00:00;2030-07-17 00:00:00
2030-07-16 00:00:00;SO606147;C0013;CS001;390;2030-08-13 00:00:00;2030-08-07 00:00:00;2030-07-20 00:00:00;2030-07-14 00:00:00
2030-07-16 00:00:00;SO606147;C0013;AS005;1485;2030-08-13 00:00:00;2030-08-10 00:00:00;2030-07-20 00:00:00;2030-07-17 00:00:00
2030-07-16 00:00:00;SO539261;C0025;CS001;508;2030-08-13 00:00:00;2030-08-07 00:00:00;2030-07-24 00:00:00;2030-07-18 00:00:00
2030-07-16 00:00:00;SO113323;C0030;CT001;1038;2030-09-17 00:00:00;2030-09-19 00:00:00;2030-07-24 00:00:00;2030-07-26 00:00:00
2030-07-16 00:00:00;SO113323;C0030;AL001;994;2030-09-17 00:00:00;2030-09-26 00:00:00;2030-07-24 00:00:00;2030-08-02 00:00:00
2030-07-16 00:00:00;SO558278;C0021;AT001;572;2030-07-30 00:00:00;2030-07-30 00:00:00;2030-07-20 00:00:00;2030-07-20 00:00:00
2030-07-17 00:00:00;SO364624;C0002;CS004;1010;2030-08-21 00:00:00;2030-08-11 00:00:00;2030-07-19 00:00:00;2030-07-09 00:00:00
2030-07-17 00:00:00;SO471197;C0018;AS004;550;2030-09-18 00:00:00;2030-09-27 00:00:00;2030-07-21 00:00:00;2030-07-30 00:00:00
2030-07-17 00:00:00;SO471197;C0018;CS001;310;2030-09-18 00:00:00;2030-09-24 00:00:00;2030-07-21 00:00:00;2030-07-27 00:00:00
2030-07-17 00:00:00;SO364624;C0002;AS002;1263;2030-08-21 00:00:00;2030-08-21 00:00:00;2030-07-19 00:00:00;2030-07-19 00:00:00
2030-07-17 00:00:00;SO471197;C0018;CS003;781;2030-09-18 00:00:00;2030-09-08 00:00:00;2030-07-21 00:00:00;2030-07-11 00:00:00
2030-07-17 00:00:00;SO471197;C0018;AS002;1013;2030-09-18 00:00:00;2030-09-10 00:00:00;2030-07-21 00:00:00;2030-07-13 00:00:00
2030-07-17 00:00:00;SO364624;C0002;VS004;950;2030-08-21 00:00:00;2030-08-17 00:00:00;2030-07-19 00:00:00;2030-07-15 00:00:00
2030-07-17 00:00:00;SO471197;C0018;VS004;821;2030-09-18 00:00:00;2030-09-15 00:00:00;2030-07-21 00:00:00;2030-07-18 00:00:00
2030-07-17 00:00:00;SO471197;C0018;CS004;527;2030-09-18 00:00:00;2030-09-09 00:00:00;2030-07-21 00:00:00;2030-07-12 00:00:00
2030-07-17 00:00:00;SO471197;C0018;AT001;1052;2030-09-18 00:00:00;2030-09-15 00:00:00;2030-07-21 00:00:00;2030-07-18 00:00:00
2030-07-17 00:00:00;SO471197;C0018;CT003;1112;2030-09-18 00:00:00;2030-09-10 00:00:00;2030-07-21 00:00:00;2030-07-13 00:00:00
2030-07-17 00:00:00;SO471197;C0018;AS005;1063;2030-09-18 00:00:00;2030-09-21 00:00:00;2030-07-21 00:00:00;2030-07-24 00:00:00
2030-07-17 00:00:00;SO471197;C0018;AL002;932;2030-09-18 00:00:00;2030-09-11 00:00:00;2030-07-21 00:00:00;2030-07-14 00:00:00
2030-07-17 00:00:00;SO364624;C0002;CT002;770;2030-08-21 00:00:00;2030-08-19 00:00:00;2030-07-19 00:00:00;2030-07-17 00:00:00
2030-07-17 00:00:00;SO364624;C0002;CL002;325;2030-08-21 00:00:00;2030-08-29 00:00:00;2030-07-19 00:00:00;2030-07-27 00:00:00
2030-07-17 00:00:00;SO364624;C0002;AT001;533;2030-08-21 00:00:00;2030-08-18 00:00:00;2030-07-19 00:00:00;2030-07-16 00:00:00
2030-07-17 00:00:00;SO364624;C0002;VS001;1138;2030-08-21 00:00:00;2030-08-27 00:00:00;2030-07-19 00:00:00;2030-07-25 00:00:00
2030-07-18 00:00:00;SO181324;C0018;CT001;1095;2030-09-19 00:00:00;2030-09-11 00:00:00;2030-07-22 00:00:00;2030-07-14 00:00:00
2030-07-18 00:00:00;SO434362;C0022;AL002;1238;2030-08-29 00:00:00;2030-08-21 00:00:00;2030-07-22 00:00:00;2030-07-14 00:00:00
2030-07-18 00:00:00;SO434362;C0022;CL001;523;2030-08-29 00:00:00;2030-08-19 00:00:00;2030-07-22 00:00:00;2030-07-12 00:00:00
2030-07-18 00:00:00;SO434362;C0022;VS002;1219;2030-08-29 00:00:00;2030-08-29 00:00:00;2030-07-22 00:00:00;2030-07-22 00:00:00
2030-07-18 00:00:00;SO434362;C0022;AS004;1159;2030-08-29 00:00:00;2030-08-28 00:00:00;2030-07-22 00:00:00;2030-07-21 00:00:00
2030-07-18 00:00:00;SO434362;C0022;CT001;1054;2030-08-29 00:00:00;2030-08-23 00:00:00;2030-07-22 00:00:00;2030-07-16 00:00:00
2030-07-18 00:00:00;SO434362;C0022;AL001;545;2030-08-29 00:00:00;2030-08-27 00:00:00;2030-07-22 00:00:00;2030-07-20 00:00:00
2030-07-18 00:00:00;SO434362;C0022;CL002;535;2030-08-29 00:00:00;2030-09-04 00:00:00;2030-07-22 00:00:00;2030-07-28 00:00:00
2030-07-18 00:00:00;SO434362;C0022;AS005;1176;2030-08-29 00:00:00;2030-08-23 00:00:00;2030-07-22 00:00:00;2030-07-16 00:00:00
2030-07-18 00:00:00;SO434362;C0022;CT003;592;2030-08-29 00:00:00;2030-08-19 00:00:00;2030-07-22 00:00:00;2030-07-12 00:00:00
2030-07-18 00:00:00;SO181324;C0018;AS004;618;2030-09-19 00:00:00;2030-09-27 00:00:00;2030-07-22 00:00:00;2030-07-30 00:00:00
2030-07-18 00:00:00;SO181324;C0018;VS004;663;2030-09-19 00:00:00;2030-09-28 00:00:00;2030-07-22 00:00:00;2030-07-31 00:00:00
2030-07-18 00:00:00;SO434362;C0022;AT001;581;2030-08-29 00:00:00;2030-08-26 00:00:00;2030-07-22 00:00:00;2030-07-19 00:00:00
2030-07-18 00:00:00;SO434362;C0022;VS001;699;2030-08-29 00:00:00;2030-09-01 00:00:00;2030-07-22 00:00:00;2030-07-25 00:00:00
2030-07-18 00:00:00;SO181324;C0018;CS002;998;2030-09-19 00:00:00;2030-09-17 00:00:00;2030-07-22 00:00:00;2030-07-20 00:00:00
2030-07-18 00:00:00;SO434362;C0022;AS002;1079;2030-08-29 00:00:00;2030-08-24 00:00:00;2030-07-22 00:00:00;2030-07-17 00:00:00
2030-07-18 00:00:00;SO181324;C0018;AL001;556;2030-09-19 00:00:00;2030-09-28 00:00:00;2030-07-22 00:00:00;2030-07-31 00:00:00
2030-07-19 00:00:00;SO929491;C0014;AL001;1419;2030-08-23 00:00:00;2030-09-02 00:00:00;2030-07-23 00:00:00;2030-08-02 00:00:00
2030-07-19 00:00:00;SO503746;C0030;VS003;461;2030-09-20 00:00:00;2030-09-22 00:00:00;2030-07-27 00:00:00;2030-07-29 00:00:00
2030-07-19 00:00:00;SO503746;C0030;VS001;1347;2030-09-20 00:00:00;2030-09-10 00:00:00;2030-07-27 00:00:00;2030-07-17 00:00:00
2030-07-19 00:00:00;SO503746;C0030;CS001;747;2030-09-20 00:00:00;2030-09-18 00:00:00;2030-07-27 00:00:00;2030-07-25 00:00:00
2030-07-19 00:00:00;SO929491;C0014;CL001;442;2030-08-23 00:00:00;2030-08-30 00:00:00;2030-07-23 00:00:00;2030-07-30 00:00:00
2030-07-19 00:00:00;SO929491;C0014;VS002;1145;2030-08-23 00:00:00;2030-08-21 00:00:00;2030-07-23 00:00:00;2030-07-21 00:00:00
2030-07-19 00:00:00;SO503746;C0030;AS002;638;2030-09-20 00:00:00;2030-09-15 00:00:00;2030-07-27 00:00:00;2030-07-22 00:00:00
2030-07-19 00:00:00;SO929491;C0014;CS004;424;2030-08-23 00:00:00;2030-08-23 00:00:00;2030-07-23 00:00:00;2030-07-23 00:00:00
2030-07-19 00:00:00;SO503746;C0030;AL001;652;2030-09-20 00:00:00;2030-09-15 00:00:00;2030-07-27 00:00:00;2030-07-22 00:00:00
2030-07-19 00:00:00;SO929491;C0014;AS005;1487;2030-08-23 00:00:00;2030-08-28 00:00:00;2030-07-23 00:00:00;2030-07-28 00:00:00
2030-07-19 00:00:00;SO503746;C0030;CT003;1159;2030-09-20 00:00:00;2030-09-14 00:00:00;2030-07-27 00:00:00;2030-07-21 00:00:00
2030-07-19 00:00:00;SO503746;C0030;AL002;384;2030-09-20 00:00:00;2030-09-22 00:00:00;2030-07-27 00:00:00;2030-07-29 00:00:00
2030-07-19 00:00:00;SO929491;C0014;AS003;1069;2030-08-23 00:00:00;2030-08-24 00:00:00;2030-07-23 00:00:00;2030-07-24 00:00:00
2030-07-19 00:00:00;SO929491;C0014;AS004;1278;2030-08-23 00:00:00;2030-08-28 00:00:00;2030-07-23 00:00:00;2030-07-28 00:00:00
2030-07-19 00:00:00;SO929491;C0014;CT002;778;2030-08-23 00:00:00;2030-08-23 00:00:00;2030-07-23 00:00:00;2030-07-23 00:00:00
2030-07-19 00:00:00;SO503746;C0030;AT002;879;2030-09-20 00:00:00;2030-09-16 00:00:00;2030-07-27 00:00:00;2030-07-23 00:00:00
2030-07-19 00:00:00;SO929491;C0014;AT002;833;2030-08-23 00:00:00;2030-08-27 00:00:00;2030-07-23 00:00:00;2030-07-27 00:00:00
2030-07-19 00:00:00;SO929491;C0014;CT001;512;2030-08-23 00:00:00;2030-08-16 00:00:00;2030-07-23 00:00:00;2030-07-16 00:00:00
2030-07-22 00:00:00;SO778174;C0003;AS005;480;2030-09-02 00:00:00;2030-09-07 00:00:00;2030-07-24 00:00:00;2030-07-29 00:00:00
2030-07-22 00:00:00;SO130829;C0011;AS002;800;2030-08-26 00:00:00;2030-08-29 00:00:00;2030-07-25 00:00:00;2030-07-28 00:00:00
2030-07-22 00:00:00;SO616135;C0016;CT001;1204;2030-08-05 00:00:00;2030-08-10 00:00:00;2030-07-26 00:00:00;2030-07-31 00:00:00
2030-07-22 00:00:00;SO130829;C0011;AL001;1264;2030-08-26 00:00:00;2030-08-31 00:00:00;2030-07-25 00:00:00;2030-07-30 00:00:00
2030-07-22 00:00:00;SO616135;C0016;VS004;361;2030-08-05 00:00:00;2030-07-26 00:00:00;2030-07-26 00:00:00;2030-07-16 00:00:00
2030-07-22 00:00:00;SO130829;C0011;AL002;1306;2030-08-26 00:00:00;2030-08-25 00:00:00;2030-07-25 00:00:00;2030-07-24 00:00:00
2030-07-22 00:00:00;SO778174;C0003;AS004;850;2030-09-02 00:00:00;2030-09-03 00:00:00;2030-07-24 00:00:00;2030-07-25 00:00:00
2030-07-22 00:00:00;SO130829;C0011;AT001;379;2030-08-26 00:00:00;2030-09-05 00:00:00;2030-07-25 00:00:00;2030-08-04 00:00:00
2030-07-22 00:00:00;SO130829;C0011;VS002;675;2030-08-26 00:00:00;2030-08-16 00:00:00;2030-07-25 00:00:00;2030-07-15 00:00:00
2030-07-22 00:00:00;SO130829;C0011;AS004;537;2030-08-26 00:00:00;2030-08-29 00:00:00;2030-07-25 00:00:00;2030-07-28 00:00:00
2030-07-22 00:00:00;SO778174;C0003;CS003;463;2030-09-02 00:00:00;2030-09-03 00:00:00;2030-07-24 00:00:00;2030-07-25 00:00:00
2030-07-22 00:00:00;SO616135;C0016;AL002;1246;2030-08-05 00:00:00;2030-08-01 00:00:00;2030-07-26 00:00:00;2030-07-22 00:00:00
2030-07-22 00:00:00;SO616135;C0016;CS004;463;2030-08-05 00:00:00;2030-08-11 00:00:00;2030-07-26 00:00:00;2030-08-01 00:00:00
2030-07-22 00:00:00;SO130829;C0011;VS001;847;2030-08-26 00:00:00;2030-08-22 00:00:00;2030-07-25 00:00:00;2030-07-21 00:00:00
2030-07-22 00:00:00;SO130829;C0011;CS001;1278;2030-08-26 00:00:00;2030-08-30 00:00:00;2030-07-25 00:00:00;2030-07-29 00:00:00
2030-07-22 00:00:00;SO616135;C0016;AS002;1499;2030-08-05 00:00:00;2030-07-26 00:00:00;2030-07-26 00:00:00;2030-07-16 00:00:00
2030-07-22 00:00:00;SO130829;C0011;CS003;647;2030-08-26 00:00:00;2030-08-19 00:00:00;2030-07-25 00:00:00;2030-07-18 00:00:00
2030-07-22 00:00:00;SO130829;C0011;AS003;597;2030-08-26 00:00:00;2030-08-31 00:00:00;2030-07-25 00:00:00;2030-07-30 00:00:00
2030-07-22 00:00:00;SO130829;C0011;AT002;820;2030-08-26 00:00:00;2030-09-02 00:00:00;2030-07-25 00:00:00;2030-08-01 00:00:00
2030-07-22 00:00:00;SO778174;C0003;AT001;824;2030-09-02 00:00:00;2030-08-26 00:00:00;2030-07-24 00:00:00;2030-07-17 00:00:00
2030-07-23 00:00:00;SO107666;C0014;AT001;1292;2030-08-27 00:00:00;2030-08-29 00:00:00;2030-07-27 00:00:00;2030-07-29 00:00:00
2030-07-23 00:00:00;SO976175;C0008;AT002;728;2030-09-17 00:00:00;2030-09-08 00:00:00;2030-07-26 00:00:00;2030-07-17 00:00:00
2030-07-23 00:00:00;SO239992;C0023;CT001;857;2030-08-27 00:00:00;2030-08-28 00:00:00;2030-07-27 00:00:00;2030-07-28 00:00:00
2030-07-23 00:00:00;SO835196;C0024;CT003;861;2030-08-20 00:00:00;2030-08-28 00:00:00;2030-07-27 00:00:00;2030-08-04 00:00:00
2030-07-23 00:00:00;SO107666;C0014;CS003;520;2030-08-27 00:00:00;2030-08-21 00:00:00;2030-07-27 00:00:00;2030-07-21 00:00:00
2030-07-23 00:00:00;SO107666;C0014;AS003;982;2030-08-27 00:00:00;2030-08-28 00:00:00;2030-07-27 00:00:00;2030-07-28 00:00:00
2030-07-23 00:00:00;SO976175;C0008;CT003;899;2030-09-17 00:00:00;2030-09-10 00:00:00;2030-07-26 00:00:00;2030-07-19 00:00:00
2030-07-23 00:00:00;SO107666;C0014;CS001;1352;2030-08-27 00:00:00;2030-08-30 00:00:00;2030-07-27 00:00:00;2030-07-30 00:00:00
2030-07-23 00:00:00;SO835196;C0024;CS004;398;2030-08-20 00:00:00;2030-08-11 00:00:00;2030-07-27 00:00:00;2030-07-18 00:00:00
2030-07-23 00:00:00;SO239992;C0023;CL001;566;2030-08-27 00:00:00;2030-09-05 00:00:00;2030-07-27 00:00:00;2030-08-05 00:00:00
2030-07-23 00:00:00;SO239992;C0023;AS005;814;2030-08-27 00:00:00;2030-08-19 00:00:00;2030-07-27 00:00:00;2030-07-19 00:00:00
2030-07-23 00:00:00;SO976175;C0008;AS005;498;2030-09-17 00:00:00;2030-09-23 00:00:00;2030-07-26 00:00:00;2030-08-01 00:00:00
2030-07-23 00:00:00;SO976175;C0008;CS004;1087;2030-09-17 00:00:00;2030-09-12 00:00:00;2030-07-26 00:00:00;2030-07-21 00:00:00
2030-07-23 00:00:00;SO107666;C0014;AS004;1417;2030-08-27 00:00:00;2030-09-02 00:00:00;2030-07-27 00:00:00;2030-08-02 00:00:00
2030-07-23 00:00:00;SO107666;C0014;AS005;1135;2030-08-27 00:00:00;2030-09-05 00:00:00;2030-07-27 00:00:00;2030-08-05 00:00:00
2030-07-23 00:00:00;SO835196;C0024;AL002;1549;2030-08-20 00:00:00;2030-08-20 00:00:00;2030-07-27 00:00:00;2030-07-27 00:00:00
2030-07-23 00:00:00;SO107666;C0014;VS002;984;2030-08-27 00:00:00;2030-08-20 00:00:00;2030-07-27 00:00:00;2030-07-20 00:00:00
2030-07-23 00:00:00;SO835196;C0024;AT001;1144;2030-08-20 00:00:00;2030-08-10 00:00:00;2030-07-27 00:00:00;2030-07-17 00:00:00
2030-07-24 00:00:00;SO629938;C0009;AT001;1097;2030-08-07 00:00:00;2030-08-03 00:00:00;2030-07-27 00:00:00;2030-07-23 00:00:00
2030-07-24 00:00:00;SO586810;C0020;AS004;454;2030-09-18 00:00:00;2030-09-11 00:00:00;2030-07-28 00:00:00;2030-07-21 00:00:00
2030-07-24 00:00:00;SO721007;C0004;CT001;1008;2030-08-07 00:00:00;2030-08-09 00:00:00;2030-07-26 00:00:00;2030-07-28 00:00:00
2030-07-24 00:00:00;SO980713;C0023;AS003;1249;2030-08-28 00:00:00;2030-08-25 00:00:00;2030-07-28 00:00:00;2030-07-25 00:00:00
2030-07-24 00:00:00;SO721007;C0004;CL002;818;2030-08-07 00:00:00;2030-08-16 00:00:00;2030-07-26 00:00:00;2030-08-04 00:00:00
2030-07-24 00:00:00;SO721007;C0004;VS002;1089;2030-08-07 00:00:00;2030-07-30 00:00:00;2030-07-26 00:00:00;2030-07-18 00:00:00
2030-07-24 00:00:00;SO980713;C0023;CT001;1010;2030-08-28 00:00:00;2030-09-06 00:00:00;2030-07-28 00:00:00;2030-08-06 00:00:00
2030-07-24 00:00:00;SO629938;C0009;AL001;637;2030-08-07 00:00:00;2030-08-03 00:00:00;2030-07-27 00:00:00;2030-07-23 00:00:00
2030-07-24 00:00:00;SO721007;C0004;CS004;1139;2030-08-07 00:00:00;2030-08-15 00:00:00;2030-07-26 00:00:00;2030-08-03 00:00:00
2030-07-24 00:00:00;SO586810;C0020;AL001;684;2030-09-18 00:00:00;2030-09-12 00:00:00;2030-07-28 00:00:00;2030-07-22 00:00:00
2030-07-24 00:00:00;SO721007;C0004;AT001;397;2030-08-07 00:00:00;2030-08-06 00:00:00;2030-07-26 00:00:00;2030-07-25 00:00:00
2030-07-24 00:00:00;SO721007;C0004;AS004;739;2030-08-07 00:00:00;2030-08-08 00:00:00;2030-07-26 00:00:00;2030-07-27 00:00:00
2030-07-25 00:00:00;SO455297;C0003;AS004;421;2030-09-05 00:00:00;2030-09-11 00:00:00;2030-07-27 00:00:00;2030-08-02 00:00:00
2030-07-25 00:00:00;SO159916;C0020;AS004;454;2030-09-19 00:00:00;2030-09-21 00:00:00;2030-07-29 00:00:00;2030-07-31 00:00:00
2030-07-25 00:00:00;SO159916;C0020;CS004;762;2030-09-19 00:00:00;2030-09-21 00:00:00;2030-07-29 00:00:00;2030-07-31 00:00:00
2030-07-25 00:00:00;SO159916;C0020;VS004;894;2030-09-19 00:00:00;2030-09-27 00:00:00;2030-07-29 00:00:00;2030-08-06 00:00:00
2030-07-25 00:00:00;SO455297;C0003;CT001;958;2030-09-05 00:00:00;2030-09-10 00:00:00;2030-07-27 00:00:00;2030-08-01 00:00:00
2030-07-25 00:00:00;SO455297;C0003;CS004;454;2030-09-05 00:00:00;2030-08-30 00:00:00;2030-07-27 00:00:00;2030-07-21 00:00:00
2030-07-25 00:00:00;SO455297;C0003;CS003;519;2030-09-05 00:00:00;2030-09-03 00:00:00;2030-07-27 00:00:00;2030-07-25 00:00:00
2030-07-25 00:00:00;SO159916;C0020;AL002;1310;2030-09-19 00:00:00;2030-09-23 00:00:00;2030-07-29 00:00:00;2030-08-02 00:00:00
2030-07-25 00:00:00;SO455297;C0003;CS001;1056;2030-09-05 00:00:00;2030-09-03 00:00:00;2030-07-27 00:00:00;2030-07-25 00:00:00
2030-07-25 00:00:00;SO455297;C0003;CT002;485;2030-09-05 00:00:00;2030-09-05 00:00:00;2030-07-27 00:00:00;2030-07-27 00:00:00
2030-07-25 00:00:00;SO455297;C0003;VS002;435;2030-09-05 00:00:00;2030-08-27 00:00:00;2030-07-27 00:00:00;2030-07-18 00:00:00
2030-07-25 00:00:00;SO159916;C0020;AT002;1050;2030-09-19 00:00:00;2030-09-09 00:00:00;2030-07-29 00:00:00;2030-07-19 00:00:00
2030-07-26 00:00:00;SO160765;C0017;AS003;1259;2030-09-20 00:00:00;2030-09-24 00:00:00;2030-07-30 00:00:00;2030-08-03 00:00:00
2030-07-26 00:00:00;SO795151;C0014;CS001;599;2030-08-30 00:00:00;2030-09-04 00:00:00;2030-07-30 00:00:00;2030-08-04 00:00:00
2030-07-26 00:00:00;SO795151;C0014;VS003;850;2030-08-30 00:00:00;2030-09-04 00:00:00;2030-07-30 00:00:00;2030-08-04 00:00:00
2030-07-26 00:00:00;SO795151;C0014;CT003;1032;2030-08-30 00:00:00;2030-08-28 00:00:00;2030-07-30 00:00:00;2030-07-28 00:00:00
2030-07-26 00:00:00;SO160765;C0017;CL001;1246;2030-09-20 00:00:00;2030-09-30 00:00:00;2030-07-30 00:00:00;2030-08-09 00:00:00
2030-07-26 00:00:00;SO160765;C0017;CS003;869;2030-09-20 00:00:00;2030-09-19 00:00:00;2030-07-30 00:00:00;2030-07-29 00:00:00
2030-07-26 00:00:00;SO160765;C0017;AS002;700;2030-09-20 00:00:00;2030-09-21 00:00:00;2030-07-30 00:00:00;2030-07-31 00:00:00
2030-07-26 00:00:00;SO795151;C0014;CL002;566;2030-08-30 00:00:00;2030-08-29 00:00:00;2030-07-30 00:00:00;2030-07-29 00:00:00
2030-07-26 00:00:00;SO160765;C0017;CS004;615;2030-09-20 00:00:00;2030-09-23 00:00:00;2030-07-30 00:00:00;2030-08-02 00:00:00
2030-07-26 00:00:00;SO160765;C0017;AS005;550;2030-09-20 00:00:00;2030-09-15 00:00:00;2030-07-30 00:00:00;2030-07-25 00:00:00
2030-07-26 00:00:00;SO160765;C0017;VS003;837;2030-09-20 00:00:00;2030-09-18 00:00:00;2030-07-30 00:00:00;2030-07-28 00:00:00
2030-07-26 00:00:00;SO160765;C0017;VS001;297;2030-09-20 00:00:00;2030-09-30 00:00:00;2030-07-30 00:00:00;2030-08-09 00:00:00
2030-07-26 00:00:00;SO160765;C0017;CT003;512;2030-09-20 00:00:00;2030-09-14 00:00:00;2030-07-30 00:00:00;2030-07-24 00:00:00
2030-07-26 00:00:00;SO160765;C0017;CT002;1268;2030-09-20 00:00:00;2030-09-10 00:00:00;2030-07-30 00:00:00;2030-07-20 00:00:00
2030-07-26 00:00:00;SO160765;C0017;CS002;728;2030-09-20 00:00:00;2030-09-25 00:00:00;2030-07-30 00:00:00;2030-08-04 00:00:00
2030-07-26 00:00:00;SO160765;C0017;CT001;980;2030-09-20 00:00:00;2030-09-14 00:00:00;2030-07-30 00:00:00;2030-07-24 00:00:00
2030-07-26 00:00:00;SO160765;C0017;AS004;1061;2030-09-20 00:00:00;2030-09-10 00:00:00;2030-07-30 00:00:00;2030-07-20 00:00:00
2030-07-26 00:00:00;SO160765;C0017;AT001;839;2030-09-20 00:00:00;2030-09-19 00:00:00;2030-07-30 00:00:00;2030-07-29 00:00:00
2030-07-26 00:00:00;SO160765;C0017;AL001;1474;2030-09-20 00:00:00;2030-09-22 00:00:00;2030-07-30 00:00:00;2030-08-01 00:00:00
2030-07-26 00:00:00;SO160765;C0017;VS004;648;2030-09-20 00:00:00;2030-09-17 00:00:00;2030-07-30 00:00:00;2030-07-27 00:00:00
2030-07-29 00:00:00;SO194116;C0029;AS004;1027;2030-09-23 00:00:00;2030-09-29 00:00:00;2030-08-06 00:00:00;2030-08-12 00:00:00
2030-07-29 00:00:00;SO561229;C0018;AT001;1100;2030-09-30 00:00:00;2030-09-29 00:00:00;2030-08-02 00:00:00;2030-08-01 00:00:00
2030-07-29 00:00:00;SO561229;C0018;VS003;513;2030-09-30 00:00:00;2030-09-29 00:00:00;2030-08-02 00:00:00;2030-08-01 00:00:00
2030-07-29 00:00:00;SO194116;C0029;CL001;842;2030-09-23 00:00:00;2030-09-29 00:00:00;2030-08-06 00:00:00;2030-08-12 00:00:00
2030-07-29 00:00:00;SO194116;C0029;AS003;976;2030-09-23 00:00:00;2030-09-27 00:00:00;2030-08-06 00:00:00;2030-08-10 00:00:00
2030-07-29 00:00:00;SO194116;C0029;CL002;1378;2030-09-23 00:00:00;2030-09-14 00:00:00;2030-08-06 00:00:00;2030-07-28 00:00:00
2030-07-29 00:00:00;SO194116;C0029;AL002;474;2030-09-23 00:00:00;2030-09-24 00:00:00;2030-08-06 00:00:00;2030-08-07 00:00:00
2030-07-29 00:00:00;SO561229;C0018;VS004;756;2030-09-30 00:00:00;2030-10-02 00:00:00;2030-08-02 00:00:00;2030-08-04 00:00:00
2030-07-29 00:00:00;SO194116;C0029;CS001;615;2030-09-23 00:00:00;2030-09-14 00:00:00;2030-08-06 00:00:00;2030-07-28 00:00:00
2030-07-29 00:00:00;SO194116;C0029;CS002;976;2030-09-23 00:00:00;2030-09-23 00:00:00;2030-08-06 00:00:00;2030-08-06 00:00:00
2030-07-29 00:00:00;SO561229;C0018;CS003;522;2030-09-30 00:00:00;2030-09-24 00:00:00;2030-08-02 00:00:00;2030-07-27 00:00:00
2030-07-29 00:00:00;SO194116;C0029;AS005;868;2030-09-23 00:00:00;2030-09-16 00:00:00;2030-08-06 00:00:00;2030-07-30 00:00:00
2030-07-29 00:00:00;SO561229;C0018;VS002;450;2030-09-30 00:00:00;2030-10-10 00:00:00;2030-08-02 00:00:00;2030-08-12 00:00:00
2030-07-29 00:00:00;SO561229;C0018;AT002;1388;2030-09-30 00:00:00;2030-09-20 00:00:00;2030-08-02 00:00:00;2030-07-23 00:00:00
2030-07-29 00:00:00;SO561229;C0018;CS004;818;2030-09-30 00:00:00;2030-09-22 00:00:00;2030-08-02 00:00:00;2030-07-25 00:00:00
2030-07-29 00:00:00;SO194116;C0029;VS004;755;2030-09-23 00:00:00;2030-09-29 00:00:00;2030-08-06 00:00:00;2030-08-12 00:00:00
2030-07-29 00:00:00;SO194116;C0029;AS002;912;2030-09-23 00:00:00;2030-09-22 00:00:00;2030-08-06 00:00:00;2030-08-05 00:00:00
2030-07-30 00:00:00;SO354667;C0012;CL001;653;2030-08-27 00:00:00;2030-08-24 00:00:00;2030-08-02 00:00:00;2030-07-30 00:00:00
2030-07-30 00:00:00;SO859140;C0030;AS005;1157;2030-10-01 00:00:00;2030-09-22 00:00:00;2030-08-07 00:00:00;2030-07-29 00:00:00
2030-07-30 00:00:00;SO417418;C0018;CT002;1080;2030-10-01 00:00:00;2030-10-03 00:00:00;2030-08-03 00:00:00;2030-08-05 00:00:00
2030-07-30 00:00:00;SO556247;C0019;AS002;1080;2030-10-01 00:00:00;2030-09-29 00:00:00;2030-08-03 00:00:00;2030-08-01 00:00:00
2030-07-30 00:00:00;SO417418;C0018;CS001;825;2030-10-01 00:00:00;2030-09-29 00:00:00;2030-08-03 00:00:00;2030-08-01 00:00:00
2030-07-30 00:00:00;SO354667;C0012;VS003;651;2030-08-27 00:00:00;2030-09-03 00:00:00;2030-08-02 00:00:00;2030-08-09 00:00:00
2030-07-30 00:00:00;SO354667;C0012;CS002;560;2030-08-27 00:00:00;2030-09-03 00:00:00;2030-08-02 00:00:00;2030-08-09 00:00:00
2030-07-30 00:00:00;SO417418;C0018;AS004;748;2030-10-01 00:00:00;2030-09-30 00:00:00;2030-08-03 00:00:00;2030-08-02 00:00:00
2030-07-30 00:00:00;SO417418;C0018;AT002;474;2030-10-01 00:00:00;2030-09-21 00:00:00;2030-08-03 00:00:00;2030-07-24 00:00:00
2030-07-30 00:00:00;SO859140;C0030;CS001;1064;2030-10-01 00:00:00;2030-09-26 00:00:00;2030-08-07 00:00:00;2030-08-02 00:00:00
2030-07-30 00:00:00;SO556247;C0019;CS003;642;2030-10-01 00:00:00;2030-10-04 00:00:00;2030-08-03 00:00:00;2030-08-06 00:00:00
2030-07-30 00:00:00;SO354667;C0012;AT002;1127;2030-08-27 00:00:00;2030-09-05 00:00:00;2030-08-02 00:00:00;2030-08-11 00:00:00
2030-07-30 00:00:00;SO354667;C0012;VS002;912;2030-08-27 00:00:00;2030-08-29 00:00:00;2030-08-02 00:00:00;2030-08-04 00:00:00
2030-07-30 00:00:00;SO417418;C0018;AS005;437;2030-10-01 00:00:00;2030-10-10 00:00:00;2030-08-03 00:00:00;2030-08-12 00:00:00
2030-07-30 00:00:00;SO354667;C0012;VS001;863;2030-08-27 00:00:00;2030-08-28 00:00:00;2030-08-02 00:00:00;2030-08-03 00:00:00
2030-07-31 00:00:00;SO702160;C0016;CS002;1539;2030-08-14 00:00:00;2030-08-20 00:00:00;2030-08-04 00:00:00;2030-08-10 00:00:00
2030-07-31 00:00:00;SO857733;C0015;CT001;456;2030-09-11 00:00:00;2030-09-03 00:00:00;2030-08-04 00:00:00;2030-07-27 00:00:00
2030-07-31 00:00:00;SO420228;C0030;AT001;888;2030-10-02 00:00:00;2030-09-29 00:00:00;2030-08-08 00:00:00;2030-08-05 00:00:00
2030-07-31 00:00:00;SO857733;C0015;AS002;1183;2030-09-11 00:00:00;2030-09-04 00:00:00;2030-08-04 00:00:00;2030-07-28 00:00:00
2030-07-31 00:00:00;SO420228;C0030;CT001;1466;2030-10-02 00:00:00;2030-09-25 00:00:00;2030-08-08 00:00:00;2030-08-01 00:00:00
2030-07-31 00:00:00;SO702160;C0016;AS003;869;2030-08-14 00:00:00;2030-08-08 00:00:00;2030-08-04 00:00:00;2030-07-29 00:00:00
2030-07-31 00:00:00;SO702160;C0016;VS001;836;2030-08-14 00:00:00;2030-08-12 00:00:00;2030-08-04 00:00:00;2030-08-02 00:00:00
2030-07-31 00:00:00;SO857733;C0015;CT003;972;2030-09-11 00:00:00;2030-09-07 00:00:00;2030-08-04 00:00:00;2030-07-31 00:00:00
2030-07-31 00:00:00;SO702160;C0016;AT002;1165;2030-08-14 00:00:00;2030-08-16 00:00:00;2030-08-04 00:00:00;2030-08-06 00:00:00
2030-07-31 00:00:00;SO702160;C0016;CT002;1266;2030-08-14 00:00:00;2030-08-05 00:00:00;2030-08-04 00:00:00;2030-07-26 00:00:00
2030-07-31 00:00:00;SO857733;C0015;VS004;991;2030-09-11 00:00:00;2030-09-07 00:00:00;2030-08-04 00:00:00;2030-07-31 00:00:00
2030-07-31 00:00:00;SO420228;C0030;CL002;772;2030-10-02 00:00:00;2030-09-23 00:00:00;2030-08-08 00:00:00;2030-07-30 00:00:00
2030-07-31 00:00:00;SO420228;C0030;CS003;1161;2030-10-02 00:00:00;2030-09-28 00:00:00;2030-08-08 00:00:00;2030-08-04 00:00:00
2030-07-31 00:00:00;SO857733;C0015;AS005;616;2030-09-11 00:00:00;2030-09-15 00:00:00;2030-08-04 00:00:00;2030-08-08 00:00:00
2030-07-31 00:00:00;SO702160;C0016;CS003;409;2030-08-14 00:00:00;2030-08-12 00:00:00;2030-08-04 00:00:00;2030-08-02 00:00:00
2030-08-01 00:00:00;SO292414;C0027;CS001;659;2030-09-12 00:00:00;2030-09-18 00:00:00;2030-08-09 00:00:00;2030-08-15 00:00:00
2030-08-01 00:00:00;SO745927;C0024;VS001;782;2030-08-29 00:00:00;2030-09-02 00:00:00;2030-08-05 00:00:00;2030-08-09 00:00:00
2030-08-01 00:00:00;SO350971;C0009;VS003;1296;2030-08-15 00:00:00;2030-08-18 00:00:00;2030-08-04 00:00:00;2030-08-07 00:00:00
2030-08-01 00:00:00;SO292414;C0027;AL001;946;2030-09-12 00:00:00;2030-09-07 00:00:00;2030-08-09 00:00:00;2030-08-04 00:00:00
2030-08-01 00:00:00;SO292414;C0027;CT003;847;2030-09-12 00:00:00;2030-09-17 00:00:00;2030-08-09 00:00:00;2030-08-14 00:00:00
2030-08-01 00:00:00;SO292414;C0027;AL002;1219;2030-09-12 00:00:00;2030-09-13 00:00:00;2030-08-09 00:00:00;2030-08-10 00:00:00
2030-08-01 00:00:00;SO745927;C0024;AS005;1531;2030-08-29 00:00:00;2030-09-01 00:00:00;2030-08-05 00:00:00;2030-08-08 00:00:00
2030-08-01 00:00:00;SO350971;C0009;CL002;515;2030-08-15 00:00:00;2030-08-11 00:00:00;2030-08-04 00:00:00;2030-07-31 00:00:00
2030-08-01 00:00:00;SO292414;C0027;AT002;789;2030-09-12 00:00:00;2030-09-17 00:00:00;2030-08-09 00:00:00;2030-08-14 00:00:00
2030-08-01 00:00:00;SO745927;C0024;VS003;582;2030-08-29 00:00:00;2030-09-03 00:00:00;2030-08-05 00:00:00;2030-08-10 00:00:00
2030-08-01 00:00:00;SO292414;C0027;AS005;1564;2030-09-12 00:00:00;2030-09-02 00:00:00;2030-08-09 00:00:00;2030-07-30 00:00:00
2030-08-01 00:00:00;SO745927;C0024;CT003;756;2030-08-29 00:00:00;2030-09-07 00:00:00;2030-08-05 00:00:00;2030-08-14 00:00:00
2030-08-01 00:00:00;SO350971;C0009;AT001;476;2030-08-15 00:00:00;2030-08-25 00:00:00;2030-08-04 00:00:00;2030-08-14 00:00:00
2030-08-02 00:00:00;SO722258;C0020;CL001;457;2030-09-27 00:00:00;2030-09-20 00:00:00;2030-08-06 00:00:00;2030-07-30 00:00:00
2030-08-02 00:00:00;SO695756;C0018;CL001;1171;2030-10-04 00:00:00;2030-10-13 00:00:00;2030-08-06 00:00:00;2030-08-15 00:00:00
2030-08-02 00:00:00;SO722258;C0020;VS003;839;2030-09-27 00:00:00;2030-09-22 00:00:00;2030-08-06 00:00:00;2030-08-01 00:00:00
2030-08-02 00:00:00;SO695756;C0018;AL001;788;2030-10-04 00:00:00;2030-10-03 00:00:00;2030-08-06 00:00:00;2030-08-05 00:00:00
2030-08-02 00:00:00;SO722258;C0020;VS004;1054;2030-09-27 00:00:00;2030-09-19 00:00:00;2030-08-06 00:00:00;2030-07-29 00:00:00
2030-08-02 00:00:00;SO722258;C0020;VS005;762;2030-09-27 00:00:00;2030-09-30 00:00:00;2030-08-06 00:00:00;2030-08-09 00:00:00
2030-08-02 00:00:00;SO695756;C0018;CS001;677;2030-10-04 00:00:00;2030-10-03 00:00:00;2030-08-06 00:00:00;2030-08-05 00:00:00
2030-08-02 00:00:00;SO695756;C0018;VS004;1023;2030-10-04 00:00:00;2030-09-27 00:00:00;2030-08-06 00:00:00;2030-07-30 00:00:00
2030-08-02 00:00:00;SO695756;C0018;AS005;1167;2030-10-04 00:00:00;2030-09-26 00:00:00;2030-08-06 00:00:00;2030-07-29 00:00:00
2030-08-02 00:00:00;SO722258;C0020;VS001;454;2030-09-27 00:00:00;2030-09-29 00:00:00;2030-08-06 00:00:00;2030-08-08 00:00:00
2030-08-02 00:00:00;SO695756;C0018;AT002;925;2030-10-04 00:00:00;2030-09-25 00:00:00;2030-08-06 00:00:00;2030-07-28 00:00:00
2030-08-02 00:00:00;SO722258;C0020;AL001;718;2030-09-27 00:00:00;2030-09-19 00:00:00;2030-08-06 00:00:00;2030-07-29 00:00:00
2030-08-02 00:00:00;SO722258;C0020;AT002;744;2030-09-27 00:00:00;2030-10-04 00:00:00;2030-08-06 00:00:00;2030-08-13 00:00:00
2030-08-02 00:00:00;SO695756;C0018;CL002;496;2030-10-04 00:00:00;2030-10-02 00:00:00;2030-08-06 00:00:00;2030-08-04 00:00:00
2030-08-05 00:00:00;SO619394;C0003;AS005;1008;2030-09-16 00:00:00;2030-09-21 00:00:00;2030-08-07 00:00:00;2030-08-12 00:00:00
2030-08-05 00:00:00;SO662820;C0022;CT003;405;2030-09-16 00:00:00;2030-09-08 00:00:00;2030-08-09 00:00:00;2030-08-01 00:00:00
2030-08-05 00:00:00;SO672442;C0012;AT001;544;2030-09-02 00:00:00;2030-08-23 00:00:00;2030-08-08 00:00:00;2030-07-29 00:00:00
2030-08-05 00:00:00;SO967174;C0008;VS002;529;2030-09-30 00:00:00;2030-10-02 00:00:00;2030-08-08 00:00:00;2030-08-10 00:00:00
2030-08-05 00:00:00;SO619394;C0003;VS002;1167;2030-09-16 00:00:00;2030-09-10 00:00:00;2030-08-07 00:00:00;2030-08-01 00:00:00
2030-08-05 00:00:00;SO967174;C0008;CT003;888;2030-09-30 00:00:00;2030-10-02 00:00:00;2030-08-08 00:00:00;2030-08-10 00:00:00
2030-08-05 00:00:00;SO662820;C0022;VS003;879;2030-09-16 00:00:00;2030-09-26 00:00:00;2030-08-09 00:00:00;2030-08-19 00:00:00
2030-08-05 00:00:00;SO967174;C0008;AT001;1220;2030-09-30 00:00:00;2030-09-21 00:00:00;2030-08-08 00:00:00;2030-07-30 00:00:00
2030-08-05 00:00:00;SO662820;C0022;AS005;1036;2030-09-16 00:00:00;2030-09-19 00:00:00;2030-08-09 00:00:00;2030-08-12 00:00:00
2030-08-05 00:00:00;SO619394;C0003;CL002;873;2030-09-16 00:00:00;2030-09-07 00:00:00;2030-08-07 00:00:00;2030-07-29 00:00:00
2030-08-05 00:00:00;SO619394;C0003;VS003;1299;2030-09-16 00:00:00;2030-09-19 00:00:00;2030-08-07 00:00:00;2030-08-10 00:00:00
2030-08-05 00:00:00;SO662820;C0022;VS001;497;2030-09-16 00:00:00;2030-09-24 00:00:00;2030-08-09 00:00:00;2030-08-17 00:00:00
2030-08-05 00:00:00;SO662820;C0022;AT002;1163;2030-09-16 00:00:00;2030-09-06 00:00:00;2030-08-09 00:00:00;2030-07-30 00:00:00
2030-08-05 00:00:00;SO619394;C0003;AT001;700;2030-09-16 00:00:00;2030-09-26 00:00:00;2030-08-07 00:00:00;2030-08-17 00:00:00
2030-08-05 00:00:00;SO619394;C0003;AT002;1209;2030-09-16 00:00:00;2030-09-10 00:00:00;2030-08-07 00:00:00;2030-08-01 00:00:00
2030-08-05 00:00:00;SO619394;C0003;CL001;986;2030-09-16 00:00:00;2030-09-25 00:00:00;2030-08-07 00:00:00;2030-08-16 00:00:00
2030-08-05 00:00:00;SO967174;C0008;VS001;997;2030-09-30 00:00:00;2030-10-10 00:00:00;2030-08-08 00:00:00;2030-08-18 00:00:00
2030-08-05 00:00:00;SO619394;C0003;VS004;1407;2030-09-16 00:00:00;2030-09-17 00:00:00;2030-08-07 00:00:00;2030-08-08 00:00:00
2030-08-06 00:00:00;SO882962;C0004;VS005;781;2030-08-20 00:00:00;2030-08-14 00:00:00;2030-08-08 00:00:00;2030-08-02 00:00:00
2030-08-06 00:00:00;SO119747;C0009;VS003;402;2030-08-20 00:00:00;2030-08-21 00:00:00;2030-08-09 00:00:00;2030-08-10 00:00:00
2030-08-06 00:00:00;SO882962;C0004;VS003;603;2030-08-20 00:00:00;2030-08-28 00:00:00;2030-08-08 00:00:00;2030-08-16 00:00:00
2030-08-06 00:00:00;SO882962;C0004;AL001;482;2030-08-20 00:00:00;2030-08-30 00:00:00;2030-08-08 00:00:00;2030-08-18 00:00:00
2030-08-06 00:00:00;SO119747;C0009;VS002;976;2030-08-20 00:00:00;2030-08-26 00:00:00;2030-08-09 00:00:00;2030-08-15 00:00:00
2030-08-06 00:00:00;SO119747;C0009;CL001;1019;2030-08-20 00:00:00;2030-08-20 00:00:00;2030-08-09 00:00:00;2030-08-09 00:00:00
2030-08-06 00:00:00;SO882962;C0004;AT001;1160;2030-08-20 00:00:00;2030-08-10 00:00:00;2030-08-08 00:00:00;2030-07-29 00:00:00
2030-08-06 00:00:00;SO882962;C0004;VS001;1282;2030-08-20 00:00:00;2030-08-14 00:00:00;2030-08-08 00:00:00;2030-08-02 00:00:00
2030-08-06 00:00:00;SO119747;C0009;AL002;815;2030-08-20 00:00:00;2030-08-21 00:00:00;2030-08-09 00:00:00;2030-08-10 00:00:00
2030-08-06 00:00:00;SO882962;C0004;AL002;754;2030-08-20 00:00:00;2030-08-22 00:00:00;2030-08-08 00:00:00;2030-08-10 00:00:00
2030-08-06 00:00:00;SO119747;C0009;CL002;743;2030-08-20 00:00:00;2030-08-25 00:00:00;2030-08-09 00:00:00;2030-08-14 00:00:00
2030-08-06 00:00:00;SO882962;C0004;CL001;507;2030-08-20 00:00:00;2030-08-29 00:00:00;2030-08-08 00:00:00;2030-08-17 00:00:00
2030-08-07 00:00:00;SO608407;C0025;CL001;1222;2030-09-04 00:00:00;2030-09-07 00:00:00;2030-08-15 00:00:00;2030-08-18 00:00:00
2030-08-07 00:00:00;SO839655;C0030;CL001;567;2030-10-09 00:00:00;2030-09-30 00:00:00;2030-08-15 00:00:00;2030-08-06 00:00:00
2030-08-07 00:00:00;SO839655;C0030;AT002;824;2030-10-09 00:00:00;2030-10-15 00:00:00;2030-08-15 00:00:00;2030-08-21 00:00:00
2030-08-07 00:00:00;SO839655;C0030;AL002;1035;2030-10-09 00:00:00;2030-10-06 00:00:00;2030-08-15 00:00:00;2030-08-12 00:00:00
2030-08-07 00:00:00;SO608407;C0025;AT002;1085;2030-09-04 00:00:00;2030-09-09 00:00:00;2030-08-15 00:00:00;2030-08-20 00:00:00
2030-08-07 00:00:00;SO608407;C0025;VS004;292;2030-09-04 00:00:00;2030-09-13 00:00:00;2030-08-15 00:00:00;2030-08-24 00:00:00
2030-08-07 00:00:00;SO839655;C0030;VS001;1183;2030-10-09 00:00:00;2030-10-17 00:00:00;2030-08-15 00:00:00;2030-08-23 00:00:00
2030-08-07 00:00:00;SO608407;C0025;AL002;799;2030-09-04 00:00:00;2030-09-01 00:00:00;2030-08-15 00:00:00;2030-08-12 00:00:00
2030-08-07 00:00:00;SO608407;C0025;VS005;1241;2030-09-04 00:00:00;2030-09-07 00:00:00;2030-08-15 00:00:00;2030-08-18 00:00:00
2030-08-07 00:00:00;SO608407;C0025;AS005;763;2030-09-04 00:00:00;2030-09-07 00:00:00;2030-08-15 00:00:00;2030-08-18 00:00:00
2030-08-07 00:00:00;SO608407;C0025;CL002;1145;2030-09-04 00:00:00;2030-09-14 00:00:00;2030-08-15 00:00:00;2030-08-25 00:00:00
2030-08-07 00:00:00;SO608407;C0025;VS003;435;2030-09-04 00:00:00;2030-08-31 00:00:00;2030-08-15 00:00:00;2030-08-11 00:00:00
2030-08-07 00:00:00;SO608407;C0025;AL001;1057;2030-09-04 00:00:00;2030-09-11 00:00:00;2030-08-15 00:00:00;2030-08-22 00:00:00
2030-08-07 00:00:00;SO839655;C0030;AL001;1306;2030-10-09 00:00:00;2030-10-12 00:00:00;2030-08-15 00:00:00;2030-08-18 00:00:00
2030-08-07 00:00:00;SO839655;C0030;VS005;1035;2030-10-09 00:00:00;2030-10-05 00:00:00;2030-08-15 00:00:00;2030-08-11 00:00:00
2030-08-07 00:00:00;SO839655;C0030;CS001;443;2030-10-09 00:00:00;2030-10-14 00:00:00;2030-08-15 00:00:00;2030-08-20 00:00:00
2030-08-07 00:00:00;SO608407;C0025;CS001;469;2030-09-04 00:00:00;2030-08-29 00:00:00;2030-08-15 00:00:00;2030-08-09 00:00:00
2030-08-07 00:00:00;SO608407;C0025;VS001;597;2030-09-04 00:00:00;2030-08-29 00:00:00;2030-08-15 00:00:00;2030-08-09 00:00:00
2030-08-07 00:00:00;SO839655;C0030;VS003;1186;2030-10-09 00:00:00;2030-10-03 00:00:00;2030-08-15 00:00:00;2030-08-09 00:00:00
2030-08-08 00:00:00;SO930307;C0018;AL001;607;2030-10-10 00:00:00;2030-10-04 00:00:00;2030-08-12 00:00:00;2030-08-06 00:00:00
2030-08-08 00:00:00;SO193024;C0021;VS003;686;2030-08-22 00:00:00;2030-08-29 00:00:00;2030-08-12 00:00:00;2030-08-19 00:00:00
2030-08-08 00:00:00;SO331777;C0022;CT003;423;2030-09-19 00:00:00;2030-09-20 00:00:00;2030-08-12 00:00:00;2030-08-13 00:00:00
2030-08-08 00:00:00;SO375967;C0020;AL001;1281;2030-10-03 00:00:00;2030-09-30 00:00:00;2030-08-12 00:00:00;2030-08-09 00:00:00
2030-08-08 00:00:00;SO331777;C0022;VS002;561;2030-09-19 00:00:00;2030-09-27 00:00:00;2030-08-12 00:00:00;2030-08-20 00:00:00
2030-08-08 00:00:00;SO375967;C0020;VS003;1145;2030-10-03 00:00:00;2030-09-26 00:00:00;2030-08-12 00:00:00;2030-08-05 00:00:00
2030-08-08 00:00:00;SO331777;C0022;AT001;564;2030-09-19 00:00:00;2030-09-15 00:00:00;2030-08-12 00:00:00;2030-08-08 00:00:00
2030-08-08 00:00:00;SO375967;C0020;AS005;1063;2030-10-03 00:00:00;2030-10-09 00:00:00;2030-08-12 00:00:00;2030-08-18 00:00:00
2030-08-08 00:00:00;SO331777;C0022;VS003;1130;2030-09-19 00:00:00;2030-09-15 00:00:00;2030-08-12 00:00:00;2030-08-08 00:00:00
2030-08-08 00:00:00;SO193024;C0021;AL001;935;2030-08-22 00:00:00;2030-08-12 00:00:00;2030-08-12 00:00:00;2030-08-02 00:00:00
2030-08-08 00:00:00;SO375967;C0020;VS004;1049;2030-10-03 00:00:00;2030-09-27 00:00:00;2030-08-12 00:00:00;2030-08-06 00:00:00
2030-08-08 00:00:00;SO331777;C0022;AS005;1216;2030-09-19 00:00:00;2030-09-15 00:00:00;2030-08-12 00:00:00;2030-08-08 00:00:00
2030-08-08 00:00:00;SO930307;C0018;AS005;761;2030-10-10 00:00:00;2030-10-13 00:00:00;2030-08-12 00:00:00;2030-08-15 00:00:00
2030-08-08 00:00:00;SO375967;C0020;AT002;502;2030-10-03 00:00:00;2030-09-28 00:00:00;2030-08-12 00:00:00;2030-08-07 00:00:00
2030-08-08 00:00:00;SO375967;C0020;CL002;1333;2030-10-03 00:00:00;2030-10-02 00:00:00;2030-08-12 00:00:00;2030-08-11 00:00:00
2030-08-08 00:00:00;SO930307;C0018;AL002;393;2030-10-10 00:00:00;2030-10-13 00:00:00;2030-08-12 00:00:00;2030-08-15 00:00:00
2030-08-08 00:00:00;SO375967;C0020;CL001;660;2030-10-03 00:00:00;2030-10-01 00:00:00;2030-08-12 00:00:00;2030-08-10 00:00:00
2030-08-08 00:00:00;SO375967;C0020;CS001;1236;2030-10-03 00:00:00;2030-10-11 00:00:00;2030-08-12 00:00:00;2030-08-20 00:00:00
2030-08-08 00:00:00;SO375967;C0020;AL002;556;2030-10-03 00:00:00;2030-09-30 00:00:00;2030-08-12 00:00:00;2030-08-09 00:00:00
2030-08-09 00:00:00;SO141035;C0010;AL001;1108;2030-09-20 00:00:00;2030-09-13 00:00:00;2030-08-12 00:00:00;2030-08-05 00:00:00
2030-08-09 00:00:00;SO542395;C0005;AT001;1149;2030-10-04 00:00:00;2030-09-26 00:00:00;2030-08-11 00:00:00;2030-08-03 00:00:00
2030-08-09 00:00:00;SO887653;C0021;AL001;1127;2030-08-23 00:00:00;2030-08-17 00:00:00;2030-08-13 00:00:00;2030-08-07 00:00:00
2030-08-09 00:00:00;SO594075;C0001;VS001;686;2030-09-06 00:00:00;2030-09-14 00:00:00;2030-08-11 00:00:00;2030-08-19 00:00:00
2030-08-09 00:00:00;SO542395;C0005;VS004;714;2030-10-04 00:00:00;2030-09-28 00:00:00;2030-08-11 00:00:00;2030-08-05 00:00:00
2030-08-09 00:00:00;SO594075;C0001;VS002;1138;2030-09-06 00:00:00;2030-09-12 00:00:00;2030-08-11 00:00:00;2030-08-17 00:00:00
2030-08-09 00:00:00;SO141035;C0010;VS003;1155;2030-09-20 00:00:00;2030-09-19 00:00:00;2030-08-12 00:00:00;2030-08-11 00:00:00
2030-08-09 00:00:00;SO141035;C0010;CT003;982;2030-09-20 00:00:00;2030-09-22 00:00:00;2030-08-12 00:00:00;2030-08-14 00:00:00
2030-08-09 00:00:00;SO542395;C0005;CL002;740;2030-10-04 00:00:00;2030-09-30 00:00:00;2030-08-11 00:00:00;2030-08-07 00:00:00
2030-08-09 00:00:00;SO594075;C0001;AT002;982;2030-09-06 00:00:00;2030-09-12 00:00:00;2030-08-11 00:00:00;2030-08-17 00:00:00
2030-08-09 00:00:00;SO594075;C0001;CT003;1469;2030-09-06 00:00:00;2030-09-16 00:00:00;2030-08-11 00:00:00;2030-08-21 00:00:00
2030-08-09 00:00:00;SO887653;C0021;CL001;479;2030-08-23 00:00:00;2030-08-26 00:00:00;2030-08-13 00:00:00;2030-08-16 00:00:00
2030-08-09 00:00:00;SO594075;C0001;CS001;1376;2030-09-06 00:00:00;2030-08-27 00:00:00;2030-08-11 00:00:00;2030-08-01 00:00:00
2030-08-09 00:00:00;SO141035;C0010;VS002;1108;2030-09-20 00:00:00;2030-09-22 00:00:00;2030-08-12 00:00:00;2030-08-14 00:00:00
2030-08-09 00:00:00;SO542395;C0005;VS001;955;2030-10-04 00:00:00;2030-09-30 00:00:00;2030-08-11 00:00:00;2030-08-07 00:00:00
2030-08-09 00:00:00;SO141035;C0010;AS005;951;2030-09-20 00:00:00;2030-09-11 00:00:00;2030-08-12 00:00:00;2030-08-03 00:00:00
2030-08-12 00:00:00;SO988426;C0017;AS005;1142;2030-10-07 00:00:00;2030-10-17 00:00:00;2030-08-16 00:00:00;2030-08-26 00:00:00
2030-08-12 00:00:00;SO524559;C0012;AT001;1094;2030-09-09 00:00:00;2030-09-17 00:00:00;2030-08-15 00:00:00;2030-08-23 00:00:00
2030-08-12 00:00:00;SO988426;C0017;CT003;1336;2030-10-07 00:00:00;2030-10-10 00:00:00;2030-08-16 00:00:00;2030-08-19 00:00:00
2030-08-12 00:00:00;SO524559;C0012;CT003;1016;2030-09-09 00:00:00;2030-09-10 00:00:00;2030-08-15 00:00:00;2030-08-16 00:00:00
2030-08-12 00:00:00;SO988426;C0017;VS004;1174;2030-10-07 00:00:00;2030-10-10 00:00:00;2030-08-16 00:00:00;2030-08-19 00:00:00
2030-08-12 00:00:00;SO524559;C0012;CL002;719;2030-09-09 00:00:00;2030-09-07 00:00:00;2030-08-15 00:00:00;2030-08-13 00:00:00
2030-08-12 00:00:00;SO988426;C0017;VS005;640;2030-10-07 00:00:00;2030-10-08 00:00:00;2030-08-16 00:00:00;2030-08-17 00:00:00
2030-08-12 00:00:00;SO988426;C0017;VS002;674;2030-10-07 00:00:00;2030-10-04 00:00:00;2030-08-16 00:00:00;2030-08-13 00:00:00
2030-08-12 00:00:00;SO988426;C0017;CL001;776;2030-10-07 00:00:00;2030-09-30 00:00:00;2030-08-16 00:00:00;2030-08-09 00:00:00
2030-08-12 00:00:00;SO988426;C0017;VS003;438;2030-10-07 00:00:00;2030-09-29 00:00:00;2030-08-16 00:00:00;2030-08-08 00:00:00
2030-08-12 00:00:00;SO524559;C0012;VS003;1009;2030-09-09 00:00:00;2030-09-10 00:00:00;2030-08-15 00:00:00;2030-08-16 00:00:00
2030-08-12 00:00:00;SO524559;C0012;CL001;642;2030-09-09 00:00:00;2030-09-16 00:00:00;2030-08-15 00:00:00;2030-08-22 00:00:00
2030-08-12 00:00:00;SO988426;C0017;AT001;612;2030-10-07 00:00:00;2030-09-28 00:00:00;2030-08-16 00:00:00;2030-08-07 00:00:00
2030-08-12 00:00:00;SO524559;C0012;AL002;1205;2030-09-09 00:00:00;2030-08-31 00:00:00;2030-08-15 00:00:00;2030-08-06 00:00:00
2030-08-12 00:00:00;SO988426;C0017;AL001;802;2030-10-07 00:00:00;2030-10-05 00:00:00;2030-08-16 00:00:00;2030-08-14 00:00:00
2030-08-12 00:00:00;SO524559;C0012;AL001;940;2030-09-09 00:00:00;2030-09-12 00:00:00;2030-08-15 00:00:00;2030-08-18 00:00:00
2030-08-12 00:00:00;SO524559;C0012;VS001;570;2030-09-09 00:00:00;2030-09-09 00:00:00;2030-08-15 00:00:00;2030-08-15 00:00:00
2030-08-12 00:00:00;SO524559;C0012;AT002;1049;2030-09-09 00:00:00;2030-09-12 00:00:00;2030-08-15 00:00:00;2030-08-18 00:00:00
2030-08-12 00:00:00;SO988426;C0017;CL002;1573;2030-10-07 00:00:00;2030-09-27 00:00:00;2030-08-16 00:00:00;2030-08-06 00:00:00
2030-08-13 00:00:00;SO563341;C0023;AT001;921;2030-09-17 00:00:00;2030-09-26 00:00:00;2030-08-17 00:00:00;2030-08-26 00:00:00
2030-08-13 00:00:00;SO626754;C0029;VS001;1352;2030-10-08 00:00:00;2030-10-13 00:00:00;2030-08-21 00:00:00;2030-08-26 00:00:00
2030-08-13 00:00:00;SO204899;C0003;VS002;640;2030-09-24 00:00:00;2030-10-01 00:00:00;2030-08-15 00:00:00;2030-08-22 00:00:00
2030-08-13 00:00:00;SO563341;C0023;VS003;721;2030-09-17 00:00:00;2030-09-24 00:00:00;2030-08-17 00:00:00;2030-08-24 00:00:00
2030-08-13 00:00:00;SO563341;C0023;CL001;1204;2030-09-17 00:00:00;2030-09-25 00:00:00;2030-08-17 00:00:00;2030-08-25 00:00:00
2030-08-13 00:00:00;SO204899;C0003;CL002;918;2030-09-24 00:00:00;2030-09-23 00:00:00;2030-08-15 00:00:00;2030-08-14 00:00:00
2030-08-13 00:00:00;SO563341;C0023;CL002;1093;2030-09-17 00:00:00;2030-09-25 00:00:00;2030-08-17 00:00:00;2030-08-25 00:00:00
2030-08-13 00:00:00;SO563341;C0023;CT003;659;2030-09-17 00:00:00;2030-09-23 00:00:00;2030-08-17 00:00:00;2030-08-23 00:00:00
2030-08-13 00:00:00;SO563341;C0023;AL002;949;2030-09-17 00:00:00;2030-09-12 00:00:00;2030-08-17 00:00:00;2030-08-12 00:00:00
2030-08-13 00:00:00;SO626754;C0029;CT003;572;2030-10-08 00:00:00;2030-10-08 00:00:00;2030-08-21 00:00:00;2030-08-21 00:00:00
2030-08-13 00:00:00;SO626754;C0029;AL002;793;2030-10-08 00:00:00;2030-10-13 00:00:00;2030-08-21 00:00:00;2030-08-26 00:00:00
2030-08-13 00:00:00;SO563341;C0023;VS001;483;2030-09-17 00:00:00;2030-09-26 00:00:00;2030-08-17 00:00:00;2030-08-26 00:00:00
2030-08-13 00:00:00;SO563341;C0023;VS004;962;2030-09-17 00:00:00;2030-09-08 00:00:00;2030-08-17 00:00:00;2030-08-08 00:00:00
2030-08-13 00:00:00;SO204899;C0003;VS001;1030;2030-09-24 00:00:00;2030-10-02 00:00:00;2030-08-15 00:00:00;2030-08-23 00:00:00
2030-08-13 00:00:00;SO204899;C0003;CT003;515;2030-09-24 00:00:00;2030-09-23 00:00:00;2030-08-15 00:00:00;2030-08-14 00:00:00
2030-08-13 00:00:00;SO626754;C0029;AL001;637;2030-10-08 00:00:00;2030-10-09 00:00:00;2030-08-21 00:00:00;2030-08-22 00:00:00
2030-08-13 00:00:00;SO563341;C0023;VS002;782;2030-09-17 00:00:00;2030-09-19 00:00:00;2030-08-17 00:00:00;2030-08-19 00:00:00
2030-08-14 00:00:00;SO602529;C0007;VS004;1360;2030-10-16 00:00:00;2030-10-25 00:00:00;2030-08-17 00:00:00;2030-08-26 00:00:00
2030-08-14 00:00:00;SO987175;C0016;AL001;610;2030-08-28 00:00:00;2030-09-02 00:00:00;2030-08-18 00:00:00;2030-08-23 00:00:00
2030-08-14 00:00:00;SO590192;C0023;AT002;894;2030-09-18 00:00:00;2030-09-17 00:00:00;2030-08-18 00:00:00;2030-08-17 00:00:00
2030-08-14 00:00:00;SO111160;C0025;CL002;975;2030-09-11 00:00:00;2030-09-02 00:00:00;2030-08-22 00:00:00;2030-08-13 00:00:00
2030-08-14 00:00:00;SO111160;C0025;AL002;1034;2030-09-11 00:00:00;2030-09-08 00:00:00;2030-08-22 00:00:00;2030-08-19 00:00:00
2030-08-14 00:00:00;SO590192;C0023;VS003;717;2030-09-18 00:00:00;2030-09-24 00:00:00;2030-08-18 00:00:00;2030-08-24 00:00:00
2030-08-14 00:00:00;SO111160;C0025;CL001;1034;2030-09-11 00:00:00;2030-09-15 00:00:00;2030-08-22 00:00:00;2030-08-26 00:00:00
2030-08-14 00:00:00;SO111160;C0025;AS005;1111;2030-09-11 00:00:00;2030-09-15 00:00:00;2030-08-22 00:00:00;2030-08-26 00:00:00
2030-08-14 00:00:00;SO987175;C0016;AT001;788;2030-08-28 00:00:00;2030-08-24 00:00:00;2030-08-18 00:00:00;2030-08-14 00:00:00
2030-08-14 00:00:00;SO987175;C0016;CS001;1349;2030-08-28 00:00:00;2030-09-02 00:00:00;2030-08-18 00:00:00;2030-08-23 00:00:00
2030-08-14 00:00:00;SO987175;C0016;AL002;789;2030-08-28 00:00:00;2030-09-07 00:00:00;2030-08-18 00:00:00;2030-08-28 00:00:00
2030-08-14 00:00:00;SO987175;C0016;VS003;789;2030-08-28 00:00:00;2030-09-03 00:00:00;2030-08-18 00:00:00;2030-08-24 00:00:00
2030-08-14 00:00:00;SO602529;C0007;CL001;950;2030-10-16 00:00:00;2030-10-26 00:00:00;2030-08-17 00:00:00;2030-08-27 00:00:00
2030-08-14 00:00:00;SO590192;C0023;CL002;673;2030-09-18 00:00:00;2030-09-08 00:00:00;2030-08-18 00:00:00;2030-08-08 00:00:00
2030-08-15 00:00:00;SO991927;C0030;VS005;486;2030-10-17 00:00:00;2030-10-10 00:00:00;2030-08-23 00:00:00;2030-08-16 00:00:00
2030-08-15 00:00:00;SO800451;C0014;CL001;1315;2030-09-19 00:00:00;2030-09-20 00:00:00;2030-08-19 00:00:00;2030-08-20 00:00:00
2030-08-15 00:00:00;SO401090;C0018;CL002;1266;2030-10-17 00:00:00;2030-10-14 00:00:00;2030-08-19 00:00:00;2030-08-16 00:00:00
2030-08-15 00:00:00;SO800451;C0014;VS004;530;2030-09-19 00:00:00;2030-09-13 00:00:00;2030-08-19 00:00:00;2030-08-13 00:00:00
2030-08-15 00:00:00;SO401090;C0018;AS005;1057;2030-10-17 00:00:00;2030-10-26 00:00:00;2030-08-19 00:00:00;2030-08-28 00:00:00
2030-08-15 00:00:00;SO401090;C0018;AL001;317;2030-10-17 00:00:00;2030-10-12 00:00:00;2030-08-19 00:00:00;2030-08-14 00:00:00
2030-08-15 00:00:00;SO800451;C0014;AT002;773;2030-09-19 00:00:00;2030-09-22 00:00:00;2030-08-19 00:00:00;2030-08-22 00:00:00
2030-08-15 00:00:00;SO401090;C0018;VS003;1179;2030-10-17 00:00:00;2030-10-27 00:00:00;2030-08-19 00:00:00;2030-08-29 00:00:00
2030-08-15 00:00:00;SO800451;C0014;VS001;1192;2030-09-19 00:00:00;2030-09-27 00:00:00;2030-08-19 00:00:00;2030-08-27 00:00:00
2030-08-15 00:00:00;SO401090;C0018;VS005;402;2030-10-17 00:00:00;2030-10-20 00:00:00;2030-08-19 00:00:00;2030-08-22 00:00:00
2030-08-15 00:00:00;SO401090;C0018;CL001;1176;2030-10-17 00:00:00;2030-10-08 00:00:00;2030-08-19 00:00:00;2030-08-10 00:00:00
2030-08-15 00:00:00;SO991927;C0030;VS004;916;2030-10-17 00:00:00;2030-10-25 00:00:00;2030-08-23 00:00:00;2030-08-31 00:00:00
2030-08-15 00:00:00;SO401090;C0018;VS001;544;2030-10-17 00:00:00;2030-10-19 00:00:00;2030-08-19 00:00:00;2030-08-21 00:00:00
2030-08-15 00:00:00;SO991927;C0030;AL002;1019;2030-10-17 00:00:00;2030-10-15 00:00:00;2030-08-23 00:00:00;2030-08-21 00:00:00
2030-08-15 00:00:00;SO800451;C0014;AS005;1517;2030-09-19 00:00:00;2030-09-15 00:00:00;2030-08-19 00:00:00;2030-08-15 00:00:00
2030-08-15 00:00:00;SO991927;C0030;CS001;1216;2030-10-17 00:00:00;2030-10-09 00:00:00;2030-08-23 00:00:00;2030-08-15 00:00:00
2030-08-15 00:00:00;SO800451;C0014;CT003;531;2030-09-19 00:00:00;2030-09-27 00:00:00;2030-08-19 00:00:00;2030-08-27 00:00:00
2030-08-16 00:00:00;SO425041;C0020;AL002;707;2030-10-11 00:00:00;2030-10-21 00:00:00;2030-08-20 00:00:00;2030-08-30 00:00:00
2030-08-16 00:00:00;SO114323;C0011;VS004;652;2030-09-20 00:00:00;2030-09-17 00:00:00;2030-08-19 00:00:00;2030-08-16 00:00:00
2030-08-16 00:00:00;SO219072;C0016;AL002;1332;2030-08-30 00:00:00;2030-08-30 00:00:00;2030-08-20 00:00:00;2030-08-20 00:00:00
2030-08-16 00:00:00;SO114323;C0011;CS001;1093;2030-09-20 00:00:00;2030-09-26 00:00:00;2030-08-19 00:00:00;2030-08-25 00:00:00
2030-08-16 00:00:00;SO425041;C0020;VS001;298;2030-10-11 00:00:00;2030-10-13 00:00:00;2030-08-20 00:00:00;2030-08-22 00:00:00
2030-08-16 00:00:00;SO114323;C0011;CT003;1112;2030-09-20 00:00:00;2030-09-17 00:00:00;2030-08-19 00:00:00;2030-08-16 00:00:00
2030-08-16 00:00:00;SO114323;C0011;VS002;571;2030-09-20 00:00:00;2030-09-30 00:00:00;2030-08-19 00:00:00;2030-08-29 00:00:00
2030-08-16 00:00:00;SO114323;C0011;AS005;847;2030-09-20 00:00:00;2030-09-17 00:00:00;2030-08-19 00:00:00;2030-08-16 00:00:00
2030-08-16 00:00:00;SO219072;C0016;AL001;669;2030-08-30 00:00:00;2030-08-26 00:00:00;2030-08-20 00:00:00;2030-08-16 00:00:00
2030-08-16 00:00:00;SO219072;C0016;VS002;765;2030-08-30 00:00:00;2030-09-09 00:00:00;2030-08-20 00:00:00;2030-08-30 00:00:00
2030-08-16 00:00:00;SO425041;C0020;VS002;1106;2030-10-11 00:00:00;2030-10-15 00:00:00;2030-08-20 00:00:00;2030-08-24 00:00:00
2030-08-16 00:00:00;SO114323;C0011;CL002;671;2030-09-20 00:00:00;2030-09-11 00:00:00;2030-08-19 00:00:00;2030-08-10 00:00:00
2030-08-16 00:00:00;SO425041;C0020;CL002;910;2030-10-11 00:00:00;2030-10-15 00:00:00;2030-08-20 00:00:00;2030-08-24 00:00:00
2030-08-16 00:00:00;SO114323;C0011;AT001;891;2030-09-20 00:00:00;2030-09-12 00:00:00;2030-08-19 00:00:00;2030-08-11 00:00:00
2030-08-16 00:00:00;SO219072;C0016;VS004;1133;2030-08-30 00:00:00;2030-09-01 00:00:00;2030-08-20 00:00:00;2030-08-22 00:00:00
2030-08-16 00:00:00;SO219072;C0016;VS005;1238;2030-08-30 00:00:00;2030-08-25 00:00:00;2030-08-20 00:00:00;2030-08-15 00:00:00
2030-08-16 00:00:00;SO114323;C0011;CL001;454;2030-09-20 00:00:00;2030-09-22 00:00:00;2030-08-19 00:00:00;2030-08-21 00:00:00
2030-08-16 00:00:00;SO114323;C0011;VS005;1047;2030-09-20 00:00:00;2030-09-22 00:00:00;2030-08-19 00:00:00;2030-08-21 00:00:00
2030-08-16 00:00:00;SO114323;C0011;VS001;1325;2030-09-20 00:00:00;2030-09-10 00:00:00;2030-08-19 00:00:00;2030-08-09 00:00:00
2030-08-16 00:00:00;SO425041;C0020;VS003;892;2030-10-11 00:00:00;2030-10-12 00:00:00;2030-08-20 00:00:00;2030-08-21 00:00:00
2030-08-19 00:00:00;SO333070;C0017;CS001;1278;2030-10-14 00:00:00;2030-10-21 00:00:00;2030-08-23 00:00:00;2030-08-30 00:00:00
2030-08-19 00:00:00;SO866296;C0016;CT003;1461;2030-09-02 00:00:00;2030-08-24 00:00:00;2030-08-23 00:00:00;2030-08-14 00:00:00
2030-08-19 00:00:00;SO866296;C0016;VS003;1012;2030-09-02 00:00:00;2030-09-06 00:00:00;2030-08-23 00:00:00;2030-08-27 00:00:00
2030-08-19 00:00:00;SO866296;C0016;CS001;1064;2030-09-02 00:00:00;2030-09-04 00:00:00;2030-08-23 00:00:00;2030-08-25 00:00:00
2030-08-19 00:00:00;SO866296;C0016;AT002;350;2030-09-02 00:00:00;2030-08-27 00:00:00;2030-08-23 00:00:00;2030-08-17 00:00:00
2030-08-19 00:00:00;SO866296;C0016;VS004;432;2030-09-02 00:00:00;2030-09-10 00:00:00;2030-08-23 00:00:00;2030-08-31 00:00:00
2030-08-19 00:00:00;SO866296;C0016;AL002;550;2030-09-02 00:00:00;2030-09-10 00:00:00;2030-08-23 00:00:00;2030-08-31 00:00:00
2030-08-19 00:00:00;SO333070;C0017;VS003;589;2030-10-14 00:00:00;2030-10-10 00:00:00;2030-08-23 00:00:00;2030-08-19 00:00:00
2030-08-19 00:00:00;SO333070;C0017;AL001;1219;2030-10-14 00:00:00;2030-10-23 00:00:00;2030-08-23 00:00:00;2030-09-01 00:00:00
2030-08-19 00:00:00;SO333070;C0017;AT001;943;2030-10-14 00:00:00;2030-10-16 00:00:00;2030-08-23 00:00:00;2030-08-25 00:00:00
2030-08-19 00:00:00;SO866296;C0016;AT001;357;2030-09-02 00:00:00;2030-09-01 00:00:00;2030-08-23 00:00:00;2030-08-22 00:00:00
2030-08-19 00:00:00;SO866296;C0016;VS002;1112;2030-09-02 00:00:00;2030-09-05 00:00:00;2030-08-23 00:00:00;2030-08-26 00:00:00
2030-08-19 00:00:00;SO866296;C0016;AL001;496;2030-09-02 00:00:00;2030-08-23 00:00:00;2030-08-23 00:00:00;2030-08-13 00:00:00
2030-08-20 00:00:00;SO386665;C0002;AT002;988;2030-09-24 00:00:00;2030-09-23 00:00:00;2030-08-22 00:00:00;2030-08-21 00:00:00
2030-08-20 00:00:00;SO632725;C0017;CL002;443;2030-10-15 00:00:00;2030-10-13 00:00:00;2030-08-24 00:00:00;2030-08-22 00:00:00
2030-08-20 00:00:00;SO534733;C0018;CT003;1061;2030-10-22 00:00:00;2030-10-12 00:00:00;2030-08-24 00:00:00;2030-08-14 00:00:00
2030-08-20 00:00:00;SO970728;C0005;VS005;1289;2030-10-15 00:00:00;2030-10-07 00:00:00;2030-08-22 00:00:00;2030-08-14 00:00:00
2030-08-20 00:00:00;SO970728;C0005;VS001;799;2030-10-15 00:00:00;2030-10-16 00:00:00;2030-08-22 00:00:00;2030-08-23 00:00:00
2030-08-20 00:00:00;SO386665;C0002;VS002;1196;2030-09-24 00:00:00;2030-10-04 00:00:00;2030-08-22 00:00:00;2030-09-01 00:00:00
2030-08-20 00:00:00;SO970728;C0005;AT002;656;2030-10-15 00:00:00;2030-10-19 00:00:00;2030-08-22 00:00:00;2030-08-26 00:00:00
2030-08-20 00:00:00;SO970728;C0005;AS005;1338;2030-10-15 00:00:00;2030-10-22 00:00:00;2030-08-22 00:00:00;2030-08-29 00:00:00
2030-08-20 00:00:00;SO386665;C0002;CL001;1315;2030-09-24 00:00:00;2030-09-20 00:00:00;2030-08-22 00:00:00;2030-08-18 00:00:00
2030-08-20 00:00:00;SO534733;C0018;AL002;1338;2030-10-22 00:00:00;2030-10-29 00:00:00;2030-08-24 00:00:00;2030-08-31 00:00:00
2030-08-20 00:00:00;SO386665;C0002;VS001;1355;2030-09-24 00:00:00;2030-09-27 00:00:00;2030-08-22 00:00:00;2030-08-25 00:00:00
2030-08-20 00:00:00;SO534733;C0018;CL001;456;2030-10-22 00:00:00;2030-10-15 00:00:00;2030-08-24 00:00:00;2030-08-17 00:00:00
2030-08-20 00:00:00;SO632725;C0017;VS001;431;2030-10-15 00:00:00;2030-10-10 00:00:00;2030-08-24 00:00:00;2030-08-19 00:00:00
2030-08-20 00:00:00;SO386665;C0002;VS004;1083;2030-09-24 00:00:00;2030-09-17 00:00:00;2030-08-22 00:00:00;2030-08-15 00:00:00
2030-08-20 00:00:00;SO386665;C0002;CT003;789;2030-09-24 00:00:00;2030-09-24 00:00:00;2030-08-22 00:00:00;2030-08-22 00:00:00
2030-08-20 00:00:00;SO386665;C0002;VS003;1209;2030-09-24 00:00:00;2030-09-14 00:00:00;2030-08-22 00:00:00;2030-08-12 00:00:00
2030-08-21 00:00:00;SO260126;C0023;VS002;850;2030-09-25 00:00:00;2030-09-15 00:00:00;2030-08-25 00:00:00;2030-08-15 00:00:00
2030-08-21 00:00:00;SO872580;C0009;VS002;820;2030-09-04 00:00:00;2030-09-12 00:00:00;2030-08-24 00:00:00;2030-09-01 00:00:00
2030-08-21 00:00:00;SO744368;C0024;CT003;485;2030-09-18 00:00:00;2030-09-22 00:00:00;2030-08-25 00:00:00;2030-08-29 00:00:00
2030-08-21 00:00:00;SO744368;C0024;VS003;1038;2030-09-18 00:00:00;2030-09-26 00:00:00;2030-08-25 00:00:00;2030-09-02 00:00:00
2030-08-21 00:00:00;SO872580;C0009;CL001;467;2030-09-04 00:00:00;2030-09-02 00:00:00;2030-08-24 00:00:00;2030-08-22 00:00:00
2030-08-21 00:00:00;SO872580;C0009;AL002;950;2030-09-04 00:00:00;2030-08-25 00:00:00;2030-08-24 00:00:00;2030-08-14 00:00:00
2030-08-21 00:00:00;SO260126;C0023;AS005;1042;2030-09-25 00:00:00;2030-09-24 00:00:00;2030-08-25 00:00:00;2030-08-24 00:00:00
2030-08-21 00:00:00;SO260126;C0023;AT002;652;2030-09-25 00:00:00;2030-09-20 00:00:00;2030-08-25 00:00:00;2030-08-20 00:00:00
2030-08-21 00:00:00;SO744368;C0024;AL002;398;2030-09-18 00:00:00;2030-09-11 00:00:00;2030-08-25 00:00:00;2030-08-18 00:00:00
2030-08-21 00:00:00;SO744368;C0024;AT001;707;2030-09-18 00:00:00;2030-09-10 00:00:00;2030-08-25 00:00:00;2030-08-17 00:00:00
2030-08-21 00:00:00;SO744368;C0024;VS005;1263;2030-09-18 00:00:00;2030-09-28 00:00:00;2030-08-25 00:00:00;2030-09-04 00:00:00
2030-08-21 00:00:00;SO744368;C0024;CS001;398;2030-09-18 00:00:00;2030-09-10 00:00:00;2030-08-25 00:00:00;2030-08-17 00:00:00
2030-08-21 00:00:00;SO744368;C0024;CL001;651;2030-09-18 00:00:00;2030-09-16 00:00:00;2030-08-25 00:00:00;2030-08-23 00:00:00
2030-08-21 00:00:00;SO260126;C0023;AT001;446;2030-09-25 00:00:00;2030-09-25 00:00:00;2030-08-25 00:00:00;2030-08-25 00:00:00
2030-08-21 00:00:00;SO744368;C0024;VS002;542;2030-09-18 00:00:00;2030-09-16 00:00:00;2030-08-25 00:00:00;2030-08-23 00:00:00
2030-08-21 00:00:00;SO744368;C0024;AT002;1039;2030-09-18 00:00:00;2030-09-17 00:00:00;2030-08-25 00:00:00;2030-08-24 00:00:00
2030-08-21 00:00:00;SO872580;C0009;AT001;1128;2030-09-04 00:00:00;2030-09-04 00:00:00;2030-08-24 00:00:00;2030-08-24 00:00:00
2030-08-22 00:00:00;SO586862;C0022;CL002;857;2030-10-03 00:00:00;2030-09-23 00:00:00;2030-08-26 00:00:00;2030-08-16 00:00:00
2030-08-22 00:00:00;SO322782;C0002;AL001;1355;2030-09-26 00:00:00;2030-09-30 00:00:00;2030-08-24 00:00:00;2030-08-28 00:00:00
2030-08-22 00:00:00;SO875258;C0013;VS005;553;2030-09-19 00:00:00;2030-09-27 00:00:00;2030-08-26 00:00:00;2030-09-03 00:00:00
2030-08-22 00:00:00;SO916512;C0003;AT001;1034;2030-10-03 00:00:00;2030-10-05 00:00:00;2030-08-24 00:00:00;2030-08-26 00:00:00
2030-08-22 00:00:00;SO322782;C0002;VS001;1080;2030-09-26 00:00:00;2030-10-05 00:00:00;2030-08-24 00:00:00;2030-09-02 00:00:00
2030-08-22 00:00:00;SO916512;C0003;CL002;866;2030-10-03 00:00:00;2030-10-01 00:00:00;2030-08-24 00:00:00;2030-08-22 00:00:00
2030-08-22 00:00:00;SO322782;C0002;VS004;1271;2030-09-26 00:00:00;2030-09-30 00:00:00;2030-08-24 00:00:00;2030-08-28 00:00:00
2030-08-22 00:00:00;SO586862;C0022;CT003;772;2030-10-03 00:00:00;2030-10-09 00:00:00;2030-08-26 00:00:00;2030-09-01 00:00:00
2030-08-22 00:00:00;SO586862;C0022;VS001;725;2030-10-03 00:00:00;2030-10-02 00:00:00;2030-08-26 00:00:00;2030-08-25 00:00:00
2030-08-22 00:00:00;SO916512;C0003;AL001;1200;2030-10-03 00:00:00;2030-10-05 00:00:00;2030-08-24 00:00:00;2030-08-26 00:00:00
2030-08-22 00:00:00;SO875258;C0013;CL002;393;2030-09-19 00:00:00;2030-09-23 00:00:00;2030-08-26 00:00:00;2030-08-30 00:00:00
2030-08-22 00:00:00;SO916512;C0003;VS004;758;2030-10-03 00:00:00;2030-09-26 00:00:00;2030-08-24 00:00:00;2030-08-17 00:00:00
2030-08-23 00:00:00;SO207350;C0024;CS001;604;2030-09-20 00:00:00;2030-09-27 00:00:00;2030-08-27 00:00:00;2030-09-03 00:00:00
2030-08-23 00:00:00;SO166212;C0014;CL002;1165;2030-09-27 00:00:00;2030-10-05 00:00:00;2030-08-27 00:00:00;2030-09-04 00:00:00
2030-08-23 00:00:00;SO207350;C0024;VS004;1536;2030-09-20 00:00:00;2030-09-19 00:00:00;2030-08-27 00:00:00;2030-08-26 00:00:00
2030-08-23 00:00:00;SO166212;C0014;AS005;947;2030-09-27 00:00:00;2030-09-17 00:00:00;2030-08-27 00:00:00;2030-08-17 00:00:00
2030-08-23 00:00:00;SO207350;C0024;AL001;1300;2030-09-20 00:00:00;2030-09-27 00:00:00;2030-08-27 00:00:00;2030-09-03 00:00:00
2030-08-23 00:00:00;SO207350;C0024;CT003;881;2030-09-20 00:00:00;2030-09-17 00:00:00;2030-08-27 00:00:00;2030-08-24 00:00:00
2030-08-23 00:00:00;SO166212;C0014;VS005;586;2030-09-27 00:00:00;2030-09-20 00:00:00;2030-08-27 00:00:00;2030-08-20 00:00:00
2030-08-23 00:00:00;SO207350;C0024;VS002;479;2030-09-20 00:00:00;2030-09-28 00:00:00;2030-08-27 00:00:00;2030-09-04 00:00:00
2030-08-23 00:00:00;SO166212;C0014;AT002;501;2030-09-27 00:00:00;2030-09-19 00:00:00;2030-08-27 00:00:00;2030-08-19 00:00:00
2030-08-23 00:00:00;SO207350;C0024;AT001;453;2030-09-20 00:00:00;2030-09-30 00:00:00;2030-08-27 00:00:00;2030-09-06 00:00:00
2030-08-23 00:00:00;SO166212;C0014;VS001;747;2030-09-27 00:00:00;2030-09-25 00:00:00;2030-08-27 00:00:00;2030-08-25 00:00:00
2030-08-23 00:00:00;SO207350;C0024;AL002;677;2030-09-20 00:00:00;2030-09-25 00:00:00;2030-08-27 00:00:00;2030-09-01 00:00:00
2030-08-23 00:00:00;SO166212;C0014;VS004;494;2030-09-27 00:00:00;2030-10-04 00:00:00;2030-08-27 00:00:00;2030-09-03 00:00:00
2030-08-23 00:00:00;SO207350;C0024;CL001;664;2030-09-20 00:00:00;2030-09-29 00:00:00;2030-08-27 00:00:00;2030-09-05 00:00:00
2030-08-26 00:00:00;SO124810;C0021;AT001;1005;2030-09-09 00:00:00;2030-09-09 00:00:00;2030-08-30 00:00:00;2030-08-30 00:00:00
2030-08-26 00:00:00;SO258264;C0029;AL001;1082;2030-10-21 00:00:00;2030-10-12 00:00:00;2030-09-03 00:00:00;2030-08-25 00:00:00
2030-08-26 00:00:00;SO258264;C0029;VS002;489;2030-10-21 00:00:00;2030-10-22 00:00:00;2030-09-03 00:00:00;2030-09-04 00:00:00
2030-08-26 00:00:00;SO258264;C0029;AL002;520;2030-10-21 00:00:00;2030-10-23 00:00:00;2030-09-03 00:00:00;2030-09-05 00:00:00
2030-08-26 00:00:00;SO258264;C0029;VS004;438;2030-10-21 00:00:00;2030-10-19 00:00:00;2030-09-03 00:00:00;2030-09-01 00:00:00
2030-08-26 00:00:00;SO258264;C0029;CS001;1187;2030-10-21 00:00:00;2030-10-22 00:00:00;2030-09-03 00:00:00;2030-09-04 00:00:00
2030-08-26 00:00:00;SO124810;C0021;VS005;619;2030-09-09 00:00:00;2030-09-15 00:00:00;2030-08-30 00:00:00;2030-09-05 00:00:00
2030-08-26 00:00:00;SO124810;C0021;AT002;1325;2030-09-09 00:00:00;2030-09-07 00:00:00;2030-08-30 00:00:00;2030-08-28 00:00:00
2030-08-26 00:00:00;SO124810;C0021;VS002;925;2030-09-09 00:00:00;2030-09-11 00:00:00;2030-08-30 00:00:00;2030-09-01 00:00:00
2030-08-26 00:00:00;SO124810;C0021;VS003;552;2030-09-09 00:00:00;2030-09-17 00:00:00;2030-08-30 00:00:00;2030-09-07 00:00:00
2030-08-26 00:00:00;SO258264;C0029;AS005;530;2030-10-21 00:00:00;2030-10-31 00:00:00;2030-09-03 00:00:00;2030-09-13 00:00:00
2030-08-26 00:00:00;SO124810;C0021;VS004;748;2030-09-09 00:00:00;2030-09-01 00:00:00;2030-08-30 00:00:00;2030-08-22 00:00:00
2030-08-26 00:00:00;SO124810;C0021;CL001;1174;2030-09-09 00:00:00;2030-09-17 00:00:00;2030-08-30 00:00:00;2030-09-07 00:00:00
2030-08-26 00:00:00;SO124810;C0021;AS005;634;2030-09-09 00:00:00;2030-09-05 00:00:00;2030-08-30 00:00:00;2030-08-26 00:00:00
2030-08-26 00:00:00;SO124810;C0021;AL001;1355;2030-09-09 00:00:00;2030-09-05 00:00:00;2030-08-30 00:00:00;2030-08-26 00:00:00
2030-08-26 00:00:00;SO124810;C0021;CS001;964;2030-09-09 00:00:00;2030-09-01 00:00:00;2030-08-30 00:00:00;2030-08-22 00:00:00
2030-08-27 00:00:00;SO187875;C0029;CS001;653;2030-10-22 00:00:00;2030-10-30 00:00:00;2030-09-04 00:00:00;2030-09-12 00:00:00
2030-08-27 00:00:00;SO726837;C0028;VS005;513;2030-09-10 00:00:00;2030-09-17 00:00:00;2030-09-04 00:00:00;2030-09-11 00:00:00
2030-08-27 00:00:00;SO724141;C0018;AS005;1052;2030-10-29 00:00:00;2030-10-27 00:00:00;2030-08-31 00:00:00;2030-08-29 00:00:00
2030-08-27 00:00:00;SO602209;C0010;AS005;581;2030-10-08 00:00:00;2030-10-06 00:00:00;2030-08-30 00:00:00;2030-08-28 00:00:00
2030-08-27 00:00:00;SO602209;C0010;CL002;332;2030-10-08 00:00:00;2030-10-13 00:00:00;2030-08-30 00:00:00;2030-09-04 00:00:00
2030-08-27 00:00:00;SO602209;C0010;CL001;1045;2030-10-08 00:00:00;2030-10-14 00:00:00;2030-08-30 00:00:00;2030-09-05 00:00:00
2030-08-27 00:00:00;SO726837;C0028;AL001;879;2030-09-10 00:00:00;2030-09-04 00:00:00;2030-09-04 00:00:00;2030-08-29 00:00:00
2030-08-27 00:00:00;SO726837;C0028;CS001;1194;2030-09-10 00:00:00;2030-09-18 00:00:00;2030-09-04 00:00:00;2030-09-12 00:00:00
2030-08-27 00:00:00;SO724141;C0018;VS004;1323;2030-10-29 00:00:00;2030-11-02 00:00:00;2030-08-31 00:00:00;2030-09-04 00:00:00
2030-08-27 00:00:00;SO602209;C0010;VS004;822;2030-10-08 00:00:00;2030-09-28 00:00:00;2030-08-30 00:00:00;2030-08-20 00:00:00
2030-08-27 00:00:00;SO187875;C0029;CL001;1185;2030-10-22 00:00:00;2030-10-30 00:00:00;2030-09-04 00:00:00;2030-09-12 00:00:00
2030-08-27 00:00:00;SO602209;C0010;AL002;1054;2030-10-08 00:00:00;2030-10-13 00:00:00;2030-08-30 00:00:00;2030-09-04 00:00:00
2030-08-27 00:00:00;SO187875;C0029;AL001;759;2030-10-22 00:00:00;2030-10-18 00:00:00;2030-09-04 00:00:00;2030-08-31 00:00:00
2030-08-27 00:00:00;SO187875;C0029;CT003;537;2030-10-22 00:00:00;2030-10-30 00:00:00;2030-09-04 00:00:00;2030-09-12 00:00:00
2030-08-27 00:00:00;SO726837;C0028;VS004;1319;2030-09-10 00:00:00;2030-09-15 00:00:00;2030-09-04 00:00:00;2030-09-09 00:00:00
2030-08-27 00:00:00;SO187875;C0029;CL002;851;2030-10-22 00:00:00;2030-10-18 00:00:00;2030-09-04 00:00:00;2030-08-31 00:00:00
2030-08-27 00:00:00;SO726837;C0028;VS001;420;2030-09-10 00:00:00;2030-09-06 00:00:00;2030-09-04 00:00:00;2030-08-31 00:00:00
2030-08-27 00:00:00;SO724141;C0018;AL002;770;2030-10-29 00:00:00;2030-10-23 00:00:00;2030-08-31 00:00:00;2030-08-25 00:00:00
2030-08-27 00:00:00;SO726837;C0028;VS003;575;2030-09-10 00:00:00;2030-09-20 00:00:00;2030-09-04 00:00:00;2030-09-14 00:00:00
2030-08-27 00:00:00;SO602209;C0010;CT003;356;2030-10-08 00:00:00;2030-10-13 00:00:00;2030-08-30 00:00:00;2030-09-04 00:00:00
2030-08-28 00:00:00;SO674104;C0002;VS004;1017;2030-10-02 00:00:00;2030-10-02 00:00:00;2030-08-30 00:00:00;2030-08-30 00:00:00
2030-08-28 00:00:00;SO459623;C0008;AL001;1215;2030-10-23 00:00:00;2030-10-16 00:00:00;2030-08-31 00:00:00;2030-08-24 00:00:00
2030-08-28 00:00:00;SO739907;C0017;VS003;1330;2030-10-23 00:00:00;2030-10-20 00:00:00;2030-09-01 00:00:00;2030-08-29 00:00:00
2030-08-28 00:00:00;SO459623;C0008;AS005;655;2030-10-23 00:00:00;2030-10-15 00:00:00;2030-08-31 00:00:00;2030-08-23 00:00:00
2030-08-28 00:00:00;SO674104;C0002;VS002;1234;2030-10-02 00:00:00;2030-10-01 00:00:00;2030-08-30 00:00:00;2030-08-29 00:00:00
2030-08-28 00:00:00;SO739907;C0017;VS005;1278;2030-10-23 00:00:00;2030-10-20 00:00:00;2030-09-01 00:00:00;2030-08-29 00:00:00
2030-08-28 00:00:00;SO674104;C0002;AL002;697;2030-10-02 00:00:00;2030-09-23 00:00:00;2030-08-30 00:00:00;2030-08-21 00:00:00
2030-08-28 00:00:00;SO459623;C0008;CT003;664;2030-10-23 00:00:00;2030-10-14 00:00:00;2030-08-31 00:00:00;2030-08-22 00:00:00
2030-08-28 00:00:00;SO739907;C0017;AL001;612;2030-10-23 00:00:00;2030-10-30 00:00:00;2030-09-01 00:00:00;2030-09-08 00:00:00
2030-08-28 00:00:00;SO739907;C0017;CL001;898;2030-10-23 00:00:00;2030-10-18 00:00:00;2030-09-01 00:00:00;2030-08-27 00:00:00
2030-08-28 00:00:00;SO739907;C0017;VS004;1329;2030-10-23 00:00:00;2030-10-19 00:00:00;2030-09-01 00:00:00;2030-08-28 00:00:00
2030-08-28 00:00:00;SO739907;C0017;AT001;747;2030-10-23 00:00:00;2030-10-24 00:00:00;2030-09-01 00:00:00;2030-09-02 00:00:00
2030-08-28 00:00:00;SO674104;C0002;CT003;507;2030-10-02 00:00:00;2030-09-27 00:00:00;2030-08-30 00:00:00;2030-08-25 00:00:00
2030-08-28 00:00:00;SO739907;C0017;CT003;865;2030-10-23 00:00:00;2030-10-25 00:00:00;2030-09-01 00:00:00;2030-09-03 00:00:00
2030-08-28 00:00:00;SO739907;C0017;CS001;902;2030-10-23 00:00:00;2030-10-15 00:00:00;2030-09-01 00:00:00;2030-08-24 00:00:00
2030-08-29 00:00:00;SO226799;C0009;CT003;1090;2030-09-12 00:00:00;2030-09-21 00:00:00;2030-09-01 00:00:00;2030-09-10 00:00:00
2030-08-29 00:00:00;SO457751;C0028;AL001;1360;2030-09-12 00:00:00;2030-09-21 00:00:00;2030-09-06 00:00:00;2030-09-15 00:00:00
2030-08-29 00:00:00;SO457751;C0028;VS004;1016;2030-09-12 00:00:00;2030-09-09 00:00:00;2030-09-06 00:00:00;2030-09-03 00:00:00
2030-08-29 00:00:00;SO226799;C0009;VS002;772;2030-09-12 00:00:00;2030-09-02 00:00:00;2030-09-01 00:00:00;2030-08-22 00:00:00
2030-08-29 00:00:00;SO457751;C0028;VS002;490;2030-09-12 00:00:00;2030-09-20 00:00:00;2030-09-06 00:00:00;2030-09-14 00:00:00
2030-08-29 00:00:00;SO457751;C0028;CL001;578;2030-09-12 00:00:00;2030-09-18 00:00:00;2030-09-06 00:00:00;2030-09-12 00:00:00
2030-08-29 00:00:00;SO457751;C0028;AT002;891;2030-09-12 00:00:00;2030-09-06 00:00:00;2030-09-06 00:00:00;2030-08-31 00:00:00
2030-08-29 00:00:00;SO457751;C0028;CL002;438;2030-09-12 00:00:00;2030-09-20 00:00:00;2030-09-06 00:00:00;2030-09-14 00:00:00
2030-08-29 00:00:00;SO226799;C0009;AT001;876;2030-09-12 00:00:00;2030-09-06 00:00:00;2030-09-01 00:00:00;2030-08-26 00:00:00
2030-08-29 00:00:00;SO226799;C0009;AL001;1450;2030-09-12 00:00:00;2030-09-13 00:00:00;2030-09-01 00:00:00;2030-09-02 00:00:00
2030-08-29 00:00:00;SO226799;C0009;AL002;1013;2030-09-12 00:00:00;2030-09-21 00:00:00;2030-09-01 00:00:00;2030-09-10 00:00:00
2030-08-29 00:00:00;SO226799;C0009;VS004;1404;2030-09-12 00:00:00;2030-09-03 00:00:00;2030-09-01 00:00:00;2030-08-23 00:00:00
2030-08-29 00:00:00;SO457751;C0028;AS005;839;2030-09-12 00:00:00;2030-09-16 00:00:00;2030-09-06 00:00:00;2030-09-10 00:00:00
2030-08-29 00:00:00;SO457751;C0028;VS005;1322;2030-09-12 00:00:00;2030-09-20 00:00:00;2030-09-06 00:00:00;2030-09-14 00:00:00
2030-08-29 00:00:00;SO457751;C0028;AL002;1148;2030-09-12 00:00:00;2030-09-10 00:00:00;2030-09-06 00:00:00;2030-09-04 00:00:00
2030-08-29 00:00:00;SO226799;C0009;VS001;556;2030-09-12 00:00:00;2030-09-05 00:00:00;2030-09-01 00:00:00;2030-08-25 00:00:00
2030-08-29 00:00:00;SO457751;C0028;CT003;844;2030-09-12 00:00:00;2030-09-10 00:00:00;2030-09-06 00:00:00;2030-09-04 00:00:00
2030-08-29 00:00:00;SO457751;C0028;CS001;798;2030-09-12 00:00:00;2030-09-06 00:00:00;2030-09-06 00:00:00;2030-08-31 00:00:00
2030-08-30 00:00:00;SO192696;C0021;AL002;1256;2030-09-13 00:00:00;2030-09-22 00:00:00;2030-09-03 00:00:00;2030-09-12 00:00:00
2030-08-30 00:00:00;SO757325;C0007;CS001;1230;2030-11-01 00:00:00;2030-11-02 00:00:00;2030-09-02 00:00:00;2030-09-03 00:00:00
2030-08-30 00:00:00;SO180167;C0024;AL002;1240;2030-09-27 00:00:00;2030-09-17 00:00:00;2030-09-03 00:00:00;2030-08-24 00:00:00
2030-08-30 00:00:00;SO110312;C0003;VS005;968;2030-10-11 00:00:00;2030-10-10 00:00:00;2030-09-01 00:00:00;2030-08-31 00:00:00
2030-08-30 00:00:00;SO192696;C0021;AS005;1124;2030-09-13 00:00:00;2030-09-07 00:00:00;2030-09-03 00:00:00;2030-08-28 00:00:00
2030-08-30 00:00:00;SO192696;C0021;VS002;1111;2030-09-13 00:00:00;2030-09-13 00:00:00;2030-09-03 00:00:00;2030-09-03 00:00:00
2030-08-30 00:00:00;SO757325;C0007;VS004;1222;2030-11-01 00:00:00;2030-10-22 00:00:00;2030-09-02 00:00:00;2030-08-23 00:00:00
2030-08-30 00:00:00;SO192696;C0021;VS004;469;2030-09-13 00:00:00;2030-09-22 00:00:00;2030-09-03 00:00:00;2030-09-12 00:00:00
2030-08-30 00:00:00;SO180167;C0024;CL001;570;2030-09-27 00:00:00;2030-09-23 00:00:00;2030-09-03 00:00:00;2030-08-30 00:00:00
2030-08-30 00:00:00;SO192696;C0021;AL001;803;2030-09-13 00:00:00;2030-09-22 00:00:00;2030-09-03 00:00:00;2030-09-12 00:00:00
2030-08-30 00:00:00;SO192696;C0021;AT002;1082;2030-09-13 00:00:00;2030-09-08 00:00:00;2030-09-03 00:00:00;2030-08-29 00:00:00
2030-08-30 00:00:00;SO757325;C0007;VS001;599;2030-11-01 00:00:00;2030-11-06 00:00:00;2030-09-02 00:00:00;2030-09-07 00:00:00
2030-08-30 00:00:00;SO757325;C0007;CT003;964;2030-11-01 00:00:00;2030-10-24 00:00:00;2030-09-02 00:00:00;2030-08-25 00:00:00
2030-08-30 00:00:00;SO757325;C0007;CL001;1009;2030-11-01 00:00:00;2030-11-08 00:00:00;2030-09-02 00:00:00;2030-09-09 00:00:00
2030-08-30 00:00:00;SO110312;C0003;CL001;843;2030-10-11 00:00:00;2030-10-15 00:00:00;2030-09-01 00:00:00;2030-09-05 00:00:00
2030-09-02 00:00:00;SO335359;C0001;AT001;464;2030-09-30 00:00:00;2030-10-02 00:00:00;2030-09-04 00:00:00;2030-09-06 00:00:00
2030-09-02 00:00:00;SO538743;C0005;AS005;507;2030-10-28 00:00:00;2030-11-06 00:00:00;2030-09-04 00:00:00;2030-09-13 00:00:00
2030-09-02 00:00:00;SO538743;C0005;VS002;1288;2030-10-28 00:00:00;2030-10-27 00:00:00;2030-09-04 00:00:00;2030-09-03 00:00:00
2030-09-02 00:00:00;SO538743;C0005;VS003;898;2030-10-28 00:00:00;2030-10-28 00:00:00;2030-09-04 00:00:00;2030-09-04 00:00:00
2030-09-02 00:00:00;SO538743;C0005;AS003;1279;2030-10-28 00:00:00;2030-10-19 00:00:00;2030-09-04 00:00:00;2030-08-26 00:00:00
2030-09-02 00:00:00;SO538743;C0005;AS001;722;2030-10-28 00:00:00;2030-10-26 00:00:00;2030-09-04 00:00:00;2030-09-02 00:00:00
2030-09-02 00:00:00;SO538743;C0005;CT003;1134;2030-10-28 00:00:00;2030-10-27 00:00:00;2030-09-04 00:00:00;2030-09-03 00:00:00
2030-09-02 00:00:00;SO538743;C0005;AS002;925;2030-10-28 00:00:00;2030-10-31 00:00:00;2030-09-04 00:00:00;2030-09-07 00:00:00
2030-09-02 00:00:00;SO335359;C0001;CS003;933;2030-09-30 00:00:00;2030-09-21 00:00:00;2030-09-04 00:00:00;2030-08-26 00:00:00
2030-09-02 00:00:00;SO538743;C0005;CS003;861;2030-10-28 00:00:00;2030-11-02 00:00:00;2030-09-04 00:00:00;2030-09-09 00:00:00
2030-09-02 00:00:00;SO335359;C0001;AL001;1002;2030-09-30 00:00:00;2030-10-07 00:00:00;2030-09-04 00:00:00;2030-09-11 00:00:00
2030-09-02 00:00:00;SO335359;C0001;AS005;1209;2030-09-30 00:00:00;2030-09-22 00:00:00;2030-09-04 00:00:00;2030-08-27 00:00:00
2030-09-02 00:00:00;SO335359;C0001;AL002;854;2030-09-30 00:00:00;2030-10-07 00:00:00;2030-09-04 00:00:00;2030-09-11 00:00:00
2030-09-02 00:00:00;SO335359;C0001;CS004;1058;2030-09-30 00:00:00;2030-10-05 00:00:00;2030-09-04 00:00:00;2030-09-09 00:00:00
2030-09-02 00:00:00;SO538743;C0005;AS004;430;2030-10-28 00:00:00;2030-10-21 00:00:00;2030-09-04 00:00:00;2030-08-28 00:00:00
2030-09-02 00:00:00;SO335359;C0001;AS004;596;2030-09-30 00:00:00;2030-10-07 00:00:00;2030-09-04 00:00:00;2030-09-11 00:00:00
2030-09-02 00:00:00;SO335359;C0001;CT001;1326;2030-09-30 00:00:00;2030-09-29 00:00:00;2030-09-04 00:00:00;2030-09-03 00:00:00
2030-09-03 00:00:00;SO887098;C0027;AL002;951;2030-10-15 00:00:00;2030-10-24 00:00:00;2030-09-11 00:00:00;2030-09-20 00:00:00
2030-09-03 00:00:00;SO205134;C0013;AS004;1031;2030-10-01 00:00:00;2030-09-23 00:00:00;2030-09-07 00:00:00;2030-08-30 00:00:00
2030-09-03 00:00:00;SO205134;C0013;CT003;1100;2030-10-01 00:00:00;2030-10-06 00:00:00;2030-09-07 00:00:00;2030-09-12 00:00:00
2030-09-03 00:00:00;SO205134;C0013;CT002;998;2030-10-01 00:00:00;2030-09-24 00:00:00;2030-09-07 00:00:00;2030-08-31 00:00:00
2030-09-03 00:00:00;SO887098;C0027;CT002;415;2030-10-15 00:00:00;2030-10-09 00:00:00;2030-09-11 00:00:00;2030-09-05 00:00:00
2030-09-03 00:00:00;SO205134;C0013;CS002;556;2030-10-01 00:00:00;2030-09-25 00:00:00;2030-09-07 00:00:00;2030-09-01 00:00:00
2030-09-03 00:00:00;SO887098;C0027;AS001;973;2030-10-15 00:00:00;2030-10-19 00:00:00;2030-09-11 00:00:00;2030-09-15 00:00:00
2030-09-03 00:00:00;SO205134;C0013;VS004;616;2030-10-01 00:00:00;2030-09-24 00:00:00;2030-09-07 00:00:00;2030-08-31 00:00:00
2030-09-03 00:00:00;SO887098;C0027;AL001;523;2030-10-15 00:00:00;2030-10-08 00:00:00;2030-09-11 00:00:00;2030-09-04 00:00:00
2030-09-03 00:00:00;SO205134;C0013;AT002;910;2030-10-01 00:00:00;2030-09-21 00:00:00;2030-09-07 00:00:00;2030-08-28 00:00:00
2030-09-03 00:00:00;SO887098;C0027;CS001;684;2030-10-15 00:00:00;2030-10-10 00:00:00;2030-09-11 00:00:00;2030-09-06 00:00:00
2030-09-03 00:00:00;SO205134;C0013;VS002;1544;2030-10-01 00:00:00;2030-10-05 00:00:00;2030-09-07 00:00:00;2030-09-11 00:00:00
2030-09-03 00:00:00;SO205134;C0013;CS001;770;2030-10-01 00:00:00;2030-10-04 00:00:00;2030-09-07 00:00:00;2030-09-10 00:00:00
2030-09-03 00:00:00;SO205134;C0013;CS003;457;2030-10-01 00:00:00;2030-09-22 00:00:00;2030-09-07 00:00:00;2030-08-29 00:00:00
2030-09-03 00:00:00;SO887098;C0027;VS002;518;2030-10-15 00:00:00;2030-10-11 00:00:00;2030-09-11 00:00:00;2030-09-07 00:00:00
2030-09-03 00:00:00;SO205134;C0013;AS003;1385;2030-10-01 00:00:00;2030-09-28 00:00:00;2030-09-07 00:00:00;2030-09-04 00:00:00
2030-09-03 00:00:00;SO887098;C0027;AT001;1060;2030-10-15 00:00:00;2030-10-07 00:00:00;2030-09-11 00:00:00;2030-09-03 00:00:00
2030-09-03 00:00:00;SO205134;C0013;VS005;655;2030-10-01 00:00:00;2030-09-27 00:00:00;2030-09-07 00:00:00;2030-09-03 00:00:00
2030-09-03 00:00:00;SO887098;C0027;AS004;1230;2030-10-15 00:00:00;2030-10-13 00:00:00;2030-09-11 00:00:00;2030-09-09 00:00:00
2030-09-04 00:00:00;SO223273;C0011;VS003;933;2030-10-09 00:00:00;2030-10-15 00:00:00;2030-09-07 00:00:00;2030-09-13 00:00:00
2030-09-04 00:00:00;SO744553;C0010;CT003;703;2030-10-16 00:00:00;2030-10-16 00:00:00;2030-09-07 00:00:00;2030-09-07 00:00:00
2030-09-04 00:00:00;SO531756;C0012;VS005;984;2030-10-02 00:00:00;2030-09-23 00:00:00;2030-09-07 00:00:00;2030-08-29 00:00:00
2030-09-04 00:00:00;SO651850;C0015;CL001;1164;2030-10-16 00:00:00;2030-10-26 00:00:00;2030-09-08 00:00:00;2030-09-18 00:00:00
2030-09-04 00:00:00;SO531756;C0012;CS001;723;2030-10-02 00:00:00;2030-09-26 00:00:00;2030-09-07 00:00:00;2030-09-01 00:00:00
2030-09-04 00:00:00;SO223273;C0011;AS003;1134;2030-10-09 00:00:00;2030-10-01 00:00:00;2030-09-07 00:00:00;2030-08-30 00:00:00
2030-09-04 00:00:00;SO531756;C0012;AS002;457;2030-10-02 00:00:00;2030-10-01 00:00:00;2030-09-07 00:00:00;2030-09-06 00:00:00
2030-09-04 00:00:00;SO223273;C0011;AL001;384;2030-10-09 00:00:00;2030-10-17 00:00:00;2030-09-07 00:00:00;2030-09-15 00:00:00
2030-09-04 00:00:00;SO744553;C0010;AS002;600;2030-10-16 00:00:00;2030-10-13 00:00:00;2030-09-07 00:00:00;2030-09-04 00:00:00
2030-09-04 00:00:00;SO531756;C0012;VS004;1167;2030-10-02 00:00:00;2030-09-22 00:00:00;2030-09-07 00:00:00;2030-08-28 00:00:00
2030-09-04 00:00:00;SO223273;C0011;CL001;581;2030-10-09 00:00:00;2030-10-08 00:00:00;2030-09-07 00:00:00;2030-09-06 00:00:00
2030-09-04 00:00:00;SO651850;C0015;CS003;1113;2030-10-16 00:00:00;2030-10-07 00:00:00;2030-09-08 00:00:00;2030-08-30 00:00:00
2030-09-04 00:00:00;SO531756;C0012;AS005;755;2030-10-02 00:00:00;2030-09-29 00:00:00;2030-09-07 00:00:00;2030-09-04 00:00:00
2030-09-04 00:00:00;SO744553;C0010;CT001;1041;2030-10-16 00:00:00;2030-10-15 00:00:00;2030-09-07 00:00:00;2030-09-06 00:00:00
2030-09-04 00:00:00;SO531756;C0012;AS003;754;2030-10-02 00:00:00;2030-10-07 00:00:00;2030-09-07 00:00:00;2030-09-12 00:00:00
2030-09-04 00:00:00;SO651850;C0015;VS005;443;2030-10-16 00:00:00;2030-10-22 00:00:00;2030-09-08 00:00:00;2030-09-14 00:00:00
2030-09-04 00:00:00;SO223273;C0011;CS003;756;2030-10-09 00:00:00;2030-10-17 00:00:00;2030-09-07 00:00:00;2030-09-15 00:00:00
2030-09-04 00:00:00;SO651850;C0015;VS001;843;2030-10-16 00:00:00;2030-10-16 00:00:00;2030-09-08 00:00:00;2030-09-08 00:00:00
2030-09-04 00:00:00;SO223273;C0011;AL002;896;2030-10-09 00:00:00;2030-09-29 00:00:00;2030-09-07 00:00:00;2030-08-28 00:00:00
2030-09-04 00:00:00;SO531756;C0012;CS002;365;2030-10-02 00:00:00;2030-09-30 00:00:00;2030-09-07 00:00:00;2030-09-05 00:00:00
2030-09-05 00:00:00;SO535368;C0023;CL001;512;2030-10-10 00:00:00;2030-10-17 00:00:00;2030-09-09 00:00:00;2030-09-16 00:00:00
2030-09-05 00:00:00;SO686503;C0019;CT003;1373;2030-11-07 00:00:00;2030-11-06 00:00:00;2030-09-09 00:00:00;2030-09-08 00:00:00
2030-09-05 00:00:00;SO765254;C0010;VS004;281;2030-10-17 00:00:00;2030-10-09 00:00:00;2030-09-08 00:00:00;2030-08-31 00:00:00
2030-09-05 00:00:00;SO686503;C0019;AT001;1333;2030-11-07 00:00:00;2030-11-11 00:00:00;2030-09-09 00:00:00;2030-09-13 00:00:00
2030-09-05 00:00:00;SO765254;C0010;VS005;594;2030-10-17 00:00:00;2030-10-12 00:00:00;2030-09-08 00:00:00;2030-09-03 00:00:00
2030-09-05 00:00:00;SO765254;C0010;CT001;883;2030-10-17 00:00:00;2030-10-08 00:00:00;2030-09-08 00:00:00;2030-08-30 00:00:00
2030-09-05 00:00:00;SO686503;C0019;AS003;1001;2030-11-07 00:00:00;2030-11-08 00:00:00;2030-09-09 00:00:00;2030-09-10 00:00:00
2030-09-05 00:00:00;SO535368;C0023;AL001;1080;2030-10-10 00:00:00;2030-10-11 00:00:00;2030-09-09 00:00:00;2030-09-10 00:00:00
2030-09-05 00:00:00;SO686503;C0019;VS002;1214;2030-11-07 00:00:00;2030-11-08 00:00:00;2030-09-09 00:00:00;2030-09-10 00:00:00
2030-09-05 00:00:00;SO535368;C0023;CL002;1144;2030-10-10 00:00:00;2030-10-06 00:00:00;2030-09-09 00:00:00;2030-09-05 00:00:00
2030-09-05 00:00:00;SO686503;C0019;AT002;929;2030-11-07 00:00:00;2030-11-04 00:00:00;2030-09-09 00:00:00;2030-09-06 00:00:00
2030-09-05 00:00:00;SO686503;C0019;CS003;1268;2030-11-07 00:00:00;2030-11-07 00:00:00;2030-09-09 00:00:00;2030-09-09 00:00:00
2030-09-05 00:00:00;SO765254;C0010;CL002;485;2030-10-17 00:00:00;2030-10-25 00:00:00;2030-09-08 00:00:00;2030-09-16 00:00:00
2030-09-05 00:00:00;SO765254;C0010;VS002;540;2030-10-17 00:00:00;2030-10-24 00:00:00;2030-09-08 00:00:00;2030-09-15 00:00:00
2030-09-05 00:00:00;SO686503;C0019;AS004;1063;2030-11-07 00:00:00;2030-11-09 00:00:00;2030-09-09 00:00:00;2030-09-11 00:00:00
2030-09-05 00:00:00;SO686503;C0019;CT002;884;2030-11-07 00:00:00;2030-10-28 00:00:00;2030-09-09 00:00:00;2030-08-30 00:00:00
2030-09-05 00:00:00;SO686503;C0019;AS002;737;2030-11-07 00:00:00;2030-10-28 00:00:00;2030-09-09 00:00:00;2030-08-30 00:00:00
2030-09-06 00:00:00;SO394131;C0018;CS004;835;2030-11-08 00:00:00;2030-11-17 00:00:00;2030-09-10 00:00:00;2030-09-19 00:00:00
2030-09-06 00:00:00;SO9000031;C0024;CS003;947;2030-10-04 00:00:00;2030-10-06 00:00:00;2030-09-10 00:00:00;2030-09-12 00:00:00
2030-09-06 00:00:00;SO900198;C0020;CT002;717;2030-11-01 00:00:00;2030-11-03 00:00:00;2030-09-10 00:00:00;2030-09-12 00:00:00
2030-09-06 00:00:00;SO985990;C0007;VS005;680;2030-11-08 00:00:00;2030-11-03 00:00:00;2030-09-09 00:00:00;2030-09-04 00:00:00
2030-09-06 00:00:00;SO9000031;C0024;AT002;699;2030-10-04 00:00:00;2030-10-13 00:00:00;2030-09-10 00:00:00;2030-09-19 00:00:00
2030-09-06 00:00:00;SO985990;C0007;CS001;776;2030-11-08 00:00:00;2030-11-17 00:00:00;2030-09-09 00:00:00;2030-09-18 00:00:00
2030-09-06 00:00:00;SO9000031;C0024;CT001;567;2030-10-04 00:00:00;2030-09-29 00:00:00;2030-09-10 00:00:00;2030-09-05 00:00:00
2030-09-06 00:00:00;SO985990;C0007;VS003;969;2030-11-08 00:00:00;2030-10-29 00:00:00;2030-09-09 00:00:00;2030-08-30 00:00:00
2030-09-06 00:00:00;SO9000031;C0024;CL001;612;2030-10-04 00:00:00;2030-10-01 00:00:00;2030-09-10 00:00:00;2030-09-07 00:00:00
2030-09-06 00:00:00;SO900198;C0020;CS002;799;2030-11-01 00:00:00;2030-10-30 00:00:00;2030-09-10 00:00:00;2030-09-08 00:00:00
2030-09-06 00:00:00;SO394131;C0018;AS001;793;2030-11-08 00:00:00;2030-11-15 00:00:00;2030-09-10 00:00:00;2030-09-17 00:00:00
2030-09-06 00:00:00;SO9000031;C0024;AS004;575;2030-10-04 00:00:00;2030-10-04 00:00:00;2030-09-10 00:00:00;2030-09-10 00:00:00
2030-09-09 00:00:00;SO941576;C0009;CT003;887;2030-09-23 00:00:00;2030-09-15 00:00:00;2030-09-12 00:00:00;2030-09-04 00:00:00
2030-09-09 00:00:00;SO264211;C0026;AS005;607;2030-10-14 00:00:00;2030-10-05 00:00:00;2030-09-17 00:00:00;2030-09-08 00:00:00
2030-09-09 00:00:00;SO941576;C0009;CT002;460;2030-09-23 00:00:00;2030-09-26 00:00:00;2030-09-12 00:00:00;2030-09-15 00:00:00
2030-09-09 00:00:00;SO264211;C0026;AS004;750;2030-10-14 00:00:00;2030-10-23 00:00:00;2030-09-17 00:00:00;2030-09-26 00:00:00
2030-09-09 00:00:00;SO264211;C0026;AS002;637;2030-10-14 00:00:00;2030-10-10 00:00:00;2030-09-17 00:00:00;2030-09-13 00:00:00
2030-09-09 00:00:00;SO941576;C0009;AS003;820;2030-09-23 00:00:00;2030-09-26 00:00:00;2030-09-12 00:00:00;2030-09-15 00:00:00
2030-09-09 00:00:00;SO264211;C0026;CL001;883;2030-10-14 00:00:00;2030-10-24 00:00:00;2030-09-17 00:00:00;2030-09-27 00:00:00
2030-09-09 00:00:00;SO264211;C0026;AS001;1178;2030-10-14 00:00:00;2030-10-10 00:00:00;2030-09-17 00:00:00;2030-09-13 00:00:00
2030-09-09 00:00:00;SO264211;C0026;VS004;789;2030-10-14 00:00:00;2030-10-19 00:00:00;2030-09-17 00:00:00;2030-09-22 00:00:00
2030-09-09 00:00:00;SO941576;C0009;VS003;649;2030-09-23 00:00:00;2030-09-20 00:00:00;2030-09-12 00:00:00;2030-09-09 00:00:00
2030-09-09 00:00:00;SO264211;C0026;CT002;456;2030-10-14 00:00:00;2030-10-11 00:00:00;2030-09-17 00:00:00;2030-09-14 00:00:00
2030-09-09 00:00:00;SO941576;C0009;CS003;728;2030-09-23 00:00:00;2030-09-14 00:00:00;2030-09-12 00:00:00;2030-09-03 00:00:00
2030-09-09 00:00:00;SO264211;C0026;AL001;943;2030-10-14 00:00:00;2030-10-23 00:00:00;2030-09-17 00:00:00;2030-09-26 00:00:00
2030-09-09 00:00:00;SO264211;C0026;AL002;917;2030-10-14 00:00:00;2030-10-16 00:00:00;2030-09-17 00:00:00;2030-09-19 00:00:00
2030-09-09 00:00:00;SO264211;C0026;VS001;791;2030-10-14 00:00:00;2030-10-12 00:00:00;2030-09-17 00:00:00;2030-09-15 00:00:00
2030-09-10 00:00:00;SO402927;C0028;AT002;1065;2030-09-24 00:00:00;2030-09-25 00:00:00;2030-09-18 00:00:00;2030-09-19 00:00:00
2030-09-10 00:00:00;SO411235;C0029;AT001;1045;2030-11-05 00:00:00;2030-10-30 00:00:00;2030-09-18 00:00:00;2030-09-12 00:00:00
2030-09-10 00:00:00;SO540082;C0013;VS001;810;2030-10-08 00:00:00;2030-09-30 00:00:00;2030-09-14 00:00:00;2030-09-06 00:00:00
2030-09-10 00:00:00;SO731069;C0017;CS002;1473;2030-11-05 00:00:00;2030-11-09 00:00:00;2030-09-14 00:00:00;2030-09-18 00:00:00
2030-09-10 00:00:00;SO402927;C0028;AS004;1123;2030-09-24 00:00:00;2030-09-14 00:00:00;2030-09-18 00:00:00;2030-09-08 00:00:00
2030-09-10 00:00:00;SO411235;C0029;AL002;1200;2030-11-05 00:00:00;2030-11-05 00:00:00;2030-09-18 00:00:00;2030-09-18 00:00:00
2030-09-10 00:00:00;SO731069;C0017;AS001;1115;2030-11-05 00:00:00;2030-11-07 00:00:00;2030-09-14 00:00:00;2030-09-16 00:00:00
2030-09-10 00:00:00;SO731069;C0017;CL001;895;2030-11-05 00:00:00;2030-11-07 00:00:00;2030-09-14 00:00:00;2030-09-16 00:00:00
2030-09-10 00:00:00;SO540082;C0013;AT001;630;2030-10-08 00:00:00;2030-10-04 00:00:00;2030-09-14 00:00:00;2030-09-10 00:00:00
2030-09-10 00:00:00;SO402927;C0028;CS001;356;2030-09-24 00:00:00;2030-09-19 00:00:00;2030-09-18 00:00:00;2030-09-13 00:00:00
2030-09-10 00:00:00;SO402927;C0028;VS004;883;2030-09-24 00:00:00;2030-09-26 00:00:00;2030-09-18 00:00:00;2030-09-20 00:00:00
2030-09-10 00:00:00;SO731069;C0017;AS004;1168;2030-11-05 00:00:00;2030-11-13 00:00:00;2030-09-14 00:00:00;2030-09-22 00:00:00
2030-09-10 00:00:00;SO540082;C0013;CS001;1028;2030-10-08 00:00:00;2030-10-05 00:00:00;2030-09-14 00:00:00;2030-09-11 00:00:00
2030-09-11 00:00:00;SO545931;C0018;VS002;1197;2030-11-13 00:00:00;2030-11-03 00:00:00;2030-09-15 00:00:00;2030-09-05 00:00:00
2030-09-11 00:00:00;SO185709;C0011;AS001;515;2030-10-16 00:00:00;2030-10-07 00:00:00;2030-09-14 00:00:00;2030-09-05 00:00:00
2030-09-11 00:00:00;SO355425;C0016;AT002;869;2030-09-25 00:00:00;2030-09-19 00:00:00;2030-09-15 00:00:00;2030-09-09 00:00:00
2030-09-11 00:00:00;SO778249;C0027;VS003;973;2030-10-23 00:00:00;2030-10-20 00:00:00;2030-09-19 00:00:00;2030-09-16 00:00:00
2030-09-11 00:00:00;SO185709;C0011;CL002;815;2030-10-16 00:00:00;2030-10-16 00:00:00;2030-09-14 00:00:00;2030-09-14 00:00:00
2030-09-11 00:00:00;SO545931;C0018;CT003;611;2030-11-13 00:00:00;2030-11-23 00:00:00;2030-09-15 00:00:00;2030-09-25 00:00:00
2030-09-11 00:00:00;SO778249;C0027;AS003;885;2030-10-23 00:00:00;2030-10-15 00:00:00;2030-09-19 00:00:00;2030-09-11 00:00:00
2030-09-11 00:00:00;SO185709;C0011;CS003;500;2030-10-16 00:00:00;2030-10-17 00:00:00;2030-09-14 00:00:00;2030-09-15 00:00:00
2030-09-11 00:00:00;SO778249;C0027;AS001;703;2030-10-23 00:00:00;2030-10-30 00:00:00;2030-09-19 00:00:00;2030-09-26 00:00:00
2030-09-11 00:00:00;SO185709;C0011;VS005;545;2030-10-16 00:00:00;2030-10-19 00:00:00;2030-09-14 00:00:00;2030-09-17 00:00:00
2030-09-11 00:00:00;SO185709;C0011;AT001;1296;2030-10-16 00:00:00;2030-10-25 00:00:00;2030-09-14 00:00:00;2030-09-23 00:00:00
2030-09-11 00:00:00;SO545931;C0018;CS004;951;2030-11-13 00:00:00;2030-11-17 00:00:00;2030-09-15 00:00:00;2030-09-19 00:00:00
2030-09-11 00:00:00;SO185709;C0011;AL002;990;2030-10-16 00:00:00;2030-10-09 00:00:00;2030-09-14 00:00:00;2030-09-07 00:00:00
2030-09-11 00:00:00;SO778249;C0027;AS005;795;2030-10-23 00:00:00;2030-10-18 00:00:00;2030-09-19 00:00:00;2030-09-14 00:00:00
2030-09-11 00:00:00;SO355425;C0016;VS005;1448;2030-09-25 00:00:00;2030-10-02 00:00:00;2030-09-15 00:00:00;2030-09-22 00:00:00
2030-09-12 00:00:00;SO716093;C0027;CT003;1562;2030-10-24 00:00:00;2030-10-27 00:00:00;2030-09-20 00:00:00;2030-09-23 00:00:00
2030-09-12 00:00:00;SO114853;C0016;CT002;1149;2030-09-26 00:00:00;2030-09-25 00:00:00;2030-09-16 00:00:00;2030-09-15 00:00:00
2030-09-12 00:00:00;SO704087;C0007;CT003;636;2030-11-14 00:00:00;2030-11-09 00:00:00;2030-09-15 00:00:00;2030-09-10 00:00:00
2030-09-12 00:00:00;SO231026;C0025;CT001;608;2030-10-10 00:00:00;2030-10-11 00:00:00;2030-09-20 00:00:00;2030-09-21 00:00:00
2030-09-12 00:00:00;SO114853;C0016;AS001;1205;2030-09-26 00:00:00;2030-09-29 00:00:00;2030-09-16 00:00:00;2030-09-19 00:00:00
2030-09-12 00:00:00;SO704087;C0007;CS002;1087;2030-11-14 00:00:00;2030-11-21 00:00:00;2030-09-15 00:00:00;2030-09-22 00:00:00
2030-09-12 00:00:00;SO114853;C0016;VS005;1074;2030-09-26 00:00:00;2030-09-19 00:00:00;2030-09-16 00:00:00;2030-09-09 00:00:00
2030-09-12 00:00:00;SO114853;C0016;VS001;1093;2030-09-26 00:00:00;2030-09-28 00:00:00;2030-09-16 00:00:00;2030-09-18 00:00:00
2030-09-12 00:00:00;SO231026;C0025;CL001;634;2030-10-10 00:00:00;2030-10-02 00:00:00;2030-09-20 00:00:00;2030-09-12 00:00:00
2030-09-12 00:00:00;SO231026;C0025;CS003;1111;2030-10-10 00:00:00;2030-10-16 00:00:00;2030-09-20 00:00:00;2030-09-26 00:00:00
2030-09-12 00:00:00;SO716093;C0027;AS005;1477;2030-10-24 00:00:00;2030-10-22 00:00:00;2030-09-20 00:00:00;2030-09-18 00:00:00
2030-09-12 00:00:00;SO704087;C0007;CT001;1176;2030-11-14 00:00:00;2030-11-07 00:00:00;2030-09-15 00:00:00;2030-09-08 00:00:00
2030-09-12 00:00:00;SO114853;C0016;CT003;557;2030-09-26 00:00:00;2030-09-16 00:00:00;2030-09-16 00:00:00;2030-09-06 00:00:00
2030-09-12 00:00:00;SO114853;C0016;VS003;921;2030-09-26 00:00:00;2030-09-30 00:00:00;2030-09-16 00:00:00;2030-09-20 00:00:00
2030-09-12 00:00:00;SO716093;C0027;VS001;1160;2030-10-24 00:00:00;2030-10-14 00:00:00;2030-09-20 00:00:00;2030-09-10 00:00:00
2030-09-12 00:00:00;SO114853;C0016;CS001;854;2030-09-26 00:00:00;2030-09-21 00:00:00;2030-09-16 00:00:00;2030-09-11 00:00:00
2030-09-12 00:00:00;SO704087;C0007;CL002;917;2030-11-14 00:00:00;2030-11-17 00:00:00;2030-09-15 00:00:00;2030-09-18 00:00:00
2030-09-12 00:00:00;SO231026;C0025;AS005;825;2030-10-10 00:00:00;2030-10-20 00:00:00;2030-09-20 00:00:00;2030-09-30 00:00:00
2030-09-13 00:00:00;SO790754;C0022;AT002;438;2030-10-25 00:00:00;2030-10-30 00:00:00;2030-09-17 00:00:00;2030-09-22 00:00:00
2030-09-13 00:00:00;SO139807;C0029;AS004;478;2030-11-08 00:00:00;2030-11-02 00:00:00;2030-09-21 00:00:00;2030-09-15 00:00:00
2030-09-13 00:00:00;SO878314;C0002;CL002;1014;2030-10-18 00:00:00;2030-10-15 00:00:00;2030-09-15 00:00:00;2030-09-12 00:00:00
2030-09-13 00:00:00;SO139807;C0029;CL002;894;2030-11-08 00:00:00;2030-11-07 00:00:00;2030-09-21 00:00:00;2030-09-20 00:00:00
2030-09-13 00:00:00;SO139807;C0029;VS002;601;2030-11-08 00:00:00;2030-11-16 00:00:00;2030-09-21 00:00:00;2030-09-29 00:00:00
2030-09-13 00:00:00;SO878314;C0002;VS005;1568;2030-10-18 00:00:00;2030-10-25 00:00:00;2030-09-15 00:00:00;2030-09-22 00:00:00
2030-09-13 00:00:00;SO790754;C0022;AS004;1246;2030-10-25 00:00:00;2030-10-30 00:00:00;2030-09-17 00:00:00;2030-09-22 00:00:00
2030-09-13 00:00:00;SO790754;C0022;AS003;935;2030-10-25 00:00:00;2030-11-04 00:00:00;2030-09-17 00:00:00;2030-09-27 00:00:00
2030-09-13 00:00:00;SO139807;C0029;VS001;1233;2030-11-08 00:00:00;2030-11-08 00:00:00;2030-09-21 00:00:00;2030-09-21 00:00:00
2030-09-13 00:00:00;SO790754;C0022;VS002;997;2030-10-25 00:00:00;2030-10-20 00:00:00;2030-09-17 00:00:00;2030-09-12 00:00:00
2030-09-13 00:00:00;SO139807;C0029;VS003;1074;2030-11-08 00:00:00;2030-11-14 00:00:00;2030-09-21 00:00:00;2030-09-27 00:00:00
2030-09-13 00:00:00;SO878314;C0002;CL001;1085;2030-10-18 00:00:00;2030-10-17 00:00:00;2030-09-15 00:00:00;2030-09-14 00:00:00
2030-09-13 00:00:00;SO139807;C0029;AT002;1155;2030-11-08 00:00:00;2030-11-08 00:00:00;2030-09-21 00:00:00;2030-09-21 00:00:00
2030-09-13 00:00:00;SO790754;C0022;AS001;313;2030-10-25 00:00:00;2030-10-25 00:00:00;2030-09-17 00:00:00;2030-09-17 00:00:00
2030-09-13 00:00:00;SO790754;C0022;VS003;966;2030-10-25 00:00:00;2030-10-27 00:00:00;2030-09-17 00:00:00;2030-09-19 00:00:00
2030-09-13 00:00:00;SO790754;C0022;AS005;921;2030-10-25 00:00:00;2030-10-29 00:00:00;2030-09-17 00:00:00;2030-09-21 00:00:00
2030-09-13 00:00:00;SO139807;C0029;VS005;946;2030-11-08 00:00:00;2030-11-13 00:00:00;2030-09-21 00:00:00;2030-09-26 00:00:00
2030-09-13 00:00:00;SO878314;C0002;CT002;648;2030-10-18 00:00:00;2030-10-19 00:00:00;2030-09-15 00:00:00;2030-09-16 00:00:00
2030-09-16 00:00:00;SO301026;C0019;AL001;310;2030-11-18 00:00:00;2030-11-26 00:00:00;2030-09-20 00:00:00;2030-09-28 00:00:00
2030-09-16 00:00:00;SO673876;C0006;AL001;450;2030-11-18 00:00:00;2030-11-20 00:00:00;2030-09-18 00:00:00;2030-09-20 00:00:00
2030-09-16 00:00:00;SO802963;C0016;AT001;1028;2030-09-30 00:00:00;2030-10-09 00:00:00;2030-09-20 00:00:00;2030-09-29 00:00:00
2030-09-16 00:00:00;SO586455;C0008;AT002;577;2030-11-11 00:00:00;2030-11-16 00:00:00;2030-09-19 00:00:00;2030-09-24 00:00:00
2030-09-16 00:00:00;SO301026;C0019;VS003;861;2030-11-18 00:00:00;2030-11-22 00:00:00;2030-09-20 00:00:00;2030-09-24 00:00:00
2030-09-16 00:00:00;SO802963;C0016;VS002;419;2030-09-30 00:00:00;2030-10-05 00:00:00;2030-09-20 00:00:00;2030-09-25 00:00:00
2030-09-16 00:00:00;SO586455;C0008;AS001;987;2030-11-11 00:00:00;2030-11-12 00:00:00;2030-09-19 00:00:00;2030-09-20 00:00:00
2030-09-16 00:00:00;SO673876;C0006;CS004;732;2030-11-18 00:00:00;2030-11-28 00:00:00;2030-09-18 00:00:00;2030-09-28 00:00:00
2030-09-16 00:00:00;SO673876;C0006;CT002;1226;2030-11-18 00:00:00;2030-11-26 00:00:00;2030-09-18 00:00:00;2030-09-26 00:00:00
2030-09-16 00:00:00;SO301026;C0019;AT001;710;2030-11-18 00:00:00;2030-11-10 00:00:00;2030-09-20 00:00:00;2030-09-12 00:00:00
2030-09-16 00:00:00;SO301026;C0019;AS005;1030;2030-11-18 00:00:00;2030-11-27 00:00:00;2030-09-20 00:00:00;2030-09-29 00:00:00
2030-09-16 00:00:00;SO802963;C0016;AS002;777;2030-09-30 00:00:00;2030-09-23 00:00:00;2030-09-20 00:00:00;2030-09-13 00:00:00
2030-09-16 00:00:00;SO802963;C0016;CS003;523;2030-09-30 00:00:00;2030-09-29 00:00:00;2030-09-20 00:00:00;2030-09-19 00:00:00
2030-09-16 00:00:00;SO301026;C0019;CL002;454;2030-11-18 00:00:00;2030-11-24 00:00:00;2030-09-20 00:00:00;2030-09-26 00:00:00
2030-09-17 00:00:00;SO594758;C0012;AS004;472;2030-10-15 00:00:00;2030-10-09 00:00:00;2030-09-20 00:00:00;2030-09-14 00:00:00
2030-09-17 00:00:00;SO238543;C0023;AS001;685;2030-10-22 00:00:00;2030-10-20 00:00:00;2030-09-21 00:00:00;2030-09-19 00:00:00
2030-09-17 00:00:00;SO594758;C0012;VS003;795;2030-10-15 00:00:00;2030-10-07 00:00:00;2030-09-20 00:00:00;2030-09-12 00:00:00
2030-09-17 00:00:00;SO238543;C0023;CS002;1014;2030-10-22 00:00:00;2030-10-15 00:00:00;2030-09-21 00:00:00;2030-09-14 00:00:00
2030-09-17 00:00:00;SO594758;C0012;CL001;368;2030-10-15 00:00:00;2030-10-19 00:00:00;2030-09-20 00:00:00;2030-09-24 00:00:00
2030-09-17 00:00:00;SO238543;C0023;CS003;861;2030-10-22 00:00:00;2030-10-17 00:00:00;2030-09-21 00:00:00;2030-09-16 00:00:00
2030-09-17 00:00:00;SO594758;C0012;CT001;692;2030-10-15 00:00:00;2030-10-19 00:00:00;2030-09-20 00:00:00;2030-09-24 00:00:00
2030-09-17 00:00:00;SO594758;C0012;AS003;943;2030-10-15 00:00:00;2030-10-16 00:00:00;2030-09-20 00:00:00;2030-09-21 00:00:00
2030-09-17 00:00:00;SO238543;C0023;CL002;608;2030-10-22 00:00:00;2030-10-23 00:00:00;2030-09-21 00:00:00;2030-09-22 00:00:00
2030-09-17 00:00:00;SO238543;C0023;VS001;1317;2030-10-22 00:00:00;2030-11-01 00:00:00;2030-09-21 00:00:00;2030-10-01 00:00:00
2030-09-17 00:00:00;SO594758;C0012;CS004;1009;2030-10-15 00:00:00;2030-10-08 00:00:00;2030-09-20 00:00:00;2030-09-13 00:00:00
2030-09-17 00:00:00;SO594758;C0012;AS005;1130;2030-10-15 00:00:00;2030-10-21 00:00:00;2030-09-20 00:00:00;2030-09-26 00:00:00
2030-09-17 00:00:00;SO238543;C0023;VS003;888;2030-10-22 00:00:00;2030-10-23 00:00:00;2030-09-21 00:00:00;2030-09-22 00:00:00
2030-09-17 00:00:00;SO238543;C0023;CS001;1204;2030-10-22 00:00:00;2030-10-12 00:00:00;2030-09-21 00:00:00;2030-09-11 00:00:00
2030-09-17 00:00:00;SO238543;C0023;AT001;1085;2030-10-22 00:00:00;2030-10-31 00:00:00;2030-09-21 00:00:00;2030-09-30 00:00:00
2030-09-17 00:00:00;SO594758;C0012;CS003;780;2030-10-15 00:00:00;2030-10-17 00:00:00;2030-09-20 00:00:00;2030-09-22 00:00:00
2030-09-18 00:00:00;SO751795;C0021;VS002;1165;2030-10-02 00:00:00;2030-10-10 00:00:00;2030-09-22 00:00:00;2030-09-30 00:00:00
2030-09-18 00:00:00;SO410006;C0002;CT002;1430;2030-10-23 00:00:00;2030-10-25 00:00:00;2030-09-20 00:00:00;2030-09-22 00:00:00
2030-09-18 00:00:00;SO498219;C0029;AT001;982;2030-11-13 00:00:00;2030-11-23 00:00:00;2030-09-26 00:00:00;2030-10-06 00:00:00
2030-09-18 00:00:00;SO377089;C0023;AS005;1223;2030-10-23 00:00:00;2030-10-16 00:00:00;2030-09-22 00:00:00;2030-09-15 00:00:00
2030-09-18 00:00:00;SO751795;C0021;AS005;1058;2030-10-02 00:00:00;2030-09-29 00:00:00;2030-09-22 00:00:00;2030-09-19 00:00:00
2030-09-18 00:00:00;SO498219;C0029;AS004;939;2030-11-13 00:00:00;2030-11-06 00:00:00;2030-09-26 00:00:00;2030-09-19 00:00:00
2030-09-18 00:00:00;SO498219;C0029;VS005;1181;2030-11-13 00:00:00;2030-11-22 00:00:00;2030-09-26 00:00:00;2030-10-05 00:00:00
2030-09-18 00:00:00;SO410006;C0002;VS002;449;2030-10-23 00:00:00;2030-10-30 00:00:00;2030-09-20 00:00:00;2030-09-27 00:00:00
2030-09-18 00:00:00;SO498219;C0029;CS002;859;2030-11-13 00:00:00;2030-11-12 00:00:00;2030-09-26 00:00:00;2030-09-25 00:00:00
2030-09-18 00:00:00;SO410006;C0002;VS003;556;2030-10-23 00:00:00;2030-10-30 00:00:00;2030-09-20 00:00:00;2030-09-27 00:00:00
2030-09-18 00:00:00;SO751795;C0021;VS005;975;2030-10-02 00:00:00;2030-09-24 00:00:00;2030-09-22 00:00:00;2030-09-14 00:00:00
2030-09-18 00:00:00;SO410006;C0002;CL002;857;2030-10-23 00:00:00;2030-10-23 00:00:00;2030-09-20 00:00:00;2030-09-20 00:00:00
2030-09-18 00:00:00;SO410006;C0002;VS001;633;2030-10-23 00:00:00;2030-10-17 00:00:00;2030-09-20 00:00:00;2030-09-14 00:00:00
2030-09-18 00:00:00;SO498219;C0029;CS004;1440;2030-11-13 00:00:00;2030-11-15 00:00:00;2030-09-26 00:00:00;2030-09-28 00:00:00
2030-09-18 00:00:00;SO410006;C0002;VS004;917;2030-10-23 00:00:00;2030-10-17 00:00:00;2030-09-20 00:00:00;2030-09-14 00:00:00
2030-09-19 00:00:00;SO962735;C0009;VS005;1142;2030-10-03 00:00:00;2030-10-05 00:00:00;2030-09-22 00:00:00;2030-09-24 00:00:00
2030-09-19 00:00:00;SO714808;C0020;AT002;1135;2030-11-14 00:00:00;2030-11-08 00:00:00;2030-09-23 00:00:00;2030-09-17 00:00:00
2030-09-19 00:00:00;SO962735;C0009;AS002;1297;2030-10-03 00:00:00;2030-10-07 00:00:00;2030-09-22 00:00:00;2030-09-26 00:00:00
2030-09-19 00:00:00;SO962735;C0009;AS003;929;2030-10-03 00:00:00;2030-10-01 00:00:00;2030-09-22 00:00:00;2030-09-20 00:00:00
2030-09-19 00:00:00;SO714808;C0020;AS004;1319;2030-11-14 00:00:00;2030-11-20 00:00:00;2030-09-23 00:00:00;2030-09-29 00:00:00
2030-09-19 00:00:00;SO962735;C0009;CT001;792;2030-10-03 00:00:00;2030-10-13 00:00:00;2030-09-22 00:00:00;2030-10-02 00:00:00
2030-09-19 00:00:00;SO962735;C0009;CS002;1318;2030-10-03 00:00:00;2030-09-25 00:00:00;2030-09-22 00:00:00;2030-09-14 00:00:00
2030-09-19 00:00:00;SO714808;C0020;CS003;1009;2030-11-14 00:00:00;2030-11-16 00:00:00;2030-09-23 00:00:00;2030-09-25 00:00:00
2030-09-19 00:00:00;SO962735;C0009;CT002;852;2030-10-03 00:00:00;2030-10-10 00:00:00;2030-09-22 00:00:00;2030-09-29 00:00:00
2030-09-19 00:00:00;SO962735;C0009;CS004;1145;2030-10-03 00:00:00;2030-10-05 00:00:00;2030-09-22 00:00:00;2030-09-24 00:00:00
2030-09-19 00:00:00;SO714808;C0020;AS002;916;2030-11-14 00:00:00;2030-11-10 00:00:00;2030-09-23 00:00:00;2030-09-19 00:00:00
2030-09-19 00:00:00;SO962735;C0009;VS003;1289;2030-10-03 00:00:00;2030-10-13 00:00:00;2030-09-22 00:00:00;2030-10-02 00:00:00
2030-09-19 00:00:00;SO962735;C0009;AS004;1229;2030-10-03 00:00:00;2030-10-11 00:00:00;2030-09-22 00:00:00;2030-09-30 00:00:00
2030-09-20 00:00:00;SO989052;C0001;CS003;968;2030-10-18 00:00:00;2030-10-21 00:00:00;2030-09-22 00:00:00;2030-09-25 00:00:00
2030-09-20 00:00:00;SO574092;C0016;CT002;785;2030-10-04 00:00:00;2030-09-24 00:00:00;2030-09-24 00:00:00;2030-09-14 00:00:00
2030-09-20 00:00:00;SO291231;C0028;CS003;833;2030-10-04 00:00:00;2030-09-24 00:00:00;2030-09-28 00:00:00;2030-09-18 00:00:00
2030-09-20 00:00:00;SO731070;C0004;AT001;582;2030-10-04 00:00:00;2030-09-29 00:00:00;2030-09-22 00:00:00;2030-09-17 00:00:00
2030-09-20 00:00:00;SO731070;C0004;AS001;1236;2030-10-04 00:00:00;2030-10-02 00:00:00;2030-09-22 00:00:00;2030-09-20 00:00:00
2030-09-20 00:00:00;SO574092;C0016;VS003;1422;2030-10-04 00:00:00;2030-09-24 00:00:00;2030-09-24 00:00:00;2030-09-14 00:00:00
2030-09-20 00:00:00;SO291231;C0028;CS002;1301;2030-10-04 00:00:00;2030-10-07 00:00:00;2030-09-28 00:00:00;2030-10-01 00:00:00
2030-09-20 00:00:00;SO731070;C0004;CT001;1314;2030-10-04 00:00:00;2030-09-26 00:00:00;2030-09-22 00:00:00;2030-09-14 00:00:00
2030-09-20 00:00:00;SO989052;C0001;AS004;1041;2030-10-18 00:00:00;2030-10-11 00:00:00;2030-09-22 00:00:00;2030-09-15 00:00:00
2030-09-20 00:00:00;SO574092;C0016;CT001;728;2030-10-04 00:00:00;2030-10-13 00:00:00;2030-09-24 00:00:00;2030-10-03 00:00:00
2030-09-20 00:00:00;SO989052;C0001;CS004;1194;2030-10-18 00:00:00;2030-10-14 00:00:00;2030-09-22 00:00:00;2030-09-18 00:00:00
2030-09-20 00:00:00;SO989052;C0001;AT002;513;2030-10-18 00:00:00;2030-10-09 00:00:00;2030-09-22 00:00:00;2030-09-13 00:00:00
2030-09-20 00:00:00;SO291231;C0028;CL001;468;2030-10-04 00:00:00;2030-09-28 00:00:00;2030-09-28 00:00:00;2030-09-22 00:00:00
2030-09-20 00:00:00;SO989052;C0001;VS004;782;2030-10-18 00:00:00;2030-10-28 00:00:00;2030-09-22 00:00:00;2030-10-02 00:00:00
2030-09-20 00:00:00;SO574092;C0016;CS001;785;2030-10-04 00:00:00;2030-10-04 00:00:00;2030-09-24 00:00:00;2030-09-24 00:00:00
2030-09-23 00:00:00;SO706811;C0028;AS004;485;2030-10-07 00:00:00;2030-10-15 00:00:00;2030-10-01 00:00:00;2030-10-09 00:00:00
2030-09-23 00:00:00;SO937777;C0025;CT002;891;2030-10-21 00:00:00;2030-10-11 00:00:00;2030-10-01 00:00:00;2030-09-21 00:00:00
2030-09-23 00:00:00;SO464777;C0022;AS004;896;2030-11-04 00:00:00;2030-10-29 00:00:00;2030-09-27 00:00:00;2030-09-21 00:00:00
2030-09-23 00:00:00;SO706811;C0028;AS002;550;2030-10-07 00:00:00;2030-09-28 00:00:00;2030-10-01 00:00:00;2030-09-22 00:00:00
2030-09-23 00:00:00;SO937777;C0025;AS004;1274;2030-10-21 00:00:00;2030-10-22 00:00:00;2030-10-01 00:00:00;2030-10-02 00:00:00
2030-09-23 00:00:00;SO706811;C0028;CT002;729;2030-10-07 00:00:00;2030-09-27 00:00:00;2030-10-01 00:00:00;2030-09-21 00:00:00
2030-09-23 00:00:00;SO464777;C0022;CL002;721;2030-11-04 00:00:00;2030-11-03 00:00:00;2030-09-27 00:00:00;2030-09-26 00:00:00
2030-09-23 00:00:00;SO937777;C0025;AT002;929;2030-10-21 00:00:00;2030-10-29 00:00:00;2030-10-01 00:00:00;2030-10-09 00:00:00
2030-09-23 00:00:00;SO706811;C0028;CS001;597;2030-10-07 00:00:00;2030-10-06 00:00:00;2030-10-01 00:00:00;2030-09-30 00:00:00
2030-09-23 00:00:00;SO706811;C0028;AS003;1053;2030-10-07 00:00:00;2030-09-30 00:00:00;2030-10-01 00:00:00;2030-09-24 00:00:00
2030-09-23 00:00:00;SO937777;C0025;VS004;1337;2030-10-21 00:00:00;2030-10-23 00:00:00;2030-10-01 00:00:00;2030-10-03 00:00:00
2030-09-23 00:00:00;SO706811;C0028;CS003;820;2030-10-07 00:00:00;2030-10-07 00:00:00;2030-10-01 00:00:00;2030-10-01 00:00:00
2030-09-23 00:00:00;SO464777;C0022;CS004;636;2030-11-04 00:00:00;2030-10-28 00:00:00;2030-09-27 00:00:00;2030-09-20 00:00:00
2030-09-23 00:00:00;SO464777;C0022;AS003;903;2030-11-04 00:00:00;2030-11-08 00:00:00;2030-09-27 00:00:00;2030-10-01 00:00:00
2030-09-23 00:00:00;SO706811;C0028;AS001;1063;2030-10-07 00:00:00;2030-10-14 00:00:00;2030-10-01 00:00:00;2030-10-08 00:00:00
2030-09-23 00:00:00;SO464777;C0022;AT001;701;2030-11-04 00:00:00;2030-11-14 00:00:00;2030-09-27 00:00:00;2030-10-07 00:00:00
2030-09-24 00:00:00;SO560603;C0020;CL002;675;2030-11-19 00:00:00;2030-11-29 00:00:00;2030-09-28 00:00:00;2030-10-08 00:00:00
2030-09-24 00:00:00;SO885521;C0030;AL001;983;2030-11-26 00:00:00;2030-12-04 00:00:00;2030-10-02 00:00:00;2030-10-10 00:00:00
2030-09-24 00:00:00;SO885521;C0030;VS004;846;2030-11-26 00:00:00;2030-11-20 00:00:00;2030-10-02 00:00:00;2030-09-26 00:00:00
2030-09-24 00:00:00;SO885521;C0030;CT002;859;2030-11-26 00:00:00;2030-11-30 00:00:00;2030-10-02 00:00:00;2030-10-06 00:00:00
2030-09-24 00:00:00;SO885521;C0030;AS005;744;2030-11-26 00:00:00;2030-11-19 00:00:00;2030-10-02 00:00:00;2030-09-25 00:00:00
2030-09-24 00:00:00;SO885521;C0030;CS004;865;2030-11-26 00:00:00;2030-11-24 00:00:00;2030-10-02 00:00:00;2030-09-30 00:00:00
2030-09-24 00:00:00;SO885521;C0030;CT001;957;2030-11-26 00:00:00;2030-11-17 00:00:00;2030-10-02 00:00:00;2030-09-23 00:00:00
2030-09-24 00:00:00;SO560603;C0020;VS001;717;2030-11-19 00:00:00;2030-11-15 00:00:00;2030-09-28 00:00:00;2030-09-24 00:00:00
2030-09-24 00:00:00;SO560603;C0020;CL001;700;2030-11-19 00:00:00;2030-11-10 00:00:00;2030-09-28 00:00:00;2030-09-19 00:00:00
2030-09-24 00:00:00;SO885521;C0030;VS003;493;2030-11-26 00:00:00;2030-11-21 00:00:00;2030-10-02 00:00:00;2030-09-27 00:00:00
2030-09-24 00:00:00;SO885521;C0030;CS001;1268;2030-11-26 00:00:00;2030-11-18 00:00:00;2030-10-02 00:00:00;2030-09-24 00:00:00
2030-09-24 00:00:00;SO885521;C0030;CS002;1347;2030-11-26 00:00:00;2030-11-25 00:00:00;2030-10-02 00:00:00;2030-10-01 00:00:00
2030-09-24 00:00:00;SO885521;C0030;CT003;1082;2030-11-26 00:00:00;2030-11-23 00:00:00;2030-10-02 00:00:00;2030-09-29 00:00:00
2030-09-25 00:00:00;SO839672;C0013;CT002;1181;2030-10-23 00:00:00;2030-10-27 00:00:00;2030-09-29 00:00:00;2030-10-03 00:00:00
2030-09-25 00:00:00;SO535972;C0027;CS003;575;2030-11-06 00:00:00;2030-11-09 00:00:00;2030-10-03 00:00:00;2030-10-06 00:00:00
2030-09-25 00:00:00;SO759890;C0023;CS001;618;2030-10-30 00:00:00;2030-11-06 00:00:00;2030-09-29 00:00:00;2030-10-06 00:00:00
2030-09-25 00:00:00;SO759890;C0023;VS002;747;2030-10-30 00:00:00;2030-11-01 00:00:00;2030-09-29 00:00:00;2030-10-01 00:00:00
2030-09-25 00:00:00;SO535972;C0027;VS001;1090;2030-11-06 00:00:00;2030-10-27 00:00:00;2030-10-03 00:00:00;2030-09-23 00:00:00
2030-09-25 00:00:00;SO759890;C0023;CT003;1338;2030-10-30 00:00:00;2030-10-22 00:00:00;2030-09-29 00:00:00;2030-09-21 00:00:00
2030-09-25 00:00:00;SO839672;C0013;VS005;339;2030-10-23 00:00:00;2030-10-22 00:00:00;2030-09-29 00:00:00;2030-09-28 00:00:00
2030-09-25 00:00:00;SO839672;C0013;CS002;1174;2030-10-23 00:00:00;2030-10-24 00:00:00;2030-09-29 00:00:00;2030-09-30 00:00:00
2030-09-25 00:00:00;SO839672;C0013;CS004;312;2030-10-23 00:00:00;2030-10-26 00:00:00;2030-09-29 00:00:00;2030-10-02 00:00:00
2030-09-25 00:00:00;SO535972;C0027;CT002;980;2030-11-06 00:00:00;2030-11-13 00:00:00;2030-10-03 00:00:00;2030-10-10 00:00:00
2030-09-25 00:00:00;SO535972;C0027;VS002;435;2030-11-06 00:00:00;2030-11-10 00:00:00;2030-10-03 00:00:00;2030-10-07 00:00:00
2030-09-25 00:00:00;SO535972;C0027;AS004;1428;2030-11-06 00:00:00;2030-10-31 00:00:00;2030-10-03 00:00:00;2030-09-27 00:00:00
2030-09-25 00:00:00;SO535972;C0027;CS002;629;2030-11-06 00:00:00;2030-11-13 00:00:00;2030-10-03 00:00:00;2030-10-10 00:00:00
2030-09-25 00:00:00;SO535972;C0027;AS005;1116;2030-11-06 00:00:00;2030-11-03 00:00:00;2030-10-03 00:00:00;2030-09-30 00:00:00
2030-09-25 00:00:00;SO759890;C0023;VS003;923;2030-10-30 00:00:00;2030-11-01 00:00:00;2030-09-29 00:00:00;2030-10-01 00:00:00
2030-09-25 00:00:00;SO839672;C0013;VS004;993;2030-10-23 00:00:00;2030-10-30 00:00:00;2030-09-29 00:00:00;2030-10-06 00:00:00
2030-09-25 00:00:00;SO759890;C0023;CS003;1182;2030-10-30 00:00:00;2030-10-26 00:00:00;2030-09-29 00:00:00;2030-09-25 00:00:00
2030-09-25 00:00:00;SO839672;C0013;AS005;1156;2030-10-23 00:00:00;2030-10-28 00:00:00;2030-09-29 00:00:00;2030-10-04 00:00:00
2030-09-25 00:00:00;SO839672;C0013;CL002;564;2030-10-23 00:00:00;2030-10-24 00:00:00;2030-09-29 00:00:00;2030-09-30 00:00:00
2030-09-26 00:00:00;SO332654;C0014;VS004;1127;2030-10-31 00:00:00;2030-11-01 00:00:00;2030-09-30 00:00:00;2030-10-01 00:00:00
2030-09-26 00:00:00;SO405891;C0012;AT002;1314;2030-10-24 00:00:00;2030-10-26 00:00:00;2030-09-29 00:00:00;2030-10-01 00:00:00
2030-09-26 00:00:00;SO405891;C0012;CT003;991;2030-10-24 00:00:00;2030-10-19 00:00:00;2030-09-29 00:00:00;2030-09-24 00:00:00
2030-09-26 00:00:00;SO332654;C0014;CT001;695;2030-10-31 00:00:00;2030-10-29 00:00:00;2030-09-30 00:00:00;2030-09-28 00:00:00
2030-09-26 00:00:00;SO405891;C0012;CL001;604;2030-10-24 00:00:00;2030-11-01 00:00:00;2030-09-29 00:00:00;2030-10-07 00:00:00
2030-09-26 00:00:00;SO405891;C0012;VS001;1240;2030-10-24 00:00:00;2030-10-29 00:00:00;2030-09-29 00:00:00;2030-10-04 00:00:00
2030-09-26 00:00:00;SO405891;C0012;VS002;1112;2030-10-24 00:00:00;2030-10-24 00:00:00;2030-09-29 00:00:00;2030-09-29 00:00:00
2030-09-26 00:00:00;SO405891;C0012;AS004;1128;2030-10-24 00:00:00;2030-11-03 00:00:00;2030-09-29 00:00:00;2030-10-09 00:00:00
2030-09-26 00:00:00;SO332654;C0014;CS003;1584;2030-10-31 00:00:00;2030-10-28 00:00:00;2030-09-30 00:00:00;2030-09-27 00:00:00
2030-09-26 00:00:00;SO405891;C0012;AS003;1126;2030-10-24 00:00:00;2030-10-22 00:00:00;2030-09-29 00:00:00;2030-09-27 00:00:00
2030-09-26 00:00:00;SO405891;C0012;AT001;1013;2030-10-24 00:00:00;2030-10-15 00:00:00;2030-09-29 00:00:00;2030-09-20 00:00:00
2030-09-26 00:00:00;SO332654;C0014;CT003;971;2030-10-31 00:00:00;2030-10-26 00:00:00;2030-09-30 00:00:00;2030-09-25 00:00:00
2030-09-27 00:00:00;SO286981;C0027;AS002;966;2030-11-08 00:00:00;2030-10-31 00:00:00;2030-10-05 00:00:00;2030-09-27 00:00:00
2030-09-27 00:00:00;SO266665;C0011;AS004;500;2030-11-01 00:00:00;2030-11-06 00:00:00;2030-09-30 00:00:00;2030-10-05 00:00:00
2030-09-27 00:00:00;SO672567;C0006;CS004;563;2030-11-29 00:00:00;2030-11-24 00:00:00;2030-09-29 00:00:00;2030-09-24 00:00:00
2030-09-27 00:00:00;SO286981;C0027;CT003;1131;2030-11-08 00:00:00;2030-11-10 00:00:00;2030-10-05 00:00:00;2030-10-07 00:00:00
2030-09-27 00:00:00;SO672567;C0006;VS001;1380;2030-11-29 00:00:00;2030-12-02 00:00:00;2030-09-29 00:00:00;2030-10-02 00:00:00
2030-09-27 00:00:00;SO672567;C0006;AS004;533;2030-11-29 00:00:00;2030-12-08 00:00:00;2030-09-29 00:00:00;2030-10-08 00:00:00
2030-09-27 00:00:00;SO672567;C0006;AS002;583;2030-11-29 00:00:00;2030-11-25 00:00:00;2030-09-29 00:00:00;2030-09-25 00:00:00
2030-09-27 00:00:00;SO672567;C0006;VS004;502;2030-11-29 00:00:00;2030-11-20 00:00:00;2030-09-29 00:00:00;2030-09-20 00:00:00
2030-09-27 00:00:00;SO672567;C0006;AT001;1097;2030-11-29 00:00:00;2030-11-28 00:00:00;2030-09-29 00:00:00;2030-09-28 00:00:00
2030-09-27 00:00:00;SO286981;C0027;VS003;1440;2030-11-08 00:00:00;2030-11-08 00:00:00;2030-10-05 00:00:00;2030-10-05 00:00:00
2030-09-27 00:00:00;SO672567;C0006;CS002;1495;2030-11-29 00:00:00;2030-11-22 00:00:00;2030-09-29 00:00:00;2030-09-22 00:00:00
2030-09-27 00:00:00;SO266665;C0011;AS005;836;2030-11-01 00:00:00;2030-10-25 00:00:00;2030-09-30 00:00:00;2030-09-23 00:00:00
2030-09-27 00:00:00;SO266665;C0011;AL002;340;2030-11-01 00:00:00;2030-11-09 00:00:00;2030-09-30 00:00:00;2030-10-08 00:00:00
2030-09-27 00:00:00;SO286981;C0027;CS002;463;2030-11-08 00:00:00;2030-11-08 00:00:00;2030-10-05 00:00:00;2030-10-05 00:00:00
2030-09-27 00:00:00;SO672567;C0006;CL001;1477;2030-11-29 00:00:00;2030-11-26 00:00:00;2030-09-29 00:00:00;2030-09-26 00:00:00
2030-09-27 00:00:00;SO286981;C0027;CT002;435;2030-11-08 00:00:00;2030-10-29 00:00:00;2030-10-05 00:00:00;2030-09-25 00:00:00
2030-09-27 00:00:00;SO286981;C0027;AS003;1091;2030-11-08 00:00:00;2030-11-04 00:00:00;2030-10-05 00:00:00;2030-10-01 00:00:00
2030-09-27 00:00:00;SO286981;C0027;AS001;1568;2030-11-08 00:00:00;2030-11-14 00:00:00;2030-10-05 00:00:00;2030-10-11 00:00:00
2030-09-27 00:00:00;SO672567;C0006;CS003;809;2030-11-29 00:00:00;2030-12-08 00:00:00;2030-09-29 00:00:00;2030-10-08 00:00:00
2030-09-30 00:00:00;SO193973;C0017;AS002;894;2030-11-25 00:00:00;2030-11-20 00:00:00;2030-10-04 00:00:00;2030-09-29 00:00:00
2030-09-30 00:00:00;SO241086;C0012;CL001;883;2030-10-28 00:00:00;2030-11-03 00:00:00;2030-10-03 00:00:00;2030-10-09 00:00:00
2030-09-30 00:00:00;SO157582;C0006;CT003;1312;2030-12-02 00:00:00;2030-12-08 00:00:00;2030-10-02 00:00:00;2030-10-08 00:00:00
2030-09-30 00:00:00;SO157582;C0006;CL001;714;2030-12-02 00:00:00;2030-12-05 00:00:00;2030-10-02 00:00:00;2030-10-05 00:00:00
2030-09-30 00:00:00;SO241086;C0012;CT001;413;2030-10-28 00:00:00;2030-10-21 00:00:00;2030-10-03 00:00:00;2030-09-26 00:00:00
2030-09-30 00:00:00;SO241086;C0012;AS003;500;2030-10-28 00:00:00;2030-10-31 00:00:00;2030-10-03 00:00:00;2030-10-06 00:00:00
2030-09-30 00:00:00;SO193973;C0017;AS001;710;2030-11-25 00:00:00;2030-11-28 00:00:00;2030-10-04 00:00:00;2030-10-07 00:00:00
2030-09-30 00:00:00;SO241086;C0012;VS002;1160;2030-10-28 00:00:00;2030-11-03 00:00:00;2030-10-03 00:00:00;2030-10-09 00:00:00
2030-09-30 00:00:00;SO241086;C0012;VS005;437;2030-10-28 00:00:00;2030-10-31 00:00:00;2030-10-03 00:00:00;2030-10-06 00:00:00
2030-09-30 00:00:00;SO157582;C0006;AS005;780;2030-12-02 00:00:00;2030-11-30 00:00:00;2030-10-02 00:00:00;2030-09-30 00:00:00
2030-09-30 00:00:00;SO241086;C0012;AT002;781;2030-10-28 00:00:00;2030-10-20 00:00:00;2030-10-03 00:00:00;2030-09-25 00:00:00
2030-09-30 00:00:00;SO193973;C0017;VS004;1203;2030-11-25 00:00:00;2030-11-19 00:00:00;2030-10-04 00:00:00;2030-09-28 00:00:00
2030-09-30 00:00:00;SO157582;C0006;AT002;1499;2030-12-02 00:00:00;2030-12-11 00:00:00;2030-10-02 00:00:00;2030-10-11 00:00:00
2030-10-01 00:00:00;SO306114;C0015;AT001;648;2030-11-12 00:00:00;2030-11-06 00:00:00;2030-10-05 00:00:00;2030-09-29 00:00:00
2030-10-01 00:00:00;SO753071;C0007;CT001;555;2030-12-03 00:00:00;2030-11-26 00:00:00;2030-10-04 00:00:00;2030-09-27 00:00:00
2030-10-01 00:00:00;SO306114;C0015;CS002;758;2030-11-12 00:00:00;2030-11-19 00:00:00;2030-10-05 00:00:00;2030-10-12 00:00:00
2030-10-01 00:00:00;SO753071;C0007;CL001;375;2030-12-03 00:00:00;2030-12-13 00:00:00;2030-10-04 00:00:00;2030-10-14 00:00:00
2030-10-01 00:00:00;SO306114;C0015;AS001;1225;2030-11-12 00:00:00;2030-11-05 00:00:00;2030-10-05 00:00:00;2030-09-28 00:00:00
2030-10-01 00:00:00;SO753071;C0007;CS004;1208;2030-12-03 00:00:00;2030-12-02 00:00:00;2030-10-04 00:00:00;2030-10-03 00:00:00
2030-10-01 00:00:00;SO753071;C0007;CT002;1178;2030-12-03 00:00:00;2030-12-12 00:00:00;2030-10-04 00:00:00;2030-10-13 00:00:00
2030-10-01 00:00:00;SO306114;C0015;CS004;1083;2030-11-12 00:00:00;2030-11-09 00:00:00;2030-10-05 00:00:00;2030-10-02 00:00:00
2030-10-01 00:00:00;SO753071;C0007;AT002;1032;2030-12-03 00:00:00;2030-12-05 00:00:00;2030-10-04 00:00:00;2030-10-06 00:00:00
2030-10-01 00:00:00;SO753071;C0007;AS001;873;2030-12-03 00:00:00;2030-11-26 00:00:00;2030-10-04 00:00:00;2030-09-27 00:00:00
2030-10-01 00:00:00;SO306114;C0015;CT003;1020;2030-11-12 00:00:00;2030-11-02 00:00:00;2030-10-05 00:00:00;2030-09-25 00:00:00
2030-10-01 00:00:00;SO753071;C0007;CS002;1085;2030-12-03 00:00:00;2030-11-27 00:00:00;2030-10-04 00:00:00;2030-09-28 00:00:00
2030-10-01 00:00:00;SO753071;C0007;VS002;751;2030-12-03 00:00:00;2030-12-09 00:00:00;2030-10-04 00:00:00;2030-10-10 00:00:00
2030-10-01 00:00:00;SO306114;C0015;CL002;478;2030-11-12 00:00:00;2030-11-04 00:00:00;2030-10-05 00:00:00;2030-09-27 00:00:00
2030-10-01 00:00:00;SO306114;C0015;CL001;913;2030-11-12 00:00:00;2030-11-16 00:00:00;2030-10-05 00:00:00;2030-10-09 00:00:00
2030-10-01 00:00:00;SO306114;C0015;VS001;699;2030-11-12 00:00:00;2030-11-05 00:00:00;2030-10-05 00:00:00;2030-09-28 00:00:00
2030-10-01 00:00:00;SO306114;C0015;AS004;857;2030-11-12 00:00:00;2030-11-13 00:00:00;2030-10-05 00:00:00;2030-10-06 00:00:00
2030-10-02 00:00:00;SO547984;C0025;CL001;1152;2030-10-30 00:00:00;2030-10-26 00:00:00;2030-10-10 00:00:00;2030-10-06 00:00:00
2030-10-02 00:00:00;SO503683;C0008;AS001;711;2030-11-27 00:00:00;2030-11-22 00:00:00;2030-10-05 00:00:00;2030-09-30 00:00:00
2030-10-02 00:00:00;SO547984;C0025;CS002;332;2030-10-30 00:00:00;2030-11-05 00:00:00;2030-10-10 00:00:00;2030-10-16 00:00:00
2030-10-02 00:00:00;SO547984;C0025;VS001;583;2030-10-30 00:00:00;2030-10-20 00:00:00;2030-10-10 00:00:00;2030-09-30 00:00:00
2030-10-02 00:00:00;SO547984;C0025;CS004;1236;2030-10-30 00:00:00;2030-10-26 00:00:00;2030-10-10 00:00:00;2030-10-06 00:00:00
2030-10-02 00:00:00;SO503683;C0008;CL001;467;2030-11-27 00:00:00;2030-12-04 00:00:00;2030-10-05 00:00:00;2030-10-12 00:00:00
2030-10-02 00:00:00;SO503683;C0008;AT002;542;2030-11-27 00:00:00;2030-12-06 00:00:00;2030-10-05 00:00:00;2030-10-14 00:00:00
2030-10-02 00:00:00;SO547984;C0025;AT002;946;2030-10-30 00:00:00;2030-10-24 00:00:00;2030-10-10 00:00:00;2030-10-04 00:00:00
2030-10-02 00:00:00;SO547984;C0025;CT002;1459;2030-10-30 00:00:00;2030-10-21 00:00:00;2030-10-10 00:00:00;2030-10-01 00:00:00
2030-10-02 00:00:00;SO503683;C0008;CT001;560;2030-11-27 00:00:00;2030-11-18 00:00:00;2030-10-05 00:00:00;2030-09-26 00:00:00
2030-10-02 00:00:00;SO547984;C0025;AT001;931;2030-10-30 00:00:00;2030-11-04 00:00:00;2030-10-10 00:00:00;2030-10-15 00:00:00
2030-10-02 00:00:00;SO547984;C0025;AS001;944;2030-10-30 00:00:00;2030-10-20 00:00:00;2030-10-10 00:00:00;2030-09-30 00:00:00
2030-10-02 00:00:00;SO503683;C0008;AS004;822;2030-11-27 00:00:00;2030-11-21 00:00:00;2030-10-05 00:00:00;2030-09-29 00:00:00
2030-10-02 00:00:00;SO503683;C0008;CS004;596;2030-11-27 00:00:00;2030-11-27 00:00:00;2030-10-05 00:00:00;2030-10-05 00:00:00
2030-10-03 00:00:00;SO876084;C0029;CS004;419;2030-11-28 00:00:00;2030-11-30 00:00:00;2030-10-11 00:00:00;2030-10-13 00:00:00
2030-10-03 00:00:00;SO347956;C0020;AT001;969;2030-11-28 00:00:00;2030-11-22 00:00:00;2030-10-07 00:00:00;2030-10-01 00:00:00
2030-10-03 00:00:00;SO876084;C0029;VS001;918;2030-11-28 00:00:00;2030-12-01 00:00:00;2030-10-11 00:00:00;2030-10-14 00:00:00
2030-10-03 00:00:00;SO876084;C0029;CL002;637;2030-11-28 00:00:00;2030-12-04 00:00:00;2030-10-11 00:00:00;2030-10-17 00:00:00
2030-10-03 00:00:00;SO876084;C0029;AS004;1234;2030-11-28 00:00:00;2030-11-23 00:00:00;2030-10-11 00:00:00;2030-10-06 00:00:00
2030-10-03 00:00:00;SO876084;C0029;CT002;1131;2030-11-28 00:00:00;2030-12-03 00:00:00;2030-10-11 00:00:00;2030-10-16 00:00:00
2030-10-03 00:00:00;SO876084;C0029;CS002;815;2030-11-28 00:00:00;2030-11-25 00:00:00;2030-10-11 00:00:00;2030-10-08 00:00:00
2030-10-03 00:00:00;SO347956;C0020;CL002;991;2030-11-28 00:00:00;2030-12-03 00:00:00;2030-10-07 00:00:00;2030-10-12 00:00:00
2030-10-03 00:00:00;SO347956;C0020;CT001;568;2030-11-28 00:00:00;2030-12-01 00:00:00;2030-10-07 00:00:00;2030-10-10 00:00:00
2030-10-03 00:00:00;SO876084;C0029;CT001;1050;2030-11-28 00:00:00;2030-11-26 00:00:00;2030-10-11 00:00:00;2030-10-09 00:00:00
2030-10-03 00:00:00;SO876084;C0029;VS002;682;2030-11-28 00:00:00;2030-11-29 00:00:00;2030-10-11 00:00:00;2030-10-12 00:00:00
2030-10-03 00:00:00;SO876084;C0029;AT002;927;2030-11-28 00:00:00;2030-11-22 00:00:00;2030-10-11 00:00:00;2030-10-05 00:00:00
2030-10-03 00:00:00;SO876084;C0029;AS001;1263;2030-11-28 00:00:00;2030-11-20 00:00:00;2030-10-11 00:00:00;2030-10-03 00:00:00
2030-10-03 00:00:00;SO347956;C0020;AS004;534;2030-11-28 00:00:00;2030-11-22 00:00:00;2030-10-07 00:00:00;2030-10-01 00:00:00
2030-10-03 00:00:00;SO876084;C0029;AT001;596;2030-11-28 00:00:00;2030-12-01 00:00:00;2030-10-11 00:00:00;2030-10-14 00:00:00
2030-10-03 00:00:00;SO347956;C0020;CT003;1124;2030-11-28 00:00:00;2030-11-28 00:00:00;2030-10-07 00:00:00;2030-10-07 00:00:00
2030-10-03 00:00:00;SO347956;C0020;CS002;417;2030-11-28 00:00:00;2030-11-30 00:00:00;2030-10-07 00:00:00;2030-10-09 00:00:00
2030-10-03 00:00:00;SO876084;C0029;CT003;1219;2030-11-28 00:00:00;2030-11-26 00:00:00;2030-10-11 00:00:00;2030-10-09 00:00:00
2030-10-03 00:00:00;SO876084;C0029;CL001;947;2030-11-28 00:00:00;2030-11-24 00:00:00;2030-10-11 00:00:00;2030-10-07 00:00:00
2030-10-04 00:00:00;SO322268;C0025;VS001;645;2030-11-01 00:00:00;2030-10-26 00:00:00;2030-10-12 00:00:00;2030-10-06 00:00:00
2030-10-04 00:00:00;SO543178;C0012;AT001;478;2030-11-01 00:00:00;2030-11-07 00:00:00;2030-10-07 00:00:00;2030-10-13 00:00:00
2030-10-04 00:00:00;SO322268;C0025;CL002;1124;2030-11-01 00:00:00;2030-11-11 00:00:00;2030-10-12 00:00:00;2030-10-22 00:00:00
2030-10-04 00:00:00;SO543178;C0012;AT002;885;2030-11-01 00:00:00;2030-10-29 00:00:00;2030-10-07 00:00:00;2030-10-04 00:00:00
2030-10-04 00:00:00;SO543178;C0012;AS004;741;2030-11-01 00:00:00;2030-11-04 00:00:00;2030-10-07 00:00:00;2030-10-10 00:00:00
2030-10-04 00:00:00;SO543178;C0012;CL001;1380;2030-11-01 00:00:00;2030-11-11 00:00:00;2030-10-07 00:00:00;2030-10-17 00:00:00
2030-10-04 00:00:00;SO543178;C0012;CL002;1127;2030-11-01 00:00:00;2030-11-02 00:00:00;2030-10-07 00:00:00;2030-10-08 00:00:00
2030-10-04 00:00:00;SO543178;C0012;CS002;938;2030-11-01 00:00:00;2030-10-22 00:00:00;2030-10-07 00:00:00;2030-09-27 00:00:00
2030-10-04 00:00:00;SO543178;C0012;VS002;1131;2030-11-01 00:00:00;2030-11-11 00:00:00;2030-10-07 00:00:00;2030-10-17 00:00:00
2030-10-04 00:00:00;SO322268;C0025;CS002;1293;2030-11-01 00:00:00;2030-10-28 00:00:00;2030-10-12 00:00:00;2030-10-08 00:00:00
2030-10-04 00:00:00;SO322268;C0025;VS002;874;2030-11-01 00:00:00;2030-10-29 00:00:00;2030-10-12 00:00:00;2030-10-09 00:00:00
2030-10-04 00:00:00;SO543178;C0012;CT002;1484;2030-11-01 00:00:00;2030-11-06 00:00:00;2030-10-07 00:00:00;2030-10-12 00:00:00
2030-10-04 00:00:00;SO322268;C0025;CT002;310;2030-11-01 00:00:00;2030-10-22 00:00:00;2030-10-12 00:00:00;2030-10-02 00:00:00
2030-10-04 00:00:00;SO543178;C0012;CT001;774;2030-11-01 00:00:00;2030-11-03 00:00:00;2030-10-07 00:00:00;2030-10-09 00:00:00
2030-10-04 00:00:00;SO322268;C0025;AS001;1439;2030-11-01 00:00:00;2030-11-08 00:00:00;2030-10-12 00:00:00;2030-10-19 00:00:00
2030-10-04 00:00:00;SO543178;C0012;AS001;413;2030-11-01 00:00:00;2030-11-10 00:00:00;2030-10-07 00:00:00;2030-10-16 00:00:00
2030-10-04 00:00:00;SO543178;C0012;CS004;1043;2030-11-01 00:00:00;2030-10-27 00:00:00;2030-10-07 00:00:00;2030-10-02 00:00:00
2030-10-07 00:00:00;SO766841;C0022;VS002;533;2030-11-18 00:00:00;2030-11-22 00:00:00;2030-10-11 00:00:00;2030-10-15 00:00:00
2030-10-07 00:00:00;SO905331;C0026;VS001;793;2030-11-11 00:00:00;2030-11-05 00:00:00;2030-10-15 00:00:00;2030-10-09 00:00:00
2030-10-07 00:00:00;SO901418;C0016;CT001;681;2030-10-21 00:00:00;2030-10-21 00:00:00;2030-10-11 00:00:00;2030-10-11 00:00:00
2030-10-07 00:00:00;SO766841;C0022;CS004;599;2030-11-18 00:00:00;2030-11-24 00:00:00;2030-10-11 00:00:00;2030-10-17 00:00:00
2030-10-07 00:00:00;SO905331;C0026;CT001;784;2030-11-11 00:00:00;2030-11-06 00:00:00;2030-10-15 00:00:00;2030-10-10 00:00:00
2030-10-07 00:00:00;SO901418;C0016;AS004;497;2030-10-21 00:00:00;2030-10-11 00:00:00;2030-10-11 00:00:00;2030-10-01 00:00:00
2030-10-07 00:00:00;SO766841;C0022;CL002;962;2030-11-18 00:00:00;2030-11-15 00:00:00;2030-10-11 00:00:00;2030-10-08 00:00:00
2030-10-07 00:00:00;SO905331;C0026;AS001;428;2030-11-11 00:00:00;2030-11-21 00:00:00;2030-10-15 00:00:00;2030-10-25 00:00:00
2030-10-07 00:00:00;SO766841;C0022;CT001;858;2030-11-18 00:00:00;2030-11-18 00:00:00;2030-10-11 00:00:00;2030-10-11 00:00:00
2030-10-07 00:00:00;SO901418;C0016;CL002;345;2030-10-21 00:00:00;2030-10-26 00:00:00;2030-10-11 00:00:00;2030-10-16 00:00:00
2030-10-07 00:00:00;SO901418;C0016;CS004;697;2030-10-21 00:00:00;2030-10-20 00:00:00;2030-10-11 00:00:00;2030-10-10 00:00:00
2030-10-07 00:00:00;SO766841;C0022;AT001;1252;2030-11-18 00:00:00;2030-11-25 00:00:00;2030-10-11 00:00:00;2030-10-18 00:00:00
2030-10-07 00:00:00;SO901418;C0016;VS001;634;2030-10-21 00:00:00;2030-10-12 00:00:00;2030-10-11 00:00:00;2030-10-02 00:00:00
2030-10-07 00:00:00;SO905331;C0026;AT001;678;2030-11-11 00:00:00;2030-11-02 00:00:00;2030-10-15 00:00:00;2030-10-06 00:00:00
2030-10-07 00:00:00;SO901418;C0016;CT003;673;2030-10-21 00:00:00;2030-10-15 00:00:00;2030-10-11 00:00:00;2030-10-05 00:00:00
2030-10-07 00:00:00;SO901418;C0016;VS002;832;2030-10-21 00:00:00;2030-10-29 00:00:00;2030-10-11 00:00:00;2030-10-19 00:00:00
2030-10-07 00:00:00;SO905331;C0026;VS002;1246;2030-11-11 00:00:00;2030-11-20 00:00:00;2030-10-15 00:00:00;2030-10-24 00:00:00
2030-10-07 00:00:00;SO901418;C0016;AT001;932;2030-10-21 00:00:00;2030-10-20 00:00:00;2030-10-11 00:00:00;2030-10-10 00:00:00
2030-10-07 00:00:00;SO901418;C0016;CL001;680;2030-10-21 00:00:00;2030-10-21 00:00:00;2030-10-11 00:00:00;2030-10-11 00:00:00
2030-10-08 00:00:00;SO933954;C0030;CL001;1002;2030-12-10 00:00:00;2030-12-17 00:00:00;2030-10-16 00:00:00;2030-10-23 00:00:00
2030-10-08 00:00:00;SO451845;C0017;CT002;818;2030-12-03 00:00:00;2030-12-06 00:00:00;2030-10-12 00:00:00;2030-10-15 00:00:00
2030-10-08 00:00:00;SO241924;C0025;AT001;880;2030-11-05 00:00:00;2030-11-02 00:00:00;2030-10-16 00:00:00;2030-10-13 00:00:00
2030-10-08 00:00:00;SO241924;C0025;CS004;965;2030-11-05 00:00:00;2030-11-04 00:00:00;2030-10-16 00:00:00;2030-10-15 00:00:00
2030-10-08 00:00:00;SO451845;C0017;CS004;1119;2030-12-03 00:00:00;2030-12-03 00:00:00;2030-10-12 00:00:00;2030-10-12 00:00:00
2030-10-08 00:00:00;SO241924;C0025;CT001;1241;2030-11-05 00:00:00;2030-11-05 00:00:00;2030-10-16 00:00:00;2030-10-16 00:00:00
2030-10-08 00:00:00;SO241924;C0025;AS001;810;2030-11-05 00:00:00;2030-11-10 00:00:00;2030-10-16 00:00:00;2030-10-21 00:00:00
2030-10-08 00:00:00;SO451845;C0017;CT001;973;2030-12-03 00:00:00;2030-12-01 00:00:00;2030-10-12 00:00:00;2030-10-10 00:00:00
2030-10-08 00:00:00;SO933954;C0030;CT001;1025;2030-12-10 00:00:00;2030-12-17 00:00:00;2030-10-16 00:00:00;2030-10-23 00:00:00
2030-10-08 00:00:00;SO451845;C0017;CL001;1030;2030-12-03 00:00:00;2030-12-11 00:00:00;2030-10-12 00:00:00;2030-10-20 00:00:00
2030-10-08 00:00:00;SO451845;C0017;AS004;682;2030-12-03 00:00:00;2030-12-02 00:00:00;2030-10-12 00:00:00;2030-10-11 00:00:00
2030-10-08 00:00:00;SO933954;C0030;VS002;1332;2030-12-10 00:00:00;2030-12-07 00:00:00;2030-10-16 00:00:00;2030-10-13 00:00:00
2030-10-08 00:00:00;SO933954;C0030;CT002;954;2030-12-10 00:00:00;2030-12-04 00:00:00;2030-10-16 00:00:00;2030-10-10 00:00:00
2030-10-08 00:00:00;SO933954;C0030;AS004;769;2030-12-10 00:00:00;2030-12-09 00:00:00;2030-10-16 00:00:00;2030-10-15 00:00:00
2030-10-08 00:00:00;SO241924;C0025;CL002;1317;2030-11-05 00:00:00;2030-11-09 00:00:00;2030-10-16 00:00:00;2030-10-20 00:00:00
2030-10-08 00:00:00;SO241924;C0025;CT002;485;2030-11-05 00:00:00;2030-11-01 00:00:00;2030-10-16 00:00:00;2030-10-12 00:00:00
2030-10-08 00:00:00;SO241924;C0025;CS002;884;2030-11-05 00:00:00;2030-11-03 00:00:00;2030-10-16 00:00:00;2030-10-14 00:00:00
2030-10-08 00:00:00;SO451845;C0017;CT003;1104;2030-12-03 00:00:00;2030-12-11 00:00:00;2030-10-12 00:00:00;2030-10-20 00:00:00
2030-10-09 00:00:00;SO779840;C0018;AS004;726;2030-12-11 00:00:00;2030-12-19 00:00:00;2030-10-13 00:00:00;2030-10-21 00:00:00
2030-10-09 00:00:00;SO791124;C0003;CS004;707;2030-11-20 00:00:00;2030-11-13 00:00:00;2030-10-11 00:00:00;2030-10-04 00:00:00
2030-10-09 00:00:00;SO779840;C0018;CL001;1183;2030-12-11 00:00:00;2030-12-20 00:00:00;2030-10-13 00:00:00;2030-10-22 00:00:00
2030-10-09 00:00:00;SO791124;C0003;CL002;998;2030-11-20 00:00:00;2030-11-25 00:00:00;2030-10-11 00:00:00;2030-10-16 00:00:00
2030-10-09 00:00:00;SO791124;C0003;CT003;1006;2030-11-20 00:00:00;2030-11-29 00:00:00;2030-10-11 00:00:00;2030-10-20 00:00:00
2030-10-09 00:00:00;SO791124;C0003;AT001;691;2030-11-20 00:00:00;2030-11-10 00:00:00;2030-10-11 00:00:00;2030-10-01 00:00:00
2030-10-09 00:00:00;SO779840;C0018;VS002;1047;2030-12-11 00:00:00;2030-12-13 00:00:00;2030-10-13 00:00:00;2030-10-15 00:00:00
2030-10-09 00:00:00;SO779840;C0018;CS002;1306;2030-12-11 00:00:00;2030-12-16 00:00:00;2030-10-13 00:00:00;2030-10-18 00:00:00
2030-10-09 00:00:00;SO779840;C0018;AS001;792;2030-12-11 00:00:00;2030-12-15 00:00:00;2030-10-13 00:00:00;2030-10-17 00:00:00
2030-10-09 00:00:00;SO779840;C0018;AT001;511;2030-12-11 00:00:00;2030-12-08 00:00:00;2030-10-13 00:00:00;2030-10-10 00:00:00
2030-10-09 00:00:00;SO791124;C0003;AT002;1053;2030-11-20 00:00:00;2030-11-13 00:00:00;2030-10-11 00:00:00;2030-10-04 00:00:00
2030-10-09 00:00:00;SO779840;C0018;AT002;388;2030-12-11 00:00:00;2030-12-02 00:00:00;2030-10-13 00:00:00;2030-10-04 00:00:00
2030-10-09 00:00:00;SO779840;C0018;VS001;1034;2030-12-11 00:00:00;2030-12-04 00:00:00;2030-10-13 00:00:00;2030-10-06 00:00:00
2030-10-09 00:00:00;SO791124;C0003;CL001;960;2030-11-20 00:00:00;2030-11-13 00:00:00;2030-10-11 00:00:00;2030-10-04 00:00:00
2030-10-09 00:00:00;SO791124;C0003;VS001;883;2030-11-20 00:00:00;2030-11-10 00:00:00;2030-10-11 00:00:00;2030-10-01 00:00:00
2030-10-09 00:00:00;SO791124;C0003;CT001;840;2030-11-20 00:00:00;2030-11-18 00:00:00;2030-10-11 00:00:00;2030-10-09 00:00:00
2030-10-10 00:00:00;SO149657;C0030;CL002;1157;2030-12-12 00:00:00;2030-12-20 00:00:00;2030-10-18 00:00:00;2030-10-26 00:00:00
2030-10-10 00:00:00;SO931847;C0015;CL002;1201;2030-11-21 00:00:00;2030-11-13 00:00:00;2030-10-14 00:00:00;2030-10-06 00:00:00
2030-10-10 00:00:00;SO931847;C0015;AS001;594;2030-11-21 00:00:00;2030-11-22 00:00:00;2030-10-14 00:00:00;2030-10-15 00:00:00
2030-10-10 00:00:00;SO931847;C0015;AS004;1153;2030-11-21 00:00:00;2030-11-12 00:00:00;2030-10-14 00:00:00;2030-10-05 00:00:00
2030-10-10 00:00:00;SO149657;C0030;AT002;762;2030-12-12 00:00:00;2030-12-20 00:00:00;2030-10-18 00:00:00;2030-10-26 00:00:00
2030-10-10 00:00:00;SO931847;C0015;VS002;686;2030-11-21 00:00:00;2030-11-13 00:00:00;2030-10-14 00:00:00;2030-10-06 00:00:00
2030-10-10 00:00:00;SO931847;C0015;CT002;483;2030-11-21 00:00:00;2030-11-23 00:00:00;2030-10-14 00:00:00;2030-10-16 00:00:00
2030-10-10 00:00:00;SO931847;C0015;CT001;1001;2030-11-21 00:00:00;2030-11-11 00:00:00;2030-10-14 00:00:00;2030-10-04 00:00:00
2030-10-10 00:00:00;SO149657;C0030;CT003;718;2030-12-12 00:00:00;2030-12-10 00:00:00;2030-10-18 00:00:00;2030-10-16 00:00:00
2030-10-10 00:00:00;SO149657;C0030;CS002;508;2030-12-12 00:00:00;2030-12-15 00:00:00;2030-10-18 00:00:00;2030-10-21 00:00:00
2030-10-10 00:00:00;SO149657;C0030;CL001;1164;2030-12-12 00:00:00;2030-12-10 00:00:00;2030-10-18 00:00:00;2030-10-16 00:00:00
2030-10-10 00:00:00;SO149657;C0030;VS001;976;2030-12-12 00:00:00;2030-12-14 00:00:00;2030-10-18 00:00:00;2030-10-20 00:00:00
2030-10-10 00:00:00;SO931847;C0015;VS001;588;2030-11-21 00:00:00;2030-12-01 00:00:00;2030-10-14 00:00:00;2030-10-24 00:00:00
2030-10-10 00:00:00;SO931847;C0015;AT001;756;2030-11-21 00:00:00;2030-11-12 00:00:00;2030-10-14 00:00:00;2030-10-05 00:00:00
2030-10-10 00:00:00;SO149657;C0030;AT001;714;2030-12-12 00:00:00;2030-12-13 00:00:00;2030-10-18 00:00:00;2030-10-19 00:00:00
2030-10-10 00:00:00;SO931847;C0015;CL001;728;2030-11-21 00:00:00;2030-11-28 00:00:00;2030-10-14 00:00:00;2030-10-21 00:00:00
2030-10-10 00:00:00;SO149657;C0030;CT001;979;2030-12-12 00:00:00;2030-12-22 00:00:00;2030-10-18 00:00:00;2030-10-28 00:00:00
2030-10-10 00:00:00;SO931847;C0015;CS002;1256;2030-11-21 00:00:00;2030-11-25 00:00:00;2030-10-14 00:00:00;2030-10-18 00:00:00
2030-10-11 00:00:00;SO959024;C0029;CT002;538;2030-12-06 00:00:00;2030-11-26 00:00:00;2030-10-19 00:00:00;2030-10-09 00:00:00
2030-10-11 00:00:00;SO724710;C0022;CL002;1186;2030-11-22 00:00:00;2030-12-01 00:00:00;2030-10-15 00:00:00;2030-10-24 00:00:00
2030-10-11 00:00:00;SO900621;C0017;VS001;1268;2030-12-06 00:00:00;2030-12-13 00:00:00;2030-10-15 00:00:00;2030-10-22 00:00:00
2030-10-11 00:00:00;SO797796;C0015;AT002;379;2030-11-22 00:00:00;2030-11-23 00:00:00;2030-10-15 00:00:00;2030-10-16 00:00:00
2030-10-11 00:00:00;SO900621;C0017;CS004;1049;2030-12-06 00:00:00;2030-12-11 00:00:00;2030-10-15 00:00:00;2030-10-20 00:00:00
2030-10-11 00:00:00;SO797796;C0015;CT001;789;2030-11-22 00:00:00;2030-11-12 00:00:00;2030-10-15 00:00:00;2030-10-05 00:00:00
2030-10-11 00:00:00;SO724710;C0022;CT001;906;2030-11-22 00:00:00;2030-11-16 00:00:00;2030-10-15 00:00:00;2030-10-09 00:00:00
2030-10-11 00:00:00;SO959024;C0029;AT002;1332;2030-12-06 00:00:00;2030-12-09 00:00:00;2030-10-19 00:00:00;2030-10-22 00:00:00
2030-10-11 00:00:00;SO797796;C0015;CT003;599;2030-11-22 00:00:00;2030-11-30 00:00:00;2030-10-15 00:00:00;2030-10-23 00:00:00
2030-10-11 00:00:00;SO900621;C0017;CL002;745;2030-12-06 00:00:00;2030-12-12 00:00:00;2030-10-15 00:00:00;2030-10-21 00:00:00
2030-10-11 00:00:00;SO797796;C0015;CS004;861;2030-11-22 00:00:00;2030-12-01 00:00:00;2030-10-15 00:00:00;2030-10-24 00:00:00
2030-10-11 00:00:00;SO959024;C0029;CL001;837;2030-12-06 00:00:00;2030-12-16 00:00:00;2030-10-19 00:00:00;2030-10-29 00:00:00
2030-10-11 00:00:00;SO900621;C0017;CT003;1024;2030-12-06 00:00:00;2030-11-26 00:00:00;2030-10-15 00:00:00;2030-10-05 00:00:00
2030-10-11 00:00:00;SO724710;C0022;AS004;780;2030-11-22 00:00:00;2030-11-29 00:00:00;2030-10-15 00:00:00;2030-10-22 00:00:00
2030-10-11 00:00:00;SO797796;C0015;AS001;550;2030-11-22 00:00:00;2030-11-21 00:00:00;2030-10-15 00:00:00;2030-10-14 00:00:00
2030-10-11 00:00:00;SO959024;C0029;CS002;752;2030-12-06 00:00:00;2030-12-12 00:00:00;2030-10-19 00:00:00;2030-10-25 00:00:00
2030-10-11 00:00:00;SO900621;C0017;CT002;550;2030-12-06 00:00:00;2030-11-30 00:00:00;2030-10-15 00:00:00;2030-10-09 00:00:00
2030-10-11 00:00:00;SO900621;C0017;AT002;678;2030-12-06 00:00:00;2030-12-03 00:00:00;2030-10-15 00:00:00;2030-10-12 00:00:00
2030-10-14 00:00:00;SO912261;C0004;CS004;662;2030-10-28 00:00:00;2030-10-20 00:00:00;2030-10-16 00:00:00;2030-10-08 00:00:00
2030-10-14 00:00:00;SO500271;C0023;CL001;1067;2030-11-18 00:00:00;2030-11-10 00:00:00;2030-10-18 00:00:00;2030-10-10 00:00:00
2030-10-14 00:00:00;SO912261;C0004;CT003;518;2030-10-28 00:00:00;2030-10-25 00:00:00;2030-10-16 00:00:00;2030-10-13 00:00:00
2030-10-14 00:00:00;SO500271;C0023;CT001;1137;2030-11-18 00:00:00;2030-11-17 00:00:00;2030-10-18 00:00:00;2030-10-17 00:00:00
2030-10-14 00:00:00;SO912261;C0004;CS002;384;2030-10-28 00:00:00;2030-10-20 00:00:00;2030-10-16 00:00:00;2030-10-08 00:00:00
2030-10-14 00:00:00;SO500271;C0023;AS004;896;2030-11-18 00:00:00;2030-11-22 00:00:00;2030-10-18 00:00:00;2030-10-22 00:00:00
2030-10-14 00:00:00;SO500271;C0023;VS001;502;2030-11-18 00:00:00;2030-11-17 00:00:00;2030-10-18 00:00:00;2030-10-17 00:00:00
2030-10-14 00:00:00;SO500271;C0023;VS001;1181;2030-11-18 00:00:00;2030-11-22 00:00:00;2030-10-18 00:00:00;2030-10-22 00:00:00
2030-10-14 00:00:00;SO912261;C0004;CL002;699;2030-10-28 00:00:00;2030-10-31 00:00:00;2030-10-16 00:00:00;2030-10-19 00:00:00
2030-10-14 00:00:00;SO500271;C0023;CT002;796;2030-11-18 00:00:00;2030-11-21 00:00:00;2030-10-18 00:00:00;2030-10-21 00:00:00
2030-10-14 00:00:00;SO500271;C0023;CS004;623;2030-11-18 00:00:00;2030-11-14 00:00:00;2030-10-18 00:00:00;2030-10-14 00:00:00
2030-10-14 00:00:00;SO500271;C0023;CT003;1146;2030-11-18 00:00:00;2030-11-20 00:00:00;2030-10-18 00:00:00;2030-10-20 00:00:00
2030-10-14 00:00:00;SO912261;C0004;AT002;1237;2030-10-28 00:00:00;2030-10-30 00:00:00;2030-10-16 00:00:00;2030-10-18 00:00:00
2030-10-14 00:00:00;SO500271;C0023;VS002;619;2030-11-18 00:00:00;2030-11-14 00:00:00;2030-10-18 00:00:00;2030-10-14 00:00:00
2030-10-14 00:00:00;SO500271;C0023;AS001;1134;2030-11-18 00:00:00;2030-11-10 00:00:00;2030-10-18 00:00:00;2030-10-10 00:00:00
2030-10-14 00:00:00;SO500271;C0023;AS004;1181;2030-11-18 00:00:00;2030-11-09 00:00:00;2030-10-18 00:00:00;2030-10-09 00:00:00
2030-10-14 00:00:00;SO500271;C0023;AT001;950;2030-11-18 00:00:00;2030-11-24 00:00:00;2030-10-18 00:00:00;2030-10-24 00:00:00
2030-10-14 00:00:00;SO500271;C0023;AT002;939;2030-11-18 00:00:00;2030-11-14 00:00:00;2030-10-18 00:00:00;2030-10-14 00:00:00
2030-10-14 00:00:00;SO500271;C0023;CL002;1338;2030-11-18 00:00:00;2030-11-16 00:00:00;2030-10-18 00:00:00;2030-10-16 00:00:00
2030-10-14 00:00:00;SO500271;C0023;CS002;651;2030-11-18 00:00:00;2030-11-15 00:00:00;2030-10-18 00:00:00;2030-10-15 00:00:00
2030-10-15 00:00:00;SO170084;C0007;CS002;390;2030-12-17 00:00:00;2030-12-19 00:00:00;2030-10-18 00:00:00;2030-10-20 00:00:00
2030-10-15 00:00:00;SO599271;C0005;VS001;1008;2030-12-10 00:00:00;2030-12-05 00:00:00;2030-10-17 00:00:00;2030-10-12 00:00:00
2030-10-15 00:00:00;SO599271;C0005;CT003;1186;2030-12-10 00:00:00;2030-12-05 00:00:00;2030-10-17 00:00:00;2030-10-12 00:00:00
2030-10-15 00:00:00;SO599271;C0005;CL001;1034;2030-12-10 00:00:00;2030-12-01 00:00:00;2030-10-17 00:00:00;2030-10-08 00:00:00
2030-10-15 00:00:00;SO170084;C0007;CT002;682;2030-12-17 00:00:00;2030-12-20 00:00:00;2030-10-18 00:00:00;2030-10-21 00:00:00
2030-10-15 00:00:00;SO170084;C0007;CT003;349;2030-12-17 00:00:00;2030-12-17 00:00:00;2030-10-18 00:00:00;2030-10-18 00:00:00
2030-10-15 00:00:00;SO599271;C0005;CS002;605;2030-12-10 00:00:00;2030-12-18 00:00:00;2030-10-17 00:00:00;2030-10-25 00:00:00
2030-10-15 00:00:00;SO599271;C0005;AT002;413;2030-12-10 00:00:00;2030-12-05 00:00:00;2030-10-17 00:00:00;2030-10-12 00:00:00
2030-10-15 00:00:00;SO170084;C0007;CL001;869;2030-12-17 00:00:00;2030-12-08 00:00:00;2030-10-18 00:00:00;2030-10-09 00:00:00
2030-10-15 00:00:00;SO599271;C0005;CT002;1274;2030-12-10 00:00:00;2030-12-01 00:00:00;2030-10-17 00:00:00;2030-10-08 00:00:00
2030-10-15 00:00:00;SO599271;C0005;CT001;902;2030-12-10 00:00:00;2030-12-17 00:00:00;2030-10-17 00:00:00;2030-10-24 00:00:00
2030-10-15 00:00:00;SO170084;C0007;AS001;428;2030-12-17 00:00:00;2030-12-21 00:00:00;2030-10-18 00:00:00;2030-10-22 00:00:00
2030-10-15 00:00:00;SO170084;C0007;VS002;835;2030-12-17 00:00:00;2030-12-16 00:00:00;2030-10-18 00:00:00;2030-10-17 00:00:00
2030-10-15 00:00:00;SO170084;C0007;CT001;567;2030-12-17 00:00:00;2030-12-25 00:00:00;2030-10-18 00:00:00;2030-10-26 00:00:00
2030-10-15 00:00:00;SO599271;C0005;AS004;927;2030-12-10 00:00:00;2030-12-16 00:00:00;2030-10-17 00:00:00;2030-10-23 00:00:00
2030-10-16 00:00:00;SO922615;C0014;CT001;1064;2030-11-20 00:00:00;2030-11-29 00:00:00;2030-10-20 00:00:00;2030-10-29 00:00:00
2030-10-16 00:00:00;SO366391;C0024;VS001;630;2030-11-13 00:00:00;2030-11-16 00:00:00;2030-10-20 00:00:00;2030-10-23 00:00:00
2030-10-16 00:00:00;SO366391;C0024;CT003;652;2030-11-13 00:00:00;2030-11-05 00:00:00;2030-10-20 00:00:00;2030-10-12 00:00:00
2030-10-16 00:00:00;SO922615;C0014;AT002;1197;2030-11-20 00:00:00;2030-11-28 00:00:00;2030-10-20 00:00:00;2030-10-28 00:00:00
2030-10-16 00:00:00;SO366391;C0024;CT002;1138;2030-11-13 00:00:00;2030-11-15 00:00:00;2030-10-20 00:00:00;2030-10-22 00:00:00
2030-10-16 00:00:00;SO922615;C0014;CL001;1075;2030-11-20 00:00:00;2030-11-21 00:00:00;2030-10-20 00:00:00;2030-10-21 00:00:00
2030-10-16 00:00:00;SO922615;C0014;VS001;448;2030-11-20 00:00:00;2030-11-14 00:00:00;2030-10-20 00:00:00;2030-10-14 00:00:00
2030-10-16 00:00:00;SO922615;C0014;AS001;793;2030-11-20 00:00:00;2030-11-19 00:00:00;2030-10-20 00:00:00;2030-10-19 00:00:00
2030-10-16 00:00:00;SO922615;C0014;CS004;965;2030-11-20 00:00:00;2030-11-28 00:00:00;2030-10-20 00:00:00;2030-10-28 00:00:00
2030-10-16 00:00:00;SO922615;C0014;VS002;1211;2030-11-20 00:00:00;2030-11-13 00:00:00;2030-10-20 00:00:00;2030-10-13 00:00:00
2030-10-16 00:00:00;SO922615;C0014;CT002;892;2030-11-20 00:00:00;2030-11-14 00:00:00;2030-10-20 00:00:00;2030-10-14 00:00:00
2030-10-16 00:00:00;SO366391;C0024;AS004;881;2030-11-13 00:00:00;2030-11-12 00:00:00;2030-10-20 00:00:00;2030-10-19 00:00:00
2030-10-16 00:00:00;SO366391;C0024;CT001;1391;2030-11-13 00:00:00;2030-11-17 00:00:00;2030-10-20 00:00:00;2030-10-24 00:00:00
2030-10-17 00:00:00;SO388700;C0019;CT001;342;2030-12-19 00:00:00;2030-12-12 00:00:00;2030-10-21 00:00:00;2030-10-14 00:00:00
2030-10-17 00:00:00;SO842647;C0011;CS004;1214;2030-11-21 00:00:00;2030-11-24 00:00:00;2030-10-20 00:00:00;2030-10-23 00:00:00
2030-10-17 00:00:00;SO765960;C0005;AT002;773;2030-12-12 00:00:00;2030-12-16 00:00:00;2030-10-19 00:00:00;2030-10-23 00:00:00
2030-10-17 00:00:00;SO9000066;C0016;CT003;994;2030-10-31 00:00:00;2030-10-25 00:00:00;2030-10-21 00:00:00;2030-10-15 00:00:00
2030-10-17 00:00:00;SO388700;C0019;CS004;575;2030-12-19 00:00:00;2030-12-25 00:00:00;2030-10-21 00:00:00;2030-10-27 00:00:00
2030-10-17 00:00:00;SO9000066;C0016;CL002;487;2030-10-31 00:00:00;2030-10-25 00:00:00;2030-10-21 00:00:00;2030-10-15 00:00:00
2030-10-17 00:00:00;SO388700;C0019;CL002;891;2030-12-19 00:00:00;2030-12-12 00:00:00;2030-10-21 00:00:00;2030-10-14 00:00:00
2030-10-17 00:00:00;SO9000066;C0016;AS001;596;2030-10-31 00:00:00;2030-10-23 00:00:00;2030-10-21 00:00:00;2030-10-13 00:00:00
2030-10-17 00:00:00;SO842647;C0011;CL001;460;2030-11-21 00:00:00;2030-11-21 00:00:00;2030-10-20 00:00:00;2030-10-20 00:00:00
2030-10-17 00:00:00;SO842647;C0011;CT001;1411;2030-11-21 00:00:00;2030-11-12 00:00:00;2030-10-20 00:00:00;2030-10-11 00:00:00
2030-10-17 00:00:00;SO9000066;C0016;CL001;1293;2030-10-31 00:00:00;2030-11-09 00:00:00;2030-10-21 00:00:00;2030-10-30 00:00:00
2030-10-17 00:00:00;SO842647;C0011;AT002;1032;2030-11-21 00:00:00;2030-11-30 00:00:00;2030-10-20 00:00:00;2030-10-29 00:00:00
2030-10-17 00:00:00;SO388700;C0019;AT002;608;2030-12-19 00:00:00;2030-12-20 00:00:00;2030-10-21 00:00:00;2030-10-22 00:00:00
2030-10-17 00:00:00;SO765960;C0005;CT002;1358;2030-12-12 00:00:00;2030-12-06 00:00:00;2030-10-19 00:00:00;2030-10-13 00:00:00
2030-10-17 00:00:00;SO842647;C0011;CT002;1222;2030-11-21 00:00:00;2030-12-01 00:00:00;2030-10-20 00:00:00;2030-10-30 00:00:00
2030-10-17 00:00:00;SO9000066;C0016;CS002;744;2030-10-31 00:00:00;2030-10-29 00:00:00;2030-10-21 00:00:00;2030-10-19 00:00:00
2030-10-17 00:00:00;SO388700;C0019;VS002;588;2030-12-19 00:00:00;2030-12-11 00:00:00;2030-10-21 00:00:00;2030-10-13 00:00:00
2030-10-17 00:00:00;SO9000066;C0016;CT002;631;2030-10-31 00:00:00;2030-10-30 00:00:00;2030-10-21 00:00:00;2030-10-20 00:00:00
2030-10-17 00:00:00;SO388700;C0019;CL001;1159;2030-12-19 00:00:00;2030-12-09 00:00:00;2030-10-21 00:00:00;2030-10-11 00:00:00
2030-10-18 00:00:00;SO265625;C0002;CS002;854;2030-11-22 00:00:00;2030-11-23 00:00:00;2030-10-20 00:00:00;2030-10-21 00:00:00
2030-10-18 00:00:00;SO654418;C0008;CS004;748;2030-12-13 00:00:00;2030-12-07 00:00:00;2030-10-21 00:00:00;2030-10-15 00:00:00
2030-10-18 00:00:00;SO654418;C0008;AT001;1047;2030-12-13 00:00:00;2030-12-22 00:00:00;2030-10-21 00:00:00;2030-10-30 00:00:00
2030-10-18 00:00:00;SO654418;C0008;VS002;491;2030-12-13 00:00:00;2030-12-18 00:00:00;2030-10-21 00:00:00;2030-10-26 00:00:00
2030-10-18 00:00:00;SO654418;C0008;AT002;1104;2030-12-13 00:00:00;2030-12-04 00:00:00;2030-10-21 00:00:00;2030-10-12 00:00:00
2030-10-18 00:00:00;SO265625;C0002;CL002;1355;2030-11-22 00:00:00;2030-11-25 00:00:00;2030-10-20 00:00:00;2030-10-23 00:00:00
2030-10-18 00:00:00;SO265625;C0002;VS001;770;2030-11-22 00:00:00;2030-11-22 00:00:00;2030-10-20 00:00:00;2030-10-20 00:00:00
2030-10-18 00:00:00;SO654418;C0008;VS001;964;2030-12-13 00:00:00;2030-12-11 00:00:00;2030-10-21 00:00:00;2030-10-19 00:00:00
2030-10-18 00:00:00;SO265625;C0002;CS004;1112;2030-11-22 00:00:00;2030-11-12 00:00:00;2030-10-20 00:00:00;2030-10-10 00:00:00
2030-10-18 00:00:00;SO654418;C0008;CT003;887;2030-12-13 00:00:00;2030-12-20 00:00:00;2030-10-21 00:00:00;2030-10-28 00:00:00
2030-10-18 00:00:00;SO265625;C0002;CT002;619;2030-11-22 00:00:00;2030-11-16 00:00:00;2030-10-20 00:00:00;2030-10-14 00:00:00
2030-10-18 00:00:00;SO265625;C0002;AS001;512;2030-11-22 00:00:00;2030-11-16 00:00:00;2030-10-20 00:00:00;2030-10-14 00:00:00
2030-10-18 00:00:00;SO654418;C0008;CS002;881;2030-12-13 00:00:00;2030-12-16 00:00:00;2030-10-21 00:00:00;2030-10-24 00:00:00
2030-10-18 00:00:00;SO265625;C0002;AT001;1577;2030-11-22 00:00:00;2030-12-01 00:00:00;2030-10-20 00:00:00;2030-10-29 00:00:00
2030-10-18 00:00:00;SO654418;C0008;AS004;1067;2030-12-13 00:00:00;2030-12-04 00:00:00;2030-10-21 00:00:00;2030-10-12 00:00:00
2030-10-18 00:00:00;SO654418;C0008;AS001;965;2030-12-13 00:00:00;2030-12-15 00:00:00;2030-10-21 00:00:00;2030-10-23 00:00:00
2030-10-18 00:00:00;SO265625;C0002;VS002;1171;2030-11-22 00:00:00;2030-11-15 00:00:00;2030-10-20 00:00:00;2030-10-13 00:00:00
2030-10-18 00:00:00;SO654418;C0008;CL002;535;2030-12-13 00:00:00;2030-12-07 00:00:00;2030-10-21 00:00:00;2030-10-15 00:00:00
2030-10-18 00:00:00;SO265625;C0002;AT002;792;2030-11-22 00:00:00;2030-12-01 00:00:00;2030-10-20 00:00:00;2030-10-29 00:00:00
2030-10-18 00:00:00;SO265625;C0002;AS004;1149;2030-11-22 00:00:00;2030-11-27 00:00:00;2030-10-20 00:00:00;2030-10-25 00:00:00
2030-10-21 00:00:00;SO139727;C0008;CL002;1216;2030-12-16 00:00:00;2030-12-24 00:00:00;2030-10-24 00:00:00;2030-11-01 00:00:00
2030-10-21 00:00:00;SO113344;C0004;CT003;651;2030-11-04 00:00:00;2030-10-25 00:00:00;2030-10-23 00:00:00;2030-10-13 00:00:00
2030-10-21 00:00:00;SO488206;C0009;AS004;969;2030-11-04 00:00:00;2030-10-28 00:00:00;2030-10-24 00:00:00;2030-10-17 00:00:00
2030-10-21 00:00:00;SO139727;C0008;AS004;520;2030-12-16 00:00:00;2030-12-26 00:00:00;2030-10-24 00:00:00;2030-11-03 00:00:00
2030-10-21 00:00:00;SO488206;C0009;AT001;640;2030-11-04 00:00:00;2030-11-11 00:00:00;2030-10-24 00:00:00;2030-10-31 00:00:00
2030-10-21 00:00:00;SO139727;C0008;CT001;770;2030-12-16 00:00:00;2030-12-09 00:00:00;2030-10-24 00:00:00;2030-10-17 00:00:00
2030-10-21 00:00:00;SO488206;C0009;VS002;787;2030-11-04 00:00:00;2030-11-04 00:00:00;2030-10-24 00:00:00;2030-10-24 00:00:00
2030-10-21 00:00:00;SO488206;C0009;CS004;579;2030-11-04 00:00:00;2030-11-01 00:00:00;2030-10-24 00:00:00;2030-10-21 00:00:00
2030-10-21 00:00:00;SO139727;C0008;AS001;1095;2030-12-16 00:00:00;2030-12-09 00:00:00;2030-10-24 00:00:00;2030-10-17 00:00:00
2030-10-21 00:00:00;SO139727;C0008;VS001;1016;2030-12-16 00:00:00;2030-12-25 00:00:00;2030-10-24 00:00:00;2030-11-02 00:00:00
2030-10-21 00:00:00;SO139727;C0008;AT001;767;2030-12-16 00:00:00;2030-12-19 00:00:00;2030-10-24 00:00:00;2030-10-27 00:00:00
2030-10-21 00:00:00;SO139727;C0008;CL001;1091;2030-12-16 00:00:00;2030-12-14 00:00:00;2030-10-24 00:00:00;2030-10-22 00:00:00
2030-10-21 00:00:00;SO139727;C0008;CS004;1236;2030-12-16 00:00:00;2030-12-16 00:00:00;2030-10-24 00:00:00;2030-10-24 00:00:00
2030-10-21 00:00:00;SO488206;C0009;CL001;1404;2030-11-04 00:00:00;2030-11-13 00:00:00;2030-10-24 00:00:00;2030-11-02 00:00:00
2030-10-22 00:00:00;SO512187;C0027;CT003;1105;2030-12-03 00:00:00;2030-12-05 00:00:00;2030-10-30 00:00:00;2030-11-01 00:00:00
2030-10-22 00:00:00;SO772771;C0025;CS004;734;2030-11-19 00:00:00;2030-11-23 00:00:00;2030-10-30 00:00:00;2030-11-03 00:00:00
2030-10-22 00:00:00;SO956003;C0028;CT003;1002;2030-11-05 00:00:00;2030-10-29 00:00:00;2030-10-30 00:00:00;2030-10-23 00:00:00
2030-10-22 00:00:00;SO956003;C0028;CS002;1108;2030-11-05 00:00:00;2030-11-15 00:00:00;2030-10-30 00:00:00;2030-11-09 00:00:00
2030-10-22 00:00:00;SO512187;C0027;AT002;1387;2030-12-03 00:00:00;2030-11-27 00:00:00;2030-10-30 00:00:00;2030-10-24 00:00:00
2030-10-22 00:00:00;SO956003;C0028;AT001;725;2030-11-05 00:00:00;2030-10-28 00:00:00;2030-10-30 00:00:00;2030-10-22 00:00:00
2030-10-22 00:00:00;SO512187;C0027;CS002;984;2030-12-03 00:00:00;2030-12-11 00:00:00;2030-10-30 00:00:00;2030-11-07 00:00:00
2030-10-22 00:00:00;SO772771;C0025;VS002;1317;2030-11-19 00:00:00;2030-11-26 00:00:00;2030-10-30 00:00:00;2030-11-06 00:00:00
2030-10-22 00:00:00;SO956003;C0028;CL002;561;2030-11-05 00:00:00;2030-11-10 00:00:00;2030-10-30 00:00:00;2030-11-04 00:00:00
2030-10-22 00:00:00;SO512187;C0027;VS001;471;2030-12-03 00:00:00;2030-11-27 00:00:00;2030-10-30 00:00:00;2030-10-24 00:00:00
2030-10-22 00:00:00;SO512187;C0027;VS002;572;2030-12-03 00:00:00;2030-12-03 00:00:00;2030-10-30 00:00:00;2030-10-30 00:00:00
2030-10-22 00:00:00;SO772771;C0025;AS004;837;2030-11-19 00:00:00;2030-11-16 00:00:00;2030-10-30 00:00:00;2030-10-27 00:00:00
2030-10-22 00:00:00;SO956003;C0028;CT002;806;2030-11-05 00:00:00;2030-11-15 00:00:00;2030-10-30 00:00:00;2030-11-09 00:00:00
2030-10-22 00:00:00;SO956003;C0028;CT001;1225;2030-11-05 00:00:00;2030-11-04 00:00:00;2030-10-30 00:00:00;2030-10-29 00:00:00
2030-10-22 00:00:00;SO772771;C0025;CL002;501;2030-11-19 00:00:00;2030-11-29 00:00:00;2030-10-30 00:00:00;2030-11-09 00:00:00
2030-10-22 00:00:00;SO512187;C0027;CT002;1397;2030-12-03 00:00:00;2030-11-23 00:00:00;2030-10-30 00:00:00;2030-10-20 00:00:00
2030-10-22 00:00:00;SO512187;C0027;AS004;1016;2030-12-03 00:00:00;2030-12-05 00:00:00;2030-10-30 00:00:00;2030-11-01 00:00:00
2030-10-23 00:00:00;SO646520;C0023;CT003;750;2030-11-27 00:00:00;2030-11-24 00:00:00;2030-10-27 00:00:00;2030-10-24 00:00:00
2030-10-23 00:00:00;SO655987;C0009;VS001;772;2030-11-06 00:00:00;2030-10-31 00:00:00;2030-10-26 00:00:00;2030-10-20 00:00:00
2030-10-23 00:00:00;SO988077;C0014;AT002;616;2030-11-27 00:00:00;2030-12-01 00:00:00;2030-10-27 00:00:00;2030-10-31 00:00:00
2030-10-23 00:00:00;SO894580;C0003;CT002;1262;2030-12-04 00:00:00;2030-12-04 00:00:00;2030-10-25 00:00:00;2030-10-25 00:00:00
2030-10-23 00:00:00;SO988077;C0014;AS004;781;2030-11-27 00:00:00;2030-11-19 00:00:00;2030-10-27 00:00:00;2030-10-19 00:00:00
2030-10-23 00:00:00;SO646520;C0023;CS002;1481;2030-11-27 00:00:00;2030-12-01 00:00:00;2030-10-27 00:00:00;2030-10-31 00:00:00
2030-10-23 00:00:00;SO894580;C0003;VS001;943;2030-12-04 00:00:00;2030-12-06 00:00:00;2030-10-25 00:00:00;2030-10-27 00:00:00
2030-10-23 00:00:00;SO988077;C0014;CT001;456;2030-11-27 00:00:00;2030-11-23 00:00:00;2030-10-27 00:00:00;2030-10-23 00:00:00
2030-10-23 00:00:00;SO646520;C0023;CT002;1032;2030-11-27 00:00:00;2030-11-29 00:00:00;2030-10-27 00:00:00;2030-10-29 00:00:00
2030-10-23 00:00:00;SO988077;C0014;CT003;430;2030-11-27 00:00:00;2030-12-01 00:00:00;2030-10-27 00:00:00;2030-10-31 00:00:00
2030-10-23 00:00:00;SO988077;C0014;CL002;680;2030-11-27 00:00:00;2030-11-27 00:00:00;2030-10-27 00:00:00;2030-10-27 00:00:00
2030-10-23 00:00:00;SO646520;C0023;AS001;1461;2030-11-27 00:00:00;2030-11-17 00:00:00;2030-10-27 00:00:00;2030-10-17 00:00:00
2030-10-23 00:00:00;SO894580;C0003;AT002;464;2030-12-04 00:00:00;2030-12-14 00:00:00;2030-10-25 00:00:00;2030-11-04 00:00:00
2030-10-23 00:00:00;SO988077;C0014;AS001;852;2030-11-27 00:00:00;2030-11-20 00:00:00;2030-10-27 00:00:00;2030-10-20 00:00:00
2030-10-23 00:00:00;SO894580;C0003;CL002;673;2030-12-04 00:00:00;2030-12-08 00:00:00;2030-10-25 00:00:00;2030-10-29 00:00:00
2030-10-23 00:00:00;SO988077;C0014;VS001;806;2030-11-27 00:00:00;2030-12-06 00:00:00;2030-10-27 00:00:00;2030-11-05 00:00:00
2030-10-23 00:00:00;SO655987;C0009;CS002;497;2030-11-06 00:00:00;2030-11-06 00:00:00;2030-10-26 00:00:00;2030-10-26 00:00:00
2030-10-23 00:00:00;SO646520;C0023;CL001;1262;2030-11-27 00:00:00;2030-11-19 00:00:00;2030-10-27 00:00:00;2030-10-19 00:00:00
2030-10-23 00:00:00;SO988077;C0014;CL001;1198;2030-11-27 00:00:00;2030-11-29 00:00:00;2030-10-27 00:00:00;2030-10-29 00:00:00
2030-10-24 00:00:00;SO188814;C0003;AS001;1333;2030-12-05 00:00:00;2030-11-27 00:00:00;2030-10-26 00:00:00;2030-10-18 00:00:00
2030-10-24 00:00:00;SO550439;C0006;VS001;699;2030-12-26 00:00:00;2030-12-17 00:00:00;2030-10-26 00:00:00;2030-10-17 00:00:00
2030-10-24 00:00:00;SO511215;C0019;AT001;1012;2030-12-26 00:00:00;2031-01-01 00:00:00;2030-10-28 00:00:00;2030-11-03 00:00:00
2030-10-24 00:00:00;SO359635;C0029;CL002;835;2030-12-19 00:00:00;2030-12-17 00:00:00;2030-11-01 00:00:00;2030-10-30 00:00:00
2030-10-24 00:00:00;SO188814;C0003;CL002;1053;2030-12-05 00:00:00;2030-12-15 00:00:00;2030-10-26 00:00:00;2030-11-05 00:00:00
2030-10-24 00:00:00;SO188814;C0003;VS002;417;2030-12-05 00:00:00;2030-11-29 00:00:00;2030-10-26 00:00:00;2030-10-20 00:00:00
2030-10-24 00:00:00;SO188814;C0003;VS001;1473;2030-12-05 00:00:00;2030-12-04 00:00:00;2030-10-26 00:00:00;2030-10-25 00:00:00
2030-10-24 00:00:00;SO550439;C0006;CL001;730;2030-12-26 00:00:00;2030-12-27 00:00:00;2030-10-26 00:00:00;2030-10-27 00:00:00
2030-10-24 00:00:00;SO188814;C0003;CT001;888;2030-12-05 00:00:00;2030-11-28 00:00:00;2030-10-26 00:00:00;2030-10-19 00:00:00
2030-10-24 00:00:00;SO188814;C0003;CS002;1010;2030-12-05 00:00:00;2030-12-09 00:00:00;2030-10-26 00:00:00;2030-10-30 00:00:00
2030-10-24 00:00:00;SO511215;C0019;VS001;1064;2030-12-26 00:00:00;2031-01-05 00:00:00;2030-10-28 00:00:00;2030-11-07 00:00:00
2030-10-24 00:00:00;SO511215;C0019;AT002;789;2030-12-26 00:00:00;2030-12-21 00:00:00;2030-10-28 00:00:00;2030-10-23 00:00:00
2030-10-24 00:00:00;SO511215;C0019;VS002;1131;2030-12-26 00:00:00;2030-12-23 00:00:00;2030-10-28 00:00:00;2030-10-25 00:00:00
2030-10-24 00:00:00;SO188814;C0003;AT001;721;2030-12-05 00:00:00;2030-12-12 00:00:00;2030-10-26 00:00:00;2030-11-02 00:00:00
2030-10-24 00:00:00;SO511215;C0019;CS002;820;2030-12-26 00:00:00;2030-12-17 00:00:00;2030-10-28 00:00:00;2030-10-19 00:00:00
2030-10-24 00:00:00;SO359635;C0029;CL001;1155;2030-12-19 00:00:00;2030-12-21 00:00:00;2030-11-01 00:00:00;2030-11-03 00:00:00
2030-10-24 00:00:00;SO359635;C0029;CT001;840;2030-12-19 00:00:00;2030-12-25 00:00:00;2030-11-01 00:00:00;2030-11-07 00:00:00
2030-10-24 00:00:00;SO188814;C0003;CL001;1076;2030-12-05 00:00:00;2030-12-09 00:00:00;2030-10-26 00:00:00;2030-10-30 00:00:00
2030-10-25 00:00:00;SO681367;C0013;CL002;1432;2030-11-22 00:00:00;2030-11-18 00:00:00;2030-10-29 00:00:00;2030-10-25 00:00:00
2030-10-25 00:00:00;SO463119;C0015;CS004;1341;2030-12-06 00:00:00;2030-11-29 00:00:00;2030-10-29 00:00:00;2030-10-22 00:00:00
2030-10-25 00:00:00;SO999649;C0018;AS001;1277;2030-12-27 00:00:00;2030-12-30 00:00:00;2030-10-29 00:00:00;2030-11-01 00:00:00
2030-10-25 00:00:00;SO999649;C0018;AT001;769;2030-12-27 00:00:00;2030-12-23 00:00:00;2030-10-29 00:00:00;2030-10-25 00:00:00
2030-10-25 00:00:00;SO999649;C0018;CS004;776;2030-12-27 00:00:00;2030-12-23 00:00:00;2030-10-29 00:00:00;2030-10-25 00:00:00
2030-10-25 00:00:00;SO681367;C0013;AT002;376;2030-11-22 00:00:00;2030-11-22 00:00:00;2030-10-29 00:00:00;2030-10-29 00:00:00
2030-10-25 00:00:00;SO999649;C0018;AS004;601;2030-12-27 00:00:00;2030-12-24 00:00:00;2030-10-29 00:00:00;2030-10-26 00:00:00
2030-10-25 00:00:00;SO999649;C0018;CT002;382;2030-12-27 00:00:00;2031-01-03 00:00:00;2030-10-29 00:00:00;2030-11-05 00:00:00
2030-10-25 00:00:00;SO681367;C0013;CT002;961;2030-11-22 00:00:00;2030-11-18 00:00:00;2030-10-29 00:00:00;2030-10-25 00:00:00
2030-10-25 00:00:00;SO463119;C0015;VS002;890;2030-12-06 00:00:00;2030-11-27 00:00:00;2030-10-29 00:00:00;2030-10-20 00:00:00
2030-10-25 00:00:00;SO681367;C0013;AS004;969;2030-11-22 00:00:00;2030-11-15 00:00:00;2030-10-29 00:00:00;2030-10-22 00:00:00
2030-10-25 00:00:00;SO681367;C0013;CT003;964;2030-11-22 00:00:00;2030-12-01 00:00:00;2030-10-29 00:00:00;2030-11-07 00:00:00
2030-10-28 00:00:00;SO354867;C0025;AT001;1237;2030-11-25 00:00:00;2030-12-03 00:00:00;2030-11-05 00:00:00;2030-11-13 00:00:00
2030-10-28 00:00:00;SO680834;C0010;AS004;1246;2030-12-09 00:00:00;2030-12-03 00:00:00;2030-10-31 00:00:00;2030-10-25 00:00:00
2030-10-28 00:00:00;SO354867;C0025;AS001;789;2030-11-25 00:00:00;2030-11-29 00:00:00;2030-11-05 00:00:00;2030-11-09 00:00:00
2030-10-28 00:00:00;SO354867;C0025;CS002;1389;2030-11-25 00:00:00;2030-11-20 00:00:00;2030-11-05 00:00:00;2030-10-31 00:00:00
2030-10-28 00:00:00;SO354867;C0025;VS001;424;2030-11-25 00:00:00;2030-11-17 00:00:00;2030-11-05 00:00:00;2030-10-28 00:00:00
2030-10-28 00:00:00;SO354867;C0025;AS004;1010;2030-11-25 00:00:00;2030-12-02 00:00:00;2030-11-05 00:00:00;2030-11-12 00:00:00
2030-10-28 00:00:00;SO680834;C0010;AT002;1304;2030-12-09 00:00:00;2030-12-09 00:00:00;2030-10-31 00:00:00;2030-10-31 00:00:00
2030-10-28 00:00:00;SO680834;C0010;CS004;524;2030-12-09 00:00:00;2030-12-02 00:00:00;2030-10-31 00:00:00;2030-10-24 00:00:00
2030-10-28 00:00:00;SO680834;C0010;CT003;412;2030-12-09 00:00:00;2030-12-10 00:00:00;2030-10-31 00:00:00;2030-11-01 00:00:00
2030-10-28 00:00:00;SO354867;C0025;CL002;1139;2030-11-25 00:00:00;2030-11-20 00:00:00;2030-11-05 00:00:00;2030-10-31 00:00:00
2030-10-28 00:00:00;SO680834;C0010;CL002;1090;2030-12-09 00:00:00;2030-12-13 00:00:00;2030-10-31 00:00:00;2030-11-04 00:00:00
2030-10-28 00:00:00;SO354867;C0025;CS004;990;2030-11-25 00:00:00;2030-12-02 00:00:00;2030-11-05 00:00:00;2030-11-12 00:00:00
2030-10-28 00:00:00;SO680834;C0010;CL001;489;2030-12-09 00:00:00;2030-11-29 00:00:00;2030-10-31 00:00:00;2030-10-21 00:00:00
2030-10-28 00:00:00;SO354867;C0025;CT003;327;2030-11-25 00:00:00;2030-11-19 00:00:00;2030-11-05 00:00:00;2030-10-30 00:00:00
2030-10-28 00:00:00;SO354867;C0025;AT002;592;2030-11-25 00:00:00;2030-11-22 00:00:00;2030-11-05 00:00:00;2030-11-02 00:00:00
2030-10-28 00:00:00;SO680834;C0010;VS001;699;2030-12-09 00:00:00;2030-12-10 00:00:00;2030-10-31 00:00:00;2030-11-01 00:00:00
2030-10-29 00:00:00;SO468489;C0005;CS002;526;2030-12-24 00:00:00;2031-01-03 00:00:00;2030-10-31 00:00:00;2030-11-10 00:00:00
2030-10-29 00:00:00;SO765038;C0022;AS004;467;2030-12-10 00:00:00;2030-12-12 00:00:00;2030-11-02 00:00:00;2030-11-04 00:00:00
2030-10-29 00:00:00;SO703057;C0017;AT001;1268;2030-12-24 00:00:00;2030-12-25 00:00:00;2030-11-02 00:00:00;2030-11-03 00:00:00
2030-10-29 00:00:00;SO464390;C0014;AT001;980;2030-12-03 00:00:00;2030-12-09 00:00:00;2030-11-02 00:00:00;2030-11-08 00:00:00
2030-10-29 00:00:00;SO464390;C0014;VS001;821;2030-12-03 00:00:00;2030-11-25 00:00:00;2030-11-02 00:00:00;2030-10-25 00:00:00
2030-10-29 00:00:00;SO464390;C0014;CT002;582;2030-12-03 00:00:00;2030-12-07 00:00:00;2030-11-02 00:00:00;2030-11-06 00:00:00
2030-10-29 00:00:00;SO464390;C0014;CT001;730;2030-12-03 00:00:00;2030-12-05 00:00:00;2030-11-02 00:00:00;2030-11-04 00:00:00
2030-10-29 00:00:00;SO468489;C0005;CS004;958;2030-12-24 00:00:00;2030-12-16 00:00:00;2030-10-31 00:00:00;2030-10-23 00:00:00
2030-10-29 00:00:00;SO464390;C0014;CS002;1053;2030-12-03 00:00:00;2030-12-03 00:00:00;2030-11-02 00:00:00;2030-11-02 00:00:00
2030-10-29 00:00:00;SO468489;C0005;AT001;469;2030-12-24 00:00:00;2030-12-16 00:00:00;2030-10-31 00:00:00;2030-10-23 00:00:00
2030-10-29 00:00:00;SO703057;C0017;CT003;766;2030-12-24 00:00:00;2030-12-22 00:00:00;2030-11-02 00:00:00;2030-10-31 00:00:00
2030-10-29 00:00:00;SO765038;C0022;CL001;1200;2030-12-10 00:00:00;2030-12-17 00:00:00;2030-11-02 00:00:00;2030-11-09 00:00:00
2030-10-29 00:00:00;SO468489;C0005;CT003;993;2030-12-24 00:00:00;2031-01-03 00:00:00;2030-10-31 00:00:00;2030-11-10 00:00:00
2030-10-29 00:00:00;SO765038;C0022;AT002;358;2030-12-10 00:00:00;2030-12-03 00:00:00;2030-11-02 00:00:00;2030-10-26 00:00:00
2030-10-29 00:00:00;SO464390;C0014;AS001;1349;2030-12-03 00:00:00;2030-12-02 00:00:00;2030-11-02 00:00:00;2030-11-01 00:00:00
2030-10-30 00:00:00;SO731229;C0005;AT002;1030;2030-12-25 00:00:00;2031-01-04 00:00:00;2030-11-01 00:00:00;2030-11-11 00:00:00
2030-10-30 00:00:00;SO613767;C0024;CT002;869;2030-11-27 00:00:00;2030-12-01 00:00:00;2030-11-03 00:00:00;2030-11-07 00:00:00
2030-10-30 00:00:00;SO146243;C0026;CS004;1450;2030-12-04 00:00:00;2030-11-27 00:00:00;2030-11-07 00:00:00;2030-10-31 00:00:00
2030-10-30 00:00:00;SO146243;C0026;AS001;1097;2030-12-04 00:00:00;2030-11-29 00:00:00;2030-11-07 00:00:00;2030-11-02 00:00:00
2030-10-30 00:00:00;SO731229;C0005;CT001;677;2030-12-25 00:00:00;2030-12-31 00:00:00;2030-11-01 00:00:00;2030-11-07 00:00:00
2030-10-30 00:00:00;SO146243;C0026;AT001;549;2030-12-04 00:00:00;2030-11-25 00:00:00;2030-11-07 00:00:00;2030-10-29 00:00:00
2030-10-30 00:00:00;SO146243;C0026;CL001;1277;2030-12-04 00:00:00;2030-12-09 00:00:00;2030-11-07 00:00:00;2030-11-12 00:00:00
2030-10-30 00:00:00;SO146243;C0026;AT002;658;2030-12-04 00:00:00;2030-12-09 00:00:00;2030-11-07 00:00:00;2030-11-12 00:00:00
2030-10-30 00:00:00;SO146243;C0026;CS002;1104;2030-12-04 00:00:00;2030-12-02 00:00:00;2030-11-07 00:00:00;2030-11-05 00:00:00
2030-10-30 00:00:00;SO146243;C0026;VS002;928;2030-12-04 00:00:00;2030-12-11 00:00:00;2030-11-07 00:00:00;2030-11-14 00:00:00
2030-10-30 00:00:00;SO146243;C0026;VS001;629;2030-12-04 00:00:00;2030-12-04 00:00:00;2030-11-07 00:00:00;2030-11-07 00:00:00
2030-10-30 00:00:00;SO731229;C0005;CL002;825;2030-12-25 00:00:00;2030-12-23 00:00:00;2030-11-01 00:00:00;2030-10-30 00:00:00
2030-10-30 00:00:00;SO146243;C0026;CT003;826;2030-12-04 00:00:00;2030-12-12 00:00:00;2030-11-07 00:00:00;2030-11-15 00:00:00
2030-10-30 00:00:00;SO613767;C0024;CT001;1064;2030-11-27 00:00:00;2030-11-17 00:00:00;2030-11-03 00:00:00;2030-10-24 00:00:00
2030-10-30 00:00:00;SO613767;C0024;VS002;896;2030-11-27 00:00:00;2030-11-23 00:00:00;2030-11-03 00:00:00;2030-10-30 00:00:00
2030-10-30 00:00:00;SO613767;C0024;CT003;795;2030-11-27 00:00:00;2030-11-27 00:00:00;2030-11-03 00:00:00;2030-11-03 00:00:00
2030-10-31 00:00:00;SO271169;C0005;CL001;740;2030-12-26 00:00:00;2030-12-23 00:00:00;2030-11-02 00:00:00;2030-10-30 00:00:00
2030-10-31 00:00:00;SO714693;C0012;CS004;563;2030-11-28 00:00:00;2030-11-25 00:00:00;2030-11-03 00:00:00;2030-10-31 00:00:00
2030-10-31 00:00:00;SO986268;C0029;AS001;570;2030-12-26 00:00:00;2031-01-01 00:00:00;2030-11-08 00:00:00;2030-11-14 00:00:00
2030-10-31 00:00:00;SO714693;C0012;AT002;334;2030-11-28 00:00:00;2030-12-03 00:00:00;2030-11-03 00:00:00;2030-11-08 00:00:00
2030-10-31 00:00:00;SO714693;C0012;AS004;1476;2030-11-28 00:00:00;2030-12-02 00:00:00;2030-11-03 00:00:00;2030-11-07 00:00:00
2030-10-31 00:00:00;SO271169;C0005;CT001;1229;2030-12-26 00:00:00;2031-01-05 00:00:00;2030-11-02 00:00:00;2030-11-12 00:00:00
2030-10-31 00:00:00;SO986268;C0029;AS004;778;2030-12-26 00:00:00;2030-12-30 00:00:00;2030-11-08 00:00:00;2030-11-12 00:00:00
2030-10-31 00:00:00;SO271169;C0005;CT003;733;2030-12-26 00:00:00;2030-12-18 00:00:00;2030-11-02 00:00:00;2030-10-25 00:00:00
2030-10-31 00:00:00;SO986268;C0029;AT002;722;2030-12-26 00:00:00;2031-01-01 00:00:00;2030-11-08 00:00:00;2030-11-14 00:00:00
2030-10-31 00:00:00;SO714693;C0012;CL002;1277;2030-11-28 00:00:00;2030-11-26 00:00:00;2030-11-03 00:00:00;2030-11-01 00:00:00
2030-10-31 00:00:00;SO714693;C0012;VS001;1145;2030-11-28 00:00:00;2030-11-26 00:00:00;2030-11-03 00:00:00;2030-11-01 00:00:00
2030-10-31 00:00:00;SO271169;C0005;CL002;842;2030-12-26 00:00:00;2031-01-02 00:00:00;2030-11-02 00:00:00;2030-11-09 00:00:00
2030-11-01 00:00:00;SO685031;C0020;VS001;689;2030-12-27 00:00:00;2030-12-31 00:00:00;2030-11-05 00:00:00;2030-11-09 00:00:00
2030-11-01 00:00:00;SO121626;C0006;CT003;478;2031-01-03 00:00:00;2031-01-07 00:00:00;2030-11-03 00:00:00;2030-11-07 00:00:00
2030-11-01 00:00:00;SO330509;C0022;CS004;435;2030-12-13 00:00:00;2030-12-09 00:00:00;2030-11-05 00:00:00;2030-11-01 00:00:00
2030-11-01 00:00:00;SO210285;C0002;AT001;369;2030-12-06 00:00:00;2030-12-13 00:00:00;2030-11-03 00:00:00;2030-11-10 00:00:00
2030-11-01 00:00:00;SO210285;C0002;CT001;405;2030-12-06 00:00:00;2030-12-08 00:00:00;2030-11-03 00:00:00;2030-11-05 00:00:00
2030-11-01 00:00:00;SO121626;C0006;VS001;441;2031-01-03 00:00:00;2031-01-01 00:00:00;2030-11-03 00:00:00;2030-11-01 00:00:00
2030-11-01 00:00:00;SO330509;C0022;VS005;772;2030-12-13 00:00:00;2030-12-18 00:00:00;2030-11-05 00:00:00;2030-11-10 00:00:00
2030-11-01 00:00:00;SO330509;C0022;AS001;821;2030-12-13 00:00:00;2030-12-05 00:00:00;2030-11-05 00:00:00;2030-10-28 00:00:00
2030-11-01 00:00:00;SO121626;C0006;AS003;663;2031-01-03 00:00:00;2031-01-06 00:00:00;2030-11-03 00:00:00;2030-11-06 00:00:00
2030-11-01 00:00:00;SO330509;C0022;AT002;638;2030-12-13 00:00:00;2030-12-03 00:00:00;2030-11-05 00:00:00;2030-10-26 00:00:00
2030-11-01 00:00:00;SO330509;C0022;AS004;1100;2030-12-13 00:00:00;2030-12-10 00:00:00;2030-11-05 00:00:00;2030-11-02 00:00:00
2030-11-01 00:00:00;SO210285;C0002;CS001;732;2030-12-06 00:00:00;2030-11-28 00:00:00;2030-11-03 00:00:00;2030-10-26 00:00:00
2030-11-01 00:00:00;SO685031;C0020;AS001;1215;2030-12-27 00:00:00;2031-01-04 00:00:00;2030-11-05 00:00:00;2030-11-13 00:00:00
2030-11-01 00:00:00;SO330509;C0022;CT003;1095;2030-12-13 00:00:00;2030-12-13 00:00:00;2030-11-05 00:00:00;2030-11-05 00:00:00
2030-11-01 00:00:00;SO210285;C0002;VS001;1492;2030-12-06 00:00:00;2030-12-16 00:00:00;2030-11-03 00:00:00;2030-11-13 00:00:00
2030-11-01 00:00:00;SO330509;C0022;CL001;1511;2030-12-13 00:00:00;2030-12-22 00:00:00;2030-11-05 00:00:00;2030-11-14 00:00:00
2030-11-01 00:00:00;SO121626;C0006;CS001;950;2031-01-03 00:00:00;2031-01-01 00:00:00;2030-11-03 00:00:00;2030-11-01 00:00:00
2030-11-01 00:00:00;SO210285;C0002;AS003;1027;2030-12-06 00:00:00;2030-12-06 00:00:00;2030-11-03 00:00:00;2030-11-03 00:00:00
2030-11-01 00:00:00;SO121626;C0006;VS002;1237;2031-01-03 00:00:00;2031-01-07 00:00:00;2030-11-03 00:00:00;2030-11-07 00:00:00
2030-11-04 00:00:00;SO472020;C0027;AS003;1176;2030-12-16 00:00:00;2030-12-11 00:00:00;2030-11-12 00:00:00;2030-11-07 00:00:00
2030-11-04 00:00:00;SO9000083;C0012;AT001;638;2030-12-02 00:00:00;2030-12-07 00:00:00;2030-11-07 00:00:00;2030-11-12 00:00:00
2030-11-04 00:00:00;SO9000083;C0012;CT003;680;2030-12-02 00:00:00;2030-11-29 00:00:00;2030-11-07 00:00:00;2030-11-04 00:00:00
2030-11-04 00:00:00;SO9000083;C0012;VS001;1006;2030-12-02 00:00:00;2030-11-26 00:00:00;2030-11-07 00:00:00;2030-11-01 00:00:00
2030-11-04 00:00:00;SO9000083;C0012;AS004;862;2030-12-02 00:00:00;2030-11-22 00:00:00;2030-11-07 00:00:00;2030-10-28 00:00:00
2030-11-04 00:00:00;SO9000083;C0012;CT002;987;2030-12-02 00:00:00;2030-12-07 00:00:00;2030-11-07 00:00:00;2030-11-12 00:00:00
2030-11-04 00:00:00;SO9000083;C0012;CL001;855;2030-12-02 00:00:00;2030-11-23 00:00:00;2030-11-07 00:00:00;2030-10-29 00:00:00
2030-11-04 00:00:00;SO472020;C0027;VS002;1027;2030-12-16 00:00:00;2030-12-26 00:00:00;2030-11-12 00:00:00;2030-11-22 00:00:00
2030-11-04 00:00:00;SO9000083;C0012;VS002;409;2030-12-02 00:00:00;2030-12-05 00:00:00;2030-11-07 00:00:00;2030-11-10 00:00:00
2030-11-04 00:00:00;SO9000083;C0012;AT002;909;2030-12-02 00:00:00;2030-11-22 00:00:00;2030-11-07 00:00:00;2030-10-28 00:00:00
2030-11-04 00:00:00;SO9000083;C0012;CL002;984;2030-12-02 00:00:00;2030-11-27 00:00:00;2030-11-07 00:00:00;2030-11-02 00:00:00
2030-11-04 00:00:00;SO9000083;C0012;CT001;837;2030-12-02 00:00:00;2030-12-10 00:00:00;2030-11-07 00:00:00;2030-11-15 00:00:00
2030-11-04 00:00:00;SO9000083;C0012;CS001;940;2030-12-02 00:00:00;2030-11-28 00:00:00;2030-11-07 00:00:00;2030-11-03 00:00:00
2030-11-05 00:00:00;SO167952;C0005;VS002;1396;2030-12-31 00:00:00;2031-01-09 00:00:00;2030-11-07 00:00:00;2030-11-16 00:00:00
2030-11-05 00:00:00;SO325501;C0023;CS004;971;2030-12-10 00:00:00;2030-12-15 00:00:00;2030-11-09 00:00:00;2030-11-14 00:00:00
2030-11-05 00:00:00;SO325501;C0023;CL001;537;2030-12-10 00:00:00;2030-12-07 00:00:00;2030-11-09 00:00:00;2030-11-06 00:00:00
2030-11-05 00:00:00;SO325501;C0023;CS001;443;2030-12-10 00:00:00;2030-12-11 00:00:00;2030-11-09 00:00:00;2030-11-10 00:00:00
2030-11-05 00:00:00;SO325501;C0023;CS002;953;2030-12-10 00:00:00;2030-12-19 00:00:00;2030-11-09 00:00:00;2030-11-18 00:00:00
2030-11-05 00:00:00;SO325501;C0023;AT001;832;2030-12-10 00:00:00;2030-12-17 00:00:00;2030-11-09 00:00:00;2030-11-16 00:00:00
2030-11-05 00:00:00;SO325501;C0023;AT002;691;2030-12-10 00:00:00;2030-11-30 00:00:00;2030-11-09 00:00:00;2030-10-30 00:00:00
2030-11-05 00:00:00;SO167952;C0005;CT003;540;2030-12-31 00:00:00;2030-12-28 00:00:00;2030-11-07 00:00:00;2030-11-04 00:00:00
2030-11-05 00:00:00;SO325501;C0023;AS003;1045;2030-12-10 00:00:00;2030-12-09 00:00:00;2030-11-09 00:00:00;2030-11-08 00:00:00
2030-11-05 00:00:00;SO325501;C0023;AS001;671;2030-12-10 00:00:00;2030-12-17 00:00:00;2030-11-09 00:00:00;2030-11-16 00:00:00
2030-11-05 00:00:00;SO325501;C0023;CT003;583;2030-12-10 00:00:00;2030-12-19 00:00:00;2030-11-09 00:00:00;2030-11-18 00:00:00
2030-11-05 00:00:00;SO167952;C0005;VS005;471;2030-12-31 00:00:00;2031-01-10 00:00:00;2030-11-07 00:00:00;2030-11-17 00:00:00
2030-11-05 00:00:00;SO167952;C0005;AT002;737;2030-12-31 00:00:00;2030-12-31 00:00:00;2030-11-07 00:00:00;2030-11-07 00:00:00
2030-11-05 00:00:00;SO167952;C0005;CT002;494;2030-12-31 00:00:00;2030-12-22 00:00:00;2030-11-07 00:00:00;2030-10-29 00:00:00
2030-11-06 00:00:00;SO618509;C0013;CT002;393;2030-12-04 00:00:00;2030-12-06 00:00:00;2030-11-10 00:00:00;2030-11-12 00:00:00
2030-11-06 00:00:00;SO786229;C0024;CT003;662;2030-12-04 00:00:00;2030-12-05 00:00:00;2030-11-10 00:00:00;2030-11-11 00:00:00
2030-11-06 00:00:00;SO786229;C0024;CL002;290;2030-12-04 00:00:00;2030-12-03 00:00:00;2030-11-10 00:00:00;2030-11-09 00:00:00
2030-11-06 00:00:00;SO618509;C0013;AS004;544;2030-12-04 00:00:00;2030-12-07 00:00:00;2030-11-10 00:00:00;2030-11-13 00:00:00
2030-11-06 00:00:00;SO618509;C0013;AS003;1165;2030-12-04 00:00:00;2030-12-13 00:00:00;2030-11-10 00:00:00;2030-11-19 00:00:00
2030-11-06 00:00:00;SO618509;C0013;CL001;1371;2030-12-04 00:00:00;2030-11-28 00:00:00;2030-11-10 00:00:00;2030-11-04 00:00:00
2030-11-06 00:00:00;SO618509;C0013;AT002;842;2030-12-04 00:00:00;2030-12-08 00:00:00;2030-11-10 00:00:00;2030-11-14 00:00:00
2030-11-06 00:00:00;SO786229;C0024;AS003;1230;2030-12-04 00:00:00;2030-12-02 00:00:00;2030-11-10 00:00:00;2030-11-08 00:00:00
2030-11-06 00:00:00;SO786229;C0024;AT002;615;2030-12-04 00:00:00;2030-12-08 00:00:00;2030-11-10 00:00:00;2030-11-14 00:00:00
2030-11-06 00:00:00;SO618509;C0013;AT001;894;2030-12-04 00:00:00;2030-11-25 00:00:00;2030-11-10 00:00:00;2030-11-01 00:00:00
2030-11-06 00:00:00;SO618509;C0013;CS002;1002;2030-12-04 00:00:00;2030-12-06 00:00:00;2030-11-10 00:00:00;2030-11-12 00:00:00
2030-11-06 00:00:00;SO786229;C0024;CT002;707;2030-12-04 00:00:00;2030-11-27 00:00:00;2030-11-10 00:00:00;2030-11-03 00:00:00
2030-11-06 00:00:00;SO786229;C0024;AS004;714;2030-12-04 00:00:00;2030-12-08 00:00:00;2030-11-10 00:00:00;2030-11-14 00:00:00
2030-11-06 00:00:00;SO618509;C0013;CS004;799;2030-12-04 00:00:00;2030-12-03 00:00:00;2030-11-10 00:00:00;2030-11-09 00:00:00
2030-11-06 00:00:00;SO618509;C0013;CT003;461;2030-12-04 00:00:00;2030-12-08 00:00:00;2030-11-10 00:00:00;2030-11-14 00:00:00
2030-11-06 00:00:00;SO786229;C0024;CT001;1041;2030-12-04 00:00:00;2030-12-01 00:00:00;2030-11-10 00:00:00;2030-11-07 00:00:00
2030-11-06 00:00:00;SO618509;C0013;VS001;1310;2030-12-04 00:00:00;2030-12-13 00:00:00;2030-11-10 00:00:00;2030-11-19 00:00:00
2030-11-06 00:00:00;SO618509;C0013;AS001;419;2030-12-04 00:00:00;2030-11-28 00:00:00;2030-11-10 00:00:00;2030-11-04 00:00:00
2030-11-06 00:00:00;SO618509;C0013;VS002;378;2030-12-04 00:00:00;2030-11-24 00:00:00;2030-11-10 00:00:00;2030-10-31 00:00:00
2030-11-06 00:00:00;SO618509;C0013;CL002;983;2030-12-04 00:00:00;2030-12-02 00:00:00;2030-11-10 00:00:00;2030-11-08 00:00:00
2030-11-07 00:00:00;SO367845;C0030;VS002;279;2031-01-09 00:00:00;2031-01-14 00:00:00;2030-11-15 00:00:00;2030-11-20 00:00:00
2030-11-07 00:00:00;SO747164;C0007;CS002;1087;2031-01-09 00:00:00;2031-01-10 00:00:00;2030-11-10 00:00:00;2030-11-11 00:00:00
2030-11-07 00:00:00;SO739545;C0019;VS005;1024;2031-01-09 00:00:00;2031-01-18 00:00:00;2030-11-11 00:00:00;2030-11-20 00:00:00
2030-11-07 00:00:00;SO739545;C0019;AT002;995;2031-01-09 00:00:00;2031-01-02 00:00:00;2030-11-11 00:00:00;2030-11-04 00:00:00
2030-11-07 00:00:00;SO747164;C0007;CS004;589;2031-01-09 00:00:00;2031-01-07 00:00:00;2030-11-10 00:00:00;2030-11-08 00:00:00
2030-11-07 00:00:00;SO739545;C0019;CT002;817;2031-01-09 00:00:00;2030-12-30 00:00:00;2030-11-11 00:00:00;2030-11-01 00:00:00
2030-11-07 00:00:00;SO747164;C0007;CL001;467;2031-01-09 00:00:00;2031-01-01 00:00:00;2030-11-10 00:00:00;2030-11-02 00:00:00
2030-11-07 00:00:00;SO367845;C0030;CL002;1089;2031-01-09 00:00:00;2031-01-16 00:00:00;2030-11-15 00:00:00;2030-11-22 00:00:00
2030-11-07 00:00:00;SO367845;C0030;AS004;1384;2031-01-09 00:00:00;2031-01-12 00:00:00;2030-11-15 00:00:00;2030-11-18 00:00:00
2030-11-07 00:00:00;SO367845;C0030;CT002;579;2031-01-09 00:00:00;2030-12-30 00:00:00;2030-11-15 00:00:00;2030-11-05 00:00:00
2030-11-07 00:00:00;SO739545;C0019;CT003;831;2031-01-09 00:00:00;2031-01-08 00:00:00;2030-11-11 00:00:00;2030-11-10 00:00:00
2030-11-07 00:00:00;SO739545;C0019;CS001;549;2031-01-09 00:00:00;2031-01-17 00:00:00;2030-11-11 00:00:00;2030-11-19 00:00:00
2030-11-07 00:00:00;SO367845;C0030;CS004;1356;2031-01-09 00:00:00;2031-01-11 00:00:00;2030-11-15 00:00:00;2030-11-17 00:00:00
2030-11-07 00:00:00;SO367845;C0030;VS001;549;2031-01-09 00:00:00;2031-01-15 00:00:00;2030-11-15 00:00:00;2030-11-21 00:00:00
2030-11-07 00:00:00;SO367845;C0030;AS001;401;2031-01-09 00:00:00;2031-01-10 00:00:00;2030-11-15 00:00:00;2030-11-16 00:00:00
2030-11-07 00:00:00;SO367845;C0030;AT001;1190;2031-01-09 00:00:00;2031-01-16 00:00:00;2030-11-15 00:00:00;2030-11-22 00:00:00
2030-11-07 00:00:00;SO739545;C0019;CL001;1130;2031-01-09 00:00:00;2031-01-14 00:00:00;2030-11-11 00:00:00;2030-11-16 00:00:00
2030-11-07 00:00:00;SO747164;C0007;AS001;408;2031-01-09 00:00:00;2031-01-08 00:00:00;2030-11-10 00:00:00;2030-11-09 00:00:00
2030-11-08 00:00:00;SO478790;C0030;CS001;566;2031-01-10 00:00:00;2030-12-31 00:00:00;2030-11-16 00:00:00;2030-11-06 00:00:00
2030-11-08 00:00:00;SO523846;C0020;VS005;1145;2031-01-03 00:00:00;2031-01-06 00:00:00;2030-11-12 00:00:00;2030-11-15 00:00:00
2030-11-08 00:00:00;SO382721;C0019;AS004;895;2031-01-10 00:00:00;2031-01-16 00:00:00;2030-11-12 00:00:00;2030-11-18 00:00:00
2030-11-08 00:00:00;SO382721;C0019;AS001;1293;2031-01-10 00:00:00;2031-01-01 00:00:00;2030-11-12 00:00:00;2030-11-03 00:00:00
2030-11-08 00:00:00;SO382721;C0019;CT002;758;2031-01-10 00:00:00;2031-01-16 00:00:00;2030-11-12 00:00:00;2030-11-18 00:00:00
2030-11-08 00:00:00;SO523846;C0020;CS004;721;2031-01-03 00:00:00;2030-12-24 00:00:00;2030-11-12 00:00:00;2030-11-02 00:00:00
2030-11-08 00:00:00;SO523846;C0020;AS003;987;2031-01-03 00:00:00;2030-12-25 00:00:00;2030-11-12 00:00:00;2030-11-03 00:00:00
2030-11-08 00:00:00;SO382721;C0019;VS001;1145;2031-01-10 00:00:00;2030-12-31 00:00:00;2030-11-12 00:00:00;2030-11-02 00:00:00
2030-11-08 00:00:00;SO382721;C0019;CL001;1034;2031-01-10 00:00:00;2031-01-19 00:00:00;2030-11-12 00:00:00;2030-11-21 00:00:00
2030-11-08 00:00:00;SO523846;C0020;VS001;692;2031-01-03 00:00:00;2030-12-28 00:00:00;2030-11-12 00:00:00;2030-11-06 00:00:00
2030-11-08 00:00:00;SO523846;C0020;AT001;1186;2031-01-03 00:00:00;2030-12-31 00:00:00;2030-11-12 00:00:00;2030-11-09 00:00:00
2030-11-08 00:00:00;SO478790;C0030;AS003;784;2031-01-10 00:00:00;2031-01-06 00:00:00;2030-11-16 00:00:00;2030-11-12 00:00:00
2030-11-08 00:00:00;SO382721;C0019;AT001;1532;2031-01-10 00:00:00;2031-01-11 00:00:00;2030-11-12 00:00:00;2030-11-13 00:00:00
2030-11-08 00:00:00;SO478790;C0030;AS004;615;2031-01-10 00:00:00;2031-01-07 00:00:00;2030-11-16 00:00:00;2030-11-13 00:00:00
2030-11-08 00:00:00;SO523846;C0020;CT003;961;2031-01-03 00:00:00;2030-12-25 00:00:00;2030-11-12 00:00:00;2030-11-03 00:00:00
2030-11-11 00:00:00;SO413947;C0028;AS001;443;2030-11-25 00:00:00;2030-11-29 00:00:00;2030-11-19 00:00:00;2030-11-23 00:00:00
2030-11-11 00:00:00;SO631260;C0011;VS001;474;2030-12-16 00:00:00;2030-12-09 00:00:00;2030-11-14 00:00:00;2030-11-07 00:00:00
2030-11-11 00:00:00;SO957302;C0021;AT001;505;2030-11-25 00:00:00;2030-11-16 00:00:00;2030-11-15 00:00:00;2030-11-06 00:00:00
2030-11-11 00:00:00;SO554504;C0026;AS004;633;2030-12-16 00:00:00;2030-12-20 00:00:00;2030-11-19 00:00:00;2030-11-23 00:00:00
2030-11-11 00:00:00;SO631260;C0011;VS002;559;2030-12-16 00:00:00;2030-12-23 00:00:00;2030-11-14 00:00:00;2030-11-21 00:00:00
2030-11-11 00:00:00;SO413947;C0028;CS001;664;2030-11-25 00:00:00;2030-11-23 00:00:00;2030-11-19 00:00:00;2030-11-17 00:00:00
2030-11-11 00:00:00;SO631260;C0011;CS002;984;2030-12-16 00:00:00;2030-12-18 00:00:00;2030-11-14 00:00:00;2030-11-16 00:00:00
2030-11-11 00:00:00;SO957302;C0021;CT002;873;2030-11-25 00:00:00;2030-12-03 00:00:00;2030-11-15 00:00:00;2030-11-23 00:00:00
2030-11-11 00:00:00;SO631260;C0011;AT002;1002;2030-12-16 00:00:00;2030-12-06 00:00:00;2030-11-14 00:00:00;2030-11-04 00:00:00
2030-11-11 00:00:00;SO631260;C0011;AS004;1150;2030-12-16 00:00:00;2030-12-08 00:00:00;2030-11-14 00:00:00;2030-11-06 00:00:00
2030-11-11 00:00:00;SO554504;C0026;AS001;1001;2030-12-16 00:00:00;2030-12-24 00:00:00;2030-11-19 00:00:00;2030-11-27 00:00:00
2030-11-11 00:00:00;SO957302;C0021;AS003;505;2030-11-25 00:00:00;2030-12-03 00:00:00;2030-11-15 00:00:00;2030-11-23 00:00:00
2030-11-11 00:00:00;SO631260;C0011;CL002;597;2030-12-16 00:00:00;2030-12-22 00:00:00;2030-11-14 00:00:00;2030-11-20 00:00:00
2030-11-11 00:00:00;SO554504;C0026;VS001;1148;2030-12-16 00:00:00;2030-12-08 00:00:00;2030-11-19 00:00:00;2030-11-11 00:00:00
2030-11-11 00:00:00;SO554504;C0026;CS001;811;2030-12-16 00:00:00;2030-12-08 00:00:00;2030-11-19 00:00:00;2030-11-11 00:00:00
2030-11-11 00:00:00;SO631260;C0011;CT001;578;2030-12-16 00:00:00;2030-12-10 00:00:00;2030-11-14 00:00:00;2030-11-08 00:00:00
2030-11-11 00:00:00;SO631260;C0011;CT003;921;2030-12-16 00:00:00;2030-12-17 00:00:00;2030-11-14 00:00:00;2030-11-15 00:00:00
2030-11-11 00:00:00;SO631260;C0011;CT002;750;2030-12-16 00:00:00;2030-12-26 00:00:00;2030-11-14 00:00:00;2030-11-24 00:00:00
2030-11-12 00:00:00;SO597290;C0010;CT002;655;2030-12-24 00:00:00;2030-12-30 00:00:00;2030-11-15 00:00:00;2030-11-21 00:00:00
2030-11-12 00:00:00;SO958563;C0016;CL002;925;2030-11-26 00:00:00;2030-12-04 00:00:00;2030-11-16 00:00:00;2030-11-24 00:00:00
2030-11-12 00:00:00;SO726048;C0018;CT001;393;2031-01-14 00:00:00;2031-01-06 00:00:00;2030-11-16 00:00:00;2030-11-08 00:00:00
2030-11-12 00:00:00;SO726048;C0018;AS004;1176;2031-01-14 00:00:00;2031-01-16 00:00:00;2030-11-16 00:00:00;2030-11-18 00:00:00
2030-11-12 00:00:00;SO726048;C0018;CT003;1138;2031-01-14 00:00:00;2031-01-21 00:00:00;2030-11-16 00:00:00;2030-11-23 00:00:00
2030-11-12 00:00:00;SO958563;C0016;CT003;891;2030-11-26 00:00:00;2030-11-21 00:00:00;2030-11-16 00:00:00;2030-11-11 00:00:00
2030-11-12 00:00:00;SO726048;C0018;VS001;950;2031-01-14 00:00:00;2031-01-12 00:00:00;2030-11-16 00:00:00;2030-11-14 00:00:00
2030-11-12 00:00:00;SO597290;C0010;AT002;522;2030-12-24 00:00:00;2031-01-02 00:00:00;2030-11-15 00:00:00;2030-11-24 00:00:00
2030-11-12 00:00:00;SO958563;C0016;AT001;1480;2030-11-26 00:00:00;2030-11-19 00:00:00;2030-11-16 00:00:00;2030-11-09 00:00:00
2030-11-12 00:00:00;SO726048;C0018;CS004;515;2031-01-14 00:00:00;2031-01-07 00:00:00;2030-11-16 00:00:00;2030-11-09 00:00:00
2030-11-12 00:00:00;SO726048;C0018;AT001;1418;2031-01-14 00:00:00;2031-01-23 00:00:00;2030-11-16 00:00:00;2030-11-25 00:00:00
2030-11-12 00:00:00;SO958563;C0016;VS002;544;2030-11-26 00:00:00;2030-11-29 00:00:00;2030-11-16 00:00:00;2030-11-19 00:00:00
2030-11-13 00:00:00;SO818293;C0002;CS004;1060;2030-12-18 00:00:00;2030-12-28 00:00:00;2030-11-15 00:00:00;2030-11-25 00:00:00
2030-11-13 00:00:00;SO572712;C0011;CL002;1056;2030-12-18 00:00:00;2030-12-15 00:00:00;2030-11-16 00:00:00;2030-11-13 00:00:00
2030-11-13 00:00:00;SO271411;C0004;CL002;1242;2030-11-27 00:00:00;2030-12-01 00:00:00;2030-11-15 00:00:00;2030-11-19 00:00:00
2030-11-13 00:00:00;SO271411;C0004;CT003;1400;2030-11-27 00:00:00;2030-11-21 00:00:00;2030-11-15 00:00:00;2030-11-09 00:00:00
2030-11-13 00:00:00;SO818293;C0002;CL002;453;2030-12-18 00:00:00;2030-12-27 00:00:00;2030-11-15 00:00:00;2030-11-24 00:00:00
2030-11-13 00:00:00;SO271411;C0004;AT002;744;2030-11-27 00:00:00;2030-12-04 00:00:00;2030-11-15 00:00:00;2030-11-22 00:00:00
2030-11-13 00:00:00;SO572712;C0011;AS001;984;2030-12-18 00:00:00;2030-12-18 00:00:00;2030-11-16 00:00:00;2030-11-16 00:00:00
2030-11-13 00:00:00;SO572712;C0011;CT001;545;2030-12-18 00:00:00;2030-12-24 00:00:00;2030-11-16 00:00:00;2030-11-22 00:00:00
2030-11-13 00:00:00;SO572712;C0011;CS001;555;2030-12-18 00:00:00;2030-12-18 00:00:00;2030-11-16 00:00:00;2030-11-16 00:00:00
2030-11-13 00:00:00;SO271411;C0004;AS004;673;2030-11-27 00:00:00;2030-11-18 00:00:00;2030-11-15 00:00:00;2030-11-06 00:00:00
2030-11-13 00:00:00;SO572712;C0011;CT003;1369;2030-12-18 00:00:00;2030-12-28 00:00:00;2030-11-16 00:00:00;2030-11-26 00:00:00
2030-11-13 00:00:00;SO572712;C0011;CS002;397;2030-12-18 00:00:00;2030-12-22 00:00:00;2030-11-16 00:00:00;2030-11-20 00:00:00
2030-11-13 00:00:00;SO271411;C0004;CT001;924;2030-11-27 00:00:00;2030-11-23 00:00:00;2030-11-15 00:00:00;2030-11-11 00:00:00
2030-11-13 00:00:00;SO572712;C0011;VS001;1204;2030-12-18 00:00:00;2030-12-12 00:00:00;2030-11-16 00:00:00;2030-11-10 00:00:00
2030-11-13 00:00:00;SO818293;C0002;CS002;1046;2030-12-18 00:00:00;2030-12-14 00:00:00;2030-11-15 00:00:00;2030-11-11 00:00:00
2030-11-13 00:00:00;SO818293;C0002;CT003;966;2030-12-18 00:00:00;2030-12-26 00:00:00;2030-11-15 00:00:00;2030-11-23 00:00:00
2030-11-13 00:00:00;SO818293;C0002;AT001;468;2030-12-18 00:00:00;2030-12-22 00:00:00;2030-11-15 00:00:00;2030-11-19 00:00:00
2030-11-13 00:00:00;SO572712;C0011;CT002;649;2030-12-18 00:00:00;2030-12-18 00:00:00;2030-11-16 00:00:00;2030-11-16 00:00:00
2030-11-13 00:00:00;SO271411;C0004;CL001;489;2030-11-27 00:00:00;2030-11-18 00:00:00;2030-11-15 00:00:00;2030-11-06 00:00:00
2030-11-14 00:00:00;SO584173;C0014;AS004;295;2030-12-19 00:00:00;2030-12-24 00:00:00;2030-11-18 00:00:00;2030-11-23 00:00:00
2030-11-14 00:00:00;SO205392;C0023;CT003;1240;2030-12-19 00:00:00;2030-12-17 00:00:00;2030-11-18 00:00:00;2030-11-16 00:00:00
2030-11-14 00:00:00;SO931014;C0029;AS003;1076;2031-01-09 00:00:00;2031-01-03 00:00:00;2030-11-22 00:00:00;2030-11-16 00:00:00
2030-11-14 00:00:00;SO640447;C0010;CL001;588;2030-12-26 00:00:00;2030-12-23 00:00:00;2030-11-17 00:00:00;2030-11-14 00:00:00
2030-11-14 00:00:00;SO584173;C0014;AT002;1038;2030-12-19 00:00:00;2030-12-29 00:00:00;2030-11-18 00:00:00;2030-11-28 00:00:00
2030-11-14 00:00:00;SO584173;C0014;VS005;835;2030-12-19 00:00:00;2030-12-24 00:00:00;2030-11-18 00:00:00;2030-11-23 00:00:00
2030-11-14 00:00:00;SO931014;C0029;CT003;804;2031-01-09 00:00:00;2031-01-16 00:00:00;2030-11-22 00:00:00;2030-11-29 00:00:00
2030-11-14 00:00:00;SO931014;C0029;VS002;1023;2031-01-09 00:00:00;2031-01-14 00:00:00;2030-11-22 00:00:00;2030-11-27 00:00:00
2030-11-14 00:00:00;SO205392;C0023;CL002;491;2030-12-19 00:00:00;2030-12-09 00:00:00;2030-11-18 00:00:00;2030-11-08 00:00:00
2030-11-14 00:00:00;SO931014;C0029;CL002;323;2031-01-09 00:00:00;2031-01-16 00:00:00;2030-11-22 00:00:00;2030-11-29 00:00:00
2030-11-14 00:00:00;SO640447;C0010;AS003;1002;2030-12-26 00:00:00;2031-01-02 00:00:00;2030-11-17 00:00:00;2030-11-24 00:00:00
2030-11-14 00:00:00;SO584173;C0014;CT002;1241;2030-12-19 00:00:00;2030-12-21 00:00:00;2030-11-18 00:00:00;2030-11-20 00:00:00
2030-11-14 00:00:00;SO931014;C0029;CT001;1245;2031-01-09 00:00:00;2031-01-09 00:00:00;2030-11-22 00:00:00;2030-11-22 00:00:00
2030-11-14 00:00:00;SO640447;C0010;VS005;1091;2030-12-26 00:00:00;2030-12-22 00:00:00;2030-11-17 00:00:00;2030-11-13 00:00:00
2030-11-14 00:00:00;SO205392;C0023;VS002;1174;2030-12-19 00:00:00;2030-12-29 00:00:00;2030-11-18 00:00:00;2030-11-28 00:00:00
2030-11-14 00:00:00;SO931014;C0029;CS001;586;2031-01-09 00:00:00;2031-01-10 00:00:00;2030-11-22 00:00:00;2030-11-23 00:00:00
2030-11-14 00:00:00;SO205392;C0023;AT002;1119;2030-12-19 00:00:00;2030-12-26 00:00:00;2030-11-18 00:00:00;2030-11-25 00:00:00
2030-11-14 00:00:00;SO584173;C0014;AS003;641;2030-12-19 00:00:00;2030-12-12 00:00:00;2030-11-18 00:00:00;2030-11-11 00:00:00
2030-11-14 00:00:00;SO931014;C0029;AS001;611;2031-01-09 00:00:00;2031-01-06 00:00:00;2030-11-22 00:00:00;2030-11-19 00:00:00
2030-11-15 00:00:00;SO432487;C0011;AT001;511;2030-12-20 00:00:00;2030-12-18 00:00:00;2030-11-18 00:00:00;2030-11-16 00:00:00
2030-11-15 00:00:00;SO817816;C0022;CL001;574;2030-12-27 00:00:00;2030-12-28 00:00:00;2030-11-19 00:00:00;2030-11-20 00:00:00
2030-11-15 00:00:00;SO295404;C0014;CL001;868;2030-12-20 00:00:00;2030-12-24 00:00:00;2030-11-19 00:00:00;2030-11-23 00:00:00
2030-11-15 00:00:00;SO614476;C0024;AS003;649;2030-12-13 00:00:00;2030-12-18 00:00:00;2030-11-19 00:00:00;2030-11-24 00:00:00
2030-11-15 00:00:00;SO817816;C0022;AT002;1111;2030-12-27 00:00:00;2030-12-27 00:00:00;2030-11-19 00:00:00;2030-11-19 00:00:00
2030-11-15 00:00:00;SO614476;C0024;VS001;1053;2030-12-13 00:00:00;2030-12-09 00:00:00;2030-11-19 00:00:00;2030-11-15 00:00:00
2030-11-15 00:00:00;SO614476;C0024;AT002;763;2030-12-13 00:00:00;2030-12-07 00:00:00;2030-11-19 00:00:00;2030-11-13 00:00:00
2030-11-15 00:00:00;SO614476;C0024;CS004;1245;2030-12-13 00:00:00;2030-12-05 00:00:00;2030-11-19 00:00:00;2030-11-11 00:00:00
2030-11-15 00:00:00;SO432487;C0011;VS002;942;2030-12-20 00:00:00;2030-12-23 00:00:00;2030-11-18 00:00:00;2030-11-21 00:00:00
2030-11-15 00:00:00;SO295404;C0014;VS002;1036;2030-12-20 00:00:00;2030-12-21 00:00:00;2030-11-19 00:00:00;2030-11-20 00:00:00
2030-11-15 00:00:00;SO432487;C0011;CT002;1219;2030-12-20 00:00:00;2030-12-15 00:00:00;2030-11-18 00:00:00;2030-11-13 00:00:00
2030-11-15 00:00:00;SO614476;C0024;AS001;973;2030-12-13 00:00:00;2030-12-07 00:00:00;2030-11-19 00:00:00;2030-11-13 00:00:00
2030-11-15 00:00:00;SO817816;C0022;CT001;1160;2030-12-27 00:00:00;2030-12-25 00:00:00;2030-11-19 00:00:00;2030-11-17 00:00:00
2030-11-15 00:00:00;SO432487;C0011;AS003;1098;2030-12-20 00:00:00;2030-12-16 00:00:00;2030-11-18 00:00:00;2030-11-14 00:00:00
2030-11-15 00:00:00;SO432487;C0011;CT003;1281;2030-12-20 00:00:00;2030-12-27 00:00:00;2030-11-18 00:00:00;2030-11-25 00:00:00
2030-11-15 00:00:00;SO817816;C0022;CT002;397;2030-12-27 00:00:00;2030-12-21 00:00:00;2030-11-19 00:00:00;2030-11-13 00:00:00
2030-11-15 00:00:00;SO432487;C0011;CS001;529;2030-12-20 00:00:00;2030-12-29 00:00:00;2030-11-18 00:00:00;2030-11-27 00:00:00
2030-11-18 00:00:00;SO392891;C0002;AS001;671;2030-12-23 00:00:00;2030-12-30 00:00:00;2030-11-20 00:00:00;2030-11-27 00:00:00
2030-11-18 00:00:00;SO670338;C0019;AS004;416;2031-01-20 00:00:00;2031-01-11 00:00:00;2030-11-22 00:00:00;2030-11-13 00:00:00
2030-11-18 00:00:00;SO183079;C0026;CL002;534;2030-12-23 00:00:00;2030-12-29 00:00:00;2030-11-26 00:00:00;2030-12-02 00:00:00
2030-11-18 00:00:00;SO784430;C0022;AS003;1447;2030-12-30 00:00:00;2030-12-30 00:00:00;2030-11-22 00:00:00;2030-11-22 00:00:00
2030-11-18 00:00:00;SO784430;C0022;AS001;923;2030-12-30 00:00:00;2031-01-03 00:00:00;2030-11-22 00:00:00;2030-11-26 00:00:00
2030-11-18 00:00:00;SO784430;C0022;CL001;367;2030-12-30 00:00:00;2030-12-27 00:00:00;2030-11-22 00:00:00;2030-11-19 00:00:00
2030-11-18 00:00:00;SO392891;C0002;AS003;1156;2030-12-23 00:00:00;2030-12-22 00:00:00;2030-11-20 00:00:00;2030-11-19 00:00:00
2030-11-18 00:00:00;SO183079;C0026;CS001;570;2030-12-23 00:00:00;2030-12-27 00:00:00;2030-11-26 00:00:00;2030-11-30 00:00:00
2030-11-18 00:00:00;SO392891;C0002;AS004;1426;2030-12-23 00:00:00;2030-12-26 00:00:00;2030-11-20 00:00:00;2030-11-23 00:00:00
2030-11-18 00:00:00;SO784430;C0022;CL002;832;2030-12-30 00:00:00;2030-12-31 00:00:00;2030-11-22 00:00:00;2030-11-23 00:00:00
2030-11-18 00:00:00;SO784430;C0022;VS001;1348;2030-12-30 00:00:00;2031-01-09 00:00:00;2030-11-22 00:00:00;2030-12-02 00:00:00
2030-11-18 00:00:00;SO392891;C0002;AT001;636;2030-12-23 00:00:00;2030-12-29 00:00:00;2030-11-20 00:00:00;2030-11-26 00:00:00
2030-11-18 00:00:00;SO784430;C0022;CT003;574;2030-12-30 00:00:00;2030-12-27 00:00:00;2030-11-22 00:00:00;2030-11-19 00:00:00
2030-11-18 00:00:00;SO392891;C0002;CT001;1028;2030-12-23 00:00:00;2030-12-13 00:00:00;2030-11-20 00:00:00;2030-11-10 00:00:00
2030-11-18 00:00:00;SO183079;C0026;CT003;645;2030-12-23 00:00:00;2030-12-16 00:00:00;2030-11-26 00:00:00;2030-11-19 00:00:00
2030-11-18 00:00:00;SO392891;C0002;CL002;701;2030-12-23 00:00:00;2030-12-23 00:00:00;2030-11-20 00:00:00;2030-11-20 00:00:00
2030-11-18 00:00:00;SO784430;C0022;AS004;594;2030-12-30 00:00:00;2030-12-22 00:00:00;2030-11-22 00:00:00;2030-11-14 00:00:00
2030-11-18 00:00:00;SO784430;C0022;CS004;1002;2030-12-30 00:00:00;2031-01-09 00:00:00;2030-11-22 00:00:00;2030-12-02 00:00:00
2030-11-18 00:00:00;SO392891;C0002;CL001;787;2030-12-23 00:00:00;2030-12-21 00:00:00;2030-11-20 00:00:00;2030-11-18 00:00:00
2030-11-18 00:00:00;SO183079;C0026;AT001;1017;2030-12-23 00:00:00;2030-12-16 00:00:00;2030-11-26 00:00:00;2030-11-19 00:00:00
2030-11-19 00:00:00;SO227226;C0030;VS002;865;2031-01-21 00:00:00;2031-01-16 00:00:00;2030-11-27 00:00:00;2030-11-22 00:00:00
2030-11-19 00:00:00;SO945004;C0006;CL002;1288;2031-01-21 00:00:00;2031-01-16 00:00:00;2030-11-21 00:00:00;2030-11-16 00:00:00
2030-11-19 00:00:00;SO603457;C0017;CT003;696;2031-01-14 00:00:00;2031-01-15 00:00:00;2030-11-23 00:00:00;2030-11-24 00:00:00
2030-11-19 00:00:00;SO227226;C0030;VS001;1268;2031-01-21 00:00:00;2031-01-31 00:00:00;2030-11-27 00:00:00;2030-12-07 00:00:00
2030-11-19 00:00:00;SO945004;C0006;AT001;846;2031-01-21 00:00:00;2031-01-15 00:00:00;2030-11-21 00:00:00;2030-11-15 00:00:00
2030-11-19 00:00:00;SO603457;C0017;AT002;1101;2031-01-14 00:00:00;2031-01-18 00:00:00;2030-11-23 00:00:00;2030-11-27 00:00:00
2030-11-19 00:00:00;SO945004;C0006;VS005;1257;2031-01-21 00:00:00;2031-01-25 00:00:00;2030-11-21 00:00:00;2030-11-25 00:00:00
2030-11-19 00:00:00;SO945004;C0006;VS001;929;2031-01-21 00:00:00;2031-01-17 00:00:00;2030-11-21 00:00:00;2030-11-17 00:00:00
2030-11-19 00:00:00;SO945004;C0006;VS002;651;2031-01-21 00:00:00;2031-01-21 00:00:00;2030-11-21 00:00:00;2030-11-21 00:00:00
2030-11-19 00:00:00;SO603457;C0017;CS001;313;2031-01-14 00:00:00;2031-01-11 00:00:00;2030-11-23 00:00:00;2030-11-20 00:00:00
2030-11-19 00:00:00;SO227226;C0030;AS003;1167;2031-01-21 00:00:00;2031-01-15 00:00:00;2030-11-27 00:00:00;2030-11-21 00:00:00
2030-11-19 00:00:00;SO227226;C0030;AS004;1085;2031-01-21 00:00:00;2031-01-14 00:00:00;2030-11-27 00:00:00;2030-11-20 00:00:00
2030-11-19 00:00:00;SO227226;C0030;CS002;966;2031-01-21 00:00:00;2031-01-30 00:00:00;2030-11-27 00:00:00;2030-12-06 00:00:00
2030-11-19 00:00:00;SO945004;C0006;CS002;695;2031-01-21 00:00:00;2031-01-27 00:00:00;2030-11-21 00:00:00;2030-11-27 00:00:00
2030-11-19 00:00:00;SO945004;C0006;CS001;965;2031-01-21 00:00:00;2031-01-28 00:00:00;2030-11-21 00:00:00;2030-11-28 00:00:00
2030-11-19 00:00:00;SO945004;C0006;CL001;1054;2031-01-21 00:00:00;2031-01-20 00:00:00;2030-11-21 00:00:00;2030-11-20 00:00:00
2030-11-19 00:00:00;SO227226;C0030;CL001;940;2031-01-21 00:00:00;2031-01-23 00:00:00;2030-11-27 00:00:00;2030-11-29 00:00:00
2030-11-19 00:00:00;SO945004;C0006;AS001;412;2031-01-21 00:00:00;2031-01-15 00:00:00;2030-11-21 00:00:00;2030-11-15 00:00:00
2030-11-20 00:00:00;SO995619;C0026;CT001;913;2030-12-25 00:00:00;2031-01-02 00:00:00;2030-11-28 00:00:00;2030-12-06 00:00:00
2030-11-20 00:00:00;SO349674;C0020;CT002;450;2031-01-15 00:00:00;2031-01-06 00:00:00;2030-11-24 00:00:00;2030-11-15 00:00:00
2030-11-20 00:00:00;SO233035;C0029;AS001;1076;2031-01-15 00:00:00;2031-01-09 00:00:00;2030-11-28 00:00:00;2030-11-22 00:00:00
2030-11-20 00:00:00;SO233035;C0029;CS002;1001;2031-01-15 00:00:00;2031-01-12 00:00:00;2030-11-28 00:00:00;2030-11-25 00:00:00
2030-11-20 00:00:00;SO995619;C0026;CL002;851;2030-12-25 00:00:00;2031-01-03 00:00:00;2030-11-28 00:00:00;2030-12-07 00:00:00
2030-11-20 00:00:00;SO349674;C0020;AS001;928;2031-01-15 00:00:00;2031-01-22 00:00:00;2030-11-24 00:00:00;2030-12-01 00:00:00
2030-11-20 00:00:00;SO233035;C0029;AT001;815;2031-01-15 00:00:00;2031-01-08 00:00:00;2030-11-28 00:00:00;2030-11-21 00:00:00
2030-11-20 00:00:00;SO233035;C0029;CL002;1174;2031-01-15 00:00:00;2031-01-07 00:00:00;2030-11-28 00:00:00;2030-11-20 00:00:00
2030-11-20 00:00:00;SO995619;C0026;VS001;781;2030-12-25 00:00:00;2030-12-18 00:00:00;2030-11-28 00:00:00;2030-11-21 00:00:00
2030-11-20 00:00:00;SO233035;C0029;AS003;988;2031-01-15 00:00:00;2031-01-11 00:00:00;2030-11-28 00:00:00;2030-11-24 00:00:00
2030-11-20 00:00:00;SO233035;C0029;CS004;778;2031-01-15 00:00:00;2031-01-24 00:00:00;2030-11-28 00:00:00;2030-12-07 00:00:00
2030-11-20 00:00:00;SO995619;C0026;CS001;351;2030-12-25 00:00:00;2030-12-29 00:00:00;2030-11-28 00:00:00;2030-12-02 00:00:00
2030-11-20 00:00:00;SO995619;C0026;VS002;774;2030-12-25 00:00:00;2030-12-29 00:00:00;2030-11-28 00:00:00;2030-12-02 00:00:00
2030-11-20 00:00:00;SO995619;C0026;CS004;1238;2030-12-25 00:00:00;2030-12-24 00:00:00;2030-11-28 00:00:00;2030-11-27 00:00:00
2030-11-20 00:00:00;SO349674;C0020;CS001;406;2031-01-15 00:00:00;2031-01-21 00:00:00;2030-11-24 00:00:00;2030-11-30 00:00:00
2030-11-20 00:00:00;SO349674;C0020;CT001;1056;2031-01-15 00:00:00;2031-01-23 00:00:00;2030-11-24 00:00:00;2030-12-02 00:00:00
2030-11-20 00:00:00;SO233035;C0029;CT001;681;2031-01-15 00:00:00;2031-01-05 00:00:00;2030-11-28 00:00:00;2030-11-18 00:00:00
2030-11-20 00:00:00;SO995619;C0026;CT003;929;2030-12-25 00:00:00;2030-12-21 00:00:00;2030-11-28 00:00:00;2030-11-24 00:00:00
2030-11-20 00:00:00;SO233035;C0029;CL001;1499;2031-01-15 00:00:00;2031-01-06 00:00:00;2030-11-28 00:00:00;2030-11-19 00:00:00
2030-11-21 00:00:00;SO754443;C0003;CT001;842;2031-01-02 00:00:00;2030-12-23 00:00:00;2030-11-23 00:00:00;2030-11-13 00:00:00
2030-11-21 00:00:00;SO304895;C0021;AS003;1135;2030-12-05 00:00:00;2030-12-07 00:00:00;2030-11-25 00:00:00;2030-11-27 00:00:00
2030-11-21 00:00:00;SO754443;C0003;CL001;969;2031-01-02 00:00:00;2030-12-27 00:00:00;2030-11-23 00:00:00;2030-11-17 00:00:00
2030-11-21 00:00:00;SO754443;C0003;CL002;1036;2031-01-02 00:00:00;2030-12-24 00:00:00;2030-11-23 00:00:00;2030-11-14 00:00:00
2030-11-21 00:00:00;SO304895;C0021;CS004;516;2030-12-05 00:00:00;2030-12-09 00:00:00;2030-11-25 00:00:00;2030-11-29 00:00:00
2030-11-21 00:00:00;SO304895;C0021;AS004;633;2030-12-05 00:00:00;2030-12-08 00:00:00;2030-11-25 00:00:00;2030-11-28 00:00:00
2030-11-21 00:00:00;SO754443;C0003;AS001;1374;2031-01-02 00:00:00;2030-12-23 00:00:00;2030-11-23 00:00:00;2030-11-13 00:00:00
2030-11-21 00:00:00;SO754443;C0003;AS003;468;2031-01-02 00:00:00;2031-01-08 00:00:00;2030-11-23 00:00:00;2030-11-29 00:00:00
2030-11-21 00:00:00;SO304895;C0021;VS005;412;2030-12-05 00:00:00;2030-12-03 00:00:00;2030-11-25 00:00:00;2030-11-23 00:00:00
2030-11-21 00:00:00;SO754443;C0003;CT003;483;2031-01-02 00:00:00;2031-01-11 00:00:00;2030-11-23 00:00:00;2030-12-02 00:00:00
2030-11-21 00:00:00;SO754443;C0003;CS001;1091;2031-01-02 00:00:00;2030-12-28 00:00:00;2030-11-23 00:00:00;2030-11-18 00:00:00
2030-11-21 00:00:00;SO304895;C0021;CL001;925;2030-12-05 00:00:00;2030-12-11 00:00:00;2030-11-25 00:00:00;2030-12-01 00:00:00
2030-11-21 00:00:00;SO304895;C0021;CT001;559;2030-12-05 00:00:00;2030-11-26 00:00:00;2030-11-25 00:00:00;2030-11-16 00:00:00
2030-11-21 00:00:00;SO304895;C0021;AT001;1369;2030-12-05 00:00:00;2030-12-15 00:00:00;2030-11-25 00:00:00;2030-12-05 00:00:00
2030-11-22 00:00:00;SO290844;C0004;CS001;1197;2030-12-06 00:00:00;2030-12-12 00:00:00;2030-11-24 00:00:00;2030-11-30 00:00:00
2030-11-22 00:00:00;SO544316;C0030;CS004;703;2031-01-24 00:00:00;2031-01-16 00:00:00;2030-11-30 00:00:00;2030-11-22 00:00:00
2030-11-22 00:00:00;SO369783;C0017;AT002;972;2031-01-17 00:00:00;2031-01-22 00:00:00;2030-11-26 00:00:00;2030-12-01 00:00:00
2030-11-22 00:00:00;SO369783;C0017;CT002;1034;2031-01-17 00:00:00;2031-01-20 00:00:00;2030-11-26 00:00:00;2030-11-29 00:00:00
2030-11-22 00:00:00;SO369783;C0017;CS001;688;2031-01-17 00:00:00;2031-01-24 00:00:00;2030-11-26 00:00:00;2030-12-03 00:00:00
2030-11-22 00:00:00;SO290844;C0004;AS001;518;2030-12-06 00:00:00;2030-11-27 00:00:00;2030-11-24 00:00:00;2030-11-15 00:00:00
2030-11-22 00:00:00;SO369783;C0017;CS004;368;2031-01-17 00:00:00;2031-01-11 00:00:00;2030-11-26 00:00:00;2030-11-20 00:00:00
2030-11-22 00:00:00;SO290844;C0004;CT001;623;2030-12-06 00:00:00;2030-12-09 00:00:00;2030-11-24 00:00:00;2030-11-27 00:00:00
2030-11-22 00:00:00;SO369783;C0017;AS003;674;2031-01-17 00:00:00;2031-01-21 00:00:00;2030-11-26 00:00:00;2030-11-30 00:00:00
2030-11-22 00:00:00;SO544316;C0030;VS005;353;2031-01-24 00:00:00;2031-01-17 00:00:00;2030-11-30 00:00:00;2030-11-23 00:00:00
2030-11-22 00:00:00;SO369783;C0017;VS001;695;2031-01-17 00:00:00;2031-01-14 00:00:00;2030-11-26 00:00:00;2030-11-23 00:00:00
2030-11-22 00:00:00;SO290844;C0004;VS001;649;2030-12-06 00:00:00;2030-11-27 00:00:00;2030-11-24 00:00:00;2030-11-15 00:00:00
2030-11-22 00:00:00;SO544316;C0030;CL002;1259;2031-01-24 00:00:00;2031-01-14 00:00:00;2030-11-30 00:00:00;2030-11-20 00:00:00
2030-11-22 00:00:00;SO369783;C0017;CL002;415;2031-01-17 00:00:00;2031-01-07 00:00:00;2030-11-26 00:00:00;2030-11-16 00:00:00
2030-11-22 00:00:00;SO369783;C0017;AT001;313;2031-01-17 00:00:00;2031-01-21 00:00:00;2030-11-26 00:00:00;2030-11-30 00:00:00
2030-11-22 00:00:00;SO369783;C0017;CL001;1196;2031-01-17 00:00:00;2031-01-15 00:00:00;2030-11-26 00:00:00;2030-11-24 00:00:00
2030-11-22 00:00:00;SO544316;C0030;CS002;1043;2031-01-24 00:00:00;2031-02-02 00:00:00;2030-11-30 00:00:00;2030-12-09 00:00:00
2030-11-22 00:00:00;SO544316;C0030;VS002;431;2031-01-24 00:00:00;2031-01-16 00:00:00;2030-11-30 00:00:00;2030-11-22 00:00:00
2030-11-25 00:00:00;SO795577;C0022;AS003;890;2031-01-06 00:00:00;2031-01-06 00:00:00;2030-11-29 00:00:00;2030-11-29 00:00:00
2030-11-25 00:00:00;SO754663;C0016;AS001;596;2030-12-09 00:00:00;2030-12-04 00:00:00;2030-11-29 00:00:00;2030-11-24 00:00:00
2030-11-25 00:00:00;SO214248;C0009;CS004;829;2030-12-09 00:00:00;2030-12-11 00:00:00;2030-11-28 00:00:00;2030-11-30 00:00:00
2030-11-25 00:00:00;SO214248;C0009;CS002;549;2030-12-09 00:00:00;2030-12-01 00:00:00;2030-11-28 00:00:00;2030-11-20 00:00:00
2030-11-25 00:00:00;SO214248;C0009;AS004;507;2030-12-09 00:00:00;2030-12-16 00:00:00;2030-11-28 00:00:00;2030-12-05 00:00:00
2030-11-25 00:00:00;SO214248;C0009;CS001;494;2030-12-09 00:00:00;2030-12-15 00:00:00;2030-11-28 00:00:00;2030-12-04 00:00:00
2030-11-25 00:00:00;SO754663;C0016;CL001;641;2030-12-09 00:00:00;2030-12-09 00:00:00;2030-11-29 00:00:00;2030-11-29 00:00:00
2030-11-25 00:00:00;SO214248;C0009;CT003;471;2030-12-09 00:00:00;2030-12-12 00:00:00;2030-11-28 00:00:00;2030-12-01 00:00:00
2030-11-25 00:00:00;SO795577;C0022;CT003;634;2031-01-06 00:00:00;2031-01-14 00:00:00;2030-11-29 00:00:00;2030-12-07 00:00:00
2030-11-25 00:00:00;SO795577;C0022;CS001;969;2031-01-06 00:00:00;2031-01-05 00:00:00;2030-11-29 00:00:00;2030-11-28 00:00:00
2030-11-25 00:00:00;SO214248;C0009;VS001;927;2030-12-09 00:00:00;2030-12-03 00:00:00;2030-11-28 00:00:00;2030-11-22 00:00:00
2030-11-25 00:00:00;SO754663;C0016;AS004;575;2030-12-09 00:00:00;2030-12-19 00:00:00;2030-11-29 00:00:00;2030-12-09 00:00:00
2030-11-25 00:00:00;SO795577;C0022;VS001;1133;2031-01-06 00:00:00;2031-01-04 00:00:00;2030-11-29 00:00:00;2030-11-27 00:00:00
2030-11-25 00:00:00;SO214248;C0009;CL002;892;2030-12-09 00:00:00;2030-12-19 00:00:00;2030-11-28 00:00:00;2030-12-08 00:00:00
2030-11-26 00:00:00;SO901119;C0024;CT001;870;2030-12-24 00:00:00;2030-12-23 00:00:00;2030-11-30 00:00:00;2030-11-29 00:00:00
2030-11-26 00:00:00;SO982211;C0005;AT001;390;2031-01-21 00:00:00;2031-01-16 00:00:00;2030-11-28 00:00:00;2030-11-23 00:00:00
2030-11-26 00:00:00;SO502979;C0014;CL002;1149;2030-12-31 00:00:00;2031-01-06 00:00:00;2030-11-30 00:00:00;2030-12-06 00:00:00
2030-11-26 00:00:00;SO901119;C0024;AT002;1259;2030-12-24 00:00:00;2030-12-28 00:00:00;2030-11-30 00:00:00;2030-12-04 00:00:00
2030-11-26 00:00:00;SO901119;C0024;AS001;961;2030-12-24 00:00:00;2030-12-29 00:00:00;2030-11-30 00:00:00;2030-12-05 00:00:00
2030-11-26 00:00:00;SO901119;C0024;AT001;1290;2030-12-24 00:00:00;2030-12-17 00:00:00;2030-11-30 00:00:00;2030-11-23 00:00:00
2030-11-26 00:00:00;SO502979;C0014;CS001;1101;2030-12-31 00:00:00;2030-12-25 00:00:00;2030-11-30 00:00:00;2030-11-24 00:00:00
2030-11-26 00:00:00;SO901119;C0024;VS005;1220;2030-12-24 00:00:00;2030-12-28 00:00:00;2030-11-30 00:00:00;2030-12-04 00:00:00
2030-11-26 00:00:00;SO901119;C0024;AS003;995;2030-12-24 00:00:00;2030-12-29 00:00:00;2030-11-30 00:00:00;2030-12-05 00:00:00
2030-11-26 00:00:00;SO502979;C0014;CT001;840;2030-12-31 00:00:00;2030-12-25 00:00:00;2030-11-30 00:00:00;2030-11-24 00:00:00
2030-11-26 00:00:00;SO982211;C0005;AS004;1031;2031-01-21 00:00:00;2031-01-13 00:00:00;2030-11-28 00:00:00;2030-11-20 00:00:00
2030-11-26 00:00:00;SO901119;C0024;CT002;692;2030-12-24 00:00:00;2031-01-03 00:00:00;2030-11-30 00:00:00;2030-12-10 00:00:00
2030-11-26 00:00:00;SO982211;C0005;CL002;384;2031-01-21 00:00:00;2031-01-23 00:00:00;2030-11-28 00:00:00;2030-11-30 00:00:00
2030-11-26 00:00:00;SO901119;C0024;CS002;1246;2030-12-24 00:00:00;2030-12-29 00:00:00;2030-11-30 00:00:00;2030-12-05 00:00:00
2030-11-26 00:00:00;SO901119;C0024;CS001;659;2030-12-24 00:00:00;2030-12-17 00:00:00;2030-11-30 00:00:00;2030-11-23 00:00:00
2030-11-26 00:00:00;SO982211;C0005;CS004;336;2031-01-21 00:00:00;2031-01-26 00:00:00;2030-11-28 00:00:00;2030-12-03 00:00:00
2030-11-26 00:00:00;SO502979;C0014;VS005;1087;2030-12-31 00:00:00;2031-01-07 00:00:00;2030-11-30 00:00:00;2030-12-07 00:00:00
2030-11-26 00:00:00;SO982211;C0005;CS002;1165;2031-01-21 00:00:00;2031-01-25 00:00:00;2030-11-28 00:00:00;2030-12-02 00:00:00
2030-11-26 00:00:00;SO901119;C0024;VS001;1245;2030-12-24 00:00:00;2030-12-25 00:00:00;2030-11-30 00:00:00;2030-12-01 00:00:00
2030-11-26 00:00:00;SO901119;C0024;CL001;430;2030-12-24 00:00:00;2030-12-27 00:00:00;2030-11-30 00:00:00;2030-12-03 00:00:00
2030-11-27 00:00:00;SO540059;C0007;AS004;1332;2031-01-29 00:00:00;2031-02-05 00:00:00;2030-11-30 00:00:00;2030-12-07 00:00:00
2030-11-27 00:00:00;SO514110;C0012;CS002;351;2030-12-25 00:00:00;2030-12-30 00:00:00;2030-11-30 00:00:00;2030-12-05 00:00:00
2030-11-27 00:00:00;SO616715;C0006;VS001;942;2031-01-29 00:00:00;2031-02-04 00:00:00;2030-11-29 00:00:00;2030-12-05 00:00:00
2030-11-27 00:00:00;SO540059;C0007;CT003;1229;2031-01-29 00:00:00;2031-01-31 00:00:00;2030-11-30 00:00:00;2030-12-02 00:00:00
2030-11-27 00:00:00;SO616715;C0006;CT002;505;2031-01-29 00:00:00;2031-01-22 00:00:00;2030-11-29 00:00:00;2030-11-22 00:00:00
2030-11-27 00:00:00;SO616715;C0006;CT003;1194;2031-01-29 00:00:00;2031-01-27 00:00:00;2030-11-29 00:00:00;2030-11-27 00:00:00
2030-11-27 00:00:00;SO616715;C0006;AS003;700;2031-01-29 00:00:00;2031-01-24 00:00:00;2030-11-29 00:00:00;2030-11-24 00:00:00
2030-11-27 00:00:00;SO514110;C0012;VS005;789;2030-12-25 00:00:00;2030-12-29 00:00:00;2030-11-30 00:00:00;2030-12-04 00:00:00
2030-11-27 00:00:00;SO514110;C0012;VS002;347;2030-12-25 00:00:00;2030-12-23 00:00:00;2030-11-30 00:00:00;2030-11-28 00:00:00
2030-11-27 00:00:00;SO514110;C0012;AT002;710;2030-12-25 00:00:00;2030-12-17 00:00:00;2030-11-30 00:00:00;2030-11-22 00:00:00
2030-11-27 00:00:00;SO540059;C0007;CS002;854;2031-01-29 00:00:00;2031-01-30 00:00:00;2030-11-30 00:00:00;2030-12-01 00:00:00
2030-11-27 00:00:00;SO616715;C0006;AS004;627;2031-01-29 00:00:00;2031-01-24 00:00:00;2030-11-29 00:00:00;2030-11-24 00:00:00
2030-11-28 00:00:00;SO700138;C0016;AS004;371;2030-12-12 00:00:00;2030-12-13 00:00:00;2030-12-02 00:00:00;2030-12-03 00:00:00
2030-11-28 00:00:00;SO474076;C0024;CL001;947;2030-12-26 00:00:00;2030-12-26 00:00:00;2030-12-02 00:00:00;2030-12-02 00:00:00
2030-11-28 00:00:00;SO899559;C0019;VS005;1056;2031-01-30 00:00:00;2031-02-08 00:00:00;2030-12-02 00:00:00;2030-12-11 00:00:00
2030-11-28 00:00:00;SO700138;C0016;VS001;1100;2030-12-12 00:00:00;2030-12-13 00:00:00;2030-12-02 00:00:00;2030-12-03 00:00:00
2030-11-28 00:00:00;SO700138;C0016;CL001;653;2030-12-12 00:00:00;2030-12-12 00:00:00;2030-12-02 00:00:00;2030-12-02 00:00:00
2030-11-28 00:00:00;SO700138;C0016;CT001;748;2030-12-12 00:00:00;2030-12-07 00:00:00;2030-12-02 00:00:00;2030-11-27 00:00:00
2030-11-28 00:00:00;SO700138;C0016;CS004;1222;2030-12-12 00:00:00;2030-12-03 00:00:00;2030-12-02 00:00:00;2030-11-23 00:00:00
2030-11-28 00:00:00;SO700138;C0016;AS001;1197;2030-12-12 00:00:00;2030-12-16 00:00:00;2030-12-02 00:00:00;2030-12-06 00:00:00
2030-11-28 00:00:00;SO899559;C0019;CT001;634;2031-01-30 00:00:00;2031-01-23 00:00:00;2030-12-02 00:00:00;2030-11-25 00:00:00
2030-11-28 00:00:00;SO700138;C0016;AS003;906;2030-12-12 00:00:00;2030-12-10 00:00:00;2030-12-02 00:00:00;2030-11-30 00:00:00
2030-11-28 00:00:00;SO899559;C0019;CL002;448;2031-01-30 00:00:00;2031-02-06 00:00:00;2030-12-02 00:00:00;2030-12-09 00:00:00
2030-11-28 00:00:00;SO899559;C0019;CT002;719;2031-01-30 00:00:00;2031-02-09 00:00:00;2030-12-02 00:00:00;2030-12-12 00:00:00
2030-11-28 00:00:00;SO899559;C0019;VS002;585;2031-01-30 00:00:00;2031-02-01 00:00:00;2030-12-02 00:00:00;2030-12-04 00:00:00
2030-11-28 00:00:00;SO899559;C0019;AS001;1226;2031-01-30 00:00:00;2031-02-03 00:00:00;2030-12-02 00:00:00;2030-12-06 00:00:00
2030-11-28 00:00:00;SO700138;C0016;CT002;1050;2030-12-12 00:00:00;2030-12-02 00:00:00;2030-12-02 00:00:00;2030-11-22 00:00:00
2030-11-28 00:00:00;SO474076;C0024;AS003;1069;2030-12-26 00:00:00;2030-12-26 00:00:00;2030-12-02 00:00:00;2030-12-02 00:00:00
2030-11-28 00:00:00;SO474076;C0024;AT001;648;2030-12-26 00:00:00;2030-12-31 00:00:00;2030-12-02 00:00:00;2030-12-07 00:00:00
2030-11-28 00:00:00;SO899559;C0019;CS004;1145;2031-01-30 00:00:00;2031-01-29 00:00:00;2030-12-02 00:00:00;2030-12-01 00:00:00
2030-11-29 00:00:00;SO245026;C0012;CS002;1025;2030-12-27 00:00:00;2030-12-19 00:00:00;2030-12-02 00:00:00;2030-11-24 00:00:00
2030-11-29 00:00:00;SO128536;C0022;AS004;788;2031-01-10 00:00:00;2031-01-13 00:00:00;2030-12-03 00:00:00;2030-12-06 00:00:00
2030-11-29 00:00:00;SO786213;C0026;AT001;1034;2031-01-03 00:00:00;2030-12-30 00:00:00;2030-12-07 00:00:00;2030-12-03 00:00:00
2030-11-29 00:00:00;SO645929;C0009;AT001;851;2030-12-13 00:00:00;2030-12-10 00:00:00;2030-12-02 00:00:00;2030-11-29 00:00:00
2030-11-29 00:00:00;SO128536;C0022;CT002;1248;2031-01-10 00:00:00;2031-01-08 00:00:00;2030-12-03 00:00:00;2030-12-01 00:00:00
2030-11-29 00:00:00;SO128536;C0022;VS005;450;2031-01-10 00:00:00;2031-01-19 00:00:00;2030-12-03 00:00:00;2030-12-12 00:00:00
2030-11-29 00:00:00;SO786213;C0026;CL002;997;2031-01-03 00:00:00;2031-01-06 00:00:00;2030-12-07 00:00:00;2030-12-10 00:00:00
2030-11-29 00:00:00;SO128536;C0022;CL001;574;2031-01-10 00:00:00;2031-01-02 00:00:00;2030-12-03 00:00:00;2030-11-25 00:00:00
2030-11-29 00:00:00;SO245026;C0012;CS001;540;2030-12-27 00:00:00;2030-12-29 00:00:00;2030-12-02 00:00:00;2030-12-04 00:00:00
2030-11-29 00:00:00;SO645929;C0009;CL001;431;2030-12-13 00:00:00;2030-12-22 00:00:00;2030-12-02 00:00:00;2030-12-11 00:00:00
2030-11-29 00:00:00;SO645929;C0009;VS002;711;2030-12-13 00:00:00;2030-12-18 00:00:00;2030-12-02 00:00:00;2030-12-07 00:00:00
2030-11-29 00:00:00;SO645929;C0009;VS001;863;2030-12-13 00:00:00;2030-12-20 00:00:00;2030-12-02 00:00:00;2030-12-09 00:00:00
2030-11-29 00:00:00;SO128536;C0022;CS001;928;2031-01-10 00:00:00;2031-01-10 00:00:00;2030-12-03 00:00:00;2030-12-03 00:00:00
2030-11-29 00:00:00;SO245026;C0012;AS004;1337;2030-12-27 00:00:00;2030-12-23 00:00:00;2030-12-02 00:00:00;2030-11-28 00:00:00
2030-12-02 00:00:00;SO570820;C0023;VS002;1142;2031-01-06 00:00:00;2030-12-30 00:00:00;2030-12-06 00:00:00;2030-11-29 00:00:00
2030-12-02 00:00:00;SO181412;C0017;CS003;393;2031-01-27 00:00:00;2031-01-26 00:00:00;2030-12-06 00:00:00;2030-12-05 00:00:00
2030-12-02 00:00:00;SO845912;C0007;VS001;1138;2031-02-03 00:00:00;2031-02-12 00:00:00;2030-12-05 00:00:00;2030-12-14 00:00:00
2030-12-02 00:00:00;SO226592;C0011;VS004;1083;2031-01-06 00:00:00;2031-01-12 00:00:00;2030-12-05 00:00:00;2030-12-11 00:00:00
2030-12-02 00:00:00;SO226592;C0011;AS004;1131;2031-01-06 00:00:00;2030-12-29 00:00:00;2030-12-05 00:00:00;2030-11-27 00:00:00
2030-12-02 00:00:00;SO181412;C0017;CL001;1264;2031-01-27 00:00:00;2031-01-31 00:00:00;2030-12-06 00:00:00;2030-12-10 00:00:00
2030-12-02 00:00:00;SO570820;C0023;AS003;954;2031-01-06 00:00:00;2030-12-31 00:00:00;2030-12-06 00:00:00;2030-11-30 00:00:00
2030-12-02 00:00:00;SO845912;C0007;CT002;887;2031-02-03 00:00:00;2031-02-12 00:00:00;2030-12-05 00:00:00;2030-12-14 00:00:00
2030-12-02 00:00:00;SO845912;C0007;CT001;1230;2031-02-03 00:00:00;2031-01-24 00:00:00;2030-12-05 00:00:00;2030-11-25 00:00:00
2030-12-02 00:00:00;SO226592;C0011;AL002;1369;2031-01-06 00:00:00;2030-12-28 00:00:00;2030-12-05 00:00:00;2030-11-26 00:00:00
2030-12-02 00:00:00;SO845912;C0007;AL002;1113;2031-02-03 00:00:00;2031-01-29 00:00:00;2030-12-05 00:00:00;2030-11-30 00:00:00
2030-12-02 00:00:00;SO226592;C0011;CL001;788;2031-01-06 00:00:00;2031-01-04 00:00:00;2030-12-05 00:00:00;2030-12-03 00:00:00
2030-12-02 00:00:00;SO845912;C0007;CS002;544;2031-02-03 00:00:00;2031-02-02 00:00:00;2030-12-05 00:00:00;2030-12-04 00:00:00
2030-12-02 00:00:00;SO845912;C0007;CL001;443;2031-02-03 00:00:00;2031-02-08 00:00:00;2030-12-05 00:00:00;2030-12-10 00:00:00
2030-12-02 00:00:00;SO845912;C0007;VS005;1052;2031-02-03 00:00:00;2031-01-27 00:00:00;2030-12-05 00:00:00;2030-11-28 00:00:00
2030-12-02 00:00:00;SO570820;C0023;AT001;949;2031-01-06 00:00:00;2030-12-30 00:00:00;2030-12-06 00:00:00;2030-11-29 00:00:00
2030-12-02 00:00:00;SO845912;C0007;CS004;833;2031-02-03 00:00:00;2031-01-28 00:00:00;2030-12-05 00:00:00;2030-11-29 00:00:00
2030-12-02 00:00:00;SO181412;C0017;AS004;1116;2031-01-27 00:00:00;2031-01-25 00:00:00;2030-12-06 00:00:00;2030-12-04 00:00:00
2030-12-02 00:00:00;SO570820;C0023;VS005;961;2031-01-06 00:00:00;2031-01-02 00:00:00;2030-12-06 00:00:00;2030-12-02 00:00:00
2030-12-02 00:00:00;SO226592;C0011;CS003;583;2031-01-06 00:00:00;2030-12-31 00:00:00;2030-12-05 00:00:00;2030-11-29 00:00:00
2030-12-03 00:00:00;SO407445;C0025;AL002;390;2030-12-31 00:00:00;2030-12-30 00:00:00;2030-12-11 00:00:00;2030-12-10 00:00:00
2030-12-03 00:00:00;SO579100;C0030;CT001;899;2031-02-04 00:00:00;2031-01-27 00:00:00;2030-12-11 00:00:00;2030-12-03 00:00:00
2030-12-03 00:00:00;SO272318;C0003;VS001;833;2031-01-14 00:00:00;2031-01-06 00:00:00;2030-12-05 00:00:00;2030-11-27 00:00:00
2030-12-03 00:00:00;SO415611;C0008;AL002;929;2031-01-28 00:00:00;2031-02-07 00:00:00;2030-12-06 00:00:00;2030-12-16 00:00:00
2030-12-03 00:00:00;SO272318;C0003;CL002;1198;2031-01-14 00:00:00;2031-01-13 00:00:00;2030-12-05 00:00:00;2030-12-04 00:00:00
2030-12-03 00:00:00;SO579100;C0030;VS002;907;2031-02-04 00:00:00;2031-02-10 00:00:00;2030-12-11 00:00:00;2030-12-17 00:00:00
2030-12-03 00:00:00;SO272318;C0003;CS004;809;2031-01-14 00:00:00;2031-01-17 00:00:00;2030-12-05 00:00:00;2030-12-08 00:00:00
2030-12-03 00:00:00;SO272318;C0003;AT001;984;2031-01-14 00:00:00;2031-01-12 00:00:00;2030-12-05 00:00:00;2030-12-03 00:00:00
2030-12-03 00:00:00;SO579100;C0030;CL002;1424;2031-02-04 00:00:00;2031-01-27 00:00:00;2030-12-11 00:00:00;2030-12-03 00:00:00
2030-12-03 00:00:00;SO579100;C0030;CL001;435;2031-02-04 00:00:00;2031-01-25 00:00:00;2030-12-11 00:00:00;2030-12-01 00:00:00
2030-12-03 00:00:00;SO272318;C0003;VS004;933;2031-01-14 00:00:00;2031-01-09 00:00:00;2030-12-05 00:00:00;2030-11-30 00:00:00
2030-12-03 00:00:00;SO272318;C0003;AS004;1075;2031-01-14 00:00:00;2031-01-23 00:00:00;2030-12-05 00:00:00;2030-12-14 00:00:00
2030-12-03 00:00:00;SO407445;C0025;AT001;559;2030-12-31 00:00:00;2031-01-02 00:00:00;2030-12-11 00:00:00;2030-12-13 00:00:00
2030-12-03 00:00:00;SO579100;C0030;AS003;318;2031-02-04 00:00:00;2031-02-02 00:00:00;2030-12-11 00:00:00;2030-12-09 00:00:00
2030-12-03 00:00:00;SO407445;C0025;AS002;1176;2030-12-31 00:00:00;2031-01-06 00:00:00;2030-12-11 00:00:00;2030-12-17 00:00:00
2030-12-03 00:00:00;SO415611;C0008;CT003;1045;2031-01-28 00:00:00;2031-02-03 00:00:00;2030-12-06 00:00:00;2030-12-12 00:00:00
2030-12-04 00:00:00;SO715349;C0014;CS004;1183;2031-01-08 00:00:00;2031-01-11 00:00:00;2030-12-08 00:00:00;2030-12-11 00:00:00
2030-12-04 00:00:00;SO667994;C0003;AL001;1336;2031-01-15 00:00:00;2031-01-06 00:00:00;2030-12-06 00:00:00;2030-11-27 00:00:00
2030-12-04 00:00:00;SO869480;C0018;CT001;1149;2031-02-05 00:00:00;2031-02-12 00:00:00;2030-12-08 00:00:00;2030-12-15 00:00:00
2030-12-04 00:00:00;SO145174;C0024;AL001;459;2031-01-01 00:00:00;2031-01-08 00:00:00;2030-12-08 00:00:00;2030-12-15 00:00:00
2030-12-04 00:00:00;SO667994;C0003;CL001;695;2031-01-15 00:00:00;2031-01-10 00:00:00;2030-12-06 00:00:00;2030-12-01 00:00:00
2030-12-04 00:00:00;SO145174;C0024;CS002;1160;2031-01-01 00:00:00;2031-01-03 00:00:00;2030-12-08 00:00:00;2030-12-10 00:00:00
2030-12-04 00:00:00;SO667994;C0003;CL002;502;2031-01-15 00:00:00;2031-01-08 00:00:00;2030-12-06 00:00:00;2030-11-29 00:00:00
2030-12-04 00:00:00;SO869480;C0018;AS004;822;2031-02-05 00:00:00;2031-02-07 00:00:00;2030-12-08 00:00:00;2030-12-10 00:00:00
2030-12-04 00:00:00;SO869480;C0018;CS003;526;2031-02-05 00:00:00;2031-02-11 00:00:00;2030-12-08 00:00:00;2030-12-14 00:00:00
2030-12-04 00:00:00;SO667994;C0003;VS004;708;2031-01-15 00:00:00;2031-01-11 00:00:00;2030-12-06 00:00:00;2030-12-02 00:00:00
2030-12-04 00:00:00;SO145174;C0024;VS002;839;2031-01-01 00:00:00;2031-01-06 00:00:00;2030-12-08 00:00:00;2030-12-13 00:00:00
2030-12-04 00:00:00;SO869480;C0018;AS002;984;2031-02-05 00:00:00;2031-01-28 00:00:00;2030-12-08 00:00:00;2030-11-30 00:00:00
2030-12-04 00:00:00;SO145174;C0024;CS004;1060;2031-01-01 00:00:00;2031-01-03 00:00:00;2030-12-08 00:00:00;2030-12-10 00:00:00
2030-12-04 00:00:00;SO145174;C0024;CT002;572;2031-01-01 00:00:00;2031-01-07 00:00:00;2030-12-08 00:00:00;2030-12-14 00:00:00
2030-12-04 00:00:00;SO667994;C0003;CT003;873;2031-01-15 00:00:00;2031-01-19 00:00:00;2030-12-06 00:00:00;2030-12-10 00:00:00
2030-12-04 00:00:00;SO145174;C0024;AL002;1426;2031-01-01 00:00:00;2031-01-02 00:00:00;2030-12-08 00:00:00;2030-12-09 00:00:00
2030-12-05 00:00:00;SO881230;C0027;AT001;983;2031-01-16 00:00:00;2031-01-11 00:00:00;2030-12-13 00:00:00;2030-12-08 00:00:00
2030-12-05 00:00:00;SO101991;C0019;VS002;638;2031-02-06 00:00:00;2031-01-27 00:00:00;2030-12-09 00:00:00;2030-11-29 00:00:00
2030-12-05 00:00:00;SO101991;C0019;CS004;873;2031-02-06 00:00:00;2031-02-16 00:00:00;2030-12-09 00:00:00;2030-12-19 00:00:00
2030-12-05 00:00:00;SO101991;C0019;CT002;861;2031-02-06 00:00:00;2031-02-02 00:00:00;2030-12-09 00:00:00;2030-12-05 00:00:00
2030-12-05 00:00:00;SO101991;C0019;CS002;868;2031-02-06 00:00:00;2031-02-08 00:00:00;2030-12-09 00:00:00;2030-12-11 00:00:00
2030-12-05 00:00:00;SO881230;C0027;CL002;1201;2031-01-16 00:00:00;2031-01-14 00:00:00;2030-12-13 00:00:00;2030-12-11 00:00:00
2030-12-05 00:00:00;SO101991;C0019;CL002;1230;2031-02-06 00:00:00;2031-02-12 00:00:00;2030-12-09 00:00:00;2030-12-15 00:00:00
2030-12-05 00:00:00;SO101991;C0019;AL001;1135;2031-02-06 00:00:00;2031-01-28 00:00:00;2030-12-09 00:00:00;2030-11-30 00:00:00
2030-12-05 00:00:00;SO101991;C0019;VS005;1148;2031-02-06 00:00:00;2031-02-15 00:00:00;2030-12-09 00:00:00;2030-12-18 00:00:00
2030-12-05 00:00:00;SO101991;C0019;AS004;929;2031-02-06 00:00:00;2031-02-08 00:00:00;2030-12-09 00:00:00;2030-12-11 00:00:00
2030-12-05 00:00:00;SO101991;C0019;AS003;464;2031-02-06 00:00:00;2031-02-11 00:00:00;2030-12-09 00:00:00;2030-12-14 00:00:00
2030-12-05 00:00:00;SO881230;C0027;VS001;1337;2031-01-16 00:00:00;2031-01-24 00:00:00;2030-12-13 00:00:00;2030-12-21 00:00:00
2030-12-05 00:00:00;SO881230;C0027;VS004;1226;2031-01-16 00:00:00;2031-01-14 00:00:00;2030-12-13 00:00:00;2030-12-11 00:00:00
2030-12-05 00:00:00;SO101991;C0019;AS002;829;2031-02-06 00:00:00;2031-02-13 00:00:00;2030-12-09 00:00:00;2030-12-16 00:00:00
2030-12-05 00:00:00;SO881230;C0027;VS002;1072;2031-01-16 00:00:00;2031-01-16 00:00:00;2030-12-13 00:00:00;2030-12-13 00:00:00
2030-12-05 00:00:00;SO881230;C0027;AS003;700;2031-01-16 00:00:00;2031-01-16 00:00:00;2030-12-13 00:00:00;2030-12-13 00:00:00
2030-12-06 00:00:00;SO348346;C0004;AL002;982;2030-12-20 00:00:00;2030-12-16 00:00:00;2030-12-08 00:00:00;2030-12-04 00:00:00
2030-12-06 00:00:00;SO242864;C0006;CT001;1536;2031-02-07 00:00:00;2031-01-31 00:00:00;2030-12-08 00:00:00;2030-12-01 00:00:00
2030-12-06 00:00:00;SO990335;C0017;VS002;559;2031-01-31 00:00:00;2031-02-04 00:00:00;2030-12-10 00:00:00;2030-12-14 00:00:00
2030-12-06 00:00:00;SO348346;C0004;CS002;581;2030-12-20 00:00:00;2030-12-20 00:00:00;2030-12-08 00:00:00;2030-12-08 00:00:00
2030-12-06 00:00:00;SO348346;C0004;CS004;382;2030-12-20 00:00:00;2030-12-28 00:00:00;2030-12-08 00:00:00;2030-12-16 00:00:00
2030-12-06 00:00:00;SO242864;C0006;CS004;445;2031-02-07 00:00:00;2031-02-08 00:00:00;2030-12-08 00:00:00;2030-12-09 00:00:00
2030-12-06 00:00:00;SO348346;C0004;CS003;822;2030-12-20 00:00:00;2030-12-26 00:00:00;2030-12-08 00:00:00;2030-12-14 00:00:00
2030-12-06 00:00:00;SO990335;C0017;CT003;630;2031-01-31 00:00:00;2031-01-22 00:00:00;2030-12-10 00:00:00;2030-12-01 00:00:00
2030-12-06 00:00:00;SO990335;C0017;VS001;564;2031-01-31 00:00:00;2031-01-27 00:00:00;2030-12-10 00:00:00;2030-12-06 00:00:00
2030-12-06 00:00:00;SO990335;C0017;AS002;769;2031-01-31 00:00:00;2031-01-29 00:00:00;2030-12-10 00:00:00;2030-12-08 00:00:00
2030-12-06 00:00:00;SO242864;C0006;AL002;876;2031-02-07 00:00:00;2031-02-01 00:00:00;2030-12-08 00:00:00;2030-12-02 00:00:00
2030-12-06 00:00:00;SO348346;C0004;VS005;545;2030-12-20 00:00:00;2030-12-14 00:00:00;2030-12-08 00:00:00;2030-12-02 00:00:00
2030-12-06 00:00:00;SO242864;C0006;CT003;1333;2031-02-07 00:00:00;2031-02-02 00:00:00;2030-12-08 00:00:00;2030-12-03 00:00:00
2030-12-09 00:00:00;SO831372;C0030;CS004;703;2031-02-10 00:00:00;2031-02-17 00:00:00;2030-12-17 00:00:00;2030-12-24 00:00:00
2030-12-09 00:00:00;SO926320;C0011;CS003;828;2031-01-13 00:00:00;2031-01-17 00:00:00;2030-12-12 00:00:00;2030-12-16 00:00:00
2030-12-09 00:00:00;SO626174;C0025;CT003;365;2031-01-06 00:00:00;2031-01-01 00:00:00;2030-12-17 00:00:00;2030-12-12 00:00:00
2030-12-09 00:00:00;SO626174;C0025;VS005;582;2031-01-06 00:00:00;2030-12-30 00:00:00;2030-12-17 00:00:00;2030-12-10 00:00:00
2030-12-09 00:00:00;SO626174;C0025;VS002;918;2031-01-06 00:00:00;2031-01-03 00:00:00;2030-12-17 00:00:00;2030-12-14 00:00:00
2030-12-09 00:00:00;SO626174;C0025;CT001;782;2031-01-06 00:00:00;2031-01-10 00:00:00;2030-12-17 00:00:00;2030-12-21 00:00:00
2030-12-09 00:00:00;SO926320;C0011;CL001;872;2031-01-13 00:00:00;2031-01-18 00:00:00;2030-12-12 00:00:00;2030-12-17 00:00:00
2030-12-09 00:00:00;SO831372;C0030;AS002;1301;2031-02-10 00:00:00;2031-02-18 00:00:00;2030-12-17 00:00:00;2030-12-25 00:00:00
2030-12-09 00:00:00;SO831372;C0030;VS004;1089;2031-02-10 00:00:00;2031-02-04 00:00:00;2030-12-17 00:00:00;2030-12-11 00:00:00
2030-12-09 00:00:00;SO831372;C0030;VS001;957;2031-02-10 00:00:00;2031-02-07 00:00:00;2030-12-17 00:00:00;2030-12-14 00:00:00
2030-12-09 00:00:00;SO831372;C0030;VS005;997;2031-02-10 00:00:00;2031-02-05 00:00:00;2030-12-17 00:00:00;2030-12-12 00:00:00
2030-12-09 00:00:00;SO831372;C0030;CS003;552;2031-02-10 00:00:00;2031-02-18 00:00:00;2030-12-17 00:00:00;2030-12-25 00:00:00
2030-12-09 00:00:00;SO626174;C0025;CS004;409;2031-01-06 00:00:00;2031-01-11 00:00:00;2030-12-17 00:00:00;2030-12-22 00:00:00
2030-12-09 00:00:00;SO831372;C0030;AS003;427;2031-02-10 00:00:00;2031-02-12 00:00:00;2030-12-17 00:00:00;2030-12-19 00:00:00
2030-12-10 00:00:00;SO642338;C0010;CT001;1089;2031-01-21 00:00:00;2031-01-24 00:00:00;2030-12-13 00:00:00;2030-12-16 00:00:00
2030-12-10 00:00:00;SO907761;C0009;CT003;1229;2030-12-24 00:00:00;2031-01-02 00:00:00;2030-12-13 00:00:00;2030-12-22 00:00:00
2030-12-10 00:00:00;SO981331;C0007;CL002;325;2031-02-11 00:00:00;2031-02-12 00:00:00;2030-12-13 00:00:00;2030-12-14 00:00:00
2030-12-10 00:00:00;SO944930;C0012;CS004;435;2031-01-07 00:00:00;2030-12-28 00:00:00;2030-12-13 00:00:00;2030-12-03 00:00:00
2030-12-10 00:00:00;SO907761;C0009;CT001;739;2030-12-24 00:00:00;2031-01-02 00:00:00;2030-12-13 00:00:00;2030-12-22 00:00:00
2030-12-10 00:00:00;SO944930;C0012;VS001;1435;2031-01-07 00:00:00;2031-01-06 00:00:00;2030-12-13 00:00:00;2030-12-12 00:00:00
2030-12-10 00:00:00;SO642338;C0010;VS005;873;2031-01-21 00:00:00;2031-01-16 00:00:00;2030-12-13 00:00:00;2030-12-08 00:00:00
2030-12-10 00:00:00;SO981331;C0007;VS001;1160;2031-02-11 00:00:00;2031-02-20 00:00:00;2030-12-13 00:00:00;2030-12-22 00:00:00
2030-12-10 00:00:00;SO944930;C0012;AL002;1067;2031-01-07 00:00:00;2031-01-15 00:00:00;2030-12-13 00:00:00;2030-12-21 00:00:00
2030-12-10 00:00:00;SO642338;C0010;AS004;641;2031-01-21 00:00:00;2031-01-23 00:00:00;2030-12-13 00:00:00;2030-12-15 00:00:00
2030-12-10 00:00:00;SO907761;C0009;VS001;918;2030-12-24 00:00:00;2030-12-20 00:00:00;2030-12-13 00:00:00;2030-12-09 00:00:00
2030-12-10 00:00:00;SO907761;C0009;AS002;730;2030-12-24 00:00:00;2030-12-23 00:00:00;2030-12-13 00:00:00;2030-12-12 00:00:00
2030-12-11 00:00:00;SO186757;C0022;AL002;516;2031-01-22 00:00:00;2031-01-24 00:00:00;2030-12-15 00:00:00;2030-12-17 00:00:00
2030-12-11 00:00:00;SO764841;C0015;CL001;949;2031-01-22 00:00:00;2031-01-30 00:00:00;2030-12-15 00:00:00;2030-12-23 00:00:00
2030-12-11 00:00:00;SO248943;C0014;CS004;796;2031-01-15 00:00:00;2031-01-23 00:00:00;2030-12-15 00:00:00;2030-12-23 00:00:00
2030-12-11 00:00:00;SO248943;C0014;AL002;1069;2031-01-15 00:00:00;2031-01-13 00:00:00;2030-12-15 00:00:00;2030-12-13 00:00:00
2030-12-11 00:00:00;SO248943;C0014;CS003;1256;2031-01-15 00:00:00;2031-01-10 00:00:00;2030-12-15 00:00:00;2030-12-10 00:00:00
2030-12-11 00:00:00;SO248943;C0014;CL002;651;2031-01-15 00:00:00;2031-01-13 00:00:00;2030-12-15 00:00:00;2030-12-13 00:00:00
2030-12-11 00:00:00;SO186757;C0022;AL001;405;2031-01-22 00:00:00;2031-01-26 00:00:00;2030-12-15 00:00:00;2030-12-19 00:00:00
2030-12-11 00:00:00;SO248943;C0014;VS005;723;2031-01-15 00:00:00;2031-01-06 00:00:00;2030-12-15 00:00:00;2030-12-06 00:00:00
2030-12-11 00:00:00;SO248943;C0014;CS002;437;2031-01-15 00:00:00;2031-01-14 00:00:00;2030-12-15 00:00:00;2030-12-14 00:00:00
2030-12-11 00:00:00;SO248943;C0014;VS004;659;2031-01-15 00:00:00;2031-01-13 00:00:00;2030-12-15 00:00:00;2030-12-13 00:00:00
2030-12-11 00:00:00;SO764841;C0015;CL002;965;2031-01-22 00:00:00;2031-01-21 00:00:00;2030-12-15 00:00:00;2030-12-14 00:00:00
2030-12-11 00:00:00;SO248943;C0014;AS004;777;2031-01-15 00:00:00;2031-01-23 00:00:00;2030-12-15 00:00:00;2030-12-23 00:00:00
2030-12-12 00:00:00;SO970563;C0018;AS002;924;2031-02-13 00:00:00;2031-02-05 00:00:00;2030-12-16 00:00:00;2030-12-08 00:00:00
2030-12-12 00:00:00;SO377254;C0024;CS004;1288;2031-01-09 00:00:00;2030-12-31 00:00:00;2030-12-16 00:00:00;2030-12-07 00:00:00
2030-12-12 00:00:00;SO887584;C0005;AS002;424;2031-02-06 00:00:00;2031-02-01 00:00:00;2030-12-14 00:00:00;2030-12-09 00:00:00
2030-12-12 00:00:00;SO368843;C0010;CT001;984;2031-01-23 00:00:00;2031-01-23 00:00:00;2030-12-15 00:00:00;2030-12-15 00:00:00
2030-12-12 00:00:00;SO377254;C0024;AL001;1174;2031-01-09 00:00:00;2031-01-16 00:00:00;2030-12-16 00:00:00;2030-12-23 00:00:00
2030-12-12 00:00:00;SO377254;C0024;VS004;507;2031-01-09 00:00:00;2031-01-12 00:00:00;2030-12-16 00:00:00;2030-12-19 00:00:00
2030-12-12 00:00:00;SO368843;C0010;VS004;593;2031-01-23 00:00:00;2031-01-21 00:00:00;2030-12-15 00:00:00;2030-12-13 00:00:00
2030-12-12 00:00:00;SO368843;C0010;CT003;1150;2031-01-23 00:00:00;2031-01-15 00:00:00;2030-12-15 00:00:00;2030-12-07 00:00:00
2030-12-12 00:00:00;SO887584;C0005;CS002;784;2031-02-06 00:00:00;2031-01-28 00:00:00;2030-12-14 00:00:00;2030-12-05 00:00:00
2030-12-12 00:00:00;SO887584;C0005;CS004;921;2031-02-06 00:00:00;2031-02-07 00:00:00;2030-12-14 00:00:00;2030-12-15 00:00:00
2030-12-12 00:00:00;SO368843;C0010;CT002;843;2031-01-23 00:00:00;2031-01-30 00:00:00;2030-12-15 00:00:00;2030-12-22 00:00:00
2030-12-12 00:00:00;SO887584;C0005;AL001;490;2031-02-06 00:00:00;2031-02-16 00:00:00;2030-12-14 00:00:00;2030-12-24 00:00:00
2030-12-12 00:00:00;SO970563;C0018;CS003;824;2031-02-13 00:00:00;2031-02-10 00:00:00;2030-12-16 00:00:00;2030-12-13 00:00:00
2030-12-12 00:00:00;SO377254;C0024;VS002;1429;2031-01-09 00:00:00;2031-01-11 00:00:00;2030-12-16 00:00:00;2030-12-18 00:00:00
2030-12-12 00:00:00;SO377254;C0024;VS001;1391;2031-01-09 00:00:00;2031-01-18 00:00:00;2030-12-16 00:00:00;2030-12-25 00:00:00
2030-12-12 00:00:00;SO887584;C0005;VS004;759;2031-02-06 00:00:00;2031-02-16 00:00:00;2030-12-14 00:00:00;2030-12-24 00:00:00
2030-12-12 00:00:00;SO970563;C0018;CL002;1120;2031-02-13 00:00:00;2031-02-08 00:00:00;2030-12-16 00:00:00;2030-12-11 00:00:00
2030-12-12 00:00:00;SO377254;C0024;VS005;345;2031-01-09 00:00:00;2031-01-07 00:00:00;2030-12-16 00:00:00;2030-12-14 00:00:00
2030-12-12 00:00:00;SO970563;C0018;CL001;1289;2031-02-13 00:00:00;2031-02-13 00:00:00;2030-12-16 00:00:00;2030-12-16 00:00:00
2030-12-12 00:00:00;SO377254;C0024;AL002;799;2031-01-09 00:00:00;2030-12-30 00:00:00;2030-12-16 00:00:00;2030-12-06 00:00:00
2030-12-13 00:00:00;SO726083;C0005;AS003;1100;2031-02-07 00:00:00;2031-02-14 00:00:00;2030-12-15 00:00:00;2030-12-22 00:00:00
2030-12-13 00:00:00;SO584863;C0021;AS003;659;2030-12-27 00:00:00;2031-01-05 00:00:00;2030-12-17 00:00:00;2030-12-26 00:00:00
2030-12-13 00:00:00;SO977464;C0010;CS003;450;2031-01-24 00:00:00;2031-01-29 00:00:00;2030-12-16 00:00:00;2030-12-21 00:00:00
2030-12-13 00:00:00;SO726083;C0005;VS004;1135;2031-02-07 00:00:00;2031-01-31 00:00:00;2030-12-15 00:00:00;2030-12-08 00:00:00
2030-12-13 00:00:00;SO726083;C0005;VS005;947;2031-02-07 00:00:00;2031-02-16 00:00:00;2030-12-15 00:00:00;2030-12-24 00:00:00
2030-12-13 00:00:00;SO726083;C0005;AS002;913;2031-02-07 00:00:00;2031-02-08 00:00:00;2030-12-15 00:00:00;2030-12-16 00:00:00
2030-12-13 00:00:00;SO726083;C0005;VS001;489;2031-02-07 00:00:00;2031-01-30 00:00:00;2030-12-15 00:00:00;2030-12-07 00:00:00
2030-12-13 00:00:00;SO584863;C0021;CL002;968;2030-12-27 00:00:00;2030-12-31 00:00:00;2030-12-17 00:00:00;2030-12-21 00:00:00
2030-12-13 00:00:00;SO726083;C0005;CT002;454;2031-02-07 00:00:00;2031-02-16 00:00:00;2030-12-15 00:00:00;2030-12-24 00:00:00
2030-12-13 00:00:00;SO726083;C0005;AS004;490;2031-02-07 00:00:00;2031-02-16 00:00:00;2030-12-15 00:00:00;2030-12-24 00:00:00
2030-12-13 00:00:00;SO584863;C0021;CT001;1330;2030-12-27 00:00:00;2030-12-19 00:00:00;2030-12-17 00:00:00;2030-12-09 00:00:00
2030-12-13 00:00:00;SO584863;C0021;CS002;870;2030-12-27 00:00:00;2030-12-21 00:00:00;2030-12-17 00:00:00;2030-12-11 00:00:00
2030-12-16 00:00:00;SO115060;C0029;CS002;566;2031-02-10 00:00:00;2031-02-18 00:00:00;2030-12-24 00:00:00;2031-01-01 00:00:00
2030-12-16 00:00:00;SO458608;C0022;CT002;929;2031-01-27 00:00:00;2031-01-27 00:00:00;2030-12-20 00:00:00;2030-12-20 00:00:00
2030-12-16 00:00:00;SO360128;C0012;CL001;696;2031-01-13 00:00:00;2031-01-17 00:00:00;2030-12-19 00:00:00;2030-12-23 00:00:00
2030-12-16 00:00:00;SO621058;C0006;VS002;560;2031-02-17 00:00:00;2031-02-27 00:00:00;2030-12-18 00:00:00;2030-12-28 00:00:00
2030-12-16 00:00:00;SO115060;C0029;CS003;1112;2031-02-10 00:00:00;2031-02-13 00:00:00;2030-12-24 00:00:00;2030-12-27 00:00:00
2030-12-16 00:00:00;SO458608;C0022;CS004;437;2031-01-27 00:00:00;2031-01-30 00:00:00;2030-12-20 00:00:00;2030-12-23 00:00:00
2030-12-16 00:00:00;SO621058;C0006;AS002;437;2031-02-17 00:00:00;2031-02-20 00:00:00;2030-12-18 00:00:00;2030-12-21 00:00:00
2030-12-16 00:00:00;SO458608;C0022;AS003;1091;2031-01-27 00:00:00;2031-02-02 00:00:00;2030-12-20 00:00:00;2030-12-26 00:00:00
2030-12-16 00:00:00;SO360128;C0012;VS004;1130;2031-01-13 00:00:00;2031-01-20 00:00:00;2030-12-19 00:00:00;2030-12-26 00:00:00
2030-12-16 00:00:00;SO458608;C0022;AS002;700;2031-01-27 00:00:00;2031-01-28 00:00:00;2030-12-20 00:00:00;2030-12-21 00:00:00
2030-12-16 00:00:00;SO360128;C0012;CT003;950;2031-01-13 00:00:00;2031-01-06 00:00:00;2030-12-19 00:00:00;2030-12-12 00:00:00
2030-12-16 00:00:00;SO458608;C0022;CL002;756;2031-01-27 00:00:00;2031-01-25 00:00:00;2030-12-20 00:00:00;2030-12-18 00:00:00
2030-12-17 00:00:00;SO298537;C0024;CL001;1053;2031-01-14 00:00:00;2031-01-15 00:00:00;2030-12-21 00:00:00;2030-12-22 00:00:00
2030-12-17 00:00:00;SO305177;C0020;VS004;509;2031-02-11 00:00:00;2031-02-13 00:00:00;2030-12-21 00:00:00;2030-12-23 00:00:00
2030-12-17 00:00:00;SO383053;C0017;CT002;590;2031-02-11 00:00:00;2031-02-07 00:00:00;2030-12-21 00:00:00;2030-12-17 00:00:00
2030-12-17 00:00:00;SO200917;C0014;AT001;863;2031-01-21 00:00:00;2031-01-16 00:00:00;2030-12-21 00:00:00;2030-12-16 00:00:00
2030-12-17 00:00:00;SO200917;C0014;CL001;1446;2031-01-21 00:00:00;2031-01-22 00:00:00;2030-12-21 00:00:00;2030-12-22 00:00:00
2030-12-17 00:00:00;SO298537;C0024;AT001;365;2031-01-14 00:00:00;2031-01-17 00:00:00;2030-12-21 00:00:00;2030-12-24 00:00:00
2030-12-17 00:00:00;SO200917;C0014;CT003;1236;2031-01-21 00:00:00;2031-01-12 00:00:00;2030-12-21 00:00:00;2030-12-12 00:00:00
2030-12-17 00:00:00;SO200917;C0014;VS002;1355;2031-01-21 00:00:00;2031-01-22 00:00:00;2030-12-21 00:00:00;2030-12-22 00:00:00
2030-12-17 00:00:00;SO200917;C0014;AL001;1024;2031-01-21 00:00:00;2031-01-16 00:00:00;2030-12-21 00:00:00;2030-12-16 00:00:00
2030-12-17 00:00:00;SO383053;C0017;CS003;994;2031-02-11 00:00:00;2031-02-08 00:00:00;2030-12-21 00:00:00;2030-12-18 00:00:00
2030-12-17 00:00:00;SO383053;C0017;CL001;634;2031-02-11 00:00:00;2031-02-14 00:00:00;2030-12-21 00:00:00;2030-12-24 00:00:00
2030-12-17 00:00:00;SO200917;C0014;VS004;1183;2031-01-21 00:00:00;2031-01-14 00:00:00;2030-12-21 00:00:00;2030-12-14 00:00:00
2030-12-17 00:00:00;SO383053;C0017;CT003;1389;2031-02-11 00:00:00;2031-02-13 00:00:00;2030-12-21 00:00:00;2030-12-23 00:00:00
2030-12-17 00:00:00;SO200917;C0014;AS004;1422;2031-01-21 00:00:00;2031-01-13 00:00:00;2030-12-21 00:00:00;2030-12-13 00:00:00
2030-12-17 00:00:00;SO383053;C0017;AS003;354;2031-02-11 00:00:00;2031-02-15 00:00:00;2030-12-21 00:00:00;2030-12-25 00:00:00
2030-12-17 00:00:00;SO298537;C0024;VS001;626;2031-01-14 00:00:00;2031-01-15 00:00:00;2030-12-21 00:00:00;2030-12-22 00:00:00
2030-12-17 00:00:00;SO383053;C0017;AL002;397;2031-02-11 00:00:00;2031-02-04 00:00:00;2030-12-21 00:00:00;2030-12-14 00:00:00
2030-12-18 00:00:00;SO132541;C0001;CS004;1326;2031-01-15 00:00:00;2031-01-14 00:00:00;2030-12-20 00:00:00;2030-12-19 00:00:00
2030-12-18 00:00:00;SO851882;C0030;CL002;950;2031-02-19 00:00:00;2031-02-16 00:00:00;2030-12-26 00:00:00;2030-12-23 00:00:00
2030-12-18 00:00:00;SO543024;C0013;AS003;677;2031-01-15 00:00:00;2031-01-18 00:00:00;2030-12-22 00:00:00;2030-12-25 00:00:00
2030-12-18 00:00:00;SO851882;C0030;AS002;1150;2031-02-19 00:00:00;2031-02-15 00:00:00;2030-12-26 00:00:00;2030-12-22 00:00:00
2030-12-18 00:00:00;SO543024;C0013;AT001;1109;2031-01-15 00:00:00;2031-01-24 00:00:00;2030-12-22 00:00:00;2030-12-31 00:00:00
2030-12-18 00:00:00;SO543024;C0013;CT003;647;2031-01-15 00:00:00;2031-01-22 00:00:00;2030-12-22 00:00:00;2030-12-29 00:00:00
2030-12-18 00:00:00;SO851882;C0030;VS002;1231;2031-02-19 00:00:00;2031-02-24 00:00:00;2030-12-26 00:00:00;2030-12-31 00:00:00
2030-12-18 00:00:00;SO132541;C0001;AS004;1133;2031-01-15 00:00:00;2031-01-24 00:00:00;2030-12-20 00:00:00;2030-12-29 00:00:00
2030-12-18 00:00:00;SO543024;C0013;AL002;843;2031-01-15 00:00:00;2031-01-09 00:00:00;2030-12-22 00:00:00;2030-12-16 00:00:00
2030-12-18 00:00:00;SO132541;C0001;CT003;1091;2031-01-15 00:00:00;2031-01-07 00:00:00;2030-12-20 00:00:00;2030-12-12 00:00:00
2030-12-18 00:00:00;SO132541;C0001;VS001;739;2031-01-15 00:00:00;2031-01-10 00:00:00;2030-12-20 00:00:00;2030-12-15 00:00:00
2030-12-18 00:00:00;SO132541;C0001;AS003;593;2031-01-15 00:00:00;2031-01-08 00:00:00;2030-12-20 00:00:00;2030-12-13 00:00:00
2030-12-18 00:00:00;SO132541;C0001;CS003;350;2031-01-15 00:00:00;2031-01-13 00:00:00;2030-12-20 00:00:00;2030-12-18 00:00:00
2030-12-18 00:00:00;SO543024;C0013;CS002;1242;2031-01-15 00:00:00;2031-01-22 00:00:00;2030-12-22 00:00:00;2030-12-29 00:00:00
2030-12-19 00:00:00;SO877895;C0019;VS005;559;2031-02-20 00:00:00;2031-02-28 00:00:00;2030-12-23 00:00:00;2030-12-31 00:00:00
2030-12-19 00:00:00;SO447072;C0014;CT001;1098;2031-01-23 00:00:00;2031-01-20 00:00:00;2030-12-23 00:00:00;2030-12-20 00:00:00
2030-12-19 00:00:00;SO676337;C0013;CS002;563;2031-01-16 00:00:00;2031-01-06 00:00:00;2030-12-23 00:00:00;2030-12-13 00:00:00
2030-12-19 00:00:00;SO447072;C0014;CS004;739;2031-01-23 00:00:00;2031-01-20 00:00:00;2030-12-23 00:00:00;2030-12-20 00:00:00
2030-12-19 00:00:00;SO877895;C0019;AL002;700;2031-02-20 00:00:00;2031-02-26 00:00:00;2030-12-23 00:00:00;2030-12-29 00:00:00
2030-12-19 00:00:00;SO676337;C0013;VS001;748;2031-01-16 00:00:00;2031-01-25 00:00:00;2030-12-23 00:00:00;2031-01-01 00:00:00
2030-12-19 00:00:00;SO676337;C0013;CL002;1128;2031-01-16 00:00:00;2031-01-15 00:00:00;2030-12-23 00:00:00;2030-12-22 00:00:00
2030-12-19 00:00:00;SO447072;C0014;CL002;423;2031-01-23 00:00:00;2031-02-01 00:00:00;2030-12-23 00:00:00;2031-01-01 00:00:00
2030-12-19 00:00:00;SO447072;C0014;AT001;885;2031-01-23 00:00:00;2031-01-28 00:00:00;2030-12-23 00:00:00;2030-12-28 00:00:00
2030-12-19 00:00:00;SO877895;C0019;AS003;432;2031-02-20 00:00:00;2031-02-13 00:00:00;2030-12-23 00:00:00;2030-12-16 00:00:00
2030-12-19 00:00:00;SO676337;C0013;VS002;1329;2031-01-16 00:00:00;2031-01-13 00:00:00;2030-12-23 00:00:00;2030-12-20 00:00:00
2030-12-19 00:00:00;SO877895;C0019;VS002;431;2031-02-20 00:00:00;2031-02-15 00:00:00;2030-12-23 00:00:00;2030-12-18 00:00:00
2030-12-19 00:00:00;SO877895;C0019;AL001;744;2031-02-20 00:00:00;2031-02-24 00:00:00;2030-12-23 00:00:00;2030-12-27 00:00:00
2030-12-20 00:00:00;SO146392;C0028;AL002;1219;2031-01-03 00:00:00;2030-12-31 00:00:00;2030-12-28 00:00:00;2030-12-25 00:00:00
2030-12-20 00:00:00;SO379148;C0026;CS004;1135;2031-01-24 00:00:00;2031-01-14 00:00:00;2030-12-28 00:00:00;2030-12-18 00:00:00
2030-12-20 00:00:00;SO200960;C0007;VS001;625;2031-02-21 00:00:00;2031-02-24 00:00:00;2030-12-23 00:00:00;2030-12-26 00:00:00
2030-12-20 00:00:00;SO379148;C0026;AS003;1049;2031-01-24 00:00:00;2031-02-03 00:00:00;2030-12-28 00:00:00;2031-01-07 00:00:00
2030-12-20 00:00:00;SO379148;C0026;CS002;502;2031-01-24 00:00:00;2031-01-29 00:00:00;2030-12-28 00:00:00;2031-01-02 00:00:00
2030-12-20 00:00:00;SO379148;C0026;AS004;958;2031-01-24 00:00:00;2031-01-26 00:00:00;2030-12-28 00:00:00;2030-12-30 00:00:00
2030-12-20 00:00:00;SO146392;C0028;CT002;776;2031-01-03 00:00:00;2030-12-30 00:00:00;2030-12-28 00:00:00;2030-12-24 00:00:00
2030-12-20 00:00:00;SO146392;C0028;AS002;1174;2031-01-03 00:00:00;2030-12-24 00:00:00;2030-12-28 00:00:00;2030-12-18 00:00:00
2030-12-20 00:00:00;SO379148;C0026;CL001;420;2031-01-24 00:00:00;2031-01-31 00:00:00;2030-12-28 00:00:00;2031-01-04 00:00:00
2030-12-20 00:00:00;SO200960;C0007;AS002;1097;2031-02-21 00:00:00;2031-02-26 00:00:00;2030-12-23 00:00:00;2030-12-28 00:00:00
2030-12-20 00:00:00;SO146392;C0028;VS002;1245;2031-01-03 00:00:00;2031-01-01 00:00:00;2030-12-28 00:00:00;2030-12-26 00:00:00
2030-12-20 00:00:00;SO146392;C0028;CS003;1028;2031-01-03 00:00:00;2031-01-05 00:00:00;2030-12-28 00:00:00;2030-12-30 00:00:00
2030-12-20 00:00:00;SO379148;C0026;CS003;740;2031-01-24 00:00:00;2031-01-15 00:00:00;2030-12-28 00:00:00;2030-12-19 00:00:00
2030-12-20 00:00:00;SO146392;C0028;AS004;1101;2031-01-03 00:00:00;2030-12-27 00:00:00;2030-12-28 00:00:00;2030-12-21 00:00:00
2030-12-20 00:00:00;SO146392;C0028;CS004;873;2031-01-03 00:00:00;2031-01-07 00:00:00;2030-12-28 00:00:00;2031-01-01 00:00:00
2030-12-20 00:00:00;SO200960;C0007;CL002;781;2031-02-21 00:00:00;2031-02-17 00:00:00;2030-12-23 00:00:00;2030-12-19 00:00:00
2030-12-20 00:00:00;SO200960;C0007;AL002;548;2031-02-21 00:00:00;2031-02-22 00:00:00;2030-12-23 00:00:00;2030-12-24 00:00:00
2030-12-20 00:00:00;SO200960;C0007;AT001;809;2031-02-21 00:00:00;2031-02-23 00:00:00;2030-12-23 00:00:00;2030-12-25 00:00:00
2030-12-20 00:00:00;SO379148;C0026;AT001;931;2031-01-24 00:00:00;2031-01-14 00:00:00;2030-12-28 00:00:00;2030-12-18 00:00:00
2030-12-23 00:00:00;SO814059;C0015;VS002;1469;2031-02-03 00:00:00;2031-02-03 00:00:00;2030-12-27 00:00:00;2030-12-27 00:00:00
2030-12-23 00:00:00;SO376167;C0020;AT001;1396;2031-02-17 00:00:00;2031-02-18 00:00:00;2030-12-27 00:00:00;2030-12-28 00:00:00
2030-12-23 00:00:00;SO527401;C0016;AS003;1010;2031-01-06 00:00:00;2031-01-07 00:00:00;2030-12-27 00:00:00;2030-12-28 00:00:00
2030-12-23 00:00:00;SO814059;C0015;CS004;971;2031-02-03 00:00:00;2031-02-10 00:00:00;2030-12-27 00:00:00;2031-01-03 00:00:00
2030-12-23 00:00:00;SO814059;C0015;AS003;1253;2031-02-03 00:00:00;2031-02-02 00:00:00;2030-12-27 00:00:00;2030-12-26 00:00:00
2030-12-23 00:00:00;SO527401;C0016;AL002;1156;2031-01-06 00:00:00;2031-01-06 00:00:00;2030-12-27 00:00:00;2030-12-27 00:00:00
2030-12-23 00:00:00;SO814059;C0015;AL001;734;2031-02-03 00:00:00;2031-02-04 00:00:00;2030-12-27 00:00:00;2030-12-28 00:00:00
2030-12-23 00:00:00;SO376167;C0020;CS002;993;2031-02-17 00:00:00;2031-02-27 00:00:00;2030-12-27 00:00:00;2031-01-06 00:00:00
2030-12-23 00:00:00;SO814059;C0015;AL002;1182;2031-02-03 00:00:00;2031-02-12 00:00:00;2030-12-27 00:00:00;2031-01-05 00:00:00
2030-12-23 00:00:00;SO376167;C0020;CT002;568;2031-02-17 00:00:00;2031-02-12 00:00:00;2030-12-27 00:00:00;2030-12-22 00:00:00
2030-12-23 00:00:00;SO376167;C0020;CS003;984;2031-02-17 00:00:00;2031-02-11 00:00:00;2030-12-27 00:00:00;2030-12-21 00:00:00
2030-12-23 00:00:00;SO527401;C0016;VS005;1178;2031-01-06 00:00:00;2031-01-05 00:00:00;2030-12-27 00:00:00;2030-12-26 00:00:00
2030-12-23 00:00:00;SO376167;C0020;CT001;1010;2031-02-17 00:00:00;2031-02-09 00:00:00;2030-12-27 00:00:00;2030-12-19 00:00:00
2030-12-23 00:00:00;SO376167;C0020;AS004;879;2031-02-17 00:00:00;2031-02-22 00:00:00;2030-12-27 00:00:00;2031-01-01 00:00:00
2030-12-23 00:00:00;SO376167;C0020;VS001;696;2031-02-17 00:00:00;2031-02-18 00:00:00;2030-12-27 00:00:00;2030-12-28 00:00:00
2030-12-24 00:00:00;SO680763;C0005;VS004;1094;2031-02-18 00:00:00;2031-02-28 00:00:00;2030-12-26 00:00:00;2031-01-05 00:00:00
2030-12-24 00:00:00;SO178446;C0022;AS004;1214;2031-02-04 00:00:00;2031-02-03 00:00:00;2030-12-28 00:00:00;2030-12-27 00:00:00
2030-12-24 00:00:00;SO548249;C0014;AT001;1010;2031-01-28 00:00:00;2031-01-29 00:00:00;2030-12-28 00:00:00;2030-12-29 00:00:00
2030-12-24 00:00:00;SO178446;C0022;CT002;1052;2031-02-04 00:00:00;2031-02-06 00:00:00;2030-12-28 00:00:00;2030-12-30 00:00:00
2030-12-24 00:00:00;SO680763;C0005;AS002;1304;2031-02-18 00:00:00;2031-02-14 00:00:00;2030-12-26 00:00:00;2030-12-22 00:00:00
2030-12-24 00:00:00;SO548249;C0014;CS003;1270;2031-01-28 00:00:00;2031-02-01 00:00:00;2030-12-28 00:00:00;2031-01-01 00:00:00
2030-12-24 00:00:00;SO548249;C0014;CT002;1216;2031-01-28 00:00:00;2031-01-26 00:00:00;2030-12-28 00:00:00;2030-12-26 00:00:00
2030-12-24 00:00:00;SO680763;C0005;VS001;449;2031-02-18 00:00:00;2031-02-13 00:00:00;2030-12-26 00:00:00;2030-12-21 00:00:00
2030-12-24 00:00:00;SO178446;C0022;AT001;435;2031-02-04 00:00:00;2031-02-01 00:00:00;2030-12-28 00:00:00;2030-12-25 00:00:00
2030-12-24 00:00:00;SO178446;C0022;AL002;394;2031-02-04 00:00:00;2031-02-08 00:00:00;2030-12-28 00:00:00;2031-01-01 00:00:00
2030-12-24 00:00:00;SO680763;C0005;VS005;619;2031-02-18 00:00:00;2031-02-12 00:00:00;2030-12-26 00:00:00;2030-12-20 00:00:00
2030-12-24 00:00:00;SO680763;C0005;CS003;365;2031-02-18 00:00:00;2031-02-18 00:00:00;2030-12-26 00:00:00;2030-12-26 00:00:00
2030-12-24 00:00:00;SO548249;C0014;VS001;1074;2031-01-28 00:00:00;2031-01-28 00:00:00;2030-12-28 00:00:00;2030-12-28 00:00:00
2030-12-24 00:00:00;SO178446;C0022;VS005;968;2031-02-04 00:00:00;2031-01-31 00:00:00;2030-12-28 00:00:00;2030-12-24 00:00:00
2030-12-24 00:00:00;SO178446;C0022;AS003;980;2031-02-04 00:00:00;2031-02-05 00:00:00;2030-12-28 00:00:00;2030-12-29 00:00:00
2030-12-24 00:00:00;SO548249;C0014;AL002;1038;2031-01-28 00:00:00;2031-02-05 00:00:00;2030-12-28 00:00:00;2031-01-05 00:00:00
2030-12-24 00:00:00;SO680763;C0005;AT001;869;2031-02-18 00:00:00;2031-02-24 00:00:00;2030-12-26 00:00:00;2031-01-01 00:00:00
2030-12-25 00:00:00;SO150479;C0013;VS005;620;2031-01-22 00:00:00;2031-01-30 00:00:00;2030-12-29 00:00:00;2031-01-06 00:00:00
2030-12-25 00:00:00;SO370933;C0030;CS003;1480;2031-02-26 00:00:00;2031-02-24 00:00:00;2031-01-02 00:00:00;2030-12-31 00:00:00
2030-12-25 00:00:00;SO958308;C0017;AS003;616;2031-02-19 00:00:00;2031-02-27 00:00:00;2030-12-29 00:00:00;2031-01-06 00:00:00
2030-12-25 00:00:00;SO565393;C0021;AS003;522;2031-01-08 00:00:00;2030-12-30 00:00:00;2030-12-29 00:00:00;2030-12-20 00:00:00
2030-12-25 00:00:00;SO150479;C0013;AS004;1233;2031-01-22 00:00:00;2031-01-25 00:00:00;2030-12-29 00:00:00;2031-01-01 00:00:00
2030-12-25 00:00:00;SO150479;C0013;AL002;793;2031-01-22 00:00:00;2031-01-26 00:00:00;2030-12-29 00:00:00;2031-01-02 00:00:00
2030-12-25 00:00:00;SO958308;C0017;AS002;1251;2031-02-19 00:00:00;2031-02-25 00:00:00;2030-12-29 00:00:00;2031-01-04 00:00:00
2030-12-25 00:00:00;SO565393;C0021;CS004;1246;2031-01-08 00:00:00;2031-01-09 00:00:00;2030-12-29 00:00:00;2030-12-30 00:00:00
2030-12-25 00:00:00;SO150479;C0013;VS002;686;2031-01-22 00:00:00;2031-01-26 00:00:00;2030-12-29 00:00:00;2031-01-02 00:00:00
2030-12-25 00:00:00;SO958308;C0017;AS004;467;2031-02-19 00:00:00;2031-02-27 00:00:00;2030-12-29 00:00:00;2031-01-06 00:00:00
2030-12-25 00:00:00;SO150479;C0013;AS002;965;2031-01-22 00:00:00;2031-01-20 00:00:00;2030-12-29 00:00:00;2030-12-27 00:00:00
2030-12-25 00:00:00;SO565393;C0021;CS002;398;2031-01-08 00:00:00;2031-01-09 00:00:00;2030-12-29 00:00:00;2030-12-30 00:00:00
2030-12-25 00:00:00;SO150479;C0013;VS004;1262;2031-01-22 00:00:00;2031-01-14 00:00:00;2030-12-29 00:00:00;2030-12-21 00:00:00
2030-12-25 00:00:00;SO370933;C0030;CL001;1065;2031-02-26 00:00:00;2031-02-19 00:00:00;2031-01-02 00:00:00;2030-12-26 00:00:00
2030-12-25 00:00:00;SO565393;C0021;AS002;356;2031-01-08 00:00:00;2030-12-31 00:00:00;2030-12-29 00:00:00;2030-12-21 00:00:00
2030-12-25 00:00:00;SO565393;C0021;VS005;815;2031-01-08 00:00:00;2031-01-02 00:00:00;2030-12-29 00:00:00;2030-12-23 00:00:00
2030-12-25 00:00:00;SO565393;C0021;VS001;582;2031-01-08 00:00:00;2031-01-09 00:00:00;2030-12-29 00:00:00;2030-12-30 00:00:00
2030-12-25 00:00:00;SO565393;C0021;CL002;756;2031-01-08 00:00:00;2031-01-06 00:00:00;2030-12-29 00:00:00;2030-12-27 00:00:00
2030-12-25 00:00:00;SO370933;C0030;AT001;820;2031-02-26 00:00:00;2031-02-20 00:00:00;2031-01-02 00:00:00;2030-12-27 00:00:00
2030-12-26 00:00:00;SO418823;C0006;CS004;964;2031-02-27 00:00:00;2031-02-20 00:00:00;2030-12-28 00:00:00;2030-12-21 00:00:00
2030-12-26 00:00:00;SO147264;C0025;CL001;415;2031-01-23 00:00:00;2031-01-20 00:00:00;2031-01-03 00:00:00;2030-12-31 00:00:00
2030-12-26 00:00:00;SO430460;C0019;CT002;423;2031-02-27 00:00:00;2031-02-24 00:00:00;2030-12-30 00:00:00;2030-12-27 00:00:00
2030-12-26 00:00:00;SO812971;C0027;CT003;750;2031-02-06 00:00:00;2031-02-16 00:00:00;2031-01-03 00:00:00;2031-01-13 00:00:00
2030-12-26 00:00:00;SO430460;C0019;CS002;829;2031-02-27 00:00:00;2031-03-05 00:00:00;2030-12-30 00:00:00;2031-01-05 00:00:00
2030-12-26 00:00:00;SO147264;C0025;VS004;879;2031-01-23 00:00:00;2031-01-14 00:00:00;2031-01-03 00:00:00;2030-12-25 00:00:00
2030-12-26 00:00:00;SO418823;C0006;AS002;1098;2031-02-27 00:00:00;2031-02-19 00:00:00;2030-12-28 00:00:00;2030-12-20 00:00:00
2030-12-26 00:00:00;SO812971;C0027;VS005;1131;2031-02-06 00:00:00;2031-02-15 00:00:00;2031-01-03 00:00:00;2031-01-12 00:00:00
2030-12-26 00:00:00;SO418823;C0006;AL001;509;2031-02-27 00:00:00;2031-03-09 00:00:00;2030-12-28 00:00:00;2031-01-07 00:00:00
2030-12-26 00:00:00;SO812971;C0027;CS002;671;2031-02-06 00:00:00;2031-02-01 00:00:00;2031-01-03 00:00:00;2030-12-29 00:00:00
2030-12-26 00:00:00;SO430460;C0019;CS003;608;2031-02-27 00:00:00;2031-03-06 00:00:00;2030-12-30 00:00:00;2031-01-06 00:00:00
2030-12-26 00:00:00;SO430460;C0019;VS004;883;2031-02-27 00:00:00;2031-02-22 00:00:00;2030-12-30 00:00:00;2030-12-25 00:00:00
2030-12-26 00:00:00;SO812971;C0027;VS001;1168;2031-02-06 00:00:00;2031-01-28 00:00:00;2031-01-03 00:00:00;2030-12-25 00:00:00
2030-12-26 00:00:00;SO418823;C0006;AS004;818;2031-02-27 00:00:00;2031-02-26 00:00:00;2030-12-28 00:00:00;2030-12-27 00:00:00
2030-12-27 00:00:00;SO849789;C0014;CL002;732;2031-01-31 00:00:00;2031-02-02 00:00:00;2030-12-31 00:00:00;2031-01-02 00:00:00
2030-12-27 00:00:00;SO605661;C0004;CS004;730;2031-01-10 00:00:00;2031-01-16 00:00:00;2030-12-29 00:00:00;2031-01-04 00:00:00
2030-12-27 00:00:00;SO688721;C0021;CT002;1112;2031-01-10 00:00:00;2031-01-11 00:00:00;2030-12-31 00:00:00;2031-01-01 00:00:00
2030-12-27 00:00:00;SO688721;C0021;CL001;1198;2031-01-10 00:00:00;2031-01-04 00:00:00;2030-12-31 00:00:00;2030-12-25 00:00:00
2030-12-27 00:00:00;SO605661;C0004;CT003;1109;2031-01-10 00:00:00;2031-01-04 00:00:00;2030-12-29 00:00:00;2030-12-23 00:00:00
2030-12-27 00:00:00;SO605661;C0004;CL001;1369;2031-01-10 00:00:00;2031-01-17 00:00:00;2030-12-29 00:00:00;2031-01-05 00:00:00
2030-12-27 00:00:00;SO605661;C0004;AS002;1194;2031-01-10 00:00:00;2031-01-14 00:00:00;2030-12-29 00:00:00;2031-01-02 00:00:00
2030-12-27 00:00:00;SO688721;C0021;AS002;1041;2031-01-10 00:00:00;2031-01-15 00:00:00;2030-12-31 00:00:00;2031-01-05 00:00:00
2030-12-27 00:00:00;SO688721;C0021;VS001;710;2031-01-10 00:00:00;2031-01-08 00:00:00;2030-12-31 00:00:00;2030-12-29 00:00:00
2030-12-27 00:00:00;SO849789;C0014;AL001;1167;2031-01-31 00:00:00;2031-01-25 00:00:00;2030-12-31 00:00:00;2030-12-25 00:00:00
2030-12-27 00:00:00;SO605661;C0004;VS002;950;2031-01-10 00:00:00;2031-01-12 00:00:00;2030-12-29 00:00:00;2030-12-31 00:00:00
2030-12-27 00:00:00;SO605661;C0004;AS003;1133;2031-01-10 00:00:00;2031-01-19 00:00:00;2030-12-29 00:00:00;2031-01-07 00:00:00
2030-12-30 00:00:00;SO512766;C0027;CS002;1080;2031-02-10 00:00:00;2031-01-31 00:00:00;2031-01-07 00:00:00;2030-12-28 00:00:00
2030-12-30 00:00:00;SO803622;C0020;AL001;1135;2031-02-24 00:00:00;2031-02-23 00:00:00;2031-01-03 00:00:00;2031-01-02 00:00:00
2030-12-30 00:00:00;SO512766;C0027;AS004;1299;2031-02-10 00:00:00;2031-02-02 00:00:00;2031-01-07 00:00:00;2030-12-30 00:00:00
2030-12-30 00:00:00;SO512766;C0027;CS003;648;2031-02-10 00:00:00;2031-02-14 00:00:00;2031-01-07 00:00:00;2031-01-11 00:00:00
2030-12-30 00:00:00;SO512766;C0027;CS004;1001;2031-02-10 00:00:00;2031-02-11 00:00:00;2031-01-07 00:00:00;2031-01-08 00:00:00
2030-12-30 00:00:00;SO803622;C0020;CS004;1021;2031-02-24 00:00:00;2031-02-15 00:00:00;2031-01-03 00:00:00;2030-12-25 00:00:00
2030-12-30 00:00:00;SO803622;C0020;VS004;748;2031-02-24 00:00:00;2031-02-19 00:00:00;2031-01-03 00:00:00;2030-12-29 00:00:00
2030-12-30 00:00:00;SO803622;C0020;CS002;913;2031-02-24 00:00:00;2031-03-01 00:00:00;2031-01-03 00:00:00;2031-01-08 00:00:00
2030-12-30 00:00:00;SO803622;C0020;AT001;984;2031-02-24 00:00:00;2031-02-28 00:00:00;2031-01-03 00:00:00;2031-01-07 00:00:00
2030-12-30 00:00:00;SO803622;C0020;CT002;633;2031-02-24 00:00:00;2031-02-27 00:00:00;2031-01-03 00:00:00;2031-01-06 00:00:00
2030-12-30 00:00:00;SO803622;C0020;CT003;537;2031-02-24 00:00:00;2031-02-25 00:00:00;2031-01-03 00:00:00;2031-01-04 00:00:00
2030-12-30 00:00:00;SO512766;C0027;CT001;662;2031-02-10 00:00:00;2031-02-09 00:00:00;2031-01-07 00:00:00;2031-01-06 00:00:00
2030-12-30 00:00:00;SO803622;C0020;AS002;1027;2031-02-24 00:00:00;2031-03-04 00:00:00;2031-01-03 00:00:00;2031-01-11 00:00:00
2030-12-31 00:00:00;SO665664;C0027;VS005;947;2031-02-11 00:00:00;2031-02-05 00:00:00;2031-01-08 00:00:00;2031-01-02 00:00:00
2030-12-31 00:00:00;SO661709;C0007;AL002;533;2031-03-04 00:00:00;2031-02-28 00:00:00;2031-01-03 00:00:00;2030-12-30 00:00:00
2030-12-31 00:00:00;SO661709;C0007;VS005;725;2031-03-04 00:00:00;2031-03-10 00:00:00;2031-01-03 00:00:00;2031-01-09 00:00:00
2030-12-31 00:00:00;SO661709;C0007;CS004;489;2031-03-04 00:00:00;2031-02-26 00:00:00;2031-01-03 00:00:00;2030-12-28 00:00:00
2030-12-31 00:00:00;SO661709;C0007;CT001;828;2031-03-04 00:00:00;2031-02-28 00:00:00;2031-01-03 00:00:00;2030-12-30 00:00:00
2030-12-31 00:00:00;SO661709;C0007;CL002;426;2031-03-04 00:00:00;2031-03-09 00:00:00;2031-01-03 00:00:00;2031-01-08 00:00:00
2030-12-31 00:00:00;SO665664;C0027;AS002;865;2031-02-11 00:00:00;2031-02-06 00:00:00;2031-01-08 00:00:00;2031-01-03 00:00:00
2030-12-31 00:00:00;SO665664;C0027;VS001;497;2031-02-11 00:00:00;2031-02-18 00:00:00;2031-01-08 00:00:00;2031-01-15 00:00:00
2030-12-31 00:00:00;SO661709;C0007;VS004;1402;2031-03-04 00:00:00;2031-02-22 00:00:00;2031-01-03 00:00:00;2030-12-24 00:00:00
2030-12-31 00:00:00;SO665664;C0027;AL001;1411;2031-02-11 00:00:00;2031-02-07 00:00:00;2031-01-08 00:00:00;2031-01-04 00:00:00
2030-12-31 00:00:00;SO665664;C0027;AT001;1429;2031-02-11 00:00:00;2031-02-08 00:00:00;2031-01-08 00:00:00;2031-01-05 00:00:00
2030-12-31 00:00:00;SO661709;C0007;AT001;873;2031-03-04 00:00:00;2031-03-05 00:00:00;2031-01-03 00:00:00;2031-01-04 00:00:00
2030-12-31 00:00:00;SO661709;C0007;CL001;971;2031-03-04 00:00:00;2031-02-28 00:00:00;2031-01-03 00:00:00;2030-12-30 00:00:00
2030-12-31 00:00:00;SO665664;C0027;AL002;1377;2031-02-11 00:00:00;2031-02-20 00:00:00;2031-01-08 00:00:00;2031-01-17 00:00:00
