Data;Ordem de Venda;Cliente ID;Produto SKU;Qtde;Vencimento;Pagamento;Previsão de Entrega;Entrega Efetiva
2027-01-01 00:00:00;SO968728;C0016;CS002;683;2027-01-15 00:00:00;2027-01-20 00:00:00;2027-01-05 00:00:00;2027-01-10 00:00:00
2027-01-01 00:00:00;SO739766;C0010;CT002;1255;2027-02-12 00:00:00;2027-02-18 00:00:00;2027-01-04 00:00:00;2027-01-10 00:00:00
2027-01-01 00:00:00;SO915253;C0021;CS002;1299;2027-01-15 00:00:00;2027-01-16 00:00:00;2027-01-05 00:00:00;2027-01-06 00:00:00
2027-01-01 00:00:00;SO258301;C0024;AS005;788;2027-01-29 00:00:00;2027-02-06 00:00:00;2027-01-05 00:00:00;2027-01-13 00:00:00
2027-01-01 00:00:00;SO739766;C0010;CT003;585;2027-02-12 00:00:00;2027-02-06 00:00:00;2027-01-04 00:00:00;2026-12-29 00:00:00
2027-01-01 00:00:00;SO258301;C0024;CS004;520;2027-01-29 00:00:00;2027-02-02 00:00:00;2027-01-05 00:00:00;2027-01-09 00:00:00
2027-01-01 00:00:00;SO739766;C0010;CS002;423;2027-02-12 00:00:00;2027-02-22 00:00:00;2027-01-04 00:00:00;2027-01-14 00:00:00
2027-01-01 00:00:00;SO258301;C0024;VS002;964;2027-01-29 00:00:00;2027-01-27 00:00:00;2027-01-05 00:00:00;2027-01-03 00:00:00
2027-01-01 00:00:00;SO739766;C0010;VS001;1177;2027-02-12 00:00:00;2027-02-11 00:00:00;2027-01-04 00:00:00;2027-01-03 00:00:00
2027-01-01 00:00:00;SO258301;C0024;CS003;320;2027-01-29 00:00:00;2027-02-01 00:00:00;2027-01-05 00:00:00;2027-01-08 00:00:00
2027-01-01 00:00:00;SO258301;C0024;AT001;1222;2027-01-29 00:00:00;2027-01-31 00:00:00;2027-01-05 00:00:00;2027-01-07 00:00:00
2027-01-01 00:00:00;SO968728;C0016;VS003;1106;2027-01-15 00:00:00;2027-01-13 00:00:00;2027-01-05 00:00:00;2027-01-03 00:00:00
2027-01-01 00:00:00;SO915253;C0021;AT001;1230;2027-01-15 00:00:00;2027-01-17 00:00:00;2027-01-05 00:00:00;2027-01-07 00:00:00
2027-01-01 00:00:00;SO915253;C0021;AL002;966;2027-01-15 00:00:00;2027-01-24 00:00:00;2027-01-05 00:00:00;2027-01-14 00:00:00
2027-01-04 00:00:00;SO362351;C0006;AS004;450;2027-03-08 00:00:00;2027-03-11 00:00:00;2027-01-06 00:00:00;2027-01-09 00:00:00
2027-01-04 00:00:00;SO571871;C0030;VS001;1096;2027-03-08 00:00:00;2027-03-18 00:00:00;2027-01-12 00:00:00;2027-01-22 00:00:00
2027-01-04 00:00:00;SO433794;C0020;CS002;468;2027-03-01 00:00:00;2027-03-04 00:00:00;2027-01-08 00:00:00;2027-01-11 00:00:00
2027-01-04 00:00:00;SO668829;C0021;AS003;351;2027-01-18 00:00:00;2027-01-28 00:00:00;2027-01-08 00:00:00;2027-01-18 00:00:00
2027-01-04 00:00:00;SO362351;C0006;CS003;882;2027-03-08 00:00:00;2027-03-16 00:00:00;2027-01-06 00:00:00;2027-01-14 00:00:00
2027-01-04 00:00:00;SO362351;C0006;CS004;1384;2027-03-08 00:00:00;2027-03-02 00:00:00;2027-01-06 00:00:00;2026-12-31 00:00:00
2027-01-04 00:00:00;SO571871;C0030;AT001;909;2027-03-08 00:00:00;2027-02-26 00:00:00;2027-01-12 00:00:00;2027-01-02 00:00:00
2027-01-04 00:00:00;SO668829;C0021;VS003;934;2027-01-18 00:00:00;2027-01-08 00:00:00;2027-01-08 00:00:00;2026-12-29 00:00:00
2027-01-04 00:00:00;SO433794;C0020;VS004;1220;2027-03-01 00:00:00;2027-03-08 00:00:00;2027-01-08 00:00:00;2027-01-15 00:00:00
2027-01-04 00:00:00;SO571871;C0030;AS003;485;2027-03-08 00:00:00;2027-03-13 00:00:00;2027-01-12 00:00:00;2027-01-17 00:00:00
2027-01-04 00:00:00;SO668829;C0021;CS002;701;2027-01-18 00:00:00;2027-01-08 00:00:00;2027-01-08 00:00:00;2026-12-29 00:00:00
2027-01-04 00:00:00;SO433794;C0020;AL002;798;2027-03-01 00:00:00;2027-03-01 00:00:00;2027-01-08 00:00:00;2027-01-08 00:00:00
2027-01-04 00:00:00;SO433794;C0020;CT003;977;2027-03-01 00:00:00;2027-02-27 00:00:00;2027-01-08 00:00:00;2027-01-06 00:00:00
2027-01-04 00:00:00;SO571871;C0030;CS003;1106;2027-03-08 00:00:00;2027-03-15 00:00:00;2027-01-12 00:00:00;2027-01-19 00:00:00
2027-01-04 00:00:00;SO362351;C0006;VS004;1349;2027-03-08 00:00:00;2027-03-15 00:00:00;2027-01-06 00:00:00;2027-01-13 00:00:00
2027-01-04 00:00:00;SO433794;C0020;AS003;613;2027-03-01 00:00:00;2027-03-04 00:00:00;2027-01-08 00:00:00;2027-01-11 00:00:00
2027-01-04 00:00:00;SO433794;C0020;CS004;792;2027-03-01 00:00:00;2027-02-19 00:00:00;2027-01-08 00:00:00;2026-12-29 00:00:00
2027-01-04 00:00:00;SO571871;C0030;CT002;743;2027-03-08 00:00:00;2027-03-17 00:00:00;2027-01-12 00:00:00;2027-01-21 00:00:00
2027-01-05 00:00:00;SO100806;C0001;VS003;790;2027-02-02 00:00:00;2027-01-25 00:00:00;2027-01-07 00:00:00;2026-12-30 00:00:00
2027-01-05 00:00:00;SO687436;C0028;CS003;652;2027-01-19 00:00:00;2027-01-09 00:00:00;2027-01-13 00:00:00;2027-01-03 00:00:00
2027-01-05 00:00:00;SO186378;C0012;CT003;1105;2027-02-02 00:00:00;2027-01-26 00:00:00;2027-01-08 00:00:00;2027-01-01 00:00:00
2027-01-05 00:00:00;SO598483;C0018;CS002;688;2027-03-09 00:00:00;2027-03-11 00:00:00;2027-01-09 00:00:00;2027-01-11 00:00:00
2027-01-05 00:00:00;SO687436;C0028;AT001;789;2027-01-19 00:00:00;2027-01-10 00:00:00;2027-01-13 00:00:00;2027-01-04 00:00:00
2027-01-05 00:00:00;SO100806;C0001;VS001;559;2027-02-02 00:00:00;2027-01-23 00:00:00;2027-01-07 00:00:00;2026-12-28 00:00:00
2027-01-05 00:00:00;SO687436;C0028;CS002;1123;2027-01-19 00:00:00;2027-01-18 00:00:00;2027-01-13 00:00:00;2027-01-12 00:00:00
2027-01-05 00:00:00;SO186378;C0012;VS002;648;2027-02-02 00:00:00;2027-01-26 00:00:00;2027-01-08 00:00:00;2027-01-01 00:00:00
2027-01-05 00:00:00;SO598483;C0018;VS004;974;2027-03-09 00:00:00;2027-03-06 00:00:00;2027-01-09 00:00:00;2027-01-06 00:00:00
2027-01-05 00:00:00;SO598483;C0018;AS001;953;2027-03-09 00:00:00;2027-02-28 00:00:00;2027-01-09 00:00:00;2026-12-31 00:00:00
2027-01-05 00:00:00;SO100806;C0001;CS002;935;2027-02-02 00:00:00;2027-02-08 00:00:00;2027-01-07 00:00:00;2027-01-13 00:00:00
2027-01-05 00:00:00;SO100806;C0001;AS001;1229;2027-02-02 00:00:00;2027-02-08 00:00:00;2027-01-07 00:00:00;2027-01-13 00:00:00
2027-01-05 00:00:00;SO186378;C0012;VS004;1132;2027-02-02 00:00:00;2027-01-28 00:00:00;2027-01-08 00:00:00;2027-01-03 00:00:00
2027-01-05 00:00:00;SO687436;C0028;CT003;510;2027-01-19 00:00:00;2027-01-27 00:00:00;2027-01-13 00:00:00;2027-01-21 00:00:00
2027-01-06 00:00:00;SO933668;C0004;VS001;723;2027-01-20 00:00:00;2027-01-21 00:00:00;2027-01-08 00:00:00;2027-01-09 00:00:00
2027-01-06 00:00:00;SO882654;C0002;CS004;842;2027-02-10 00:00:00;2027-02-08 00:00:00;2027-01-08 00:00:00;2027-01-06 00:00:00
2027-01-06 00:00:00;SO933668;C0004;VS003;1125;2027-01-20 00:00:00;2027-01-17 00:00:00;2027-01-08 00:00:00;2027-01-05 00:00:00
2027-01-06 00:00:00;SO933668;C0004;AS001;1305;2027-01-20 00:00:00;2027-01-29 00:00:00;2027-01-08 00:00:00;2027-01-17 00:00:00
2027-01-06 00:00:00;SO882654;C0002;CT003;982;2027-02-10 00:00:00;2027-02-11 00:00:00;2027-01-08 00:00:00;2027-01-09 00:00:00
2027-01-06 00:00:00;SO882654;C0002;CT002;603;2027-02-10 00:00:00;2027-02-10 00:00:00;2027-01-08 00:00:00;2027-01-08 00:00:00
2027-01-06 00:00:00;SO882654;C0002;AS003;1119;2027-02-10 00:00:00;2027-02-09 00:00:00;2027-01-08 00:00:00;2027-01-07 00:00:00
2027-01-06 00:00:00;SO882654;C0002;VS002;837;2027-02-10 00:00:00;2027-02-09 00:00:00;2027-01-08 00:00:00;2027-01-07 00:00:00
2027-01-06 00:00:00;SO933668;C0004;AL002;1049;2027-01-20 00:00:00;2027-01-30 00:00:00;2027-01-08 00:00:00;2027-01-18 00:00:00
2027-01-06 00:00:00;SO882654;C0002;AS004;965;2027-02-10 00:00:00;2027-02-02 00:00:00;2027-01-08 00:00:00;2026-12-31 00:00:00
2027-01-06 00:00:00;SO933668;C0004;CS003;957;2027-01-20 00:00:00;2027-01-24 00:00:00;2027-01-08 00:00:00;2027-01-12 00:00:00
2027-01-06 00:00:00;SO882654;C0002;CS003;1203;2027-02-10 00:00:00;2027-01-31 00:00:00;2027-01-08 00:00:00;2026-12-29 00:00:00
2027-01-06 00:00:00;SO882654;C0002;AL002;1041;2027-02-10 00:00:00;2027-02-13 00:00:00;2027-01-08 00:00:00;2027-01-11 00:00:00
2027-01-06 00:00:00;SO933668;C0004;AT001;966;2027-01-20 00:00:00;2027-01-23 00:00:00;2027-01-08 00:00:00;2027-01-11 00:00:00
2027-01-06 00:00:00;SO933668;C0004;CS004;1419;2027-01-20 00:00:00;2027-01-25 00:00:00;2027-01-08 00:00:00;2027-01-13 00:00:00
2027-01-06 00:00:00;SO882654;C0002;VS001;677;2027-02-10 00:00:00;2027-02-13 00:00:00;2027-01-08 00:00:00;2027-01-11 00:00:00
2027-01-06 00:00:00;SO882654;C0002;VS003;952;2027-02-10 00:00:00;2027-02-13 00:00:00;2027-01-08 00:00:00;2027-01-11 00:00:00
2027-01-07 00:00:00;SO575740;C0014;VS002;477;2027-02-11 00:00:00;2027-02-21 00:00:00;2027-01-11 00:00:00;2027-01-21 00:00:00
2027-01-07 00:00:00;SO970752;C0027;VS002;922;2027-02-18 00:00:00;2027-02-23 00:00:00;2027-01-15 00:00:00;2027-01-20 00:00:00
2027-01-07 00:00:00;SO755948;C0006;CS004;1198;2027-03-11 00:00:00;2027-03-14 00:00:00;2027-01-09 00:00:00;2027-01-12 00:00:00
2027-01-07 00:00:00;SO970752;C0027;CS004;1147;2027-02-18 00:00:00;2027-02-15 00:00:00;2027-01-15 00:00:00;2027-01-12 00:00:00
2027-01-07 00:00:00;SO755948;C0006;CT002;1071;2027-03-11 00:00:00;2027-03-03 00:00:00;2027-01-09 00:00:00;2027-01-01 00:00:00
2027-01-07 00:00:00;SO755948;C0006;AS001;891;2027-03-11 00:00:00;2027-03-04 00:00:00;2027-01-09 00:00:00;2027-01-02 00:00:00
2027-01-07 00:00:00;SO575740;C0014;CS002;1197;2027-02-11 00:00:00;2027-02-07 00:00:00;2027-01-11 00:00:00;2027-01-07 00:00:00
2027-01-07 00:00:00;SO575740;C0014;AS001;1093;2027-02-11 00:00:00;2027-02-15 00:00:00;2027-01-11 00:00:00;2027-01-15 00:00:00
2027-01-07 00:00:00;SO575740;C0014;CT003;547;2027-02-11 00:00:00;2027-02-15 00:00:00;2027-01-11 00:00:00;2027-01-15 00:00:00
2027-01-07 00:00:00;SO575740;C0014;CS003;608;2027-02-11 00:00:00;2027-02-18 00:00:00;2027-01-11 00:00:00;2027-01-18 00:00:00
2027-01-07 00:00:00;SO755948;C0006;AS005;1365;2027-03-11 00:00:00;2027-03-08 00:00:00;2027-01-09 00:00:00;2027-01-06 00:00:00
2027-01-07 00:00:00;SO970752;C0027;AL002;1048;2027-02-18 00:00:00;2027-02-27 00:00:00;2027-01-15 00:00:00;2027-01-24 00:00:00
2027-01-07 00:00:00;SO575740;C0014;AS005;404;2027-02-11 00:00:00;2027-02-19 00:00:00;2027-01-11 00:00:00;2027-01-19 00:00:00
2027-01-08 00:00:00;SO654808;C0028;VS002;771;2027-01-22 00:00:00;2027-01-22 00:00:00;2027-01-16 00:00:00;2027-01-16 00:00:00
2027-01-08 00:00:00;SO279735;C0020;CS004;1200;2027-03-05 00:00:00;2027-03-14 00:00:00;2027-01-12 00:00:00;2027-01-21 00:00:00
2027-01-08 00:00:00;SO355132;C0001;AS004;849;2027-02-05 00:00:00;2027-02-11 00:00:00;2027-01-10 00:00:00;2027-01-16 00:00:00
2027-01-08 00:00:00;SO528137;C0019;AL002;724;2027-03-12 00:00:00;2027-03-10 00:00:00;2027-01-12 00:00:00;2027-01-10 00:00:00
2027-01-08 00:00:00;SO528137;C0019;CT003;864;2027-03-12 00:00:00;2027-03-14 00:00:00;2027-01-12 00:00:00;2027-01-14 00:00:00
2027-01-08 00:00:00;SO355132;C0001;AS005;1061;2027-02-05 00:00:00;2027-02-11 00:00:00;2027-01-10 00:00:00;2027-01-16 00:00:00
2027-01-08 00:00:00;SO355132;C0001;VS003;396;2027-02-05 00:00:00;2027-02-07 00:00:00;2027-01-10 00:00:00;2027-01-12 00:00:00
2027-01-08 00:00:00;SO654808;C0028;CT003;1191;2027-01-22 00:00:00;2027-01-17 00:00:00;2027-01-16 00:00:00;2027-01-11 00:00:00
2027-01-08 00:00:00;SO355132;C0001;VS002;683;2027-02-05 00:00:00;2027-02-15 00:00:00;2027-01-10 00:00:00;2027-01-20 00:00:00
2027-01-08 00:00:00;SO355132;C0001;CS003;784;2027-02-05 00:00:00;2027-01-26 00:00:00;2027-01-10 00:00:00;2026-12-31 00:00:00
2027-01-08 00:00:00;SO654808;C0028;AS005;497;2027-01-22 00:00:00;2027-01-12 00:00:00;2027-01-16 00:00:00;2027-01-06 00:00:00
2027-01-08 00:00:00;SO355132;C0001;CS002;953;2027-02-05 00:00:00;2027-01-28 00:00:00;2027-01-10 00:00:00;2027-01-02 00:00:00
2027-01-08 00:00:00;SO528137;C0019;AT001;605;2027-03-12 00:00:00;2027-03-08 00:00:00;2027-01-12 00:00:00;2027-01-08 00:00:00
2027-01-08 00:00:00;SO279735;C0020;AS003;1266;2027-03-05 00:00:00;2027-03-05 00:00:00;2027-01-12 00:00:00;2027-01-12 00:00:00
2027-01-08 00:00:00;SO279735;C0020;AS005;1027;2027-03-05 00:00:00;2027-03-13 00:00:00;2027-01-12 00:00:00;2027-01-20 00:00:00
2027-01-08 00:00:00;SO279735;C0020;CT002;1065;2027-03-05 00:00:00;2027-03-03 00:00:00;2027-01-12 00:00:00;2027-01-10 00:00:00
2027-01-08 00:00:00;SO528137;C0019;CT002;837;2027-03-12 00:00:00;2027-03-15 00:00:00;2027-01-12 00:00:00;2027-01-15 00:00:00
2027-01-11 00:00:00;SO628517;C0013;CS002;649;2027-02-08 00:00:00;2027-01-31 00:00:00;2027-01-15 00:00:00;2027-01-07 00:00:00
2027-01-11 00:00:00;SO282903;C0030;AS005;533;2027-03-15 00:00:00;2027-03-13 00:00:00;2027-01-19 00:00:00;2027-01-17 00:00:00
2027-01-11 00:00:00;SO341550;C0028;VS001;436;2027-01-25 00:00:00;2027-01-17 00:00:00;2027-01-19 00:00:00;2027-01-11 00:00:00
2027-01-11 00:00:00;SO282903;C0030;AT001;406;2027-03-15 00:00:00;2027-03-13 00:00:00;2027-01-19 00:00:00;2027-01-17 00:00:00
2027-01-11 00:00:00;SO282903;C0030;CS003;903;2027-03-15 00:00:00;2027-03-06 00:00:00;2027-01-19 00:00:00;2027-01-10 00:00:00
2027-01-11 00:00:00;SO282903;C0030;AS004;1224;2027-03-15 00:00:00;2027-03-25 00:00:00;2027-01-19 00:00:00;2027-01-29 00:00:00
2027-01-11 00:00:00;SO282903;C0030;VS003;955;2027-03-15 00:00:00;2027-03-16 00:00:00;2027-01-19 00:00:00;2027-01-20 00:00:00
2027-01-11 00:00:00;SO282903;C0030;CT003;514;2027-03-15 00:00:00;2027-03-06 00:00:00;2027-01-19 00:00:00;2027-01-10 00:00:00
2027-01-11 00:00:00;SO341550;C0028;VS004;723;2027-01-25 00:00:00;2027-02-01 00:00:00;2027-01-19 00:00:00;2027-01-26 00:00:00
2027-01-11 00:00:00;SO628517;C0013;CT002;383;2027-02-08 00:00:00;2027-02-08 00:00:00;2027-01-15 00:00:00;2027-01-15 00:00:00
2027-01-11 00:00:00;SO628517;C0013;CT003;424;2027-02-08 00:00:00;2027-02-01 00:00:00;2027-01-15 00:00:00;2027-01-08 00:00:00
2027-01-11 00:00:00;SO282903;C0030;AS001;776;2027-03-15 00:00:00;2027-03-08 00:00:00;2027-01-19 00:00:00;2027-01-12 00:00:00
2027-01-11 00:00:00;SO628517;C0013;AS004;887;2027-02-08 00:00:00;2027-02-14 00:00:00;2027-01-15 00:00:00;2027-01-21 00:00:00
2027-01-11 00:00:00;SO282903;C0030;AS003;710;2027-03-15 00:00:00;2027-03-20 00:00:00;2027-01-19 00:00:00;2027-01-24 00:00:00
2027-01-12 00:00:00;SO544851;C0010;VS003;893;2027-02-23 00:00:00;2027-02-16 00:00:00;2027-01-15 00:00:00;2027-01-08 00:00:00
2027-01-12 00:00:00;SO291778;C0002;AS003;1457;2027-02-16 00:00:00;2027-02-20 00:00:00;2027-01-14 00:00:00;2027-01-18 00:00:00
2027-01-12 00:00:00;SO544851;C0010;CS002;387;2027-02-23 00:00:00;2027-02-22 00:00:00;2027-01-15 00:00:00;2027-01-14 00:00:00
2027-01-12 00:00:00;SO291778;C0002;AS005;814;2027-02-16 00:00:00;2027-02-26 00:00:00;2027-01-14 00:00:00;2027-01-24 00:00:00
2027-01-12 00:00:00;SO291778;C0002;CS003;1103;2027-02-16 00:00:00;2027-02-19 00:00:00;2027-01-14 00:00:00;2027-01-17 00:00:00
2027-01-12 00:00:00;SO291778;C0002;CT003;736;2027-02-16 00:00:00;2027-02-24 00:00:00;2027-01-14 00:00:00;2027-01-22 00:00:00
2027-01-12 00:00:00;SO544851;C0010;VS002;655;2027-02-23 00:00:00;2027-02-23 00:00:00;2027-01-15 00:00:00;2027-01-15 00:00:00
2027-01-12 00:00:00;SO291778;C0002;VS002;1074;2027-02-16 00:00:00;2027-02-13 00:00:00;2027-01-14 00:00:00;2027-01-11 00:00:00
2027-01-12 00:00:00;SO544851;C0010;CT003;988;2027-02-23 00:00:00;2027-02-20 00:00:00;2027-01-15 00:00:00;2027-01-12 00:00:00
2027-01-12 00:00:00;SO291778;C0002;CS002;774;2027-02-16 00:00:00;2027-02-07 00:00:00;2027-01-14 00:00:00;2027-01-05 00:00:00
2027-01-12 00:00:00;SO291778;C0002;VS003;473;2027-02-16 00:00:00;2027-02-16 00:00:00;2027-01-14 00:00:00;2027-01-14 00:00:00
2027-01-12 00:00:00;SO544851;C0010;CS004;930;2027-02-23 00:00:00;2027-02-27 00:00:00;2027-01-15 00:00:00;2027-01-19 00:00:00
2027-01-12 00:00:00;SO291778;C0002;VS004;728;2027-02-16 00:00:00;2027-02-15 00:00:00;2027-01-14 00:00:00;2027-01-13 00:00:00
2027-01-12 00:00:00;SO544851;C0010;AL002;1044;2027-02-23 00:00:00;2027-03-05 00:00:00;2027-01-15 00:00:00;2027-01-25 00:00:00
2027-01-12 00:00:00;SO544851;C0010;AS001;710;2027-02-23 00:00:00;2027-03-04 00:00:00;2027-01-15 00:00:00;2027-01-24 00:00:00
2027-01-12 00:00:00;SO291778;C0002;CT002;1195;2027-02-16 00:00:00;2027-02-23 00:00:00;2027-01-14 00:00:00;2027-01-21 00:00:00
2027-01-12 00:00:00;SO544851;C0010;AS003;793;2027-02-23 00:00:00;2027-02-13 00:00:00;2027-01-15 00:00:00;2027-01-05 00:00:00
2027-01-12 00:00:00;SO291778;C0002;AT001;413;2027-02-16 00:00:00;2027-02-23 00:00:00;2027-01-14 00:00:00;2027-01-21 00:00:00
2027-01-13 00:00:00;SO179278;C0001;AS005;611;2027-02-10 00:00:00;2027-02-07 00:00:00;2027-01-15 00:00:00;2027-01-12 00:00:00
2027-01-13 00:00:00;SO235687;C0022;CT002;589;2027-02-24 00:00:00;2027-02-28 00:00:00;2027-01-17 00:00:00;2027-01-21 00:00:00
2027-01-13 00:00:00;SO363444;C0011;AS004;833;2027-02-17 00:00:00;2027-02-07 00:00:00;2027-01-16 00:00:00;2027-01-06 00:00:00
2027-01-13 00:00:00;SO179278;C0001;CS003;777;2027-02-10 00:00:00;2027-02-20 00:00:00;2027-01-15 00:00:00;2027-01-25 00:00:00
2027-01-13 00:00:00;SO363444;C0011;AS005;1287;2027-02-17 00:00:00;2027-02-22 00:00:00;2027-01-16 00:00:00;2027-01-21 00:00:00
2027-01-13 00:00:00;SO179278;C0001;VS001;724;2027-02-10 00:00:00;2027-02-05 00:00:00;2027-01-15 00:00:00;2027-01-10 00:00:00
2027-01-13 00:00:00;SO363444;C0011;AS003;567;2027-02-17 00:00:00;2027-02-09 00:00:00;2027-01-16 00:00:00;2027-01-08 00:00:00
2027-01-13 00:00:00;SO363444;C0011;AT001;959;2027-02-17 00:00:00;2027-02-11 00:00:00;2027-01-16 00:00:00;2027-01-10 00:00:00
2027-01-13 00:00:00;SO363444;C0011;CT002;850;2027-02-17 00:00:00;2027-02-09 00:00:00;2027-01-16 00:00:00;2027-01-08 00:00:00
2027-01-13 00:00:00;SO363444;C0011;VS001;983;2027-02-17 00:00:00;2027-02-22 00:00:00;2027-01-16 00:00:00;2027-01-21 00:00:00
2027-01-13 00:00:00;SO179278;C0001;CS004;943;2027-02-10 00:00:00;2027-02-11 00:00:00;2027-01-15 00:00:00;2027-01-16 00:00:00
2027-01-13 00:00:00;SO235687;C0022;AS004;1149;2027-02-24 00:00:00;2027-03-05 00:00:00;2027-01-17 00:00:00;2027-01-26 00:00:00
2027-01-13 00:00:00;SO235687;C0022;AL002;789;2027-02-24 00:00:00;2027-03-04 00:00:00;2027-01-17 00:00:00;2027-01-25 00:00:00
2027-01-13 00:00:00;SO179278;C0001;VS002;1260;2027-02-10 00:00:00;2027-02-11 00:00:00;2027-01-15 00:00:00;2027-01-16 00:00:00
2027-01-13 00:00:00;SO235687;C0022;CS004;1013;2027-02-24 00:00:00;2027-03-03 00:00:00;2027-01-17 00:00:00;2027-01-24 00:00:00
2027-01-13 00:00:00;SO235687;C0022;VS004;1105;2027-02-24 00:00:00;2027-02-24 00:00:00;2027-01-17 00:00:00;2027-01-17 00:00:00
2027-01-13 00:00:00;SO235687;C0022;VS001;537;2027-02-24 00:00:00;2027-02-25 00:00:00;2027-01-17 00:00:00;2027-01-18 00:00:00
2027-01-13 00:00:00;SO235687;C0022;AS001;880;2027-02-24 00:00:00;2027-02-17 00:00:00;2027-01-17 00:00:00;2027-01-10 00:00:00
2027-01-13 00:00:00;SO363444;C0011;AL002;957;2027-02-17 00:00:00;2027-02-08 00:00:00;2027-01-16 00:00:00;2027-01-07 00:00:00
2027-01-14 00:00:00;SO253325;C0015;CS002;802;2027-02-25 00:00:00;2027-03-01 00:00:00;2027-01-18 00:00:00;2027-01-22 00:00:00
2027-01-14 00:00:00;SO790815;C0008;AS004;449;2027-03-11 00:00:00;2027-03-20 00:00:00;2027-01-17 00:00:00;2027-01-26 00:00:00
2027-01-14 00:00:00;SO161486;C0010;AS004;1506;2027-02-25 00:00:00;2027-02-19 00:00:00;2027-01-17 00:00:00;2027-01-11 00:00:00
2027-01-14 00:00:00;SO253325;C0015;AS005;536;2027-02-25 00:00:00;2027-03-01 00:00:00;2027-01-18 00:00:00;2027-01-22 00:00:00
2027-01-14 00:00:00;SO790815;C0008;AS001;437;2027-03-11 00:00:00;2027-03-21 00:00:00;2027-01-17 00:00:00;2027-01-27 00:00:00
2027-01-14 00:00:00;SO253325;C0015;AS003;651;2027-02-25 00:00:00;2027-03-02 00:00:00;2027-01-18 00:00:00;2027-01-23 00:00:00
2027-01-14 00:00:00;SO161486;C0010;VS001;731;2027-02-25 00:00:00;2027-03-06 00:00:00;2027-01-17 00:00:00;2027-01-26 00:00:00
2027-01-14 00:00:00;SO790815;C0008;VS002;1317;2027-03-11 00:00:00;2027-03-21 00:00:00;2027-01-17 00:00:00;2027-01-27 00:00:00
2027-01-14 00:00:00;SO253325;C0015;VS003;1191;2027-02-25 00:00:00;2027-02-20 00:00:00;2027-01-18 00:00:00;2027-01-13 00:00:00
2027-01-14 00:00:00;SO253325;C0015;CS004;863;2027-02-25 00:00:00;2027-02-23 00:00:00;2027-01-18 00:00:00;2027-01-16 00:00:00
2027-01-14 00:00:00;SO253325;C0015;AS001;1232;2027-02-25 00:00:00;2027-02-26 00:00:00;2027-01-18 00:00:00;2027-01-19 00:00:00
2027-01-14 00:00:00;SO253325;C0015;AS004;678;2027-02-25 00:00:00;2027-02-28 00:00:00;2027-01-18 00:00:00;2027-01-21 00:00:00
2027-01-14 00:00:00;SO161486;C0010;CT003;1162;2027-02-25 00:00:00;2027-02-24 00:00:00;2027-01-17 00:00:00;2027-01-16 00:00:00
2027-01-14 00:00:00;SO161486;C0010;VS004;754;2027-02-25 00:00:00;2027-02-19 00:00:00;2027-01-17 00:00:00;2027-01-11 00:00:00
2027-01-14 00:00:00;SO161486;C0010;AL002;862;2027-02-25 00:00:00;2027-02-19 00:00:00;2027-01-17 00:00:00;2027-01-11 00:00:00
2027-01-14 00:00:00;SO253325;C0015;VS001;1058;2027-02-25 00:00:00;2027-02-25 00:00:00;2027-01-18 00:00:00;2027-01-18 00:00:00
2027-01-14 00:00:00;SO790815;C0008;AS003;1216;2027-03-11 00:00:00;2027-03-19 00:00:00;2027-01-17 00:00:00;2027-01-25 00:00:00
2027-01-14 00:00:00;SO790815;C0008;AT001;696;2027-03-11 00:00:00;2027-03-05 00:00:00;2027-01-17 00:00:00;2027-01-11 00:00:00
2027-01-15 00:00:00;SO385773;C0025;AT001;935;2027-02-12 00:00:00;2027-02-07 00:00:00;2027-01-23 00:00:00;2027-01-18 00:00:00
2027-01-15 00:00:00;SO203030;C0018;CS002;733;2027-03-19 00:00:00;2027-03-15 00:00:00;2027-01-19 00:00:00;2027-01-15 00:00:00
2027-01-15 00:00:00;SO147096;C0027;VS001;710;2027-02-26 00:00:00;2027-02-24 00:00:00;2027-01-23 00:00:00;2027-01-21 00:00:00
2027-01-15 00:00:00;SO385773;C0025;AL002;488;2027-02-12 00:00:00;2027-02-03 00:00:00;2027-01-23 00:00:00;2027-01-14 00:00:00
2027-01-15 00:00:00;SO147096;C0027;VS004;488;2027-02-26 00:00:00;2027-03-01 00:00:00;2027-01-23 00:00:00;2027-01-26 00:00:00
2027-01-15 00:00:00;SO147096;C0027;CT003;602;2027-02-26 00:00:00;2027-02-16 00:00:00;2027-01-23 00:00:00;2027-01-13 00:00:00
2027-01-15 00:00:00;SO203030;C0018;VS003;634;2027-03-19 00:00:00;2027-03-09 00:00:00;2027-01-19 00:00:00;2027-01-09 00:00:00
2027-01-15 00:00:00;SO147096;C0027;VS002;564;2027-02-26 00:00:00;2027-03-07 00:00:00;2027-01-23 00:00:00;2027-02-01 00:00:00
2027-01-15 00:00:00;SO203030;C0018;AS005;996;2027-03-19 00:00:00;2027-03-19 00:00:00;2027-01-19 00:00:00;2027-01-19 00:00:00
2027-01-15 00:00:00;SO385773;C0025;CT003;906;2027-02-12 00:00:00;2027-02-05 00:00:00;2027-01-23 00:00:00;2027-01-16 00:00:00
2027-01-15 00:00:00;SO147096;C0027;CT002;361;2027-02-26 00:00:00;2027-03-05 00:00:00;2027-01-23 00:00:00;2027-01-30 00:00:00
2027-01-15 00:00:00;SO385773;C0025;VS002;754;2027-02-12 00:00:00;2027-02-18 00:00:00;2027-01-23 00:00:00;2027-01-29 00:00:00
2027-01-15 00:00:00;SO385773;C0025;VS004;612;2027-02-12 00:00:00;2027-02-05 00:00:00;2027-01-23 00:00:00;2027-01-16 00:00:00
2027-01-15 00:00:00;SO147096;C0027;AS001;1019;2027-02-26 00:00:00;2027-03-05 00:00:00;2027-01-23 00:00:00;2027-01-30 00:00:00
2027-01-18 00:00:00;SO237736;C0025;CT002;620;2027-02-15 00:00:00;2027-02-13 00:00:00;2027-01-26 00:00:00;2027-01-24 00:00:00
2027-01-18 00:00:00;SO521709;C0022;CS003;924;2027-03-01 00:00:00;2027-02-25 00:00:00;2027-01-22 00:00:00;2027-01-18 00:00:00
2027-01-18 00:00:00;SO411704;C0028;CS004;983;2027-02-01 00:00:00;2027-01-25 00:00:00;2027-01-26 00:00:00;2027-01-19 00:00:00
2027-01-18 00:00:00;SO411704;C0028;VS004;600;2027-02-01 00:00:00;2027-02-01 00:00:00;2027-01-26 00:00:00;2027-01-26 00:00:00
2027-01-18 00:00:00;SO237736;C0025;VS003;874;2027-02-15 00:00:00;2027-02-13 00:00:00;2027-01-26 00:00:00;2027-01-24 00:00:00
2027-01-18 00:00:00;SO411704;C0028;AS001;902;2027-02-01 00:00:00;2027-01-23 00:00:00;2027-01-26 00:00:00;2027-01-17 00:00:00
2027-01-18 00:00:00;SO237736;C0025;CS003;1115;2027-02-15 00:00:00;2027-02-24 00:00:00;2027-01-26 00:00:00;2027-02-04 00:00:00
2027-01-18 00:00:00;SO521709;C0022;AS001;965;2027-03-01 00:00:00;2027-03-02 00:00:00;2027-01-22 00:00:00;2027-01-23 00:00:00
2027-01-18 00:00:00;SO237736;C0025;VS002;658;2027-02-15 00:00:00;2027-02-12 00:00:00;2027-01-26 00:00:00;2027-01-23 00:00:00
2027-01-18 00:00:00;SO411704;C0028;AS003;598;2027-02-01 00:00:00;2027-02-02 00:00:00;2027-01-26 00:00:00;2027-01-27 00:00:00
2027-01-18 00:00:00;SO411704;C0028;CT003;1224;2027-02-01 00:00:00;2027-01-24 00:00:00;2027-01-26 00:00:00;2027-01-18 00:00:00
2027-01-18 00:00:00;SO521709;C0022;AL002;648;2027-03-01 00:00:00;2027-02-25 00:00:00;2027-01-22 00:00:00;2027-01-18 00:00:00
2027-01-18 00:00:00;SO237736;C0025;AS003;298;2027-02-15 00:00:00;2027-02-05 00:00:00;2027-01-26 00:00:00;2027-01-16 00:00:00
2027-01-18 00:00:00;SO411704;C0028;CS002;1125;2027-02-01 00:00:00;2027-02-03 00:00:00;2027-01-26 00:00:00;2027-01-28 00:00:00
2027-01-18 00:00:00;SO411704;C0028;AS005;1025;2027-02-01 00:00:00;2027-01-27 00:00:00;2027-01-26 00:00:00;2027-01-21 00:00:00
2027-01-18 00:00:00;SO237736;C0025;AS005;391;2027-02-15 00:00:00;2027-02-19 00:00:00;2027-01-26 00:00:00;2027-01-30 00:00:00
2027-01-18 00:00:00;SO237736;C0025;CS004;873;2027-02-15 00:00:00;2027-02-24 00:00:00;2027-01-26 00:00:00;2027-02-04 00:00:00
2027-01-18 00:00:00;SO237736;C0025;AL002;568;2027-02-15 00:00:00;2027-02-11 00:00:00;2027-01-26 00:00:00;2027-01-22 00:00:00
2027-01-19 00:00:00;SO990039;C0013;VS002;343;2027-02-16 00:00:00;2027-02-22 00:00:00;2027-01-23 00:00:00;2027-01-29 00:00:00
2027-01-19 00:00:00;SO203722;C0003;CS003;379;2027-03-02 00:00:00;2027-03-01 00:00:00;2027-01-21 00:00:00;2027-01-20 00:00:00
2027-01-19 00:00:00;SO203722;C0003;VS004;354;2027-03-02 00:00:00;2027-03-07 00:00:00;2027-01-21 00:00:00;2027-01-26 00:00:00
2027-01-19 00:00:00;SO990039;C0013;CT002;827;2027-02-16 00:00:00;2027-02-13 00:00:00;2027-01-23 00:00:00;2027-01-20 00:00:00
2027-01-19 00:00:00;SO203722;C0003;CT002;765;2027-03-02 00:00:00;2027-03-06 00:00:00;2027-01-21 00:00:00;2027-01-25 00:00:00
2027-01-19 00:00:00;SO203722;C0003;AS004;362;2027-03-02 00:00:00;2027-02-26 00:00:00;2027-01-21 00:00:00;2027-01-17 00:00:00
2027-01-19 00:00:00;SO990039;C0013;AS005;934;2027-02-16 00:00:00;2027-02-21 00:00:00;2027-01-23 00:00:00;2027-01-28 00:00:00
2027-01-19 00:00:00;SO990039;C0013;AT001;688;2027-02-16 00:00:00;2027-02-14 00:00:00;2027-01-23 00:00:00;2027-01-21 00:00:00
2027-01-19 00:00:00;SO203722;C0003;VS002;1031;2027-03-02 00:00:00;2027-03-10 00:00:00;2027-01-21 00:00:00;2027-01-29 00:00:00
2027-01-19 00:00:00;SO990039;C0013;AS003;472;2027-02-16 00:00:00;2027-02-16 00:00:00;2027-01-23 00:00:00;2027-01-23 00:00:00
2027-01-19 00:00:00;SO990039;C0013;AS001;1089;2027-02-16 00:00:00;2027-02-19 00:00:00;2027-01-23 00:00:00;2027-01-26 00:00:00
2027-01-19 00:00:00;SO990039;C0013;AS004;880;2027-02-16 00:00:00;2027-02-13 00:00:00;2027-01-23 00:00:00;2027-01-20 00:00:00
2027-01-19 00:00:00;SO203722;C0003;CS004;1247;2027-03-02 00:00:00;2027-03-09 00:00:00;2027-01-21 00:00:00;2027-01-28 00:00:00
2027-01-19 00:00:00;SO990039;C0013;CS002;1243;2027-02-16 00:00:00;2027-02-11 00:00:00;2027-01-23 00:00:00;2027-01-18 00:00:00
2027-01-19 00:00:00;SO203722;C0003;AS001;1282;2027-03-02 00:00:00;2027-02-28 00:00:00;2027-01-21 00:00:00;2027-01-19 00:00:00
2027-01-19 00:00:00;SO203722;C0003;AT001;494;2027-03-02 00:00:00;2027-02-24 00:00:00;2027-01-21 00:00:00;2027-01-15 00:00:00
2027-01-19 00:00:00;SO990039;C0013;VS004;1091;2027-02-16 00:00:00;2027-02-10 00:00:00;2027-01-23 00:00:00;2027-01-17 00:00:00
2027-01-19 00:00:00;SO990039;C0013;CT003;441;2027-02-16 00:00:00;2027-02-12 00:00:00;2027-01-23 00:00:00;2027-01-19 00:00:00
2027-01-19 00:00:00;SO203722;C0003;AS003;977;2027-03-02 00:00:00;2027-02-28 00:00:00;2027-01-21 00:00:00;2027-01-19 00:00:00
2027-01-19 00:00:00;SO203722;C0003;CS002;902;2027-03-02 00:00:00;2027-03-02 00:00:00;2027-01-21 00:00:00;2027-01-21 00:00:00
2027-01-20 00:00:00;SO554785;C0013;CT002;568;2027-02-17 00:00:00;2027-02-13 00:00:00;2027-01-24 00:00:00;2027-01-20 00:00:00
2027-01-20 00:00:00;SO405931;C0017;AS005;713;2027-03-17 00:00:00;2027-03-23 00:00:00;2027-01-24 00:00:00;2027-01-30 00:00:00
2027-01-20 00:00:00;SO997456;C0028;AS005;1066;2027-02-03 00:00:00;2027-02-05 00:00:00;2027-01-28 00:00:00;2027-01-30 00:00:00
2027-01-20 00:00:00;SO554785;C0013;VS003;556;2027-02-17 00:00:00;2027-02-16 00:00:00;2027-01-24 00:00:00;2027-01-23 00:00:00
2027-01-20 00:00:00;SO405931;C0017;AT001;635;2027-03-17 00:00:00;2027-03-09 00:00:00;2027-01-24 00:00:00;2027-01-16 00:00:00
2027-01-20 00:00:00;SO405931;C0017;AS004;680;2027-03-17 00:00:00;2027-03-13 00:00:00;2027-01-24 00:00:00;2027-01-20 00:00:00
2027-01-20 00:00:00;SO554785;C0013;CS004;962;2027-02-17 00:00:00;2027-02-08 00:00:00;2027-01-24 00:00:00;2027-01-15 00:00:00
2027-01-20 00:00:00;SO405931;C0017;VS003;797;2027-03-17 00:00:00;2027-03-21 00:00:00;2027-01-24 00:00:00;2027-01-28 00:00:00
2027-01-20 00:00:00;SO554785;C0013;CT003;1058;2027-02-17 00:00:00;2027-02-08 00:00:00;2027-01-24 00:00:00;2027-01-15 00:00:00
2027-01-20 00:00:00;SO997456;C0028;VS003;427;2027-02-03 00:00:00;2027-02-03 00:00:00;2027-01-28 00:00:00;2027-01-28 00:00:00
2027-01-20 00:00:00;SO997456;C0028;AS004;1097;2027-02-03 00:00:00;2027-01-26 00:00:00;2027-01-28 00:00:00;2027-01-20 00:00:00
2027-01-20 00:00:00;SO405931;C0017;CS004;560;2027-03-17 00:00:00;2027-03-19 00:00:00;2027-01-24 00:00:00;2027-01-26 00:00:00
2027-01-20 00:00:00;SO997456;C0028;AS003;965;2027-02-03 00:00:00;2027-02-06 00:00:00;2027-01-28 00:00:00;2027-01-31 00:00:00
2027-01-21 00:00:00;SO797102;C0004;AS001;272;2027-02-04 00:00:00;2027-02-10 00:00:00;2027-01-23 00:00:00;2027-01-29 00:00:00
2027-01-21 00:00:00;SO529011;C0010;CS002;1047;2027-03-04 00:00:00;2027-02-22 00:00:00;2027-01-24 00:00:00;2027-01-14 00:00:00
2027-01-21 00:00:00;SO477102;C0014;CT003;1120;2027-02-25 00:00:00;2027-03-04 00:00:00;2027-01-25 00:00:00;2027-02-01 00:00:00
2027-01-21 00:00:00;SO529011;C0010;VS001;1472;2027-03-04 00:00:00;2027-02-25 00:00:00;2027-01-24 00:00:00;2027-01-17 00:00:00
2027-01-21 00:00:00;SO529011;C0010;VS003;903;2027-03-04 00:00:00;2027-02-26 00:00:00;2027-01-24 00:00:00;2027-01-18 00:00:00
2027-01-21 00:00:00;SO797102;C0004;CS004;1048;2027-02-04 00:00:00;2027-02-03 00:00:00;2027-01-23 00:00:00;2027-01-22 00:00:00
2027-01-21 00:00:00;SO797102;C0004;CT003;437;2027-02-04 00:00:00;2027-01-27 00:00:00;2027-01-23 00:00:00;2027-01-15 00:00:00
2027-01-21 00:00:00;SO477102;C0014;AS001;611;2027-02-25 00:00:00;2027-03-01 00:00:00;2027-01-25 00:00:00;2027-01-29 00:00:00
2027-01-21 00:00:00;SO797102;C0004;AS003;679;2027-02-04 00:00:00;2027-02-14 00:00:00;2027-01-23 00:00:00;2027-02-02 00:00:00
2027-01-21 00:00:00;SO477102;C0014;AL002;1239;2027-02-25 00:00:00;2027-02-20 00:00:00;2027-01-25 00:00:00;2027-01-20 00:00:00
2027-01-21 00:00:00;SO797102;C0004;AT001;959;2027-02-04 00:00:00;2027-01-29 00:00:00;2027-01-23 00:00:00;2027-01-17 00:00:00
2027-01-21 00:00:00;SO529011;C0010;AS003;472;2027-03-04 00:00:00;2027-03-13 00:00:00;2027-01-24 00:00:00;2027-02-02 00:00:00
2027-01-21 00:00:00;SO797102;C0004;VS001;710;2027-02-04 00:00:00;2027-02-14 00:00:00;2027-01-23 00:00:00;2027-02-02 00:00:00
2027-01-21 00:00:00;SO797102;C0004;CS003;548;2027-02-04 00:00:00;2027-02-07 00:00:00;2027-01-23 00:00:00;2027-01-26 00:00:00
2027-01-21 00:00:00;SO797102;C0004;AS004;613;2027-02-04 00:00:00;2027-02-14 00:00:00;2027-01-23 00:00:00;2027-02-02 00:00:00
2027-01-21 00:00:00;SO529011;C0010;CS004;1047;2027-03-04 00:00:00;2027-02-26 00:00:00;2027-01-24 00:00:00;2027-01-18 00:00:00
2027-01-21 00:00:00;SO529011;C0010;CT003;639;2027-03-04 00:00:00;2027-02-27 00:00:00;2027-01-24 00:00:00;2027-01-19 00:00:00
2027-01-22 00:00:00;SO986686;C0028;AS004;886;2027-02-05 00:00:00;2027-02-15 00:00:00;2027-01-30 00:00:00;2027-02-09 00:00:00
2027-01-22 00:00:00;SO779561;C0017;AL002;374;2027-03-19 00:00:00;2027-03-10 00:00:00;2027-01-26 00:00:00;2027-01-17 00:00:00
2027-01-22 00:00:00;SO272514;C0030;AL002;938;2027-03-26 00:00:00;2027-04-03 00:00:00;2027-01-30 00:00:00;2027-02-07 00:00:00
2027-01-22 00:00:00;SO272514;C0030;AS001;528;2027-03-26 00:00:00;2027-04-02 00:00:00;2027-01-30 00:00:00;2027-02-06 00:00:00
2027-01-22 00:00:00;SO779561;C0017;AS003;391;2027-03-19 00:00:00;2027-03-25 00:00:00;2027-01-26 00:00:00;2027-02-01 00:00:00
2027-01-22 00:00:00;SO779561;C0017;AS001;966;2027-03-19 00:00:00;2027-03-15 00:00:00;2027-01-26 00:00:00;2027-01-22 00:00:00
2027-01-22 00:00:00;SO779561;C0017;VS004;1191;2027-03-19 00:00:00;2027-03-24 00:00:00;2027-01-26 00:00:00;2027-01-31 00:00:00
2027-01-22 00:00:00;SO272514;C0030;VS001;673;2027-03-26 00:00:00;2027-04-05 00:00:00;2027-01-30 00:00:00;2027-02-09 00:00:00
2027-01-22 00:00:00;SO272514;C0030;CT002;439;2027-03-26 00:00:00;2027-03-26 00:00:00;2027-01-30 00:00:00;2027-01-30 00:00:00
2027-01-22 00:00:00;SO779561;C0017;CS002;841;2027-03-19 00:00:00;2027-03-15 00:00:00;2027-01-26 00:00:00;2027-01-22 00:00:00
2027-01-22 00:00:00;SO779561;C0017;CS003;1015;2027-03-19 00:00:00;2027-03-21 00:00:00;2027-01-26 00:00:00;2027-01-28 00:00:00
2027-01-22 00:00:00;SO779561;C0017;AT001;684;2027-03-19 00:00:00;2027-03-18 00:00:00;2027-01-26 00:00:00;2027-01-25 00:00:00
2027-01-22 00:00:00;SO779561;C0017;CT003;730;2027-03-19 00:00:00;2027-03-15 00:00:00;2027-01-26 00:00:00;2027-01-22 00:00:00
2027-01-22 00:00:00;SO986686;C0028;CT003;842;2027-02-05 00:00:00;2027-02-09 00:00:00;2027-01-30 00:00:00;2027-02-03 00:00:00
2027-01-22 00:00:00;SO272514;C0030;AS005;728;2027-03-26 00:00:00;2027-03-17 00:00:00;2027-01-30 00:00:00;2027-01-21 00:00:00
2027-01-22 00:00:00;SO272514;C0030;CS002;758;2027-03-26 00:00:00;2027-03-21 00:00:00;2027-01-30 00:00:00;2027-01-25 00:00:00
2027-01-22 00:00:00;SO986686;C0028;VS001;550;2027-02-05 00:00:00;2027-02-05 00:00:00;2027-01-30 00:00:00;2027-01-30 00:00:00
2027-01-22 00:00:00;SO272514;C0030;CS003;1025;2027-03-26 00:00:00;2027-03-26 00:00:00;2027-01-30 00:00:00;2027-01-30 00:00:00
2027-01-25 00:00:00;SO477356;C0029;VS004;1097;2027-03-22 00:00:00;2027-03-14 00:00:00;2027-02-02 00:00:00;2027-01-25 00:00:00
2027-01-25 00:00:00;SO916927;C0019;VS004;495;2027-03-29 00:00:00;2027-04-08 00:00:00;2027-01-29 00:00:00;2027-02-08 00:00:00
2027-01-25 00:00:00;SO477356;C0029;AS001;1049;2027-03-22 00:00:00;2027-03-17 00:00:00;2027-02-02 00:00:00;2027-01-28 00:00:00
2027-01-25 00:00:00;SO477356;C0029;AS003;1109;2027-03-22 00:00:00;2027-03-25 00:00:00;2027-02-02 00:00:00;2027-02-05 00:00:00
2027-01-25 00:00:00;SO916927;C0019;VS003;1274;2027-03-29 00:00:00;2027-04-01 00:00:00;2027-01-29 00:00:00;2027-02-01 00:00:00
2027-01-25 00:00:00;SO477356;C0029;VS002;555;2027-03-22 00:00:00;2027-03-27 00:00:00;2027-02-02 00:00:00;2027-02-07 00:00:00
2027-01-25 00:00:00;SO916927;C0019;CS002;1089;2027-03-29 00:00:00;2027-03-27 00:00:00;2027-01-29 00:00:00;2027-01-27 00:00:00
2027-01-25 00:00:00;SO477356;C0029;CT002;1063;2027-03-22 00:00:00;2027-03-23 00:00:00;2027-02-02 00:00:00;2027-02-03 00:00:00
2027-01-25 00:00:00;SO916927;C0019;CT002;464;2027-03-29 00:00:00;2027-04-06 00:00:00;2027-01-29 00:00:00;2027-02-06 00:00:00
2027-01-25 00:00:00;SO477356;C0029;CS003;467;2027-03-22 00:00:00;2027-03-27 00:00:00;2027-02-02 00:00:00;2027-02-07 00:00:00
2027-01-25 00:00:00;SO477356;C0029;AS005;428;2027-03-22 00:00:00;2027-03-17 00:00:00;2027-02-02 00:00:00;2027-01-28 00:00:00
2027-01-25 00:00:00;SO477356;C0029;VS003;426;2027-03-22 00:00:00;2027-03-13 00:00:00;2027-02-02 00:00:00;2027-01-24 00:00:00
2027-01-25 00:00:00;SO916927;C0019;AL002;295;2027-03-29 00:00:00;2027-03-22 00:00:00;2027-01-29 00:00:00;2027-01-22 00:00:00
2027-01-25 00:00:00;SO477356;C0029;CS002;409;2027-03-22 00:00:00;2027-03-15 00:00:00;2027-02-02 00:00:00;2027-01-26 00:00:00
2027-01-25 00:00:00;SO916927;C0019;CS004;348;2027-03-29 00:00:00;2027-04-05 00:00:00;2027-01-29 00:00:00;2027-02-05 00:00:00
2027-01-25 00:00:00;SO477356;C0029;AS004;396;2027-03-22 00:00:00;2027-03-28 00:00:00;2027-02-02 00:00:00;2027-02-08 00:00:00
2027-01-25 00:00:00;SO916927;C0019;AT001;401;2027-03-29 00:00:00;2027-03-26 00:00:00;2027-01-29 00:00:00;2027-01-26 00:00:00
2027-01-25 00:00:00;SO916927;C0019;AS004;1087;2027-03-29 00:00:00;2027-03-31 00:00:00;2027-01-29 00:00:00;2027-01-31 00:00:00
2027-01-25 00:00:00;SO916927;C0019;CT003;862;2027-03-29 00:00:00;2027-03-23 00:00:00;2027-01-29 00:00:00;2027-01-23 00:00:00
2027-01-26 00:00:00;SO393408;C0001;AS001;493;2027-02-23 00:00:00;2027-03-04 00:00:00;2027-01-28 00:00:00;2027-02-06 00:00:00
2027-01-26 00:00:00;SO813551;C0009;VS001;688;2027-02-09 00:00:00;2027-02-11 00:00:00;2027-01-29 00:00:00;2027-01-31 00:00:00
2027-01-26 00:00:00;SO813551;C0009;VS003;855;2027-02-09 00:00:00;2027-02-04 00:00:00;2027-01-29 00:00:00;2027-01-24 00:00:00
2027-01-26 00:00:00;SO813551;C0009;CS002;965;2027-02-09 00:00:00;2027-01-31 00:00:00;2027-01-29 00:00:00;2027-01-20 00:00:00
2027-01-26 00:00:00;SO813551;C0009;AS003;534;2027-02-09 00:00:00;2027-02-11 00:00:00;2027-01-29 00:00:00;2027-01-31 00:00:00
2027-01-26 00:00:00;SO393408;C0001;CS004;362;2027-02-23 00:00:00;2027-02-25 00:00:00;2027-01-28 00:00:00;2027-01-30 00:00:00
2027-01-26 00:00:00;SO813551;C0009;AS001;1039;2027-02-09 00:00:00;2027-02-12 00:00:00;2027-01-29 00:00:00;2027-02-01 00:00:00
2027-01-26 00:00:00;SO813551;C0009;CT002;1318;2027-02-09 00:00:00;2027-02-14 00:00:00;2027-01-29 00:00:00;2027-02-03 00:00:00
2027-01-26 00:00:00;SO393408;C0001;AS005;894;2027-02-23 00:00:00;2027-02-20 00:00:00;2027-01-28 00:00:00;2027-01-25 00:00:00
2027-01-26 00:00:00;SO393408;C0001;AS003;484;2027-02-23 00:00:00;2027-02-25 00:00:00;2027-01-28 00:00:00;2027-01-30 00:00:00
2027-01-26 00:00:00;SO393408;C0001;AT001;873;2027-02-23 00:00:00;2027-03-01 00:00:00;2027-01-28 00:00:00;2027-02-03 00:00:00
2027-01-26 00:00:00;SO393408;C0001;VS001;585;2027-02-23 00:00:00;2027-02-14 00:00:00;2027-01-28 00:00:00;2027-01-19 00:00:00
2027-01-27 00:00:00;SO375813;C0016;AS003;1277;2027-02-10 00:00:00;2027-02-07 00:00:00;2027-01-31 00:00:00;2027-01-28 00:00:00
2027-01-27 00:00:00;SO710541;C0025;AS003;915;2027-02-24 00:00:00;2027-02-20 00:00:00;2027-02-04 00:00:00;2027-01-31 00:00:00
2027-01-27 00:00:00;SO777438;C0002;CT003;930;2027-03-03 00:00:00;2027-03-03 00:00:00;2027-01-29 00:00:00;2027-01-29 00:00:00
2027-01-27 00:00:00;SO268386;C0030;CT003;426;2027-03-31 00:00:00;2027-04-01 00:00:00;2027-02-04 00:00:00;2027-02-05 00:00:00
2027-01-27 00:00:00;SO710541;C0025;VS004;991;2027-02-24 00:00:00;2027-03-03 00:00:00;2027-02-04 00:00:00;2027-02-11 00:00:00
2027-01-27 00:00:00;SO710541;C0025;AL002;428;2027-02-24 00:00:00;2027-02-28 00:00:00;2027-02-04 00:00:00;2027-02-08 00:00:00
2027-01-27 00:00:00;SO375813;C0016;AT001;921;2027-02-10 00:00:00;2027-02-20 00:00:00;2027-01-31 00:00:00;2027-02-10 00:00:00
2027-01-27 00:00:00;SO710541;C0025;AS005;709;2027-02-24 00:00:00;2027-02-24 00:00:00;2027-02-04 00:00:00;2027-02-04 00:00:00
2027-01-27 00:00:00;SO268386;C0030;CT002;1122;2027-03-31 00:00:00;2027-04-02 00:00:00;2027-02-04 00:00:00;2027-02-06 00:00:00
2027-01-27 00:00:00;SO268386;C0030;VS004;997;2027-03-31 00:00:00;2027-03-24 00:00:00;2027-02-04 00:00:00;2027-01-28 00:00:00
2027-01-27 00:00:00;SO268386;C0030;AS001;990;2027-03-31 00:00:00;2027-03-21 00:00:00;2027-02-04 00:00:00;2027-01-25 00:00:00
2027-01-27 00:00:00;SO710541;C0025;CS004;997;2027-02-24 00:00:00;2027-03-03 00:00:00;2027-02-04 00:00:00;2027-02-11 00:00:00
2027-01-27 00:00:00;SO268386;C0030;VS002;537;2027-03-31 00:00:00;2027-03-28 00:00:00;2027-02-04 00:00:00;2027-02-01 00:00:00
2027-01-27 00:00:00;SO710541;C0025;VS001;523;2027-02-24 00:00:00;2027-02-24 00:00:00;2027-02-04 00:00:00;2027-02-04 00:00:00
2027-01-27 00:00:00;SO268386;C0030;AS004;931;2027-03-31 00:00:00;2027-03-30 00:00:00;2027-02-04 00:00:00;2027-02-03 00:00:00
2027-01-27 00:00:00;SO375813;C0016;AS005;997;2027-02-10 00:00:00;2027-01-31 00:00:00;2027-01-31 00:00:00;2027-01-21 00:00:00
2027-01-27 00:00:00;SO375813;C0016;CS003;1109;2027-02-10 00:00:00;2027-02-04 00:00:00;2027-01-31 00:00:00;2027-01-25 00:00:00
2027-01-28 00:00:00;SO393074;C0025;CS004;688;2027-02-25 00:00:00;2027-02-16 00:00:00;2027-02-05 00:00:00;2027-01-27 00:00:00
2027-01-28 00:00:00;SO623227;C0030;CS004;499;2027-04-01 00:00:00;2027-04-03 00:00:00;2027-02-05 00:00:00;2027-02-07 00:00:00
2027-01-28 00:00:00;SO359405;C0021;VS004;895;2027-02-11 00:00:00;2027-02-19 00:00:00;2027-02-01 00:00:00;2027-02-09 00:00:00
2027-01-28 00:00:00;SO320769;C0010;CS003;1326;2027-03-11 00:00:00;2027-03-18 00:00:00;2027-01-31 00:00:00;2027-02-07 00:00:00
2027-01-28 00:00:00;SO359405;C0021;AS003;1085;2027-02-11 00:00:00;2027-02-14 00:00:00;2027-02-01 00:00:00;2027-02-04 00:00:00
2027-01-28 00:00:00;SO320769;C0010;AL002;1212;2027-03-11 00:00:00;2027-03-01 00:00:00;2027-01-31 00:00:00;2027-01-21 00:00:00
2027-01-28 00:00:00;SO393074;C0025;VS003;1210;2027-02-25 00:00:00;2027-03-02 00:00:00;2027-02-05 00:00:00;2027-02-10 00:00:00
2027-01-28 00:00:00;SO623227;C0030;AS005;1048;2027-04-01 00:00:00;2027-04-06 00:00:00;2027-02-05 00:00:00;2027-02-10 00:00:00
2027-01-28 00:00:00;SO393074;C0025;AS004;692;2027-02-25 00:00:00;2027-03-02 00:00:00;2027-02-05 00:00:00;2027-02-10 00:00:00
2027-01-28 00:00:00;SO359405;C0021;VS001;1065;2027-02-11 00:00:00;2027-02-06 00:00:00;2027-02-01 00:00:00;2027-01-27 00:00:00
2027-01-28 00:00:00;SO623227;C0030;VS002;512;2027-04-01 00:00:00;2027-03-27 00:00:00;2027-02-05 00:00:00;2027-01-31 00:00:00
2027-01-28 00:00:00;SO359405;C0021;CT002;374;2027-02-11 00:00:00;2027-02-20 00:00:00;2027-02-01 00:00:00;2027-02-10 00:00:00
2027-01-28 00:00:00;SO623227;C0030;AT001;1252;2027-04-01 00:00:00;2027-04-08 00:00:00;2027-02-05 00:00:00;2027-02-12 00:00:00
2027-01-28 00:00:00;SO393074;C0025;VS004;378;2027-02-25 00:00:00;2027-02-25 00:00:00;2027-02-05 00:00:00;2027-02-05 00:00:00
2027-01-28 00:00:00;SO623227;C0030;AS004;1045;2027-04-01 00:00:00;2027-04-08 00:00:00;2027-02-05 00:00:00;2027-02-12 00:00:00
2027-01-28 00:00:00;SO393074;C0025;CT003;691;2027-02-25 00:00:00;2027-02-25 00:00:00;2027-02-05 00:00:00;2027-02-05 00:00:00
2027-01-28 00:00:00;SO359405;C0021;AS005;1071;2027-02-11 00:00:00;2027-02-19 00:00:00;2027-02-01 00:00:00;2027-02-09 00:00:00
2027-01-28 00:00:00;SO393074;C0025;VS001;411;2027-02-25 00:00:00;2027-03-05 00:00:00;2027-02-05 00:00:00;2027-02-13 00:00:00
2027-01-28 00:00:00;SO359405;C0021;CS004;1194;2027-02-11 00:00:00;2027-02-13 00:00:00;2027-02-01 00:00:00;2027-02-03 00:00:00
2027-01-29 00:00:00;SO335811;C0015;VS004;1162;2027-03-12 00:00:00;2027-03-10 00:00:00;2027-02-02 00:00:00;2027-01-31 00:00:00
2027-01-29 00:00:00;SO382047;C0019;VS002;572;2027-04-02 00:00:00;2027-03-31 00:00:00;2027-02-02 00:00:00;2027-01-31 00:00:00
2027-01-29 00:00:00;SO382047;C0019;CS004;833;2027-04-02 00:00:00;2027-04-09 00:00:00;2027-02-02 00:00:00;2027-02-09 00:00:00
2027-01-29 00:00:00;SO382047;C0019;AS001;986;2027-04-02 00:00:00;2027-04-09 00:00:00;2027-02-02 00:00:00;2027-02-09 00:00:00
2027-01-29 00:00:00;SO382047;C0019;CT002;1036;2027-04-02 00:00:00;2027-04-09 00:00:00;2027-02-02 00:00:00;2027-02-09 00:00:00
2027-01-29 00:00:00;SO335811;C0015;AS004;578;2027-03-12 00:00:00;2027-03-12 00:00:00;2027-02-02 00:00:00;2027-02-02 00:00:00
2027-01-29 00:00:00;SO335811;C0015;AS005;790;2027-03-12 00:00:00;2027-03-07 00:00:00;2027-02-02 00:00:00;2027-01-28 00:00:00
2027-01-29 00:00:00;SO335811;C0015;CS002;1255;2027-03-12 00:00:00;2027-03-09 00:00:00;2027-02-02 00:00:00;2027-01-30 00:00:00
2027-01-29 00:00:00;SO382047;C0019;VS003;468;2027-04-02 00:00:00;2027-03-27 00:00:00;2027-02-02 00:00:00;2027-01-27 00:00:00
2027-01-29 00:00:00;SO382047;C0019;AS004;874;2027-04-02 00:00:00;2027-04-11 00:00:00;2027-02-02 00:00:00;2027-02-11 00:00:00
2027-01-29 00:00:00;SO335811;C0015;AS001;519;2027-03-12 00:00:00;2027-03-04 00:00:00;2027-02-02 00:00:00;2027-01-25 00:00:00
2027-01-29 00:00:00;SO382047;C0019;AL002;1457;2027-04-02 00:00:00;2027-04-01 00:00:00;2027-02-02 00:00:00;2027-02-01 00:00:00
2027-01-29 00:00:00;SO382047;C0019;VS001;755;2027-04-02 00:00:00;2027-03-31 00:00:00;2027-02-02 00:00:00;2027-01-31 00:00:00
2027-01-29 00:00:00;SO382047;C0019;VS004;768;2027-04-02 00:00:00;2027-03-25 00:00:00;2027-02-02 00:00:00;2027-01-25 00:00:00
2027-02-01 00:00:00;SO571912;C0008;AT002;948;2027-03-29 00:00:00;2027-03-27 00:00:00;2027-02-04 00:00:00;2027-02-02 00:00:00
2027-02-01 00:00:00;SO642696;C0005;AS004;902;2027-03-29 00:00:00;2027-04-04 00:00:00;2027-02-03 00:00:00;2027-02-09 00:00:00
2027-02-01 00:00:00;SO511098;C0011;AT002;781;2027-03-08 00:00:00;2027-03-17 00:00:00;2027-02-04 00:00:00;2027-02-13 00:00:00
2027-02-01 00:00:00;SO863169;C0004;AL001;700;2027-02-15 00:00:00;2027-02-22 00:00:00;2027-02-03 00:00:00;2027-02-10 00:00:00
2027-02-01 00:00:00;SO571912;C0008;VS002;643;2027-03-29 00:00:00;2027-03-20 00:00:00;2027-02-04 00:00:00;2027-01-26 00:00:00
2027-02-01 00:00:00;SO642696;C0005;VS004;818;2027-03-29 00:00:00;2027-04-07 00:00:00;2027-02-03 00:00:00;2027-02-12 00:00:00
2027-02-01 00:00:00;SO642696;C0005;CL002;1305;2027-03-29 00:00:00;2027-04-06 00:00:00;2027-02-03 00:00:00;2027-02-11 00:00:00
2027-02-01 00:00:00;SO863169;C0004;AT002;594;2027-02-15 00:00:00;2027-02-18 00:00:00;2027-02-03 00:00:00;2027-02-06 00:00:00
2027-02-01 00:00:00;SO642696;C0005;VS005;1221;2027-03-29 00:00:00;2027-03-23 00:00:00;2027-02-03 00:00:00;2027-01-28 00:00:00
2027-02-01 00:00:00;SO511098;C0011;AL001;1088;2027-03-08 00:00:00;2027-03-15 00:00:00;2027-02-04 00:00:00;2027-02-11 00:00:00
2027-02-01 00:00:00;SO863169;C0004;CT002;830;2027-02-15 00:00:00;2027-02-24 00:00:00;2027-02-03 00:00:00;2027-02-12 00:00:00
2027-02-01 00:00:00;SO863169;C0004;AS004;340;2027-02-15 00:00:00;2027-02-10 00:00:00;2027-02-03 00:00:00;2027-01-29 00:00:00
2027-02-01 00:00:00;SO642696;C0005;AS003;1178;2027-03-29 00:00:00;2027-04-07 00:00:00;2027-02-03 00:00:00;2027-02-12 00:00:00
2027-02-01 00:00:00;SO863169;C0004;VS005;1203;2027-02-15 00:00:00;2027-02-17 00:00:00;2027-02-03 00:00:00;2027-02-05 00:00:00
2027-02-01 00:00:00;SO511098;C0011;AS004;537;2027-03-08 00:00:00;2027-03-11 00:00:00;2027-02-04 00:00:00;2027-02-07 00:00:00
2027-02-02 00:00:00;SO630421;C0006;VS005;1182;2027-04-06 00:00:00;2027-04-13 00:00:00;2027-02-04 00:00:00;2027-02-11 00:00:00
2027-02-02 00:00:00;SO542641;C0011;CL002;818;2027-03-09 00:00:00;2027-03-19 00:00:00;2027-02-05 00:00:00;2027-02-15 00:00:00
2027-02-02 00:00:00;SO542641;C0011;CS004;1197;2027-03-09 00:00:00;2027-03-07 00:00:00;2027-02-05 00:00:00;2027-02-03 00:00:00
2027-02-02 00:00:00;SO542641;C0011;AL001;560;2027-03-09 00:00:00;2027-03-10 00:00:00;2027-02-05 00:00:00;2027-02-06 00:00:00
2027-02-02 00:00:00;SO630421;C0006;AS004;796;2027-04-06 00:00:00;2027-04-16 00:00:00;2027-02-04 00:00:00;2027-02-14 00:00:00
2027-02-02 00:00:00;SO542641;C0011;AS002;930;2027-03-09 00:00:00;2027-03-14 00:00:00;2027-02-05 00:00:00;2027-02-10 00:00:00
2027-02-02 00:00:00;SO542641;C0011;CT002;757;2027-03-09 00:00:00;2027-03-10 00:00:00;2027-02-05 00:00:00;2027-02-06 00:00:00
2027-02-02 00:00:00;SO542641;C0011;AS003;821;2027-03-09 00:00:00;2027-03-11 00:00:00;2027-02-05 00:00:00;2027-02-07 00:00:00
2027-02-02 00:00:00;SO630421;C0006;CL002;1041;2027-04-06 00:00:00;2027-04-09 00:00:00;2027-02-04 00:00:00;2027-02-07 00:00:00
2027-02-02 00:00:00;SO542641;C0011;AS004;521;2027-03-09 00:00:00;2027-03-17 00:00:00;2027-02-05 00:00:00;2027-02-13 00:00:00
2027-02-02 00:00:00;SO630421;C0006;VS001;1021;2027-04-06 00:00:00;2027-03-29 00:00:00;2027-02-04 00:00:00;2027-01-27 00:00:00
2027-02-02 00:00:00;SO630421;C0006;AS002;1191;2027-04-06 00:00:00;2027-03-30 00:00:00;2027-02-04 00:00:00;2027-01-28 00:00:00
2027-02-02 00:00:00;SO542641;C0011;AL002;740;2027-03-09 00:00:00;2027-03-04 00:00:00;2027-02-05 00:00:00;2027-01-31 00:00:00
2027-02-03 00:00:00;SO712772;C0007;CS003;1184;2027-04-07 00:00:00;2027-04-01 00:00:00;2027-02-06 00:00:00;2027-01-31 00:00:00
2027-02-03 00:00:00;SO801664;C0018;AL001;806;2027-04-07 00:00:00;2027-04-06 00:00:00;2027-02-07 00:00:00;2027-02-06 00:00:00
2027-02-03 00:00:00;SO848851;C0008;AS004;810;2027-03-31 00:00:00;2027-03-29 00:00:00;2027-02-06 00:00:00;2027-02-04 00:00:00
2027-02-03 00:00:00;SO801664;C0018;CL002;828;2027-04-07 00:00:00;2027-04-01 00:00:00;2027-02-07 00:00:00;2027-02-01 00:00:00
2027-02-03 00:00:00;SO848851;C0008;AS005;743;2027-03-31 00:00:00;2027-04-05 00:00:00;2027-02-06 00:00:00;2027-02-11 00:00:00
2027-02-03 00:00:00;SO712772;C0007;CL002;525;2027-04-07 00:00:00;2027-03-28 00:00:00;2027-02-06 00:00:00;2027-01-27 00:00:00
2027-02-03 00:00:00;SO712772;C0007;AL002;1015;2027-04-07 00:00:00;2027-04-07 00:00:00;2027-02-06 00:00:00;2027-02-06 00:00:00
2027-02-03 00:00:00;SO712772;C0007;VS004;424;2027-04-07 00:00:00;2027-04-16 00:00:00;2027-02-06 00:00:00;2027-02-15 00:00:00
2027-02-03 00:00:00;SO801664;C0018;CS004;921;2027-04-07 00:00:00;2027-04-03 00:00:00;2027-02-07 00:00:00;2027-02-03 00:00:00
2027-02-03 00:00:00;SO712772;C0007;VS005;981;2027-04-07 00:00:00;2027-04-08 00:00:00;2027-02-06 00:00:00;2027-02-07 00:00:00
2027-02-03 00:00:00;SO712772;C0007;AT002;1093;2027-04-07 00:00:00;2027-03-29 00:00:00;2027-02-06 00:00:00;2027-01-28 00:00:00
2027-02-03 00:00:00;SO712772;C0007;VS001;1256;2027-04-07 00:00:00;2027-03-31 00:00:00;2027-02-06 00:00:00;2027-01-30 00:00:00
2027-02-04 00:00:00;SO826397;C0022;VS001;599;2027-03-18 00:00:00;2027-03-12 00:00:00;2027-02-08 00:00:00;2027-02-02 00:00:00
2027-02-04 00:00:00;SO731037;C0012;AL001;937;2027-03-04 00:00:00;2027-02-26 00:00:00;2027-02-07 00:00:00;2027-02-01 00:00:00
2027-02-04 00:00:00;SO826397;C0022;AT001;658;2027-03-18 00:00:00;2027-03-25 00:00:00;2027-02-08 00:00:00;2027-02-15 00:00:00
2027-02-04 00:00:00;SO826397;C0022;VS004;417;2027-03-18 00:00:00;2027-03-13 00:00:00;2027-02-08 00:00:00;2027-02-03 00:00:00
2027-02-04 00:00:00;SO731037;C0012;VS002;1083;2027-03-04 00:00:00;2027-03-05 00:00:00;2027-02-07 00:00:00;2027-02-08 00:00:00
2027-02-04 00:00:00;SO826397;C0022;CS003;1048;2027-03-18 00:00:00;2027-03-20 00:00:00;2027-02-08 00:00:00;2027-02-10 00:00:00
2027-02-04 00:00:00;SO731037;C0012;CT002;634;2027-03-04 00:00:00;2027-02-27 00:00:00;2027-02-07 00:00:00;2027-02-02 00:00:00
2027-02-04 00:00:00;SO826397;C0022;AL001;598;2027-03-18 00:00:00;2027-03-14 00:00:00;2027-02-08 00:00:00;2027-02-04 00:00:00
2027-02-04 00:00:00;SO826397;C0022;AS002;1034;2027-03-18 00:00:00;2027-03-24 00:00:00;2027-02-08 00:00:00;2027-02-14 00:00:00
2027-02-04 00:00:00;SO826397;C0022;CS004;609;2027-03-18 00:00:00;2027-03-26 00:00:00;2027-02-08 00:00:00;2027-02-16 00:00:00
2027-02-04 00:00:00;SO731037;C0012;CS004;1078;2027-03-04 00:00:00;2027-03-02 00:00:00;2027-02-07 00:00:00;2027-02-05 00:00:00
2027-02-04 00:00:00;SO826397;C0022;AS003;1142;2027-03-18 00:00:00;2027-03-19 00:00:00;2027-02-08 00:00:00;2027-02-09 00:00:00
2027-02-04 00:00:00;SO826397;C0022;AS004;1028;2027-03-18 00:00:00;2027-03-26 00:00:00;2027-02-08 00:00:00;2027-02-16 00:00:00
2027-02-05 00:00:00;SO685171;C0001;AS002;581;2027-03-05 00:00:00;2027-03-14 00:00:00;2027-02-07 00:00:00;2027-02-16 00:00:00
2027-02-05 00:00:00;SO928606;C0011;AT001;858;2027-03-12 00:00:00;2027-03-08 00:00:00;2027-02-08 00:00:00;2027-02-04 00:00:00
2027-02-05 00:00:00;SO928606;C0011;VS004;1175;2027-03-12 00:00:00;2027-03-08 00:00:00;2027-02-08 00:00:00;2027-02-04 00:00:00
2027-02-05 00:00:00;SO928606;C0011;CL002;578;2027-03-12 00:00:00;2027-03-03 00:00:00;2027-02-08 00:00:00;2027-01-30 00:00:00
2027-02-05 00:00:00;SO685171;C0001;AT001;951;2027-03-05 00:00:00;2027-03-01 00:00:00;2027-02-07 00:00:00;2027-02-03 00:00:00
2027-02-05 00:00:00;SO928606;C0011;AS005;683;2027-03-12 00:00:00;2027-03-14 00:00:00;2027-02-08 00:00:00;2027-02-10 00:00:00
2027-02-05 00:00:00;SO928606;C0011;AL001;975;2027-03-12 00:00:00;2027-03-11 00:00:00;2027-02-08 00:00:00;2027-02-07 00:00:00
2027-02-05 00:00:00;SO928606;C0011;CS003;1162;2027-03-12 00:00:00;2027-03-21 00:00:00;2027-02-08 00:00:00;2027-02-17 00:00:00
2027-02-05 00:00:00;SO928606;C0011;AT002;538;2027-03-12 00:00:00;2027-03-09 00:00:00;2027-02-08 00:00:00;2027-02-05 00:00:00
2027-02-05 00:00:00;SO685171;C0001;VS005;649;2027-03-05 00:00:00;2027-03-02 00:00:00;2027-02-07 00:00:00;2027-02-04 00:00:00
2027-02-05 00:00:00;SO928606;C0011;AS003;996;2027-03-12 00:00:00;2027-03-16 00:00:00;2027-02-08 00:00:00;2027-02-12 00:00:00
2027-02-05 00:00:00;SO928606;C0011;VS001;661;2027-03-12 00:00:00;2027-03-16 00:00:00;2027-02-08 00:00:00;2027-02-12 00:00:00
2027-02-05 00:00:00;SO685171;C0001;VS001;542;2027-03-05 00:00:00;2027-03-03 00:00:00;2027-02-07 00:00:00;2027-02-05 00:00:00
2027-02-08 00:00:00;SO706614;C0026;VS002;652;2027-03-15 00:00:00;2027-03-17 00:00:00;2027-02-16 00:00:00;2027-02-18 00:00:00
2027-02-08 00:00:00;SO358546;C0001;AS004;785;2027-03-08 00:00:00;2027-03-17 00:00:00;2027-02-10 00:00:00;2027-02-19 00:00:00
2027-02-08 00:00:00;SO358546;C0001;CL002;435;2027-03-08 00:00:00;2027-03-11 00:00:00;2027-02-10 00:00:00;2027-02-13 00:00:00
2027-02-08 00:00:00;SO706614;C0026;AL002;754;2027-03-15 00:00:00;2027-03-18 00:00:00;2027-02-16 00:00:00;2027-02-19 00:00:00
2027-02-08 00:00:00;SO706614;C0026;AS005;907;2027-03-15 00:00:00;2027-03-08 00:00:00;2027-02-16 00:00:00;2027-02-09 00:00:00
2027-02-08 00:00:00;SO706614;C0026;AL001;507;2027-03-15 00:00:00;2027-03-10 00:00:00;2027-02-16 00:00:00;2027-02-11 00:00:00
2027-02-08 00:00:00;SO706614;C0026;VS005;1247;2027-03-15 00:00:00;2027-03-25 00:00:00;2027-02-16 00:00:00;2027-02-26 00:00:00
2027-02-08 00:00:00;SO706614;C0026;CS004;1216;2027-03-15 00:00:00;2027-03-18 00:00:00;2027-02-16 00:00:00;2027-02-19 00:00:00
2027-02-08 00:00:00;SO358546;C0001;AT001;845;2027-03-08 00:00:00;2027-03-10 00:00:00;2027-02-10 00:00:00;2027-02-12 00:00:00
2027-02-08 00:00:00;SO358546;C0001;VS001;1005;2027-03-08 00:00:00;2027-02-28 00:00:00;2027-02-10 00:00:00;2027-02-02 00:00:00
2027-02-08 00:00:00;SO358546;C0001;VS004;1010;2027-03-08 00:00:00;2027-03-03 00:00:00;2027-02-10 00:00:00;2027-02-05 00:00:00
2027-02-08 00:00:00;SO358546;C0001;AS002;997;2027-03-08 00:00:00;2027-03-10 00:00:00;2027-02-10 00:00:00;2027-02-12 00:00:00
2027-02-08 00:00:00;SO706614;C0026;AS003;405;2027-03-15 00:00:00;2027-03-14 00:00:00;2027-02-16 00:00:00;2027-02-15 00:00:00
2027-02-08 00:00:00;SO706614;C0026;VS004;918;2027-03-15 00:00:00;2027-03-25 00:00:00;2027-02-16 00:00:00;2027-02-26 00:00:00
2027-02-08 00:00:00;SO358546;C0001;AL002;1063;2027-03-08 00:00:00;2027-03-10 00:00:00;2027-02-10 00:00:00;2027-02-12 00:00:00
2027-02-08 00:00:00;SO706614;C0026;AT002;880;2027-03-15 00:00:00;2027-03-08 00:00:00;2027-02-16 00:00:00;2027-02-09 00:00:00
2027-02-08 00:00:00;SO358546;C0001;AT002;745;2027-03-08 00:00:00;2027-02-28 00:00:00;2027-02-10 00:00:00;2027-02-02 00:00:00
2027-02-08 00:00:00;SO358546;C0001;AL001;1079;2027-03-08 00:00:00;2027-03-02 00:00:00;2027-02-10 00:00:00;2027-02-04 00:00:00
2027-02-09 00:00:00;SO949594;C0030;AS002;572;2027-04-13 00:00:00;2027-04-14 00:00:00;2027-02-17 00:00:00;2027-02-18 00:00:00
2027-02-09 00:00:00;SO442400;C0029;VS004;1351;2027-04-06 00:00:00;2027-04-09 00:00:00;2027-02-17 00:00:00;2027-02-20 00:00:00
2027-02-09 00:00:00;SO949594;C0030;CL002;1071;2027-04-13 00:00:00;2027-04-17 00:00:00;2027-02-17 00:00:00;2027-02-21 00:00:00
2027-02-09 00:00:00;SO442400;C0029;CS003;849;2027-04-06 00:00:00;2027-04-06 00:00:00;2027-02-17 00:00:00;2027-02-17 00:00:00
2027-02-09 00:00:00;SO949594;C0030;VS001;988;2027-04-13 00:00:00;2027-04-19 00:00:00;2027-02-17 00:00:00;2027-02-23 00:00:00
2027-02-09 00:00:00;SO949594;C0030;AS003;674;2027-04-13 00:00:00;2027-04-14 00:00:00;2027-02-17 00:00:00;2027-02-18 00:00:00
2027-02-09 00:00:00;SO442400;C0029;VS005;538;2027-04-06 00:00:00;2027-03-30 00:00:00;2027-02-17 00:00:00;2027-02-10 00:00:00
2027-02-09 00:00:00;SO949594;C0030;AL001;849;2027-04-13 00:00:00;2027-04-12 00:00:00;2027-02-17 00:00:00;2027-02-16 00:00:00
2027-02-09 00:00:00;SO949594;C0030;VS004;656;2027-04-13 00:00:00;2027-04-22 00:00:00;2027-02-17 00:00:00;2027-02-26 00:00:00
2027-02-09 00:00:00;SO949594;C0030;AT001;713;2027-04-13 00:00:00;2027-04-15 00:00:00;2027-02-17 00:00:00;2027-02-19 00:00:00
2027-02-09 00:00:00;SO949594;C0030;CS004;396;2027-04-13 00:00:00;2027-04-22 00:00:00;2027-02-17 00:00:00;2027-02-26 00:00:00
2027-02-09 00:00:00;SO949594;C0030;CS003;658;2027-04-13 00:00:00;2027-04-23 00:00:00;2027-02-17 00:00:00;2027-02-27 00:00:00
2027-02-09 00:00:00;SO949594;C0030;VS005;924;2027-04-13 00:00:00;2027-04-09 00:00:00;2027-02-17 00:00:00;2027-02-13 00:00:00
2027-02-09 00:00:00;SO949594;C0030;VS002;737;2027-04-13 00:00:00;2027-04-08 00:00:00;2027-02-17 00:00:00;2027-02-12 00:00:00
2027-02-10 00:00:00;SO951174;C0008;CS003;801;2027-04-07 00:00:00;2027-04-14 00:00:00;2027-02-13 00:00:00;2027-02-20 00:00:00
2027-02-10 00:00:00;SO689922;C0022;VS004;1109;2027-03-24 00:00:00;2027-03-31 00:00:00;2027-02-14 00:00:00;2027-02-21 00:00:00
2027-02-10 00:00:00;SO999190;C0018;CS003;1025;2027-04-14 00:00:00;2027-04-17 00:00:00;2027-02-14 00:00:00;2027-02-17 00:00:00
2027-02-10 00:00:00;SO689922;C0022;CS003;762;2027-03-24 00:00:00;2027-03-16 00:00:00;2027-02-14 00:00:00;2027-02-06 00:00:00
2027-02-10 00:00:00;SO689922;C0022;AT001;278;2027-03-24 00:00:00;2027-04-01 00:00:00;2027-02-14 00:00:00;2027-02-22 00:00:00
2027-02-10 00:00:00;SO951174;C0008;AL002;948;2027-04-07 00:00:00;2027-04-02 00:00:00;2027-02-13 00:00:00;2027-02-08 00:00:00
2027-02-10 00:00:00;SO689922;C0022;AL001;548;2027-03-24 00:00:00;2027-03-21 00:00:00;2027-02-14 00:00:00;2027-02-11 00:00:00
2027-02-10 00:00:00;SO999190;C0018;VS002;885;2027-04-14 00:00:00;2027-04-19 00:00:00;2027-02-14 00:00:00;2027-02-19 00:00:00
2027-02-10 00:00:00;SO689922;C0022;VS005;573;2027-03-24 00:00:00;2027-03-26 00:00:00;2027-02-14 00:00:00;2027-02-16 00:00:00
2027-02-10 00:00:00;SO951174;C0008;AT002;508;2027-04-07 00:00:00;2027-03-31 00:00:00;2027-02-13 00:00:00;2027-02-06 00:00:00
2027-02-10 00:00:00;SO999190;C0018;VS005;1036;2027-04-14 00:00:00;2027-04-22 00:00:00;2027-02-14 00:00:00;2027-02-22 00:00:00
2027-02-10 00:00:00;SO689922;C0022;AS004;852;2027-03-24 00:00:00;2027-03-16 00:00:00;2027-02-14 00:00:00;2027-02-06 00:00:00
2027-02-10 00:00:00;SO689922;C0022;AS005;510;2027-03-24 00:00:00;2027-04-02 00:00:00;2027-02-14 00:00:00;2027-02-23 00:00:00
2027-02-10 00:00:00;SO689922;C0022;AT002;706;2027-03-24 00:00:00;2027-03-20 00:00:00;2027-02-14 00:00:00;2027-02-10 00:00:00
2027-02-10 00:00:00;SO689922;C0022;AL002;1093;2027-03-24 00:00:00;2027-03-31 00:00:00;2027-02-14 00:00:00;2027-02-21 00:00:00
2027-02-10 00:00:00;SO689922;C0022;VS001;343;2027-03-24 00:00:00;2027-03-28 00:00:00;2027-02-14 00:00:00;2027-02-18 00:00:00
2027-02-10 00:00:00;SO999190;C0018;AS005;925;2027-04-14 00:00:00;2027-04-14 00:00:00;2027-02-14 00:00:00;2027-02-14 00:00:00
2027-02-10 00:00:00;SO689922;C0022;VS002;1149;2027-03-24 00:00:00;2027-03-19 00:00:00;2027-02-14 00:00:00;2027-02-09 00:00:00
2027-02-10 00:00:00;SO999190;C0018;CL002;750;2027-04-14 00:00:00;2027-04-23 00:00:00;2027-02-14 00:00:00;2027-02-23 00:00:00
2027-02-10 00:00:00;SO951174;C0008;AT001;1050;2027-04-07 00:00:00;2027-04-08 00:00:00;2027-02-13 00:00:00;2027-02-14 00:00:00
2027-02-11 00:00:00;SO559777;C0025;AS002;837;2027-03-11 00:00:00;2027-03-12 00:00:00;2027-02-19 00:00:00;2027-02-20 00:00:00
2027-02-11 00:00:00;SO250938;C0019;AS003;1195;2027-04-15 00:00:00;2027-04-17 00:00:00;2027-02-15 00:00:00;2027-02-17 00:00:00
2027-02-11 00:00:00;SO953877;C0021;AS002;777;2027-02-25 00:00:00;2027-02-21 00:00:00;2027-02-15 00:00:00;2027-02-11 00:00:00
2027-02-11 00:00:00;SO250938;C0019;AT001;859;2027-04-15 00:00:00;2027-04-14 00:00:00;2027-02-15 00:00:00;2027-02-14 00:00:00
2027-02-11 00:00:00;SO559777;C0025;CL002;529;2027-03-11 00:00:00;2027-03-21 00:00:00;2027-02-19 00:00:00;2027-03-01 00:00:00
2027-02-11 00:00:00;SO250938;C0019;CL002;1080;2027-04-15 00:00:00;2027-04-09 00:00:00;2027-02-15 00:00:00;2027-02-09 00:00:00
2027-02-11 00:00:00;SO250938;C0019;CS004;529;2027-04-15 00:00:00;2027-04-13 00:00:00;2027-02-15 00:00:00;2027-02-13 00:00:00
2027-02-11 00:00:00;SO953877;C0021;AS005;1347;2027-02-25 00:00:00;2027-02-24 00:00:00;2027-02-15 00:00:00;2027-02-14 00:00:00
2027-02-11 00:00:00;SO953877;C0021;CT002;1147;2027-02-25 00:00:00;2027-02-17 00:00:00;2027-02-15 00:00:00;2027-02-07 00:00:00
2027-02-11 00:00:00;SO953877;C0021;CL002;988;2027-02-25 00:00:00;2027-03-04 00:00:00;2027-02-15 00:00:00;2027-02-22 00:00:00
2027-02-11 00:00:00;SO559777;C0025;CS003;1113;2027-03-11 00:00:00;2027-03-14 00:00:00;2027-02-19 00:00:00;2027-02-22 00:00:00
2027-02-11 00:00:00;SO250938;C0019;CT002;410;2027-04-15 00:00:00;2027-04-17 00:00:00;2027-02-15 00:00:00;2027-02-17 00:00:00
2027-02-11 00:00:00;SO250938;C0019;AT002;493;2027-04-15 00:00:00;2027-04-12 00:00:00;2027-02-15 00:00:00;2027-02-12 00:00:00
2027-02-11 00:00:00;SO250938;C0019;AL002;616;2027-04-15 00:00:00;2027-04-12 00:00:00;2027-02-15 00:00:00;2027-02-12 00:00:00
2027-02-11 00:00:00;SO250938;C0019;AS004;959;2027-04-15 00:00:00;2027-04-05 00:00:00;2027-02-15 00:00:00;2027-02-05 00:00:00
2027-02-12 00:00:00;SO686570;C0028;CS004;890;2027-02-26 00:00:00;2027-03-08 00:00:00;2027-02-20 00:00:00;2027-03-02 00:00:00
2027-02-12 00:00:00;SO667416;C0019;AL001;1163;2027-04-16 00:00:00;2027-04-26 00:00:00;2027-02-16 00:00:00;2027-02-26 00:00:00
2027-02-12 00:00:00;SO102373;C0010;AS005;765;2027-03-26 00:00:00;2027-03-24 00:00:00;2027-02-15 00:00:00;2027-02-13 00:00:00
2027-02-12 00:00:00;SO102373;C0010;VS001;1008;2027-03-26 00:00:00;2027-03-21 00:00:00;2027-02-15 00:00:00;2027-02-10 00:00:00
2027-02-12 00:00:00;SO102373;C0010;AS003;1103;2027-03-26 00:00:00;2027-04-01 00:00:00;2027-02-15 00:00:00;2027-02-21 00:00:00
2027-02-12 00:00:00;SO102373;C0010;AS002;973;2027-03-26 00:00:00;2027-03-21 00:00:00;2027-02-15 00:00:00;2027-02-10 00:00:00
2027-02-12 00:00:00;SO667416;C0019;CL002;979;2027-04-16 00:00:00;2027-04-15 00:00:00;2027-02-16 00:00:00;2027-02-15 00:00:00
2027-02-12 00:00:00;SO102373;C0010;CT002;1006;2027-03-26 00:00:00;2027-04-01 00:00:00;2027-02-15 00:00:00;2027-02-21 00:00:00
2027-02-12 00:00:00;SO686570;C0028;VS001;899;2027-02-26 00:00:00;2027-02-23 00:00:00;2027-02-20 00:00:00;2027-02-17 00:00:00
2027-02-12 00:00:00;SO102373;C0010;AL002;1026;2027-03-26 00:00:00;2027-04-01 00:00:00;2027-02-15 00:00:00;2027-02-21 00:00:00
2027-02-12 00:00:00;SO686570;C0028;AS004;854;2027-02-26 00:00:00;2027-02-27 00:00:00;2027-02-20 00:00:00;2027-02-21 00:00:00
2027-02-12 00:00:00;SO686570;C0028;AT001;1127;2027-02-26 00:00:00;2027-02-21 00:00:00;2027-02-20 00:00:00;2027-02-15 00:00:00
2027-02-12 00:00:00;SO102373;C0010;CS004;946;2027-03-26 00:00:00;2027-04-03 00:00:00;2027-02-15 00:00:00;2027-02-23 00:00:00
2027-02-12 00:00:00;SO686570;C0028;CT002;670;2027-02-26 00:00:00;2027-03-05 00:00:00;2027-02-20 00:00:00;2027-02-27 00:00:00
2027-02-15 00:00:00;SO810198;C0019;AT002;449;2027-04-19 00:00:00;2027-04-22 00:00:00;2027-02-19 00:00:00;2027-02-22 00:00:00
2027-02-15 00:00:00;SO635286;C0017;VS004;886;2027-04-12 00:00:00;2027-04-21 00:00:00;2027-02-19 00:00:00;2027-02-28 00:00:00
2027-02-15 00:00:00;SO666382;C0015;VS001;472;2027-03-29 00:00:00;2027-04-06 00:00:00;2027-02-19 00:00:00;2027-02-27 00:00:00
2027-02-15 00:00:00;SO635286;C0017;CS003;1018;2027-04-12 00:00:00;2027-04-05 00:00:00;2027-02-19 00:00:00;2027-02-12 00:00:00
2027-02-15 00:00:00;SO635286;C0017;AL002;1089;2027-04-12 00:00:00;2027-04-10 00:00:00;2027-02-19 00:00:00;2027-02-17 00:00:00
2027-02-15 00:00:00;SO635286;C0017;AT002;580;2027-04-12 00:00:00;2027-04-14 00:00:00;2027-02-19 00:00:00;2027-02-21 00:00:00
2027-02-15 00:00:00;SO635286;C0017;VS005;361;2027-04-12 00:00:00;2027-04-10 00:00:00;2027-02-19 00:00:00;2027-02-17 00:00:00
2027-02-15 00:00:00;SO635286;C0017;CL002;950;2027-04-12 00:00:00;2027-04-05 00:00:00;2027-02-19 00:00:00;2027-02-12 00:00:00
2027-02-15 00:00:00;SO666382;C0015;VS005;1032;2027-03-29 00:00:00;2027-03-21 00:00:00;2027-02-19 00:00:00;2027-02-11 00:00:00
2027-02-15 00:00:00;SO666382;C0015;AS002;933;2027-03-29 00:00:00;2027-03-20 00:00:00;2027-02-19 00:00:00;2027-02-10 00:00:00
2027-02-15 00:00:00;SO635286;C0017;CT002;1054;2027-04-12 00:00:00;2027-04-03 00:00:00;2027-02-19 00:00:00;2027-02-10 00:00:00
2027-02-15 00:00:00;SO666382;C0015;AT002;872;2027-03-29 00:00:00;2027-03-25 00:00:00;2027-02-19 00:00:00;2027-02-15 00:00:00
2027-02-15 00:00:00;SO810198;C0019;VS002;462;2027-04-19 00:00:00;2027-04-16 00:00:00;2027-02-19 00:00:00;2027-02-16 00:00:00
2027-02-15 00:00:00;SO666382;C0015;CS003;374;2027-03-29 00:00:00;2027-03-22 00:00:00;2027-02-19 00:00:00;2027-02-12 00:00:00
2027-02-15 00:00:00;SO810198;C0019;AT001;1287;2027-04-19 00:00:00;2027-04-19 00:00:00;2027-02-19 00:00:00;2027-02-19 00:00:00
2027-02-15 00:00:00;SO810198;C0019;CS004;326;2027-04-19 00:00:00;2027-04-25 00:00:00;2027-02-19 00:00:00;2027-02-25 00:00:00
2027-02-15 00:00:00;SO810198;C0019;AS005;722;2027-04-19 00:00:00;2027-04-17 00:00:00;2027-02-19 00:00:00;2027-02-17 00:00:00
2027-02-15 00:00:00;SO810198;C0019;VS005;997;2027-04-19 00:00:00;2027-04-20 00:00:00;2027-02-19 00:00:00;2027-02-20 00:00:00
2027-02-15 00:00:00;SO810198;C0019;CL002;1110;2027-04-19 00:00:00;2027-04-12 00:00:00;2027-02-19 00:00:00;2027-02-12 00:00:00
2027-02-15 00:00:00;SO635286;C0017;CS004;823;2027-04-12 00:00:00;2027-04-19 00:00:00;2027-02-19 00:00:00;2027-02-26 00:00:00
2027-02-16 00:00:00;SO546865;C0023;VS005;523;2027-03-23 00:00:00;2027-03-18 00:00:00;2027-02-20 00:00:00;2027-02-15 00:00:00
2027-02-16 00:00:00;SO829056;C0004;VS002;1363;2027-03-02 00:00:00;2027-02-23 00:00:00;2027-02-18 00:00:00;2027-02-11 00:00:00
2027-02-16 00:00:00;SO546865;C0023;VS001;881;2027-03-23 00:00:00;2027-03-20 00:00:00;2027-02-20 00:00:00;2027-02-17 00:00:00
2027-02-16 00:00:00;SO829056;C0004;VS001;646;2027-03-02 00:00:00;2027-02-27 00:00:00;2027-02-18 00:00:00;2027-02-15 00:00:00
2027-02-16 00:00:00;SO546865;C0023;CT002;1234;2027-03-23 00:00:00;2027-03-25 00:00:00;2027-02-20 00:00:00;2027-02-22 00:00:00
2027-02-16 00:00:00;SO829056;C0004;AS004;1087;2027-03-02 00:00:00;2027-02-22 00:00:00;2027-02-18 00:00:00;2027-02-10 00:00:00
2027-02-16 00:00:00;SO546865;C0023;AT002;1003;2027-03-23 00:00:00;2027-03-13 00:00:00;2027-02-20 00:00:00;2027-02-10 00:00:00
2027-02-16 00:00:00;SO829056;C0004;AT001;878;2027-03-02 00:00:00;2027-02-25 00:00:00;2027-02-18 00:00:00;2027-02-13 00:00:00
2027-02-16 00:00:00;SO829056;C0004;CS004;1079;2027-03-02 00:00:00;2027-03-08 00:00:00;2027-02-18 00:00:00;2027-02-24 00:00:00
2027-02-16 00:00:00;SO829056;C0004;AS002;409;2027-03-02 00:00:00;2027-03-05 00:00:00;2027-02-18 00:00:00;2027-02-21 00:00:00
2027-02-16 00:00:00;SO546865;C0023;AL001;1019;2027-03-23 00:00:00;2027-03-29 00:00:00;2027-02-20 00:00:00;2027-02-26 00:00:00
2027-02-16 00:00:00;SO546865;C0023;AS002;713;2027-03-23 00:00:00;2027-03-18 00:00:00;2027-02-20 00:00:00;2027-02-15 00:00:00
2027-02-16 00:00:00;SO829056;C0004;VS004;688;2027-03-02 00:00:00;2027-02-27 00:00:00;2027-02-18 00:00:00;2027-02-15 00:00:00
2027-02-16 00:00:00;SO829056;C0004;CL002;533;2027-03-02 00:00:00;2027-02-20 00:00:00;2027-02-18 00:00:00;2027-02-08 00:00:00
2027-02-16 00:00:00;SO829056;C0004;AS005;759;2027-03-02 00:00:00;2027-02-20 00:00:00;2027-02-18 00:00:00;2027-02-08 00:00:00
2027-02-16 00:00:00;SO829056;C0004;AT002;957;2027-03-02 00:00:00;2027-02-23 00:00:00;2027-02-18 00:00:00;2027-02-11 00:00:00
2027-02-16 00:00:00;SO829056;C0004;VS005;483;2027-03-02 00:00:00;2027-02-26 00:00:00;2027-02-18 00:00:00;2027-02-14 00:00:00
2027-02-16 00:00:00;SO829056;C0004;CT002;939;2027-03-02 00:00:00;2027-03-04 00:00:00;2027-02-18 00:00:00;2027-02-20 00:00:00
2027-02-16 00:00:00;SO546865;C0023;AS003;871;2027-03-23 00:00:00;2027-04-01 00:00:00;2027-02-20 00:00:00;2027-03-01 00:00:00
2027-02-17 00:00:00;SO118081;C0015;CL002;1058;2027-03-31 00:00:00;2027-03-24 00:00:00;2027-02-21 00:00:00;2027-02-14 00:00:00
2027-02-17 00:00:00;SO564451;C0025;AS005;728;2027-03-17 00:00:00;2027-03-17 00:00:00;2027-02-25 00:00:00;2027-02-25 00:00:00
2027-02-17 00:00:00;SO147150;C0005;AL001;1101;2027-04-14 00:00:00;2027-04-17 00:00:00;2027-02-19 00:00:00;2027-02-22 00:00:00
2027-02-17 00:00:00;SO564451;C0025;AT002;1118;2027-03-17 00:00:00;2027-03-16 00:00:00;2027-02-25 00:00:00;2027-02-24 00:00:00
2027-02-17 00:00:00;SO564451;C0025;AL001;688;2027-03-17 00:00:00;2027-03-27 00:00:00;2027-02-25 00:00:00;2027-03-07 00:00:00
2027-02-17 00:00:00;SO118081;C0015;AL001;692;2027-03-31 00:00:00;2027-04-08 00:00:00;2027-02-21 00:00:00;2027-03-01 00:00:00
2027-02-17 00:00:00;SO147150;C0005;AS002;696;2027-04-14 00:00:00;2027-04-14 00:00:00;2027-02-19 00:00:00;2027-02-19 00:00:00
2027-02-17 00:00:00;SO118081;C0015;AS004;1177;2027-03-31 00:00:00;2027-04-02 00:00:00;2027-02-21 00:00:00;2027-02-23 00:00:00
2027-02-17 00:00:00;SO564451;C0025;CL002;510;2027-03-17 00:00:00;2027-03-17 00:00:00;2027-02-25 00:00:00;2027-02-25 00:00:00
2027-02-17 00:00:00;SO564451;C0025;AT001;1444;2027-03-17 00:00:00;2027-03-19 00:00:00;2027-02-25 00:00:00;2027-02-27 00:00:00
2027-02-17 00:00:00;SO564451;C0025;CS003;779;2027-03-17 00:00:00;2027-03-26 00:00:00;2027-02-25 00:00:00;2027-03-06 00:00:00
2027-02-17 00:00:00;SO147150;C0005;AS004;802;2027-04-14 00:00:00;2027-04-14 00:00:00;2027-02-19 00:00:00;2027-02-19 00:00:00
2027-02-17 00:00:00;SO564451;C0025;CS004;869;2027-03-17 00:00:00;2027-03-14 00:00:00;2027-02-25 00:00:00;2027-02-22 00:00:00
2027-02-17 00:00:00;SO564451;C0025;AL002;375;2027-03-17 00:00:00;2027-03-09 00:00:00;2027-02-25 00:00:00;2027-02-17 00:00:00
2027-02-17 00:00:00;SO147150;C0005;VS005;1402;2027-04-14 00:00:00;2027-04-16 00:00:00;2027-02-19 00:00:00;2027-02-21 00:00:00
2027-02-17 00:00:00;SO147150;C0005;VS004;1030;2027-04-14 00:00:00;2027-04-13 00:00:00;2027-02-19 00:00:00;2027-02-18 00:00:00
2027-02-17 00:00:00;SO147150;C0005;AL002;743;2027-04-14 00:00:00;2027-04-04 00:00:00;2027-02-19 00:00:00;2027-02-09 00:00:00
2027-02-17 00:00:00;SO147150;C0005;AT001;1255;2027-04-14 00:00:00;2027-04-21 00:00:00;2027-02-19 00:00:00;2027-02-26 00:00:00
2027-02-17 00:00:00;SO147150;C0005;CL002;1176;2027-04-14 00:00:00;2027-04-07 00:00:00;2027-02-19 00:00:00;2027-02-12 00:00:00
2027-02-17 00:00:00;SO118081;C0015;AS002;731;2027-03-31 00:00:00;2027-04-07 00:00:00;2027-02-21 00:00:00;2027-02-28 00:00:00
2027-02-18 00:00:00;SO418968;C0009;CS004;1049;2027-03-04 00:00:00;2027-03-03 00:00:00;2027-02-21 00:00:00;2027-02-20 00:00:00
2027-02-18 00:00:00;SO215457;C0017;VS002;884;2027-04-15 00:00:00;2027-04-18 00:00:00;2027-02-22 00:00:00;2027-02-25 00:00:00
2027-02-18 00:00:00;SO945897;C0007;AT001;909;2027-04-22 00:00:00;2027-04-21 00:00:00;2027-02-21 00:00:00;2027-02-20 00:00:00
2027-02-18 00:00:00;SO215457;C0017;CS004;534;2027-04-15 00:00:00;2027-04-17 00:00:00;2027-02-22 00:00:00;2027-02-24 00:00:00
2027-02-18 00:00:00;SO418968;C0009;CS003;595;2027-03-04 00:00:00;2027-03-09 00:00:00;2027-02-21 00:00:00;2027-02-26 00:00:00
2027-02-18 00:00:00;SO945897;C0007;AT002;830;2027-04-22 00:00:00;2027-04-19 00:00:00;2027-02-21 00:00:00;2027-02-18 00:00:00
2027-02-18 00:00:00;SO418968;C0009;AL001;777;2027-03-04 00:00:00;2027-03-08 00:00:00;2027-02-21 00:00:00;2027-02-25 00:00:00
2027-02-18 00:00:00;SO215457;C0017;AL002;608;2027-04-15 00:00:00;2027-04-08 00:00:00;2027-02-22 00:00:00;2027-02-15 00:00:00
2027-02-18 00:00:00;SO418968;C0009;VS001;969;2027-03-04 00:00:00;2027-03-02 00:00:00;2027-02-21 00:00:00;2027-02-19 00:00:00
2027-02-18 00:00:00;SO418968;C0009;CL002;1173;2027-03-04 00:00:00;2027-02-24 00:00:00;2027-02-21 00:00:00;2027-02-13 00:00:00
2027-02-18 00:00:00;SO215457;C0017;AS004;409;2027-04-15 00:00:00;2027-04-20 00:00:00;2027-02-22 00:00:00;2027-02-27 00:00:00
2027-02-18 00:00:00;SO418968;C0009;AT001;821;2027-03-04 00:00:00;2027-03-01 00:00:00;2027-02-21 00:00:00;2027-02-18 00:00:00
2027-02-19 00:00:00;SO577675;C0024;AS002;511;2027-03-19 00:00:00;2027-03-19 00:00:00;2027-02-23 00:00:00;2027-02-23 00:00:00
2027-02-19 00:00:00;SO646970;C0008;AL001;757;2027-04-16 00:00:00;2027-04-07 00:00:00;2027-02-22 00:00:00;2027-02-13 00:00:00
2027-02-19 00:00:00;SO245364;C0005;VS002;1169;2027-04-16 00:00:00;2027-04-26 00:00:00;2027-02-21 00:00:00;2027-03-03 00:00:00
2027-02-19 00:00:00;SO514032;C0022;VS001;455;2027-04-02 00:00:00;2027-04-11 00:00:00;2027-02-23 00:00:00;2027-03-04 00:00:00
2027-02-19 00:00:00;SO646970;C0008;VS001;618;2027-04-16 00:00:00;2027-04-18 00:00:00;2027-02-22 00:00:00;2027-02-24 00:00:00
2027-02-19 00:00:00;SO646970;C0008;AS002;704;2027-04-16 00:00:00;2027-04-08 00:00:00;2027-02-22 00:00:00;2027-02-14 00:00:00
2027-02-19 00:00:00;SO514032;C0022;AL001;673;2027-04-02 00:00:00;2027-04-07 00:00:00;2027-02-23 00:00:00;2027-02-28 00:00:00
2027-02-19 00:00:00;SO245364;C0005;AT001;996;2027-04-16 00:00:00;2027-04-07 00:00:00;2027-02-21 00:00:00;2027-02-12 00:00:00
2027-02-19 00:00:00;SO577675;C0024;AL001;957;2027-03-19 00:00:00;2027-03-21 00:00:00;2027-02-23 00:00:00;2027-02-25 00:00:00
2027-02-19 00:00:00;SO577675;C0024;VS002;576;2027-03-19 00:00:00;2027-03-25 00:00:00;2027-02-23 00:00:00;2027-03-01 00:00:00
2027-02-19 00:00:00;SO577675;C0024;VS001;862;2027-03-19 00:00:00;2027-03-16 00:00:00;2027-02-23 00:00:00;2027-02-20 00:00:00
2027-02-19 00:00:00;SO646970;C0008;AT002;520;2027-04-16 00:00:00;2027-04-21 00:00:00;2027-02-22 00:00:00;2027-02-27 00:00:00
2027-02-19 00:00:00;SO514032;C0022;AL002;611;2027-04-02 00:00:00;2027-03-26 00:00:00;2027-02-23 00:00:00;2027-02-16 00:00:00
2027-02-19 00:00:00;SO577675;C0024;AS004;992;2027-03-19 00:00:00;2027-03-22 00:00:00;2027-02-23 00:00:00;2027-02-26 00:00:00
2027-02-19 00:00:00;SO577675;C0024;VS005;455;2027-03-19 00:00:00;2027-03-11 00:00:00;2027-02-23 00:00:00;2027-02-15 00:00:00
2027-02-19 00:00:00;SO245364;C0005;AS005;1131;2027-04-16 00:00:00;2027-04-10 00:00:00;2027-02-21 00:00:00;2027-02-15 00:00:00
2027-02-19 00:00:00;SO646970;C0008;VS004;683;2027-04-16 00:00:00;2027-04-21 00:00:00;2027-02-22 00:00:00;2027-02-27 00:00:00
2027-02-19 00:00:00;SO646970;C0008;VS005;1003;2027-04-16 00:00:00;2027-04-21 00:00:00;2027-02-22 00:00:00;2027-02-27 00:00:00
2027-02-22 00:00:00;SO178508;C0018;VS005;867;2027-04-26 00:00:00;2027-04-30 00:00:00;2027-02-26 00:00:00;2027-03-02 00:00:00
2027-02-22 00:00:00;SO822530;C0016;AL001;968;2027-03-08 00:00:00;2027-03-11 00:00:00;2027-02-26 00:00:00;2027-03-01 00:00:00
2027-02-22 00:00:00;SO822530;C0016;VS005;1106;2027-03-08 00:00:00;2027-03-03 00:00:00;2027-02-26 00:00:00;2027-02-21 00:00:00
2027-02-22 00:00:00;SO822530;C0016;CL002;427;2027-03-08 00:00:00;2027-03-10 00:00:00;2027-02-26 00:00:00;2027-02-28 00:00:00
2027-02-22 00:00:00;SO822530;C0016;CT002;953;2027-03-08 00:00:00;2027-03-10 00:00:00;2027-02-26 00:00:00;2027-02-28 00:00:00
2027-02-22 00:00:00;SO178508;C0018;AL001;1097;2027-04-26 00:00:00;2027-04-23 00:00:00;2027-02-26 00:00:00;2027-02-23 00:00:00
2027-02-22 00:00:00;SO178508;C0018;AT002;325;2027-04-26 00:00:00;2027-05-02 00:00:00;2027-02-26 00:00:00;2027-03-04 00:00:00
2027-02-22 00:00:00;SO178508;C0018;AT001;358;2027-04-26 00:00:00;2027-04-19 00:00:00;2027-02-26 00:00:00;2027-02-19 00:00:00
2027-02-22 00:00:00;SO178508;C0018;VS002;830;2027-04-26 00:00:00;2027-04-30 00:00:00;2027-02-26 00:00:00;2027-03-02 00:00:00
2027-02-22 00:00:00;SO822530;C0016;AT001;551;2027-03-08 00:00:00;2027-03-14 00:00:00;2027-02-26 00:00:00;2027-03-04 00:00:00
2027-02-22 00:00:00;SO822530;C0016;AS004;1096;2027-03-08 00:00:00;2027-03-02 00:00:00;2027-02-26 00:00:00;2027-02-20 00:00:00
2027-02-22 00:00:00;SO822530;C0016;AT002;946;2027-03-08 00:00:00;2027-03-18 00:00:00;2027-02-26 00:00:00;2027-03-08 00:00:00
2027-02-22 00:00:00;SO178508;C0018;CS004;1047;2027-04-26 00:00:00;2027-05-06 00:00:00;2027-02-26 00:00:00;2027-03-08 00:00:00
2027-02-23 00:00:00;SO640338;C0017;VS002;893;2027-04-20 00:00:00;2027-04-15 00:00:00;2027-02-27 00:00:00;2027-02-22 00:00:00
2027-02-23 00:00:00;SO525202;C0025;AS004;1088;2027-03-23 00:00:00;2027-03-31 00:00:00;2027-03-03 00:00:00;2027-03-11 00:00:00
2027-02-23 00:00:00;SO525202;C0025;AL001;567;2027-03-23 00:00:00;2027-03-22 00:00:00;2027-03-03 00:00:00;2027-03-02 00:00:00
2027-02-23 00:00:00;SO640338;C0017;VS004;1155;2027-04-20 00:00:00;2027-04-30 00:00:00;2027-02-27 00:00:00;2027-03-09 00:00:00
2027-02-23 00:00:00;SO640338;C0017;CT002;752;2027-04-20 00:00:00;2027-04-21 00:00:00;2027-02-27 00:00:00;2027-02-28 00:00:00
2027-02-23 00:00:00;SO640338;C0017;AL001;759;2027-04-20 00:00:00;2027-04-28 00:00:00;2027-02-27 00:00:00;2027-03-07 00:00:00
2027-02-23 00:00:00;SO640338;C0017;AS004;1323;2027-04-20 00:00:00;2027-04-29 00:00:00;2027-02-27 00:00:00;2027-03-08 00:00:00
2027-02-23 00:00:00;SO525202;C0025;AL002;1070;2027-03-23 00:00:00;2027-03-26 00:00:00;2027-03-03 00:00:00;2027-03-06 00:00:00
2027-02-23 00:00:00;SO640338;C0017;AT002;1094;2027-04-20 00:00:00;2027-04-22 00:00:00;2027-02-27 00:00:00;2027-03-01 00:00:00
2027-02-23 00:00:00;SO525202;C0025;VS004;900;2027-03-23 00:00:00;2027-03-27 00:00:00;2027-03-03 00:00:00;2027-03-07 00:00:00
2027-02-23 00:00:00;SO640338;C0017;CS004;476;2027-04-20 00:00:00;2027-04-12 00:00:00;2027-02-27 00:00:00;2027-02-19 00:00:00
2027-02-23 00:00:00;SO525202;C0025;AS005;1071;2027-03-23 00:00:00;2027-03-31 00:00:00;2027-03-03 00:00:00;2027-03-11 00:00:00
2027-02-23 00:00:00;SO640338;C0017;VS001;1193;2027-04-20 00:00:00;2027-04-11 00:00:00;2027-02-27 00:00:00;2027-02-18 00:00:00
2027-02-23 00:00:00;SO640338;C0017;VS005;523;2027-04-20 00:00:00;2027-04-11 00:00:00;2027-02-27 00:00:00;2027-02-18 00:00:00
2027-02-23 00:00:00;SO525202;C0025;VS005;1119;2027-03-23 00:00:00;2027-03-20 00:00:00;2027-03-03 00:00:00;2027-02-28 00:00:00
2027-02-24 00:00:00;SO373209;C0015;AT001;391;2027-04-07 00:00:00;2027-04-14 00:00:00;2027-02-28 00:00:00;2027-03-07 00:00:00
2027-02-24 00:00:00;SO138318;C0006;VS005;1091;2027-04-28 00:00:00;2027-04-18 00:00:00;2027-02-26 00:00:00;2027-02-16 00:00:00
2027-02-24 00:00:00;SO370918;C0013;AS004;294;2027-03-24 00:00:00;2027-04-03 00:00:00;2027-02-28 00:00:00;2027-03-10 00:00:00
2027-02-24 00:00:00;SO373209;C0015;AL001;962;2027-04-07 00:00:00;2027-03-30 00:00:00;2027-02-28 00:00:00;2027-02-20 00:00:00
2027-02-24 00:00:00;SO373209;C0015;AS004;1210;2027-04-07 00:00:00;2027-04-05 00:00:00;2027-02-28 00:00:00;2027-02-26 00:00:00
2027-02-24 00:00:00;SO138318;C0006;CS003;912;2027-04-28 00:00:00;2027-04-30 00:00:00;2027-02-26 00:00:00;2027-02-28 00:00:00
2027-02-24 00:00:00;SO373209;C0015;CT002;700;2027-04-07 00:00:00;2027-04-03 00:00:00;2027-02-28 00:00:00;2027-02-24 00:00:00
2027-02-24 00:00:00;SO138318;C0006;CL002;1116;2027-04-28 00:00:00;2027-05-03 00:00:00;2027-02-26 00:00:00;2027-03-03 00:00:00
2027-02-24 00:00:00;SO138318;C0006;AS003;1182;2027-04-28 00:00:00;2027-04-22 00:00:00;2027-02-26 00:00:00;2027-02-20 00:00:00
2027-02-24 00:00:00;SO138318;C0006;AS004;1070;2027-04-28 00:00:00;2027-04-26 00:00:00;2027-02-26 00:00:00;2027-02-24 00:00:00
2027-02-24 00:00:00;SO373209;C0015;VS001;675;2027-04-07 00:00:00;2027-04-11 00:00:00;2027-02-28 00:00:00;2027-03-04 00:00:00
2027-02-24 00:00:00;SO370918;C0013;VS001;614;2027-03-24 00:00:00;2027-04-02 00:00:00;2027-02-28 00:00:00;2027-03-09 00:00:00
2027-02-24 00:00:00;SO373209;C0015;AS002;697;2027-04-07 00:00:00;2027-04-12 00:00:00;2027-02-28 00:00:00;2027-03-05 00:00:00
2027-02-25 00:00:00;SO314254;C0016;AS004;829;2027-03-11 00:00:00;2027-03-09 00:00:00;2027-03-01 00:00:00;2027-02-27 00:00:00
2027-02-25 00:00:00;SO736757;C0006;VS004;765;2027-04-29 00:00:00;2027-05-03 00:00:00;2027-02-27 00:00:00;2027-03-03 00:00:00
2027-02-25 00:00:00;SO774716;C0005;AL001;869;2027-04-22 00:00:00;2027-04-23 00:00:00;2027-02-27 00:00:00;2027-02-28 00:00:00
2027-02-25 00:00:00;SO736757;C0006;AT001;561;2027-04-29 00:00:00;2027-04-24 00:00:00;2027-02-27 00:00:00;2027-02-22 00:00:00
2027-02-25 00:00:00;SO774716;C0005;AS003;943;2027-04-22 00:00:00;2027-04-21 00:00:00;2027-02-27 00:00:00;2027-02-26 00:00:00
2027-02-25 00:00:00;SO774716;C0005;AT001;858;2027-04-22 00:00:00;2027-04-16 00:00:00;2027-02-27 00:00:00;2027-02-21 00:00:00
2027-02-25 00:00:00;SO774716;C0005;CS004;1094;2027-04-22 00:00:00;2027-04-14 00:00:00;2027-02-27 00:00:00;2027-02-19 00:00:00
2027-02-25 00:00:00;SO736757;C0006;VS005;336;2027-04-29 00:00:00;2027-05-02 00:00:00;2027-02-27 00:00:00;2027-03-02 00:00:00
2027-02-25 00:00:00;SO736757;C0006;AS002;882;2027-04-29 00:00:00;2027-04-29 00:00:00;2027-02-27 00:00:00;2027-02-27 00:00:00
2027-02-25 00:00:00;SO736757;C0006;CS004;691;2027-04-29 00:00:00;2027-05-02 00:00:00;2027-02-27 00:00:00;2027-03-02 00:00:00
2027-02-25 00:00:00;SO736757;C0006;VS001;604;2027-04-29 00:00:00;2027-04-24 00:00:00;2027-02-27 00:00:00;2027-02-22 00:00:00
2027-02-25 00:00:00;SO774716;C0005;AS005;887;2027-04-22 00:00:00;2027-04-22 00:00:00;2027-02-27 00:00:00;2027-02-27 00:00:00
2027-02-25 00:00:00;SO314254;C0016;VS002;741;2027-03-11 00:00:00;2027-03-06 00:00:00;2027-03-01 00:00:00;2027-02-24 00:00:00
2027-02-25 00:00:00;SO774716;C0005;CS003;771;2027-04-22 00:00:00;2027-05-01 00:00:00;2027-02-27 00:00:00;2027-03-08 00:00:00
2027-02-25 00:00:00;SO774716;C0005;AT002;1128;2027-04-22 00:00:00;2027-04-20 00:00:00;2027-02-27 00:00:00;2027-02-25 00:00:00
2027-02-25 00:00:00;SO314254;C0016;AT002;1180;2027-03-11 00:00:00;2027-03-13 00:00:00;2027-03-01 00:00:00;2027-03-03 00:00:00
2027-02-25 00:00:00;SO774716;C0005;VS004;820;2027-04-22 00:00:00;2027-04-12 00:00:00;2027-02-27 00:00:00;2027-02-17 00:00:00
2027-02-25 00:00:00;SO736757;C0006;CS003;1177;2027-04-29 00:00:00;2027-04-28 00:00:00;2027-02-27 00:00:00;2027-02-26 00:00:00
2027-02-26 00:00:00;SO680853;C0021;AT001;586;2027-03-12 00:00:00;2027-03-20 00:00:00;2027-03-02 00:00:00;2027-03-10 00:00:00
2027-02-26 00:00:00;SO858509;C0017;VS005;1376;2027-04-23 00:00:00;2027-05-02 00:00:00;2027-03-02 00:00:00;2027-03-11 00:00:00
2027-02-26 00:00:00;SO461759;C0030;CS003;413;2027-04-30 00:00:00;2027-04-20 00:00:00;2027-03-06 00:00:00;2027-02-24 00:00:00
2027-02-26 00:00:00;SO291189;C0022;AT001;572;2027-04-09 00:00:00;2027-04-19 00:00:00;2027-03-02 00:00:00;2027-03-12 00:00:00
2027-02-26 00:00:00;SO858509;C0017;CT002;960;2027-04-23 00:00:00;2027-05-02 00:00:00;2027-03-02 00:00:00;2027-03-11 00:00:00
2027-02-26 00:00:00;SO680853;C0021;CL002;856;2027-03-12 00:00:00;2027-03-19 00:00:00;2027-03-02 00:00:00;2027-03-09 00:00:00
2027-02-26 00:00:00;SO680853;C0021;AT002;392;2027-03-12 00:00:00;2027-03-21 00:00:00;2027-03-02 00:00:00;2027-03-11 00:00:00
2027-02-26 00:00:00;SO680853;C0021;AL002;1217;2027-03-12 00:00:00;2027-03-09 00:00:00;2027-03-02 00:00:00;2027-02-27 00:00:00
2027-02-26 00:00:00;SO461759;C0030;AS003;926;2027-04-30 00:00:00;2027-04-24 00:00:00;2027-03-06 00:00:00;2027-02-28 00:00:00
2027-02-26 00:00:00;SO291189;C0022;AS003;301;2027-04-09 00:00:00;2027-04-17 00:00:00;2027-03-02 00:00:00;2027-03-10 00:00:00
2027-02-26 00:00:00;SO461759;C0030;VS005;1005;2027-04-30 00:00:00;2027-04-29 00:00:00;2027-03-06 00:00:00;2027-03-05 00:00:00
2027-02-26 00:00:00;SO858509;C0017;AS003;1224;2027-04-23 00:00:00;2027-05-02 00:00:00;2027-03-02 00:00:00;2027-03-11 00:00:00
2027-02-26 00:00:00;SO291189;C0022;CL002;1050;2027-04-09 00:00:00;2027-04-10 00:00:00;2027-03-02 00:00:00;2027-03-03 00:00:00
2027-02-26 00:00:00;SO291189;C0022;CT002;743;2027-04-09 00:00:00;2027-04-02 00:00:00;2027-03-02 00:00:00;2027-02-23 00:00:00
2027-02-26 00:00:00;SO461759;C0030;CT002;1025;2027-04-30 00:00:00;2027-05-10 00:00:00;2027-03-06 00:00:00;2027-03-16 00:00:00
2027-02-26 00:00:00;SO858509;C0017;AL002;433;2027-04-23 00:00:00;2027-04-25 00:00:00;2027-03-02 00:00:00;2027-03-04 00:00:00
2027-02-26 00:00:00;SO858509;C0017;AT001;1392;2027-04-23 00:00:00;2027-04-30 00:00:00;2027-03-02 00:00:00;2027-03-09 00:00:00
2027-02-26 00:00:00;SO680853;C0021;AS003;682;2027-03-12 00:00:00;2027-03-12 00:00:00;2027-03-02 00:00:00;2027-03-02 00:00:00
2027-02-26 00:00:00;SO680853;C0021;VS005;536;2027-03-12 00:00:00;2027-03-16 00:00:00;2027-03-02 00:00:00;2027-03-06 00:00:00
2027-03-01 00:00:00;SO906723;C0003;AS005;1106;2027-04-12 00:00:00;2027-04-18 00:00:00;2027-03-03 00:00:00;2027-03-09 00:00:00
2027-03-01 00:00:00;SO320476;C0012;CL002;449;2027-03-29 00:00:00;2027-03-26 00:00:00;2027-03-04 00:00:00;2027-03-01 00:00:00
2027-03-01 00:00:00;SO559805;C0026;VS003;391;2027-04-05 00:00:00;2027-04-11 00:00:00;2027-03-09 00:00:00;2027-03-15 00:00:00
2027-03-01 00:00:00;SO906723;C0003;AS003;784;2027-04-12 00:00:00;2027-04-12 00:00:00;2027-03-03 00:00:00;2027-03-03 00:00:00
2027-03-01 00:00:00;SO320476;C0012;VS005;978;2027-03-29 00:00:00;2027-04-04 00:00:00;2027-03-04 00:00:00;2027-03-10 00:00:00
2027-03-01 00:00:00;SO906723;C0003;AL001;899;2027-04-12 00:00:00;2027-04-17 00:00:00;2027-03-03 00:00:00;2027-03-08 00:00:00
2027-03-01 00:00:00;SO559805;C0026;CS002;1325;2027-04-05 00:00:00;2027-04-10 00:00:00;2027-03-09 00:00:00;2027-03-14 00:00:00
2027-03-01 00:00:00;SO559805;C0026;VS005;1414;2027-04-05 00:00:00;2027-04-09 00:00:00;2027-03-09 00:00:00;2027-03-13 00:00:00
2027-03-01 00:00:00;SO906723;C0003;AS002;508;2027-04-12 00:00:00;2027-04-19 00:00:00;2027-03-03 00:00:00;2027-03-10 00:00:00
2027-03-01 00:00:00;SO320476;C0012;AL001;889;2027-03-29 00:00:00;2027-04-04 00:00:00;2027-03-04 00:00:00;2027-03-10 00:00:00
2027-03-01 00:00:00;SO906723;C0003;VS003;962;2027-04-12 00:00:00;2027-04-19 00:00:00;2027-03-03 00:00:00;2027-03-10 00:00:00
2027-03-01 00:00:00;SO559805;C0026;AL001;1013;2027-04-05 00:00:00;2027-03-30 00:00:00;2027-03-09 00:00:00;2027-03-03 00:00:00
2027-03-01 00:00:00;SO559805;C0026;AT002;926;2027-04-05 00:00:00;2027-04-15 00:00:00;2027-03-09 00:00:00;2027-03-19 00:00:00
2027-03-01 00:00:00;SO320476;C0012;AL002;643;2027-03-29 00:00:00;2027-03-25 00:00:00;2027-03-04 00:00:00;2027-02-28 00:00:00
2027-03-01 00:00:00;SO320476;C0012;VS002;691;2027-03-29 00:00:00;2027-03-24 00:00:00;2027-03-04 00:00:00;2027-02-27 00:00:00
2027-03-01 00:00:00;SO906723;C0003;CS002;298;2027-04-12 00:00:00;2027-04-08 00:00:00;2027-03-03 00:00:00;2027-02-27 00:00:00
2027-03-01 00:00:00;SO559805;C0026;CT001;1083;2027-04-05 00:00:00;2027-03-27 00:00:00;2027-03-09 00:00:00;2027-02-28 00:00:00
2027-03-01 00:00:00;SO559805;C0026;CL002;863;2027-04-05 00:00:00;2027-04-03 00:00:00;2027-03-09 00:00:00;2027-03-07 00:00:00
2027-03-02 00:00:00;SO698371;C0008;CS002;686;2027-04-27 00:00:00;2027-05-06 00:00:00;2027-03-05 00:00:00;2027-03-14 00:00:00
2027-03-02 00:00:00;SO335968;C0022;CT001;635;2027-04-13 00:00:00;2027-04-19 00:00:00;2027-03-06 00:00:00;2027-03-12 00:00:00
2027-03-02 00:00:00;SO698371;C0008;VS005;320;2027-04-27 00:00:00;2027-05-03 00:00:00;2027-03-05 00:00:00;2027-03-11 00:00:00
2027-03-02 00:00:00;SO335968;C0022;VS004;336;2027-04-13 00:00:00;2027-04-08 00:00:00;2027-03-06 00:00:00;2027-03-01 00:00:00
2027-03-02 00:00:00;SO698371;C0008;CT001;507;2027-04-27 00:00:00;2027-05-03 00:00:00;2027-03-05 00:00:00;2027-03-11 00:00:00
2027-03-02 00:00:00;SO698371;C0008;CL002;326;2027-04-27 00:00:00;2027-05-05 00:00:00;2027-03-05 00:00:00;2027-03-13 00:00:00
2027-03-02 00:00:00;SO698371;C0008;VS002;335;2027-04-27 00:00:00;2027-04-20 00:00:00;2027-03-05 00:00:00;2027-02-26 00:00:00
2027-03-02 00:00:00;SO335968;C0022;CS002;903;2027-04-13 00:00:00;2027-04-06 00:00:00;2027-03-06 00:00:00;2027-02-27 00:00:00
2027-03-02 00:00:00;SO698371;C0008;AL001;630;2027-04-27 00:00:00;2027-04-20 00:00:00;2027-03-05 00:00:00;2027-02-26 00:00:00
2027-03-02 00:00:00;SO698371;C0008;AS005;717;2027-04-27 00:00:00;2027-05-02 00:00:00;2027-03-05 00:00:00;2027-03-10 00:00:00
2027-03-02 00:00:00;SO335968;C0022;VS003;780;2027-04-13 00:00:00;2027-04-06 00:00:00;2027-03-06 00:00:00;2027-02-27 00:00:00
2027-03-02 00:00:00;SO698371;C0008;VS004;374;2027-04-27 00:00:00;2027-05-04 00:00:00;2027-03-05 00:00:00;2027-03-12 00:00:00
2027-03-02 00:00:00;SO698371;C0008;AS004;891;2027-04-27 00:00:00;2027-04-24 00:00:00;2027-03-05 00:00:00;2027-03-02 00:00:00
2027-03-02 00:00:00;SO335968;C0022;AS004;1134;2027-04-13 00:00:00;2027-04-15 00:00:00;2027-03-06 00:00:00;2027-03-08 00:00:00
2027-03-02 00:00:00;SO335968;C0022;AT002;952;2027-04-13 00:00:00;2027-04-21 00:00:00;2027-03-06 00:00:00;2027-03-14 00:00:00
2027-03-02 00:00:00;SO335968;C0022;AS002;852;2027-04-13 00:00:00;2027-04-17 00:00:00;2027-03-06 00:00:00;2027-03-10 00:00:00
2027-03-03 00:00:00;SO686447;C0010;AL002;759;2027-04-14 00:00:00;2027-04-24 00:00:00;2027-03-06 00:00:00;2027-03-16 00:00:00
2027-03-03 00:00:00;SO349545;C0002;AT002;436;2027-04-07 00:00:00;2027-04-10 00:00:00;2027-03-05 00:00:00;2027-03-08 00:00:00
2027-03-03 00:00:00;SO349545;C0002;CT001;931;2027-04-07 00:00:00;2027-04-17 00:00:00;2027-03-05 00:00:00;2027-03-15 00:00:00
2027-03-03 00:00:00;SO349545;C0002;VS003;1392;2027-04-07 00:00:00;2027-04-02 00:00:00;2027-03-05 00:00:00;2027-02-28 00:00:00
2027-03-03 00:00:00;SO349545;C0002;CL002;855;2027-04-07 00:00:00;2027-04-09 00:00:00;2027-03-05 00:00:00;2027-03-07 00:00:00
2027-03-03 00:00:00;SO686447;C0010;AS005;629;2027-04-14 00:00:00;2027-04-20 00:00:00;2027-03-06 00:00:00;2027-03-12 00:00:00
2027-03-03 00:00:00;SO349545;C0002;AS005;1211;2027-04-07 00:00:00;2027-04-15 00:00:00;2027-03-05 00:00:00;2027-03-13 00:00:00
2027-03-03 00:00:00;SO686447;C0010;VS004;607;2027-04-14 00:00:00;2027-04-14 00:00:00;2027-03-06 00:00:00;2027-03-06 00:00:00
2027-03-03 00:00:00;SO686447;C0010;CT001;1178;2027-04-14 00:00:00;2027-04-09 00:00:00;2027-03-06 00:00:00;2027-03-01 00:00:00
2027-03-03 00:00:00;SO349545;C0002;AL002;1100;2027-04-07 00:00:00;2027-04-02 00:00:00;2027-03-05 00:00:00;2027-02-28 00:00:00
2027-03-03 00:00:00;SO349545;C0002;AS003;723;2027-04-07 00:00:00;2027-04-03 00:00:00;2027-03-05 00:00:00;2027-03-01 00:00:00
2027-03-03 00:00:00;SO686447;C0010;AS004;1264;2027-04-14 00:00:00;2027-04-15 00:00:00;2027-03-06 00:00:00;2027-03-07 00:00:00
2027-03-03 00:00:00;SO686447;C0010;AT002;759;2027-04-14 00:00:00;2027-04-11 00:00:00;2027-03-06 00:00:00;2027-03-03 00:00:00
2027-03-03 00:00:00;SO349545;C0002;AS004;770;2027-04-07 00:00:00;2027-03-31 00:00:00;2027-03-05 00:00:00;2027-02-26 00:00:00
2027-03-03 00:00:00;SO686447;C0010;CS002;1027;2027-04-14 00:00:00;2027-04-12 00:00:00;2027-03-06 00:00:00;2027-03-04 00:00:00
2027-03-03 00:00:00;SO686447;C0010;CL002;799;2027-04-14 00:00:00;2027-04-19 00:00:00;2027-03-06 00:00:00;2027-03-11 00:00:00
2027-03-03 00:00:00;SO349545;C0002;VS002;612;2027-04-07 00:00:00;2027-04-02 00:00:00;2027-03-05 00:00:00;2027-02-28 00:00:00
2027-03-03 00:00:00;SO686447;C0010;AS002;846;2027-04-14 00:00:00;2027-04-12 00:00:00;2027-03-06 00:00:00;2027-03-04 00:00:00
2027-03-04 00:00:00;SO847802;C0002;VS003;837;2027-04-08 00:00:00;2027-04-05 00:00:00;2027-03-06 00:00:00;2027-03-03 00:00:00
2027-03-04 00:00:00;SO643189;C0012;AS004;1222;2027-04-01 00:00:00;2027-04-04 00:00:00;2027-03-07 00:00:00;2027-03-10 00:00:00
2027-03-04 00:00:00;SO682963;C0018;VS004;1122;2027-05-06 00:00:00;2027-05-09 00:00:00;2027-03-08 00:00:00;2027-03-11 00:00:00
2027-03-04 00:00:00;SO643189;C0012;AS005;1155;2027-04-01 00:00:00;2027-04-11 00:00:00;2027-03-07 00:00:00;2027-03-17 00:00:00
2027-03-04 00:00:00;SO643189;C0012;CL002;1238;2027-04-01 00:00:00;2027-04-08 00:00:00;2027-03-07 00:00:00;2027-03-14 00:00:00
2027-03-04 00:00:00;SO847802;C0002;CL002;709;2027-04-08 00:00:00;2027-04-01 00:00:00;2027-03-06 00:00:00;2027-02-27 00:00:00
2027-03-04 00:00:00;SO847802;C0002;VS005;960;2027-04-08 00:00:00;2027-04-04 00:00:00;2027-03-06 00:00:00;2027-03-02 00:00:00
2027-03-04 00:00:00;SO682963;C0018;AS003;488;2027-05-06 00:00:00;2027-05-09 00:00:00;2027-03-08 00:00:00;2027-03-11 00:00:00
2027-03-04 00:00:00;SO643189;C0012;VS003;318;2027-04-01 00:00:00;2027-03-27 00:00:00;2027-03-07 00:00:00;2027-03-02 00:00:00
2027-03-04 00:00:00;SO847802;C0002;AT002;828;2027-04-08 00:00:00;2027-04-07 00:00:00;2027-03-06 00:00:00;2027-03-05 00:00:00
2027-03-04 00:00:00;SO682963;C0018;AL001;555;2027-05-06 00:00:00;2027-05-16 00:00:00;2027-03-08 00:00:00;2027-03-18 00:00:00
2027-03-04 00:00:00;SO682963;C0018;CL002;537;2027-05-06 00:00:00;2027-04-28 00:00:00;2027-03-08 00:00:00;2027-02-28 00:00:00
2027-03-04 00:00:00;SO847802;C0002;VS002;524;2027-04-08 00:00:00;2027-04-05 00:00:00;2027-03-06 00:00:00;2027-03-03 00:00:00
2027-03-04 00:00:00;SO643189;C0012;VS004;900;2027-04-01 00:00:00;2027-04-01 00:00:00;2027-03-07 00:00:00;2027-03-07 00:00:00
2027-03-04 00:00:00;SO643189;C0012;VS002;838;2027-04-01 00:00:00;2027-04-05 00:00:00;2027-03-07 00:00:00;2027-03-11 00:00:00
2027-03-04 00:00:00;SO847802;C0002;AL002;984;2027-04-08 00:00:00;2027-04-07 00:00:00;2027-03-06 00:00:00;2027-03-05 00:00:00
2027-03-04 00:00:00;SO643189;C0012;AS003;864;2027-04-01 00:00:00;2027-04-06 00:00:00;2027-03-07 00:00:00;2027-03-12 00:00:00
2027-03-04 00:00:00;SO847802;C0002;AS003;913;2027-04-08 00:00:00;2027-04-01 00:00:00;2027-03-06 00:00:00;2027-02-27 00:00:00
2027-03-04 00:00:00;SO643189;C0012;AL002;679;2027-04-01 00:00:00;2027-03-28 00:00:00;2027-03-07 00:00:00;2027-03-03 00:00:00
2027-03-05 00:00:00;SO962161;C0019;VS005;1216;2027-05-07 00:00:00;2027-05-06 00:00:00;2027-03-09 00:00:00;2027-03-08 00:00:00
2027-03-05 00:00:00;SO239477;C0009;AS005;1156;2027-03-19 00:00:00;2027-03-14 00:00:00;2027-03-08 00:00:00;2027-03-03 00:00:00
2027-03-05 00:00:00;SO962161;C0019;AL001;903;2027-05-07 00:00:00;2027-04-28 00:00:00;2027-03-09 00:00:00;2027-02-28 00:00:00
2027-03-05 00:00:00;SO239477;C0009;VS005;1207;2027-03-19 00:00:00;2027-03-23 00:00:00;2027-03-08 00:00:00;2027-03-12 00:00:00
2027-03-05 00:00:00;SO239477;C0009;CT001;820;2027-03-19 00:00:00;2027-03-24 00:00:00;2027-03-08 00:00:00;2027-03-13 00:00:00
2027-03-05 00:00:00;SO962161;C0019;VS002;530;2027-05-07 00:00:00;2027-05-09 00:00:00;2027-03-09 00:00:00;2027-03-11 00:00:00
2027-03-05 00:00:00;SO962161;C0019;AS003;1004;2027-05-07 00:00:00;2027-05-11 00:00:00;2027-03-09 00:00:00;2027-03-13 00:00:00
2027-03-05 00:00:00;SO239477;C0009;AS002;928;2027-03-19 00:00:00;2027-03-15 00:00:00;2027-03-08 00:00:00;2027-03-04 00:00:00
2027-03-05 00:00:00;SO239477;C0009;AT002;1115;2027-03-19 00:00:00;2027-03-26 00:00:00;2027-03-08 00:00:00;2027-03-15 00:00:00
2027-03-05 00:00:00;SO239477;C0009;VS002;677;2027-03-19 00:00:00;2027-03-17 00:00:00;2027-03-08 00:00:00;2027-03-06 00:00:00
2027-03-05 00:00:00;SO962161;C0019;AS005;362;2027-05-07 00:00:00;2027-05-01 00:00:00;2027-03-09 00:00:00;2027-03-03 00:00:00
2027-03-05 00:00:00;SO962161;C0019;AT002;636;2027-05-07 00:00:00;2027-05-11 00:00:00;2027-03-09 00:00:00;2027-03-13 00:00:00
2027-03-05 00:00:00;SO239477;C0009;VS003;548;2027-03-19 00:00:00;2027-03-13 00:00:00;2027-03-08 00:00:00;2027-03-02 00:00:00
2027-03-05 00:00:00;SO962161;C0019;CT001;473;2027-05-07 00:00:00;2027-05-07 00:00:00;2027-03-09 00:00:00;2027-03-09 00:00:00
2027-03-05 00:00:00;SO962161;C0019;VS003;441;2027-05-07 00:00:00;2027-05-05 00:00:00;2027-03-09 00:00:00;2027-03-07 00:00:00
2027-03-05 00:00:00;SO962161;C0019;AL002;1395;2027-05-07 00:00:00;2027-05-14 00:00:00;2027-03-09 00:00:00;2027-03-16 00:00:00
2027-03-05 00:00:00;SO962161;C0019;CS002;1103;2027-05-07 00:00:00;2027-05-13 00:00:00;2027-03-09 00:00:00;2027-03-15 00:00:00
2027-03-05 00:00:00;SO239477;C0009;CS002;850;2027-03-19 00:00:00;2027-03-27 00:00:00;2027-03-08 00:00:00;2027-03-16 00:00:00
2027-03-05 00:00:00;SO239477;C0009;AL002;1184;2027-03-19 00:00:00;2027-03-12 00:00:00;2027-03-08 00:00:00;2027-03-01 00:00:00
2027-03-08 00:00:00;SO562985;C0004;VS005;282;2027-03-22 00:00:00;2027-03-26 00:00:00;2027-03-10 00:00:00;2027-03-14 00:00:00
2027-03-08 00:00:00;SO486088;C0014;VS004;697;2027-04-12 00:00:00;2027-04-05 00:00:00;2027-03-12 00:00:00;2027-03-05 00:00:00
2027-03-08 00:00:00;SO930661;C0023;AT002;511;2027-04-12 00:00:00;2027-04-12 00:00:00;2027-03-12 00:00:00;2027-03-12 00:00:00
2027-03-08 00:00:00;SO930661;C0023;AS004;1081;2027-04-12 00:00:00;2027-04-12 00:00:00;2027-03-12 00:00:00;2027-03-12 00:00:00
2027-03-08 00:00:00;SO486088;C0014;CT001;1182;2027-04-12 00:00:00;2027-04-10 00:00:00;2027-03-12 00:00:00;2027-03-10 00:00:00
2027-03-08 00:00:00;SO486088;C0014;AS004;480;2027-04-12 00:00:00;2027-04-03 00:00:00;2027-03-12 00:00:00;2027-03-03 00:00:00
2027-03-08 00:00:00;SO930661;C0023;AL001;631;2027-04-12 00:00:00;2027-04-21 00:00:00;2027-03-12 00:00:00;2027-03-21 00:00:00
2027-03-08 00:00:00;SO562985;C0004;VS003;362;2027-03-22 00:00:00;2027-04-01 00:00:00;2027-03-10 00:00:00;2027-03-20 00:00:00
2027-03-08 00:00:00;SO930661;C0023;AS002;636;2027-04-12 00:00:00;2027-04-20 00:00:00;2027-03-12 00:00:00;2027-03-20 00:00:00
2027-03-08 00:00:00;SO562985;C0004;VS002;580;2027-03-22 00:00:00;2027-03-12 00:00:00;2027-03-10 00:00:00;2027-02-28 00:00:00
2027-03-08 00:00:00;SO930661;C0023;AS005;600;2027-04-12 00:00:00;2027-04-18 00:00:00;2027-03-12 00:00:00;2027-03-18 00:00:00
2027-03-08 00:00:00;SO562985;C0004;VS004;515;2027-03-22 00:00:00;2027-03-28 00:00:00;2027-03-10 00:00:00;2027-03-16 00:00:00
2027-03-08 00:00:00;SO486088;C0014;AS005;630;2027-04-12 00:00:00;2027-04-19 00:00:00;2027-03-12 00:00:00;2027-03-19 00:00:00
2027-03-08 00:00:00;SO930661;C0023;VS005;1091;2027-04-12 00:00:00;2027-04-16 00:00:00;2027-03-12 00:00:00;2027-03-16 00:00:00
2027-03-08 00:00:00;SO486088;C0014;CS002;473;2027-04-12 00:00:00;2027-04-09 00:00:00;2027-03-12 00:00:00;2027-03-09 00:00:00
2027-03-08 00:00:00;SO930661;C0023;VS004;489;2027-04-12 00:00:00;2027-04-08 00:00:00;2027-03-12 00:00:00;2027-03-08 00:00:00
2027-03-08 00:00:00;SO930661;C0023;CS002;1189;2027-04-12 00:00:00;2027-04-17 00:00:00;2027-03-12 00:00:00;2027-03-17 00:00:00
2027-03-08 00:00:00;SO930661;C0023;VS002;569;2027-04-12 00:00:00;2027-04-08 00:00:00;2027-03-12 00:00:00;2027-03-08 00:00:00
2027-03-09 00:00:00;SO210742;C0020;AS003;893;2027-05-04 00:00:00;2027-05-02 00:00:00;2027-03-13 00:00:00;2027-03-11 00:00:00
2027-03-09 00:00:00;SO785569;C0013;VS003;715;2027-04-06 00:00:00;2027-04-11 00:00:00;2027-03-13 00:00:00;2027-03-18 00:00:00
2027-03-09 00:00:00;SO785569;C0013;AS005;1234;2027-04-06 00:00:00;2027-04-09 00:00:00;2027-03-13 00:00:00;2027-03-16 00:00:00
2027-03-09 00:00:00;SO785569;C0013;AT002;567;2027-04-06 00:00:00;2027-03-29 00:00:00;2027-03-13 00:00:00;2027-03-05 00:00:00
2027-03-09 00:00:00;SO210742;C0020;VS002;1070;2027-05-04 00:00:00;2027-05-11 00:00:00;2027-03-13 00:00:00;2027-03-20 00:00:00
2027-03-09 00:00:00;SO785569;C0013;CL002;453;2027-04-06 00:00:00;2027-04-03 00:00:00;2027-03-13 00:00:00;2027-03-10 00:00:00
2027-03-09 00:00:00;SO785569;C0013;AL001;604;2027-04-06 00:00:00;2027-04-09 00:00:00;2027-03-13 00:00:00;2027-03-16 00:00:00
2027-03-09 00:00:00;SO785569;C0013;AS004;1182;2027-04-06 00:00:00;2027-04-09 00:00:00;2027-03-13 00:00:00;2027-03-16 00:00:00
2027-03-09 00:00:00;SO210742;C0020;VS003;893;2027-05-04 00:00:00;2027-05-01 00:00:00;2027-03-13 00:00:00;2027-03-10 00:00:00
2027-03-09 00:00:00;SO210742;C0020;AS005;781;2027-05-04 00:00:00;2027-05-01 00:00:00;2027-03-13 00:00:00;2027-03-10 00:00:00
2027-03-09 00:00:00;SO210742;C0020;AS004;1067;2027-05-04 00:00:00;2027-05-13 00:00:00;2027-03-13 00:00:00;2027-03-22 00:00:00
2027-03-09 00:00:00;SO210742;C0020;CT001;1239;2027-05-04 00:00:00;2027-04-25 00:00:00;2027-03-13 00:00:00;2027-03-04 00:00:00
2027-03-09 00:00:00;SO785569;C0013;AS003;708;2027-04-06 00:00:00;2027-03-31 00:00:00;2027-03-13 00:00:00;2027-03-07 00:00:00
2027-03-09 00:00:00;SO210742;C0020;VS004;1118;2027-05-04 00:00:00;2027-05-07 00:00:00;2027-03-13 00:00:00;2027-03-16 00:00:00
2027-03-09 00:00:00;SO785569;C0013;AL002;627;2027-04-06 00:00:00;2027-04-07 00:00:00;2027-03-13 00:00:00;2027-03-14 00:00:00
2027-03-10 00:00:00;SO736339;C0019;AS005;1119;2027-05-12 00:00:00;2027-05-06 00:00:00;2027-03-14 00:00:00;2027-03-08 00:00:00
2027-03-10 00:00:00;SO848947;C0017;VS003;889;2027-05-05 00:00:00;2027-04-29 00:00:00;2027-03-14 00:00:00;2027-03-08 00:00:00
2027-03-10 00:00:00;SO590611;C0022;VS003;705;2027-04-21 00:00:00;2027-04-25 00:00:00;2027-03-14 00:00:00;2027-03-18 00:00:00
2027-03-10 00:00:00;SO736339;C0019;AT002;1008;2027-05-12 00:00:00;2027-05-22 00:00:00;2027-03-14 00:00:00;2027-03-24 00:00:00
2027-03-10 00:00:00;SO848947;C0017;AL002;514;2027-05-05 00:00:00;2027-05-05 00:00:00;2027-03-14 00:00:00;2027-03-14 00:00:00
2027-03-10 00:00:00;SO590611;C0022;AS004;880;2027-04-21 00:00:00;2027-04-22 00:00:00;2027-03-14 00:00:00;2027-03-15 00:00:00
2027-03-10 00:00:00;SO590611;C0022;AL002;696;2027-04-21 00:00:00;2027-04-28 00:00:00;2027-03-14 00:00:00;2027-03-21 00:00:00
2027-03-10 00:00:00;SO848947;C0017;CT001;335;2027-05-05 00:00:00;2027-05-13 00:00:00;2027-03-14 00:00:00;2027-03-22 00:00:00
2027-03-10 00:00:00;SO736339;C0019;VS004;1017;2027-05-12 00:00:00;2027-05-09 00:00:00;2027-03-14 00:00:00;2027-03-11 00:00:00
2027-03-10 00:00:00;SO848947;C0017;VS004;917;2027-05-05 00:00:00;2027-05-07 00:00:00;2027-03-14 00:00:00;2027-03-16 00:00:00
2027-03-10 00:00:00;SO848947;C0017;AS002;807;2027-05-05 00:00:00;2027-05-12 00:00:00;2027-03-14 00:00:00;2027-03-21 00:00:00
2027-03-10 00:00:00;SO736339;C0019;CS002;1093;2027-05-12 00:00:00;2027-05-15 00:00:00;2027-03-14 00:00:00;2027-03-17 00:00:00
2027-03-10 00:00:00;SO848947;C0017;VS002;596;2027-05-05 00:00:00;2027-05-03 00:00:00;2027-03-14 00:00:00;2027-03-12 00:00:00
2027-03-10 00:00:00;SO736339;C0019;VS002;281;2027-05-12 00:00:00;2027-05-20 00:00:00;2027-03-14 00:00:00;2027-03-22 00:00:00
2027-03-10 00:00:00;SO736339;C0019;CL002;420;2027-05-12 00:00:00;2027-05-18 00:00:00;2027-03-14 00:00:00;2027-03-20 00:00:00
2027-03-10 00:00:00;SO590611;C0022;AS002;674;2027-04-21 00:00:00;2027-04-12 00:00:00;2027-03-14 00:00:00;2027-03-05 00:00:00
2027-03-10 00:00:00;SO848947;C0017;VS005;789;2027-05-05 00:00:00;2027-04-29 00:00:00;2027-03-14 00:00:00;2027-03-08 00:00:00
2027-03-10 00:00:00;SO848947;C0017;AS004;722;2027-05-05 00:00:00;2027-05-10 00:00:00;2027-03-14 00:00:00;2027-03-19 00:00:00
2027-03-10 00:00:00;SO736339;C0019;VS003;492;2027-05-12 00:00:00;2027-05-08 00:00:00;2027-03-14 00:00:00;2027-03-10 00:00:00
2027-03-11 00:00:00;SO221337;C0006;VS004;461;2027-05-13 00:00:00;2027-05-15 00:00:00;2027-03-13 00:00:00;2027-03-15 00:00:00
2027-03-11 00:00:00;SO582488;C0024;AS004;850;2027-04-08 00:00:00;2027-04-15 00:00:00;2027-03-15 00:00:00;2027-03-22 00:00:00
2027-03-11 00:00:00;SO911925;C0016;AT002;1056;2027-03-25 00:00:00;2027-03-21 00:00:00;2027-03-15 00:00:00;2027-03-11 00:00:00
2027-03-11 00:00:00;SO351647;C0004;AL002;809;2027-03-25 00:00:00;2027-03-18 00:00:00;2027-03-13 00:00:00;2027-03-06 00:00:00
2027-03-11 00:00:00;SO351647;C0004;CS002;735;2027-03-25 00:00:00;2027-04-04 00:00:00;2027-03-13 00:00:00;2027-03-23 00:00:00
2027-03-11 00:00:00;SO582488;C0024;VS003;1199;2027-04-08 00:00:00;2027-04-13 00:00:00;2027-03-15 00:00:00;2027-03-20 00:00:00
2027-03-11 00:00:00;SO351647;C0004;AS005;995;2027-03-25 00:00:00;2027-04-04 00:00:00;2027-03-13 00:00:00;2027-03-23 00:00:00
2027-03-11 00:00:00;SO221337;C0006;AS003;1261;2027-05-13 00:00:00;2027-05-19 00:00:00;2027-03-13 00:00:00;2027-03-19 00:00:00
2027-03-11 00:00:00;SO351647;C0004;AL001;450;2027-03-25 00:00:00;2027-03-27 00:00:00;2027-03-13 00:00:00;2027-03-15 00:00:00
2027-03-11 00:00:00;SO221337;C0006;AL001;335;2027-05-13 00:00:00;2027-05-09 00:00:00;2027-03-13 00:00:00;2027-03-09 00:00:00
2027-03-11 00:00:00;SO221337;C0006;AS005;913;2027-05-13 00:00:00;2027-05-19 00:00:00;2027-03-13 00:00:00;2027-03-19 00:00:00
2027-03-11 00:00:00;SO221337;C0006;AL002;497;2027-05-13 00:00:00;2027-05-16 00:00:00;2027-03-13 00:00:00;2027-03-16 00:00:00
2027-03-11 00:00:00;SO911925;C0016;AL002;497;2027-03-25 00:00:00;2027-03-28 00:00:00;2027-03-15 00:00:00;2027-03-18 00:00:00
2027-03-11 00:00:00;SO351647;C0004;VS004;704;2027-03-25 00:00:00;2027-03-28 00:00:00;2027-03-13 00:00:00;2027-03-16 00:00:00
2027-03-11 00:00:00;SO911925;C0016;AS002;724;2027-03-25 00:00:00;2027-03-30 00:00:00;2027-03-15 00:00:00;2027-03-20 00:00:00
2027-03-11 00:00:00;SO351647;C0004;AS003;533;2027-03-25 00:00:00;2027-03-16 00:00:00;2027-03-13 00:00:00;2027-03-04 00:00:00
2027-03-11 00:00:00;SO582488;C0024;AT002;464;2027-04-08 00:00:00;2027-03-30 00:00:00;2027-03-15 00:00:00;2027-03-06 00:00:00
2027-03-11 00:00:00;SO911925;C0016;AS005;893;2027-03-25 00:00:00;2027-03-17 00:00:00;2027-03-15 00:00:00;2027-03-07 00:00:00
2027-03-12 00:00:00;SO234523;C0023;CL002;1260;2027-04-16 00:00:00;2027-04-26 00:00:00;2027-03-16 00:00:00;2027-03-26 00:00:00
2027-03-12 00:00:00;SO626295;C0028;AL002;529;2027-03-26 00:00:00;2027-04-04 00:00:00;2027-03-20 00:00:00;2027-03-29 00:00:00
2027-03-12 00:00:00;SO613443;C0005;AS003;616;2027-05-07 00:00:00;2027-05-13 00:00:00;2027-03-14 00:00:00;2027-03-20 00:00:00
2027-03-12 00:00:00;SO644369;C0013;AT002;1003;2027-04-09 00:00:00;2027-04-10 00:00:00;2027-03-16 00:00:00;2027-03-17 00:00:00
2027-03-12 00:00:00;SO626295;C0028;VS005;521;2027-03-26 00:00:00;2027-03-16 00:00:00;2027-03-20 00:00:00;2027-03-10 00:00:00
2027-03-12 00:00:00;SO626295;C0028;CL002;1406;2027-03-26 00:00:00;2027-04-04 00:00:00;2027-03-20 00:00:00;2027-03-29 00:00:00
2027-03-12 00:00:00;SO613443;C0005;VS002;1241;2027-05-07 00:00:00;2027-05-01 00:00:00;2027-03-14 00:00:00;2027-03-08 00:00:00
2027-03-12 00:00:00;SO234523;C0023;VS003;754;2027-04-16 00:00:00;2027-04-07 00:00:00;2027-03-16 00:00:00;2027-03-07 00:00:00
2027-03-12 00:00:00;SO644369;C0013;AL002;1069;2027-04-09 00:00:00;2027-04-17 00:00:00;2027-03-16 00:00:00;2027-03-24 00:00:00
2027-03-12 00:00:00;SO613443;C0005;AS002;1123;2027-05-07 00:00:00;2027-05-15 00:00:00;2027-03-14 00:00:00;2027-03-22 00:00:00
2027-03-12 00:00:00;SO234523;C0023;VS005;776;2027-04-16 00:00:00;2027-04-20 00:00:00;2027-03-16 00:00:00;2027-03-20 00:00:00
2027-03-12 00:00:00;SO613443;C0005;VS004;934;2027-05-07 00:00:00;2027-05-13 00:00:00;2027-03-14 00:00:00;2027-03-20 00:00:00
2027-03-12 00:00:00;SO644369;C0013;CS002;974;2027-04-09 00:00:00;2027-04-15 00:00:00;2027-03-16 00:00:00;2027-03-22 00:00:00
2027-03-12 00:00:00;SO626295;C0028;VS002;709;2027-03-26 00:00:00;2027-03-31 00:00:00;2027-03-20 00:00:00;2027-03-25 00:00:00
2027-03-12 00:00:00;SO234523;C0023;VS002;809;2027-04-16 00:00:00;2027-04-07 00:00:00;2027-03-16 00:00:00;2027-03-07 00:00:00
2027-03-12 00:00:00;SO644369;C0013;VS004;1125;2027-04-09 00:00:00;2027-04-02 00:00:00;2027-03-16 00:00:00;2027-03-09 00:00:00
2027-03-12 00:00:00;SO613443;C0005;AS004;801;2027-05-07 00:00:00;2027-04-30 00:00:00;2027-03-14 00:00:00;2027-03-07 00:00:00
2027-03-12 00:00:00;SO234523;C0023;AS004;759;2027-04-16 00:00:00;2027-04-07 00:00:00;2027-03-16 00:00:00;2027-03-07 00:00:00
2027-03-15 00:00:00;SO518423;C0009;AL001;1021;2027-03-29 00:00:00;2027-03-30 00:00:00;2027-03-18 00:00:00;2027-03-19 00:00:00
2027-03-15 00:00:00;SO287251;C0030;CS002;708;2027-05-17 00:00:00;2027-05-19 00:00:00;2027-03-23 00:00:00;2027-03-25 00:00:00
2027-03-15 00:00:00;SO759926;C0014;CT001;922;2027-04-19 00:00:00;2027-04-18 00:00:00;2027-03-19 00:00:00;2027-03-18 00:00:00
2027-03-15 00:00:00;SO450541;C0005;AL001;1067;2027-05-10 00:00:00;2027-05-10 00:00:00;2027-03-17 00:00:00;2027-03-17 00:00:00
2027-03-15 00:00:00;SO450541;C0005;CS002;630;2027-05-10 00:00:00;2027-04-30 00:00:00;2027-03-17 00:00:00;2027-03-07 00:00:00
2027-03-15 00:00:00;SO759926;C0014;AS004;336;2027-04-19 00:00:00;2027-04-23 00:00:00;2027-03-19 00:00:00;2027-03-23 00:00:00
2027-03-15 00:00:00;SO450541;C0005;AT002;953;2027-05-10 00:00:00;2027-05-12 00:00:00;2027-03-17 00:00:00;2027-03-19 00:00:00
2027-03-15 00:00:00;SO518423;C0009;CL002;1061;2027-03-29 00:00:00;2027-04-03 00:00:00;2027-03-18 00:00:00;2027-03-23 00:00:00
2027-03-15 00:00:00;SO287251;C0030;AS005;820;2027-05-17 00:00:00;2027-05-08 00:00:00;2027-03-23 00:00:00;2027-03-14 00:00:00
2027-03-15 00:00:00;SO287251;C0030;VS003;1197;2027-05-17 00:00:00;2027-05-10 00:00:00;2027-03-23 00:00:00;2027-03-16 00:00:00
2027-03-15 00:00:00;SO759926;C0014;VS005;909;2027-04-19 00:00:00;2027-04-15 00:00:00;2027-03-19 00:00:00;2027-03-15 00:00:00
2027-03-15 00:00:00;SO518423;C0009;CS002;1027;2027-03-29 00:00:00;2027-03-30 00:00:00;2027-03-18 00:00:00;2027-03-19 00:00:00
2027-03-15 00:00:00;SO759926;C0014;VS003;732;2027-04-19 00:00:00;2027-04-09 00:00:00;2027-03-19 00:00:00;2027-03-09 00:00:00
2027-03-15 00:00:00;SO450541;C0005;AS003;402;2027-05-10 00:00:00;2027-05-11 00:00:00;2027-03-17 00:00:00;2027-03-18 00:00:00
2027-03-15 00:00:00;SO518423;C0009;VS005;974;2027-03-29 00:00:00;2027-03-27 00:00:00;2027-03-18 00:00:00;2027-03-16 00:00:00
2027-03-15 00:00:00;SO287251;C0030;AS002;638;2027-05-17 00:00:00;2027-05-27 00:00:00;2027-03-23 00:00:00;2027-04-02 00:00:00
2027-03-15 00:00:00;SO759926;C0014;AS005;585;2027-04-19 00:00:00;2027-04-20 00:00:00;2027-03-19 00:00:00;2027-03-20 00:00:00
2027-03-16 00:00:00;SO839531;C0002;VS004;600;2027-04-20 00:00:00;2027-04-15 00:00:00;2027-03-18 00:00:00;2027-03-13 00:00:00
2027-03-16 00:00:00;SO975907;C0008;VS002;812;2027-05-11 00:00:00;2027-05-06 00:00:00;2027-03-19 00:00:00;2027-03-14 00:00:00
2027-03-16 00:00:00;SO839531;C0002;CS002;884;2027-04-20 00:00:00;2027-04-13 00:00:00;2027-03-18 00:00:00;2027-03-11 00:00:00
2027-03-16 00:00:00;SO839531;C0002;AS002;483;2027-04-20 00:00:00;2027-04-18 00:00:00;2027-03-18 00:00:00;2027-03-16 00:00:00
2027-03-16 00:00:00;SO975907;C0008;AL001;784;2027-05-11 00:00:00;2027-05-05 00:00:00;2027-03-19 00:00:00;2027-03-13 00:00:00
2027-03-16 00:00:00;SO975907;C0008;AT002;419;2027-05-11 00:00:00;2027-05-12 00:00:00;2027-03-19 00:00:00;2027-03-20 00:00:00
2027-03-16 00:00:00;SO839531;C0002;VS002;767;2027-04-20 00:00:00;2027-04-22 00:00:00;2027-03-18 00:00:00;2027-03-20 00:00:00
2027-03-16 00:00:00;SO839531;C0002;AT002;1015;2027-04-20 00:00:00;2027-04-19 00:00:00;2027-03-18 00:00:00;2027-03-17 00:00:00
2027-03-16 00:00:00;SO975907;C0008;CL002;1045;2027-05-11 00:00:00;2027-05-08 00:00:00;2027-03-19 00:00:00;2027-03-16 00:00:00
2027-03-16 00:00:00;SO975907;C0008;AS002;840;2027-05-11 00:00:00;2027-05-13 00:00:00;2027-03-19 00:00:00;2027-03-21 00:00:00
2027-03-16 00:00:00;SO975907;C0008;VS004;1127;2027-05-11 00:00:00;2027-05-02 00:00:00;2027-03-19 00:00:00;2027-03-10 00:00:00
2027-03-16 00:00:00;SO839531;C0002;VS005;785;2027-04-20 00:00:00;2027-04-26 00:00:00;2027-03-18 00:00:00;2027-03-24 00:00:00
2027-03-16 00:00:00;SO839531;C0002;AL002;894;2027-04-20 00:00:00;2027-04-17 00:00:00;2027-03-18 00:00:00;2027-03-15 00:00:00
2027-03-16 00:00:00;SO839531;C0002;VS003;1199;2027-04-20 00:00:00;2027-04-16 00:00:00;2027-03-18 00:00:00;2027-03-14 00:00:00
2027-03-16 00:00:00;SO975907;C0008;VS005;794;2027-05-11 00:00:00;2027-05-19 00:00:00;2027-03-19 00:00:00;2027-03-27 00:00:00
2027-03-16 00:00:00;SO975907;C0008;VS003;1110;2027-05-11 00:00:00;2027-05-02 00:00:00;2027-03-19 00:00:00;2027-03-10 00:00:00
2027-03-16 00:00:00;SO975907;C0008;AS005;484;2027-05-11 00:00:00;2027-05-07 00:00:00;2027-03-19 00:00:00;2027-03-15 00:00:00
2027-03-17 00:00:00;SO845397;C0004;AS003;587;2027-03-31 00:00:00;2027-03-28 00:00:00;2027-03-19 00:00:00;2027-03-16 00:00:00
2027-03-17 00:00:00;SO664870;C0023;VS005;947;2027-04-21 00:00:00;2027-04-27 00:00:00;2027-03-21 00:00:00;2027-03-27 00:00:00
2027-03-17 00:00:00;SO718244;C0020;AS005;516;2027-05-12 00:00:00;2027-05-04 00:00:00;2027-03-21 00:00:00;2027-03-13 00:00:00
2027-03-17 00:00:00;SO664870;C0023;AT002;484;2027-04-21 00:00:00;2027-04-28 00:00:00;2027-03-21 00:00:00;2027-03-28 00:00:00
2027-03-17 00:00:00;SO664870;C0023;CS002;995;2027-04-21 00:00:00;2027-04-20 00:00:00;2027-03-21 00:00:00;2027-03-20 00:00:00
2027-03-17 00:00:00;SO718244;C0020;CT001;771;2027-05-12 00:00:00;2027-05-05 00:00:00;2027-03-21 00:00:00;2027-03-14 00:00:00
2027-03-17 00:00:00;SO845397;C0004;CS002;679;2027-03-31 00:00:00;2027-04-06 00:00:00;2027-03-19 00:00:00;2027-03-25 00:00:00
2027-03-17 00:00:00;SO718244;C0020;CL002;900;2027-05-12 00:00:00;2027-05-18 00:00:00;2027-03-21 00:00:00;2027-03-27 00:00:00
2027-03-17 00:00:00;SO718244;C0020;VS003;973;2027-05-12 00:00:00;2027-05-17 00:00:00;2027-03-21 00:00:00;2027-03-26 00:00:00
2027-03-17 00:00:00;SO845397;C0004;CL002;821;2027-03-31 00:00:00;2027-04-02 00:00:00;2027-03-19 00:00:00;2027-03-21 00:00:00
2027-03-17 00:00:00;SO718244;C0020;AL001;524;2027-05-12 00:00:00;2027-05-21 00:00:00;2027-03-21 00:00:00;2027-03-30 00:00:00
2027-03-17 00:00:00;SO664870;C0023;AL001;960;2027-04-21 00:00:00;2027-04-18 00:00:00;2027-03-21 00:00:00;2027-03-18 00:00:00
2027-03-17 00:00:00;SO845397;C0004;VS004;635;2027-03-31 00:00:00;2027-03-27 00:00:00;2027-03-19 00:00:00;2027-03-15 00:00:00
2027-03-17 00:00:00;SO845397;C0004;AS004;837;2027-03-31 00:00:00;2027-03-29 00:00:00;2027-03-19 00:00:00;2027-03-17 00:00:00
2027-03-17 00:00:00;SO718244;C0020;AS004;1207;2027-05-12 00:00:00;2027-05-06 00:00:00;2027-03-21 00:00:00;2027-03-15 00:00:00
2027-03-18 00:00:00;SO158414;C0001;CS002;1001;2027-04-15 00:00:00;2027-04-16 00:00:00;2027-03-20 00:00:00;2027-03-21 00:00:00
2027-03-18 00:00:00;SO897357;C0002;VS004;369;2027-04-22 00:00:00;2027-05-01 00:00:00;2027-03-20 00:00:00;2027-03-29 00:00:00
2027-03-18 00:00:00;SO397644;C0014;CL002;1015;2027-04-22 00:00:00;2027-04-12 00:00:00;2027-03-22 00:00:00;2027-03-12 00:00:00
2027-03-18 00:00:00;SO158414;C0001;AS002;1080;2027-04-15 00:00:00;2027-04-12 00:00:00;2027-03-20 00:00:00;2027-03-17 00:00:00
2027-03-18 00:00:00;SO158414;C0001;VS002;1006;2027-04-15 00:00:00;2027-04-24 00:00:00;2027-03-20 00:00:00;2027-03-29 00:00:00
2027-03-18 00:00:00;SO397644;C0014;AL001;1008;2027-04-22 00:00:00;2027-04-18 00:00:00;2027-03-22 00:00:00;2027-03-18 00:00:00
2027-03-18 00:00:00;SO897357;C0002;VS005;511;2027-04-22 00:00:00;2027-04-26 00:00:00;2027-03-20 00:00:00;2027-03-24 00:00:00
2027-03-18 00:00:00;SO158414;C0001;CT001;1317;2027-04-15 00:00:00;2027-04-05 00:00:00;2027-03-20 00:00:00;2027-03-10 00:00:00
2027-03-18 00:00:00;SO397644;C0014;AT002;1263;2027-04-22 00:00:00;2027-04-20 00:00:00;2027-03-22 00:00:00;2027-03-20 00:00:00
2027-03-18 00:00:00;SO397644;C0014;CT001;1169;2027-04-22 00:00:00;2027-04-13 00:00:00;2027-03-22 00:00:00;2027-03-13 00:00:00
2027-03-18 00:00:00;SO897357;C0002;AL001;968;2027-04-22 00:00:00;2027-04-20 00:00:00;2027-03-20 00:00:00;2027-03-18 00:00:00
2027-03-18 00:00:00;SO158414;C0001;AT002;433;2027-04-15 00:00:00;2027-04-25 00:00:00;2027-03-20 00:00:00;2027-03-30 00:00:00
2027-03-18 00:00:00;SO897357;C0002;VS003;1395;2027-04-22 00:00:00;2027-05-02 00:00:00;2027-03-20 00:00:00;2027-03-30 00:00:00
2027-03-18 00:00:00;SO158414;C0001;AS005;376;2027-04-15 00:00:00;2027-04-05 00:00:00;2027-03-20 00:00:00;2027-03-10 00:00:00
2027-03-18 00:00:00;SO397644;C0014;VS005;887;2027-04-22 00:00:00;2027-04-27 00:00:00;2027-03-22 00:00:00;2027-03-27 00:00:00
2027-03-18 00:00:00;SO397644;C0014;AS004;1023;2027-04-22 00:00:00;2027-04-13 00:00:00;2027-03-22 00:00:00;2027-03-13 00:00:00
2027-03-18 00:00:00;SO158414;C0001;VS005;653;2027-04-15 00:00:00;2027-04-11 00:00:00;2027-03-20 00:00:00;2027-03-16 00:00:00
2027-03-18 00:00:00;SO397644;C0014;AL002;788;2027-04-22 00:00:00;2027-04-23 00:00:00;2027-03-22 00:00:00;2027-03-23 00:00:00
2027-03-18 00:00:00;SO897357;C0002;AL002;715;2027-04-22 00:00:00;2027-04-25 00:00:00;2027-03-20 00:00:00;2027-03-23 00:00:00
2027-03-18 00:00:00;SO158414;C0001;VS004;850;2027-04-15 00:00:00;2027-04-14 00:00:00;2027-03-20 00:00:00;2027-03-19 00:00:00
2027-03-19 00:00:00;SO184552;C0021;AS002;484;2027-04-02 00:00:00;2027-04-03 00:00:00;2027-03-23 00:00:00;2027-03-24 00:00:00
2027-03-19 00:00:00;SO799523;C0027;AL002;727;2027-04-30 00:00:00;2027-05-01 00:00:00;2027-03-27 00:00:00;2027-03-28 00:00:00
2027-03-19 00:00:00;SO740405;C0018;AL002;1200;2027-05-21 00:00:00;2027-05-27 00:00:00;2027-03-23 00:00:00;2027-03-29 00:00:00
2027-03-19 00:00:00;SO740405;C0018;AS002;890;2027-05-21 00:00:00;2027-05-30 00:00:00;2027-03-23 00:00:00;2027-04-01 00:00:00
2027-03-19 00:00:00;SO799523;C0027;AS005;801;2027-04-30 00:00:00;2027-05-05 00:00:00;2027-03-27 00:00:00;2027-04-01 00:00:00
2027-03-19 00:00:00;SO740405;C0018;AS003;569;2027-05-21 00:00:00;2027-05-22 00:00:00;2027-03-23 00:00:00;2027-03-24 00:00:00
2027-03-19 00:00:00;SO184552;C0021;VS004;547;2027-04-02 00:00:00;2027-04-02 00:00:00;2027-03-23 00:00:00;2027-03-23 00:00:00
2027-03-19 00:00:00;SO799523;C0027;VS003;567;2027-04-30 00:00:00;2027-05-01 00:00:00;2027-03-27 00:00:00;2027-03-28 00:00:00
2027-03-19 00:00:00;SO184552;C0021;AS004;1015;2027-04-02 00:00:00;2027-03-24 00:00:00;2027-03-23 00:00:00;2027-03-14 00:00:00
2027-03-19 00:00:00;SO740405;C0018;VS005;1266;2027-05-21 00:00:00;2027-05-11 00:00:00;2027-03-23 00:00:00;2027-03-13 00:00:00
2027-03-19 00:00:00;SO184552;C0021;VS002;499;2027-04-02 00:00:00;2027-04-05 00:00:00;2027-03-23 00:00:00;2027-03-26 00:00:00
2027-03-19 00:00:00;SO799523;C0027;VS005;992;2027-04-30 00:00:00;2027-05-04 00:00:00;2027-03-27 00:00:00;2027-03-31 00:00:00
2027-03-19 00:00:00;SO740405;C0018;AT002;1191;2027-05-21 00:00:00;2027-05-18 00:00:00;2027-03-23 00:00:00;2027-03-20 00:00:00
2027-03-19 00:00:00;SO740405;C0018;AS005;642;2027-05-21 00:00:00;2027-05-12 00:00:00;2027-03-23 00:00:00;2027-03-14 00:00:00
2027-03-19 00:00:00;SO740405;C0018;VS004;956;2027-05-21 00:00:00;2027-05-21 00:00:00;2027-03-23 00:00:00;2027-03-23 00:00:00
2027-03-22 00:00:00;SO996027;C0007;CT001;517;2027-05-24 00:00:00;2027-05-17 00:00:00;2027-03-25 00:00:00;2027-03-18 00:00:00
2027-03-22 00:00:00;SO582596;C0028;AS003;705;2027-04-05 00:00:00;2027-04-01 00:00:00;2027-03-30 00:00:00;2027-03-26 00:00:00
2027-03-22 00:00:00;SO154061;C0024;CS002;1025;2027-04-19 00:00:00;2027-04-22 00:00:00;2027-03-26 00:00:00;2027-03-29 00:00:00
2027-03-22 00:00:00;SO934223;C0003;AS004;609;2027-05-03 00:00:00;2027-04-25 00:00:00;2027-03-24 00:00:00;2027-03-16 00:00:00
2027-03-22 00:00:00;SO996027;C0007;CL002;922;2027-05-24 00:00:00;2027-05-16 00:00:00;2027-03-25 00:00:00;2027-03-17 00:00:00
2027-03-22 00:00:00;SO154061;C0024;AL001;564;2027-04-19 00:00:00;2027-04-14 00:00:00;2027-03-26 00:00:00;2027-03-21 00:00:00
2027-03-22 00:00:00;SO154061;C0024;VS003;957;2027-04-19 00:00:00;2027-04-12 00:00:00;2027-03-26 00:00:00;2027-03-19 00:00:00
2027-03-22 00:00:00;SO934223;C0003;CS002;488;2027-05-03 00:00:00;2027-05-03 00:00:00;2027-03-24 00:00:00;2027-03-24 00:00:00
2027-03-22 00:00:00;SO934223;C0003;AT002;942;2027-05-03 00:00:00;2027-05-09 00:00:00;2027-03-24 00:00:00;2027-03-30 00:00:00
2027-03-22 00:00:00;SO934223;C0003;CT001;997;2027-05-03 00:00:00;2027-05-08 00:00:00;2027-03-24 00:00:00;2027-03-29 00:00:00
2027-03-22 00:00:00;SO934223;C0003;VS002;1167;2027-05-03 00:00:00;2027-05-03 00:00:00;2027-03-24 00:00:00;2027-03-24 00:00:00
2027-03-22 00:00:00;SO934223;C0003;VS005;622;2027-05-03 00:00:00;2027-04-27 00:00:00;2027-03-24 00:00:00;2027-03-18 00:00:00
2027-03-23 00:00:00;SO465376;C0022;CL002;674;2027-05-04 00:00:00;2027-04-26 00:00:00;2027-03-27 00:00:00;2027-03-19 00:00:00
2027-03-23 00:00:00;SO786726;C0023;AS002;753;2027-04-27 00:00:00;2027-04-20 00:00:00;2027-03-27 00:00:00;2027-03-20 00:00:00
2027-03-23 00:00:00;SO343149;C0017;VS005;1109;2027-05-18 00:00:00;2027-05-16 00:00:00;2027-03-27 00:00:00;2027-03-25 00:00:00
2027-03-23 00:00:00;SO465376;C0022;VS004;1142;2027-05-04 00:00:00;2027-05-08 00:00:00;2027-03-27 00:00:00;2027-03-31 00:00:00
2027-03-23 00:00:00;SO343149;C0017;AT002;342;2027-05-18 00:00:00;2027-05-22 00:00:00;2027-03-27 00:00:00;2027-03-31 00:00:00
2027-03-23 00:00:00;SO465376;C0022;AL002;1015;2027-05-04 00:00:00;2027-05-06 00:00:00;2027-03-27 00:00:00;2027-03-29 00:00:00
2027-03-23 00:00:00;SO465376;C0022;VS002;1043;2027-05-04 00:00:00;2027-05-09 00:00:00;2027-03-27 00:00:00;2027-04-01 00:00:00
2027-03-23 00:00:00;SO343149;C0017;AS004;903;2027-05-18 00:00:00;2027-05-16 00:00:00;2027-03-27 00:00:00;2027-03-25 00:00:00
2027-03-23 00:00:00;SO465376;C0022;AS003;890;2027-05-04 00:00:00;2027-05-01 00:00:00;2027-03-27 00:00:00;2027-03-24 00:00:00
2027-03-23 00:00:00;SO786726;C0023;AT002;655;2027-04-27 00:00:00;2027-04-24 00:00:00;2027-03-27 00:00:00;2027-03-24 00:00:00
2027-03-23 00:00:00;SO343149;C0017;AL002;512;2027-05-18 00:00:00;2027-05-21 00:00:00;2027-03-27 00:00:00;2027-03-30 00:00:00
2027-03-23 00:00:00;SO786726;C0023;VS002;752;2027-04-27 00:00:00;2027-04-29 00:00:00;2027-03-27 00:00:00;2027-03-29 00:00:00
2027-03-23 00:00:00;SO465376;C0022;VS005;301;2027-05-04 00:00:00;2027-05-04 00:00:00;2027-03-27 00:00:00;2027-03-27 00:00:00
2027-03-24 00:00:00;SO805617;C0004;VS003;869;2027-04-07 00:00:00;2027-04-07 00:00:00;2027-03-26 00:00:00;2027-03-26 00:00:00
2027-03-24 00:00:00;SO752645;C0006;AS004;926;2027-05-26 00:00:00;2027-06-03 00:00:00;2027-03-26 00:00:00;2027-04-03 00:00:00
2027-03-24 00:00:00;SO805617;C0004;AL002;1265;2027-04-07 00:00:00;2027-04-06 00:00:00;2027-03-26 00:00:00;2027-03-25 00:00:00
2027-03-24 00:00:00;SO752645;C0006;AS005;1043;2027-05-26 00:00:00;2027-06-03 00:00:00;2027-03-26 00:00:00;2027-04-03 00:00:00
2027-03-24 00:00:00;SO805617;C0004;AT002;585;2027-04-07 00:00:00;2027-04-11 00:00:00;2027-03-26 00:00:00;2027-03-30 00:00:00
2027-03-24 00:00:00;SO805617;C0004;CL002;675;2027-04-07 00:00:00;2027-04-01 00:00:00;2027-03-26 00:00:00;2027-03-20 00:00:00
2027-03-24 00:00:00;SO805617;C0004;AS003;1285;2027-04-07 00:00:00;2027-04-08 00:00:00;2027-03-26 00:00:00;2027-03-27 00:00:00
2027-03-24 00:00:00;SO752645;C0006;CL002;787;2027-05-26 00:00:00;2027-05-30 00:00:00;2027-03-26 00:00:00;2027-03-30 00:00:00
2027-03-24 00:00:00;SO752645;C0006;VS004;726;2027-05-26 00:00:00;2027-05-20 00:00:00;2027-03-26 00:00:00;2027-03-20 00:00:00
2027-03-24 00:00:00;SO752645;C0006;CS002;1125;2027-05-26 00:00:00;2027-05-26 00:00:00;2027-03-26 00:00:00;2027-03-26 00:00:00
2027-03-24 00:00:00;SO752645;C0006;AT002;559;2027-05-26 00:00:00;2027-05-29 00:00:00;2027-03-26 00:00:00;2027-03-29 00:00:00
2027-03-24 00:00:00;SO752645;C0006;VS002;1155;2027-05-26 00:00:00;2027-06-05 00:00:00;2027-03-26 00:00:00;2027-04-05 00:00:00
2027-03-24 00:00:00;SO752645;C0006;VS005;785;2027-05-26 00:00:00;2027-05-22 00:00:00;2027-03-26 00:00:00;2027-03-22 00:00:00
2027-03-24 00:00:00;SO752645;C0006;AS003;638;2027-05-26 00:00:00;2027-05-23 00:00:00;2027-03-26 00:00:00;2027-03-23 00:00:00
2027-03-25 00:00:00;SO601445;C0021;CL002;912;2027-04-08 00:00:00;2027-03-30 00:00:00;2027-03-29 00:00:00;2027-03-20 00:00:00
2027-03-25 00:00:00;SO936237;C0020;AT002;775;2027-05-20 00:00:00;2027-05-18 00:00:00;2027-03-29 00:00:00;2027-03-27 00:00:00
2027-03-25 00:00:00;SO383974;C0027;AS002;370;2027-05-06 00:00:00;2027-05-14 00:00:00;2027-04-02 00:00:00;2027-04-10 00:00:00
2027-03-25 00:00:00;SO936237;C0020;AS005;855;2027-05-20 00:00:00;2027-05-30 00:00:00;2027-03-29 00:00:00;2027-04-08 00:00:00
2027-03-25 00:00:00;SO936237;C0020;AL001;858;2027-05-20 00:00:00;2027-05-30 00:00:00;2027-03-29 00:00:00;2027-04-08 00:00:00
2027-03-25 00:00:00;SO601445;C0021;VS003;627;2027-04-08 00:00:00;2027-03-31 00:00:00;2027-03-29 00:00:00;2027-03-21 00:00:00
2027-03-25 00:00:00;SO936237;C0020;VS002;551;2027-05-20 00:00:00;2027-05-19 00:00:00;2027-03-29 00:00:00;2027-03-28 00:00:00
2027-03-25 00:00:00;SO383974;C0027;VS004;406;2027-05-06 00:00:00;2027-04-30 00:00:00;2027-04-02 00:00:00;2027-03-27 00:00:00
2027-03-25 00:00:00;SO936237;C0020;VS005;428;2027-05-20 00:00:00;2027-05-28 00:00:00;2027-03-29 00:00:00;2027-04-06 00:00:00
2027-03-25 00:00:00;SO383974;C0027;AS003;649;2027-05-06 00:00:00;2027-04-28 00:00:00;2027-04-02 00:00:00;2027-03-25 00:00:00
2027-03-25 00:00:00;SO936237;C0020;VS003;424;2027-05-20 00:00:00;2027-05-18 00:00:00;2027-03-29 00:00:00;2027-03-27 00:00:00
2027-03-25 00:00:00;SO383974;C0027;CL002;898;2027-05-06 00:00:00;2027-05-14 00:00:00;2027-04-02 00:00:00;2027-04-10 00:00:00
2027-03-25 00:00:00;SO601445;C0021;CS002;1140;2027-04-08 00:00:00;2027-04-11 00:00:00;2027-03-29 00:00:00;2027-04-01 00:00:00
2027-03-25 00:00:00;SO936237;C0020;AL002;950;2027-05-20 00:00:00;2027-05-19 00:00:00;2027-03-29 00:00:00;2027-03-28 00:00:00
2027-03-26 00:00:00;SO709513;C0007;AS003;599;2027-05-28 00:00:00;2027-05-22 00:00:00;2027-03-29 00:00:00;2027-03-23 00:00:00
2027-03-26 00:00:00;SO471763;C0009;AL001;486;2027-04-09 00:00:00;2027-04-13 00:00:00;2027-03-29 00:00:00;2027-04-02 00:00:00
2027-03-26 00:00:00;SO697986;C0023;VS002;961;2027-04-30 00:00:00;2027-05-04 00:00:00;2027-03-30 00:00:00;2027-04-03 00:00:00
2027-03-26 00:00:00;SO697986;C0023;AT002;903;2027-04-30 00:00:00;2027-04-20 00:00:00;2027-03-30 00:00:00;2027-03-20 00:00:00
2027-03-26 00:00:00;SO697986;C0023;VS004;1022;2027-04-30 00:00:00;2027-04-25 00:00:00;2027-03-30 00:00:00;2027-03-25 00:00:00
2027-03-26 00:00:00;SO709513;C0007;AS005;779;2027-05-28 00:00:00;2027-05-23 00:00:00;2027-03-29 00:00:00;2027-03-24 00:00:00
2027-03-26 00:00:00;SO471763;C0009;CS002;708;2027-04-09 00:00:00;2027-04-03 00:00:00;2027-03-29 00:00:00;2027-03-23 00:00:00
2027-03-26 00:00:00;SO709513;C0007;AL001;1197;2027-05-28 00:00:00;2027-05-26 00:00:00;2027-03-29 00:00:00;2027-03-27 00:00:00
2027-03-26 00:00:00;SO697986;C0023;CL002;1105;2027-04-30 00:00:00;2027-04-29 00:00:00;2027-03-30 00:00:00;2027-03-29 00:00:00
2027-03-26 00:00:00;SO697986;C0023;AS004;526;2027-04-30 00:00:00;2027-05-09 00:00:00;2027-03-30 00:00:00;2027-04-08 00:00:00
2027-03-26 00:00:00;SO697986;C0023;CT001;1050;2027-04-30 00:00:00;2027-05-07 00:00:00;2027-03-30 00:00:00;2027-04-06 00:00:00
2027-03-26 00:00:00;SO471763;C0009;VS003;436;2027-04-09 00:00:00;2027-04-02 00:00:00;2027-03-29 00:00:00;2027-03-22 00:00:00
2027-03-26 00:00:00;SO471763;C0009;AS005;534;2027-04-09 00:00:00;2027-04-08 00:00:00;2027-03-29 00:00:00;2027-03-28 00:00:00
2027-03-26 00:00:00;SO697986;C0023;AL001;468;2027-04-30 00:00:00;2027-04-23 00:00:00;2027-03-30 00:00:00;2027-03-23 00:00:00
2027-03-26 00:00:00;SO471763;C0009;AT002;877;2027-04-09 00:00:00;2027-04-02 00:00:00;2027-03-29 00:00:00;2027-03-22 00:00:00
2027-03-26 00:00:00;SO697986;C0023;AL002;1307;2027-04-30 00:00:00;2027-05-01 00:00:00;2027-03-30 00:00:00;2027-03-31 00:00:00
2027-03-26 00:00:00;SO697986;C0023;AS003;1118;2027-04-30 00:00:00;2027-04-25 00:00:00;2027-03-30 00:00:00;2027-03-25 00:00:00
2027-03-26 00:00:00;SO697986;C0023;AS005;983;2027-04-30 00:00:00;2027-04-28 00:00:00;2027-03-30 00:00:00;2027-03-28 00:00:00
2027-03-26 00:00:00;SO697986;C0023;CS002;388;2027-04-30 00:00:00;2027-04-21 00:00:00;2027-03-30 00:00:00;2027-03-21 00:00:00
2027-03-29 00:00:00;SO163778;C0025;VS005;873;2027-04-26 00:00:00;2027-05-02 00:00:00;2027-04-06 00:00:00;2027-04-12 00:00:00
2027-03-29 00:00:00;SO954471;C0024;AL001;537;2027-04-26 00:00:00;2027-04-16 00:00:00;2027-04-02 00:00:00;2027-03-23 00:00:00
2027-03-29 00:00:00;SO264167;C0004;CS002;1504;2027-04-12 00:00:00;2027-04-05 00:00:00;2027-03-31 00:00:00;2027-03-24 00:00:00
2027-03-29 00:00:00;SO193654;C0001;VS003;516;2027-04-26 00:00:00;2027-04-23 00:00:00;2027-03-31 00:00:00;2027-03-28 00:00:00
2027-03-29 00:00:00;SO193654;C0001;AS004;911;2027-04-26 00:00:00;2027-05-01 00:00:00;2027-03-31 00:00:00;2027-04-05 00:00:00
2027-03-29 00:00:00;SO193654;C0001;VS004;296;2027-04-26 00:00:00;2027-05-05 00:00:00;2027-03-31 00:00:00;2027-04-09 00:00:00
2027-03-29 00:00:00;SO954471;C0024;AT002;911;2027-04-26 00:00:00;2027-04-25 00:00:00;2027-04-02 00:00:00;2027-04-01 00:00:00
2027-03-29 00:00:00;SO954471;C0024;VS003;505;2027-04-26 00:00:00;2027-04-18 00:00:00;2027-04-02 00:00:00;2027-03-25 00:00:00
2027-03-29 00:00:00;SO264167;C0004;VS005;388;2027-04-12 00:00:00;2027-04-15 00:00:00;2027-03-31 00:00:00;2027-04-03 00:00:00
2027-03-29 00:00:00;SO163778;C0025;CL002;1074;2027-04-26 00:00:00;2027-05-03 00:00:00;2027-04-06 00:00:00;2027-04-13 00:00:00
2027-03-29 00:00:00;SO954471;C0024;AS004;726;2027-04-26 00:00:00;2027-04-16 00:00:00;2027-04-02 00:00:00;2027-03-23 00:00:00
2027-03-29 00:00:00;SO264167;C0004;AS003;1028;2027-04-12 00:00:00;2027-04-20 00:00:00;2027-03-31 00:00:00;2027-04-08 00:00:00
2027-03-30 00:00:00;SO105356;C0024;AL001;1071;2027-04-27 00:00:00;2027-04-28 00:00:00;2027-04-03 00:00:00;2027-04-04 00:00:00
2027-03-30 00:00:00;SO597821;C0021;AS003;532;2027-04-13 00:00:00;2027-04-22 00:00:00;2027-04-03 00:00:00;2027-04-12 00:00:00
2027-03-30 00:00:00;SO597821;C0021;VS003;671;2027-04-13 00:00:00;2027-04-23 00:00:00;2027-04-03 00:00:00;2027-04-13 00:00:00
2027-03-30 00:00:00;SO597821;C0021;AL002;1096;2027-04-13 00:00:00;2027-04-10 00:00:00;2027-04-03 00:00:00;2027-03-31 00:00:00
2027-03-30 00:00:00;SO105356;C0024;AL002;1266;2027-04-27 00:00:00;2027-04-22 00:00:00;2027-04-03 00:00:00;2027-03-29 00:00:00
2027-03-30 00:00:00;SO105356;C0024;AT002;558;2027-04-27 00:00:00;2027-05-05 00:00:00;2027-04-03 00:00:00;2027-04-11 00:00:00
2027-03-30 00:00:00;SO105356;C0024;AS003;948;2027-04-27 00:00:00;2027-04-19 00:00:00;2027-04-03 00:00:00;2027-03-26 00:00:00
2027-03-30 00:00:00;SO105356;C0024;VS002;492;2027-04-27 00:00:00;2027-04-18 00:00:00;2027-04-03 00:00:00;2027-03-25 00:00:00
2027-03-30 00:00:00;SO597821;C0021;AT002;1054;2027-04-13 00:00:00;2027-04-12 00:00:00;2027-04-03 00:00:00;2027-04-02 00:00:00
2027-03-30 00:00:00;SO597821;C0021;VS004;428;2027-04-13 00:00:00;2027-04-03 00:00:00;2027-04-03 00:00:00;2027-03-24 00:00:00
2027-03-30 00:00:00;SO597821;C0021;CL002;684;2027-04-13 00:00:00;2027-04-20 00:00:00;2027-04-03 00:00:00;2027-04-10 00:00:00
2027-03-30 00:00:00;SO597821;C0021;AS002;577;2027-04-13 00:00:00;2027-04-11 00:00:00;2027-04-03 00:00:00;2027-04-01 00:00:00
2027-03-30 00:00:00;SO597821;C0021;CT001;352;2027-04-13 00:00:00;2027-04-23 00:00:00;2027-04-03 00:00:00;2027-04-13 00:00:00
2027-03-30 00:00:00;SO105356;C0024;CL002;1125;2027-04-27 00:00:00;2027-04-27 00:00:00;2027-04-03 00:00:00;2027-04-03 00:00:00
2027-03-30 00:00:00;SO105356;C0024;VS005;781;2027-04-27 00:00:00;2027-04-24 00:00:00;2027-04-03 00:00:00;2027-03-31 00:00:00
2027-03-30 00:00:00;SO105356;C0024;VS004;900;2027-04-27 00:00:00;2027-04-19 00:00:00;2027-04-03 00:00:00;2027-03-26 00:00:00
2027-03-31 00:00:00;SO276332;C0016;AS002;1281;2027-04-14 00:00:00;2027-04-10 00:00:00;2027-04-04 00:00:00;2027-03-31 00:00:00
2027-03-31 00:00:00;SO150983;C0019;AL001;788;2027-06-02 00:00:00;2027-06-12 00:00:00;2027-04-04 00:00:00;2027-04-14 00:00:00
2027-03-31 00:00:00;SO248779;C0011;AS003;814;2027-05-05 00:00:00;2027-05-15 00:00:00;2027-04-03 00:00:00;2027-04-13 00:00:00
2027-03-31 00:00:00;SO921635;C0015;VS004;516;2027-05-12 00:00:00;2027-05-02 00:00:00;2027-04-04 00:00:00;2027-03-25 00:00:00
2027-03-31 00:00:00;SO248779;C0011;AL001;533;2027-05-05 00:00:00;2027-04-26 00:00:00;2027-04-03 00:00:00;2027-03-25 00:00:00
2027-03-31 00:00:00;SO276332;C0016;VS002;851;2027-04-14 00:00:00;2027-04-13 00:00:00;2027-04-04 00:00:00;2027-04-03 00:00:00
2027-03-31 00:00:00;SO150983;C0019;CS002;669;2027-06-02 00:00:00;2027-05-31 00:00:00;2027-04-04 00:00:00;2027-04-02 00:00:00
2027-03-31 00:00:00;SO150983;C0019;AT002;807;2027-06-02 00:00:00;2027-05-27 00:00:00;2027-04-04 00:00:00;2027-03-29 00:00:00
2027-03-31 00:00:00;SO150983;C0019;CL002;1034;2027-06-02 00:00:00;2027-06-11 00:00:00;2027-04-04 00:00:00;2027-04-13 00:00:00
2027-03-31 00:00:00;SO276332;C0016;AS003;935;2027-04-14 00:00:00;2027-04-23 00:00:00;2027-04-04 00:00:00;2027-04-13 00:00:00
2027-03-31 00:00:00;SO276332;C0016;AS005;596;2027-04-14 00:00:00;2027-04-24 00:00:00;2027-04-04 00:00:00;2027-04-14 00:00:00
2027-03-31 00:00:00;SO276332;C0016;VS003;649;2027-04-14 00:00:00;2027-04-20 00:00:00;2027-04-04 00:00:00;2027-04-10 00:00:00
2027-03-31 00:00:00;SO248779;C0011;AS005;801;2027-05-05 00:00:00;2027-05-07 00:00:00;2027-04-03 00:00:00;2027-04-05 00:00:00
2027-04-01 00:00:00;SO337884;C0009;CL002;946;2027-04-15 00:00:00;2027-04-11 00:00:00;2027-04-04 00:00:00;2027-03-31 00:00:00
2027-04-01 00:00:00;SO665938;C0004;VS005;316;2027-04-15 00:00:00;2027-04-21 00:00:00;2027-04-03 00:00:00;2027-04-09 00:00:00
2027-04-01 00:00:00;SO721235;C0002;CL002;587;2027-05-06 00:00:00;2027-05-03 00:00:00;2027-04-03 00:00:00;2027-03-31 00:00:00
2027-04-01 00:00:00;SO665938;C0004;AL002;828;2027-04-15 00:00:00;2027-04-07 00:00:00;2027-04-03 00:00:00;2027-03-26 00:00:00
2027-04-01 00:00:00;SO665938;C0004;CS004;915;2027-04-15 00:00:00;2027-04-18 00:00:00;2027-04-03 00:00:00;2027-04-06 00:00:00
2027-04-01 00:00:00;SO665938;C0004;AL001;1158;2027-04-15 00:00:00;2027-04-05 00:00:00;2027-04-03 00:00:00;2027-03-24 00:00:00
2027-04-01 00:00:00;SO721235;C0002;AS004;1075;2027-05-06 00:00:00;2027-05-09 00:00:00;2027-04-03 00:00:00;2027-04-06 00:00:00
2027-04-01 00:00:00;SO721235;C0002;AT002;648;2027-05-06 00:00:00;2027-04-30 00:00:00;2027-04-03 00:00:00;2027-03-28 00:00:00
2027-04-01 00:00:00;SO665938;C0004;CS002;503;2027-04-15 00:00:00;2027-04-05 00:00:00;2027-04-03 00:00:00;2027-03-24 00:00:00
2027-04-01 00:00:00;SO665938;C0004;AT001;730;2027-04-15 00:00:00;2027-04-06 00:00:00;2027-04-03 00:00:00;2027-03-25 00:00:00
2027-04-01 00:00:00;SO665938;C0004;VS002;627;2027-04-15 00:00:00;2027-04-20 00:00:00;2027-04-03 00:00:00;2027-04-08 00:00:00
2027-04-01 00:00:00;SO337884;C0009;AL002;880;2027-04-15 00:00:00;2027-04-11 00:00:00;2027-04-04 00:00:00;2027-03-31 00:00:00
2027-04-01 00:00:00;SO721235;C0002;CS002;858;2027-05-06 00:00:00;2027-05-10 00:00:00;2027-04-03 00:00:00;2027-04-07 00:00:00
2027-04-02 00:00:00;SO505743;C0027;CS004;1322;2027-05-14 00:00:00;2027-05-14 00:00:00;2027-04-10 00:00:00;2027-04-10 00:00:00
2027-04-02 00:00:00;SO494383;C0024;AT001;1254;2027-04-30 00:00:00;2027-05-10 00:00:00;2027-04-06 00:00:00;2027-04-16 00:00:00
2027-04-02 00:00:00;SO505743;C0027;VS005;546;2027-05-14 00:00:00;2027-05-05 00:00:00;2027-04-10 00:00:00;2027-04-01 00:00:00
2027-04-02 00:00:00;SO505743;C0027;AL001;758;2027-05-14 00:00:00;2027-05-22 00:00:00;2027-04-10 00:00:00;2027-04-18 00:00:00
2027-04-02 00:00:00;SO505743;C0027;VS001;638;2027-05-14 00:00:00;2027-05-07 00:00:00;2027-04-10 00:00:00;2027-04-03 00:00:00
2027-04-02 00:00:00;SO494383;C0024;CS002;658;2027-04-30 00:00:00;2027-05-02 00:00:00;2027-04-06 00:00:00;2027-04-08 00:00:00
2027-04-02 00:00:00;SO494383;C0024;CL001;887;2027-04-30 00:00:00;2027-05-10 00:00:00;2027-04-06 00:00:00;2027-04-16 00:00:00
2027-04-02 00:00:00;SO494383;C0024;VS002;1169;2027-04-30 00:00:00;2027-05-02 00:00:00;2027-04-06 00:00:00;2027-04-08 00:00:00
2027-04-02 00:00:00;SO505743;C0027;CL001;993;2027-05-14 00:00:00;2027-05-10 00:00:00;2027-04-10 00:00:00;2027-04-06 00:00:00
2027-04-02 00:00:00;SO494383;C0024;AS003;516;2027-04-30 00:00:00;2027-05-08 00:00:00;2027-04-06 00:00:00;2027-04-14 00:00:00
2027-04-02 00:00:00;SO494383;C0024;AL001;547;2027-04-30 00:00:00;2027-04-27 00:00:00;2027-04-06 00:00:00;2027-04-03 00:00:00
2027-04-02 00:00:00;SO505743;C0027;AL002;752;2027-05-14 00:00:00;2027-05-16 00:00:00;2027-04-10 00:00:00;2027-04-12 00:00:00
2027-04-02 00:00:00;SO505743;C0027;VS002;1207;2027-05-14 00:00:00;2027-05-19 00:00:00;2027-04-10 00:00:00;2027-04-15 00:00:00
2027-04-02 00:00:00;SO505743;C0027;CT002;502;2027-05-14 00:00:00;2027-05-24 00:00:00;2027-04-10 00:00:00;2027-04-20 00:00:00
2027-04-02 00:00:00;SO494383;C0024;CS004;426;2027-04-30 00:00:00;2027-05-10 00:00:00;2027-04-06 00:00:00;2027-04-16 00:00:00
2027-04-02 00:00:00;SO505743;C0027;CS002;1120;2027-05-14 00:00:00;2027-05-19 00:00:00;2027-04-10 00:00:00;2027-04-15 00:00:00
2027-04-02 00:00:00;SO494383;C0024;AS002;688;2027-04-30 00:00:00;2027-05-08 00:00:00;2027-04-06 00:00:00;2027-04-14 00:00:00
2027-04-02 00:00:00;SO494383;C0024;CL002;472;2027-04-30 00:00:00;2027-05-04 00:00:00;2027-04-06 00:00:00;2027-04-10 00:00:00
2027-04-05 00:00:00;SO870273;C0010;CT001;1105;2027-05-17 00:00:00;2027-05-16 00:00:00;2027-04-08 00:00:00;2027-04-07 00:00:00
2027-04-05 00:00:00;SO972375;C0028;AS002;639;2027-04-19 00:00:00;2027-04-29 00:00:00;2027-04-13 00:00:00;2027-04-23 00:00:00
2027-04-05 00:00:00;SO972375;C0028;VS001;598;2027-04-19 00:00:00;2027-04-22 00:00:00;2027-04-13 00:00:00;2027-04-16 00:00:00
2027-04-05 00:00:00;SO870273;C0010;AS001;1396;2027-05-17 00:00:00;2027-05-23 00:00:00;2027-04-08 00:00:00;2027-04-14 00:00:00
2027-04-05 00:00:00;SO972375;C0028;CL002;1003;2027-04-19 00:00:00;2027-04-22 00:00:00;2027-04-13 00:00:00;2027-04-16 00:00:00
2027-04-05 00:00:00;SO972375;C0028;CL001;858;2027-04-19 00:00:00;2027-04-26 00:00:00;2027-04-13 00:00:00;2027-04-20 00:00:00
2027-04-05 00:00:00;SO972375;C0028;CT001;1277;2027-04-19 00:00:00;2027-04-13 00:00:00;2027-04-13 00:00:00;2027-04-07 00:00:00
2027-04-05 00:00:00;SO870273;C0010;VS004;407;2027-05-17 00:00:00;2027-05-15 00:00:00;2027-04-08 00:00:00;2027-04-06 00:00:00
2027-04-05 00:00:00;SO972375;C0028;VS002;441;2027-04-19 00:00:00;2027-04-20 00:00:00;2027-04-13 00:00:00;2027-04-14 00:00:00
2027-04-05 00:00:00;SO870273;C0010;CT003;318;2027-05-17 00:00:00;2027-05-11 00:00:00;2027-04-08 00:00:00;2027-04-02 00:00:00
2027-04-05 00:00:00;SO972375;C0028;CT003;1194;2027-04-19 00:00:00;2027-04-20 00:00:00;2027-04-13 00:00:00;2027-04-14 00:00:00
2027-04-05 00:00:00;SO972375;C0028;VS003;801;2027-04-19 00:00:00;2027-04-17 00:00:00;2027-04-13 00:00:00;2027-04-11 00:00:00
2027-04-05 00:00:00;SO972375;C0028;VS004;400;2027-04-19 00:00:00;2027-04-28 00:00:00;2027-04-13 00:00:00;2027-04-22 00:00:00
2027-04-05 00:00:00;SO972375;C0028;CT002;801;2027-04-19 00:00:00;2027-04-23 00:00:00;2027-04-13 00:00:00;2027-04-17 00:00:00
2027-04-05 00:00:00;SO870273;C0010;CL001;1089;2027-05-17 00:00:00;2027-05-20 00:00:00;2027-04-08 00:00:00;2027-04-11 00:00:00
2027-04-05 00:00:00;SO870273;C0010;VS001;1225;2027-05-17 00:00:00;2027-05-19 00:00:00;2027-04-08 00:00:00;2027-04-10 00:00:00
2027-04-05 00:00:00;SO870273;C0010;AL002;860;2027-05-17 00:00:00;2027-05-25 00:00:00;2027-04-08 00:00:00;2027-04-16 00:00:00
2027-04-05 00:00:00;SO870273;C0010;AT001;801;2027-05-17 00:00:00;2027-05-23 00:00:00;2027-04-08 00:00:00;2027-04-14 00:00:00
2027-04-06 00:00:00;SO410421;C0027;VS004;529;2027-05-18 00:00:00;2027-05-19 00:00:00;2027-04-14 00:00:00;2027-04-15 00:00:00
2027-04-06 00:00:00;SO401775;C0007;VS002;833;2027-06-08 00:00:00;2027-06-14 00:00:00;2027-04-09 00:00:00;2027-04-15 00:00:00
2027-04-06 00:00:00;SO410421;C0027;AT001;1173;2027-05-18 00:00:00;2027-05-16 00:00:00;2027-04-14 00:00:00;2027-04-12 00:00:00
2027-04-06 00:00:00;SO401775;C0007;AL001;837;2027-06-08 00:00:00;2027-05-31 00:00:00;2027-04-09 00:00:00;2027-04-01 00:00:00
2027-04-06 00:00:00;SO401775;C0007;VS004;665;2027-06-08 00:00:00;2027-06-08 00:00:00;2027-04-09 00:00:00;2027-04-09 00:00:00
2027-04-06 00:00:00;SO410421;C0027;AL001;389;2027-05-18 00:00:00;2027-05-08 00:00:00;2027-04-14 00:00:00;2027-04-04 00:00:00
2027-04-06 00:00:00;SO410421;C0027;VS001;290;2027-05-18 00:00:00;2027-05-11 00:00:00;2027-04-14 00:00:00;2027-04-07 00:00:00
2027-04-06 00:00:00;SO410421;C0027;CL002;863;2027-05-18 00:00:00;2027-05-19 00:00:00;2027-04-14 00:00:00;2027-04-15 00:00:00
2027-04-06 00:00:00;SO401775;C0007;AT001;1120;2027-06-08 00:00:00;2027-05-31 00:00:00;2027-04-09 00:00:00;2027-04-01 00:00:00
2027-04-06 00:00:00;SO410421;C0027;CS004;692;2027-05-18 00:00:00;2027-05-15 00:00:00;2027-04-14 00:00:00;2027-04-11 00:00:00
2027-04-06 00:00:00;SO401775;C0007;CL002;1466;2027-06-08 00:00:00;2027-06-04 00:00:00;2027-04-09 00:00:00;2027-04-05 00:00:00
2027-04-06 00:00:00;SO401775;C0007;VS005;1234;2027-06-08 00:00:00;2027-06-10 00:00:00;2027-04-09 00:00:00;2027-04-11 00:00:00
2027-04-06 00:00:00;SO410421;C0027;CL001;669;2027-05-18 00:00:00;2027-05-19 00:00:00;2027-04-14 00:00:00;2027-04-15 00:00:00
2027-04-06 00:00:00;SO410421;C0027;VS002;594;2027-05-18 00:00:00;2027-05-28 00:00:00;2027-04-14 00:00:00;2027-04-24 00:00:00
2027-04-07 00:00:00;SO741186;C0001;AS004;1058;2027-05-05 00:00:00;2027-04-25 00:00:00;2027-04-09 00:00:00;2027-03-30 00:00:00
2027-04-07 00:00:00;SO826265;C0020;CT002;810;2027-06-02 00:00:00;2027-06-06 00:00:00;2027-04-11 00:00:00;2027-04-15 00:00:00
2027-04-07 00:00:00;SO858551;C0005;AS001;776;2027-06-02 00:00:00;2027-06-09 00:00:00;2027-04-09 00:00:00;2027-04-16 00:00:00
2027-04-07 00:00:00;SO782335;C0022;CL002;706;2027-05-19 00:00:00;2027-05-22 00:00:00;2027-04-11 00:00:00;2027-04-14 00:00:00
2027-04-07 00:00:00;SO741186;C0001;AL001;986;2027-05-05 00:00:00;2027-05-07 00:00:00;2027-04-09 00:00:00;2027-04-11 00:00:00
2027-04-07 00:00:00;SO741186;C0001;VS002;626;2027-05-05 00:00:00;2027-04-26 00:00:00;2027-04-09 00:00:00;2027-03-31 00:00:00
2027-04-07 00:00:00;SO782335;C0022;CS002;1003;2027-05-19 00:00:00;2027-05-28 00:00:00;2027-04-11 00:00:00;2027-04-20 00:00:00
2027-04-07 00:00:00;SO741186;C0001;VS005;1008;2027-05-05 00:00:00;2027-05-05 00:00:00;2027-04-09 00:00:00;2027-04-09 00:00:00
2027-04-07 00:00:00;SO858551;C0005;VS001;541;2027-06-02 00:00:00;2027-06-06 00:00:00;2027-04-09 00:00:00;2027-04-13 00:00:00
2027-04-07 00:00:00;SO782335;C0022;AL002;484;2027-05-19 00:00:00;2027-05-11 00:00:00;2027-04-11 00:00:00;2027-04-03 00:00:00
2027-04-07 00:00:00;SO741186;C0001;VS001;1254;2027-05-05 00:00:00;2027-05-09 00:00:00;2027-04-09 00:00:00;2027-04-13 00:00:00
2027-04-07 00:00:00;SO858551;C0005;VS004;1081;2027-06-02 00:00:00;2027-05-23 00:00:00;2027-04-09 00:00:00;2027-03-30 00:00:00
2027-04-07 00:00:00;SO858551;C0005;AT001;926;2027-06-02 00:00:00;2027-05-29 00:00:00;2027-04-09 00:00:00;2027-04-05 00:00:00
2027-04-08 00:00:00;SO686827;C0013;CS001;1144;2027-05-06 00:00:00;2027-05-11 00:00:00;2027-04-12 00:00:00;2027-04-17 00:00:00
2027-04-08 00:00:00;SO421124;C0002;CS001;838;2027-05-13 00:00:00;2027-05-17 00:00:00;2027-04-10 00:00:00;2027-04-14 00:00:00
2027-04-08 00:00:00;SO950981;C0030;CS004;1061;2027-06-10 00:00:00;2027-05-31 00:00:00;2027-04-16 00:00:00;2027-04-06 00:00:00
2027-04-08 00:00:00;SO950981;C0030;VS005;1213;2027-06-10 00:00:00;2027-06-07 00:00:00;2027-04-16 00:00:00;2027-04-13 00:00:00
2027-04-08 00:00:00;SO421124;C0002;CS003;335;2027-05-13 00:00:00;2027-05-18 00:00:00;2027-04-10 00:00:00;2027-04-15 00:00:00
2027-04-08 00:00:00;SO421124;C0002;AT001;431;2027-05-13 00:00:00;2027-05-09 00:00:00;2027-04-10 00:00:00;2027-04-06 00:00:00
2027-04-08 00:00:00;SO686827;C0013;CT002;731;2027-05-06 00:00:00;2027-05-16 00:00:00;2027-04-12 00:00:00;2027-04-22 00:00:00
2027-04-08 00:00:00;SO421124;C0002;CL001;767;2027-05-13 00:00:00;2027-05-06 00:00:00;2027-04-10 00:00:00;2027-04-03 00:00:00
2027-04-08 00:00:00;SO950981;C0030;AT002;609;2027-06-10 00:00:00;2027-06-01 00:00:00;2027-04-16 00:00:00;2027-04-07 00:00:00
2027-04-08 00:00:00;SO421124;C0002;AS004;838;2027-05-13 00:00:00;2027-05-18 00:00:00;2027-04-10 00:00:00;2027-04-15 00:00:00
2027-04-08 00:00:00;SO950981;C0030;CT003;964;2027-06-10 00:00:00;2027-06-18 00:00:00;2027-04-16 00:00:00;2027-04-24 00:00:00
2027-04-08 00:00:00;SO686827;C0013;AS002;925;2027-05-06 00:00:00;2027-05-16 00:00:00;2027-04-12 00:00:00;2027-04-22 00:00:00
2027-04-08 00:00:00;SO950981;C0030;AS002;445;2027-06-10 00:00:00;2027-06-07 00:00:00;2027-04-16 00:00:00;2027-04-13 00:00:00
2027-04-08 00:00:00;SO686827;C0013;AS004;521;2027-05-06 00:00:00;2027-05-09 00:00:00;2027-04-12 00:00:00;2027-04-15 00:00:00
2027-04-08 00:00:00;SO950981;C0030;CS002;1406;2027-06-10 00:00:00;2027-06-11 00:00:00;2027-04-16 00:00:00;2027-04-17 00:00:00
2027-04-08 00:00:00;SO421124;C0002;AL002;982;2027-05-13 00:00:00;2027-05-16 00:00:00;2027-04-10 00:00:00;2027-04-13 00:00:00
2027-04-08 00:00:00;SO421124;C0002;AS001;379;2027-05-13 00:00:00;2027-05-09 00:00:00;2027-04-10 00:00:00;2027-04-06 00:00:00
2027-04-08 00:00:00;SO950981;C0030;CT002;677;2027-06-10 00:00:00;2027-06-13 00:00:00;2027-04-16 00:00:00;2027-04-19 00:00:00
2027-04-08 00:00:00;SO950981;C0030;CS001;331;2027-06-10 00:00:00;2027-06-05 00:00:00;2027-04-16 00:00:00;2027-04-11 00:00:00
2027-04-08 00:00:00;SO686827;C0013;AS001;1182;2027-05-06 00:00:00;2027-05-08 00:00:00;2027-04-12 00:00:00;2027-04-14 00:00:00
2027-04-09 00:00:00;SO742261;C0007;CL002;370;2027-06-11 00:00:00;2027-06-03 00:00:00;2027-04-12 00:00:00;2027-04-04 00:00:00
2027-04-09 00:00:00;SO148519;C0025;CT001;1270;2027-05-07 00:00:00;2027-05-11 00:00:00;2027-04-17 00:00:00;2027-04-21 00:00:00
2027-04-09 00:00:00;SO148519;C0025;CS001;472;2027-05-07 00:00:00;2027-04-27 00:00:00;2027-04-17 00:00:00;2027-04-07 00:00:00
2027-04-09 00:00:00;SO148519;C0025;CL002;583;2027-05-07 00:00:00;2027-05-17 00:00:00;2027-04-17 00:00:00;2027-04-27 00:00:00
2027-04-09 00:00:00;SO742261;C0007;CT003;1194;2027-06-11 00:00:00;2027-06-15 00:00:00;2027-04-12 00:00:00;2027-04-16 00:00:00
2027-04-09 00:00:00;SO148519;C0025;AS001;809;2027-05-07 00:00:00;2027-05-11 00:00:00;2027-04-17 00:00:00;2027-04-21 00:00:00
2027-04-09 00:00:00;SO148519;C0025;AL001;1049;2027-05-07 00:00:00;2027-05-10 00:00:00;2027-04-17 00:00:00;2027-04-20 00:00:00
2027-04-09 00:00:00;SO148519;C0025;CT003;704;2027-05-07 00:00:00;2027-05-09 00:00:00;2027-04-17 00:00:00;2027-04-19 00:00:00
2027-04-09 00:00:00;SO148519;C0025;CS004;1374;2027-05-07 00:00:00;2027-04-27 00:00:00;2027-04-17 00:00:00;2027-04-07 00:00:00
2027-04-09 00:00:00;SO742261;C0007;AT001;1158;2027-06-11 00:00:00;2027-06-08 00:00:00;2027-04-12 00:00:00;2027-04-09 00:00:00
2027-04-09 00:00:00;SO148519;C0025;VS004;903;2027-05-07 00:00:00;2027-05-11 00:00:00;2027-04-17 00:00:00;2027-04-21 00:00:00
2027-04-09 00:00:00;SO742261;C0007;AL001;938;2027-06-11 00:00:00;2027-06-13 00:00:00;2027-04-12 00:00:00;2027-04-14 00:00:00
2027-04-09 00:00:00;SO148519;C0025;AS002;1037;2027-05-07 00:00:00;2027-05-08 00:00:00;2027-04-17 00:00:00;2027-04-18 00:00:00
2027-04-12 00:00:00;SO268481;C0016;CS002;561;2027-04-26 00:00:00;2027-04-22 00:00:00;2027-04-16 00:00:00;2027-04-12 00:00:00
2027-04-12 00:00:00;SO959693;C0010;AT001;717;2027-05-24 00:00:00;2027-06-01 00:00:00;2027-04-15 00:00:00;2027-04-23 00:00:00
2027-04-12 00:00:00;SO448427;C0022;VS004;374;2027-05-24 00:00:00;2027-05-29 00:00:00;2027-04-16 00:00:00;2027-04-21 00:00:00
2027-04-12 00:00:00;SO773829;C0004;CS004;1404;2027-04-26 00:00:00;2027-04-21 00:00:00;2027-04-14 00:00:00;2027-04-09 00:00:00
2027-04-12 00:00:00;SO268481;C0016;AL002;721;2027-04-26 00:00:00;2027-04-18 00:00:00;2027-04-16 00:00:00;2027-04-08 00:00:00
2027-04-12 00:00:00;SO773829;C0004;CS002;935;2027-04-26 00:00:00;2027-04-29 00:00:00;2027-04-14 00:00:00;2027-04-17 00:00:00
2027-04-12 00:00:00;SO448427;C0022;AS002;574;2027-05-24 00:00:00;2027-05-17 00:00:00;2027-04-16 00:00:00;2027-04-09 00:00:00
2027-04-12 00:00:00;SO448427;C0022;VS002;669;2027-05-24 00:00:00;2027-05-21 00:00:00;2027-04-16 00:00:00;2027-04-13 00:00:00
2027-04-12 00:00:00;SO959693;C0010;CS003;1210;2027-05-24 00:00:00;2027-05-26 00:00:00;2027-04-15 00:00:00;2027-04-17 00:00:00
2027-04-12 00:00:00;SO268481;C0016;VS002;1326;2027-04-26 00:00:00;2027-05-05 00:00:00;2027-04-16 00:00:00;2027-04-25 00:00:00
2027-04-12 00:00:00;SO959693;C0010;CS001;441;2027-05-24 00:00:00;2027-05-16 00:00:00;2027-04-15 00:00:00;2027-04-07 00:00:00
2027-04-12 00:00:00;SO268481;C0016;CS001;930;2027-04-26 00:00:00;2027-04-25 00:00:00;2027-04-16 00:00:00;2027-04-15 00:00:00
2027-04-12 00:00:00;SO773829;C0004;CT001;700;2027-04-26 00:00:00;2027-04-17 00:00:00;2027-04-14 00:00:00;2027-04-05 00:00:00
2027-04-12 00:00:00;SO448427;C0022;CT001;1137;2027-05-24 00:00:00;2027-05-24 00:00:00;2027-04-16 00:00:00;2027-04-16 00:00:00
2027-04-12 00:00:00;SO448427;C0022;AL001;332;2027-05-24 00:00:00;2027-06-01 00:00:00;2027-04-16 00:00:00;2027-04-24 00:00:00
2027-04-12 00:00:00;SO448427;C0022;CS002;563;2027-05-24 00:00:00;2027-05-20 00:00:00;2027-04-16 00:00:00;2027-04-12 00:00:00
2027-04-12 00:00:00;SO268481;C0016;VS001;943;2027-04-26 00:00:00;2027-05-06 00:00:00;2027-04-16 00:00:00;2027-04-26 00:00:00
2027-04-12 00:00:00;SO773829;C0004;VS005;988;2027-04-26 00:00:00;2027-04-23 00:00:00;2027-04-14 00:00:00;2027-04-11 00:00:00
2027-04-13 00:00:00;SO260634;C0013;AS003;688;2027-05-11 00:00:00;2027-05-04 00:00:00;2027-04-17 00:00:00;2027-04-10 00:00:00
2027-04-13 00:00:00;SO634781;C0002;VS001;651;2027-05-18 00:00:00;2027-05-13 00:00:00;2027-04-15 00:00:00;2027-04-10 00:00:00
2027-04-13 00:00:00;SO512475;C0003;CL002;629;2027-05-25 00:00:00;2027-05-30 00:00:00;2027-04-15 00:00:00;2027-04-20 00:00:00
2027-04-13 00:00:00;SO377267;C0018;CS004;767;2027-06-15 00:00:00;2027-06-13 00:00:00;2027-04-17 00:00:00;2027-04-15 00:00:00
2027-04-13 00:00:00;SO634781;C0002;CS001;982;2027-05-18 00:00:00;2027-05-17 00:00:00;2027-04-15 00:00:00;2027-04-14 00:00:00
2027-04-13 00:00:00;SO634781;C0002;AS002;838;2027-05-18 00:00:00;2027-05-14 00:00:00;2027-04-15 00:00:00;2027-04-11 00:00:00
2027-04-13 00:00:00;SO634781;C0002;CT003;642;2027-05-18 00:00:00;2027-05-13 00:00:00;2027-04-15 00:00:00;2027-04-10 00:00:00
2027-04-13 00:00:00;SO260634;C0013;CS004;1083;2027-05-11 00:00:00;2027-05-19 00:00:00;2027-04-17 00:00:00;2027-04-25 00:00:00
2027-04-13 00:00:00;SO377267;C0018;AL002;766;2027-06-15 00:00:00;2027-06-23 00:00:00;2027-04-17 00:00:00;2027-04-25 00:00:00
2027-04-13 00:00:00;SO260634;C0013;AL001;754;2027-05-11 00:00:00;2027-05-07 00:00:00;2027-04-17 00:00:00;2027-04-13 00:00:00
2027-04-13 00:00:00;SO634781;C0002;VS002;705;2027-05-18 00:00:00;2027-05-16 00:00:00;2027-04-15 00:00:00;2027-04-13 00:00:00
2027-04-13 00:00:00;SO377267;C0018;CS001;1415;2027-06-15 00:00:00;2027-06-22 00:00:00;2027-04-17 00:00:00;2027-04-24 00:00:00
2027-04-13 00:00:00;SO260634;C0013;CS001;640;2027-05-11 00:00:00;2027-05-18 00:00:00;2027-04-17 00:00:00;2027-04-24 00:00:00
2027-04-14 00:00:00;SO253905;C0010;CS001;691;2027-05-26 00:00:00;2027-06-05 00:00:00;2027-04-17 00:00:00;2027-04-27 00:00:00
2027-04-14 00:00:00;SO194586;C0028;CS002;902;2027-04-28 00:00:00;2027-04-28 00:00:00;2027-04-22 00:00:00;2027-04-22 00:00:00
2027-04-14 00:00:00;SO154392;C0009;CL001;696;2027-04-28 00:00:00;2027-05-06 00:00:00;2027-04-17 00:00:00;2027-04-25 00:00:00
2027-04-14 00:00:00;SO154392;C0009;AL001;978;2027-04-28 00:00:00;2027-04-26 00:00:00;2027-04-17 00:00:00;2027-04-15 00:00:00
2027-04-14 00:00:00;SO154392;C0009;AS003;999;2027-04-28 00:00:00;2027-04-23 00:00:00;2027-04-17 00:00:00;2027-04-12 00:00:00
2027-04-14 00:00:00;SO154392;C0009;AS002;874;2027-04-28 00:00:00;2027-04-25 00:00:00;2027-04-17 00:00:00;2027-04-14 00:00:00
2027-04-14 00:00:00;SO194586;C0028;CS004;768;2027-04-28 00:00:00;2027-05-05 00:00:00;2027-04-22 00:00:00;2027-04-29 00:00:00
2027-04-14 00:00:00;SO154392;C0009;CS004;797;2027-04-28 00:00:00;2027-04-30 00:00:00;2027-04-17 00:00:00;2027-04-19 00:00:00
2027-04-14 00:00:00;SO253905;C0010;AS002;1162;2027-05-26 00:00:00;2027-05-23 00:00:00;2027-04-17 00:00:00;2027-04-14 00:00:00
2027-04-14 00:00:00;SO154392;C0009;CS001;1172;2027-04-28 00:00:00;2027-05-08 00:00:00;2027-04-17 00:00:00;2027-04-27 00:00:00
2027-04-14 00:00:00;SO154392;C0009;CT003;841;2027-04-28 00:00:00;2027-05-02 00:00:00;2027-04-17 00:00:00;2027-04-21 00:00:00
2027-04-14 00:00:00;SO154392;C0009;CT001;1018;2027-04-28 00:00:00;2027-05-08 00:00:00;2027-04-17 00:00:00;2027-04-27 00:00:00
2027-04-14 00:00:00;SO154392;C0009;VS001;1071;2027-04-28 00:00:00;2027-04-18 00:00:00;2027-04-17 00:00:00;2027-04-07 00:00:00
2027-04-14 00:00:00;SO253905;C0010;CT002;608;2027-05-26 00:00:00;2027-05-23 00:00:00;2027-04-17 00:00:00;2027-04-14 00:00:00
2027-04-14 00:00:00;SO194586;C0028;AL001;814;2027-04-28 00:00:00;2027-04-27 00:00:00;2027-04-22 00:00:00;2027-04-21 00:00:00
2027-04-14 00:00:00;SO194586;C0028;CT002;634;2027-04-28 00:00:00;2027-05-02 00:00:00;2027-04-22 00:00:00;2027-04-26 00:00:00
2027-04-14 00:00:00;SO253905;C0010;CL001;974;2027-05-26 00:00:00;2027-05-30 00:00:00;2027-04-17 00:00:00;2027-04-21 00:00:00
2027-04-15 00:00:00;SO810311;C0030;CS003;762;2027-06-17 00:00:00;2027-06-11 00:00:00;2027-04-23 00:00:00;2027-04-17 00:00:00
2027-04-15 00:00:00;SO844339;C0014;CT003;1128;2027-05-20 00:00:00;2027-05-12 00:00:00;2027-04-19 00:00:00;2027-04-11 00:00:00
2027-04-15 00:00:00;SO296747;C0018;AT002;316;2027-06-17 00:00:00;2027-06-21 00:00:00;2027-04-19 00:00:00;2027-04-23 00:00:00
2027-04-15 00:00:00;SO727120;C0023;CL002;304;2027-05-20 00:00:00;2027-05-12 00:00:00;2027-04-19 00:00:00;2027-04-11 00:00:00
2027-04-15 00:00:00;SO727120;C0023;AT001;1008;2027-05-20 00:00:00;2027-05-13 00:00:00;2027-04-19 00:00:00;2027-04-12 00:00:00
2027-04-15 00:00:00;SO727120;C0023;AL002;1288;2027-05-20 00:00:00;2027-05-21 00:00:00;2027-04-19 00:00:00;2027-04-20 00:00:00
2027-04-15 00:00:00;SO844339;C0014;CT001;801;2027-05-20 00:00:00;2027-05-19 00:00:00;2027-04-19 00:00:00;2027-04-18 00:00:00
2027-04-15 00:00:00;SO727120;C0023;CT003;726;2027-05-20 00:00:00;2027-05-22 00:00:00;2027-04-19 00:00:00;2027-04-21 00:00:00
2027-04-15 00:00:00;SO727120;C0023;CT001;274;2027-05-20 00:00:00;2027-05-10 00:00:00;2027-04-19 00:00:00;2027-04-09 00:00:00
2027-04-15 00:00:00;SO727120;C0023;CL001;724;2027-05-20 00:00:00;2027-05-21 00:00:00;2027-04-19 00:00:00;2027-04-20 00:00:00
2027-04-15 00:00:00;SO296747;C0018;CS002;508;2027-06-17 00:00:00;2027-06-17 00:00:00;2027-04-19 00:00:00;2027-04-19 00:00:00
2027-04-15 00:00:00;SO296747;C0018;VS004;420;2027-06-17 00:00:00;2027-06-14 00:00:00;2027-04-19 00:00:00;2027-04-16 00:00:00
2027-04-15 00:00:00;SO810311;C0030;AS004;643;2027-06-17 00:00:00;2027-06-10 00:00:00;2027-04-23 00:00:00;2027-04-16 00:00:00
2027-04-15 00:00:00;SO844339;C0014;AS004;1032;2027-05-20 00:00:00;2027-05-19 00:00:00;2027-04-19 00:00:00;2027-04-18 00:00:00
2027-04-15 00:00:00;SO844339;C0014;AL002;922;2027-05-20 00:00:00;2027-05-30 00:00:00;2027-04-19 00:00:00;2027-04-29 00:00:00
2027-04-15 00:00:00;SO810311;C0030;AS001;367;2027-06-17 00:00:00;2027-06-22 00:00:00;2027-04-23 00:00:00;2027-04-28 00:00:00
2027-04-15 00:00:00;SO810311;C0030;AL001;530;2027-06-17 00:00:00;2027-06-09 00:00:00;2027-04-23 00:00:00;2027-04-15 00:00:00
2027-04-15 00:00:00;SO727120;C0023;VS005;917;2027-05-20 00:00:00;2027-05-14 00:00:00;2027-04-19 00:00:00;2027-04-13 00:00:00
2027-04-16 00:00:00;SO310916;C0016;CS003;1120;2027-04-30 00:00:00;2027-04-25 00:00:00;2027-04-20 00:00:00;2027-04-15 00:00:00
2027-04-16 00:00:00;SO435627;C0027;CT001;476;2027-05-28 00:00:00;2027-05-31 00:00:00;2027-04-24 00:00:00;2027-04-27 00:00:00
2027-04-16 00:00:00;SO967538;C0004;CS002;1071;2027-04-30 00:00:00;2027-05-04 00:00:00;2027-04-18 00:00:00;2027-04-22 00:00:00
2027-04-16 00:00:00;SO310916;C0016;AS004;790;2027-04-30 00:00:00;2027-04-28 00:00:00;2027-04-20 00:00:00;2027-04-18 00:00:00
2027-04-16 00:00:00;SO435627;C0027;VS004;290;2027-05-28 00:00:00;2027-06-06 00:00:00;2027-04-24 00:00:00;2027-05-03 00:00:00
2027-04-16 00:00:00;SO967538;C0004;CT001;970;2027-04-30 00:00:00;2027-04-20 00:00:00;2027-04-18 00:00:00;2027-04-08 00:00:00
2027-04-16 00:00:00;SO310916;C0016;VS002;506;2027-04-30 00:00:00;2027-05-09 00:00:00;2027-04-20 00:00:00;2027-04-29 00:00:00
2027-04-16 00:00:00;SO435627;C0027;AS003;679;2027-05-28 00:00:00;2027-06-05 00:00:00;2027-04-24 00:00:00;2027-05-02 00:00:00
2027-04-16 00:00:00;SO435627;C0027;CL001;937;2027-05-28 00:00:00;2027-05-22 00:00:00;2027-04-24 00:00:00;2027-04-18 00:00:00
2027-04-16 00:00:00;SO967538;C0004;CS001;565;2027-04-30 00:00:00;2027-05-03 00:00:00;2027-04-18 00:00:00;2027-04-21 00:00:00
2027-04-16 00:00:00;SO967538;C0004;CL001;730;2027-04-30 00:00:00;2027-05-06 00:00:00;2027-04-18 00:00:00;2027-04-24 00:00:00
2027-04-16 00:00:00;SO435627;C0027;CL002;533;2027-05-28 00:00:00;2027-06-02 00:00:00;2027-04-24 00:00:00;2027-04-29 00:00:00
2027-04-16 00:00:00;SO435627;C0027;AL002;1374;2027-05-28 00:00:00;2027-05-19 00:00:00;2027-04-24 00:00:00;2027-04-15 00:00:00
2027-04-19 00:00:00;SO210437;C0009;AS004;1089;2027-05-03 00:00:00;2027-04-27 00:00:00;2027-04-22 00:00:00;2027-04-16 00:00:00
2027-04-19 00:00:00;SO750420;C0021;CS004;626;2027-05-03 00:00:00;2027-05-12 00:00:00;2027-04-23 00:00:00;2027-05-02 00:00:00
2027-04-19 00:00:00;SO885210;C0023;CS001;611;2027-05-24 00:00:00;2027-05-18 00:00:00;2027-04-23 00:00:00;2027-04-17 00:00:00
2027-04-19 00:00:00;SO210437;C0009;AT002;956;2027-05-03 00:00:00;2027-04-27 00:00:00;2027-04-22 00:00:00;2027-04-16 00:00:00
2027-04-19 00:00:00;SO210437;C0009;CS002;913;2027-05-03 00:00:00;2027-04-29 00:00:00;2027-04-22 00:00:00;2027-04-18 00:00:00
2027-04-19 00:00:00;SO750420;C0021;CL002;768;2027-05-03 00:00:00;2027-04-26 00:00:00;2027-04-23 00:00:00;2027-04-16 00:00:00
2027-04-19 00:00:00;SO210437;C0009;AS001;524;2027-05-03 00:00:00;2027-05-04 00:00:00;2027-04-22 00:00:00;2027-04-23 00:00:00
2027-04-19 00:00:00;SO885210;C0023;CL002;1074;2027-05-24 00:00:00;2027-05-14 00:00:00;2027-04-23 00:00:00;2027-04-13 00:00:00
2027-04-19 00:00:00;SO885210;C0023;AS004;796;2027-05-24 00:00:00;2027-05-29 00:00:00;2027-04-23 00:00:00;2027-04-28 00:00:00
2027-04-19 00:00:00;SO750420;C0021;AL002;431;2027-05-03 00:00:00;2027-05-09 00:00:00;2027-04-23 00:00:00;2027-04-29 00:00:00
2027-04-19 00:00:00;SO210437;C0009;VS002;1124;2027-05-03 00:00:00;2027-05-10 00:00:00;2027-04-22 00:00:00;2027-04-29 00:00:00
2027-04-19 00:00:00;SO750420;C0021;CT002;374;2027-05-03 00:00:00;2027-05-06 00:00:00;2027-04-23 00:00:00;2027-04-26 00:00:00
2027-04-19 00:00:00;SO885210;C0023;VS003;476;2027-05-24 00:00:00;2027-05-27 00:00:00;2027-04-23 00:00:00;2027-04-26 00:00:00
2027-04-19 00:00:00;SO210437;C0009;AL002;524;2027-05-03 00:00:00;2027-05-13 00:00:00;2027-04-22 00:00:00;2027-05-02 00:00:00
2027-04-19 00:00:00;SO210437;C0009;AT001;530;2027-05-03 00:00:00;2027-05-02 00:00:00;2027-04-22 00:00:00;2027-04-21 00:00:00
2027-04-19 00:00:00;SO885210;C0023;VS005;321;2027-05-24 00:00:00;2027-06-01 00:00:00;2027-04-23 00:00:00;2027-05-01 00:00:00
2027-04-19 00:00:00;SO885210;C0023;AS001;505;2027-05-24 00:00:00;2027-05-30 00:00:00;2027-04-23 00:00:00;2027-04-29 00:00:00
2027-04-19 00:00:00;SO750420;C0021;VS001;348;2027-05-03 00:00:00;2027-04-25 00:00:00;2027-04-23 00:00:00;2027-04-15 00:00:00
2027-04-20 00:00:00;SO797082;C0021;CS003;415;2027-05-04 00:00:00;2027-05-07 00:00:00;2027-04-24 00:00:00;2027-04-27 00:00:00
2027-04-20 00:00:00;SO787035;C0025;VS003;1230;2027-05-18 00:00:00;2027-05-21 00:00:00;2027-04-28 00:00:00;2027-05-01 00:00:00
2027-04-20 00:00:00;SO806959;C0019;CT002;978;2027-06-22 00:00:00;2027-06-18 00:00:00;2027-04-24 00:00:00;2027-04-20 00:00:00
2027-04-20 00:00:00;SO806959;C0019;CL001;670;2027-06-22 00:00:00;2027-06-22 00:00:00;2027-04-24 00:00:00;2027-04-24 00:00:00
2027-04-20 00:00:00;SO806959;C0019;VS005;726;2027-06-22 00:00:00;2027-06-28 00:00:00;2027-04-24 00:00:00;2027-04-30 00:00:00
2027-04-20 00:00:00;SO806959;C0019;CS003;556;2027-06-22 00:00:00;2027-06-19 00:00:00;2027-04-24 00:00:00;2027-04-21 00:00:00
2027-04-20 00:00:00;SO797082;C0021;CT002;916;2027-05-04 00:00:00;2027-05-01 00:00:00;2027-04-24 00:00:00;2027-04-21 00:00:00
2027-04-20 00:00:00;SO806959;C0019;CS002;501;2027-06-22 00:00:00;2027-06-17 00:00:00;2027-04-24 00:00:00;2027-04-19 00:00:00
2027-04-20 00:00:00;SO797082;C0021;VS001;1058;2027-05-04 00:00:00;2027-05-11 00:00:00;2027-04-24 00:00:00;2027-05-01 00:00:00
2027-04-20 00:00:00;SO806959;C0019;CL002;911;2027-06-22 00:00:00;2027-06-17 00:00:00;2027-04-24 00:00:00;2027-04-19 00:00:00
2027-04-20 00:00:00;SO806959;C0019;AT001;746;2027-06-22 00:00:00;2027-06-24 00:00:00;2027-04-24 00:00:00;2027-04-26 00:00:00
2027-04-20 00:00:00;SO806959;C0019;VS001;1074;2027-06-22 00:00:00;2027-06-26 00:00:00;2027-04-24 00:00:00;2027-04-28 00:00:00
2027-04-20 00:00:00;SO797082;C0021;CT003;508;2027-05-04 00:00:00;2027-05-04 00:00:00;2027-04-24 00:00:00;2027-04-24 00:00:00
2027-04-20 00:00:00;SO806959;C0019;AL001;643;2027-06-22 00:00:00;2027-06-22 00:00:00;2027-04-24 00:00:00;2027-04-24 00:00:00
2027-04-20 00:00:00;SO806959;C0019;AS002;677;2027-06-22 00:00:00;2027-06-29 00:00:00;2027-04-24 00:00:00;2027-05-01 00:00:00
2027-04-20 00:00:00;SO787035;C0025;CT001;539;2027-05-18 00:00:00;2027-05-13 00:00:00;2027-04-28 00:00:00;2027-04-23 00:00:00
2027-04-20 00:00:00;SO797082;C0021;VS005;541;2027-05-04 00:00:00;2027-05-01 00:00:00;2027-04-24 00:00:00;2027-04-21 00:00:00
2027-04-20 00:00:00;SO787035;C0025;CS002;508;2027-05-18 00:00:00;2027-05-13 00:00:00;2027-04-28 00:00:00;2027-04-23 00:00:00
2027-04-20 00:00:00;SO787035;C0025;CT002;1047;2027-05-18 00:00:00;2027-05-28 00:00:00;2027-04-28 00:00:00;2027-05-08 00:00:00
2027-04-20 00:00:00;SO806959;C0019;AT002;1261;2027-06-22 00:00:00;2027-06-20 00:00:00;2027-04-24 00:00:00;2027-04-22 00:00:00
2027-04-21 00:00:00;SO255245;C0026;VS001;1146;2027-05-26 00:00:00;2027-06-03 00:00:00;2027-04-29 00:00:00;2027-05-07 00:00:00
2027-04-21 00:00:00;SO723009;C0017;CL002;653;2027-06-16 00:00:00;2027-06-08 00:00:00;2027-04-25 00:00:00;2027-04-17 00:00:00
2027-04-21 00:00:00;SO186941;C0028;AS002;621;2027-05-05 00:00:00;2027-04-27 00:00:00;2027-04-29 00:00:00;2027-04-21 00:00:00
2027-04-21 00:00:00;SO298823;C0018;CT002;837;2027-06-23 00:00:00;2027-06-26 00:00:00;2027-04-25 00:00:00;2027-04-28 00:00:00
2027-04-21 00:00:00;SO723009;C0017;AS002;1009;2027-06-16 00:00:00;2027-06-06 00:00:00;2027-04-25 00:00:00;2027-04-15 00:00:00
2027-04-21 00:00:00;SO255245;C0026;AS003;903;2027-05-26 00:00:00;2027-06-04 00:00:00;2027-04-29 00:00:00;2027-05-08 00:00:00
2027-04-21 00:00:00;SO255245;C0026;CL002;598;2027-05-26 00:00:00;2027-05-20 00:00:00;2027-04-29 00:00:00;2027-04-23 00:00:00
2027-04-21 00:00:00;SO186941;C0028;AT001;950;2027-05-05 00:00:00;2027-04-27 00:00:00;2027-04-29 00:00:00;2027-04-21 00:00:00
2027-04-21 00:00:00;SO298823;C0018;CS003;492;2027-06-23 00:00:00;2027-06-19 00:00:00;2027-04-25 00:00:00;2027-04-21 00:00:00
2027-04-21 00:00:00;SO186941;C0028;AS001;472;2027-05-05 00:00:00;2027-05-14 00:00:00;2027-04-29 00:00:00;2027-05-08 00:00:00
2027-04-21 00:00:00;SO298823;C0018;AS004;843;2027-06-23 00:00:00;2027-06-17 00:00:00;2027-04-25 00:00:00;2027-04-19 00:00:00
2027-04-21 00:00:00;SO255245;C0026;VS005;624;2027-05-26 00:00:00;2027-05-26 00:00:00;2027-04-29 00:00:00;2027-04-29 00:00:00
2027-04-21 00:00:00;SO186941;C0028;AL001;885;2027-05-05 00:00:00;2027-05-08 00:00:00;2027-04-29 00:00:00;2027-05-02 00:00:00
2027-04-21 00:00:00;SO255245;C0026;VS003;433;2027-05-26 00:00:00;2027-05-24 00:00:00;2027-04-29 00:00:00;2027-04-27 00:00:00
2027-04-22 00:00:00;SO145216;C0028;CL001;656;2027-05-06 00:00:00;2027-05-02 00:00:00;2027-04-30 00:00:00;2027-04-26 00:00:00
2027-04-22 00:00:00;SO365505;C0010;CS001;935;2027-06-03 00:00:00;2027-05-27 00:00:00;2027-04-25 00:00:00;2027-04-18 00:00:00
2027-04-22 00:00:00;SO145216;C0028;VS005;576;2027-05-06 00:00:00;2027-05-12 00:00:00;2027-04-30 00:00:00;2027-05-06 00:00:00
2027-04-22 00:00:00;SO145216;C0028;CS002;1058;2027-05-06 00:00:00;2027-04-28 00:00:00;2027-04-30 00:00:00;2027-04-22 00:00:00
2027-04-22 00:00:00;SO365505;C0010;AS003;1109;2027-06-03 00:00:00;2027-05-29 00:00:00;2027-04-25 00:00:00;2027-04-20 00:00:00
2027-04-22 00:00:00;SO145216;C0028;VS002;974;2027-05-06 00:00:00;2027-05-07 00:00:00;2027-04-30 00:00:00;2027-05-01 00:00:00
2027-04-22 00:00:00;SO365505;C0010;AS002;402;2027-06-03 00:00:00;2027-05-29 00:00:00;2027-04-25 00:00:00;2027-04-20 00:00:00
2027-04-22 00:00:00;SO365505;C0010;CL002;837;2027-06-03 00:00:00;2027-06-01 00:00:00;2027-04-25 00:00:00;2027-04-23 00:00:00
2027-04-22 00:00:00;SO365505;C0010;AS004;1189;2027-06-03 00:00:00;2027-06-13 00:00:00;2027-04-25 00:00:00;2027-05-05 00:00:00
2027-04-22 00:00:00;SO365505;C0010;AT001;1238;2027-06-03 00:00:00;2027-06-08 00:00:00;2027-04-25 00:00:00;2027-04-30 00:00:00
2027-04-22 00:00:00;SO365505;C0010;VS002;546;2027-06-03 00:00:00;2027-05-26 00:00:00;2027-04-25 00:00:00;2027-04-17 00:00:00
2027-04-22 00:00:00;SO145216;C0028;VS004;858;2027-05-06 00:00:00;2027-05-13 00:00:00;2027-04-30 00:00:00;2027-05-07 00:00:00
2027-04-22 00:00:00;SO145216;C0028;AL001;749;2027-05-06 00:00:00;2027-04-26 00:00:00;2027-04-30 00:00:00;2027-04-20 00:00:00
2027-04-23 00:00:00;SO583410;C0013;VS001;1202;2027-05-21 00:00:00;2027-05-30 00:00:00;2027-04-27 00:00:00;2027-05-06 00:00:00
2027-04-23 00:00:00;SO394928;C0025;CT001;1122;2027-05-21 00:00:00;2027-05-18 00:00:00;2027-05-01 00:00:00;2027-04-28 00:00:00
2027-04-23 00:00:00;SO394928;C0025;CS003;313;2027-05-21 00:00:00;2027-05-24 00:00:00;2027-05-01 00:00:00;2027-05-04 00:00:00
2027-04-23 00:00:00;SO394928;C0025;CS001;1076;2027-05-21 00:00:00;2027-05-15 00:00:00;2027-05-01 00:00:00;2027-04-25 00:00:00
2027-04-23 00:00:00;SO583410;C0013;AT001;700;2027-05-21 00:00:00;2027-05-16 00:00:00;2027-04-27 00:00:00;2027-04-22 00:00:00
2027-04-23 00:00:00;SO394928;C0025;AL002;1071;2027-05-21 00:00:00;2027-05-24 00:00:00;2027-05-01 00:00:00;2027-05-04 00:00:00
2027-04-23 00:00:00;SO394928;C0025;VS002;630;2027-05-21 00:00:00;2027-05-20 00:00:00;2027-05-01 00:00:00;2027-04-30 00:00:00
2027-04-23 00:00:00;SO583410;C0013;VS002;1075;2027-05-21 00:00:00;2027-05-24 00:00:00;2027-04-27 00:00:00;2027-04-30 00:00:00
2027-04-23 00:00:00;SO394928;C0025;AS004;966;2027-05-21 00:00:00;2027-05-15 00:00:00;2027-05-01 00:00:00;2027-04-25 00:00:00
2027-04-23 00:00:00;SO394928;C0025;CT003;1432;2027-05-21 00:00:00;2027-05-11 00:00:00;2027-05-01 00:00:00;2027-04-21 00:00:00
2027-04-23 00:00:00;SO583410;C0013;AS002;331;2027-05-21 00:00:00;2027-05-20 00:00:00;2027-04-27 00:00:00;2027-04-26 00:00:00
2027-04-23 00:00:00;SO394928;C0025;VS005;717;2027-05-21 00:00:00;2027-05-30 00:00:00;2027-05-01 00:00:00;2027-05-10 00:00:00
2027-04-23 00:00:00;SO583410;C0013;VS003;406;2027-05-21 00:00:00;2027-05-21 00:00:00;2027-04-27 00:00:00;2027-04-27 00:00:00
2027-04-23 00:00:00;SO583410;C0013;AT002;423;2027-05-21 00:00:00;2027-05-19 00:00:00;2027-04-27 00:00:00;2027-04-25 00:00:00
2027-04-23 00:00:00;SO394928;C0025;AS002;1083;2027-05-21 00:00:00;2027-05-31 00:00:00;2027-05-01 00:00:00;2027-05-11 00:00:00
2027-04-23 00:00:00;SO394928;C0025;CS002;682;2027-05-21 00:00:00;2027-05-12 00:00:00;2027-05-01 00:00:00;2027-04-22 00:00:00
2027-04-26 00:00:00;SO266275;C0009;CL001;523;2027-05-10 00:00:00;2027-05-04 00:00:00;2027-04-29 00:00:00;2027-04-23 00:00:00
2027-04-26 00:00:00;SO425888;C0026;CS003;922;2027-05-31 00:00:00;2027-05-31 00:00:00;2027-05-04 00:00:00;2027-05-04 00:00:00
2027-04-26 00:00:00;SO943280;C0020;AT002;471;2027-06-21 00:00:00;2027-06-11 00:00:00;2027-04-30 00:00:00;2027-04-20 00:00:00
2027-04-26 00:00:00;SO943280;C0020;VS002;1057;2027-06-21 00:00:00;2027-06-24 00:00:00;2027-04-30 00:00:00;2027-05-03 00:00:00
2027-04-26 00:00:00;SO943280;C0020;CT003;594;2027-06-21 00:00:00;2027-06-26 00:00:00;2027-04-30 00:00:00;2027-05-05 00:00:00
2027-04-26 00:00:00;SO266275;C0009;CS001;868;2027-05-10 00:00:00;2027-05-02 00:00:00;2027-04-29 00:00:00;2027-04-21 00:00:00
2027-04-26 00:00:00;SO943280;C0020;VS004;733;2027-06-21 00:00:00;2027-06-20 00:00:00;2027-04-30 00:00:00;2027-04-29 00:00:00
2027-04-26 00:00:00;SO425888;C0026;AT001;1134;2027-05-31 00:00:00;2027-05-29 00:00:00;2027-05-04 00:00:00;2027-05-02 00:00:00
2027-04-26 00:00:00;SO943280;C0020;VS001;696;2027-06-21 00:00:00;2027-06-28 00:00:00;2027-04-30 00:00:00;2027-05-07 00:00:00
2027-04-26 00:00:00;SO266275;C0009;AL002;555;2027-05-10 00:00:00;2027-05-11 00:00:00;2027-04-29 00:00:00;2027-04-30 00:00:00
2027-04-26 00:00:00;SO266275;C0009;CS003;1018;2027-05-10 00:00:00;2027-05-01 00:00:00;2027-04-29 00:00:00;2027-04-20 00:00:00
2027-04-26 00:00:00;SO943280;C0020;AS004;978;2027-06-21 00:00:00;2027-07-01 00:00:00;2027-04-30 00:00:00;2027-05-10 00:00:00
2027-04-26 00:00:00;SO266275;C0009;AS003;592;2027-05-10 00:00:00;2027-05-19 00:00:00;2027-04-29 00:00:00;2027-05-08 00:00:00
2027-04-26 00:00:00;SO943280;C0020;CL002;915;2027-06-21 00:00:00;2027-06-24 00:00:00;2027-04-30 00:00:00;2027-05-03 00:00:00
2027-04-26 00:00:00;SO425888;C0026;VS003;625;2027-05-31 00:00:00;2027-05-27 00:00:00;2027-05-04 00:00:00;2027-04-30 00:00:00
2027-04-26 00:00:00;SO943280;C0020;AS001;898;2027-06-21 00:00:00;2027-06-13 00:00:00;2027-04-30 00:00:00;2027-04-22 00:00:00
2027-04-26 00:00:00;SO266275;C0009;VS004;545;2027-05-10 00:00:00;2027-05-20 00:00:00;2027-04-29 00:00:00;2027-05-09 00:00:00
2027-04-27 00:00:00;SO657142;C0017;CT002;428;2027-06-22 00:00:00;2027-06-18 00:00:00;2027-05-01 00:00:00;2027-04-27 00:00:00
2027-04-27 00:00:00;SO852179;C0025;CS004;616;2027-05-25 00:00:00;2027-05-26 00:00:00;2027-05-05 00:00:00;2027-05-06 00:00:00
2027-04-27 00:00:00;SO657142;C0017;VS001;1013;2027-06-22 00:00:00;2027-06-26 00:00:00;2027-05-01 00:00:00;2027-05-05 00:00:00
2027-04-27 00:00:00;SO657142;C0017;CT003;880;2027-06-22 00:00:00;2027-07-01 00:00:00;2027-05-01 00:00:00;2027-05-10 00:00:00
2027-04-27 00:00:00;SO852179;C0025;AT001;1032;2027-05-25 00:00:00;2027-05-15 00:00:00;2027-05-05 00:00:00;2027-04-25 00:00:00
2027-04-27 00:00:00;SO657142;C0017;AS001;988;2027-06-22 00:00:00;2027-06-26 00:00:00;2027-05-01 00:00:00;2027-05-05 00:00:00
2027-04-27 00:00:00;SO657142;C0017;AT002;683;2027-06-22 00:00:00;2027-06-17 00:00:00;2027-05-01 00:00:00;2027-04-26 00:00:00
2027-04-27 00:00:00;SO657142;C0017;AS004;391;2027-06-22 00:00:00;2027-06-19 00:00:00;2027-05-01 00:00:00;2027-04-28 00:00:00
2027-04-27 00:00:00;SO852179;C0025;CT001;1221;2027-05-25 00:00:00;2027-06-04 00:00:00;2027-05-05 00:00:00;2027-05-15 00:00:00
2027-04-27 00:00:00;SO852179;C0025;CL002;953;2027-05-25 00:00:00;2027-05-15 00:00:00;2027-05-05 00:00:00;2027-04-25 00:00:00
2027-04-27 00:00:00;SO657142;C0017;AS003;961;2027-06-22 00:00:00;2027-06-14 00:00:00;2027-05-01 00:00:00;2027-04-23 00:00:00
2027-04-27 00:00:00;SO657142;C0017;CS004;718;2027-06-22 00:00:00;2027-06-25 00:00:00;2027-05-01 00:00:00;2027-05-04 00:00:00
2027-04-28 00:00:00;SO397234;C0007;CS003;384;2027-06-30 00:00:00;2027-07-08 00:00:00;2027-05-01 00:00:00;2027-05-09 00:00:00
2027-04-28 00:00:00;SO764407;C0012;CS003;520;2027-05-26 00:00:00;2027-05-25 00:00:00;2027-05-01 00:00:00;2027-04-30 00:00:00
2027-04-28 00:00:00;SO764407;C0012;CT001;1172;2027-05-26 00:00:00;2027-05-25 00:00:00;2027-05-01 00:00:00;2027-04-30 00:00:00
2027-04-28 00:00:00;SO764407;C0012;AT002;555;2027-05-26 00:00:00;2027-05-24 00:00:00;2027-05-01 00:00:00;2027-04-29 00:00:00
2027-04-28 00:00:00;SO397234;C0007;CT003;1277;2027-06-30 00:00:00;2027-06-21 00:00:00;2027-05-01 00:00:00;2027-04-22 00:00:00
2027-04-28 00:00:00;SO764407;C0012;CS004;374;2027-05-26 00:00:00;2027-05-21 00:00:00;2027-05-01 00:00:00;2027-04-26 00:00:00
2027-04-28 00:00:00;SO764407;C0012;CL002;988;2027-05-26 00:00:00;2027-05-22 00:00:00;2027-05-01 00:00:00;2027-04-27 00:00:00
2027-04-28 00:00:00;SO397234;C0007;VS002;1070;2027-06-30 00:00:00;2027-06-22 00:00:00;2027-05-01 00:00:00;2027-04-23 00:00:00
2027-04-28 00:00:00;SO764407;C0012;CL001;564;2027-05-26 00:00:00;2027-05-18 00:00:00;2027-05-01 00:00:00;2027-04-23 00:00:00
2027-04-28 00:00:00;SO397234;C0007;AS004;1047;2027-06-30 00:00:00;2027-07-08 00:00:00;2027-05-01 00:00:00;2027-05-09 00:00:00
2027-04-28 00:00:00;SO764407;C0012;AL001;485;2027-05-26 00:00:00;2027-05-26 00:00:00;2027-05-01 00:00:00;2027-05-01 00:00:00
2027-04-28 00:00:00;SO397234;C0007;VS005;1176;2027-06-30 00:00:00;2027-07-02 00:00:00;2027-05-01 00:00:00;2027-05-03 00:00:00
2027-04-28 00:00:00;SO397234;C0007;AS003;631;2027-06-30 00:00:00;2027-07-08 00:00:00;2027-05-01 00:00:00;2027-05-09 00:00:00
2027-04-29 00:00:00;SO829871;C0025;CT001;468;2027-05-27 00:00:00;2027-06-05 00:00:00;2027-05-07 00:00:00;2027-05-16 00:00:00
2027-04-29 00:00:00;SO507335;C0029;AS004;669;2027-06-24 00:00:00;2027-06-30 00:00:00;2027-05-07 00:00:00;2027-05-13 00:00:00
2027-04-29 00:00:00;SO657442;C0007;AL001;978;2027-07-01 00:00:00;2027-06-30 00:00:00;2027-05-02 00:00:00;2027-05-01 00:00:00
2027-04-29 00:00:00;SO829871;C0025;CL002;684;2027-05-27 00:00:00;2027-05-18 00:00:00;2027-05-07 00:00:00;2027-04-28 00:00:00
2027-04-29 00:00:00;SO657442;C0007;AT001;821;2027-07-01 00:00:00;2027-06-24 00:00:00;2027-05-02 00:00:00;2027-04-25 00:00:00
2027-04-29 00:00:00;SO829871;C0025;CS002;521;2027-05-27 00:00:00;2027-05-31 00:00:00;2027-05-07 00:00:00;2027-05-11 00:00:00
2027-04-29 00:00:00;SO657442;C0007;CL001;543;2027-07-01 00:00:00;2027-06-24 00:00:00;2027-05-02 00:00:00;2027-04-25 00:00:00
2027-04-29 00:00:00;SO657442;C0007;AS002;854;2027-07-01 00:00:00;2027-07-06 00:00:00;2027-05-02 00:00:00;2027-05-07 00:00:00
2027-04-29 00:00:00;SO829871;C0025;VS004;613;2027-05-27 00:00:00;2027-05-27 00:00:00;2027-05-07 00:00:00;2027-05-07 00:00:00
2027-04-29 00:00:00;SO507335;C0029;CS004;869;2027-06-24 00:00:00;2027-07-01 00:00:00;2027-05-07 00:00:00;2027-05-14 00:00:00
2027-04-29 00:00:00;SO657442;C0007;CT002;384;2027-07-01 00:00:00;2027-06-30 00:00:00;2027-05-02 00:00:00;2027-05-01 00:00:00
2027-04-29 00:00:00;SO507335;C0029;CL001;564;2027-06-24 00:00:00;2027-07-02 00:00:00;2027-05-07 00:00:00;2027-05-15 00:00:00
2027-04-29 00:00:00;SO829871;C0025;CS003;774;2027-05-27 00:00:00;2027-05-23 00:00:00;2027-05-07 00:00:00;2027-05-03 00:00:00
2027-04-29 00:00:00;SO507335;C0029;AS002;1146;2027-06-24 00:00:00;2027-06-18 00:00:00;2027-05-07 00:00:00;2027-05-01 00:00:00
2027-04-29 00:00:00;SO657442;C0007;CT001;906;2027-07-01 00:00:00;2027-07-02 00:00:00;2027-05-02 00:00:00;2027-05-03 00:00:00
2027-04-29 00:00:00;SO507335;C0029;VS002;693;2027-06-24 00:00:00;2027-06-28 00:00:00;2027-05-07 00:00:00;2027-05-11 00:00:00
2027-04-29 00:00:00;SO829871;C0025;CT003;526;2027-05-27 00:00:00;2027-05-25 00:00:00;2027-05-07 00:00:00;2027-05-05 00:00:00
2027-04-29 00:00:00;SO657442;C0007;AS003;922;2027-07-01 00:00:00;2027-06-25 00:00:00;2027-05-02 00:00:00;2027-04-26 00:00:00
2027-04-30 00:00:00;SO571715;C0028;AL001;541;2027-05-14 00:00:00;2027-05-06 00:00:00;2027-05-08 00:00:00;2027-04-30 00:00:00
2027-04-30 00:00:00;SO812892;C0008;AS002;913;2027-06-25 00:00:00;2027-07-04 00:00:00;2027-05-03 00:00:00;2027-05-12 00:00:00
2027-04-30 00:00:00;SO272928;C0016;VS002;1140;2027-05-14 00:00:00;2027-05-07 00:00:00;2027-05-04 00:00:00;2027-04-27 00:00:00
2027-04-30 00:00:00;SO457055;C0018;VS005;1037;2027-07-02 00:00:00;2027-06-28 00:00:00;2027-05-04 00:00:00;2027-04-30 00:00:00
2027-04-30 00:00:00;SO571715;C0028;VS005;798;2027-05-14 00:00:00;2027-05-21 00:00:00;2027-05-08 00:00:00;2027-05-15 00:00:00
2027-04-30 00:00:00;SO812892;C0008;AT002;763;2027-06-25 00:00:00;2027-06-19 00:00:00;2027-05-03 00:00:00;2027-04-27 00:00:00
2027-04-30 00:00:00;SO812892;C0008;CT002;1402;2027-06-25 00:00:00;2027-06-21 00:00:00;2027-05-03 00:00:00;2027-04-29 00:00:00
2027-04-30 00:00:00;SO812892;C0008;VS003;728;2027-06-25 00:00:00;2027-06-23 00:00:00;2027-05-03 00:00:00;2027-05-01 00:00:00
2027-04-30 00:00:00;SO812892;C0008;CS002;1098;2027-06-25 00:00:00;2027-07-02 00:00:00;2027-05-03 00:00:00;2027-05-10 00:00:00
2027-04-30 00:00:00;SO571715;C0028;CS001;428;2027-05-14 00:00:00;2027-05-24 00:00:00;2027-05-08 00:00:00;2027-05-18 00:00:00
2027-04-30 00:00:00;SO812892;C0008;CS001;686;2027-06-25 00:00:00;2027-06-26 00:00:00;2027-05-03 00:00:00;2027-05-04 00:00:00
2027-04-30 00:00:00;SO812892;C0008;CS004;847;2027-06-25 00:00:00;2027-06-18 00:00:00;2027-05-03 00:00:00;2027-04-26 00:00:00
2027-04-30 00:00:00;SO812892;C0008;CS003;1094;2027-06-25 00:00:00;2027-06-28 00:00:00;2027-05-03 00:00:00;2027-05-06 00:00:00
2027-04-30 00:00:00;SO272928;C0016;AS002;1023;2027-05-14 00:00:00;2027-05-12 00:00:00;2027-05-04 00:00:00;2027-05-02 00:00:00
2027-04-30 00:00:00;SO812892;C0008;VS005;660;2027-06-25 00:00:00;2027-07-04 00:00:00;2027-05-03 00:00:00;2027-05-12 00:00:00
2027-04-30 00:00:00;SO457055;C0018;CS002;309;2027-07-02 00:00:00;2027-06-26 00:00:00;2027-05-04 00:00:00;2027-04-28 00:00:00
2027-04-30 00:00:00;SO457055;C0018;AS001;560;2027-07-02 00:00:00;2027-07-09 00:00:00;2027-05-04 00:00:00;2027-05-11 00:00:00
2027-04-30 00:00:00;SO457055;C0018;AS003;1397;2027-07-02 00:00:00;2027-07-09 00:00:00;2027-05-04 00:00:00;2027-05-11 00:00:00
2027-05-03 00:00:00;SO135928;C0026;CL001;1193;2027-06-07 00:00:00;2027-06-14 00:00:00;2027-05-11 00:00:00;2027-05-18 00:00:00
2027-05-03 00:00:00;SO445330;C0017;AS002;563;2027-06-28 00:00:00;2027-07-07 00:00:00;2027-05-07 00:00:00;2027-05-16 00:00:00
2027-05-03 00:00:00;SO705144;C0012;AL001;727;2027-05-31 00:00:00;2027-06-10 00:00:00;2027-05-06 00:00:00;2027-05-16 00:00:00
2027-05-03 00:00:00;SO445330;C0017;CT002;1008;2027-06-28 00:00:00;2027-06-22 00:00:00;2027-05-07 00:00:00;2027-05-01 00:00:00
2027-05-03 00:00:00;SO445330;C0017;VS001;873;2027-06-28 00:00:00;2027-06-27 00:00:00;2027-05-07 00:00:00;2027-05-06 00:00:00
2027-05-03 00:00:00;SO135928;C0026;AS004;956;2027-06-07 00:00:00;2027-05-28 00:00:00;2027-05-11 00:00:00;2027-05-01 00:00:00
2027-05-03 00:00:00;SO135928;C0026;AS003;798;2027-06-07 00:00:00;2027-06-06 00:00:00;2027-05-11 00:00:00;2027-05-10 00:00:00
2027-05-03 00:00:00;SO445330;C0017;CS003;907;2027-06-28 00:00:00;2027-06-27 00:00:00;2027-05-07 00:00:00;2027-05-06 00:00:00
2027-05-03 00:00:00;SO135928;C0026;CL002;519;2027-06-07 00:00:00;2027-05-30 00:00:00;2027-05-11 00:00:00;2027-05-03 00:00:00
2027-05-03 00:00:00;SO705144;C0012;CS003;515;2027-05-31 00:00:00;2027-06-02 00:00:00;2027-05-06 00:00:00;2027-05-08 00:00:00
2027-05-03 00:00:00;SO135928;C0026;CS003;1256;2027-06-07 00:00:00;2027-05-28 00:00:00;2027-05-11 00:00:00;2027-05-01 00:00:00
2027-05-03 00:00:00;SO445330;C0017;AL001;820;2027-06-28 00:00:00;2027-06-22 00:00:00;2027-05-07 00:00:00;2027-05-01 00:00:00
2027-05-03 00:00:00;SO705144;C0012;CL001;1125;2027-05-31 00:00:00;2027-05-31 00:00:00;2027-05-06 00:00:00;2027-05-06 00:00:00
2027-05-03 00:00:00;SO705144;C0012;VS002;779;2027-05-31 00:00:00;2027-05-27 00:00:00;2027-05-06 00:00:00;2027-05-02 00:00:00
2027-05-03 00:00:00;SO445330;C0017;VS004;1389;2027-06-28 00:00:00;2027-06-20 00:00:00;2027-05-07 00:00:00;2027-04-29 00:00:00
2027-05-03 00:00:00;SO445330;C0017;CL001;865;2027-06-28 00:00:00;2027-06-20 00:00:00;2027-05-07 00:00:00;2027-04-29 00:00:00
2027-05-03 00:00:00;SO445330;C0017;AS003;906;2027-06-28 00:00:00;2027-06-21 00:00:00;2027-05-07 00:00:00;2027-04-30 00:00:00
2027-05-03 00:00:00;SO135928;C0026;VS002;749;2027-06-07 00:00:00;2027-06-05 00:00:00;2027-05-11 00:00:00;2027-05-09 00:00:00
2027-05-03 00:00:00;SO705144;C0012;AS003;480;2027-05-31 00:00:00;2027-06-04 00:00:00;2027-05-06 00:00:00;2027-05-10 00:00:00
2027-05-04 00:00:00;SO894778;C0018;VS001;953;2027-07-06 00:00:00;2027-07-14 00:00:00;2027-05-08 00:00:00;2027-05-16 00:00:00
2027-05-04 00:00:00;SO168595;C0008;CT003;1369;2027-06-29 00:00:00;2027-06-29 00:00:00;2027-05-07 00:00:00;2027-05-07 00:00:00
2027-05-04 00:00:00;SO894778;C0018;CL002;673;2027-07-06 00:00:00;2027-07-04 00:00:00;2027-05-08 00:00:00;2027-05-06 00:00:00
2027-05-04 00:00:00;SO168595;C0008;AS002;863;2027-06-29 00:00:00;2027-07-07 00:00:00;2027-05-07 00:00:00;2027-05-15 00:00:00
2027-05-04 00:00:00;SO894778;C0018;VS002;830;2027-07-06 00:00:00;2027-07-12 00:00:00;2027-05-08 00:00:00;2027-05-14 00:00:00
2027-05-04 00:00:00;SO168595;C0008;CL001;463;2027-06-29 00:00:00;2027-06-21 00:00:00;2027-05-07 00:00:00;2027-04-29 00:00:00
2027-05-04 00:00:00;SO894778;C0018;AT001;697;2027-07-06 00:00:00;2027-07-06 00:00:00;2027-05-08 00:00:00;2027-05-08 00:00:00
2027-05-04 00:00:00;SO894778;C0018;AL001;767;2027-07-06 00:00:00;2027-07-12 00:00:00;2027-05-08 00:00:00;2027-05-14 00:00:00
2027-05-04 00:00:00;SO894778;C0018;CS003;952;2027-07-06 00:00:00;2027-07-02 00:00:00;2027-05-08 00:00:00;2027-05-04 00:00:00
2027-05-04 00:00:00;SO894778;C0018;AL002;964;2027-07-06 00:00:00;2027-07-03 00:00:00;2027-05-08 00:00:00;2027-05-05 00:00:00
2027-05-04 00:00:00;SO168595;C0008;CT002;514;2027-06-29 00:00:00;2027-06-19 00:00:00;2027-05-07 00:00:00;2027-04-27 00:00:00
2027-05-04 00:00:00;SO894778;C0018;CL001;435;2027-07-06 00:00:00;2027-07-12 00:00:00;2027-05-08 00:00:00;2027-05-14 00:00:00
2027-05-04 00:00:00;SO894778;C0018;AS003;978;2027-07-06 00:00:00;2027-07-12 00:00:00;2027-05-08 00:00:00;2027-05-14 00:00:00
2027-05-04 00:00:00;SO894778;C0018;VS004;320;2027-07-06 00:00:00;2027-06-29 00:00:00;2027-05-08 00:00:00;2027-05-01 00:00:00
2027-05-04 00:00:00;SO168595;C0008;VS001;523;2027-06-29 00:00:00;2027-06-27 00:00:00;2027-05-07 00:00:00;2027-05-05 00:00:00
2027-05-04 00:00:00;SO168595;C0008;AS004;1243;2027-06-29 00:00:00;2027-06-25 00:00:00;2027-05-07 00:00:00;2027-05-03 00:00:00
2027-05-05 00:00:00;SO125572;C0020;VS001;393;2027-06-30 00:00:00;2027-07-03 00:00:00;2027-05-09 00:00:00;2027-05-12 00:00:00
2027-05-05 00:00:00;SO210398;C0005;CT003;715;2027-06-30 00:00:00;2027-06-30 00:00:00;2027-05-07 00:00:00;2027-05-07 00:00:00
2027-05-05 00:00:00;SO210398;C0005;AT001;790;2027-06-30 00:00:00;2027-06-28 00:00:00;2027-05-07 00:00:00;2027-05-05 00:00:00
2027-05-05 00:00:00;SO125572;C0020;AT001;880;2027-06-30 00:00:00;2027-06-29 00:00:00;2027-05-09 00:00:00;2027-05-08 00:00:00
2027-05-05 00:00:00;SO125572;C0020;CS003;485;2027-06-30 00:00:00;2027-07-02 00:00:00;2027-05-09 00:00:00;2027-05-11 00:00:00
2027-05-05 00:00:00;SO210398;C0005;AS005;1088;2027-06-30 00:00:00;2027-06-22 00:00:00;2027-05-07 00:00:00;2027-04-29 00:00:00
2027-05-05 00:00:00;SO125572;C0020;CL002;636;2027-06-30 00:00:00;2027-07-10 00:00:00;2027-05-09 00:00:00;2027-05-19 00:00:00
2027-05-05 00:00:00;SO125572;C0020;VS004;608;2027-06-30 00:00:00;2027-06-20 00:00:00;2027-05-09 00:00:00;2027-04-29 00:00:00
2027-05-05 00:00:00;SO125572;C0020;AS003;962;2027-06-30 00:00:00;2027-06-26 00:00:00;2027-05-09 00:00:00;2027-05-05 00:00:00
2027-05-05 00:00:00;SO210398;C0005;CS003;369;2027-06-30 00:00:00;2027-06-30 00:00:00;2027-05-07 00:00:00;2027-05-07 00:00:00
2027-05-05 00:00:00;SO210398;C0005;VS002;617;2027-06-30 00:00:00;2027-07-09 00:00:00;2027-05-07 00:00:00;2027-05-16 00:00:00
2027-05-05 00:00:00;SO125572;C0020;AL001;718;2027-06-30 00:00:00;2027-06-27 00:00:00;2027-05-09 00:00:00;2027-05-06 00:00:00
2027-05-06 00:00:00;SO295073;C0001;CL002;503;2027-06-03 00:00:00;2027-05-25 00:00:00;2027-05-08 00:00:00;2027-04-29 00:00:00
2027-05-06 00:00:00;SO492887;C0030;CS004;697;2027-07-08 00:00:00;2027-06-28 00:00:00;2027-05-14 00:00:00;2027-05-04 00:00:00
2027-05-06 00:00:00;SO295073;C0001;CL001;492;2027-06-03 00:00:00;2027-05-27 00:00:00;2027-05-08 00:00:00;2027-05-01 00:00:00
2027-05-06 00:00:00;SO295073;C0001;AL001;858;2027-06-03 00:00:00;2027-06-01 00:00:00;2027-05-08 00:00:00;2027-05-06 00:00:00
2027-05-06 00:00:00;SO295073;C0001;AS002;684;2027-06-03 00:00:00;2027-06-13 00:00:00;2027-05-08 00:00:00;2027-05-18 00:00:00
2027-05-06 00:00:00;SO295073;C0001;CS003;765;2027-06-03 00:00:00;2027-06-03 00:00:00;2027-05-08 00:00:00;2027-05-08 00:00:00
2027-05-06 00:00:00;SO295073;C0001;AS005;510;2027-06-03 00:00:00;2027-06-06 00:00:00;2027-05-08 00:00:00;2027-05-11 00:00:00
2027-05-06 00:00:00;SO492887;C0030;CT002;1026;2027-07-08 00:00:00;2027-07-12 00:00:00;2027-05-14 00:00:00;2027-05-18 00:00:00
2027-05-06 00:00:00;SO492887;C0030;CL001;984;2027-07-08 00:00:00;2027-07-06 00:00:00;2027-05-14 00:00:00;2027-05-12 00:00:00
2027-05-06 00:00:00;SO295073;C0001;AS004;1084;2027-06-03 00:00:00;2027-06-05 00:00:00;2027-05-08 00:00:00;2027-05-10 00:00:00
2027-05-06 00:00:00;SO492887;C0030;VS003;1063;2027-07-08 00:00:00;2027-07-17 00:00:00;2027-05-14 00:00:00;2027-05-23 00:00:00
2027-05-06 00:00:00;SO492887;C0030;CT003;983;2027-07-08 00:00:00;2027-07-15 00:00:00;2027-05-14 00:00:00;2027-05-21 00:00:00
2027-05-07 00:00:00;SO873671;C0015;AS003;895;2027-06-18 00:00:00;2027-06-17 00:00:00;2027-05-11 00:00:00;2027-05-10 00:00:00
2027-05-07 00:00:00;SO816647;C0028;AT001;556;2027-05-21 00:00:00;2027-05-11 00:00:00;2027-05-15 00:00:00;2027-05-05 00:00:00
2027-05-07 00:00:00;SO168335;C0020;AL001;1154;2027-07-02 00:00:00;2027-06-29 00:00:00;2027-05-11 00:00:00;2027-05-08 00:00:00
2027-05-07 00:00:00;SO613447;C0003;CS003;988;2027-06-18 00:00:00;2027-06-18 00:00:00;2027-05-09 00:00:00;2027-05-09 00:00:00
2027-05-07 00:00:00;SO873671;C0015;AL001;872;2027-06-18 00:00:00;2027-06-22 00:00:00;2027-05-11 00:00:00;2027-05-15 00:00:00
2027-05-07 00:00:00;SO816647;C0028;CS003;1473;2027-05-21 00:00:00;2027-05-17 00:00:00;2027-05-15 00:00:00;2027-05-11 00:00:00
2027-05-07 00:00:00;SO873671;C0015;AT001;699;2027-06-18 00:00:00;2027-06-10 00:00:00;2027-05-11 00:00:00;2027-05-03 00:00:00
2027-05-07 00:00:00;SO168335;C0020;VS003;859;2027-07-02 00:00:00;2027-07-10 00:00:00;2027-05-11 00:00:00;2027-05-19 00:00:00
2027-05-07 00:00:00;SO873671;C0015;AL002;281;2027-06-18 00:00:00;2027-06-08 00:00:00;2027-05-11 00:00:00;2027-05-01 00:00:00
2027-05-07 00:00:00;SO168335;C0020;CS003;484;2027-07-02 00:00:00;2027-07-11 00:00:00;2027-05-11 00:00:00;2027-05-20 00:00:00
2027-05-07 00:00:00;SO873671;C0015;CS004;493;2027-06-18 00:00:00;2027-06-12 00:00:00;2027-05-11 00:00:00;2027-05-05 00:00:00
2027-05-07 00:00:00;SO613447;C0003;AS004;850;2027-06-18 00:00:00;2027-06-13 00:00:00;2027-05-09 00:00:00;2027-05-04 00:00:00
2027-05-07 00:00:00;SO168335;C0020;AL002;1180;2027-07-02 00:00:00;2027-06-27 00:00:00;2027-05-11 00:00:00;2027-05-06 00:00:00
2027-05-07 00:00:00;SO168335;C0020;VS002;523;2027-07-02 00:00:00;2027-07-06 00:00:00;2027-05-11 00:00:00;2027-05-15 00:00:00
2027-05-07 00:00:00;SO613447;C0003;CT003;470;2027-06-18 00:00:00;2027-06-23 00:00:00;2027-05-09 00:00:00;2027-05-14 00:00:00
2027-05-07 00:00:00;SO168335;C0020;CL001;1374;2027-07-02 00:00:00;2027-07-10 00:00:00;2027-05-11 00:00:00;2027-05-19 00:00:00
2027-05-07 00:00:00;SO816647;C0028;CL002;1181;2027-05-21 00:00:00;2027-05-21 00:00:00;2027-05-15 00:00:00;2027-05-15 00:00:00
2027-05-07 00:00:00;SO873671;C0015;CL002;990;2027-06-18 00:00:00;2027-06-21 00:00:00;2027-05-11 00:00:00;2027-05-14 00:00:00
2027-05-07 00:00:00;SO168335;C0020;VS001;850;2027-07-02 00:00:00;2027-07-12 00:00:00;2027-05-11 00:00:00;2027-05-21 00:00:00
2027-05-07 00:00:00;SO613447;C0003;VS004;1166;2027-06-18 00:00:00;2027-06-13 00:00:00;2027-05-09 00:00:00;2027-05-04 00:00:00
2027-05-10 00:00:00;SO414362;C0029;CL002;903;2027-07-05 00:00:00;2027-07-02 00:00:00;2027-05-18 00:00:00;2027-05-15 00:00:00
2027-05-10 00:00:00;SO945304;C0009;AS002;746;2027-05-24 00:00:00;2027-06-03 00:00:00;2027-05-13 00:00:00;2027-05-23 00:00:00
2027-05-10 00:00:00;SO458975;C0022;VS003;631;2027-06-21 00:00:00;2027-06-25 00:00:00;2027-05-14 00:00:00;2027-05-18 00:00:00
2027-05-10 00:00:00;SO881298;C0026;AS005;788;2027-06-14 00:00:00;2027-06-09 00:00:00;2027-05-18 00:00:00;2027-05-13 00:00:00
2027-05-10 00:00:00;SO881298;C0026;CL002;982;2027-06-14 00:00:00;2027-06-20 00:00:00;2027-05-18 00:00:00;2027-05-24 00:00:00
2027-05-10 00:00:00;SO414362;C0029;VS003;1243;2027-07-05 00:00:00;2027-07-08 00:00:00;2027-05-18 00:00:00;2027-05-21 00:00:00
2027-05-10 00:00:00;SO881298;C0026;AS003;1008;2027-06-14 00:00:00;2027-06-17 00:00:00;2027-05-18 00:00:00;2027-05-21 00:00:00
2027-05-10 00:00:00;SO945304;C0009;CS004;784;2027-05-24 00:00:00;2027-05-28 00:00:00;2027-05-13 00:00:00;2027-05-17 00:00:00
2027-05-10 00:00:00;SO458975;C0022;CT003;758;2027-06-21 00:00:00;2027-07-01 00:00:00;2027-05-14 00:00:00;2027-05-24 00:00:00
2027-05-10 00:00:00;SO945304;C0009;AS004;684;2027-05-24 00:00:00;2027-05-23 00:00:00;2027-05-13 00:00:00;2027-05-12 00:00:00
2027-05-10 00:00:00;SO881298;C0026;CS004;988;2027-06-14 00:00:00;2027-06-16 00:00:00;2027-05-18 00:00:00;2027-05-20 00:00:00
2027-05-10 00:00:00;SO458975;C0022;AL002;470;2027-06-21 00:00:00;2027-07-01 00:00:00;2027-05-14 00:00:00;2027-05-24 00:00:00
2027-05-10 00:00:00;SO414362;C0029;CS003;290;2027-07-05 00:00:00;2027-06-28 00:00:00;2027-05-18 00:00:00;2027-05-11 00:00:00
2027-05-10 00:00:00;SO945304;C0009;AS003;807;2027-05-24 00:00:00;2027-05-18 00:00:00;2027-05-13 00:00:00;2027-05-07 00:00:00
2027-05-11 00:00:00;SO348690;C0013;AS003;1173;2027-06-08 00:00:00;2027-06-05 00:00:00;2027-05-15 00:00:00;2027-05-12 00:00:00
2027-05-11 00:00:00;SO487874;C0004;VS004;612;2027-05-25 00:00:00;2027-05-20 00:00:00;2027-05-13 00:00:00;2027-05-08 00:00:00
2027-05-11 00:00:00;SO303693;C0015;AL002;902;2027-06-22 00:00:00;2027-07-01 00:00:00;2027-05-15 00:00:00;2027-05-24 00:00:00
2027-05-11 00:00:00;SO487874;C0004;AS005;600;2027-05-25 00:00:00;2027-05-31 00:00:00;2027-05-13 00:00:00;2027-05-19 00:00:00
2027-05-11 00:00:00;SO348690;C0013;CS003;748;2027-06-08 00:00:00;2027-06-07 00:00:00;2027-05-15 00:00:00;2027-05-14 00:00:00
2027-05-11 00:00:00;SO348690;C0013;AS002;653;2027-06-08 00:00:00;2027-06-09 00:00:00;2027-05-15 00:00:00;2027-05-16 00:00:00
2027-05-11 00:00:00;SO303693;C0015;CT003;726;2027-06-22 00:00:00;2027-06-24 00:00:00;2027-05-15 00:00:00;2027-05-17 00:00:00
2027-05-11 00:00:00;SO487874;C0004;AS002;677;2027-05-25 00:00:00;2027-05-19 00:00:00;2027-05-13 00:00:00;2027-05-07 00:00:00
2027-05-11 00:00:00;SO487874;C0004;VS002;950;2027-05-25 00:00:00;2027-06-02 00:00:00;2027-05-13 00:00:00;2027-05-21 00:00:00
2027-05-11 00:00:00;SO487874;C0004;VS003;962;2027-05-25 00:00:00;2027-05-23 00:00:00;2027-05-13 00:00:00;2027-05-11 00:00:00
2027-05-11 00:00:00;SO303693;C0015;AS003;990;2027-06-22 00:00:00;2027-06-23 00:00:00;2027-05-15 00:00:00;2027-05-16 00:00:00
2027-05-11 00:00:00;SO303693;C0015;CL001;1017;2027-06-22 00:00:00;2027-07-01 00:00:00;2027-05-15 00:00:00;2027-05-24 00:00:00
2027-05-11 00:00:00;SO303693;C0015;CS003;1107;2027-06-22 00:00:00;2027-06-19 00:00:00;2027-05-15 00:00:00;2027-05-12 00:00:00
2027-05-11 00:00:00;SO348690;C0013;CT002;877;2027-06-08 00:00:00;2027-06-15 00:00:00;2027-05-15 00:00:00;2027-05-22 00:00:00
2027-05-12 00:00:00;SO783050;C0027;CL001;763;2027-06-23 00:00:00;2027-06-19 00:00:00;2027-05-20 00:00:00;2027-05-16 00:00:00
2027-05-12 00:00:00;SO505214;C0013;AS005;1065;2027-06-09 00:00:00;2027-06-04 00:00:00;2027-05-16 00:00:00;2027-05-11 00:00:00
2027-05-12 00:00:00;SO783050;C0027;CS003;758;2027-06-23 00:00:00;2027-06-14 00:00:00;2027-05-20 00:00:00;2027-05-11 00:00:00
2027-05-12 00:00:00;SO783050;C0027;VS001;1078;2027-06-23 00:00:00;2027-07-01 00:00:00;2027-05-20 00:00:00;2027-05-28 00:00:00
2027-05-12 00:00:00;SO505214;C0013;AT001;814;2027-06-09 00:00:00;2027-06-10 00:00:00;2027-05-16 00:00:00;2027-05-17 00:00:00
2027-05-12 00:00:00;SO505214;C0013;VS001;788;2027-06-09 00:00:00;2027-06-12 00:00:00;2027-05-16 00:00:00;2027-05-19 00:00:00
2027-05-12 00:00:00;SO783050;C0027;AS002;608;2027-06-23 00:00:00;2027-06-30 00:00:00;2027-05-20 00:00:00;2027-05-27 00:00:00
2027-05-12 00:00:00;SO505214;C0013;AS004;1028;2027-06-09 00:00:00;2027-06-12 00:00:00;2027-05-16 00:00:00;2027-05-19 00:00:00
2027-05-12 00:00:00;SO505214;C0013;AL001;711;2027-06-09 00:00:00;2027-05-30 00:00:00;2027-05-16 00:00:00;2027-05-06 00:00:00
2027-05-12 00:00:00;SO505214;C0013;AS003;1074;2027-06-09 00:00:00;2027-06-09 00:00:00;2027-05-16 00:00:00;2027-05-16 00:00:00
2027-05-12 00:00:00;SO783050;C0027;VS003;1374;2027-06-23 00:00:00;2027-06-22 00:00:00;2027-05-20 00:00:00;2027-05-19 00:00:00
2027-05-12 00:00:00;SO505214;C0013;CL002;1246;2027-06-09 00:00:00;2027-05-30 00:00:00;2027-05-16 00:00:00;2027-05-06 00:00:00
2027-05-12 00:00:00;SO783050;C0027;AT001;820;2027-06-23 00:00:00;2027-06-28 00:00:00;2027-05-20 00:00:00;2027-05-25 00:00:00
2027-05-12 00:00:00;SO783050;C0027;CT002;1169;2027-06-23 00:00:00;2027-06-24 00:00:00;2027-05-20 00:00:00;2027-05-21 00:00:00
2027-05-12 00:00:00;SO505214;C0013;VS003;521;2027-06-09 00:00:00;2027-06-09 00:00:00;2027-05-16 00:00:00;2027-05-16 00:00:00
2027-05-12 00:00:00;SO783050;C0027;CL002;604;2027-06-23 00:00:00;2027-06-20 00:00:00;2027-05-20 00:00:00;2027-05-17 00:00:00
2027-05-12 00:00:00;SO505214;C0013;AL002;852;2027-06-09 00:00:00;2027-06-01 00:00:00;2027-05-16 00:00:00;2027-05-08 00:00:00
2027-05-12 00:00:00;SO783050;C0027;CS004;1138;2027-06-23 00:00:00;2027-07-03 00:00:00;2027-05-20 00:00:00;2027-05-30 00:00:00
2027-05-12 00:00:00;SO783050;C0027;AS003;965;2027-06-23 00:00:00;2027-06-20 00:00:00;2027-05-20 00:00:00;2027-05-17 00:00:00
2027-05-13 00:00:00;SO909747;C0002;VS002;523;2027-06-17 00:00:00;2027-06-22 00:00:00;2027-05-15 00:00:00;2027-05-20 00:00:00
2027-05-13 00:00:00;SO142238;C0023;VS002;1043;2027-06-17 00:00:00;2027-06-14 00:00:00;2027-05-17 00:00:00;2027-05-14 00:00:00
2027-05-13 00:00:00;SO909747;C0002;AT001;529;2027-06-17 00:00:00;2027-06-14 00:00:00;2027-05-15 00:00:00;2027-05-12 00:00:00
2027-05-13 00:00:00;SO142238;C0023;AL001;339;2027-06-17 00:00:00;2027-06-08 00:00:00;2027-05-17 00:00:00;2027-05-08 00:00:00
2027-05-13 00:00:00;SO909747;C0002;AS002;436;2027-06-17 00:00:00;2027-06-23 00:00:00;2027-05-15 00:00:00;2027-05-21 00:00:00
2027-05-13 00:00:00;SO142238;C0023;AL002;1037;2027-06-17 00:00:00;2027-06-15 00:00:00;2027-05-17 00:00:00;2027-05-15 00:00:00
2027-05-13 00:00:00;SO142238;C0023;VS004;1102;2027-06-17 00:00:00;2027-06-16 00:00:00;2027-05-17 00:00:00;2027-05-16 00:00:00
2027-05-13 00:00:00;SO142238;C0023;VS003;662;2027-06-17 00:00:00;2027-06-15 00:00:00;2027-05-17 00:00:00;2027-05-15 00:00:00
2027-05-13 00:00:00;SO909747;C0002;AL001;689;2027-06-17 00:00:00;2027-06-24 00:00:00;2027-05-15 00:00:00;2027-05-22 00:00:00
2027-05-13 00:00:00;SO142238;C0023;CT002;1259;2027-06-17 00:00:00;2027-06-25 00:00:00;2027-05-17 00:00:00;2027-05-25 00:00:00
2027-05-13 00:00:00;SO909747;C0002;CT002;512;2027-06-17 00:00:00;2027-06-21 00:00:00;2027-05-15 00:00:00;2027-05-19 00:00:00
2027-05-13 00:00:00;SO909747;C0002;CS004;445;2027-06-17 00:00:00;2027-06-13 00:00:00;2027-05-15 00:00:00;2027-05-11 00:00:00
2027-05-13 00:00:00;SO909747;C0002;AS005;956;2027-06-17 00:00:00;2027-06-27 00:00:00;2027-05-15 00:00:00;2027-05-25 00:00:00
2027-05-13 00:00:00;SO909747;C0002;AL002;863;2027-06-17 00:00:00;2027-06-15 00:00:00;2027-05-15 00:00:00;2027-05-13 00:00:00
2027-05-13 00:00:00;SO142238;C0023;AT001;969;2027-06-17 00:00:00;2027-06-17 00:00:00;2027-05-17 00:00:00;2027-05-17 00:00:00
2027-05-13 00:00:00;SO909747;C0002;VS004;446;2027-06-17 00:00:00;2027-06-19 00:00:00;2027-05-15 00:00:00;2027-05-17 00:00:00
2027-05-13 00:00:00;SO142238;C0023;CL001;891;2027-06-17 00:00:00;2027-06-16 00:00:00;2027-05-17 00:00:00;2027-05-16 00:00:00
2027-05-13 00:00:00;SO909747;C0002;AS003;1054;2027-06-17 00:00:00;2027-06-11 00:00:00;2027-05-15 00:00:00;2027-05-09 00:00:00
2027-05-13 00:00:00;SO142238;C0023;CS004;1313;2027-06-17 00:00:00;2027-06-27 00:00:00;2027-05-17 00:00:00;2027-05-27 00:00:00
2027-05-13 00:00:00;SO909747;C0002;CT003;349;2027-06-17 00:00:00;2027-06-21 00:00:00;2027-05-15 00:00:00;2027-05-19 00:00:00
2027-05-14 00:00:00;SO209209;C0028;CS003;515;2027-05-28 00:00:00;2027-05-23 00:00:00;2027-05-22 00:00:00;2027-05-17 00:00:00
2027-05-14 00:00:00;SO277819;C0010;VS002;776;2027-06-25 00:00:00;2027-06-23 00:00:00;2027-05-17 00:00:00;2027-05-15 00:00:00
2027-05-14 00:00:00;SO277819;C0010;CS003;1009;2027-06-25 00:00:00;2027-07-03 00:00:00;2027-05-17 00:00:00;2027-05-25 00:00:00
2027-05-14 00:00:00;SO277819;C0010;CL001;928;2027-06-25 00:00:00;2027-06-16 00:00:00;2027-05-17 00:00:00;2027-05-08 00:00:00
2027-05-14 00:00:00;SO277819;C0010;AL001;796;2027-06-25 00:00:00;2027-06-28 00:00:00;2027-05-17 00:00:00;2027-05-20 00:00:00
2027-05-14 00:00:00;SO277819;C0010;CS004;1054;2027-06-25 00:00:00;2027-06-28 00:00:00;2027-05-17 00:00:00;2027-05-20 00:00:00
2027-05-14 00:00:00;SO209209;C0028;AS003;811;2027-05-28 00:00:00;2027-06-07 00:00:00;2027-05-22 00:00:00;2027-06-01 00:00:00
2027-05-14 00:00:00;SO277819;C0010;VS003;578;2027-06-25 00:00:00;2027-07-01 00:00:00;2027-05-17 00:00:00;2027-05-23 00:00:00
2027-05-14 00:00:00;SO277819;C0010;VS004;480;2027-06-25 00:00:00;2027-07-01 00:00:00;2027-05-17 00:00:00;2027-05-23 00:00:00
2027-05-14 00:00:00;SO209209;C0028;CT003;691;2027-05-28 00:00:00;2027-05-25 00:00:00;2027-05-22 00:00:00;2027-05-19 00:00:00
2027-05-14 00:00:00;SO277819;C0010;AS005;1113;2027-06-25 00:00:00;2027-06-28 00:00:00;2027-05-17 00:00:00;2027-05-20 00:00:00
2027-05-14 00:00:00;SO209209;C0028;AS005;1036;2027-05-28 00:00:00;2027-05-30 00:00:00;2027-05-22 00:00:00;2027-05-24 00:00:00
2027-05-14 00:00:00;SO209209;C0028;CS004;862;2027-05-28 00:00:00;2027-05-26 00:00:00;2027-05-22 00:00:00;2027-05-20 00:00:00
2027-05-14 00:00:00;SO209209;C0028;AT001;1089;2027-05-28 00:00:00;2027-05-26 00:00:00;2027-05-22 00:00:00;2027-05-20 00:00:00
2027-05-14 00:00:00;SO209209;C0028;VS003;1145;2027-05-28 00:00:00;2027-06-05 00:00:00;2027-05-22 00:00:00;2027-05-30 00:00:00
2027-05-14 00:00:00;SO277819;C0010;CT002;710;2027-06-25 00:00:00;2027-06-24 00:00:00;2027-05-17 00:00:00;2027-05-16 00:00:00
2027-05-14 00:00:00;SO209209;C0028;AL001;924;2027-05-28 00:00:00;2027-05-22 00:00:00;2027-05-22 00:00:00;2027-05-16 00:00:00
2027-05-14 00:00:00;SO277819;C0010;CL002;792;2027-06-25 00:00:00;2027-06-17 00:00:00;2027-05-17 00:00:00;2027-05-09 00:00:00
2027-05-17 00:00:00;SO963414;C0014;CT003;512;2027-06-21 00:00:00;2027-06-23 00:00:00;2027-05-21 00:00:00;2027-05-23 00:00:00
2027-05-17 00:00:00;SO146984;C0025;CS004;1040;2027-06-14 00:00:00;2027-06-08 00:00:00;2027-05-25 00:00:00;2027-05-19 00:00:00
2027-05-17 00:00:00;SO146984;C0025;VS003;801;2027-06-14 00:00:00;2027-06-22 00:00:00;2027-05-25 00:00:00;2027-06-02 00:00:00
2027-05-17 00:00:00;SO963414;C0014;CS003;959;2027-06-21 00:00:00;2027-06-20 00:00:00;2027-05-21 00:00:00;2027-05-20 00:00:00
2027-05-17 00:00:00;SO146984;C0025;AL001;636;2027-06-14 00:00:00;2027-06-04 00:00:00;2027-05-25 00:00:00;2027-05-15 00:00:00
2027-05-17 00:00:00;SO146984;C0025;AL002;538;2027-06-14 00:00:00;2027-06-05 00:00:00;2027-05-25 00:00:00;2027-05-16 00:00:00
2027-05-17 00:00:00;SO146984;C0025;CL002;776;2027-06-14 00:00:00;2027-06-21 00:00:00;2027-05-25 00:00:00;2027-06-01 00:00:00
2027-05-17 00:00:00;SO146984;C0025;AT001;666;2027-06-14 00:00:00;2027-06-22 00:00:00;2027-05-25 00:00:00;2027-06-02 00:00:00
2027-05-17 00:00:00;SO146984;C0025;AS003;823;2027-06-14 00:00:00;2027-06-04 00:00:00;2027-05-25 00:00:00;2027-05-15 00:00:00
2027-05-17 00:00:00;SO146984;C0025;CT002;1118;2027-06-14 00:00:00;2027-06-22 00:00:00;2027-05-25 00:00:00;2027-06-02 00:00:00
2027-05-17 00:00:00;SO963414;C0014;CL001;1133;2027-06-21 00:00:00;2027-06-15 00:00:00;2027-05-21 00:00:00;2027-05-15 00:00:00
2027-05-17 00:00:00;SO146984;C0025;AS002;379;2027-06-14 00:00:00;2027-06-08 00:00:00;2027-05-25 00:00:00;2027-05-19 00:00:00
2027-05-17 00:00:00;SO146984;C0025;VS002;921;2027-06-14 00:00:00;2027-06-20 00:00:00;2027-05-25 00:00:00;2027-05-31 00:00:00
2027-05-17 00:00:00;SO963414;C0014;AS004;643;2027-06-21 00:00:00;2027-06-11 00:00:00;2027-05-21 00:00:00;2027-05-11 00:00:00
2027-05-18 00:00:00;SO715351;C0026;AL002;1013;2027-06-22 00:00:00;2027-06-18 00:00:00;2027-05-26 00:00:00;2027-05-22 00:00:00
2027-05-18 00:00:00;SO731460;C0002;AS005;859;2027-06-22 00:00:00;2027-06-24 00:00:00;2027-05-20 00:00:00;2027-05-22 00:00:00
2027-05-18 00:00:00;SO803853;C0007;AS003;582;2027-07-20 00:00:00;2027-07-23 00:00:00;2027-05-21 00:00:00;2027-05-24 00:00:00
2027-05-18 00:00:00;SO803853;C0007;CL002;1348;2027-07-20 00:00:00;2027-07-10 00:00:00;2027-05-21 00:00:00;2027-05-11 00:00:00
2027-05-18 00:00:00;SO731460;C0002;VS002;561;2027-06-22 00:00:00;2027-06-23 00:00:00;2027-05-20 00:00:00;2027-05-21 00:00:00
2027-05-18 00:00:00;SO803853;C0007;AL001;461;2027-07-20 00:00:00;2027-07-13 00:00:00;2027-05-21 00:00:00;2027-05-14 00:00:00
2027-05-18 00:00:00;SO803853;C0007;VS001;577;2027-07-20 00:00:00;2027-07-28 00:00:00;2027-05-21 00:00:00;2027-05-29 00:00:00
2027-05-18 00:00:00;SO715351;C0026;AT001;400;2027-06-22 00:00:00;2027-06-13 00:00:00;2027-05-26 00:00:00;2027-05-17 00:00:00
2027-05-18 00:00:00;SO715351;C0026;CT002;472;2027-06-22 00:00:00;2027-06-19 00:00:00;2027-05-26 00:00:00;2027-05-23 00:00:00
2027-05-18 00:00:00;SO731460;C0002;CL001;918;2027-06-22 00:00:00;2027-06-20 00:00:00;2027-05-20 00:00:00;2027-05-18 00:00:00
2027-05-18 00:00:00;SO731460;C0002;AL002;841;2027-06-22 00:00:00;2027-06-18 00:00:00;2027-05-20 00:00:00;2027-05-16 00:00:00
2027-05-18 00:00:00;SO715351;C0026;CS004;933;2027-06-22 00:00:00;2027-06-12 00:00:00;2027-05-26 00:00:00;2027-05-16 00:00:00
2027-05-18 00:00:00;SO731460;C0002;AS003;1200;2027-06-22 00:00:00;2027-06-18 00:00:00;2027-05-20 00:00:00;2027-05-16 00:00:00
2027-05-19 00:00:00;SO721175;C0010;VS001;740;2027-06-30 00:00:00;2027-06-21 00:00:00;2027-05-22 00:00:00;2027-05-13 00:00:00
2027-05-19 00:00:00;SO473332;C0024;VS002;448;2027-06-16 00:00:00;2027-06-12 00:00:00;2027-05-23 00:00:00;2027-05-19 00:00:00
2027-05-19 00:00:00;SO718072;C0015;VS001;970;2027-06-30 00:00:00;2027-06-24 00:00:00;2027-05-23 00:00:00;2027-05-17 00:00:00
2027-05-19 00:00:00;SO718072;C0015;AS004;1257;2027-06-30 00:00:00;2027-06-20 00:00:00;2027-05-23 00:00:00;2027-05-13 00:00:00
2027-05-19 00:00:00;SO721175;C0010;CL001;697;2027-06-30 00:00:00;2027-07-08 00:00:00;2027-05-22 00:00:00;2027-05-30 00:00:00
2027-05-19 00:00:00;SO718072;C0015;CL002;673;2027-06-30 00:00:00;2027-07-08 00:00:00;2027-05-23 00:00:00;2027-05-31 00:00:00
2027-05-19 00:00:00;SO718072;C0015;VS002;951;2027-06-30 00:00:00;2027-06-24 00:00:00;2027-05-23 00:00:00;2027-05-17 00:00:00
2027-05-19 00:00:00;SO718072;C0015;CL001;405;2027-06-30 00:00:00;2027-07-04 00:00:00;2027-05-23 00:00:00;2027-05-27 00:00:00
2027-05-19 00:00:00;SO718072;C0015;CT003;1123;2027-06-30 00:00:00;2027-06-28 00:00:00;2027-05-23 00:00:00;2027-05-21 00:00:00
2027-05-19 00:00:00;SO718072;C0015;AL002;1106;2027-06-30 00:00:00;2027-07-03 00:00:00;2027-05-23 00:00:00;2027-05-26 00:00:00
2027-05-19 00:00:00;SO718072;C0015;CS003;838;2027-06-30 00:00:00;2027-06-20 00:00:00;2027-05-23 00:00:00;2027-05-13 00:00:00
2027-05-19 00:00:00;SO721175;C0010;VS004;1040;2027-06-30 00:00:00;2027-07-01 00:00:00;2027-05-22 00:00:00;2027-05-23 00:00:00
2027-05-19 00:00:00;SO721175;C0010;AS002;1252;2027-06-30 00:00:00;2027-07-05 00:00:00;2027-05-22 00:00:00;2027-05-27 00:00:00
2027-05-19 00:00:00;SO473332;C0024;AL001;884;2027-06-16 00:00:00;2027-06-26 00:00:00;2027-05-23 00:00:00;2027-06-02 00:00:00
2027-05-19 00:00:00;SO473332;C0024;CL001;679;2027-06-16 00:00:00;2027-06-25 00:00:00;2027-05-23 00:00:00;2027-06-01 00:00:00
2027-05-20 00:00:00;SO227970;C0019;VS001;1078;2027-07-22 00:00:00;2027-07-12 00:00:00;2027-05-24 00:00:00;2027-05-14 00:00:00
2027-05-20 00:00:00;SO812347;C0007;AT001;378;2027-07-22 00:00:00;2027-07-30 00:00:00;2027-05-23 00:00:00;2027-05-31 00:00:00
2027-05-20 00:00:00;SO828079;C0020;AS004;318;2027-07-15 00:00:00;2027-07-06 00:00:00;2027-05-24 00:00:00;2027-05-15 00:00:00
2027-05-20 00:00:00;SO743439;C0029;AL001;841;2027-07-15 00:00:00;2027-07-20 00:00:00;2027-05-28 00:00:00;2027-06-02 00:00:00
2027-05-20 00:00:00;SO828079;C0020;CT003;1118;2027-07-15 00:00:00;2027-07-05 00:00:00;2027-05-24 00:00:00;2027-05-14 00:00:00
2027-05-20 00:00:00;SO743439;C0029;VS004;1164;2027-07-15 00:00:00;2027-07-22 00:00:00;2027-05-28 00:00:00;2027-06-04 00:00:00
2027-05-20 00:00:00;SO828079;C0020;AL002;946;2027-07-15 00:00:00;2027-07-16 00:00:00;2027-05-24 00:00:00;2027-05-25 00:00:00
2027-05-20 00:00:00;SO227970;C0019;VS002;810;2027-07-22 00:00:00;2027-07-27 00:00:00;2027-05-24 00:00:00;2027-05-29 00:00:00
2027-05-20 00:00:00;SO743439;C0029;AS004;440;2027-07-15 00:00:00;2027-07-22 00:00:00;2027-05-28 00:00:00;2027-06-04 00:00:00
2027-05-20 00:00:00;SO828079;C0020;VS001;1244;2027-07-15 00:00:00;2027-07-08 00:00:00;2027-05-24 00:00:00;2027-05-17 00:00:00
2027-05-20 00:00:00;SO828079;C0020;AS003;939;2027-07-15 00:00:00;2027-07-10 00:00:00;2027-05-24 00:00:00;2027-05-19 00:00:00
2027-05-20 00:00:00;SO812347;C0007;AL002;1200;2027-07-22 00:00:00;2027-07-16 00:00:00;2027-05-23 00:00:00;2027-05-17 00:00:00
2027-05-20 00:00:00;SO743439;C0029;CL002;1074;2027-07-15 00:00:00;2027-07-24 00:00:00;2027-05-28 00:00:00;2027-06-06 00:00:00
2027-05-20 00:00:00;SO227970;C0019;VS003;1150;2027-07-22 00:00:00;2027-07-30 00:00:00;2027-05-24 00:00:00;2027-06-01 00:00:00
2027-05-20 00:00:00;SO812347;C0007;AS004;503;2027-07-22 00:00:00;2027-07-26 00:00:00;2027-05-23 00:00:00;2027-05-27 00:00:00
2027-05-20 00:00:00;SO828079;C0020;AT001;924;2027-07-15 00:00:00;2027-07-07 00:00:00;2027-05-24 00:00:00;2027-05-16 00:00:00
2027-05-20 00:00:00;SO828079;C0020;AS002;587;2027-07-15 00:00:00;2027-07-18 00:00:00;2027-05-24 00:00:00;2027-05-27 00:00:00
2027-05-21 00:00:00;SO527609;C0028;VS003;884;2027-06-04 00:00:00;2027-06-06 00:00:00;2027-05-29 00:00:00;2027-05-31 00:00:00
2027-05-21 00:00:00;SO758176;C0023;VS001;907;2027-06-25 00:00:00;2027-06-27 00:00:00;2027-05-25 00:00:00;2027-05-27 00:00:00
2027-05-21 00:00:00;SO788351;C0017;AL001;885;2027-07-16 00:00:00;2027-07-14 00:00:00;2027-05-25 00:00:00;2027-05-23 00:00:00
2027-05-21 00:00:00;SO774235;C0004;AS002;977;2027-06-04 00:00:00;2027-05-31 00:00:00;2027-05-23 00:00:00;2027-05-19 00:00:00
2027-05-21 00:00:00;SO527609;C0028;AS002;1079;2027-06-04 00:00:00;2027-05-27 00:00:00;2027-05-29 00:00:00;2027-05-21 00:00:00
2027-05-21 00:00:00;SO774235;C0004;VS002;820;2027-06-04 00:00:00;2027-06-01 00:00:00;2027-05-23 00:00:00;2027-05-20 00:00:00
2027-05-21 00:00:00;SO788351;C0017;AL002;689;2027-07-16 00:00:00;2027-07-25 00:00:00;2027-05-25 00:00:00;2027-06-03 00:00:00
2027-05-21 00:00:00;SO758176;C0023;AL002;1318;2027-06-25 00:00:00;2027-06-17 00:00:00;2027-05-25 00:00:00;2027-05-17 00:00:00
2027-05-21 00:00:00;SO527609;C0028;CT002;586;2027-06-04 00:00:00;2027-06-14 00:00:00;2027-05-29 00:00:00;2027-06-08 00:00:00
2027-05-21 00:00:00;SO527609;C0028;CL001;470;2027-06-04 00:00:00;2027-05-27 00:00:00;2027-05-29 00:00:00;2027-05-21 00:00:00
2027-05-21 00:00:00;SO527609;C0028;AS005;1167;2027-06-04 00:00:00;2027-05-29 00:00:00;2027-05-29 00:00:00;2027-05-23 00:00:00
2027-05-21 00:00:00;SO774235;C0004;CL001;1080;2027-06-04 00:00:00;2027-05-27 00:00:00;2027-05-23 00:00:00;2027-05-15 00:00:00
2027-05-21 00:00:00;SO774235;C0004;AS005;925;2027-06-04 00:00:00;2027-06-12 00:00:00;2027-05-23 00:00:00;2027-05-31 00:00:00
2027-05-21 00:00:00;SO758176;C0023;AS002;533;2027-06-25 00:00:00;2027-06-21 00:00:00;2027-05-25 00:00:00;2027-05-21 00:00:00
2027-05-21 00:00:00;SO788351;C0017;VS002;1259;2027-07-16 00:00:00;2027-07-21 00:00:00;2027-05-25 00:00:00;2027-05-30 00:00:00
2027-05-21 00:00:00;SO527609;C0028;CS003;1083;2027-06-04 00:00:00;2027-06-07 00:00:00;2027-05-29 00:00:00;2027-06-01 00:00:00
2027-05-21 00:00:00;SO758176;C0023;AS005;855;2027-06-25 00:00:00;2027-06-18 00:00:00;2027-05-25 00:00:00;2027-05-18 00:00:00
2027-05-24 00:00:00;SO264927;C0008;AS004;507;2027-07-19 00:00:00;2027-07-27 00:00:00;2027-05-27 00:00:00;2027-06-04 00:00:00
2027-05-24 00:00:00;SO403780;C0018;VS001;332;2027-07-26 00:00:00;2027-07-28 00:00:00;2027-05-28 00:00:00;2027-05-30 00:00:00
2027-05-24 00:00:00;SO403780;C0018;AL002;1153;2027-07-26 00:00:00;2027-08-02 00:00:00;2027-05-28 00:00:00;2027-06-04 00:00:00
2027-05-24 00:00:00;SO403780;C0018;AS004;638;2027-07-26 00:00:00;2027-07-30 00:00:00;2027-05-28 00:00:00;2027-06-01 00:00:00
2027-05-24 00:00:00;SO403780;C0018;AT001;470;2027-07-26 00:00:00;2027-07-17 00:00:00;2027-05-28 00:00:00;2027-05-19 00:00:00
2027-05-24 00:00:00;SO403780;C0018;CT003;537;2027-07-26 00:00:00;2027-07-29 00:00:00;2027-05-28 00:00:00;2027-05-31 00:00:00
2027-05-24 00:00:00;SO264927;C0008;CT003;825;2027-07-19 00:00:00;2027-07-27 00:00:00;2027-05-27 00:00:00;2027-06-04 00:00:00
2027-05-24 00:00:00;SO264927;C0008;VS003;343;2027-07-19 00:00:00;2027-07-15 00:00:00;2027-05-27 00:00:00;2027-05-23 00:00:00
2027-05-24 00:00:00;SO264927;C0008;CT002;1031;2027-07-19 00:00:00;2027-07-25 00:00:00;2027-05-27 00:00:00;2027-06-02 00:00:00
2027-05-24 00:00:00;SO403780;C0018;CS004;673;2027-07-26 00:00:00;2027-08-05 00:00:00;2027-05-28 00:00:00;2027-06-07 00:00:00
2027-05-24 00:00:00;SO264927;C0008;CS003;577;2027-07-19 00:00:00;2027-07-10 00:00:00;2027-05-27 00:00:00;2027-05-18 00:00:00
2027-05-24 00:00:00;SO403780;C0018;CL001;1093;2027-07-26 00:00:00;2027-07-18 00:00:00;2027-05-28 00:00:00;2027-05-20 00:00:00
2027-05-24 00:00:00;SO403780;C0018;VS004;1162;2027-07-26 00:00:00;2027-08-04 00:00:00;2027-05-28 00:00:00;2027-06-06 00:00:00
2027-05-24 00:00:00;SO403780;C0018;AS005;1017;2027-07-26 00:00:00;2027-07-16 00:00:00;2027-05-28 00:00:00;2027-05-18 00:00:00
2027-05-24 00:00:00;SO403780;C0018;CT002;1238;2027-07-26 00:00:00;2027-08-05 00:00:00;2027-05-28 00:00:00;2027-06-07 00:00:00
2027-05-24 00:00:00;SO264927;C0008;AS002;541;2027-07-19 00:00:00;2027-07-09 00:00:00;2027-05-27 00:00:00;2027-05-17 00:00:00
2027-05-24 00:00:00;SO403780;C0018;AL001;696;2027-07-26 00:00:00;2027-08-03 00:00:00;2027-05-28 00:00:00;2027-06-05 00:00:00
2027-05-24 00:00:00;SO264927;C0008;CS004;454;2027-07-19 00:00:00;2027-07-17 00:00:00;2027-05-27 00:00:00;2027-05-25 00:00:00
2027-05-24 00:00:00;SO403780;C0018;CL002;524;2027-07-26 00:00:00;2027-07-29 00:00:00;2027-05-28 00:00:00;2027-05-31 00:00:00
2027-05-24 00:00:00;SO264927;C0008;AS005;1056;2027-07-19 00:00:00;2027-07-25 00:00:00;2027-05-27 00:00:00;2027-06-02 00:00:00
2027-05-25 00:00:00;SO510433;C0023;CT002;547;2027-06-29 00:00:00;2027-07-02 00:00:00;2027-05-29 00:00:00;2027-06-01 00:00:00
2027-05-25 00:00:00;SO116477;C0029;AS003;413;2027-07-20 00:00:00;2027-07-12 00:00:00;2027-06-02 00:00:00;2027-05-25 00:00:00
2027-05-25 00:00:00;SO210022;C0018;CS004;366;2027-07-27 00:00:00;2027-08-02 00:00:00;2027-05-29 00:00:00;2027-06-04 00:00:00
2027-05-25 00:00:00;SO210022;C0018;AS002;573;2027-07-27 00:00:00;2027-07-29 00:00:00;2027-05-29 00:00:00;2027-05-31 00:00:00
2027-05-25 00:00:00;SO116477;C0029;AT001;1247;2027-07-20 00:00:00;2027-07-22 00:00:00;2027-06-02 00:00:00;2027-06-04 00:00:00
2027-05-25 00:00:00;SO210022;C0018;CS003;701;2027-07-27 00:00:00;2027-08-05 00:00:00;2027-05-29 00:00:00;2027-06-07 00:00:00
2027-05-25 00:00:00;SO510433;C0023;AS005;384;2027-06-29 00:00:00;2027-07-06 00:00:00;2027-05-29 00:00:00;2027-06-05 00:00:00
2027-05-25 00:00:00;SO210022;C0018;AL001;1018;2027-07-27 00:00:00;2027-07-22 00:00:00;2027-05-29 00:00:00;2027-05-24 00:00:00
2027-05-25 00:00:00;SO116477;C0029;CS003;1023;2027-07-20 00:00:00;2027-07-26 00:00:00;2027-06-02 00:00:00;2027-06-08 00:00:00
2027-05-25 00:00:00;SO210022;C0018;CT002;389;2027-07-27 00:00:00;2027-08-06 00:00:00;2027-05-29 00:00:00;2027-06-08 00:00:00
2027-05-25 00:00:00;SO510433;C0023;AL002;440;2027-06-29 00:00:00;2027-06-25 00:00:00;2027-05-29 00:00:00;2027-05-25 00:00:00
2027-05-25 00:00:00;SO210022;C0018;VS004;1435;2027-07-27 00:00:00;2027-07-22 00:00:00;2027-05-29 00:00:00;2027-05-24 00:00:00
2027-05-25 00:00:00;SO210022;C0018;VS002;492;2027-07-27 00:00:00;2027-07-28 00:00:00;2027-05-29 00:00:00;2027-05-30 00:00:00
2027-05-25 00:00:00;SO510433;C0023;VS003;476;2027-06-29 00:00:00;2027-06-29 00:00:00;2027-05-29 00:00:00;2027-05-29 00:00:00
2027-05-25 00:00:00;SO210022;C0018;CL001;624;2027-07-27 00:00:00;2027-07-21 00:00:00;2027-05-29 00:00:00;2027-05-23 00:00:00
2027-05-25 00:00:00;SO116477;C0029;CL001;1292;2027-07-20 00:00:00;2027-07-30 00:00:00;2027-06-02 00:00:00;2027-06-12 00:00:00
2027-05-25 00:00:00;SO116477;C0029;CT002;763;2027-07-20 00:00:00;2027-07-23 00:00:00;2027-06-02 00:00:00;2027-06-05 00:00:00
2027-05-25 00:00:00;SO510433;C0023;CL002;843;2027-06-29 00:00:00;2027-06-29 00:00:00;2027-05-29 00:00:00;2027-05-29 00:00:00
2027-05-26 00:00:00;SO952565;C0015;CL001;563;2027-07-07 00:00:00;2027-07-04 00:00:00;2027-05-30 00:00:00;2027-05-27 00:00:00
2027-05-26 00:00:00;SO729587;C0026;CT002;433;2027-06-30 00:00:00;2027-07-09 00:00:00;2027-06-03 00:00:00;2027-06-12 00:00:00
2027-05-26 00:00:00;SO952565;C0015;AS003;512;2027-07-07 00:00:00;2027-07-16 00:00:00;2027-05-30 00:00:00;2027-06-08 00:00:00
2027-05-26 00:00:00;SO729587;C0026;AL001;801;2027-06-30 00:00:00;2027-07-10 00:00:00;2027-06-03 00:00:00;2027-06-13 00:00:00
2027-05-26 00:00:00;SO952565;C0015;VS004;1299;2027-07-07 00:00:00;2027-07-08 00:00:00;2027-05-30 00:00:00;2027-05-31 00:00:00
2027-05-26 00:00:00;SO952565;C0015;CL002;750;2027-07-07 00:00:00;2027-07-14 00:00:00;2027-05-30 00:00:00;2027-06-06 00:00:00
2027-05-26 00:00:00;SO952565;C0015;VS003;1070;2027-07-07 00:00:00;2027-06-30 00:00:00;2027-05-30 00:00:00;2027-05-23 00:00:00
2027-05-26 00:00:00;SO729587;C0026;CT003;842;2027-06-30 00:00:00;2027-06-26 00:00:00;2027-06-03 00:00:00;2027-05-30 00:00:00
2027-05-26 00:00:00;SO952565;C0015;AL002;331;2027-07-07 00:00:00;2027-07-06 00:00:00;2027-05-30 00:00:00;2027-05-29 00:00:00
2027-05-26 00:00:00;SO952565;C0015;AS004;405;2027-07-07 00:00:00;2027-07-15 00:00:00;2027-05-30 00:00:00;2027-06-07 00:00:00
2027-05-26 00:00:00;SO729587;C0026;AT001;871;2027-06-30 00:00:00;2027-07-07 00:00:00;2027-06-03 00:00:00;2027-06-10 00:00:00
2027-05-26 00:00:00;SO952565;C0015;CT003;1131;2027-07-07 00:00:00;2027-06-30 00:00:00;2027-05-30 00:00:00;2027-05-23 00:00:00
2027-05-26 00:00:00;SO729587;C0026;CS003;816;2027-06-30 00:00:00;2027-06-26 00:00:00;2027-06-03 00:00:00;2027-05-30 00:00:00
2027-05-26 00:00:00;SO729587;C0026;AL002;1269;2027-06-30 00:00:00;2027-06-25 00:00:00;2027-06-03 00:00:00;2027-05-29 00:00:00
2027-05-26 00:00:00;SO729587;C0026;VS004;1074;2027-06-30 00:00:00;2027-07-04 00:00:00;2027-06-03 00:00:00;2027-06-07 00:00:00
2027-05-26 00:00:00;SO729587;C0026;AS004;733;2027-06-30 00:00:00;2027-07-02 00:00:00;2027-06-03 00:00:00;2027-06-05 00:00:00
2027-05-26 00:00:00;SO952565;C0015;CS004;1349;2027-07-07 00:00:00;2027-07-04 00:00:00;2027-05-30 00:00:00;2027-05-27 00:00:00
2027-05-26 00:00:00;SO729587;C0026;VS002;969;2027-06-30 00:00:00;2027-07-04 00:00:00;2027-06-03 00:00:00;2027-06-07 00:00:00
2027-05-27 00:00:00;SO320004;C0012;AL002;449;2027-06-24 00:00:00;2027-06-28 00:00:00;2027-05-30 00:00:00;2027-06-03 00:00:00
2027-05-27 00:00:00;SO475865;C0006;AT001;505;2027-07-29 00:00:00;2027-07-24 00:00:00;2027-05-29 00:00:00;2027-05-24 00:00:00
2027-05-27 00:00:00;SO475865;C0006;CS003;429;2027-07-29 00:00:00;2027-07-19 00:00:00;2027-05-29 00:00:00;2027-05-19 00:00:00
2027-05-27 00:00:00;SO320004;C0012;AS002;912;2027-06-24 00:00:00;2027-07-04 00:00:00;2027-05-30 00:00:00;2027-06-09 00:00:00
2027-05-27 00:00:00;SO475865;C0006;CL001;1221;2027-07-29 00:00:00;2027-07-20 00:00:00;2027-05-29 00:00:00;2027-05-20 00:00:00
2027-05-27 00:00:00;SO320004;C0012;CT002;537;2027-06-24 00:00:00;2027-06-17 00:00:00;2027-05-30 00:00:00;2027-05-23 00:00:00
2027-05-27 00:00:00;SO475865;C0006;AS002;440;2027-07-29 00:00:00;2027-07-30 00:00:00;2027-05-29 00:00:00;2027-05-30 00:00:00
2027-05-27 00:00:00;SO320004;C0012;AL001;788;2027-06-24 00:00:00;2027-06-22 00:00:00;2027-05-30 00:00:00;2027-05-28 00:00:00
2027-05-27 00:00:00;SO475865;C0006;AS004;837;2027-07-29 00:00:00;2027-08-03 00:00:00;2027-05-29 00:00:00;2027-06-03 00:00:00
2027-05-27 00:00:00;SO475865;C0006;CT002;838;2027-07-29 00:00:00;2027-08-02 00:00:00;2027-05-29 00:00:00;2027-06-02 00:00:00
2027-05-27 00:00:00;SO475865;C0006;AL001;957;2027-07-29 00:00:00;2027-08-06 00:00:00;2027-05-29 00:00:00;2027-06-06 00:00:00
2027-05-27 00:00:00;SO320004;C0012;CT003;424;2027-06-24 00:00:00;2027-07-04 00:00:00;2027-05-30 00:00:00;2027-06-09 00:00:00
2027-05-27 00:00:00;SO475865;C0006;VS001;614;2027-07-29 00:00:00;2027-07-23 00:00:00;2027-05-29 00:00:00;2027-05-23 00:00:00
2027-05-28 00:00:00;SO680223;C0027;CL002;424;2027-07-09 00:00:00;2027-07-13 00:00:00;2027-06-05 00:00:00;2027-06-09 00:00:00
2027-05-28 00:00:00;SO307938;C0017;AT001;515;2027-07-23 00:00:00;2027-07-23 00:00:00;2027-06-01 00:00:00;2027-06-01 00:00:00
2027-05-28 00:00:00;SO307938;C0017;VS004;1444;2027-07-23 00:00:00;2027-08-01 00:00:00;2027-06-01 00:00:00;2027-06-10 00:00:00
2027-05-28 00:00:00;SO307938;C0017;CL002;846;2027-07-23 00:00:00;2027-07-30 00:00:00;2027-06-01 00:00:00;2027-06-08 00:00:00
2027-05-28 00:00:00;SO307938;C0017;CS004;369;2027-07-23 00:00:00;2027-07-21 00:00:00;2027-06-01 00:00:00;2027-05-30 00:00:00
2027-05-28 00:00:00;SO307938;C0017;CT002;415;2027-07-23 00:00:00;2027-07-25 00:00:00;2027-06-01 00:00:00;2027-06-03 00:00:00
2027-05-28 00:00:00;SO680223;C0027;CS003;865;2027-07-09 00:00:00;2027-07-04 00:00:00;2027-06-05 00:00:00;2027-05-31 00:00:00
2027-05-28 00:00:00;SO680223;C0027;AS004;600;2027-07-09 00:00:00;2027-06-29 00:00:00;2027-06-05 00:00:00;2027-05-26 00:00:00
2027-05-28 00:00:00;SO680223;C0027;VS001;604;2027-07-09 00:00:00;2027-07-17 00:00:00;2027-06-05 00:00:00;2027-06-13 00:00:00
2027-05-28 00:00:00;SO307938;C0017;AS005;599;2027-07-23 00:00:00;2027-07-31 00:00:00;2027-06-01 00:00:00;2027-06-09 00:00:00
2027-05-28 00:00:00;SO680223;C0027;AT001;347;2027-07-09 00:00:00;2027-07-06 00:00:00;2027-06-05 00:00:00;2027-06-02 00:00:00
2027-05-28 00:00:00;SO307938;C0017;AL002;569;2027-07-23 00:00:00;2027-07-22 00:00:00;2027-06-01 00:00:00;2027-05-31 00:00:00
2027-05-28 00:00:00;SO307938;C0017;CT003;832;2027-07-23 00:00:00;2027-07-16 00:00:00;2027-06-01 00:00:00;2027-05-25 00:00:00
2027-05-28 00:00:00;SO680223;C0027;CT003;868;2027-07-09 00:00:00;2027-07-18 00:00:00;2027-06-05 00:00:00;2027-06-14 00:00:00
2027-05-28 00:00:00;SO307938;C0017;CL001;924;2027-07-23 00:00:00;2027-07-13 00:00:00;2027-06-01 00:00:00;2027-05-22 00:00:00
2027-05-28 00:00:00;SO307938;C0017;VS002;874;2027-07-23 00:00:00;2027-07-28 00:00:00;2027-06-01 00:00:00;2027-06-06 00:00:00
2027-05-28 00:00:00;SO680223;C0027;VS003;576;2027-07-09 00:00:00;2027-07-09 00:00:00;2027-06-05 00:00:00;2027-06-05 00:00:00
2027-05-28 00:00:00;SO307938;C0017;CS003;849;2027-07-23 00:00:00;2027-07-17 00:00:00;2027-06-01 00:00:00;2027-05-26 00:00:00
2027-05-28 00:00:00;SO307938;C0017;VS001;877;2027-07-23 00:00:00;2027-07-24 00:00:00;2027-06-01 00:00:00;2027-06-02 00:00:00
2027-05-28 00:00:00;SO307938;C0017;AS003;599;2027-07-23 00:00:00;2027-07-15 00:00:00;2027-06-01 00:00:00;2027-05-24 00:00:00
2027-05-31 00:00:00;SO234137;C0011;AS005;1089;2027-07-05 00:00:00;2027-07-03 00:00:00;2027-06-03 00:00:00;2027-06-01 00:00:00
2027-05-31 00:00:00;SO157316;C0013;AS003;1261;2027-06-28 00:00:00;2027-07-07 00:00:00;2027-06-04 00:00:00;2027-06-13 00:00:00
2027-05-31 00:00:00;SO455846;C0009;VS002;1102;2027-06-14 00:00:00;2027-06-08 00:00:00;2027-06-03 00:00:00;2027-05-28 00:00:00
2027-05-31 00:00:00;SO115447;C0004;CT002;433;2027-06-14 00:00:00;2027-06-23 00:00:00;2027-06-02 00:00:00;2027-06-11 00:00:00
2027-05-31 00:00:00;SO455846;C0009;CS004;792;2027-06-14 00:00:00;2027-06-13 00:00:00;2027-06-03 00:00:00;2027-06-02 00:00:00
2027-05-31 00:00:00;SO455846;C0009;AS003;896;2027-06-14 00:00:00;2027-06-08 00:00:00;2027-06-03 00:00:00;2027-05-28 00:00:00
2027-05-31 00:00:00;SO157316;C0013;VS004;935;2027-06-28 00:00:00;2027-06-19 00:00:00;2027-06-04 00:00:00;2027-05-26 00:00:00
2027-05-31 00:00:00;SO115447;C0004;AS005;814;2027-06-14 00:00:00;2027-06-04 00:00:00;2027-06-02 00:00:00;2027-05-23 00:00:00
2027-05-31 00:00:00;SO455846;C0009;AS004;1053;2027-06-14 00:00:00;2027-06-12 00:00:00;2027-06-03 00:00:00;2027-06-01 00:00:00
2027-05-31 00:00:00;SO115447;C0004;AS002;933;2027-06-14 00:00:00;2027-06-17 00:00:00;2027-06-02 00:00:00;2027-06-05 00:00:00
2027-05-31 00:00:00;SO157316;C0013;CT002;819;2027-06-28 00:00:00;2027-06-28 00:00:00;2027-06-04 00:00:00;2027-06-04 00:00:00
2027-05-31 00:00:00;SO234137;C0011;AT001;933;2027-07-05 00:00:00;2027-07-11 00:00:00;2027-06-03 00:00:00;2027-06-09 00:00:00
2027-05-31 00:00:00;SO115447;C0004;CS003;889;2027-06-14 00:00:00;2027-06-07 00:00:00;2027-06-02 00:00:00;2027-05-26 00:00:00
2027-05-31 00:00:00;SO455846;C0009;AL002;944;2027-06-14 00:00:00;2027-06-10 00:00:00;2027-06-03 00:00:00;2027-05-30 00:00:00
2027-05-31 00:00:00;SO157316;C0013;AL001;604;2027-06-28 00:00:00;2027-06-27 00:00:00;2027-06-04 00:00:00;2027-06-03 00:00:00
2027-05-31 00:00:00;SO157316;C0013;CS004;1230;2027-06-28 00:00:00;2027-06-30 00:00:00;2027-06-04 00:00:00;2027-06-06 00:00:00
2027-05-31 00:00:00;SO234137;C0011;CS003;1238;2027-07-05 00:00:00;2027-06-25 00:00:00;2027-06-03 00:00:00;2027-05-24 00:00:00
2027-06-01 00:00:00;SO173380;C0014;AS001;1188;2027-07-06 00:00:00;2027-07-02 00:00:00;2027-06-05 00:00:00;2027-06-01 00:00:00
2027-06-01 00:00:00;SO164585;C0004;CT001;767;2027-06-15 00:00:00;2027-06-18 00:00:00;2027-06-03 00:00:00;2027-06-06 00:00:00
2027-06-01 00:00:00;SO462733;C0001;CL001;332;2027-06-29 00:00:00;2027-06-23 00:00:00;2027-06-03 00:00:00;2027-05-28 00:00:00
2027-06-01 00:00:00;SO862967;C0011;CL001;907;2027-07-06 00:00:00;2027-07-13 00:00:00;2027-06-04 00:00:00;2027-06-11 00:00:00
2027-06-01 00:00:00;SO462733;C0001;AL001;506;2027-06-29 00:00:00;2027-07-07 00:00:00;2027-06-03 00:00:00;2027-06-11 00:00:00
2027-06-01 00:00:00;SO173380;C0014;AS004;510;2027-07-06 00:00:00;2027-07-15 00:00:00;2027-06-05 00:00:00;2027-06-14 00:00:00
2027-06-01 00:00:00;SO173380;C0014;AT001;277;2027-07-06 00:00:00;2027-07-12 00:00:00;2027-06-05 00:00:00;2027-06-11 00:00:00
2027-06-01 00:00:00;SO862967;C0011;AT002;691;2027-07-06 00:00:00;2027-07-06 00:00:00;2027-06-04 00:00:00;2027-06-04 00:00:00
2027-06-01 00:00:00;SO164585;C0004;AS005;609;2027-06-15 00:00:00;2027-06-23 00:00:00;2027-06-03 00:00:00;2027-06-11 00:00:00
2027-06-01 00:00:00;SO164585;C0004;AS004;1281;2027-06-15 00:00:00;2027-06-08 00:00:00;2027-06-03 00:00:00;2027-05-27 00:00:00
2027-06-01 00:00:00;SO462733;C0001;CS001;1323;2027-06-29 00:00:00;2027-06-20 00:00:00;2027-06-03 00:00:00;2027-05-25 00:00:00
2027-06-01 00:00:00;SO173380;C0014;CT002;900;2027-07-06 00:00:00;2027-07-03 00:00:00;2027-06-05 00:00:00;2027-06-02 00:00:00
2027-06-01 00:00:00;SO173380;C0014;CL001;524;2027-07-06 00:00:00;2027-07-10 00:00:00;2027-06-05 00:00:00;2027-06-09 00:00:00
2027-06-01 00:00:00;SO173380;C0014;CS003;962;2027-07-06 00:00:00;2027-07-01 00:00:00;2027-06-05 00:00:00;2027-05-31 00:00:00
2027-06-01 00:00:00;SO862967;C0011;CT002;1277;2027-07-06 00:00:00;2027-07-08 00:00:00;2027-06-04 00:00:00;2027-06-06 00:00:00
2027-06-01 00:00:00;SO462733;C0001;CT003;680;2027-06-29 00:00:00;2027-06-25 00:00:00;2027-06-03 00:00:00;2027-05-30 00:00:00
2027-06-01 00:00:00;SO862967;C0011;AS002;375;2027-07-06 00:00:00;2027-07-08 00:00:00;2027-06-04 00:00:00;2027-06-06 00:00:00
2027-06-01 00:00:00;SO462733;C0001;AS003;1204;2027-06-29 00:00:00;2027-06-20 00:00:00;2027-06-03 00:00:00;2027-05-25 00:00:00
2027-06-02 00:00:00;SO771401;C0012;CT001;660;2027-06-30 00:00:00;2027-06-23 00:00:00;2027-06-05 00:00:00;2027-05-29 00:00:00
2027-06-02 00:00:00;SO923169;C0025;VS005;771;2027-06-30 00:00:00;2027-06-25 00:00:00;2027-06-10 00:00:00;2027-06-05 00:00:00
2027-06-02 00:00:00;SO710169;C0018;AT002;1255;2027-08-04 00:00:00;2027-08-11 00:00:00;2027-06-06 00:00:00;2027-06-13 00:00:00
2027-06-02 00:00:00;SO512440;C0026;CS004;951;2027-07-07 00:00:00;2027-07-07 00:00:00;2027-06-10 00:00:00;2027-06-10 00:00:00
2027-06-02 00:00:00;SO710169;C0018;AL001;374;2027-08-04 00:00:00;2027-08-03 00:00:00;2027-06-06 00:00:00;2027-06-05 00:00:00
2027-06-02 00:00:00;SO512440;C0026;CS001;978;2027-07-07 00:00:00;2027-07-12 00:00:00;2027-06-10 00:00:00;2027-06-15 00:00:00
2027-06-02 00:00:00;SO512440;C0026;CT003;567;2027-07-07 00:00:00;2027-07-04 00:00:00;2027-06-10 00:00:00;2027-06-07 00:00:00
2027-06-02 00:00:00;SO512440;C0026;VS005;1285;2027-07-07 00:00:00;2027-07-17 00:00:00;2027-06-10 00:00:00;2027-06-20 00:00:00
2027-06-02 00:00:00;SO512440;C0026;AS005;1109;2027-07-07 00:00:00;2027-07-03 00:00:00;2027-06-10 00:00:00;2027-06-06 00:00:00
2027-06-02 00:00:00;SO710169;C0018;CT002;874;2027-08-04 00:00:00;2027-07-27 00:00:00;2027-06-06 00:00:00;2027-05-29 00:00:00
2027-06-02 00:00:00;SO923169;C0025;VS004;1103;2027-06-30 00:00:00;2027-07-08 00:00:00;2027-06-10 00:00:00;2027-06-18 00:00:00
2027-06-02 00:00:00;SO923169;C0025;CS001;802;2027-06-30 00:00:00;2027-06-30 00:00:00;2027-06-10 00:00:00;2027-06-10 00:00:00
2027-06-03 00:00:00;SO264837;C0003;VS001;918;2027-07-15 00:00:00;2027-07-14 00:00:00;2027-06-05 00:00:00;2027-06-04 00:00:00
2027-06-03 00:00:00;SO511115;C0002;CS003;344;2027-07-08 00:00:00;2027-07-07 00:00:00;2027-06-05 00:00:00;2027-06-04 00:00:00
2027-06-03 00:00:00;SO987204;C0023;CL002;649;2027-07-08 00:00:00;2027-06-29 00:00:00;2027-06-07 00:00:00;2027-05-29 00:00:00
2027-06-03 00:00:00;SO987204;C0023;CS003;1144;2027-07-08 00:00:00;2027-07-14 00:00:00;2027-06-07 00:00:00;2027-06-13 00:00:00
2027-06-03 00:00:00;SO264837;C0003;AS003;1039;2027-07-15 00:00:00;2027-07-08 00:00:00;2027-06-05 00:00:00;2027-05-29 00:00:00
2027-06-03 00:00:00;SO987204;C0023;CT002;1295;2027-07-08 00:00:00;2027-07-16 00:00:00;2027-06-07 00:00:00;2027-06-15 00:00:00
2027-06-03 00:00:00;SO264837;C0003;CS003;1103;2027-07-15 00:00:00;2027-07-23 00:00:00;2027-06-05 00:00:00;2027-06-13 00:00:00
2027-06-03 00:00:00;SO511115;C0002;AS004;849;2027-07-08 00:00:00;2027-06-28 00:00:00;2027-06-05 00:00:00;2027-05-26 00:00:00
2027-06-03 00:00:00;SO987204;C0023;VS004;351;2027-07-08 00:00:00;2027-07-02 00:00:00;2027-06-07 00:00:00;2027-06-01 00:00:00
2027-06-03 00:00:00;SO264837;C0003;AS002;802;2027-07-15 00:00:00;2027-07-21 00:00:00;2027-06-05 00:00:00;2027-06-11 00:00:00
2027-06-03 00:00:00;SO987204;C0023;AS002;461;2027-07-08 00:00:00;2027-07-13 00:00:00;2027-06-07 00:00:00;2027-06-12 00:00:00
2027-06-03 00:00:00;SO264837;C0003;AS001;479;2027-07-15 00:00:00;2027-07-25 00:00:00;2027-06-05 00:00:00;2027-06-15 00:00:00
2027-06-03 00:00:00;SO987204;C0023;AL001;651;2027-07-08 00:00:00;2027-07-15 00:00:00;2027-06-07 00:00:00;2027-06-14 00:00:00
2027-06-04 00:00:00;SO749997;C0007;AL001;731;2027-08-06 00:00:00;2027-08-13 00:00:00;2027-06-07 00:00:00;2027-06-14 00:00:00
2027-06-04 00:00:00;SO593964;C0004;AS004;529;2027-06-18 00:00:00;2027-06-27 00:00:00;2027-06-06 00:00:00;2027-06-15 00:00:00
2027-06-04 00:00:00;SO272119;C0008;AS001;546;2027-07-30 00:00:00;2027-08-03 00:00:00;2027-06-07 00:00:00;2027-06-11 00:00:00
2027-06-04 00:00:00;SO749997;C0007;CS004;388;2027-08-06 00:00:00;2027-08-07 00:00:00;2027-06-07 00:00:00;2027-06-08 00:00:00
2027-06-04 00:00:00;SO272119;C0008;CS004;1034;2027-07-30 00:00:00;2027-07-20 00:00:00;2027-06-07 00:00:00;2027-05-28 00:00:00
2027-06-04 00:00:00;SO749997;C0007;CT003;909;2027-08-06 00:00:00;2027-07-28 00:00:00;2027-06-07 00:00:00;2027-05-29 00:00:00
2027-06-04 00:00:00;SO272119;C0008;AS005;1352;2027-07-30 00:00:00;2027-08-05 00:00:00;2027-06-07 00:00:00;2027-06-13 00:00:00
2027-06-04 00:00:00;SO272119;C0008;AT002;907;2027-07-30 00:00:00;2027-08-06 00:00:00;2027-06-07 00:00:00;2027-06-14 00:00:00
2027-06-04 00:00:00;SO749997;C0007;VS003;770;2027-08-06 00:00:00;2027-07-27 00:00:00;2027-06-07 00:00:00;2027-05-28 00:00:00
2027-06-04 00:00:00;SO593964;C0004;VS001;845;2027-06-18 00:00:00;2027-06-18 00:00:00;2027-06-06 00:00:00;2027-06-06 00:00:00
2027-06-04 00:00:00;SO593964;C0004;CS003;1040;2027-06-18 00:00:00;2027-06-23 00:00:00;2027-06-06 00:00:00;2027-06-11 00:00:00
2027-06-04 00:00:00;SO593964;C0004;CT003;990;2027-06-18 00:00:00;2027-06-17 00:00:00;2027-06-06 00:00:00;2027-06-05 00:00:00
2027-06-04 00:00:00;SO272119;C0008;AL001;1219;2027-07-30 00:00:00;2027-07-24 00:00:00;2027-06-07 00:00:00;2027-06-01 00:00:00
2027-06-04 00:00:00;SO749997;C0007;AS004;1154;2027-08-06 00:00:00;2027-08-02 00:00:00;2027-06-07 00:00:00;2027-06-03 00:00:00
2027-06-04 00:00:00;SO593964;C0004;AS003;1113;2027-06-18 00:00:00;2027-06-11 00:00:00;2027-06-06 00:00:00;2027-05-30 00:00:00
2027-06-04 00:00:00;SO593964;C0004;AS001;1142;2027-06-18 00:00:00;2027-06-26 00:00:00;2027-06-06 00:00:00;2027-06-14 00:00:00
2027-06-04 00:00:00;SO749997;C0007;AS002;331;2027-08-06 00:00:00;2027-08-12 00:00:00;2027-06-07 00:00:00;2027-06-13 00:00:00
2027-06-04 00:00:00;SO272119;C0008;CS002;1297;2027-07-30 00:00:00;2027-08-04 00:00:00;2027-06-07 00:00:00;2027-06-12 00:00:00
2027-06-04 00:00:00;SO749997;C0007;VS001;1155;2027-08-06 00:00:00;2027-08-15 00:00:00;2027-06-07 00:00:00;2027-06-16 00:00:00
2027-06-04 00:00:00;SO272119;C0008;CS001;301;2027-07-30 00:00:00;2027-08-09 00:00:00;2027-06-07 00:00:00;2027-06-17 00:00:00
2027-06-07 00:00:00;SO854910;C0030;CL001;423;2027-08-09 00:00:00;2027-08-12 00:00:00;2027-06-15 00:00:00;2027-06-18 00:00:00
2027-06-07 00:00:00;SO845998;C0022;AT002;1039;2027-07-19 00:00:00;2027-07-24 00:00:00;2027-06-11 00:00:00;2027-06-16 00:00:00
2027-06-07 00:00:00;SO416940;C0017;CL001;1001;2027-08-02 00:00:00;2027-08-05 00:00:00;2027-06-11 00:00:00;2027-06-14 00:00:00
2027-06-07 00:00:00;SO333305;C0019;AT002;530;2027-08-09 00:00:00;2027-08-14 00:00:00;2027-06-11 00:00:00;2027-06-16 00:00:00
2027-06-07 00:00:00;SO854910;C0030;AS003;420;2027-08-09 00:00:00;2027-08-15 00:00:00;2027-06-15 00:00:00;2027-06-21 00:00:00
2027-06-07 00:00:00;SO854910;C0030;AT002;1057;2027-08-09 00:00:00;2027-08-12 00:00:00;2027-06-15 00:00:00;2027-06-18 00:00:00
2027-06-07 00:00:00;SO845998;C0022;AS002;444;2027-07-19 00:00:00;2027-07-18 00:00:00;2027-06-11 00:00:00;2027-06-10 00:00:00
2027-06-07 00:00:00;SO333305;C0019;AS002;878;2027-08-09 00:00:00;2027-08-03 00:00:00;2027-06-11 00:00:00;2027-06-05 00:00:00
2027-06-07 00:00:00;SO854910;C0030;VS001;833;2027-08-09 00:00:00;2027-07-30 00:00:00;2027-06-15 00:00:00;2027-06-05 00:00:00
2027-06-07 00:00:00;SO854910;C0030;CS004;405;2027-08-09 00:00:00;2027-08-13 00:00:00;2027-06-15 00:00:00;2027-06-19 00:00:00
2027-06-07 00:00:00;SO854910;C0030;CT002;811;2027-08-09 00:00:00;2027-08-16 00:00:00;2027-06-15 00:00:00;2027-06-22 00:00:00
2027-06-07 00:00:00;SO333305;C0019;AS003;585;2027-08-09 00:00:00;2027-08-09 00:00:00;2027-06-11 00:00:00;2027-06-11 00:00:00
2027-06-07 00:00:00;SO333305;C0019;VS001;397;2027-08-09 00:00:00;2027-08-13 00:00:00;2027-06-11 00:00:00;2027-06-15 00:00:00
2027-06-07 00:00:00;SO333305;C0019;AS005;911;2027-08-09 00:00:00;2027-08-07 00:00:00;2027-06-11 00:00:00;2027-06-09 00:00:00
2027-06-07 00:00:00;SO416940;C0017;CS004;915;2027-08-02 00:00:00;2027-08-09 00:00:00;2027-06-11 00:00:00;2027-06-18 00:00:00
2027-06-07 00:00:00;SO333305;C0019;CT002;816;2027-08-09 00:00:00;2027-08-04 00:00:00;2027-06-11 00:00:00;2027-06-06 00:00:00
2027-06-07 00:00:00;SO845998;C0022;CS003;1118;2027-07-19 00:00:00;2027-07-24 00:00:00;2027-06-11 00:00:00;2027-06-16 00:00:00
2027-06-08 00:00:00;SO179691;C0030;CS001;986;2027-08-10 00:00:00;2027-08-12 00:00:00;2027-06-16 00:00:00;2027-06-18 00:00:00
2027-06-08 00:00:00;SO359589;C0016;CL002;960;2027-06-22 00:00:00;2027-06-15 00:00:00;2027-06-12 00:00:00;2027-06-05 00:00:00
2027-06-08 00:00:00;SO179691;C0030;CT003;1151;2027-08-10 00:00:00;2027-08-16 00:00:00;2027-06-16 00:00:00;2027-06-22 00:00:00
2027-06-08 00:00:00;SO179691;C0030;CS002;968;2027-08-10 00:00:00;2027-08-15 00:00:00;2027-06-16 00:00:00;2027-06-21 00:00:00
2027-06-08 00:00:00;SO359589;C0016;CS004;719;2027-06-22 00:00:00;2027-06-16 00:00:00;2027-06-12 00:00:00;2027-06-06 00:00:00
2027-06-08 00:00:00;SO359589;C0016;AS003;1213;2027-06-22 00:00:00;2027-06-14 00:00:00;2027-06-12 00:00:00;2027-06-04 00:00:00
2027-06-08 00:00:00;SO359589;C0016;CS003;546;2027-06-22 00:00:00;2027-06-17 00:00:00;2027-06-12 00:00:00;2027-06-07 00:00:00
2027-06-08 00:00:00;SO359589;C0016;CT003;962;2027-06-22 00:00:00;2027-06-29 00:00:00;2027-06-12 00:00:00;2027-06-19 00:00:00
2027-06-08 00:00:00;SO179691;C0030;VS004;999;2027-08-10 00:00:00;2027-08-16 00:00:00;2027-06-16 00:00:00;2027-06-22 00:00:00
2027-06-08 00:00:00;SO359589;C0016;VS003;1066;2027-06-22 00:00:00;2027-07-01 00:00:00;2027-06-12 00:00:00;2027-06-21 00:00:00
2027-06-08 00:00:00;SO359589;C0016;AS005;656;2027-06-22 00:00:00;2027-06-24 00:00:00;2027-06-12 00:00:00;2027-06-14 00:00:00
2027-06-08 00:00:00;SO179691;C0030;VS002;449;2027-08-10 00:00:00;2027-08-01 00:00:00;2027-06-16 00:00:00;2027-06-07 00:00:00
2027-06-08 00:00:00;SO179691;C0030;AS004;1195;2027-08-10 00:00:00;2027-08-20 00:00:00;2027-06-16 00:00:00;2027-06-26 00:00:00
2027-06-08 00:00:00;SO179691;C0030;AS001;1303;2027-08-10 00:00:00;2027-08-20 00:00:00;2027-06-16 00:00:00;2027-06-26 00:00:00
2027-06-08 00:00:00;SO179691;C0030;AT002;449;2027-08-10 00:00:00;2027-08-20 00:00:00;2027-06-16 00:00:00;2027-06-26 00:00:00
2027-06-08 00:00:00;SO359589;C0016;VS004;930;2027-06-22 00:00:00;2027-07-02 00:00:00;2027-06-12 00:00:00;2027-06-22 00:00:00
2027-06-09 00:00:00;SO754542;C0016;CL002;780;2027-06-23 00:00:00;2027-07-02 00:00:00;2027-06-13 00:00:00;2027-06-22 00:00:00
2027-06-09 00:00:00;SO629777;C0012;AS001;303;2027-07-07 00:00:00;2027-07-16 00:00:00;2027-06-12 00:00:00;2027-06-21 00:00:00
2027-06-09 00:00:00;SO813384;C0019;AT002;1316;2027-08-11 00:00:00;2027-08-12 00:00:00;2027-06-13 00:00:00;2027-06-14 00:00:00
2027-06-09 00:00:00;SO754542;C0016;AS002;310;2027-06-23 00:00:00;2027-06-13 00:00:00;2027-06-13 00:00:00;2027-06-03 00:00:00
2027-06-09 00:00:00;SO629777;C0012;CL002;1281;2027-07-07 00:00:00;2027-07-01 00:00:00;2027-06-12 00:00:00;2027-06-06 00:00:00
2027-06-09 00:00:00;SO754542;C0016;VS002;490;2027-06-23 00:00:00;2027-06-21 00:00:00;2027-06-13 00:00:00;2027-06-11 00:00:00
2027-06-09 00:00:00;SO813384;C0019;AS003;912;2027-08-11 00:00:00;2027-08-11 00:00:00;2027-06-13 00:00:00;2027-06-13 00:00:00
2027-06-09 00:00:00;SO629777;C0012;CS001;648;2027-07-07 00:00:00;2027-07-06 00:00:00;2027-06-12 00:00:00;2027-06-11 00:00:00
2027-06-09 00:00:00;SO629777;C0012;AT001;920;2027-07-07 00:00:00;2027-07-01 00:00:00;2027-06-12 00:00:00;2027-06-06 00:00:00
2027-06-09 00:00:00;SO813384;C0019;AS002;815;2027-08-11 00:00:00;2027-08-19 00:00:00;2027-06-13 00:00:00;2027-06-21 00:00:00
2027-06-09 00:00:00;SO813384;C0019;VS002;572;2027-08-11 00:00:00;2027-08-15 00:00:00;2027-06-13 00:00:00;2027-06-17 00:00:00
2027-06-09 00:00:00;SO629777;C0012;VS005;507;2027-07-07 00:00:00;2027-07-10 00:00:00;2027-06-12 00:00:00;2027-06-15 00:00:00
2027-06-10 00:00:00;SO623890;C0028;CS004;470;2027-06-24 00:00:00;2027-06-20 00:00:00;2027-06-18 00:00:00;2027-06-14 00:00:00
2027-06-10 00:00:00;SO781208;C0027;CT003;943;2027-07-22 00:00:00;2027-07-19 00:00:00;2027-06-18 00:00:00;2027-06-15 00:00:00
2027-06-10 00:00:00;SO882630;C0009;AS003;1162;2027-06-24 00:00:00;2027-06-15 00:00:00;2027-06-13 00:00:00;2027-06-04 00:00:00
2027-06-10 00:00:00;SO882630;C0009;CT002;643;2027-06-24 00:00:00;2027-07-04 00:00:00;2027-06-13 00:00:00;2027-06-23 00:00:00
2027-06-10 00:00:00;SO623890;C0028;VS004;683;2027-06-24 00:00:00;2027-06-26 00:00:00;2027-06-18 00:00:00;2027-06-20 00:00:00
2027-06-10 00:00:00;SO882630;C0009;AS004;770;2027-06-24 00:00:00;2027-06-30 00:00:00;2027-06-13 00:00:00;2027-06-19 00:00:00
2027-06-10 00:00:00;SO623890;C0028;VS002;1144;2027-06-24 00:00:00;2027-06-14 00:00:00;2027-06-18 00:00:00;2027-06-08 00:00:00
2027-06-10 00:00:00;SO882630;C0009;CS004;1180;2027-06-24 00:00:00;2027-06-30 00:00:00;2027-06-13 00:00:00;2027-06-19 00:00:00
2027-06-10 00:00:00;SO781208;C0027;AS002;928;2027-07-22 00:00:00;2027-07-15 00:00:00;2027-06-18 00:00:00;2027-06-11 00:00:00
2027-06-10 00:00:00;SO781208;C0027;CS002;843;2027-07-22 00:00:00;2027-07-30 00:00:00;2027-06-18 00:00:00;2027-06-26 00:00:00
2027-06-10 00:00:00;SO781208;C0027;VS002;993;2027-07-22 00:00:00;2027-07-27 00:00:00;2027-06-18 00:00:00;2027-06-23 00:00:00
2027-06-10 00:00:00;SO781208;C0027;AT001;763;2027-07-22 00:00:00;2027-07-18 00:00:00;2027-06-18 00:00:00;2027-06-14 00:00:00
2027-06-10 00:00:00;SO781208;C0027;VS005;902;2027-07-22 00:00:00;2027-07-24 00:00:00;2027-06-18 00:00:00;2027-06-20 00:00:00
2027-06-10 00:00:00;SO623890;C0028;CS002;691;2027-06-24 00:00:00;2027-07-02 00:00:00;2027-06-18 00:00:00;2027-06-26 00:00:00
2027-06-10 00:00:00;SO781208;C0027;VS004;746;2027-07-22 00:00:00;2027-07-23 00:00:00;2027-06-18 00:00:00;2027-06-19 00:00:00
2027-06-10 00:00:00;SO882630;C0009;AS001;1043;2027-06-24 00:00:00;2027-06-23 00:00:00;2027-06-13 00:00:00;2027-06-12 00:00:00
2027-06-11 00:00:00;SO141523;C0018;CS003;603;2027-08-13 00:00:00;2027-08-04 00:00:00;2027-06-15 00:00:00;2027-06-06 00:00:00
2027-06-11 00:00:00;SO869110;C0003;AS004;366;2027-07-23 00:00:00;2027-07-14 00:00:00;2027-06-13 00:00:00;2027-06-04 00:00:00
2027-06-11 00:00:00;SO141523;C0018;CT001;713;2027-08-13 00:00:00;2027-08-12 00:00:00;2027-06-15 00:00:00;2027-06-14 00:00:00
2027-06-11 00:00:00;SO141523;C0018;CS002;551;2027-08-13 00:00:00;2027-08-16 00:00:00;2027-06-15 00:00:00;2027-06-18 00:00:00
2027-06-11 00:00:00;SO869110;C0003;VS002;536;2027-07-23 00:00:00;2027-07-25 00:00:00;2027-06-13 00:00:00;2027-06-15 00:00:00
2027-06-11 00:00:00;SO141523;C0018;VS001;405;2027-08-13 00:00:00;2027-08-20 00:00:00;2027-06-15 00:00:00;2027-06-22 00:00:00
2027-06-11 00:00:00;SO141523;C0018;VS004;1125;2027-08-13 00:00:00;2027-08-03 00:00:00;2027-06-15 00:00:00;2027-06-05 00:00:00
2027-06-11 00:00:00;SO141523;C0018;AL001;913;2027-08-13 00:00:00;2027-08-19 00:00:00;2027-06-15 00:00:00;2027-06-21 00:00:00
2027-06-11 00:00:00;SO141523;C0018;CT003;790;2027-08-13 00:00:00;2027-08-23 00:00:00;2027-06-15 00:00:00;2027-06-25 00:00:00
2027-06-11 00:00:00;SO141523;C0018;AT002;689;2027-08-13 00:00:00;2027-08-20 00:00:00;2027-06-15 00:00:00;2027-06-22 00:00:00
2027-06-11 00:00:00;SO141523;C0018;AS001;789;2027-08-13 00:00:00;2027-08-10 00:00:00;2027-06-15 00:00:00;2027-06-12 00:00:00
2027-06-11 00:00:00;SO869110;C0003;CT003;1138;2027-07-23 00:00:00;2027-07-13 00:00:00;2027-06-13 00:00:00;2027-06-03 00:00:00
2027-06-11 00:00:00;SO141523;C0018;AS004;461;2027-08-13 00:00:00;2027-08-11 00:00:00;2027-06-15 00:00:00;2027-06-13 00:00:00
2027-06-14 00:00:00;SO351615;C0008;CT003;516;2027-08-09 00:00:00;2027-08-05 00:00:00;2027-06-17 00:00:00;2027-06-13 00:00:00
2027-06-14 00:00:00;SO434125;C0027;CT001;797;2027-07-26 00:00:00;2027-07-29 00:00:00;2027-06-22 00:00:00;2027-06-25 00:00:00
2027-06-14 00:00:00;SO351615;C0008;CS002;684;2027-08-09 00:00:00;2027-08-07 00:00:00;2027-06-17 00:00:00;2027-06-15 00:00:00
2027-06-14 00:00:00;SO351615;C0008;AS002;618;2027-08-09 00:00:00;2027-08-06 00:00:00;2027-06-17 00:00:00;2027-06-14 00:00:00
2027-06-14 00:00:00;SO434125;C0027;VS003;648;2027-07-26 00:00:00;2027-08-04 00:00:00;2027-06-22 00:00:00;2027-07-01 00:00:00
2027-06-14 00:00:00;SO434125;C0027;AT002;653;2027-07-26 00:00:00;2027-07-21 00:00:00;2027-06-22 00:00:00;2027-06-17 00:00:00
2027-06-14 00:00:00;SO351615;C0008;AL001;774;2027-08-09 00:00:00;2027-08-08 00:00:00;2027-06-17 00:00:00;2027-06-16 00:00:00
2027-06-14 00:00:00;SO351615;C0008;CL001;815;2027-08-09 00:00:00;2027-08-08 00:00:00;2027-06-17 00:00:00;2027-06-16 00:00:00
2027-06-14 00:00:00;SO351615;C0008;AS001;780;2027-08-09 00:00:00;2027-08-05 00:00:00;2027-06-17 00:00:00;2027-06-13 00:00:00
2027-06-14 00:00:00;SO434125;C0027;VS002;1107;2027-07-26 00:00:00;2027-08-03 00:00:00;2027-06-22 00:00:00;2027-06-30 00:00:00
2027-06-14 00:00:00;SO351615;C0008;CL002;1322;2027-08-09 00:00:00;2027-08-18 00:00:00;2027-06-17 00:00:00;2027-06-26 00:00:00
2027-06-14 00:00:00;SO434125;C0027;AS002;441;2027-07-26 00:00:00;2027-07-18 00:00:00;2027-06-22 00:00:00;2027-06-14 00:00:00
2027-06-14 00:00:00;SO351615;C0008;VS005;732;2027-08-09 00:00:00;2027-08-11 00:00:00;2027-06-17 00:00:00;2027-06-19 00:00:00
2027-06-14 00:00:00;SO351615;C0008;CS004;353;2027-08-09 00:00:00;2027-08-09 00:00:00;2027-06-17 00:00:00;2027-06-17 00:00:00
2027-06-15 00:00:00;SO809035;C0022;CL002;512;2027-07-27 00:00:00;2027-07-31 00:00:00;2027-06-19 00:00:00;2027-06-23 00:00:00
2027-06-15 00:00:00;SO663313;C0028;AS002;679;2027-06-29 00:00:00;2027-06-27 00:00:00;2027-06-23 00:00:00;2027-06-21 00:00:00
2027-06-15 00:00:00;SO205896;C0010;CS002;911;2027-07-27 00:00:00;2027-07-23 00:00:00;2027-06-18 00:00:00;2027-06-14 00:00:00
2027-06-15 00:00:00;SO782339;C0008;CT001;1140;2027-08-10 00:00:00;2027-07-31 00:00:00;2027-06-18 00:00:00;2027-06-08 00:00:00
2027-06-15 00:00:00;SO782339;C0008;AS002;1018;2027-08-10 00:00:00;2027-08-15 00:00:00;2027-06-18 00:00:00;2027-06-23 00:00:00
2027-06-15 00:00:00;SO663313;C0028;CL001;555;2027-06-29 00:00:00;2027-06-19 00:00:00;2027-06-23 00:00:00;2027-06-13 00:00:00
2027-06-15 00:00:00;SO663313;C0028;CL002;568;2027-06-29 00:00:00;2027-06-30 00:00:00;2027-06-23 00:00:00;2027-06-24 00:00:00
2027-06-15 00:00:00;SO205896;C0010;AT001;991;2027-07-27 00:00:00;2027-07-25 00:00:00;2027-06-18 00:00:00;2027-06-16 00:00:00
2027-06-15 00:00:00;SO782339;C0008;AT002;896;2027-08-10 00:00:00;2027-08-03 00:00:00;2027-06-18 00:00:00;2027-06-11 00:00:00
2027-06-15 00:00:00;SO205896;C0010;VS005;865;2027-07-27 00:00:00;2027-08-02 00:00:00;2027-06-18 00:00:00;2027-06-24 00:00:00
2027-06-15 00:00:00;SO809035;C0022;AS004;1247;2027-07-27 00:00:00;2027-08-04 00:00:00;2027-06-19 00:00:00;2027-06-27 00:00:00
2027-06-15 00:00:00;SO809035;C0022;CS001;1197;2027-07-27 00:00:00;2027-08-06 00:00:00;2027-06-19 00:00:00;2027-06-29 00:00:00
2027-06-15 00:00:00;SO205896;C0010;CS001;537;2027-07-27 00:00:00;2027-07-31 00:00:00;2027-06-18 00:00:00;2027-06-22 00:00:00
2027-06-15 00:00:00;SO205896;C0010;CS003;821;2027-07-27 00:00:00;2027-07-20 00:00:00;2027-06-18 00:00:00;2027-06-11 00:00:00
2027-06-15 00:00:00;SO205896;C0010;AT002;646;2027-07-27 00:00:00;2027-07-21 00:00:00;2027-06-18 00:00:00;2027-06-12 00:00:00
2027-06-15 00:00:00;SO782339;C0008;AS003;1308;2027-08-10 00:00:00;2027-08-03 00:00:00;2027-06-18 00:00:00;2027-06-11 00:00:00
2027-06-15 00:00:00;SO663313;C0028;AL001;552;2027-06-29 00:00:00;2027-07-02 00:00:00;2027-06-23 00:00:00;2027-06-26 00:00:00
2027-06-16 00:00:00;SO322688;C0022;CS002;961;2027-07-28 00:00:00;2027-08-02 00:00:00;2027-06-20 00:00:00;2027-06-25 00:00:00
2027-06-16 00:00:00;SO294469;C0028;CS002;577;2027-06-30 00:00:00;2027-07-07 00:00:00;2027-06-24 00:00:00;2027-07-01 00:00:00
2027-06-16 00:00:00;SO997388;C0007;VS001;1224;2027-08-18 00:00:00;2027-08-18 00:00:00;2027-06-19 00:00:00;2027-06-19 00:00:00
2027-06-16 00:00:00;SO952864;C0004;AS004;537;2027-06-30 00:00:00;2027-07-02 00:00:00;2027-06-18 00:00:00;2027-06-20 00:00:00
2027-06-16 00:00:00;SO294469;C0028;AT001;1397;2027-06-30 00:00:00;2027-07-08 00:00:00;2027-06-24 00:00:00;2027-07-02 00:00:00
2027-06-16 00:00:00;SO322688;C0022;CS004;1094;2027-07-28 00:00:00;2027-07-27 00:00:00;2027-06-20 00:00:00;2027-06-19 00:00:00
2027-06-16 00:00:00;SO294469;C0028;AT002;942;2027-06-30 00:00:00;2027-07-08 00:00:00;2027-06-24 00:00:00;2027-07-02 00:00:00
2027-06-16 00:00:00;SO322688;C0022;VS003;514;2027-07-28 00:00:00;2027-07-18 00:00:00;2027-06-20 00:00:00;2027-06-10 00:00:00
2027-06-16 00:00:00;SO294469;C0028;AS001;680;2027-06-30 00:00:00;2027-06-24 00:00:00;2027-06-24 00:00:00;2027-06-18 00:00:00
2027-06-16 00:00:00;SO952864;C0004;VS004;1032;2027-06-30 00:00:00;2027-06-21 00:00:00;2027-06-18 00:00:00;2027-06-09 00:00:00
2027-06-16 00:00:00;SO322688;C0022;AT001;955;2027-07-28 00:00:00;2027-07-25 00:00:00;2027-06-20 00:00:00;2027-06-17 00:00:00
2027-06-16 00:00:00;SO997388;C0007;VS002;488;2027-08-18 00:00:00;2027-08-21 00:00:00;2027-06-19 00:00:00;2027-06-22 00:00:00
2027-06-16 00:00:00;SO952864;C0004;VS005;902;2027-06-30 00:00:00;2027-07-03 00:00:00;2027-06-18 00:00:00;2027-06-21 00:00:00
2027-06-16 00:00:00;SO322688;C0022;AS004;845;2027-07-28 00:00:00;2027-07-24 00:00:00;2027-06-20 00:00:00;2027-06-16 00:00:00
2027-06-16 00:00:00;SO294469;C0028;CS001;1166;2027-06-30 00:00:00;2027-07-02 00:00:00;2027-06-24 00:00:00;2027-06-26 00:00:00
2027-06-16 00:00:00;SO322688;C0022;VS002;784;2027-07-28 00:00:00;2027-07-18 00:00:00;2027-06-20 00:00:00;2027-06-10 00:00:00
2027-06-16 00:00:00;SO322688;C0022;AS003;1025;2027-07-28 00:00:00;2027-07-20 00:00:00;2027-06-20 00:00:00;2027-06-12 00:00:00
2027-06-16 00:00:00;SO322688;C0022;VS001;1071;2027-07-28 00:00:00;2027-07-29 00:00:00;2027-06-20 00:00:00;2027-06-21 00:00:00
2027-06-16 00:00:00;SO294469;C0028;CT001;1193;2027-06-30 00:00:00;2027-07-02 00:00:00;2027-06-24 00:00:00;2027-06-26 00:00:00
2027-06-17 00:00:00;SO250871;C0028;VS001;542;2027-07-01 00:00:00;2027-06-23 00:00:00;2027-06-25 00:00:00;2027-06-17 00:00:00
2027-06-17 00:00:00;SO833115;C0001;CS001;1188;2027-07-15 00:00:00;2027-07-17 00:00:00;2027-06-19 00:00:00;2027-06-21 00:00:00
2027-06-17 00:00:00;SO833115;C0001;VS001;1113;2027-07-15 00:00:00;2027-07-25 00:00:00;2027-06-19 00:00:00;2027-06-29 00:00:00
2027-06-17 00:00:00;SO833115;C0001;VS005;1037;2027-07-15 00:00:00;2027-07-14 00:00:00;2027-06-19 00:00:00;2027-06-18 00:00:00
2027-06-17 00:00:00;SO250871;C0028;AS005;759;2027-07-01 00:00:00;2027-06-22 00:00:00;2027-06-25 00:00:00;2027-06-16 00:00:00
2027-06-17 00:00:00;SO833115;C0001;AL001;862;2027-07-15 00:00:00;2027-07-21 00:00:00;2027-06-19 00:00:00;2027-06-25 00:00:00
2027-06-17 00:00:00;SO833115;C0001;VS002;657;2027-07-15 00:00:00;2027-07-09 00:00:00;2027-06-19 00:00:00;2027-06-13 00:00:00
2027-06-17 00:00:00;SO250871;C0028;AT001;453;2027-07-01 00:00:00;2027-06-29 00:00:00;2027-06-25 00:00:00;2027-06-23 00:00:00
2027-06-17 00:00:00;SO250871;C0028;VS002;902;2027-07-01 00:00:00;2027-06-24 00:00:00;2027-06-25 00:00:00;2027-06-18 00:00:00
2027-06-17 00:00:00;SO833115;C0001;AS005;481;2027-07-15 00:00:00;2027-07-22 00:00:00;2027-06-19 00:00:00;2027-06-26 00:00:00
2027-06-17 00:00:00;SO833115;C0001;VS003;860;2027-07-15 00:00:00;2027-07-08 00:00:00;2027-06-19 00:00:00;2027-06-12 00:00:00
2027-06-17 00:00:00;SO833115;C0001;AS003;1378;2027-07-15 00:00:00;2027-07-21 00:00:00;2027-06-19 00:00:00;2027-06-25 00:00:00
2027-06-17 00:00:00;SO833115;C0001;CL002;362;2027-07-15 00:00:00;2027-07-05 00:00:00;2027-06-19 00:00:00;2027-06-09 00:00:00
2027-06-17 00:00:00;SO833115;C0001;AS002;1100;2027-07-15 00:00:00;2027-07-14 00:00:00;2027-06-19 00:00:00;2027-06-18 00:00:00
2027-06-18 00:00:00;SO269766;C0018;AS001;979;2027-08-20 00:00:00;2027-08-15 00:00:00;2027-06-22 00:00:00;2027-06-17 00:00:00
2027-06-18 00:00:00;SO406173;C0012;VS001;488;2027-07-16 00:00:00;2027-07-21 00:00:00;2027-06-21 00:00:00;2027-06-26 00:00:00
2027-06-18 00:00:00;SO466408;C0006;AL001;700;2027-08-20 00:00:00;2027-08-15 00:00:00;2027-06-20 00:00:00;2027-06-15 00:00:00
2027-06-18 00:00:00;SO406173;C0012;AS003;462;2027-07-16 00:00:00;2027-07-24 00:00:00;2027-06-21 00:00:00;2027-06-29 00:00:00
2027-06-18 00:00:00;SO406173;C0012;AS005;1043;2027-07-16 00:00:00;2027-07-11 00:00:00;2027-06-21 00:00:00;2027-06-16 00:00:00
2027-06-18 00:00:00;SO466408;C0006;CT002;978;2027-08-20 00:00:00;2027-08-10 00:00:00;2027-06-20 00:00:00;2027-06-10 00:00:00
2027-06-18 00:00:00;SO406173;C0012;CL001;1396;2027-07-16 00:00:00;2027-07-10 00:00:00;2027-06-21 00:00:00;2027-06-15 00:00:00
2027-06-18 00:00:00;SO269766;C0018;AS005;1217;2027-08-20 00:00:00;2027-08-17 00:00:00;2027-06-22 00:00:00;2027-06-19 00:00:00
2027-06-18 00:00:00;SO269766;C0018;CT001;462;2027-08-20 00:00:00;2027-08-18 00:00:00;2027-06-22 00:00:00;2027-06-20 00:00:00
2027-06-18 00:00:00;SO269766;C0018;AS004;1138;2027-08-20 00:00:00;2027-08-12 00:00:00;2027-06-22 00:00:00;2027-06-14 00:00:00
2027-06-18 00:00:00;SO406173;C0012;CS001;1018;2027-07-16 00:00:00;2027-07-17 00:00:00;2027-06-21 00:00:00;2027-06-22 00:00:00
2027-06-18 00:00:00;SO466408;C0006;CL002;819;2027-08-20 00:00:00;2027-08-19 00:00:00;2027-06-20 00:00:00;2027-06-19 00:00:00
2027-06-18 00:00:00;SO269766;C0018;AT002;417;2027-08-20 00:00:00;2027-08-14 00:00:00;2027-06-22 00:00:00;2027-06-16 00:00:00
2027-06-18 00:00:00;SO269766;C0018;VS001;940;2027-08-20 00:00:00;2027-08-26 00:00:00;2027-06-22 00:00:00;2027-06-28 00:00:00
2027-06-18 00:00:00;SO466408;C0006;VS005;714;2027-08-20 00:00:00;2027-08-16 00:00:00;2027-06-20 00:00:00;2027-06-16 00:00:00
2027-06-18 00:00:00;SO406173;C0012;AL001;1212;2027-07-16 00:00:00;2027-07-12 00:00:00;2027-06-21 00:00:00;2027-06-17 00:00:00
2027-06-18 00:00:00;SO406173;C0012;CS002;502;2027-07-16 00:00:00;2027-07-12 00:00:00;2027-06-21 00:00:00;2027-06-17 00:00:00
2027-06-18 00:00:00;SO269766;C0018;CL001;1116;2027-08-20 00:00:00;2027-08-16 00:00:00;2027-06-22 00:00:00;2027-06-18 00:00:00
2027-06-18 00:00:00;SO466408;C0006;CT001;1202;2027-08-20 00:00:00;2027-08-26 00:00:00;2027-06-20 00:00:00;2027-06-26 00:00:00
2027-06-18 00:00:00;SO406173;C0012;AT002;1034;2027-07-16 00:00:00;2027-07-12 00:00:00;2027-06-21 00:00:00;2027-06-17 00:00:00
2027-06-21 00:00:00;SO304193;C0006;AS001;981;2027-08-23 00:00:00;2027-08-13 00:00:00;2027-06-23 00:00:00;2027-06-13 00:00:00
2027-06-21 00:00:00;SO9000075;C0030;CS003;622;2027-08-23 00:00:00;2027-08-28 00:00:00;2027-06-29 00:00:00;2027-07-04 00:00:00
2027-06-21 00:00:00;SO304193;C0006;CS002;444;2027-08-23 00:00:00;2027-08-15 00:00:00;2027-06-23 00:00:00;2027-06-15 00:00:00
2027-06-21 00:00:00;SO304193;C0006;VS003;673;2027-08-23 00:00:00;2027-09-02 00:00:00;2027-06-23 00:00:00;2027-07-03 00:00:00
2027-06-21 00:00:00;SO9000075;C0030;CL001;841;2027-08-23 00:00:00;2027-09-02 00:00:00;2027-06-29 00:00:00;2027-07-09 00:00:00
2027-06-21 00:00:00;SO304193;C0006;CS001;770;2027-08-23 00:00:00;2027-08-25 00:00:00;2027-06-23 00:00:00;2027-06-25 00:00:00
2027-06-21 00:00:00;SO304193;C0006;VS004;1091;2027-08-23 00:00:00;2027-08-21 00:00:00;2027-06-23 00:00:00;2027-06-21 00:00:00
2027-06-21 00:00:00;SO9000075;C0030;CT003;776;2027-08-23 00:00:00;2027-08-17 00:00:00;2027-06-29 00:00:00;2027-06-23 00:00:00
2027-06-21 00:00:00;SO304193;C0006;AS005;1274;2027-08-23 00:00:00;2027-09-01 00:00:00;2027-06-23 00:00:00;2027-07-02 00:00:00
2027-06-21 00:00:00;SO304193;C0006;VS002;418;2027-08-23 00:00:00;2027-08-30 00:00:00;2027-06-23 00:00:00;2027-06-30 00:00:00
2027-06-21 00:00:00;SO304193;C0006;AT002;1065;2027-08-23 00:00:00;2027-08-15 00:00:00;2027-06-23 00:00:00;2027-06-15 00:00:00
2027-06-21 00:00:00;SO304193;C0006;CS004;731;2027-08-23 00:00:00;2027-09-02 00:00:00;2027-06-23 00:00:00;2027-07-03 00:00:00
2027-06-21 00:00:00;SO304193;C0006;CT002;1066;2027-08-23 00:00:00;2027-08-27 00:00:00;2027-06-23 00:00:00;2027-06-27 00:00:00
2027-06-21 00:00:00;SO304193;C0006;CS003;801;2027-08-23 00:00:00;2027-08-25 00:00:00;2027-06-23 00:00:00;2027-06-25 00:00:00
2027-06-21 00:00:00;SO9000075;C0030;CS004;952;2027-08-23 00:00:00;2027-08-30 00:00:00;2027-06-29 00:00:00;2027-07-06 00:00:00
2027-06-22 00:00:00;SO649578;C0026;AL001;929;2027-07-27 00:00:00;2027-07-24 00:00:00;2027-06-30 00:00:00;2027-06-27 00:00:00
2027-06-22 00:00:00;SO591644;C0006;CS001;634;2027-08-24 00:00:00;2027-08-15 00:00:00;2027-06-24 00:00:00;2027-06-15 00:00:00
2027-06-22 00:00:00;SO112748;C0018;CT002;1100;2027-08-24 00:00:00;2027-08-22 00:00:00;2027-06-26 00:00:00;2027-06-24 00:00:00
2027-06-22 00:00:00;SO649578;C0026;CS002;909;2027-07-27 00:00:00;2027-07-25 00:00:00;2027-06-30 00:00:00;2027-06-28 00:00:00
2027-06-22 00:00:00;SO112748;C0018;CT001;417;2027-08-24 00:00:00;2027-08-31 00:00:00;2027-06-26 00:00:00;2027-07-03 00:00:00
2027-06-22 00:00:00;SO591644;C0006;AT002;1145;2027-08-24 00:00:00;2027-09-01 00:00:00;2027-06-24 00:00:00;2027-07-02 00:00:00
2027-06-22 00:00:00;SO591644;C0006;VS001;1239;2027-08-24 00:00:00;2027-08-27 00:00:00;2027-06-24 00:00:00;2027-06-27 00:00:00
2027-06-22 00:00:00;SO112748;C0018;CS003;978;2027-08-24 00:00:00;2027-09-02 00:00:00;2027-06-26 00:00:00;2027-07-05 00:00:00
2027-06-22 00:00:00;SO649578;C0026;CL001;1004;2027-07-27 00:00:00;2027-07-28 00:00:00;2027-06-30 00:00:00;2027-07-01 00:00:00
2027-06-22 00:00:00;SO112748;C0018;AL001;1100;2027-08-24 00:00:00;2027-08-24 00:00:00;2027-06-26 00:00:00;2027-06-26 00:00:00
2027-06-22 00:00:00;SO591644;C0006;VS003;398;2027-08-24 00:00:00;2027-08-19 00:00:00;2027-06-24 00:00:00;2027-06-19 00:00:00
2027-06-22 00:00:00;SO112748;C0018;VS002;750;2027-08-24 00:00:00;2027-08-17 00:00:00;2027-06-26 00:00:00;2027-06-19 00:00:00
2027-06-22 00:00:00;SO112748;C0018;AS001;794;2027-08-24 00:00:00;2027-08-25 00:00:00;2027-06-26 00:00:00;2027-06-27 00:00:00
2027-06-22 00:00:00;SO649578;C0026;CS003;1140;2027-07-27 00:00:00;2027-07-22 00:00:00;2027-06-30 00:00:00;2027-06-25 00:00:00
2027-06-23 00:00:00;SO487313;C0018;AS005;1235;2027-08-25 00:00:00;2027-08-29 00:00:00;2027-06-27 00:00:00;2027-07-01 00:00:00
2027-06-23 00:00:00;SO274363;C0012;CT002;943;2027-07-21 00:00:00;2027-07-17 00:00:00;2027-06-26 00:00:00;2027-06-22 00:00:00
2027-06-23 00:00:00;SO220109;C0010;CL001;444;2027-08-04 00:00:00;2027-07-29 00:00:00;2027-06-26 00:00:00;2027-06-20 00:00:00
2027-06-23 00:00:00;SO220109;C0010;VS001;775;2027-08-04 00:00:00;2027-08-03 00:00:00;2027-06-26 00:00:00;2027-06-25 00:00:00
2027-06-23 00:00:00;SO274363;C0012;AS003;779;2027-07-21 00:00:00;2027-07-31 00:00:00;2027-06-26 00:00:00;2027-07-06 00:00:00
2027-06-23 00:00:00;SO274363;C0012;AS001;1220;2027-07-21 00:00:00;2027-07-18 00:00:00;2027-06-26 00:00:00;2027-06-23 00:00:00
2027-06-23 00:00:00;SO274363;C0012;AS005;683;2027-07-21 00:00:00;2027-07-24 00:00:00;2027-06-26 00:00:00;2027-06-29 00:00:00
2027-06-23 00:00:00;SO274363;C0012;CS001;840;2027-07-21 00:00:00;2027-07-24 00:00:00;2027-06-26 00:00:00;2027-06-29 00:00:00
2027-06-23 00:00:00;SO220109;C0010;CS001;1092;2027-08-04 00:00:00;2027-08-09 00:00:00;2027-06-26 00:00:00;2027-07-01 00:00:00
2027-06-23 00:00:00;SO274363;C0012;VS002;326;2027-07-21 00:00:00;2027-07-31 00:00:00;2027-06-26 00:00:00;2027-07-06 00:00:00
2027-06-23 00:00:00;SO487313;C0018;CS004;481;2027-08-25 00:00:00;2027-08-23 00:00:00;2027-06-27 00:00:00;2027-06-25 00:00:00
2027-06-23 00:00:00;SO220109;C0010;CS002;1001;2027-08-04 00:00:00;2027-08-01 00:00:00;2027-06-26 00:00:00;2027-06-23 00:00:00
2027-06-23 00:00:00;SO487313;C0018;CT002;829;2027-08-25 00:00:00;2027-08-26 00:00:00;2027-06-27 00:00:00;2027-06-28 00:00:00
2027-06-24 00:00:00;SO886048;C0025;CS001;534;2027-07-22 00:00:00;2027-07-31 00:00:00;2027-07-02 00:00:00;2027-07-11 00:00:00
2027-06-24 00:00:00;SO382051;C0002;AT002;1005;2027-07-29 00:00:00;2027-08-06 00:00:00;2027-06-26 00:00:00;2027-07-04 00:00:00
2027-06-24 00:00:00;SO915146;C0026;AS005;811;2027-07-29 00:00:00;2027-07-21 00:00:00;2027-07-02 00:00:00;2027-06-24 00:00:00
2027-06-24 00:00:00;SO778480;C0022;AS005;1118;2027-08-05 00:00:00;2027-08-03 00:00:00;2027-06-28 00:00:00;2027-06-26 00:00:00
2027-06-24 00:00:00;SO778480;C0022;CS003;345;2027-08-05 00:00:00;2027-08-13 00:00:00;2027-06-28 00:00:00;2027-07-06 00:00:00
2027-06-24 00:00:00;SO915146;C0026;AT001;909;2027-07-29 00:00:00;2027-07-21 00:00:00;2027-07-02 00:00:00;2027-06-24 00:00:00
2027-06-24 00:00:00;SO382051;C0002;VS003;538;2027-07-29 00:00:00;2027-07-28 00:00:00;2027-06-26 00:00:00;2027-06-25 00:00:00
2027-06-24 00:00:00;SO886048;C0025;AT001;595;2027-07-22 00:00:00;2027-07-25 00:00:00;2027-07-02 00:00:00;2027-07-05 00:00:00
2027-06-24 00:00:00;SO915146;C0026;AS001;885;2027-07-29 00:00:00;2027-08-05 00:00:00;2027-07-02 00:00:00;2027-07-09 00:00:00
2027-06-24 00:00:00;SO886048;C0025;AS003;852;2027-07-22 00:00:00;2027-07-23 00:00:00;2027-07-02 00:00:00;2027-07-03 00:00:00
2027-06-24 00:00:00;SO778480;C0022;VS005;974;2027-08-05 00:00:00;2027-08-03 00:00:00;2027-06-28 00:00:00;2027-06-26 00:00:00
2027-06-24 00:00:00;SO778480;C0022;VS004;1273;2027-08-05 00:00:00;2027-08-07 00:00:00;2027-06-28 00:00:00;2027-06-30 00:00:00
2027-06-24 00:00:00;SO886048;C0025;AS002;823;2027-07-22 00:00:00;2027-07-22 00:00:00;2027-07-02 00:00:00;2027-07-02 00:00:00
2027-06-24 00:00:00;SO886048;C0025;VS002;1107;2027-07-22 00:00:00;2027-07-26 00:00:00;2027-07-02 00:00:00;2027-07-06 00:00:00
2027-06-25 00:00:00;SO881484;C0016;CT002;933;2027-07-09 00:00:00;2027-07-13 00:00:00;2027-06-29 00:00:00;2027-07-03 00:00:00
2027-06-25 00:00:00;SO481959;C0015;CT001;388;2027-08-06 00:00:00;2027-07-29 00:00:00;2027-06-29 00:00:00;2027-06-21 00:00:00
2027-06-25 00:00:00;SO481959;C0015;CT003;770;2027-08-06 00:00:00;2027-08-05 00:00:00;2027-06-29 00:00:00;2027-06-28 00:00:00
2027-06-25 00:00:00;SO881484;C0016;VS005;1013;2027-07-09 00:00:00;2027-07-03 00:00:00;2027-06-29 00:00:00;2027-06-23 00:00:00
2027-06-25 00:00:00;SO881484;C0016;VS002;711;2027-07-09 00:00:00;2027-07-09 00:00:00;2027-06-29 00:00:00;2027-06-29 00:00:00
2027-06-25 00:00:00;SO881484;C0016;CL002;779;2027-07-09 00:00:00;2027-07-07 00:00:00;2027-06-29 00:00:00;2027-06-27 00:00:00
2027-06-25 00:00:00;SO881484;C0016;AT001;784;2027-07-09 00:00:00;2027-07-16 00:00:00;2027-06-29 00:00:00;2027-07-06 00:00:00
2027-06-25 00:00:00;SO881484;C0016;CL001;543;2027-07-09 00:00:00;2027-07-16 00:00:00;2027-06-29 00:00:00;2027-07-06 00:00:00
2027-06-25 00:00:00;SO481959;C0015;AS004;1071;2027-08-06 00:00:00;2027-08-14 00:00:00;2027-06-29 00:00:00;2027-07-07 00:00:00
2027-06-25 00:00:00;SO481959;C0015;AL001;917;2027-08-06 00:00:00;2027-08-16 00:00:00;2027-06-29 00:00:00;2027-07-09 00:00:00
2027-06-25 00:00:00;SO881484;C0016;CS002;299;2027-07-09 00:00:00;2027-06-30 00:00:00;2027-06-29 00:00:00;2027-06-20 00:00:00
2027-06-25 00:00:00;SO481959;C0015;CS003;410;2027-08-06 00:00:00;2027-08-05 00:00:00;2027-06-29 00:00:00;2027-06-28 00:00:00
2027-06-25 00:00:00;SO481959;C0015;CL001;453;2027-08-06 00:00:00;2027-08-07 00:00:00;2027-06-29 00:00:00;2027-06-30 00:00:00
2027-06-28 00:00:00;SO484531;C0020;AT002;1093;2027-08-23 00:00:00;2027-08-31 00:00:00;2027-07-02 00:00:00;2027-07-10 00:00:00
2027-06-28 00:00:00;SO149802;C0004;AL001;1146;2027-07-12 00:00:00;2027-07-14 00:00:00;2027-06-30 00:00:00;2027-07-02 00:00:00
2027-06-28 00:00:00;SO180376;C0008;CS002;515;2027-08-23 00:00:00;2027-08-18 00:00:00;2027-07-01 00:00:00;2027-06-26 00:00:00
2027-06-28 00:00:00;SO149802;C0004;AS005;283;2027-07-12 00:00:00;2027-07-13 00:00:00;2027-06-30 00:00:00;2027-07-01 00:00:00
2027-06-28 00:00:00;SO180376;C0008;VS002;973;2027-08-23 00:00:00;2027-09-01 00:00:00;2027-07-01 00:00:00;2027-07-10 00:00:00
2027-06-28 00:00:00;SO484531;C0020;AS001;714;2027-08-23 00:00:00;2027-09-02 00:00:00;2027-07-02 00:00:00;2027-07-12 00:00:00
2027-06-28 00:00:00;SO149802;C0004;CT001;908;2027-07-12 00:00:00;2027-07-02 00:00:00;2027-06-30 00:00:00;2027-06-20 00:00:00
2027-06-28 00:00:00;SO149802;C0004;CS002;721;2027-07-12 00:00:00;2027-07-12 00:00:00;2027-06-30 00:00:00;2027-06-30 00:00:00
2027-06-28 00:00:00;SO180376;C0008;VS003;1136;2027-08-23 00:00:00;2027-09-02 00:00:00;2027-07-01 00:00:00;2027-07-11 00:00:00
2027-06-28 00:00:00;SO484531;C0020;CT001;908;2027-08-23 00:00:00;2027-08-14 00:00:00;2027-07-02 00:00:00;2027-06-23 00:00:00
2027-06-28 00:00:00;SO484531;C0020;AS002;570;2027-08-23 00:00:00;2027-08-22 00:00:00;2027-07-02 00:00:00;2027-07-01 00:00:00
2027-06-28 00:00:00;SO149802;C0004;AT002;757;2027-07-12 00:00:00;2027-07-08 00:00:00;2027-06-30 00:00:00;2027-06-26 00:00:00
2027-06-28 00:00:00;SO180376;C0008;CL002;514;2027-08-23 00:00:00;2027-08-15 00:00:00;2027-07-01 00:00:00;2027-06-23 00:00:00
2027-06-29 00:00:00;SO967134;C0020;AT001;858;2027-08-24 00:00:00;2027-09-03 00:00:00;2027-07-03 00:00:00;2027-07-13 00:00:00
2027-06-29 00:00:00;SO992580;C0019;AS005;951;2027-08-31 00:00:00;2027-08-22 00:00:00;2027-07-03 00:00:00;2027-06-24 00:00:00
2027-06-29 00:00:00;SO992580;C0019;CT001;674;2027-08-31 00:00:00;2027-09-04 00:00:00;2027-07-03 00:00:00;2027-07-07 00:00:00
2027-06-29 00:00:00;SO992580;C0019;CS004;620;2027-08-31 00:00:00;2027-09-05 00:00:00;2027-07-03 00:00:00;2027-07-08 00:00:00
2027-06-29 00:00:00;SO967134;C0020;AS003;977;2027-08-24 00:00:00;2027-09-01 00:00:00;2027-07-03 00:00:00;2027-07-11 00:00:00
2027-06-29 00:00:00;SO967134;C0020;AS004;1230;2027-08-24 00:00:00;2027-08-23 00:00:00;2027-07-03 00:00:00;2027-07-02 00:00:00
2027-06-29 00:00:00;SO992580;C0019;AL001;581;2027-08-31 00:00:00;2027-09-04 00:00:00;2027-07-03 00:00:00;2027-07-07 00:00:00
2027-06-29 00:00:00;SO967134;C0020;CT001;629;2027-08-24 00:00:00;2027-08-26 00:00:00;2027-07-03 00:00:00;2027-07-05 00:00:00
2027-06-29 00:00:00;SO967134;C0020;VS005;1144;2027-08-24 00:00:00;2027-08-16 00:00:00;2027-07-03 00:00:00;2027-06-25 00:00:00
2027-06-29 00:00:00;SO967134;C0020;CT003;982;2027-08-24 00:00:00;2027-08-29 00:00:00;2027-07-03 00:00:00;2027-07-08 00:00:00
2027-06-29 00:00:00;SO967134;C0020;AL001;874;2027-08-24 00:00:00;2027-08-24 00:00:00;2027-07-03 00:00:00;2027-07-03 00:00:00
2027-06-29 00:00:00;SO967134;C0020;CL002;347;2027-08-24 00:00:00;2027-08-24 00:00:00;2027-07-03 00:00:00;2027-07-03 00:00:00
2027-06-29 00:00:00;SO992580;C0019;CS003;924;2027-08-31 00:00:00;2027-08-22 00:00:00;2027-07-03 00:00:00;2027-06-24 00:00:00
2027-06-29 00:00:00;SO967134;C0020;VS001;1299;2027-08-24 00:00:00;2027-08-27 00:00:00;2027-07-03 00:00:00;2027-07-06 00:00:00
2027-06-29 00:00:00;SO967134;C0020;CL001;415;2027-08-24 00:00:00;2027-08-27 00:00:00;2027-07-03 00:00:00;2027-07-06 00:00:00
2027-06-30 00:00:00;SO321448;C0011;CS003;470;2027-08-04 00:00:00;2027-07-26 00:00:00;2027-07-03 00:00:00;2027-06-24 00:00:00
2027-06-30 00:00:00;SO439067;C0026;CL002;580;2027-08-04 00:00:00;2027-07-26 00:00:00;2027-07-08 00:00:00;2027-06-29 00:00:00
2027-06-30 00:00:00;SO720179;C0025;CS003;1144;2027-07-28 00:00:00;2027-08-07 00:00:00;2027-07-08 00:00:00;2027-07-18 00:00:00
2027-06-30 00:00:00;SO723524;C0003;VS004;379;2027-08-11 00:00:00;2027-08-06 00:00:00;2027-07-02 00:00:00;2027-06-27 00:00:00
2027-06-30 00:00:00;SO439067;C0026;VS002;1080;2027-08-04 00:00:00;2027-08-10 00:00:00;2027-07-08 00:00:00;2027-07-14 00:00:00
2027-06-30 00:00:00;SO723524;C0003;AS003;737;2027-08-11 00:00:00;2027-08-17 00:00:00;2027-07-02 00:00:00;2027-07-08 00:00:00
2027-06-30 00:00:00;SO723524;C0003;AS002;626;2027-08-11 00:00:00;2027-08-02 00:00:00;2027-07-02 00:00:00;2027-06-23 00:00:00
2027-06-30 00:00:00;SO439067;C0026;VS004;1142;2027-08-04 00:00:00;2027-08-02 00:00:00;2027-07-08 00:00:00;2027-07-06 00:00:00
2027-06-30 00:00:00;SO723524;C0003;AS005;710;2027-08-11 00:00:00;2027-08-01 00:00:00;2027-07-02 00:00:00;2027-06-22 00:00:00
2027-06-30 00:00:00;SO723524;C0003;AT002;1081;2027-08-11 00:00:00;2027-08-14 00:00:00;2027-07-02 00:00:00;2027-07-05 00:00:00
2027-06-30 00:00:00;SO439067;C0026;AS005;797;2027-08-04 00:00:00;2027-08-06 00:00:00;2027-07-08 00:00:00;2027-07-10 00:00:00
2027-06-30 00:00:00;SO439067;C0026;AT001;768;2027-08-04 00:00:00;2027-08-06 00:00:00;2027-07-08 00:00:00;2027-07-10 00:00:00
2027-06-30 00:00:00;SO439067;C0026;CS004;424;2027-08-04 00:00:00;2027-07-29 00:00:00;2027-07-08 00:00:00;2027-07-02 00:00:00
2027-06-30 00:00:00;SO723524;C0003;CL001;398;2027-08-11 00:00:00;2027-08-02 00:00:00;2027-07-02 00:00:00;2027-06-23 00:00:00
2027-06-30 00:00:00;SO321448;C0011;AL001;1175;2027-08-04 00:00:00;2027-08-04 00:00:00;2027-07-03 00:00:00;2027-07-03 00:00:00
2027-06-30 00:00:00;SO439067;C0026;AL001;391;2027-08-04 00:00:00;2027-08-10 00:00:00;2027-07-08 00:00:00;2027-07-14 00:00:00
2027-06-30 00:00:00;SO321448;C0011;CT002;929;2027-08-04 00:00:00;2027-07-29 00:00:00;2027-07-03 00:00:00;2027-06-27 00:00:00
2027-06-30 00:00:00;SO439067;C0026;AS003;845;2027-08-04 00:00:00;2027-08-05 00:00:00;2027-07-08 00:00:00;2027-07-09 00:00:00
2027-06-30 00:00:00;SO720179;C0025;CT002;554;2027-07-28 00:00:00;2027-07-26 00:00:00;2027-07-08 00:00:00;2027-07-06 00:00:00
2027-06-30 00:00:00;SO439067;C0026;CT003;1131;2027-08-04 00:00:00;2027-08-02 00:00:00;2027-07-08 00:00:00;2027-07-06 00:00:00
2027-07-01 00:00:00;SO852257;C0021;AS004;485;2027-07-15 00:00:00;2027-07-18 00:00:00;2027-07-05 00:00:00;2027-07-08 00:00:00
2027-07-01 00:00:00;SO472303;C0014;AL001;1144;2027-08-05 00:00:00;2027-07-28 00:00:00;2027-07-05 00:00:00;2027-06-27 00:00:00
2027-07-01 00:00:00;SO459347;C0025;CL001;1146;2027-07-29 00:00:00;2027-07-22 00:00:00;2027-07-09 00:00:00;2027-07-02 00:00:00
2027-07-01 00:00:00;SO459347;C0025;AT001;554;2027-07-29 00:00:00;2027-08-07 00:00:00;2027-07-09 00:00:00;2027-07-18 00:00:00
2027-07-01 00:00:00;SO472303;C0014;VS003;1340;2027-08-05 00:00:00;2027-07-29 00:00:00;2027-07-05 00:00:00;2027-06-28 00:00:00
2027-07-01 00:00:00;SO852257;C0021;CT002;442;2027-07-15 00:00:00;2027-07-21 00:00:00;2027-07-05 00:00:00;2027-07-11 00:00:00
2027-07-01 00:00:00;SO852257;C0021;VS004;589;2027-07-15 00:00:00;2027-07-11 00:00:00;2027-07-05 00:00:00;2027-07-01 00:00:00
2027-07-01 00:00:00;SO852257;C0021;AS005;1047;2027-07-15 00:00:00;2027-07-13 00:00:00;2027-07-05 00:00:00;2027-07-03 00:00:00
2027-07-01 00:00:00;SO852257;C0021;AT002;731;2027-07-15 00:00:00;2027-07-18 00:00:00;2027-07-05 00:00:00;2027-07-08 00:00:00
2027-07-01 00:00:00;SO459347;C0025;AL002;1145;2027-07-29 00:00:00;2027-08-06 00:00:00;2027-07-09 00:00:00;2027-07-17 00:00:00
2027-07-01 00:00:00;SO472303;C0014;AT001;614;2027-08-05 00:00:00;2027-08-10 00:00:00;2027-07-05 00:00:00;2027-07-10 00:00:00
2027-07-01 00:00:00;SO459347;C0025;VS003;347;2027-07-29 00:00:00;2027-08-06 00:00:00;2027-07-09 00:00:00;2027-07-17 00:00:00
2027-07-01 00:00:00;SO472303;C0014;CT001;943;2027-08-05 00:00:00;2027-07-31 00:00:00;2027-07-05 00:00:00;2027-06-30 00:00:00
2027-07-01 00:00:00;SO852257;C0021;AL001;494;2027-07-15 00:00:00;2027-07-19 00:00:00;2027-07-05 00:00:00;2027-07-09 00:00:00
2027-07-01 00:00:00;SO472303;C0014;AT002;956;2027-08-05 00:00:00;2027-08-10 00:00:00;2027-07-05 00:00:00;2027-07-10 00:00:00
2027-07-02 00:00:00;SO795346;C0003;VS001;863;2027-08-13 00:00:00;2027-08-21 00:00:00;2027-07-04 00:00:00;2027-07-12 00:00:00
2027-07-02 00:00:00;SO840143;C0008;AS004;1190;2027-08-27 00:00:00;2027-08-24 00:00:00;2027-07-05 00:00:00;2027-07-02 00:00:00
2027-07-02 00:00:00;SO774642;C0017;AT002;362;2027-08-27 00:00:00;2027-08-28 00:00:00;2027-07-06 00:00:00;2027-07-07 00:00:00
2027-07-02 00:00:00;SO956647;C0014;AT002;357;2027-08-06 00:00:00;2027-07-31 00:00:00;2027-07-06 00:00:00;2027-06-30 00:00:00
2027-07-02 00:00:00;SO840143;C0008;CS002;568;2027-08-27 00:00:00;2027-09-01 00:00:00;2027-07-05 00:00:00;2027-07-10 00:00:00
2027-07-02 00:00:00;SO956647;C0014;CT002;755;2027-08-06 00:00:00;2027-08-16 00:00:00;2027-07-06 00:00:00;2027-07-16 00:00:00
2027-07-02 00:00:00;SO956647;C0014;AS005;635;2027-08-06 00:00:00;2027-08-07 00:00:00;2027-07-06 00:00:00;2027-07-07 00:00:00
2027-07-02 00:00:00;SO795346;C0003;CL001;828;2027-08-13 00:00:00;2027-08-14 00:00:00;2027-07-04 00:00:00;2027-07-05 00:00:00
2027-07-02 00:00:00;SO840143;C0008;CT002;668;2027-08-27 00:00:00;2027-09-02 00:00:00;2027-07-05 00:00:00;2027-07-11 00:00:00
2027-07-02 00:00:00;SO956647;C0014;AS004;573;2027-08-06 00:00:00;2027-07-29 00:00:00;2027-07-06 00:00:00;2027-06-28 00:00:00
2027-07-02 00:00:00;SO795346;C0003;AL001;887;2027-08-13 00:00:00;2027-08-18 00:00:00;2027-07-04 00:00:00;2027-07-09 00:00:00
2027-07-02 00:00:00;SO840143;C0008;AT002;603;2027-08-27 00:00:00;2027-08-26 00:00:00;2027-07-05 00:00:00;2027-07-04 00:00:00
2027-07-02 00:00:00;SO956647;C0014;VS004;982;2027-08-06 00:00:00;2027-08-02 00:00:00;2027-07-06 00:00:00;2027-07-02 00:00:00
2027-07-02 00:00:00;SO774642;C0017;AL001;587;2027-08-27 00:00:00;2027-08-24 00:00:00;2027-07-06 00:00:00;2027-07-03 00:00:00
2027-07-02 00:00:00;SO956647;C0014;AL001;1066;2027-08-06 00:00:00;2027-07-29 00:00:00;2027-07-06 00:00:00;2027-06-28 00:00:00
2027-07-02 00:00:00;SO840143;C0008;VS002;900;2027-08-27 00:00:00;2027-08-25 00:00:00;2027-07-05 00:00:00;2027-07-03 00:00:00
2027-07-05 00:00:00;SO689494;C0007;AL002;983;2027-09-06 00:00:00;2027-08-27 00:00:00;2027-07-08 00:00:00;2027-06-28 00:00:00
2027-07-05 00:00:00;SO712801;C0016;AT001;514;2027-07-19 00:00:00;2027-07-17 00:00:00;2027-07-09 00:00:00;2027-07-07 00:00:00
2027-07-05 00:00:00;SO970743;C0029;CT001;586;2027-08-30 00:00:00;2027-08-29 00:00:00;2027-07-13 00:00:00;2027-07-12 00:00:00
2027-07-05 00:00:00;SO673813;C0017;VS002;937;2027-08-30 00:00:00;2027-08-31 00:00:00;2027-07-09 00:00:00;2027-07-10 00:00:00
2027-07-05 00:00:00;SO689494;C0007;VS001;405;2027-09-06 00:00:00;2027-09-09 00:00:00;2027-07-08 00:00:00;2027-07-11 00:00:00
2027-07-05 00:00:00;SO689494;C0007;CT001;754;2027-09-06 00:00:00;2027-09-07 00:00:00;2027-07-08 00:00:00;2027-07-09 00:00:00
2027-07-05 00:00:00;SO712801;C0016;CS002;604;2027-07-19 00:00:00;2027-07-20 00:00:00;2027-07-09 00:00:00;2027-07-10 00:00:00
2027-07-05 00:00:00;SO970743;C0029;AS004;733;2027-08-30 00:00:00;2027-09-07 00:00:00;2027-07-13 00:00:00;2027-07-21 00:00:00
2027-07-05 00:00:00;SO970743;C0029;AL002;1004;2027-08-30 00:00:00;2027-08-31 00:00:00;2027-07-13 00:00:00;2027-07-14 00:00:00
2027-07-05 00:00:00;SO673813;C0017;CT002;669;2027-08-30 00:00:00;2027-08-21 00:00:00;2027-07-09 00:00:00;2027-06-30 00:00:00
2027-07-05 00:00:00;SO712801;C0016;CT002;607;2027-07-19 00:00:00;2027-07-21 00:00:00;2027-07-09 00:00:00;2027-07-11 00:00:00
2027-07-05 00:00:00;SO673813;C0017;AL002;1053;2027-08-30 00:00:00;2027-08-22 00:00:00;2027-07-09 00:00:00;2027-07-01 00:00:00
2027-07-05 00:00:00;SO970743;C0029;VS003;1300;2027-08-30 00:00:00;2027-08-27 00:00:00;2027-07-13 00:00:00;2027-07-10 00:00:00
2027-07-05 00:00:00;SO689494;C0007;AL001;871;2027-09-06 00:00:00;2027-08-28 00:00:00;2027-07-08 00:00:00;2027-06-29 00:00:00
2027-07-06 00:00:00;SO857245;C0003;VS002;802;2027-08-17 00:00:00;2027-08-09 00:00:00;2027-07-08 00:00:00;2027-06-30 00:00:00
2027-07-06 00:00:00;SO536743;C0004;CS002;767;2027-07-20 00:00:00;2027-07-24 00:00:00;2027-07-08 00:00:00;2027-07-12 00:00:00
2027-07-06 00:00:00;SO857245;C0003;CT001;547;2027-08-17 00:00:00;2027-08-07 00:00:00;2027-07-08 00:00:00;2027-06-28 00:00:00
2027-07-06 00:00:00;SO536743;C0004;CT002;1159;2027-07-20 00:00:00;2027-07-13 00:00:00;2027-07-08 00:00:00;2027-07-01 00:00:00
2027-07-06 00:00:00;SO536743;C0004;AT001;900;2027-07-20 00:00:00;2027-07-12 00:00:00;2027-07-08 00:00:00;2027-06-30 00:00:00
2027-07-06 00:00:00;SO536743;C0004;VS001;749;2027-07-20 00:00:00;2027-07-29 00:00:00;2027-07-08 00:00:00;2027-07-17 00:00:00
2027-07-06 00:00:00;SO857245;C0003;AS004;631;2027-08-17 00:00:00;2027-08-27 00:00:00;2027-07-08 00:00:00;2027-07-18 00:00:00
2027-07-06 00:00:00;SO536743;C0004;CT001;448;2027-07-20 00:00:00;2027-07-12 00:00:00;2027-07-08 00:00:00;2027-06-30 00:00:00
2027-07-06 00:00:00;SO857245;C0003;VS004;547;2027-08-17 00:00:00;2027-08-23 00:00:00;2027-07-08 00:00:00;2027-07-14 00:00:00
2027-07-06 00:00:00;SO536743;C0004;CL001;701;2027-07-20 00:00:00;2027-07-11 00:00:00;2027-07-08 00:00:00;2027-06-29 00:00:00
2027-07-06 00:00:00;SO857245;C0003;VS001;514;2027-08-17 00:00:00;2027-08-24 00:00:00;2027-07-08 00:00:00;2027-07-15 00:00:00
2027-07-06 00:00:00;SO857245;C0003;AL002;915;2027-08-17 00:00:00;2027-08-17 00:00:00;2027-07-08 00:00:00;2027-07-08 00:00:00
2027-07-06 00:00:00;SO536743;C0004;AL002;608;2027-07-20 00:00:00;2027-07-18 00:00:00;2027-07-08 00:00:00;2027-07-06 00:00:00
2027-07-06 00:00:00;SO536743;C0004;VS002;1176;2027-07-20 00:00:00;2027-07-16 00:00:00;2027-07-08 00:00:00;2027-07-04 00:00:00
2027-07-06 00:00:00;SO857245;C0003;AL001;1210;2027-08-17 00:00:00;2027-08-18 00:00:00;2027-07-08 00:00:00;2027-07-09 00:00:00
2027-07-06 00:00:00;SO857245;C0003;CT002;1156;2027-08-17 00:00:00;2027-08-23 00:00:00;2027-07-08 00:00:00;2027-07-14 00:00:00
2027-07-07 00:00:00;SO588557;C0030;CS002;1398;2027-09-08 00:00:00;2027-09-05 00:00:00;2027-07-15 00:00:00;2027-07-12 00:00:00
2027-07-07 00:00:00;SO671721;C0007;AS005;732;2027-09-08 00:00:00;2027-08-29 00:00:00;2027-07-10 00:00:00;2027-06-30 00:00:00
2027-07-07 00:00:00;SO588557;C0030;AL002;933;2027-09-08 00:00:00;2027-09-16 00:00:00;2027-07-15 00:00:00;2027-07-23 00:00:00
2027-07-07 00:00:00;SO671721;C0007;VS004;867;2027-09-08 00:00:00;2027-09-17 00:00:00;2027-07-10 00:00:00;2027-07-19 00:00:00
2027-07-07 00:00:00;SO671721;C0007;AT001;621;2027-09-08 00:00:00;2027-09-07 00:00:00;2027-07-10 00:00:00;2027-07-09 00:00:00
2027-07-07 00:00:00;SO671721;C0007;CT001;1113;2027-09-08 00:00:00;2027-09-07 00:00:00;2027-07-10 00:00:00;2027-07-09 00:00:00
2027-07-07 00:00:00;SO588557;C0030;CL001;548;2027-09-08 00:00:00;2027-09-14 00:00:00;2027-07-15 00:00:00;2027-07-21 00:00:00
2027-07-07 00:00:00;SO588557;C0030;VS004;840;2027-09-08 00:00:00;2027-09-18 00:00:00;2027-07-15 00:00:00;2027-07-25 00:00:00
2027-07-07 00:00:00;SO671721;C0007;AS004;640;2027-09-08 00:00:00;2027-09-03 00:00:00;2027-07-10 00:00:00;2027-07-05 00:00:00
2027-07-07 00:00:00;SO671721;C0007;AT002;971;2027-09-08 00:00:00;2027-09-05 00:00:00;2027-07-10 00:00:00;2027-07-07 00:00:00
2027-07-07 00:00:00;SO588557;C0030;AL001;863;2027-09-08 00:00:00;2027-09-16 00:00:00;2027-07-15 00:00:00;2027-07-23 00:00:00
2027-07-07 00:00:00;SO588557;C0030;AS005;503;2027-09-08 00:00:00;2027-09-03 00:00:00;2027-07-15 00:00:00;2027-07-10 00:00:00
2027-07-07 00:00:00;SO588557;C0030;AT002;1102;2027-09-08 00:00:00;2027-09-17 00:00:00;2027-07-15 00:00:00;2027-07-24 00:00:00
2027-07-07 00:00:00;SO588557;C0030;AT001;524;2027-09-08 00:00:00;2027-09-15 00:00:00;2027-07-15 00:00:00;2027-07-22 00:00:00
2027-07-07 00:00:00;SO588557;C0030;VS002;677;2027-09-08 00:00:00;2027-09-04 00:00:00;2027-07-15 00:00:00;2027-07-11 00:00:00
2027-07-07 00:00:00;SO671721;C0007;AL002;448;2027-09-08 00:00:00;2027-09-10 00:00:00;2027-07-10 00:00:00;2027-07-12 00:00:00
2027-07-07 00:00:00;SO588557;C0030;CT002;709;2027-09-08 00:00:00;2027-09-15 00:00:00;2027-07-15 00:00:00;2027-07-22 00:00:00
2027-07-07 00:00:00;SO588557;C0030;VS003;964;2027-09-08 00:00:00;2027-08-29 00:00:00;2027-07-15 00:00:00;2027-07-05 00:00:00
2027-07-07 00:00:00;SO588557;C0030;VS001;550;2027-09-08 00:00:00;2027-09-06 00:00:00;2027-07-15 00:00:00;2027-07-13 00:00:00
2027-07-08 00:00:00;SO593334;C0027;CT001;1162;2027-08-19 00:00:00;2027-08-28 00:00:00;2027-07-16 00:00:00;2027-07-25 00:00:00
2027-07-08 00:00:00;SO273331;C0018;CT001;349;2027-09-09 00:00:00;2027-09-19 00:00:00;2027-07-12 00:00:00;2027-07-22 00:00:00
2027-07-08 00:00:00;SO984448;C0021;CT001;1230;2027-07-22 00:00:00;2027-07-28 00:00:00;2027-07-12 00:00:00;2027-07-18 00:00:00
2027-07-08 00:00:00;SO273331;C0018;VS001;501;2027-09-09 00:00:00;2027-08-31 00:00:00;2027-07-12 00:00:00;2027-07-03 00:00:00
2027-07-08 00:00:00;SO984448;C0021;VS004;503;2027-07-22 00:00:00;2027-07-25 00:00:00;2027-07-12 00:00:00;2027-07-15 00:00:00
2027-07-08 00:00:00;SO984448;C0021;AL002;833;2027-07-22 00:00:00;2027-07-29 00:00:00;2027-07-12 00:00:00;2027-07-19 00:00:00
2027-07-08 00:00:00;SO593334;C0027;VS003;1277;2027-08-19 00:00:00;2027-08-16 00:00:00;2027-07-16 00:00:00;2027-07-13 00:00:00
2027-07-08 00:00:00;SO273331;C0018;AS004;828;2027-09-09 00:00:00;2027-09-16 00:00:00;2027-07-12 00:00:00;2027-07-19 00:00:00
2027-07-08 00:00:00;SO593334;C0027;AL001;903;2027-08-19 00:00:00;2027-08-27 00:00:00;2027-07-16 00:00:00;2027-07-24 00:00:00
2027-07-08 00:00:00;SO273331;C0018;AT001;1182;2027-09-09 00:00:00;2027-09-17 00:00:00;2027-07-12 00:00:00;2027-07-20 00:00:00
2027-07-08 00:00:00;SO593334;C0027;AS004;758;2027-08-19 00:00:00;2027-08-22 00:00:00;2027-07-16 00:00:00;2027-07-19 00:00:00
2027-07-08 00:00:00;SO593334;C0027;AL002;890;2027-08-19 00:00:00;2027-08-16 00:00:00;2027-07-16 00:00:00;2027-07-13 00:00:00
2027-07-08 00:00:00;SO593334;C0027;AT002;731;2027-08-19 00:00:00;2027-08-10 00:00:00;2027-07-16 00:00:00;2027-07-07 00:00:00
2027-07-08 00:00:00;SO273331;C0018;CL001;656;2027-09-09 00:00:00;2027-09-10 00:00:00;2027-07-12 00:00:00;2027-07-13 00:00:00
2027-07-08 00:00:00;SO984448;C0021;VS001;785;2027-07-22 00:00:00;2027-07-25 00:00:00;2027-07-12 00:00:00;2027-07-15 00:00:00
2027-07-08 00:00:00;SO593334;C0027;CS002;1084;2027-08-19 00:00:00;2027-08-28 00:00:00;2027-07-16 00:00:00;2027-07-25 00:00:00
2027-07-08 00:00:00;SO273331;C0018;AL002;1173;2027-09-09 00:00:00;2027-09-09 00:00:00;2027-07-12 00:00:00;2027-07-12 00:00:00
2027-07-08 00:00:00;SO593334;C0027;AS005;334;2027-08-19 00:00:00;2027-08-21 00:00:00;2027-07-16 00:00:00;2027-07-18 00:00:00
2027-07-09 00:00:00;SO711801;C0013;AL001;1100;2027-08-06 00:00:00;2027-08-02 00:00:00;2027-07-13 00:00:00;2027-07-09 00:00:00
2027-07-09 00:00:00;SO640027;C0014;CL001;411;2027-08-13 00:00:00;2027-08-05 00:00:00;2027-07-13 00:00:00;2027-07-05 00:00:00
2027-07-09 00:00:00;SO907529;C0005;AS004;1015;2027-09-03 00:00:00;2027-09-10 00:00:00;2027-07-11 00:00:00;2027-07-18 00:00:00
2027-07-09 00:00:00;SO454988;C0022;CL001;1256;2027-08-20 00:00:00;2027-08-19 00:00:00;2027-07-13 00:00:00;2027-07-12 00:00:00
2027-07-09 00:00:00;SO711801;C0013;AS005;1034;2027-08-06 00:00:00;2027-08-09 00:00:00;2027-07-13 00:00:00;2027-07-16 00:00:00
2027-07-09 00:00:00;SO640027;C0014;CS002;1003;2027-08-13 00:00:00;2027-08-16 00:00:00;2027-07-13 00:00:00;2027-07-16 00:00:00
2027-07-09 00:00:00;SO711801;C0013;AS004;1136;2027-08-06 00:00:00;2027-08-08 00:00:00;2027-07-13 00:00:00;2027-07-15 00:00:00
2027-07-09 00:00:00;SO907529;C0005;AT001;1132;2027-09-03 00:00:00;2027-09-07 00:00:00;2027-07-11 00:00:00;2027-07-15 00:00:00
2027-07-09 00:00:00;SO640027;C0014;VS001;345;2027-08-13 00:00:00;2027-08-15 00:00:00;2027-07-13 00:00:00;2027-07-15 00:00:00
2027-07-09 00:00:00;SO907529;C0005;CT002;572;2027-09-03 00:00:00;2027-09-09 00:00:00;2027-07-11 00:00:00;2027-07-17 00:00:00
2027-07-09 00:00:00;SO454988;C0022;CS002;1133;2027-08-20 00:00:00;2027-08-10 00:00:00;2027-07-13 00:00:00;2027-07-03 00:00:00
2027-07-09 00:00:00;SO640027;C0014;VS002;453;2027-08-13 00:00:00;2027-08-20 00:00:00;2027-07-13 00:00:00;2027-07-20 00:00:00
2027-07-12 00:00:00;SO390266;C0017;AS004;1061;2027-09-06 00:00:00;2027-08-31 00:00:00;2027-07-16 00:00:00;2027-07-10 00:00:00
2027-07-12 00:00:00;SO213316;C0022;CT002;683;2027-08-23 00:00:00;2027-08-18 00:00:00;2027-07-16 00:00:00;2027-07-11 00:00:00
2027-07-12 00:00:00;SO239659;C0028;CL001;573;2027-07-26 00:00:00;2027-07-24 00:00:00;2027-07-20 00:00:00;2027-07-18 00:00:00
2027-07-12 00:00:00;SO213316;C0022;CT001;858;2027-08-23 00:00:00;2027-08-13 00:00:00;2027-07-16 00:00:00;2027-07-06 00:00:00
2027-07-12 00:00:00;SO239659;C0028;AS005;938;2027-07-26 00:00:00;2027-08-03 00:00:00;2027-07-20 00:00:00;2027-07-28 00:00:00
2027-07-12 00:00:00;SO239659;C0028;AL001;424;2027-07-26 00:00:00;2027-07-30 00:00:00;2027-07-20 00:00:00;2027-07-24 00:00:00
2027-07-12 00:00:00;SO213316;C0022;VS001;594;2027-08-23 00:00:00;2027-08-24 00:00:00;2027-07-16 00:00:00;2027-07-17 00:00:00
2027-07-12 00:00:00;SO390266;C0017;CL001;563;2027-09-06 00:00:00;2027-09-01 00:00:00;2027-07-16 00:00:00;2027-07-11 00:00:00
2027-07-12 00:00:00;SO213316;C0022;AL001;780;2027-08-23 00:00:00;2027-08-30 00:00:00;2027-07-16 00:00:00;2027-07-23 00:00:00
2027-07-12 00:00:00;SO390266;C0017;VS002;389;2027-09-06 00:00:00;2027-09-02 00:00:00;2027-07-16 00:00:00;2027-07-12 00:00:00
2027-07-12 00:00:00;SO213316;C0022;AT002;407;2027-08-23 00:00:00;2027-08-19 00:00:00;2027-07-16 00:00:00;2027-07-12 00:00:00
2027-07-12 00:00:00;SO213316;C0022;VS003;1074;2027-08-23 00:00:00;2027-08-16 00:00:00;2027-07-16 00:00:00;2027-07-09 00:00:00
2027-07-12 00:00:00;SO213316;C0022;AS004;912;2027-08-23 00:00:00;2027-08-27 00:00:00;2027-07-16 00:00:00;2027-07-20 00:00:00
2027-07-12 00:00:00;SO213316;C0022;AL002;807;2027-08-23 00:00:00;2027-08-26 00:00:00;2027-07-16 00:00:00;2027-07-19 00:00:00
2027-07-12 00:00:00;SO239659;C0028;AS004;709;2027-07-26 00:00:00;2027-07-21 00:00:00;2027-07-20 00:00:00;2027-07-15 00:00:00
2027-07-12 00:00:00;SO390266;C0017;VS003;710;2027-09-06 00:00:00;2027-09-11 00:00:00;2027-07-16 00:00:00;2027-07-21 00:00:00
2027-07-12 00:00:00;SO390266;C0017;AL002;656;2027-09-06 00:00:00;2027-09-16 00:00:00;2027-07-16 00:00:00;2027-07-26 00:00:00
2027-07-12 00:00:00;SO390266;C0017;AT001;493;2027-09-06 00:00:00;2027-09-03 00:00:00;2027-07-16 00:00:00;2027-07-13 00:00:00
2027-07-13 00:00:00;SO835291;C0006;AL001;810;2027-09-14 00:00:00;2027-09-13 00:00:00;2027-07-15 00:00:00;2027-07-14 00:00:00
2027-07-13 00:00:00;SO745004;C0004;CT002;342;2027-07-27 00:00:00;2027-07-30 00:00:00;2027-07-15 00:00:00;2027-07-18 00:00:00
2027-07-13 00:00:00;SO745004;C0004;VS002;577;2027-07-27 00:00:00;2027-08-01 00:00:00;2027-07-15 00:00:00;2027-07-20 00:00:00
2027-07-13 00:00:00;SO745004;C0004;AT001;1198;2027-07-27 00:00:00;2027-07-28 00:00:00;2027-07-15 00:00:00;2027-07-16 00:00:00
2027-07-13 00:00:00;SO835291;C0006;AS004;889;2027-09-14 00:00:00;2027-09-09 00:00:00;2027-07-15 00:00:00;2027-07-10 00:00:00
2027-07-13 00:00:00;SO745004;C0004;CT001;1477;2027-07-27 00:00:00;2027-08-02 00:00:00;2027-07-15 00:00:00;2027-07-21 00:00:00
2027-07-13 00:00:00;SO835291;C0006;CT002;1127;2027-09-14 00:00:00;2027-09-19 00:00:00;2027-07-15 00:00:00;2027-07-20 00:00:00
2027-07-13 00:00:00;SO835291;C0006;AT002;536;2027-09-14 00:00:00;2027-09-09 00:00:00;2027-07-15 00:00:00;2027-07-10 00:00:00
2027-07-13 00:00:00;SO745004;C0004;CL001;436;2027-07-27 00:00:00;2027-07-22 00:00:00;2027-07-15 00:00:00;2027-07-10 00:00:00
2027-07-13 00:00:00;SO835291;C0006;CL001;525;2027-09-14 00:00:00;2027-09-13 00:00:00;2027-07-15 00:00:00;2027-07-14 00:00:00
2027-07-13 00:00:00;SO835291;C0006;VS004;824;2027-09-14 00:00:00;2027-09-07 00:00:00;2027-07-15 00:00:00;2027-07-08 00:00:00
2027-07-13 00:00:00;SO835291;C0006;VS001;699;2027-09-14 00:00:00;2027-09-07 00:00:00;2027-07-15 00:00:00;2027-07-08 00:00:00
2027-07-13 00:00:00;SO835291;C0006;AT001;819;2027-09-14 00:00:00;2027-09-19 00:00:00;2027-07-15 00:00:00;2027-07-20 00:00:00
2027-07-13 00:00:00;SO835291;C0006;VS003;545;2027-09-14 00:00:00;2027-09-14 00:00:00;2027-07-15 00:00:00;2027-07-15 00:00:00
2027-07-13 00:00:00;SO835291;C0006;AL002;964;2027-09-14 00:00:00;2027-09-20 00:00:00;2027-07-15 00:00:00;2027-07-21 00:00:00
2027-07-13 00:00:00;SO835291;C0006;VS002;492;2027-09-14 00:00:00;2027-09-08 00:00:00;2027-07-15 00:00:00;2027-07-09 00:00:00
2027-07-13 00:00:00;SO835291;C0006;AS005;670;2027-09-14 00:00:00;2027-09-11 00:00:00;2027-07-15 00:00:00;2027-07-12 00:00:00
2027-07-13 00:00:00;SO835291;C0006;CT001;1146;2027-09-14 00:00:00;2027-09-06 00:00:00;2027-07-15 00:00:00;2027-07-07 00:00:00
2027-07-14 00:00:00;SO249243;C0010;CL001;1156;2027-08-25 00:00:00;2027-08-16 00:00:00;2027-07-17 00:00:00;2027-07-08 00:00:00
2027-07-14 00:00:00;SO766534;C0014;AL001;1202;2027-08-18 00:00:00;2027-08-22 00:00:00;2027-07-18 00:00:00;2027-07-22 00:00:00
2027-07-14 00:00:00;SO858902;C0013;VS003;935;2027-08-11 00:00:00;2027-08-17 00:00:00;2027-07-18 00:00:00;2027-07-24 00:00:00
2027-07-14 00:00:00;SO766534;C0014;VS001;930;2027-08-18 00:00:00;2027-08-15 00:00:00;2027-07-18 00:00:00;2027-07-15 00:00:00
2027-07-14 00:00:00;SO858902;C0013;CT002;1285;2027-08-11 00:00:00;2027-08-10 00:00:00;2027-07-18 00:00:00;2027-07-17 00:00:00
2027-07-14 00:00:00;SO249243;C0010;VS003;400;2027-08-25 00:00:00;2027-08-29 00:00:00;2027-07-17 00:00:00;2027-07-21 00:00:00
2027-07-14 00:00:00;SO766534;C0014;VS004;765;2027-08-18 00:00:00;2027-08-19 00:00:00;2027-07-18 00:00:00;2027-07-19 00:00:00
2027-07-14 00:00:00;SO249243;C0010;AT002;599;2027-08-25 00:00:00;2027-08-31 00:00:00;2027-07-17 00:00:00;2027-07-23 00:00:00
2027-07-14 00:00:00;SO249243;C0010;AS005;722;2027-08-25 00:00:00;2027-08-27 00:00:00;2027-07-17 00:00:00;2027-07-19 00:00:00
2027-07-14 00:00:00;SO858902;C0013;AL002;1142;2027-08-11 00:00:00;2027-08-10 00:00:00;2027-07-18 00:00:00;2027-07-17 00:00:00
2027-07-14 00:00:00;SO249243;C0010;CT002;339;2027-08-25 00:00:00;2027-08-31 00:00:00;2027-07-17 00:00:00;2027-07-23 00:00:00
2027-07-14 00:00:00;SO766534;C0014;CT001;480;2027-08-18 00:00:00;2027-08-28 00:00:00;2027-07-18 00:00:00;2027-07-28 00:00:00
2027-07-14 00:00:00;SO858902;C0013;AL001;668;2027-08-11 00:00:00;2027-08-03 00:00:00;2027-07-18 00:00:00;2027-07-10 00:00:00
2027-07-14 00:00:00;SO766534;C0014;AS004;746;2027-08-18 00:00:00;2027-08-10 00:00:00;2027-07-18 00:00:00;2027-07-10 00:00:00
2027-07-14 00:00:00;SO766534;C0014;AT002;807;2027-08-18 00:00:00;2027-08-08 00:00:00;2027-07-18 00:00:00;2027-07-08 00:00:00
2027-07-14 00:00:00;SO766534;C0014;AL002;1032;2027-08-18 00:00:00;2027-08-27 00:00:00;2027-07-18 00:00:00;2027-07-27 00:00:00
2027-07-14 00:00:00;SO766534;C0014;VS003;992;2027-08-18 00:00:00;2027-08-16 00:00:00;2027-07-18 00:00:00;2027-07-16 00:00:00
2027-07-14 00:00:00;SO858902;C0013;CT001;930;2027-08-11 00:00:00;2027-08-04 00:00:00;2027-07-18 00:00:00;2027-07-11 00:00:00
2027-07-14 00:00:00;SO766534;C0014;VS002;891;2027-08-18 00:00:00;2027-08-09 00:00:00;2027-07-18 00:00:00;2027-07-09 00:00:00
2027-07-15 00:00:00;SO199565;C0005;AL001;649;2027-09-09 00:00:00;2027-09-06 00:00:00;2027-07-17 00:00:00;2027-07-14 00:00:00
2027-07-15 00:00:00;SO952947;C0024;AS005;829;2027-08-12 00:00:00;2027-08-20 00:00:00;2027-07-19 00:00:00;2027-07-27 00:00:00
2027-07-15 00:00:00;SO952947;C0024;CS002;1100;2027-08-12 00:00:00;2027-08-06 00:00:00;2027-07-19 00:00:00;2027-07-13 00:00:00
2027-07-15 00:00:00;SO952947;C0024;AS004;463;2027-08-12 00:00:00;2027-08-09 00:00:00;2027-07-19 00:00:00;2027-07-16 00:00:00
2027-07-15 00:00:00;SO199565;C0005;AL002;404;2027-09-09 00:00:00;2027-09-04 00:00:00;2027-07-17 00:00:00;2027-07-12 00:00:00
2027-07-15 00:00:00;SO199565;C0005;AT001;529;2027-09-09 00:00:00;2027-09-01 00:00:00;2027-07-17 00:00:00;2027-07-09 00:00:00
2027-07-15 00:00:00;SO952947;C0024;AL002;397;2027-08-12 00:00:00;2027-08-15 00:00:00;2027-07-19 00:00:00;2027-07-22 00:00:00
2027-07-15 00:00:00;SO952947;C0024;AT002;480;2027-08-12 00:00:00;2027-08-17 00:00:00;2027-07-19 00:00:00;2027-07-24 00:00:00
2027-07-15 00:00:00;SO952947;C0024;CL001;1308;2027-08-12 00:00:00;2027-08-07 00:00:00;2027-07-19 00:00:00;2027-07-14 00:00:00
2027-07-15 00:00:00;SO199565;C0005;AT002;1164;2027-09-09 00:00:00;2027-09-01 00:00:00;2027-07-17 00:00:00;2027-07-09 00:00:00
2027-07-15 00:00:00;SO199565;C0005;VS003;815;2027-09-09 00:00:00;2027-08-30 00:00:00;2027-07-17 00:00:00;2027-07-07 00:00:00
2027-07-15 00:00:00;SO952947;C0024;VS004;331;2027-08-12 00:00:00;2027-08-08 00:00:00;2027-07-19 00:00:00;2027-07-15 00:00:00
2027-07-15 00:00:00;SO952947;C0024;CT001;343;2027-08-12 00:00:00;2027-08-09 00:00:00;2027-07-19 00:00:00;2027-07-16 00:00:00
2027-07-15 00:00:00;SO952947;C0024;VS002;587;2027-08-12 00:00:00;2027-08-11 00:00:00;2027-07-19 00:00:00;2027-07-18 00:00:00
2027-07-15 00:00:00;SO952947;C0024;AT001;1021;2027-08-12 00:00:00;2027-08-17 00:00:00;2027-07-19 00:00:00;2027-07-24 00:00:00
2027-07-15 00:00:00;SO199565;C0005;CL001;871;2027-09-09 00:00:00;2027-09-18 00:00:00;2027-07-17 00:00:00;2027-07-26 00:00:00
2027-07-15 00:00:00;SO199565;C0005;CT002;490;2027-09-09 00:00:00;2027-09-16 00:00:00;2027-07-17 00:00:00;2027-07-24 00:00:00
2027-07-15 00:00:00;SO199565;C0005;CT001;1217;2027-09-09 00:00:00;2027-09-14 00:00:00;2027-07-17 00:00:00;2027-07-22 00:00:00
2027-07-15 00:00:00;SO952947;C0024;VS001;899;2027-08-12 00:00:00;2027-08-09 00:00:00;2027-07-19 00:00:00;2027-07-16 00:00:00
2027-07-16 00:00:00;SO9000084;C0021;AL002;807;2027-07-30 00:00:00;2027-07-31 00:00:00;2027-07-20 00:00:00;2027-07-21 00:00:00
2027-07-16 00:00:00;SO893687;C0011;AT001;639;2027-08-20 00:00:00;2027-08-11 00:00:00;2027-07-19 00:00:00;2027-07-10 00:00:00
2027-07-16 00:00:00;SO866161;C0003;AL002;770;2027-08-27 00:00:00;2027-08-25 00:00:00;2027-07-18 00:00:00;2027-07-16 00:00:00
2027-07-16 00:00:00;SO147957;C0004;AS004;809;2027-07-30 00:00:00;2027-08-06 00:00:00;2027-07-18 00:00:00;2027-07-25 00:00:00
2027-07-16 00:00:00;SO866161;C0003;AL001;389;2027-08-27 00:00:00;2027-09-04 00:00:00;2027-07-18 00:00:00;2027-07-26 00:00:00
2027-07-16 00:00:00;SO9000084;C0021;VS001;1076;2027-07-30 00:00:00;2027-08-03 00:00:00;2027-07-20 00:00:00;2027-07-24 00:00:00
2027-07-16 00:00:00;SO147957;C0004;AL001;626;2027-07-30 00:00:00;2027-07-24 00:00:00;2027-07-18 00:00:00;2027-07-12 00:00:00
2027-07-16 00:00:00;SO9000084;C0021;VS002;849;2027-07-30 00:00:00;2027-08-06 00:00:00;2027-07-20 00:00:00;2027-07-27 00:00:00
2027-07-16 00:00:00;SO147957;C0004;VS001;779;2027-07-30 00:00:00;2027-08-02 00:00:00;2027-07-18 00:00:00;2027-07-21 00:00:00
2027-07-16 00:00:00;SO147957;C0004;AT002;358;2027-07-30 00:00:00;2027-07-30 00:00:00;2027-07-18 00:00:00;2027-07-18 00:00:00
2027-07-16 00:00:00;SO893687;C0011;AS005;779;2027-08-20 00:00:00;2027-08-18 00:00:00;2027-07-19 00:00:00;2027-07-17 00:00:00
2027-07-16 00:00:00;SO893687;C0011;AL002;1248;2027-08-20 00:00:00;2027-08-22 00:00:00;2027-07-19 00:00:00;2027-07-21 00:00:00
2027-07-16 00:00:00;SO9000084;C0021;AS005;1158;2027-07-30 00:00:00;2027-07-30 00:00:00;2027-07-20 00:00:00;2027-07-20 00:00:00
2027-07-19 00:00:00;SO539105;C0020;AL002;1106;2027-09-13 00:00:00;2027-09-16 00:00:00;2027-07-23 00:00:00;2027-07-26 00:00:00
2027-07-19 00:00:00;SO650866;C0016;VS001;405;2027-08-02 00:00:00;2027-08-03 00:00:00;2027-07-23 00:00:00;2027-07-24 00:00:00
2027-07-19 00:00:00;SO395408;C0009;CL001;915;2027-08-02 00:00:00;2027-08-03 00:00:00;2027-07-22 00:00:00;2027-07-23 00:00:00
2027-07-19 00:00:00;SO290906;C0007;CS002;627;2027-09-20 00:00:00;2027-09-18 00:00:00;2027-07-22 00:00:00;2027-07-20 00:00:00
2027-07-19 00:00:00;SO539105;C0020;CL001;727;2027-09-13 00:00:00;2027-09-17 00:00:00;2027-07-23 00:00:00;2027-07-27 00:00:00
2027-07-19 00:00:00;SO395408;C0009;AL001;543;2027-08-02 00:00:00;2027-07-29 00:00:00;2027-07-22 00:00:00;2027-07-18 00:00:00
2027-07-19 00:00:00;SO650866;C0016;AT002;561;2027-08-02 00:00:00;2027-07-25 00:00:00;2027-07-23 00:00:00;2027-07-15 00:00:00
2027-07-19 00:00:00;SO395408;C0009;CS002;528;2027-08-02 00:00:00;2027-07-27 00:00:00;2027-07-22 00:00:00;2027-07-16 00:00:00
2027-07-19 00:00:00;SO290906;C0007;AL002;771;2027-09-20 00:00:00;2027-09-26 00:00:00;2027-07-22 00:00:00;2027-07-28 00:00:00
2027-07-19 00:00:00;SO539105;C0020;AT001;1128;2027-09-13 00:00:00;2027-09-12 00:00:00;2027-07-23 00:00:00;2027-07-22 00:00:00
2027-07-19 00:00:00;SO290906;C0007;VS003;1313;2027-09-20 00:00:00;2027-09-19 00:00:00;2027-07-22 00:00:00;2027-07-21 00:00:00
2027-07-19 00:00:00;SO650866;C0016;VS002;765;2027-08-02 00:00:00;2027-08-01 00:00:00;2027-07-23 00:00:00;2027-07-22 00:00:00
2027-07-19 00:00:00;SO650866;C0016;AS005;982;2027-08-02 00:00:00;2027-07-25 00:00:00;2027-07-23 00:00:00;2027-07-15 00:00:00
2027-07-19 00:00:00;SO650866;C0016;VS004;938;2027-08-02 00:00:00;2027-07-30 00:00:00;2027-07-23 00:00:00;2027-07-20 00:00:00
2027-07-19 00:00:00;SO650866;C0016;VS003;1224;2027-08-02 00:00:00;2027-08-11 00:00:00;2027-07-23 00:00:00;2027-08-01 00:00:00
2027-07-19 00:00:00;SO539105;C0020;CS002;358;2027-09-13 00:00:00;2027-09-09 00:00:00;2027-07-23 00:00:00;2027-07-19 00:00:00
2027-07-19 00:00:00;SO395408;C0009;AS005;1010;2027-08-02 00:00:00;2027-07-31 00:00:00;2027-07-22 00:00:00;2027-07-20 00:00:00
2027-07-19 00:00:00;SO650866;C0016;AL002;895;2027-08-02 00:00:00;2027-08-11 00:00:00;2027-07-23 00:00:00;2027-08-01 00:00:00
2027-07-20 00:00:00;SO144844;C0007;AL002;993;2027-09-21 00:00:00;2027-09-30 00:00:00;2027-07-23 00:00:00;2027-08-01 00:00:00
2027-07-20 00:00:00;SO136188;C0022;CS002;1137;2027-08-31 00:00:00;2027-08-30 00:00:00;2027-07-24 00:00:00;2027-07-23 00:00:00
2027-07-20 00:00:00;SO144844;C0007;AS005;621;2027-09-21 00:00:00;2027-09-20 00:00:00;2027-07-23 00:00:00;2027-07-22 00:00:00
2027-07-20 00:00:00;SO136188;C0022;CL001;565;2027-08-31 00:00:00;2027-09-04 00:00:00;2027-07-24 00:00:00;2027-07-28 00:00:00
2027-07-20 00:00:00;SO144844;C0007;AT001;616;2027-09-21 00:00:00;2027-09-25 00:00:00;2027-07-23 00:00:00;2027-07-27 00:00:00
2027-07-20 00:00:00;SO144844;C0007;VS001;1138;2027-09-21 00:00:00;2027-09-17 00:00:00;2027-07-23 00:00:00;2027-07-19 00:00:00
2027-07-20 00:00:00;SO144844;C0007;VS003;780;2027-09-21 00:00:00;2027-09-30 00:00:00;2027-07-23 00:00:00;2027-08-01 00:00:00
2027-07-20 00:00:00;SO144844;C0007;CT002;1362;2027-09-21 00:00:00;2027-09-30 00:00:00;2027-07-23 00:00:00;2027-08-01 00:00:00
2027-07-20 00:00:00;SO136188;C0022;CT002;946;2027-08-31 00:00:00;2027-08-30 00:00:00;2027-07-24 00:00:00;2027-07-23 00:00:00
2027-07-20 00:00:00;SO136188;C0022;AL002;371;2027-08-31 00:00:00;2027-08-21 00:00:00;2027-07-24 00:00:00;2027-07-14 00:00:00
2027-07-20 00:00:00;SO144844;C0007;CS002;664;2027-09-21 00:00:00;2027-09-14 00:00:00;2027-07-23 00:00:00;2027-07-16 00:00:00
2027-07-20 00:00:00;SO136188;C0022;AS005;325;2027-08-31 00:00:00;2027-08-30 00:00:00;2027-07-24 00:00:00;2027-07-23 00:00:00
2027-07-20 00:00:00;SO144844;C0007;AS004;397;2027-09-21 00:00:00;2027-09-28 00:00:00;2027-07-23 00:00:00;2027-07-30 00:00:00
2027-07-20 00:00:00;SO136188;C0022;AL001;367;2027-08-31 00:00:00;2027-08-27 00:00:00;2027-07-24 00:00:00;2027-07-20 00:00:00
2027-07-20 00:00:00;SO144844;C0007;AL001;964;2027-09-21 00:00:00;2027-09-26 00:00:00;2027-07-23 00:00:00;2027-07-28 00:00:00
2027-07-21 00:00:00;SO848982;C0009;CT001;1466;2027-08-04 00:00:00;2027-08-04 00:00:00;2027-07-24 00:00:00;2027-07-24 00:00:00
2027-07-21 00:00:00;SO331494;C0010;CT002;711;2027-09-01 00:00:00;2027-09-07 00:00:00;2027-07-24 00:00:00;2027-07-30 00:00:00
2027-07-21 00:00:00;SO310966;C0008;CT002;622;2027-09-15 00:00:00;2027-09-23 00:00:00;2027-07-24 00:00:00;2027-08-01 00:00:00
2027-07-21 00:00:00;SO883717;C0013;AT001;1036;2027-08-18 00:00:00;2027-08-14 00:00:00;2027-07-25 00:00:00;2027-07-21 00:00:00
2027-07-21 00:00:00;SO883717;C0013;CT002;514;2027-08-18 00:00:00;2027-08-12 00:00:00;2027-07-25 00:00:00;2027-07-19 00:00:00
2027-07-21 00:00:00;SO331494;C0010;VS002;1017;2027-09-01 00:00:00;2027-09-05 00:00:00;2027-07-24 00:00:00;2027-07-28 00:00:00
2027-07-21 00:00:00;SO331494;C0010;AS005;1395;2027-09-01 00:00:00;2027-09-03 00:00:00;2027-07-24 00:00:00;2027-07-26 00:00:00
2027-07-21 00:00:00;SO310966;C0008;VS002;1163;2027-09-15 00:00:00;2027-09-14 00:00:00;2027-07-24 00:00:00;2027-07-23 00:00:00
2027-07-21 00:00:00;SO310966;C0008;CS002;554;2027-09-15 00:00:00;2027-09-13 00:00:00;2027-07-24 00:00:00;2027-07-22 00:00:00
2027-07-21 00:00:00;SO883717;C0013;AT002;971;2027-08-18 00:00:00;2027-08-21 00:00:00;2027-07-25 00:00:00;2027-07-28 00:00:00
2027-07-21 00:00:00;SO331494;C0010;CS002;821;2027-09-01 00:00:00;2027-09-01 00:00:00;2027-07-24 00:00:00;2027-07-24 00:00:00
2027-07-21 00:00:00;SO848982;C0009;VS003;821;2027-08-04 00:00:00;2027-07-30 00:00:00;2027-07-24 00:00:00;2027-07-19 00:00:00
2027-07-21 00:00:00;SO848982;C0009;VS001;978;2027-08-04 00:00:00;2027-08-03 00:00:00;2027-07-24 00:00:00;2027-07-23 00:00:00
2027-07-21 00:00:00;SO883717;C0013;VS002;1013;2027-08-18 00:00:00;2027-08-10 00:00:00;2027-07-25 00:00:00;2027-07-17 00:00:00
2027-07-21 00:00:00;SO331494;C0010;VS001;1203;2027-09-01 00:00:00;2027-09-05 00:00:00;2027-07-24 00:00:00;2027-07-28 00:00:00
2027-07-21 00:00:00;SO331494;C0010;CL001;561;2027-09-01 00:00:00;2027-08-22 00:00:00;2027-07-24 00:00:00;2027-07-14 00:00:00
2027-07-21 00:00:00;SO310966;C0008;AL001;921;2027-09-15 00:00:00;2027-09-19 00:00:00;2027-07-24 00:00:00;2027-07-28 00:00:00
2027-07-21 00:00:00;SO331494;C0010;AT001;573;2027-09-01 00:00:00;2027-08-26 00:00:00;2027-07-24 00:00:00;2027-07-18 00:00:00
2027-07-22 00:00:00;SO689241;C0010;AT002;1094;2027-09-02 00:00:00;2027-08-31 00:00:00;2027-07-25 00:00:00;2027-07-23 00:00:00
2027-07-22 00:00:00;SO730895;C0015;VS003;777;2027-09-02 00:00:00;2027-09-05 00:00:00;2027-07-26 00:00:00;2027-07-29 00:00:00
2027-07-22 00:00:00;SO872774;C0009;AL002;1034;2027-08-05 00:00:00;2027-07-30 00:00:00;2027-07-25 00:00:00;2027-07-19 00:00:00
2027-07-22 00:00:00;SO686985;C0005;VS001;558;2027-09-16 00:00:00;2027-09-20 00:00:00;2027-07-24 00:00:00;2027-07-28 00:00:00
2027-07-22 00:00:00;SO689241;C0010;AT001;1274;2027-09-02 00:00:00;2027-08-23 00:00:00;2027-07-25 00:00:00;2027-07-15 00:00:00
2027-07-22 00:00:00;SO730895;C0015;VS002;1109;2027-09-02 00:00:00;2027-09-08 00:00:00;2027-07-26 00:00:00;2027-08-01 00:00:00
2027-07-22 00:00:00;SO872774;C0009;CS002;413;2027-08-05 00:00:00;2027-08-03 00:00:00;2027-07-25 00:00:00;2027-07-23 00:00:00
2027-07-22 00:00:00;SO689241;C0010;VS002;559;2027-09-02 00:00:00;2027-08-23 00:00:00;2027-07-25 00:00:00;2027-07-15 00:00:00
2027-07-22 00:00:00;SO686985;C0005;AL001;572;2027-09-16 00:00:00;2027-09-06 00:00:00;2027-07-24 00:00:00;2027-07-14 00:00:00
2027-07-22 00:00:00;SO872774;C0009;VS003;711;2027-08-05 00:00:00;2027-08-15 00:00:00;2027-07-25 00:00:00;2027-08-04 00:00:00
2027-07-22 00:00:00;SO689241;C0010;CL001;373;2027-09-02 00:00:00;2027-08-25 00:00:00;2027-07-25 00:00:00;2027-07-17 00:00:00
2027-07-22 00:00:00;SO730895;C0015;AS005;1414;2027-09-02 00:00:00;2027-08-31 00:00:00;2027-07-26 00:00:00;2027-07-24 00:00:00
2027-07-22 00:00:00;SO872774;C0009;AT002;1463;2027-08-05 00:00:00;2027-08-08 00:00:00;2027-07-25 00:00:00;2027-07-28 00:00:00
2027-07-22 00:00:00;SO689241;C0010;AL002;537;2027-09-02 00:00:00;2027-09-09 00:00:00;2027-07-25 00:00:00;2027-08-01 00:00:00
2027-07-22 00:00:00;SO872774;C0009;CT001;507;2027-08-05 00:00:00;2027-08-05 00:00:00;2027-07-25 00:00:00;2027-07-25 00:00:00
2027-07-23 00:00:00;SO986852;C0009;AT002;528;2027-08-06 00:00:00;2027-08-11 00:00:00;2027-07-26 00:00:00;2027-07-31 00:00:00
2027-07-23 00:00:00;SO780508;C0008;CT002;485;2027-09-17 00:00:00;2027-09-22 00:00:00;2027-07-26 00:00:00;2027-07-31 00:00:00
2027-07-23 00:00:00;SO430673;C0028;AT002;874;2027-08-06 00:00:00;2027-08-01 00:00:00;2027-07-31 00:00:00;2027-07-26 00:00:00
2027-07-23 00:00:00;SO946043;C0030;AT001;1185;2027-09-24 00:00:00;2027-09-20 00:00:00;2027-07-31 00:00:00;2027-07-27 00:00:00
2027-07-23 00:00:00;SO780508;C0008;AL002;383;2027-09-17 00:00:00;2027-09-21 00:00:00;2027-07-26 00:00:00;2027-07-30 00:00:00
2027-07-23 00:00:00;SO946043;C0030;VS004;765;2027-09-24 00:00:00;2027-09-16 00:00:00;2027-07-31 00:00:00;2027-07-23 00:00:00
2027-07-23 00:00:00;SO430673;C0028;AS004;937;2027-08-06 00:00:00;2027-07-28 00:00:00;2027-07-31 00:00:00;2027-07-22 00:00:00
2027-07-23 00:00:00;SO986852;C0009;VS001;1022;2027-08-06 00:00:00;2027-08-03 00:00:00;2027-07-26 00:00:00;2027-07-23 00:00:00
2027-07-23 00:00:00;SO986852;C0009;VS002;449;2027-08-06 00:00:00;2027-08-05 00:00:00;2027-07-26 00:00:00;2027-07-25 00:00:00
2027-07-23 00:00:00;SO946043;C0030;CT002;697;2027-09-24 00:00:00;2027-09-30 00:00:00;2027-07-31 00:00:00;2027-08-06 00:00:00
2027-07-23 00:00:00;SO986852;C0009;CL001;561;2027-08-06 00:00:00;2027-08-04 00:00:00;2027-07-26 00:00:00;2027-07-24 00:00:00
2027-07-23 00:00:00;SO986852;C0009;AS005;603;2027-08-06 00:00:00;2027-08-16 00:00:00;2027-07-26 00:00:00;2027-08-05 00:00:00
2027-07-23 00:00:00;SO946043;C0030;AS004;649;2027-09-24 00:00:00;2027-09-23 00:00:00;2027-07-31 00:00:00;2027-07-30 00:00:00
2027-07-26 00:00:00;SO453172;C0006;AS004;992;2027-09-27 00:00:00;2027-10-06 00:00:00;2027-07-28 00:00:00;2027-08-06 00:00:00
2027-07-26 00:00:00;SO679476;C0004;AS004;366;2027-08-09 00:00:00;2027-08-02 00:00:00;2027-07-28 00:00:00;2027-07-21 00:00:00
2027-07-26 00:00:00;SO679476;C0004;AS005;877;2027-08-09 00:00:00;2027-07-30 00:00:00;2027-07-28 00:00:00;2027-07-18 00:00:00
2027-07-26 00:00:00;SO679476;C0004;AT002;755;2027-08-09 00:00:00;2027-08-02 00:00:00;2027-07-28 00:00:00;2027-07-21 00:00:00
2027-07-26 00:00:00;SO679476;C0004;CT001;736;2027-08-09 00:00:00;2027-08-04 00:00:00;2027-07-28 00:00:00;2027-07-23 00:00:00
2027-07-26 00:00:00;SO679476;C0004;CT002;1250;2027-08-09 00:00:00;2027-08-19 00:00:00;2027-07-28 00:00:00;2027-08-07 00:00:00
2027-07-26 00:00:00;SO679476;C0004;VS001;492;2027-08-09 00:00:00;2027-08-16 00:00:00;2027-07-28 00:00:00;2027-08-04 00:00:00
2027-07-26 00:00:00;SO679476;C0004;AL002;636;2027-08-09 00:00:00;2027-08-19 00:00:00;2027-07-28 00:00:00;2027-08-07 00:00:00
2027-07-26 00:00:00;SO453172;C0006;CT001;367;2027-09-27 00:00:00;2027-09-24 00:00:00;2027-07-28 00:00:00;2027-07-25 00:00:00
2027-07-26 00:00:00;SO453172;C0006;VS001;951;2027-09-27 00:00:00;2027-09-22 00:00:00;2027-07-28 00:00:00;2027-07-23 00:00:00
2027-07-26 00:00:00;SO453172;C0006;VS003;1034;2027-09-27 00:00:00;2027-10-07 00:00:00;2027-07-28 00:00:00;2027-08-07 00:00:00
2027-07-26 00:00:00;SO453172;C0006;VS002;370;2027-09-27 00:00:00;2027-09-26 00:00:00;2027-07-28 00:00:00;2027-07-27 00:00:00
2027-07-26 00:00:00;SO453172;C0006;CT002;463;2027-09-27 00:00:00;2027-09-28 00:00:00;2027-07-28 00:00:00;2027-07-29 00:00:00
2027-07-26 00:00:00;SO679476;C0004;VS004;776;2027-08-09 00:00:00;2027-08-04 00:00:00;2027-07-28 00:00:00;2027-07-23 00:00:00
2027-07-27 00:00:00;SO964559;C0008;CT002;978;2027-09-21 00:00:00;2027-09-17 00:00:00;2027-07-30 00:00:00;2027-07-26 00:00:00
2027-07-27 00:00:00;SO603156;C0013;VS004;1111;2027-08-24 00:00:00;2027-08-27 00:00:00;2027-07-31 00:00:00;2027-08-03 00:00:00
2027-07-27 00:00:00;SO503407;C0001;CT002;1008;2027-08-24 00:00:00;2027-08-24 00:00:00;2027-07-29 00:00:00;2027-07-29 00:00:00
2027-07-27 00:00:00;SO480884;C0019;VS002;869;2027-09-28 00:00:00;2027-09-18 00:00:00;2027-07-31 00:00:00;2027-07-21 00:00:00
2027-07-27 00:00:00;SO503407;C0001;AL002;859;2027-08-24 00:00:00;2027-09-01 00:00:00;2027-07-29 00:00:00;2027-08-06 00:00:00
2027-07-27 00:00:00;SO503407;C0001;AL001;529;2027-08-24 00:00:00;2027-08-30 00:00:00;2027-07-29 00:00:00;2027-08-04 00:00:00
2027-07-27 00:00:00;SO603156;C0013;VS001;505;2027-08-24 00:00:00;2027-08-30 00:00:00;2027-07-31 00:00:00;2027-08-06 00:00:00
2027-07-27 00:00:00;SO503407;C0001;VS001;1230;2027-08-24 00:00:00;2027-08-24 00:00:00;2027-07-29 00:00:00;2027-07-29 00:00:00
2027-07-27 00:00:00;SO503407;C0001;VS003;713;2027-08-24 00:00:00;2027-08-14 00:00:00;2027-07-29 00:00:00;2027-07-19 00:00:00
2027-07-27 00:00:00;SO603156;C0013;AL001;1074;2027-08-24 00:00:00;2027-08-24 00:00:00;2027-07-31 00:00:00;2027-07-31 00:00:00
2027-07-27 00:00:00;SO503407;C0001;AS005;741;2027-08-24 00:00:00;2027-08-23 00:00:00;2027-07-29 00:00:00;2027-07-28 00:00:00
2027-07-27 00:00:00;SO603156;C0013;CS002;885;2027-08-24 00:00:00;2027-08-17 00:00:00;2027-07-31 00:00:00;2027-07-24 00:00:00
2027-07-27 00:00:00;SO503407;C0001;CT001;429;2027-08-24 00:00:00;2027-08-15 00:00:00;2027-07-29 00:00:00;2027-07-20 00:00:00
2027-07-27 00:00:00;SO503407;C0001;CS002;1119;2027-08-24 00:00:00;2027-09-01 00:00:00;2027-07-29 00:00:00;2027-08-06 00:00:00
2027-07-27 00:00:00;SO964559;C0008;AS004;996;2027-09-21 00:00:00;2027-09-27 00:00:00;2027-07-30 00:00:00;2027-08-05 00:00:00
2027-07-27 00:00:00;SO480884;C0019;CT002;818;2027-09-28 00:00:00;2027-09-21 00:00:00;2027-07-31 00:00:00;2027-07-24 00:00:00
2027-07-28 00:00:00;SO713661;C0017;CL001;505;2027-09-22 00:00:00;2027-09-17 00:00:00;2027-08-01 00:00:00;2027-07-27 00:00:00
2027-07-28 00:00:00;SO506287;C0013;CL001;929;2027-08-25 00:00:00;2027-08-22 00:00:00;2027-08-01 00:00:00;2027-07-29 00:00:00
2027-07-28 00:00:00;SO713661;C0017;AS005;735;2027-09-22 00:00:00;2027-09-29 00:00:00;2027-08-01 00:00:00;2027-08-08 00:00:00
2027-07-28 00:00:00;SO713661;C0017;VS004;768;2027-09-22 00:00:00;2027-09-28 00:00:00;2027-08-01 00:00:00;2027-08-07 00:00:00
2027-07-28 00:00:00;SO713661;C0017;AS004;893;2027-09-22 00:00:00;2027-09-17 00:00:00;2027-08-01 00:00:00;2027-07-27 00:00:00
2027-07-28 00:00:00;SO713661;C0017;VS002;427;2027-09-22 00:00:00;2027-09-22 00:00:00;2027-08-01 00:00:00;2027-08-01 00:00:00
2027-07-28 00:00:00;SO713661;C0017;AL002;962;2027-09-22 00:00:00;2027-09-18 00:00:00;2027-08-01 00:00:00;2027-07-28 00:00:00
2027-07-28 00:00:00;SO713661;C0017;VS001;609;2027-09-22 00:00:00;2027-09-12 00:00:00;2027-08-01 00:00:00;2027-07-22 00:00:00
2027-07-28 00:00:00;SO713661;C0017;AT002;768;2027-09-22 00:00:00;2027-09-20 00:00:00;2027-08-01 00:00:00;2027-07-30 00:00:00
2027-07-28 00:00:00;SO713661;C0017;CS002;943;2027-09-22 00:00:00;2027-09-28 00:00:00;2027-08-01 00:00:00;2027-08-07 00:00:00
2027-07-28 00:00:00;SO713661;C0017;AT001;1072;2027-09-22 00:00:00;2027-09-23 00:00:00;2027-08-01 00:00:00;2027-08-02 00:00:00
2027-07-28 00:00:00;SO713661;C0017;CT002;753;2027-09-22 00:00:00;2027-10-02 00:00:00;2027-08-01 00:00:00;2027-08-11 00:00:00
2027-07-28 00:00:00;SO713661;C0017;AL001;1043;2027-09-22 00:00:00;2027-09-21 00:00:00;2027-08-01 00:00:00;2027-07-31 00:00:00
2027-07-28 00:00:00;SO506287;C0013;CT001;882;2027-08-25 00:00:00;2027-08-22 00:00:00;2027-08-01 00:00:00;2027-07-29 00:00:00
2027-07-28 00:00:00;SO506287;C0013;AS004;506;2027-08-25 00:00:00;2027-08-30 00:00:00;2027-08-01 00:00:00;2027-08-06 00:00:00
2027-07-28 00:00:00;SO506287;C0013;AL001;894;2027-08-25 00:00:00;2027-08-25 00:00:00;2027-08-01 00:00:00;2027-08-01 00:00:00
2027-07-28 00:00:00;SO713661;C0017;CT001;678;2027-09-22 00:00:00;2027-09-24 00:00:00;2027-08-01 00:00:00;2027-08-03 00:00:00
2027-07-29 00:00:00;SO138297;C0019;VS004;1138;2027-09-30 00:00:00;2027-09-26 00:00:00;2027-08-02 00:00:00;2027-07-29 00:00:00
2027-07-29 00:00:00;SO633484;C0011;AL001;801;2027-09-02 00:00:00;2027-08-31 00:00:00;2027-08-01 00:00:00;2027-07-30 00:00:00
2027-07-29 00:00:00;SO189427;C0023;AT001;847;2027-09-02 00:00:00;2027-08-24 00:00:00;2027-08-02 00:00:00;2027-07-24 00:00:00
2027-07-29 00:00:00;SO737176;C0017;AL002;536;2027-09-23 00:00:00;2027-09-24 00:00:00;2027-08-02 00:00:00;2027-08-03 00:00:00
2027-07-29 00:00:00;SO138297;C0019;AL001;819;2027-09-30 00:00:00;2027-09-22 00:00:00;2027-08-02 00:00:00;2027-07-25 00:00:00
2027-07-29 00:00:00;SO737176;C0017;AL001;1134;2027-09-23 00:00:00;2027-09-23 00:00:00;2027-08-02 00:00:00;2027-08-02 00:00:00
2027-07-29 00:00:00;SO189427;C0023;CT001;366;2027-09-02 00:00:00;2027-09-10 00:00:00;2027-08-02 00:00:00;2027-08-10 00:00:00
2027-07-29 00:00:00;SO138297;C0019;CS002;1037;2027-09-30 00:00:00;2027-09-20 00:00:00;2027-08-02 00:00:00;2027-07-23 00:00:00
2027-07-29 00:00:00;SO138297;C0019;VS003;1065;2027-09-30 00:00:00;2027-09-22 00:00:00;2027-08-02 00:00:00;2027-07-25 00:00:00
2027-07-29 00:00:00;SO633484;C0011;CL001;741;2027-09-02 00:00:00;2027-09-06 00:00:00;2027-08-01 00:00:00;2027-08-05 00:00:00
2027-07-29 00:00:00;SO189427;C0023;AL001;1088;2027-09-02 00:00:00;2027-08-23 00:00:00;2027-08-02 00:00:00;2027-07-23 00:00:00
2027-07-29 00:00:00;SO633484;C0011;VS003;1119;2027-09-02 00:00:00;2027-08-28 00:00:00;2027-08-01 00:00:00;2027-07-27 00:00:00
2027-07-30 00:00:00;SO651640;C0012;AS005;534;2027-08-27 00:00:00;2027-08-23 00:00:00;2027-08-02 00:00:00;2027-07-29 00:00:00
2027-07-30 00:00:00;SO765493;C0026;AL001;1317;2027-09-03 00:00:00;2027-09-03 00:00:00;2027-08-07 00:00:00;2027-08-07 00:00:00
2027-07-30 00:00:00;SO194865;C0006;VS001;1358;2027-10-01 00:00:00;2027-10-11 00:00:00;2027-08-01 00:00:00;2027-08-11 00:00:00
2027-07-30 00:00:00;SO799000;C0024;VS001;353;2027-08-27 00:00:00;2027-09-04 00:00:00;2027-08-03 00:00:00;2027-08-11 00:00:00
2027-07-30 00:00:00;SO799000;C0024;AS005;990;2027-08-27 00:00:00;2027-09-03 00:00:00;2027-08-03 00:00:00;2027-08-10 00:00:00
2027-07-30 00:00:00;SO194865;C0006;CS002;1213;2027-10-01 00:00:00;2027-10-01 00:00:00;2027-08-01 00:00:00;2027-08-01 00:00:00
2027-07-30 00:00:00;SO799000;C0024;CT002;1203;2027-08-27 00:00:00;2027-08-17 00:00:00;2027-08-03 00:00:00;2027-07-24 00:00:00
2027-07-30 00:00:00;SO651640;C0012;AT001;495;2027-08-27 00:00:00;2027-08-31 00:00:00;2027-08-02 00:00:00;2027-08-06 00:00:00
2027-07-30 00:00:00;SO194865;C0006;CT002;647;2027-10-01 00:00:00;2027-10-01 00:00:00;2027-08-01 00:00:00;2027-08-01 00:00:00
2027-07-30 00:00:00;SO765493;C0026;CT001;1278;2027-09-03 00:00:00;2027-09-02 00:00:00;2027-08-07 00:00:00;2027-08-06 00:00:00
2027-07-30 00:00:00;SO765493;C0026;AT001;580;2027-09-03 00:00:00;2027-09-04 00:00:00;2027-08-07 00:00:00;2027-08-08 00:00:00
2027-07-30 00:00:00;SO194865;C0006;VS003;1030;2027-10-01 00:00:00;2027-09-28 00:00:00;2027-08-01 00:00:00;2027-07-29 00:00:00
2027-07-30 00:00:00;SO651640;C0012;VS003;639;2027-08-27 00:00:00;2027-08-24 00:00:00;2027-08-02 00:00:00;2027-07-30 00:00:00
2027-07-30 00:00:00;SO765493;C0026;AT002;1094;2027-09-03 00:00:00;2027-08-27 00:00:00;2027-08-07 00:00:00;2027-07-31 00:00:00
2027-07-30 00:00:00;SO765493;C0026;CS002;696;2027-09-03 00:00:00;2027-09-08 00:00:00;2027-08-07 00:00:00;2027-08-12 00:00:00
2027-07-30 00:00:00;SO194865;C0006;VS002;432;2027-10-01 00:00:00;2027-09-21 00:00:00;2027-08-01 00:00:00;2027-07-22 00:00:00
2027-07-30 00:00:00;SO194865;C0006;AS004;684;2027-10-01 00:00:00;2027-10-04 00:00:00;2027-08-01 00:00:00;2027-08-04 00:00:00
2027-07-30 00:00:00;SO194865;C0006;AL001;1018;2027-10-01 00:00:00;2027-09-22 00:00:00;2027-08-01 00:00:00;2027-07-23 00:00:00
2027-08-02 00:00:00;SO508205;C0005;AT001;871;2027-09-27 00:00:00;2027-10-05 00:00:00;2027-08-04 00:00:00;2027-08-12 00:00:00
2027-08-02 00:00:00;SO310942;C0016;VS004;741;2027-08-16 00:00:00;2027-08-19 00:00:00;2027-08-06 00:00:00;2027-08-09 00:00:00
2027-08-02 00:00:00;SO310942;C0016;AS002;451;2027-08-16 00:00:00;2027-08-15 00:00:00;2027-08-06 00:00:00;2027-08-05 00:00:00
2027-08-02 00:00:00;SO310942;C0016;CL002;367;2027-08-16 00:00:00;2027-08-25 00:00:00;2027-08-06 00:00:00;2027-08-15 00:00:00
2027-08-02 00:00:00;SO508205;C0005;AS002;344;2027-09-27 00:00:00;2027-09-30 00:00:00;2027-08-04 00:00:00;2027-08-07 00:00:00
2027-08-02 00:00:00;SO310942;C0016;CS004;1154;2027-08-16 00:00:00;2027-08-08 00:00:00;2027-08-06 00:00:00;2027-07-29 00:00:00
2027-08-02 00:00:00;SO508205;C0005;CT003;514;2027-09-27 00:00:00;2027-09-20 00:00:00;2027-08-04 00:00:00;2027-07-28 00:00:00
2027-08-02 00:00:00;SO508205;C0005;CS001;1202;2027-09-27 00:00:00;2027-09-30 00:00:00;2027-08-04 00:00:00;2027-08-07 00:00:00
2027-08-02 00:00:00;SO310942;C0016;AS005;622;2027-08-16 00:00:00;2027-08-09 00:00:00;2027-08-06 00:00:00;2027-07-30 00:00:00
2027-08-02 00:00:00;SO310942;C0016;CT003;1087;2027-08-16 00:00:00;2027-08-11 00:00:00;2027-08-06 00:00:00;2027-08-01 00:00:00
2027-08-02 00:00:00;SO310942;C0016;CS002;1426;2027-08-16 00:00:00;2027-08-11 00:00:00;2027-08-06 00:00:00;2027-08-01 00:00:00
2027-08-02 00:00:00;SO508205;C0005;VS004;922;2027-09-27 00:00:00;2027-09-30 00:00:00;2027-08-04 00:00:00;2027-08-07 00:00:00
2027-08-02 00:00:00;SO508205;C0005;CT002;1156;2027-09-27 00:00:00;2027-10-02 00:00:00;2027-08-04 00:00:00;2027-08-09 00:00:00
2027-08-02 00:00:00;SO508205;C0005;AS005;476;2027-09-27 00:00:00;2027-09-26 00:00:00;2027-08-04 00:00:00;2027-08-03 00:00:00
2027-08-02 00:00:00;SO310942;C0016;AS004;494;2027-08-16 00:00:00;2027-08-17 00:00:00;2027-08-06 00:00:00;2027-08-07 00:00:00
2027-08-03 00:00:00;SO641145;C0030;VS001;807;2027-10-05 00:00:00;2027-10-01 00:00:00;2027-08-11 00:00:00;2027-08-07 00:00:00
2027-08-03 00:00:00;SO538365;C0013;CS002;1049;2027-08-31 00:00:00;2027-09-04 00:00:00;2027-08-07 00:00:00;2027-08-11 00:00:00
2027-08-03 00:00:00;SO176713;C0008;VS004;568;2027-09-28 00:00:00;2027-10-01 00:00:00;2027-08-06 00:00:00;2027-08-09 00:00:00
2027-08-03 00:00:00;SO641145;C0030;VS003;521;2027-10-05 00:00:00;2027-10-05 00:00:00;2027-08-11 00:00:00;2027-08-11 00:00:00
2027-08-03 00:00:00;SO538365;C0013;AS004;966;2027-08-31 00:00:00;2027-08-25 00:00:00;2027-08-07 00:00:00;2027-08-01 00:00:00
2027-08-03 00:00:00;SO641145;C0030;AS005;709;2027-10-05 00:00:00;2027-10-09 00:00:00;2027-08-11 00:00:00;2027-08-15 00:00:00
2027-08-03 00:00:00;SO176713;C0008;CS004;1057;2027-09-28 00:00:00;2027-09-29 00:00:00;2027-08-06 00:00:00;2027-08-07 00:00:00
2027-08-03 00:00:00;SO641145;C0030;AS004;1388;2027-10-05 00:00:00;2027-09-27 00:00:00;2027-08-11 00:00:00;2027-08-03 00:00:00
2027-08-03 00:00:00;SO641145;C0030;AL001;1178;2027-10-05 00:00:00;2027-09-29 00:00:00;2027-08-11 00:00:00;2027-08-05 00:00:00
2027-08-03 00:00:00;SO176713;C0008;CT001;596;2027-09-28 00:00:00;2027-09-20 00:00:00;2027-08-06 00:00:00;2027-07-29 00:00:00
2027-08-03 00:00:00;SO538365;C0013;VS002;411;2027-08-31 00:00:00;2027-08-25 00:00:00;2027-08-07 00:00:00;2027-08-01 00:00:00
2027-08-03 00:00:00;SO641145;C0030;AS002;1395;2027-10-05 00:00:00;2027-10-03 00:00:00;2027-08-11 00:00:00;2027-08-09 00:00:00
2027-08-03 00:00:00;SO538365;C0013;CT002;736;2027-08-31 00:00:00;2027-08-31 00:00:00;2027-08-07 00:00:00;2027-08-07 00:00:00
2027-08-03 00:00:00;SO176713;C0008;CT003;361;2027-09-28 00:00:00;2027-09-27 00:00:00;2027-08-06 00:00:00;2027-08-05 00:00:00
2027-08-03 00:00:00;SO538365;C0013;AS005;821;2027-08-31 00:00:00;2027-09-01 00:00:00;2027-08-07 00:00:00;2027-08-08 00:00:00
2027-08-03 00:00:00;SO176713;C0008;CS002;852;2027-09-28 00:00:00;2027-09-29 00:00:00;2027-08-06 00:00:00;2027-08-07 00:00:00
2027-08-03 00:00:00;SO538365;C0013;CL001;392;2027-08-31 00:00:00;2027-08-27 00:00:00;2027-08-07 00:00:00;2027-08-03 00:00:00
2027-08-03 00:00:00;SO641145;C0030;CT003;543;2027-10-05 00:00:00;2027-10-13 00:00:00;2027-08-11 00:00:00;2027-08-19 00:00:00
2027-08-04 00:00:00;SO883508;C0027;AS004;529;2027-09-15 00:00:00;2027-09-23 00:00:00;2027-08-12 00:00:00;2027-08-20 00:00:00
2027-08-04 00:00:00;SO327664;C0012;CS001;926;2027-09-01 00:00:00;2027-08-29 00:00:00;2027-08-07 00:00:00;2027-08-04 00:00:00
2027-08-04 00:00:00;SO327664;C0012;AS004;1159;2027-09-01 00:00:00;2027-09-04 00:00:00;2027-08-07 00:00:00;2027-08-10 00:00:00
2027-08-04 00:00:00;SO883508;C0027;AL002;912;2027-09-15 00:00:00;2027-09-21 00:00:00;2027-08-12 00:00:00;2027-08-18 00:00:00
2027-08-04 00:00:00;SO327664;C0012;VS002;419;2027-09-01 00:00:00;2027-08-24 00:00:00;2027-08-07 00:00:00;2027-07-30 00:00:00
2027-08-04 00:00:00;SO327664;C0012;VS003;785;2027-09-01 00:00:00;2027-09-05 00:00:00;2027-08-07 00:00:00;2027-08-11 00:00:00
2027-08-04 00:00:00;SO327664;C0012;CT003;516;2027-09-01 00:00:00;2027-08-22 00:00:00;2027-08-07 00:00:00;2027-07-28 00:00:00
2027-08-04 00:00:00;SO327664;C0012;AS003;759;2027-09-01 00:00:00;2027-08-30 00:00:00;2027-08-07 00:00:00;2027-08-05 00:00:00
2027-08-04 00:00:00;SO883508;C0027;AT001;1219;2027-09-15 00:00:00;2027-09-18 00:00:00;2027-08-12 00:00:00;2027-08-15 00:00:00
2027-08-04 00:00:00;SO883508;C0027;CT001;476;2027-09-15 00:00:00;2027-09-17 00:00:00;2027-08-12 00:00:00;2027-08-14 00:00:00
2027-08-04 00:00:00;SO327664;C0012;CL002;561;2027-09-01 00:00:00;2027-09-10 00:00:00;2027-08-07 00:00:00;2027-08-16 00:00:00
2027-08-04 00:00:00;SO327664;C0012;AS005;1052;2027-09-01 00:00:00;2027-09-06 00:00:00;2027-08-07 00:00:00;2027-08-12 00:00:00
2027-08-04 00:00:00;SO327664;C0012;AT001;320;2027-09-01 00:00:00;2027-08-23 00:00:00;2027-08-07 00:00:00;2027-07-29 00:00:00
2027-08-04 00:00:00;SO327664;C0012;AL001;449;2027-09-01 00:00:00;2027-09-06 00:00:00;2027-08-07 00:00:00;2027-08-12 00:00:00
2027-08-05 00:00:00;SO621821;C0027;VS002;1113;2027-09-16 00:00:00;2027-09-13 00:00:00;2027-08-13 00:00:00;2027-08-10 00:00:00
2027-08-05 00:00:00;SO749460;C0014;CL002;925;2027-09-09 00:00:00;2027-09-14 00:00:00;2027-08-09 00:00:00;2027-08-14 00:00:00
2027-08-05 00:00:00;SO500328;C0018;AS004;653;2027-10-07 00:00:00;2027-10-04 00:00:00;2027-08-09 00:00:00;2027-08-06 00:00:00
2027-08-05 00:00:00;SO621821;C0027;CT002;358;2027-09-16 00:00:00;2027-09-11 00:00:00;2027-08-13 00:00:00;2027-08-08 00:00:00
2027-08-05 00:00:00;SO500328;C0018;AT001;837;2027-10-07 00:00:00;2027-10-06 00:00:00;2027-08-09 00:00:00;2027-08-08 00:00:00
2027-08-05 00:00:00;SO621821;C0027;CS001;845;2027-09-16 00:00:00;2027-09-24 00:00:00;2027-08-13 00:00:00;2027-08-21 00:00:00
2027-08-05 00:00:00;SO749460;C0014;AL002;1074;2027-09-09 00:00:00;2027-09-07 00:00:00;2027-08-09 00:00:00;2027-08-07 00:00:00
2027-08-05 00:00:00;SO749460;C0014;VS004;1004;2027-09-09 00:00:00;2027-09-02 00:00:00;2027-08-09 00:00:00;2027-08-02 00:00:00
2027-08-05 00:00:00;SO621821;C0027;AS002;473;2027-09-16 00:00:00;2027-09-12 00:00:00;2027-08-13 00:00:00;2027-08-09 00:00:00
2027-08-05 00:00:00;SO621821;C0027;VS001;926;2027-09-16 00:00:00;2027-09-16 00:00:00;2027-08-13 00:00:00;2027-08-13 00:00:00
2027-08-05 00:00:00;SO621821;C0027;VS003;1107;2027-09-16 00:00:00;2027-09-14 00:00:00;2027-08-13 00:00:00;2027-08-11 00:00:00
2027-08-05 00:00:00;SO621821;C0027;AS005;529;2027-09-16 00:00:00;2027-09-08 00:00:00;2027-08-13 00:00:00;2027-08-05 00:00:00
2027-08-05 00:00:00;SO749460;C0014;CS001;480;2027-09-09 00:00:00;2027-09-06 00:00:00;2027-08-09 00:00:00;2027-08-06 00:00:00
2027-08-05 00:00:00;SO749460;C0014;AS003;444;2027-09-09 00:00:00;2027-09-15 00:00:00;2027-08-09 00:00:00;2027-08-15 00:00:00
2027-08-05 00:00:00;SO500328;C0018;AS005;1349;2027-10-07 00:00:00;2027-10-17 00:00:00;2027-08-09 00:00:00;2027-08-19 00:00:00
2027-08-06 00:00:00;SO787379;C0014;VS004;1103;2027-09-10 00:00:00;2027-09-03 00:00:00;2027-08-10 00:00:00;2027-08-03 00:00:00
2027-08-06 00:00:00;SO770005;C0010;AL001;560;2027-09-17 00:00:00;2027-09-10 00:00:00;2027-08-09 00:00:00;2027-08-02 00:00:00
2027-08-06 00:00:00;SO787379;C0014;CS004;603;2027-09-10 00:00:00;2027-09-11 00:00:00;2027-08-10 00:00:00;2027-08-11 00:00:00
2027-08-06 00:00:00;SO770005;C0010;VS004;825;2027-09-17 00:00:00;2027-09-18 00:00:00;2027-08-09 00:00:00;2027-08-10 00:00:00
2027-08-06 00:00:00;SO787379;C0014;CL001;731;2027-09-10 00:00:00;2027-08-31 00:00:00;2027-08-10 00:00:00;2027-07-31 00:00:00
2027-08-06 00:00:00;SO770005;C0010;VS003;819;2027-09-17 00:00:00;2027-09-11 00:00:00;2027-08-09 00:00:00;2027-08-03 00:00:00
2027-08-06 00:00:00;SO787379;C0014;AT001;780;2027-09-10 00:00:00;2027-09-11 00:00:00;2027-08-10 00:00:00;2027-08-11 00:00:00
2027-08-06 00:00:00;SO787379;C0014;AL002;467;2027-09-10 00:00:00;2027-09-05 00:00:00;2027-08-10 00:00:00;2027-08-05 00:00:00
2027-08-06 00:00:00;SO787379;C0014;AS003;1149;2027-09-10 00:00:00;2027-09-06 00:00:00;2027-08-10 00:00:00;2027-08-06 00:00:00
2027-08-06 00:00:00;SO770005;C0010;CS001;1009;2027-09-17 00:00:00;2027-09-08 00:00:00;2027-08-09 00:00:00;2027-07-31 00:00:00
2027-08-06 00:00:00;SO787379;C0014;VS003;616;2027-09-10 00:00:00;2027-09-07 00:00:00;2027-08-10 00:00:00;2027-08-07 00:00:00
2027-08-06 00:00:00;SO787379;C0014;AS004;1119;2027-09-10 00:00:00;2027-09-14 00:00:00;2027-08-10 00:00:00;2027-08-14 00:00:00
2027-08-06 00:00:00;SO770005;C0010;VS002;961;2027-09-17 00:00:00;2027-09-27 00:00:00;2027-08-09 00:00:00;2027-08-19 00:00:00
2027-08-06 00:00:00;SO787379;C0014;AS002;506;2027-09-10 00:00:00;2027-09-01 00:00:00;2027-08-10 00:00:00;2027-08-01 00:00:00
2027-08-06 00:00:00;SO770005;C0010;AL002;586;2027-09-17 00:00:00;2027-09-11 00:00:00;2027-08-09 00:00:00;2027-08-03 00:00:00
2027-08-06 00:00:00;SO770005;C0010;CT003;344;2027-09-17 00:00:00;2027-09-24 00:00:00;2027-08-09 00:00:00;2027-08-16 00:00:00
2027-08-09 00:00:00;SO437065;C0028;VS003;902;2027-08-23 00:00:00;2027-08-22 00:00:00;2027-08-17 00:00:00;2027-08-16 00:00:00
2027-08-09 00:00:00;SO477566;C0015;CT002;1035;2027-09-20 00:00:00;2027-09-26 00:00:00;2027-08-13 00:00:00;2027-08-19 00:00:00
2027-08-09 00:00:00;SO477566;C0015;AS004;418;2027-09-20 00:00:00;2027-09-28 00:00:00;2027-08-13 00:00:00;2027-08-21 00:00:00
2027-08-09 00:00:00;SO477566;C0015;AS005;996;2027-09-20 00:00:00;2027-09-12 00:00:00;2027-08-13 00:00:00;2027-08-05 00:00:00
2027-08-09 00:00:00;SO437065;C0028;CT002;772;2027-08-23 00:00:00;2027-08-27 00:00:00;2027-08-17 00:00:00;2027-08-21 00:00:00
2027-08-09 00:00:00;SO437065;C0028;AS002;678;2027-08-23 00:00:00;2027-08-27 00:00:00;2027-08-17 00:00:00;2027-08-21 00:00:00
2027-08-09 00:00:00;SO477566;C0015;AT001;417;2027-09-20 00:00:00;2027-09-29 00:00:00;2027-08-13 00:00:00;2027-08-22 00:00:00
2027-08-09 00:00:00;SO437065;C0028;CL001;1132;2027-08-23 00:00:00;2027-08-26 00:00:00;2027-08-17 00:00:00;2027-08-20 00:00:00
2027-08-09 00:00:00;SO477566;C0015;VS001;533;2027-09-20 00:00:00;2027-09-14 00:00:00;2027-08-13 00:00:00;2027-08-07 00:00:00
2027-08-09 00:00:00;SO477566;C0015;AL001;889;2027-09-20 00:00:00;2027-09-20 00:00:00;2027-08-13 00:00:00;2027-08-13 00:00:00
2027-08-09 00:00:00;SO437065;C0028;AT001;636;2027-08-23 00:00:00;2027-08-16 00:00:00;2027-08-17 00:00:00;2027-08-10 00:00:00
2027-08-09 00:00:00;SO477566;C0015;CL002;814;2027-09-20 00:00:00;2027-09-22 00:00:00;2027-08-13 00:00:00;2027-08-15 00:00:00
2027-08-10 00:00:00;SO961082;C0022;AS004;970;2027-09-21 00:00:00;2027-09-23 00:00:00;2027-08-14 00:00:00;2027-08-16 00:00:00
2027-08-10 00:00:00;SO761686;C0013;AS005;1257;2027-09-07 00:00:00;2027-09-04 00:00:00;2027-08-14 00:00:00;2027-08-11 00:00:00
2027-08-10 00:00:00;SO961082;C0022;CS002;1088;2027-09-21 00:00:00;2027-09-30 00:00:00;2027-08-14 00:00:00;2027-08-23 00:00:00
2027-08-10 00:00:00;SO961082;C0022;CT003;602;2027-09-21 00:00:00;2027-09-14 00:00:00;2027-08-14 00:00:00;2027-08-07 00:00:00
2027-08-10 00:00:00;SO961082;C0022;VS003;462;2027-09-21 00:00:00;2027-09-26 00:00:00;2027-08-14 00:00:00;2027-08-19 00:00:00
2027-08-10 00:00:00;SO761686;C0013;CL002;680;2027-09-07 00:00:00;2027-09-08 00:00:00;2027-08-14 00:00:00;2027-08-15 00:00:00
2027-08-10 00:00:00;SO761686;C0013;VS003;661;2027-09-07 00:00:00;2027-09-06 00:00:00;2027-08-14 00:00:00;2027-08-13 00:00:00
2027-08-10 00:00:00;SO961082;C0022;CT002;533;2027-09-21 00:00:00;2027-09-22 00:00:00;2027-08-14 00:00:00;2027-08-15 00:00:00
2027-08-10 00:00:00;SO761686;C0013;AL002;1162;2027-09-07 00:00:00;2027-08-28 00:00:00;2027-08-14 00:00:00;2027-08-04 00:00:00
2027-08-10 00:00:00;SO761686;C0013;VS002;427;2027-09-07 00:00:00;2027-09-14 00:00:00;2027-08-14 00:00:00;2027-08-21 00:00:00
2027-08-10 00:00:00;SO961082;C0022;AL002;511;2027-09-21 00:00:00;2027-09-23 00:00:00;2027-08-14 00:00:00;2027-08-16 00:00:00
2027-08-10 00:00:00;SO961082;C0022;CL002;689;2027-09-21 00:00:00;2027-09-19 00:00:00;2027-08-14 00:00:00;2027-08-12 00:00:00
2027-08-10 00:00:00;SO961082;C0022;AS003;1228;2027-09-21 00:00:00;2027-09-13 00:00:00;2027-08-14 00:00:00;2027-08-06 00:00:00
2027-08-10 00:00:00;SO761686;C0013;AT001;1210;2027-09-07 00:00:00;2027-09-05 00:00:00;2027-08-14 00:00:00;2027-08-12 00:00:00
2027-08-10 00:00:00;SO961082;C0022;VS002;1142;2027-09-21 00:00:00;2027-09-25 00:00:00;2027-08-14 00:00:00;2027-08-18 00:00:00
2027-08-10 00:00:00;SO761686;C0013;AS004;454;2027-09-07 00:00:00;2027-08-29 00:00:00;2027-08-14 00:00:00;2027-08-05 00:00:00
2027-08-10 00:00:00;SO761686;C0013;CL001;911;2027-09-07 00:00:00;2027-08-31 00:00:00;2027-08-14 00:00:00;2027-08-07 00:00:00
2027-08-10 00:00:00;SO761686;C0013;AS003;929;2027-09-07 00:00:00;2027-09-05 00:00:00;2027-08-14 00:00:00;2027-08-12 00:00:00
2027-08-10 00:00:00;SO961082;C0022;VS001;680;2027-09-21 00:00:00;2027-09-11 00:00:00;2027-08-14 00:00:00;2027-08-04 00:00:00
2027-08-11 00:00:00;SO511660;C0007;CT001;607;2027-10-13 00:00:00;2027-10-08 00:00:00;2027-08-14 00:00:00;2027-08-09 00:00:00
2027-08-11 00:00:00;SO907067;C0012;AS003;299;2027-09-08 00:00:00;2027-09-11 00:00:00;2027-08-14 00:00:00;2027-08-17 00:00:00
2027-08-11 00:00:00;SO454596;C0009;AL002;614;2027-08-25 00:00:00;2027-09-02 00:00:00;2027-08-14 00:00:00;2027-08-22 00:00:00
2027-08-11 00:00:00;SO743346;C0024;AT001;1045;2027-09-08 00:00:00;2027-08-31 00:00:00;2027-08-15 00:00:00;2027-08-07 00:00:00
2027-08-11 00:00:00;SO907067;C0012;CS001;622;2027-09-08 00:00:00;2027-09-08 00:00:00;2027-08-14 00:00:00;2027-08-14 00:00:00
2027-08-11 00:00:00;SO511660;C0007;AS005;385;2027-10-13 00:00:00;2027-10-13 00:00:00;2027-08-14 00:00:00;2027-08-14 00:00:00
2027-08-11 00:00:00;SO511660;C0007;VS001;550;2027-10-13 00:00:00;2027-10-21 00:00:00;2027-08-14 00:00:00;2027-08-22 00:00:00
2027-08-11 00:00:00;SO454596;C0009;AS003;929;2027-08-25 00:00:00;2027-08-16 00:00:00;2027-08-14 00:00:00;2027-08-05 00:00:00
2027-08-11 00:00:00;SO743346;C0024;AS002;719;2027-09-08 00:00:00;2027-09-06 00:00:00;2027-08-15 00:00:00;2027-08-13 00:00:00
2027-08-11 00:00:00;SO907067;C0012;CS002;882;2027-09-08 00:00:00;2027-09-03 00:00:00;2027-08-14 00:00:00;2027-08-09 00:00:00
2027-08-11 00:00:00;SO907067;C0012;VS001;1048;2027-09-08 00:00:00;2027-09-04 00:00:00;2027-08-14 00:00:00;2027-08-10 00:00:00
2027-08-11 00:00:00;SO454596;C0009;CT003;1405;2027-08-25 00:00:00;2027-08-15 00:00:00;2027-08-14 00:00:00;2027-08-04 00:00:00
2027-08-11 00:00:00;SO511660;C0007;AS002;608;2027-10-13 00:00:00;2027-10-13 00:00:00;2027-08-14 00:00:00;2027-08-14 00:00:00
2027-08-11 00:00:00;SO511660;C0007;CS002;767;2027-10-13 00:00:00;2027-10-15 00:00:00;2027-08-14 00:00:00;2027-08-16 00:00:00
2027-08-11 00:00:00;SO743346;C0024;VS001;373;2027-09-08 00:00:00;2027-09-10 00:00:00;2027-08-15 00:00:00;2027-08-17 00:00:00
2027-08-11 00:00:00;SO907067;C0012;VS002;475;2027-09-08 00:00:00;2027-09-01 00:00:00;2027-08-14 00:00:00;2027-08-07 00:00:00
2027-08-12 00:00:00;SO696188;C0022;AS002;512;2027-09-23 00:00:00;2027-09-26 00:00:00;2027-08-16 00:00:00;2027-08-19 00:00:00
2027-08-12 00:00:00;SO672535;C0030;CT001;444;2027-10-14 00:00:00;2027-10-22 00:00:00;2027-08-20 00:00:00;2027-08-28 00:00:00
2027-08-12 00:00:00;SO384680;C0028;CS004;1207;2027-08-26 00:00:00;2027-09-05 00:00:00;2027-08-20 00:00:00;2027-08-30 00:00:00
2027-08-12 00:00:00;SO696188;C0022;CL001;977;2027-09-23 00:00:00;2027-09-13 00:00:00;2027-08-16 00:00:00;2027-08-06 00:00:00
2027-08-12 00:00:00;SO384680;C0028;AS004;484;2027-08-26 00:00:00;2027-08-21 00:00:00;2027-08-20 00:00:00;2027-08-15 00:00:00
2027-08-12 00:00:00;SO672535;C0030;AS003;510;2027-10-14 00:00:00;2027-10-23 00:00:00;2027-08-20 00:00:00;2027-08-29 00:00:00
2027-08-12 00:00:00;SO672535;C0030;CT002;1027;2027-10-14 00:00:00;2027-10-22 00:00:00;2027-08-20 00:00:00;2027-08-28 00:00:00
2027-08-12 00:00:00;SO696188;C0022;CL002;564;2027-09-23 00:00:00;2027-10-03 00:00:00;2027-08-16 00:00:00;2027-08-26 00:00:00
2027-08-12 00:00:00;SO384680;C0028;AS003;1085;2027-08-26 00:00:00;2027-08-27 00:00:00;2027-08-20 00:00:00;2027-08-21 00:00:00
2027-08-12 00:00:00;SO384680;C0028;VS003;944;2027-08-26 00:00:00;2027-09-01 00:00:00;2027-08-20 00:00:00;2027-08-26 00:00:00
2027-08-12 00:00:00;SO384680;C0028;AT001;877;2027-08-26 00:00:00;2027-09-05 00:00:00;2027-08-20 00:00:00;2027-08-30 00:00:00
2027-08-12 00:00:00;SO696188;C0022;AS004;638;2027-09-23 00:00:00;2027-10-03 00:00:00;2027-08-16 00:00:00;2027-08-26 00:00:00
2027-08-12 00:00:00;SO696188;C0022;AS003;802;2027-09-23 00:00:00;2027-09-16 00:00:00;2027-08-16 00:00:00;2027-08-09 00:00:00
2027-08-12 00:00:00;SO672535;C0030;VS002;570;2027-10-14 00:00:00;2027-10-13 00:00:00;2027-08-20 00:00:00;2027-08-19 00:00:00
2027-08-12 00:00:00;SO672535;C0030;CL001;1388;2027-10-14 00:00:00;2027-10-04 00:00:00;2027-08-20 00:00:00;2027-08-10 00:00:00
2027-08-12 00:00:00;SO696188;C0022;CS002;505;2027-09-23 00:00:00;2027-09-13 00:00:00;2027-08-16 00:00:00;2027-08-06 00:00:00
2027-08-12 00:00:00;SO384680;C0028;CT001;556;2027-08-26 00:00:00;2027-08-24 00:00:00;2027-08-20 00:00:00;2027-08-18 00:00:00
2027-08-12 00:00:00;SO696188;C0022;CT003;935;2027-09-23 00:00:00;2027-09-29 00:00:00;2027-08-16 00:00:00;2027-08-22 00:00:00
2027-08-12 00:00:00;SO672535;C0030;VS004;1176;2027-10-14 00:00:00;2027-10-21 00:00:00;2027-08-20 00:00:00;2027-08-27 00:00:00
2027-08-13 00:00:00;SO868630;C0029;AS003;587;2027-10-08 00:00:00;2027-10-03 00:00:00;2027-08-21 00:00:00;2027-08-16 00:00:00
2027-08-13 00:00:00;SO476609;C0018;AS003;834;2027-10-15 00:00:00;2027-10-12 00:00:00;2027-08-17 00:00:00;2027-08-14 00:00:00
2027-08-13 00:00:00;SO299772;C0023;AS002;567;2027-09-17 00:00:00;2027-09-11 00:00:00;2027-08-17 00:00:00;2027-08-11 00:00:00
2027-08-13 00:00:00;SO476609;C0018;AL001;300;2027-10-15 00:00:00;2027-10-08 00:00:00;2027-08-17 00:00:00;2027-08-10 00:00:00
2027-08-13 00:00:00;SO299772;C0023;VS004;616;2027-09-17 00:00:00;2027-09-14 00:00:00;2027-08-17 00:00:00;2027-08-14 00:00:00
2027-08-13 00:00:00;SO299772;C0023;CT003;1265;2027-09-17 00:00:00;2027-09-12 00:00:00;2027-08-17 00:00:00;2027-08-12 00:00:00
2027-08-13 00:00:00;SO299772;C0023;CT001;605;2027-09-17 00:00:00;2027-09-18 00:00:00;2027-08-17 00:00:00;2027-08-18 00:00:00
2027-08-13 00:00:00;SO299772;C0023;CT002;432;2027-09-17 00:00:00;2027-09-21 00:00:00;2027-08-17 00:00:00;2027-08-21 00:00:00
2027-08-13 00:00:00;SO299772;C0023;CS001;512;2027-09-17 00:00:00;2027-09-17 00:00:00;2027-08-17 00:00:00;2027-08-17 00:00:00
2027-08-13 00:00:00;SO868630;C0029;VS002;757;2027-10-08 00:00:00;2027-10-04 00:00:00;2027-08-21 00:00:00;2027-08-17 00:00:00
2027-08-13 00:00:00;SO476609;C0018;CS001;884;2027-10-15 00:00:00;2027-10-06 00:00:00;2027-08-17 00:00:00;2027-08-08 00:00:00
2027-08-13 00:00:00;SO868630;C0029;CT003;666;2027-10-08 00:00:00;2027-10-13 00:00:00;2027-08-21 00:00:00;2027-08-26 00:00:00
2027-08-13 00:00:00;SO868630;C0029;CL002;1128;2027-10-08 00:00:00;2027-10-04 00:00:00;2027-08-21 00:00:00;2027-08-17 00:00:00
2027-08-13 00:00:00;SO868630;C0029;AS004;638;2027-10-08 00:00:00;2027-10-12 00:00:00;2027-08-21 00:00:00;2027-08-25 00:00:00
2027-08-13 00:00:00;SO476609;C0018;AS004;620;2027-10-15 00:00:00;2027-10-21 00:00:00;2027-08-17 00:00:00;2027-08-23 00:00:00
2027-08-16 00:00:00;SO994344;C0005;CT002;1147;2027-10-11 00:00:00;2027-10-02 00:00:00;2027-08-18 00:00:00;2027-08-09 00:00:00
2027-08-16 00:00:00;SO9000079;C0017;AS004;526;2027-10-11 00:00:00;2027-10-15 00:00:00;2027-08-20 00:00:00;2027-08-24 00:00:00
2027-08-16 00:00:00;SO474453;C0025;VS004;1344;2027-09-13 00:00:00;2027-09-16 00:00:00;2027-08-24 00:00:00;2027-08-27 00:00:00
2027-08-16 00:00:00;SO156329;C0016;AS002;788;2027-08-30 00:00:00;2027-08-21 00:00:00;2027-08-20 00:00:00;2027-08-11 00:00:00
2027-08-16 00:00:00;SO994344;C0005;CS001;576;2027-10-11 00:00:00;2027-10-05 00:00:00;2027-08-18 00:00:00;2027-08-12 00:00:00
2027-08-16 00:00:00;SO474453;C0025;VS003;577;2027-09-13 00:00:00;2027-09-17 00:00:00;2027-08-24 00:00:00;2027-08-28 00:00:00
2027-08-16 00:00:00;SO474453;C0025;AL001;731;2027-09-13 00:00:00;2027-09-09 00:00:00;2027-08-24 00:00:00;2027-08-20 00:00:00
2027-08-16 00:00:00;SO156329;C0016;CL001;924;2027-08-30 00:00:00;2027-09-05 00:00:00;2027-08-20 00:00:00;2027-08-26 00:00:00
2027-08-16 00:00:00;SO994344;C0005;CT001;1138;2027-10-11 00:00:00;2027-10-21 00:00:00;2027-08-18 00:00:00;2027-08-28 00:00:00
2027-08-16 00:00:00;SO156329;C0016;CL002;453;2027-08-30 00:00:00;2027-08-30 00:00:00;2027-08-20 00:00:00;2027-08-20 00:00:00
2027-08-16 00:00:00;SO156329;C0016;AT001;365;2027-08-30 00:00:00;2027-09-02 00:00:00;2027-08-20 00:00:00;2027-08-23 00:00:00
2027-08-16 00:00:00;SO156329;C0016;CT001;600;2027-08-30 00:00:00;2027-09-09 00:00:00;2027-08-20 00:00:00;2027-08-30 00:00:00
2027-08-16 00:00:00;SO474453;C0025;VS001;789;2027-09-13 00:00:00;2027-09-17 00:00:00;2027-08-24 00:00:00;2027-08-28 00:00:00
2027-08-16 00:00:00;SO994344;C0005;VS002;578;2027-10-11 00:00:00;2027-10-08 00:00:00;2027-08-18 00:00:00;2027-08-15 00:00:00
2027-08-17 00:00:00;SO854960;C0003;VS004;1031;2027-09-28 00:00:00;2027-10-04 00:00:00;2027-08-19 00:00:00;2027-08-25 00:00:00
2027-08-17 00:00:00;SO568806;C0018;CL002;983;2027-10-19 00:00:00;2027-10-09 00:00:00;2027-08-21 00:00:00;2027-08-11 00:00:00
2027-08-17 00:00:00;SO867128;C0007;AS004;1066;2027-10-19 00:00:00;2027-10-15 00:00:00;2027-08-20 00:00:00;2027-08-16 00:00:00
2027-08-17 00:00:00;SO776354;C0011;AL001;1185;2027-09-21 00:00:00;2027-10-01 00:00:00;2027-08-20 00:00:00;2027-08-30 00:00:00
2027-08-17 00:00:00;SO568806;C0018;CL001;741;2027-10-19 00:00:00;2027-10-24 00:00:00;2027-08-21 00:00:00;2027-08-26 00:00:00
2027-08-17 00:00:00;SO568806;C0018;VS001;479;2027-10-19 00:00:00;2027-10-13 00:00:00;2027-08-21 00:00:00;2027-08-15 00:00:00
2027-08-17 00:00:00;SO776354;C0011;VS001;1118;2027-09-21 00:00:00;2027-10-01 00:00:00;2027-08-20 00:00:00;2027-08-30 00:00:00
2027-08-17 00:00:00;SO776354;C0011;VS002;1008;2027-09-21 00:00:00;2027-09-14 00:00:00;2027-08-20 00:00:00;2027-08-13 00:00:00
2027-08-17 00:00:00;SO867128;C0007;CT001;1281;2027-10-19 00:00:00;2027-10-19 00:00:00;2027-08-20 00:00:00;2027-08-20 00:00:00
2027-08-17 00:00:00;SO568806;C0018;VS003;1080;2027-10-19 00:00:00;2027-10-16 00:00:00;2027-08-21 00:00:00;2027-08-18 00:00:00
2027-08-17 00:00:00;SO776354;C0011;VS004;570;2027-09-21 00:00:00;2027-09-26 00:00:00;2027-08-20 00:00:00;2027-08-25 00:00:00
2027-08-17 00:00:00;SO568806;C0018;CS004;836;2027-10-19 00:00:00;2027-10-25 00:00:00;2027-08-21 00:00:00;2027-08-27 00:00:00
2027-08-18 00:00:00;SO163483;C0021;AS004;1308;2027-09-01 00:00:00;2027-08-23 00:00:00;2027-08-22 00:00:00;2027-08-13 00:00:00
2027-08-18 00:00:00;SO568739;C0006;CL001;1048;2027-10-20 00:00:00;2027-10-19 00:00:00;2027-08-20 00:00:00;2027-08-19 00:00:00
2027-08-18 00:00:00;SO163483;C0021;AL002;696;2027-09-01 00:00:00;2027-09-06 00:00:00;2027-08-22 00:00:00;2027-08-27 00:00:00
2027-08-18 00:00:00;SO568739;C0006;AS005;548;2027-10-20 00:00:00;2027-10-18 00:00:00;2027-08-20 00:00:00;2027-08-18 00:00:00
2027-08-18 00:00:00;SO163483;C0021;VS002;830;2027-09-01 00:00:00;2027-08-26 00:00:00;2027-08-22 00:00:00;2027-08-16 00:00:00
2027-08-18 00:00:00;SO163483;C0021;CT003;558;2027-09-01 00:00:00;2027-09-08 00:00:00;2027-08-22 00:00:00;2027-08-29 00:00:00
2027-08-18 00:00:00;SO163483;C0021;CS004;740;2027-09-01 00:00:00;2027-08-28 00:00:00;2027-08-22 00:00:00;2027-08-18 00:00:00
2027-08-18 00:00:00;SO163483;C0021;VS001;463;2027-09-01 00:00:00;2027-09-06 00:00:00;2027-08-22 00:00:00;2027-08-27 00:00:00
2027-08-18 00:00:00;SO568739;C0006;AL002;679;2027-10-20 00:00:00;2027-10-11 00:00:00;2027-08-20 00:00:00;2027-08-11 00:00:00
2027-08-18 00:00:00;SO163483;C0021;AT001;745;2027-09-01 00:00:00;2027-09-04 00:00:00;2027-08-22 00:00:00;2027-08-25 00:00:00
2027-08-18 00:00:00;SO163483;C0021;AS003;320;2027-09-01 00:00:00;2027-08-26 00:00:00;2027-08-22 00:00:00;2027-08-16 00:00:00
2027-08-18 00:00:00;SO568739;C0006;AS002;1113;2027-10-20 00:00:00;2027-10-26 00:00:00;2027-08-20 00:00:00;2027-08-26 00:00:00
2027-08-18 00:00:00;SO568739;C0006;VS004;1290;2027-10-20 00:00:00;2027-10-22 00:00:00;2027-08-20 00:00:00;2027-08-22 00:00:00
2027-08-18 00:00:00;SO568739;C0006;CS004;304;2027-10-20 00:00:00;2027-10-28 00:00:00;2027-08-20 00:00:00;2027-08-28 00:00:00
2027-08-18 00:00:00;SO163483;C0021;VS003;446;2027-09-01 00:00:00;2027-08-23 00:00:00;2027-08-22 00:00:00;2027-08-13 00:00:00
2027-08-18 00:00:00;SO163483;C0021;CT001;290;2027-09-01 00:00:00;2027-09-10 00:00:00;2027-08-22 00:00:00;2027-08-31 00:00:00
2027-08-18 00:00:00;SO163483;C0021;VS004;735;2027-09-01 00:00:00;2027-09-06 00:00:00;2027-08-22 00:00:00;2027-08-27 00:00:00
2027-08-19 00:00:00;SO620614;C0020;AS005;671;2027-10-14 00:00:00;2027-10-07 00:00:00;2027-08-23 00:00:00;2027-08-16 00:00:00
2027-08-19 00:00:00;SO176306;C0017;VS003;1079;2027-10-14 00:00:00;2027-10-15 00:00:00;2027-08-23 00:00:00;2027-08-24 00:00:00
2027-08-19 00:00:00;SO423866;C0006;AT001;1115;2027-10-21 00:00:00;2027-10-29 00:00:00;2027-08-21 00:00:00;2027-08-29 00:00:00
2027-08-19 00:00:00;SO325195;C0012;VS002;269;2027-09-16 00:00:00;2027-09-20 00:00:00;2027-08-22 00:00:00;2027-08-26 00:00:00
2027-08-19 00:00:00;SO176306;C0017;AS002;860;2027-10-14 00:00:00;2027-10-08 00:00:00;2027-08-23 00:00:00;2027-08-17 00:00:00
2027-08-19 00:00:00;SO620614;C0020;AS002;419;2027-10-14 00:00:00;2027-10-24 00:00:00;2027-08-23 00:00:00;2027-09-02 00:00:00
2027-08-19 00:00:00;SO325195;C0012;CL001;661;2027-09-16 00:00:00;2027-09-07 00:00:00;2027-08-22 00:00:00;2027-08-13 00:00:00
2027-08-19 00:00:00;SO325195;C0012;VS004;1323;2027-09-16 00:00:00;2027-09-08 00:00:00;2027-08-22 00:00:00;2027-08-14 00:00:00
2027-08-19 00:00:00;SO325195;C0012;AS005;402;2027-09-16 00:00:00;2027-09-15 00:00:00;2027-08-22 00:00:00;2027-08-21 00:00:00
2027-08-19 00:00:00;SO325195;C0012;CT002;1013;2027-09-16 00:00:00;2027-09-23 00:00:00;2027-08-22 00:00:00;2027-08-29 00:00:00
2027-08-19 00:00:00;SO423866;C0006;AS002;1109;2027-10-21 00:00:00;2027-10-16 00:00:00;2027-08-21 00:00:00;2027-08-16 00:00:00
2027-08-19 00:00:00;SO176306;C0017;VS002;1091;2027-10-14 00:00:00;2027-10-14 00:00:00;2027-08-23 00:00:00;2027-08-23 00:00:00
2027-08-19 00:00:00;SO176306;C0017;AS005;554;2027-10-14 00:00:00;2027-10-23 00:00:00;2027-08-23 00:00:00;2027-09-01 00:00:00
2027-08-19 00:00:00;SO325195;C0012;AL001;1263;2027-09-16 00:00:00;2027-09-11 00:00:00;2027-08-22 00:00:00;2027-08-17 00:00:00
2027-08-19 00:00:00;SO176306;C0017;VS001;1138;2027-10-14 00:00:00;2027-10-10 00:00:00;2027-08-23 00:00:00;2027-08-19 00:00:00
2027-08-19 00:00:00;SO325195;C0012;AL002;414;2027-09-16 00:00:00;2027-09-20 00:00:00;2027-08-22 00:00:00;2027-08-26 00:00:00
2027-08-19 00:00:00;SO423866;C0006;CS004;802;2027-10-21 00:00:00;2027-10-27 00:00:00;2027-08-21 00:00:00;2027-08-27 00:00:00
2027-08-20 00:00:00;SO603881;C0004;CT003;563;2027-09-03 00:00:00;2027-08-31 00:00:00;2027-08-22 00:00:00;2027-08-19 00:00:00
2027-08-20 00:00:00;SO422802;C0026;AS004;424;2027-09-24 00:00:00;2027-09-25 00:00:00;2027-08-28 00:00:00;2027-08-29 00:00:00
2027-08-20 00:00:00;SO709874;C0030;CS002;640;2027-10-22 00:00:00;2027-10-13 00:00:00;2027-08-28 00:00:00;2027-08-19 00:00:00
2027-08-20 00:00:00;SO153216;C0017;AL002;798;2027-10-15 00:00:00;2027-10-23 00:00:00;2027-08-24 00:00:00;2027-09-01 00:00:00
2027-08-20 00:00:00;SO153216;C0017;CL001;962;2027-10-15 00:00:00;2027-10-17 00:00:00;2027-08-24 00:00:00;2027-08-26 00:00:00
2027-08-20 00:00:00;SO153216;C0017;AL001;911;2027-10-15 00:00:00;2027-10-17 00:00:00;2027-08-24 00:00:00;2027-08-26 00:00:00
2027-08-20 00:00:00;SO153216;C0017;CT001;1450;2027-10-15 00:00:00;2027-10-10 00:00:00;2027-08-24 00:00:00;2027-08-19 00:00:00
2027-08-20 00:00:00;SO709874;C0030;CT001;580;2027-10-22 00:00:00;2027-10-17 00:00:00;2027-08-28 00:00:00;2027-08-23 00:00:00
2027-08-20 00:00:00;SO603881;C0004;CS001;1072;2027-09-03 00:00:00;2027-09-11 00:00:00;2027-08-22 00:00:00;2027-08-30 00:00:00
2027-08-20 00:00:00;SO603881;C0004;AS005;951;2027-09-03 00:00:00;2027-08-24 00:00:00;2027-08-22 00:00:00;2027-08-12 00:00:00
2027-08-20 00:00:00;SO422802;C0026;AT001;965;2027-09-24 00:00:00;2027-09-21 00:00:00;2027-08-28 00:00:00;2027-08-25 00:00:00
2027-08-20 00:00:00;SO603881;C0004;AS004;973;2027-09-03 00:00:00;2027-09-01 00:00:00;2027-08-22 00:00:00;2027-08-20 00:00:00
2027-08-20 00:00:00;SO709874;C0030;CS001;1061;2027-10-22 00:00:00;2027-11-01 00:00:00;2027-08-28 00:00:00;2027-09-07 00:00:00
2027-08-20 00:00:00;SO709874;C0030;AS005;1332;2027-10-22 00:00:00;2027-10-12 00:00:00;2027-08-28 00:00:00;2027-08-18 00:00:00
2027-08-20 00:00:00;SO153216;C0017;CS002;400;2027-10-15 00:00:00;2027-10-06 00:00:00;2027-08-24 00:00:00;2027-08-15 00:00:00
2027-08-20 00:00:00;SO422802;C0026;VS002;1009;2027-09-24 00:00:00;2027-09-21 00:00:00;2027-08-28 00:00:00;2027-08-25 00:00:00
2027-08-23 00:00:00;SO791010;C0021;AT001;1084;2027-09-06 00:00:00;2027-08-28 00:00:00;2027-08-27 00:00:00;2027-08-18 00:00:00
2027-08-23 00:00:00;SO133791;C0006;VS001;894;2027-10-25 00:00:00;2027-10-31 00:00:00;2027-08-25 00:00:00;2027-08-31 00:00:00
2027-08-23 00:00:00;SO781715;C0010;CS004;895;2027-10-04 00:00:00;2027-10-07 00:00:00;2027-08-26 00:00:00;2027-08-29 00:00:00
2027-08-23 00:00:00;SO791010;C0021;VS002;1057;2027-09-06 00:00:00;2027-09-07 00:00:00;2027-08-27 00:00:00;2027-08-28 00:00:00
2027-08-23 00:00:00;SO791010;C0021;CS002;726;2027-09-06 00:00:00;2027-09-16 00:00:00;2027-08-27 00:00:00;2027-09-06 00:00:00
2027-08-23 00:00:00;SO791010;C0021;CS001;953;2027-09-06 00:00:00;2027-09-15 00:00:00;2027-08-27 00:00:00;2027-09-05 00:00:00
2027-08-23 00:00:00;SO781715;C0010;CL002;657;2027-10-04 00:00:00;2027-10-04 00:00:00;2027-08-26 00:00:00;2027-08-26 00:00:00
2027-08-23 00:00:00;SO133791;C0006;CL002;862;2027-10-25 00:00:00;2027-10-27 00:00:00;2027-08-25 00:00:00;2027-08-27 00:00:00
2027-08-23 00:00:00;SO133791;C0006;AT001;984;2027-10-25 00:00:00;2027-10-24 00:00:00;2027-08-25 00:00:00;2027-08-24 00:00:00
2027-08-23 00:00:00;SO133791;C0006;AS003;1012;2027-10-25 00:00:00;2027-10-16 00:00:00;2027-08-25 00:00:00;2027-08-16 00:00:00
2027-08-23 00:00:00;SO781715;C0010;AS004;827;2027-10-04 00:00:00;2027-10-01 00:00:00;2027-08-26 00:00:00;2027-08-23 00:00:00
2027-08-23 00:00:00;SO791010;C0021;CT001;418;2027-09-06 00:00:00;2027-09-04 00:00:00;2027-08-27 00:00:00;2027-08-25 00:00:00
2027-08-23 00:00:00;SO781715;C0010;AL002;1047;2027-10-04 00:00:00;2027-09-28 00:00:00;2027-08-26 00:00:00;2027-08-20 00:00:00
2027-08-23 00:00:00;SO791010;C0021;AS003;648;2027-09-06 00:00:00;2027-09-12 00:00:00;2027-08-27 00:00:00;2027-09-02 00:00:00
2027-08-23 00:00:00;SO133791;C0006;CS002;1001;2027-10-25 00:00:00;2027-10-28 00:00:00;2027-08-25 00:00:00;2027-08-28 00:00:00
2027-08-23 00:00:00;SO791010;C0021;VS003;424;2027-09-06 00:00:00;2027-09-10 00:00:00;2027-08-27 00:00:00;2027-08-31 00:00:00
2027-08-24 00:00:00;SO815220;C0011;AS002;643;2027-09-28 00:00:00;2027-09-19 00:00:00;2027-08-27 00:00:00;2027-08-18 00:00:00
2027-08-24 00:00:00;SO562490;C0027;AL002;925;2027-10-05 00:00:00;2027-10-06 00:00:00;2027-09-01 00:00:00;2027-09-02 00:00:00
2027-08-24 00:00:00;SO815220;C0011;AS003;689;2027-09-28 00:00:00;2027-09-29 00:00:00;2027-08-27 00:00:00;2027-08-28 00:00:00
2027-08-24 00:00:00;SO562490;C0027;VS001;409;2027-10-05 00:00:00;2027-10-15 00:00:00;2027-09-01 00:00:00;2027-09-11 00:00:00
2027-08-24 00:00:00;SO562490;C0027;VS002;1182;2027-10-05 00:00:00;2027-09-26 00:00:00;2027-09-01 00:00:00;2027-08-23 00:00:00
2027-08-24 00:00:00;SO562490;C0027;CL002;762;2027-10-05 00:00:00;2027-09-27 00:00:00;2027-09-01 00:00:00;2027-08-24 00:00:00
2027-08-24 00:00:00;SO562490;C0027;VS003;727;2027-10-05 00:00:00;2027-10-07 00:00:00;2027-09-01 00:00:00;2027-09-03 00:00:00
2027-08-24 00:00:00;SO562490;C0027;VS004;1071;2027-10-05 00:00:00;2027-09-29 00:00:00;2027-09-01 00:00:00;2027-08-26 00:00:00
2027-08-24 00:00:00;SO815220;C0011;AL001;585;2027-09-28 00:00:00;2027-10-06 00:00:00;2027-08-27 00:00:00;2027-09-04 00:00:00
2027-08-24 00:00:00;SO815220;C0011;AT001;784;2027-09-28 00:00:00;2027-10-01 00:00:00;2027-08-27 00:00:00;2027-08-30 00:00:00
2027-08-24 00:00:00;SO562490;C0027;AS003;519;2027-10-05 00:00:00;2027-10-07 00:00:00;2027-09-01 00:00:00;2027-09-03 00:00:00
2027-08-24 00:00:00;SO562490;C0027;CS001;440;2027-10-05 00:00:00;2027-10-13 00:00:00;2027-09-01 00:00:00;2027-09-09 00:00:00
2027-08-24 00:00:00;SO815220;C0011;AS004;960;2027-09-28 00:00:00;2027-10-05 00:00:00;2027-08-27 00:00:00;2027-09-03 00:00:00
2027-08-24 00:00:00;SO815220;C0011;CT002;512;2027-09-28 00:00:00;2027-09-18 00:00:00;2027-08-27 00:00:00;2027-08-17 00:00:00
2027-08-24 00:00:00;SO815220;C0011;CL001;1119;2027-09-28 00:00:00;2027-10-04 00:00:00;2027-08-27 00:00:00;2027-09-02 00:00:00
2027-08-24 00:00:00;SO562490;C0027;AS002;1248;2027-10-05 00:00:00;2027-10-14 00:00:00;2027-09-01 00:00:00;2027-09-10 00:00:00
2027-08-24 00:00:00;SO562490;C0027;AS005;616;2027-10-05 00:00:00;2027-10-06 00:00:00;2027-09-01 00:00:00;2027-09-02 00:00:00
2027-08-24 00:00:00;SO815220;C0011;VS003;488;2027-09-28 00:00:00;2027-09-25 00:00:00;2027-08-27 00:00:00;2027-08-24 00:00:00
2027-08-25 00:00:00;SO926485;C0029;CS001;634;2027-10-20 00:00:00;2027-10-16 00:00:00;2027-09-02 00:00:00;2027-08-29 00:00:00
2027-08-25 00:00:00;SO938755;C0022;VS002;1109;2027-10-06 00:00:00;2027-10-09 00:00:00;2027-08-29 00:00:00;2027-09-01 00:00:00
2027-08-25 00:00:00;SO902492;C0026;CS002;1186;2027-09-29 00:00:00;2027-09-21 00:00:00;2027-09-02 00:00:00;2027-08-25 00:00:00
2027-08-25 00:00:00;SO911493;C0001;CS004;829;2027-09-22 00:00:00;2027-09-29 00:00:00;2027-08-27 00:00:00;2027-09-03 00:00:00
2027-08-25 00:00:00;SO938755;C0022;CT002;673;2027-10-06 00:00:00;2027-10-03 00:00:00;2027-08-29 00:00:00;2027-08-26 00:00:00
2027-08-25 00:00:00;SO911493;C0001;VS004;950;2027-09-22 00:00:00;2027-09-22 00:00:00;2027-08-27 00:00:00;2027-08-27 00:00:00
2027-08-25 00:00:00;SO911493;C0001;AL002;830;2027-09-22 00:00:00;2027-09-27 00:00:00;2027-08-27 00:00:00;2027-09-01 00:00:00
2027-08-25 00:00:00;SO911493;C0001;VS001;1087;2027-09-22 00:00:00;2027-10-02 00:00:00;2027-08-27 00:00:00;2027-09-06 00:00:00
2027-08-25 00:00:00;SO938755;C0022;CT001;473;2027-10-06 00:00:00;2027-09-30 00:00:00;2027-08-29 00:00:00;2027-08-23 00:00:00
2027-08-25 00:00:00;SO938755;C0022;CS002;577;2027-10-06 00:00:00;2027-10-10 00:00:00;2027-08-29 00:00:00;2027-09-02 00:00:00
2027-08-25 00:00:00;SO926485;C0029;AS004;893;2027-10-20 00:00:00;2027-10-11 00:00:00;2027-09-02 00:00:00;2027-08-24 00:00:00
2027-08-25 00:00:00;SO938755;C0022;CL001;630;2027-10-06 00:00:00;2027-10-08 00:00:00;2027-08-29 00:00:00;2027-08-31 00:00:00
2027-08-25 00:00:00;SO938755;C0022;AL001;602;2027-10-06 00:00:00;2027-09-29 00:00:00;2027-08-29 00:00:00;2027-08-22 00:00:00
2027-08-26 00:00:00;SO315524;C0020;CS001;912;2027-10-21 00:00:00;2027-10-24 00:00:00;2027-08-30 00:00:00;2027-09-02 00:00:00
2027-08-26 00:00:00;SO133163;C0016;AL002;550;2027-09-09 00:00:00;2027-09-01 00:00:00;2027-08-30 00:00:00;2027-08-22 00:00:00
2027-08-26 00:00:00;SO315524;C0020;AT001;926;2027-10-21 00:00:00;2027-10-20 00:00:00;2027-08-30 00:00:00;2027-08-29 00:00:00
2027-08-26 00:00:00;SO315524;C0020;AL002;664;2027-10-21 00:00:00;2027-10-18 00:00:00;2027-08-30 00:00:00;2027-08-27 00:00:00
2027-08-26 00:00:00;SO133163;C0016;AS004;1040;2027-09-09 00:00:00;2027-09-19 00:00:00;2027-08-30 00:00:00;2027-09-09 00:00:00
2027-08-26 00:00:00;SO315524;C0020;CT001;924;2027-10-21 00:00:00;2027-10-21 00:00:00;2027-08-30 00:00:00;2027-08-30 00:00:00
2027-08-26 00:00:00;SO133163;C0016;AS002;872;2027-09-09 00:00:00;2027-08-30 00:00:00;2027-08-30 00:00:00;2027-08-20 00:00:00
2027-08-26 00:00:00;SO315524;C0020;CT003;662;2027-10-21 00:00:00;2027-10-27 00:00:00;2027-08-30 00:00:00;2027-09-05 00:00:00
2027-08-26 00:00:00;SO315524;C0020;CL001;815;2027-10-21 00:00:00;2027-10-14 00:00:00;2027-08-30 00:00:00;2027-08-23 00:00:00
2027-08-26 00:00:00;SO315524;C0020;VS001;1451;2027-10-21 00:00:00;2027-10-25 00:00:00;2027-08-30 00:00:00;2027-09-03 00:00:00
2027-08-26 00:00:00;SO133163;C0016;CL002;877;2027-09-09 00:00:00;2027-09-03 00:00:00;2027-08-30 00:00:00;2027-08-24 00:00:00
2027-08-26 00:00:00;SO315524;C0020;AL001;1131;2027-10-21 00:00:00;2027-10-17 00:00:00;2027-08-30 00:00:00;2027-08-26 00:00:00
2027-08-26 00:00:00;SO133163;C0016;AS005;979;2027-09-09 00:00:00;2027-09-14 00:00:00;2027-08-30 00:00:00;2027-09-04 00:00:00
2027-08-26 00:00:00;SO315524;C0020;CS002;789;2027-10-21 00:00:00;2027-10-19 00:00:00;2027-08-30 00:00:00;2027-08-28 00:00:00
2027-08-26 00:00:00;SO315524;C0020;AS003;682;2027-10-21 00:00:00;2027-10-13 00:00:00;2027-08-30 00:00:00;2027-08-22 00:00:00
2027-08-26 00:00:00;SO315524;C0020;CL002;449;2027-10-21 00:00:00;2027-10-27 00:00:00;2027-08-30 00:00:00;2027-09-05 00:00:00
2027-08-26 00:00:00;SO133163;C0016;CS004;649;2027-09-09 00:00:00;2027-09-05 00:00:00;2027-08-30 00:00:00;2027-08-26 00:00:00
2027-08-26 00:00:00;SO315524;C0020;CT002;499;2027-10-21 00:00:00;2027-10-17 00:00:00;2027-08-30 00:00:00;2027-08-26 00:00:00
2027-08-26 00:00:00;SO133163;C0016;CS001;596;2027-09-09 00:00:00;2027-09-10 00:00:00;2027-08-30 00:00:00;2027-08-31 00:00:00
2027-08-27 00:00:00;SO399850;C0014;CT003;1295;2027-10-01 00:00:00;2027-10-09 00:00:00;2027-08-31 00:00:00;2027-09-08 00:00:00
2027-08-27 00:00:00;SO389030;C0009;CS002;488;2027-09-10 00:00:00;2027-09-05 00:00:00;2027-08-30 00:00:00;2027-08-25 00:00:00
2027-08-27 00:00:00;SO295670;C0003;CS004;658;2027-10-08 00:00:00;2027-09-30 00:00:00;2027-08-29 00:00:00;2027-08-21 00:00:00
2027-08-27 00:00:00;SO389030;C0009;AL001;586;2027-09-10 00:00:00;2027-08-31 00:00:00;2027-08-30 00:00:00;2027-08-20 00:00:00
2027-08-27 00:00:00;SO389030;C0009;VS003;397;2027-09-10 00:00:00;2027-09-19 00:00:00;2027-08-30 00:00:00;2027-09-08 00:00:00
2027-08-27 00:00:00;SO389030;C0009;CT003;1023;2027-09-10 00:00:00;2027-09-01 00:00:00;2027-08-30 00:00:00;2027-08-21 00:00:00
2027-08-27 00:00:00;SO389030;C0009;CS001;673;2027-09-10 00:00:00;2027-09-03 00:00:00;2027-08-30 00:00:00;2027-08-23 00:00:00
2027-08-27 00:00:00;SO295670;C0003;AS003;1246;2027-10-08 00:00:00;2027-10-02 00:00:00;2027-08-29 00:00:00;2027-08-23 00:00:00
2027-08-27 00:00:00;SO399850;C0014;AS005;1138;2027-10-01 00:00:00;2027-09-30 00:00:00;2027-08-31 00:00:00;2027-08-30 00:00:00
2027-08-27 00:00:00;SO295670;C0003;CS002;595;2027-10-08 00:00:00;2027-10-12 00:00:00;2027-08-29 00:00:00;2027-09-02 00:00:00
2027-08-27 00:00:00;SO399850;C0014;CS002;656;2027-10-01 00:00:00;2027-10-11 00:00:00;2027-08-31 00:00:00;2027-09-10 00:00:00
2027-08-27 00:00:00;SO389030;C0009;VS002;569;2027-09-10 00:00:00;2027-09-04 00:00:00;2027-08-30 00:00:00;2027-08-24 00:00:00
2027-08-27 00:00:00;SO295670;C0003;CT001;763;2027-10-08 00:00:00;2027-10-01 00:00:00;2027-08-29 00:00:00;2027-08-22 00:00:00
2027-08-27 00:00:00;SO399850;C0014;CL002;506;2027-10-01 00:00:00;2027-09-25 00:00:00;2027-08-31 00:00:00;2027-08-25 00:00:00
2027-08-27 00:00:00;SO389030;C0009;CL002;1185;2027-09-10 00:00:00;2027-08-31 00:00:00;2027-08-30 00:00:00;2027-08-20 00:00:00
2027-08-27 00:00:00;SO399850;C0014;AS003;657;2027-10-01 00:00:00;2027-09-24 00:00:00;2027-08-31 00:00:00;2027-08-24 00:00:00
2027-08-27 00:00:00;SO399850;C0014;AT001;1093;2027-10-01 00:00:00;2027-09-25 00:00:00;2027-08-31 00:00:00;2027-08-25 00:00:00
2027-08-27 00:00:00;SO399850;C0014;CL001;436;2027-10-01 00:00:00;2027-09-23 00:00:00;2027-08-31 00:00:00;2027-08-23 00:00:00
2027-08-30 00:00:00;SO278043;C0018;AS003;1070;2027-11-01 00:00:00;2027-10-28 00:00:00;2027-09-03 00:00:00;2027-08-30 00:00:00
2027-08-30 00:00:00;SO944297;C0001;AL001;604;2027-09-27 00:00:00;2027-10-03 00:00:00;2027-09-01 00:00:00;2027-09-07 00:00:00
2027-08-30 00:00:00;SO956190;C0021;VS004;568;2027-09-13 00:00:00;2027-09-09 00:00:00;2027-09-03 00:00:00;2027-08-30 00:00:00
2027-08-30 00:00:00;SO935151;C0003;AL002;1047;2027-10-11 00:00:00;2027-10-18 00:00:00;2027-09-01 00:00:00;2027-09-08 00:00:00
2027-08-30 00:00:00;SO956190;C0021;CT002;864;2027-09-13 00:00:00;2027-09-10 00:00:00;2027-09-03 00:00:00;2027-08-31 00:00:00
2027-08-30 00:00:00;SO935151;C0003;VS004;872;2027-10-11 00:00:00;2027-10-18 00:00:00;2027-09-01 00:00:00;2027-09-08 00:00:00
2027-08-30 00:00:00;SO944297;C0001;AS003;1159;2027-09-27 00:00:00;2027-10-01 00:00:00;2027-09-01 00:00:00;2027-09-05 00:00:00
2027-08-30 00:00:00;SO944297;C0001;VS001;950;2027-09-27 00:00:00;2027-09-29 00:00:00;2027-09-01 00:00:00;2027-09-03 00:00:00
2027-08-30 00:00:00;SO944297;C0001;CS004;660;2027-09-27 00:00:00;2027-09-22 00:00:00;2027-09-01 00:00:00;2027-08-27 00:00:00
2027-08-30 00:00:00;SO956190;C0021;CL002;940;2027-09-13 00:00:00;2027-09-20 00:00:00;2027-09-03 00:00:00;2027-09-10 00:00:00
2027-08-30 00:00:00;SO935151;C0003;AS003;974;2027-10-11 00:00:00;2027-10-08 00:00:00;2027-09-01 00:00:00;2027-08-29 00:00:00
2027-08-30 00:00:00;SO956190;C0021;CS001;488;2027-09-13 00:00:00;2027-09-14 00:00:00;2027-09-03 00:00:00;2027-09-04 00:00:00
2027-08-30 00:00:00;SO956190;C0021;AS002;806;2027-09-13 00:00:00;2027-09-08 00:00:00;2027-09-03 00:00:00;2027-08-29 00:00:00
2027-08-30 00:00:00;SO278043;C0018;AT001;1065;2027-11-01 00:00:00;2027-11-04 00:00:00;2027-09-03 00:00:00;2027-09-06 00:00:00
2027-08-30 00:00:00;SO956190;C0021;AS005;432;2027-09-13 00:00:00;2027-09-15 00:00:00;2027-09-03 00:00:00;2027-09-05 00:00:00
2027-08-30 00:00:00;SO956190;C0021;AT001;838;2027-09-13 00:00:00;2027-09-08 00:00:00;2027-09-03 00:00:00;2027-08-29 00:00:00
2027-08-30 00:00:00;SO278043;C0018;CL002;803;2027-11-01 00:00:00;2027-11-05 00:00:00;2027-09-03 00:00:00;2027-09-07 00:00:00
2027-08-31 00:00:00;SO148677;C0005;AS002;952;2027-10-26 00:00:00;2027-10-29 00:00:00;2027-09-02 00:00:00;2027-09-05 00:00:00
2027-08-31 00:00:00;SO774992;C0021;CL002;689;2027-09-14 00:00:00;2027-09-11 00:00:00;2027-09-04 00:00:00;2027-09-01 00:00:00
2027-08-31 00:00:00;SO605229;C0010;CS004;1156;2027-10-12 00:00:00;2027-10-16 00:00:00;2027-09-03 00:00:00;2027-09-07 00:00:00
2027-08-31 00:00:00;SO148677;C0005;CT003;884;2027-10-26 00:00:00;2027-10-22 00:00:00;2027-09-02 00:00:00;2027-08-29 00:00:00
2027-08-31 00:00:00;SO148677;C0005;CL002;1189;2027-10-26 00:00:00;2027-10-28 00:00:00;2027-09-02 00:00:00;2027-09-04 00:00:00
2027-08-31 00:00:00;SO148677;C0005;CS004;616;2027-10-26 00:00:00;2027-11-01 00:00:00;2027-09-02 00:00:00;2027-09-08 00:00:00
2027-08-31 00:00:00;SO148677;C0005;CS001;743;2027-10-26 00:00:00;2027-10-21 00:00:00;2027-09-02 00:00:00;2027-08-28 00:00:00
2027-08-31 00:00:00;SO605229;C0010;CL002;697;2027-10-12 00:00:00;2027-10-15 00:00:00;2027-09-03 00:00:00;2027-09-06 00:00:00
2027-08-31 00:00:00;SO148677;C0005;AL002;846;2027-10-26 00:00:00;2027-11-02 00:00:00;2027-09-02 00:00:00;2027-09-09 00:00:00
2027-08-31 00:00:00;SO774992;C0021;CL001;539;2027-09-14 00:00:00;2027-09-05 00:00:00;2027-09-04 00:00:00;2027-08-26 00:00:00
2027-08-31 00:00:00;SO148677;C0005;VS003;436;2027-10-26 00:00:00;2027-10-25 00:00:00;2027-09-02 00:00:00;2027-09-01 00:00:00
2027-08-31 00:00:00;SO605229;C0010;AS004;906;2027-10-12 00:00:00;2027-10-15 00:00:00;2027-09-03 00:00:00;2027-09-06 00:00:00
2027-08-31 00:00:00;SO605229;C0010;CL001;722;2027-10-12 00:00:00;2027-10-02 00:00:00;2027-09-03 00:00:00;2027-08-24 00:00:00
2027-08-31 00:00:00;SO605229;C0010;AT001;762;2027-10-12 00:00:00;2027-10-02 00:00:00;2027-09-03 00:00:00;2027-08-24 00:00:00
2027-08-31 00:00:00;SO605229;C0010;AL001;855;2027-10-12 00:00:00;2027-10-16 00:00:00;2027-09-03 00:00:00;2027-09-07 00:00:00
2027-08-31 00:00:00;SO774992;C0021;VS003;767;2027-09-14 00:00:00;2027-09-12 00:00:00;2027-09-04 00:00:00;2027-09-02 00:00:00
2027-08-31 00:00:00;SO774992;C0021;VS001;908;2027-09-14 00:00:00;2027-09-16 00:00:00;2027-09-04 00:00:00;2027-09-06 00:00:00
2027-08-31 00:00:00;SO605229;C0010;AS003;534;2027-10-12 00:00:00;2027-10-17 00:00:00;2027-09-03 00:00:00;2027-09-08 00:00:00
2027-08-31 00:00:00;SO148677;C0005;VS001;433;2027-10-26 00:00:00;2027-10-27 00:00:00;2027-09-02 00:00:00;2027-09-03 00:00:00
2027-09-01 00:00:00;SO452646;C0020;VS003;768;2027-10-27 00:00:00;2027-10-31 00:00:00;2027-09-05 00:00:00;2027-09-09 00:00:00
2027-09-01 00:00:00;SO992812;C0028;CT001;714;2027-09-15 00:00:00;2027-09-22 00:00:00;2027-09-09 00:00:00;2027-09-16 00:00:00
2027-09-01 00:00:00;SO452646;C0020;CS004;843;2027-10-27 00:00:00;2027-10-23 00:00:00;2027-09-05 00:00:00;2027-09-01 00:00:00
2027-09-01 00:00:00;SO992812;C0028;AT001;1186;2027-09-15 00:00:00;2027-09-12 00:00:00;2027-09-09 00:00:00;2027-09-06 00:00:00
2027-09-01 00:00:00;SO452646;C0020;CL002;1062;2027-10-27 00:00:00;2027-10-29 00:00:00;2027-09-05 00:00:00;2027-09-07 00:00:00
2027-09-01 00:00:00;SO992812;C0028;CL002;925;2027-09-15 00:00:00;2027-09-13 00:00:00;2027-09-09 00:00:00;2027-09-07 00:00:00
2027-09-01 00:00:00;SO992812;C0028;VS002;532;2027-09-15 00:00:00;2027-09-13 00:00:00;2027-09-09 00:00:00;2027-09-07 00:00:00
2027-09-01 00:00:00;SO452646;C0020;AS002;1413;2027-10-27 00:00:00;2027-10-29 00:00:00;2027-09-05 00:00:00;2027-09-07 00:00:00
2027-09-01 00:00:00;SO992812;C0028;VS001;855;2027-09-15 00:00:00;2027-09-15 00:00:00;2027-09-09 00:00:00;2027-09-09 00:00:00
2027-09-01 00:00:00;SO452646;C0020;AS001;530;2027-10-27 00:00:00;2027-10-29 00:00:00;2027-09-05 00:00:00;2027-09-07 00:00:00
2027-09-01 00:00:00;SO452646;C0020;CT002;934;2027-10-27 00:00:00;2027-11-02 00:00:00;2027-09-05 00:00:00;2027-09-11 00:00:00
2027-09-01 00:00:00;SO992812;C0028;AS003;660;2027-09-15 00:00:00;2027-09-20 00:00:00;2027-09-09 00:00:00;2027-09-14 00:00:00
2027-09-01 00:00:00;SO452646;C0020;VS001;1058;2027-10-27 00:00:00;2027-11-05 00:00:00;2027-09-05 00:00:00;2027-09-14 00:00:00
2027-09-01 00:00:00;SO452646;C0020;VS004;397;2027-10-27 00:00:00;2027-11-06 00:00:00;2027-09-05 00:00:00;2027-09-15 00:00:00
2027-09-01 00:00:00;SO452646;C0020;CT001;1357;2027-10-27 00:00:00;2027-10-30 00:00:00;2027-09-05 00:00:00;2027-09-08 00:00:00
2027-09-01 00:00:00;SO452646;C0020;CT003;1138;2027-10-27 00:00:00;2027-11-04 00:00:00;2027-09-05 00:00:00;2027-09-13 00:00:00
2027-09-01 00:00:00;SO452646;C0020;CS001;699;2027-10-27 00:00:00;2027-10-21 00:00:00;2027-09-05 00:00:00;2027-08-30 00:00:00
2027-09-02 00:00:00;SO553365;C0006;VS001;1018;2027-11-04 00:00:00;2027-11-04 00:00:00;2027-09-04 00:00:00;2027-09-04 00:00:00
2027-09-02 00:00:00;SO570519;C0021;VS002;984;2027-09-16 00:00:00;2027-09-19 00:00:00;2027-09-06 00:00:00;2027-09-09 00:00:00
2027-09-02 00:00:00;SO947187;C0014;AT001;916;2027-10-07 00:00:00;2027-10-12 00:00:00;2027-09-06 00:00:00;2027-09-11 00:00:00
2027-09-02 00:00:00;SO128285;C0017;CS004;807;2027-10-28 00:00:00;2027-11-04 00:00:00;2027-09-06 00:00:00;2027-09-13 00:00:00
2027-09-02 00:00:00;SO553365;C0006;AS001;417;2027-11-04 00:00:00;2027-10-27 00:00:00;2027-09-04 00:00:00;2027-08-27 00:00:00
2027-09-02 00:00:00;SO128285;C0017;CT002;855;2027-10-28 00:00:00;2027-10-29 00:00:00;2027-09-06 00:00:00;2027-09-07 00:00:00
2027-09-02 00:00:00;SO947187;C0014;AL002;820;2027-10-07 00:00:00;2027-10-04 00:00:00;2027-09-06 00:00:00;2027-09-03 00:00:00
2027-09-02 00:00:00;SO128285;C0017;AS002;921;2027-10-28 00:00:00;2027-10-18 00:00:00;2027-09-06 00:00:00;2027-08-27 00:00:00
2027-09-02 00:00:00;SO553365;C0006;AS002;585;2027-11-04 00:00:00;2027-10-31 00:00:00;2027-09-04 00:00:00;2027-08-31 00:00:00
2027-09-02 00:00:00;SO570519;C0021;AT001;722;2027-09-16 00:00:00;2027-09-12 00:00:00;2027-09-06 00:00:00;2027-09-02 00:00:00
2027-09-02 00:00:00;SO128285;C0017;AS004;1022;2027-10-28 00:00:00;2027-10-19 00:00:00;2027-09-06 00:00:00;2027-08-28 00:00:00
2027-09-02 00:00:00;SO947187;C0014;CL002;1230;2027-10-07 00:00:00;2027-09-29 00:00:00;2027-09-06 00:00:00;2027-08-29 00:00:00
2027-09-02 00:00:00;SO947187;C0014;AS002;602;2027-10-07 00:00:00;2027-10-03 00:00:00;2027-09-06 00:00:00;2027-09-02 00:00:00
2027-09-02 00:00:00;SO128285;C0017;CT001;326;2027-10-28 00:00:00;2027-10-31 00:00:00;2027-09-06 00:00:00;2027-09-09 00:00:00
2027-09-03 00:00:00;SO528460;C0030;CS003;1269;2027-11-05 00:00:00;2027-10-28 00:00:00;2027-09-11 00:00:00;2027-09-03 00:00:00
2027-09-03 00:00:00;SO923497;C0016;AS001;541;2027-09-17 00:00:00;2027-09-17 00:00:00;2027-09-07 00:00:00;2027-09-07 00:00:00
2027-09-03 00:00:00;SO528460;C0030;AS002;1255;2027-11-05 00:00:00;2027-11-02 00:00:00;2027-09-11 00:00:00;2027-09-08 00:00:00
2027-09-03 00:00:00;SO528460;C0030;AS005;863;2027-11-05 00:00:00;2027-11-15 00:00:00;2027-09-11 00:00:00;2027-09-21 00:00:00
2027-09-03 00:00:00;SO528460;C0030;CS001;849;2027-11-05 00:00:00;2027-10-30 00:00:00;2027-09-11 00:00:00;2027-09-05 00:00:00
2027-09-03 00:00:00;SO923497;C0016;CL002;992;2027-09-17 00:00:00;2027-09-07 00:00:00;2027-09-07 00:00:00;2027-08-28 00:00:00
2027-09-03 00:00:00;SO923497;C0016;VS001;1181;2027-09-17 00:00:00;2027-09-09 00:00:00;2027-09-07 00:00:00;2027-08-30 00:00:00
2027-09-03 00:00:00;SO528460;C0030;AS001;1332;2027-11-05 00:00:00;2027-11-01 00:00:00;2027-09-11 00:00:00;2027-09-07 00:00:00
2027-09-03 00:00:00;SO528460;C0030;VS003;710;2027-11-05 00:00:00;2027-10-26 00:00:00;2027-09-11 00:00:00;2027-09-01 00:00:00
2027-09-03 00:00:00;SO923497;C0016;CT002;921;2027-09-17 00:00:00;2027-09-21 00:00:00;2027-09-07 00:00:00;2027-09-11 00:00:00
2027-09-03 00:00:00;SO923497;C0016;CT003;721;2027-09-17 00:00:00;2027-09-16 00:00:00;2027-09-07 00:00:00;2027-09-06 00:00:00
2027-09-03 00:00:00;SO923497;C0016;AS002;774;2027-09-17 00:00:00;2027-09-16 00:00:00;2027-09-07 00:00:00;2027-09-06 00:00:00
2027-09-06 00:00:00;SO760212;C0027;VS002;1445;2027-10-18 00:00:00;2027-10-13 00:00:00;2027-09-14 00:00:00;2027-09-09 00:00:00
2027-09-06 00:00:00;SO320420;C0009;CS001;528;2027-09-20 00:00:00;2027-09-14 00:00:00;2027-09-09 00:00:00;2027-09-03 00:00:00
2027-09-06 00:00:00;SO320420;C0009;AS002;933;2027-09-20 00:00:00;2027-09-26 00:00:00;2027-09-09 00:00:00;2027-09-15 00:00:00
2027-09-06 00:00:00;SO320420;C0009;AS005;715;2027-09-20 00:00:00;2027-09-24 00:00:00;2027-09-09 00:00:00;2027-09-13 00:00:00
2027-09-06 00:00:00;SO760212;C0027;CL002;1247;2027-10-18 00:00:00;2027-10-09 00:00:00;2027-09-14 00:00:00;2027-09-05 00:00:00
2027-09-06 00:00:00;SO320420;C0009;CT001;532;2027-09-20 00:00:00;2027-09-20 00:00:00;2027-09-09 00:00:00;2027-09-09 00:00:00
2027-09-06 00:00:00;SO760212;C0027;CT001;855;2027-10-18 00:00:00;2027-10-08 00:00:00;2027-09-14 00:00:00;2027-09-04 00:00:00
2027-09-06 00:00:00;SO320420;C0009;CS003;955;2027-09-20 00:00:00;2027-09-11 00:00:00;2027-09-09 00:00:00;2027-08-31 00:00:00
2027-09-06 00:00:00;SO320420;C0009;AL002;1138;2027-09-20 00:00:00;2027-09-12 00:00:00;2027-09-09 00:00:00;2027-09-01 00:00:00
2027-09-06 00:00:00;SO760212;C0027;AS004;846;2027-10-18 00:00:00;2027-10-14 00:00:00;2027-09-14 00:00:00;2027-09-10 00:00:00
2027-09-06 00:00:00;SO320420;C0009;CT003;783;2027-09-20 00:00:00;2027-09-15 00:00:00;2027-09-09 00:00:00;2027-09-04 00:00:00
2027-09-06 00:00:00;SO320420;C0009;CT002;414;2027-09-20 00:00:00;2027-09-12 00:00:00;2027-09-09 00:00:00;2027-09-01 00:00:00
2027-09-06 00:00:00;SO760212;C0027;VS003;1109;2027-10-18 00:00:00;2027-10-20 00:00:00;2027-09-14 00:00:00;2027-09-16 00:00:00
2027-09-07 00:00:00;SO638206;C0030;VS001;745;2027-11-09 00:00:00;2027-11-08 00:00:00;2027-09-15 00:00:00;2027-09-14 00:00:00
2027-09-07 00:00:00;SO9000085;C0027;CT001;352;2027-10-19 00:00:00;2027-10-12 00:00:00;2027-09-15 00:00:00;2027-09-08 00:00:00
2027-09-07 00:00:00;SO733504;C0002;CS001;1041;2027-10-12 00:00:00;2027-10-21 00:00:00;2027-09-09 00:00:00;2027-09-18 00:00:00
2027-09-07 00:00:00;SO597187;C0007;CL002;801;2027-11-09 00:00:00;2027-11-19 00:00:00;2027-09-10 00:00:00;2027-09-20 00:00:00
2027-09-07 00:00:00;SO597187;C0007;VS004;909;2027-11-09 00:00:00;2027-11-02 00:00:00;2027-09-10 00:00:00;2027-09-03 00:00:00
2027-09-07 00:00:00;SO597187;C0007;AT001;548;2027-11-09 00:00:00;2027-11-15 00:00:00;2027-09-10 00:00:00;2027-09-16 00:00:00
2027-09-07 00:00:00;SO9000085;C0027;VS001;850;2027-10-19 00:00:00;2027-10-16 00:00:00;2027-09-15 00:00:00;2027-09-12 00:00:00
2027-09-07 00:00:00;SO9000085;C0027;VS004;695;2027-10-19 00:00:00;2027-10-21 00:00:00;2027-09-15 00:00:00;2027-09-17 00:00:00
2027-09-07 00:00:00;SO638206;C0030;AT001;1129;2027-11-09 00:00:00;2027-11-11 00:00:00;2027-09-15 00:00:00;2027-09-17 00:00:00
2027-09-07 00:00:00;SO597187;C0007;VS002;499;2027-11-09 00:00:00;2027-10-31 00:00:00;2027-09-10 00:00:00;2027-09-01 00:00:00
2027-09-07 00:00:00;SO597187;C0007;AS002;754;2027-11-09 00:00:00;2027-11-07 00:00:00;2027-09-10 00:00:00;2027-09-08 00:00:00
2027-09-07 00:00:00;SO638206;C0030;AS005;440;2027-11-09 00:00:00;2027-11-04 00:00:00;2027-09-15 00:00:00;2027-09-10 00:00:00
2027-09-07 00:00:00;SO733504;C0002;VS001;627;2027-10-12 00:00:00;2027-10-20 00:00:00;2027-09-09 00:00:00;2027-09-17 00:00:00
2027-09-07 00:00:00;SO733504;C0002;CS003;781;2027-10-12 00:00:00;2027-10-22 00:00:00;2027-09-09 00:00:00;2027-09-19 00:00:00
2027-09-07 00:00:00;SO597187;C0007;AL002;733;2027-11-09 00:00:00;2027-11-11 00:00:00;2027-09-10 00:00:00;2027-09-12 00:00:00
2027-09-07 00:00:00;SO9000085;C0027;VS003;977;2027-10-19 00:00:00;2027-10-16 00:00:00;2027-09-15 00:00:00;2027-09-12 00:00:00
2027-09-07 00:00:00;SO733504;C0002;AS004;1250;2027-10-12 00:00:00;2027-10-09 00:00:00;2027-09-09 00:00:00;2027-09-06 00:00:00
2027-09-07 00:00:00;SO733504;C0002;AT001;711;2027-10-12 00:00:00;2027-10-09 00:00:00;2027-09-09 00:00:00;2027-09-06 00:00:00
2027-09-08 00:00:00;SO729744;C0002;AT001;1003;2027-10-13 00:00:00;2027-10-18 00:00:00;2027-09-10 00:00:00;2027-09-15 00:00:00
2027-09-08 00:00:00;SO376814;C0028;CS004;1260;2027-09-22 00:00:00;2027-09-27 00:00:00;2027-09-16 00:00:00;2027-09-21 00:00:00
2027-09-08 00:00:00;SO376814;C0028;CS001;780;2027-09-22 00:00:00;2027-09-22 00:00:00;2027-09-16 00:00:00;2027-09-16 00:00:00
2027-09-08 00:00:00;SO729744;C0002;VS002;1003;2027-10-13 00:00:00;2027-10-04 00:00:00;2027-09-10 00:00:00;2027-09-01 00:00:00
2027-09-08 00:00:00;SO376814;C0028;AS001;1180;2027-09-22 00:00:00;2027-09-19 00:00:00;2027-09-16 00:00:00;2027-09-13 00:00:00
2027-09-08 00:00:00;SO729744;C0002;VS004;699;2027-10-13 00:00:00;2027-10-22 00:00:00;2027-09-10 00:00:00;2027-09-19 00:00:00
2027-09-08 00:00:00;SO729744;C0002;AS005;1177;2027-10-13 00:00:00;2027-10-05 00:00:00;2027-09-10 00:00:00;2027-09-02 00:00:00
2027-09-08 00:00:00;SO729744;C0002;CS004;983;2027-10-13 00:00:00;2027-10-20 00:00:00;2027-09-10 00:00:00;2027-09-17 00:00:00
2027-09-08 00:00:00;SO729744;C0002;CT003;524;2027-10-13 00:00:00;2027-10-18 00:00:00;2027-09-10 00:00:00;2027-09-15 00:00:00
2027-09-08 00:00:00;SO376814;C0028;AL002;821;2027-09-22 00:00:00;2027-09-22 00:00:00;2027-09-16 00:00:00;2027-09-16 00:00:00
2027-09-08 00:00:00;SO376814;C0028;AS003;1150;2027-09-22 00:00:00;2027-09-23 00:00:00;2027-09-16 00:00:00;2027-09-17 00:00:00
2027-09-08 00:00:00;SO729744;C0002;AS002;462;2027-10-13 00:00:00;2027-10-18 00:00:00;2027-09-10 00:00:00;2027-09-15 00:00:00
2027-09-08 00:00:00;SO729744;C0002;AS001;1037;2027-10-13 00:00:00;2027-10-16 00:00:00;2027-09-10 00:00:00;2027-09-13 00:00:00
2027-09-08 00:00:00;SO729744;C0002;AS003;646;2027-10-13 00:00:00;2027-10-03 00:00:00;2027-09-10 00:00:00;2027-08-31 00:00:00
2027-09-08 00:00:00;SO729744;C0002;CS001;1047;2027-10-13 00:00:00;2027-10-06 00:00:00;2027-09-10 00:00:00;2027-09-03 00:00:00
2027-09-08 00:00:00;SO729744;C0002;CT001;454;2027-10-13 00:00:00;2027-10-03 00:00:00;2027-09-10 00:00:00;2027-08-31 00:00:00
2027-09-09 00:00:00;SO819173;C0002;CS004;1048;2027-10-14 00:00:00;2027-10-17 00:00:00;2027-09-11 00:00:00;2027-09-14 00:00:00
2027-09-09 00:00:00;SO714412;C0013;VS002;988;2027-10-07 00:00:00;2027-10-05 00:00:00;2027-09-13 00:00:00;2027-09-11 00:00:00
2027-09-09 00:00:00;SO210222;C0012;CS003;457;2027-10-07 00:00:00;2027-10-06 00:00:00;2027-09-12 00:00:00;2027-09-11 00:00:00
2027-09-09 00:00:00;SO334136;C0005;CS004;711;2027-11-04 00:00:00;2027-11-04 00:00:00;2027-09-11 00:00:00;2027-09-11 00:00:00
2027-09-09 00:00:00;SO714412;C0013;AS004;570;2027-10-07 00:00:00;2027-10-02 00:00:00;2027-09-13 00:00:00;2027-09-08 00:00:00
2027-09-09 00:00:00;SO334136;C0005;VS002;688;2027-11-04 00:00:00;2027-11-05 00:00:00;2027-09-11 00:00:00;2027-09-12 00:00:00
2027-09-09 00:00:00;SO819173;C0002;CT003;594;2027-10-14 00:00:00;2027-10-15 00:00:00;2027-09-11 00:00:00;2027-09-12 00:00:00
2027-09-09 00:00:00;SO334136;C0005;CT002;1057;2027-11-04 00:00:00;2027-11-07 00:00:00;2027-09-11 00:00:00;2027-09-14 00:00:00
2027-09-09 00:00:00;SO819173;C0002;AL002;563;2027-10-14 00:00:00;2027-10-17 00:00:00;2027-09-11 00:00:00;2027-09-14 00:00:00
2027-09-09 00:00:00;SO714412;C0013;AT001;454;2027-10-07 00:00:00;2027-10-05 00:00:00;2027-09-13 00:00:00;2027-09-11 00:00:00
2027-09-09 00:00:00;SO334136;C0005;CS001;952;2027-11-04 00:00:00;2027-11-14 00:00:00;2027-09-11 00:00:00;2027-09-21 00:00:00
2027-09-09 00:00:00;SO334136;C0005;CL002;974;2027-11-04 00:00:00;2027-11-07 00:00:00;2027-09-11 00:00:00;2027-09-14 00:00:00
2027-09-10 00:00:00;SO917118;C0010;VS004;1191;2027-10-22 00:00:00;2027-10-31 00:00:00;2027-09-13 00:00:00;2027-09-22 00:00:00
2027-09-10 00:00:00;SO909151;C0023;CS001;896;2027-10-15 00:00:00;2027-10-09 00:00:00;2027-09-14 00:00:00;2027-09-08 00:00:00
2027-09-10 00:00:00;SO440503;C0028;CT001;514;2027-09-24 00:00:00;2027-09-25 00:00:00;2027-09-18 00:00:00;2027-09-19 00:00:00
2027-09-10 00:00:00;SO917118;C0010;VS001;655;2027-10-22 00:00:00;2027-10-24 00:00:00;2027-09-13 00:00:00;2027-09-15 00:00:00
2027-09-10 00:00:00;SO440503;C0028;AS002;886;2027-09-24 00:00:00;2027-10-02 00:00:00;2027-09-18 00:00:00;2027-09-26 00:00:00
2027-09-10 00:00:00;SO909151;C0023;AS003;1078;2027-10-15 00:00:00;2027-10-07 00:00:00;2027-09-14 00:00:00;2027-09-06 00:00:00
2027-09-10 00:00:00;SO917118;C0010;VS002;1005;2027-10-22 00:00:00;2027-10-19 00:00:00;2027-09-13 00:00:00;2027-09-10 00:00:00
2027-09-10 00:00:00;SO909151;C0023;AS001;836;2027-10-15 00:00:00;2027-10-14 00:00:00;2027-09-14 00:00:00;2027-09-13 00:00:00
2027-09-10 00:00:00;SO440503;C0028;AT001;1287;2027-09-24 00:00:00;2027-09-16 00:00:00;2027-09-18 00:00:00;2027-09-10 00:00:00
2027-09-10 00:00:00;SO909151;C0023;CS003;785;2027-10-15 00:00:00;2027-10-05 00:00:00;2027-09-14 00:00:00;2027-09-04 00:00:00
2027-09-10 00:00:00;SO440503;C0028;CL002;1229;2027-09-24 00:00:00;2027-09-24 00:00:00;2027-09-18 00:00:00;2027-09-18 00:00:00
2027-09-10 00:00:00;SO440503;C0028;AS003;770;2027-09-24 00:00:00;2027-09-26 00:00:00;2027-09-18 00:00:00;2027-09-20 00:00:00
2027-09-10 00:00:00;SO440503;C0028;VS003;523;2027-09-24 00:00:00;2027-10-03 00:00:00;2027-09-18 00:00:00;2027-09-27 00:00:00
2027-09-10 00:00:00;SO909151;C0023;AS005;547;2027-10-15 00:00:00;2027-10-22 00:00:00;2027-09-14 00:00:00;2027-09-21 00:00:00
2027-09-10 00:00:00;SO440503;C0028;AS004;479;2027-09-24 00:00:00;2027-09-28 00:00:00;2027-09-18 00:00:00;2027-09-22 00:00:00
2027-09-10 00:00:00;SO909151;C0023;VS002;582;2027-10-15 00:00:00;2027-10-21 00:00:00;2027-09-14 00:00:00;2027-09-20 00:00:00
2027-09-10 00:00:00;SO909151;C0023;VS003;1080;2027-10-15 00:00:00;2027-10-23 00:00:00;2027-09-14 00:00:00;2027-09-22 00:00:00
2027-09-10 00:00:00;SO909151;C0023;AS002;426;2027-10-15 00:00:00;2027-10-21 00:00:00;2027-09-14 00:00:00;2027-09-20 00:00:00
2027-09-10 00:00:00;SO440503;C0028;CT003;542;2027-09-24 00:00:00;2027-09-27 00:00:00;2027-09-18 00:00:00;2027-09-21 00:00:00
2027-09-13 00:00:00;SO516127;C0004;VS004;1224;2027-09-27 00:00:00;2027-09-28 00:00:00;2027-09-15 00:00:00;2027-09-16 00:00:00
2027-09-13 00:00:00;SO726346;C0010;VS001;1035;2027-10-25 00:00:00;2027-10-31 00:00:00;2027-09-16 00:00:00;2027-09-22 00:00:00
2027-09-13 00:00:00;SO726346;C0010;CS003;1457;2027-10-25 00:00:00;2027-10-24 00:00:00;2027-09-16 00:00:00;2027-09-15 00:00:00
2027-09-13 00:00:00;SO726346;C0010;AT001;1172;2027-10-25 00:00:00;2027-10-30 00:00:00;2027-09-16 00:00:00;2027-09-21 00:00:00
2027-09-13 00:00:00;SO516127;C0004;AL002;770;2027-09-27 00:00:00;2027-10-04 00:00:00;2027-09-15 00:00:00;2027-09-22 00:00:00
2027-09-13 00:00:00;SO726346;C0010;CL002;517;2027-10-25 00:00:00;2027-10-16 00:00:00;2027-09-16 00:00:00;2027-09-07 00:00:00
2027-09-13 00:00:00;SO726346;C0010;AS004;1310;2027-10-25 00:00:00;2027-10-25 00:00:00;2027-09-16 00:00:00;2027-09-16 00:00:00
2027-09-13 00:00:00;SO726346;C0010;AS003;310;2027-10-25 00:00:00;2027-10-29 00:00:00;2027-09-16 00:00:00;2027-09-20 00:00:00
2027-09-13 00:00:00;SO516127;C0004;CT002;436;2027-09-27 00:00:00;2027-09-20 00:00:00;2027-09-15 00:00:00;2027-09-08 00:00:00
2027-09-13 00:00:00;SO516127;C0004;VS002;494;2027-09-27 00:00:00;2027-09-29 00:00:00;2027-09-15 00:00:00;2027-09-17 00:00:00
2027-09-13 00:00:00;SO516127;C0004;CL002;609;2027-09-27 00:00:00;2027-10-04 00:00:00;2027-09-15 00:00:00;2027-09-22 00:00:00
2027-09-13 00:00:00;SO516127;C0004;AS005;684;2027-09-27 00:00:00;2027-09-18 00:00:00;2027-09-15 00:00:00;2027-09-06 00:00:00
2027-09-13 00:00:00;SO516127;C0004;CS001;909;2027-09-27 00:00:00;2027-09-17 00:00:00;2027-09-15 00:00:00;2027-09-05 00:00:00
2027-09-13 00:00:00;SO726346;C0010;AS001;730;2027-10-25 00:00:00;2027-10-15 00:00:00;2027-09-16 00:00:00;2027-09-06 00:00:00
2027-09-13 00:00:00;SO726346;C0010;AL002;990;2027-10-25 00:00:00;2027-11-04 00:00:00;2027-09-16 00:00:00;2027-09-26 00:00:00
2027-09-13 00:00:00;SO726346;C0010;AS005;590;2027-10-25 00:00:00;2027-11-04 00:00:00;2027-09-16 00:00:00;2027-09-26 00:00:00
2027-09-13 00:00:00;SO726346;C0010;CT002;442;2027-10-25 00:00:00;2027-10-24 00:00:00;2027-09-16 00:00:00;2027-09-15 00:00:00
2027-09-13 00:00:00;SO516127;C0004;AS001;1059;2027-09-27 00:00:00;2027-10-01 00:00:00;2027-09-15 00:00:00;2027-09-19 00:00:00
2027-09-14 00:00:00;SO881763;C0027;AS005;846;2027-10-26 00:00:00;2027-10-20 00:00:00;2027-09-22 00:00:00;2027-09-16 00:00:00
2027-09-14 00:00:00;SO303788;C0005;CS004;721;2027-11-09 00:00:00;2027-11-03 00:00:00;2027-09-16 00:00:00;2027-09-10 00:00:00
2027-09-14 00:00:00;SO503011;C0008;AT001;978;2027-11-09 00:00:00;2027-11-07 00:00:00;2027-09-17 00:00:00;2027-09-15 00:00:00
2027-09-14 00:00:00;SO485907;C0019;CL002;543;2027-11-16 00:00:00;2027-11-06 00:00:00;2027-09-18 00:00:00;2027-09-08 00:00:00
2027-09-14 00:00:00;SO485907;C0019;AS002;991;2027-11-16 00:00:00;2027-11-19 00:00:00;2027-09-18 00:00:00;2027-09-21 00:00:00
2027-09-14 00:00:00;SO881763;C0027;CT003;807;2027-10-26 00:00:00;2027-10-21 00:00:00;2027-09-22 00:00:00;2027-09-17 00:00:00
2027-09-14 00:00:00;SO485907;C0019;VS003;626;2027-11-16 00:00:00;2027-11-23 00:00:00;2027-09-18 00:00:00;2027-09-25 00:00:00
2027-09-14 00:00:00;SO485907;C0019;CS001;1321;2027-11-16 00:00:00;2027-11-22 00:00:00;2027-09-18 00:00:00;2027-09-24 00:00:00
2027-09-14 00:00:00;SO881763;C0027;AS002;717;2027-10-26 00:00:00;2027-10-18 00:00:00;2027-09-22 00:00:00;2027-09-14 00:00:00
2027-09-14 00:00:00;SO881763;C0027;AS001;476;2027-10-26 00:00:00;2027-10-23 00:00:00;2027-09-22 00:00:00;2027-09-19 00:00:00
2027-09-14 00:00:00;SO503011;C0008;CT002;948;2027-11-09 00:00:00;2027-11-13 00:00:00;2027-09-17 00:00:00;2027-09-21 00:00:00
2027-09-14 00:00:00;SO503011;C0008;CS003;697;2027-11-09 00:00:00;2027-11-07 00:00:00;2027-09-17 00:00:00;2027-09-15 00:00:00
2027-09-14 00:00:00;SO485907;C0019;VS004;1069;2027-11-16 00:00:00;2027-11-12 00:00:00;2027-09-18 00:00:00;2027-09-14 00:00:00
2027-09-14 00:00:00;SO303788;C0005;VS004;1032;2027-11-09 00:00:00;2027-10-30 00:00:00;2027-09-16 00:00:00;2027-09-06 00:00:00
2027-09-15 00:00:00;SO535451;C0024;CS004;828;2027-10-13 00:00:00;2027-10-22 00:00:00;2027-09-19 00:00:00;2027-09-28 00:00:00
2027-09-15 00:00:00;SO910380;C0020;AS003;374;2027-11-10 00:00:00;2027-11-08 00:00:00;2027-09-19 00:00:00;2027-09-17 00:00:00
2027-09-15 00:00:00;SO576303;C0011;AS004;947;2027-10-20 00:00:00;2027-10-14 00:00:00;2027-09-18 00:00:00;2027-09-12 00:00:00
2027-09-15 00:00:00;SO189451;C0001;CS003;417;2027-10-13 00:00:00;2027-10-20 00:00:00;2027-09-17 00:00:00;2027-09-24 00:00:00
2027-09-15 00:00:00;SO189451;C0001;AT001;1138;2027-10-13 00:00:00;2027-10-16 00:00:00;2027-09-17 00:00:00;2027-09-20 00:00:00
2027-09-15 00:00:00;SO910380;C0020;CS001;931;2027-11-10 00:00:00;2027-10-31 00:00:00;2027-09-19 00:00:00;2027-09-09 00:00:00
2027-09-15 00:00:00;SO576303;C0011;CT002;762;2027-10-20 00:00:00;2027-10-16 00:00:00;2027-09-18 00:00:00;2027-09-14 00:00:00
2027-09-15 00:00:00;SO576303;C0011;AS002;483;2027-10-20 00:00:00;2027-10-18 00:00:00;2027-09-18 00:00:00;2027-09-16 00:00:00
2027-09-15 00:00:00;SO189451;C0001;VS001;477;2027-10-13 00:00:00;2027-10-10 00:00:00;2027-09-17 00:00:00;2027-09-14 00:00:00
2027-09-15 00:00:00;SO576303;C0011;VS004;1102;2027-10-20 00:00:00;2027-10-27 00:00:00;2027-09-18 00:00:00;2027-09-25 00:00:00
2027-09-15 00:00:00;SO576303;C0011;AS005;534;2027-10-20 00:00:00;2027-10-29 00:00:00;2027-09-18 00:00:00;2027-09-27 00:00:00
2027-09-15 00:00:00;SO535451;C0024;AS001;1072;2027-10-13 00:00:00;2027-10-12 00:00:00;2027-09-19 00:00:00;2027-09-18 00:00:00
2027-09-15 00:00:00;SO535451;C0024;AS005;589;2027-10-13 00:00:00;2027-10-22 00:00:00;2027-09-19 00:00:00;2027-09-28 00:00:00
2027-09-15 00:00:00;SO535451;C0024;CS001;1140;2027-10-13 00:00:00;2027-10-18 00:00:00;2027-09-19 00:00:00;2027-09-24 00:00:00
2027-09-15 00:00:00;SO576303;C0011;AT001;1347;2027-10-20 00:00:00;2027-10-17 00:00:00;2027-09-18 00:00:00;2027-09-15 00:00:00
2027-09-15 00:00:00;SO910380;C0020;AS005;1043;2027-11-10 00:00:00;2027-11-06 00:00:00;2027-09-19 00:00:00;2027-09-15 00:00:00
2027-09-16 00:00:00;SO257812;C0012;CT001;449;2027-10-14 00:00:00;2027-10-13 00:00:00;2027-09-19 00:00:00;2027-09-18 00:00:00
2027-09-16 00:00:00;SO913953;C0011;VS002;983;2027-10-21 00:00:00;2027-10-15 00:00:00;2027-09-19 00:00:00;2027-09-13 00:00:00
2027-09-16 00:00:00;SO966835;C0009;CS001;1256;2027-09-30 00:00:00;2027-09-20 00:00:00;2027-09-19 00:00:00;2027-09-09 00:00:00
2027-09-16 00:00:00;SO257812;C0012;CS003;732;2027-10-14 00:00:00;2027-10-24 00:00:00;2027-09-19 00:00:00;2027-09-29 00:00:00
2027-09-16 00:00:00;SO966835;C0009;AS005;929;2027-09-30 00:00:00;2027-10-01 00:00:00;2027-09-19 00:00:00;2027-09-20 00:00:00
2027-09-16 00:00:00;SO913953;C0011;VS004;902;2027-10-21 00:00:00;2027-10-29 00:00:00;2027-09-19 00:00:00;2027-09-27 00:00:00
2027-09-16 00:00:00;SO913953;C0011;VS003;1018;2027-10-21 00:00:00;2027-10-19 00:00:00;2027-09-19 00:00:00;2027-09-17 00:00:00
2027-09-16 00:00:00;SO257812;C0012;CS004;680;2027-10-14 00:00:00;2027-10-06 00:00:00;2027-09-19 00:00:00;2027-09-11 00:00:00
2027-09-16 00:00:00;SO966835;C0009;AL002;304;2027-09-30 00:00:00;2027-09-22 00:00:00;2027-09-19 00:00:00;2027-09-11 00:00:00
2027-09-16 00:00:00;SO257812;C0012;VS004;855;2027-10-14 00:00:00;2027-10-13 00:00:00;2027-09-19 00:00:00;2027-09-18 00:00:00
2027-09-16 00:00:00;SO966835;C0009;VS002;814;2027-09-30 00:00:00;2027-10-02 00:00:00;2027-09-19 00:00:00;2027-09-21 00:00:00
2027-09-16 00:00:00;SO913953;C0011;AS003;884;2027-10-21 00:00:00;2027-10-17 00:00:00;2027-09-19 00:00:00;2027-09-15 00:00:00
2027-09-16 00:00:00;SO257812;C0012;CL002;1066;2027-10-14 00:00:00;2027-10-13 00:00:00;2027-09-19 00:00:00;2027-09-18 00:00:00
2027-09-16 00:00:00;SO913953;C0011;CT003;475;2027-10-21 00:00:00;2027-10-18 00:00:00;2027-09-19 00:00:00;2027-09-16 00:00:00
2027-09-16 00:00:00;SO913953;C0011;CL002;1059;2027-10-21 00:00:00;2027-10-14 00:00:00;2027-09-19 00:00:00;2027-09-12 00:00:00
2027-09-16 00:00:00;SO913953;C0011;CT001;955;2027-10-21 00:00:00;2027-10-29 00:00:00;2027-09-19 00:00:00;2027-09-27 00:00:00
2027-09-17 00:00:00;SO819967;C0007;CT001;1127;2027-11-19 00:00:00;2027-11-26 00:00:00;2027-09-20 00:00:00;2027-09-27 00:00:00
2027-09-17 00:00:00;SO559127;C0001;CT002;1140;2027-10-15 00:00:00;2027-10-09 00:00:00;2027-09-19 00:00:00;2027-09-13 00:00:00
2027-09-17 00:00:00;SO559127;C0001;AS003;1111;2027-10-15 00:00:00;2027-10-09 00:00:00;2027-09-19 00:00:00;2027-09-13 00:00:00
2027-09-17 00:00:00;SO559127;C0001;CS004;400;2027-10-15 00:00:00;2027-10-09 00:00:00;2027-09-19 00:00:00;2027-09-13 00:00:00
2027-09-17 00:00:00;SO559127;C0001;VS001;971;2027-10-15 00:00:00;2027-10-13 00:00:00;2027-09-19 00:00:00;2027-09-17 00:00:00
2027-09-17 00:00:00;SO819967;C0007;AS001;537;2027-11-19 00:00:00;2027-11-14 00:00:00;2027-09-20 00:00:00;2027-09-15 00:00:00
2027-09-17 00:00:00;SO819967;C0007;AS003;926;2027-11-19 00:00:00;2027-11-19 00:00:00;2027-09-20 00:00:00;2027-09-20 00:00:00
2027-09-17 00:00:00;SO819967;C0007;CS001;968;2027-11-19 00:00:00;2027-11-13 00:00:00;2027-09-20 00:00:00;2027-09-14 00:00:00
2027-09-17 00:00:00;SO559127;C0001;VS004;1232;2027-10-15 00:00:00;2027-10-06 00:00:00;2027-09-19 00:00:00;2027-09-10 00:00:00
2027-09-17 00:00:00;SO819967;C0007;AS002;1078;2027-11-19 00:00:00;2027-11-27 00:00:00;2027-09-20 00:00:00;2027-09-28 00:00:00
2027-09-17 00:00:00;SO819967;C0007;AT001;1140;2027-11-19 00:00:00;2027-11-26 00:00:00;2027-09-20 00:00:00;2027-09-27 00:00:00
2027-09-17 00:00:00;SO559127;C0001;AS002;1144;2027-10-15 00:00:00;2027-10-06 00:00:00;2027-09-19 00:00:00;2027-09-10 00:00:00
2027-09-17 00:00:00;SO559127;C0001;AS004;1063;2027-10-15 00:00:00;2027-10-19 00:00:00;2027-09-19 00:00:00;2027-09-23 00:00:00
2027-09-17 00:00:00;SO819967;C0007;CS003;563;2027-11-19 00:00:00;2027-11-24 00:00:00;2027-09-20 00:00:00;2027-09-25 00:00:00
2027-09-17 00:00:00;SO819967;C0007;AL002;847;2027-11-19 00:00:00;2027-11-13 00:00:00;2027-09-20 00:00:00;2027-09-14 00:00:00
2027-09-17 00:00:00;SO819967;C0007;VS004;922;2027-11-19 00:00:00;2027-11-24 00:00:00;2027-09-20 00:00:00;2027-09-25 00:00:00
2027-09-17 00:00:00;SO559127;C0001;CS003;1116;2027-10-15 00:00:00;2027-10-11 00:00:00;2027-09-19 00:00:00;2027-09-15 00:00:00
2027-09-17 00:00:00;SO819967;C0007;CT003;1118;2027-11-19 00:00:00;2027-11-09 00:00:00;2027-09-20 00:00:00;2027-09-10 00:00:00
2027-09-20 00:00:00;SO461729;C0018;AS001;494;2027-11-22 00:00:00;2027-11-21 00:00:00;2027-09-24 00:00:00;2027-09-23 00:00:00
2027-09-20 00:00:00;SO933910;C0006;CT003;1030;2027-11-22 00:00:00;2027-11-20 00:00:00;2027-09-22 00:00:00;2027-09-20 00:00:00
2027-09-20 00:00:00;SO461729;C0018;AS002;468;2027-11-22 00:00:00;2027-11-14 00:00:00;2027-09-24 00:00:00;2027-09-16 00:00:00
2027-09-20 00:00:00;SO933910;C0006;AL002;1001;2027-11-22 00:00:00;2027-11-28 00:00:00;2027-09-22 00:00:00;2027-09-28 00:00:00
2027-09-20 00:00:00;SO461729;C0018;CT001;440;2027-11-22 00:00:00;2027-11-24 00:00:00;2027-09-24 00:00:00;2027-09-26 00:00:00
2027-09-20 00:00:00;SO461729;C0018;CS003;1101;2027-11-22 00:00:00;2027-11-21 00:00:00;2027-09-24 00:00:00;2027-09-23 00:00:00
2027-09-20 00:00:00;SO933910;C0006;CS003;699;2027-11-22 00:00:00;2027-12-01 00:00:00;2027-09-22 00:00:00;2027-10-01 00:00:00
2027-09-20 00:00:00;SO461729;C0018;VS003;470;2027-11-22 00:00:00;2027-11-15 00:00:00;2027-09-24 00:00:00;2027-09-17 00:00:00
2027-09-20 00:00:00;SO933910;C0006;VS004;471;2027-11-22 00:00:00;2027-11-23 00:00:00;2027-09-22 00:00:00;2027-09-23 00:00:00
2027-09-20 00:00:00;SO461729;C0018;VS002;833;2027-11-22 00:00:00;2027-11-17 00:00:00;2027-09-24 00:00:00;2027-09-19 00:00:00
2027-09-20 00:00:00;SO461729;C0018;AS004;894;2027-11-22 00:00:00;2027-11-12 00:00:00;2027-09-24 00:00:00;2027-09-14 00:00:00
2027-09-20 00:00:00;SO933910;C0006;AT001;404;2027-11-22 00:00:00;2027-11-21 00:00:00;2027-09-22 00:00:00;2027-09-21 00:00:00
2027-09-20 00:00:00;SO933910;C0006;AS002;1070;2027-11-22 00:00:00;2027-11-16 00:00:00;2027-09-22 00:00:00;2027-09-16 00:00:00
2027-09-20 00:00:00;SO461729;C0018;VS004;715;2027-11-22 00:00:00;2027-11-24 00:00:00;2027-09-24 00:00:00;2027-09-26 00:00:00
2027-09-20 00:00:00;SO461729;C0018;VS001;830;2027-11-22 00:00:00;2027-11-24 00:00:00;2027-09-24 00:00:00;2027-09-26 00:00:00
2027-09-20 00:00:00;SO933910;C0006;CL002;695;2027-11-22 00:00:00;2027-11-19 00:00:00;2027-09-22 00:00:00;2027-09-19 00:00:00
2027-09-21 00:00:00;SO761548;C0030;AS003;981;2027-11-23 00:00:00;2027-11-22 00:00:00;2027-09-29 00:00:00;2027-09-28 00:00:00
2027-09-21 00:00:00;SO162480;C0019;AS005;607;2027-11-23 00:00:00;2027-11-24 00:00:00;2027-09-25 00:00:00;2027-09-26 00:00:00
2027-09-21 00:00:00;SO845171;C0020;AT001;933;2027-11-16 00:00:00;2027-11-25 00:00:00;2027-09-25 00:00:00;2027-10-04 00:00:00
2027-09-21 00:00:00;SO761548;C0030;CT002;1166;2027-11-23 00:00:00;2027-11-29 00:00:00;2027-09-29 00:00:00;2027-10-05 00:00:00
2027-09-21 00:00:00;SO162480;C0019;VS001;489;2027-11-23 00:00:00;2027-11-28 00:00:00;2027-09-25 00:00:00;2027-09-30 00:00:00
2027-09-21 00:00:00;SO761548;C0030;AL002;1017;2027-11-23 00:00:00;2027-12-03 00:00:00;2027-09-29 00:00:00;2027-10-09 00:00:00
2027-09-21 00:00:00;SO845171;C0020;AS002;384;2027-11-16 00:00:00;2027-11-12 00:00:00;2027-09-25 00:00:00;2027-09-21 00:00:00
2027-09-21 00:00:00;SO845171;C0020;AL002;1109;2027-11-16 00:00:00;2027-11-13 00:00:00;2027-09-25 00:00:00;2027-09-22 00:00:00
2027-09-21 00:00:00;SO162480;C0019;AS003;517;2027-11-23 00:00:00;2027-11-28 00:00:00;2027-09-25 00:00:00;2027-09-30 00:00:00
2027-09-21 00:00:00;SO845171;C0020;AS003;916;2027-11-16 00:00:00;2027-11-24 00:00:00;2027-09-25 00:00:00;2027-10-03 00:00:00
2027-09-21 00:00:00;SO162480;C0019;AT001;763;2027-11-23 00:00:00;2027-11-21 00:00:00;2027-09-25 00:00:00;2027-09-23 00:00:00
2027-09-21 00:00:00;SO162480;C0019;CS004;1151;2027-11-23 00:00:00;2027-12-02 00:00:00;2027-09-25 00:00:00;2027-10-04 00:00:00
2027-09-21 00:00:00;SO845171;C0020;VS002;294;2027-11-16 00:00:00;2027-11-25 00:00:00;2027-09-25 00:00:00;2027-10-04 00:00:00
2027-09-22 00:00:00;SO435512;C0018;VS002;860;2027-11-24 00:00:00;2027-12-03 00:00:00;2027-09-26 00:00:00;2027-10-05 00:00:00
2027-09-22 00:00:00;SO693589;C0006;CT001;1191;2027-11-24 00:00:00;2027-11-27 00:00:00;2027-09-24 00:00:00;2027-09-27 00:00:00
2027-09-22 00:00:00;SO680523;C0020;CT002;684;2027-11-17 00:00:00;2027-11-09 00:00:00;2027-09-26 00:00:00;2027-09-18 00:00:00
2027-09-22 00:00:00;SO796900;C0004;CS004;686;2027-10-06 00:00:00;2027-10-11 00:00:00;2027-09-24 00:00:00;2027-09-29 00:00:00
2027-09-22 00:00:00;SO680523;C0020;CS004;1199;2027-11-17 00:00:00;2027-11-10 00:00:00;2027-09-26 00:00:00;2027-09-19 00:00:00
2027-09-22 00:00:00;SO796900;C0004;CS003;772;2027-10-06 00:00:00;2027-10-11 00:00:00;2027-09-24 00:00:00;2027-09-29 00:00:00
2027-09-22 00:00:00;SO693589;C0006;VS002;316;2027-11-24 00:00:00;2027-12-01 00:00:00;2027-09-24 00:00:00;2027-10-01 00:00:00
2027-09-22 00:00:00;SO435512;C0018;VS004;678;2027-11-24 00:00:00;2027-11-28 00:00:00;2027-09-26 00:00:00;2027-09-30 00:00:00
2027-09-22 00:00:00;SO680523;C0020;CL002;957;2027-11-17 00:00:00;2027-11-14 00:00:00;2027-09-26 00:00:00;2027-09-23 00:00:00
2027-09-22 00:00:00;SO435512;C0018;CS003;1115;2027-11-24 00:00:00;2027-11-29 00:00:00;2027-09-26 00:00:00;2027-10-01 00:00:00
2027-09-22 00:00:00;SO796900;C0004;CT002;1065;2027-10-06 00:00:00;2027-10-03 00:00:00;2027-09-24 00:00:00;2027-09-21 00:00:00
2027-09-22 00:00:00;SO435512;C0018;CT001;664;2027-11-24 00:00:00;2027-11-22 00:00:00;2027-09-26 00:00:00;2027-09-24 00:00:00
2027-09-22 00:00:00;SO796900;C0004;CT003;1004;2027-10-06 00:00:00;2027-10-08 00:00:00;2027-09-24 00:00:00;2027-09-26 00:00:00
2027-09-22 00:00:00;SO680523;C0020;AS001;893;2027-11-17 00:00:00;2027-11-20 00:00:00;2027-09-26 00:00:00;2027-09-29 00:00:00
2027-09-22 00:00:00;SO435512;C0018;CT003;1118;2027-11-24 00:00:00;2027-11-20 00:00:00;2027-09-26 00:00:00;2027-09-22 00:00:00
2027-09-22 00:00:00;SO796900;C0004;CS001;1248;2027-10-06 00:00:00;2027-10-07 00:00:00;2027-09-24 00:00:00;2027-09-25 00:00:00
2027-09-22 00:00:00;SO680523;C0020;AS002;1163;2027-11-17 00:00:00;2027-11-10 00:00:00;2027-09-26 00:00:00;2027-09-19 00:00:00
2027-09-23 00:00:00;SO901199;C0005;CS003;1035;2027-11-18 00:00:00;2027-11-21 00:00:00;2027-09-25 00:00:00;2027-09-28 00:00:00
2027-09-23 00:00:00;SO237749;C0014;CL002;871;2027-10-28 00:00:00;2027-10-25 00:00:00;2027-09-27 00:00:00;2027-09-24 00:00:00
2027-09-23 00:00:00;SO901199;C0005;VS001;724;2027-11-18 00:00:00;2027-11-10 00:00:00;2027-09-25 00:00:00;2027-09-17 00:00:00
2027-09-23 00:00:00;SO237749;C0014;CT002;608;2027-10-28 00:00:00;2027-10-29 00:00:00;2027-09-27 00:00:00;2027-09-28 00:00:00
2027-09-23 00:00:00;SO901199;C0005;CL002;446;2027-11-18 00:00:00;2027-11-21 00:00:00;2027-09-25 00:00:00;2027-09-28 00:00:00
2027-09-23 00:00:00;SO901199;C0005;CS004;1023;2027-11-18 00:00:00;2027-11-09 00:00:00;2027-09-25 00:00:00;2027-09-16 00:00:00
2027-09-23 00:00:00;SO237749;C0014;VS004;1193;2027-10-28 00:00:00;2027-10-26 00:00:00;2027-09-27 00:00:00;2027-09-25 00:00:00
2027-09-23 00:00:00;SO237749;C0014;AS001;568;2027-10-28 00:00:00;2027-10-21 00:00:00;2027-09-27 00:00:00;2027-09-20 00:00:00
2027-09-23 00:00:00;SO237749;C0014;CS001;542;2027-10-28 00:00:00;2027-10-30 00:00:00;2027-09-27 00:00:00;2027-09-29 00:00:00
2027-09-23 00:00:00;SO237749;C0014;AL002;477;2027-10-28 00:00:00;2027-10-22 00:00:00;2027-09-27 00:00:00;2027-09-21 00:00:00
2027-09-23 00:00:00;SO237749;C0014;CT003;1105;2027-10-28 00:00:00;2027-11-03 00:00:00;2027-09-27 00:00:00;2027-10-03 00:00:00
2027-09-23 00:00:00;SO901199;C0005;CT001;483;2027-11-18 00:00:00;2027-11-20 00:00:00;2027-09-25 00:00:00;2027-09-27 00:00:00
2027-09-23 00:00:00;SO901199;C0005;AS003;856;2027-11-18 00:00:00;2027-11-09 00:00:00;2027-09-25 00:00:00;2027-09-16 00:00:00
2027-09-23 00:00:00;SO901199;C0005;AT001;984;2027-11-18 00:00:00;2027-11-13 00:00:00;2027-09-25 00:00:00;2027-09-20 00:00:00
2027-09-23 00:00:00;SO237749;C0014;AS004;599;2027-10-28 00:00:00;2027-10-31 00:00:00;2027-09-27 00:00:00;2027-09-30 00:00:00
2027-09-23 00:00:00;SO237749;C0014;AS005;457;2027-10-28 00:00:00;2027-11-03 00:00:00;2027-09-27 00:00:00;2027-10-03 00:00:00
2027-09-23 00:00:00;SO901199;C0005;VS004;572;2027-11-18 00:00:00;2027-11-19 00:00:00;2027-09-25 00:00:00;2027-09-26 00:00:00
2027-09-23 00:00:00;SO237749;C0014;AS003;909;2027-10-28 00:00:00;2027-10-20 00:00:00;2027-09-27 00:00:00;2027-09-19 00:00:00
2027-09-23 00:00:00;SO237749;C0014;CS004;1155;2027-10-28 00:00:00;2027-11-02 00:00:00;2027-09-27 00:00:00;2027-10-02 00:00:00
2027-09-24 00:00:00;SO287837;C0022;VS002;501;2027-11-05 00:00:00;2027-11-14 00:00:00;2027-09-28 00:00:00;2027-10-07 00:00:00
2027-09-24 00:00:00;SO216258;C0017;CT002;506;2027-11-19 00:00:00;2027-11-29 00:00:00;2027-09-28 00:00:00;2027-10-08 00:00:00
2027-09-24 00:00:00;SO305383;C0009;CT001;1391;2027-10-08 00:00:00;2027-10-07 00:00:00;2027-09-27 00:00:00;2027-09-26 00:00:00
2027-09-24 00:00:00;SO217672;C0029;CT002;687;2027-11-19 00:00:00;2027-11-16 00:00:00;2027-10-02 00:00:00;2027-09-29 00:00:00
2027-09-24 00:00:00;SO287837;C0022;CS003;329;2027-11-05 00:00:00;2027-10-29 00:00:00;2027-09-28 00:00:00;2027-09-21 00:00:00
2027-09-24 00:00:00;SO287837;C0022;AS001;728;2027-11-05 00:00:00;2027-11-08 00:00:00;2027-09-28 00:00:00;2027-10-01 00:00:00
2027-09-24 00:00:00;SO216258;C0017;CS003;849;2027-11-19 00:00:00;2027-11-29 00:00:00;2027-09-28 00:00:00;2027-10-08 00:00:00
2027-09-24 00:00:00;SO305383;C0009;AS001;1113;2027-10-08 00:00:00;2027-10-12 00:00:00;2027-09-27 00:00:00;2027-10-01 00:00:00
2027-09-24 00:00:00;SO217672;C0029;AS003;1304;2027-11-19 00:00:00;2027-11-18 00:00:00;2027-10-02 00:00:00;2027-10-01 00:00:00
2027-09-24 00:00:00;SO305383;C0009;VS004;966;2027-10-08 00:00:00;2027-10-13 00:00:00;2027-09-27 00:00:00;2027-10-02 00:00:00
2027-09-24 00:00:00;SO287837;C0022;VS003;935;2027-11-05 00:00:00;2027-11-09 00:00:00;2027-09-28 00:00:00;2027-10-02 00:00:00
2027-09-24 00:00:00;SO217672;C0029;CT001;1138;2027-11-19 00:00:00;2027-11-09 00:00:00;2027-10-02 00:00:00;2027-09-22 00:00:00
2027-09-24 00:00:00;SO287837;C0022;AS005;347;2027-11-05 00:00:00;2027-11-05 00:00:00;2027-09-28 00:00:00;2027-09-28 00:00:00
2027-09-24 00:00:00;SO287837;C0022;AS002;777;2027-11-05 00:00:00;2027-11-05 00:00:00;2027-09-28 00:00:00;2027-09-28 00:00:00
2027-09-24 00:00:00;SO305383;C0009;CT002;794;2027-10-08 00:00:00;2027-10-18 00:00:00;2027-09-27 00:00:00;2027-10-07 00:00:00
2027-09-24 00:00:00;SO305383;C0009;CT003;684;2027-10-08 00:00:00;2027-10-14 00:00:00;2027-09-27 00:00:00;2027-10-03 00:00:00
2027-09-24 00:00:00;SO216258;C0017;AS002;1059;2027-11-19 00:00:00;2027-11-26 00:00:00;2027-09-28 00:00:00;2027-10-05 00:00:00
2027-09-24 00:00:00;SO217672;C0029;CL002;507;2027-11-19 00:00:00;2027-11-13 00:00:00;2027-10-02 00:00:00;2027-09-26 00:00:00
2027-09-24 00:00:00;SO287837;C0022;CS001;1197;2027-11-05 00:00:00;2027-11-12 00:00:00;2027-09-28 00:00:00;2027-10-05 00:00:00
2027-09-24 00:00:00;SO305383;C0009;VS003;533;2027-10-08 00:00:00;2027-10-15 00:00:00;2027-09-27 00:00:00;2027-10-04 00:00:00
2027-09-27 00:00:00;SO869052;C0030;AS003;1194;2027-11-29 00:00:00;2027-12-09 00:00:00;2027-10-05 00:00:00;2027-10-15 00:00:00
2027-09-27 00:00:00;SO443701;C0007;VS002;790;2027-11-29 00:00:00;2027-11-27 00:00:00;2027-09-30 00:00:00;2027-09-28 00:00:00
2027-09-27 00:00:00;SO867917;C0017;CL002;987;2027-11-22 00:00:00;2027-11-27 00:00:00;2027-10-01 00:00:00;2027-10-06 00:00:00
2027-09-27 00:00:00;SO867917;C0017;VS001;974;2027-11-22 00:00:00;2027-11-23 00:00:00;2027-10-01 00:00:00;2027-10-02 00:00:00
2027-09-27 00:00:00;SO867917;C0017;AL002;1230;2027-11-22 00:00:00;2027-11-28 00:00:00;2027-10-01 00:00:00;2027-10-07 00:00:00
2027-09-27 00:00:00;SO869052;C0030;AL002;1045;2027-11-29 00:00:00;2027-12-04 00:00:00;2027-10-05 00:00:00;2027-10-10 00:00:00
2027-09-27 00:00:00;SO869052;C0030;VS003;850;2027-11-29 00:00:00;2027-11-22 00:00:00;2027-10-05 00:00:00;2027-09-28 00:00:00
2027-09-27 00:00:00;SO867917;C0017;AS004;1110;2027-11-22 00:00:00;2027-11-25 00:00:00;2027-10-01 00:00:00;2027-10-04 00:00:00
2027-09-27 00:00:00;SO867917;C0017;AS001;489;2027-11-22 00:00:00;2027-11-20 00:00:00;2027-10-01 00:00:00;2027-09-29 00:00:00
2027-09-27 00:00:00;SO443701;C0007;CT001;510;2027-11-29 00:00:00;2027-11-21 00:00:00;2027-09-30 00:00:00;2027-09-22 00:00:00
2027-09-27 00:00:00;SO443701;C0007;CT003;1070;2027-11-29 00:00:00;2027-11-26 00:00:00;2027-09-30 00:00:00;2027-09-27 00:00:00
2027-09-27 00:00:00;SO867917;C0017;AS003;598;2027-11-22 00:00:00;2027-12-02 00:00:00;2027-10-01 00:00:00;2027-10-11 00:00:00
2027-09-27 00:00:00;SO869052;C0030;CS004;1242;2027-11-29 00:00:00;2027-11-23 00:00:00;2027-10-05 00:00:00;2027-09-29 00:00:00
2027-09-27 00:00:00;SO867917;C0017;VS002;581;2027-11-22 00:00:00;2027-11-26 00:00:00;2027-10-01 00:00:00;2027-10-05 00:00:00
2027-09-27 00:00:00;SO869052;C0030;AS002;946;2027-11-29 00:00:00;2027-12-01 00:00:00;2027-10-05 00:00:00;2027-10-07 00:00:00
2027-09-28 00:00:00;SO450506;C0012;CS003;878;2027-10-26 00:00:00;2027-10-29 00:00:00;2027-10-01 00:00:00;2027-10-04 00:00:00
2027-09-28 00:00:00;SO940006;C0007;AS005;1006;2027-11-30 00:00:00;2027-12-01 00:00:00;2027-10-01 00:00:00;2027-10-02 00:00:00
2027-09-28 00:00:00;SO640757;C0008;AT001;1286;2027-11-23 00:00:00;2027-11-26 00:00:00;2027-10-01 00:00:00;2027-10-04 00:00:00
2027-09-28 00:00:00;SO695973;C0011;VS004;686;2027-11-02 00:00:00;2027-10-27 00:00:00;2027-10-01 00:00:00;2027-09-25 00:00:00
2027-09-28 00:00:00;SO695973;C0011;CL002;1113;2027-11-02 00:00:00;2027-10-23 00:00:00;2027-10-01 00:00:00;2027-09-21 00:00:00
2027-09-28 00:00:00;SO640757;C0008;VS002;977;2027-11-23 00:00:00;2027-11-27 00:00:00;2027-10-01 00:00:00;2027-10-05 00:00:00
2027-09-28 00:00:00;SO450506;C0012;CS004;1295;2027-10-26 00:00:00;2027-10-25 00:00:00;2027-10-01 00:00:00;2027-09-30 00:00:00
2027-09-28 00:00:00;SO450506;C0012;VS003;709;2027-10-26 00:00:00;2027-10-26 00:00:00;2027-10-01 00:00:00;2027-10-01 00:00:00
2027-09-28 00:00:00;SO940006;C0007;CT001;973;2027-11-30 00:00:00;2027-12-08 00:00:00;2027-10-01 00:00:00;2027-10-09 00:00:00
2027-09-28 00:00:00;SO640757;C0008;CS004;472;2027-11-23 00:00:00;2027-11-28 00:00:00;2027-10-01 00:00:00;2027-10-06 00:00:00
2027-09-28 00:00:00;SO640757;C0008;VS004;564;2027-11-23 00:00:00;2027-12-03 00:00:00;2027-10-01 00:00:00;2027-10-11 00:00:00
2027-09-28 00:00:00;SO640757;C0008;CT001;975;2027-11-23 00:00:00;2027-11-27 00:00:00;2027-10-01 00:00:00;2027-10-05 00:00:00
2027-09-28 00:00:00;SO695973;C0011;VS002;911;2027-11-02 00:00:00;2027-10-23 00:00:00;2027-10-01 00:00:00;2027-09-21 00:00:00
2027-09-28 00:00:00;SO940006;C0007;AS004;850;2027-11-30 00:00:00;2027-12-10 00:00:00;2027-10-01 00:00:00;2027-10-11 00:00:00
2027-09-28 00:00:00;SO640757;C0008;CL002;1093;2027-11-23 00:00:00;2027-12-01 00:00:00;2027-10-01 00:00:00;2027-10-09 00:00:00
2027-09-28 00:00:00;SO450506;C0012;CT002;806;2027-10-26 00:00:00;2027-10-19 00:00:00;2027-10-01 00:00:00;2027-09-24 00:00:00
2027-09-28 00:00:00;SO640757;C0008;CT002;1322;2027-11-23 00:00:00;2027-11-18 00:00:00;2027-10-01 00:00:00;2027-09-26 00:00:00
2027-09-28 00:00:00;SO450506;C0012;VS004;413;2027-10-26 00:00:00;2027-10-17 00:00:00;2027-10-01 00:00:00;2027-09-22 00:00:00
2027-09-28 00:00:00;SO940006;C0007;CL002;520;2027-11-30 00:00:00;2027-12-01 00:00:00;2027-10-01 00:00:00;2027-10-02 00:00:00
2027-09-29 00:00:00;SO284999;C0003;CS003;1048;2027-11-10 00:00:00;2027-10-31 00:00:00;2027-10-01 00:00:00;2027-09-21 00:00:00
2027-09-29 00:00:00;SO567695;C0004;VS004;713;2027-10-13 00:00:00;2027-10-07 00:00:00;2027-10-01 00:00:00;2027-09-25 00:00:00
2027-09-29 00:00:00;SO637014;C0014;AS002;1158;2027-11-03 00:00:00;2027-11-02 00:00:00;2027-10-03 00:00:00;2027-10-02 00:00:00
2027-09-29 00:00:00;SO380975;C0002;AS005;974;2027-11-03 00:00:00;2027-11-10 00:00:00;2027-10-01 00:00:00;2027-10-08 00:00:00
2027-09-29 00:00:00;SO567695;C0004;AS005;599;2027-10-13 00:00:00;2027-10-18 00:00:00;2027-10-01 00:00:00;2027-10-06 00:00:00
2027-09-29 00:00:00;SO380975;C0002;AS002;1115;2027-11-03 00:00:00;2027-10-27 00:00:00;2027-10-01 00:00:00;2027-09-24 00:00:00
2027-09-29 00:00:00;SO284999;C0003;VS004;939;2027-11-10 00:00:00;2027-11-16 00:00:00;2027-10-01 00:00:00;2027-10-07 00:00:00
2027-09-29 00:00:00;SO284999;C0003;CS004;1160;2027-11-10 00:00:00;2027-11-01 00:00:00;2027-10-01 00:00:00;2027-09-22 00:00:00
2027-09-29 00:00:00;SO284999;C0003;CT003;329;2027-11-10 00:00:00;2027-11-06 00:00:00;2027-10-01 00:00:00;2027-09-27 00:00:00
2027-09-29 00:00:00;SO380975;C0002;CS003;1432;2027-11-03 00:00:00;2027-11-11 00:00:00;2027-10-01 00:00:00;2027-10-09 00:00:00
2027-09-29 00:00:00;SO637014;C0014;CS004;639;2027-11-03 00:00:00;2027-10-31 00:00:00;2027-10-03 00:00:00;2027-09-30 00:00:00
2027-09-29 00:00:00;SO637014;C0014;VS004;1005;2027-11-03 00:00:00;2027-11-01 00:00:00;2027-10-03 00:00:00;2027-10-01 00:00:00
2027-09-30 00:00:00;SO786485;C0027;CT003;1036;2027-11-11 00:00:00;2027-11-12 00:00:00;2027-10-08 00:00:00;2027-10-09 00:00:00
2027-09-30 00:00:00;SO192578;C0030;VS001;1032;2027-12-02 00:00:00;2027-12-01 00:00:00;2027-10-08 00:00:00;2027-10-07 00:00:00
2027-09-30 00:00:00;SO786485;C0027;AL002;944;2027-11-11 00:00:00;2027-11-14 00:00:00;2027-10-08 00:00:00;2027-10-11 00:00:00
2027-09-30 00:00:00;SO192578;C0030;AS004;648;2027-12-02 00:00:00;2027-11-22 00:00:00;2027-10-08 00:00:00;2027-09-28 00:00:00
2027-09-30 00:00:00;SO192578;C0030;CS003;1181;2027-12-02 00:00:00;2027-11-29 00:00:00;2027-10-08 00:00:00;2027-10-05 00:00:00
2027-09-30 00:00:00;SO786485;C0027;AS005;1142;2027-11-11 00:00:00;2027-11-17 00:00:00;2027-10-08 00:00:00;2027-10-14 00:00:00
2027-09-30 00:00:00;SO192578;C0030;CT003;559;2027-12-02 00:00:00;2027-11-23 00:00:00;2027-10-08 00:00:00;2027-09-29 00:00:00
2027-09-30 00:00:00;SO786485;C0027;CT002;956;2027-11-11 00:00:00;2027-11-08 00:00:00;2027-10-08 00:00:00;2027-10-05 00:00:00
2027-09-30 00:00:00;SO786485;C0027;AS002;466;2027-11-11 00:00:00;2027-11-12 00:00:00;2027-10-08 00:00:00;2027-10-09 00:00:00
2027-09-30 00:00:00;SO786485;C0027;VS001;827;2027-11-11 00:00:00;2027-11-06 00:00:00;2027-10-08 00:00:00;2027-10-03 00:00:00
2027-09-30 00:00:00;SO192578;C0030;VS002;428;2027-12-02 00:00:00;2027-12-08 00:00:00;2027-10-08 00:00:00;2027-10-14 00:00:00
2027-09-30 00:00:00;SO192578;C0030;AS003;379;2027-12-02 00:00:00;2027-12-11 00:00:00;2027-10-08 00:00:00;2027-10-17 00:00:00
2027-09-30 00:00:00;SO786485;C0027;VS002;1123;2027-11-11 00:00:00;2027-11-03 00:00:00;2027-10-08 00:00:00;2027-09-30 00:00:00
2027-09-30 00:00:00;SO192578;C0030;AL002;1313;2027-12-02 00:00:00;2027-12-04 00:00:00;2027-10-08 00:00:00;2027-10-10 00:00:00
2027-09-30 00:00:00;SO192578;C0030;CL002;448;2027-12-02 00:00:00;2027-12-10 00:00:00;2027-10-08 00:00:00;2027-10-16 00:00:00
2027-09-30 00:00:00;SO786485;C0027;VS003;733;2027-11-11 00:00:00;2027-11-10 00:00:00;2027-10-08 00:00:00;2027-10-07 00:00:00
2027-09-30 00:00:00;SO786485;C0027;VS004;783;2027-11-11 00:00:00;2027-11-16 00:00:00;2027-10-08 00:00:00;2027-10-13 00:00:00
2027-09-30 00:00:00;SO192578;C0030;AS002;767;2027-12-02 00:00:00;2027-11-25 00:00:00;2027-10-08 00:00:00;2027-10-01 00:00:00
2027-09-30 00:00:00;SO786485;C0027;CS004;265;2027-11-11 00:00:00;2027-11-17 00:00:00;2027-10-08 00:00:00;2027-10-14 00:00:00
2027-09-30 00:00:00;SO786485;C0027;AS004;347;2027-11-11 00:00:00;2027-11-09 00:00:00;2027-10-08 00:00:00;2027-10-06 00:00:00
2027-10-01 00:00:00;SO337678;C0024;CS004;1407;2027-10-29 00:00:00;2027-10-30 00:00:00;2027-10-05 00:00:00;2027-10-06 00:00:00
2027-10-01 00:00:00;SO340021;C0017;AS003;574;2027-11-26 00:00:00;2027-11-25 00:00:00;2027-10-05 00:00:00;2027-10-04 00:00:00
2027-10-01 00:00:00;SO269476;C0006;AS002;974;2027-12-03 00:00:00;2027-11-23 00:00:00;2027-10-03 00:00:00;2027-09-23 00:00:00
2027-10-01 00:00:00;SO991054;C0012;CS004;1039;2027-10-29 00:00:00;2027-10-26 00:00:00;2027-10-04 00:00:00;2027-10-01 00:00:00
2027-10-01 00:00:00;SO269476;C0006;CT001;992;2027-12-03 00:00:00;2027-11-29 00:00:00;2027-10-03 00:00:00;2027-09-29 00:00:00
2027-10-01 00:00:00;SO340021;C0017;AS005;722;2027-11-26 00:00:00;2027-11-29 00:00:00;2027-10-05 00:00:00;2027-10-08 00:00:00
2027-10-01 00:00:00;SO337678;C0024;AS005;678;2027-10-29 00:00:00;2027-10-19 00:00:00;2027-10-05 00:00:00;2027-09-25 00:00:00
2027-10-01 00:00:00;SO991054;C0012;VS003;551;2027-10-29 00:00:00;2027-10-24 00:00:00;2027-10-04 00:00:00;2027-09-29 00:00:00
2027-10-01 00:00:00;SO991054;C0012;AT001;713;2027-10-29 00:00:00;2027-10-30 00:00:00;2027-10-04 00:00:00;2027-10-05 00:00:00
2027-10-01 00:00:00;SO991054;C0012;AS004;887;2027-10-29 00:00:00;2027-10-22 00:00:00;2027-10-04 00:00:00;2027-09-27 00:00:00
2027-10-01 00:00:00;SO340021;C0017;AS004;1207;2027-11-26 00:00:00;2027-12-04 00:00:00;2027-10-05 00:00:00;2027-10-13 00:00:00
2027-10-01 00:00:00;SO337678;C0024;CT002;369;2027-10-29 00:00:00;2027-11-03 00:00:00;2027-10-05 00:00:00;2027-10-10 00:00:00
2027-10-01 00:00:00;SO991054;C0012;VS004;521;2027-10-29 00:00:00;2027-10-20 00:00:00;2027-10-04 00:00:00;2027-09-25 00:00:00
2027-10-01 00:00:00;SO340021;C0017;CT003;741;2027-11-26 00:00:00;2027-11-25 00:00:00;2027-10-05 00:00:00;2027-10-04 00:00:00
2027-10-01 00:00:00;SO337678;C0024;VS003;580;2027-10-29 00:00:00;2027-10-20 00:00:00;2027-10-05 00:00:00;2027-09-26 00:00:00
2027-10-04 00:00:00;SO530172;C0017;CT002;744;2027-11-29 00:00:00;2027-12-09 00:00:00;2027-10-08 00:00:00;2027-10-18 00:00:00
2027-10-04 00:00:00;SO490241;C0012;AT001;988;2027-11-01 00:00:00;2027-10-29 00:00:00;2027-10-07 00:00:00;2027-10-04 00:00:00
2027-10-04 00:00:00;SO261537;C0028;AS003;543;2027-10-18 00:00:00;2027-10-16 00:00:00;2027-10-12 00:00:00;2027-10-10 00:00:00
2027-10-04 00:00:00;SO490241;C0012;CS004;1398;2027-11-01 00:00:00;2027-11-03 00:00:00;2027-10-07 00:00:00;2027-10-09 00:00:00
2027-10-04 00:00:00;SO530172;C0017;AS003;395;2027-11-29 00:00:00;2027-12-09 00:00:00;2027-10-08 00:00:00;2027-10-18 00:00:00
2027-10-04 00:00:00;SO490241;C0012;AS002;749;2027-11-01 00:00:00;2027-10-23 00:00:00;2027-10-07 00:00:00;2027-09-28 00:00:00
2027-10-04 00:00:00;SO261537;C0028;CS002;432;2027-10-18 00:00:00;2027-10-22 00:00:00;2027-10-12 00:00:00;2027-10-16 00:00:00
2027-10-04 00:00:00;SO490241;C0012;CT003;362;2027-11-01 00:00:00;2027-11-08 00:00:00;2027-10-07 00:00:00;2027-10-14 00:00:00
2027-10-04 00:00:00;SO261537;C0028;AT001;1167;2027-10-18 00:00:00;2027-10-22 00:00:00;2027-10-12 00:00:00;2027-10-16 00:00:00
2027-10-04 00:00:00;SO530172;C0017;VS001;591;2027-11-29 00:00:00;2027-12-08 00:00:00;2027-10-08 00:00:00;2027-10-17 00:00:00
2027-10-04 00:00:00;SO490241;C0012;CS001;515;2027-11-01 00:00:00;2027-11-04 00:00:00;2027-10-07 00:00:00;2027-10-10 00:00:00
2027-10-04 00:00:00;SO530172;C0017;CT001;753;2027-11-29 00:00:00;2027-12-07 00:00:00;2027-10-08 00:00:00;2027-10-16 00:00:00
2027-10-04 00:00:00;SO490241;C0012;VS003;900;2027-11-01 00:00:00;2027-11-08 00:00:00;2027-10-07 00:00:00;2027-10-14 00:00:00
2027-10-04 00:00:00;SO530172;C0017;AT001;970;2027-11-29 00:00:00;2027-11-19 00:00:00;2027-10-08 00:00:00;2027-09-28 00:00:00
2027-10-04 00:00:00;SO490241;C0012;CS002;317;2027-11-01 00:00:00;2027-11-07 00:00:00;2027-10-07 00:00:00;2027-10-13 00:00:00
2027-10-04 00:00:00;SO530172;C0017;CS001;1096;2027-11-29 00:00:00;2027-11-28 00:00:00;2027-10-08 00:00:00;2027-10-07 00:00:00
2027-10-05 00:00:00;SO143802;C0005;VS003;686;2027-11-30 00:00:00;2027-12-08 00:00:00;2027-10-07 00:00:00;2027-10-15 00:00:00
2027-10-05 00:00:00;SO783042;C0026;CT002;1026;2027-11-09 00:00:00;2027-11-14 00:00:00;2027-10-13 00:00:00;2027-10-18 00:00:00
2027-10-05 00:00:00;SO401553;C0013;AT002;1053;2027-11-02 00:00:00;2027-11-09 00:00:00;2027-10-09 00:00:00;2027-10-16 00:00:00
2027-10-05 00:00:00;SO190031;C0003;AS003;413;2027-11-16 00:00:00;2027-11-22 00:00:00;2027-10-07 00:00:00;2027-10-13 00:00:00
2027-10-05 00:00:00;SO783042;C0026;AS002;816;2027-11-09 00:00:00;2027-10-31 00:00:00;2027-10-13 00:00:00;2027-10-04 00:00:00
2027-10-05 00:00:00;SO783042;C0026;AS003;1198;2027-11-09 00:00:00;2027-11-03 00:00:00;2027-10-13 00:00:00;2027-10-07 00:00:00
2027-10-05 00:00:00;SO190031;C0003;CT001;1032;2027-11-16 00:00:00;2027-11-19 00:00:00;2027-10-07 00:00:00;2027-10-10 00:00:00
2027-10-05 00:00:00;SO783042;C0026;VS001;499;2027-11-09 00:00:00;2027-11-11 00:00:00;2027-10-13 00:00:00;2027-10-15 00:00:00
2027-10-05 00:00:00;SO190031;C0003;CT003;799;2027-11-16 00:00:00;2027-11-15 00:00:00;2027-10-07 00:00:00;2027-10-06 00:00:00
2027-10-05 00:00:00;SO143802;C0005;VS002;809;2027-11-30 00:00:00;2027-11-29 00:00:00;2027-10-07 00:00:00;2027-10-06 00:00:00
2027-10-05 00:00:00;SO190031;C0003;VS003;488;2027-11-16 00:00:00;2027-11-06 00:00:00;2027-10-07 00:00:00;2027-09-27 00:00:00
2027-10-05 00:00:00;SO190031;C0003;CT002;1285;2027-11-16 00:00:00;2027-11-18 00:00:00;2027-10-07 00:00:00;2027-10-09 00:00:00
2027-10-05 00:00:00;SO143802;C0005;CS004;903;2027-11-30 00:00:00;2027-11-26 00:00:00;2027-10-07 00:00:00;2027-10-03 00:00:00
2027-10-05 00:00:00;SO783042;C0026;CT003;1243;2027-11-09 00:00:00;2027-11-15 00:00:00;2027-10-13 00:00:00;2027-10-19 00:00:00
2027-10-05 00:00:00;SO143802;C0005;VS001;304;2027-11-30 00:00:00;2027-12-03 00:00:00;2027-10-07 00:00:00;2027-10-10 00:00:00
2027-10-06 00:00:00;SO710658;C0013;AS004;731;2027-11-03 00:00:00;2027-11-01 00:00:00;2027-10-10 00:00:00;2027-10-08 00:00:00
2027-10-06 00:00:00;SO985832;C0018;CS001;423;2027-12-08 00:00:00;2027-12-05 00:00:00;2027-10-10 00:00:00;2027-10-07 00:00:00
2027-10-06 00:00:00;SO893265;C0017;VS002;859;2027-12-01 00:00:00;2027-12-02 00:00:00;2027-10-10 00:00:00;2027-10-11 00:00:00
2027-10-06 00:00:00;SO710658;C0013;CT003;567;2027-11-03 00:00:00;2027-10-24 00:00:00;2027-10-10 00:00:00;2027-09-30 00:00:00
2027-10-06 00:00:00;SO710658;C0013;CT002;489;2027-11-03 00:00:00;2027-10-30 00:00:00;2027-10-10 00:00:00;2027-10-06 00:00:00
2027-10-06 00:00:00;SO710658;C0013;VS003;485;2027-11-03 00:00:00;2027-10-29 00:00:00;2027-10-10 00:00:00;2027-10-05 00:00:00
2027-10-06 00:00:00;SO893265;C0017;AS005;1164;2027-12-01 00:00:00;2027-12-01 00:00:00;2027-10-10 00:00:00;2027-10-10 00:00:00
2027-10-06 00:00:00;SO893265;C0017;CT003;876;2027-12-01 00:00:00;2027-12-02 00:00:00;2027-10-10 00:00:00;2027-10-11 00:00:00
2027-10-06 00:00:00;SO893265;C0017;VS004;1300;2027-12-01 00:00:00;2027-11-28 00:00:00;2027-10-10 00:00:00;2027-10-07 00:00:00
2027-10-06 00:00:00;SO893265;C0017;CS002;981;2027-12-01 00:00:00;2027-12-09 00:00:00;2027-10-10 00:00:00;2027-10-18 00:00:00
2027-10-06 00:00:00;SO985832;C0018;AS003;1232;2027-12-08 00:00:00;2027-11-30 00:00:00;2027-10-10 00:00:00;2027-10-02 00:00:00
2027-10-06 00:00:00;SO710658;C0013;AS005;1047;2027-11-03 00:00:00;2027-10-26 00:00:00;2027-10-10 00:00:00;2027-10-02 00:00:00
2027-10-06 00:00:00;SO985832;C0018;AT002;953;2027-12-08 00:00:00;2027-12-18 00:00:00;2027-10-10 00:00:00;2027-10-20 00:00:00
2027-10-06 00:00:00;SO893265;C0017;AT001;538;2027-12-01 00:00:00;2027-11-27 00:00:00;2027-10-10 00:00:00;2027-10-06 00:00:00
2027-10-06 00:00:00;SO985832;C0018;VS001;519;2027-12-08 00:00:00;2027-12-11 00:00:00;2027-10-10 00:00:00;2027-10-13 00:00:00
2027-10-06 00:00:00;SO893265;C0017;AS002;537;2027-12-01 00:00:00;2027-12-10 00:00:00;2027-10-10 00:00:00;2027-10-19 00:00:00
2027-10-06 00:00:00;SO893265;C0017;AS003;1172;2027-12-01 00:00:00;2027-11-25 00:00:00;2027-10-10 00:00:00;2027-10-04 00:00:00
2027-10-06 00:00:00;SO985832;C0018;AS002;1432;2027-12-08 00:00:00;2027-12-05 00:00:00;2027-10-10 00:00:00;2027-10-07 00:00:00
2027-10-06 00:00:00;SO710658;C0013;AT001;517;2027-11-03 00:00:00;2027-11-04 00:00:00;2027-10-10 00:00:00;2027-10-11 00:00:00
2027-10-07 00:00:00;SO439561;C0019;VS002;1054;2027-12-09 00:00:00;2027-12-19 00:00:00;2027-10-11 00:00:00;2027-10-21 00:00:00
2027-10-07 00:00:00;SO789766;C0002;CS002;1133;2027-11-11 00:00:00;2027-11-09 00:00:00;2027-10-09 00:00:00;2027-10-07 00:00:00
2027-10-07 00:00:00;SO789766;C0002;AS004;587;2027-11-11 00:00:00;2027-11-19 00:00:00;2027-10-09 00:00:00;2027-10-17 00:00:00
2027-10-07 00:00:00;SO439561;C0019;VS001;595;2027-12-09 00:00:00;2027-12-07 00:00:00;2027-10-11 00:00:00;2027-10-09 00:00:00
2027-10-07 00:00:00;SO789766;C0002;VS002;937;2027-11-11 00:00:00;2027-11-12 00:00:00;2027-10-09 00:00:00;2027-10-10 00:00:00
2027-10-07 00:00:00;SO439561;C0019;AS004;669;2027-12-09 00:00:00;2027-12-10 00:00:00;2027-10-11 00:00:00;2027-10-12 00:00:00
2027-10-07 00:00:00;SO789766;C0002;VS004;406;2027-11-11 00:00:00;2027-11-13 00:00:00;2027-10-09 00:00:00;2027-10-11 00:00:00
2027-10-07 00:00:00;SO789766;C0002;CS004;1118;2027-11-11 00:00:00;2027-11-19 00:00:00;2027-10-09 00:00:00;2027-10-17 00:00:00
2027-10-07 00:00:00;SO439561;C0019;CS004;856;2027-12-09 00:00:00;2027-11-29 00:00:00;2027-10-11 00:00:00;2027-10-01 00:00:00
2027-10-07 00:00:00;SO789766;C0002;CT003;852;2027-11-11 00:00:00;2027-11-06 00:00:00;2027-10-09 00:00:00;2027-10-04 00:00:00
2027-10-07 00:00:00;SO789766;C0002;CT002;321;2027-11-11 00:00:00;2027-11-07 00:00:00;2027-10-09 00:00:00;2027-10-05 00:00:00
2027-10-07 00:00:00;SO789766;C0002;CT001;917;2027-11-11 00:00:00;2027-11-04 00:00:00;2027-10-09 00:00:00;2027-10-02 00:00:00
2027-10-07 00:00:00;SO789766;C0002;AT002;1001;2027-11-11 00:00:00;2027-11-12 00:00:00;2027-10-09 00:00:00;2027-10-10 00:00:00
2027-10-08 00:00:00;SO675426;C0010;CS001;476;2027-11-19 00:00:00;2027-11-11 00:00:00;2027-10-11 00:00:00;2027-10-03 00:00:00
2027-10-08 00:00:00;SO738386;C0008;CS001;558;2027-12-03 00:00:00;2027-12-03 00:00:00;2027-10-11 00:00:00;2027-10-11 00:00:00
2027-10-08 00:00:00;SO738386;C0008;AS003;1141;2027-12-03 00:00:00;2027-11-26 00:00:00;2027-10-11 00:00:00;2027-10-04 00:00:00
2027-10-08 00:00:00;SO675426;C0010;AS002;441;2027-11-19 00:00:00;2027-11-16 00:00:00;2027-10-11 00:00:00;2027-10-08 00:00:00
2027-10-08 00:00:00;SO675426;C0010;AS003;1129;2027-11-19 00:00:00;2027-11-20 00:00:00;2027-10-11 00:00:00;2027-10-12 00:00:00
2027-10-08 00:00:00;SO675426;C0010;VS001;1332;2027-11-19 00:00:00;2027-11-23 00:00:00;2027-10-11 00:00:00;2027-10-15 00:00:00
2027-10-08 00:00:00;SO675426;C0010;VS004;746;2027-11-19 00:00:00;2027-11-20 00:00:00;2027-10-11 00:00:00;2027-10-12 00:00:00
2027-10-08 00:00:00;SO738386;C0008;AS002;598;2027-12-03 00:00:00;2027-11-30 00:00:00;2027-10-11 00:00:00;2027-10-08 00:00:00
2027-10-08 00:00:00;SO738386;C0008;CT001;1395;2027-12-03 00:00:00;2027-11-28 00:00:00;2027-10-11 00:00:00;2027-10-06 00:00:00
2027-10-08 00:00:00;SO675426;C0010;AS005;944;2027-11-19 00:00:00;2027-11-20 00:00:00;2027-10-11 00:00:00;2027-10-12 00:00:00
2027-10-08 00:00:00;SO738386;C0008;AS004;332;2027-12-03 00:00:00;2027-12-04 00:00:00;2027-10-11 00:00:00;2027-10-12 00:00:00
2027-10-08 00:00:00;SO738386;C0008;VS001;979;2027-12-03 00:00:00;2027-11-27 00:00:00;2027-10-11 00:00:00;2027-10-05 00:00:00
2027-10-08 00:00:00;SO738386;C0008;CS002;342;2027-12-03 00:00:00;2027-11-29 00:00:00;2027-10-11 00:00:00;2027-10-07 00:00:00
2027-10-11 00:00:00;SO343021;C0020;AT002;1105;2027-12-06 00:00:00;2027-12-11 00:00:00;2027-10-15 00:00:00;2027-10-20 00:00:00
2027-10-11 00:00:00;SO921026;C0002;AS005;602;2027-11-15 00:00:00;2027-11-12 00:00:00;2027-10-13 00:00:00;2027-10-10 00:00:00
2027-10-11 00:00:00;SO520591;C0023;CT001;775;2027-11-15 00:00:00;2027-11-12 00:00:00;2027-10-15 00:00:00;2027-10-12 00:00:00
2027-10-11 00:00:00;SO949755;C0030;AS002;1088;2027-12-13 00:00:00;2027-12-13 00:00:00;2027-10-19 00:00:00;2027-10-19 00:00:00
2027-10-11 00:00:00;SO343021;C0020;CS004;1202;2027-12-06 00:00:00;2027-11-26 00:00:00;2027-10-15 00:00:00;2027-10-05 00:00:00
2027-10-11 00:00:00;SO949755;C0030;AS004;811;2027-12-13 00:00:00;2027-12-21 00:00:00;2027-10-19 00:00:00;2027-10-27 00:00:00
2027-10-11 00:00:00;SO921026;C0002;VS002;898;2027-11-15 00:00:00;2027-11-24 00:00:00;2027-10-13 00:00:00;2027-10-22 00:00:00
2027-10-11 00:00:00;SO921026;C0002;AT001;418;2027-11-15 00:00:00;2027-11-15 00:00:00;2027-10-13 00:00:00;2027-10-13 00:00:00
2027-10-11 00:00:00;SO949755;C0030;AT002;1162;2027-12-13 00:00:00;2027-12-22 00:00:00;2027-10-19 00:00:00;2027-10-28 00:00:00
2027-10-11 00:00:00;SO343021;C0020;VS002;485;2027-12-06 00:00:00;2027-12-04 00:00:00;2027-10-15 00:00:00;2027-10-13 00:00:00
2027-10-11 00:00:00;SO921026;C0002;VS001;608;2027-11-15 00:00:00;2027-11-06 00:00:00;2027-10-13 00:00:00;2027-10-04 00:00:00
2027-10-11 00:00:00;SO949755;C0030;VS004;859;2027-12-13 00:00:00;2027-12-06 00:00:00;2027-10-19 00:00:00;2027-10-12 00:00:00
2027-10-11 00:00:00;SO520591;C0023;VS004;701;2027-11-15 00:00:00;2027-11-24 00:00:00;2027-10-15 00:00:00;2027-10-24 00:00:00
2027-10-11 00:00:00;SO949755;C0030;CT001;1158;2027-12-13 00:00:00;2027-12-10 00:00:00;2027-10-19 00:00:00;2027-10-16 00:00:00
2027-10-12 00:00:00;SO108202;C0030;AS004;590;2027-12-14 00:00:00;2027-12-19 00:00:00;2027-10-20 00:00:00;2027-10-25 00:00:00
2027-10-12 00:00:00;SO758969;C0001;AS004;675;2027-11-09 00:00:00;2027-11-03 00:00:00;2027-10-14 00:00:00;2027-10-08 00:00:00
2027-10-12 00:00:00;SO108202;C0030;AS003;375;2027-12-14 00:00:00;2027-12-23 00:00:00;2027-10-20 00:00:00;2027-10-29 00:00:00
2027-10-12 00:00:00;SO758969;C0001;VS004;931;2027-11-09 00:00:00;2027-11-10 00:00:00;2027-10-14 00:00:00;2027-10-15 00:00:00
2027-10-12 00:00:00;SO108202;C0030;CS004;832;2027-12-14 00:00:00;2027-12-20 00:00:00;2027-10-20 00:00:00;2027-10-26 00:00:00
2027-10-12 00:00:00;SO758969;C0001;CT001;809;2027-11-09 00:00:00;2027-11-14 00:00:00;2027-10-14 00:00:00;2027-10-19 00:00:00
2027-10-12 00:00:00;SO108202;C0030;CT001;806;2027-12-14 00:00:00;2027-12-24 00:00:00;2027-10-20 00:00:00;2027-10-30 00:00:00
2027-10-12 00:00:00;SO758969;C0001;AS003;1234;2027-11-09 00:00:00;2027-11-15 00:00:00;2027-10-14 00:00:00;2027-10-20 00:00:00
2027-10-12 00:00:00;SO108202;C0030;AS002;523;2027-12-14 00:00:00;2027-12-10 00:00:00;2027-10-20 00:00:00;2027-10-16 00:00:00
2027-10-12 00:00:00;SO758969;C0001;CT003;1101;2027-11-09 00:00:00;2027-11-04 00:00:00;2027-10-14 00:00:00;2027-10-09 00:00:00
2027-10-12 00:00:00;SO108202;C0030;CT002;1224;2027-12-14 00:00:00;2027-12-11 00:00:00;2027-10-20 00:00:00;2027-10-17 00:00:00
2027-10-12 00:00:00;SO758969;C0001;VS002;939;2027-11-09 00:00:00;2027-11-09 00:00:00;2027-10-14 00:00:00;2027-10-14 00:00:00
2027-10-13 00:00:00;SO831231;C0024;CT003;387;2027-11-10 00:00:00;2027-11-10 00:00:00;2027-10-17 00:00:00;2027-10-17 00:00:00
2027-10-13 00:00:00;SO786017;C0012;VS002;830;2027-11-10 00:00:00;2027-11-18 00:00:00;2027-10-16 00:00:00;2027-10-24 00:00:00
2027-10-13 00:00:00;SO786017;C0012;CS001;1089;2027-11-10 00:00:00;2027-11-10 00:00:00;2027-10-16 00:00:00;2027-10-16 00:00:00
2027-10-13 00:00:00;SO831231;C0024;CT002;1017;2027-11-10 00:00:00;2027-11-08 00:00:00;2027-10-17 00:00:00;2027-10-15 00:00:00
2027-10-13 00:00:00;SO831231;C0024;AS005;652;2027-11-10 00:00:00;2027-11-08 00:00:00;2027-10-17 00:00:00;2027-10-15 00:00:00
2027-10-13 00:00:00;SO831231;C0024;CS004;1145;2027-11-10 00:00:00;2027-11-17 00:00:00;2027-10-17 00:00:00;2027-10-24 00:00:00
2027-10-13 00:00:00;SO786017;C0012;AS005;1072;2027-11-10 00:00:00;2027-11-01 00:00:00;2027-10-16 00:00:00;2027-10-07 00:00:00
2027-10-13 00:00:00;SO831231;C0024;CS002;1111;2027-11-10 00:00:00;2027-11-12 00:00:00;2027-10-17 00:00:00;2027-10-19 00:00:00
2027-10-13 00:00:00;SO831231;C0024;AS003;770;2027-11-10 00:00:00;2027-11-18 00:00:00;2027-10-17 00:00:00;2027-10-25 00:00:00
2027-10-13 00:00:00;SO831231;C0024;AS002;578;2027-11-10 00:00:00;2027-11-03 00:00:00;2027-10-17 00:00:00;2027-10-10 00:00:00
2027-10-13 00:00:00;SO831231;C0024;CT001;849;2027-11-10 00:00:00;2027-11-10 00:00:00;2027-10-17 00:00:00;2027-10-17 00:00:00
2027-10-13 00:00:00;SO786017;C0012;CS004;1277;2027-11-10 00:00:00;2027-11-13 00:00:00;2027-10-16 00:00:00;2027-10-19 00:00:00
2027-10-13 00:00:00;SO786017;C0012;CT001;913;2027-11-10 00:00:00;2027-11-01 00:00:00;2027-10-16 00:00:00;2027-10-07 00:00:00
2027-10-13 00:00:00;SO831231;C0024;VS004;1166;2027-11-10 00:00:00;2027-11-15 00:00:00;2027-10-17 00:00:00;2027-10-22 00:00:00
2027-10-13 00:00:00;SO831231;C0024;VS003;395;2027-11-10 00:00:00;2027-11-09 00:00:00;2027-10-17 00:00:00;2027-10-16 00:00:00
2027-10-13 00:00:00;SO831231;C0024;CS001;884;2027-11-10 00:00:00;2027-11-11 00:00:00;2027-10-17 00:00:00;2027-10-18 00:00:00
2027-10-13 00:00:00;SO786017;C0012;AT002;656;2027-11-10 00:00:00;2027-11-17 00:00:00;2027-10-16 00:00:00;2027-10-23 00:00:00
2027-10-13 00:00:00;SO786017;C0012;VS004;1043;2027-11-10 00:00:00;2027-11-08 00:00:00;2027-10-16 00:00:00;2027-10-14 00:00:00
2027-10-13 00:00:00;SO831231;C0024;AT002;590;2027-11-10 00:00:00;2027-11-13 00:00:00;2027-10-17 00:00:00;2027-10-20 00:00:00
2027-10-14 00:00:00;SO886382;C0027;VS002;991;2027-11-25 00:00:00;2027-11-27 00:00:00;2027-10-22 00:00:00;2027-10-24 00:00:00
2027-10-14 00:00:00;SO382753;C0020;CT003;467;2027-12-09 00:00:00;2027-11-29 00:00:00;2027-10-18 00:00:00;2027-10-08 00:00:00
2027-10-14 00:00:00;SO922838;C0009;CS001;493;2027-10-28 00:00:00;2027-10-19 00:00:00;2027-10-17 00:00:00;2027-10-08 00:00:00
2027-10-14 00:00:00;SO222863;C0018;CS004;1243;2027-12-16 00:00:00;2027-12-19 00:00:00;2027-10-18 00:00:00;2027-10-21 00:00:00
2027-10-14 00:00:00;SO922838;C0009;AT002;526;2027-10-28 00:00:00;2027-10-27 00:00:00;2027-10-17 00:00:00;2027-10-16 00:00:00
2027-10-14 00:00:00;SO382753;C0020;VS001;454;2027-12-09 00:00:00;2027-12-08 00:00:00;2027-10-18 00:00:00;2027-10-17 00:00:00
2027-10-14 00:00:00;SO922838;C0009;AT001;1074;2027-10-28 00:00:00;2027-10-23 00:00:00;2027-10-17 00:00:00;2027-10-12 00:00:00
2027-10-14 00:00:00;SO222863;C0018;VS004;639;2027-12-16 00:00:00;2027-12-16 00:00:00;2027-10-18 00:00:00;2027-10-18 00:00:00
2027-10-14 00:00:00;SO922838;C0009;VS004;916;2027-10-28 00:00:00;2027-10-30 00:00:00;2027-10-17 00:00:00;2027-10-19 00:00:00
2027-10-14 00:00:00;SO922838;C0009;CT002;472;2027-10-28 00:00:00;2027-11-05 00:00:00;2027-10-17 00:00:00;2027-10-25 00:00:00
2027-10-14 00:00:00;SO382753;C0020;AS005;697;2027-12-09 00:00:00;2027-12-17 00:00:00;2027-10-18 00:00:00;2027-10-26 00:00:00
2027-10-14 00:00:00;SO382753;C0020;AT002;1323;2027-12-09 00:00:00;2027-12-09 00:00:00;2027-10-18 00:00:00;2027-10-18 00:00:00
2027-10-14 00:00:00;SO886382;C0027;AS005;784;2027-11-25 00:00:00;2027-12-04 00:00:00;2027-10-22 00:00:00;2027-10-31 00:00:00
2027-10-14 00:00:00;SO222863;C0018;AS004;1207;2027-12-16 00:00:00;2027-12-22 00:00:00;2027-10-18 00:00:00;2027-10-24 00:00:00
2027-10-14 00:00:00;SO922838;C0009;CT001;1396;2027-10-28 00:00:00;2027-10-25 00:00:00;2027-10-17 00:00:00;2027-10-14 00:00:00
2027-10-14 00:00:00;SO222863;C0018;CT003;863;2027-12-16 00:00:00;2027-12-23 00:00:00;2027-10-18 00:00:00;2027-10-25 00:00:00
2027-10-14 00:00:00;SO222863;C0018;CS002;1066;2027-12-16 00:00:00;2027-12-23 00:00:00;2027-10-18 00:00:00;2027-10-25 00:00:00
2027-10-14 00:00:00;SO222863;C0018;VS003;507;2027-12-16 00:00:00;2027-12-14 00:00:00;2027-10-18 00:00:00;2027-10-16 00:00:00
2027-10-14 00:00:00;SO886382;C0027;AT002;590;2027-11-25 00:00:00;2027-11-15 00:00:00;2027-10-22 00:00:00;2027-10-12 00:00:00
2027-10-15 00:00:00;SO442009;C0021;CS001;1110;2027-10-29 00:00:00;2027-11-05 00:00:00;2027-10-19 00:00:00;2027-10-26 00:00:00
2027-10-15 00:00:00;SO918115;C0002;CT002;713;2027-11-19 00:00:00;2027-11-27 00:00:00;2027-10-17 00:00:00;2027-10-25 00:00:00
2027-10-15 00:00:00;SO914987;C0004;VS004;308;2027-10-29 00:00:00;2027-11-06 00:00:00;2027-10-17 00:00:00;2027-10-25 00:00:00
2027-10-15 00:00:00;SO914987;C0004;VS003;1004;2027-10-29 00:00:00;2027-11-06 00:00:00;2027-10-17 00:00:00;2027-10-25 00:00:00
2027-10-15 00:00:00;SO914987;C0004;CS001;660;2027-10-29 00:00:00;2027-10-25 00:00:00;2027-10-17 00:00:00;2027-10-13 00:00:00
2027-10-15 00:00:00;SO918115;C0002;CT001;578;2027-11-19 00:00:00;2027-11-13 00:00:00;2027-10-17 00:00:00;2027-10-11 00:00:00
2027-10-15 00:00:00;SO918115;C0002;AT002;580;2027-11-19 00:00:00;2027-11-21 00:00:00;2027-10-17 00:00:00;2027-10-19 00:00:00
2027-10-15 00:00:00;SO914987;C0004;VS002;599;2027-10-29 00:00:00;2027-10-20 00:00:00;2027-10-17 00:00:00;2027-10-08 00:00:00
2027-10-15 00:00:00;SO914987;C0004;CT003;559;2027-10-29 00:00:00;2027-10-29 00:00:00;2027-10-17 00:00:00;2027-10-17 00:00:00
2027-10-15 00:00:00;SO914987;C0004;CT001;1066;2027-10-29 00:00:00;2027-10-27 00:00:00;2027-10-17 00:00:00;2027-10-15 00:00:00
2027-10-15 00:00:00;SO914987;C0004;CS004;867;2027-10-29 00:00:00;2027-11-02 00:00:00;2027-10-17 00:00:00;2027-10-21 00:00:00
2027-10-15 00:00:00;SO914987;C0004;CS002;490;2027-10-29 00:00:00;2027-10-21 00:00:00;2027-10-17 00:00:00;2027-10-09 00:00:00
2027-10-18 00:00:00;SO258871;C0028;AS005;777;2027-11-01 00:00:00;2027-10-26 00:00:00;2027-10-26 00:00:00;2027-10-20 00:00:00
2027-10-18 00:00:00;SO302654;C0005;CS001;1290;2027-12-13 00:00:00;2027-12-07 00:00:00;2027-10-20 00:00:00;2027-10-14 00:00:00
2027-10-18 00:00:00;SO302654;C0005;VS002;530;2027-12-13 00:00:00;2027-12-15 00:00:00;2027-10-20 00:00:00;2027-10-22 00:00:00
2027-10-18 00:00:00;SO302654;C0005;AS003;599;2027-12-13 00:00:00;2027-12-15 00:00:00;2027-10-20 00:00:00;2027-10-22 00:00:00
2027-10-18 00:00:00;SO258871;C0028;CS001;1269;2027-11-01 00:00:00;2027-10-30 00:00:00;2027-10-26 00:00:00;2027-10-24 00:00:00
2027-10-18 00:00:00;SO258871;C0028;CT002;780;2027-11-01 00:00:00;2027-10-28 00:00:00;2027-10-26 00:00:00;2027-10-22 00:00:00
2027-10-18 00:00:00;SO302654;C0005;AT001;838;2027-12-13 00:00:00;2027-12-04 00:00:00;2027-10-20 00:00:00;2027-10-11 00:00:00
2027-10-18 00:00:00;SO258871;C0028;AT001;640;2027-11-01 00:00:00;2027-10-27 00:00:00;2027-10-26 00:00:00;2027-10-21 00:00:00
2027-10-18 00:00:00;SO258871;C0028;CT001;1028;2027-11-01 00:00:00;2027-11-11 00:00:00;2027-10-26 00:00:00;2027-11-05 00:00:00
2027-10-18 00:00:00;SO258871;C0028;CS004;407;2027-11-01 00:00:00;2027-11-01 00:00:00;2027-10-26 00:00:00;2027-10-26 00:00:00
2027-10-18 00:00:00;SO258871;C0028;AS002;548;2027-11-01 00:00:00;2027-11-06 00:00:00;2027-10-26 00:00:00;2027-10-31 00:00:00
2027-10-18 00:00:00;SO258871;C0028;VS003;542;2027-11-01 00:00:00;2027-11-02 00:00:00;2027-10-26 00:00:00;2027-10-27 00:00:00
2027-10-19 00:00:00;SO149767;C0026;AS003;727;2027-11-23 00:00:00;2027-11-20 00:00:00;2027-10-27 00:00:00;2027-10-24 00:00:00
2027-10-19 00:00:00;SO222050;C0019;CT002;918;2027-12-21 00:00:00;2027-12-27 00:00:00;2027-10-23 00:00:00;2027-10-29 00:00:00
2027-10-19 00:00:00;SO218535;C0005;AT002;749;2027-12-14 00:00:00;2027-12-04 00:00:00;2027-10-21 00:00:00;2027-10-11 00:00:00
2027-10-19 00:00:00;SO428097;C0002;AT002;501;2027-11-23 00:00:00;2027-11-18 00:00:00;2027-10-21 00:00:00;2027-10-16 00:00:00
2027-10-19 00:00:00;SO222050;C0019;VS003;1072;2027-12-21 00:00:00;2027-12-14 00:00:00;2027-10-23 00:00:00;2027-10-16 00:00:00
2027-10-19 00:00:00;SO218535;C0005;AS002;762;2027-12-14 00:00:00;2027-12-23 00:00:00;2027-10-21 00:00:00;2027-10-30 00:00:00
2027-10-19 00:00:00;SO149767;C0026;AT002;454;2027-11-23 00:00:00;2027-11-21 00:00:00;2027-10-27 00:00:00;2027-10-25 00:00:00
2027-10-19 00:00:00;SO222050;C0019;AS002;1404;2027-12-21 00:00:00;2027-12-30 00:00:00;2027-10-23 00:00:00;2027-11-01 00:00:00
2027-10-19 00:00:00;SO218535;C0005;AS003;789;2027-12-14 00:00:00;2027-12-11 00:00:00;2027-10-21 00:00:00;2027-10-18 00:00:00
2027-10-19 00:00:00;SO149767;C0026;CS004;1203;2027-11-23 00:00:00;2027-11-23 00:00:00;2027-10-27 00:00:00;2027-10-27 00:00:00
2027-10-19 00:00:00;SO428097;C0002;CT001;1014;2027-11-23 00:00:00;2027-12-03 00:00:00;2027-10-21 00:00:00;2027-10-31 00:00:00
2027-10-19 00:00:00;SO428097;C0002;CS004;431;2027-11-23 00:00:00;2027-11-18 00:00:00;2027-10-21 00:00:00;2027-10-16 00:00:00
2027-10-19 00:00:00;SO428097;C0002;AS002;1084;2027-11-23 00:00:00;2027-12-02 00:00:00;2027-10-21 00:00:00;2027-10-30 00:00:00
2027-10-19 00:00:00;SO222050;C0019;CS004;776;2027-12-21 00:00:00;2027-12-13 00:00:00;2027-10-23 00:00:00;2027-10-15 00:00:00
2027-10-20 00:00:00;SO237432;C0027;VS001;591;2027-12-01 00:00:00;2027-11-23 00:00:00;2027-10-28 00:00:00;2027-10-20 00:00:00
2027-10-20 00:00:00;SO619436;C0016;CT003;793;2027-11-03 00:00:00;2027-11-08 00:00:00;2027-10-24 00:00:00;2027-10-29 00:00:00
2027-10-20 00:00:00;SO254385;C0020;AS002;596;2027-12-15 00:00:00;2027-12-20 00:00:00;2027-10-24 00:00:00;2027-10-29 00:00:00
2027-10-20 00:00:00;SO237432;C0027;AT002;492;2027-12-01 00:00:00;2027-12-01 00:00:00;2027-10-28 00:00:00;2027-10-28 00:00:00
2027-10-20 00:00:00;SO254385;C0020;AT001;1177;2027-12-15 00:00:00;2027-12-10 00:00:00;2027-10-24 00:00:00;2027-10-19 00:00:00
2027-10-20 00:00:00;SO237432;C0027;AS004;1014;2027-12-01 00:00:00;2027-11-27 00:00:00;2027-10-28 00:00:00;2027-10-24 00:00:00
2027-10-20 00:00:00;SO619436;C0016;AS005;1128;2027-11-03 00:00:00;2027-10-30 00:00:00;2027-10-24 00:00:00;2027-10-20 00:00:00
2027-10-20 00:00:00;SO619436;C0016;CT002;471;2027-11-03 00:00:00;2027-11-07 00:00:00;2027-10-24 00:00:00;2027-10-28 00:00:00
2027-10-20 00:00:00;SO619436;C0016;AS004;1063;2027-11-03 00:00:00;2027-11-04 00:00:00;2027-10-24 00:00:00;2027-10-25 00:00:00
2027-10-20 00:00:00;SO254385;C0020;AS005;437;2027-12-15 00:00:00;2027-12-23 00:00:00;2027-10-24 00:00:00;2027-11-01 00:00:00
2027-10-20 00:00:00;SO619436;C0016;CS002;1054;2027-11-03 00:00:00;2027-11-05 00:00:00;2027-10-24 00:00:00;2027-10-26 00:00:00
2027-10-20 00:00:00;SO619436;C0016;AS002;1106;2027-11-03 00:00:00;2027-11-13 00:00:00;2027-10-24 00:00:00;2027-11-03 00:00:00
2027-10-20 00:00:00;SO254385;C0020;VS004;441;2027-12-15 00:00:00;2027-12-22 00:00:00;2027-10-24 00:00:00;2027-10-31 00:00:00
2027-10-20 00:00:00;SO237432;C0027;AS003;1036;2027-12-01 00:00:00;2027-11-27 00:00:00;2027-10-28 00:00:00;2027-10-24 00:00:00
2027-10-20 00:00:00;SO619436;C0016;AS003;884;2027-11-03 00:00:00;2027-10-26 00:00:00;2027-10-24 00:00:00;2027-10-16 00:00:00
2027-10-20 00:00:00;SO237432;C0027;CT003;1113;2027-12-01 00:00:00;2027-11-25 00:00:00;2027-10-28 00:00:00;2027-10-22 00:00:00
2027-10-20 00:00:00;SO254385;C0020;AT002;428;2027-12-15 00:00:00;2027-12-11 00:00:00;2027-10-24 00:00:00;2027-10-20 00:00:00
2027-10-21 00:00:00;SO614473;C0010;VS002;1316;2027-12-02 00:00:00;2027-11-22 00:00:00;2027-10-24 00:00:00;2027-10-14 00:00:00
2027-10-21 00:00:00;SO632753;C0001;AT001;775;2027-11-18 00:00:00;2027-11-15 00:00:00;2027-10-23 00:00:00;2027-10-20 00:00:00
2027-10-21 00:00:00;SO388552;C0012;CS004;1146;2027-11-18 00:00:00;2027-11-12 00:00:00;2027-10-24 00:00:00;2027-10-18 00:00:00
2027-10-21 00:00:00;SO353005;C0011;CS002;1137;2027-11-25 00:00:00;2027-11-21 00:00:00;2027-10-24 00:00:00;2027-10-20 00:00:00
2027-10-21 00:00:00;SO353005;C0011;VS004;1141;2027-11-25 00:00:00;2027-11-25 00:00:00;2027-10-24 00:00:00;2027-10-24 00:00:00
2027-10-21 00:00:00;SO353005;C0011;CS004;1036;2027-11-25 00:00:00;2027-11-28 00:00:00;2027-10-24 00:00:00;2027-10-27 00:00:00
2027-10-21 00:00:00;SO353005;C0011;VS002;799;2027-11-25 00:00:00;2027-11-18 00:00:00;2027-10-24 00:00:00;2027-10-17 00:00:00
2027-10-21 00:00:00;SO353005;C0011;AS002;590;2027-11-25 00:00:00;2027-11-20 00:00:00;2027-10-24 00:00:00;2027-10-19 00:00:00
2027-10-21 00:00:00;SO614473;C0010;AS005;497;2027-12-02 00:00:00;2027-11-26 00:00:00;2027-10-24 00:00:00;2027-10-18 00:00:00
2027-10-21 00:00:00;SO388552;C0012;AS002;1175;2027-11-18 00:00:00;2027-11-11 00:00:00;2027-10-24 00:00:00;2027-10-17 00:00:00
2027-10-21 00:00:00;SO632753;C0001;CT003;770;2027-11-18 00:00:00;2027-11-13 00:00:00;2027-10-23 00:00:00;2027-10-18 00:00:00
2027-10-21 00:00:00;SO388552;C0012;AS004;444;2027-11-18 00:00:00;2027-11-19 00:00:00;2027-10-24 00:00:00;2027-10-25 00:00:00
2027-10-21 00:00:00;SO614473;C0010;CS004;1003;2027-12-02 00:00:00;2027-12-04 00:00:00;2027-10-24 00:00:00;2027-10-26 00:00:00
2027-10-21 00:00:00;SO632753;C0001;CS002;1316;2027-11-18 00:00:00;2027-11-26 00:00:00;2027-10-23 00:00:00;2027-10-31 00:00:00
2027-10-21 00:00:00;SO614473;C0010;VS004;539;2027-12-02 00:00:00;2027-12-01 00:00:00;2027-10-24 00:00:00;2027-10-23 00:00:00
2027-10-21 00:00:00;SO632753;C0001;AS002;988;2027-11-18 00:00:00;2027-11-09 00:00:00;2027-10-23 00:00:00;2027-10-14 00:00:00
2027-10-21 00:00:00;SO632753;C0001;VS002;886;2027-11-18 00:00:00;2027-11-09 00:00:00;2027-10-23 00:00:00;2027-10-14 00:00:00
2027-10-21 00:00:00;SO353005;C0011;AS005;573;2027-11-25 00:00:00;2027-11-28 00:00:00;2027-10-24 00:00:00;2027-10-27 00:00:00
2027-10-21 00:00:00;SO353005;C0011;CS001;580;2027-11-25 00:00:00;2027-11-18 00:00:00;2027-10-24 00:00:00;2027-10-17 00:00:00
2027-10-21 00:00:00;SO614473;C0010;AS002;397;2027-12-02 00:00:00;2027-12-08 00:00:00;2027-10-24 00:00:00;2027-10-30 00:00:00
2027-10-22 00:00:00;SO648016;C0025;VS001;468;2027-11-19 00:00:00;2027-11-12 00:00:00;2027-10-30 00:00:00;2027-10-23 00:00:00
2027-10-22 00:00:00;SO573746;C0010;AS005;402;2027-12-03 00:00:00;2027-11-30 00:00:00;2027-10-25 00:00:00;2027-10-22 00:00:00
2027-10-22 00:00:00;SO240884;C0005;VS003;633;2027-12-17 00:00:00;2027-12-14 00:00:00;2027-10-24 00:00:00;2027-10-21 00:00:00
2027-10-22 00:00:00;SO661429;C0007;CS002;843;2027-12-24 00:00:00;2027-12-20 00:00:00;2027-10-25 00:00:00;2027-10-21 00:00:00
2027-10-22 00:00:00;SO661429;C0007;CT002;1285;2027-12-24 00:00:00;2027-12-14 00:00:00;2027-10-25 00:00:00;2027-10-15 00:00:00
2027-10-22 00:00:00;SO240884;C0005;AT001;1003;2027-12-17 00:00:00;2027-12-23 00:00:00;2027-10-24 00:00:00;2027-10-30 00:00:00
2027-10-22 00:00:00;SO648016;C0025;CT003;840;2027-11-19 00:00:00;2027-11-14 00:00:00;2027-10-30 00:00:00;2027-10-25 00:00:00
2027-10-22 00:00:00;SO240884;C0005;CS001;828;2027-12-17 00:00:00;2027-12-10 00:00:00;2027-10-24 00:00:00;2027-10-17 00:00:00
2027-10-22 00:00:00;SO573746;C0010;AT002;1111;2027-12-03 00:00:00;2027-11-29 00:00:00;2027-10-25 00:00:00;2027-10-21 00:00:00
2027-10-22 00:00:00;SO240884;C0005;CT003;1287;2027-12-17 00:00:00;2027-12-15 00:00:00;2027-10-24 00:00:00;2027-10-22 00:00:00
2027-10-22 00:00:00;SO648016;C0025;VS003;992;2027-11-19 00:00:00;2027-11-26 00:00:00;2027-10-30 00:00:00;2027-11-06 00:00:00
2027-10-22 00:00:00;SO573746;C0010;CT002;581;2027-12-03 00:00:00;2027-12-07 00:00:00;2027-10-25 00:00:00;2027-10-29 00:00:00
2027-10-22 00:00:00;SO648016;C0025;CS002;596;2027-11-19 00:00:00;2027-11-19 00:00:00;2027-10-30 00:00:00;2027-10-30 00:00:00
2027-10-22 00:00:00;SO573746;C0010;AS003;886;2027-12-03 00:00:00;2027-12-07 00:00:00;2027-10-25 00:00:00;2027-10-29 00:00:00
2027-10-22 00:00:00;SO661429;C0007;AT001;316;2027-12-24 00:00:00;2027-12-14 00:00:00;2027-10-25 00:00:00;2027-10-15 00:00:00
2027-10-22 00:00:00;SO648016;C0025;VS002;658;2027-11-19 00:00:00;2027-11-25 00:00:00;2027-10-30 00:00:00;2027-11-05 00:00:00
2027-10-22 00:00:00;SO240884;C0005;AS002;877;2027-12-17 00:00:00;2027-12-26 00:00:00;2027-10-24 00:00:00;2027-11-02 00:00:00
2027-10-22 00:00:00;SO648016;C0025;AS004;1113;2027-11-19 00:00:00;2027-11-27 00:00:00;2027-10-30 00:00:00;2027-11-07 00:00:00
2027-10-22 00:00:00;SO661429;C0007;AT002;684;2027-12-24 00:00:00;2027-12-30 00:00:00;2027-10-25 00:00:00;2027-10-31 00:00:00
2027-10-25 00:00:00;SO707502;C0021;CT003;1229;2027-11-08 00:00:00;2027-11-09 00:00:00;2027-10-29 00:00:00;2027-10-30 00:00:00
2027-10-25 00:00:00;SO707369;C0029;CS002;629;2027-12-20 00:00:00;2027-12-24 00:00:00;2027-11-02 00:00:00;2027-11-06 00:00:00
2027-10-25 00:00:00;SO707502;C0021;CS002;1071;2027-11-08 00:00:00;2027-11-05 00:00:00;2027-10-29 00:00:00;2027-10-26 00:00:00
2027-10-25 00:00:00;SO707502;C0021;CT001;781;2027-11-08 00:00:00;2027-11-10 00:00:00;2027-10-29 00:00:00;2027-10-31 00:00:00
2027-10-25 00:00:00;SO707502;C0021;CS001;1448;2027-11-08 00:00:00;2027-11-10 00:00:00;2027-10-29 00:00:00;2027-10-31 00:00:00
2027-10-25 00:00:00;SO707369;C0029;CS004;1072;2027-12-20 00:00:00;2027-12-11 00:00:00;2027-11-02 00:00:00;2027-10-24 00:00:00
2027-10-25 00:00:00;SO707369;C0029;VS004;996;2027-12-20 00:00:00;2027-12-12 00:00:00;2027-11-02 00:00:00;2027-10-25 00:00:00
2027-10-25 00:00:00;SO707502;C0021;AS003;1028;2027-11-08 00:00:00;2027-11-09 00:00:00;2027-10-29 00:00:00;2027-10-30 00:00:00
2027-10-25 00:00:00;SO707369;C0029;CS001;596;2027-12-20 00:00:00;2027-12-24 00:00:00;2027-11-02 00:00:00;2027-11-06 00:00:00
2027-10-25 00:00:00;SO707502;C0021;CS004;595;2027-11-08 00:00:00;2027-11-06 00:00:00;2027-10-29 00:00:00;2027-10-27 00:00:00
2027-10-25 00:00:00;SO707369;C0029;AT002;874;2027-12-20 00:00:00;2027-12-20 00:00:00;2027-11-02 00:00:00;2027-11-02 00:00:00
2027-10-25 00:00:00;SO707502;C0021;AS005;458;2027-11-08 00:00:00;2027-11-02 00:00:00;2027-10-29 00:00:00;2027-10-23 00:00:00
2027-10-25 00:00:00;SO707369;C0029;AS005;1006;2027-12-20 00:00:00;2027-12-16 00:00:00;2027-11-02 00:00:00;2027-10-29 00:00:00
2027-10-26 00:00:00;SO920352;C0003;CT003;1030;2027-12-07 00:00:00;2027-12-13 00:00:00;2027-10-28 00:00:00;2027-11-03 00:00:00
2027-10-26 00:00:00;SO787849;C0014;AS002;1056;2027-11-30 00:00:00;2027-11-30 00:00:00;2027-10-30 00:00:00;2027-10-30 00:00:00
2027-10-26 00:00:00;SO316968;C0022;AT001;968;2027-12-07 00:00:00;2027-11-28 00:00:00;2027-10-30 00:00:00;2027-10-21 00:00:00
2027-10-26 00:00:00;SO787849;C0014;VS001;514;2027-11-30 00:00:00;2027-11-30 00:00:00;2027-10-30 00:00:00;2027-10-30 00:00:00
2027-10-26 00:00:00;SO316968;C0022;AS002;701;2027-12-07 00:00:00;2027-12-16 00:00:00;2027-10-30 00:00:00;2027-11-08 00:00:00
2027-10-26 00:00:00;SO787849;C0014;AT001;411;2027-11-30 00:00:00;2027-12-07 00:00:00;2027-10-30 00:00:00;2027-11-06 00:00:00
2027-10-26 00:00:00;SO920352;C0003;CS001;1384;2027-12-07 00:00:00;2027-11-29 00:00:00;2027-10-28 00:00:00;2027-10-20 00:00:00
2027-10-26 00:00:00;SO787849;C0014;CT003;541;2027-11-30 00:00:00;2027-11-21 00:00:00;2027-10-30 00:00:00;2027-10-21 00:00:00
2027-10-26 00:00:00;SO920352;C0003;CS002;651;2027-12-07 00:00:00;2027-12-14 00:00:00;2027-10-28 00:00:00;2027-11-04 00:00:00
2027-10-26 00:00:00;SO787849;C0014;CS002;1003;2027-11-30 00:00:00;2027-11-21 00:00:00;2027-10-30 00:00:00;2027-10-21 00:00:00
2027-10-26 00:00:00;SO316968;C0022;VS002;766;2027-12-07 00:00:00;2027-12-15 00:00:00;2027-10-30 00:00:00;2027-11-07 00:00:00
2027-10-26 00:00:00;SO316968;C0022;AS003;565;2027-12-07 00:00:00;2027-12-09 00:00:00;2027-10-30 00:00:00;2027-11-01 00:00:00
2027-10-26 00:00:00;SO316968;C0022;AT002;743;2027-12-07 00:00:00;2027-11-28 00:00:00;2027-10-30 00:00:00;2027-10-21 00:00:00
2027-10-26 00:00:00;SO920352;C0003;CS004;1114;2027-12-07 00:00:00;2027-12-11 00:00:00;2027-10-28 00:00:00;2027-11-01 00:00:00
2027-10-27 00:00:00;SO663615;C0006;AT001;364;2027-12-29 00:00:00;2027-12-31 00:00:00;2027-10-29 00:00:00;2027-10-31 00:00:00
2027-10-27 00:00:00;SO974446;C0013;VS002;784;2027-11-24 00:00:00;2027-11-28 00:00:00;2027-10-31 00:00:00;2027-11-04 00:00:00
2027-10-27 00:00:00;SO852872;C0008;VS003;467;2027-12-22 00:00:00;2027-12-12 00:00:00;2027-10-30 00:00:00;2027-10-20 00:00:00
2027-10-27 00:00:00;SO203728;C0009;VS004;982;2027-11-10 00:00:00;2027-11-10 00:00:00;2027-10-30 00:00:00;2027-10-30 00:00:00
2027-10-27 00:00:00;SO663615;C0006;AS004;794;2027-12-29 00:00:00;2027-12-25 00:00:00;2027-10-29 00:00:00;2027-10-25 00:00:00
2027-10-27 00:00:00;SO974446;C0013;AT002;600;2027-11-24 00:00:00;2027-11-17 00:00:00;2027-10-31 00:00:00;2027-10-24 00:00:00
2027-10-27 00:00:00;SO852872;C0008;VS002;673;2027-12-22 00:00:00;2027-12-17 00:00:00;2027-10-30 00:00:00;2027-10-25 00:00:00
2027-10-27 00:00:00;SO974446;C0013;CT001;793;2027-11-24 00:00:00;2027-11-30 00:00:00;2027-10-31 00:00:00;2027-11-06 00:00:00
2027-10-27 00:00:00;SO203728;C0009;CT003;269;2027-11-10 00:00:00;2027-11-20 00:00:00;2027-10-30 00:00:00;2027-11-09 00:00:00
2027-10-27 00:00:00;SO663615;C0006;CS001;595;2027-12-29 00:00:00;2028-01-03 00:00:00;2027-10-29 00:00:00;2027-11-03 00:00:00
2027-10-27 00:00:00;SO852872;C0008;AS002;611;2027-12-22 00:00:00;2027-12-25 00:00:00;2027-10-30 00:00:00;2027-11-02 00:00:00
2027-10-27 00:00:00;SO203728;C0009;CT001;1080;2027-11-10 00:00:00;2027-11-20 00:00:00;2027-10-30 00:00:00;2027-11-09 00:00:00
2027-10-27 00:00:00;SO974446;C0013;AS005;1030;2027-11-24 00:00:00;2027-12-04 00:00:00;2027-10-31 00:00:00;2027-11-10 00:00:00
2027-10-27 00:00:00;SO852872;C0008;CS004;1030;2027-12-22 00:00:00;2027-12-16 00:00:00;2027-10-30 00:00:00;2027-10-24 00:00:00
2027-10-27 00:00:00;SO852872;C0008;CT003;542;2027-12-22 00:00:00;2027-12-17 00:00:00;2027-10-30 00:00:00;2027-10-25 00:00:00
2027-10-27 00:00:00;SO974446;C0013;AS002;1103;2027-11-24 00:00:00;2027-12-04 00:00:00;2027-10-31 00:00:00;2027-11-10 00:00:00
2027-10-27 00:00:00;SO974446;C0013;VS004;1066;2027-11-24 00:00:00;2027-11-28 00:00:00;2027-10-31 00:00:00;2027-11-04 00:00:00
2027-10-27 00:00:00;SO852872;C0008;CS002;847;2027-12-22 00:00:00;2027-12-16 00:00:00;2027-10-30 00:00:00;2027-10-24 00:00:00
2027-10-27 00:00:00;SO663615;C0006;AS002;1056;2027-12-29 00:00:00;2027-12-21 00:00:00;2027-10-29 00:00:00;2027-10-21 00:00:00
2027-10-27 00:00:00;SO852872;C0008;VS004;1277;2027-12-22 00:00:00;2027-12-12 00:00:00;2027-10-30 00:00:00;2027-10-20 00:00:00
2027-10-28 00:00:00;SO231892;C0029;AS005;679;2027-12-23 00:00:00;2027-12-21 00:00:00;2027-11-05 00:00:00;2027-11-03 00:00:00
2027-10-28 00:00:00;SO117730;C0015;AS004;668;2027-12-09 00:00:00;2027-12-17 00:00:00;2027-11-01 00:00:00;2027-11-09 00:00:00
2027-10-28 00:00:00;SO251260;C0014;AS003;1017;2027-12-02 00:00:00;2027-12-02 00:00:00;2027-11-01 00:00:00;2027-11-01 00:00:00
2027-10-28 00:00:00;SO528823;C0028;AT002;990;2027-11-11 00:00:00;2027-11-18 00:00:00;2027-11-05 00:00:00;2027-11-12 00:00:00
2027-10-28 00:00:00;SO528823;C0028;CS002;1247;2027-11-11 00:00:00;2027-11-13 00:00:00;2027-11-05 00:00:00;2027-11-07 00:00:00
2027-10-28 00:00:00;SO231892;C0029;CT002;411;2027-12-23 00:00:00;2027-12-21 00:00:00;2027-11-05 00:00:00;2027-11-03 00:00:00
2027-10-28 00:00:00;SO231892;C0029;CS004;1299;2027-12-23 00:00:00;2027-12-31 00:00:00;2027-11-05 00:00:00;2027-11-13 00:00:00
2027-10-28 00:00:00;SO231892;C0029;AS003;602;2027-12-23 00:00:00;2028-01-02 00:00:00;2027-11-05 00:00:00;2027-11-15 00:00:00
2027-10-28 00:00:00;SO528823;C0028;CT002;1127;2027-11-11 00:00:00;2027-11-14 00:00:00;2027-11-05 00:00:00;2027-11-08 00:00:00
2027-10-28 00:00:00;SO251260;C0014;CT001;580;2027-12-02 00:00:00;2027-11-25 00:00:00;2027-11-01 00:00:00;2027-10-25 00:00:00
2027-10-28 00:00:00;SO528823;C0028;CS001;999;2027-11-11 00:00:00;2027-11-02 00:00:00;2027-11-05 00:00:00;2027-10-27 00:00:00
2027-10-28 00:00:00;SO528823;C0028;CT003;1037;2027-11-11 00:00:00;2027-11-20 00:00:00;2027-11-05 00:00:00;2027-11-14 00:00:00
2027-10-28 00:00:00;SO117730;C0015;AS005;1363;2027-12-09 00:00:00;2027-12-17 00:00:00;2027-11-01 00:00:00;2027-11-09 00:00:00
2027-10-29 00:00:00;SO441874;C0008;VS001;1067;2027-12-24 00:00:00;2027-12-26 00:00:00;2027-11-01 00:00:00;2027-11-03 00:00:00
2027-10-29 00:00:00;SO870132;C0001;AS002;312;2027-11-26 00:00:00;2027-12-04 00:00:00;2027-10-31 00:00:00;2027-11-08 00:00:00
2027-10-29 00:00:00;SO697619;C0014;VS004;564;2027-12-03 00:00:00;2027-12-01 00:00:00;2027-11-02 00:00:00;2027-10-31 00:00:00
2027-10-29 00:00:00;SO441874;C0008;AS003;374;2027-12-24 00:00:00;2027-12-28 00:00:00;2027-11-01 00:00:00;2027-11-05 00:00:00
2027-10-29 00:00:00;SO870132;C0001;VS004;948;2027-11-26 00:00:00;2027-11-19 00:00:00;2027-10-31 00:00:00;2027-10-24 00:00:00
2027-10-29 00:00:00;SO697619;C0014;CT001;988;2027-12-03 00:00:00;2027-12-11 00:00:00;2027-11-02 00:00:00;2027-11-10 00:00:00
2027-10-29 00:00:00;SO870132;C0001;CT002;911;2027-11-26 00:00:00;2027-12-04 00:00:00;2027-10-31 00:00:00;2027-11-08 00:00:00
2027-10-29 00:00:00;SO870132;C0001;CT003;653;2027-11-26 00:00:00;2027-12-05 00:00:00;2027-10-31 00:00:00;2027-11-09 00:00:00
2027-10-29 00:00:00;SO870132;C0001;AT001;991;2027-11-26 00:00:00;2027-11-26 00:00:00;2027-10-31 00:00:00;2027-10-31 00:00:00
2027-10-29 00:00:00;SO870132;C0001;CS004;781;2027-11-26 00:00:00;2027-11-20 00:00:00;2027-10-31 00:00:00;2027-10-25 00:00:00
2027-10-29 00:00:00;SO870132;C0001;AS003;605;2027-11-26 00:00:00;2027-11-21 00:00:00;2027-10-31 00:00:00;2027-10-26 00:00:00
2027-10-29 00:00:00;SO870132;C0001;AT002;609;2027-11-26 00:00:00;2027-11-28 00:00:00;2027-10-31 00:00:00;2027-11-02 00:00:00
2027-10-29 00:00:00;SO697619;C0014;CS002;944;2027-12-03 00:00:00;2027-12-09 00:00:00;2027-11-02 00:00:00;2027-11-08 00:00:00
2027-10-29 00:00:00;SO441874;C0008;AT002;867;2027-12-24 00:00:00;2027-12-29 00:00:00;2027-11-01 00:00:00;2027-11-06 00:00:00
2027-10-29 00:00:00;SO697619;C0014;AS003;776;2027-12-03 00:00:00;2027-12-07 00:00:00;2027-11-02 00:00:00;2027-11-06 00:00:00
2027-10-29 00:00:00;SO870132;C0001;VS003;735;2027-11-26 00:00:00;2027-12-04 00:00:00;2027-10-31 00:00:00;2027-11-08 00:00:00
2027-11-01 00:00:00;SO942757;C0015;VS004;1440;2027-12-13 00:00:00;2027-12-16 00:00:00;2027-11-05 00:00:00;2027-11-08 00:00:00
2027-11-01 00:00:00;SO403487;C0030;CT002;768;2028-01-03 00:00:00;2028-01-11 00:00:00;2027-11-09 00:00:00;2027-11-17 00:00:00
2027-11-01 00:00:00;SO403487;C0030;CL001;890;2028-01-03 00:00:00;2028-01-08 00:00:00;2027-11-09 00:00:00;2027-11-14 00:00:00
2027-11-01 00:00:00;SO942757;C0015;AT002;706;2027-12-13 00:00:00;2027-12-18 00:00:00;2027-11-05 00:00:00;2027-11-10 00:00:00
2027-11-01 00:00:00;SO403487;C0030;AL001;581;2028-01-03 00:00:00;2028-01-13 00:00:00;2027-11-09 00:00:00;2027-11-19 00:00:00
2027-11-01 00:00:00;SO403487;C0030;CS002;595;2028-01-03 00:00:00;2028-01-12 00:00:00;2027-11-09 00:00:00;2027-11-18 00:00:00
2027-11-01 00:00:00;SO942757;C0015;AS001;1151;2027-12-13 00:00:00;2027-12-12 00:00:00;2027-11-05 00:00:00;2027-11-04 00:00:00
2027-11-01 00:00:00;SO942757;C0015;AS005;646;2027-12-13 00:00:00;2027-12-19 00:00:00;2027-11-05 00:00:00;2027-11-11 00:00:00
2027-11-01 00:00:00;SO403487;C0030;AS001;621;2028-01-03 00:00:00;2028-01-04 00:00:00;2027-11-09 00:00:00;2027-11-10 00:00:00
2027-11-01 00:00:00;SO942757;C0015;CS001;1134;2027-12-13 00:00:00;2027-12-21 00:00:00;2027-11-05 00:00:00;2027-11-13 00:00:00
2027-11-01 00:00:00;SO403487;C0030;VS001;915;2028-01-03 00:00:00;2027-12-30 00:00:00;2027-11-09 00:00:00;2027-11-05 00:00:00
2027-11-01 00:00:00;SO942757;C0015;CL002;638;2027-12-13 00:00:00;2027-12-05 00:00:00;2027-11-05 00:00:00;2027-10-28 00:00:00
2027-11-01 00:00:00;SO403487;C0030;AS003;510;2028-01-03 00:00:00;2028-01-01 00:00:00;2027-11-09 00:00:00;2027-11-07 00:00:00
2027-11-02 00:00:00;SO998401;C0009;AT001;874;2027-11-16 00:00:00;2027-11-12 00:00:00;2027-11-05 00:00:00;2027-11-01 00:00:00
2027-11-02 00:00:00;SO667627;C0020;CT002;809;2027-12-28 00:00:00;2028-01-01 00:00:00;2027-11-06 00:00:00;2027-11-10 00:00:00
2027-11-02 00:00:00;SO699458;C0017;CT001;968;2027-12-28 00:00:00;2027-12-23 00:00:00;2027-11-06 00:00:00;2027-11-01 00:00:00
2027-11-02 00:00:00;SO667627;C0020;VS005;1028;2027-12-28 00:00:00;2027-12-30 00:00:00;2027-11-06 00:00:00;2027-11-08 00:00:00
2027-11-02 00:00:00;SO998401;C0009;CS001;1475;2027-11-16 00:00:00;2027-11-20 00:00:00;2027-11-05 00:00:00;2027-11-09 00:00:00
2027-11-02 00:00:00;SO998401;C0009;CS002;827;2027-11-16 00:00:00;2027-11-16 00:00:00;2027-11-05 00:00:00;2027-11-05 00:00:00
2027-11-02 00:00:00;SO667627;C0020;AS005;1061;2027-12-28 00:00:00;2027-12-27 00:00:00;2027-11-06 00:00:00;2027-11-05 00:00:00
2027-11-02 00:00:00;SO667627;C0020;VS001;1040;2027-12-28 00:00:00;2027-12-22 00:00:00;2027-11-06 00:00:00;2027-10-31 00:00:00
2027-11-02 00:00:00;SO699458;C0017;VS004;629;2027-12-28 00:00:00;2027-12-27 00:00:00;2027-11-06 00:00:00;2027-11-05 00:00:00
2027-11-02 00:00:00;SO998401;C0009;VS001;670;2027-11-16 00:00:00;2027-11-11 00:00:00;2027-11-05 00:00:00;2027-10-31 00:00:00
2027-11-02 00:00:00;SO667627;C0020;CS002;449;2027-12-28 00:00:00;2028-01-05 00:00:00;2027-11-06 00:00:00;2027-11-14 00:00:00
2027-11-02 00:00:00;SO699458;C0017;CL002;1144;2027-12-28 00:00:00;2028-01-04 00:00:00;2027-11-06 00:00:00;2027-11-13 00:00:00
2027-11-02 00:00:00;SO998401;C0009;AS002;876;2027-11-16 00:00:00;2027-11-13 00:00:00;2027-11-05 00:00:00;2027-11-02 00:00:00
2027-11-03 00:00:00;SO887811;C0005;CT001;890;2027-12-29 00:00:00;2027-12-24 00:00:00;2027-11-05 00:00:00;2027-10-31 00:00:00
2027-11-03 00:00:00;SO754482;C0002;AL001;713;2027-12-08 00:00:00;2027-12-01 00:00:00;2027-11-05 00:00:00;2027-10-29 00:00:00
2027-11-03 00:00:00;SO926862;C0028;VS005;820;2027-11-17 00:00:00;2027-11-27 00:00:00;2027-11-11 00:00:00;2027-11-21 00:00:00
2027-11-03 00:00:00;SO254409;C0010;CT001;591;2027-12-15 00:00:00;2027-12-10 00:00:00;2027-11-06 00:00:00;2027-11-01 00:00:00
2027-11-03 00:00:00;SO926862;C0028;CT001;784;2027-11-17 00:00:00;2027-11-17 00:00:00;2027-11-11 00:00:00;2027-11-11 00:00:00
2027-11-03 00:00:00;SO887811;C0005;CS002;1113;2027-12-29 00:00:00;2027-12-31 00:00:00;2027-11-05 00:00:00;2027-11-07 00:00:00
2027-11-03 00:00:00;SO887811;C0005;AL001;567;2027-12-29 00:00:00;2027-12-27 00:00:00;2027-11-05 00:00:00;2027-11-03 00:00:00
2027-11-03 00:00:00;SO887811;C0005;AT001;741;2027-12-29 00:00:00;2027-12-28 00:00:00;2027-11-05 00:00:00;2027-11-04 00:00:00
2027-11-03 00:00:00;SO926862;C0028;VS001;874;2027-11-17 00:00:00;2027-11-21 00:00:00;2027-11-11 00:00:00;2027-11-15 00:00:00
2027-11-03 00:00:00;SO254409;C0010;AL001;850;2027-12-15 00:00:00;2027-12-22 00:00:00;2027-11-06 00:00:00;2027-11-13 00:00:00
2027-11-03 00:00:00;SO887811;C0005;VS005;1237;2027-12-29 00:00:00;2027-12-21 00:00:00;2027-11-05 00:00:00;2027-10-28 00:00:00
2027-11-03 00:00:00;SO887811;C0005;CL001;545;2027-12-29 00:00:00;2028-01-07 00:00:00;2027-11-05 00:00:00;2027-11-14 00:00:00
2027-11-04 00:00:00;SO762490;C0030;CS001;573;2028-01-06 00:00:00;2027-12-30 00:00:00;2027-11-12 00:00:00;2027-11-05 00:00:00
2027-11-04 00:00:00;SO265749;C0018;AS005;1037;2028-01-06 00:00:00;2027-12-28 00:00:00;2027-11-08 00:00:00;2027-10-30 00:00:00
2027-11-04 00:00:00;SO762490;C0030;CS003;1062;2028-01-06 00:00:00;2027-12-27 00:00:00;2027-11-12 00:00:00;2027-11-02 00:00:00
2027-11-04 00:00:00;SO265749;C0018;CL001;554;2028-01-06 00:00:00;2028-01-12 00:00:00;2027-11-08 00:00:00;2027-11-14 00:00:00
2027-11-04 00:00:00;SO762490;C0030;VS005;877;2028-01-06 00:00:00;2028-01-12 00:00:00;2027-11-12 00:00:00;2027-11-18 00:00:00
2027-11-04 00:00:00;SO265749;C0018;AS002;878;2028-01-06 00:00:00;2027-12-27 00:00:00;2027-11-08 00:00:00;2027-10-29 00:00:00
2027-11-04 00:00:00;SO265749;C0018;CL002;1166;2028-01-06 00:00:00;2028-01-16 00:00:00;2027-11-08 00:00:00;2027-11-18 00:00:00
2027-11-04 00:00:00;SO265749;C0018;VS001;721;2028-01-06 00:00:00;2028-01-09 00:00:00;2027-11-08 00:00:00;2027-11-11 00:00:00
2027-11-04 00:00:00;SO762490;C0030;AT001;647;2028-01-06 00:00:00;2028-01-05 00:00:00;2027-11-12 00:00:00;2027-11-11 00:00:00
2027-11-04 00:00:00;SO265749;C0018;CT002;832;2028-01-06 00:00:00;2027-12-29 00:00:00;2027-11-08 00:00:00;2027-10-31 00:00:00
2027-11-04 00:00:00;SO762490;C0030;AS003;436;2028-01-06 00:00:00;2028-01-08 00:00:00;2027-11-12 00:00:00;2027-11-14 00:00:00
2027-11-04 00:00:00;SO265749;C0018;CS002;1215;2028-01-06 00:00:00;2027-12-31 00:00:00;2027-11-08 00:00:00;2027-11-02 00:00:00
2027-11-04 00:00:00;SO265749;C0018;CS001;1014;2028-01-06 00:00:00;2028-01-07 00:00:00;2027-11-08 00:00:00;2027-11-09 00:00:00
2027-11-04 00:00:00;SO265749;C0018;AS001;366;2028-01-06 00:00:00;2028-01-04 00:00:00;2027-11-08 00:00:00;2027-11-06 00:00:00
2027-11-04 00:00:00;SO762490;C0030;CT003;1027;2028-01-06 00:00:00;2028-01-12 00:00:00;2027-11-12 00:00:00;2027-11-18 00:00:00
2027-11-04 00:00:00;SO265749;C0018;CT003;1326;2028-01-06 00:00:00;2028-01-16 00:00:00;2027-11-08 00:00:00;2027-11-18 00:00:00
2027-11-04 00:00:00;SO762490;C0030;CS002;960;2028-01-06 00:00:00;2028-01-06 00:00:00;2027-11-12 00:00:00;2027-11-12 00:00:00
2027-11-04 00:00:00;SO265749;C0018;CT001;595;2028-01-06 00:00:00;2027-12-30 00:00:00;2027-11-08 00:00:00;2027-11-01 00:00:00
2027-11-04 00:00:00;SO762490;C0030;AS002;828;2028-01-06 00:00:00;2028-01-12 00:00:00;2027-11-12 00:00:00;2027-11-18 00:00:00
2027-11-04 00:00:00;SO265749;C0018;VS002;838;2028-01-06 00:00:00;2028-01-04 00:00:00;2027-11-08 00:00:00;2027-11-06 00:00:00
2027-11-05 00:00:00;SO642500;C0021;CS001;719;2027-11-19 00:00:00;2027-11-15 00:00:00;2027-11-09 00:00:00;2027-11-05 00:00:00
2027-11-05 00:00:00;SO575517;C0004;CS001;876;2027-11-19 00:00:00;2027-11-10 00:00:00;2027-11-07 00:00:00;2027-10-29 00:00:00
2027-11-05 00:00:00;SO642500;C0021;CT001;920;2027-11-19 00:00:00;2027-11-22 00:00:00;2027-11-09 00:00:00;2027-11-12 00:00:00
2027-11-05 00:00:00;SO575517;C0004;VS005;873;2027-11-19 00:00:00;2027-11-16 00:00:00;2027-11-07 00:00:00;2027-11-04 00:00:00
2027-11-05 00:00:00;SO642500;C0021;AT001;1115;2027-11-19 00:00:00;2027-11-24 00:00:00;2027-11-09 00:00:00;2027-11-14 00:00:00
2027-11-05 00:00:00;SO642500;C0021;VS004;974;2027-11-19 00:00:00;2027-11-09 00:00:00;2027-11-09 00:00:00;2027-10-30 00:00:00
2027-11-05 00:00:00;SO642500;C0021;CS003;1075;2027-11-19 00:00:00;2027-11-29 00:00:00;2027-11-09 00:00:00;2027-11-19 00:00:00
2027-11-05 00:00:00;SO642500;C0021;VS001;594;2027-11-19 00:00:00;2027-11-25 00:00:00;2027-11-09 00:00:00;2027-11-15 00:00:00
2027-11-05 00:00:00;SO642500;C0021;CT002;343;2027-11-19 00:00:00;2027-11-29 00:00:00;2027-11-09 00:00:00;2027-11-19 00:00:00
2027-11-05 00:00:00;SO642500;C0021;AS001;548;2027-11-19 00:00:00;2027-11-22 00:00:00;2027-11-09 00:00:00;2027-11-12 00:00:00
2027-11-05 00:00:00;SO575517;C0004;AS002;868;2027-11-19 00:00:00;2027-11-10 00:00:00;2027-11-07 00:00:00;2027-10-29 00:00:00
2027-11-05 00:00:00;SO575517;C0004;CT001;1154;2027-11-19 00:00:00;2027-11-15 00:00:00;2027-11-07 00:00:00;2027-11-03 00:00:00
2027-11-05 00:00:00;SO642500;C0021;CT003;479;2027-11-19 00:00:00;2027-11-14 00:00:00;2027-11-09 00:00:00;2027-11-04 00:00:00
2027-11-05 00:00:00;SO642500;C0021;VS002;364;2027-11-19 00:00:00;2027-11-18 00:00:00;2027-11-09 00:00:00;2027-11-08 00:00:00
2027-11-05 00:00:00;SO575517;C0004;VS004;548;2027-11-19 00:00:00;2027-11-17 00:00:00;2027-11-07 00:00:00;2027-11-05 00:00:00
2027-11-05 00:00:00;SO642500;C0021;AL001;1168;2027-11-19 00:00:00;2027-11-18 00:00:00;2027-11-09 00:00:00;2027-11-08 00:00:00
2027-11-05 00:00:00;SO642500;C0021;CS002;797;2027-11-19 00:00:00;2027-11-22 00:00:00;2027-11-09 00:00:00;2027-11-12 00:00:00
2027-11-05 00:00:00;SO575517;C0004;CS003;713;2027-11-19 00:00:00;2027-11-19 00:00:00;2027-11-07 00:00:00;2027-11-07 00:00:00
2027-11-08 00:00:00;SO690091;C0003;AT002;770;2027-12-20 00:00:00;2027-12-15 00:00:00;2027-11-10 00:00:00;2027-11-05 00:00:00
2027-11-08 00:00:00;SO9000086;C0014;CL002;837;2027-12-13 00:00:00;2027-12-08 00:00:00;2027-11-12 00:00:00;2027-11-07 00:00:00
2027-11-08 00:00:00;SO435355;C0007;VS001;920;2028-01-10 00:00:00;2028-01-09 00:00:00;2027-11-11 00:00:00;2027-11-10 00:00:00
2027-11-08 00:00:00;SO690091;C0003;VS004;837;2027-12-20 00:00:00;2027-12-19 00:00:00;2027-11-10 00:00:00;2027-11-09 00:00:00
2027-11-08 00:00:00;SO690091;C0003;CS001;402;2027-12-20 00:00:00;2027-12-23 00:00:00;2027-11-10 00:00:00;2027-11-13 00:00:00
2027-11-08 00:00:00;SO435355;C0007;CT002;1078;2028-01-10 00:00:00;2028-01-10 00:00:00;2027-11-11 00:00:00;2027-11-11 00:00:00
2027-11-08 00:00:00;SO690091;C0003;CS003;803;2027-12-20 00:00:00;2027-12-27 00:00:00;2027-11-10 00:00:00;2027-11-17 00:00:00
2027-11-08 00:00:00;SO435355;C0007;VS005;1013;2028-01-10 00:00:00;2028-01-17 00:00:00;2027-11-11 00:00:00;2027-11-18 00:00:00
2027-11-08 00:00:00;SO435355;C0007;CT001;291;2028-01-10 00:00:00;2028-01-10 00:00:00;2027-11-11 00:00:00;2027-11-11 00:00:00
2027-11-08 00:00:00;SO9000086;C0014;CL001;880;2027-12-13 00:00:00;2027-12-23 00:00:00;2027-11-12 00:00:00;2027-11-22 00:00:00
2027-11-08 00:00:00;SO435355;C0007;CL002;902;2028-01-10 00:00:00;2028-01-09 00:00:00;2027-11-11 00:00:00;2027-11-10 00:00:00
2027-11-08 00:00:00;SO690091;C0003;VS001;299;2027-12-20 00:00:00;2027-12-20 00:00:00;2027-11-10 00:00:00;2027-11-10 00:00:00
2027-11-09 00:00:00;SO710180;C0024;CT002;472;2027-12-07 00:00:00;2027-12-01 00:00:00;2027-11-13 00:00:00;2027-11-07 00:00:00
2027-11-09 00:00:00;SO566042;C0016;CT001;437;2027-11-23 00:00:00;2027-11-29 00:00:00;2027-11-13 00:00:00;2027-11-19 00:00:00
2027-11-09 00:00:00;SO729972;C0030;VS004;631;2028-01-11 00:00:00;2028-01-09 00:00:00;2027-11-17 00:00:00;2027-11-15 00:00:00
2027-11-09 00:00:00;SO545338;C0019;AS005;542;2028-01-11 00:00:00;2028-01-16 00:00:00;2027-11-13 00:00:00;2027-11-18 00:00:00
2027-11-09 00:00:00;SO545338;C0019;AT001;1150;2028-01-11 00:00:00;2028-01-16 00:00:00;2027-11-13 00:00:00;2027-11-18 00:00:00
2027-11-09 00:00:00;SO545338;C0019;CS003;1132;2028-01-11 00:00:00;2028-01-05 00:00:00;2027-11-13 00:00:00;2027-11-07 00:00:00
2027-11-09 00:00:00;SO566042;C0016;VS004;405;2027-11-23 00:00:00;2027-11-23 00:00:00;2027-11-13 00:00:00;2027-11-13 00:00:00
2027-11-09 00:00:00;SO545338;C0019;AS003;973;2028-01-11 00:00:00;2028-01-10 00:00:00;2027-11-13 00:00:00;2027-11-12 00:00:00
2027-11-09 00:00:00;SO566042;C0016;CL001;449;2027-11-23 00:00:00;2027-11-15 00:00:00;2027-11-13 00:00:00;2027-11-05 00:00:00
2027-11-09 00:00:00;SO545338;C0019;AT002;911;2028-01-11 00:00:00;2028-01-13 00:00:00;2027-11-13 00:00:00;2027-11-15 00:00:00
2027-11-09 00:00:00;SO566042;C0016;VS002;437;2027-11-23 00:00:00;2027-11-15 00:00:00;2027-11-13 00:00:00;2027-11-05 00:00:00
2027-11-09 00:00:00;SO729972;C0030;CT001;382;2028-01-11 00:00:00;2028-01-21 00:00:00;2027-11-17 00:00:00;2027-11-27 00:00:00
2027-11-09 00:00:00;SO545338;C0019;AL001;973;2028-01-11 00:00:00;2028-01-08 00:00:00;2027-11-13 00:00:00;2027-11-10 00:00:00
2027-11-09 00:00:00;SO710180;C0024;AS003;952;2027-12-07 00:00:00;2027-12-09 00:00:00;2027-11-13 00:00:00;2027-11-15 00:00:00
2027-11-09 00:00:00;SO710180;C0024;AS005;655;2027-12-07 00:00:00;2027-11-30 00:00:00;2027-11-13 00:00:00;2027-11-06 00:00:00
2027-11-09 00:00:00;SO545338;C0019;VS002;636;2028-01-11 00:00:00;2028-01-05 00:00:00;2027-11-13 00:00:00;2027-11-07 00:00:00
2027-11-09 00:00:00;SO710180;C0024;AS002;947;2027-12-07 00:00:00;2027-12-05 00:00:00;2027-11-13 00:00:00;2027-11-11 00:00:00
2027-11-09 00:00:00;SO566042;C0016;AS005;911;2027-11-23 00:00:00;2027-12-03 00:00:00;2027-11-13 00:00:00;2027-11-23 00:00:00
2027-11-10 00:00:00;SO842933;C0006;AS003;996;2028-01-12 00:00:00;2028-01-12 00:00:00;2027-11-12 00:00:00;2027-11-12 00:00:00
2027-11-10 00:00:00;SO445379;C0021;AT001;1272;2027-11-24 00:00:00;2027-12-04 00:00:00;2027-11-14 00:00:00;2027-11-24 00:00:00
2027-11-10 00:00:00;SO877203;C0020;CT001;539;2028-01-05 00:00:00;2028-01-02 00:00:00;2027-11-14 00:00:00;2027-11-11 00:00:00
2027-11-10 00:00:00;SO445379;C0021;CT003;431;2027-11-24 00:00:00;2027-11-15 00:00:00;2027-11-14 00:00:00;2027-11-05 00:00:00
2027-11-10 00:00:00;SO445379;C0021;AS002;977;2027-11-24 00:00:00;2027-11-19 00:00:00;2027-11-14 00:00:00;2027-11-09 00:00:00
2027-11-10 00:00:00;SO842933;C0006;AS005;1164;2028-01-12 00:00:00;2028-01-04 00:00:00;2027-11-12 00:00:00;2027-11-04 00:00:00
2027-11-10 00:00:00;SO445379;C0021;AL001;519;2027-11-24 00:00:00;2027-11-15 00:00:00;2027-11-14 00:00:00;2027-11-05 00:00:00
2027-11-10 00:00:00;SO877203;C0020;CS001;860;2028-01-05 00:00:00;2028-01-08 00:00:00;2027-11-14 00:00:00;2027-11-17 00:00:00
2027-11-10 00:00:00;SO877203;C0020;AL001;454;2028-01-05 00:00:00;2027-12-27 00:00:00;2027-11-14 00:00:00;2027-11-05 00:00:00
2027-11-10 00:00:00;SO445379;C0021;VS001;561;2027-11-24 00:00:00;2027-11-14 00:00:00;2027-11-14 00:00:00;2027-11-04 00:00:00
2027-11-10 00:00:00;SO842933;C0006;AS001;420;2028-01-12 00:00:00;2028-01-18 00:00:00;2027-11-12 00:00:00;2027-11-18 00:00:00
2027-11-10 00:00:00;SO842933;C0006;CT001;519;2028-01-12 00:00:00;2028-01-07 00:00:00;2027-11-12 00:00:00;2027-11-07 00:00:00
2027-11-10 00:00:00;SO877203;C0020;AT001;912;2028-01-05 00:00:00;2027-12-29 00:00:00;2027-11-14 00:00:00;2027-11-07 00:00:00
2027-11-10 00:00:00;SO842933;C0006;CS002;475;2028-01-12 00:00:00;2028-01-18 00:00:00;2027-11-12 00:00:00;2027-11-18 00:00:00
2027-11-10 00:00:00;SO877203;C0020;VS005;479;2028-01-05 00:00:00;2028-01-15 00:00:00;2027-11-14 00:00:00;2027-11-24 00:00:00
2027-11-11 00:00:00;SO309127;C0020;AT002;301;2028-01-06 00:00:00;2028-01-16 00:00:00;2027-11-15 00:00:00;2027-11-25 00:00:00
2027-11-11 00:00:00;SO545162;C0009;VS004;484;2027-11-25 00:00:00;2027-11-30 00:00:00;2027-11-14 00:00:00;2027-11-19 00:00:00
2027-11-11 00:00:00;SO963988;C0027;VS001;1088;2027-12-23 00:00:00;2027-12-22 00:00:00;2027-11-19 00:00:00;2027-11-18 00:00:00
2027-11-11 00:00:00;SO963988;C0027;AS002;1160;2027-12-23 00:00:00;2027-12-13 00:00:00;2027-11-19 00:00:00;2027-11-09 00:00:00
2027-11-11 00:00:00;SO309127;C0020;CT002;580;2028-01-06 00:00:00;2027-12-27 00:00:00;2027-11-15 00:00:00;2027-11-05 00:00:00
2027-11-11 00:00:00;SO309127;C0020;CS002;728;2028-01-06 00:00:00;2027-12-27 00:00:00;2027-11-15 00:00:00;2027-11-05 00:00:00
2027-11-11 00:00:00;SO963988;C0027;CS002;310;2027-12-23 00:00:00;2027-12-28 00:00:00;2027-11-19 00:00:00;2027-11-24 00:00:00
2027-11-11 00:00:00;SO545162;C0009;CS002;894;2027-11-25 00:00:00;2027-12-03 00:00:00;2027-11-14 00:00:00;2027-11-22 00:00:00
2027-11-11 00:00:00;SO963988;C0027;CT003;801;2027-12-23 00:00:00;2027-12-25 00:00:00;2027-11-19 00:00:00;2027-11-21 00:00:00
2027-11-11 00:00:00;SO545162;C0009;AS001;625;2027-11-25 00:00:00;2027-12-02 00:00:00;2027-11-14 00:00:00;2027-11-21 00:00:00
2027-11-11 00:00:00;SO309127;C0020;VS005;670;2028-01-06 00:00:00;2028-01-16 00:00:00;2027-11-15 00:00:00;2027-11-25 00:00:00
2027-11-11 00:00:00;SO545162;C0009;VS005;459;2027-11-25 00:00:00;2027-11-19 00:00:00;2027-11-14 00:00:00;2027-11-08 00:00:00
2027-11-11 00:00:00;SO545162;C0009;AS002;845;2027-11-25 00:00:00;2027-11-20 00:00:00;2027-11-14 00:00:00;2027-11-09 00:00:00
2027-11-11 00:00:00;SO963988;C0027;CS001;556;2027-12-23 00:00:00;2027-12-22 00:00:00;2027-11-19 00:00:00;2027-11-18 00:00:00
2027-11-11 00:00:00;SO545162;C0009;VS002;560;2027-11-25 00:00:00;2027-11-18 00:00:00;2027-11-14 00:00:00;2027-11-07 00:00:00
2027-11-12 00:00:00;SO340065;C0020;CT002;649;2028-01-07 00:00:00;2027-12-28 00:00:00;2027-11-16 00:00:00;2027-11-06 00:00:00
2027-11-12 00:00:00;SO713297;C0004;VS004;889;2027-11-26 00:00:00;2027-11-19 00:00:00;2027-11-14 00:00:00;2027-11-07 00:00:00
2027-11-12 00:00:00;SO340065;C0020;CT003;428;2028-01-07 00:00:00;2028-01-09 00:00:00;2027-11-16 00:00:00;2027-11-18 00:00:00
2027-11-12 00:00:00;SO713297;C0004;CL001;699;2027-11-26 00:00:00;2027-12-02 00:00:00;2027-11-14 00:00:00;2027-11-20 00:00:00
2027-11-12 00:00:00;SO340065;C0020;AS005;689;2028-01-07 00:00:00;2028-01-07 00:00:00;2027-11-16 00:00:00;2027-11-16 00:00:00
2027-11-12 00:00:00;SO713297;C0004;CS001;662;2027-11-26 00:00:00;2027-12-02 00:00:00;2027-11-14 00:00:00;2027-11-20 00:00:00
2027-11-12 00:00:00;SO713297;C0004;CS002;809;2027-11-26 00:00:00;2027-11-30 00:00:00;2027-11-14 00:00:00;2027-11-18 00:00:00
2027-11-12 00:00:00;SO713297;C0004;AS002;1212;2027-11-26 00:00:00;2027-11-25 00:00:00;2027-11-14 00:00:00;2027-11-13 00:00:00
2027-11-12 00:00:00;SO340065;C0020;VS001;614;2028-01-07 00:00:00;2027-12-31 00:00:00;2027-11-16 00:00:00;2027-11-09 00:00:00
2027-11-12 00:00:00;SO713297;C0004;AS001;837;2027-11-26 00:00:00;2027-11-20 00:00:00;2027-11-14 00:00:00;2027-11-08 00:00:00
2027-11-12 00:00:00;SO340065;C0020;CL001;524;2028-01-07 00:00:00;2028-01-10 00:00:00;2027-11-16 00:00:00;2027-11-19 00:00:00
2027-11-12 00:00:00;SO713297;C0004;CL002;1057;2027-11-26 00:00:00;2027-11-18 00:00:00;2027-11-14 00:00:00;2027-11-06 00:00:00
2027-11-12 00:00:00;SO713297;C0004;AT001;1118;2027-11-26 00:00:00;2027-11-25 00:00:00;2027-11-14 00:00:00;2027-11-13 00:00:00
2027-11-12 00:00:00;SO340065;C0020;CS002;1118;2028-01-07 00:00:00;2028-01-10 00:00:00;2027-11-16 00:00:00;2027-11-19 00:00:00
2027-11-12 00:00:00;SO340065;C0020;CL002;784;2028-01-07 00:00:00;2028-01-15 00:00:00;2027-11-16 00:00:00;2027-11-24 00:00:00
2027-11-15 00:00:00;SO384655;C0013;AT001;548;2027-12-13 00:00:00;2027-12-08 00:00:00;2027-11-19 00:00:00;2027-11-14 00:00:00
2027-11-15 00:00:00;SO904163;C0019;AS005;1080;2028-01-17 00:00:00;2028-01-22 00:00:00;2027-11-19 00:00:00;2027-11-24 00:00:00
2027-11-15 00:00:00;SO456707;C0001;CL001;608;2027-12-13 00:00:00;2027-12-19 00:00:00;2027-11-17 00:00:00;2027-11-23 00:00:00
2027-11-15 00:00:00;SO384655;C0013;AS003;1047;2027-12-13 00:00:00;2027-12-03 00:00:00;2027-11-19 00:00:00;2027-11-09 00:00:00
2027-11-15 00:00:00;SO904163;C0019;CL002;560;2028-01-17 00:00:00;2028-01-11 00:00:00;2027-11-19 00:00:00;2027-11-13 00:00:00
2027-11-15 00:00:00;SO384655;C0013;AS005;413;2027-12-13 00:00:00;2027-12-18 00:00:00;2027-11-19 00:00:00;2027-11-24 00:00:00
2027-11-15 00:00:00;SO904163;C0019;AS002;413;2028-01-17 00:00:00;2028-01-09 00:00:00;2027-11-19 00:00:00;2027-11-11 00:00:00
2027-11-15 00:00:00;SO456707;C0001;CT001;1163;2027-12-13 00:00:00;2027-12-16 00:00:00;2027-11-17 00:00:00;2027-11-20 00:00:00
2027-11-15 00:00:00;SO456707;C0001;AS001;750;2027-12-13 00:00:00;2027-12-23 00:00:00;2027-11-17 00:00:00;2027-11-27 00:00:00
2027-11-15 00:00:00;SO384655;C0013;CS002;1103;2027-12-13 00:00:00;2027-12-17 00:00:00;2027-11-19 00:00:00;2027-11-23 00:00:00
2027-11-15 00:00:00;SO384655;C0013;CL001;755;2027-12-13 00:00:00;2027-12-09 00:00:00;2027-11-19 00:00:00;2027-11-15 00:00:00
2027-11-15 00:00:00;SO904163;C0019;VS005;874;2028-01-17 00:00:00;2028-01-22 00:00:00;2027-11-19 00:00:00;2027-11-24 00:00:00
2027-11-15 00:00:00;SO384655;C0013;CS003;921;2027-12-13 00:00:00;2027-12-06 00:00:00;2027-11-19 00:00:00;2027-11-12 00:00:00
2027-11-15 00:00:00;SO456707;C0001;CT003;1163;2027-12-13 00:00:00;2027-12-13 00:00:00;2027-11-17 00:00:00;2027-11-17 00:00:00
2027-11-15 00:00:00;SO456707;C0001;CS002;567;2027-12-13 00:00:00;2027-12-13 00:00:00;2027-11-17 00:00:00;2027-11-17 00:00:00
2027-11-15 00:00:00;SO904163;C0019;CS001;909;2028-01-17 00:00:00;2028-01-24 00:00:00;2027-11-19 00:00:00;2027-11-26 00:00:00
2027-11-16 00:00:00;SO869208;C0029;CL002;441;2028-01-11 00:00:00;2028-01-09 00:00:00;2027-11-24 00:00:00;2027-11-22 00:00:00
2027-11-16 00:00:00;SO893252;C0020;AL001;572;2028-01-11 00:00:00;2028-01-18 00:00:00;2027-11-20 00:00:00;2027-11-27 00:00:00
2027-11-16 00:00:00;SO975520;C0023;CL001;792;2027-12-21 00:00:00;2027-12-23 00:00:00;2027-11-20 00:00:00;2027-11-22 00:00:00
2027-11-16 00:00:00;SO251571;C0001;CL001;495;2027-12-14 00:00:00;2027-12-07 00:00:00;2027-11-18 00:00:00;2027-11-11 00:00:00
2027-11-16 00:00:00;SO893252;C0020;VS004;847;2028-01-11 00:00:00;2028-01-12 00:00:00;2027-11-20 00:00:00;2027-11-21 00:00:00
2027-11-16 00:00:00;SO869208;C0029;CT002;955;2028-01-11 00:00:00;2028-01-17 00:00:00;2027-11-24 00:00:00;2027-11-30 00:00:00
2027-11-16 00:00:00;SO251571;C0001;CS001;1411;2027-12-14 00:00:00;2027-12-07 00:00:00;2027-11-18 00:00:00;2027-11-11 00:00:00
2027-11-16 00:00:00;SO893252;C0020;VS005;577;2028-01-11 00:00:00;2028-01-19 00:00:00;2027-11-20 00:00:00;2027-11-28 00:00:00
2027-11-16 00:00:00;SO869208;C0029;CS003;830;2028-01-11 00:00:00;2028-01-15 00:00:00;2027-11-24 00:00:00;2027-11-28 00:00:00
2027-11-16 00:00:00;SO893252;C0020;CT002;668;2028-01-11 00:00:00;2028-01-09 00:00:00;2027-11-20 00:00:00;2027-11-18 00:00:00
2027-11-16 00:00:00;SO893252;C0020;AS003;488;2028-01-11 00:00:00;2028-01-06 00:00:00;2027-11-20 00:00:00;2027-11-15 00:00:00
2027-11-16 00:00:00;SO869208;C0029;AT002;581;2028-01-11 00:00:00;2028-01-14 00:00:00;2027-11-24 00:00:00;2027-11-27 00:00:00
2027-11-16 00:00:00;SO975520;C0023;VS002;344;2027-12-21 00:00:00;2027-12-27 00:00:00;2027-11-20 00:00:00;2027-11-26 00:00:00
2027-11-16 00:00:00;SO975520;C0023;CS002;812;2027-12-21 00:00:00;2027-12-11 00:00:00;2027-11-20 00:00:00;2027-11-10 00:00:00
2027-11-16 00:00:00;SO869208;C0029;VS004;547;2028-01-11 00:00:00;2028-01-01 00:00:00;2027-11-24 00:00:00;2027-11-14 00:00:00
2027-11-16 00:00:00;SO975520;C0023;AS005;461;2027-12-21 00:00:00;2027-12-15 00:00:00;2027-11-20 00:00:00;2027-11-14 00:00:00
2027-11-17 00:00:00;SO806960;C0011;CT002;758;2027-12-22 00:00:00;2027-12-14 00:00:00;2027-11-20 00:00:00;2027-11-12 00:00:00
2027-11-17 00:00:00;SO388870;C0024;VS005;596;2027-12-15 00:00:00;2027-12-25 00:00:00;2027-11-21 00:00:00;2027-12-01 00:00:00
2027-11-17 00:00:00;SO794597;C0012;AL001;626;2027-12-15 00:00:00;2027-12-09 00:00:00;2027-11-20 00:00:00;2027-11-14 00:00:00
2027-11-17 00:00:00;SO560261;C0026;CS003;360;2027-12-22 00:00:00;2027-12-23 00:00:00;2027-11-25 00:00:00;2027-11-26 00:00:00
2027-11-17 00:00:00;SO806960;C0011;VS004;1092;2027-12-22 00:00:00;2027-12-24 00:00:00;2027-11-20 00:00:00;2027-11-22 00:00:00
2027-11-17 00:00:00;SO806960;C0011;AT002;1000;2027-12-22 00:00:00;2027-12-26 00:00:00;2027-11-20 00:00:00;2027-11-24 00:00:00
2027-11-17 00:00:00;SO806960;C0011;AL001;1084;2027-12-22 00:00:00;2027-12-20 00:00:00;2027-11-20 00:00:00;2027-11-18 00:00:00
2027-11-17 00:00:00;SO560261;C0026;CT001;1158;2027-12-22 00:00:00;2027-12-26 00:00:00;2027-11-25 00:00:00;2027-11-29 00:00:00
2027-11-17 00:00:00;SO560261;C0026;AS005;1226;2027-12-22 00:00:00;2027-12-17 00:00:00;2027-11-25 00:00:00;2027-11-20 00:00:00
2027-11-17 00:00:00;SO806960;C0011;AS002;907;2027-12-22 00:00:00;2027-12-14 00:00:00;2027-11-20 00:00:00;2027-11-12 00:00:00
2027-11-17 00:00:00;SO388870;C0024;VS004;410;2027-12-15 00:00:00;2027-12-20 00:00:00;2027-11-21 00:00:00;2027-11-26 00:00:00
2027-11-17 00:00:00;SO560261;C0026;CS002;1078;2027-12-22 00:00:00;2027-12-17 00:00:00;2027-11-25 00:00:00;2027-11-20 00:00:00
2027-11-17 00:00:00;SO560261;C0026;AL001;770;2027-12-22 00:00:00;2027-12-19 00:00:00;2027-11-25 00:00:00;2027-11-22 00:00:00
2027-11-17 00:00:00;SO794597;C0012;CT001;965;2027-12-15 00:00:00;2027-12-10 00:00:00;2027-11-20 00:00:00;2027-11-15 00:00:00
2027-11-17 00:00:00;SO388870;C0024;AT002;1032;2027-12-15 00:00:00;2027-12-19 00:00:00;2027-11-21 00:00:00;2027-11-25 00:00:00
2027-11-17 00:00:00;SO560261;C0026;CL001;850;2027-12-22 00:00:00;2027-12-28 00:00:00;2027-11-25 00:00:00;2027-12-01 00:00:00
2027-11-18 00:00:00;SO226963;C0018;CL002;441;2028-01-20 00:00:00;2028-01-28 00:00:00;2027-11-22 00:00:00;2027-11-30 00:00:00
2027-11-18 00:00:00;SO914552;C0005;CS002;726;2028-01-13 00:00:00;2028-01-20 00:00:00;2027-11-20 00:00:00;2027-11-27 00:00:00
2027-11-18 00:00:00;SO494314;C0008;VS004;1021;2028-01-13 00:00:00;2028-01-15 00:00:00;2027-11-21 00:00:00;2027-11-23 00:00:00
2027-11-18 00:00:00;SO972136;C0001;AS005;523;2027-12-16 00:00:00;2027-12-14 00:00:00;2027-11-20 00:00:00;2027-11-18 00:00:00
2027-11-18 00:00:00;SO494314;C0008;AS003;847;2028-01-13 00:00:00;2028-01-15 00:00:00;2027-11-21 00:00:00;2027-11-23 00:00:00
2027-11-18 00:00:00;SO226963;C0018;AS003;492;2028-01-20 00:00:00;2028-01-21 00:00:00;2027-11-22 00:00:00;2027-11-23 00:00:00
2027-11-18 00:00:00;SO972136;C0001;AS001;1154;2027-12-16 00:00:00;2027-12-22 00:00:00;2027-11-20 00:00:00;2027-11-26 00:00:00
2027-11-18 00:00:00;SO226963;C0018;AS002;422;2028-01-20 00:00:00;2028-01-10 00:00:00;2027-11-22 00:00:00;2027-11-12 00:00:00
2027-11-18 00:00:00;SO494314;C0008;CS001;609;2028-01-13 00:00:00;2028-01-05 00:00:00;2027-11-21 00:00:00;2027-11-13 00:00:00
2027-11-18 00:00:00;SO226963;C0018;CS001;326;2028-01-20 00:00:00;2028-01-24 00:00:00;2027-11-22 00:00:00;2027-11-26 00:00:00
2027-11-18 00:00:00;SO972136;C0001;AT001;658;2027-12-16 00:00:00;2027-12-11 00:00:00;2027-11-20 00:00:00;2027-11-15 00:00:00
2027-11-18 00:00:00;SO226963;C0018;VS002;618;2028-01-20 00:00:00;2028-01-20 00:00:00;2027-11-22 00:00:00;2027-11-22 00:00:00
2027-11-18 00:00:00;SO494314;C0008;VS002;1305;2028-01-13 00:00:00;2028-01-14 00:00:00;2027-11-21 00:00:00;2027-11-22 00:00:00
2027-11-18 00:00:00;SO914552;C0005;CS003;630;2028-01-13 00:00:00;2028-01-06 00:00:00;2027-11-20 00:00:00;2027-11-13 00:00:00
2027-11-19 00:00:00;SO651849;C0013;AL001;1156;2027-12-17 00:00:00;2027-12-12 00:00:00;2027-11-23 00:00:00;2027-11-18 00:00:00
2027-11-19 00:00:00;SO201085;C0009;AS005;638;2027-12-03 00:00:00;2027-11-28 00:00:00;2027-11-22 00:00:00;2027-11-17 00:00:00
2027-11-19 00:00:00;SO201085;C0009;CS001;1182;2027-12-03 00:00:00;2027-12-13 00:00:00;2027-11-22 00:00:00;2027-12-02 00:00:00
2027-11-19 00:00:00;SO201085;C0009;CS002;838;2027-12-03 00:00:00;2027-11-29 00:00:00;2027-11-22 00:00:00;2027-11-18 00:00:00
2027-11-19 00:00:00;SO201085;C0009;VS005;724;2027-12-03 00:00:00;2027-12-04 00:00:00;2027-11-22 00:00:00;2027-11-23 00:00:00
2027-11-19 00:00:00;SO651849;C0013;CL001;798;2027-12-17 00:00:00;2027-12-21 00:00:00;2027-11-23 00:00:00;2027-11-27 00:00:00
2027-11-19 00:00:00;SO651849;C0013;CL002;407;2027-12-17 00:00:00;2027-12-26 00:00:00;2027-11-23 00:00:00;2027-12-02 00:00:00
2027-11-19 00:00:00;SO201085;C0009;CT001;688;2027-12-03 00:00:00;2027-11-30 00:00:00;2027-11-22 00:00:00;2027-11-19 00:00:00
2027-11-19 00:00:00;SO651849;C0013;CS002;1387;2027-12-17 00:00:00;2027-12-24 00:00:00;2027-11-23 00:00:00;2027-11-30 00:00:00
2027-11-19 00:00:00;SO201085;C0009;CL001;644;2027-12-03 00:00:00;2027-12-11 00:00:00;2027-11-22 00:00:00;2027-11-30 00:00:00
2027-11-19 00:00:00;SO201085;C0009;CL002;1013;2027-12-03 00:00:00;2027-11-24 00:00:00;2027-11-22 00:00:00;2027-11-13 00:00:00
2027-11-19 00:00:00;SO651849;C0013;VS001;1343;2027-12-17 00:00:00;2027-12-19 00:00:00;2027-11-23 00:00:00;2027-11-25 00:00:00
2027-11-19 00:00:00;SO651849;C0013;VS005;633;2027-12-17 00:00:00;2027-12-13 00:00:00;2027-11-23 00:00:00;2027-11-19 00:00:00
2027-11-19 00:00:00;SO201085;C0009;AS001;431;2027-12-03 00:00:00;2027-11-28 00:00:00;2027-11-22 00:00:00;2027-11-17 00:00:00
2027-11-19 00:00:00;SO201085;C0009;AL001;931;2027-12-03 00:00:00;2027-12-02 00:00:00;2027-11-22 00:00:00;2027-11-21 00:00:00
2027-11-19 00:00:00;SO201085;C0009;AT002;608;2027-12-03 00:00:00;2027-11-23 00:00:00;2027-11-22 00:00:00;2027-11-12 00:00:00
2027-11-19 00:00:00;SO201085;C0009;VS001;665;2027-12-03 00:00:00;2027-12-04 00:00:00;2027-11-22 00:00:00;2027-11-23 00:00:00
2027-11-22 00:00:00;SO673179;C0022;CL002;1092;2028-01-03 00:00:00;2028-01-13 00:00:00;2027-11-26 00:00:00;2027-12-06 00:00:00
2027-11-22 00:00:00;SO639054;C0001;VS004;1057;2027-12-20 00:00:00;2027-12-18 00:00:00;2027-11-24 00:00:00;2027-11-22 00:00:00
2027-11-22 00:00:00;SO592289;C0005;CL002;794;2028-01-17 00:00:00;2028-01-15 00:00:00;2027-11-24 00:00:00;2027-11-22 00:00:00
2027-11-22 00:00:00;SO592289;C0005;VS002;1167;2028-01-17 00:00:00;2028-01-20 00:00:00;2027-11-24 00:00:00;2027-11-27 00:00:00
2027-11-22 00:00:00;SO639054;C0001;CS001;1248;2027-12-20 00:00:00;2027-12-10 00:00:00;2027-11-24 00:00:00;2027-11-14 00:00:00
2027-11-22 00:00:00;SO673179;C0022;AS001;517;2028-01-03 00:00:00;2028-01-13 00:00:00;2027-11-26 00:00:00;2027-12-06 00:00:00
2027-11-22 00:00:00;SO639054;C0001;CT001;468;2027-12-20 00:00:00;2027-12-28 00:00:00;2027-11-24 00:00:00;2027-12-02 00:00:00
2027-11-22 00:00:00;SO673179;C0022;VS005;748;2028-01-03 00:00:00;2027-12-30 00:00:00;2027-11-26 00:00:00;2027-11-22 00:00:00
2027-11-22 00:00:00;SO639054;C0001;AL001;1107;2027-12-20 00:00:00;2027-12-29 00:00:00;2027-11-24 00:00:00;2027-12-03 00:00:00
2027-11-22 00:00:00;SO639054;C0001;CL001;1164;2027-12-20 00:00:00;2027-12-20 00:00:00;2027-11-24 00:00:00;2027-11-24 00:00:00
2027-11-22 00:00:00;SO639054;C0001;AS005;604;2027-12-20 00:00:00;2027-12-17 00:00:00;2027-11-24 00:00:00;2027-11-21 00:00:00
2027-11-22 00:00:00;SO639054;C0001;AS003;818;2027-12-20 00:00:00;2027-12-24 00:00:00;2027-11-24 00:00:00;2027-11-28 00:00:00
2027-11-22 00:00:00;SO673179;C0022;CS002;928;2028-01-03 00:00:00;2027-12-24 00:00:00;2027-11-26 00:00:00;2027-11-16 00:00:00
2027-11-22 00:00:00;SO673179;C0022;CT002;1255;2028-01-03 00:00:00;2028-01-03 00:00:00;2027-11-26 00:00:00;2027-11-26 00:00:00
2027-11-22 00:00:00;SO639054;C0001;CL002;464;2027-12-20 00:00:00;2027-12-20 00:00:00;2027-11-24 00:00:00;2027-11-24 00:00:00
2027-11-22 00:00:00;SO639054;C0001;VS005;538;2027-12-20 00:00:00;2027-12-28 00:00:00;2027-11-24 00:00:00;2027-12-02 00:00:00
2027-11-23 00:00:00;SO139186;C0010;AS005;591;2028-01-04 00:00:00;2028-01-03 00:00:00;2027-11-26 00:00:00;2027-11-25 00:00:00
2027-11-23 00:00:00;SO924809;C0001;CS003;801;2027-12-21 00:00:00;2027-12-29 00:00:00;2027-11-25 00:00:00;2027-12-03 00:00:00
2027-11-23 00:00:00;SO141685;C0025;VS001;547;2027-12-21 00:00:00;2027-12-18 00:00:00;2027-12-01 00:00:00;2027-11-28 00:00:00
2027-11-23 00:00:00;SO714390;C0022;CL002;877;2028-01-04 00:00:00;2028-01-14 00:00:00;2027-11-27 00:00:00;2027-12-07 00:00:00
2027-11-23 00:00:00;SO924809;C0001;CT003;451;2027-12-21 00:00:00;2027-12-15 00:00:00;2027-11-25 00:00:00;2027-11-19 00:00:00
2027-11-23 00:00:00;SO139186;C0010;CT002;1127;2028-01-04 00:00:00;2027-12-30 00:00:00;2027-11-26 00:00:00;2027-11-21 00:00:00
2027-11-23 00:00:00;SO714390;C0022;AL001;656;2028-01-04 00:00:00;2028-01-06 00:00:00;2027-11-27 00:00:00;2027-11-29 00:00:00
2027-11-23 00:00:00;SO139186;C0010;AT001;863;2028-01-04 00:00:00;2028-01-06 00:00:00;2027-11-26 00:00:00;2027-11-28 00:00:00
2027-11-23 00:00:00;SO139186;C0010;CT003;476;2028-01-04 00:00:00;2027-12-26 00:00:00;2027-11-26 00:00:00;2027-11-17 00:00:00
2027-11-23 00:00:00;SO141685;C0025;AS002;1072;2027-12-21 00:00:00;2027-12-18 00:00:00;2027-12-01 00:00:00;2027-11-28 00:00:00
2027-11-23 00:00:00;SO714390;C0022;CL001;728;2028-01-04 00:00:00;2027-12-30 00:00:00;2027-11-27 00:00:00;2027-11-22 00:00:00
2027-11-23 00:00:00;SO924809;C0001;CT001;1072;2027-12-21 00:00:00;2027-12-15 00:00:00;2027-11-25 00:00:00;2027-11-19 00:00:00
2027-11-23 00:00:00;SO714390;C0022;CT001;849;2028-01-04 00:00:00;2028-01-01 00:00:00;2027-11-27 00:00:00;2027-11-24 00:00:00
2027-11-23 00:00:00;SO924809;C0001;CS001;803;2027-12-21 00:00:00;2027-12-17 00:00:00;2027-11-25 00:00:00;2027-11-21 00:00:00
2027-11-24 00:00:00;SO766995;C0024;CS001;1230;2027-12-22 00:00:00;2027-12-22 00:00:00;2027-11-28 00:00:00;2027-11-28 00:00:00
2027-11-24 00:00:00;SO513730;C0021;CL002;772;2027-12-08 00:00:00;2027-11-28 00:00:00;2027-11-28 00:00:00;2027-11-18 00:00:00
2027-11-24 00:00:00;SO149582;C0023;AS005;1080;2027-12-29 00:00:00;2027-12-27 00:00:00;2027-11-28 00:00:00;2027-11-26 00:00:00
2027-11-24 00:00:00;SO737008;C0026;CT002;768;2027-12-29 00:00:00;2028-01-08 00:00:00;2027-12-02 00:00:00;2027-12-12 00:00:00
2027-11-24 00:00:00;SO737008;C0026;VS004;683;2027-12-29 00:00:00;2027-12-26 00:00:00;2027-12-02 00:00:00;2027-11-29 00:00:00
2027-11-24 00:00:00;SO766995;C0024;AL001;489;2027-12-22 00:00:00;2028-01-01 00:00:00;2027-11-28 00:00:00;2027-12-08 00:00:00
2027-11-24 00:00:00;SO513730;C0021;CL001;655;2027-12-08 00:00:00;2027-12-15 00:00:00;2027-11-28 00:00:00;2027-12-05 00:00:00
2027-11-24 00:00:00;SO513730;C0021;CS003;561;2027-12-08 00:00:00;2027-12-14 00:00:00;2027-11-28 00:00:00;2027-12-04 00:00:00
2027-11-24 00:00:00;SO149582;C0023;CL001;1035;2027-12-29 00:00:00;2028-01-04 00:00:00;2027-11-28 00:00:00;2027-12-04 00:00:00
2027-11-24 00:00:00;SO766995;C0024;CS002;366;2027-12-22 00:00:00;2027-12-26 00:00:00;2027-11-28 00:00:00;2027-12-02 00:00:00
2027-11-24 00:00:00;SO513730;C0021;AS002;351;2027-12-08 00:00:00;2027-12-12 00:00:00;2027-11-28 00:00:00;2027-12-02 00:00:00
2027-11-24 00:00:00;SO737008;C0026;VS005;1163;2027-12-29 00:00:00;2028-01-07 00:00:00;2027-12-02 00:00:00;2027-12-11 00:00:00
2027-11-25 00:00:00;SO991757;C0013;AL001;921;2027-12-23 00:00:00;2027-12-20 00:00:00;2027-11-29 00:00:00;2027-11-26 00:00:00
2027-11-25 00:00:00;SO815100;C0016;VS004;876;2027-12-09 00:00:00;2027-11-30 00:00:00;2027-11-29 00:00:00;2027-11-20 00:00:00
2027-11-25 00:00:00;SO314379;C0029;AS002;996;2028-01-20 00:00:00;2028-01-14 00:00:00;2027-12-03 00:00:00;2027-11-27 00:00:00
2027-11-25 00:00:00;SO314379;C0029;AT001;815;2028-01-20 00:00:00;2028-01-27 00:00:00;2027-12-03 00:00:00;2027-12-10 00:00:00
2027-11-25 00:00:00;SO314379;C0029;CS002;938;2028-01-20 00:00:00;2028-01-14 00:00:00;2027-12-03 00:00:00;2027-11-27 00:00:00
2027-11-25 00:00:00;SO314379;C0029;CT001;1053;2028-01-20 00:00:00;2028-01-28 00:00:00;2027-12-03 00:00:00;2027-12-11 00:00:00
2027-11-25 00:00:00;SO815100;C0016;CT001;505;2027-12-09 00:00:00;2027-12-07 00:00:00;2027-11-29 00:00:00;2027-11-27 00:00:00
2027-11-25 00:00:00;SO314379;C0029;AT002;1459;2028-01-20 00:00:00;2028-01-21 00:00:00;2027-12-03 00:00:00;2027-12-04 00:00:00
2027-11-25 00:00:00;SO314379;C0029;AL001;802;2028-01-20 00:00:00;2028-01-25 00:00:00;2027-12-03 00:00:00;2027-12-08 00:00:00
2027-11-25 00:00:00;SO991757;C0013;CL002;528;2027-12-23 00:00:00;2027-12-29 00:00:00;2027-11-29 00:00:00;2027-12-05 00:00:00
2027-11-25 00:00:00;SO815100;C0016;AT002;406;2027-12-09 00:00:00;2027-12-02 00:00:00;2027-11-29 00:00:00;2027-11-22 00:00:00
2027-11-25 00:00:00;SO314379;C0029;CL002;1248;2028-01-20 00:00:00;2028-01-15 00:00:00;2027-12-03 00:00:00;2027-11-28 00:00:00
2027-11-25 00:00:00;SO991757;C0013;CS002;1144;2027-12-23 00:00:00;2027-12-19 00:00:00;2027-11-29 00:00:00;2027-11-25 00:00:00
2027-11-25 00:00:00;SO815100;C0016;CS003;609;2027-12-09 00:00:00;2027-11-30 00:00:00;2027-11-29 00:00:00;2027-11-20 00:00:00
2027-11-25 00:00:00;SO991757;C0013;AS005;559;2027-12-23 00:00:00;2027-12-17 00:00:00;2027-11-29 00:00:00;2027-11-23 00:00:00
2027-11-25 00:00:00;SO991757;C0013;AT002;1087;2027-12-23 00:00:00;2027-12-15 00:00:00;2027-11-29 00:00:00;2027-11-21 00:00:00
2027-11-25 00:00:00;SO991757;C0013;CT002;1472;2027-12-23 00:00:00;2027-12-20 00:00:00;2027-11-29 00:00:00;2027-11-26 00:00:00
2027-11-25 00:00:00;SO314379;C0029;CT003;514;2028-01-20 00:00:00;2028-01-26 00:00:00;2027-12-03 00:00:00;2027-12-09 00:00:00
2027-11-25 00:00:00;SO991757;C0013;VS002;993;2027-12-23 00:00:00;2027-12-25 00:00:00;2027-11-29 00:00:00;2027-12-01 00:00:00
2027-11-25 00:00:00;SO991757;C0013;CT001;1119;2027-12-23 00:00:00;2028-01-02 00:00:00;2027-11-29 00:00:00;2027-12-09 00:00:00
2027-11-26 00:00:00;SO187177;C0030;AL001;668;2028-01-28 00:00:00;2028-01-29 00:00:00;2027-12-04 00:00:00;2027-12-05 00:00:00
2027-11-26 00:00:00;SO445638;C0013;CS003;674;2027-12-24 00:00:00;2027-12-26 00:00:00;2027-11-30 00:00:00;2027-12-02 00:00:00
2027-11-26 00:00:00;SO445638;C0013;VS005;541;2027-12-24 00:00:00;2027-12-21 00:00:00;2027-11-30 00:00:00;2027-11-27 00:00:00
2027-11-26 00:00:00;SO187177;C0030;CL002;726;2028-01-28 00:00:00;2028-01-19 00:00:00;2027-12-04 00:00:00;2027-11-25 00:00:00
2027-11-26 00:00:00;SO187177;C0030;CT003;450;2028-01-28 00:00:00;2028-01-24 00:00:00;2027-12-04 00:00:00;2027-11-30 00:00:00
2027-11-26 00:00:00;SO445638;C0013;CL002;1391;2027-12-24 00:00:00;2027-12-24 00:00:00;2027-11-30 00:00:00;2027-11-30 00:00:00
2027-11-26 00:00:00;SO187177;C0030;AT001;908;2028-01-28 00:00:00;2028-02-05 00:00:00;2027-12-04 00:00:00;2027-12-12 00:00:00
2027-11-26 00:00:00;SO187177;C0030;AS001;903;2028-01-28 00:00:00;2028-01-31 00:00:00;2027-12-04 00:00:00;2027-12-07 00:00:00
2027-11-26 00:00:00;SO445638;C0013;VS001;918;2027-12-24 00:00:00;2027-12-24 00:00:00;2027-11-30 00:00:00;2027-11-30 00:00:00
2027-11-26 00:00:00;SO187177;C0030;VS002;1420;2028-01-28 00:00:00;2028-01-22 00:00:00;2027-12-04 00:00:00;2027-11-28 00:00:00
2027-11-26 00:00:00;SO187177;C0030;AS002;841;2028-01-28 00:00:00;2028-01-27 00:00:00;2027-12-04 00:00:00;2027-12-03 00:00:00
2027-11-26 00:00:00;SO187177;C0030;VS005;682;2028-01-28 00:00:00;2028-01-24 00:00:00;2027-12-04 00:00:00;2027-11-30 00:00:00
2027-11-29 00:00:00;SO507986;C0024;CS003;1426;2027-12-27 00:00:00;2027-12-31 00:00:00;2027-12-03 00:00:00;2027-12-07 00:00:00
2027-11-29 00:00:00;SO817465;C0016;VS005;329;2027-12-13 00:00:00;2027-12-09 00:00:00;2027-12-03 00:00:00;2027-11-29 00:00:00
2027-11-29 00:00:00;SO507986;C0024;AS001;1241;2027-12-27 00:00:00;2027-12-18 00:00:00;2027-12-03 00:00:00;2027-11-24 00:00:00
2027-11-29 00:00:00;SO507986;C0024;VS005;382;2027-12-27 00:00:00;2027-12-22 00:00:00;2027-12-03 00:00:00;2027-11-28 00:00:00
2027-11-29 00:00:00;SO817465;C0016;VS001;836;2027-12-13 00:00:00;2027-12-12 00:00:00;2027-12-03 00:00:00;2027-12-02 00:00:00
2027-11-29 00:00:00;SO507986;C0024;AS003;938;2027-12-27 00:00:00;2027-12-17 00:00:00;2027-12-03 00:00:00;2027-11-23 00:00:00
2027-11-29 00:00:00;SO507986;C0024;CT002;937;2027-12-27 00:00:00;2027-12-30 00:00:00;2027-12-03 00:00:00;2027-12-06 00:00:00
2027-11-29 00:00:00;SO507986;C0024;AL001;592;2027-12-27 00:00:00;2028-01-01 00:00:00;2027-12-03 00:00:00;2027-12-08 00:00:00
2027-11-29 00:00:00;SO817465;C0016;CS001;909;2027-12-13 00:00:00;2027-12-12 00:00:00;2027-12-03 00:00:00;2027-12-02 00:00:00
2027-11-29 00:00:00;SO507986;C0024;AT002;841;2027-12-27 00:00:00;2027-12-31 00:00:00;2027-12-03 00:00:00;2027-12-07 00:00:00
2027-11-29 00:00:00;SO507986;C0024;AT001;405;2027-12-27 00:00:00;2027-12-18 00:00:00;2027-12-03 00:00:00;2027-11-24 00:00:00
2027-11-29 00:00:00;SO817465;C0016;CL001;428;2027-12-13 00:00:00;2027-12-05 00:00:00;2027-12-03 00:00:00;2027-11-25 00:00:00
2027-11-29 00:00:00;SO817465;C0016;CL002;753;2027-12-13 00:00:00;2027-12-17 00:00:00;2027-12-03 00:00:00;2027-12-07 00:00:00
2027-11-30 00:00:00;SO580934;C0029;CL001;723;2028-01-25 00:00:00;2028-01-29 00:00:00;2027-12-08 00:00:00;2027-12-12 00:00:00
2027-11-30 00:00:00;SO554501;C0011;VS002;686;2028-01-04 00:00:00;2028-01-12 00:00:00;2027-12-03 00:00:00;2027-12-11 00:00:00
2027-11-30 00:00:00;SO195298;C0016;AS003;992;2027-12-14 00:00:00;2027-12-08 00:00:00;2027-12-04 00:00:00;2027-11-28 00:00:00
2027-11-30 00:00:00;SO561967;C0019;AT001;1259;2028-02-01 00:00:00;2028-02-06 00:00:00;2027-12-04 00:00:00;2027-12-09 00:00:00
2027-11-30 00:00:00;SO554501;C0011;CT001;885;2028-01-04 00:00:00;2027-12-28 00:00:00;2027-12-03 00:00:00;2027-11-26 00:00:00
2027-11-30 00:00:00;SO195298;C0016;VS001;796;2027-12-14 00:00:00;2027-12-07 00:00:00;2027-12-04 00:00:00;2027-11-27 00:00:00
2027-11-30 00:00:00;SO580934;C0029;CS003;1404;2028-01-25 00:00:00;2028-01-17 00:00:00;2027-12-08 00:00:00;2027-11-30 00:00:00
2027-11-30 00:00:00;SO561967;C0019;AL001;830;2028-02-01 00:00:00;2028-02-01 00:00:00;2027-12-04 00:00:00;2027-12-04 00:00:00
2027-11-30 00:00:00;SO580934;C0029;AS005;661;2028-01-25 00:00:00;2028-01-26 00:00:00;2027-12-08 00:00:00;2027-12-09 00:00:00
2027-11-30 00:00:00;SO561967;C0019;VS004;484;2028-02-01 00:00:00;2028-01-25 00:00:00;2027-12-04 00:00:00;2027-11-27 00:00:00
2027-11-30 00:00:00;SO580934;C0029;VS004;1013;2028-01-25 00:00:00;2028-02-03 00:00:00;2027-12-08 00:00:00;2027-12-17 00:00:00
2027-11-30 00:00:00;SO195298;C0016;CS001;1115;2027-12-14 00:00:00;2027-12-06 00:00:00;2027-12-04 00:00:00;2027-11-26 00:00:00
2027-12-01 00:00:00;SO950214;C0012;AS001;380;2027-12-29 00:00:00;2027-12-21 00:00:00;2027-12-04 00:00:00;2027-11-26 00:00:00
2027-12-01 00:00:00;SO814075;C0007;AT002;1335;2028-02-02 00:00:00;2028-01-25 00:00:00;2027-12-04 00:00:00;2027-11-26 00:00:00
2027-12-01 00:00:00;SO950214;C0012;AS005;864;2027-12-29 00:00:00;2027-12-30 00:00:00;2027-12-04 00:00:00;2027-12-05 00:00:00
2027-12-01 00:00:00;SO950214;C0012;CS002;1106;2027-12-29 00:00:00;2027-12-29 00:00:00;2027-12-04 00:00:00;2027-12-04 00:00:00
2027-12-01 00:00:00;SO950214;C0012;CL002;1224;2027-12-29 00:00:00;2028-01-08 00:00:00;2027-12-04 00:00:00;2027-12-14 00:00:00
2027-12-01 00:00:00;SO814075;C0007;CS002;1136;2028-02-02 00:00:00;2028-02-06 00:00:00;2027-12-04 00:00:00;2027-12-08 00:00:00
2027-12-01 00:00:00;SO950214;C0012;CL001;512;2027-12-29 00:00:00;2028-01-06 00:00:00;2027-12-04 00:00:00;2027-12-12 00:00:00
2027-12-01 00:00:00;SO814075;C0007;VS005;662;2028-02-02 00:00:00;2028-01-24 00:00:00;2027-12-04 00:00:00;2027-11-25 00:00:00
2027-12-01 00:00:00;SO950214;C0012;VS001;567;2027-12-29 00:00:00;2028-01-07 00:00:00;2027-12-04 00:00:00;2027-12-13 00:00:00
2027-12-01 00:00:00;SO814075;C0007;CL002;436;2028-02-02 00:00:00;2028-02-11 00:00:00;2027-12-04 00:00:00;2027-12-13 00:00:00
2027-12-01 00:00:00;SO950214;C0012;VS002;893;2027-12-29 00:00:00;2028-01-07 00:00:00;2027-12-04 00:00:00;2027-12-13 00:00:00
2027-12-01 00:00:00;SO814075;C0007;CS001;890;2028-02-02 00:00:00;2028-02-08 00:00:00;2027-12-04 00:00:00;2027-12-10 00:00:00
2027-12-01 00:00:00;SO814075;C0007;AL001;686;2028-02-02 00:00:00;2028-01-24 00:00:00;2027-12-04 00:00:00;2027-11-25 00:00:00
2027-12-01 00:00:00;SO814075;C0007;VS004;1124;2028-02-02 00:00:00;2028-01-27 00:00:00;2027-12-04 00:00:00;2027-11-28 00:00:00
2027-12-01 00:00:00;SO950214;C0012;VS004;1026;2027-12-29 00:00:00;2028-01-08 00:00:00;2027-12-04 00:00:00;2027-12-14 00:00:00
2027-12-01 00:00:00;SO814075;C0007;CT003;995;2028-02-02 00:00:00;2028-02-12 00:00:00;2027-12-04 00:00:00;2027-12-14 00:00:00
2027-12-01 00:00:00;SO814075;C0007;CT002;449;2028-02-02 00:00:00;2028-02-05 00:00:00;2027-12-04 00:00:00;2027-12-07 00:00:00
2027-12-02 00:00:00;SO380353;C0025;AS001;872;2027-12-30 00:00:00;2027-12-24 00:00:00;2027-12-10 00:00:00;2027-12-04 00:00:00
2027-12-02 00:00:00;SO227883;C0004;VS004;459;2027-12-16 00:00:00;2027-12-09 00:00:00;2027-12-04 00:00:00;2027-11-27 00:00:00
2027-12-02 00:00:00;SO912294;C0016;AS005;521;2027-12-16 00:00:00;2027-12-16 00:00:00;2027-12-06 00:00:00;2027-12-06 00:00:00
2027-12-02 00:00:00;SO227883;C0004;AT002;745;2027-12-16 00:00:00;2027-12-08 00:00:00;2027-12-04 00:00:00;2027-11-26 00:00:00
2027-12-02 00:00:00;SO380353;C0025;CT002;781;2027-12-30 00:00:00;2028-01-04 00:00:00;2027-12-10 00:00:00;2027-12-15 00:00:00
2027-12-02 00:00:00;SO227883;C0004;CS004;510;2027-12-16 00:00:00;2027-12-22 00:00:00;2027-12-04 00:00:00;2027-12-10 00:00:00
2027-12-02 00:00:00;SO912294;C0016;CT001;710;2027-12-16 00:00:00;2027-12-26 00:00:00;2027-12-06 00:00:00;2027-12-16 00:00:00
2027-12-02 00:00:00;SO912294;C0016;CL001;1058;2027-12-16 00:00:00;2027-12-13 00:00:00;2027-12-06 00:00:00;2027-12-03 00:00:00
2027-12-02 00:00:00;SO227883;C0004;CS003;744;2027-12-16 00:00:00;2027-12-09 00:00:00;2027-12-04 00:00:00;2027-11-27 00:00:00
2027-12-02 00:00:00;SO912294;C0016;AT002;842;2027-12-16 00:00:00;2027-12-18 00:00:00;2027-12-06 00:00:00;2027-12-08 00:00:00
2027-12-02 00:00:00;SO912294;C0016;CS003;1061;2027-12-16 00:00:00;2027-12-23 00:00:00;2027-12-06 00:00:00;2027-12-13 00:00:00
2027-12-02 00:00:00;SO912294;C0016;VS004;1188;2027-12-16 00:00:00;2027-12-14 00:00:00;2027-12-06 00:00:00;2027-12-04 00:00:00
2027-12-02 00:00:00;SO912294;C0016;AL001;453;2027-12-16 00:00:00;2027-12-13 00:00:00;2027-12-06 00:00:00;2027-12-03 00:00:00
2027-12-03 00:00:00;SO377794;C0019;AS005;894;2028-02-04 00:00:00;2028-01-30 00:00:00;2027-12-07 00:00:00;2027-12-02 00:00:00
2027-12-03 00:00:00;SO547890;C0023;CT001;867;2028-01-07 00:00:00;2028-01-10 00:00:00;2027-12-07 00:00:00;2027-12-10 00:00:00
2027-12-03 00:00:00;SO883336;C0013;CT003;1000;2027-12-31 00:00:00;2027-12-29 00:00:00;2027-12-07 00:00:00;2027-12-05 00:00:00
2027-12-03 00:00:00;SO883336;C0013;CS001;869;2027-12-31 00:00:00;2027-12-23 00:00:00;2027-12-07 00:00:00;2027-11-29 00:00:00
2027-12-03 00:00:00;SO883336;C0013;AS002;697;2027-12-31 00:00:00;2027-12-27 00:00:00;2027-12-07 00:00:00;2027-12-03 00:00:00
2027-12-03 00:00:00;SO377794;C0019;AS001;699;2028-02-04 00:00:00;2028-01-25 00:00:00;2027-12-07 00:00:00;2027-11-27 00:00:00
2027-12-03 00:00:00;SO547890;C0023;CL001;830;2028-01-07 00:00:00;2028-01-07 00:00:00;2027-12-07 00:00:00;2027-12-07 00:00:00
2027-12-03 00:00:00;SO883336;C0013;CS004;959;2027-12-31 00:00:00;2027-12-23 00:00:00;2027-12-07 00:00:00;2027-11-29 00:00:00
2027-12-03 00:00:00;SO377794;C0019;CT001;921;2028-02-04 00:00:00;2028-02-03 00:00:00;2027-12-07 00:00:00;2027-12-06 00:00:00
2027-12-03 00:00:00;SO377794;C0019;VS005;956;2028-02-04 00:00:00;2028-02-05 00:00:00;2027-12-07 00:00:00;2027-12-08 00:00:00
2027-12-03 00:00:00;SO547890;C0023;CS002;772;2028-01-07 00:00:00;2028-01-04 00:00:00;2027-12-07 00:00:00;2027-12-04 00:00:00
2027-12-03 00:00:00;SO547890;C0023;AT002;837;2028-01-07 00:00:00;2028-01-15 00:00:00;2027-12-07 00:00:00;2027-12-15 00:00:00
2027-12-03 00:00:00;SO883336;C0013;VS001;860;2027-12-31 00:00:00;2027-12-23 00:00:00;2027-12-07 00:00:00;2027-11-29 00:00:00
2027-12-03 00:00:00;SO883336;C0013;VS003;1034;2027-12-31 00:00:00;2028-01-03 00:00:00;2027-12-07 00:00:00;2027-12-10 00:00:00
2027-12-03 00:00:00;SO883336;C0013;AS005;530;2027-12-31 00:00:00;2028-01-08 00:00:00;2027-12-07 00:00:00;2027-12-15 00:00:00
2027-12-06 00:00:00;SO765660;C0014;VS002;1119;2028-01-10 00:00:00;2028-01-07 00:00:00;2027-12-10 00:00:00;2027-12-07 00:00:00
2027-12-06 00:00:00;SO636210;C0007;AT002;631;2028-02-07 00:00:00;2028-02-16 00:00:00;2027-12-09 00:00:00;2027-12-18 00:00:00
2027-12-06 00:00:00;SO9000060;C0026;AS003;671;2028-01-10 00:00:00;2028-01-14 00:00:00;2027-12-14 00:00:00;2027-12-18 00:00:00
2027-12-06 00:00:00;SO9000060;C0026;VS002;1396;2028-01-10 00:00:00;2028-01-10 00:00:00;2027-12-14 00:00:00;2027-12-14 00:00:00
2027-12-06 00:00:00;SO636210;C0007;AT001;798;2028-02-07 00:00:00;2028-01-28 00:00:00;2027-12-09 00:00:00;2027-11-29 00:00:00
2027-12-06 00:00:00;SO765660;C0014;CS002;986;2028-01-10 00:00:00;2028-01-16 00:00:00;2027-12-10 00:00:00;2027-12-16 00:00:00
2027-12-06 00:00:00;SO9000060;C0026;CL001;818;2028-01-10 00:00:00;2028-01-17 00:00:00;2027-12-14 00:00:00;2027-12-21 00:00:00
2027-12-06 00:00:00;SO765660;C0014;CL001;696;2028-01-10 00:00:00;2027-12-31 00:00:00;2027-12-10 00:00:00;2027-11-30 00:00:00
2027-12-06 00:00:00;SO9000060;C0026;VS005;600;2028-01-10 00:00:00;2028-01-05 00:00:00;2027-12-14 00:00:00;2027-12-09 00:00:00
2027-12-06 00:00:00;SO765660;C0014;AS001;984;2028-01-10 00:00:00;2028-01-17 00:00:00;2027-12-10 00:00:00;2027-12-17 00:00:00
2027-12-06 00:00:00;SO9000060;C0026;CT003;1092;2028-01-10 00:00:00;2028-01-04 00:00:00;2027-12-14 00:00:00;2027-12-08 00:00:00
2027-12-06 00:00:00;SO636210;C0007;CS004;534;2028-02-07 00:00:00;2028-02-04 00:00:00;2027-12-09 00:00:00;2027-12-06 00:00:00
2027-12-06 00:00:00;SO765660;C0014;CS001;806;2028-01-10 00:00:00;2028-01-14 00:00:00;2027-12-10 00:00:00;2027-12-14 00:00:00
2027-12-06 00:00:00;SO765660;C0014;AT001;871;2028-01-10 00:00:00;2027-12-31 00:00:00;2027-12-10 00:00:00;2027-11-30 00:00:00
2027-12-06 00:00:00;SO9000060;C0026;VS001;653;2028-01-10 00:00:00;2028-01-06 00:00:00;2027-12-14 00:00:00;2027-12-10 00:00:00
2027-12-06 00:00:00;SO636210;C0007;VS005;792;2028-02-07 00:00:00;2028-02-14 00:00:00;2027-12-09 00:00:00;2027-12-16 00:00:00
2027-12-06 00:00:00;SO765660;C0014;AS003;470;2028-01-10 00:00:00;2028-01-16 00:00:00;2027-12-10 00:00:00;2027-12-16 00:00:00
2027-12-07 00:00:00;SO816309;C0010;AS005;647;2028-01-18 00:00:00;2028-01-21 00:00:00;2027-12-10 00:00:00;2027-12-13 00:00:00
2027-12-07 00:00:00;SO188965;C0026;CS003;930;2028-01-11 00:00:00;2028-01-05 00:00:00;2027-12-15 00:00:00;2027-12-09 00:00:00
2027-12-07 00:00:00;SO780522;C0021;AL001;639;2027-12-21 00:00:00;2027-12-26 00:00:00;2027-12-11 00:00:00;2027-12-16 00:00:00
2027-12-07 00:00:00;SO769847;C0016;AT002;815;2027-12-21 00:00:00;2027-12-28 00:00:00;2027-12-11 00:00:00;2027-12-18 00:00:00
2027-12-07 00:00:00;SO188965;C0026;AT002;1213;2028-01-11 00:00:00;2028-01-02 00:00:00;2027-12-15 00:00:00;2027-12-06 00:00:00
2027-12-07 00:00:00;SO769847;C0016;CS001;981;2027-12-21 00:00:00;2027-12-30 00:00:00;2027-12-11 00:00:00;2027-12-20 00:00:00
2027-12-07 00:00:00;SO769847;C0016;AS002;590;2027-12-21 00:00:00;2027-12-30 00:00:00;2027-12-11 00:00:00;2027-12-20 00:00:00
2027-12-07 00:00:00;SO816309;C0010;AS001;743;2028-01-18 00:00:00;2028-01-18 00:00:00;2027-12-10 00:00:00;2027-12-10 00:00:00
2027-12-07 00:00:00;SO188965;C0026;AS003;811;2028-01-11 00:00:00;2028-01-04 00:00:00;2027-12-15 00:00:00;2027-12-08 00:00:00
2027-12-07 00:00:00;SO769847;C0016;AS005;400;2027-12-21 00:00:00;2027-12-19 00:00:00;2027-12-11 00:00:00;2027-12-09 00:00:00
2027-12-07 00:00:00;SO769847;C0016;CT003;1327;2027-12-21 00:00:00;2027-12-15 00:00:00;2027-12-11 00:00:00;2027-12-05 00:00:00
2027-12-07 00:00:00;SO780522;C0021;CT001;719;2027-12-21 00:00:00;2027-12-23 00:00:00;2027-12-11 00:00:00;2027-12-13 00:00:00
2027-12-07 00:00:00;SO188965;C0026;CT003;915;2028-01-11 00:00:00;2028-01-17 00:00:00;2027-12-15 00:00:00;2027-12-21 00:00:00
2027-12-07 00:00:00;SO188965;C0026;CT001;367;2028-01-11 00:00:00;2028-01-11 00:00:00;2027-12-15 00:00:00;2027-12-15 00:00:00
2027-12-07 00:00:00;SO188965;C0026;CS001;1031;2028-01-11 00:00:00;2028-01-15 00:00:00;2027-12-15 00:00:00;2027-12-19 00:00:00
2027-12-07 00:00:00;SO188965;C0026;CS002;838;2028-01-11 00:00:00;2028-01-12 00:00:00;2027-12-15 00:00:00;2027-12-16 00:00:00
2027-12-07 00:00:00;SO188965;C0026;CS004;801;2028-01-11 00:00:00;2028-01-05 00:00:00;2027-12-15 00:00:00;2027-12-09 00:00:00
2027-12-07 00:00:00;SO780522;C0021;VS005;600;2027-12-21 00:00:00;2027-12-13 00:00:00;2027-12-11 00:00:00;2027-12-03 00:00:00
2027-12-07 00:00:00;SO769847;C0016;VS001;322;2027-12-21 00:00:00;2027-12-11 00:00:00;2027-12-11 00:00:00;2027-12-01 00:00:00
2027-12-07 00:00:00;SO816309;C0010;AT001;1093;2028-01-18 00:00:00;2028-01-13 00:00:00;2027-12-10 00:00:00;2027-12-05 00:00:00
2027-12-08 00:00:00;SO564425;C0009;AL001;515;2027-12-22 00:00:00;2027-12-29 00:00:00;2027-12-11 00:00:00;2027-12-18 00:00:00
2027-12-08 00:00:00;SO756205;C0013;CS004;1001;2028-01-05 00:00:00;2028-01-07 00:00:00;2027-12-12 00:00:00;2027-12-14 00:00:00
2027-12-08 00:00:00;SO142468;C0017;AS001;1000;2028-02-02 00:00:00;2028-01-29 00:00:00;2027-12-12 00:00:00;2027-12-08 00:00:00
2027-12-08 00:00:00;SO142468;C0017;AS002;935;2028-02-02 00:00:00;2028-02-08 00:00:00;2027-12-12 00:00:00;2027-12-18 00:00:00
2027-12-08 00:00:00;SO142468;C0017;CT001;862;2028-02-02 00:00:00;2028-02-10 00:00:00;2027-12-12 00:00:00;2027-12-20 00:00:00
2027-12-08 00:00:00;SO564425;C0009;CL002;397;2027-12-22 00:00:00;2027-12-17 00:00:00;2027-12-11 00:00:00;2027-12-06 00:00:00
2027-12-08 00:00:00;SO142468;C0017;CT003;614;2028-02-02 00:00:00;2028-02-07 00:00:00;2027-12-12 00:00:00;2027-12-17 00:00:00
2027-12-08 00:00:00;SO756205;C0013;AS003;807;2028-01-05 00:00:00;2027-12-29 00:00:00;2027-12-12 00:00:00;2027-12-05 00:00:00
2027-12-08 00:00:00;SO142468;C0017;CL001;818;2028-02-02 00:00:00;2028-02-11 00:00:00;2027-12-12 00:00:00;2027-12-21 00:00:00
2027-12-08 00:00:00;SO564425;C0009;CS004;845;2027-12-22 00:00:00;2027-12-23 00:00:00;2027-12-11 00:00:00;2027-12-12 00:00:00
2027-12-08 00:00:00;SO564425;C0009;CT002;479;2027-12-22 00:00:00;2027-12-30 00:00:00;2027-12-11 00:00:00;2027-12-19 00:00:00
2027-12-08 00:00:00;SO142468;C0017;AL001;790;2028-02-02 00:00:00;2028-01-27 00:00:00;2027-12-12 00:00:00;2027-12-06 00:00:00
2027-12-08 00:00:00;SO142468;C0017;VS002;558;2028-02-02 00:00:00;2028-02-03 00:00:00;2027-12-12 00:00:00;2027-12-13 00:00:00
2027-12-08 00:00:00;SO564425;C0009;AT001;1047;2027-12-22 00:00:00;2027-12-24 00:00:00;2027-12-11 00:00:00;2027-12-13 00:00:00
2027-12-08 00:00:00;SO756205;C0013;CS003;529;2028-01-05 00:00:00;2028-01-08 00:00:00;2027-12-12 00:00:00;2027-12-15 00:00:00
2027-12-08 00:00:00;SO142468;C0017;VS005;758;2028-02-02 00:00:00;2028-01-30 00:00:00;2027-12-12 00:00:00;2027-12-09 00:00:00
2027-12-08 00:00:00;SO564425;C0009;CT003;401;2027-12-22 00:00:00;2027-12-26 00:00:00;2027-12-11 00:00:00;2027-12-15 00:00:00
2027-12-08 00:00:00;SO756205;C0013;VS004;935;2028-01-05 00:00:00;2028-01-08 00:00:00;2027-12-12 00:00:00;2027-12-15 00:00:00
2027-12-09 00:00:00;SO817117;C0017;AT001;458;2028-02-03 00:00:00;2028-02-12 00:00:00;2027-12-13 00:00:00;2027-12-22 00:00:00
2027-12-09 00:00:00;SO742240;C0012;CL001;1219;2028-01-06 00:00:00;2028-01-14 00:00:00;2027-12-12 00:00:00;2027-12-20 00:00:00
2027-12-09 00:00:00;SO117500;C0004;CL002;841;2027-12-23 00:00:00;2027-12-14 00:00:00;2027-12-11 00:00:00;2027-12-02 00:00:00
2027-12-09 00:00:00;SO472219;C0020;VS003;974;2028-02-03 00:00:00;2028-01-25 00:00:00;2027-12-13 00:00:00;2027-12-04 00:00:00
2027-12-09 00:00:00;SO117500;C0004;VS001;792;2027-12-23 00:00:00;2027-12-29 00:00:00;2027-12-11 00:00:00;2027-12-17 00:00:00
2027-12-09 00:00:00;SO742240;C0012;AS003;1422;2028-01-06 00:00:00;2028-01-07 00:00:00;2027-12-12 00:00:00;2027-12-13 00:00:00
2027-12-09 00:00:00;SO117500;C0004;VS004;740;2027-12-23 00:00:00;2027-12-21 00:00:00;2027-12-11 00:00:00;2027-12-09 00:00:00
2027-12-09 00:00:00;SO742240;C0012;CS003;1323;2028-01-06 00:00:00;2028-01-03 00:00:00;2027-12-12 00:00:00;2027-12-09 00:00:00
2027-12-09 00:00:00;SO117500;C0004;CS003;607;2027-12-23 00:00:00;2027-12-26 00:00:00;2027-12-11 00:00:00;2027-12-14 00:00:00
2027-12-09 00:00:00;SO472219;C0020;VS004;1257;2028-02-03 00:00:00;2028-02-09 00:00:00;2027-12-13 00:00:00;2027-12-19 00:00:00
2027-12-09 00:00:00;SO817117;C0017;AS001;282;2028-02-03 00:00:00;2028-02-10 00:00:00;2027-12-13 00:00:00;2027-12-20 00:00:00
2027-12-09 00:00:00;SO817117;C0017;CS003;1286;2028-02-03 00:00:00;2028-02-06 00:00:00;2027-12-13 00:00:00;2027-12-16 00:00:00
2027-12-09 00:00:00;SO817117;C0017;CT001;913;2028-02-03 00:00:00;2028-02-02 00:00:00;2027-12-13 00:00:00;2027-12-12 00:00:00
2027-12-09 00:00:00;SO742240;C0012;AT001;1088;2028-01-06 00:00:00;2027-12-28 00:00:00;2027-12-12 00:00:00;2027-12-03 00:00:00
2027-12-09 00:00:00;SO817117;C0017;AS002;1059;2028-02-03 00:00:00;2028-01-30 00:00:00;2027-12-13 00:00:00;2027-12-09 00:00:00
2027-12-09 00:00:00;SO472219;C0020;AT001;530;2028-02-03 00:00:00;2028-02-08 00:00:00;2027-12-13 00:00:00;2027-12-18 00:00:00
2027-12-10 00:00:00;SO127451;C0014;VS003;1109;2028-01-14 00:00:00;2028-01-04 00:00:00;2027-12-14 00:00:00;2027-12-04 00:00:00
2027-12-10 00:00:00;SO395790;C0021;AT001;590;2027-12-24 00:00:00;2027-12-30 00:00:00;2027-12-14 00:00:00;2027-12-20 00:00:00
2027-12-10 00:00:00;SO506143;C0009;CL002;903;2027-12-24 00:00:00;2027-12-15 00:00:00;2027-12-13 00:00:00;2027-12-04 00:00:00
2027-12-10 00:00:00;SO127451;C0014;CL001;1313;2028-01-14 00:00:00;2028-01-19 00:00:00;2027-12-14 00:00:00;2027-12-19 00:00:00
2027-12-10 00:00:00;SO506143;C0009;AL001;314;2027-12-24 00:00:00;2027-12-14 00:00:00;2027-12-13 00:00:00;2027-12-03 00:00:00
2027-12-10 00:00:00;SO506143;C0009;VS001;912;2027-12-24 00:00:00;2027-12-22 00:00:00;2027-12-13 00:00:00;2027-12-11 00:00:00
2027-12-10 00:00:00;SO127451;C0014;AS002;639;2028-01-14 00:00:00;2028-01-21 00:00:00;2027-12-14 00:00:00;2027-12-21 00:00:00
2027-12-10 00:00:00;SO506143;C0009;AT002;973;2027-12-24 00:00:00;2027-12-20 00:00:00;2027-12-13 00:00:00;2027-12-09 00:00:00
2027-12-10 00:00:00;SO395790;C0021;VS002;614;2027-12-24 00:00:00;2027-12-16 00:00:00;2027-12-14 00:00:00;2027-12-06 00:00:00
2027-12-10 00:00:00;SO127451;C0014;AT001;301;2028-01-14 00:00:00;2028-01-23 00:00:00;2027-12-14 00:00:00;2027-12-23 00:00:00
2027-12-10 00:00:00;SO506143;C0009;VS003;1047;2027-12-24 00:00:00;2028-01-03 00:00:00;2027-12-13 00:00:00;2027-12-23 00:00:00
2027-12-10 00:00:00;SO506143;C0009;CL001;748;2027-12-24 00:00:00;2027-12-23 00:00:00;2027-12-13 00:00:00;2027-12-12 00:00:00
2027-12-10 00:00:00;SO395790;C0021;CS001;631;2027-12-24 00:00:00;2027-12-19 00:00:00;2027-12-14 00:00:00;2027-12-09 00:00:00
2027-12-10 00:00:00;SO506143;C0009;AS005;483;2027-12-24 00:00:00;2027-12-25 00:00:00;2027-12-13 00:00:00;2027-12-14 00:00:00
2027-12-13 00:00:00;SO384261;C0008;VS001;670;2028-02-07 00:00:00;2028-01-28 00:00:00;2027-12-16 00:00:00;2027-12-06 00:00:00
2027-12-13 00:00:00;SO253070;C0003;VS001;895;2028-01-24 00:00:00;2028-01-21 00:00:00;2027-12-15 00:00:00;2027-12-12 00:00:00
2027-12-13 00:00:00;SO253070;C0003;CL001;389;2028-01-24 00:00:00;2028-02-03 00:00:00;2027-12-15 00:00:00;2027-12-25 00:00:00
2027-12-13 00:00:00;SO384261;C0008;AT002;1154;2028-02-07 00:00:00;2028-02-03 00:00:00;2027-12-16 00:00:00;2027-12-12 00:00:00
2027-12-13 00:00:00;SO384261;C0008;VS003;669;2028-02-07 00:00:00;2028-02-12 00:00:00;2027-12-16 00:00:00;2027-12-21 00:00:00
2027-12-13 00:00:00;SO384261;C0008;CL002;1213;2028-02-07 00:00:00;2028-01-31 00:00:00;2027-12-16 00:00:00;2027-12-09 00:00:00
2027-12-13 00:00:00;SO384261;C0008;AL001;444;2028-02-07 00:00:00;2028-02-07 00:00:00;2027-12-16 00:00:00;2027-12-16 00:00:00
2027-12-13 00:00:00;SO384261;C0008;CL001;559;2028-02-07 00:00:00;2028-02-09 00:00:00;2027-12-16 00:00:00;2027-12-18 00:00:00
2027-12-13 00:00:00;SO253070;C0003;CT001;626;2028-01-24 00:00:00;2028-01-22 00:00:00;2027-12-15 00:00:00;2027-12-13 00:00:00
2027-12-13 00:00:00;SO253070;C0003;AL001;592;2028-01-24 00:00:00;2028-01-19 00:00:00;2027-12-15 00:00:00;2027-12-10 00:00:00
2027-12-13 00:00:00;SO384261;C0008;AS002;668;2028-02-07 00:00:00;2028-02-15 00:00:00;2027-12-16 00:00:00;2027-12-24 00:00:00
2027-12-13 00:00:00;SO253070;C0003;CS003;761;2028-01-24 00:00:00;2028-02-03 00:00:00;2027-12-15 00:00:00;2027-12-25 00:00:00
2027-12-13 00:00:00;SO384261;C0008;VS004;1001;2028-02-07 00:00:00;2028-02-15 00:00:00;2027-12-16 00:00:00;2027-12-24 00:00:00
2027-12-13 00:00:00;SO384261;C0008;CT003;561;2028-02-07 00:00:00;2028-02-01 00:00:00;2027-12-16 00:00:00;2027-12-10 00:00:00
2027-12-14 00:00:00;SO424510;C0026;VS003;665;2028-01-18 00:00:00;2028-01-19 00:00:00;2027-12-22 00:00:00;2027-12-23 00:00:00
2027-12-14 00:00:00;SO658083;C0020;VS001;404;2028-02-08 00:00:00;2028-02-16 00:00:00;2027-12-18 00:00:00;2027-12-26 00:00:00
2027-12-14 00:00:00;SO658083;C0020;CS004;1070;2028-02-08 00:00:00;2028-02-02 00:00:00;2027-12-18 00:00:00;2027-12-12 00:00:00
2027-12-14 00:00:00;SO424510;C0026;CT001;1254;2028-01-18 00:00:00;2028-01-22 00:00:00;2027-12-22 00:00:00;2027-12-26 00:00:00
2027-12-14 00:00:00;SO424510;C0026;CL001;665;2028-01-18 00:00:00;2028-01-16 00:00:00;2027-12-22 00:00:00;2027-12-20 00:00:00
2027-12-14 00:00:00;SO424510;C0026;VS001;809;2028-01-18 00:00:00;2028-01-20 00:00:00;2027-12-22 00:00:00;2027-12-24 00:00:00
2027-12-14 00:00:00;SO658083;C0020;CS001;1169;2028-02-08 00:00:00;2028-02-17 00:00:00;2027-12-18 00:00:00;2027-12-27 00:00:00
2027-12-14 00:00:00;SO424510;C0026;CS003;1282;2028-01-18 00:00:00;2028-01-14 00:00:00;2027-12-22 00:00:00;2027-12-18 00:00:00
2027-12-14 00:00:00;SO658083;C0020;AL001;930;2028-02-08 00:00:00;2028-02-12 00:00:00;2027-12-18 00:00:00;2027-12-22 00:00:00
2027-12-14 00:00:00;SO658083;C0020;CS003;728;2028-02-08 00:00:00;2028-02-18 00:00:00;2027-12-18 00:00:00;2027-12-28 00:00:00
2027-12-14 00:00:00;SO424510;C0026;AT002;1463;2028-01-18 00:00:00;2028-01-12 00:00:00;2027-12-22 00:00:00;2027-12-16 00:00:00
2027-12-14 00:00:00;SO658083;C0020;VS005;614;2028-02-08 00:00:00;2028-01-30 00:00:00;2027-12-18 00:00:00;2027-12-09 00:00:00
2027-12-14 00:00:00;SO424510;C0026;CT003;285;2028-01-18 00:00:00;2028-01-22 00:00:00;2027-12-22 00:00:00;2027-12-26 00:00:00
2027-12-14 00:00:00;SO658083;C0020;CS002;1106;2028-02-08 00:00:00;2028-02-07 00:00:00;2027-12-18 00:00:00;2027-12-17 00:00:00
2027-12-15 00:00:00;SO9000087;C0024;VS001;868;2028-01-12 00:00:00;2028-01-19 00:00:00;2027-12-19 00:00:00;2027-12-26 00:00:00
2027-12-15 00:00:00;SO564503;C0004;VS003;415;2027-12-29 00:00:00;2028-01-05 00:00:00;2027-12-17 00:00:00;2027-12-24 00:00:00
2027-12-15 00:00:00;SO255843;C0013;VS002;1329;2028-01-12 00:00:00;2028-01-14 00:00:00;2027-12-19 00:00:00;2027-12-21 00:00:00
2027-12-15 00:00:00;SO728749;C0002;VS002;344;2028-01-19 00:00:00;2028-01-29 00:00:00;2027-12-17 00:00:00;2027-12-27 00:00:00
2027-12-15 00:00:00;SO9000087;C0024;AT001;896;2028-01-12 00:00:00;2028-01-19 00:00:00;2027-12-19 00:00:00;2027-12-26 00:00:00
2027-12-15 00:00:00;SO255843;C0013;VS003;1199;2028-01-12 00:00:00;2028-01-05 00:00:00;2027-12-19 00:00:00;2027-12-12 00:00:00
2027-12-15 00:00:00;SO9000087;C0024;VS004;644;2028-01-12 00:00:00;2028-01-08 00:00:00;2027-12-19 00:00:00;2027-12-15 00:00:00
2027-12-15 00:00:00;SO564503;C0004;VS005;1054;2027-12-29 00:00:00;2027-12-27 00:00:00;2027-12-17 00:00:00;2027-12-15 00:00:00
2027-12-15 00:00:00;SO728749;C0002;CL002;787;2028-01-19 00:00:00;2028-01-09 00:00:00;2027-12-17 00:00:00;2027-12-07 00:00:00
2027-12-15 00:00:00;SO728749;C0002;CS001;485;2028-01-19 00:00:00;2028-01-10 00:00:00;2027-12-17 00:00:00;2027-12-08 00:00:00
2027-12-15 00:00:00;SO255843;C0013;AS005;1096;2028-01-12 00:00:00;2028-01-02 00:00:00;2027-12-19 00:00:00;2027-12-09 00:00:00
2027-12-15 00:00:00;SO728749;C0002;VS005;878;2028-01-19 00:00:00;2028-01-21 00:00:00;2027-12-17 00:00:00;2027-12-19 00:00:00
2027-12-16 00:00:00;SO597510;C0026;VS005;567;2028-01-20 00:00:00;2028-01-18 00:00:00;2027-12-24 00:00:00;2027-12-22 00:00:00
2027-12-16 00:00:00;SO152840;C0029;AS005;649;2028-02-10 00:00:00;2028-02-05 00:00:00;2027-12-24 00:00:00;2027-12-19 00:00:00
2027-12-16 00:00:00;SO399907;C0006;AT001;445;2028-02-17 00:00:00;2028-02-20 00:00:00;2027-12-18 00:00:00;2027-12-21 00:00:00
2027-12-16 00:00:00;SO399907;C0006;CL001;600;2028-02-17 00:00:00;2028-02-15 00:00:00;2027-12-18 00:00:00;2027-12-16 00:00:00
2027-12-16 00:00:00;SO597510;C0026;CT002;819;2028-01-20 00:00:00;2028-01-30 00:00:00;2027-12-24 00:00:00;2028-01-03 00:00:00
2027-12-16 00:00:00;SO597510;C0026;AS001;974;2028-01-20 00:00:00;2028-01-24 00:00:00;2027-12-24 00:00:00;2027-12-28 00:00:00
2027-12-16 00:00:00;SO597510;C0026;VS003;960;2028-01-20 00:00:00;2028-01-11 00:00:00;2027-12-24 00:00:00;2027-12-15 00:00:00
2027-12-16 00:00:00;SO597510;C0026;CS004;1171;2028-01-20 00:00:00;2028-01-11 00:00:00;2027-12-24 00:00:00;2027-12-15 00:00:00
2027-12-16 00:00:00;SO152840;C0029;VS002;674;2028-02-10 00:00:00;2028-02-02 00:00:00;2027-12-24 00:00:00;2027-12-16 00:00:00
2027-12-16 00:00:00;SO152840;C0029;AL001;651;2028-02-10 00:00:00;2028-02-12 00:00:00;2027-12-24 00:00:00;2027-12-26 00:00:00
2027-12-16 00:00:00;SO597510;C0026;VS001;783;2028-01-20 00:00:00;2028-01-26 00:00:00;2027-12-24 00:00:00;2027-12-30 00:00:00
2027-12-16 00:00:00;SO399907;C0006;VS004;620;2028-02-17 00:00:00;2028-02-10 00:00:00;2027-12-18 00:00:00;2027-12-11 00:00:00
2027-12-16 00:00:00;SO152840;C0029;VS004;1374;2028-02-10 00:00:00;2028-02-20 00:00:00;2027-12-24 00:00:00;2028-01-03 00:00:00
2027-12-17 00:00:00;SO389396;C0027;CS002;410;2028-01-28 00:00:00;2028-02-03 00:00:00;2027-12-25 00:00:00;2027-12-31 00:00:00
2027-12-17 00:00:00;SO757216;C0006;CS004;1188;2028-02-18 00:00:00;2028-02-10 00:00:00;2027-12-19 00:00:00;2027-12-11 00:00:00
2027-12-17 00:00:00;SO385519;C0014;VS002;528;2028-01-21 00:00:00;2028-01-23 00:00:00;2027-12-21 00:00:00;2027-12-23 00:00:00
2027-12-17 00:00:00;SO389396;C0027;CS003;975;2028-01-28 00:00:00;2028-01-18 00:00:00;2027-12-25 00:00:00;2027-12-15 00:00:00
2027-12-17 00:00:00;SO757216;C0006;AS005;476;2028-02-18 00:00:00;2028-02-13 00:00:00;2027-12-19 00:00:00;2027-12-14 00:00:00
2027-12-17 00:00:00;SO385519;C0014;CT001;595;2028-01-21 00:00:00;2028-01-31 00:00:00;2027-12-21 00:00:00;2027-12-31 00:00:00
2027-12-17 00:00:00;SO389396;C0027;AT002;367;2028-01-28 00:00:00;2028-01-25 00:00:00;2027-12-25 00:00:00;2027-12-22 00:00:00
2027-12-17 00:00:00;SO389396;C0027;VS002;727;2028-01-28 00:00:00;2028-01-21 00:00:00;2027-12-25 00:00:00;2027-12-18 00:00:00
2027-12-17 00:00:00;SO389396;C0027;CT002;464;2028-01-28 00:00:00;2028-01-29 00:00:00;2027-12-25 00:00:00;2027-12-26 00:00:00
2027-12-17 00:00:00;SO385519;C0014;CL001;968;2028-01-21 00:00:00;2028-01-21 00:00:00;2027-12-21 00:00:00;2027-12-21 00:00:00
2027-12-17 00:00:00;SO385519;C0014;CT002;569;2028-01-21 00:00:00;2028-01-11 00:00:00;2027-12-21 00:00:00;2027-12-11 00:00:00
2027-12-17 00:00:00;SO385519;C0014;AL001;820;2028-01-21 00:00:00;2028-01-20 00:00:00;2027-12-21 00:00:00;2027-12-20 00:00:00
2027-12-17 00:00:00;SO385519;C0014;CT003;393;2028-01-21 00:00:00;2028-01-25 00:00:00;2027-12-21 00:00:00;2027-12-25 00:00:00
2027-12-17 00:00:00;SO389396;C0027;CT001;876;2028-01-28 00:00:00;2028-01-25 00:00:00;2027-12-25 00:00:00;2027-12-22 00:00:00
2027-12-17 00:00:00;SO757216;C0006;VS004;538;2028-02-18 00:00:00;2028-02-10 00:00:00;2027-12-19 00:00:00;2027-12-11 00:00:00
2027-12-17 00:00:00;SO389396;C0027;VS001;683;2028-01-28 00:00:00;2028-01-29 00:00:00;2027-12-25 00:00:00;2027-12-26 00:00:00
2027-12-17 00:00:00;SO385519;C0014;CS003;1032;2028-01-21 00:00:00;2028-01-19 00:00:00;2027-12-21 00:00:00;2027-12-19 00:00:00
2027-12-20 00:00:00;SO101563;C0012;CS004;838;2028-01-17 00:00:00;2028-01-19 00:00:00;2027-12-23 00:00:00;2027-12-25 00:00:00
2027-12-20 00:00:00;SO365988;C0003;CS001;1334;2028-01-31 00:00:00;2028-01-31 00:00:00;2027-12-22 00:00:00;2027-12-22 00:00:00
2027-12-20 00:00:00;SO282166;C0005;CS004;428;2028-02-14 00:00:00;2028-02-06 00:00:00;2027-12-22 00:00:00;2027-12-14 00:00:00
2027-12-20 00:00:00;SO503067;C0007;VS001;559;2028-02-21 00:00:00;2028-02-11 00:00:00;2027-12-23 00:00:00;2027-12-13 00:00:00
2027-12-20 00:00:00;SO365988;C0003;AT001;1207;2028-01-31 00:00:00;2028-01-28 00:00:00;2027-12-22 00:00:00;2027-12-19 00:00:00
2027-12-20 00:00:00;SO101563;C0012;AS002;411;2028-01-17 00:00:00;2028-01-21 00:00:00;2027-12-23 00:00:00;2027-12-27 00:00:00
2027-12-20 00:00:00;SO365988;C0003;AS005;1015;2028-01-31 00:00:00;2028-01-21 00:00:00;2027-12-22 00:00:00;2027-12-12 00:00:00
2027-12-20 00:00:00;SO365988;C0003;AS003;529;2028-01-31 00:00:00;2028-02-07 00:00:00;2027-12-22 00:00:00;2027-12-29 00:00:00
2027-12-20 00:00:00;SO503067;C0007;AS002;728;2028-02-21 00:00:00;2028-02-16 00:00:00;2027-12-23 00:00:00;2027-12-18 00:00:00
2027-12-20 00:00:00;SO282166;C0005;AL001;1445;2028-02-14 00:00:00;2028-02-14 00:00:00;2027-12-22 00:00:00;2027-12-22 00:00:00
2027-12-20 00:00:00;SO101563;C0012;AS005;1039;2028-01-17 00:00:00;2028-01-08 00:00:00;2027-12-23 00:00:00;2027-12-14 00:00:00
2027-12-20 00:00:00;SO503067;C0007;CL001;673;2028-02-21 00:00:00;2028-02-29 00:00:00;2027-12-23 00:00:00;2027-12-31 00:00:00
2027-12-20 00:00:00;SO282166;C0005;CS001;877;2028-02-14 00:00:00;2028-02-04 00:00:00;2027-12-22 00:00:00;2027-12-12 00:00:00
2027-12-20 00:00:00;SO503067;C0007;CT001;1330;2028-02-21 00:00:00;2028-02-25 00:00:00;2027-12-23 00:00:00;2027-12-27 00:00:00
2027-12-20 00:00:00;SO282166;C0005;AS001;915;2028-02-14 00:00:00;2028-02-04 00:00:00;2027-12-22 00:00:00;2027-12-12 00:00:00
2027-12-20 00:00:00;SO365988;C0003;AS001;1168;2028-01-31 00:00:00;2028-01-25 00:00:00;2027-12-22 00:00:00;2027-12-16 00:00:00
2027-12-20 00:00:00;SO101563;C0012;CS003;656;2028-01-17 00:00:00;2028-01-09 00:00:00;2027-12-23 00:00:00;2027-12-15 00:00:00
2027-12-20 00:00:00;SO365988;C0003;CS003;392;2028-01-31 00:00:00;2028-01-23 00:00:00;2027-12-22 00:00:00;2027-12-14 00:00:00
2027-12-20 00:00:00;SO503067;C0007;VS004;387;2028-02-21 00:00:00;2028-02-24 00:00:00;2027-12-23 00:00:00;2027-12-26 00:00:00
2027-12-20 00:00:00;SO365988;C0003;AS002;962;2028-01-31 00:00:00;2028-02-07 00:00:00;2027-12-22 00:00:00;2027-12-29 00:00:00
2027-12-21 00:00:00;SO309009;C0025;AS002;746;2028-01-18 00:00:00;2028-01-23 00:00:00;2027-12-29 00:00:00;2028-01-03 00:00:00
2027-12-21 00:00:00;SO820782;C0013;CS001;626;2028-01-18 00:00:00;2028-01-14 00:00:00;2027-12-25 00:00:00;2027-12-21 00:00:00
2027-12-21 00:00:00;SO552091;C0027;CS003;1125;2028-02-01 00:00:00;2028-02-03 00:00:00;2027-12-29 00:00:00;2027-12-31 00:00:00
2027-12-21 00:00:00;SO820782;C0013;CS004;686;2028-01-18 00:00:00;2028-01-19 00:00:00;2027-12-25 00:00:00;2027-12-26 00:00:00
2027-12-21 00:00:00;SO552091;C0027;AT002;824;2028-02-01 00:00:00;2028-02-05 00:00:00;2027-12-29 00:00:00;2028-01-02 00:00:00
2027-12-21 00:00:00;SO309009;C0025;CS004;713;2028-01-18 00:00:00;2028-01-28 00:00:00;2027-12-29 00:00:00;2028-01-08 00:00:00
2027-12-21 00:00:00;SO309009;C0025;AS001;988;2028-01-18 00:00:00;2028-01-28 00:00:00;2027-12-29 00:00:00;2028-01-08 00:00:00
2027-12-21 00:00:00;SO309009;C0025;CS001;1000;2028-01-18 00:00:00;2028-01-25 00:00:00;2027-12-29 00:00:00;2028-01-05 00:00:00
2027-12-21 00:00:00;SO820782;C0013;AS001;802;2028-01-18 00:00:00;2028-01-26 00:00:00;2027-12-25 00:00:00;2028-01-02 00:00:00
2027-12-21 00:00:00;SO309009;C0025;CL001;677;2028-01-18 00:00:00;2028-01-26 00:00:00;2027-12-29 00:00:00;2028-01-06 00:00:00
2027-12-21 00:00:00;SO552091;C0027;AS001;1093;2028-02-01 00:00:00;2028-01-25 00:00:00;2027-12-29 00:00:00;2027-12-22 00:00:00
2027-12-21 00:00:00;SO820782;C0013;CS003;1413;2028-01-18 00:00:00;2028-01-14 00:00:00;2027-12-25 00:00:00;2027-12-21 00:00:00
2027-12-21 00:00:00;SO309009;C0025;CL002;448;2028-01-18 00:00:00;2028-01-24 00:00:00;2027-12-29 00:00:00;2028-01-04 00:00:00
2027-12-21 00:00:00;SO552091;C0027;VS004;701;2028-02-01 00:00:00;2028-01-22 00:00:00;2027-12-29 00:00:00;2027-12-19 00:00:00
2027-12-21 00:00:00;SO552091;C0027;VS002;1158;2028-02-01 00:00:00;2028-02-08 00:00:00;2027-12-29 00:00:00;2028-01-05 00:00:00
2027-12-21 00:00:00;SO820782;C0013;CS002;1058;2028-01-18 00:00:00;2028-01-10 00:00:00;2027-12-25 00:00:00;2027-12-17 00:00:00
2027-12-21 00:00:00;SO309009;C0025;CT002;516;2028-01-18 00:00:00;2028-01-26 00:00:00;2027-12-29 00:00:00;2028-01-06 00:00:00
2027-12-21 00:00:00;SO820782;C0013;VS005;783;2028-01-18 00:00:00;2028-01-09 00:00:00;2027-12-25 00:00:00;2027-12-16 00:00:00
2027-12-22 00:00:00;SO550844;C0028;AS005;567;2028-01-05 00:00:00;2027-12-28 00:00:00;2027-12-30 00:00:00;2027-12-22 00:00:00
2027-12-22 00:00:00;SO341092;C0004;AS001;1047;2028-01-05 00:00:00;2028-01-02 00:00:00;2027-12-24 00:00:00;2027-12-21 00:00:00
2027-12-22 00:00:00;SO536422;C0005;VS005;423;2028-02-16 00:00:00;2028-02-19 00:00:00;2027-12-24 00:00:00;2027-12-27 00:00:00
2027-12-22 00:00:00;SO445257;C0023;CT001;519;2028-01-26 00:00:00;2028-01-21 00:00:00;2027-12-26 00:00:00;2027-12-21 00:00:00
2027-12-22 00:00:00;SO550844;C0028;CS003;552;2028-01-05 00:00:00;2028-01-02 00:00:00;2027-12-30 00:00:00;2027-12-27 00:00:00
2027-12-22 00:00:00;SO341092;C0004;AL001;568;2028-01-05 00:00:00;2027-12-27 00:00:00;2027-12-24 00:00:00;2027-12-15 00:00:00
2027-12-22 00:00:00;SO550844;C0028;VS004;1037;2028-01-05 00:00:00;2028-01-10 00:00:00;2027-12-30 00:00:00;2028-01-04 00:00:00
2027-12-22 00:00:00;SO536422;C0005;AL001;617;2028-02-16 00:00:00;2028-02-09 00:00:00;2027-12-24 00:00:00;2027-12-17 00:00:00
2027-12-22 00:00:00;SO536422;C0005;CT002;1039;2028-02-16 00:00:00;2028-02-16 00:00:00;2027-12-24 00:00:00;2027-12-24 00:00:00
2027-12-22 00:00:00;SO341092;C0004;VS005;714;2028-01-05 00:00:00;2028-01-06 00:00:00;2027-12-24 00:00:00;2027-12-25 00:00:00
2027-12-22 00:00:00;SO341092;C0004;AT001;320;2028-01-05 00:00:00;2028-01-09 00:00:00;2027-12-24 00:00:00;2027-12-28 00:00:00
2027-12-22 00:00:00;SO341092;C0004;CL002;573;2028-01-05 00:00:00;2028-01-05 00:00:00;2027-12-24 00:00:00;2027-12-24 00:00:00
2027-12-22 00:00:00;SO341092;C0004;CL001;1204;2028-01-05 00:00:00;2028-01-06 00:00:00;2027-12-24 00:00:00;2027-12-25 00:00:00
2027-12-22 00:00:00;SO550844;C0028;CL002;658;2028-01-05 00:00:00;2028-01-02 00:00:00;2027-12-30 00:00:00;2027-12-27 00:00:00
2027-12-23 00:00:00;SO249041;C0029;CT001;542;2028-02-17 00:00:00;2028-02-22 00:00:00;2027-12-31 00:00:00;2028-01-05 00:00:00
2027-12-23 00:00:00;SO9000035;C0019;CS004;1382;2028-02-24 00:00:00;2028-02-15 00:00:00;2027-12-27 00:00:00;2027-12-18 00:00:00
2027-12-23 00:00:00;SO880755;C0003;VS003;463;2028-02-03 00:00:00;2028-02-07 00:00:00;2027-12-25 00:00:00;2027-12-29 00:00:00
2027-12-23 00:00:00;SO249041;C0029;AT002;1047;2028-02-17 00:00:00;2028-02-21 00:00:00;2027-12-31 00:00:00;2028-01-04 00:00:00
2027-12-23 00:00:00;SO880755;C0003;AS001;1351;2028-02-03 00:00:00;2028-02-13 00:00:00;2027-12-25 00:00:00;2028-01-04 00:00:00
2027-12-23 00:00:00;SO880755;C0003;VS004;801;2028-02-03 00:00:00;2028-02-13 00:00:00;2027-12-25 00:00:00;2028-01-04 00:00:00
2027-12-23 00:00:00;SO880755;C0003;CS002;1107;2028-02-03 00:00:00;2028-02-01 00:00:00;2027-12-25 00:00:00;2027-12-23 00:00:00
2027-12-23 00:00:00;SO249041;C0029;CT002;850;2028-02-17 00:00:00;2028-02-12 00:00:00;2027-12-31 00:00:00;2027-12-26 00:00:00
2027-12-23 00:00:00;SO880755;C0003;CL001;598;2028-02-03 00:00:00;2028-02-06 00:00:00;2027-12-25 00:00:00;2027-12-28 00:00:00
2027-12-23 00:00:00;SO9000035;C0019;CL001;929;2028-02-24 00:00:00;2028-03-01 00:00:00;2027-12-27 00:00:00;2028-01-02 00:00:00
2027-12-23 00:00:00;SO880755;C0003;CS001;402;2028-02-03 00:00:00;2028-01-28 00:00:00;2027-12-25 00:00:00;2027-12-19 00:00:00
2027-12-23 00:00:00;SO9000035;C0019;AT002;940;2028-02-24 00:00:00;2028-02-15 00:00:00;2027-12-27 00:00:00;2027-12-18 00:00:00
2027-12-23 00:00:00;SO880755;C0003;CS003;679;2028-02-03 00:00:00;2028-02-08 00:00:00;2027-12-25 00:00:00;2027-12-30 00:00:00
2027-12-23 00:00:00;SO880755;C0003;CT001;503;2028-02-03 00:00:00;2028-01-27 00:00:00;2027-12-25 00:00:00;2027-12-18 00:00:00
2027-12-23 00:00:00;SO9000035;C0019;AS001;884;2028-02-24 00:00:00;2028-02-22 00:00:00;2027-12-27 00:00:00;2027-12-25 00:00:00
2027-12-23 00:00:00;SO880755;C0003;CT002;523;2028-02-03 00:00:00;2028-02-10 00:00:00;2027-12-25 00:00:00;2028-01-01 00:00:00
2027-12-23 00:00:00;SO880755;C0003;AT002;446;2028-02-03 00:00:00;2028-02-06 00:00:00;2027-12-25 00:00:00;2027-12-28 00:00:00
2027-12-24 00:00:00;SO954857;C0014;CS002;1243;2028-01-28 00:00:00;2028-01-25 00:00:00;2027-12-28 00:00:00;2027-12-25 00:00:00
2027-12-24 00:00:00;SO302703;C0023;AS001;630;2028-01-28 00:00:00;2028-02-02 00:00:00;2027-12-28 00:00:00;2028-01-02 00:00:00
2027-12-24 00:00:00;SO201421;C0013;AS002;977;2028-01-21 00:00:00;2028-01-28 00:00:00;2027-12-28 00:00:00;2028-01-04 00:00:00
2027-12-24 00:00:00;SO125837;C0026;CS003;1281;2028-01-28 00:00:00;2028-01-19 00:00:00;2028-01-01 00:00:00;2027-12-23 00:00:00
2027-12-24 00:00:00;SO201421;C0013;CT003;511;2028-01-21 00:00:00;2028-01-11 00:00:00;2027-12-28 00:00:00;2027-12-18 00:00:00
2027-12-24 00:00:00;SO201421;C0013;CL002;1023;2028-01-21 00:00:00;2028-01-22 00:00:00;2027-12-28 00:00:00;2027-12-29 00:00:00
2027-12-24 00:00:00;SO302703;C0023;AS005;1127;2028-01-28 00:00:00;2028-01-20 00:00:00;2027-12-28 00:00:00;2027-12-20 00:00:00
2027-12-24 00:00:00;SO302703;C0023;CS003;488;2028-01-28 00:00:00;2028-01-25 00:00:00;2027-12-28 00:00:00;2027-12-25 00:00:00
2027-12-24 00:00:00;SO302703;C0023;VS003;1032;2028-01-28 00:00:00;2028-01-22 00:00:00;2027-12-28 00:00:00;2027-12-22 00:00:00
2027-12-24 00:00:00;SO125837;C0026;CL001;550;2028-01-28 00:00:00;2028-01-26 00:00:00;2028-01-01 00:00:00;2027-12-30 00:00:00
2027-12-24 00:00:00;SO125837;C0026;CL002;1216;2028-01-28 00:00:00;2028-01-28 00:00:00;2028-01-01 00:00:00;2028-01-01 00:00:00
2027-12-24 00:00:00;SO125837;C0026;CT003;1451;2028-01-28 00:00:00;2028-02-05 00:00:00;2028-01-01 00:00:00;2028-01-09 00:00:00
2027-12-24 00:00:00;SO125837;C0026;CS002;1256;2028-01-28 00:00:00;2028-01-20 00:00:00;2028-01-01 00:00:00;2027-12-24 00:00:00
2027-12-24 00:00:00;SO302703;C0023;AT002;1144;2028-01-28 00:00:00;2028-01-27 00:00:00;2027-12-28 00:00:00;2027-12-27 00:00:00
2027-12-24 00:00:00;SO302703;C0023;AL001;1451;2028-01-28 00:00:00;2028-02-01 00:00:00;2027-12-28 00:00:00;2028-01-01 00:00:00
2027-12-24 00:00:00;SO302703;C0023;CL002;528;2028-01-28 00:00:00;2028-01-21 00:00:00;2027-12-28 00:00:00;2027-12-21 00:00:00
2027-12-24 00:00:00;SO302703;C0023;CL001;845;2028-01-28 00:00:00;2028-01-18 00:00:00;2027-12-28 00:00:00;2027-12-18 00:00:00
2027-12-24 00:00:00;SO125837;C0026;CS004;820;2028-01-28 00:00:00;2028-01-31 00:00:00;2028-01-01 00:00:00;2028-01-04 00:00:00
2027-12-24 00:00:00;SO201421;C0013;AT001;488;2028-01-21 00:00:00;2028-01-20 00:00:00;2027-12-28 00:00:00;2027-12-27 00:00:00
2027-12-24 00:00:00;SO125837;C0026;AS005;1142;2028-01-28 00:00:00;2028-02-05 00:00:00;2028-01-01 00:00:00;2028-01-09 00:00:00
2027-12-27 00:00:00;SO617389;C0029;AT002;904;2028-02-21 00:00:00;2028-02-18 00:00:00;2028-01-04 00:00:00;2028-01-01 00:00:00
2027-12-27 00:00:00;SO587869;C0025;VS002;858;2028-01-24 00:00:00;2028-01-15 00:00:00;2028-01-04 00:00:00;2027-12-26 00:00:00
2027-12-27 00:00:00;SO501302;C0024;AS002;1059;2028-01-24 00:00:00;2028-01-25 00:00:00;2027-12-31 00:00:00;2028-01-01 00:00:00
2027-12-27 00:00:00;SO501302;C0024;CS003;467;2028-01-24 00:00:00;2028-01-19 00:00:00;2027-12-31 00:00:00;2027-12-26 00:00:00
2027-12-27 00:00:00;SO501302;C0024;CS002;512;2028-01-24 00:00:00;2028-01-24 00:00:00;2027-12-31 00:00:00;2027-12-31 00:00:00
2027-12-27 00:00:00;SO587869;C0025;AT001;1310;2028-01-24 00:00:00;2028-01-16 00:00:00;2028-01-04 00:00:00;2027-12-27 00:00:00
2027-12-27 00:00:00;SO501302;C0024;CT002;1132;2028-01-24 00:00:00;2028-01-22 00:00:00;2027-12-31 00:00:00;2027-12-29 00:00:00
2027-12-27 00:00:00;SO587869;C0025;CS003;1191;2028-01-24 00:00:00;2028-01-15 00:00:00;2028-01-04 00:00:00;2027-12-26 00:00:00
2027-12-27 00:00:00;SO501302;C0024;AS001;1062;2028-01-24 00:00:00;2028-01-18 00:00:00;2027-12-31 00:00:00;2027-12-25 00:00:00
2027-12-27 00:00:00;SO501302;C0024;VS002;753;2028-01-24 00:00:00;2028-01-23 00:00:00;2027-12-31 00:00:00;2027-12-30 00:00:00
2027-12-27 00:00:00;SO587869;C0025;AS003;749;2028-01-24 00:00:00;2028-01-25 00:00:00;2028-01-04 00:00:00;2028-01-05 00:00:00
2027-12-27 00:00:00;SO587869;C0025;VS004;655;2028-01-24 00:00:00;2028-01-31 00:00:00;2028-01-04 00:00:00;2028-01-11 00:00:00
2027-12-27 00:00:00;SO587869;C0025;CT001;449;2028-01-24 00:00:00;2028-01-30 00:00:00;2028-01-04 00:00:00;2028-01-10 00:00:00
2027-12-28 00:00:00;SO958349;C0030;VS005;1402;2028-02-29 00:00:00;2028-02-24 00:00:00;2028-01-05 00:00:00;2027-12-31 00:00:00
2027-12-28 00:00:00;SO427925;C0022;VS004;873;2028-02-08 00:00:00;2028-01-29 00:00:00;2028-01-01 00:00:00;2027-12-22 00:00:00
2027-12-28 00:00:00;SO958349;C0030;CS002;1154;2028-02-29 00:00:00;2028-02-24 00:00:00;2028-01-05 00:00:00;2027-12-31 00:00:00
2027-12-28 00:00:00;SO427925;C0022;AS003;935;2028-02-08 00:00:00;2028-02-12 00:00:00;2028-01-01 00:00:00;2028-01-05 00:00:00
2027-12-28 00:00:00;SO958349;C0030;CS004;1197;2028-02-29 00:00:00;2028-03-02 00:00:00;2028-01-05 00:00:00;2028-01-07 00:00:00
2027-12-28 00:00:00;SO958349;C0030;CT001;1087;2028-02-29 00:00:00;2028-02-28 00:00:00;2028-01-05 00:00:00;2028-01-04 00:00:00
2027-12-28 00:00:00;SO427925;C0022;CL001;823;2028-02-08 00:00:00;2028-02-15 00:00:00;2028-01-01 00:00:00;2028-01-08 00:00:00
2027-12-28 00:00:00;SO958349;C0030;AS001;586;2028-02-29 00:00:00;2028-03-03 00:00:00;2028-01-05 00:00:00;2028-01-08 00:00:00
2027-12-28 00:00:00;SO958349;C0030;CT002;428;2028-02-29 00:00:00;2028-03-09 00:00:00;2028-01-05 00:00:00;2028-01-14 00:00:00
2027-12-28 00:00:00;SO427925;C0022;CT003;347;2028-02-08 00:00:00;2028-02-14 00:00:00;2028-01-01 00:00:00;2028-01-07 00:00:00
2027-12-28 00:00:00;SO958349;C0030;AL001;689;2028-02-29 00:00:00;2028-03-05 00:00:00;2028-01-05 00:00:00;2028-01-10 00:00:00
2027-12-28 00:00:00;SO427925;C0022;CS004;950;2028-02-08 00:00:00;2028-02-08 00:00:00;2028-01-01 00:00:00;2028-01-01 00:00:00
2027-12-28 00:00:00;SO958349;C0030;CT003;671;2028-02-29 00:00:00;2028-02-21 00:00:00;2028-01-05 00:00:00;2027-12-28 00:00:00
2027-12-28 00:00:00;SO427925;C0022;AS002;600;2028-02-08 00:00:00;2028-02-07 00:00:00;2028-01-01 00:00:00;2027-12-31 00:00:00
2027-12-28 00:00:00;SO427925;C0022;VS003;545;2028-02-08 00:00:00;2028-01-30 00:00:00;2028-01-01 00:00:00;2027-12-23 00:00:00
2027-12-28 00:00:00;SO958349;C0030;CS001;1176;2028-02-29 00:00:00;2028-03-08 00:00:00;2028-01-05 00:00:00;2028-01-13 00:00:00
2027-12-28 00:00:00;SO958349;C0030;AS002;436;2028-02-29 00:00:00;2028-03-06 00:00:00;2028-01-05 00:00:00;2028-01-11 00:00:00
2027-12-28 00:00:00;SO427925;C0022;CS002;1047;2028-02-08 00:00:00;2028-02-01 00:00:00;2028-01-01 00:00:00;2027-12-25 00:00:00
2027-12-28 00:00:00;SO958349;C0030;AS003;1043;2028-02-29 00:00:00;2028-02-19 00:00:00;2028-01-05 00:00:00;2027-12-26 00:00:00
2027-12-28 00:00:00;SO427925;C0022;AL001;498;2028-02-08 00:00:00;2028-01-30 00:00:00;2028-01-01 00:00:00;2027-12-23 00:00:00
2027-12-29 00:00:00;SO144761;C0005;CT001;837;2028-02-23 00:00:00;2028-02-22 00:00:00;2027-12-31 00:00:00;2027-12-30 00:00:00
2027-12-29 00:00:00;SO440721;C0007;CS003;1106;2028-03-01 00:00:00;2028-02-29 00:00:00;2028-01-01 00:00:00;2027-12-31 00:00:00
2027-12-29 00:00:00;SO117215;C0021;VS005;362;2028-01-12 00:00:00;2028-01-20 00:00:00;2028-01-02 00:00:00;2028-01-10 00:00:00
2027-12-29 00:00:00;SO549998;C0017;AS003;820;2028-02-23 00:00:00;2028-02-13 00:00:00;2028-01-02 00:00:00;2027-12-23 00:00:00
2027-12-29 00:00:00;SO440721;C0007;VS005;1147;2028-03-01 00:00:00;2028-02-21 00:00:00;2028-01-01 00:00:00;2027-12-23 00:00:00
2027-12-29 00:00:00;SO117215;C0021;VS004;691;2028-01-12 00:00:00;2028-01-20 00:00:00;2028-01-02 00:00:00;2028-01-10 00:00:00
2027-12-29 00:00:00;SO440721;C0007;CS002;788;2028-03-01 00:00:00;2028-02-24 00:00:00;2028-01-01 00:00:00;2027-12-26 00:00:00
2027-12-29 00:00:00;SO440721;C0007;CL001;709;2028-03-01 00:00:00;2028-02-21 00:00:00;2028-01-01 00:00:00;2027-12-23 00:00:00
2027-12-29 00:00:00;SO549998;C0017;CS004;894;2028-02-23 00:00:00;2028-02-23 00:00:00;2028-01-02 00:00:00;2028-01-02 00:00:00
2027-12-29 00:00:00;SO549998;C0017;CT002;424;2028-02-23 00:00:00;2028-02-28 00:00:00;2028-01-02 00:00:00;2028-01-07 00:00:00
2027-12-29 00:00:00;SO440721;C0007;AL001;1308;2028-03-01 00:00:00;2028-02-23 00:00:00;2028-01-01 00:00:00;2027-12-25 00:00:00
2027-12-29 00:00:00;SO117215;C0021;AT002;402;2028-01-12 00:00:00;2028-01-07 00:00:00;2028-01-02 00:00:00;2027-12-28 00:00:00
2027-12-29 00:00:00;SO144761;C0005;CT002;854;2028-02-23 00:00:00;2028-02-26 00:00:00;2027-12-31 00:00:00;2028-01-03 00:00:00
2027-12-29 00:00:00;SO440721;C0007;CT001;983;2028-03-01 00:00:00;2028-02-22 00:00:00;2028-01-01 00:00:00;2027-12-24 00:00:00
2027-12-29 00:00:00;SO549998;C0017;AT001;993;2028-02-23 00:00:00;2028-02-17 00:00:00;2028-01-02 00:00:00;2027-12-27 00:00:00
2027-12-29 00:00:00;SO117215;C0021;CL002;793;2028-01-12 00:00:00;2028-01-09 00:00:00;2028-01-02 00:00:00;2027-12-30 00:00:00
2027-12-29 00:00:00;SO440721;C0007;CT003;1208;2028-03-01 00:00:00;2028-03-10 00:00:00;2028-01-01 00:00:00;2028-01-10 00:00:00
2027-12-29 00:00:00;SO549998;C0017;AS002;539;2028-02-23 00:00:00;2028-02-17 00:00:00;2028-01-02 00:00:00;2027-12-27 00:00:00
2027-12-30 00:00:00;SO342242;C0006;CT002;806;2028-03-02 00:00:00;2028-03-09 00:00:00;2028-01-01 00:00:00;2028-01-08 00:00:00
2027-12-30 00:00:00;SO747317;C0001;VS001;1078;2028-01-27 00:00:00;2028-01-24 00:00:00;2028-01-01 00:00:00;2027-12-29 00:00:00
2027-12-30 00:00:00;SO934697;C0026;CL001;847;2028-02-03 00:00:00;2028-02-04 00:00:00;2028-01-07 00:00:00;2028-01-08 00:00:00
2027-12-30 00:00:00;SO934697;C0026;AT002;480;2028-02-03 00:00:00;2028-02-11 00:00:00;2028-01-07 00:00:00;2028-01-15 00:00:00
2027-12-30 00:00:00;SO747317;C0001;CS001;983;2028-01-27 00:00:00;2028-01-27 00:00:00;2028-01-01 00:00:00;2028-01-01 00:00:00
2027-12-30 00:00:00;SO934697;C0026;CS001;631;2028-02-03 00:00:00;2028-02-03 00:00:00;2028-01-07 00:00:00;2028-01-07 00:00:00
2027-12-30 00:00:00;SO934697;C0026;VS004;543;2028-02-03 00:00:00;2028-02-02 00:00:00;2028-01-07 00:00:00;2028-01-06 00:00:00
2027-12-30 00:00:00;SO342242;C0006;AT002;758;2028-03-02 00:00:00;2028-03-09 00:00:00;2028-01-01 00:00:00;2028-01-08 00:00:00
2027-12-30 00:00:00;SO747317;C0001;AS003;417;2028-01-27 00:00:00;2028-01-17 00:00:00;2028-01-01 00:00:00;2027-12-22 00:00:00
2027-12-30 00:00:00;SO747317;C0001;CT003;1189;2028-01-27 00:00:00;2028-01-24 00:00:00;2028-01-01 00:00:00;2027-12-29 00:00:00
2027-12-30 00:00:00;SO934697;C0026;AS005;1144;2028-02-03 00:00:00;2028-01-29 00:00:00;2028-01-07 00:00:00;2028-01-02 00:00:00
2027-12-30 00:00:00;SO747317;C0001;CS003;620;2028-01-27 00:00:00;2028-02-03 00:00:00;2028-01-01 00:00:00;2028-01-08 00:00:00
2027-12-30 00:00:00;SO747317;C0001;CL002;528;2028-01-27 00:00:00;2028-01-19 00:00:00;2028-01-01 00:00:00;2027-12-24 00:00:00
2027-12-30 00:00:00;SO342242;C0006;AT001;790;2028-03-02 00:00:00;2028-03-09 00:00:00;2028-01-01 00:00:00;2028-01-08 00:00:00
2027-12-30 00:00:00;SO747317;C0001;AS001;642;2028-01-27 00:00:00;2028-02-06 00:00:00;2028-01-01 00:00:00;2028-01-11 00:00:00
2027-12-31 00:00:00;SO699464;C0015;AT002;981;2028-02-11 00:00:00;2028-02-14 00:00:00;2028-01-04 00:00:00;2028-01-07 00:00:00
2027-12-31 00:00:00;SO409667;C0014;AT002;309;2028-02-04 00:00:00;2028-01-26 00:00:00;2028-01-04 00:00:00;2027-12-26 00:00:00
2027-12-31 00:00:00;SO699464;C0015;AS002;1164;2028-02-11 00:00:00;2028-02-14 00:00:00;2028-01-04 00:00:00;2028-01-07 00:00:00
2027-12-31 00:00:00;SO409667;C0014;VS002;744;2028-02-04 00:00:00;2028-02-01 00:00:00;2028-01-04 00:00:00;2028-01-01 00:00:00
2027-12-31 00:00:00;SO699464;C0015;AL001;794;2028-02-11 00:00:00;2028-02-02 00:00:00;2028-01-04 00:00:00;2027-12-26 00:00:00
2027-12-31 00:00:00;SO699464;C0015;VS001;313;2028-02-11 00:00:00;2028-02-17 00:00:00;2028-01-04 00:00:00;2028-01-10 00:00:00
2027-12-31 00:00:00;SO409667;C0014;AT001;1128;2028-02-04 00:00:00;2028-02-03 00:00:00;2028-01-04 00:00:00;2028-01-03 00:00:00
2027-12-31 00:00:00;SO409667;C0014;CS003;1250;2028-02-04 00:00:00;2028-02-12 00:00:00;2028-01-04 00:00:00;2028-01-12 00:00:00
2027-12-31 00:00:00;SO699464;C0015;AS001;973;2028-02-11 00:00:00;2028-02-07 00:00:00;2028-01-04 00:00:00;2027-12-31 00:00:00
2027-12-31 00:00:00;SO699464;C0015;VS005;1247;2028-02-11 00:00:00;2028-02-13 00:00:00;2028-01-04 00:00:00;2028-01-06 00:00:00
2027-12-31 00:00:00;SO409667;C0014;CS004;602;2028-02-04 00:00:00;2028-02-03 00:00:00;2028-01-04 00:00:00;2028-01-03 00:00:00
2027-12-31 00:00:00;SO409667;C0014;CL002;829;2028-02-04 00:00:00;2028-02-08 00:00:00;2028-01-04 00:00:00;2028-01-08 00:00:00
2027-12-31 00:00:00;SO699464;C0015;VS004;627;2028-02-11 00:00:00;2028-02-10 00:00:00;2028-01-04 00:00:00;2028-01-03 00:00:00
2027-12-31 00:00:00;SO409667;C0014;CS002;1059;2028-02-04 00:00:00;2028-01-29 00:00:00;2028-01-04 00:00:00;2027-12-29 00:00:00
2027-12-31 00:00:00;SO699464;C0015;CS001;834;2028-02-11 00:00:00;2028-02-10 00:00:00;2028-01-04 00:00:00;2028-01-03 00:00:00
